{
  "tag": "baseline",
  "utc": "2026-07-19T16:46:39+00:00",
  "python": "3.11.0",
  "folds": {
    "N2": {
      "n_cells": 21,
      "dage_mae_model": 21.79364487386885,
      "dage_mae_ridge": 21.586128418611665,
      "level_shift_model": 15.024620771408081,
      "level_shift_ridge": 20.10666054578034,
      "rank_res": 0.7420588375449694,
      "rank_model_dage": 0.9103896103896105,
      "rank_ridge_dage": 0.9571428571428571,
      "fate_prauc": null,
      "fate_roc": null,
      "fate_ece": null,
      "fate_ece_platt": null,
      "res_median": 0.0,
      "res_max": 0.00031321046261206635,
      "res_approvals": 0,
      "res_approvals_oracle": 0,
      "conformal_coverage": 0.0,
      "conformal_level": 0.9,
      "conformal_width": 13.771987915039062,
      "ood_rate": 0.47619047619047616
    },
    "N3": {
      "n_cells": 21,
      "dage_mae_model": 29.694953328087216,
      "dage_mae_ridge": 26.27081210817435,
      "level_shift_model": -28.34590446949005,
      "level_shift_ridge": -24.39696001664309,
      "rank_res": 0.8037801775298061,
      "rank_model_dage": 0.9090909090909091,
      "rank_ridge_dage": 0.9246753246753248,
      "fate_prauc": 0.997076023391813,
      "fate_roc": 0.9814814814814815,
      "fate_ece": 0.2749650918302082,
      "fate_ece_platt": 0.14520455477042704,
      "res_median": 0.0,
      "res_max": 0.11886989992041101,
      "res_approvals": 2,
      "res_approvals_oracle": 0,
      "conformal_coverage": 0.0,
      "conformal_level": 0.9,
      "conformal_width": 18.573989868164062,
      "ood_rate": 0.19047619047619047
    },
    "O1": {
      "n_cells": 21,
      "dage_mae_model": 5.387582537673769,
      "dage_mae_ridge": 8.254697472869784,
      "level_shift_model": 0.6397562026977539,
      "level_shift_ridge": 5.715638041102693,
      "rank_res": 0.6837660821546473,
      "rank_model_dage": 0.9896103896103896,
      "rank_ridge_dage": 0.9597402597402598,
      "fate_prauc": 1.0,
      "fate_roc": 1.0,
      "fate_ece": 0.31565279620034353,
      "fate_ece_platt": 0.14730586498578668,
      "res_median": 0.0,
      "res_max": 0.00018706172310422334,
      "res_approvals": 0,
      "res_approvals_oracle": 0,
      "conformal_coverage": 0.8095238095238095,
      "conformal_level": 0.9,
      "conformal_width": 19.36736297607422,
      "ood_rate": 0.19047619047619047
    },
    "O2": {
      "n_cells": 21,
      "dage_mae_model": 7.5350338107063655,
      "dage_mae_ridge": 9.306495749389805,
      "level_shift_model": 6.556873321533203,
      "level_shift_ridge": 13.037461170788468,
      "rank_res": 0.5070989554804374,
      "rank_model_dage": 0.9701298701298702,
      "rank_ridge_dage": 0.9519480519480519,
      "fate_prauc": 1.0,
      "fate_roc": 1.0,
      "fate_ece": 0.27146886005288073,
      "fate_ece_platt": 0.09905983492091686,
      "res_median": 0.0,
      "res_max": 1.8598049696607845e-08,
      "res_approvals": 0,
      "res_approvals_oracle": 0,
      "conformal_coverage": 0.6666666666666666,
      "conformal_level": 0.9,
      "conformal_width": 19.03630828857422,
      "ood_rate": 0.23809523809523808
    },
    "Y1": {
      "n_cells": 19,
      "dage_mae_model": 7.279059043056087,
      "dage_mae_ridge": 6.444780414928409,
      "level_shift_model": -8.133587837219238,
      "level_shift_ridge": -4.274542649071009,
      "rank_res": 0.7059037189986095,
      "rank_model_dage": 0.9596491228070174,
      "rank_ridge_dage": 0.9508771929824561,
      "fate_prauc": 0.9606060606060607,
      "fate_roc": 0.9318181818181819,
      "fate_ece": 0.2712849817777935,
      "fate_ece_platt": 0.24338810485825862,
      "res_median": 0.0,
      "res_max": 1.1928449958863568e-05,
      "res_approvals": 0,
      "res_approvals_oracle": 0,
      "conformal_coverage": 0.7368421052631579,
      "conformal_level": 0.9,
      "conformal_width": 16.809494018554688,
      "ood_rate": 0.21052631578947367
    },
    "Y2": {
      "n_cells": 21,
      "dage_mae_model": 14.056665602184477,
      "dage_mae_ridge": 12.447786844125831,
      "level_shift_model": -20.01716136932373,
      "level_shift_ridge": -8.80635782519235,
      "rank_res": 0.674295637803475,
      "rank_model_dage": 0.9467532467532468,
      "rank_ridge_dage": 0.9831168831168832,
      "fate_prauc": 1.0,
      "fate_roc": 1.0,
      "fate_ece": 0.2696670797609147,
      "fate_ece_platt": 0.13241828019086946,
      "res_median": 0.0,
      "res_max": 0.06637620699722181,
      "res_approvals": 1,
      "res_approvals_oracle": 0,
      "conformal_coverage": 0.19047619047619047,
      "conformal_level": 0.9,
      "conformal_width": 18.74513816833496,
      "ood_rate": 0.3333333333333333
    }
  }
}