{
  "n_members": 5,
  "n_train": 33688,
  "n_val": 4406,
  "n_calib": 4490,
  "val_loss_mean": 7.582273094707114,
  "val_loss_per_member": [
    7.629702886234237,
    7.607527002550178,
    7.597119274650224,
    7.5111947819367355,
    7.565821528164192
  ],
  "temperature": 0.5395875470115747,
  "conformal_q": {
    "0.9": 9.286994934082031
  },
  "nll_before_temp": 0.6996150985633632,
  "nll_after_temp": 0.6369342522650879,
  "ece_before_temp": 0.278958048453344,
  "ece_after_temp": 0.1430920291856046,
  "conformal_coverage_calib": 0.9002227171492205
}