{
  "schema_version": "1.0",
  "done": {
    "reprogramming:HFF:b0": {
      "n": 943,
      "ts": 1783694963.505033
    },
    "reprogramming:HFF:b1": {
      "n": 949,
      "ts": 1783694965.3311303
    },
    "reprogramming:HFF:b2": {
      "n": 929,
      "ts": 1783694967.117772
    },
    "reprogramming:HFF:b3": {
      "n": 945,
      "ts": 1783694968.8824627
    },
    "reprogramming:HFF:b4": {
      "n": 951,
      "ts": 1783694970.788002
    },
    "reprogramming:HFF:b5": {
      "n": 942,
      "ts": 1783694972.6071382
    },
    "reprogramming:HFF:b6": {
      "n": 954,
      "ts": 1783694974.591979
    },
    "reprogramming:HFF:b7": {
      "n": 950,
      "ts": 1783694976.4748702
    },
    "reprogramming:HFF:b8": {
      "n": 952,
      "ts": 1783694978.2842739
    },
    "reprogramming:HFF:b9": {
      "n": 945,
      "ts": 1783694980.1992002
    },
    "reprogramming:HFF:b10": {
      "n": 954,
      "ts": 1783694982.1178935
    },
    "reprogramming:HFF:b11": {
      "n": 953,
      "ts": 1783694983.9753206
    },
    "reprogramming:HFF:b12": {
      "n": 945,
      "ts": 1783694985.7556758
    },
    "reprogramming:HFF:b13": {
      "n": 945,
      "ts": 1783694987.6389608
    },
    "reprogramming:HFF:b14": {
      "n": 952,
      "ts": 1783694989.454381
    },
    "reprogramming:HFF:b15": {
      "n": 935,
      "ts": 1783694991.242753
    },
    "reprogramming:HFF:b16": {
      "n": 949,
      "ts": 1783694993.010727
    },
    "reprogramming:HFF:b17": {
      "n": 953,
      "ts": 1783694994.8703418
    },
    "reprogramming:HFF:b18": {
      "n": 924,
      "ts": 1783694996.6220508
    },
    "reprogramming:HFF:b19": {
      "n": 947,
      "ts": 1783694998.394307
    },
    "reprogramming:HFF:b20": {
      "n": 937,
      "ts": 1783695000.2514634
    },
    "reprogramming:HFF:b21": {
      "n": 944,
      "ts": 1783695002.043461
    },
    "reprogramming:HFF:b22": {
      "n": 949,
      "ts": 1783695003.969169
    },
    "reprogramming:HFF:b23": {
      "n": 939,
      "ts": 1783695005.7237155
    },
    "reprogramming:HFF:b24": {
      "n": 937,
      "ts": 1783695007.4858997
    },
    "reprogramming:HFF:b25": {
      "n": 934,
      "ts": 1783695009.2538624
    },
    "reprogramming:HFF:b26": {
      "n": 949,
      "ts": 1783695011.0854046
    },
    "reprogramming:HFF:b27": {
      "n": 949,
      "ts": 1783695012.8988407
    },
    "reprogramming:HFF:b28": {
      "n": 942,
      "ts": 1783695014.6745374
    },
    "reprogramming:HFF:b29": {
      "n": 945,
      "ts": 1783695016.5105455
    },
    "reprogramming:HFF:b30": {
      "n": 953,
      "ts": 1783695018.3858547
    },
    "reprogramming:HFF:b31": {
      "n": 947,
      "ts": 1783695020.1740916
    },
    "reprogramming:HFF:b32": {
      "n": 928,
      "ts": 1783695021.9763963
    },
    "reprogramming:HFF:b33": {
      "n": 942,
      "ts": 1783695023.7818253
    },
    "reprogramming:HFF:b34": {
      "n": 942,
      "ts": 1783695025.545084
    },
    "reprogramming:HFF:b35": {
      "n": 940,
      "ts": 1783695027.398677
    },
    "reprogramming:HFF:b36": {
      "n": 931,
      "ts": 1783695029.239943
    },
    "reprogramming:HFF:b37": {
      "n": 952,
      "ts": 1783695031.0790553
    },
    "reprogramming:HFF:b38": {
      "n": 940,
      "ts": 1783695032.97196
    },
    "reprogramming:HFF:b39": {
      "n": 942,
      "ts": 1783695035.034229
    },
    "reprogramming:HFF:b40": {
      "n": 938,
      "ts": 1783695036.8050194
    },
    "reprogramming:HFF:b41": {
      "n": 949,
      "ts": 1783695038.66077
    },
    "reprogramming:HFF:b42": {
      "n": 948,
      "ts": 1783695040.4959989
    },
    "reprogramming:HFF:b43": {
      "n": 943,
      "ts": 1783695042.281352
    },
    "reprogramming:HFF:b44": {
      "n": 944,
      "ts": 1783695044.1072512
    },
    "reprogramming:N2": {
      "n": 21,
      "ts": 1783695044.3527558
    },
    "reprogramming:N3": {
      "n": 21,
      "ts": 1783695044.5406687
    },
    "reprogramming:O1": {
      "n": 21,
      "ts": 1783695044.7483258
    },
    "reprogramming:O2": {
      "n": 21,
      "ts": 1783695044.9445274
    },
    "reprogramming:Y1": {
      "n": 19,
      "ts": 1783695045.1210637
    },
    "reprogramming:Y2": {
      "n": 21,
      "ts": 1783695045.3443172
    }
  },
  "failed": {}
}