{
  "n_members": 5,
  "n_train": 9108,
  "n_val": 1270,
  "n_calib": 1359,
  "val_loss_mean": 12.80544257396788,
  "val_loss_per_member": [
    12.788820942555825,
    12.701721793647826,
    12.880178142157126,
    12.812388375049501,
    12.844103616429127
  ],
  "temperature": 0.5803176590064616,
  "conformal_q": {
    "0.9": 15.58224868774414
  },
  "nll_before_temp": 0.44792505075605094,
  "nll_after_temp": 0.3971510778290984,
  "ece_before_temp": 0.14884610668880727,
  "ece_after_temp": 0.06410841383333278,
  "conformal_coverage_calib": 0.9006622516556292
}