{
  "n_members": 5,
  "n_train": 33688,
  "n_val": 4406,
  "n_calib": 4490,
  "val_loss_mean": 7.817079781382072,
  "val_loss_per_member": [
    7.817597781426788,
    7.845058818649174,
    7.776807412308993,
    7.84636487194586,
    7.799570022579545
  ],
  "temperature": 0.5405857047768825,
  "conformal_q": {
    "0.9": 9.37256908416748
  },
  "nll_before_temp": 0.6971020383374619,
  "nll_after_temp": 0.6333414304129359,
  "ece_before_temp": 0.2801360993075793,
  "ece_after_temp": 0.1418334174862354,
  "conformal_coverage_calib": 0.9002227171492205
}