{
  "schema_version": "1.0",
  "done": {
    "reprogramming:HFF:b0": {
      "n": 943,
      "ts": 1783616317.9147828
    },
    "reprogramming:HFF:b1": {
      "n": 949,
      "ts": 1783616319.6394527
    },
    "reprogramming:HFF:b2": {
      "n": 929,
      "ts": 1783616321.2087913
    },
    "reprogramming:HFF:b3": {
      "n": 945,
      "ts": 1783616322.8285978
    },
    "reprogramming:HFF:b4": {
      "n": 951,
      "ts": 1783616324.601991
    },
    "reprogramming:HFF:b5": {
      "n": 942,
      "ts": 1783616326.201303
    },
    "reprogramming:HFF:b6": {
      "n": 954,
      "ts": 1783616327.817802
    },
    "reprogramming:HFF:b7": {
      "n": 950,
      "ts": 1783616329.4162054
    },
    "reprogramming:HFF:b8": {
      "n": 952,
      "ts": 1783616331.0021005
    },
    "reprogramming:HFF:b9": {
      "n": 945,
      "ts": 1783616332.5706828
    },
    "reprogramming:HFF:b10": {
      "n": 954,
      "ts": 1783616334.2188556
    },
    "reprogramming:HFF:b11": {
      "n": 953,
      "ts": 1783616335.8678732
    },
    "reprogramming:HFF:b12": {
      "n": 945,
      "ts": 1783616337.4656632
    },
    "reprogramming:HFF:b13": {
      "n": 945,
      "ts": 1783616339.1322262
    },
    "reprogramming:HFF:b14": {
      "n": 952,
      "ts": 1783616340.7609
    },
    "reprogramming:HFF:b15": {
      "n": 935,
      "ts": 1783616342.3980002
    },
    "reprogramming:HFF:b16": {
      "n": 949,
      "ts": 1783616343.9653735
    },
    "reprogramming:HFF:b17": {
      "n": 953,
      "ts": 1783616345.6317997
    },
    "reprogramming:HFF:b18": {
      "n": 924,
      "ts": 1783616347.2036457
    },
    "reprogramming:HFF:b19": {
      "n": 947,
      "ts": 1783616348.9113674
    },
    "reprogramming:HFF:b20": {
      "n": 937,
      "ts": 1783616350.4585369
    },
    "reprogramming:HFF:b21": {
      "n": 944,
      "ts": 1783616352.1547093
    },
    "reprogramming:HFF:b22": {
      "n": 949,
      "ts": 1783616353.7371957
    },
    "reprogramming:HFF:b23": {
      "n": 939,
      "ts": 1783616355.4294028
    },
    "reprogramming:HFF:b24": {
      "n": 937,
      "ts": 1783616357.0792315
    },
    "reprogramming:HFF:b25": {
      "n": 934,
      "ts": 1783616358.6959205
    },
    "reprogramming:HFF:b26": {
      "n": 949,
      "ts": 1783616360.263284
    },
    "reprogramming:HFF:b27": {
      "n": 949,
      "ts": 1783616361.8878138
    },
    "reprogramming:HFF:b28": {
      "n": 942,
      "ts": 1783616363.4716382
    },
    "reprogramming:HFF:b29": {
      "n": 945,
      "ts": 1783616365.1457732
    },
    "reprogramming:HFF:b30": {
      "n": 953,
      "ts": 1783616366.6807709
    },
    "reprogramming:HFF:b31": {
      "n": 947,
      "ts": 1783616368.3299417
    },
    "reprogramming:HFF:b32": {
      "n": 928,
      "ts": 1783616369.9148576
    },
    "reprogramming:HFF:b33": {
      "n": 942,
      "ts": 1783616371.5867102
    },
    "reprogramming:HFF:b34": {
      "n": 942,
      "ts": 1783616373.3134234
    },
    "reprogramming:HFF:b35": {
      "n": 940,
      "ts": 1783616375.096861
    },
    "reprogramming:HFF:b36": {
      "n": 931,
      "ts": 1783616376.5978851
    },
    "reprogramming:HFF:b37": {
      "n": 952,
      "ts": 1783616378.2406027
    },
    "reprogramming:HFF:b38": {
      "n": 940,
      "ts": 1783616379.7959647
    },
    "reprogramming:HFF:b39": {
      "n": 942,
      "ts": 1783616381.4096107
    },
    "reprogramming:HFF:b40": {
      "n": 938,
      "ts": 1783616383.1241376
    },
    "reprogramming:HFF:b41": {
      "n": 949,
      "ts": 1783616384.8407679
    },
    "reprogramming:HFF:b42": {
      "n": 948,
      "ts": 1783616386.500496
    },
    "reprogramming:HFF:b43": {
      "n": 943,
      "ts": 1783616388.1151493
    },
    "reprogramming:HFF:b44": {
      "n": 944,
      "ts": 1783616389.7237942
    },
    "reprogramming:N2": {
      "n": 21,
      "ts": 1783616389.8967507
    },
    "reprogramming:N3": {
      "n": 21,
      "ts": 1783616390.0972779
    },
    "reprogramming:O1": {
      "n": 21,
      "ts": 1783616390.3047388
    },
    "reprogramming:O2": {
      "n": 21,
      "ts": 1783616390.5170543
    },
    "reprogramming:Y1": {
      "n": 19,
      "ts": 1783616390.6953394
    },
    "reprogramming:Y2": {
      "n": 21,
      "ts": 1783616390.882148
    }
  },
  "failed": {}
}