{
  "schema_version": "1.0",
  "done": {
    "reprogramming:HFF:b0": {
      "n": 943,
      "ts": 1783705366.53102
    },
    "reprogramming:HFF:b1": {
      "n": 949,
      "ts": 1783705368.956219
    },
    "reprogramming:HFF:b2": {
      "n": 929,
      "ts": 1783705371.424897
    },
    "reprogramming:HFF:b3": {
      "n": 945,
      "ts": 1783705373.4235125
    },
    "reprogramming:HFF:b4": {
      "n": 951,
      "ts": 1783705375.3155472
    },
    "reprogramming:HFF:b5": {
      "n": 942,
      "ts": 1783705377.172693
    },
    "reprogramming:HFF:b6": {
      "n": 954,
      "ts": 1783705381.093747
    },
    "reprogramming:HFF:b7": {
      "n": 950,
      "ts": 1783705383.023269
    },
    "reprogramming:HFF:b8": {
      "n": 952,
      "ts": 1783705384.919432
    },
    "reprogramming:HFF:b9": {
      "n": 945,
      "ts": 1783705386.7631207
    },
    "reprogramming:HFF:b10": {
      "n": 954,
      "ts": 1783705388.5611174
    },
    "reprogramming:HFF:b11": {
      "n": 953,
      "ts": 1783705390.4875746
    },
    "reprogramming:HFF:b12": {
      "n": 945,
      "ts": 1783705392.3080277
    },
    "reprogramming:HFF:b13": {
      "n": 945,
      "ts": 1783705394.1197865
    },
    "reprogramming:HFF:b14": {
      "n": 952,
      "ts": 1783705395.8799996
    },
    "reprogramming:HFF:b15": {
      "n": 935,
      "ts": 1783705397.7835083
    },
    "reprogramming:HFF:b16": {
      "n": 949,
      "ts": 1783705399.5315492
    },
    "reprogramming:HFF:b17": {
      "n": 953,
      "ts": 1783705401.4393332
    },
    "reprogramming:HFF:b18": {
      "n": 924,
      "ts": 1783705403.3055532
    },
    "reprogramming:HFF:b19": {
      "n": 947,
      "ts": 1783705405.194429
    },
    "reprogramming:HFF:b20": {
      "n": 937,
      "ts": 1783705407.022721
    },
    "reprogramming:HFF:b21": {
      "n": 944,
      "ts": 1783705408.9471698
    },
    "reprogramming:HFF:b22": {
      "n": 949,
      "ts": 1783705410.7794976
    },
    "reprogramming:HFF:b23": {
      "n": 939,
      "ts": 1783705412.7680435
    },
    "reprogramming:HFF:b24": {
      "n": 937,
      "ts": 1783705414.5849695
    },
    "reprogramming:HFF:b25": {
      "n": 934,
      "ts": 1783705416.422384
    },
    "reprogramming:HFF:b26": {
      "n": 949,
      "ts": 1783705418.4071383
    },
    "reprogramming:HFF:b27": {
      "n": 949,
      "ts": 1783705420.3349254
    },
    "reprogramming:HFF:b28": {
      "n": 942,
      "ts": 1783705422.2663143
    },
    "reprogramming:HFF:b29": {
      "n": 945,
      "ts": 1783705424.1258318
    },
    "reprogramming:HFF:b30": {
      "n": 953,
      "ts": 1783705426.070597
    },
    "reprogramming:HFF:b31": {
      "n": 947,
      "ts": 1783705427.924575
    },
    "reprogramming:HFF:b32": {
      "n": 928,
      "ts": 1783705429.8230853
    },
    "reprogramming:HFF:b33": {
      "n": 942,
      "ts": 1783705431.6614573
    },
    "reprogramming:HFF:b34": {
      "n": 942,
      "ts": 1783705433.4754899
    },
    "reprogramming:HFF:b35": {
      "n": 940,
      "ts": 1783705435.2840683
    },
    "reprogramming:HFF:b36": {
      "n": 931,
      "ts": 1783705437.200696
    },
    "reprogramming:HFF:b37": {
      "n": 952,
      "ts": 1783705439.0629046
    },
    "reprogramming:HFF:b38": {
      "n": 940,
      "ts": 1783705440.8421843
    },
    "reprogramming:HFF:b39": {
      "n": 942,
      "ts": 1783705442.7918189
    },
    "reprogramming:HFF:b40": {
      "n": 938,
      "ts": 1783705444.7841444
    },
    "reprogramming:HFF:b41": {
      "n": 949,
      "ts": 1783705446.9997666
    },
    "reprogramming:HFF:b42": {
      "n": 948,
      "ts": 1783705448.9732878
    },
    "reprogramming:HFF:b43": {
      "n": 943,
      "ts": 1783705450.8705583
    },
    "reprogramming:HFF:b44": {
      "n": 944,
      "ts": 1783705452.9277751
    },
    "reprogramming:N2": {
      "n": 21,
      "ts": 1783705453.1872675
    },
    "reprogramming:N3": {
      "n": 21,
      "ts": 1783705453.3818355
    },
    "reprogramming:O1": {
      "n": 21,
      "ts": 1783705453.5711098
    },
    "reprogramming:O2": {
      "n": 21,
      "ts": 1783705453.7651455
    },
    "reprogramming:Y1": {
      "n": 19,
      "ts": 1783705453.9815586
    },
    "reprogramming:Y2": {
      "n": 21,
      "ts": 1783705454.2001855
    }
  },
  "failed": {}
}