{
  "schema_version": "1.0",
  "done": {
    "reprogramming:HFF:b0": {
      "n": 943,
      "ts": 1783700994.0339587
    },
    "reprogramming:HFF:b1": {
      "n": 949,
      "ts": 1783700996.903368
    },
    "reprogramming:HFF:b2": {
      "n": 929,
      "ts": 1783700999.5583973
    },
    "reprogramming:HFF:b3": {
      "n": 945,
      "ts": 1783701002.2542565
    },
    "reprogramming:HFF:b4": {
      "n": 951,
      "ts": 1783701004.62581
    },
    "reprogramming:HFF:b5": {
      "n": 942,
      "ts": 1783701006.6529956
    },
    "reprogramming:HFF:b6": {
      "n": 954,
      "ts": 1783701008.7283766
    },
    "reprogramming:HFF:b7": {
      "n": 950,
      "ts": 1783701011.4566798
    },
    "reprogramming:HFF:b8": {
      "n": 952,
      "ts": 1783701013.379511
    },
    "reprogramming:HFF:b9": {
      "n": 945,
      "ts": 1783701015.1569266
    },
    "reprogramming:HFF:b10": {
      "n": 954,
      "ts": 1783701017.5892608
    },
    "reprogramming:HFF:b11": {
      "n": 953,
      "ts": 1783701019.5978465
    },
    "reprogramming:HFF:b12": {
      "n": 945,
      "ts": 1783701021.5384607
    },
    "reprogramming:HFF:b13": {
      "n": 945,
      "ts": 1783701023.6805055
    },
    "reprogramming:HFF:b14": {
      "n": 952,
      "ts": 1783701025.739727
    },
    "reprogramming:HFF:b15": {
      "n": 935,
      "ts": 1783701028.2917645
    },
    "reprogramming:HFF:b16": {
      "n": 949,
      "ts": 1783701031.5887675
    },
    "reprogramming:HFF:b17": {
      "n": 953,
      "ts": 1783701033.7545946
    },
    "reprogramming:HFF:b18": {
      "n": 924,
      "ts": 1783701036.5323794
    },
    "reprogramming:HFF:b19": {
      "n": 947,
      "ts": 1783701038.5821962
    },
    "reprogramming:HFF:b20": {
      "n": 937,
      "ts": 1783701040.7163544
    },
    "reprogramming:HFF:b21": {
      "n": 944,
      "ts": 1783701043.1125064
    },
    "reprogramming:HFF:b22": {
      "n": 949,
      "ts": 1783701045.1419442
    },
    "reprogramming:HFF:b23": {
      "n": 939,
      "ts": 1783701047.1684778
    },
    "reprogramming:HFF:b24": {
      "n": 937,
      "ts": 1783701049.259072
    },
    "reprogramming:HFF:b25": {
      "n": 934,
      "ts": 1783701051.1275618
    },
    "reprogramming:HFF:b26": {
      "n": 949,
      "ts": 1783701053.1686838
    },
    "reprogramming:HFF:b27": {
      "n": 949,
      "ts": 1783701055.3504515
    },
    "reprogramming:HFF:b28": {
      "n": 942,
      "ts": 1783701057.4585958
    },
    "reprogramming:HFF:b29": {
      "n": 945,
      "ts": 1783701059.4754002
    },
    "reprogramming:HFF:b30": {
      "n": 953,
      "ts": 1783701061.4347599
    },
    "reprogramming:HFF:b31": {
      "n": 947,
      "ts": 1783701063.6422784
    },
    "reprogramming:HFF:b32": {
      "n": 928,
      "ts": 1783701065.8283746
    },
    "reprogramming:HFF:b33": {
      "n": 942,
      "ts": 1783701068.147244
    },
    "reprogramming:HFF:b34": {
      "n": 942,
      "ts": 1783701071.1592438
    },
    "reprogramming:HFF:b35": {
      "n": 940,
      "ts": 1783701074.0702922
    },
    "reprogramming:HFF:b36": {
      "n": 931,
      "ts": 1783701076.9876132
    },
    "reprogramming:HFF:b37": {
      "n": 952,
      "ts": 1783701079.4871333
    },
    "reprogramming:HFF:b38": {
      "n": 940,
      "ts": 1783701082.579441
    },
    "reprogramming:HFF:b39": {
      "n": 942,
      "ts": 1783701085.446531
    },
    "reprogramming:HFF:b40": {
      "n": 938,
      "ts": 1783701088.2990365
    },
    "reprogramming:HFF:b41": {
      "n": 949,
      "ts": 1783701090.9801102
    },
    "reprogramming:HFF:b42": {
      "n": 948,
      "ts": 1783701093.2558787
    },
    "reprogramming:HFF:b43": {
      "n": 943,
      "ts": 1783701096.2978787
    },
    "reprogramming:HFF:b44": {
      "n": 944,
      "ts": 1783701098.6490774
    },
    "reprogramming:N2": {
      "n": 21,
      "ts": 1783701098.9016223
    },
    "reprogramming:N3": {
      "n": 21,
      "ts": 1783701099.1938248
    },
    "reprogramming:O1": {
      "n": 21,
      "ts": 1783701099.462382
    },
    "reprogramming:O2": {
      "n": 21,
      "ts": 1783701099.7105129
    },
    "reprogramming:Y1": {
      "n": 19,
      "ts": 1783701099.960949
    },
    "reprogramming:Y2": {
      "n": 21,
      "ts": 1783701100.2563164
    }
  },
  "failed": {}
}