{
  "n_members": 5,
  "n_train": 33688,
  "n_val": 4406,
  "n_calib": 4490,
  "val_loss_mean": 12.035692447345472,
  "val_loss_per_member": [
    12.012925330260316,
    11.949604343513007,
    12.149333682863267,
    11.9773739595279,
    12.089224920562868
  ],
  "temperature": 0.5124566474701976,
  "conformal_q": {
    "0.9": 14.273448944091797
  },
  "nll_before_temp": 0.5629777359259933,
  "nll_after_temp": 0.47907355533302765,
  "ece_before_temp": 0.19041922424686966,
  "ece_after_temp": 0.03831019595813276,
  "conformal_coverage_calib": 0.9002227171492205
}