{
  "n_members": 5,
  "n_train": 84,
  "n_val": 19,
  "n_calib": 42481,
  "val_loss_mean": 77.50443115234376,
  "val_loss_per_member": [
    76.8425521850586,
    78.96514892578125,
    77.50860595703125,
    76.9493179321289,
    77.25653076171875
  ],
  "temperature": 0.20302148739640674,
  "conformal_q": {
    "0.9": 44.31171417236328
  },
  "nll_before_temp": 0.9548364246462885,
  "nll_after_temp": 0.7853873411117007,
  "ece_before_temp": 0.27669061798798406,
  "ece_after_temp": 0.26760633681949814,
  "conformal_coverage_calib": 0.9000258939290506
}