{
  "n_members": 5,
  "n_train": 42481,
  "n_val": 0,
  "n_calib": 0,
  "val_loss_mean": 1.0417900016254458,
  "val_loss_per_member": [
    1.007673117576583,
    1.0609093509862288,
    1.0186788449838884,
    1.0537191882821784,
    1.0679695062983499
  ],
  "temperature": 1.0,
  "conformal_q": {
    "0.9": 1000.0
  }
}