clone_id,treatment,outer_fold,y,pred_W0,pred_W1,pred_W2,pred_W3,pred_W4
L100162,Acid,2,0,0.4723002644704608,0.3123280499487586,0.37200034893707046,0.6195986035498704,0.25362329462809524
L100162,Cisplatin,2,0,0.20261025237344546,0.08889650017663632,0.37200034893707046,0.2903138541297287,0.06713002256245197
L100162,CoCl2,2,0,0.22668291955083833,0.10414634088636009,0.37200034893707046,0.3227080127013291,0.07910114757259658
L100162,Dabrafenib,2,0,0.22668291955083833,0.10414634088636013,0.37200034893707046,0.3227080127013293,0.07910114757259658
L100162,Doxorubicin,2,0,0.2819646373115759,0.14279558489371302,0.37200034893707046,0.3950368763686877,0.11017197560440213
L100162,Trametinib,2,0,0.19458603455920903,0.08401992822152263,0.37200034893707046,0.2794009166227346,0.06334342959914177
L100615,Acid,0,0,0.4736194759800148,0.6303847650381779,0.3135713328376651,0.546064808104734,0.6082155338505646
L100615,Cisplatin,0,0,0.18583642087064267,0.24285236810136374,0.3135713328376651,0.21523614857558251,0.21936211952472015
L100615,CoCl2,0,0,0.22867007436383363,0.30580399285362186,0.3135713328376651,0.2656890703883256,0.2796902768446109
L100615,Dabrafenib,0,0,0.24473499838108828,0.3293891716958623,0.3135713328376651,0.28466131955308405,0.30265100838155773
L100615,Doxorubicin,0,1,0.2866788719209133,0.3899771015393171,0.3135713328376651,0.33422117029577186,0.3628469286842952
L100615,Trametinib,0,0,0.20368386704128424,0.2690947079774682,0.3135713328376651,0.23622447394927906,0.2442905439764614
L100688,Acid,1,1,0.47587273821028014,0.4158230698941236,0.28905448474037165,0.5169155230544447,0.4160802601161648
L100688,Cisplatin,1,0,0.19458719593808257,0.12783116011857792,0.28905448474037165,0.2026188568414608,0.11954461854680679
L100688,CoCl2,1,0,0.23560044533301658,0.16441393610034288,0.28905448474037165,0.24776061342840391,0.15531627640892937
L100688,Dabrafenib,1,1,0.23203384804524899,0.16111678970316778,0.28905448474037165,0.24380310468495042,0.1520678577113451
L100688,Doxorubicin,1,0,0.29979943088858513,0.2270276463322885,0.28905448474037165,0.319878675454928,0.21801699666486005
L100688,Trametinib,1,1,0.19726215106258552,0.1301330671248022,0.28905448474037165,0.20553695246600365,0.12176991668944916
L100742,Acid,0,0,0.4736194759800148,0.28466937869202136,0.07435493701036891,0.16230006023819243,0.28775638494041345
L100742,Cisplatin,0,0,0.18583642087064267,0.06962987611271007,0.07435493701036891,0.04230421676933357,0.06814682262438362
L100742,CoCl2,0,0,0.22867007436383363,0.09320675900005541,0.07435493701036891,0.0550649820352911,0.09177754490484093
L100742,Dabrafenib,0,0,0.24473499838108828,0.10282400034002308,0.07435493701036891,0.060230693913557856,0.10148532179923564
L100742,Doxorubicin,0,0,0.2866788719209133,0.1298040178991264,0.07435493701036891,0.07480284632140767,0.12907613967194603
L100742,Trametinib,0,0,0.20368386704128424,0.07910975095779173,0.07435493701036891,0.047449019478992376,0.07759925538810172
L100814,Acid,0,1,0.4736194759800148,0.8794454425867445,0.3409578995079015,0.5779734208292739,0.8793161778977414
L100814,Cisplatin,0,1,0.18583642087064267,0.5784019748394237,0.3409578995079015,0.23794653809854255,0.5687530626230718
L100814,CoCl2,0,0,0.22867007436383363,0.6532852136396639,0.3409578995079015,0.2917438829972519,0.6456916611997434
L100814,Dabrafenib,0,1,0.24473499838108828,0.6775143888654733,0.3409578995079015,0.3117866766865197,0.6707208933899956
L100814,Doxorubicin,0,1,0.2866788719209133,0.7322195235188256,0.3409578995079015,0.3636682012290336,0.7277276711299713
L100814,Trametinib,0,1,0.20368386704128424,0.6116137944563584,0.3409578995079015,0.2604145470897584,0.602730261575966
L101216,Acid,1,1,0.47587273821028014,0.4172781131200817,0.23354746247873442,0.44101819954535365,0.31837791182229164
L101216,Cisplatin,1,0,0.19458719593808257,0.1285001353508123,0.23354746247873442,0.15779525375665013,0.08172773534626894
L101216,CoCl2,1,0,0.23560044533301658,0.16523808794754982,0.23354746247873442,0.19539783496908053,0.10756583476679756
L101216,Dabrafenib,1,0,0.23203384804524899,0.16192761691258467,0.23354746247873442,0.19206317253215763,0.10519173880034155
L101216,Doxorubicin,1,1,0.29979943088858513,0.22807998864071088,0.23354746247873442,0.25749140378032903,0.1545160887188314
L101216,Trametinib,1,0,0.19726215106258552,0.13081228206688,0.23354746247873442,0.16019749742497202,0.083315693766345
L101260,Acid,4,1,0.4785299066468458,0.5848915139737458,0.26370736352373547,0.49155575370861204,0.6176793422999638
L101260,Cisplatin,4,0,0.19815483583226198,0.22357011985481173,0.26370736352373547,0.18918625282804385,0.24060627730013884
L101260,CoCl2,4,0,0.22936006970462597,0.26504023076108213,0.26370736352373547,0.22145599138426691,0.285003821418568
L101260,Dabrafenib,4,1,0.2240101926936385,0.2578908613459247,0.26370736352373547,0.21587745223919758,0.2773497951574156
L101260,Doxorubicin,4,1,0.2891002187573746,0.34519049595410295,0.26370736352373547,0.28496038363879034,0.37081944944397555
L101260,Trametinib,4,1,0.191021945485207,0.2141718800980559,0.26370736352373547,0.18190485572156542,0.23056675646036742
L102089,Acid,0,1,0.4736194759800148,0.28466937869202136,0.2940150869858899,0.5214465884597104,0.36960272864728344
L102089,Cisplatin,0,0,0.18583642087064267,0.06962987611271007,0.2940150869858899,0.19899439930904855,0.09594401462725938
L102089,CoCl2,0,0,0.22867007436383363,0.09320675900005541,0.2940150869858899,0.24683763888720542,0.12789085252480042
L102089,Dabrafenib,0,0,0.24473499838108828,0.10282400034002308,0.2940150869858899,0.26494945534267667,0.1408262170963716
L102089,Doxorubicin,0,1,0.2866788719209133,0.1298040178991264,0.2940150869858899,0.3125770458528923,0.177005631184991
L102089,Trametinib,0,0,0.20368386704128424,0.07910975095779173,0.2940150869858899,0.21884059892417557,0.10880192713050907
L102444,Acid,2,1,0.4723002644704608,0.6558774992811683,0.37891445992475453,0.6268032468245038,0.6526716978740882
L102444,Cisplatin,2,0,0.20261025237344546,0.2905015156662419,0.37891445992475453,0.2966757644026225,0.28466247846655374
L102444,CoCl2,2,1,0.22668291955083833,0.3278895491695717,0.37891445992475453,0.32945026406912215,0.32203429376166737
L102444,Dabrafenib,2,0,0.22668291955083833,0.3278895491695718,0.37891445992475453,0.3294502640691223,0.3220342937616674
L102444,Doxorubicin,2,0,0.2819646373115759,0.4114369858772221,0.37891445992475453,0.40239247279179297,0.40641599484102486
L102444,Trametinib,2,0,0.19458603455920903,0.2779393054784328,0.37891445992475453,0.28561992802512004,0.2721857060491435
L102484,Acid,2,1,0.4723002644704608,0.28798107904013687,0.23982393186491227,0.4565610564299103,0.3503874880026289
L102484,Cisplatin,2,0,0.20261025237344546,0.07994198058564067,0.23982393186491227,0.17423575707779934,0.10251470437719729
L102484,CoCl2,2,0,0.22668291955083833,0.0938138784504659,0.23982393186491227,0.19727803642909275,0.11998429892510064
L102484,Dabrafenib,2,1,0.22668291955083833,0.09381387845046599,0.23982393186491227,0.19727803642909286,0.11998429892510064
L102484,Doxorubicin,2,0,0.2819646373115759,0.12918161513286344,0.23982393186491227,0.25195207443273715,0.16424975029512517
L102484,Trametinib,2,1,0.19458603455920903,0.07551591043043948,0.23982393186491227,0.16666151947652488,0.0969395818400203
L10299,Acid,3,1,0.47049894201675735,0.8385009983202426,0.37600666174585395,0.6241686812509875,0.819765016647255
L10299,Cisplatin,3,1,0.1901270509498604,0.5178088218628984,0.37600666174585395,0.28273336097557544,0.4667486334003642
L10299,CoCl2,3,1,0.2186598922625351,0.5698800915479982,0.37600666174585395,0.3219839420139767,0.5207321453469708
L10299,Dabrafenib,3,0,0.2186598922625351,0.569880091547999,0.37600666174585395,0.3219839420139767,0.5207321453469708
L10299,Doxorubicin,3,1,0.2882083795228566,0.6741527251635806,0.37600666174585395,0.4141521734192,0.6329968005078229
L10299,Trametinib,3,0,0.19191054568686872,0.5212487555439478,0.37600666174585395,0.2852096353240516,0.4702631265110495
L103055,Acid,1,0,0.47587273821028014,0.6445440917976828,0.28063430149231083,0.5062445170348479,0.4962505231637603
L103055,Cisplatin,1,0,0.19458719593808257,0.27186385475979635,0.28063430149231083,0.19580623279902198,0.15804292026951253
L103055,CoCl2,1,0,0.23560044533301658,0.33388625965908886,0.28063430149231083,0.239886813163134,0.20268261261812753
L103055,Dabrafenib,1,0,0.23203384804524899,0.3285267461820262,0.28063430149231083,0.23601561339113605,0.1986765449402098
L103055,Doxorubicin,1,0,0.29979943088858513,0.42798295447414825,0.28063430149231083,0.3106594814364929,0.27820703061995056
L103055,Trametinib,1,0,0.19726215106258552,0.27593882978043827,0.28063430149231083,0.19865065692693037,0.16085393082046406
L103561,Acid,1,0,0.47587273821028014,0.5091537836307407,0.3504568294058908,0.5904671278106735,0.5993248588658174
L103561,Cisplatin,1,0,0.19458719593808257,0.17599667985958187,0.3504568294058908,0.2550614458029901,0.2217993247885192
L103561,CoCl2,1,0,0.23560044533301658,0.22284162612133596,0.3504568294058908,0.3073829835195624,0.27849070882156807
L103561,Dabrafenib,1,1,0.23203384804524899,0.21867941902720708,0.3504568294058908,0.30285654420711716,0.273500254204915
L103561,Doxorubicin,1,0,0.29979943088858513,0.2997248977938739,0.3504568294058908,0.38790654015570575,0.36918335994970547
L103561,Trametinib,1,1,0.19726215106258552,0.17898792661980484,0.3504568294058908,0.2584899745960193,0.22544069437858125
L103874,Acid,1,0,0.47587273821028014,0.2846492613888907,0.28757940189630016,0.5149304673513619,0.23767199510836806
L103874,Cisplatin,1,0,0.19458719593808257,0.07572901961696576,0.28757940189630016,0.20133772992593826,0.05607537380773788
L103874,CoCl2,1,0,0.23560044533301658,0.09909531796825004,0.28757940189630016,0.24628221955325405,0.07446114059136084
L103874,Dabrafenib,1,0,0.23203384804524899,0.0969560750019377,0.28757940189630016,0.24234071772260937,0.07275813273867648
L103874,Doxorubicin,1,0,0.29979943088858513,0.14103226746692055,0.28757940189630016,0.3181519550741385,0.10872221759919624
L103874,Trametinib,1,0,0.19726215106258552,0.07717572323658099,0.28757940189630016,0.20424210086614178,0.05719595538858493
L104099,Acid,4,1,0.4785299066468458,0.858898862239138,0.3452782136292495,0.5925113902085719,0.8914452100188976
L104099,Cisplatin,4,1,0.19815483583226198,0.5543609111658495,0.3452782136292495,0.25976908904022816,0.6169259485942684
L104099,CoCl2,4,1,0.22936006970462597,0.6090578440157818,0.3452782136292495,0.2996291742779255,0.6695398395189123
L104099,Dabrafenib,4,1,0.2240101926936385,0.6002070584180019,0.3452782136292495,0.29282207790510406,0.6611074714961831
L104099,Doxorubicin,4,1,0.2891002187573746,0.6948812314614055,0.3452782136292495,0.3747598324844111,0.7497306359457586
L104099,Trametinib,4,1,0.191021945485207,0.5407416077298749,0.3452782136292495,0.25061075982423625,0.6036663912792865
L10419,Acid,2,1,0.4723002644704608,0.6676818497714082,0.3208956640800616,0.5621853241718086,0.6848764413962375
L10419,Cisplatin,2,0,0.20261025237344546,0.30149120917983935,0.3208956640800616,0.2438531808165171,0.3151868350971706
L10419,CoCl2,2,1,0.22668291955083833,0.339616605755387,0.3208956640800616,0.27305778467493175,0.3545796456846987
L10419,Dabrafenib,2,0,0.22668291955083833,0.33961660575538716,0.3208956640800616,0.2730577846749319,0.3545796456846987
L10419,Doxorubicin,2,1,0.2819646373115759,0.4242659198431811,0.3208956640800616,0.3398422256981821,0.4419303080744345
L10419,Trametinib,2,0,0.19458603455920903,0.28864710844455554,0.3208956640800616,0.2341105848165568,0.3019368861180012
L10467,Acid,2,0,0.4723002644704608,0.2807695161874157,0.20891171410055487,0.4108200952508826,0.2206419344991561
L10467,Cisplatin,2,0,0.20261025237344546,0.07737396318390978,0.20891171410055487,0.1490234028930499,0.056562521367004556
L10467,CoCl2,2,0,0.22668291955083833,0.09084424576363263,0.20891171410055487,0.1694154730729415,0.06678408038280105
L10467,Dabrafenib,2,0,0.22668291955083833,0.09084424576363272,0.20891171410055487,0.16941547307294158,0.06678408038280105
L10467,Doxorubicin,2,0,0.2819646373115759,0.1252471706812583,0.20891171410055487,0.21846921622673968,0.09350804380130344
L10467,Trametinib,2,0,0.19458603455920903,0.07307878074846619,0.20891171410055487,0.14235623158703894,0.053337926299925585
L104690,Acid,4,1,0.4785299066468458,0.6652924983248589,0.3006719531946305,0.5393601871686743,0.5938731187462216
L104690,Cisplatin,4,0,0.19815483583226198,0.2888660030177321,0.3006719531946305,0.2203274800573034,0.22286147827229494
L104690,CoCl2,4,0,0.22936006970462597,0.3371879783359144,0.3006719531946305,0.25623040195812563,0.26512785926688576
L104690,Dabrafenib,4,0,0.2240101926936385,0.32896353791454835,0.3006719531946305,0.250057236967256,0.25781514528268673
L104690,Doxorubicin,4,1,0.2891002187573746,0.42649533331508277,0.3006719531946305,0.32553706244108127,0.34787054181179566
L104690,Trametinib,4,0,0.191021945485207,0.2777046603980344,0.3006719531946305,0.21216114129451427,0.21335435255871102
L104947,Acid,4,1,0.4785299066468458,0.6628333245662733,0.3873574438990008,0.6378670714467978,0.768475199186999
L104947,Cisplatin,4,1,0.19815483583226198,0.2866067891253402,0.3873574438990008,0.2982997178531232,0.3942822772802302
L104947,CoCl2,4,1,0.22936006970462597,0.334728727665821,0.3873574438990008,0.3413457425592939,0.45022463955698844
L104947,Dabrafenib,4,1,0.2240101926936385,0.32653472020841506,0.3873574438990008,0.33404293546226166,0.4408694275650299
L104947,Doxorubicin,4,0,0.2891002187573746,0.4238012031386855,0.3873574438990008,0.4206540515628194,0.5476817965553576
L104947,Trametinib,4,1,0.191021945485207,0.2754989212548642,0.3873574438990008,0.2883120572159557,0.381048028555032
L105502,Acid,1,1,0.47587273821028014,0.2846492613888907,0.32063781557625837,0.5558098021765489,0.30472600993533816
L105502,Cisplatin,1,0,0.19458719593808257,0.07572901961696576,0.32063781557625837,0.22907868951713467,0.0770758422651251
L105502,CoCl2,1,0,0.23560044533301658,0.09909531796825004,0.32063781557625837,0.27805978027734657,0.10160598313269288
L105502,Dabrafenib,1,0,0.23203384804524899,0.0969560750019377,0.32063781557625837,0.273794451987338,0.09934878410096004
L105502,Doxorubicin,1,0,0.29979943088858513,0.14103226746692055,0.32063781557625837,0.3548371002991688,0.14638157241847385
L105502,Trametinib,1,0,0.19726215106258552,0.07717572323658099,0.32063781557625837,0.23226685559824092,0.07858114980623716
L10551,Acid,2,0,0.4723002644704608,0.41824820551231073,0.170986550187032,0.3491349213568816,0.29494274114556746
L10551,Cisplatin,2,0,0.20261025237344546,0.13378550711129356,0.170986550187032,0.11872613183660281,0.08137933701465681
L10551,CoCl2,2,0,0.22668291955083833,0.15542226908653953,0.170986550187032,0.13563316552053836,0.09563101653361643
L10551,Dabrafenib,2,0,0.22668291955083833,0.15542226908653958,0.170986550187032,0.13563316552053847,0.0956310165336164
L10551,Doxorubicin,2,0,0.2819646373115759,0.20866797340549004,0.170986550187032,0.1769897017828631,0.1322622244810356
L10551,Trametinib,2,0,0.19458603455920903,0.1267891472075863,0.170986550187032,0.11323406872146838,0.07685520343016698
L105784,Acid,1,0,0.47587273821028014,0.5091537836307407,0.3406932816606597,0.5797610962252431,0.40800776485516377
L105784,Cisplatin,1,0,0.19458719593808257,0.17599667985958187,0.3406932816606597,0.24677234126428987,0.1160815834800087
L105784,CoCl2,1,0,0.23560044533301658,0.22284162612133596,0.3406932816606597,0.29807388204007657,0.15099470148489652
L105784,Dabrafenib,1,0,0.23203384804524899,0.21867941902720708,0.3406932816606597,0.2936264112765018,0.14782085040696702
L105784,Doxorubicin,1,0,0.29979943088858513,0.2997248977938739,0.3406932816606597,0.3774878902033389,0.21238948329778937
L105784,Trametinib,1,0,0.19726215106258552,0.17898792661980484,0.3406932816606597,0.2501268601084862,0.1182510758520427
L105849,Acid,3,1,0.47049894201675735,0.2940412912595201,0.1806405743308646,0.3665557232412626,0.25798407941078744
L105849,Cisplatin,3,0,0.1901270509498604,0.07931520225948777,0.1806405743308646,0.12076081657945247,0.0627123891754046
L105849,CoCl2,3,0,0.2186598922625351,0.09607724459137335,0.1806405743308646,0.14197636899835503,0.07668580672268478
L105849,Dabrafenib,3,0,0.2186598922625351,0.09607724459137361,0.1806405743308646,0.14197636899835503,0.07668580672268478
L105849,Doxorubicin,3,0,0.2882083795228566,0.14234777946445465,0.1806405743308646,0.19763712595093144,0.11648618008039213
L105849,Trametinib,3,1,0.19191054568686872,0.08032738842690436,0.1806405743308646,0.1220598907414105,0.06354714354780766
L106015,Acid,2,1,0.4723002644704608,0.5974253871585411,0.30797557662384395,0.5465634310173186,0.6206399630902133
L106015,Cisplatin,2,0,0.20261025237344546,0.241737546616509,0.30797557662384395,0.23238191778743897,0.2573116204138008
L106015,CoCl2,2,1,0.22668291955083833,0.2752846585139131,0.30797557662384395,0.26068632573869804,0.2925612444200985
L106015,Dabrafenib,2,1,0.22668291955083833,0.2752846585139132,0.30797557662384395,0.2606863257386982,0.2925612444200985
L106015,Doxorubicin,2,1,0.2819646373115759,0.35245724338019135,0.30797557662384395,0.3258010647266856,0.37347447270829637
L106015,Trametinib,2,0,0.19458603455920903,0.2305986804685105,0.30797557662384395,0.22296249008762634,0.24562201498837222
L106119,Acid,1,1,0.47587273821028014,0.41305005356356256,0.2895095417101514,0.5174365595348928,0.322056386456397
L106119,Cisplatin,1,1,0.19458719593808257,0.1265625992972331,0.2895095417101514,0.20295618779687336,0.08300496123430251
L106119,CoCl2,1,0,0.23560044533301658,0.16285012380500055,0.2895095417101514,0.24814971033677752,0.1091988355376429
L106119,Dabrafenib,1,0,0.23203384804524899,0.15957834882299102,0.2895095417101514,0.24418800401349647,0.10679301042795426
L106119,Doxorubicin,1,0,0.29979943088858513,0.22502867226033715,0.2895095417101514,0.32033280080059207,0.156736677693239
L106119,Trametinib,1,0,0.19726215106258552,0.1288450374752859,0.2895095417101514,0.20587788727412998,0.08461544924041962
L106449,Acid,2,0,0.4723002644704608,0.28798107904013687,0.21190402074807893,0.4153902367864796,0.3059776196490531
L106449,Cisplatin,2,0,0.20261025237344546,0.07994198058564067,0.21190402074807893,0.15142972741473346,0.08539175002585934
L106449,CoCl2,2,0,0.22668291955083833,0.0938138784504659,0.21190402074807893,0.17208448798260556,0.10026941042991744
L106449,Dabrafenib,2,0,0.22668291955083833,0.09381387845046599,0.21190402074807893,0.1720844879826057,0.10026941042991744
L106449,Doxorubicin,2,0,0.2819646373115759,0.12918161513286344,0.21190402074807893,0.22170475445448995,0.13840543139563105
L106449,Trametinib,2,0,0.19458603455920903,0.07551591043043948,0.21190402074807893,0.1446732019002725,0.08066414091618161
L106663,Acid,3,0,0.47049894201675735,0.2800284500633928,0.0330877527081508,0.07624678734385783,0.16920262940061795
L106663,Cisplatin,3,0,0.1901270509498604,0.07445610040842693,0.0330877527081508,0.01921441126521389,0.03771519940203197
L106663,CoCl2,3,0,0.2186598922625351,0.09029195479406704,0.0330877527081508,0.023057894265501772,0.046394504038970254
L106663,Dabrafenib,3,0,0.2186598922625351,0.09029195479406729,0.0330877527081508,0.023057894265501772,0.046394504038970254
L106663,Doxorubicin,3,0,0.2882083795228566,0.13418992647207914,0.0330877527081508,0.03394180943335319,0.07169426275468423
L106663,Trametinib,3,0,0.19191054568686872,0.07541135591620717,0.0330877527081508,0.019445267674010967,0.03823079204772408
L10693,Acid,4,0,0.4785299066468458,0.2968821351175162,0.2504749743274589,0.47350882519290266,0.2593200307286313
L10693,Cisplatin,4,0,0.19815483583226198,0.07943437728876447,0.2504749743274589,0.17834654239539768,0.06424955793901563
L10693,CoCl2,4,0,0.22936006970462597,0.09752696145749848,0.2504749743274589,0.20924448952903013,0.07951243281821202
L10693,Dabrafenib,4,0,0.2240101926936385,0.09431633792632509,0.2504749743274589,0.203893001235883,0.07678440176367303
L10693,Doxorubicin,4,0,0.2891002187573746,0.13642287806611342,0.2504749743274589,0.27046362677878927,0.11325470671830946
L10693,Trametinib,4,0,0.191021945485207,0.07550595825322452,0.2504749743274589,0.17139415419833867,0.06097780057071645
L106934,Acid,3,0,0.47049894201675735,0.28393797583778135,0.39517654205662567,0.643771162339829,0.24793289342030225
L106934,Cisplatin,3,0,0.1901270509498604,0.07579774841898737,0.39517654205662567,0.30017732029075905,0.05965741699817862
L106934,CoCl2,3,0,0.2186598922625351,0.09189062358779186,0.39517654205662567,0.3406992835562875,0.07300315153041355
L106934,Dabrafenib,3,0,0.2186598922625351,0.09189062358779211,0.39517654205662567,0.3406992835562875,0.07300315153041351
L106934,Doxorubicin,3,0,0.2882083795228566,0.13644925330968105,0.39517654205662567,0.4347893498813077,0.11112223583156365
L106934,Trametinib,3,0,0.19191054568686872,0.07676878924958747,0.39517654205662567,0.302741889739012,0.0604541299380125
L106945,Acid,4,1,0.4785299066468458,0.6573648940454944,0.2389378704275034,0.4566039638644753,0.5320655000044828
L106945,Cisplatin,4,0,0.19815483583226198,0.2816494410529963,0.2389378704275034,0.16860474020466718,0.18233158038928493
L106945,CoCl2,4,0,0.22936006970462597,0.329323266737204,0.2389378704275034,0.19822211480084553,0.21907822605202792
L106945,Dabrafenib,4,0,0.2240101926936385,0.32119769591556563,0.2389378704275034,0.19308369354741403,0.21266807576731878
L106945,Doxorubicin,4,0,0.2891002187573746,0.4178608052972801,0.2389378704275034,0.2572655854638021,0.2931830661074268
L106945,Trametinib,4,0,0.191021945485207,0.2706608087932071,0.2389378704275034,0.16195725656963417,0.17416594906388605
L107042,Acid,3,0,0.47049894201675735,0.28393797583778135,0.08190014930638863,0.1823953393655401,0.2091304045835794
L107042,Cisplatin,3,0,0.1901270509498604,0.07579774841898737,0.08190014930638863,0.050286389953135224,0.04842356550752787
L107042,CoCl2,3,0,0.2186598922625351,0.09189062358779186,0.08190014930638863,0.059965232607949774,0.05941500538335449
L107042,Dabrafenib,3,0,0.2186598922625351,0.09189062358779211,0.08190014930638863,0.059965232607949795,0.05941500538335446
L107042,Doxorubicin,3,0,0.2882083795228566,0.13644925330968105,0.08190014930638863,0.08672386118994142,0.0911364978767029
L107042,Trametinib,3,0,0.19191054568686872,0.07676878924958747,0.08190014930638863,0.05087120511227854,0.04907808269984086
L10717,Acid,0,1,0.4736194759800148,0.72664345261072,0.3182849445876076,0.551459512225552,0.8115912962159132
L10717,Cisplatin,0,1,0.18583642087064267,0.33329639546468603,0.3182849445876076,0.21893887839356665,0.4381135556287607
L10717,CoCl2,0,1,0.22867007436383363,0.4070874549117231,0.3182849445876076,0.26996117068166475,0.5186332199728941
L10717,Dabrafenib,0,1,0.24473499838108828,0.4336049576772057,0.3182849445876076,0.28911836990592465,0.5463317602509532
L10717,Doxorubicin,0,1,0.2866788719209133,0.4990956658887694,0.3182849445876076,0.3390863675850864,0.6124297217113245
L10717,Trametinib,0,1,0.20368386704128424,0.3646056737136179,0.3182849445876076,0.2401777640046279,0.4728435382296623
L107403,Acid,0,1,0.4736194759800148,0.49514238329406246,0.258974861888719,0.4758021899637327,0.5239232894287822
L107403,Cisplatin,0,1,0.18583642087064267,0.15572279292250174,0.258974861888719,0.17146254550846282,0.16611174532592698
L107403,CoCl2,0,1,0.22867007436383363,0.2021180226005783,0.258974861888719,0.2144586805473438,0.21584441045215289
L107403,Dabrafenib,0,0,0.24473499838108828,0.22024350207040155,0.258974861888719,0.23092311470209467,0.23527579811252863
L107403,Doxorubicin,0,1,0.2866788719209133,0.26880236833841414,0.258974861888719,0.27472013624438785,0.28759772228112085
L107403,Trametinib,0,1,0.20368386704128424,0.17472268776063238,0.258974861888719,0.18921153636429117,0.18643398095710978
L107467,Acid,4,1,0.4785299066468458,0.8635509370575649,0.33706281530348564,0.5832169424584478,0.8696548082698002
L107467,Cisplatin,4,0,0.19815483583226198,0.5639561733929481,0.33706281530348564,0.25246041663498425,0.5668085552291076
L107467,CoCl2,4,1,0.22936006970462597,0.6182863279860732,0.33706281530348564,0.29164087325835636,0.6220892969954303
L107467,Dabrafenib,4,0,0.2240101926936385,0.6095105194537834,0.33706281530348564,0.28494142375565035,0.6131457195798091
L107467,Doxorubicin,4,1,0.2891002187573746,0.7030714711941972,0.33706281530348564,0.3658147154469862,0.7087864322545168
L107467,Trametinib,4,0,0.191021945485207,0.5503922818690281,0.33706281530348564,0.2434750065709426,0.55307098150376
L107482,Acid,1,0,0.47587273821028014,0.2846492613888907,0.23329234489963527,0.440963862358929,0.24034978493805847
L107482,Cisplatin,1,0,0.19458719593808257,0.07572901961696576,0.23329234489963527,0.1577659632100179,0.056859765996639805
L107482,CoCl2,1,0,0.23560044533301658,0.09909531796825004,0.23329234489963527,0.19536318359990093,0.07548215012154803
L107482,Dabrafenib,1,0,0.23203384804524899,0.0969560750019377,0.23329234489963527,0.19202897138768163,0.07375765158880615
L107482,Doxorubicin,1,0,0.29979943088858513,0.14103226746692055,0.23329234489963527,0.2574492642568832,0.11015710047366326
L107482,Trametinib,1,0,0.19726215106258552,0.07717572323658099,0.23329234489963527,0.16016784576728357,0.05799505939881624
L107483,Acid,0,0,0.4736194759800148,0.4149805867907848,0.26473874701847067,0.4836896179726609,0.3183769952562534
L107483,Cisplatin,0,0,0.18583642087064267,0.11770077676036118,0.26473874701847067,0.1759987772876922,0.07795620793760324
L107483,CoCl2,0,0,0.22867007436383363,0.1548455655223088,0.26473874701847067,0.2198306142936573,0.10460660841258157
L107483,Dabrafenib,0,0,0.24473499838108828,0.16963304954505068,0.26473874701847067,0.236583255075723,0.11549881117072931
L107483,Doxorubicin,0,0,0.2866788719209133,0.21003912850205728,0.26473874701847067,0.2810614664508272,0.1462792292383328
L107483,Trametinib,0,0,0.20368386704128424,0.13279122361587653,0.26473874701847067,0.1941073280736968,0.08863984395420635
L107578,Acid,2,1,0.4723002644704608,0.6012435844269273,0.2939462574926951,0.5289544346384635,0.503252750974649
L107578,Cisplatin,2,0,0.20261025237344546,0.24466406503846072,0.2939462574926951,0.21998434216977866,0.17664536115788682
L107578,CoCl2,2,0,0.22668291955083833,0.27846815604515707,0.2939462574926951,0.24726512404467274,0.20387790159219896
L107578,Dabrafenib,2,0,0.22668291955083833,0.2784681560451572,0.2939462574926951,0.2472651240446729,0.20387790159219896
L107578,Doxorubicin,2,1,0.2819646373115759,0.3560946802016933,0.2939462574926951,0.310435138788707,0.26961158861046425
L107578,Trametinib,2,0,0.19458603455920903,0.2334318632040079,0.2939462574926951,0.21092935459101433,0.16779246588547553
L108005,Acid,2,0,0.4723002644704608,0.2807695161874157,0.33558494849423554,0.5795029350517981,0.34480503389804584
L108005,Cisplatin,2,0,0.20261025237344546,0.07737396318390978,0.33558494849423554,0.2571237755926159,0.10027183749677826
L108005,CoCl2,2,0,0.22668291955083833,0.09084424576363263,0.33558494849423554,0.2873138084447978,0.11740922428366239
L108005,Dabrafenib,2,0,0.22668291955083833,0.09084424576363272,0.33558494849423554,0.28731380844479804,0.11740922428366239
L108005,Doxorubicin,2,0,0.2819646373115759,0.1252471706812583,0.33558494849423554,0.3558780375060943,0.16089835767679025
L108005,Trametinib,2,0,0.19458603455920903,0.07307878074846619,0.33558494849423554,0.24702419216104451,0.09480580537008912
L108076,Acid,1,0,0.47587273821028014,0.2846492613888907,0.2756755850795118,0.4992085825302311,0.2588263752049118
L108076,Cisplatin,1,0,0.19458719593808257,0.07572901961696576,0.2756755850795118,0.1914122510664008,0.0623892648606346
L108076,CoCl2,1,1,0.23560044533301658,0.09909531796825004,0.2756755850795118,0.23479244647897768,0.08266390993620393
L108076,Dabrafenib,1,0,0.23203384804524899,0.0969560750019377,0.2756755850795118,0.2309784758700945,0.08078967179400863
L108076,Doxorubicin,1,0,0.29979943088858513,0.14103226746692055,0.2756755850795118,0.30466455916072477,0.12020904590540206
L108076,Trametinib,1,0,0.19726215106258552,0.07717572323658099,0.2756755850795118,0.19420825964059746,0.06362751497641078
L108181,Acid,1,0,0.47587273821028014,0.2838807297763159,0.15153567955492359,0.31033568799905076,0.29041585803452985
L108181,Cisplatin,1,0,0.19458719593808257,0.07546505119145054,0.15153567955492359,0.09654261304093857,0.07234393652974906
L108181,CoCl2,1,0,0.23560044533301658,0.09875860442751293,0.15153567955492359,0.12165717637842785,0.09552397270350019
L108181,Dabrafenib,1,0,0.23203384804524899,0.0966258507238606,0.15153567955492359,0.11939423145558015,0.09338784187418946
L108181,Doxorubicin,1,0,0.29979943088858513,0.14057529225993384,0.15153567955492359,0.16512658696829685,0.13803114317434254
L108181,Trametinib,1,0,0.19726215106258552,0.07690713164142415,0.15153567955492359,0.09812099926230256,0.07376421517735583
L108266,Acid,0,0,0.4736194759800148,0.28466937869202136,0.2028242393751224,0.3938148600865897,0.3369317703220956
L108266,Cisplatin,0,0,0.18583642087064267,0.06962987611271007,0.2028242393751224,0.1290106453393228,0.0842309009789073
L108266,CoCl2,0,0,0.22867007436383363,0.09320675900005541,0.2028242393751224,0.1634616979383053,0.11276405138099373
L108266,Dabrafenib,0,0,0.24473499838108828,0.10282400034002308,0.2028242393751224,0.17689262284769378,0.12438765314796514
L108266,Doxorubicin,0,0,0.2866788719209133,0.1298040178991264,0.2028242393751224,0.21328406115029203,0.1571161572119993
L108266,Trametinib,0,0,0.20368386704128424,0.07910975095779173,0.2028242393751224,0.14312432320972687,0.09568522366930564
L109007,Acid,1,1,0.47587273821028014,0.4172781131200817,0.1969216505192146,0.3858249357506654,0.33768959780302255
L109007,Cisplatin,1,0,0.19458719593808257,0.1285001353508123,0.1969216505192146,0.1298155814869189,0.08854983528993633
L109007,CoCl2,1,0,0.23560044533301658,0.16523808794754982,0.1969216505192146,0.16203339470591346,0.1162716376620182
L109007,Dabrafenib,1,0,0.23203384804524899,0.16192761691258467,0.1969216505192146,0.1591554997086421,0.11372988182598479
L109007,Doxorubicin,1,0,0.29979943088858513,0.22807998864071088,0.1969216505192146,0.21637567144206984,0.1663136457155894
L109007,Trametinib,1,0,0.19726215106258552,0.13081228206688,0.1969216505192146,0.13185855750414394,0.0902573175255378
L109019,Acid,3,1,0.47049894201675735,0.7633639453877292,0.3179228132922551,0.5600928471181176,0.7164745848704205
L109019,Cisplatin,3,1,0.1901270509498604,0.40019809195476186,0.3179228132922551,0.23206550798421374,0.327191012912659
L109019,CoCl2,3,1,0.2186598922625351,0.45151699520851507,0.3179228132922551,0.2668994937307305,0.376427609223129
L109019,Dabrafenib,3,0,0.2186598922625351,0.4515169952085158,0.3179228132922551,0.2668994937307306,0.3764276092231289
L109019,Doxorubicin,3,1,0.2882083795228566,0.5624528074643066,0.3179228132922551,0.35147363627980277,0.4893464972950848
L109019,Trametinib,3,0,0.19191054568686872,0.403510535610546,0.3179228132922551,0.2342429400724425,0.330305578528682
L109108,Acid,1,1,0.47587273821028014,0.2846492613888907,0.10167234615007467,0.2185634176965258,0.16702617270229445
L109108,Cisplatin,1,0,0.19458719593808257,0.07572901961696576,0.10167234615007467,0.062283458419086786,0.03680167745670175
L109108,CoCl2,1,1,0.23560044533301658,0.09909531796825004,0.10167234615007467,0.07926779464930062,0.04919742931809582
L109108,Dabrafenib,1,1,0.23203384804524899,0.0969560750019377,0.10167234615007467,0.07772356241220178,0.04804223771574162
L109108,Doxorubicin,1,0,0.29979943088858513,0.14103226746692055,0.10167234615007467,0.10947888402507386,0.07274784132904255
L109108,Trametinib,1,1,0.19726215106258552,0.07717572323658099,0.10167234615007467,0.06334100665169298,0.03755242611046575
L109168,Acid,2,1,0.4723002644704608,0.4245481799777996,0.3789269472799651,0.6269589086052968,0.49081215602099526
L109168,Cisplatin,2,0,0.20261025237344546,0.1368083254411842,0.3789269472799651,0.2968146464053186,0.1695232841804984
L109168,CoCl2,2,0,0.22668291955083833,0.15884431133047336,0.3789269472799651,0.3295972987216551,0.1959191150175256
L109168,Dabrafenib,2,0,0.22668291955083833,0.15884431133047341,0.3789269472799651,0.3295972987216553,0.1959191150175256
L109168,Doxorubicin,2,0,0.2819646373115759,0.2129667474206737,0.3789269472799651,0.4025525183652878,0.2599245389645838
L109168,Trametinib,2,0,0.19458603455920903,0.12967755162945213,0.3789269472799651,0.2857557372748402,0.1609575471153011
L109193,Acid,2,1,0.4723002644704608,0.6234929477423568,0.3601430322663931,0.6068642026056843,0.6140278363756019
L109193,Cisplatin,2,0,0.20261025237344546,0.2624012373030319,0.3601430322663931,0.2793767708939348,0.25199902170256755
L109193,CoCl2,2,1,0.22668291955083833,0.2976901448064215,0.3601430322663931,0.3110854852013022,0.2868019084478304
L109193,Dabrafenib,2,0,0.22668291955083833,0.2976901448064216,0.3601430322663931,0.31108548520130247,0.2868019084478304
L109193,Doxorubicin,2,1,0.2819646373115759,0.37786884247075586,0.3601430322663931,0.3822796864712305,0.36694849759093995
L109193,Trametinib,2,0,0.19458603455920903,0.2506249317151381,0.3601430322663931,0.26871928876261114,0.24047262041760187
L109560,Acid,4,1,0.4785299066468458,0.40620275718381477,0.31331446164642607,0.555192740559917,0.4368921107987238
L109560,Cisplatin,4,1,0.19815483583226198,0.12265193975772988,0.31331446164642607,0.2315015623419527,0.13206148849792418
L109560,CoCl2,4,0,0.22936006970462597,0.14899489279662376,0.31331446164642607,0.2685980461638605,0.16066757593210365
L109560,Dabrafenib,4,0,0.2240101926936385,0.1443609557083698,0.31331446164642607,0.2622319706067313,0.15562590755961958
L109560,Doxorubicin,4,0,0.2891002187573746,0.20378237673848631,0.31331446164642607,0.33972200152827686,0.22059579846940283
L109560,Trametinib,4,0,0.191021945485207,0.11685751411523455,0.31331446164642607,0.2230395399388978,0.12580080606145153
L109676,Acid,2,1,0.4723002644704608,0.49141907427794224,0.44855685715750837,0.6947238578019546,0.555910776195639
L109676,Cisplatin,2,0,0.20261025237344546,0.17189544994185627,0.44855685715750837,0.363684588056006,0.20954474060210168
L109676,CoCl2,2,1,0.22668291955083833,0.19828476333443998,0.44855685715750837,0.39965526477507934,0.24036852492683106
L109676,Dabrafenib,2,0,0.22668291955083833,0.19828476333444006,0.44855685715750837,0.3996552647750795,0.24036852492683106
L109676,Doxorubicin,2,1,0.2819646373115759,0.2616652057913922,0.44855685715750837,0.4770821822307614,0.3132383303551586
L109676,Trametinib,2,0,0.19458603455920903,0.1632817934473473,0.44855685715750837,0.3513791810435641,0.1994424285209946
L109790,Acid,0,0,0.4736194759800148,0.7222897011533175,0.2730338169547934,0.49457212969289904,0.651789672240735
L109790,Cisplatin,0,0,0.18583642087064267,0.32846749853040863,0.2730338169547934,0.18240425413076994,0.25307295166378924
L109790,CoCl2,0,0,0.22867007436383363,0.40183382040610965,0.2730338169547934,0.22739112370906936,0.3188849884701477
L109790,Dabrafenib,0,0,0.24473499838108828,0.42825628624928247,0.2730338169547934,0.2445393334394778,0.34352880268757435
L109790,Doxorubicin,0,0,0.2866788719209133,0.4936432282995401,0.2730338169547934,0.28994521703146314,0.4071086422959283
L109790,Trametinib,0,0,0.20368386704128424,0.3595678048208034,0.2730338169547934,0.20101109107304801,0.2804559777706165
L109808,Acid,1,1,0.47587273821028014,0.5663930193143293,0.34684482625211954,0.586198202107896,0.5631066070033912
L109808,Cisplatin,1,1,0.19458719593808257,0.2119553708527316,0.34684482625211954,0.2517269095554407,0.19716877003964942
L109808,CoCl2,1,0,0.23560044533301658,0.2652899812665003,0.34684482625211954,0.3036432374239754,0.24958373252863927
L109808,Dabrafenib,1,1,0.23203384804524899,0.2606007901556406,0.34684482625211954,0.2991480831208399,0.24493543091498202
L109808,Doxorubicin,1,0,0.29979943088858513,0.35021875827149496,0.34684482625211954,0.3837298841412892,0.3352365501865944
L109808,Trametinib,1,0,0.19726215106258552,0.21539801434698744,0.34684482625211954,0.2551259664632711,0.20050995909999514
L109937,Acid,1,1,0.47587273821028014,0.58633120078254,0.37148925694002394,0.613318599312081,0.6639155282712912
L109937,Cisplatin,1,0,0.19458719593808257,0.22591733929249136,0.37148925694002394,0.2736045773570239,0.27347318594243913
L109937,CoCl2,1,0,0.23560044533301658,0.2815101867166868,0.37148925694002394,0.3280548092469549,0.3376417892356694
L109937,Dabrafenib,1,1,0.23203384804524899,0.27664224512787755,0.37148925694002394,0.3233660827744769,0.33207922449586663
L109937,Doxorubicin,1,0,0.29979943088858513,0.3690235042982693,0.37148925694002394,0.4107819207977975,0.4359581447589837
L109937,Trametinib,1,1,0.19726215106258552,0.22952070845567166,0.37148925694002394,0.27718961482804494,0.2776602166888769
L11049,Acid,3,1,0.47049894201675735,0.49646697042869636,0.29264824942023937,0.5285450529092639,0.5246080975835827
L11049,Cisplatin,3,0,0.1901270509498604,0.1693861859591082,0.29264824942023937,0.21016699375267942,0.17516624598741481
L11049,CoCl2,3,1,0.2186598922625351,0.20102711365257653,0.29264824942023937,0.242752999398594,0.20861929142326058
L11049,Dabrafenib,3,0,0.2186598922625351,0.20102711365257703,0.29264824942023937,0.24275299939859404,0.20861929142326058
L11049,Doxorubicin,3,0,0.2882083795228566,0.28206909496947064,0.29264824942023937,0.32304737068220696,0.29501517367865293
L11049,Trametinib,3,0,0.19191054568686872,0.17133391376060741,0.29264824942023937,0.212195731244468,0.17721484193331435
L110493,Acid,0,0,0.4736194759800148,0.28466937869202136,0.19258867282319103,0.37803556749958894,0.21164442748313125
L110493,Cisplatin,0,0,0.18583642087064267,0.06962987611271007,0.19258867282319103,0.1217111506615425,0.04634243724276167
L110493,CoCl2,0,0,0.22867007436383363,0.09320675900005541,0.19258867282319103,0.15455884353531227,0.06292277610264609
L110493,Dabrafenib,0,0,0.24473499838108828,0.10282400034002308,0.19258867282319103,0.16740464671099525,0.06981304694557053
L110493,Doxorubicin,0,0,0.2866788719209133,0.1298040178991264,0.19258867282319103,0.20232395319115298,0.08965228782223789
L110493,Trametinib,0,0,0.20368386704128424,0.07910975095779173,0.19258867282319103,0.13515018011211688,0.05294228107302472
L110835,Acid,1,1,0.47587273821028014,0.2846492613888907,0.3422848301505868,0.5809832725467893,0.3886850485892087
L110835,Cisplatin,1,0,0.19458719593808257,0.07572901961696576,0.3422848301505868,0.24770632073361687,0.10806049225863432
L110835,CoCl2,1,0,0.23560044533301658,0.09909531796825004,0.3422848301505868,0.29912491897583393,0.14094583709939307
L110835,Dabrafenib,1,0,0.23203384804524899,0.0969560750019377,0.3422848301505868,0.2946683493910468,0.13794888913527995
L110835,Doxorubicin,1,0,0.29979943088858513,0.14103226746692055,0.3422848301505868,0.37866788545780444,0.19921345538358678
L110835,Trametinib,1,1,0.19726215106258552,0.07717572323658099,0.3422848301505868,0.2510693037700416,0.11009874776759844
L110895,Acid,0,0,0.4736194759800148,0.28466937869202136,0.08076559857434505,0.17532840411501177,0.18116599509288675
L110895,Cisplatin,0,0,0.18583642087064267,0.06962987611271007,0.08076559857434505,0.04623171530067188,0.03850605990897262
L110895,CoCl2,0,0,0.22867007436383363,0.09320675900005541,0.08076559857434505,0.060102833259043344,0.05243687043007997
L110895,Dabrafenib,0,0,0.24473499838108828,0.10282400034002308,0.08076559857434505,0.06570828815724596,0.05825027357637195
L110895,Doxorubicin,0,1,0.2866788719209133,0.1298040178991264,0.08076559857434505,0.08149076748604178,0.07506882317523444
L110895,Trametinib,0,0,0.20368386704128424,0.07910975095779173,0.08076559857434505,0.05182830964840848,0.04404142785593024
L111615,Acid,0,0,0.4736194759800148,0.2913335192140022,0.09076140359909349,0.19551909481001203,0.2250082600757172
L111615,Cisplatin,0,0,0.18583642087064267,0.07176496068223485,0.09076140359909349,0.05250220373696643,0.04992968797286122
L111615,CoCl2,0,0,0.22867007436383363,0.09599020016883097,0.09076140359909349,0.06812031437004594,0.06770235436594217
L111615,Dabrafenib,0,0,0.24473499838108828,0.10586111354471528,0.09076140359909349,0.07441431373145564,0.0750740755131657
L111615,Doxorubicin,0,0,0.2866788719209133,0.13351944255669992,0.09076140359909349,0.09208179962476111,0.09625367244238749
L111615,Trametinib,0,0,0.20368386704128424,0.08151005317126969,0.09076140359909349,0.05881106798392304,0.0570098686468806
L111734,Acid,1,1,0.47587273821028014,0.4158230698941236,0.3500138627009416,0.5900490363830235,0.4521548547581907
L111734,Cisplatin,1,0,0.19458719593808257,0.12783116011857792,0.3500138627009416,0.25473312359244915,0.13589260549004764
L111734,CoCl2,1,0,0.23560044533301658,0.16441393610034288,0.3500138627009416,0.3070150687356454,0.17558058138221358
L111734,Dabrafenib,1,0,0.23203384804524899,0.16111678970316778,0.3500138627009416,0.3024916810759798,0.17199463686494984
L111734,Doxorubicin,1,0,0.29979943088858513,0.2270276463322885,0.3500138627009416,0.3874961664369279,0.24409788868276133
L111734,Trametinib,1,0,0.19726215106258552,0.1301330671248022,0.3500138627009416,0.25815876851779396,0.1383743912548009
L112164,Acid,2,1,0.4723002644704608,0.909889380319282,0.30544581250481,0.5434404716223962,0.8885370323990811
L112164,Cisplatin,2,0,0.20261025237344546,0.6844631015975373,0.30544581250481,0.23014298653906848,0.6279961490191287
L112164,CoCl2,2,0,0.22668291955083833,0.7210272450632744,0.30544581250481,0.25826644181267516,0.668329977066074
L112164,Dabrafenib,2,0,0.22668291955083833,0.7210272450632746,0.30544581250481,0.25826644181267533,0.668329977066074
L112164,Doxorubicin,2,1,0.2819646373115759,0.7873927419354001,0.30544581250481,0.3230408471349493,0.7438885705718737
L112164,Trametinib,2,1,0.19458603455920903,0.6709759048596271,0.30544581250481,0.220788209055017,0.6133744101832779
L112548,Acid,0,1,0.4736194759800148,0.8574206862111493,0.3357007066586404,0.572290027786101,0.8542903134422081
L112548,Cisplatin,0,0,0.18583642087064267,0.5307257105929313,0.3357007066586404,0.23375476636428474,0.5148581057963915
L112548,CoCl2,0,1,0.22867007436383363,0.6083430056110368,0.3357007066586404,0.2869612690314358,0.5945576464286981
L112548,Dabrafenib,0,1,0.24473499838108828,0.6339530743006088,0.3357007066586404,0.3068178324481443,0.6210792929486252
L112548,Doxorubicin,0,1,0.2866788719209133,0.6926960466687432,0.3357007066586404,0.35830300286336314,0.6826135052129
L112548,Trametinib,0,1,0.20368386704128424,0.5648678263346182,0.3357007066586404,0.2559599131277514,0.5497198190965581
L112736,Acid,0,0,0.4736194759800148,0.2913335192140022,0.35386001182501153,0.5928519091937466,0.33607736075214484
L112736,Cisplatin,0,0,0.18583642087064267,0.07176496068223485,0.35386001182501153,0.24924133136042337,0.08393618489549183
L112736,CoCl2,0,0,0.22867007436383363,0.09599020016883097,0.35386001182501153,0.304571697191688,0.1123817520350132
L112736,Dabrafenib,0,0,0.24473499838108828,0.10586111354471528,0.35386001182501153,0.32509125602619465,0.12397145303394376
L112736,Doxorubicin,0,0,0.2866788719209133,0.13351944255669992,0.35386001182501153,0.37797078986430405,0.15661003436732354
L112736,Trametinib,0,0,0.20368386704128424,0.08151005317126969,0.35386001182501153,0.272394626005046,0.09535460306423317
L112980,Acid,0,1,0.4736194759800148,0.28466937869202136,0.14276827701781158,0.2944023388322684,0.2790191461954888
L112980,Cisplatin,0,1,0.18583642087064267,0.06962987611271007,0.14276827701781158,0.08686503205229491,0.06546477311599182
L112980,CoCl2,0,0,0.22867007436383363,0.09320675900005541,0.14276827701781158,0.11150229242680901,0.08825354391196037
L112980,Dabrafenib,0,1,0.24473499838108828,0.10282400034002308,0.14276827701781158,0.12128291027510055,0.09762863794781468
L112980,Doxorubicin,0,0,0.2866788719209133,0.1298040178991264,0.14276827701781158,0.1482951309975247,0.12431600893519888
L112980,Trametinib,0,0,0.20368386704128424,0.07910975095779173,0.14276827701781158,0.09688086030073577,0.07457495933320975
L113046,Acid,4,1,0.4785299066468458,0.40379200861335746,0.2384146887790326,0.4562024688234807,0.33940139039601225
L113046,Cisplatin,4,0,0.19815483583226198,0.12157946233047534,0.2384146887790326,0.16837801540926017,0.09153530913996588
L113046,CoCl2,4,0,0.22936006970462597,0.147730856907084,0.2384146887790326,0.1979650464108625,0.11250079344990462
L113046,Dabrafenib,4,0,0.2240101926936385,0.14312962095656037,0.2384146887790326,0.1928316863297986,0.10877469582935835
L113046,Doxorubicin,4,0,0.2891002187573746,0.20216395563029155,0.2384146887790326,0.2569564853116036,0.15784165367133673
L113046,Trametinib,4,0,0.191021945485207,0.11582901443561165,0.2384146887790326,0.16173773176146267,0.08700327725227504
L113265,Acid,4,1,0.4785299066468458,0.40379200861335746,0.24684382326925522,0.4681417790554033,0.21094172433949124
L113265,Cisplatin,4,0,0.19815483583226198,0.12157946233047534,0.24684382326925522,0.1752116793591521,0.04981566339125536
L113265,CoCl2,4,0,0.22936006970462597,0.147730856907084,0.24684382326925522,0.2057024891311386,0.061876411506154555
L113265,Dabrafenib,4,0,0.2240101926936385,0.14312962095656037,0.24684382326925522,0.20041862888494483,0.05971421019423761
L113265,Doxorubicin,4,0,0.2891002187573746,0.20216395563029155,0.24684382326925522,0.2662342372502124,0.0888570396247206
L113265,Trametinib,4,0,0.191021945485207,0.11582901443561165,0.24684382326925522,0.16835645616505274,0.04724181065933741
L113271,Acid,4,1,0.4785299066468458,0.7703906506543975,0.3697741419871753,0.619260652271016,0.8169600317317272
L113271,Cisplatin,4,1,0.19815483583226198,0.4067663529827963,0.3697741419871753,0.28188816085611224,0.46675346961444936
L113271,CoCl2,4,1,0.22936006970462597,0.46199786019195077,0.3697741419871753,0.32365828039474104,0.5240816642535006
L113271,Dabrafenib,4,1,0.2240101926936385,0.4528088832929609,0.3697741419871753,0.31655201706547687,0.5146283408749346
L113271,Doxorubicin,4,1,0.2891002187573746,0.5566023125785342,0.3697741419871753,0.4013612747758697,0.6195109267969175
L113271,Trametinib,4,1,0.191021945485207,0.3935707153156524,0.3697741419871753,0.27223680675149237,0.4529055363934758
L11328,Acid,2,0,0.4723002644704608,0.41824820551231073,0.14834671244673422,0.31004792938358067,0.3150754103031736
L11328,Cisplatin,2,1,0.20261025237344546,0.13378550711129356,0.14834671244673422,0.1014149977093999,0.0887696563885356
L11328,CoCl2,2,0,0.22668291955083833,0.15542226908653953,0.14834671244673422,0.11618185585359529,0.1041688137572759
L11328,Dabrafenib,2,0,0.22668291955083833,0.15542226908653958,0.14834671244673422,0.11618185585359543,0.1041688137572759
L11328,Doxorubicin,2,0,0.2819646373115759,0.20866797340549004,0.14834671244673422,0.1526548686258985,0.14355129192527477
L11328,Trametinib,2,0,0.19458603455920903,0.1267891472075863,0.14834671244673422,0.0966359076953845,0.08387218333444062
L113521,Acid,1,1,0.47587273821028014,0.2838807297763159,0.27732312537760473,0.5017544274462589,0.2973675856366497
L113521,Cisplatin,1,0,0.19458719593808257,0.07546505119145054,0.27732312537760473,0.19299332911260583,0.07462461633639947
L113521,CoCl2,1,1,0.23560044533301658,0.09875860442751293,0.27732312537760473,0.23662698728568882,0.09845785473827691
L113521,Dabrafenib,1,0,0.23203384804524899,0.0966258507238606,0.27732312537760473,0.23279228225865012,0.09626309836939514
L113521,Doxorubicin,1,0,0.29979943088858513,0.14057529225993384,0.27732312537760473,0.30682613545800574,0.1420655106121961
L113521,Trametinib,1,1,0.19726215106258552,0.07690713164142415,0.27732312537760473,0.19580684018920402,0.07608599756915183
L113556,Acid,3,0,0.47049894201675735,0.28393797583778135,0.15436968153479955,0.32254097462216513,0.37073860385316537
L113556,Cisplatin,3,0,0.1901270509498604,0.07579774841898737,0.15436968153479955,0.10152967945324548,0.10183427719573566
L113556,CoCl2,3,0,0.2186598922625351,0.09189062358779186,0.15436968153479955,0.119827107939026,0.12337729200747484
L113556,Dabrafenib,3,0,0.2186598922625351,0.09189062358779211,0.15436968153479955,0.119827107939026,0.12337729200747478
L113556,Doxorubicin,3,0,0.2882083795228566,0.13644925330968105,0.15436968153479955,0.168509783534184,0.1826178564727335
L113556,Trametinib,3,0,0.19191054568686872,0.07676878924958747,0.15436968153479955,0.10264602801683223,0.10313247754012334
L113820,Acid,1,1,0.47587273821028014,0.6657168980796896,0.3420402502403295,0.5807708958266377,0.6416340814627086
L113820,Cisplatin,1,0,0.19458719593808257,0.2908101946095528,0.3420402502403295,0.2475437994776876,0.2543773938534762
L113820,CoCl2,1,0,0.23560044533301658,0.3550473361293988,0.3420402502403295,0.2989420675473324,0.3160142500547274
L113820,Dabrafenib,1,0,0.23203384804524899,0.3495263831715352,0.3420402502403295,0.29448707756105513,0.3106408877962073
L113820,Doxorubicin,1,1,0.29979943088858513,0.4510693086766085,0.3420402502403295,0.378462666465549,0.41194975161540776
L113820,Trametinib,1,0,0.19726215106258552,0.29505408003875666,0.3420402502403295,0.2509053119478486,0.25837603228492007
L114035,Acid,3,1,0.47049894201675735,0.4992907486881012,0.2978878696749986,0.5352727505713732,0.4881573602527493
L114035,Cisplatin,3,0,0.1901270509498604,0.17098131903411887,0.2978878696749986,0.21468756483305182,0.15507516219326642
L114035,CoCl2,3,0,0.2186598922625351,0.20284744602679858,0.2978878696749986,0.2477546166192368,0.18555440010089908
L114035,Dabrafenib,3,0,0.2186598922625351,0.20284744602679902,0.2978878696749986,0.2477546166192368,0.18555440010089905
L114035,Doxorubicin,3,0,0.2882083795228566,0.2843620918120689,0.2978878696749986,0.3289846161345404,0.26560419991791057
L114035,Trametinib,3,0,0.19191054568686872,0.17294356983228507,0.2978878696749986,0.21674796433180613,0.15693349509628024
L114118,Acid,2,1,0.4723002644704608,0.8249557949015554,0.3151910002487858,0.5551264308625156,0.8084660031731138
L114118,Cisplatin,2,1,0.20261025237344546,0.5030913010755221,0.3151910002487858,0.23861290135856578,0.4719841780983199
L114118,CoCl2,2,0,0.22668291955083833,0.5467552639538387,0.3151910002487858,0.26741186162758607,0.5162020376926109
L114118,Dabrafenib,2,1,0.22668291955083833,0.5467552639538388,0.3151910002487858,0.26741186162758623,0.5162020376926109
L114118,Doxorubicin,2,1,0.2819646373115759,0.6335058807905228,0.3151910002487858,0.3334488335755081,0.6059854215005913
L114118,Trametinib,2,1,0.19458603455920903,0.48765463286341126,0.3151910002487858,0.2290162582768862,0.45653701043761824
L114326,Acid,3,0,0.47049894201675735,0.4992907486881012,0.31405297712262126,0.5547394648688616,0.5345817790079037
L114326,Cisplatin,3,0,0.1901270509498604,0.17098131903411887,0.31405297712262126,0.2282208504428606,0.18102624479479282
L114326,CoCl2,3,0,0.2186598922625351,0.20284744602679858,0.31405297712262126,0.26267513633994205,0.21530629804557544
L114326,Dabrafenib,3,0,0.2186598922625351,0.20284744602679902,0.31405297712262126,0.26267513633994205,0.21530629804557544
L114326,Doxorubicin,3,0,0.2882083795228566,0.2843620918120689,0.31405297712262126,0.3465434481062897,0.30340975159936295
L114326,Trametinib,3,0,0.19191054568686872,0.17294356983228507,0.31405297712262126,0.23037303053950497,0.18312815861360668
L114452,Acid,2,1,0.4723002644704608,0.7122587916353952,0.4106365452139375,0.6588845412302317,0.705849836173496
L114452,Cisplatin,2,0,0.20261025237344546,0.3471600525030786,0.4106365452139375,0.3266496076322517,0.3369441641834392
L114452,CoCl2,2,0,0.22668291955083833,0.38785386935906807,0.4106365452139375,0.36103561841644116,0.37755703965637233
L114452,Dabrafenib,2,1,0.22668291955083833,0.3878538693590682,0.4106365452139375,0.3610356184164413,0.37755703965637233
L114452,Doxorubicin,2,1,0.2819646373115759,0.475862619013892,0.4106365452139375,0.43641957697646355,0.4664770740771362
L114452,Trametinib,2,0,0.19458603455920903,0.33329871996293514,0.4106365452139375,0.3149770107043226,0.32321125612944696
L11473,Acid,2,1,0.4723002644704608,0.8204600834012398,0.44545272350676535,0.6917010346581315,0.8704408074710094
L11473,Cisplatin,2,1,0.20261025237344546,0.4953855814908163,0.44545272350676535,0.3604016651839415,0.5872498216397547
L11473,CoCl2,2,1,0.22668291955083833,0.5391063381913197,0.44545272350676535,0.39624984028360927,0.6293943476131388
L11473,Dabrafenib,2,1,0.22668291955083833,0.5391063381913198,0.44545272350676535,0.39624984028360943,0.6293943476131388
L11473,Doxorubicin,2,1,0.2819646373115759,0.626320384064994,0.44545272350676535,0.4735374031277152,0.7099737597600894
L11473,Trametinib,2,1,0.19458603455920903,0.4799569792584045,0.44545272350676535,0.348146562615762,0.5721177419770631
L11519,Acid,2,1,0.4723002644704608,0.2807695161874157,0.26898497649450015,0.49694530959325023,0.2848857032013259
L11519,Cisplatin,2,0,0.20261025237344546,0.07737396318390978,0.26898497649450015,0.19878205182546416,0.07780088031476698
L11519,CoCl2,2,0,0.22668291955083833,0.09084424576363263,0.26898497649450015,0.2241892042152617,0.0914882904647141
L11519,Dabrafenib,2,0,0.22668291955083833,0.09084424576363272,0.26898497649450015,0.22418920421526184,0.0914882904647141
L11519,Doxorubicin,2,0,0.2819646373115759,0.1252471706812583,0.26898497649450015,0.28368568987002607,0.12675505019061106
L11519,Trametinib,2,0,0.19458603455920903,0.07307878074846619,0.26898497649450015,0.1903867761100277,0.07345977586194528
L115333,Acid,0,0,0.4736194759800148,0.28466937869202136,0.041743829557375184,0.09241741086247458,0.2597027207187607
L115333,Cisplatin,0,0,0.18583642087064267,0.06962987611271007,0.041743829557375184,0.02268955960505997,0.059708294757587765
L115333,CoCl2,0,0,0.22867007436383363,0.09320675900005541,0.041743829557375184,0.029717296171861685,0.0806661609645627
L115333,Dabrafenib,0,0,0.24473499838108828,0.10282400034002308,0.041743829557375184,0.03258711566316669,0.08931420960385823
L115333,Doxorubicin,0,0,0.2866788719209133,0.1298040178991264,0.041743829557375184,0.04076129508668108,0.11401595342990736
L115333,Trametinib,0,0,0.20368386704128424,0.07910975095779173,0.041743829557375184,0.02551248359545972,0.06807575426716067
L115623,Acid,2,0,0.4723002644704608,0.2807695161874157,0.2615433474420965,0.48678179478558925,0.2883517051411239
L115623,Cisplatin,2,0,0.20261025237344546,0.07737396318390978,0.2615433474420965,0.1923844810439515,0.07902584815137607
L115623,CoCl2,2,0,0.22668291955083833,0.09084424576363263,0.2615433474420965,0.2171955971177108,0.09290705405772373
L115623,Dabrafenib,2,0,0.22668291955083833,0.09084424576363272,0.2615433474420965,0.21719559711771097,0.09290705405772373
L115623,Doxorubicin,2,0,0.2819646373115759,0.1252471706812583,0.2615433474420965,0.27549516006902225,0.12864327626995736
L115623,Trametinib,2,0,0.19458603455920903,0.07307878074846619,0.2615433474420965,0.1841972813021897,0.07462192412695089
L115630,Acid,3,0,0.47049894201675735,0.2800284500633928,0.33032189693123587,0.5741933089063762,0.33366995910913494
L115630,Cisplatin,3,0,0.1901270509498604,0.07445610040842693,0.33032189693123587,0.24245937962224512,0.08789669247199429
L115630,CoCl2,3,0,0.2186598922625351,0.09029195479406704,0.33032189693123587,0.2782881481617407,0.10684195492013505
L115630,Dabrafenib,3,0,0.2186598922625351,0.09029195479406729,0.33032189693123587,0.2782881481617406,0.10684195492013505
L115630,Doxorubicin,3,0,0.2882083795228566,0.13418992647207914,0.33032189693123587,0.36467591515006403,0.1595883402697224
L115630,Trametinib,3,0,0.19191054568686872,0.07541135591620717,0.33032189693123587,0.24470325954882358,0.08903482738008199
L115717,Acid,2,1,0.4723002644704608,0.7773028748991887,0.2560159402393503,0.4788514938323738,0.7130135814322313
L115717,Cisplatin,2,1,0.20261025237344546,0.42851598061459667,0.2560159402393503,0.18749808941693616,0.3447519900818002
L115717,CoCl2,2,0,0.22668291955083833,0.4718535877922988,0.2560159402393503,0.2118443270783303,0.38575844427009737
L115717,Dabrafenib,2,0,0.22668291955083833,0.471853587792299,0.2560159402393503,0.2118443270783305,0.38575844427009737
L115717,Doxorubicin,2,1,0.2819646373115759,0.5614411517439524,0.2560159402393503,0.26920146809421897,0.4751355986454158
L115717,Trametinib,2,1,0.19458603455920903,0.4134635733620057,0.2560159402393503,0.17947262594243069,0.3308596486542101
L11587,Acid,4,0,0.4785299066468458,0.29897467523817,0.07517004095909399,0.16825300163202309,0.19550898619936474
L11587,Cisplatin,4,0,0.19815483583226198,0.08016901387354933,0.07517004095909399,0.0465488596417814,0.045491470787027186
L11587,CoCl2,4,0,0.22936006970462597,0.09841103684850079,0.07517004095909399,0.05617436455082828,0.05656762583456323
L11587,Dabrafenib,4,0,0.2240101926936385,0.09517437853277874,0.07517004095909399,0.05446803271813395,0.05458014107606045
L11587,Doxorubicin,4,0,0.2891002187573746,0.13760578088210432,0.07517004095909399,0.07696850222444641,0.08143434934858171
L11587,Trametinib,4,0,0.191021945485207,0.07620727108441683,0.07517004095909399,0.04445628512160197,0.043130896916405446
L115891,Acid,1,0,0.47587273821028014,0.4158230698941236,0.08717888397197385,0.18917478105770036,0.3416871022880598
L115891,Cisplatin,1,0,0.19458719593808257,0.12783116011857792,0.08717888397197385,0.052496943616014494,0.08999883606728186
L115891,CoCl2,1,0,0.23560044533301658,0.16441393610034288,0.08717888397197385,0.0670032443894076,0.11811548270652109
L115891,Dabrafenib,1,0,0.23203384804524899,0.16111678970316778,0.08717888397197385,0.06568089631665393,0.11553868928813978
L115891,Doxorubicin,1,0,0.29979943088858513,0.2270276463322885,0.08717888397197385,0.09301218558696092,0.1687994824506648
L115891,Trametinib,1,1,0.19726215106258552,0.1301330671248022,0.08717888397197385,0.05339778326629897,0.09173144694256684
L115936,Acid,1,0,0.47587273821028014,0.5851106614986483,0.32566135785674855,0.5617722584092417,0.5393116971590161
L115936,Cisplatin,1,0,0.19458719593808257,0.225038911752235,0.32566135785674855,0.23337766820308967,0.18238194772352673
L115936,CoCl2,1,0,0.23560044533301658,0.2804939261801946,0.32566135785674855,0.2829405964001035,0.23200196060688352
L115936,Dabrafenib,1,0,0.23203384804524899,0.2756368162578368,0.32566135785674855,0.27862929393640734,0.22758179962376196
L115936,Doxorubicin,1,0,0.29979943088858513,0.3678530659390343,0.32566135785674855,0.3603928347272872,0.31414693267279475
L115936,Trametinib,1,0,0.19726215106258552,0.22863240828353332,0.32566135785674855,0.23660730180284498,0.185530468454166
L116006,Acid,3,1,0.47049894201675735,0.28393797583778135,0.2915914147877254,0.5264688071262303,0.34204020804690516
L116006,Cisplatin,3,0,0.1901270509498604,0.07579774841898737,0.2915914147877254,0.20878754431580268,0.09094308260879742
L116006,CoCl2,3,1,0.2186598922625351,0.09189062358779186,0.2915914147877254,0.24122499085729213,0.11046544071478029
L116006,Dabrafenib,3,0,0.2186598922625351,0.09189062358779211,0.2915914147877254,0.2412249908572921,0.11046544071478025
L116006,Doxorubicin,3,0,0.2882083795228566,0.13644925330968105,0.2915914147877254,0.3212283482057585,0.16467087894101934
L116006,Trametinib,3,0,0.19191054568686872,0.07676878924958747,0.2915914147877254,0.2108065199991558,0.09211668002684832
L116152,Acid,1,1,0.47587273821028014,0.750377733204886,0.3097387315764085,0.5430012046646315,0.7654652073702024
L116152,Cisplatin,1,0,0.19458719593808257,0.38232278575676804,0.3097387315764085,0.22006918113312507,0.38343718589331405
L116152,CoCl2,1,1,0.23560044533301658,0.4538382849942661,0.3097387315764085,0.2677930454092155,0.45717181945546903
L116152,Dabrafenib,1,0,0.23203384804524899,0.44784785503281105,0.3097387315764085,0.26362769573565903,0.45098081803329254
L116152,Doxorubicin,1,1,0.29979943088858513,0.5536428632622159,0.3097387315764085,0.34308271195660023,0.5608235856491065
L116152,Trametinib,1,0,0.19726215106258552,0.3871730595362724,0.3097387315764085,0.22316825657041817,0.3884077544053692
L116189,Acid,3,1,0.47049894201675735,0.7999144404836176,0.27751632954727184,0.5091722252282238,0.7407364011874512
L116189,Cisplatin,3,0,0.1901270509498604,0.45261966830222117,0.27751632954727184,0.1975733404272487,0.354765042090601
L116189,CoCl2,3,1,0.2186598922625351,0.5050010420804147,0.27751632954727184,0.22877229347248654,0.40564929249507636
L116189,Dabrafenib,3,0,0.2186598922625351,0.5050010420804155,0.27751632954727184,0.22877229347248654,0.4056492924950763
L116189,Doxorubicin,3,1,0.2882083795228566,0.6143585775973405,0.27751632954727184,0.30631291098818314,0.5200237994132523
L116189,Trametinib,3,0,0.19191054568686872,0.45603611146831025,0.27751632954727184,0.1995112191997861,0.35800242183953185
L116200,Acid,4,1,0.4785299066468458,0.5696325708634812,0.267803141909957,0.49683333361562937,0.5781422437018758
L116200,Cisplatin,4,0,0.19815483583226198,0.21290288597042697,0.267803141909957,0.1924462048548317,0.21183220577044357
L116200,CoCl2,4,0,0.22936006970462597,0.253039177513723,0.267803141909957,0.22511761242958245,0.25268697960195496
L116200,Dabrafenib,4,0,0.2240101926936385,0.2461051316192984,0.267803141909957,0.21947283785192873,0.24560272584077097
L116200,Doxorubicin,4,1,0.2891002187573746,0.3311956653277221,0.267803141909957,0.28928185917579663,0.3333080381442583
L116200,Trametinib,4,1,0.191021945485207,0.20383534266748823,0.267803141909957,0.18506797702642794,0.20267287776881285
L116215,Acid,4,0,0.4785299066468458,0.2968821351175162,0.21579920981753645,0.4225174925927259,0.25030975094509156
L116215,Cisplatin,4,0,0.19815483583226198,0.07943437728876447,0.21579920981753645,0.15008003328745373,0.061454790392820896
L116215,CoCl2,4,0,0.22936006970462597,0.09752696145749848,0.21579920981753645,0.17713664107563756,0.07610774955298011
L116215,Dabrafenib,4,0,0.2240101926936385,0.09431633792632509,0.21579920981753645,0.17242726157320068,0.07348720567447029
L116215,Doxorubicin,4,0,0.2891002187573746,0.13642287806611342,0.21579920981753645,0.23171459069216127,0.10857561974597657
L116215,Trametinib,4,0,0.191021945485207,0.07550595825322452,0.21579920981753645,0.14403637987424212,0.058316480706884596
L116287,Acid,0,1,0.4736194759800148,0.8456528793745034,0.36097450657786806,0.6003521275580008,0.8517476111131915
L116287,Cisplatin,0,0,0.18583642087064267,0.5074825719948272,0.36097450657786806,0.25511835603734767,0.5097910329914781
L116287,CoCl2,0,0,0.22867007436383363,0.5859449866257476,0.36097450657786806,0.3112125665712236,0.5896595579100973
L116287,Dabrafenib,0,0,0.24473499838108828,0.6120857370857103,0.36097450657786806,0.3319659609208385,0.6162948317434772
L116287,Doxorubicin,0,1,0.2866788719209133,0.6725252243299539,0.36097450657786806,0.38532530008404225,0.6782034441118642
L116287,Trametinib,0,0,0.20368386704128424,0.5418559555784385,0.36097450657786806,0.27861499042199916,0.5446948628575718
L116375,Acid,3,1,0.47049894201675735,0.4146843208666432,0.2851085351061586,0.5194163252402008,0.4341539503195682
L116375,Cisplatin,3,0,0.1901270509498604,0.1278074763493444,0.2851085351061586,0.20415592459263268,0.12865751178378046
L116375,CoCl2,3,1,0.2186598922625351,0.15311331540748604,0.2851085351061586,0.2360885101453728,0.15489636770089274
L116375,Dabrafenib,3,1,0.2186598922625351,0.15311331540748646,0.2851085351061586,0.2360885101453728,0.15489636770089268
L116375,Doxorubicin,3,0,0.2882083795228566,0.22016197956804173,0.2851085351061586,0.3150957566279654,0.2253800700757346
L116375,Trametinib,3,1,0.19191054568686872,0.12935155634413809,0.2851085351061586,0.20614178147454457,0.13024807152430112
L116548,Acid,0,0,0.4736194759800148,0.283084547091898,0.2829292308977083,0.5073223661966879,0.30302297346042556
L116548,Cisplatin,0,0,0.18583642087064267,0.06912653697676831,0.2829292308977083,0.1901341528229292,0.07295571062602473
L116548,CoCl2,0,0,0.22867007436383363,0.09254994172494373,0.2829292308977083,0.2364760607210336,0.09807846195200047
L116548,Dabrafenib,0,0,0.24473499838108828,0.10210704271472079,0.2829292308977083,0.254084078994783,0.10837319144127337
L116548,Doxorubicin,0,0,0.2866788719209133,0.1289259711728003,0.2829292308977083,0.30055713652874005,0.13754994515555521
L116548,Trametinib,0,0,0.20368386704128424,0.07854366914430409,0.2829292308977083,0.20932762456740997,0.0830157460686611
L117154,Acid,4,1,0.4785299066468458,0.7156832397151011,0.41140659474107427,0.661831610175495,0.788725450411157
L117154,Cisplatin,4,0,0.19815483583226198,0.33968034614918197,0.41140659474107427,0.3208084482357231,0.42267337706463276
L117154,CoCl2,4,0,0.22936006970462597,0.39181914638305954,0.41140659474107427,0.36541112810576315,0.4794554296728588
L117154,Dabrafenib,4,1,0.2240101926936385,0.3830322342030721,0.41140659474107427,0.3578732055781807,0.4700120960398027
L117154,Doxorubicin,4,0,0.2891002187573746,0.48500806468693086,0.41140659474107427,0.44652025503886145,0.5766038164273584
L117154,Trametinib,4,1,0.191021945485207,0.3274597069244458,0.41140659474107427,0.3104005258529003,0.40912984201866026
L117526,Acid,3,1,0.47049894201675735,0.7094208664467059,0.3399571706940636,0.5842756957895632,0.7189432260582397
L117526,Cisplatin,3,0,0.1901270509498604,0.3355299987821605,0.3399571706940636,0.25013864677866954,0.3298789416848079
L117526,CoCl2,3,1,0.2186598922625351,0.3838634188915929,0.3399571706940636,0.28667276712765677,0.37929199783189255
L117526,Dabrafenib,3,0,0.2186598922625351,0.3838634188915937,0.3399571706940636,0.28667276712765677,0.3792919978318925
L117526,Doxorubicin,3,0,0.2882083795228566,0.4931214570985364,0.3399571706940636,0.37431340093859267,0.49239164504896676
L117526,Trametinib,3,1,0.19191054568686872,0.3386093562781361,0.3399571706940636,0.25242991390538677,0.3330064298660769
L117620,Acid,0,0,0.4736194759800148,0.283084547091898,0.22637711057537122,0.42981445983780237,0.210490756132254
L117620,Cisplatin,0,0,0.18583642087064267,0.06912653697676831,0.22637711057537122,0.14666032625467404,0.046037206440838925
L117620,CoCl2,0,0,0.22867007436383363,0.09254994172494373,0.22637711057537122,0.1848244175992007,0.06251549897410347
L117620,Dabrafenib,0,0,0.24473499838108828,0.10210704271472079,0.22637711057537122,0.19959182589761837,0.06936447276624687
L117620,Doxorubicin,0,0,0.2866788719209133,0.1289259711728003,0.22637711057537122,0.239295464311779,0.08908844814092368
L117620,Trametinib,0,0,0.20368386704128424,0.07854366914430409,0.22637711057537122,0.16234497095042516,0.05259597833613871
L117646,Acid,0,1,0.4736194759800148,0.4328777043248581,0.28971503041567853,0.516007986518432,0.47681152627100454
L117646,Cisplatin,0,0,0.18583642087064267,0.12552793042606503,0.28971503041567853,0.19554469380453934,0.14160468810728152
L117646,CoCl2,0,0,0.22867007436383363,0.1646818096685305,0.28971503041567853,0.24280995360968405,0.18563347259109092
L117646,Dabrafenib,0,0,0.24473499838108828,0.18020834599800858,0.28971503041567853,0.2607285441317956,0.20304937094782508
L117646,Doxorubicin,0,0,0.2866788719209133,0.2224585775702799,0.28971503041567853,0.30791522451103004,0.2505526849675154
L117646,Trametinib,0,0,0.20368386704128424,0.14146100184460822,0.28971503041567853,0.2151392523491735,0.159502195707963
L117889,Acid,3,0,0.47049894201675735,0.4146843208666432,0.33503532385253976,0.5803012924997702,0.5409290172692383
L117889,Cisplatin,3,0,0.1901270509498604,0.1278074763493444,0.33503532385253976,0.24708623928348966,0.1848428189756767
L117889,CoCl2,3,0,0.2186598922625351,0.15311331540748604,0.33503532385253976,0.28334299688165876,0.2196517604355717
L117889,Dabrafenib,3,0,0.2186598922625351,0.15311331540748646,0.33503532385253976,0.28334299688165876,0.2196517604355717
L117889,Doxorubicin,3,1,0.2882083795228566,0.22016197956804173,0.33503532385253976,0.37049438505583066,0.30883354320639855
L117889,Trametinib,3,0,0.19191054568686872,0.12935155634413809,0.33503532385253976,0.24935884421502927,0.18697892999923305
L117984,Acid,1,0,0.47587273821028014,0.4158230698941236,0.22227218504610277,0.42468724828910914,0.399847798870716
L117984,Cisplatin,1,0,0.19458719593808257,0.12783116011857792,0.22227218504610277,0.14915361586650672,0.11264903034481959
L117984,CoCl2,1,0,0.23560044533301658,0.16441393610034288,0.22227218504610277,0.1851496113123988,0.14670110319992755
L117984,Dabrafenib,1,0,0.23203384804524899,0.16111678970316778,0.22227218504610277,0.18195029468845517,0.14360223691306598
L117984,Doxorubicin,1,0,0.29979943088858513,0.2270276463322885,0.22227218504610277,0.244978062898088,0.20677528481356128
L117984,Trametinib,1,0,0.19726215106258552,0.1301330671248022,0.22227218504610277,0.15144795823853419,0.11476269958960048
L118217,Acid,4,1,0.4785299066468458,0.533232723551265,0.2191393996023445,0.4273557443515867,0.4135518929623099
L118217,Cisplatin,4,0,0.19815483583226198,0.18927306130745827,0.2191393996023445,0.1526231037692508,0.12149276233075304
L118217,CoCl2,4,0,0.22936006970462597,0.2262350824896203,0.2191393996023445,0.18004106075620363,0.14820043790896748
L118217,Dabrafenib,4,1,0.2240101926936385,0.21981939413316484,0.2191393996023445,0.17527091132797534,0.14348310467891753
L118217,Doxorubicin,4,0,0.2891002187573746,0.2994313353522203,0.2191393996023445,0.2352580476169007,0.20461209804271308
L118217,Trametinib,4,1,0.191021945485207,0.1809805086335104,0.2191393996023445,0.14649469347509314,0.11566634423395546
L118229,Acid,0,0,0.4736194759800148,0.283084547091898,0.1505166610286587,0.30768961421292274,0.16068494222953675
L118229,Cisplatin,0,0,0.18583642087064267,0.06912653697676831,0.1505166610286587,0.0920069052596492,0.033493211506197475
L118229,CoCl2,0,0,0.22867007436383363,0.09254994172494373,0.1505166610286587,0.11791421769065762,0.045696654804668856
L118229,Dabrafenib,0,0,0.24473499838108828,0.10210704271472079,0.1505166610286587,0.12817613120291,0.05080286867119605
L118229,Doxorubicin,0,0,0.2866788719209133,0.1289259711728003,0.1505166610286587,0.15645027089482533,0.06562096702515041
L118229,Trametinib,0,0,0.20368386704128424,0.07854366914430409,0.1505166610286587,0.10254902620170576,0.03833669891806892
L118399,Acid,3,0,0.47049894201675735,0.39977177328716923,0.4282486435304972,0.676461208823073,0.4029494239827414
L118399,Cisplatin,3,0,0.1901270509498604,0.12107732641015342,0.4282486435304972,0.3316642441331015,0.1149497742208631
L118399,CoCl2,3,1,0.2186598922625351,0.14527255064875266,0.4282486435304972,0.37416416628019644,0.13883847438600896
L118399,Dabrafenib,3,0,0.2186598922625351,0.14527255064875302,0.4282486435304972,0.37416416628019644,0.1388384743860089
L118399,Doxorubicin,3,0,0.2882083795228566,0.20973805639098703,0.4282486435304972,0.4708952533090823,0.20377712936724787
L118399,Trametinib,3,0,0.19191054568686872,0.12255152216451416,0.4282486435304972,0.33436929238511487,0.11639350580984072
L118470,Acid,1,1,0.47587273821028014,0.29525690538904675,0.26110170104360664,0.4800453700558901,0.3074562347313663
L118470,Cisplatin,1,0,0.19458719593808257,0.07941543330523236,0.26110170104360664,0.17982184232129297,0.0779952181550868
L118470,CoCl2,1,0,0.23560044533301658,0.10379144962857745,0.26110170104360664,0.221294168423569,0.10278537270989092
L118470,Dabrafenib,1,0,0.23203384804524899,0.10156225664285312,0.26110170104360664,0.21763710121212992,0.10050490436596582
L118470,Doxorubicin,1,0,0.29979943088858513,0.14739064960258655,0.26110170104360664,0.28866466381718364,0.1479950768776123
L118470,Trametinib,1,0,0.19726215106258552,0.08092639490158116,0.26110170104360664,0.18248675630976233,0.07951693429025661
L118613,Acid,2,1,0.4723002644704608,0.675733292461694,0.31631963860681617,0.5567527658562192,0.7299356238524691
L118613,Cisplatin,2,1,0.20261025237344546,0.3092359370498225,0.31631963860681617,0.23981181280075028,0.36402004544468525
L118613,CoCl2,2,1,0.22668291955083833,0.347852982488807,0.31631963860681617,0.268704406683348,0.40589863899455897
L118613,Dabrafenib,2,1,0.22668291955083833,0.3478529824888072,0.31631963860681617,0.2687044066833482,0.40589863899455897
L118613,Doxorubicin,2,0,0.2819646373115759,0.43320850826939994,0.31631963860681617,0.33491464685933187,0.4961727485203259
L118613,Trametinib,2,0,0.19458603455920903,0.2962018068662069,0.31631963860681617,0.23018152866206062,0.3497657220999626
L118637,Acid,1,0,0.47587273821028014,0.4158230698941236,0.2997872383675684,0.5301616868350117,0.4660196542071787
L118637,Cisplatin,1,0,0.19458719593808257,0.12783116011857792,0.2997872383675684,0.21133440831204842,0.14258357033710672
L118637,CoCl2,1,0,0.23560044533301658,0.16441393610034288,0.2997872383675684,0.2577901552992706,0.1838099947279767
L118637,Dabrafenib,1,0,0.23203384804524899,0.16111678970316778,0.2997872383675684,0.25372647918810365,0.180092693007718
L118637,Doxorubicin,1,0,0.29979943088858513,0.2270276463322885,0.2997872383675684,0.3315409223664653,0.2545471436835612
L118637,Trametinib,1,0,0.19726215106258552,0.1301330671248022,0.2997872383675684,0.2143442832028992,0.14516702365270942
L118750,Acid,0,0,0.4736194759800148,0.28466937869202136,0.20078765834473544,0.391115716413638,0.3478950488713844
L118750,Cisplatin,0,0,0.18583642087064267,0.06962987611271007,0.20078765834473544,0.12774396021195175,0.08806370781868622
L118750,CoCl2,0,1,0.22867007436383363,0.09320675900005541,0.20078765834473544,0.16191963958706676,0.11772830549148715
L118750,Dabrafenib,0,1,0.24473499838108828,0.10282400034002308,0.20078765834473544,0.17525040423093485,0.12978876222977342
L118750,Doxorubicin,0,0,0.2866788719209133,0.1298040178991264,0.20078765834473544,0.21139076130009113,0.16367274807553078
L118750,Trametinib,0,1,0.20368386704128424,0.07910975095779173,0.20078765834473544,0.14174161468733903,0.09998233786995121
L11899,Acid,1,0,0.47587273821028014,0.4158230698941236,0.250231372715768,0.4647710258870028,0.486632868077354
L11899,Cisplatin,1,0,0.19458719593808257,0.12783116011857792,0.250231372715768,0.17095928672009902,0.15298928247026994
L11899,CoCl2,1,0,0.23560044533301658,0.16441393610034288,0.250231372715768,0.2109132593631027,0.1965347557248445
L11899,Dabrafenib,1,0,0.23203384804524899,0.16111678970316778,0.250231372715768,0.20738205780320246,0.19262084578090666
L11899,Doxorubicin,1,0,0.29979943088858513,0.2270276463322885,0.250231372715768,0.2762445335128543,0.270545661741637
L11899,Trametinib,1,0,0.19726215106258552,0.1301330671248022,0.250231372715768,0.17352064695315927,0.15572703227816156
L119834,Acid,0,1,0.4736194759800148,0.7527164628046659,0.3814385656585093,0.6224823668215326,0.8090541085635071
L119834,Cisplatin,0,1,0.18583642087064267,0.36405217293846026,0.3814385656585093,0.27322282541734194,0.43405411223675716
L119834,CoCl2,0,1,0.22867007436383363,0.44015702560478803,0.3814385656585093,0.33152605102450294,0.514510871217289
L119834,Dabrafenib,0,1,0.24473499838108828,0.46713150920684327,0.3814385656585093,0.35293994614325075,0.5422372516621571
L119834,Doxorubicin,0,1,0.2866788719209133,0.5329214830083707,0.3814385656585093,0.40761352459509204,0.6085042833328008
L119834,Trametinib,0,0,0.20368386704128424,0.39653223221197476,0.3814385656585093,0.2977204425544147,0.4687307435080361
L120471,Acid,1,0,0.47587273821028014,0.4158230698941236,0.2776974227062285,0.5026367288554872,0.4484044565118361
L120471,Cisplatin,1,1,0.19458719593808257,0.12783116011857792,0.2776974227062285,0.19354359835735774,0.13412322450105094
L120471,CoCl2,1,0,0.23560044533301658,0.16441393610034288,0.2776974227062285,0.23726508905379698,0.17339814144590956
L120471,Dabrafenib,1,0,0.23203384804524899,0.16111678970316778,0.2776974227062285,0.23342320516528928,0.16984758675917
L120471,Doxorubicin,1,1,0.29979943088858513,0.2270276463322885,0.2776974227062285,0.30757726651133604,0.2413130755243275
L120471,Trametinib,1,0,0.19726215106258552,0.1301330671248022,0.2776974227062285,0.1963631794827138,0.1365778037604432
L121449,Acid,0,0,0.4736194759800148,0.28466937869202136,0.26991789909093583,0.4904102910015892,0.3012902271830483
L121449,Cisplatin,0,0,0.18583642087064267,0.06962987611271007,0.26991789909093583,0.1799341306995823,0.0724018738940599
L121449,CoCl2,0,0,0.22867007436383363,0.09320675900005541,0.26991789909093583,0.22447905246339644,0.09735393634307918
L121449,Dabrafenib,0,0,0.24473499838108828,0.10282400034002308,0.26991789909093583,0.2414762922383807,0.10758168776285097
L121449,Doxorubicin,0,0,0.2866788719209133,0.1298040178991264,0.26991789909093583,0.28652914403913676,0.136577990200728
L121449,Trametinib,0,0,0.20368386704128424,0.07910975095779173,0.26991789909093583,0.19835012273831268,0.08239232695544366
L121505,Acid,4,0,0.4785299066468458,0.28113031182063863,0.1980068034168344,0.39509615370536005,0.3493708077922554
L121505,Cisplatin,4,1,0.19815483583226198,0.0740054563390073,0.1980068034168344,0.13617062999102697,0.09527407531295347
L121505,CoCl2,4,0,0.22936006970462597,0.09098371995446658,0.1980068034168344,0.16119522431376473,0.11698562336179634
L121505,Dabrafenib,4,1,0.2240101926936385,0.08796750590531295,0.1980068034168344,0.15682888988053761,0.1131299198429767
L121505,Doxorubicin,4,0,0.2891002187573746,0.12763912778414688,0.1980068034168344,0.21212763849413854,0.16380039042791358
L121505,Trametinib,4,1,0.191021945485207,0.07032501345783615,0.1980068034168344,0.13060103142729246,0.09057538814253051
L121689,Acid,3,1,0.47049894201675735,0.5626436733180362,0.27437723721108165,0.5050109029707696,0.5842069741109481
L121689,Cisplatin,3,1,0.1901270509498604,0.21016135051477408,0.27437723721108165,0.19494716497570128,0.21284003514874641
L121689,CoCl2,3,1,0.2186598922625351,0.24715259853498056,0.27437723721108165,0.2258481370526514,0.2512959613950211
L121689,Dabrafenib,3,1,0.2186598922625351,0.24715259853498114,0.27437723721108165,0.2258481370526514,0.25129596139502103
L121689,Doxorubicin,3,0,0.2882083795228566,0.3389021017609692,0.27437723721108165,0.3027867515566868,0.34760266068159384
L121689,Trametinib,3,0,0.19191054568686872,0.21245801352685967,0.27437723721108165,0.19686560471833012,0.21521427098708487
L122300,Acid,3,1,0.47049894201675735,0.4992907486881012,0.30023152626331917,0.5385426207156285,0.4015778439469527
L122300,Cisplatin,3,0,0.1901270509498604,0.17098131903411887,0.30023152626331917,0.2169131314935436,0.11437071491853909
L122300,CoCl2,3,1,0.2186598922625351,0.20284744602679858,0.30023152626331917,0.2502137551819736,0.13815786096483118
L122300,Dabrafenib,3,0,0.2186598922625351,0.20284744602679902,0.30023152626331917,0.2502137551819736,0.13815786096483113
L122300,Doxorubicin,3,1,0.2882083795228566,0.2843620918120689,0.30023152626331917,0.3318942915736624,0.20285316181694849
L122300,Trametinib,3,0,0.19191054568686872,0.17294356983228507,0.30023152626331917,0.2189889340613482,0.11580812535153771
L122873,Acid,4,0,0.4785299066468458,0.29897467523817,0.21909737338503688,0.4275849214282242,0.3659604156957581
L122873,Cisplatin,4,0,0.19815483583226198,0.08016901387354933,0.21909737338503688,0.15274424873477233,0.10168376678070072
L122873,CoCl2,4,0,0.22936006970462597,0.09841103684850079,0.21909737338503688,0.18017934127010887,0.12465473422293044
L122873,Dabrafenib,4,0,0.2240101926936385,0.09517437853277874,0.21909737338503688,0.17540631187373767,0.12058078263845028
L122873,Doxorubicin,4,0,0.2891002187573746,0.13760578088210432,0.21909737338503688,0.2354265609462791,0.1739339688176249
L122873,Trametinib,4,0,0.191021945485207,0.07620727108441683,0.21909737338503688,0.14661181563769424,0.09670275697953423
L12301,Acid,0,1,0.4736194759800148,0.5115146125449378,0.33874686383089414,0.5754680874849835,0.4856958939846711
L12301,Cisplatin,0,0,0.18583642087064267,0.16452941753388745,0.33874686383089414,0.23609057829326682,0.14598598233356486
L12301,CoCl2,0,0,0.22867007436383363,0.2128868482927187,0.33874686383089414,0.28962778862338584,0.1910737992777413
L12301,Dabrafenib,0,0,0.24473499838108828,0.2316976140253872,0.33874686383089414,0.30958875243897227,0.20886919336344403
L12301,Doxorubicin,0,0,0.2866788719209133,0.2818689779638529,0.33874686383089414,0.3612965440962178,0.257294479328332
L12301,Trametinib,0,0,0.20368386704128424,0.18436917227790545,0.33874686383089414,0.258442772697175,0.164331233726876
L123461,Acid,3,0,0.47049894201675735,0.4221316365433675,0.3825213128294642,0.6305873928228221,0.38719108267259267
L123461,Cisplatin,3,0,0.1901270509498604,0.1312581210697443,0.3825213128294642,0.28833463808635684,0.10840931060230119
L123461,CoCl2,3,0,0.2186598922625351,0.15712410448723127,0.3825213128294642,0.3280072212035113,0.13114018144668968
L123461,Dabrafenib,3,0,0.2186598922625351,0.15712410448723166,0.3825213128294642,0.3280072212035113,0.13114018144668968
L123461,Doxorubicin,3,0,0.2882083795228566,0.22546152411737871,0.3825213128294642,0.4208294686104868,0.1932863015639017
L123461,Trametinib,3,0,0.19191054568686872,0.13283754007855247,0.3825213128294642,0.29084007813307006,0.10978108545605274
L123566,Acid,3,0,0.47049894201675735,0.2940412912595201,0.23636054248097044,0.4528499794366769,0.19049327101387398
L123566,Cisplatin,3,0,0.1901270509498604,0.07931520225948777,0.23636054248097044,0.1641888027781841,0.04332364648252328
L123566,CoCl2,3,1,0.2186598922625351,0.09607724459137335,0.23636054248097044,0.1913732614061932,0.05322222509184072
L123566,Dabrafenib,3,1,0.2186598922625351,0.09607724459137361,0.23636054248097044,0.19137326140619318,0.05322222509184072
L123566,Doxorubicin,3,1,0.2882083795228566,0.14234777946445465,0.23636054248097044,0.26051973905248765,0.08192539169231375
L123566,Trametinib,3,1,0.19191054568686872,0.08032738842690436,0.23636054248097044,0.16586691845692897,0.0439124116671124
L123574,Acid,4,1,0.4785299066468458,0.8364900287585969,0.33615474233595005,0.5820039956703903,0.83204435031504
L123574,Cisplatin,4,1,0.19815483583226198,0.5111163938577106,0.33615474233595005,0.2515202326559125,0.49277988130833067
L123574,CoCl2,4,0,0.22936006970462597,0.5669750634717636,0.33615474233595005,0.29061150204429226,0.5500075984850564
L123574,Dabrafenib,4,1,0.2240101926936385,0.5578631662488143,0.33615474233595005,0.2839262208597338,0.540617850425731
L123574,Doxorubicin,4,1,0.2891002187573746,0.6568315609152029,0.33615474233595005,0.36465831564559925,0.6437718579579041
L123574,Trametinib,4,0,0.191021945485207,0.49737375389500266,0.33615474233595005,0.24255742732018248,0.4788531837828385
L124049,Acid,3,1,0.47049894201675735,0.5087596213124757,0.27002737318428627,0.4984719220957942,0.4693788962762256
L124049,Cisplatin,3,0,0.1901270509498604,0.17641765625334366,0.27002737318428627,0.19087479982688207,0.14546819784604112
L124049,CoCl2,3,1,0.2186598922625351,0.20904148519840962,0.27002737318428627,0.22130771267703678,0.17444908656402852
L124049,Dabrafenib,3,0,0.2186598922625351,0.20904148519841018,0.27002737318428627,0.22130771267703678,0.17444908656402847
L124049,Doxorubicin,3,0,0.2882083795228566,0.29213304047268335,0.27002737318428627,0.29729355847900985,0.25118554112693314
L124049,Trametinib,3,0,0.19191054568686872,0.1784288686041105,0.27002737318428627,0.19276275986255928,0.14723146721166497
L124052,Acid,4,1,0.4785299066468458,0.9319094089583326,0.41306762690308185,0.6635683288399984,0.9425798236921068
L124052,Cisplatin,4,0,0.19815483583226198,0.7366305829447283,0.41306762690308185,0.3225037140647373,0.7629925317939769
L124052,CoCl2,4,1,0.22936006970462597,0.7779182614582503,0.41306762690308185,0.36721465769818235,0.8019839441106221
L124052,Dabrafenib,4,1,0.2240101926936385,0.7714558863335891,0.41306762690308185,0.3596606168386087,0.795900944288632
L124052,Doxorubicin,4,1,0.2891002187573746,0.8366160308144044,0.41306762690308185,0.4484412138995435,0.8569042385140572
L124052,Trametinib,4,0,0.191021945485207,0.7258266940497576,0.41306762690308185,0.3120660628175817,0.7527626785699049
L124157,Acid,4,0,0.4785299066468458,0.29897467523817,0.2247217185186608,0.4360184132102129,0.20010033693175025
L124157,Cisplatin,4,0,0.19815483583226198,0.08016901387354933,0.2247217185186608,0.15724604447303325,0.04676458796515764
L124157,CoCl2,4,0,0.22936006970462597,0.09841103684850079,0.2247217185186608,0.18531286968121008,0.05813184030558736
L124157,Dabrafenib,4,0,0.2240101926936385,0.09517437853277874,0.2247217185186608,0.1804337806944705,0.056092664980030155
L124157,Doxorubicin,4,0,0.2891002187573746,0.13760578088210432,0.2247217185186608,0.24167014171231846,0.08362523134102802
L124157,Trametinib,4,0,0.191021945485207,0.07620727108441683,0.2247217185186608,0.1509650760370842,0.044341020337657744
L124481,Acid,3,0,0.47049894201675735,0.4146843208666432,0.27199980018842246,0.5013103496482672,0.45210261182392103
L124481,Cisplatin,3,1,0.1901270509498604,0.1278074763493444,0.27199980018842246,0.192634446889573,0.13703506847917066
L124481,CoCl2,3,0,0.2186598922625351,0.15311331540748604,0.27199980018842246,0.22327049938423868,0.1646596039339691
L124481,Dabrafenib,3,0,0.2186598922625351,0.15311331540748646,0.27199980018842246,0.22327049938423868,0.16465960393396906
L124481,Doxorubicin,3,0,0.2882083795228566,0.22016197956804173,0.27199980018842246,0.29967091557365855,0.23833305024954285
L124481,Trametinib,3,0,0.19191054568686872,0.12935155634413809,0.27199980018842246,0.19453562716196796,0.1387127101181667
L124669,Acid,3,0,0.47049894201675735,0.2940412912595201,0.09528174961576981,0.2102021758447636,0.33310498606126426
L124669,Cisplatin,3,0,0.1901270509498604,0.07931520225948777,0.09528174961576981,0.05941636915829605,0.08769309768895533
L124669,CoCl2,3,0,0.2186598922625351,0.09607724459137335,0.09528174961576981,0.0707216404219002,0.10659960598421785
L124669,Dabrafenib,3,1,0.2186598922625351,0.09607724459137361,0.09528174961576981,0.0707216404219002,0.10659960598421785
L124669,Doxorubicin,3,0,0.2882083795228566,0.14234777946445465,0.09528174961576981,0.10176056470711699,0.15924767929516515
L124669,Trametinib,3,0,0.19191054568686872,0.08032738842690436,0.09528174961576981,0.06010064384533923,0.08882885308194105
L125192,Acid,1,0,0.47587273821028014,0.2838807297763159,0.256255182067683,0.47313236297955813,0.35603932021228285
L125192,Cisplatin,1,1,0.19458719593808257,0.07546505119145054,0.256255182067683,0.17577073576843702,0.09530973326526829
L125192,CoCl2,1,0,0.23560044533301658,0.09875860442751293,0.256255182067683,0.21655544425815743,0.12485791328334016
L125192,Dabrafenib,1,0,0.23203384804524899,0.0966258507238606,0.256255182067683,0.21295527229111083,0.12215440228196456
L125192,Doxorubicin,1,0,0.29979943088858513,0.14057529225993384,0.256255182067683,0.28300759617177496,0.17785164588873714
L125192,Trametinib,1,0,0.19726215106258552,0.07690713164142415,0.256255182067683,0.178388671292273,0.09713367338089235
L125495,Acid,3,0,0.47049894201675735,0.2940412912595201,0.1568149530606308,0.32607193562729836,0.4024218128258881
L125495,Cisplatin,3,0,0.1901270509498604,0.07931520225948777,0.1568149530606308,0.10300904521792838,0.11472680026740013
L125495,CoCl2,3,0,0.2186598922625351,0.09607724459137335,0.1568149530606308,0.1215370170592472,0.13857641767594495
L125495,Dabrafenib,3,0,0.2186598922625351,0.09607724459137361,0.1568149530606308,0.1215370170592472,0.13857641767594495
L125495,Doxorubicin,3,0,0.2882083795228566,0.14234777946445465,0.1568149530606308,0.17077959396293546,0.20342145485890795
L125495,Trametinib,3,0,0.19191054568686872,0.08032738842690436,0.1568149530606308,0.10413977447716859,0.11616809895603845
L126049,Acid,3,0,0.47049894201675735,0.2800284500633928,0.08222499869731288,0.18343523320489988,0.1782045414693517
L126049,Cisplatin,3,0,0.1901270509498604,0.07445610040842693,0.08222499869731288,0.05061972063947413,0.04005902266804548
L126049,CoCl2,3,0,0.2186598922625351,0.09029195479406704,0.08222499869731288,0.06035864340723033,0.049250099919111175
L126049,Dabrafenib,3,0,0.2186598922625351,0.09029195479406729,0.08222499869731288,0.06035864340723033,0.049250099919111175
L126049,Doxorubicin,3,0,0.2882083795228566,0.13418992647207914,0.08222499869731288,0.08727652681987108,0.07598298866601473
L126049,Trametinib,3,0,0.19191054568686872,0.07541135591620717,0.08222499869731288,0.05120820331018469,0.04060530493060478
L126247,Acid,1,1,0.47587273821028014,0.6708053815046446,0.36353179980836847,0.6047413773388233,0.7792859093461126
L126247,Cisplatin,1,0,0.19458719593808257,0.2955667823298969,0.36353179980836847,0.26650389092413135,0.40218855742441256
L126247,CoCl2,1,1,0.23560044533301658,0.3603207827687818,0.36353179980836847,0.32016384955777744,0.4767409177205395
L126247,Dabrafenib,1,0,0.23203384804524899,0.3547629340440664,0.36353179980836847,0.3155349442198,0.47051461345669376
L126247,Doxorubicin,1,1,0.29979943088858513,0.4567589114319739,0.36353179980836847,0.4020918166734165,0.5800881412967507
L126247,Trametinib,1,1,0.19726215106258552,0.29985073322996,0.36353179980836847,0.2700304749845552,0.4072416500157433
L126445,Acid,4,1,0.4785299066468458,0.6169864058419372,0.27576496095017095,0.5076436882534278,0.6150230651044586
L126445,Cisplatin,4,0,0.19815483583226198,0.24766750871289406,0.27576496095017095,0.19925629078977428,0.23855974599457652
L126445,CoCl2,4,0,0.22936006970462597,0.2919268582579793,0.27576496095017095,0.23275062057175214,0.28272024862304507
L126445,Dabrafenib,4,0,0.2240101926936385,0.2843328106110728,0.27576496095017095,0.2269705117259626,0.2751039532207482
L126445,Doxorubicin,4,0,0.2891002187573746,0.3760477037560993,0.27576496095017095,0.29825307743109014,0.36820237485706775
L126445,Trametinib,4,0,0.191021945485207,0.23756622999343838,0.27576496095017095,0.1916789423065925,0.22857991488733886
L126645,Acid,4,0,0.4785299066468458,0.2968821351175162,0.18161884271250464,0.3684052583751714,0.152702386805641
L126645,Cisplatin,4,0,0.19815483583226198,0.07943437728876447,0.18161884271250464,0.12340314996164185,0.034137353649696854
L126645,CoCl2,4,0,0.22936006970462597,0.09752696145749848,0.18161884271250464,0.1464792821232971,0.04257233442340919
L126645,Dabrafenib,4,0,0.2240101926936385,0.09431633792632509,0.18161884271250464,0.14244387025806726,0.0410551714990807
L126645,Doxorubicin,4,0,0.2891002187573746,0.13642287806611342,0.18161884271250464,0.19383643600560174,0.06168910969426389
L126645,Trametinib,4,0,0.191021945485207,0.07550595825322452,0.18161884271250464,0.1182842555895988,0.032345984708820726
L126735,Acid,1,1,0.47587273821028014,0.670942994192314,0.3018327256424448,0.5332686583964187,0.651910303962191
L126735,Cisplatin,1,0,0.19458719593808257,0.2956965618695998,0.3018327256424448,0.2134216568738664,0.2630031868294327
L126735,CoCl2,1,1,0.23560044533301658,0.36046444572645203,0.3018327256424448,0.260184857524379,0.3258168097040974
L126735,Dabrafenib,1,1,0.23203384804524899,0.35490561049579,0.3018327256424448,0.2560964576175122,0.32035483541433085
L126735,Doxorubicin,1,0,0.29979943088858513,0.45691356031430064,0.3018327256424448,0.33431213439456436,0.4228882836681116
L126735,Trametinib,1,0,0.19726215106258552,0.2999815927649191,0.3018327256424448,0.2164531001107706,0.26708884668127764
L126892,Acid,0,0,0.4736194759800148,0.4328777043248581,0.18744990076490553,0.3697115670959397,0.3699838128870271
L126892,Cisplatin,0,0,0.18583642087064267,0.12552793042606503,0.18744990076490553,0.11796074387557545,0.09608594623983739
L126892,CoCl2,0,0,0.22867007436383363,0.1646818096685305,0.18744990076490553,0.14996909737267408,0.12807334860739267
L126892,Dabrafenib,0,0,0.24473499838108828,0.18020834599800858,0.18744990076490553,0.16250675799727218,0.1410241867212378
L126892,Doxorubicin,0,0,0.2866788719209133,0.2224585775702799,0.18744990076490553,0.19664570310430599,0.17724396862442385
L126892,Trametinib,0,0,0.20368386704128424,0.14146100184460822,0.18744990076490553,0.13104745156490874,0.10896058719030514
L126909,Acid,3,0,0.47049894201675735,0.2800284500633928,0.30402667002013356,0.5420405641425482,0.2988361003386362
L126909,Cisplatin,3,0,0.1901270509498604,0.07445610040842693,0.30402667002013356,0.219314879485431,0.07580178390190719
L126909,CoCl2,3,0,0.2186598922625351,0.09029195479406704,0.30402667002013356,0.25286515889560995,0.09240421456977277
L126909,Dabrafenib,3,0,0.2186598922625351,0.09029195479406729,0.30402667002013356,0.25286515889560995,0.09240421456977277
L126909,Doxorubicin,3,0,0.2882083795228566,0.13418992647207914,0.30402667002013356,0.33502448465822604,0.13913321996817005
L126909,Trametinib,3,0,0.19191054568686872,0.07541135591620717,0.30402667002013356,0.2214071677164821,0.07679649350098947
L127213,Acid,0,0,0.4736194759800148,0.4328777043248581,0.25980794347477737,0.47678349662879166,0.3735056772933565
L127213,Cisplatin,0,0,0.18583642087064267,0.12552793042606503,0.25980794347477737,0.17202215472820254,0.0974036755314661
L127213,CoCl2,0,0,0.22867007436383363,0.1646818096685305,0.25980794347477737,0.21512218304539496,0.1297667783815093
L127213,Dabrafenib,0,0,0.24473499838108828,0.18020834599800858,0.25980794347477737,0.2316225360813337,0.14286080003867616
L127213,Doxorubicin,0,0,0.2866788719209133,0.2224585775702799,0.25980794347477737,0.27550469043993964,0.17945373979832066
L127213,Trametinib,0,0,0.20368386704128424,0.14146100184460822,0.25980794347477737,0.18981580250261385,0.11043330899083392
L127323,Acid,0,1,0.4736194759800148,0.4149805867907848,0.3978948715985795,0.639367155532898,0.5490932630188289
L127323,Cisplatin,0,0,0.18583642087064267,0.11770077676036118,0.3978948715985795,0.28785763579242873,0.1806133990548925
L127323,CoCl2,0,0,0.22867007436383363,0.1548455655223088,0.3978948715985795,0.3477893573183056,0.2334721679176822
L127323,Dabrafenib,0,1,0.24473499838108828,0.16963304954505068,0.3978948715985795,0.3696728054376415,0.2539765078956002
L127323,Doxorubicin,0,1,0.2866788719209133,0.21003912850205728,0.3978948715985795,0.4252349972841117,0.3087779846559007
L127323,Trametinib,0,1,0.20368386704128424,0.13279122361587653,0.3978948715985795,0.31310213494569794,0.20227941728564766
L127688,Acid,1,0,0.47587273821028014,0.49682532081504505,0.2751940788720151,0.4987984300564398,0.5080242704402552
L127688,Cisplatin,1,0,0.19458719593808257,0.16895836921588672,0.2751940788720151,0.19115845548899107,0.16441142669914052
L127688,CoCl2,1,0,0.23560044533301658,0.21441741304351164,0.2751940788720151,0.23449781345310194,0.210400411560279
L127688,Dabrafenib,1,0,0.23203384804524899,0.2103699600311866,0.2751940788720151,0.23068718602342403,0.2062812659034823
L127688,Doxorubicin,1,0,0.29979943088858513,0.28947682397655106,0.2751940788720151,0.30431711571389497,0.28776273806716623
L127688,Trametinib,1,0,0.19726215106258552,0.17185494133780527,0.2751940788720151,0.19395164604541618,0.1673132004195197
L128433,Acid,0,0,0.4736194759800148,0.283084547091898,0.3054817142667303,0.5365803300423982,0.3936263994292196
L128433,Cisplatin,0,0,0.18583642087064267,0.06912653697676831,0.3054817142667303,0.20885400410981794,0.10514709998999626
L128433,CoCl2,0,0,0.22867007436383363,0.09254994172494373,0.3054817142667303,0.25830331686785796,0.13968484829359656
L128433,Dabrafenib,0,1,0.24473499838108828,0.10210704271472079,0.3054817142667303,0.2769470763100769,0.15360300077383068
L128433,Doxorubicin,0,0,0.2866788719209133,0.1289259711728003,0.3054817142667303,0.3257755168147249,0.19233008147114736
L128433,Trametinib,0,1,0.20368386704128424,0.07854366914430409,0.3054817142667303,0.22940191019483777,0.11907591352074513
L128570,Acid,1,0,0.47587273821028014,0.4006161480198365,0.3236780664276943,0.5592790641104469,0.39371959076364477
L128570,Cisplatin,1,1,0.19458719593808257,0.12097524340804745,0.3236780664276943,0.23157176376351343,0.11011491343631105
L128570,CoCl2,1,0,0.23560044533301658,0.15594680782634118,0.3236780664276943,0.2808916918564181,0.14352486254346655
L128570,Dabrafenib,1,0,0.23203384804524899,0.15278841257359338,0.3236780664276943,0.27659956663395535,0.14048204419371732
L128570,Doxorubicin,1,0,0.29979943088858513,0.2161701867667327,0.3236780664276943,0.35806313139011336,0.20260720337286273
L128570,Trametinib,1,1,0.19726215106258552,0.12317112828998084,0.3236780664276943,0.2347840598484797,0.11218704575618808
L128910,Acid,2,0,0.4723002644704608,0.2807695161874157,0.20490989952854075,0.40464980728531696,0.1856022680960172
L128910,Cisplatin,2,0,0.20261025237344546,0.07737396318390978,0.20490989952854075,0.1458120415412969,0.04604062569261744
L128910,CoCl2,2,0,0.22668291955083833,0.09084424576363263,0.20490989952854075,0.16585031889210683,0.05447052774470526
L128910,Dabrafenib,2,0,0.22668291955083833,0.09084424576363272,0.20490989952854075,0.165850318892107,0.05447052774470526
L128910,Doxorubicin,2,0,0.2819646373115759,0.1252471706812583,0.20490989952854075,0.214137920478053,0.0766719888977102
L128910,Trametinib,2,0,0.19458603455920903,0.07307878074846619,0.20490989952854075,0.13926503101044577,0.04338829081663888
L12904,Acid,3,1,0.47049894201675735,0.8147956517188206,0.26579803036255584,0.49355836730457453,0.7478144672083894
L12904,Cisplatin,3,0,0.1901270509498604,0.4764240380184413,0.26579803036255584,0.187857583210769,0.36332340030594595
L12904,CoCl2,3,1,0.2186598922625351,0.528898427798545,0.26579803036255584,0.21793900848974357,0.4146463359356646
L12904,Dabrafenib,3,0,0.2186598922625351,0.5288984277985457,0.26579803036255584,0.21793900848974357,0.4146463359356646
L12904,Doxorubicin,3,1,0.2882083795228566,0.6367737808795803,0.26579803036255584,0.29320372662671934,0.5292984928244712
L12904,Trametinib,3,0,0.19191054568686872,0.4798626440462622,0.26579803036255584,0.18972269736485944,0.36659450642203245
L129056,Acid,3,0,0.47049894201675735,0.7594985197593646,0.291418615209092,0.5264880046749413,0.7733045898305949
L129056,Cisplatin,3,0,0.1901270509498604,0.39510119723680726,0.291418615209092,0.20880026565601514,0.39630316867817184
L129056,CoCl2,3,0,0.2186598922625351,0.44625278061789087,0.291418615209092,0.24123908599742186,0.44899938207442697
L129056,Dabrafenib,3,0,0.2186598922625351,0.4462527806178916,0.291418615209092,0.24123908599742186,0.44899938207442697
L129056,Doxorubicin,3,0,0.2882083795228566,0.5572091703221208,0.291418615209092,0.32124513891208123,0.5639980863538977
L129056,Trametinib,3,0,0.19191054568686872,0.3983994752585449,0.291418615209092,0.2108193315771711,0.3996848004993164
L12916,Acid,0,0,0.4736194759800148,0.28466937869202136,0.2823642801275438,0.506847927576828,0.2861237887615494
L12916,Cisplatin,0,0,0.18583642087064267,0.06962987611271007,0.2823642801275438,0.18984204378302533,0.06764185995256664
L12916,CoCl2,0,0,0.22867007436383363,0.09320675900005541,0.2823642801275438,0.23613351401135174,0.09111460149287742
L12916,Dabrafenib,0,0,0.24473499838108828,0.10282400034002308,0.2823642801275438,0.25372450208339836,0.10076003507194173
L12916,Doxorubicin,0,0,0.2866788719209133,0.1298040178991264,0.2823642801275438,0.3001582567230605,0.12818179938121219
L12916,Trametinib,0,0,0.20368386704128424,0.07910975095779173,0.2823642801275438,0.20901363826497743,0.07703004080687958
L129163,Acid,3,0,0.47049894201675735,0.41162743156168125,0.22906118455427318,0.44167678108350195,0.3788425910269532
L129163,Cisplatin,3,0,0.1901270509498604,0.12640861625122612,0.22906118455427318,0.15808006056519447,0.1050414780444783
L129163,CoCl2,3,0,0.2186598922625351,0.15148558729236597,0.22906118455427318,0.1844763397807239,0.1271669123254341
L129163,Dabrafenib,3,0,0.2186598922625351,0.15148558729236636,0.22906118455427318,0.1844763397807239,0.1271669123254341
L129163,Doxorubicin,3,1,0.2882083795228566,0.21800495045802287,0.22906118455427318,0.25190715240502365,0.18783719662183102
L129163,Trametinib,3,0,0.19191054568686872,0.12793827519936513,0.22906118455427318,0.15970767115115903,0.10637572192809369
L129221,Acid,3,1,0.47049894201675735,0.2800284500633928,0.30481084105814765,0.5434348623864942,0.4226675082950467
L129221,Cisplatin,3,0,0.1901270509498604,0.07445610040842693,0.30481084105814765,0.22027832874590142,0.12348968501285923
L129221,CoCl2,3,1,0.2186598922625351,0.09029195479406704,0.30481084105814765,0.2539280550811414,0.14885464574567994
L129221,Dabrafenib,3,0,0.2186598922625351,0.09029195479406729,0.30481084105814765,0.2539280550811414,0.1488546457456799
L129221,Doxorubicin,3,0,0.2882083795228566,0.13418992647207914,0.30481084105814765,0.33627729222941977,0.2172960232949824
L129221,Trametinib,3,0,0.19191054568686872,0.07541135591620717,0.30481084105814765,0.22237719022705799,0.12502552335243833
L129285,Acid,2,0,0.4723002644704608,0.39649715616030917,0.3035993154030078,0.5415982482981069,0.3873129795645896
L129285,Cisplatin,2,0,0.20261025237344546,0.1236828129632373,0.3035993154030078,0.22883050980546935,0.11806581308535746
L129285,CoCl2,2,0,0.22668291955083833,0.1439572306507918,0.3035993154030078,0.25684708955877106,0.13777865208149923
L129285,Dabrafenib,2,0,0.22668291955083833,0.14395723065079188,0.3035993154030078,0.2568470895587712,0.1377786520814992
L129285,Doxorubicin,2,0,0.2819646373115759,0.19417819921724852,0.3035993154030078,0.3214197737697661,0.18721233842341306
L129285,Trametinib,2,0,0.19458603455920903,0.1171433286036891,0.3035993154030078,0.21951386969844064,0.11175027013763757
L129541,Acid,2,0,0.4723002644704608,0.43322824714162195,0.21784771700242517,0.4241681091264751,0.3172945395506721
L129541,Cisplatin,2,0,0.20261025237344546,0.1410473861614739,0.21784771700242517,0.1561192591404482,0.08960339493100965
L129541,CoCl2,2,0,0.22668291955083833,0.16363672749247593,0.21784771700242517,0.177280031948927,0.10513049719479778
L129541,Dabrafenib,2,0,0.22668291955083833,0.16363672749247604,0.21784771700242517,0.1772800319489271,0.10513049719479778
L129541,Doxorubicin,2,1,0.2819646373115759,0.2189669938919418,0.21784771700242517,0.22798588055101346,0.1448177781768318
L129541,Trametinib,2,0,0.19458603455920903,0.13372989310967046,0.21784771700242517,0.14919028205765095,0.0846641977905563
L12989,Acid,3,1,0.47049894201675735,0.837139553418615,0.38218317326880824,0.6306500431271082,0.8840986112528663
L12989,Cisplatin,3,1,0.1901270509498604,0.5153066486397246,0.38218317326880824,0.288389830426974,0.5948062893821442
L12989,CoCl2,3,1,0.2186598922625351,0.5674223943041203,0.38218317326880824,0.3280665068476274,0.6456674616663279
L12989,Dabrafenib,3,1,0.2186598922625351,0.5674223943041211,0.38218317326880824,0.3280665068476274,0.6456674616663279
L12989,Doxorubicin,3,1,0.2882083795228566,0.6719478600082098,0.38218317326880824,0.4208950232282133,0.7431045213289457
L12989,Trametinib,3,1,0.19191054568686872,0.5187478425376704,0.38218317326880824,0.29089555402701606,0.5982033345197479
L129963,Acid,0,0,0.4736194759800148,0.283084547091898,0.21736971854497578,0.4161245232494162,0.2321664289250248
L129963,Cisplatin,0,0,0.18583642087064267,0.06912653697676831,0.21736971854497578,0.13977818985364646,0.05189103069306655
L129963,CoCl2,0,0,0.22867007436383363,0.09254994172494373,0.21736971854497578,0.1765218657224305,0.07031017807125371
L129963,Dabrafenib,0,0,0.24473499838108828,0.10210704271472079,0.21736971854497578,0.1907811562439343,0.07794211126918786
L129963,Doxorubicin,0,0,0.2866788719209133,0.1289259711728003,0.21736971854497578,0.22923409379397425,0.09984348455420129
L129963,Trametinib,0,0,0.20368386704128424,0.07854366914430409,0.21736971854497578,0.15486039023999582,0.05923199607239043
L129976,Acid,2,0,0.4723002644704608,0.3123280499487586,0.0816914881450793,0.18135097068531703,0.24940718467415307
L129976,Cisplatin,2,0,0.20261025237344546,0.08889650017663632,0.0816914881450793,0.05270369716388903,0.06574102188080132
L129976,CoCl2,2,0,0.22668291955083833,0.10414634088636009,0.0816914881450793,0.06085815847890795,0.0774850238878423
L129976,Dabrafenib,2,0,0.22668291955083833,0.10414634088636013,0.0816914881450793,0.06085815847890798,0.0774850238878423
L129976,Doxorubicin,2,1,0.2819646373115759,0.14279558489371302,0.0816914881450793,0.08156622931433867,0.10799548611107458
L129976,Trametinib,2,0,0.19458603455920903,0.08401992822152263,0.0816914881450793,0.05009212053355676,0.0620275685448453
L130314,Acid,4,1,0.4785299066468458,0.4343535892129345,0.17768561081698347,0.3618450699224554,0.41679278364938893
L130314,Cisplatin,4,1,0.19815483583226198,0.1356408285446726,0.17768561081698347,0.12037422469064996,0.12292461656846274
L130314,CoCl2,4,1,0.22936006970462597,0.16425123627085533,0.17768561081698347,0.14297633660613157,0.149893349899827
L130314,Dabrafenib,4,0,0.2240101926936385,0.15923158911457905,0.17768561081698347,0.13902171009054465,0.14513131130765056
L130314,Doxorubicin,4,0,0.2891002187573746,0.2231774654903519,0.17768561081698347,0.18945235743107422,0.2067929658716835
L130314,Trametinib,4,0,0.191021945485207,0.1293232217737924,0.17768561081698347,0.11536443813064688,0.11703867932715059
L130334,Acid,2,1,0.4723002644704608,0.8228116225092389,0.35778126435995555,0.6042314361085983,0.8354890715966014
L130334,Cisplatin,2,1,0.20261025237344546,0.49939698491288753,0.35778126435995555,0.27716311492602547,0.5181885142396693
L130334,CoCl2,2,1,0.22668291955083833,0.5430907471549846,0.35778126435995555,0.308728221860782,0.5621267337630443
L130334,Dabrafenib,2,1,0.22668291955083833,0.5430907471549848,0.35778126435995555,0.30872822186078214,0.5621267337630443
L130334,Doxorubicin,2,0,0.2819646373115759,0.6300681955255916,0.35778126435995555,0.3796802671346366,0.6491795949074249
L130334,Trametinib,2,1,0.19458603455920903,0.48396326981790655,0.35778126435995555,0.2665588416150059,0.502668755220186
L130771,Acid,2,0,0.4723002644704608,0.41824820551231073,0.33270734332718743,0.5762900096330754,0.5046133235838136
L130771,Cisplatin,2,0,0.20261025237344546,0.13378550711129356,0.33270734332718743,0.2546159424542549,0.1774383406278856
L130771,CoCl2,2,0,0.22668291955083833,0.15542226908653953,0.33270734332718743,0.2846243368555876,0.20476272810198107
L130771,Dabrafenib,2,0,0.22668291955083833,0.15542226908653958,0.33270734332718743,0.28462433685558775,0.20476272810198107
L130771,Doxorubicin,2,0,0.2819646373115759,0.20866797340549004,0.33270734332718743,0.35286452711109195,0.2706847007887187
L130771,Trametinib,2,0,0.19458603455920903,0.1267891472075863,0.33270734332718743,0.24458243276093408,0.16855383951836192
L131040,Acid,1,0,0.47587273821028014,0.2838807297763159,0.12693658774923927,0.26627817577868923,0.36088573623301073
L131040,Cisplatin,1,0,0.19458719593808257,0.07546505119145054,0.12693658774923927,0.07934481419847103,0.09714247257764781
L131040,CoCl2,1,0,0.23560044533301658,0.09875860442751293,0.12693658774923927,0.10048313015569328,0.1271789686113087
L131040,Dabrafenib,1,0,0.23203384804524899,0.0966258507238606,0.12693658774923927,0.09856984384801314,0.12443234631752309
L131040,Doxorubicin,1,0,0.29979943088858513,0.14057529225993384,0.12693658774923927,0.13757181918733508,0.1809541354483591
L131040,Trametinib,1,0,0.19726215106258552,0.07690713164142415,0.12693658774923927,0.0806671363991969,0.09899764783521395
L131195,Acid,3,1,0.47049894201675735,0.2800284500633928,0.13773783270129175,0.29155941645415956,0.22565226334216001
L131195,Cisplatin,3,0,0.1901270509498604,0.07445610040842693,0.13773783270129175,0.08898869260038686,0.05310162595402458
L131195,CoCl2,3,0,0.2186598922625351,0.09029195479406704,0.13773783270129175,0.10529087498047097,0.06508229256540292
L131195,Dabrafenib,3,0,0.2186598922625351,0.09029195479406729,0.13773783270129175,0.10529087498047097,0.06508229256540292
L131195,Doxorubicin,3,0,0.2882083795228566,0.13418992647207914,0.13773783270129175,0.14906805482021085,0.09950942290837815
L131195,Trametinib,3,0,0.19191054568686872,0.07541135591620717,0.13773783270129175,0.08998095907696091,0.0538157981675708
L131755,Acid,3,1,0.47049894201675735,0.7222253018805509,0.4273913032599753,0.6751160323269468,0.786399462407166
L131755,Cisplatin,3,0,0.1901270509498604,0.349707634155019,0.4273913032599753,0.3303047292114623,0.41469225548028804
L131755,CoCl2,3,0,0.2186598922625351,0.3988574358731384,0.4273913032599753,0.37272759736028765,0.46793833901716375
L131755,Dabrafenib,3,0,0.2186598922625351,0.3988574358731391,0.4273913032599753,0.3727275973602877,0.46793833901716375
L131755,Doxorubicin,3,0,0.2882083795228566,0.5088585419824341,0.4273913032599753,0.4693658303056777,0.5826583471686488
L131755,Trametinib,3,0,0.19191054568686872,0.3528480134873991,0.4273913032599753,0.3330042140664955,0.41812212191820614
L131897,Acid,4,1,0.4785299066468458,0.8336420712887653,0.3365292292269639,0.582613073104664,0.8656733533970987
L131897,Cisplatin,4,1,0.19815483583226198,0.5059484077091702,0.3365292292269639,0.25199195548632974,0.5582751784262285
L131897,CoCl2,4,0,0.22936006970462597,0.5618914216736268,0.3365292292269639,0.29112802343087923,0.613903108188124
L131897,Dabrafenib,4,0,0.2240101926936385,0.5527569344045024,0.3365292292269639,0.28443562434741654,0.6048888444900226
L131897,Doxorubicin,4,1,0.2891002187573746,0.6521556285627232,0.3365292292269639,0.36523868473543997,0.7015773513674236
L131897,Trametinib,4,0,0.191021945485207,0.4922048237647992,0.3365292292269639,0.24301779830819253,0.5444844694620422
L132063,Acid,2,0,0.4723002644704608,0.6644103609414296,0.36547428193897835,0.6125080304869158,0.6431669879940365
L132063,Cisplatin,2,1,0.20261025237344546,0.2984028357615622,0.36547428193897835,0.28417648959690844,0.2762544300588112
L132063,CoCl2,2,0,0.22668291955083833,0.3363257319870985,0.36547428193897835,0.31619093646446783,0.3130054008059987
L132063,Dabrafenib,2,0,0.22668291955083833,0.33632573198709864,0.36547428193897835,0.31619093646446805,0.3130054008059987
L132063,Doxorubicin,2,0,0.2819646373115759,0.42067731191868435,0.36547428193897835,0.38789567488645466,0.3964045722988227
L132063,Trametinib,2,0,0.19458603455920903,0.2856365033454585,0.36547428193897835,0.27340537799628284,0.2640101709828908
L132173,Acid,1,0,0.47587273821028014,0.5725496822399037,0.21045675088325275,0.40679274461389514,0.4942416187570145
L132173,Cisplatin,1,0,0.19458719593808257,0.21618013561290222,0.21045675088325275,0.14004285648803308,0.15697649621082
L132173,CoCl2,1,0,0.23560044533301658,0.2702133076693188,0.21045675088325275,0.1742905054954747,0.2013870211986645
L132173,Dabrafenib,1,1,0.23203384804524899,0.26546853686479377,0.21045675088325275,0.1712393976944339,0.1974002212220608
L132173,Doxorubicin,1,0,0.29979943088858513,0.3559546074335131,0.21045675088325275,0.23160735574066108,0.2765961471547325
L132173,Trametinib,1,0,0.19726215106258552,0.219672270798143,0.21045675088325275,0.14222047896632894,0.15977213833049073
L132236,Acid,4,0,0.4785299066468458,0.29897467523817,0.24122756095076628,0.4601140193652173,0.3035072629196901
L132236,Cisplatin,4,1,0.19815483583226198,0.08016901387354933,0.24122756095076628,0.17059590960347656,0.07873063669475663
L132236,CoCl2,4,0,0.22936006970462597,0.09841103684850079,0.24122756095076628,0.2004787138042867,0.09707670037880274
L132236,Dabrafenib,4,0,0.2240101926936385,0.09517437853277874,0.24122756095076628,0.19529604433942274,0.09380746174300282
L132236,Doxorubicin,4,0,0.2891002187573746,0.13760578088210432,0.24122756095076628,0.259976398224629,0.13716196017829566
L132236,Trametinib,4,0,0.191021945485207,0.07620727108441683,0.24122756095076628,0.16388539618003323,0.07478039493288104
L1323,Acid,2,0,0.4723002644704608,0.28798107904013687,0.07220089499542641,0.1616911810267583,0.22741361770078375
L1323,Cisplatin,2,0,0.20261025237344546,0.07994198058564067,0.07220089499542641,0.046203119861818985,0.05867761051044645
L1323,CoCl2,2,0,0.22668291955083833,0.0938138784504659,0.07220089499542641,0.05340850015150936,0.06925333551731416
L1323,Dabrafenib,2,0,0.22668291955083833,0.09381387845046599,0.07220089499542641,0.05340850015150941,0.06925333551731416
L1323,Doxorubicin,2,0,0.2819646373115759,0.12918161513286344,0.07220089499542641,0.07177542442421173,0.09686282513212247
L1323,Trametinib,2,0,0.19458603455920903,0.07551591043043948,0.07220089499542641,0.04389873296302476,0.05533950838901836
L132329,Acid,4,1,0.4785299066468458,0.40620275718381477,0.32398586030463444,0.5678801678549711,0.43072560610839533
L132329,Cisplatin,4,0,0.19815483583226198,0.12265193975772988,0.32398586030463444,0.24079631469102092,0.12921025550557497
L132329,CoCl2,4,0,0.22936006970462597,0.14899489279662376,0.32398586030463444,0.2788417965275985,0.15731067171590987
L132329,Dabrafenib,4,0,0.2240101926936385,0.1443609557083698,0.32398586030463444,0.27232333012420973,0.1523552204232191
L132329,Doxorubicin,4,0,0.2891002187573746,0.20378237673848631,0.32398586030463444,0.3513751385758424,0.21630947396301642
L132329,Trametinib,4,0,0.191021945485207,0.11685751411523455,0.32398586030463444,0.23209715224822486,0.12306557665932344
L132364,Acid,0,0,0.4736194759800148,0.28466937869202136,0.11538908459560482,0.24351468095016543,0.19984843659379645
L132364,Cisplatin,0,0,0.18583642087064267,0.06962987611271007,0.11538908459560482,0.06837416784824098,0.04325405652580192
L132364,CoCl2,0,0,0.22867007436383363,0.09320675900005541,0.11538908459560482,0.08827391470172208,0.05879756431889283
L132364,Dabrafenib,0,0,0.24473499838108828,0.10282400034002308,0.11538908459560482,0.09623770883144799,0.0652675723533493
L132364,Doxorubicin,0,0,0.2866788719209133,0.1298040178991264,0.11538908459560482,0.11842359513671007,0.0839316482190661
L132364,Trametinib,0,0,0.20368386704128424,0.07910975095779173,0.11538908459560482,0.07643640736640869,0.049436870061273966
L132385,Acid,3,0,0.47049894201675735,0.28393797583778135,0.1062074812099427,0.2325753819343015,0.24592479019167926
L132385,Cisplatin,3,0,0.1901270509498604,0.07579774841898737,0.1062074812099427,0.06710403702620953,0.05905448804039654
L132385,CoCl2,3,1,0.2186598922625351,0.09189062358779186,0.1062074812099427,0.07974803611550182,0.07227571055850078
L132385,Dabrafenib,3,0,0.2186598922625351,0.09189062358779211,0.1062074812099427,0.07974803611550184,0.07227571055850077
L132385,Doxorubicin,3,0,0.2882083795228566,0.13644925330968105,0.1062074812099427,0.11426143791788844,0.11006005393754233
L132385,Trametinib,3,0,0.19191054568686872,0.07676878924958747,0.1062074812099427,0.06787045897511566,0.05984366141517244
L132506,Acid,1,0,0.47587273821028014,0.4139661310128785,0.2460717670743878,0.45907614146662584,0.4423879835467848
L132506,Cisplatin,1,0,0.19458719593808257,0.12698075304880968,0.2460717670743878,0.1677362637552507,0.1313197030580912
L132506,CoCl2,1,0,0.23560044533301658,0.16336574472442247,0.2460717670743878,0.20712518726779025,0.16993478991040495
L132506,Dabrafenib,1,1,0.23203384804524899,0.16008559150715593,0.2460717670743878,0.2036410399449079,0.16644087242967912
L132506,Doxorubicin,1,0,0.29979943088858513,0.22568808994564982,0.2460717670743878,0.2716870885480217,0.23688196587540275
L132506,Trametinib,1,1,0.19726215106258552,0.1292696161615275,0.2460717670743878,0.1702592526563121,0.1337308994268692
L132926,Acid,1,0,0.47587273821028014,0.2838807297763159,0.21721729840792736,0.41728727535009863,0.3030684681169912
L132926,Cisplatin,1,0,0.19458719593808257,0.07546505119145054,0.21721729840792736,0.1453417934291278,0.07652030847052507
L132926,CoCl2,1,0,0.23560044533301658,0.09875860442751293,0.21721729840792736,0.18061313958311626,0.10089297328344352
L132926,Dabrafenib,1,0,0.23203384804524899,0.0966258507238606,0.21721729840792736,0.17747513841273932,0.09864987461553869
L132926,Doxorubicin,1,0,0.29979943088858513,0.14057529225993384,0.21721729840792736,0.23940638139960427,0.14540520898888487
L132926,Trametinib,1,0,0.19726215106258552,0.07690713164142415,0.21721729840792736,0.1475876715992471,0.0780156834540077
L133025,Acid,1,0,0.47587273821028014,0.2846492613888907,0.3413108337485085,0.5802728136735775,0.3417098377367991
L133025,Cisplatin,1,0,0.19458719593808257,0.07572901961696576,0.3413108337485085,0.24716301254459885,0.09000711420161842
L133025,CoCl2,1,0,0.23560044533301658,0.09909531796825004,0.3413108337485085,0.2985135828303085,0.11812601131417406
L133025,Dabrafenib,1,0,0.23203384804524899,0.0969560750019377,0.3413108337485085,0.29406229991479077,0.11554901830020288
L133025,Doxorubicin,1,0,0.29979943088858513,0.14103226746692055,0.3413108337485085,0.37798165517067384,0.16881366411120655
L133025,Trametinib,1,0,0.19726215106258552,0.07717572323658099,0.3413108337485085,0.2505210757139218,0.0917398683770631
L133077,Acid,1,1,0.47587273821028014,0.2846492613888907,0.42262781968893687,0.6649902276471998,0.2870607434985212
L133077,Cisplatin,1,1,0.19458719593808257,0.07572901961696576,0.42262781968893687,0.32036794205313884,0.07125517431951918
L133077,CoCl2,1,0,0.23560044533301658,0.09909531796825004,0.42262781968893687,0.3792655213166483,0.09412175094325133
L133077,Dabrafenib,1,1,0.23203384804524899,0.0969560750019377,0.42262781968893687,0.37425252722301566,0.09201378696516903
L133077,Doxorubicin,1,0,0.29979943088858513,0.14103226746692055,0.42262781968893687,0.46595160204481106,0.13609883835356046
L133077,Trametinib,1,0,0.19726215106258552,0.07717572323658099,0.42262781968893687,0.3242921676046691,0.07265575217244265
L133458,Acid,3,1,0.47049894201675735,0.4146843208666432,0.24766162674923353,0.4681625622750667,0.49282364474713086
L133458,Cisplatin,3,1,0.1901270509498604,0.1278074763493444,0.24766162674923353,0.17282369290572086,0.15753748621990654
L133458,CoCl2,3,0,0.2186598922625351,0.15311331540748604,0.24766162674923353,0.2010938423308983,0.18839277355081996
L133458,Dabrafenib,3,1,0.2186598922625351,0.15311331540748646,0.24766162674923353,0.20109384233089828,0.18839277355081996
L133458,Doxorubicin,3,1,0.2882083795228566,0.22016197956804173,0.24766162674923353,0.27256865128705093,0.269262243360832
L133458,Trametinib,3,1,0.19191054568686872,0.12935155634413809,0.24766162674923353,0.17457162954562866,0.1594197588433868
L133480,Acid,1,0,0.47587273821028014,0.2838807297763159,0.11738403198851498,0.24861899190219502,0.3444455471542264
L133480,Cisplatin,1,0,0.19458719593808257,0.07546505119145054,0.11738403198851498,0.07285185726669503,0.09100628889924015
L133480,CoCl2,1,0,0.23560044533301658,0.09875860442751293,0.11738403198851498,0.09243405114509866,0.11939637981794207
L133480,Dabrafenib,1,1,0.23203384804524899,0.0966258507238606,0.11738403198851498,0.09065857972241183,0.1167953433439137
L133480,Doxorubicin,1,0,0.29979943088858513,0.14057529225993384,0.11738403198851498,0.12697115899311337,0.17052373954835948
L133480,Trametinib,1,0,0.19726215106258552,0.07690713164142415,0.11738403198851498,0.07407467730353241,0.09275631780747752
L134289,Acid,3,0,0.47049894201675735,0.28393797583778135,0.3428632225376635,0.587997489927858,0.30715142307191223
L134289,Cisplatin,3,0,0.1901270509498604,0.07579774841898737,0.3428632225376635,0.2530274642010254,0.07860677933684809
L134289,CoCl2,3,0,0.2186598922625351,0.09189062358779186,0.3428632225376635,0.28982043769237265,0.0957599155516836
L134289,Dabrafenib,3,0,0.2186598922625351,0.09189062358779211,0.3428632225376635,0.28982043769237265,0.09575991555168355
L134289,Doxorubicin,3,0,0.2882083795228566,0.13644925330968105,0.3428632225376635,0.3779135524657337,0.14391681627862443
L134289,Trametinib,3,0,0.19191054568686872,0.07676878924958747,0.3428632225376635,0.25533618241351996,0.07963512583972984
L134452,Acid,0,0,0.4736194759800148,0.28466937869202136,0.06284677452573999,0.13824780259548072,0.1093326468913739
L134452,Cisplatin,0,0,0.18583642087064267,0.06962987611271007,0.06284677452573999,0.03528583349101879,0.021736611623394287
L134452,CoCl2,0,0,0.22867007436383363,0.09320675900005541,0.06284677452573999,0.04603130852801013,0.02978849388746063
L134452,Dabrafenib,0,0,0.24473499838108828,0.10282400034002308,0.06284677452573999,0.05039475693912755,0.0331789086972807
L134452,Doxorubicin,0,0,0.2866788719209133,0.1298040178991264,0.06284677452573999,0.06274609934715254,0.04308983886166874
L134452,Trametinib,0,0,0.20368386704128424,0.07910975095779173,0.06284677452573999,0.03961240375243518,0.024923807384279992
L135014,Acid,4,1,0.4785299066468458,0.6700453817047675,0.36885780609222846,0.6185569906491067,0.6608585652705308
L135014,Cisplatin,4,0,0.19815483583226198,0.29328608571322035,0.36885780609222846,0.2812846369417118,0.27648881074146
L135014,CoCl2,4,0,0.22936006970462597,0.34199187502489514,0.36885780609222846,0.32300555193544256,0.3246766652034585
L135014,Dabrafenib,4,0,0.2240101926936385,0.3337092552231422,0.36885780609222846,0.3159069260433959,0.31642871515578064
L135014,Doxorubicin,4,0,0.2891002187573746,0.4317427983347921,0.36885780609222846,0.4006446685791605,0.4154961195336177
L135014,Trametinib,4,0,0.191021945485207,0.28202168788807264,0.36885780609222846,0.271646129842864,0.2654754732415722
L135446,Acid,3,1,0.47049894201675735,0.6205432124148139,0.3063617483893169,0.545354092038739,0.5950551196888945
L135446,Cisplatin,3,0,0.1901270509498604,0.2527503940096683,0.3063617483893169,0.2216102392676627,0.22044839502996702
L135446,CoCl2,3,1,0.2186598922625351,0.2944433700416058,0.3063617483893169,0.2553967843724403,0.2598252465005452
L135446,Dabrafenib,3,1,0.2186598922625351,0.2944433700416064,0.3063617483893169,0.2553967843724403,0.25982524650054517
L135446,Doxorubicin,3,0,0.2882083795228566,0.39454801926848,0.3063617483893169,0.3380065407099729,0.3578384246404292
L135446,Trametinib,3,0,0.19191054568686872,0.2553620005339106,0.3063617483893169,0.22371815025729483,0.22288347105563755
L135513,Acid,1,1,0.47587273821028014,0.4934165770576021,0.43893975912289074,0.6804150256789429,0.5017097746565301
L135513,Cisplatin,1,0,0.19458719593808257,0.16705230688483808,0.43893975912289074,0.3358118792214346,0.16097045499898197
L135513,CoCl2,1,0,0.23560044533301658,0.2121294205507139,0.43893975912289074,0.39589481477476574,0.2062344941484783
L135513,Dabrafenib,1,0,0.23203384804524899,0.20811371529842798,0.43893975912289074,0.3908004018060088,0.20217602431400172
L135513,Doxorubicin,1,1,0.29979943088858513,0.2866801763302718,0.43893975912289074,0.48342168049434164,0.2826133013430142
L135513,Trametinib,1,0,0.19726215106258552,0.16992288349159343,0.43893975912289074,0.3398306880169268,0.1638234042383357
L135540,Acid,3,0,0.47049894201675735,0.39977177328716923,0.28600959878777504,0.5200573154233677,0.2776334825331322
L135540,Cisplatin,3,1,0.1901270509498604,0.12107732641015342,0.28600959878777504,0.20457347456920158,0.06886929969155166
L135540,CoCl2,3,0,0.2186598922625351,0.14527255064875266,0.28600959878777504,0.23655195785877012,0.08409150352431412
L135540,Dabrafenib,3,0,0.2186598922625351,0.14527255064875302,0.28600959878777504,0.23655195785877012,0.08409150352431408
L135540,Doxorubicin,3,0,0.2882083795228566,0.20973805639098703,0.28600959878777504,0.3156502126410419,0.1272059394082035
L135540,Trametinib,3,0,0.19191054568686872,0.12255152216451416,0.28600959878777504,0.20656233883879202,0.06977990634781849
L135657,Acid,4,1,0.4785299066468458,0.29897467523817,0.2798414304482433,0.512891948552014,0.2613477620288256
L135657,Cisplatin,4,0,0.19815483583226198,0.08016901387354933,0.2798414304482433,0.2026284173290168,0.06488557566930782
L135657,CoCl2,4,0,0.22936006970462597,0.09841103684850079,0.2798414304482433,0.23652215740088306,0.08028657706251449
L135657,Dabrafenib,4,0,0.2240101926936385,0.09517437853277874,0.2798414304482433,0.2306765463898016,0.07753422274874247
L135657,Doxorubicin,4,0,0.2891002187573746,0.13760578088210432,0.2798414304482433,0.30266731823497045,0.11431657121745789
L135657,Trametinib,4,0,0.191021945485207,0.07620727108441683,0.2798414304482433,0.19495405417827158,0.061583562094544506
L135709,Acid,3,1,0.47049894201675735,0.5542403741566174,0.31533157198541606,0.5559015950180762,0.6174292031800757
L135709,Cisplatin,3,0,0.1901270509498604,0.2045602184504246,0.31533157198541606,0.22905083030672488,0.2369801522624902
L135709,CoCl2,3,0,0.2186598922625351,0.2408662400775254,0.31533157198541606,0.2635876230274257,0.2782559040866259
L135709,Dabrafenib,3,1,0.2186598922625351,0.2408662400775259,0.31533157198541606,0.2635876230274257,0.27825590408662587
L135709,Doxorubicin,3,0,0.2882083795228566,0.33130906764502804,0.31533157198541606,0.3476099251933628,0.3796554815754675
L135709,Trametinib,3,1,0.19191054568686872,0.20681169893857593,0.31533157198541606,0.23120849254528386,0.23954172564116016
L135998,Acid,4,1,0.4785299066468458,0.40620275718381477,0.3459768203005965,0.5936046089978116,0.47056077260900503
L135998,Cisplatin,4,0,0.19815483583226198,0.12265193975772988,0.3459768203005965,0.2606410647899876,0.14843084647794436
L135998,CoCl2,4,0,0.22936006970462597,0.14899489279662376,0.3459768203005965,0.30058061858126717,0.1798479966110194
L135998,Dabrafenib,4,1,0.2240101926936385,0.1443609557083698,0.3459768203005965,0.29376097315344474,0.1743294651145558
L135998,Doxorubicin,4,0,0.2891002187573746,0.20378237673848631,0.3459768203005965,0.3758218293187567,0.2448434545936374
L135998,Trametinib,4,0,0.191021945485207,0.11685751411523455,0.3459768203005965,0.25146243683048136,0.1415206707395202
L136317,Acid,0,0,0.4736194759800148,0.4298468745140477,0.3649139945723177,0.6045997266769735,0.47607257757166915
L136317,Cisplatin,0,0,0.18583642087064267,0.12417784540581833,0.3649139945723177,0.258503299609518,0.14124498571073732
L136317,CoCl2,0,0,0.22867007436383363,0.16298910354354232,0.3649139945723177,0.31502700909441606,0.18518605695804002
L136317,Dabrafenib,0,0,0.24473499838108828,0.17839013043284646,0.3649139945723177,0.33591072038380904,0.20257042069918524
L136317,Doxorubicin,0,0,0.2866788719209133,0.22032864646066275,0.3649139945723177,0.38953439989621397,0.24999683373681866
L136317,Trametinib,0,0,0.20368386704128424,0.13996698092727364,0.3649139945723177,0.28219358350551693,0.15910545696431017
L13633,Acid,4,1,0.4785299066468458,0.8531260065414542,0.340390037074109,0.586993626524043,0.8776089021950633
L13633,Cisplatin,4,0,0.19815483583226198,0.5427614117876639,0.340390037074109,0.2554077926957045,0.584411833405988
L13633,CoCl2,4,0,0.22936006970462597,0.5978492485200184,0.340390037074109,0.29486523890271027,0.6388773909509176
L13633,Dabrafenib,4,1,0.2240101926936385,0.5889159789168796,0.340390037074109,0.28812184777687777,0.6300948738574869
L13633,Doxorubicin,4,1,0.2891002187573746,0.6848600765009445,0.340390037074109,0.3694314550764138,0.7234353662091051
L13633,Trametinib,4,1,0.191021945485207,0.529088745034779,0.340390037074109,0.24635205172390304,0.5708097984938637
L136444,Acid,0,0,0.4736194759800148,0.283084547091898,0.16330636574604027,0.3301439934624071,0.16176591093590673
L136444,Cisplatin,0,0,0.18583642087064267,0.06912653697676831,0.16330636574604027,0.10101801281031933,0.03375293880564534
L136444,CoCl2,0,0,0.22867007436383363,0.09254994172494373,0.16330636574604027,0.12910190386198028,0.046046506702009285
L136444,Dabrafenib,0,0,0.24473499838108828,0.10210704271472079,0.16330636574604027,0.14018273229838438,0.05118971656891137
L136444,Doxorubicin,0,0,0.2866788719209133,0.1289259711728003,0.16330636574604027,0.17058715944846614,0.06611279097702556
L136444,Trametinib,0,0,0.20368386704128424,0.07854366914430409,0.16330636574604027,0.11246473850087041,0.0386324843493626
L136970,Acid,4,0,0.4785299066468458,0.40620275718381477,0.29097366781828793,0.5272547527327882,0.3139368728446575
L136970,Cisplatin,4,0,0.19815483583226198,0.12265193975772988,0.29097366781828793,0.21208568174297684,0.0823493654539387
L136970,CoCl2,4,0,0.22936006970462597,0.14899489279662376,0.29097366781828793,0.24707117321081115,0.10144582239145492
L136970,Dabrafenib,4,0,0.2240101926936385,0.1443609557083698,0.29097366781828793,0.24104715915487693,0.09804542269502105
L136970,Doxorubicin,4,0,0.2891002187573746,0.20378237673848631,0.29097366781828793,0.3149494661798868,0.14304937156706246
L136970,Trametinib,4,0,0.191021945485207,0.11685751411523455,0.29097366781828793,0.20414483682815954,0.07823297549392794
L13712,Acid,3,1,0.47049894201675735,0.6153717214369409,0.396143463921823,0.6447460072022447,0.6245073585075618
L13712,Cisplatin,3,0,0.1901270509498604,0.2486356296563294,0.396143463921823,0.301071604540797,0.24246100907973928
L13712,CoCl2,3,1,0.2186598922625351,0.28991318691797713,0.396143463921823,0.3416553532452937,0.2843356476928158
L13712,Dabrafenib,3,0,0.2186598922625351,0.28991318691797774,0.396143463921823,0.3416553532452937,0.2843356476928157
L13712,Doxorubicin,3,0,0.2882083795228566,0.3893275356682291,0.396143463921823,0.43583491268641045,0.3867635099907004
L13712,Trametinib,3,0,0.19191054568686872,0.2512190131503846,0.396143463921823,0.30364049931753084,0.2450627986736433
L137162,Acid,0,0,0.4736194759800148,0.2913335192140022,0.12623797736024908,0.2639781564817567,0.20599694529573367
L137162,Cisplatin,0,0,0.18583642087064267,0.07176496068223485,0.12623797736024908,0.07559055743088278,0.04485487861686103
L137162,CoCl2,0,0,0.22867007436383363,0.09599020016883097,0.12623797736024908,0.09737106110619884,0.06093700832674316
L137162,Dabrafenib,0,0,0.24473499838108828,0.10586111354471528,0.12623797736024908,0.10606009811088632,0.06762552293857403
L137162,Doxorubicin,0,0,0.2866788719209133,0.13351944255669992,0.12623797736024908,0.13018418447947444,0.08690119648847991
L137162,Trametinib,0,0,0.20368386704128424,0.08151005317126969,0.12623797736024908,0.08442659502821251,0.05125425812068085
L13717,Acid,0,0,0.4736194759800148,0.283084547091898,0.04885544560637445,0.1080577323246598,0.11351859095764526
L13717,Cisplatin,0,0,0.18583642087064267,0.06912653697676831,0.04885544560637445,0.02687892343000862,0.022654128486469888
L13717,CoCl2,0,0,0.22867007436383363,0.09254994172494373,0.04885544560637445,0.03515757074020774,0.03103510362774446
L13717,Dabrafenib,0,1,0.24473499838108828,0.10210704271472079,0.04885544560637445,0.03853189769410875,0.03456234846584659
L13717,Doxorubicin,0,0,0.2866788719209133,0.1289259711728003,0.04885544560637445,0.048123093103982564,0.044867350640323274
L13717,Trametinib,0,0,0.20368386704128424,0.07854366914430409,0.04885544560637445,0.03020695756592923,0.025972286119398415
L137611,Acid,4,1,0.4785299066468458,0.9388621509687122,0.2624283273899716,0.4898790695187038,0.9215010935069254
L137611,Cisplatin,4,1,0.19815483583226198,0.7583527828749882,0.2624283273899716,0.1881592639112571,0.6971685864598167
L137611,CoCl2,4,1,0.22936006970462597,0.7971727720657786,0.2624283273899716,0.22030142338031206,0.7433464070132911
L137611,Dabrafenib,4,1,0.2240101926936385,0.7911202417955406,0.2624283273899716,0.21474394598853375,0.7360549226645448
L137611,Doxorubicin,4,1,0.2891002187573746,0.8517512743623764,0.2624283273899716,0.2835953346603417,0.8106910215395635
L137611,Trametinib,4,1,0.191021945485207,0.7481353033189229,0.2624283273899716,0.18090857434077895,0.6852695538932584
L137746,Acid,2,0,0.4723002644704608,0.41824820551231073,0.1589221262173161,0.32868423289456244,0.3935028619612619
L137746,Cisplatin,2,0,0.20261025237344546,0.13378550711129356,0.1589221262173161,0.10950110799877474,0.12080110000791427
L137746,CoCl2,2,0,0.22668291955083833,0.15542226908653953,0.1589221262173161,0.12528121599520683,0.14089767393236252
L137746,Dabrafenib,2,1,0.22668291955083833,0.15542226908653958,0.1589221262173161,0.12528121599520695,0.14089767393236252
L137746,Doxorubicin,2,0,0.2819646373115759,0.20866797340549004,0.1589221262173161,0.1640804740427898,0.19120227488522584
L137746,Trametinib,2,1,0.19458603455920903,0.1267891472075863,0.1589221262173161,0.10438523256864492,0.1143582141960759
L13780,Acid,1,0,0.47587273821028014,0.2838807297763159,0.18704417940041382,0.36968018696966504,0.2712605675619434
L13780,Cisplatin,1,0,0.19458719593808257,0.07546505119145054,0.18704417940041382,0.12225113526163715,0.0662297552303729
L13780,CoCl2,1,0,0.23560044533301658,0.09875860442751293,0.18704417940041382,0.15292150980638353,0.08763579366045773
L13780,Dabrafenib,1,0,0.23203384804524899,0.0966258507238606,0.18704417940041382,0.15017644839090755,0.08565935434880692
L13780,Doxorubicin,1,0,0.29979943088858513,0.14057529225993384,0.18704417940041382,0.20495530569851358,0.1271261674307892
L13780,Trametinib,1,0,0.19726215106258552,0.07690713164142415,0.18704417940041382,0.12419205572028937,0.06753873765094784
L138125,Acid,4,1,0.4785299066468458,0.7400836757331307,0.34729999310433424,0.5948260706966583,0.7604404791926578
L138125,Cisplatin,4,1,0.19815483583226198,0.36784703412655134,0.34729999310433424,0.26161844777634446,0.383676476754946
L138125,CoCl2,4,1,0.22936006970462597,0.4215491720877442,0.34729999310433424,0.3016466678571947,0.43920516934314874
L138125,Dabrafenib,4,0,0.2240101926936385,0.41254779540659564,0.34729999310433424,0.2948130306440457,0.4298998837411696
L138125,Doxorubicin,4,1,0.2891002187573746,0.5158119975140646,0.34729999310433424,0.3770108887286423,0.5366051848611743
L138125,Trametinib,4,0,0.191021945485207,0.35515808331396603,0.34729999310433424,0.2524171513881489,0.37058042125083834
L13818,Acid,3,1,0.47049894201675735,0.8966151647976649,0.3140822731362276,0.5545230245462686,0.8733076426603641
L13818,Cisplatin,3,1,0.1901270509498604,0.642060159906029,0.3140822731362276,0.22806655289463498,0.570175638903283
L13818,CoCl2,3,1,0.2186598922625351,0.6887782276221946,0.3140822731362276,0.2625054676845353,0.622164593961268
L13818,Dabrafenib,3,1,0.2186598922625351,0.6887782276221954,0.3140822731362276,0.2625054676845353,0.622164593961268
L13818,Doxorubicin,3,1,0.2882083795228566,0.7755778582863024,0.3140822731362276,0.3463450533947306,0.7232948903348989
L13818,Trametinib,3,0,0.19191054568686872,0.6452210130647177,0.3140822731362276,0.23021771196479465,0.5736311600341886
L138181,Acid,0,0,0.4736194759800148,0.4328777043248581,0.2800378631603174,0.5038419544263818,0.47163306752652556
L138181,Cisplatin,0,0,0.18583642087064267,0.12552793042606503,0.2800378631603174,0.1879994223316372,0.13909887282341768
L138181,CoCl2,0,0,0.22867007436383363,0.1646818096685305,0.2800378631603174,0.23397134304778275,0.18251419046114783
L138181,Dabrafenib,0,0,0.24473499838108828,0.18020834599800858,0.2800378631603174,0.2514542811514642,0.19970920830996214
L138181,Doxorubicin,0,0,0.2866788719209133,0.2224585775702799,0.2800378631603174,0.2976382684537856,0.24667296158647992
L138181,Trametinib,0,0,0.20368386704128424,0.14146100184460822,0.2800378631603174,0.20703248806126276,0.1567374983339635
L138440,Acid,2,1,0.4723002644704608,0.4245481799777996,0.2645213157032978,0.49037749503028494,0.41341025252940733
L138440,Cisplatin,2,0,0.20261025237344546,0.1368083254411842,0.2645213157032978,0.19463025427541017,0.12986653678688323
L138440,CoCl2,2,0,0.22668291955083833,0.15884431133047336,0.2645213157032978,0.21965222720305738,0.15121186323636493
L138440,Dabrafenib,2,0,0.22668291955083833,0.15884431133047341,0.2645213157032978,0.2196522272030576,0.1512118632363649
L138440,Doxorubicin,2,0,0.2819646373115759,0.2129667474206737,0.2645213157032978,0.27837670285822,0.20432311877739243
L138440,Trametinib,2,0,0.19458603455920903,0.12967755162945213,0.2645213157032978,0.186369537125465,0.12300779522846438
L138458,Acid,1,1,0.47587273821028014,0.2846492613888907,0.14396494305150054,0.2970409857661284,0.20427183896787202
L138458,Cisplatin,1,0,0.19458719593808257,0.07572901961696576,0.14396494305150054,0.09119566048842111,0.04663394727548617
L138458,CoCl2,1,0,0.23560044533301658,0.09909531796825004,0.14396494305150054,0.11509647080210145,0.06212784663276905
L138458,Dabrafenib,1,0,0.23203384804524899,0.0969560750019377,0.14396494305150054,0.11293986985103713,0.0606884187489428
L138458,Doxorubicin,1,0,0.29979943088858513,0.14103226746692055,0.14396494305150054,0.15663972707249324,0.09127375649672792
L138458,Trametinib,1,0,0.19726215106258552,0.07717572323658099,0.14396494305150054,0.0926955979357198,0.047575365632575625
L138589,Acid,2,0,0.4723002644704608,0.41824820551231073,0.35054972205457874,0.5965739297655047,0.4966341749594926
L138589,Cisplatin,2,0,0.20261025237344546,0.13378550711129356,0.35054972205457874,0.270814285273864,0.1728277395896994
L138589,CoCl2,2,0,0.22668291955083833,0.15542226908653953,0.35054972205457874,0.301958392365855,0.1996144230078389
L138589,Dabrafenib,2,0,0.22668291955083833,0.15542226908653958,0.35054972205457874,0.30195839236585514,0.1996144230078389
L138589,Doxorubicin,2,0,0.2819646373115759,0.20866797340549004,0.35054972205457874,0.37219228562363516,0.264430068354965
L138589,Trametinib,2,0,0.19458603455920903,0.1267891472075863,0.35054972205457874,0.26036542368960375,0.16412803196805892
L138906,Acid,2,1,0.4723002644704608,0.7579777243417188,0.30310746972764696,0.5408142055983723,0.7602817981186748
L138906,Cisplatin,2,0,0.20261025237344546,0.4022012266282264,0.30310746972764696,0.22827377136399074,0.40178598220927436
L138906,CoCl2,2,1,0.22668291955083833,0.4449495807106413,0.30310746972764696,0.25624483698757466,0.444969486456921
L138906,Dabrafenib,2,0,0.22668291955083833,0.44494958071064145,0.30310746972764696,0.25624483698757483,0.444969486456921
L138906,Doxorubicin,2,1,0.2819646373115759,0.5345995575892446,0.30310746972764696,0.3207314573749395,0.5360920640542836
L138906,Trametinib,2,0,0.19458603455920903,0.3874464931320329,0.30310746972764696,0.218973362064147,0.386952596683673
L139032,Acid,0,1,0.4736194759800148,0.5478487846568613,0.339916022075113,0.5768983233428495,0.5212359543484361
L139032,Cisplatin,0,0,0.18583642087064267,0.18558006591401013,0.339916022075113,0.23714851654952263,0.16462507605399934
L139032,CoCl2,0,0,0.22867007436383363,0.23835939932972935,0.339916022075113,0.2908342950077751,0.2140268825454119
L139032,Dabrafenib,0,0,0.24473499838108828,0.25868122594336856,0.339916022075113,0.310842025287633,0.2333433370193816
L139032,Doxorubicin,0,0,0.2866788719209133,0.31232035738770825,0.339916022075113,0.36264918968539706,0.2853958935275939
L139032,Trametinib,0,0,0.20368386704128424,0.20732828956532265,0.339916022075113,0.25956683898628186,0.18480573962249008
L139081,Acid,4,0,0.4785299066468458,0.6197858593803409,0.3793266074061883,0.6294629888196057,0.671893807859298
L139081,Cisplatin,4,0,0.19815483583226198,0.24988451319733312,0.3793266074061883,0.29077718528316254,0.2865283370987858
L139081,CoCl2,4,1,0.22936006970462597,0.2943850244808046,0.3793266074061883,0.33325321933837393,0.3356541846548179
L139081,Dabrafenib,4,1,0.2240101926936385,0.2867529277078418,0.3793266074061883,0.32603784324555546,0.32726250621935704
L139081,Doxorubicin,4,1,0.2891002187573746,0.3788352312560934,0.3793266074061883,0.4118570121836073,0.4276000247281803
L139081,Trametinib,4,1,0.191021945485207,0.23972162438253705,0.3793266074061883,0.2809405526655964,0.27526724382058876
L139209,Acid,1,1,0.47587273821028014,0.4934165770576021,0.2550895435971192,0.4716510936894986,0.4590994779213716
L139209,Cisplatin,1,0,0.19458719593808257,0.16705230688483808,0.2550895435971192,0.17491137064633272,0.13921411155576663
L139209,CoCl2,1,0,0.23560044533301658,0.2121294205507139,0.2550895435971192,0.21554882421023863,0.1796704459468295
L139209,Dabrafenib,1,0,0.23203384804524899,0.20811371529842798,0.2550895435971192,0.21196085942163717,0.1760188065965559
L139209,Doxorubicin,1,1,0.29979943088858513,0.2866801763302718,0.2550895435971192,0.2818031923811415,0.24930112884228145
L139209,Trametinib,1,1,0.19726215106258552,0.16992288349159343,0.2550895435971192,0.1775192634434225,0.14174660689366272
L139492,Acid,4,0,0.4785299066468458,0.29897467523817,0.19744126963212089,0.393822197917585,0.30143812230558636
L139492,Cisplatin,4,0,0.19815483583226198,0.08016901387354933,0.19744126963212089,0.13554448108846692,0.07802223393027787
L139492,CoCl2,4,1,0.22936006970462597,0.09841103684850079,0.19744126963212089,0.16047538239699097,0.09622046425678585
L139492,Dabrafenib,4,0,0.2240101926936385,0.09517437853277874,0.19744126963212089,0.15612491727776381,0.09297709169276154
L139492,Doxorubicin,4,0,0.2891002187573746,0.13760578088210432,0.19744126963212089,0.2112376283285861,0.13600541996794452
L139492,Trametinib,4,0,0.191021945485207,0.07620727108441683,0.19744126963212089,0.12999663893218874,0.07410467663298825
L139565,Acid,3,1,0.47049894201675735,0.8033974021908846,0.34308244676619704,0.5881346666095607,0.8261043289668281
L139565,Cisplatin,3,1,0.1901270509498604,0.45805225599524657,0.34308244676619704,0.25313450753794536,0.47759182217930085
L139565,CoCl2,3,0,0.2186598922625351,0.5104760173083672,0.34308244676619704,0.28993700465226485,0.5315792665954642
L139565,Dabrafenib,3,0,0.2186598922625351,0.510476017308368,0.34308244676619704,0.28993700465226485,0.5315792665954642
L139565,Doxorubicin,3,0,0.2882083795228566,0.6195352685839504,0.34308244676619704,0.3780466897923353,0.6430447914588372
L139565,Trametinib,3,0,0.19191054568686872,0.4614751345943491,0.34308244676619704,0.2554438684486981,0.4811142980172634
L139672,Acid,2,0,0.4723002644704608,0.3123280499487586,0.24312709893293946,0.46108372826275573,0.27258205212910713
L139672,Cisplatin,2,0,0.20261025237344546,0.08889650017663632,0.24312709893293946,0.176871964605269,0.07352131873161524
L139672,CoCl2,2,0,0.22668291955083833,0.10414634088636009,0.24312709893293946,0.20017836232843192,0.08652647261331592
L139672,Dabrafenib,2,0,0.22668291955083833,0.10414634088636013,0.24312709893293946,0.20017836232843206,0.08652647261331592
L139672,Doxorubicin,2,0,0.2819646373115759,0.14279558489371302,0.24312709893293946,0.2554004584072244,0.12013347361117659
L139672,Trametinib,2,0,0.19458603455920903,0.08401992822152263,0.24312709893293946,0.1692066102971642,0.06940103331943977
L139713,Acid,0,1,0.4736194759800148,0.8228236854684755,0.3071591368329908,0.538435228123534,0.7023588245065271
L139713,Cisplatin,0,1,0.18583642087064267,0.4662076502171421,0.3071591368329908,0.2100895909999454,0.29929669208656745
L139713,CoCl2,0,1,0.22867007436383363,0.5453546782568298,0.3071591368329908,0.25973540455557537,0.37115614221664855
L139713,Dabrafenib,0,0,0.24473499838108828,0.5721870132552019,0.3071591368329908,0.2784437242151286,0.3974821348435637
L139713,Doxorubicin,0,1,0.2866788719209133,0.6351373506513761,0.3071591368329908,0.32741654964015426,0.4639898161672275
L139713,Trametinib,0,0,0.20368386704128424,0.5006270665918515,0.3071591368329908,0.23072360774140405,0.32947502306459203
L139716,Acid,0,0,0.4736194759800148,0.4328777043248581,0.3590613721718108,0.5982637433803415,0.41283894404442995
L139716,Cisplatin,0,0,0.18583642087064267,0.12552793042606503,0.3590613721718108,0.2534692342487035,0.11290086939851371
L139716,CoCl2,0,0,0.22867007436383363,0.1646818096685305,0.3590613721718108,0.30935143296182616,0.1495598343794808
L139716,Dabrafenib,0,0,0.24473499838108828,0.18020834599800858,0.3590613721718108,0.33004018558779913,0.16427404740123203
L139716,Doxorubicin,0,0,0.2866788719209133,0.2224585775702799,0.3590613721718108,0.38326757372846465,0.20503980280686854
L139716,Trametinib,0,1,0.20368386704128424,0.14146100184460822,0.3590613721718108,0.2768704384714793,0.1277102332802716
L139972,Acid,3,0,0.47049894201675735,0.28393797583778135,0.1986241370395224,0.3967499765408197,0.25203322997562333
L139972,Cisplatin,3,0,0.1901270509498604,0.07579774841898737,0.1986241370395224,0.13502401851901116,0.06089615971665263
L139972,CoCl2,3,0,0.2186598922625351,0.09189062358779186,0.1986241370395224,0.1582942330122453,0.07449705476134474
L139972,Dabrafenib,3,0,0.2186598922625351,0.09189062358779211,0.1986241370395224,0.15829423301224532,0.07449705476134474
L139972,Doxorubicin,3,0,0.2882083795228566,0.13644925330968105,0.1986241370395224,0.21872152989456187,0.11330084995958944
L139972,Trametinib,3,0,0.19191054568686872,0.07676878924958747,0.1986241370395224,0.1364527156258105,0.06170833020315131
L140054,Acid,2,1,0.4723002644704608,0.6620134095718136,0.38889368863518126,0.6371710597012681,0.7141167379747246
L140054,Cisplatin,2,1,0.20261025237344546,0.29616102155552804,0.38889368863518126,0.3060612596876519,0.34597225343520976
L140054,CoCl2,2,1,0.22668291955083833,0.3339346178062946,0.38889368863518126,0.3393722963228466,0.38703811879060623
L140054,Dabrafenib,2,1,0.22668291955083833,0.3339346178062947,0.38889368863518126,0.33937229632284677,0.38703811879060623
L140054,Doxorubicin,2,1,0.2819646373115759,0.41806426339365693,0.38889368863518126,0.4131577499185561,0.47648176891334015
L140054,Trametinib,2,0,0.19458603455920903,0.2834518504566971,0.38889368863518126,0.2948022687572272,0.332055658330075
L140099,Acid,4,0,0.4785299066468458,0.29897467523817,0.11702125508073963,0.25294975270380876,0.19830624871325292
L140099,Cisplatin,4,0,0.19815483583226198,0.08016901387354933,0.11702125508073963,0.07554556612746835,0.04626578163917574
L140099,CoCl2,4,0,0.22936006970462597,0.09841103684850079,0.11702125508073963,0.09059734749230294,0.0575191033085489
L140099,Dabrafenib,4,0,0.2240101926936385,0.09517437853277874,0.11702125508073963,0.0879428234956451,0.0555001553127454
L140099,Doxorubicin,4,0,0.2891002187573746,0.13760578088210432,0.11702125508073963,0.12248030359607229,0.08276739529318382
L140099,Trametinib,4,0,0.191021945485207,0.07620727108441683,0.11702125508073963,0.07224823855448806,0.043866874958100856
L140100,Acid,1,0,0.47587273821028014,0.2838807297763159,0.07213913593384708,0.15821691012617273,0.1302048943838621
L140100,Cisplatin,1,0,0.19458719593808257,0.07546505119145054,0.07213913593384708,0.04272733137211258,0.027732861368410643
L140100,CoCl2,1,0,0.23560044533301658,0.09875860442751293,0.07213913593384708,0.05468984966672486,0.03719195022846284
L140100,Dabrafenib,1,0,0.23203384804524899,0.0966258507238606,0.07213913593384708,0.05359655364413071,0.03630789135434528
L140100,Doxorubicin,1,0,0.29979943088858513,0.14057529225993384,0.07213913593384708,0.07630998298578938,0.0553298660972823
L140100,Trametinib,1,0,0.19726215106258552,0.07690713164142415,0.07213913593384708,0.043468216932630574,0.028304043932016604
L140520,Acid,0,0,0.4736194759800148,0.28466937869202136,0.04920276990779721,0.10872427988951691,0.19648200883806355
L140520,Cisplatin,0,0,0.18583642087064267,0.06962987611271007,0.04920276990779721,0.027059916183575516,0.042385715345226026
L140520,CoCl2,0,1,0.22867007436383363,0.09320675900005541,0.04920276990779721,0.03539228139935619,0.0576359793843
L140520,Dabrafenib,0,0,0.24473499838108828,0.10282400034002308,0.04920276990779721,0.038788229619616255,0.06398685780111671
L140520,Doxorubicin,0,0,0.2866788719209133,0.1298040178991264,0.04920276990779721,0.048440015496186886,0.08231694987317767
L140520,Trametinib,0,0,0.20368386704128424,0.07910975095779173,0.04920276990779721,0.030409659777306742,0.048450692303980795
L140686,Acid,2,0,0.4723002644704608,0.28798107904013687,0.27448116667117706,0.5042295580493212,0.26286174780684085
L140686,Cisplatin,2,0,0.20261025237344546,0.07994198058564067,0.27448116667117706,0.2034634802271036,0.07021435232688525
L140686,CoCl2,2,1,0.22668291955083833,0.0938138784504659,0.27448116667117706,0.22929774481818951,0.08268674581653095
L140686,Dabrafenib,2,0,0.22668291955083833,0.09381387845046599,0.27448116667117706,0.2292977448181897,0.08268674581653095
L140686,Doxorubicin,2,1,0.2819646373115759,0.12918161513286344,0.27448116667117706,0.2896438081924566,0.1149901268275599
L140686,Trametinib,2,0,0.19458603455920903,0.07551591043043948,0.27448116667117706,0.19491859037907192,0.06626614047106132
L141027,Acid,1,1,0.47587273821028014,0.5869434204909911,0.28187191915204607,0.5073801016607169,0.5507109393556171
L141027,Cisplatin,1,0,0.19458719593808257,0.22635915760279168,0.28187191915204607,0.1965226192911985,0.18933750970008795
L141027,CoCl2,1,0,0.23560044533301658,0.2820211157045985,0.28187191915204607,0.24071620112904377,0.24029373844986304
L141027,Dabrafenib,1,0,0.23203384804524899,0.2771477470323866,0.28187191915204607,0.2368357873052541,0.2357640970238471
L141027,Doxorubicin,1,0,0.29979943088858513,0.3696115580528577,0.28187191915204607,0.31163324097441114,0.32413548990825636
L141027,Trametinib,1,0,0.19726215106258552,0.229967480200267,0.28187191915204607,0.19937487014058775,0.19257782445932525
L141173,Acid,3,0,0.47049894201675735,0.28393797583778135,0.47851346481770884,0.7217628966905982,0.3876139449415827
L141173,Cisplatin,3,0,0.1901270509498604,0.07579774841898737,0.47851346481770884,0.3810720103951703,0.10858165471277577
L141173,CoCl2,3,0,0.2186598922625351,0.09189062358779186,0.47851346481770884,0.4258688347317592,0.13134333865261683
L141173,Dabrafenib,3,0,0.2186598922625351,0.09189062358779211,0.47851346481770884,0.4258688347317593,0.13134333865261683
L141173,Doxorubicin,3,0,0.2882083795228566,0.13644925330968105,0.47851346481770884,0.5247587880587793,0.19356428513259044
L141173,Trametinib,3,0,0.19191054568686872,0.07676878924958747,0.47851346481770884,0.38394852818348046,0.10995534140575483
L141176,Acid,4,1,0.4785299066468458,0.4009545265371683,0.33819474799666266,0.5846586034363903,0.40495558054614594
L141176,Cisplatin,4,0,0.19815483583226198,0.12032488295926717,0.33819474799666266,0.2535819268506865,0.11774841918056961
L141176,CoCl2,4,0,0.22936006970462597,0.14625135045648124,0.33819474799666266,0.2928682461371865,0.14376768121449132
L141176,Dabrafenib,4,0,0.2240101926936385,0.1416885344508203,0.33819474799666266,0.286151991603206,0.13916839319309313
L141176,Doxorubicin,4,0,0.2891002187573746,0.2002674063179937,0.33819474799666266,0.3671924343817308,0.19888600476478702
L141176,Trametinib,4,0,0.191021945485207,0.1146260307806866,0.33819474799666266,0.2445696599002125,0.11207865931850648
L14194,Acid,0,1,0.4736194759800148,0.2913335192140022,0.04892840981191234,0.10829493236780917,0.09122937895864582
L14194,Cisplatin,0,0,0.18583642087064267,0.07176496068223485,0.04892840981191234,0.026943308873741714,0.01784684181191287
L14194,CoCl2,0,0,0.22867007436383363,0.09599020016883097,0.04892840981191234,0.035241068600551324,0.02449391569613953
L14194,Dabrafenib,0,0,0.24473499838108828,0.10586111354471528,0.04892840981191234,0.0386230886495398,0.02729867695473132
L14194,Doxorubicin,0,0,0.2866788719209133,0.13351944255669992,0.04892840981191234,0.048235844144468826,0.03551764024101623
L14194,Trametinib,0,0,0.20368386704128424,0.08151005317126969,0.04892840981191234,0.030279066891856055,0.020475626169766212
L142069,Acid,0,1,0.4736194759800148,0.5115146125449378,0.28739351259832024,0.5133815051770132,0.42942385392051635
L142069,Cisplatin,0,0,0.18583642087064267,0.16452941753388745,0.28739351259832024,0.19389589960350678,0.119896867757231
L142069,CoCl2,0,1,0.22867007436383363,0.2128868482927187,0.28739351259832024,0.24088196225400688,0.1584217644170841
L142069,Dabrafenib,0,1,0.24473499838108828,0.2316976140253872,0.28739351259832024,0.2587068854684502,0.1738296353916036
L142069,Doxorubicin,0,0,0.2866788719209133,0.2818689779638529,0.28739351259832024,0.30567897238675956,0.21635279816042965
L142069,Trametinib,0,0,0.20368386704128424,0.18436917227790545,0.28739351259832024,0.2133690620212211,0.13548375298387888
L142131,Acid,0,0,0.4736194759800148,0.41687445602687223,0.2904125065592103,0.5170992924151302,0.42536227100840746
L142131,Cisplatin,0,0,0.18583642087064267,0.1185127757596139,0.2904125065592103,0.19623304238464948,0.11815660701253101
L142131,CoCl2,0,0,0.22867007436383363,0.15586854988823068,0.2904125065592103,0.24361429799270878,0.15622158408218195
L142131,Dabrafenib,0,0,0.24473499838108828,0.17073399163724073,0.2904125065592103,0.2615717412711405,0.1714590652491484
L142131,Doxorubicin,0,0,0.2866788719209133,0.21133556904734843,0.2904125065592103,0.3088472706819296,0.2135522217444738
L142131,Trametinib,0,1,0.20368386704128424,0.13369155432558244,0.2904125065592103,0.21587806699067094,0.13355158469083675
L142448,Acid,3,1,0.47049894201675735,0.5187668325573956,0.24844488182931865,0.4693372433400311,0.4694797301355755
L142448,Cisplatin,3,0,0.1901270509498604,0.18231387458699444,0.24844488182931865,0.1734990777357536,0.14551853069995574
L142448,CoCl2,3,0,0.2186598922625351,0.21574243063175946,0.24844488182931865,0.20185274568885947,0.1745073992079813
L142448,Dabrafenib,3,0,0.2186598922625351,0.21574243063175988,0.24844488182931865,0.20185274568885947,0.1745073992079813
L142448,Doxorubicin,3,0,0.2882083795228566,0.300485650148038,0.24844488182931865,0.2735049474519038,0.25126169737429654
L142448,Trametinib,3,0,0.19191054568686872,0.18437725715328798,0.24844488182931865,0.17525239797249886,0.14728230501348738
L143061,Acid,0,0,0.4736194759800148,0.4328777043248581,0.07830317901249872,0.17044969789250874,0.33020127065193866
L143061,Cisplatin,0,0,0.18583642087064267,0.12552793042606503,0.07830317901249872,0.04475033500788845,0.08192462748410155
L143061,CoCl2,0,0,0.22867007436383363,0.1646818096685305,0.07830317901249872,0.058204111194567414,0.109770175200571
L143061,Dabrafenib,0,0,0.24473499838108828,0.18020834599800858,0.07830317901249872,0.06364447397458135,0.12112730279641228
L143061,Doxorubicin,0,0,0.2866788719209133,0.2224585775702799,0.07830317901249872,0.07897314642792407,0.15314799522388084
L143061,Trametinib,0,0,0.20368386704128424,0.14146100184460822,0.07830317901249872,0.050177034775262426,0.09309720956591662
L143472,Acid,2,0,0.4723002644704608,0.28798107904013687,0.17352080609953932,0.3534002509892916,0.20556196953863656
L143472,Cisplatin,2,0,0.20261025237344546,0.07994198058564067,0.17352080609953932,0.1206985902971543,0.051949211629427644
L143472,CoCl2,2,0,0.22668291955083833,0.0938138784504659,0.17352080609953932,0.13784257518005708,0.06139133695523435
L143472,Dabrafenib,2,0,0.22668291955083833,0.09381387845046599,0.17352080609953932,0.1378425751800572,0.06139133695523435
L143472,Doxorubicin,2,0,0.2819646373115759,0.12918161513286344,0.17352080609953932,0.17973271037939517,0.0861565938665768
L143472,Trametinib,2,0,0.19458603455920903,0.07551591043043948,0.17352080609953932,0.11512720437227782,0.04897396608617341
L143620,Acid,2,0,0.4723002644704608,0.28798107904013687,0.21091308260946381,0.4136010296788758,0.25812584641586395
L143620,Cisplatin,2,0,0.20261025237344546,0.07994198058564067,0.21091308260946381,0.15048481094265315,0.06862618983550944
L143620,CoCl2,2,0,0.22668291955083833,0.0938138784504659,0.21091308260946381,0.1710366643787897,0.08084100140263384
L143620,Dabrafenib,2,0,0.22668291955083833,0.09381387845046599,0.21091308260946381,0.17103666437878978,0.08084100140263384
L143620,Doxorubicin,2,0,0.2819646373115759,0.12918161513286344,0.21091308260946381,0.220435237990716,0.11251174516983048
L143620,Trametinib,2,0,0.19458603455920903,0.07551591043043948,0.21091308260946381,0.14376330316521443,0.06476106154066653
L143819,Acid,4,1,0.4785299066468458,0.4912563503011584,0.3321207306824271,0.5777465748663356,0.3567840334326441
L143819,Cisplatin,4,1,0.19815483583226198,0.16481276158045635,0.3321207306824271,0.24824458696189572,0.09810868154512124
L143819,CoCl2,4,0,0.22936006970462597,0.19816564360166347,0.3321207306824271,0.28702198210595475,0.1203802440777826
L143819,Dabrafenib,4,0,0.2240101926936385,0.19234808527108072,0.3321207306824271,0.28038663744240294,0.11642740996328961
L143819,Doxorubicin,4,0,0.2891002187573746,0.26539520945006895,0.3321207306824271,0.3606191358378876,0.16829454773615052
L143819,Trametinib,4,0,0.191021945485207,0.1573838392867988,0.3321207306824271,0.2393611791296867,0.09328461254408375
L144044,Acid,0,0,0.4736194759800148,0.283084547091898,0.1325524609136596,0.2756434807494037,0.24408419498976625
L144044,Cisplatin,0,0,0.18583642087064267,0.06912653697676831,0.1325524609136596,0.07983392075477462,0.0552202689283425
L144044,CoCl2,0,1,0.22867007436383363,0.09254994172494373,0.1325524609136596,0.10270125996035975,0.07472801438112635
L144044,Dabrafenib,0,0,0.24473499838108828,0.10210704271472079,0.1325524609136596,0.11180702680252154,0.08279678161620495
L144044,Doxorubicin,0,0,0.2866788719209133,0.1289259711728003,0.1325524609136596,0.13703790510804087,0.1059056126273884
L144044,Trametinib,0,0,0.20368386704128424,0.07854366914430409,0.1325524609136596,0.08911816036358437,0.06300092147151534
L144132,Acid,3,0,0.47049894201675735,0.6735532911073193,0.28820510975141206,0.5225041689058385,0.6492747508831787
L144132,Cisplatin,3,0,0.1901270509498604,0.2991076064337819,0.28820510975141206,0.20617362942573172,0.26267610965056143
L144132,CoCl2,3,0,0.2186598922625351,0.3449178302729416,0.28820510975141206,0.23832730018467085,0.30662886560543356
L144132,Dabrafenib,3,0,0.2186598922625351,0.3449178302729423,0.28820510975141206,0.23832730018467096,0.3066288656054334
L144132,Doxorubicin,3,1,0.2882083795228566,0.45120863166770964,0.28820510975141206,0.3177721019842526,0.41245913939992024
L144132,Trametinib,3,1,0.19191054568686872,0.30200462123125155,0.28820510975141206,0.20817397900414533,0.2654188191509102
L144495,Acid,4,1,0.4785299066468458,0.5600708095051647,0.24980963610204693,0.47228453780568624,0.4737331790989158
L144495,Cisplatin,4,0,0.19815483583226198,0.2064565555289803,0.24980963610204693,0.17762794023409492,0.15004701330245546
L144495,CoCl2,4,0,0.22936006970462597,0.24575703214664701,0.24980963610204693,0.20843297331203917,0.1817332408942902
L144495,Dabrafenib,4,0,0.2240101926936385,0.23895870067093994,0.24980963610204693,0.2030969091469817,0.1761692874854743
L144495,Doxorubicin,4,0,0.2891002187573746,0.32263579483226207,0.24980963610204693,0.26949560042322823,0.24720465333759958
L144495,Trametinib,4,0,0.191021945485207,0.19759463819748185,0.24980963610204693,0.17069774527111714,0.14307423848671572
L144579,Acid,0,1,0.4736194759800148,0.28466937869202136,0.10541726540981336,0.22503511793675654,0.11884252374533136
L144579,Cisplatin,0,0,0.18583642087064267,0.06962987611271007,0.10541726540981336,0.062094514718988435,0.023831149851867635
L144579,CoCl2,0,1,0.22867007436383363,0.09320675900005541,0.10541726540981336,0.08032419763483441,0.032633029015296286
L144579,Dabrafenib,0,0,0.24473499838108828,0.10282400034002308,0.10541726540981336,0.08763973411405623,0.03633507334240293
L144579,Doxorubicin,0,0,0.2866788719209133,0.1298040178991264,0.10541726540981336,0.10808055044142759,0.04714281627077875
L144579,Trametinib,0,1,0.20368386704128424,0.07910975095779173,0.10541726540981336,0.0694715141159693,0.02731688763414081
L145010,Acid,0,1,0.4736194759800148,0.6285664830940076,0.3779652775916771,0.6187963301517742,0.6951238169431686
L145010,Cisplatin,0,1,0.18583642087064267,0.24142177164893752,0.3779652775916771,0.27012511423695,0.29213844491503904
L145010,CoCl2,0,0,0.22867007436383363,0.3041515279033174,0.3779652775916771,0.3280657012840457,0.3631700079351992
L145010,Dabrafenib,0,0,0.24473499838108828,0.32766941657107157,0.3779652775916771,0.34937290197262544,0.3892802048479984
L145010,Doxorubicin,0,1,0.2866788719209133,0.38812409528398895,0.3779652775916771,0.40383877772293697,0.4554529133991503
L145010,Trametinib,0,0,0.20368386704128424,0.26756415214742696,0.3779652775916771,0.29445751560598954,0.3219266102028613
L145073,Acid,1,1,0.47587273821028014,0.8739824410059566,0.33535265961946314,0.5730282641160113,0.8575315447042251
L145073,Cisplatin,1,0,0.19458719593808257,0.588146987597772,0.33535265961946314,0.24168258365341888,0.5342147322839639
L145073,CoCl2,1,1,0.23560044533301658,0.6571990471706354,0.33535265961946314,0.29233667928671114,0.608336228037032
L145073,Dabrafenib,1,0,0.23203384804524899,0.6517274479979658,0.33535265961946314,0.28793969604695535,0.6023697641736336
L145073,Doxorubicin,1,0,0.29979943088858513,0.7410458711163359,0.33535265961946314,0.3710301218908244,0.7019420131714975
L145073,Trametinib,1,0,0.19726215106258552,0.5931011536388067,0.33535265961946314,0.24499041817300715,0.5394298190996555
L145077,Acid,0,1,0.4736194759800148,0.5263191457940031,0.3452528419184486,0.5829237756003546,0.6224757790068742
L145077,Cisplatin,0,1,0.18583642087064267,0.17284478443285395,0.3452528419184486,0.24165215799440842,0.22985414365343199
L145077,CoCl2,0,0,0.22867007436383363,0.22299389119780127,0.3452528419184486,0.29596192528303106,0.291988499313174
L145077,Dabrafenib,0,0,0.24473499838108828,0.2424226653226404,0.3452528419184486,0.3161651409770846,0.3155165984707127
L145077,Doxorubicin,0,0,0.2866788719209133,0.29402764097720413,0.3452528419184486,0.3683852526843473,0.3768884421913842
L145077,Trametinib,0,0,0.20368386704128424,0.19345506733844148,0.3452528419184486,0.26434869130865724,0.2555845162767803
L145263,Acid,4,1,0.4785299066468458,0.916529714513122,0.3319803503418943,0.577245327727807,0.9207627596644266
L145263,Cisplatin,4,0,0.19815483583226198,0.6917334922492888,0.3319803503418943,0.24786140613348115,0.6950185849540358
L145263,CoCl2,4,0,0.22936006970462597,0.7375519102562768,0.3319803503418943,0.2866017654132703,0.7414026458413894
L145263,Dabrafenib,4,0,0.2240101926936385,0.7303221135539825,0.3319803503418943,0.27997232057428856,0.7340756946297875
L145263,Doxorubicin,4,1,0.2891002187573746,0.8042338678402974,0.3319803503418943,0.3601455965221709,0.809126329158413
L145263,Trametinib,4,0,0.191021945485207,0.6798882027754767,0.3319803503418943,0.23898735123782916,0.6830734766981713
L145281,Acid,4,1,0.4785299066468458,0.40620275718381477,0.46987862934289726,0.7154838615014383,0.500299727977382
L145281,Cisplatin,4,0,0.19815483583226198,0.12265193975772988,0.46987862934289726,0.37769176161869883,0.16412244652369162
L145281,CoCl2,4,0,0.22936006970462597,0.14899489279662376,0.46987862934289726,0.42525135901853844,0.19808832052336714
L145281,Dabrafenib,4,0,0.2240101926936385,0.1443609557083698,0.46987862934289726,0.4172907418924805,0.19214121759314395
L145281,Doxorubicin,4,1,0.2891002187573746,0.20378237673848631,0.46987862934289726,0.5089894011404855,0.26752545927092725
L145281,Trametinib,4,0,0.191021945485207,0.11685751411523455,0.46987862934289726,0.3664340355428274,0.15661610410217608
L145460,Acid,2,1,0.4723002644704608,0.28798107904013687,0.2198757674866462,0.42674913992545876,0.27286751531478853
L145460,Cisplatin,2,0,0.20261025237344546,0.07994198058564067,0.2198757674866462,0.15751539895403568,0.07361941263987025
L145460,CoCl2,2,0,0.22668291955083833,0.0938138784504659,0.2198757674866462,0.17882530715634057,0.08664029564553562
L145460,Dabrafenib,2,0,0.22668291955083833,0.09381387845046599,0.2198757674866462,0.17882530715634068,0.08664029564553562
L145460,Doxorubicin,2,0,0.2819646373115759,0.12918161513286344,0.2198757674866462,0.2298496574441833,0.12028568424631517
L145460,Trametinib,2,0,0.19458603455920903,0.07551591043043948,0.2198757674866462,0.1505355110606593,0.06949404219607849
L146674,Acid,3,1,0.47049894201675735,0.6720536619404234,0.32677520976843943,0.5697812750372484,0.7607103911605784
L146674,Cisplatin,3,0,0.1901270509498604,0.29768143828033244,0.32677520976843943,0.23916464014694838,0.37956848503181306
L146674,CoCl2,3,1,0.2186598922625351,0.3433802467394844,0.32677520976843943,0.27468307632439853,0.4316304689078474
L146674,Dabrafenib,3,1,0.2186598922625351,0.3433802467394852,0.32677520976843943,0.27468307632439853,0.4316304689078473
L146674,Doxorubicin,3,0,0.2882083795228566,0.44952236518311844,0.32677520976843943,0.3605107547760978,0.5465935925838519
L146674,Trametinib,3,1,0.19191054568686872,0.30057056353354117,0.32677520976843943,0.24138774444700756,0.3828978899378467
L146976,Acid,2,1,0.4723002644704608,0.6252933938724704,0.3461615349852914,0.5913038996812733,0.7009569507126134
L146976,Cisplatin,2,1,0.20261025237344546,0.2638897959601009,0.3461615349852914,0.2665208226317734,0.33172462192877467
L146976,CoCl2,2,1,0.22668291955083833,0.2992976606463752,0.3461615349852914,0.29737253485629467,0.3720613933299306
L146976,Dabrafenib,2,1,0.22668291955083833,0.2992976606463753,0.3461615349852914,0.2973725348562948,0.3720613933299306
L146976,Doxorubicin,2,1,0.2819646373115759,0.37967525702530464,0.3461615349852914,0.36710073237288204,0.4606449864175713
L146976,Trametinib,2,1,0.19458603455920903,0.25206951552314233,0.3461615349852914,0.25617941783815296,0.3181023883264833
L147347,Acid,1,1,0.47587273821028014,0.8657079008705257,0.3802304222026443,0.6224733071416272,0.8871714799417825
L147347,Cisplatin,1,1,0.19458719593808257,0.5703309703232663,0.3802304222026443,0.28137839446022944,0.5997215269032202
L147347,CoCl2,1,1,0.23560044533301658,0.6405445029615215,0.3802304222026443,0.3366586853062545,0.6698608511387592
L147347,Dabrafenib,1,0,0.23203384804524899,0.6349547304278511,0.3802304222026443,0.33190772944291264,0.6643144512891989
L147347,Doxorubicin,1,1,0.29979943088858513,0.7267713334281382,0.3802304222026443,0.4201986745712943,0.7546918847462825
L147347,Trametinib,1,0,0.19726215106258552,0.5753447092668643,0.3802304222026443,0.2850253239243186,0.6047458315198777
L148401,Acid,4,0,0.4785299066468458,0.49670650848256687,0.3058908695877778,0.5459954993682365,0.3697150494465021
L148401,Cisplatin,4,0,0.19815483583226198,0.16783604839948357,0.3058908695877778,0.22495467806589245,0.1031681948486678
L148401,CoCl2,4,0,0.22936006970462597,0.20165302671857854,0.3058908695877778,0.261358856033338,0.1264273081481041
L148401,Dabrafenib,4,0,0.2240101926936385,0.19575808376581713,0.3058908695877778,0.2551045133719298,0.12230351965350186
L148401,Doxorubicin,4,0,0.2891002187573746,0.2696678182715741,0.3058908695877778,0.3314345453429526,0.1762661797889279
L148401,Trametinib,4,0,0.191021945485207,0.16029700676010405,0.3058908695877778,0.2166644941064405,0.09812241251561266
L148876,Acid,2,0,0.4723002644704608,0.5930779876088499,0.30328369734188726,0.5408789833611619,0.611429966415588
L148876,Cisplatin,2,1,0.20261025237344546,0.23844539477507073,0.30328369734188726,0.22831972756206084,0.24994097921376357
L148876,CoCl2,2,0,0.22668291955083833,0.27169934275775925,0.30328369734188726,0.2562945541995,0.28456776742625467
L148876,Dabrafenib,2,1,0.22668291955083833,0.27169934275775937,0.30328369734188726,0.25629455419950015,0.28456776742625467
L148876,Doxorubicin,2,1,0.2819646373115759,0.3483499514590749,0.30328369734188726,0.3207882899590283,0.3644090288203346
L148876,Trametinib,2,1,0.19458603455920903,0.2274127296687678,0.30328369734188726,0.2190179772805897,0.2384787003966741
L149284,Acid,4,0,0.4785299066468458,0.29897467523817,0.05341598703026791,0.121176989013619,0.1658488682646977
L149284,Cisplatin,4,0,0.19815483583226198,0.08016901387354933,0.05341598703026791,0.03220627981573465,0.03752842344656171
L149284,CoCl2,4,0,0.22936006970462597,0.09841103684850079,0.05341598703026791,0.03898725901284816,0.04676073636385475
L149284,Dabrafenib,4,0,0.2240101926936385,0.09517437853277874,0.05341598703026791,0.037782097526543885,0.045101341431416295
L149284,Doxorubicin,4,0,0.2891002187573746,0.13760578088210432,0.05341598703026791,0.05378175742247057,0.06762543761725903
L149284,Trametinib,4,0,0.191021945485207,0.07620727108441683,0.05341598703026791,0.03073768085011656,0.03556565950058113
L149354,Acid,1,1,0.47587273821028014,0.7262993902816723,0.33302467227063204,0.5702210568538076,0.6775803208194491
L149354,Cisplatin,1,0,0.19458719593808257,0.3533374186108293,0.33302467227063204,0.23958775861514403,0.2859389462368928
L149354,CoCl2,1,0,0.23560044533301658,0.42314535000946235,0.33302467227063204,0.2899706893778236,0.3516169408147978
L149354,Dabrafenib,1,0,0.23203384804524899,0.4172505435371571,0.33302467227063204,0.2855949307877282,0.34594438994190013
L149354,Doxorubicin,1,0,0.29979943088858513,0.5226594753548591,0.33302467227063204,0.368358758629885,0.45123041169617795
L149354,Trametinib,1,0,0.19726215106258552,0.35803312006325083,0.33302467227063204,0.24287610481622107,0.2902405889659034
L149376,Acid,0,1,0.4736194759800148,0.6809143931064897,0.352580151004641,0.5912447911057804,0.663939987976811
L149376,Cisplatin,0,1,0.18583642087064267,0.2863873209605783,0.352580151004641,0.24799831414691176,0.2634132456314986
L149376,CoCl2,0,0,0.22867007436383363,0.3553279322343734,0.352580151004641,0.30316416516397904,0.33072365536224835
L149376,Dabrafenib,0,0,0.24473499838108828,0.38063833916347706,0.352580151004641,0.32363302629723156,0.35580444234809333
L149376,Doxorubicin,0,0,0.2866788719209133,0.44440603277561697,0.352580151004641,0.37640765200507215,0.4202019779580331
L149376,Trametinib,0,0,0.20368386704128424,0.31537450075915163,0.352580151004641,0.2710778316384782,0.29147850003887643
L14939,Acid,1,0,0.47587273821028014,0.4158230698941236,0.13180294402160378,0.27478285180251855,0.30271805992864154
L14939,Cisplatin,1,0,0.19458719593808257,0.12783116011857792,0.13180294402160378,0.08255074935731875,0.07640312017309087
L14939,CoCl2,1,0,0.23560044533301658,0.16441393610034288,0.13180294402160378,0.10444626583678754,0.10074253095382586
L14939,Dabrafenib,1,0,0.23203384804524899,0.16111678970316778,0.13180294402160378,0.10246611398014499,0.09850241055686602
L14939,Doxorubicin,1,1,0.29979943088858513,0.2270276463322885,0.13180294402160378,0.1427655951229246,0.14519911277921987
L14939,Trametinib,1,0,0.19726215106258552,0.1301330671248022,0.13180294402160378,0.08392162987869368,0.07789639821327106
L149612,Acid,4,1,0.4785299066468458,0.8704130363067303,0.38904236383510893,0.6393921615154023,0.8701938856574685
L149612,Cisplatin,4,1,0.19815483583226198,0.5785314968374733,0.38904236383510893,0.2996848032174553,0.5679779237520586
L149612,CoCl2,4,1,0.22936006970462597,0.6322298919010073,0.38904236383510893,0.3428330486361577,0.6232086388139624
L149612,Dabrafenib,4,1,0.2240101926936385,0.6235794864077621,0.38904236383510893,0.335514630622417,0.6142751264078015
L149612,Doxorubicin,4,1,0.2891002187573746,0.715343823347086,0.38904236383510893,0.42226537831446087,0.709768787513848
L149612,Trametinib,4,0,0.191021945485207,0.5650713364957659,0.38904236383510893,0.28966991148857385,0.5542482701957102
L150059,Acid,2,0,0.4723002644704608,0.4245481799777996,0.16008411686575985,0.33049798528685004,0.3641308953922249
L150059,Cisplatin,2,0,0.20261025237344546,0.1368083254411842,0.16008411686575985,0.1103040928368982,0.10815437778861318
L150059,CoCl2,2,0,0.22668291955083833,0.15884431133047336,0.16008411686575985,0.12618352113104758,0.12644962568237658
L150059,Dabrafenib,2,0,0.22668291955083833,0.15884431133047341,0.16008411686575985,0.12618352113104767,0.12644962568237658
L150059,Doxorubicin,2,0,0.2819646373115759,0.2129667474206737,0.16008411686575985,0.1652094421382677,0.1726324003088883
L150059,Trametinib,2,0,0.19458603455920903,0.12967755162945213,0.16008411686575985,0.10515513209691459,0.1023075117888819
L15037,Acid,4,1,0.4785299066468458,0.29897467523817,0.2858126056658625,0.5209797886809371,0.2548393770196055
L15037,Cisplatin,4,0,0.19815483583226198,0.08016901387354933,0.2858126056658625,0.20791197725018298,0.06285340467970132
L15037,CoCl2,4,0,0.22936006970462597,0.09841103684850079,0.2858126056658625,0.24242080848441797,0.07781219435897313
L15037,Dabrafenib,4,0,0.2240101926936385,0.09517437853277874,0.2858126056658625,0.23647456742880177,0.07513773589493472
L15037,Doxorubicin,4,0,0.2891002187573746,0.13760578088210432,0.2858126056658625,0.30954675122464503,0.11091989119208912
L15037,Trametinib,4,0,0.191021945485207,0.07620727108441683,0.2858126056658625,0.20008771857727,0.05964821121531547
L150552,Acid,1,0,0.47587273821028014,0.2838807297763159,0.0783929647753127,0.17119348973089527,0.2142106987917826
L150552,Cisplatin,1,0,0.19458719593808257,0.07546505119145054,0.0783929647753127,0.046757870852672655,0.04937887928572598
L150552,CoCl2,1,0,0.23560044533301658,0.09875860442751293,0.0783929647753127,0.059778365758199045,0.0657218992063228
L150552,Dabrafenib,1,1,0.23203384804524899,0.0966258507238606,0.0783929647753127,0.05858965078886613,0.0642049019190437
L150552,Doxorubicin,1,0,0.29979943088858513,0.14057529225993384,0.0783929647753127,0.08323298595828867,0.09638061025675662
L150552,Trametinib,1,0,0.19726215106258552,0.07690713164142415,0.0783929647753127,0.047565172709753835,0.050372782848905215
L150587,Acid,3,0,0.47049894201675735,0.4163118584108475,0.251388821549737,0.47360084226066657,0.38987348664904004
L150587,Cisplatin,3,0,0.1901270509498604,0.1285563836819864,0.251388821549737,0.1759663566859151,0.10950547773148976
L150587,CoCl2,3,0,0.2186598922625351,0.1539843269289207,0.251388821549737,0.20462340805948426,0.1324320496821694
L150587,Dabrafenib,3,1,0.2186598922625351,0.1539843269289211,0.251388821549737,0.2046234080594842,0.1324320496821694
L150587,Doxorubicin,3,0,0.2882083795228566,0.22131473402277402,0.251388821549737,0.2769178897298081,0.19505293861751702
L150587,Trametinib,3,0,0.19191054568686872,0.13010816175890078,0.251388821549737,0.17773924842533573,0.11088939800146429
L150868,Acid,3,1,0.47049894201675735,0.587524511028933,0.31353434726105933,0.5541760522829583,0.5940074501864486
L150868,Cisplatin,3,0,0.1901270509498604,0.2275653087977215,0.31353434726105933,0.22781938487619066,0.21970243383629795
L150868,CoCl2,3,1,0.2186598922625351,0.2665859549623633,0.31353434726105933,0.26223365546565136,0.2589903084035609
L150868,Dabrafenib,3,0,0.2186598922625351,0.2665859549623639,0.31353434726105933,0.26223365546565136,0.2589903084035608
L150868,Doxorubicin,3,0,0.2882083795228566,0.3620799918316849,0.31353434726105933,0.34602716074715034,0.3568403689106028
L150868,Trametinib,3,0,0.19191054568686872,0.2299967809852447,0.31353434726105933,0.2299689071516257,0.22213161790609418
L151380,Acid,4,1,0.4785299066468458,0.7802107305348475,0.2556865775915006,0.48080356759555337,0.7123038587121076
L151380,Cisplatin,4,1,0.19815483583226198,0.4204386648852096,0.2556865775915006,0.18267179387999058,0.3268496247594322
L151380,CoCl2,4,1,0.22936006970462597,0.4760369249633598,0.2556865775915006,0.21412379883864563,0.37921425037029943
L151380,Dabrafenib,4,1,0.2240101926936385,0.4668109986699649,0.2556865775915006,0.20868045282526462,0.3703406173691059
L151380,Doxorubicin,4,1,0.2891002187573746,0.5704678965893282,0.2556865775915006,0.2762717334711082,0.4745687071349002
L151380,Trametinib,4,0,0.191021945485207,0.4071038662606515,0.2556865775915006,0.17558682834158196,0.3147028208495957
L151909,Acid,1,0,0.47587273821028014,0.2846492613888907,0.026349165299232775,0.058291018486231215,0.11156858366743665
L151909,Cisplatin,1,0,0.19458719593808257,0.07572901961696576,0.026349165299232775,0.01448654753436801,0.023369373774773338
L151909,CoCl2,1,0,0.23560044533301658,0.09909531796825004,0.026349165299232775,0.018696824102903215,0.031388217218206185
L151909,Dabrafenib,1,0,0.23203384804524899,0.0969560750019377,0.026349165299232775,0.01830912274429693,0.030637724129498955
L151909,Doxorubicin,1,0,0.29979943088858513,0.14103226746692055,0.026349165299232775,0.02648678151287395,0.04683342306136451
L151909,Trametinib,1,0,0.19726215106258552,0.07717572323658099,0.026349165299232775,0.014745285032497571,0.023852891291742513
L151921,Acid,2,0,0.4723002644704608,0.28798107904013687,0.2929429159950933,0.5281002702765931,0.35661848471963326
L151921,Cisplatin,2,0,0.20261025237344546,0.07994198058564067,0.2929429159950933,0.21939672348558262,0.10505056287808345
L151921,CoCl2,2,0,0.22668291955083833,0.0938138784504659,0.2929429159950933,0.24662767425221166,0.12289312187885844
L151921,Dabrafenib,2,0,0.22668291955083833,0.09381387845046599,0.2929429159950933,0.24662767425221177,0.12289312187885844
L151921,Doxorubicin,2,0,0.2819646373115759,0.12918161513286344,0.2929429159950933,0.3097018398671783,0.16802681479064344
L151921,Trametinib,2,0,0.19458603455920903,0.07551591043043948,0.2929429159950933,0.21035940040224815,0.09935279786123094
L152330,Acid,3,0,0.47049894201675735,0.6387393981471217,0.3370425735880605,0.581527199371633,0.6995039486280867
L152330,Cisplatin,3,0,0.1901270509498604,0.2677723232520084,0.3370425735880605,0.24802420966396085,0.30937955947283546
L152330,CoCl2,3,0,0.2186598922625351,0.31091224909893395,0.3370425735880605,0.2843666192774383,0.3573594775606988
L152330,Dabrafenib,3,0,0.2186598922625351,0.3109122490989346,0.3370425735880605,0.2843666192774383,0.3573594775606988
L152330,Doxorubicin,3,0,0.2882083795228566,0.4133358713426327,0.3370425735880605,0.3716695705694554,0.4688591978731162
L152330,Trametinib,3,0,0.19191054568686872,0.2704829631975964,0.3370425735880605,0.2503025736531493,0.3124033021967223
L152456,Acid,4,0,0.4785299066468458,0.29897467523817,0.09283791229965058,0.20494303238463307,0.2258640211623077
L152456,Cisplatin,4,0,0.19815483583226198,0.08016901387354933,0.09283791229965058,0.0585683170563371,0.054121496610755084
L152456,CoCl2,4,0,0.22936006970462597,0.09841103684850079,0.09283791229965058,0.07049547466081725,0.06715104609323237
L152456,Dabrafenib,4,0,0.2240101926936385,0.09517437853277874,0.09283791229965058,0.06838564925775788,0.06481726348875642
L152456,Doxorubicin,4,0,0.2891002187573746,0.13760578088210432,0.09283791229965058,0.09605137655352876,0.09619579024857121
L152456,Trametinib,4,0,0.191021945485207,0.07620727108441683,0.09283791229965058,0.055967132382291736,0.05133719192780768
L152572,Acid,3,1,0.47049894201675735,0.4933153216520132,0.36703216387339216,0.6150396633848869,0.5155210393923334
L152572,Cisplatin,3,0,0.1901270509498604,0.16761970296145356,0.36703216387339216,0.27494485436031035,0.16996797796823945
L152572,CoCl2,3,1,0.2186598922625351,0.19900971574402213,0.36703216387339216,0.3135869088384702,0.2026721978565814
L152572,Dabrafenib,3,0,0.2186598922625351,0.1990097157440226,0.36703216387339216,0.31358690883847024,0.20267219785658133
L152572,Doxorubicin,3,1,0.2882083795228566,0.2795229369974526,0.36703216387339216,0.4047865042500816,0.28749993706899174
L152572,Trametinib,3,0,0.19191054568686872,0.1695512647418897,0.36703216387339216,0.27737929400170735,0.17196845434665003
L152903,Acid,2,1,0.4723002644704608,0.9216229658349145,0.3988966959743374,0.6472438869803603,0.9330530090410526
L152903,Cisplatin,2,1,0.20261025237344546,0.7164011138302845,0.3988966959743374,0.3154505759431357,0.7469302749004662
L152903,CoCl2,2,1,0.22668291955083833,0.7506127656571338,0.3988966959743374,0.34926918211441726,0.7789087569800407
L152903,Dabrafenib,2,1,0.22668291955083833,0.7506127656571339,0.3988966959743374,0.34926918211441743,0.7789087569800407
L152903,Doxorubicin,2,1,0.2819646373115759,0.8117773913771998,0.3988966959743374,0.42382593172734,0.8354774342635328
L152903,Trametinib,2,1,0.19458603455920903,0.7036880763128615,0.3988966959743374,0.3039974950322981,0.735010726435454
L152911,Acid,4,1,0.4785299066468458,0.2968821351175162,0.29910236033281695,0.5377068327666398,0.47332660269205845
L152911,Cisplatin,4,0,0.19815483583226198,0.07943437728876447,0.29910236033281695,0.21918674328594767,0.14983914156326317
L152911,CoCl2,4,1,0.22936006970462597,0.09752696145749848,0.29910236033281695,0.2549645667197787,0.1814908451999782
L152911,Dabrafenib,4,0,0.2240101926936385,0.09431633792632509,0.29910236033281695,0.24881169650421842,0.17593271738288097
L152911,Doxorubicin,4,1,0.2891002187573746,0.13642287806611342,0.29910236033281695,0.32407802444378714,0.24690128130687777
L152911,Trametinib,4,0,0.191021945485207,0.07550595825322452,0.29910236033281695,0.21105124031081723,0.1428744028693795
L153469,Acid,3,1,0.47049894201675735,0.7833660568034392,0.23623414810843385,0.45161338664932743,0.759892088112244
L153469,Cisplatin,3,1,0.1901270509498604,0.4278911777969098,0.23623414810843385,0.16350490302363882,0.3785116395494902
L153469,CoCl2,3,0,0.2186598922625351,0.4799198549642759,0.23623414810843385,0.1906019514750978,0.4305292545577302
L153469,Dabrafenib,3,1,0.2186598922625351,0.4799198549642766,0.23623414810843385,0.1906019514750978,0.4305292545577301
L153469,Doxorubicin,3,0,0.2882083795228566,0.5903233242156227,0.23623414810843385,0.25955919676385253,0.5454805664990696
L153469,Trametinib,3,1,0.19191054568686872,0.4312680271396108,0.23623414810843385,0.16517741018524276,0.38183747950344077
L153570,Acid,4,0,0.4785299066468458,0.2968821351175162,0.2257296637394397,0.43752058074191236,0.26011929773316
L153570,Cisplatin,4,0,0.19815483583226198,0.07943437728876447,0.2257296637394397,0.15805694830170025,0.06449994280918167
L153570,CoCl2,4,0,0.22936006970462597,0.09752696145749848,0.2257296637394397,0.1862365265789138,0.07981722460608286
L153570,Dabrafenib,4,0,0.2240101926936385,0.09431633792632509,0.2257296637394397,0.1813385317602106,0.07707961196788837
L153570,Doxorubicin,4,1,0.2891002187573746,0.13642287806611342,0.2257296637394397,0.24279098701377347,0.11367286858300042
L153570,Trametinib,4,0,0.191021945485207,0.07550595825322452,0.2257296637394397,0.1517494218068646,0.061216269296103056
L15407,Acid,3,1,0.47049894201675735,0.8470558350402645,0.3298654054624492,0.5734431550564063,0.8342383557459329
L15407,Cisplatin,3,0,0.1901270509498604,0.533908452074162,0.3298654054624492,0.24189641274815787,0.49200316799132077
L15407,CoCl2,3,1,0.2186598922625351,0.5856324103517915,0.3298654054624492,0.2776724835803088,0.5459173017850307
L15407,Dabrafenib,3,1,0.2186598922625351,0.5856324103517921,0.3298654054624492,0.2776724835803088,0.5459173017850307
L15407,Doxorubicin,3,1,0.2882083795228566,0.6881758027105976,0.3298654054624492,0.36396551500019203,0.6561777291317862
L15407,Trametinib,3,1,0.19191054568686872,0.5373361541567049,0.3298654054624492,0.2441367616832695,0.49553111232106156
L154362,Acid,2,0,0.4723002644704608,0.39649715616030917,0.12287466203701473,0.26327064805987593,0.2612960401672141
L154362,Cisplatin,2,0,0.20261025237344546,0.1236828129632373,0.12287466203701473,0.08235714161723441,0.06968764721413019
L154362,CoCl2,2,0,0.22668291955083833,0.1439572306507918,0.12287466203701473,0.0946412872114565,0.08207473926086921
L154362,Dabrafenib,2,0,0.22668291955083833,0.14395723065079188,0.12287466203701473,0.09464128721145658,0.08207473926086921
L154362,Doxorubicin,2,0,0.2819646373115759,0.19417819921724852,0.12287466203701473,0.12531083524520348,0.11416878415762084
L154362,Trametinib,2,0,0.19458603455920903,0.1171433286036891,0.12287466203701473,0.07839778173826063,0.06576695751019222
L154401,Acid,3,1,0.47049894201675735,0.661125482624748,0.325514775808156,0.5679763865646839,0.6811613188064848
L154401,Cisplatin,3,0,0.1901270509498604,0.2875039843764437,0.325514775808156,0.23782809195778493,0.29134835052358565
L154401,CoCl2,3,1,0.2186598922625351,0.33237981537885725,0.325514775808156,0.27321931592869203,0.337900085720537
L154401,Dabrafenib,3,1,0.2186598922625351,0.33237981537885797,0.325514775808156,0.27321931592869203,0.337900085720537
L154401,Doxorubicin,3,0,0.2882083795228566,0.4373866239936635,0.325514775808156,0.35881588751279037,0.4475566975772523
L154401,Trametinib,3,1,0.19191054568686872,0.29033516685014543,0.325514775808156,0.24004269228895841,0.29427095464769376
L155295,Acid,4,0,0.4785299066468458,0.28113031182063863,0.2645607233664528,0.4925016388154527,0.3549586015293901
L155295,Cisplatin,4,0,0.19815483583226198,0.0740054563390073,0.2645607233664528,0.18976745899830924,0.0974063011614471
L155295,CoCl2,4,1,0.22936006970462597,0.09098371995446658,0.2645607233664528,0.22210917764549626,0.1195395505404231
L155295,Dabrafenib,4,0,0.2240101926936385,0.08796750590531295,0.2645607233664528,0.21651876051601315,0.1156106934132497
L155295,Doxorubicin,4,1,0.2891002187573746,0.12763912778414688,0.2645607233664528,0.2857321334975877,0.16718283558912783
L155295,Trametinib,4,0,0.191021945485207,0.07032501345783615,0.2645607233664528,0.18246872654910676,0.09261322219244834
L155592,Acid,3,0,0.47049894201675735,0.28393797583778135,0.07639497302480545,0.17150576758931282,0.2202131142371512
L155592,Cisplatin,3,0,0.1901270509498604,0.07579774841898737,0.07639497302480545,0.04683235022514271,0.05154480028214871
L155592,CoCl2,3,0,0.2186598922625351,0.09189062358779186,0.07639497302480545,0.05588549937529292,0.0631976623398199
L155592,Dabrafenib,3,0,0.2186598922625351,0.09189062358779211,0.07639497302480545,0.05588549937529292,0.0631976623398199
L155592,Doxorubicin,3,0,0.2882083795228566,0.13644925330968105,0.07639497302480545,0.08098043640924181,0.09673101087413873
L155592,Trametinib,3,0,0.19191054568686872,0.07676878924958747,0.07639497302480545,0.0473789999292295,0.05223918962246174
L15582,Acid,1,1,0.47587273821028014,0.2838807297763159,0.16259037298804113,0.32944122526325775,0.20356916103379438
L15582,Cisplatin,1,1,0.19458719593808257,0.07546505119145054,0.16259037298804113,0.10448013531126545,0.0464418818935992
L15582,CoCl2,1,0,0.23560044533301658,0.09875860442751293,0.16259037298804113,0.13135933946412562,0.06187611010032628
L15582,Dabrafenib,1,0,0.23203384804524899,0.0966258507238606,0.16259037298804113,0.12894241795442307,0.06044213877356014
L15582,Doxorubicin,1,0,0.29979943088858513,0.14057529225993384,0.16259037298804113,0.17759449801596144,0.09091537136133693
L15582,Trametinib,1,0,0.19726215106258552,0.07690713164142415,0.16259037298804113,0.10617304243244743,0.04737961564013329
L155963,Acid,0,1,0.4736194759800148,0.7482649109673973,0.36175435727519045,0.6012446307719445,0.7969140274568672
L155963,Cisplatin,0,1,0.18583642087064267,0.35856622455751413,0.36175435727519045,0.2558261605013743,0.415302473600374
L155963,CoCl2,0,1,0.22867007436383363,0.43430744994827547,0.36175435727519045,0.3120108110618636,0.49532550901689676
L155963,Dabrafenib,0,0,0.24473499838108828,0.4612187815526942,0.36175435727519045,0.33279171774954613,0.5231320521845134
L155963,Doxorubicin,0,1,0.2866788719209133,0.5269995837434208,0.36175435727519045,0.3862070524024234,0.5900739472941537
L155963,Trametinib,0,0,0.20368386704128424,0.390857654461869,0.36175435727519045,0.279363535404938,0.44967132369060836
L156142,Acid,4,0,0.4785299066468458,0.4343535892129345,0.234816116807624,0.451006274923709,0.39972488203038176
L156142,Cisplatin,4,0,0.19815483583226198,0.1356408285446726,0.234816116807624,0.16546266006948815,0.11550737064380884
L156142,CoCl2,4,0,0.22936006970462597,0.16425123627085533,0.234816116807624,0.19465732009416753,0.14111062674981423
L156142,Dabrafenib,4,0,0.2240101926936385,0.15923158911457905,0.234816116807624,0.18958945633801794,0.1365827816538717
L156142,Doxorubicin,4,0,0.2891002187573746,0.2231774654903519,0.234816116807624,0.25297398658498915,0.19544279794633934
L156142,Trametinib,4,0,0.191021945485207,0.1293232217737924,0.234816116807624,0.15891537846110718,0.10993207457937328
L156620,Acid,2,0,0.4723002644704608,0.2807695161874157,0.09979662333739968,0.2183107857607148,0.15140385461029932
L156620,Cisplatin,2,0,0.20261025237344546,0.07737396318390978,0.09979662333739968,0.06554401335342823,0.036407745863062224
L156620,CoCl2,2,0,0.22668291955083833,0.09084424576363263,0.09979662333739968,0.07552676751003835,0.04315368194830784
L156620,Dabrafenib,2,0,0.22668291955083833,0.09084424576363272,0.09979662333739968,0.07552676751003842,0.04315368194830783
L156620,Doxorubicin,2,0,0.2819646373115759,0.1252471706812583,0.09979662333739968,0.10069095147942693,0.06104032181465951
L156620,Trametinib,2,0,0.19458603455920903,0.07307878074846619,0.09979662333739968,0.062338042808040166,0.034290400090851256
L157880,Acid,2,1,0.4723002644704608,0.28798107904013687,0.24363826650282194,0.4621041835080692,0.4067461369272278
L157880,Cisplatin,2,0,0.20261025237344546,0.07994198058564067,0.24363826650282194,0.17747055046813906,0.12678520083592737
L157880,CoCl2,2,1,0.22668291955083833,0.0938138784504659,0.24363826650282194,0.200836578774123,0.1477100422546848
L157880,Dabrafenib,2,1,0.22668291955083833,0.09381387845046599,0.24363826650282194,0.20083657877412317,0.1477100422546848
L157880,Doxorubicin,2,0,0.2819646373115759,0.12918161513286344,0.24363826650282194,0.2561820939527857,0.19988097294939225
L157880,Trametinib,2,1,0.19458603455920903,0.07551591043043948,0.24363826650282194,0.16978460533141454,0.12006674073117973
L15809,Acid,2,1,0.4723002644704608,0.8419110698921515,0.37817060444707074,0.6261681481577536,0.8617297549122056
L15809,Cisplatin,2,0,0.20261025237344546,0.5335969910002365,0.37817060444707074,0.29610975887097757,0.5689277041214215
L15809,CoCl2,2,1,0.22668291955083833,0.5768350900082093,0.37817060444707074,0.3288509665352334,0.6117060464293804
L15809,Dabrafenib,2,0,0.22668291955083833,0.5768350900082095,0.37817060444707074,0.3288509665352336,0.6117060464293804
L15809,Doxorubicin,2,1,0.2819646373115759,0.6613939272579176,0.37817060444707074,0.4017399833502818,0.6942631613808681
L15809,Trametinib,2,0,0.19458603455920903,0.5182004299549968,0.37817060444707074,0.2850664659908316,0.5536344757942038
L158461,Acid,4,1,0.4785299066468458,0.29897467523817,0.22593033935538848,0.4378426680800587,0.39181060944228496
L158461,Cisplatin,4,0,0.19815483583226198,0.08016901387354933,0.22593033935538848,0.15823117861368893,0.11216887321245626
L158461,CoCl2,4,0,0.22936006970462597,0.09841103684850079,0.22593033935538848,0.18643494154962278,0.1371468646218639
L158461,Dabrafenib,4,1,0.2240101926936385,0.09517437853277874,0.22593033935538848,0.18153289253061478,0.1327265511498462
L158461,Doxorubicin,4,0,0.2891002187573746,0.13760578088210432,0.22593033935538848,0.2430316601195072,0.19029099047646392
L158461,Trametinib,4,1,0.191021945485207,0.07620727108441683,0.22593033935538848,0.15191795373926778,0.10673527367057174
L15899,Acid,3,0,0.47049894201675735,0.2800284500633928,0.15958383063281598,0.3313644891928235,0.23696236379737914
L15899,Cisplatin,3,0,0.1901270509498604,0.07445610040842693,0.15958383063281598,0.10524643269510604,0.05639301919551421
L15899,CoCl2,3,0,0.2186598922625351,0.09029195479406704,0.15958383063281598,0.12412115096708502,0.0690621210237867
L15899,Dabrafenib,3,0,0.2186598922625351,0.09029195479406729,0.15958383063281598,0.12412115096708502,0.0690621210237867
L15899,Doxorubicin,3,0,0.2882083795228566,0.13418992647207914,0.15958383063281598,0.1742031041568001,0.10535725187535994
L15899,Trametinib,3,0,0.19191054568686872,0.07541135591620717,0.15958383063281598,0.1063988085150489,0.05714878623655153
L159186,Acid,3,0,0.47049894201675735,0.28393797583778135,0.2183103093146759,0.42584431256642113,0.2620761818439214
L159186,Cisplatin,3,0,0.1901270509498604,0.07579774841898737,0.2183103093146759,0.14968797687102978,0.06397416802427197
L159186,CoCl2,3,1,0.2186598922625351,0.09189062358779186,0.2183103093146759,0.17497417385603223,0.07820527372094277
L159186,Dabrafenib,3,1,0.2186598922625351,0.09189062358779211,0.2183103093146759,0.17497417385603223,0.07820527372094274
L159186,Doxorubicin,3,0,0.2882083795228566,0.13644925330968105,0.2183103093146759,0.23995365570586966,0.11869288235919843
L159186,Trametinib,3,0,0.19191054568686872,0.07676878924958747,0.2183103093146759,0.15124470376855698,0.06482455613245917
L159393,Acid,0,0,0.4736194759800148,0.5103750822231757,0.3252658830930171,0.5599900821954884,0.5200854145382098
L159393,Cisplatin,0,0,0.18583642087064267,0.1639035184939039,0.3252658830930171,0.22490483197505134,0.16399206728974886
L159393,CoCl2,0,0,0.22867007436383363,0.21212369602204795,0.3252658830930171,0.2768246897558674,0.21325240811479804
L159393,Dabrafenib,0,0,0.24473499838108828,0.23088680952499452,0.3252658830930171,0.2962712824014572,0.23251964281657148
L159393,Doxorubicin,0,1,0.2866788719209133,0.28094680447908854,0.3252658830930171,0.3468722956634492,0.28445663095429946
L159393,Trametinib,0,1,0.20368386704128424,0.18368439280210047,0.3252658830930171,0.24653978465306137,0.18411223523712436
L159660,Acid,1,1,0.47587273821028014,0.6679253992620203,0.2951334303643931,0.5244984483624447,0.637861568640841
L159660,Cisplatin,1,0,0.19458719593808257,0.2928645927183717,0.2951334303643931,0.2075722726913474,0.25128522213998294
L159660,CoCl2,1,0,0.23560044533301658,0.35732688437045496,0.2951334303643931,0.2534668090258091,0.3124868365864951
L159660,Dabrafenib,1,1,0.23203384804524899,0.3517898191080494,0.2951334303643931,0.24944837918712962,0.307146519261105
L159660,Doxorubicin,1,1,0.29979943088858513,0.4535318330772335,0.2951334303643931,0.3265248558709769,0.407990238394246
L159660,Trametinib,1,0,0.19726215106258552,0.29712589784964755,0.2951334303643931,0.21054287044518716,0.25525189351243066
L159831,Acid,2,1,0.4723002644704608,0.2807695161874157,0.27761818261282495,0.5080125337409452,0.3889948322534131
L159831,Cisplatin,2,0,0.20261025237344546,0.07737396318390978,0.27761818261282495,0.20592723784049782,0.11880520909548081
L159831,CoCl2,2,0,0.22668291955083833,0.09084424576363263,0.27761818261282495,0.2319832234522111,0.13862209690560567
L159831,Dabrafenib,2,1,0.22668291955083833,0.09084424576363272,0.27761818261282495,0.23198322345221123,0.13862209690560567
L159831,Doxorubicin,2,0,0.2819646373115759,0.1252471706812583,0.27761818261282495,0.2927675679682319,0.18829231700831614
L159831,Trametinib,2,1,0.19458603455920903,0.07307878074846619,0.27761818261282495,0.19730450719197956,0.11245515779381605
L16013,Acid,4,0,0.4785299066468458,0.29897467523817,0.11407440396849555,0.24725155993326656,0.3463883103385816
L16013,Cisplatin,4,0,0.19815483583226198,0.08016901387354933,0.11407440396849555,0.0734508244767717,0.09414686178467319
L16013,CoCl2,4,0,0.22936006970462597,0.09841103684850079,0.11407440396849555,0.08812503256888614,0.1156343662026136
L16013,Dabrafenib,4,1,0.2240101926936385,0.09517437853277874,0.11407440396849555,0.08553613452177336,0.11181755883237793
L16013,Doxorubicin,4,0,0.2891002187573746,0.13760578088210432,0.11407440396849555,0.11925202563512954,0.16200760353929933
L16013,Trametinib,4,1,0.191021945485207,0.07620727108441683,0.11407440396849555,0.07023797925758599,0.08949826678493272
L160197,Acid,1,0,0.47587273821028014,0.2846492613888907,0.04656155909248031,0.10348469575637417,0.1654254127778674
L160197,Cisplatin,1,0,0.19458719593808257,0.07572901961696576,0.04656155909248031,0.026680337809830052,0.03639444402207808
L160197,CoCl2,1,0,0.23560044533301658,0.09909531796825004,0.04656155909248031,0.034311155249838375,0.04865995872949244
L160197,Dabrafenib,1,0,0.23203384804524899,0.0969560750019377,0.04656155909248031,0.03361076167820131,0.047516756629540226
L160197,Doxorubicin,1,1,0.29979943088858513,0.14103226746692055,0.04656155909248031,0.04828664045538512,0.07197256335785426
L160197,Trametinib,1,0,0.19726215106258552,0.07717572323658099,0.04656155909248031,0.027150862891567526,0.03713720548048858
L160551,Acid,2,0,0.4723002644704608,0.28798107904013687,0.33783467154306457,0.5818082309414266,0.37333683522504135
L160551,Cisplatin,2,0,0.20261025237344546,0.07994198058564067,0.33783467154306457,0.2589363394225423,0.11202891079355738
L160551,CoCl2,2,0,0.22668291955083833,0.0938138784504659,0.33783467154306457,0.2892563264674545,0.13088338420602036
L160551,Dabrafenib,2,0,0.22668291955083833,0.09381387845046599,0.33783467154306457,0.2892563264674547,0.13088338420602036
L160551,Doxorubicin,2,0,0.2819646373115759,0.12918161513286344,0.33783467154306457,0.3580512245992149,0.1783548638351976
L160551,Trametinib,2,0,0.19458603455920903,0.07551591043043948,0.33783467154306457,0.24878940366196153,0.10599748064342451
L160569,Acid,0,0,0.4736194759800148,0.2913335192140022,0.20417132761750598,0.39630191507936335,0.20154814359914172
L160569,Cisplatin,0,0,0.18583642087064267,0.07176496068223485,0.20417132761750598,0.1301845319921352,0.04369466008245662
L160569,CoCl2,0,0,0.22867007436383363,0.09599020016883097,0.20417132761750598,0.16488971477787487,0.05938667247847137
L160569,Dabrafenib,0,0,0.24473499838108828,0.10586111354471528,0.20417132761750598,0.1784129491099698,0.06591696522612876
L160569,Doxorubicin,0,0,0.2866788719209133,0.13351944255669992,0.20417132761750598,0.21503544740690136,0.08474990593290395
L160569,Trametinib,0,0,0.20368386704128424,0.08151005317126969,0.20417132761750598,0.14440534052967793,0.04993716702800533
L160952,Acid,4,1,0.4785299066468458,0.49494572928599423,0.27870553760924804,0.5117759980481812,0.35135613742177596
L160952,Cisplatin,4,1,0.19815483583226198,0.16685458738551645,0.27870553760924804,0.20190771921194117,0.09602859249373158
L160952,CoCl2,4,0,0.22936006970462597,0.2005214642009954,0.27870553760924804,0.2357165448663653,0.11788967886474508
L160952,Dabrafenib,4,1,0.2240101926936385,0.19465153504552118,0.27870553760924804,0.22988484932837955,0.11400802588237487
L160952,Doxorubicin,4,0,0.2891002187573746,0.26828285149729947,0.27870553760924804,0.3017254467059584,0.1649986249290355
L160952,Trametinib,4,1,0.191021945485207,0.1593511899788926,0.27870553760924804,0.19425400209411667,0.09129644934046556
L161079,Acid,2,1,0.4723002644704608,0.49141907427794224,0.31992856509576867,0.5607306472944953,0.48689396207502555
L161079,Cisplatin,2,1,0.20261025237344546,0.17189544994185627,0.31992856509576867,0.24276546620133918,0.1673271074912142
L161079,CoCl2,2,0,0.22668291955083833,0.19828476333443998,0.31992856509576867,0.27188664231850085,0.19346063959774146
L161079,Dabrafenib,2,0,0.22668291955083833,0.19828476333444006,0.31992856509576867,0.2718866423185011,0.19346063959774146
L161079,Doxorubicin,2,1,0.2819646373115759,0.2616652057913922,0.31992856509576867,0.33851803212302434,0.2569195240868483
L161079,Trametinib,2,0,0.19458603455920903,0.1632817934473473,0.31992856509576867,0.2330529333696141,0.1588511138099872
L161593,Acid,2,1,0.4723002644704608,0.2807695161874157,0.27264312467812507,0.5013844947939962,0.329012825649784
L161593,Cisplatin,2,0,0.20261025237344546,0.07737396318390978,0.27264312467812507,0.20162528730984255,0.09407131869389278
L161593,CoCl2,2,0,0.22668291955083833,0.09084424576363263,0.27264312467812507,0.22729275295015233,0.110278869002602
L161593,Dabrafenib,2,0,0.22668291955083833,0.09084424576363272,0.27264312467812507,0.22729275295015253,0.110278869002602
L161593,Doxorubicin,2,0,0.2819646373115759,0.1252471706812583,0.27264312467812507,0.28730785536901365,0.15158047340093253
L161593,Trametinib,2,0,0.19458603455920903,0.07307878074846619,0.27264312467812507,0.19313887768275065,0.0889098890567022
L161723,Acid,0,0,0.4736194759800148,0.4328777043248581,0.19696363536123387,0.38498236007563746,0.3656297819912385
L161723,Cisplatin,0,0,0.18583642087064267,0.12552793042606503,0.19696363536123387,0.12489355492348296,0.094471855964014
L161723,CoCl2,0,0,0.22867007436383363,0.1646818096685305,0.19696363536123387,0.15844517973731453,0.1259968206908767
L161723,Dabrafenib,0,0,0.24473499838108828,0.18020834599800858,0.19696363536123387,0.17154844610241848,0.1387710985040498
L161723,Doxorubicin,0,0,0.2866788719209133,0.2224585775702799,0.19696363536123387,0.20711709691965505,0.17452978723174378
L161723,Trametinib,0,0,0.20368386704128424,0.14146100184460822,0.19696363536123387,0.13862851359174894,0.10715586198655909
L16178,Acid,0,1,0.4736194759800148,0.791696234403284,0.30485332908718515,0.5351233827716193,0.8158077331087418
L16178,Cisplatin,0,1,0.18583642087064267,0.4168320116120706,0.30485332908718515,0.2078877286922548,0.444972199585534
L16178,CoCl2,0,0,0.22867007436383363,0.4953757660267478,0.30485332908718515,0.2571826322366874,0.525573328446264
L16178,Dabrafenib,0,1,0.24473499838108828,0.5225755155754793,0.30485332908718515,0.27577557889733056,0.5532165449188797
L16178,Doxorubicin,0,1,0.2866788719209133,0.5875639836040577,0.30485332908718515,0.32449016651933965,0.619010929563797
L16178,Trametinib,0,0,0.20368386704128424,0.45068387054552933,0.30485332908718515,0.22836800995079343,0.4797816289495891
L161943,Acid,4,1,0.4785299066468458,0.5064317991162951,0.24443679571552385,0.4648323687790065,0.35050378480849775
L161943,Cisplatin,4,0,0.19815483583226198,0.17333991350682212,0.24443679571552385,0.1732983257435082,0.09570424825933732
L161943,CoCl2,4,0,0.22936006970462597,0.20798868431001838,0.24443679571552385,0.20353833695731854,0.11750109470927313
L161943,Dabrafenib,4,0,0.2240101926936385,0.20195538268441132,0.24443679571552385,0.1982961889587495,0.11363058815003817
L161943,Doxorubicin,4,0,0.2891002187573746,0.2773978968598879,0.24443679571552385,0.2636446250200082,0.16448371606079468
L161943,Trametinib,4,1,0.191021945485207,0.16560284243178877,0.24443679571552385,0.1665028508496851,0.09098647955794441
L161977,Acid,0,1,0.4736194759800148,0.9030445234540472,0.36063196584781887,0.6001279741559785,0.9201741200047164
L161977,Cisplatin,0,1,0.18583642087064267,0.6365792444007403,0.36063196584781887,0.25494087551301603,0.676013279065429
L161977,CoCl2,0,1,0.22867007436383363,0.7063748676058879,0.36063196584781887,0.31101235608684097,0.7424801321354263
L161977,Dabrafenib,0,0,0.24473499838108828,0.7284362393884738,0.36063196584781887,0.33175882994995665,0.7631797289098624
L161977,Doxorubicin,0,0,0.2866788719209133,0.7773420450536007,0.36063196584781887,0.38510406836061073,0.808743883092392
L161977,Trametinib,0,0,0.20368386704128424,0.6678399632901972,0.36063196584781887,0.27842727374985043,0.7059093918291699
L162222,Acid,1,0,0.47587273821028014,0.2846492613888907,0.28196043215568983,0.5081524559997381,0.30636341391692284
L162222,Cisplatin,1,0,0.19458719593808257,0.07572901961696576,0.28196043215568983,0.19701101830960535,0.07762657309242832
L162222,CoCl2,1,0,0.23560044533301658,0.09909531796825004,0.28196043215568983,0.2412814486632568,0.10231255892906056
L162222,Dabrafenib,1,1,0.23203384804524899,0.0969560750019377,0.28196043215568983,0.23739477179592425,0.10004141108517335
L162222,Doxorubicin,1,0,0.29979943088858513,0.14103226746692055,0.28196043215568983,0.3122965221158185,0.14734845184184367
L162222,Trametinib,1,0,0.19726215106258552,0.07717572323658099,0.28196043215568983,0.19986859430910398,0.07914171419453427
L162367,Acid,3,0,0.47049894201675735,0.2800284500633928,0.0791990222730523,0.17726676705259226,0.20790540995926654
L162367,Cisplatin,3,0,0.1901270509498604,0.07445610040842693,0.0791990222730523,0.048651404675256894,0.048082689883062635
L162367,CoCl2,3,0,0.2186598922625351,0.09029195479406704,0.0791990222730523,0.0580347846661384,0.05900155347063756
L162367,Dabrafenib,3,0,0.2186598922625351,0.09029195479406729,0.0791990222730523,0.0580347846661384,0.059001553470637534
L162367,Doxorubicin,3,0,0.2882083795228566,0.13418992647207914,0.0791990222730523,0.08400896307472906,0.09052354970774693
L162367,Trametinib,3,0,0.19191054568686872,0.07541135591620717,0.0791990222730523,0.04921819086692463,0.04873283558943348
L16238,Acid,3,1,0.47049894201675735,0.6468061880552075,0.4303734881965474,0.6785282689237744,0.7324870543687165
L16238,Cisplatin,3,0,0.1901270509498604,0.2747167640770723,0.4303734881965474,0.3337646043028559,0.3450926983340635
L16238,CoCl2,3,1,0.2186598922625351,0.3184888559049324,0.4303734881965474,0.3763820980636104,0.3954398671118155
L16238,Dabrafenib,3,0,0.2186598922625351,0.3184888559049331,0.4303734881965474,0.3763820980636104,0.39543986711181545
L16238,Doxorubicin,3,1,0.2882083795228566,0.4218803347700059,0.4303734881965474,0.47325298193471743,0.5094029506739299
L16238,Trametinib,3,0,0.19191054568686872,0.2774710632768232,0.4303734881965474,0.3364781585906345,0.3482894577565102
L16242,Acid,1,1,0.47587273821028014,0.5188329190088684,0.3521747774572056,0.5923085004408697,0.5350184621731422
L16242,Cisplatin,1,1,0.19458719593808257,0.18168672553438617,0.3521747774572056,0.25651199707607386,0.17982100655481914
L16242,CoCl2,1,1,0.23560044533301658,0.2296241396079823,0.3521747774572056,0.3090076617300647,0.22893936753502134
L16242,Dabrafenib,1,0,0.23203384804524899,0.2253719870050036,0.3521747774572056,0.3044678148567822,0.22456049468589306
L16242,Doxorubicin,1,0,0.29979943088858513,0.3079203063502099,0.3521747774572056,0.38971734825747034,0.3104382893050318
L16242,Trametinib,1,0,0.19726215106258552,0.18475299720981905,0.3521747774572056,0.2599532200365461,0.1829352086037624
L162604,Acid,0,1,0.4736194759800148,0.8175532295842393,0.3809354577767848,0.6218375712453117,0.8610475140684485
L162604,Cisplatin,0,1,0.18583642087064267,0.45732537702332043,0.3809354577767848,0.27267849823563467,0.5286716810996682
L162604,CoCl2,0,1,0.22867007436383363,0.536479997467462,0.3809354577767848,0.3309184572333817,0.6078304553846132
L162604,Dabrafenib,0,0,0.24473499838108828,0.563416798344871,0.3809354577767848,0.35231379081275255,0.634018313845811
L162604,Doxorubicin,0,1,0.2866788719209133,0.6268159595649819,0.3809354577767848,0.40695137593412517,0.6944849215545581
L162604,Trametinib,0,1,0.20368386704128424,0.4916930743515985,0.3809354577767848,0.29714726442283496,0.5633825493819207
L16294,Acid,1,1,0.47587273821028014,0.6206437501862662,0.28384847505805116,0.5099608697245712,0.5291870532224138
L16294,Cisplatin,1,0,0.19458719593808257,0.2519861919825461,0.28384847505805116,0.1981582527720587,0.17639240434254896
L16294,CoCl2,1,0,0.23560044533301658,0.31141323911809426,0.28384847505805116,0.24260859041358984,0.22483096272043032
L16294,Dabrafenib,1,0,0.23203384804524899,0.306248611192578,0.28384847505805116,0.2387072613109273,0.22050819792999438
L16294,Doxorubicin,1,0,0.29979943088858513,0.4030083293827077,0.28384847505805116,0.313852693824152,0.3054467191174872
L16294,Trametinib,1,0,0.19726215106258552,0.2558679190350695,0.28384847505805116,0.20102830312357475,0.17946022088857774
L163387,Acid,3,0,0.47049894201675735,0.2800284500633928,0.3407145302385941,0.5864931568494754,0.45764501762995513
L163387,Cisplatin,3,0,0.1901270509498604,0.07445610040842693,0.3407145302385941,0.25185624401006224,0.1396998364359049
L163387,CoCl2,3,0,0.2186598922625351,0.09029195479406704,0.3407145302385941,0.28854469684606965,0.16775712893896141
L163387,Dabrafenib,3,0,0.2186598922625351,0.09029195479406729,0.3407145302385941,0.28854469684606965,0.16775712893896136
L163387,Doxorubicin,3,0,0.2882083795228566,0.13418992647207914,0.3407145302385941,0.3764555922034653,0.24241430503249267
L163387,Trametinib,3,1,0.19191054568686872,0.07541135591620717,0.3407145302385941,0.25415791170872143,0.14140475568272742
L16358,Acid,2,1,0.4723002644704608,0.28798107904013687,0.17523554628860433,0.35613148895577257,0.1770297889659339
L16358,Cisplatin,2,0,0.20261025237344546,0.07994198058564067,0.17523554628860433,0.12197064776946598,0.0435692784188423
L16358,CoCl2,2,0,0.22668291955083833,0.0938138784504659,0.17523554628860433,0.13926669813065792,0.051571146114408675
L16358,Dabrafenib,2,0,0.22668291955083833,0.09381387845046599,0.17523554628860433,0.13926669813065803,0.05157114611440865
L16358,Doxorubicin,2,0,0.2819646373115759,0.12918161513286344,0.17523554628860433,0.181498512758493,0.07268169758495313
L16358,Trametinib,2,0,0.19458603455920903,0.07551591043043948,0.17523554628860433,0.11634831376147936,0.04105318748020523
L163616,Acid,2,0,0.4723002644704608,0.28798107904013687,0.23703543312692701,0.45265685645721576,0.31900216221196737
L163616,Cisplatin,2,0,0.20261025237344546,0.07994198058564067,0.23703543312692701,0.17198177379447807,0.09024761054687729
L163616,CoCl2,2,0,0.22668291955083833,0.0938138784504659,0.23703543312692701,0.19479628652815384,0.10587336464415568
L163616,Dabrafenib,2,0,0.22668291955083833,0.09381387845046599,0.23703543312692701,0.19479628652815398,0.10587336464415568
L163616,Doxorubicin,2,0,0.2819646373115759,0.12918161513286344,0.23703543312692701,0.248995874733107,0.14579539207791437
L163616,Trametinib,2,0,0.19458603455920903,0.07551591043043948,0.23703543312692701,0.16448600200786662,0.08527622867965202
L163721,Acid,1,0,0.47587273821028014,0.2838807297763159,0.18137936060825915,0.3608780992526017,0.1653015503723454
L163721,Cisplatin,1,0,0.19458719593808257,0.07546505119145054,0.18137936060825915,0.11823524855762767,0.036362984201629464
L163721,CoCl2,1,0,0.23560044533301658,0.09875860442751293,0.18137936060825915,0.1480680740189061,0.048618431386393615
L163721,Dabrafenib,1,0,0.23203384804524899,0.0966258507238606,0.18137936060825915,0.14539518153375666,0.047476156228698364
L163721,Doxorubicin,1,0,0.29979943088858513,0.14057529225993384,0.18137936060825915,0.19883806897049555,0.0719126445032646
L163721,Trametinib,1,0,0.19726215106258552,0.07690713164142415,0.18137936060825915,0.12012113618282928,0.03710512833081216
L164293,Acid,4,1,0.4785299066468458,0.28113031182063863,0.3458352301018486,0.5932134529499161,0.3786476021154554
L164293,Cisplatin,4,0,0.19815483583226198,0.0740054563390073,0.3458352301018486,0.260328767818478,0.1067515395379546
L164293,CoCl2,4,0,0.22936006970462597,0.09098371995446658,0.3458352301018486,0.30023989958074904,0.1307007781512183
L164293,Dabrafenib,4,0,0.2240101926936385,0.08796750590531295,0.3458352301018486,0.2934247413982287,0.12645777641189668
L164293,Doxorubicin,4,0,0.2891002187573746,0.12763912778414688,0.3458352301018486,0.37544160380388014,0.18187355863610072
L164293,Trametinib,4,0,0.191021945485207,0.07032501345783615,0.3458352301018486,0.2511574016962292,0.10155034643149081
L164299,Acid,4,0,0.4785299066468458,0.28113031182063863,0.15304702813823828,0.3196151749314246,0.2415073228806439
L164299,Cisplatin,4,0,0.19815483583226198,0.0740054563390073,0.15304702813823828,0.10182886244174744,0.058773008594240596
L164299,CoCl2,4,0,0.22936006970462597,0.09098371995446658,0.15304702813823828,0.12142950068427945,0.0728361609264968
L164299,Dabrafenib,4,0,0.2240101926936385,0.08796750590531295,0.15304702813823828,0.11798879583649834,0.0703196905973589
L164299,Doxorubicin,4,0,0.2891002187573746,0.12763912778414688,0.15304702813823828,0.16222729117208765,0.10406556441049389
L164299,Trametinib,4,0,0.191021945485207,0.07032501345783615,0.15304702813823828,0.09750534858180468,0.05576351247848128
L16438,Acid,1,1,0.47587273821028014,0.8196150728055872,0.24512469914719068,0.4573958912710127,0.8125027044533345
L16438,Cisplatin,1,1,0.19458719593808257,0.48335942293029793,0.24512469914719068,0.16679353718225126,0.45226844741002636
L16438,CoCl2,1,0,0.23560044533301658,0.5567394705822487,0.24512469914719068,0.20601588249117395,0.5279063325155929
L16438,Dabrafenib,1,1,0.23203384804524899,0.55076047722114,0.24512469914719068,0.20254562842663937,0.5216780091435346
L16438,Doxorubicin,1,0,0.29979943088858513,0.6521525111659116,0.24512469914719068,0.270349908786634,0.6290119046892858
L16438,Trametinib,1,0,0.19726215106258552,0.48847780725402173,0.24512469914719068,0.16930523073835224,0.45746925171629854
L164614,Acid,3,0,0.47049894201675735,0.7288002350630711,0.22112047815919353,0.4296531387814042,0.6609562960078693
L164614,Cisplatin,3,0,0.1901270509498604,0.35725290049341146,0.22112047815919353,0.1516793297133229,0.2728124941642713
L164614,CoCl2,3,0,0.2186598922625351,0.40679977335773293,0.22112047815919353,0.177231803495391,0.3177304538524598
L164614,Dabrafenib,3,0,0.2186598922625351,0.4067997733577337,0.22112047815919353,0.177231803495391,0.3177304538524598
L164614,Doxorubicin,3,0,0.2882083795228566,0.5171070849041087,0.22112047815919353,0.2428029514781804,0.42504352432276843
L164614,Trametinib,3,0,0.19191054568686872,0.36042348243850864,0.22112047815919353,0.15325303376692895,0.2756214781172782
L164617,Acid,1,0,0.47587273821028014,0.41305005356356256,0.31451245667555106,0.5482037406660466,0.3573762660067766
L164617,Cisplatin,1,0,0.19458719593808257,0.1265625992972331,0.31451245667555106,0.22369215227061,0.09581329699913861
L164617,CoCl2,1,0,0.23560044533301658,0.16285012380500055,0.31451245667555106,0.27192775905684957,0.12549593722952682
L164617,Dabrafenib,1,0,0.23203384804524899,0.15957834882299102,0.31451245667555106,0.26772161167452024,0.1227805494932529
L164617,Doxorubicin,1,0,0.29979943088858513,0.22502867226033715,0.31451245667555106,0.3478276753899186,0.1787051705076412
L164617,Trametinib,1,0,0.19726215106258552,0.1288450374752859,0.31451245667555106,0.2268274093312706,0.09764583368655605
L164771,Acid,2,1,0.4723002644704608,0.8819005075351543,0.32268422491291904,0.5643354385294075,0.8914112238795953
L164771,Cisplatin,2,1,0.20261025237344546,0.6160050883427634,0.32268422491291904,0.2454684156413922,0.6348275567091489
L164771,CoCl2,2,1,0.22668291955083833,0.656521204115855,0.32268422491291904,0.2747961637113132,0.6748042503646146
L164771,Dabrafenib,2,1,0.22668291955083833,0.6565212041158552,0.32268422491291904,0.2747961637113135,0.6748042503646146
L164771,Doxorubicin,2,1,0.2819646373115759,0.7325398909120935,0.32268422491291904,0.34180586253141626,0.7494408758269758
L164771,Trametinib,2,0,0.19458603455920903,0.6012962432006881,0.32268422491291904,0.2356814007528584,0.620311986392313
L165027,Acid,0,1,0.4736194759800148,0.5478487846568613,0.3139189204623488,0.5464512129450815,0.5674142744588873
L165027,Cisplatin,0,1,0.18583642087064267,0.18558006591401013,0.3139189204623488,0.21549958919994608,0.19187140787870416
L165027,CoCl2,0,0,0.22867007436383363,0.23835939932972935,0.3139189204623488,0.2659933326250618,0.2470316463870955
L165027,Dabrafenib,0,0,0.24473499838108828,0.25868122594336856,0.3139189204623488,0.2849788765525724,0.2683099935796753
L165027,Doxorubicin,0,0,0.2866788719209133,0.31232035738770825,0.3139189204623488,0.33456815624978814,0.32485749882642967
L165027,Trametinib,0,1,0.20368386704128424,0.20732828956532265,0.3139189204623488,0.23650586155049214,0.21453432516427515
L165042,Acid,0,1,0.4736194759800148,0.6589622037837574,0.3255060021451162,0.5605691032565333,0.6105350942074969
L165042,Cisplatin,0,0,0.18583642087064267,0.266530079961844,0.3255060021451162,0.2253147976372249,0.22103536329081275
L165042,CoCl2,0,1,0.22867007436383363,0.33292062474504275,0.3255060021451162,0.2772954383741451,0.2816576587578069
L165042,Dabrafenib,0,1,0.24473499838108828,0.3575200925623513,0.3255060021451162,0.2967615301566852,0.3047115764409466
L165042,Doxorubicin,0,1,0.2866788719209133,0.42004140699738207,0.3255060021451162,0.34740493941058553,0.3651027605643319
L165042,Trametinib,0,0,0.20368386704128424,0.2943363713819747,0.3255060021451162,0.24697662114244798,0.24609399229208329
L165149,Acid,2,1,0.4723002644704608,0.7177383280466454,0.25307124219328403,0.4749709245024242,0.6717350156684136
L165149,Cisplatin,2,1,0.20261025237344546,0.35327933597361055,0.25307124219328403,0.1851398321506572,0.3023333249089576
L165149,CoCl2,2,0,0.22668291955083833,0.39425726639205977,0.25307124219328403,0.2092587201939536,0.3409194154924799
L165149,Dabrafenib,2,1,0.22668291955083833,0.39425726639206,0.25307124219328403,0.20925872019395375,0.3409194154924799
L165149,Doxorubicin,2,1,0.2819646373115759,0.48257357337153806,0.25307124219328403,0.26615220665186384,0.42713193059884774
L165149,Trametinib,2,1,0.19458603455920903,0.339300659388165,0.25307124219328403,0.17719329553351476,0.2893953740572635
L165222,Acid,0,1,0.4736194759800148,0.6697568374258328,0.39032150939532423,0.631732739517442,0.6843481808536285
L165222,Cisplatin,0,0,0.18583642087064267,0.2761006538680138,0.39032150939532423,0.28114830127660123,0.2818349290896645
L165222,CoCl2,0,0,0.22867007436383363,0.34375785710244494,0.39032150939532423,0.3403507479893595,0.35160564667456495
L165222,Dabrafenib,0,0,0.24473499838108828,0.3687154808525776,0.39032150939532423,0.36202594954918105,0.37737711113175365
L165222,Doxorubicin,0,0,0.2866788719209133,0.4318785490514314,0.39032150939532423,0.41719952729122295,0.4429941278991756
L165222,Trametinib,0,1,0.20368386704128424,0.3044909126216667,0.39032150939532423,0.3060572802346754,0.3110341234679989
L165407,Acid,1,1,0.47587273821028014,0.6616458315823173,0.2738728541195912,0.4968602070768442,0.6450445156568281
L165407,Cisplatin,1,0,0.19458719593808257,0.28706298597592805,0.2738728541195912,0.18996257276449366,0.2572067967505456
L165407,CoCl2,1,0,0.23560044533301658,0.35088193299242243,0.2738728541195912,0.23310894067482038,0.319235703034127
L165407,Dabrafenib,1,0,0.23203384804524899,0.3453910645573908,0.2738728541195912,0.2293141217524643,0.31383269754504917
L165407,Doxorubicin,1,0,0.29979943088858513,0.44655737227924147,0.2738728541195912,0.3026782264931912,0.4155550087543809
L165407,Trametinib,1,0,0.19726215106258552,0.29127464680492526,0.2738728541195912,0.19274245317664995,0.26123432886963427
L165643,Acid,0,0,0.4736194759800148,0.4328777043248581,0.26563436728853834,0.4849657819983591,0.3740123269076886
L165643,Cisplatin,0,0,0.18583642087064267,0.12552793042606503,0.26563436728853834,0.17674102654603566,0.09759414351245443
L165643,CoCl2,0,0,0.22867007436383363,0.1646818096685305,0.26563436728853834,0.22070820481877296,0.13001141519140616
L165643,Dabrafenib,0,0,0.24473499838108828,0.18020834599800858,0.26563436728853834,0.23750736429900052,0.14312606185531962
L165643,Doxorubicin,0,0,0.2866788719209133,0.2224585775702799,0.26563436728853834,0.2820951125413,0.1797726963027712
L165643,Trametinib,0,0,0.20368386704128424,0.14146100184460822,0.26563436728853834,0.1949078830366715,0.11064613240756077
L165826,Acid,1,1,0.47587273821028014,0.6218273190282232,0.3647097449938679,0.6058698393580871,0.6608239671522845
L165826,Cisplatin,1,1,0.19458719593808257,0.2529354752856885,0.3647097449938679,0.2674282300244921,0.27073514531162535
L165826,CoCl2,1,1,0.23560044533301658,0.3124928699116205,0.3647097449938679,0.3211928044159368,0.33455713264709036
L165826,Dabrafenib,1,0,0.23203384804524899,0.30731832797476266,0.3647097449938679,0.31655594957815897,0.32902014302824356
L165826,Doxorubicin,1,0,0.29979943088858513,0.4042190991934632,0.3647097449938679,0.40322790300503375,0.43256186726179857
L165826,Trametinib,1,0,0.19726215106258552,0.2568268047725253,0.3647097449938679,0.2709625271583485,0.2748961167371517
L165861,Acid,4,1,0.4785299066468458,0.5600708095051647,0.3417713370948958,0.588493322619848,0.5609607608541755
L165861,Cisplatin,4,0,0.19815483583226198,0.2064565555289803,0.3417713370948958,0.25658663983473906,0.20036637201781118
L165861,CoCl2,4,0,0.22936006970462597,0.24575703214664701,0.3417713370948958,0.2961537683719569,0.23968227226083919
L165861,Dabrafenib,4,0,0.2240101926936385,0.23895870067093994,0.3417713370948958,0.2893930032127452,0.23284901304052577
L165861,Doxorubicin,4,0,0.2891002187573746,0.32263579483226207,0.3417713370948958,0.3708744479401714,0.31791925864065
L165861,Trametinib,4,0,0.191021945485207,0.19759463819748185,0.3417713370948958,0.24750299507304616,0.191582303144911
L165929,Acid,3,0,0.47049894201675735,0.7082345061808588,0.28666509519797834,0.5208190313427323,0.7104895265021748
L165929,Cisplatin,3,0,0.1901270509498604,0.33424967016744334,0.28666509519797834,0.20507054756578477,0.3207786809700602
L165929,CoCl2,3,0,0.2186598922625351,0.3825048270560837,0.28666509519797834,0.23710357072871202,0.3695803856682096
L165929,Dabrafenib,3,0,0.2186598922625351,0.3825048270560844,0.28666509519797834,0.23710357072871202,0.36958038566820955
L165929,Doxorubicin,3,0,0.2882083795228566,0.49168475826628566,0.28666509519797834,0.31630985368170667,0.4820330548067179
L165929,Trametinib,3,0,0.19191054568686872,0.33732324247576506,0.28666509519797834,0.20706298638785095,0.3238615888178494
L165958,Acid,2,0,0.4723002644704608,0.28798107904013687,0.28774994274644117,0.5213892582310161,0.39339683032578776
L165958,Cisplatin,2,0,0.20261025237344546,0.07994198058564067,0.28774994274644117,0.2148228200296401,0.12075391932534439
L165958,CoCl2,2,0,0.22668291955083833,0.0938138784504659,0.28774994274644117,0.24166182060351818,0.140843901610426
L165958,Dabrafenib,2,0,0.22668291955083833,0.09381387845046599,0.28774994274644117,0.24166182060351835,0.14084390161042604
L165958,Doxorubicin,2,1,0.2819646373115759,0.12918161513286344,0.28774994274644117,0.30397841905958944,0.19113357551542362
L165958,Trametinib,2,0,0.19458603455920903,0.07551591043043948,0.28774994274644117,0.2059242018063654,0.11431322270200384
L16603,Acid,0,1,0.4736194759800148,0.7692206609821707,0.4246508767794278,0.6655936080367321,0.7991644962445821
L16603,Cisplatin,0,1,0.18583642087064267,0.38531316992517955,0.4246508767794278,0.31214548207810505,0.4186970693483148
L16603,CoCl2,0,1,0.22867007436383363,0.46262933388068384,0.4246508767794278,0.3744748792138945,0.4988161788283422
L16603,Dabrafenib,0,1,0.24473499838108828,0.4897761785640619,0.4246508767794278,0.39701531920535726,0.526614203073838
L16603,Doxorubicin,0,0,0.2866788719209133,0.555431114336297,0.4246508767794278,0.45372889660206783,0.5934471657353818
L16603,Trametinib,0,0,0.20368386704128424,0.4184419924403563,0.4246508767794278,0.3385075096368583,0.45312913279670736
L166056,Acid,4,0,0.4785299066468458,0.28113031182063863,0.23696089243034113,0.4541961688636113,0.26947027128493944
L166056,Cisplatin,4,0,0.19815483583226198,0.0740054563390073,0.23696089243034113,0.16724821269605555,0.06745981695917139
L166056,CoCl2,4,0,0.22936006970462597,0.09098371995446658,0.23696089243034113,0.1966836698808029,0.08341732513519232
L166056,Dabrafenib,4,0,0.2240101926936385,0.08796750590531295,0.23696089243034113,0.19157560006792546,0.08056704556468941
L166056,Doxorubicin,4,0,0.2891002187573746,0.12763912778414688,0.23696089243034113,0.25541487149269,0.11860318348708082
L166056,Trametinib,4,0,0.191021945485207,0.07032501345783615,0.23696089243034113,0.16064387800125277,0.06403577171324297
L166268,Acid,2,0,0.4723002644704608,0.28798107904013687,0.1514627777726954,0.3159006594050742,0.2365039750849531
L166268,Cisplatin,2,0,0.20261025237344546,0.07994198058564067,0.1514627777726954,0.10392259732519618,0.06156055568965972
L166268,CoCl2,2,0,0.22668291955083833,0.0938138784504659,0.1514627777726954,0.1190062261324182,0.07261580303050846
L166268,Dabrafenib,2,0,0.22668291955083833,0.09381387845046599,0.1514627777726954,0.11900622613241829,0.07261580303050844
L166268,Doxorubicin,2,0,0.2819646373115759,0.12918161513286344,0.1514627777726954,0.15620918381980076,0.10141974835877553
L166268,Trametinib,2,0,0.19458603455920903,0.07551591043043948,0.1514627777726954,0.09903836298156656,0.05806856345413499
L166291,Acid,2,0,0.4723002644704608,0.2807695161874157,0.07949545387692945,0.1771899623890299,0.140523663758047
L166291,Cisplatin,2,0,0.20261025237344546,0.07737396318390978,0.07949545387692945,0.05130943391492074,0.03346551462189802
L166291,CoCl2,2,0,0.22668291955083833,0.09084424576363263,0.07949545387692945,0.059261666414690654,0.039688743424660555
L166291,Dabrafenib,2,0,0.22668291955083833,0.09084424576363272,0.07949545387692945,0.0592616664146907,0.039688743424660555
L166291,Doxorubicin,2,0,0.2819646373115759,0.1252471706812583,0.07949545387692945,0.079472472285205,0.056223599769801846
L166291,Trametinib,2,0,0.19458603455920903,0.07307878074846619,0.07949545387692945,0.048763389465176,0.03151368257781647
L166312,Acid,1,0,0.47587273821028014,0.4372605235406531,0.16667371244848603,0.3369081171920337,0.34625591398718036
L166312,Cisplatin,1,0,0.19458719593808257,0.13792689787193524,0.16667371244848603,0.10766689226863327,0.0916708774880729
L166312,CoCl2,1,0,0.23560044533301658,0.1768131537799985,0.16667371244848603,0.135242127563871,0.12024086722818494
L166312,Dabrafenib,1,0,0.23203384804524899,0.17331893040064497,0.16667371244848603,0.1327646845447328,0.11762389102285718
L166312,Doxorubicin,1,0,0.29979943088858513,0.24277689497538263,0.16667371244848603,0.1825567104151551,0.171659356993502
L166312,Trametinib,1,0,0.19726215106258552,0.1403813412895128,0.16667371244848603,0.10940512660760816,0.09343237267384218
L166554,Acid,0,0,0.4736194759800148,0.283084547091898,0.33083901916710506,0.566330531734426,0.330474585752064
L166554,Cisplatin,0,0,0.18583642087064267,0.06912653697676831,0.33083901916710506,0.22942955502011705,0.08201760258281178
L166554,CoCl2,0,0,0.22867007436383363,0.09254994172494373,0.33083901916710506,0.2820139054476634,0.10989096920643614
L166554,Dabrafenib,0,0,0.24473499838108828,0.10210704271472079,0.33083901916710506,0.30167296770281793,0.12125889216688929
L166554,Doxorubicin,0,0,0.2866788719209133,0.1289259711728003,0.33083901916710506,0.3527341253070486,0.15330830294349065
L166554,Trametinib,0,0,0.20368386704128424,0.07854366914430409,0.33083901916710506,0.2513586158217238,0.09320157705600465
L166657,Acid,3,1,0.47049894201675735,0.8120807104055968,0.329345625987784,0.5725463846223235,0.8262199852474319
L166657,Cisplatin,3,1,0.1901270509498604,0.47196338869144255,0.329345625987784,0.24122491524295364,0.4777927473171478
L166657,CoCl2,3,0,0.2186598922625351,0.5244385879301293,0.329345625987784,0.2769379522491965,0.5317797842833886
L166657,Dabrafenib,3,0,0.2186598922625351,0.5244385879301301,0.329345625987784,0.2769379522491965,0.5317797842833886
L166657,Doxorubicin,3,1,0.2882083795228566,0.632625824515617,0.329345625987784,0.36311746493807734,0.6432296180748699
L166657,Trametinib,3,0,0.19191054568686872,0.47539903230181785,0.329345625987784,0.2434610422796923,0.48131533972371193
L166707,Acid,1,1,0.47587273821028014,0.9107605874959172,0.33872330666284983,0.5767572658326516,0.9036231368453913
L166707,Cisplatin,1,1,0.19458719593808257,0.6775703953738916,0.33872330666284983,0.24449003720041435,0.6411322962196736
L166707,CoCl2,1,0,0.23560044533301658,0.7383007298487598,0.33872330666284983,0.29550325102270686,0.7075537807116608
L166707,Dabrafenib,1,0,0.23203384804524899,0.7335988944383699,0.33872330666284983,0.29107823037452013,0.7023592565608899
L166707,Doxorubicin,1,1,0.29979943088858513,0.8081028570646733,0.33872330666284983,0.37459788118034587,0.785796543396147
L166707,Trametinib,1,0,0.19726215106258552,0.6820304297375316,0.33872330666284983,0.2478237389745064,0.6459436785904045
L167106,Acid,1,1,0.47587273821028014,0.8926005375318752,0.3426063549233353,0.5814148622537375,0.904237255872244
L167106,Cisplatin,1,1,0.19458719593808257,0.6311737051110382,0.3426063549233353,0.24803688604055263,0.6427577666687362
L167106,CoCl2,1,1,0.23560044533301658,0.6967315748401639,0.3426063549233353,0.29949678489056036,0.7090149440595509
L167106,Dabrafenib,1,1,0.23203384804524899,0.6915948630670004,0.3426063549233353,0.2950370072150646,0.7038355100065754
L167106,Doxorubicin,1,1,0.29979943088858513,0.7742307571719548,0.3426063549233353,0.37908515257862635,0.7869844710903268
L167106,Trametinib,1,1,0.19726215106258552,0.6359306837197021,0.3426063549233353,0.2514028572140886,0.6475593360548791
L167129,Acid,1,1,0.47587273821028014,0.4934165770576021,0.2097079929623825,0.4056619106098153,0.3411059424752688
L167129,Cisplatin,1,0,0.19458719593808257,0.16705230688483808,0.2097079929623825,0.1394792001045426,0.08978737464603434
L167129,CoCl2,1,0,0.23560044533301658,0.2121294205507139,0.2097079929623825,0.1736168353717464,0.11784651361088537
L167129,Dabrafenib,1,0,0.23203384804524899,0.20811371529842798,0.2097079929623825,0.17057508451927966,0.11527482098605331
L167129,Doxorubicin,1,0,0.29979943088858513,0.2866801763302718,0.2097079929623825,0.23077406152808808,0.1684371413551984
L167129,Trametinib,1,0,0.19726215106258552,0.16992288349159343,0.2097079929623825,0.14164950159410608,0.09151632397964071
L167176,Acid,3,1,0.47049894201675735,0.5724756131613613,0.4121122258441492,0.6605977811754963,0.6592185491149937
L167176,Cisplatin,3,0,0.1901270509498604,0.21688835032338588,0.4121122258441492,0.3159894844997546,0.27127871249995406
L167176,CoCl2,3,0,0.2186598922625351,0.2546818492484012,0.4121122258441492,0.3575554015817047,0.3160538959682022
L167176,Dabrafenib,3,0,0.2186598922625351,0.25468184924840176,0.4121122258441492,0.35755540158170457,0.31605389596820216
L167176,Doxorubicin,3,0,0.2882083795228566,0.34793464949882125,0.4121122258441492,0.45310137560635333,0.42315190956997384
L167176,Trametinib,3,0,0.19191054568686872,0.21923812129660528,0.4121122258441492,0.3186276385818578,0.2740778562184972
L16764,Acid,4,1,0.4785299066468458,0.5255779237450564,0.08620439300166159,0.19107110365214666,0.493317935748492
L16764,Cisplatin,4,0,0.19815483583226198,0.18460313531992736,0.08620439300166159,0.05393194301322626,0.16032685587635692
L16764,CoCl2,4,0,0.22936006970462597,0.2209016798175546,0.08620439300166159,0.06498009469508911,0.19368923453931913
L16764,Dabrafenib,4,1,0.2240101926936385,0.21459529197880728,0.08620439300166159,0.06302414424761474,0.18784326609142432
L16764,Doxorubicin,4,1,0.2891002187573746,0.293025836707728,0.08620439300166159,0.08872742887037631,0.2620883178816578
L16764,Trametinib,4,1,0.191021945485207,0.17647064883638314,0.08620439300166159,0.051525402943368985,0.15296234207610607
L167670,Acid,2,0,0.4723002644704608,0.6577789189401924,0.35964958429087307,0.6063380265760014,0.6650249330403768
L167670,Cisplatin,2,0,0.20261025237344546,0.2922432459935012,0.35964958429087307,0.27893307854435495,0.29598608872173954
L167670,CoCl2,2,0,0.22668291955083833,0.32975125933487776,0.35964958429087307,0.3106131407446495,0.33415008871446644
L167670,Dabrafenib,2,0,0.22668291955083833,0.3297512593348779,0.35964958429087307,0.3106131407446497,0.33415008871446644
L167670,Doxorubicin,2,0,0.2819646373115759,0.41348123457756436,0.35964958429087307,0.3817591454066721,0.41974096211617834
L167670,Trametinib,2,0,0.19458603455920903,0.2796354029925868,0.35964958429087307,0.2682862207081098,0.2832094978465213
L1679,Acid,1,1,0.47587273821028014,0.4006161480198365,0.23450846193176633,0.44256824554009483,0.46909141817821676
L1679,Cisplatin,1,0,0.19458719593808257,0.12097524340804745,0.23450846193176633,0.15863235138885323,0.144098725193006
L1679,CoCl2,1,0,0.23560044533301658,0.15594680782634118,0.23450846193176633,0.19638789740787177,0.1856683737222143
L1679,Dabrafenib,1,0,0.23203384804524899,0.15278841257359338,0.23450846193176633,0.19304039234455703,0.18192186583240183
L1679,Doxorubicin,1,0,0.29979943088858513,0.2161701867667327,0.23450846193176633,0.258694931431983,0.25689559697080555
L1679,Trametinib,1,0,0.19726215106258552,0.12317112828998084,0.23450846193176633,0.16104490201710503,0.14670493418209427
L167950,Acid,3,1,0.47049894201675735,0.9303731758905899,0.3473264993553066,0.5934417594848281,0.9241800275655748
L167950,Cisplatin,3,1,0.1901270509498604,0.7343067670046204,0.3473264993553066,0.2573072127059549,0.7011095019573996
L167950,CoCl2,3,1,0.2186598922625351,0.7732371452860894,0.3473264993553066,0.294477171980905,0.744361987009621
L167950,Dabrafenib,3,1,0.2186598922625351,0.7732371452860898,0.3473264993553066,0.29447717198090506,0.7443619870096209
L167950,Doxorubicin,3,1,0.2882083795228566,0.8418884801587705,0.3473264993553066,0.38322194172167656,0.8221355690813447
L167950,Trametinib,3,0,0.19191054568686872,0.7369867123013726,0.3473264993553066,0.2596414074929263,0.7040587465998147
L167969,Acid,1,1,0.47587273821028014,0.5091537836307407,0.28316798927604436,0.5093419699755799,0.5244816160897059
L167969,Cisplatin,1,0,0.19458719593808257,0.17599667985958187,0.28316798927604436,0.19776504844705614,0.1736668269332709
L167969,CoCl2,1,1,0.23560044533301658,0.22284162612133596,0.28316798927604436,0.24215382043971573,0.22155826657970834
L167969,Dabrafenib,1,0,0.23203384804524899,0.21867941902720708,0.28316798927604436,0.23825750386971042,0.21728078758119
L167969,Doxorubicin,1,0,0.29979943088858513,0.2997248977938739,0.28316798927604436,0.3133196228445165,0.30145690999721164
L167969,Trametinib,1,0,0.19726215106258552,0.17898792661980484,0.28316798927604436,0.20063082873998989,0.17669741016706472
L168572,Acid,3,1,0.47049894201675735,0.5542403741566174,0.43064720250620325,0.6782564146166965,0.6693182224063577
L168572,Cisplatin,3,0,0.1901270509498604,0.2045602184504246,0.43064720250620325,0.33348758700102266,0.2803239589227051
L168572,CoCl2,3,1,0.2186598922625351,0.2408662400775254,0.43064720250620325,0.3760896764255751,0.32592435671485165
L168572,Dabrafenib,3,0,0.2186598922625351,0.2408662400775259,0.43064720250620325,0.3760896764255751,0.32592435671485154
L168572,Doxorubicin,3,0,0.2882083795228566,0.33130906764502804,0.43064720250620325,0.4729423759395766,0.43424349187585903
L168572,Trametinib,3,0,0.19191054568686872,0.20681169893857593,0.43064720250620325,0.33620002561325185,0.2831801658543573
L168584,Acid,4,0,0.4785299066468458,0.28113031182063863,0.17869224905253075,0.36354248559604363,0.3142998015920595
L168584,Cisplatin,4,0,0.19815483583226198,0.0740054563390073,0.17869224905253075,0.121153951446745,0.0824767515713923
L168584,CoCl2,4,0,0.22936006970462597,0.09098371995446658,0.17869224905253075,0.1438785217840051,0.1015994781813295
L168584,Dabrafenib,4,0,0.2240101926936385,0.08796750590531295,0.17869224905253075,0.13990301498397562,0.09819449088357705
L168584,Doxorubicin,4,0,0.2891002187573746,0.12763912778414688,0.17869224905253075,0.19058259225390337,0.14325599605706618
L168584,Trametinib,4,0,0.191021945485207,0.07032501345783615,0.17869224905253075,0.11611599761304063,0.0783545376808161
L168675,Acid,1,0,0.47587273821028014,0.2838807297763159,0.14753107310416005,0.3033757660967579,0.23020783406606388
L168675,Cisplatin,1,0,0.19458719593808257,0.07546505119145054,0.14753107310416005,0.0937258344195755,0.05391099299286336
L168675,CoCl2,1,0,0.23560044533301658,0.09875860442751293,0.14753107310416005,0.11820351174107784,0.07164097147783494
L168675,Dabrafenib,1,0,0.23203384804524899,0.0966258507238606,0.14753107310416005,0.11599632450762445,0.06999758588407304
L168675,Doxorubicin,1,0,0.29979943088858513,0.14057529225993384,0.14753107310416005,0.16066461741680502,0.10475129423130154
L168675,Trametinib,1,0,0.19726215106258552,0.07690713164142415,0.14753107310416005,0.09526302463699411,0.05499084244821627
L16871,Acid,0,1,0.4736194759800148,0.5944798429836436,0.32050487638180847,0.5541626373952979,0.694815093346176
L16871,Cisplatin,0,1,0.18583642087064267,0.2161142430962646,0.32050487638180847,0.22081447667920012,0.2918373757207712
L16871,CoCl2,0,0,0.22867007436383363,0.2746490342557168,0.32050487638180847,0.27212158083214144,0.3628332578764989
L16871,Dabrafenib,0,1,0.24473499838108828,0.2968589043355798,0.32050487638180847,0.2913709006750704,0.3889340303874666
L16871,Doxorubicin,0,0,0.2866788719209133,0.35462742480487786,0.32050487638180847,0.341541161424968,0.4550917435578274
L16871,Trametinib,0,0,0.20368386704128424,0.24038460514495968,0.32050487638180847,0.24217889517331379,0.32160878985819563
L168951,Acid,2,1,0.4723002644704608,0.6870312485732285,0.29839312224199654,0.5346535713536237,0.6738857362400623
L168951,Cisplatin,2,0,0.20261025237344546,0.3204619954867707,0.29839312224199654,0.2239371263725361,0.30439805370991335
L168951,CoCl2,2,0,0.22668291955083833,0.35975082856051777,0.29839312224199654,0.25155001796468657,0.34311806125527916
L168951,Dabrafenib,2,1,0.22668291955083833,0.3597508285605179,0.29839312224199654,0.2515500179646868,0.34311806125527916
L168951,Doxorubicin,2,0,0.2819646373115759,0.4460290840921256,0.29839312224199654,0.31535610115725793,0.42952422954702413
L168951,Trametinib,2,1,0.19458603455920903,0.30716510056595103,0.29839312224199654,0.214764232350288,0.2914086515448706
L169099,Acid,1,0,0.47587273821028014,0.2838807297763159,0.348090018486171,0.588005175987486,0.3670994221496877
L169099,Cisplatin,1,0,0.19458719593808257,0.07546505119145054,0.348090018486171,0.25313356657575137,0.0995221947340525
L169099,CoCl2,1,0,0.23560044533301658,0.09875860442751293,0.348090018486171,0.305221668095972,0.1301884009339796
L169099,Dabrafenib,1,0,0.23203384804524899,0.0966258507238606,0.348090018486171,0.30071323744055595,0.12738627101317312
L169099,Doxorubicin,1,0,0.29979943088858513,0.14057529225993384,0.348090018486171,0.3854941631526576,0.18496638669479923
L169099,Trametinib,1,0,0.19726215106258552,0.07690713164142415,0.348090018486171,0.25654510541545267,0.10141771164889052
L169592,Acid,0,1,0.4736194759800148,0.6515546861669005,0.24514000623578164,0.45651069891598917,0.6115164539200442
L169592,Cisplatin,0,0,0.18583642087064267,0.26016862385764417,0.24514000623578164,0.16072708109368677,0.22174711327307847
L169592,CoCl2,0,1,0.22867007436383363,0.3256781752315621,0.24514000623578164,0.2016864876240574,0.2824938241169983
L169592,Dabrafenib,0,0,0.24473499838108828,0.35002329461926296,0.24514000623578164,0.21744179474540445,0.30558706750448533
L169592,Doxorubicin,0,0,0.2866788719209133,0.4120744588314661,0.24514000623578164,0.2595448243322445,0.3660604130764439
L169592,Trametinib,0,0,0.20368386704128424,0.28757144917780963,0.24514000623578164,0.17760299936746088,0.24686086130964852
L169857,Acid,1,1,0.47587273821028014,0.7211139782655566,0.4486739112705206,0.6895563808295668,0.8067246427779134
L169857,Cisplatin,1,0,0.19458719593808257,0.34743466748046803,0.4486739112705206,0.34532613899346537,0.4429994494196037
L169857,CoCl2,1,0,0.23560044533301658,0.41682811558182914,0.4486739112705206,0.4060706150651216,0.5185547600803804
L169857,Dabrafenib,1,0,0.23203384804524899,0.4109586182019937,0.4486739112705206,0.4009321632041802,0.5123170362465214
L169857,Doxorubicin,1,0,0.29979943088858513,0.5161859908827819,0.4486739112705206,0.4940074920546595,0.6202223030009839
L169857,Trametinib,1,0,0.19726215106258552,0.3520946356372241,0.4486739112705206,0.3493989118998757,0.44818088132516587
L169881,Acid,3,0,0.47049894201675735,0.28393797583778135,0.19662967011981525,0.3923246166336393,0.22926865197344998
L169881,Cisplatin,3,1,0.1901270509498604,0.07579774841898737,0.19662967011981525,0.13287493738584383,0.054146019772983466
L169881,CoCl2,3,0,0.2186598922625351,0.09189062358779186,0.19662967011981525,0.15584150646949324,0.06634581009413248
L169881,Dabrafenib,3,0,0.2186598922625351,0.09189062358779211,0.19662967011981525,0.15584150646949324,0.06634581009413248
L169881,Doxorubicin,3,0,0.2882083795228566,0.13644925330968105,0.19662967011981525,0.21557229902176886,0.10136884530036018
L169881,Trametinib,3,1,0.19191054568686872,0.07676878924958747,0.19662967011981525,0.13428442517278102,0.054873424216908544
L169888,Acid,2,0,0.4723002644704608,0.28798107904013687,0.11648952475720922,0.25103735446016745,0.24749696530106002
L169888,Cisplatin,2,0,0.20261025237344546,0.07994198058564067,0.11648952475720922,0.07764432557945918,0.0651154741522393
L169888,CoCl2,2,0,0.22668291955083833,0.0938138784504659,0.11648952475720922,0.0892939241571892,0.07675690907393627
L169888,Dabrafenib,2,0,0.22668291955083833,0.09381387845046599,0.11648952475720922,0.08929392415718927,0.07675690907393627
L169888,Doxorubicin,2,0,0.2819646373115759,0.12918161513286344,0.11648952475720922,0.11845732980092769,0.1070139273162009
L169888,Trametinib,2,0,0.19458603455920903,0.07551591043043948,0.11648952475720922,0.07389329198780302,0.0614350320187667
L170436,Acid,1,0,0.47587273821028014,0.5091537836307407,0.26739703099703327,0.48860627687382197,0.5358338217243015
L170436,Cisplatin,1,0,0.19458719593808257,0.17599667985958187,0.26739703099703327,0.18493298321855345,0.18030495559832846
L170436,CoCl2,1,0,0.23560044533301658,0.22284162612133596,0.26739703099703327,0.22725747140794728,0.22951851557023034
L170436,Dabrafenib,1,0,0.23203384804524899,0.21867941902720708,0.26739703099703327,0.22353014440447674,0.22513179978015987
L170436,Doxorubicin,1,1,0.29979943088858513,0.2997248977938739,0.26739703099703327,0.2957539116463655,0.3111404118062692
L170436,Trametinib,1,0,0.19726215106258552,0.17898792661980484,0.26739703099703327,0.1876563124162806,0.1834256644640808
L170734,Acid,4,1,0.4785299066468458,0.40379200861335746,0.2620600989101546,0.4891801011304456,0.41675264642661
L170734,Cisplatin,4,0,0.19815483583226198,0.12157946233047534,0.2620600989101546,0.18773236445823296,0.12290681497208175
L170734,CoCl2,4,1,0.22936006970462597,0.147730856907084,0.2620600989101546,0.2198213449308865,0.14987231013512112
L170734,Dabrafenib,4,1,0.2240101926936385,0.14312962095656037,0.2620600989101546,0.21427265010849192,0.14511082586805846
L170734,Doxorubicin,4,1,0.2891002187573746,0.20216395563029155,0.2620600989101546,0.2830273946200761,0.20676588195316095
L170734,Trametinib,4,0,0.191021945485207,0.11582901443561165,0.2620600989101546,0.18049446799624974,0.11702161638826418
L171615,Acid,0,0,0.4736194759800148,0.2913335192140022,0.15175766913083508,0.3100683382148489,0.20332253519488763
L171615,Cisplatin,0,0,0.18583642087064267,0.07176496068223485,0.15175766913083508,0.09294205379303394,0.044156193798031415
L171615,CoCl2,0,0,0.22867007436383363,0.09599020016883097,0.15175766913083508,0.11907815260714688,0.060003556241217296
L171615,Dabrafenib,0,0,0.24473499838108828,0.10586111354471528,0.15175766913083508,0.12942649889772279,0.06659688017437426
L171615,Doxorubicin,0,0,0.2866788719209133,0.13351944255669992,0.15175766913083508,0.15792649218889618,0.08560627426503811
L171615,Trametinib,0,0,0.20368386704128424,0.08151005317126969,0.15175766913083508,0.10357910074795035,0.05046115916723689
L171625,Acid,4,1,0.4785299066468458,0.29897467523817,0.2957986549380928,0.5336567243855805,0.26834083402030207
L171625,Cisplatin,4,0,0.19815483583226198,0.08016901387354933,0.2957986549380928,0.2164126755773323,0.06709930223087371
L171625,CoCl2,4,0,0.22936006970462597,0.09841103684850079,0.2957986549380928,0.25188376121193884,0.08297911953876379
L171625,Dabrafenib,4,1,0.2240101926936385,0.09517437853277874,0.2957986549380928,0.24578071142508712,0.08014250379537358
L171625,Doxorubicin,4,0,0.2891002187573746,0.13760578088210432,0.2957986549380928,0.32052137754060195,0.11800393709447497
L171625,Trametinib,4,0,0.191021945485207,0.07620727108441683,0.2957986549380928,0.2083526619373741,0.06369230577403387
L171792,Acid,2,1,0.4723002644704608,0.3123280499487586,0.27191046226100624,0.5005533189328463,0.31971063600652594
L171792,Cisplatin,2,0,0.20261025237344546,0.08889650017663632,0.27191046226100624,0.2010906301276825,0.09051556900137876
L171792,CoCl2,2,0,0.22668291955083833,0.10414634088636009,0.27191046226100624,0.22670935992372987,0.10618230322510054
L171792,Dabrafenib,2,0,0.22668291955083833,0.10414634088636013,0.27191046226100624,0.22670935992372998,0.10618230322510054
L171792,Doxorubicin,2,0,0.2819646373115759,0.14279558489371302,0.27191046226100624,0.2866275612481232,0.1462017750749557
L171792,Trametinib,2,0,0.19458603455920903,0.08401992822152263,0.27191046226100624,0.1926212948237546,0.08553081410935716
L171852,Acid,4,0,0.4785299066468458,0.2968821351175162,0.3767279803464455,0.6272236225257531,0.37585538268002433
L171852,Cisplatin,4,0,0.19815483583226198,0.07943437728876447,0.3767279803464455,0.28880359756771357,0.10562350179491406
L171852,CoCl2,4,0,0.22936006970462597,0.09752696145749848,0.3767279803464455,0.33112593636813775,0.12935631862996103
L171852,Dabrafenib,4,0,0.2240101926936385,0.09431633792632509,0.3767279803464455,0.32393424158157613,0.12515067914840725
L171852,Doxorubicin,4,0,0.2891002187573746,0.13642287806611342,0.3767279803464455,0.4095361662012275,0.18011177196199896
L171852,Trametinib,4,0,0.191021945485207,0.07550595825322452,0.3767279803464455,0.2790074640864259,0.10047108752439299
L172050,Acid,2,0,0.4723002644704608,0.28798107904013687,0.18126589368235552,0.36659206241602804,0.2036875630711444
L172050,Cisplatin,2,0,0.20261025237344546,0.07994198058564067,0.18126589368235552,0.12690893663073824,0.05138491625218643
L172050,CoCl2,2,0,0.22668291955083833,0.0938138784504659,0.18126589368235552,0.1447897837543343,0.060731047192678335
L172050,Dabrafenib,2,0,0.22668291955083833,0.09381387845046599,0.18126589368235552,0.14478978375433438,0.060731047192678335
L172050,Doxorubicin,2,0,0.2819646373115759,0.12918161513286344,0.18126589368235552,0.18832998315720204,0.08525413694432664
L172050,Trametinib,2,0,0.19458603455920903,0.07551591043043948,0.18126589368235552,0.12109036166973818,0.04844033784589528
L172542,Acid,2,1,0.4723002644704608,0.6993100884677884,0.3810408488764979,0.6291297046491782,0.6938367405506515
L172542,Cisplatin,2,0,0.20261025237344546,0.3331635779978197,0.3810408488764979,0.29875781844699123,0.324287791714092
L172542,CoCl2,2,0,0.22668291955083833,0.3731545160253502,0.3810408488764979,0.3316538662640804,0.36421311188965794
L172542,Dabrafenib,2,0,0.22668291955083833,0.3731545160253503,0.3810408488764979,0.33165386626408055,0.3642131118896579
L172542,Doxorubicin,2,1,0.2819646373115759,0.46033608313925894,0.3810408488764979,0.4047894415357579,0.4522739713901388
L172542,Trametinib,2,0,0.19458603455920903,0.31958751834464044,0.3810408488764979,0.2876561264405891,0.31082890619279996
L172601,Acid,0,0,0.4736194759800148,0.5115146125449378,0.2825751337309666,0.507331971587192,0.5524763168752719
L172601,Cisplatin,0,1,0.18583642087064267,0.16452941753388745,0.2825751337309666,0.1901400704375932,0.18264578902679982
L172601,CoCl2,0,0,0.22867007436383363,0.2128868482927187,0.2825751337309666,0.23648299949164273,0.23592809867359227
L172601,Dabrafenib,0,0,0.24473499838108828,0.2316976140253872,0.2825751337309666,0.2540913624880928,0.25657593078173285
L172601,Doxorubicin,0,0,0.2866788719209133,0.2818689779638529,0.2825751337309666,0.300565215404102,0.31170394463735185
L172601,Trametinib,0,1,0.20368386704128424,0.18436917227790545,0.2825751337309666,0.2093339851405897,0.20449476300288805
L172795,Acid,0,0,0.4736194759800148,0.283084547091898,0.21041415490119827,0.40578461552964973,0.49569215481075835
L172795,Cisplatin,0,0,0.18583642087064267,0.06912653697676831,0.21041415490119827,0.13472058090860586,0.15104392381831835
L172795,CoCl2,0,0,0.22867007436383363,0.09254994172494373,0.21041415490119827,0.1703981122148458,0.1973329298058076
L172795,Dabrafenib,0,0,0.24473499838108828,0.10210704271472079,0.21041415490119827,0.18427342592026721,0.21555592356526085
L172795,Doxorubicin,0,0,0.2866788719209133,0.1289259711728003,0.21041415490119827,0.22177417136591174,0.2650121818019957
L172795,Trametinib,0,0,0.20368386704128424,0.07854366914430409,0.21041415490119827,0.14935180856690639,0.16989833120596678
L172925,Acid,1,1,0.47587273821028014,0.6242168496587106,0.295598952605799,0.524822098867757,0.6071211176283212
L172925,Cisplatin,1,0,0.19458719593808257,0.2548627849554607,0.295598952605799,0.20778581690133352,0.22747267168195176
L172925,CoCl2,1,0,0.23560044533301658,0.31468283515825896,0.295598952605799,0.25371245131720366,0.28508292811878233
L172925,Dabrafenib,1,0,0.23203384804524899,0.30948835413816717,0.295598952605799,0.2496914296432038,0.280020190013492
L172925,Doxorubicin,1,1,0.29979943088858513,0.40667164672568573,0.295598952605799,0.3268103055454801,0.376801237161577
L172925,Trametinib,1,1,0.19726215106258552,0.25877349473769856,0.295598952605799,0.21075865791002504,0.2311795133921554
L172946,Acid,1,1,0.47587273821028014,0.4934165770576021,0.2943645950294878,0.5233880937914466,0.5752230643451614
L172946,Cisplatin,1,0,0.19458719593808257,0.16705230688483808,0.2943645950294878,0.20684099522816457,0.20510785482083124
L172946,CoCl2,1,0,0.23560044533301658,0.2121294205507139,0.2943645950294878,0.2526253905835992,0.25895258454661285
L172946,Dabrafenib,1,1,0.23203384804524899,0.20811371529842798,0.2943645950294878,0.2486158579877274,0.2541888996539098
L172946,Doxorubicin,1,0,0.29979943088858513,0.2866801763302718,0.2943645950294878,0.32554667145723337,0.3463367183894306
L172946,Trametinib,1,1,0.19726215106258552,0.16992288349159343,0.2943645950294878,0.20980389839566657,0.20854863075956065
L173031,Acid,0,1,0.4736194759800148,0.8607435855734825,0.42040858035133966,0.661722544312768,0.9030266377475421
L173031,Cisplatin,0,1,0.18583642087064267,0.5375559719961857,0.42040858035133966,0.30843407353276514,0.6276412014248782
L173031,CoCl2,0,1,0.22867007436383363,0.614863362628867,0.42040858035133966,0.37042146745666193,0.6996222747933972
L173031,Dabrafenib,0,1,0.24473499838108828,0.6402991693925489,0.42040858035133966,0.39287116173568687,0.7224791773639402
L173031,Doxorubicin,0,1,0.2866788719209133,0.6985080578478376,0.42040858035133966,0.44943398767140263,0.7735505717709618
L173031,Trametinib,0,1,0.20368386704128424,0.5716022745499812,0.42040858035133966,0.3346351446206476,0.6597543147614524
L173168,Acid,1,0,0.47587273821028014,0.4158230698941236,0.21172928102289365,0.40898439743759535,0.3890360086479905
L173168,Cisplatin,1,0,0.19458719593808257,0.12783116011857792,0.21172928102289365,0.14113929254637728,0.10820291430928083
L173168,CoCl2,1,0,0.23560044533301658,0.16441393610034288,0.21172928102289365,0.1756003241052805,0.1411247437926313
L173168,Dabrafenib,1,0,0.23203384804524899,0.16111678970316778,0.21172928102289365,0.17253107788120203,0.1381246033658767
L173168,Doxorubicin,1,0,0.29979943088858513,0.2270276463322885,0.21172928102289365,0.23322625266558136,0.19944915117890058
L173168,Trametinib,1,0,0.19726215106258552,0.1301330671248022,0.21172928102289365,0.1433311226241317,0.11024352417025794
L173296,Acid,1,1,0.47587273821028014,0.9686542817981695,0.4103759597988561,0.6531743220982865,0.9778422695436025
L173296,Cisplatin,1,1,0.19458719593808257,0.8641859667809774,0.4103759597988561,0.30902696014096787,0.8937183211423501
L173296,CoCl2,1,1,0.23560044533301658,0.8952032504176608,0.4103759597988561,0.3669653445418524,0.9192758586663133
L173296,Dabrafenib,1,1,0.23203384804524899,0.8929115255138377,0.4103759597988561,0.3620201114567084,0.9174030041606897
L173296,Doxorubicin,1,1,0.29979943088858513,0.927277540889221,0.4103759597988561,0.4528912472271023,0.9452559642490301
L173296,Trametinib,1,1,0.19726215106258552,0.8665729497327096,0.4103759597988561,0.31287622065782483,0.895694194063698
L173303,Acid,0,0,0.4736194759800148,0.4328777043248581,0.2084522353811906,0.402780215234021,0.33584034524144746
L173303,Cisplatin,0,0,0.18583642087064267,0.12552793042606503,0.2084522353811906,0.13327299513359342,0.08385453066630809
L173303,CoCl2,0,1,0.22867007436383363,0.1646818096685305,0.2084522353811906,0.16864188399352906,0.1122758171818537
L173303,Dabrafenib,0,0,0.24473499838108828,0.18020834599800858,0.2084522353811906,0.1824056333984045,0.12385611776201229
L173303,Doxorubicin,0,1,0.2866788719209133,0.2224585775702799,0.2084522353811906,0.21962861299504116,0.1564697577572937
L173303,Trametinib,0,0,0.20368386704128424,0.14146100184460822,0.2084522353811906,0.14777385808719506,0.09526299598515643
L173547,Acid,0,0,0.4736194759800148,0.2913335192140022,0.2325700323040424,0.4386575640909963,0.2541941143121264
L173547,Cisplatin,0,0,0.18583642087064267,0.07176496068223485,0.2325700323040424,0.15122281903424747,0.05810882942693342
L173547,CoCl2,0,0,0.22867007436383363,0.09599020016883097,0.2325700323040424,0.19030938812687398,0.07855217755940459
L173547,Dabrafenib,0,0,0.24473499838108828,0.10586111354471528,0.2325700323040424,0.20540461594850573,0.08699503666529199
L173547,Doxorubicin,0,0,0.2866788719209133,0.13351944255669992,0.2325700323040424,0.2459093075275647,0.11113363783432786
L173547,Trametinib,0,0,0.20368386704128424,0.08151005317126969,0.2325700323040424,0.16729973968423117,0.06626793849764782
L173735,Acid,2,1,0.4723002644704608,0.28798107904013687,0.2642309734799788,0.49060726497007684,0.34741525895704284
L173735,Cisplatin,2,1,0.20261025237344546,0.07994198058564067,0.2642309734799788,0.19477441197722745,0.10131716616717976
L173735,CoCl2,2,0,0.22668291955083833,0.0938138784504659,0.2642309734799788,0.21980985978953424,0.11860965734736315
L173735,Dabrafenib,2,0,0.22668291955083833,0.09381387845046599,0.2642309734799788,0.2198098597895344,0.11860965734736315
L173735,Doxorubicin,2,0,0.2819646373115759,0.12918161513286344,0.2642309734799788,0.27856143487590707,0.1624615909351938
L173735,Trametinib,2,0,0.19458603455920903,0.07551591043043948,0.2642309734799788,0.18650899325754672,0.09580021832176444
L173885,Acid,3,1,0.47049894201675735,0.49646697042869636,0.35386519741976846,0.6003546255627263,0.5740973780985746
L173885,Cisplatin,3,0,0.1901270509498604,0.1693861859591082,0.35386519741976846,0.26283589190779594,0.2059733816315597
L173885,CoCl2,3,1,0.2186598922625351,0.20102711365257653,0.35386519741976846,0.30048138591804413,0.24357254332646402
L173885,Dabrafenib,3,1,0.2186598922625351,0.20102711365257703,0.35386519741976846,0.30048138591804413,0.24357254332646397
L173885,Doxorubicin,3,1,0.2882083795228566,0.28206909496947064,0.35386519741976846,0.39003528590460246,0.3382565811305309
L173885,Trametinib,3,1,0.19191054568686872,0.17133391376060741,0.35386519741976846,0.2652023316675209,0.2082912883818216
L173896,Acid,0,0,0.4736194759800148,0.4328777043248581,0.18442285501084152,0.36478932588872093,0.3364783239580213
L173896,Cisplatin,0,0,0.18583642087064267,0.12552793042606503,0.18442285501084152,0.11577458075244547,0.08407442038738644
L173896,CoCl2,0,0,0.22867007436383363,0.1646818096685305,0.18442285501084152,0.14728878247794575,0.1125610785131678
L173896,Dabrafenib,0,0,0.24473499838108828,0.18020834599800858,0.18442285501084152,0.1596444486714605,0.12416668606662562
L173896,Doxorubicin,0,0,0.2866788719209133,0.2224585775702799,0.18442285501084152,0.19332088923149288,0.1568474645266133
L173896,Trametinib,0,0,0.20368386704128424,0.14146100184460822,0.18442285501084152,0.12865412906703153,0.0955096830431111
L174071,Acid,3,0,0.47049894201675735,0.2800284500633928,0.12254708554435266,0.2644961707717554,0.19958908012075316
L174071,Cisplatin,3,0,0.1901270509498604,0.07445610040842693,0.12254708554435266,0.0786412877202628,0.04578978665112115
L174071,CoCl2,3,0,0.2186598922625351,0.09029195479406704,0.12254708554435266,0.09324190152893004,0.05621871680281633
L174071,Dabrafenib,3,0,0.2186598922625351,0.09029195479406729,0.12254708554435266,0.09324190152893004,0.05621871680281631
L174071,Doxorubicin,3,0,0.2882083795228566,0.13418992647207914,0.12254708554435266,0.13275274259843353,0.0863904573204925
L174071,Trametinib,3,0,0.19191054568686872,0.07541135591620717,0.12254708554435266,0.07952824784354978,0.04641044063117903
L17420,Acid,0,1,0.4736194759800148,0.7974314064872267,0.37063824801671597,0.6110564977224693,0.7857591120239368
L17420,Cisplatin,0,1,0.18583642087064267,0.42539734854538325,0.37063824801671597,0.26372924134306186,0.3989946769500532
L17420,CoCl2,0,0,0.22867007436383363,0.5041597651347423,0.37063824801671597,0.3209011143947648,0.4784466982331935
L17420,Dabrafenib,0,1,0.24473499838108828,0.5313339862486727,0.37063824801671597,0.3419798162721244,0.5062562111272398
L17420,Doxorubicin,0,0,0.2866788719209133,0.596051812036167,0.37063824801671597,0.3959946233580704,0.5736363214075826
L17420,Trametinib,0,0,0.20368386704128424,0.459396843265406,0.37063824801671597,0.2877126204823425,0.4330134169714204
L174555,Acid,0,1,0.4736194759800148,0.283084547091898,0.2848264038615755,0.509520606580828,0.34748769893086856
L174555,Cisplatin,0,0,0.18583642087064267,0.06912653697676831,0.2848264038615755,0.19149219968033823,0.08791957568776729
L174555,CoCl2,0,0,0.22867007436383363,0.09254994172494373,0.2848264038615755,0.23806780725333873,0.11754187982574718
L174555,Dabrafenib,0,1,0.24473499838108828,0.10210704271472079,0.2848264038615755,0.2557546463538191,0.12958604360913498
L174555,Doxorubicin,0,1,0.2866788719209133,0.1289259711728003,0.2848264038615755,0.3024093800459157,0.16342704482575304
L174555,Trametinib,0,0,0.20368386704128424,0.07854366914430409,0.2848264038615755,0.21078708100867613,0.09982083399355114
L174623,Acid,0,0,0.4736194759800148,0.41687445602687223,0.15965371423908967,0.32382429193646484,0.40682917346617403
L174623,Cisplatin,0,0,0.18583642087064267,0.1185127757596139,0.15965371423908967,0.09843975003146527,0.11043612507225002
L174623,CoCl2,0,0,0.22867007436383363,0.15586854988823068,0.15965371423908967,0.12590725031016367,0.1464268866165967
L174623,Dabrafenib,0,0,0.24473499838108828,0.17073399163724073,0.15965371423908967,0.1367569384945096,0.16089118219090576
L174623,Doxorubicin,0,0,0.2866788719209133,0.21133556904734843,0.15965371423908967,0.1665622779963569,0.20101937865898048
L174623,Trametinib,0,0,0.20368386704128424,0.13369155432558244,0.15965371423908967,0.10962995091047244,0.12496772959860115
L174664,Acid,0,0,0.4736194759800148,0.5103750822231757,0.35566117813888865,0.5945871962992836,0.451939383257363
L174664,Cisplatin,0,0,0.18583642087064267,0.1639035184939039,0.35566117813888865,0.2505898820368854,0.12987744511591348
L174664,CoCl2,0,0,0.22867007436383363,0.21212369602204795,0.35566117813888865,0.3060975604448403,0.17098622915782322
L174664,Dabrafenib,0,0,0.24473499838108828,0.23088680952499452,0.35566117813888865,0.3266716299614129,0.18734407147162138
L174664,Doxorubicin,0,0,0.2866788719209133,0.28094680447908854,0.35566117813888865,0.379663619083935,0.2322438706952409
L174664,Trametinib,0,0,0.20368386704128424,0.18368439280210047,0.35566117813888865,0.27382275956561697,0.1465457833949996
L175009,Acid,0,0,0.4736194759800148,0.28466937869202136,0.16007340099113027,0.3245794315898357,0.2508625585227357
L175009,Cisplatin,0,0,0.18583642087064267,0.06962987611271007,0.16007340099113027,0.09874606008288632,0.05715030167888226
L175009,CoCl2,0,0,0.22867007436383363,0.09320675900005541,0.16007340099113027,0.12628705740948287,0.07728409850235586
L175009,Dabrafenib,0,0,0.24473499838108828,0.10282400034002308,0.16007340099113027,0.1371643384958118,0.08560332518468973
L175009,Doxorubicin,0,0,0.2866788719209133,0.1298040178991264,0.16007340099113027,0.1670412870223653,0.10940203884532773
L175009,Trametinib,0,0,0.20368386704128424,0.07910975095779173,0.16007340099113027,0.1099668338204358,0.06518413729138768
L175598,Acid,3,0,0.47049894201675735,0.4146843208666432,0.22009946539384975,0.4285708878968501,0.3947285427772979
L175598,Cisplatin,3,0,0.1901270509498604,0.1278074763493444,0.22009946539384975,0.15111175306391952,0.11150722894994451
L175598,CoCl2,3,1,0.2186598922625351,0.15311331540748604,0.22009946539384975,0.17658851442041468,0.13478946043764195
L175598,Dabrafenib,3,0,0.2186598922625351,0.15311331540748646,0.22009946539384975,0.17658851442041468,0.1347894604376419
L175598,Doxorubicin,3,1,0.2882083795228566,0.22016197956804173,0.22009946539384975,0.24199166256223972,0.19827030725992698
L175598,Trametinib,3,1,0.19191054568686872,0.12935155634413809,0.22009946539384975,0.15268062824538725,0.11291323943139689
L176569,Acid,4,1,0.4785299066468458,0.29897467523817,0.11471282743565414,0.24867220957035444,0.20717904508570695
L176569,Cisplatin,4,0,0.19815483583226198,0.08016901387354933,0.11471282743565414,0.07397098783939747,0.048749508265821646
L176569,CoCl2,4,0,0.22936006970462597,0.09841103684850079,0.11471282743565414,0.08873916281655489,0.060568586056437834
L176569,Dabrafenib,4,0,0.2240101926936385,0.09517437853277874,0.11471282743565414,0.08613392730250014,0.05844923788599917
L176569,Doxorubicin,4,0,0.2891002187573746,0.13760578088210432,0.11471282743565414,0.12005451636230115,0.08703185394868163
L176569,Trametinib,4,0,0.191021945485207,0.07620727108441683,0.11471282743565414,0.07073712697099803,0.04622806113808223
L176645,Acid,0,0,0.4736194759800148,0.5215772459934784,0.29634660250837674,0.524627262842368,0.49215688098478905
L176645,Cisplatin,0,0,0.18583642087064267,0.17014362267380698,0.29634660250837674,0.20103446432668362,0.14923927737191406
L176645,CoCl2,0,0,0.22867007436383363,0.21971719346328863,0.29634660250837674,0.24921558354331333,0.19510232992757126
L176645,Dabrafenib,0,0,0.24473499838108828,0.23894827365539936,0.29634660250837674,0.2674399257505771,0.213174042451309
L176645,Doxorubicin,0,1,0.2866788719209133,0.2900968619243606,0.29634660250837674,0.31532315523847776,0.2622665217199843
L176645,Trametinib,0,0,0.20368386704128424,0.1905059970527224,0.29634660250837674,0.22102798207007493,0.16791297103471814
L177039,Acid,3,0,0.47049894201675735,0.2800284500633928,0.21017858240385853,0.41322859191073325,0.34826362541046446
L177039,Cisplatin,3,0,0.1901270509498604,0.07445610040842693,0.21017858240385853,0.1432127921622528,0.09324526278010184
L177039,CoCl2,3,0,0.2186598922625351,0.09029195479406704,0.21017858240385853,0.16762078644752032,0.11320027982395502
L177039,Dabrafenib,3,0,0.2186598922625351,0.09029195479406729,0.21017858240385853,0.16762078644752032,0.11320027982395497
L177039,Doxorubicin,3,0,0.2882083795228566,0.13418992647207914,0.21017858240385853,0.2306328538252407,0.1684935088399721
L177039,Trametinib,3,0,0.19191054568686872,0.07541135591620717,0.21017858240385853,0.14471363899128284,0.09444548265976763
L177128,Acid,3,1,0.47049894201675735,0.8782058140102986,0.25237888959396915,0.4745197378815387,0.8511256671304993
L177128,Cisplatin,3,0,0.1901270509498604,0.5986148544771787,0.25237888959396915,0.17650140107584655,0.5238565976485359
L177128,CoCl2,3,0,0.2186598922625351,0.6478936938217806,0.25237888959396915,0.20522388651186038,0.5772945757034222
L177128,Dabrafenib,3,1,0.2186598922625351,0.6478936938217813,0.25237888959396915,0.20522388651186038,0.5772945757034222
L177128,Doxorubicin,3,1,0.2882083795228566,0.741821882385888,0.25237888959396915,0.27765646049699677,0.6843414227090768
L177128,Trametinib,3,1,0.19191054568686872,0.6019214945639818,0.25237888959396915,0.17827851721793353,0.527375828725585
L177238,Acid,4,0,0.4785299066468458,0.29897467523817,0.05938663252259209,0.1339982364488591,0.16282270445577704
L177238,Cisplatin,4,0,0.19815483583226198,0.08016901387354933,0.05938663252259209,0.03599950971259854,0.036740532544552056
L177238,CoCl2,4,0,0.22936006970462597,0.09841103684850079,0.05938663252259209,0.04354321378836052,0.045788238656933856
L177238,Dabrafenib,4,0,0.2240101926936385,0.09517437853277874,0.05938663252259209,0.04220340483147325,0.04416175585481725
L177238,Doxorubicin,4,0,0.2891002187573746,0.13760578088210432,0.05938663252259209,0.0599586958755381,0.06624916785077457
L177238,Trametinib,4,0,0.191021945485207,0.07620727108441683,0.05938663252259209,0.034364082107659365,0.03481748519176921
L177252,Acid,2,0,0.4723002644704608,0.28798107904013687,0.05797362469599701,0.1308187862373428,0.1875802897571711
L177252,Cisplatin,2,0,0.20261025237344546,0.07994198058564067,0.05797362469599701,0.03642329108870699,0.04661643170108538
L177252,CoCl2,2,0,0.22668291955083833,0.0938138784504659,0.05797362469599701,0.04217093956046383,0.05514566761282836
L177252,Dabrafenib,2,0,0.22668291955083833,0.09381387845046599,0.05797362469599701,0.04217093956046386,0.05514566761282838
L177252,Doxorubicin,2,1,0.2819646373115759,0.12918161513286344,0.05797362469599701,0.056905643494355056,0.07759972288402454
L177252,Trametinib,2,0,0.19458603455920903,0.07551591043043948,0.05797362469599701,0.03458898572720543,0.04393245309356673
L177271,Acid,0,0,0.4736194759800148,0.2913335192140022,0.2597916189890715,0.4770672281914277,0.2826499148777318
L177271,Cisplatin,0,0,0.18583642087064267,0.07176496068223485,0.2597916189890715,0.17218420832181522,0.06657323646312202
L177271,CoCl2,0,0,0.22867007436383363,0.09599020016883097,0.2597916189890715,0.21531428046068984,0.08971083044204306
L177271,Dabrafenib,0,0,0.24473499838108828,0.10586111354471528,0.2597916189890715,0.23182501580927573,0.09922388339613755
L177271,Doxorubicin,0,0,0.2866788719209133,0.13351944255669992,0.2597916189890715,0.27573176527698345,0.1262862965501618
L177271,Trametinib,0,0,0.20368386704128424,0.08151005317126969,0.2597916189890715,0.18999077222704902,0.07582516247551171
L177312,Acid,1,0,0.47587273821028014,0.29525690538904675,0.28733645046877737,0.5142207013714017,0.34470030414928643
L177312,Cisplatin,1,0,0.19458719593808257,0.07941543330523236,0.28733645046877737,0.20088120541544127,0.09109964726768982
L177312,CoCl2,1,0,0.23560044533301658,0.10379144962857745,0.28733645046877737,0.24575514384290179,0.11951503280634483
L177312,Dabrafenib,1,0,0.23203384804524899,0.10156225664285312,0.28733645046877737,0.24181937098420928,0.11691175466240553
L177312,Doxorubicin,1,0,0.29979943088858513,0.14739064960258655,0.28733645046877737,0.31753586811742895,0.17068335348443064
L177312,Trametinib,1,0,0.19726215106258552,0.08092639490158116,0.28733645046877737,0.2037806711368713,0.09285128805384507
L177336,Acid,4,0,0.4785299066468458,0.29897467523817,0.15001717607222972,0.3143675485422972,0.20669912320753844
L177336,Cisplatin,4,0,0.19815483583226198,0.08016901387354933,0.15001717607222972,0.09963335739179742,0.048614078618651586
L177336,CoCl2,4,0,0.22936006970462597,0.09841103684850079,0.15001717607222972,0.11886732049149068,0.060402407065267005
L177336,Dabrafenib,4,0,0.2240101926936385,0.09517437853277874,0.15001717607222972,0.1154896717000116,0.05828851285874236
L177336,Doxorubicin,4,0,0.2891002187573746,0.13760578088210432,0.15001717607222972,0.15896002356245872,0.08679977752100973
L177336,Trametinib,4,0,0.191021945485207,0.07620727108441683,0.15001717607222972,0.09539316113314908,0.04609929678948323
L177375,Acid,3,1,0.47049894201675735,0.6657588532631791,0.28890353046610306,0.5233077600213845,0.7234979793394789
L177375,Cisplatin,3,0,0.1901270509498604,0.29177340878934677,0.28890353046610306,0.2067013173233046,0.33490595003934315
L177375,CoCl2,3,0,0.2186598922625351,0.33700044451188044,0.28890353046610306,0.23891251546614337,0.38463979637138385
L177375,Dabrafenib,3,1,0.2186598922625351,0.33700044451188116,0.28890353046610306,0.23891251546614337,0.3846397963713837
L177375,Doxorubicin,3,0,0.2882083795228566,0.44249948519059185,0.28890353046610306,0.31847082894433537,0.49805454840807933
L177375,Trametinib,3,1,0.19191054568686872,0.29462924874451396,0.28890353046610306,0.20870544062479823,0.3380570549212936
L177976,Acid,2,0,0.4723002644704608,0.2807695161874157,0.1714664226997568,0.3501513141624596,0.28350929947026
L177976,Cisplatin,2,0,0.20261025237344546,0.07737396318390978,0.1714664226997568,0.11919460242793986,0.07731681747508859
L177976,CoCl2,2,0,0.22668291955083833,0.09084424576363263,0.1714664226997568,0.13615804094624626,0.09092746376876105
L177976,Dabrafenib,2,1,0.22668291955083833,0.09084424576363272,0.1714664226997568,0.13615804094624637,0.09092746376876105
L177976,Doxorubicin,2,0,0.2819646373115759,0.1252471706812583,0.1714664226997568,0.17764172807700832,0.12600802138861086
L177976,Trametinib,2,1,0.19458603455920903,0.07307878074846619,0.1714664226997568,0.11368366417786804,0.07300058452361285
L178651,Acid,1,1,0.47587273821028014,0.7876506746309532,0.33507063698229245,0.5725899809604443,0.8381409992295068
L178651,Cisplatin,1,1,0.19458719593808257,0.4330282159037684,0.33507063698229245,0.24135447453989783,0.49664918658602397
L178651,CoCl2,1,0,0.23560044533301658,0.5062546599231028,0.33507063698229245,0.2919662790213165,0.5719587697950589
L178651,Dabrafenib,1,1,0.23203384804524899,0.5002060140116099,0.33507063698229245,0.287572602971891,0.5658336467089705
L178651,Doxorubicin,1,1,0.29979943088858513,0.6048212020469546,0.33507063698229245,0.37061223234682367,0.6695357638254051
L178651,Trametinib,1,1,0.19726215106258552,0.4380655421836948,0.33507063698229245,0.2446592671949791,0.5018927013985286
L17873,Acid,0,1,0.4736194759800148,0.8578381904451754,0.27856478468555795,0.5020849609251764,0.8029521274253064
L17873,Cisplatin,0,1,0.18583642087064267,0.5315772252222255,0.27856478468555795,0.18692887558564286,0.4244928295880466
L17873,CoCl2,0,1,0.22867007436383363,0.6091573992966576,0.27856478468555795,0.23271403845042118,0.5047579753156315
L17873,Dabrafenib,0,0,0.24473499838108828,0.6347461887326796,0.27856478468555795,0.25013370499779186,0.5325352861337082
L17873,Doxorubicin,0,0,0.2866788719209133,0.6934234338591775,0.27856478468555795,0.2961711119584829,0.599168582259592
L17873,Trametinib,0,0,0.20368386704128424,0.5657080841648724,0.27856478468555795,0.2058810392117031,0.45902515092911605
L17895,Acid,4,0,0.4785299066468458,0.40379200861335746,0.26314006334046575,0.49075201590122686,0.3627228842743455
L17895,Cisplatin,4,0,0.19815483583226198,0.12157946233047534,0.26314006334046575,0.18869343448839543,0.10041393585066852
L17895,CoCl2,4,0,0.22936006970462597,0.147730856907084,0.26314006334046575,0.2209020142857655,0.12313736280636377
L17895,Dabrafenib,4,0,0.2240101926936385,0.14312962095656037,0.26314006334046575,0.21533357028171968,0.11910625410363883
L17895,Doxorubicin,4,0,0.2891002187573746,0.20216395563029155,0.26314006334046575,0.2843055598842734,0.17193456452509118
L17895,Trametinib,4,0,0.191021945485207,0.11582901443561165,0.26314006334046575,0.18142676080046874,0.09548851708723065
L17906,Acid,1,1,0.47587273821028014,0.5980887495647769,0.35469393561389817,0.5951851734441662,0.5648572916790655
L17906,Cisplatin,1,0,0.19458719593808257,0.2345453888131979,0.35469393561389817,0.2587930391344917,0.19829814099537366
L17906,CoCl2,1,0,0.23560044533301658,0.29146196980187344,0.35469393561389817,0.3115599018274378,0.25091949846635014
L17906,Dabrafenib,1,0,0.23203384804524899,0.28649055819432406,0.35469393561389817,0.3069992175461081,0.24625448301915107
L17906,Doxorubicin,1,0,0.29979943088858513,0.38043092302512477,0.35469393561389817,0.39255749668651774,0.3368249693783939
L17906,Trametinib,1,0,0.19726215106258552,0.23824401971672243,0.35469393561389817,0.26225406918617805,0.20165366110693003
L179110,Acid,2,0,0.4723002644704608,0.3123280499487586,0.09763817135827277,0.2144738786834357,0.320310400976737
L179110,Cisplatin,2,0,0.20261025237344546,0.08889650017663632,0.09763817135827277,0.06417163236389656,0.09074272460711096
L179110,CoCl2,2,0,0.22668291955083833,0.10414634088636009,0.09763817135827277,0.07396190853072424,0.10644417411280782
L179110,Dabrafenib,2,0,0.22668291955083833,0.10414634088636013,0.09763817135827277,0.07396190853072429,0.10644417411280782
L179110,Doxorubicin,2,0,0.2819646373115759,0.14279558489371302,0.09763817135827277,0.09866035149947797,0.14654616153613348
L179110,Trametinib,2,0,0.19458603455920903,0.08401992822152263,0.09763817135827277,0.061028405390938595,0.08574663951177205
L179168,Acid,2,0,0.4723002644704608,0.41824820551231073,0.3510660534069325,0.5971993282709059,0.5386268812404365
L179168,Cisplatin,2,0,0.20261025237344546,0.13378550711129356,0.3510660534069325,0.2713278629227058,0.1982229630773005
L179168,CoCl2,2,0,0.22668291955083833,0.15542226908653953,0.3510660534069325,0.3025065300147221,0.22786141134793408
L179168,Dabrafenib,2,1,0.22668291955083833,0.15542226908653958,0.3510660534069325,0.3025065300147223,0.22786141134793408
L179168,Doxorubicin,2,0,0.2819646373115759,0.20866797340549004,0.3510660534069325,0.3727998270812591,0.2984291621195781
L179168,Trametinib,2,0,0.19458603455920903,0.1267891472075863,0.3510660534069325,0.26086627488025055,0.18853629293993585
L17919,Acid,0,0,0.4736194759800148,0.4328777043248581,0.22676987400508175,0.430316508051114,0.3636174325682937
L17919,Cisplatin,0,0,0.18583642087064267,0.12552793042606503,0.22676987400508175,0.14691685425606144,0.09373139368550092
L17919,CoCl2,0,0,0.22867007436383363,0.1646818096685305,0.22676987400508175,0.18513321719985418,0.12504338883318117
L17919,Dabrafenib,0,0,0.24473499838108828,0.18020834599800858,0.22676987400508175,0.19991924751009146,0.1377362358430134
L17919,Doxorubicin,0,0,0.2866788719209133,0.2224585775702799,0.22676987400508175,0.23966851531359645,0.17328191375580662
L17919,Trametinib,0,0,0.20368386704128424,0.14146100184460822,0.22676987400508175,0.16262370515835592,0.10632765706382516
L179303,Acid,3,0,0.47049894201675735,0.6261552687480805,0.22610494332960063,0.43712943445011393,0.5854080724139864
L179303,Cisplatin,3,0,0.1901270509498604,0.2572915761259182,0.22610494332960063,0.1556385960295797,0.21366997984260075
L179303,CoCl2,3,0,0.2186598922625351,0.2994334773839586,0.22610494332960063,0.1817151890447197,0.2522278109291637
L179303,Dabrafenib,3,0,0.2186598922625351,0.2994334773839592,0.22610494332960063,0.1817151890447197,0.25222781092916363
L179303,Doxorubicin,3,0,0.2882083795228566,0.40027219267065384,0.22610494332960063,0.24844419871911527,0.34872529490461407
L179303,Trametinib,3,0,0.19191054568686872,0.2599337832289232,0.22610494332960063,0.15724576397535645,0.21605093268665584
L179382,Acid,0,0,0.4736194759800148,0.28466937869202136,0.13387493070955614,0.27784733565010217,0.4315220922159272
L179382,Cisplatin,0,0,0.18583642087064267,0.06962987611271007,0.13387493070955614,0.08064651966850155,0.12080291142805138
L179382,CoCl2,0,0,0.22867007436383363,0.09320675900005541,0.13387493070955614,0.10372038048249166,0.15956615277953123
L179382,Dabrafenib,0,1,0.24473499838108828,0.10282400034002308,0.13387493070955614,0.11290513571927935,0.17506217274486258
L179382,Doxorubicin,0,0,0.2866788719209133,0.1298040178991264,0.13387493070955614,0.13834522017592724,0.21780735700491177
L179382,Trametinib,0,1,0.20368386704128424,0.07910975095779173,0.13387493070955614,0.09001601538576318,0.13648931760484576
L179445,Acid,0,0,0.4736194759800148,0.7827890064476022,0.22638664069639647,0.42925921028342134,0.7892021174104156
L179445,Cisplatin,0,0,0.18583642087064267,0.4039632641735531,0.22638664069639647,0.1463769606982583,0.4039382435788459
L179445,CoCl2,0,0,0.22867007436383363,0.4820867142221774,0.22638664069639647,0.18448325570761023,0.4835825970977783
L179445,Dabrafenib,0,0,0.24473499838108828,0.5092932149268836,0.22638664069639647,0.19923006735622553,0.5113979226358318
L179445,Doxorubicin,0,0,0.2866788719209133,0.5746179566985913,0.22638664069639647,0.23888322059199774,0.5786603374462878
L179445,Trametinib,0,0,0.20368386704128424,0.43755416748531883,0.22638664069639647,0.16203705517545955,0.43807125172634814
L179636,Acid,1,1,0.47587273821028014,0.6147136512156031,0.3953707054448103,0.6381049510760084,0.679710833133892
L179636,Cisplatin,1,0,0.19458719593808257,0.24728243661727084,0.3953707054448103,0.2951408015002272,0.287937759780488
L179636,CoCl2,1,0,0.23560044533301658,0.3060540553743361,0.3953707054448103,0.35180124502823373,0.35384735711831833
L179636,Dabrafenib,1,0,0.23203384804524899,0.3009394630022026,0.3953707054448103,0.346948364282483,0.34815814491759395
L179636,Doxorubicin,1,0,0.29979943088858513,0.39698161641491353,0.3953707054448103,0.4366254816802701,0.4536506038269523
L179636,Trametinib,1,0,0.19726215106258552,0.25111602984004944,0.3953707054448103,0.2988919148223945,0.29225716519151435
L179761,Acid,2,0,0.4723002644704608,0.28798107904013687,0.1811606139342402,0.36618077862581105,0.2234192492947795
L179761,Cisplatin,2,0,0.20261025237344546,0.07994198058564067,0.1811606139342402,0.12671276217835573,0.0574266817100465
L179761,CoCl2,2,0,0.22668291955083833,0.0938138784504659,0.1811606139342402,0.14457054604815192,0.06779318374711721
L179761,Dabrafenib,2,0,0.22668291955083833,0.09381387845046599,0.1811606139342402,0.14457054604815203,0.06779318374711721
L179761,Doxorubicin,2,0,0.2819646373115759,0.12918161513286344,0.1811606139342402,0.18805931516490418,0.09487989060373864
L179761,Trametinib,2,0,0.19458603455920903,0.07551591043043948,0.1811606139342402,0.12090193601618503,0.054155649333349834
L179846,Acid,1,0,0.47587273821028014,0.41305005356356256,0.19888090450335028,0.38908651460278193,0.3968250403981722
L179846,Cisplatin,1,0,0.19458719593808257,0.1265625992972331,0.19888090450335028,0.13137591188652667,0.11139444006692308
L179846,CoCl2,1,0,0.23560044533301658,0.16285012380500055,0.19888090450335028,0.16390802858735168,0.14512929609433542
L179846,Dabrafenib,1,0,0.23203384804524899,0.15957834882299102,0.19888090450335028,0.1610032352590531,0.1420581045875335
L179846,Doxorubicin,1,0,0.29979943088858513,0.22502867226033715,0.19888090450335028,0.21871491713751293,0.20471424079513953
L179846,Trametinib,1,0,0.19726215106258552,0.1288450374752859,0.19888090450335028,0.13343967810803914,0.11348757971766943
L180119,Acid,1,1,0.47587273821028014,0.7673986649812435,0.43947972431836824,0.6810430327588982,0.8312351908731426
L180119,Cisplatin,1,0,0.19458719593808257,0.4045244389282229,0.43947972431836824,0.33645667752934655,0.4841409429324022
L180119,CoCl2,1,1,0.23560044533301658,0.4769858727339985,0.43947972431836824,0.39658609427624697,0.5596627168096256
L180119,Dabrafenib,1,1,0.23203384804524899,0.470953369394148,0.43947972431836824,0.3914885505264937,0.5534989990138051
L180119,Doxorubicin,1,1,0.29979943088858513,0.5765076155468725,0.43947972431836824,0.48414330910360726,0.6583684878899847
L180119,Trametinib,1,0,0.19726215106258552,0.40946965425373727,0.43947972431836824,0.3404792471979319,0.4893807925642773
L180143,Acid,0,0,0.4736194759800148,0.28466937869202136,0.16366233851224432,0.3301748810737998,0.18419075344232796
L180143,Cisplatin,0,0,0.18583642087064267,0.06962987611271007,0.16366233851224432,0.10103069701313669,0.03926316976365422
L180143,CoCl2,0,0,0.22867007436383363,0.09320675900005541,0.16366233851224432,0.12911760791132543,0.05345266170826603
L180143,Dabrafenib,0,0,0.24473499838108828,0.10282400034002308,0.16366233851224432,0.14019956724232088,0.059371624182992466
L180143,Doxorubicin,0,0,0.2866788719209133,0.1298040178991264,0.16366233851224432,0.17060692123660195,0.0764876444594727
L180143,Trametinib,0,0,0.20368386704128424,0.07910975095779173,0.16366233851224432,0.11247868016663058,0.04490229190337355
L181437,Acid,0,1,0.4736194759800148,0.7724183756473947,0.36362715650397703,0.6034876829296486,0.8041680202499001
L181437,Cisplatin,0,1,0.18583642087064267,0.3896092598669072,0.36362715650397703,0.25761308720484155,0.4263756978245794
L181437,CoCl2,0,1,0.22867007436383363,0.4671323561219623,0.36362715650397703,0.314024580174306,0.5066834194846097
L181437,Dabrafenib,0,0,0.24473499838108828,0.49430037925146353,0.36362715650397703,0.3348743265523879,0.5344523410979103
L181437,Doxorubicin,0,0,0.2866788719209133,0.5598962722921503,0.36362715650397703,0.3884293301000979,0.6010171072898246
L181437,Trametinib,0,0,0.20368386704128424,0.422853357610605,0.36362715650397703,0.2812527330829587,0.46093851148324283
L181765,Acid,4,1,0.4785299066468458,0.2968821351175162,0.11016924466264255,0.2393739901124348,0.3517158706578066
L181765,Cisplatin,4,0,0.19815483583226198,0.07943437728876447,0.11016924466264255,0.07059135522158248,0.09616566710670289
L181765,CoCl2,4,0,0.22936006970462597,0.09752696145749848,0.11016924466264255,0.08474654194819907,0.11805388352080917
L181765,Dabrafenib,4,0,0.2240101926936385,0.09431633792632509,0.11016924466264255,0.08224794353120551,0.11416752366676725
L181765,Doxorubicin,4,1,0.2891002187573746,0.13642287806611342,0.11016924466264255,0.11483047843815358,0.16521615634694287
L181765,Trametinib,4,0,0.191021945485207,0.07550595825322452,0.11016924466264255,0.06749447606292505,0.0914274523065112
L182194,Acid,2,0,0.4723002644704608,0.5715424076713342,0.29125767764545696,0.5255437196069689,0.5466287505522898
L182194,Cisplatin,2,0,0.20261025237344546,0.22273840091178299,0.29125767764545696,0.21764536273059285,0.2033971874047309
L182194,CoCl2,2,0,0.22668291955083833,0.2545339647335742,0.29125767764545696,0.24472708822806855,0.23358389890844294
L182194,Dabrafenib,2,0,0.22668291955083833,0.2545339647335743,0.29125767764545696,0.24472708822806868,0.23358389890844294
L182194,Doxorubicin,2,0,0.2819646373115759,0.3285263925936223,0.29125767764545696,0.3075135902801677,0.30522332483807135
L182194,Trametinib,2,0,0.19458603455920903,0.2122299546271515,0.29125767764545696,0.20866089721713965,0.19351869445193348
L183297,Acid,4,0,0.4785299066468458,0.29897467523817,0.19669494664926682,0.39290052155389993,0.37431289727788536
L183297,Cisplatin,4,0,0.19815483583226198,0.08016901387354933,0.19669494664926682,0.1350925524379302,0.10500345422978849
L183297,CoCl2,4,0,0.22936006970462597,0.09841103684850079,0.19669494664926682,0.15995571077493068,0.12861698608714264
L183297,Dabrafenib,4,0,0.2240101926936385,0.09517437853277874,0.19669494664926682,0.15561672244623576,0.12443194843739205
L183297,Doxorubicin,4,0,0.2891002187573746,0.13760578088210432,0.19669494664926682,0.21059480791470878,0.17914203667292228
L183297,Trametinib,4,0,0.191021945485207,0.07620727108441683,0.19669494664926682,0.12956043543258025,0.09987790874072434
L183358,Acid,0,1,0.4736194759800148,0.8581649277656445,0.3729943660745268,0.6134921415196741,0.8584300763991969
L183358,Cisplatin,0,1,0.18583642087064267,0.5322449455332761,0.3729943660745268,0.2657262977866294,0.5232598276183222
L183358,CoCl2,0,1,0.22867007436383363,0.6097957087804877,0.3729943660745268,0.32314109085715315,0.6026443651839748
L183358,Dabrafenib,0,0,0.24473499838108828,0.6353677228080359,0.3729943660745268,0.34429233264625386,0.6289671388870968
L183358,Doxorubicin,0,1,0.2866788719209133,0.6939932559007732,0.3729943660745268,0.3984512220598634,0.6898600598247225
L183358,Trametinib,0,0,0.20368386704128424,0.5663668401928272,0.3729943660745268,0.28981980007813957,0.5580360630902028
L183531,Acid,2,1,0.4723002644704608,0.5292323397866742,0.2653668586918457,0.4915272839866817,0.5841803234002632
L183531,Cisplatin,2,1,0.20261025237344546,0.19452632190532285,0.2653668586918457,0.19535241856349264,0.2292950381639783
L183531,CoCl2,2,0,0.22668291955083833,0.2234524304898659,0.2653668586918457,0.22044182166071394,0.26206088732750277
L183531,Dabrafenib,2,1,0.22668291955083833,0.22345243048986602,0.2653668586918457,0.2204418216607141,0.2620608873275028
L183531,Doxorubicin,2,0,0.2819646373115759,0.2919480494610228,0.2653668586918457,0.27930184027832844,0.33857582601562736
L183531,Trametinib,2,0,0.19458603455920903,0.18503202372375924,0.2653668586918457,0.18706816997636594,0.21850375725886834
L183654,Acid,3,1,0.47049894201675735,0.9327050337815709,0.3605813959264121,0.6074068780238486,0.9357803194926229
L183654,Cisplatin,3,1,0.1901270509498604,0.7413797462535976,0.3605813959264121,0.2685879607942224,0.737131558424233
L183654,CoCl2,3,1,0.2186598922625351,0.7795848465185019,0.3605813959264121,0.3067145272872752,0.7768305539829241
L183654,Dabrafenib,3,0,0.2186598922625351,0.7795848465185025,0.3605813959264121,0.3067145272872752,0.776830553982924
L183654,Doxorubicin,3,1,0.2882083795228566,0.8466954557334324,0.3605813959264121,0.3970716276312006,0.8467596862876304
L183654,Trametinib,3,0,0.19191054568686872,0.7440132198227521,0.3605813959264121,0.27098715132146756,0.7398572466279983
L18366,Acid,1,0,0.47587273821028014,0.5172358209359385,0.25469982908799277,0.4710978621475923,0.5058421512941654
L18366,Cisplatin,1,1,0.19458719593808257,0.18073761840525696,0.25469982908799277,0.17459118791224054,0.16321558447875387
L18366,CoCl2,1,0,0.23560044533301658,0.22849453729869446,0.25469982908799277,0.21517365257416898,0.20895371722665784
L18366,Dabrafenib,1,1,0.23203384804524899,0.22425721333195514,0.25469982908799277,0.21159024832058584,0.20485554629300068
L18366,Doxorubicin,1,1,0.29979943088858513,0.3065588084052791,0.25469982908799277,0.28135406281246195,0.2859767637734193
L18366,Trametinib,1,1,0.19726215106258552,0.1837914698511143,0.25469982908799277,0.17719533208011537,0.16610044772385085
L183665,Acid,2,1,0.4723002644704608,0.5152190142896127,0.3151921365143584,0.555211808313517,0.5035053943950324
L183665,Cisplatin,2,0,0.20261025237344546,0.18587628342593437,0.3151921365143584,0.2386757161083371,0.17679239554347903
L183665,CoCl2,2,1,0.22668291955083833,0.2138576390467288,0.3151921365143584,0.2674795943332843,0.20404198611378815
L183665,Dabrafenib,2,1,0.22668291955083833,0.2138576390467289,0.3151921365143584,0.2674795943332845,0.20404198611378815
L183665,Doxorubicin,2,1,0.2819646373115759,0.2804744131920041,0.3151921365143584,0.3335256776977527,0.26981064739677296
L183665,Trametinib,2,0,0.19458603455920903,0.1767115475674063,0.3151921365143584,0.22907730680178282,0.16793363436074443
L183696,Acid,3,0,0.47049894201675735,0.28393797583778135,0.4071531202201777,0.6559441074890972,0.342304846724498
L183696,Cisplatin,3,0,0.1901270509498604,0.07579774841898737,0.4071531202201777,0.31153513563442536,0.09104032727745034
L183696,CoCl2,3,0,0.2186598922625351,0.09189062358779186,0.4071531202201777,0.35281734734663794,0.11058102115287795
L183696,Dabrafenib,3,0,0.2186598922625351,0.09189062358779211,0.4071531202201777,0.35281734734663794,0.11058102115287795
L183696,Doxorubicin,3,0,0.2882083795228566,0.13644925330968105,0.4071531202201777,0.44798007877851953,0.16483266526885484
L183696,Trametinib,3,0,0.19191054568686872,0.07676878924958747,0.4071531202201777,0.3141531810527924,0.09221505231398892
L18385,Acid,4,0,0.4785299066468458,0.28113031182063863,0.2740055469842834,0.5053298415103825,0.19838579415438068
L18385,Cisplatin,4,0,0.19815483583226198,0.0740054563390073,0.2740055469842834,0.197783423691686,0.04628786121391855
L18385,CoCl2,4,0,0.22936006970462597,0.09098371995446658,0.2740055469842834,0.23110162428154304,0.057546229302076694
L18385,Dabrafenib,4,0,0.2240101926936385,0.08796750590531295,0.2740055469842834,0.22535043865329213,0.05552638526612298
L18385,Doxorubicin,4,0,0.2891002187573746,0.12763912778414688,0.2740055469842834,0.29631923760826234,0.08280538223014501
L18385,Trametinib,4,0,0.191021945485207,0.07032501345783615,0.2740055469842834,0.19024877810237123,0.043887862376405844
L183961,Acid,0,0,0.4736194759800148,0.28466937869202136,0.16024142437562733,0.3246379489891391,0.1743751606688567
L183961,Cisplatin,0,0,0.18583642087064267,0.06962987611271007,0.16024142437562733,0.09876981660558999,0.03682222603589633
L183961,CoCl2,0,0,0.22867007436383363,0.09320675900005541,0.16024142437562733,0.12631651114208245,0.05017564546106455
L183961,Dabrafenib,0,0,0.24473499838108828,0.10282400034002308,0.16024142437562733,0.13719593076094047,0.05575310856979502
L183961,Doxorubicin,0,0,0.2866788719209133,0.1298040178991264,0.16024142437562733,0.16707842816879373,0.07190570499725019
L183961,Trametinib,0,0,0.20368386704128424,0.07910975095779173,0.16024142437562733,0.1099929603984092,0.04212614280754703
L184246,Acid,4,1,0.4785299066468458,0.42482109229729803,0.21125560868297757,0.41587760563334386,0.45938573918123327
L184246,Cisplatin,4,0,0.19815483583226198,0.13114408101123912,0.21125560868297757,0.14663439099658102,0.1428418901557283
L184246,CoCl2,4,0,0.22936006970462597,0.15898045440298916,0.21125560868297757,0.1731963990404088,0.17331683681057602
L184246,Dabrafenib,4,0,0.2240101926936385,0.15409218731186997,0.21125560868297757,0.16857031527256977,0.16795766956382377
L184246,Doxorubicin,4,1,0.2891002187573746,0.21650561141914318,0.21125560868297757,0.2268950687694451,0.23663299446801128
L184246,Trametinib,4,1,0.191021945485207,0.1250056249684408,0.21125560868297757,0.14070652083748744,0.13615030734099628
L184957,Acid,1,1,0.47587273821028014,0.2838807297763159,0.332895716774083,0.5705273100677245,0.21233587539696622
L184957,Cisplatin,1,0,0.19458719593808257,0.07546505119145054,0.332895716774083,0.23981552282096671,0.04885700585950348
L184957,CoCl2,1,0,0.23560044533301658,0.09875860442751293,0.332895716774083,0.29022806936406126,0.06503911779844228
L184957,Dabrafenib,1,0,0.23203384804524899,0.0966258507238606,0.332895716774083,0.28584999045739895,0.06353680873751737
L184957,Doxorubicin,1,0,0.29979943088858513,0.14057529225993384,0.332895716774083,0.3686495913857393,0.09541184465551913
L184957,Trametinib,1,0,0.19726215106258552,0.07690713164142415,0.332895716774083,0.2431059956768683,0.049840955837048256
L185195,Acid,1,1,0.47587273821028014,0.737351166246792,0.37313714896005035,0.6149890684466124,0.7486092049834068
L185195,Cisplatin,1,1,0.19458719593808257,0.36630944379329355,0.37313714896005035,0.2750078302125304,0.36200884005637823
L185195,CoCl2,1,1,0.23560044533301658,0.4369485124574851,0.37313714896005035,0.32961060579538914,0.43452687941064144
L185195,Dabrafenib,1,1,0.23203384804524899,0.4310050879605097,0.37313714896005035,0.32491039513038705,0.4284005209517212
L185195,Doxorubicin,1,0,0.29979943088858513,0.5366886676296012,0.37313714896005035,0.41248920739185524,0.5381342497181043
L185195,Trametinib,1,0,0.19726215106258552,0.3710786126755658,0.37313714896005035,0.2786042023501605,0.3668669132194653
L185210,Acid,2,0,0.4723002644704608,0.2807695161874157,0.20424974963619272,0.40289387376083713,0.24284151463875556
L185210,Cisplatin,2,0,0.20261025237344546,0.07737396318390978,0.20424974963619272,0.14490592409177386,0.0636006914116387
L185210,CoCl2,2,1,0.22668291955083833,0.09084424576363263,0.20424974963619272,0.16484370881567884,0.07499303516172545
L185210,Dabrafenib,2,0,0.22668291955083833,0.09084424576363272,0.20424974963619272,0.16484370881567895,0.07499303516172545
L185210,Doxorubicin,2,0,0.2819646373115759,0.1252471706812583,0.20424974963619272,0.21291304059093596,0.10463354794972012
L185210,Trametinib,2,1,0.19458603455920903,0.07307878074846619,0.20424974963619272,0.13839300688360154,0.060000372557027705
L185259,Acid,1,1,0.47587273821028014,0.7592721680673027,0.34210478291069063,0.5810311903715457,0.7815925835087912
L185259,Cisplatin,1,0,0.19458719593808257,0.39373589963605876,0.34210478291069063,0.24774300291028267,0.4054293795989452
L185259,CoCl2,1,0,0.23560044533301658,0.4657764149736916,0.34210478291069063,0.2991661875452423,0.48010002804627777
L185259,Dabrafenib,1,0,0.23203384804524899,0.4597610569244552,0.34210478291069063,0.2947092616486056,0.4738695829273837
L185259,Doxorubicin,1,1,0.29979943088858513,0.5654880934237051,0.34210478291069063,0.3787141983258592,0.5833636083424089
L185259,Trametinib,1,0,0.19726215106258552,0.39863751880691944,0.34210478291069063,0.2511063177306657,0.4104952305220273
L185317,Acid,4,0,0.4785299066468458,0.29897467523817,0.12639137460865002,0.27118022754146126,0.34984726197096316
L185317,Cisplatin,4,0,0.19815483583226198,0.08016901387354933,0.12639137460865002,0.0824005384446484,0.09545484438341346
L185317,CoCl2,4,0,0.22936006970462597,0.09841103684850079,0.12639137460865002,0.09867233315634463,0.11720225048945375
L185317,Dabrafenib,4,0,0.2240101926936385,0.09517437853277874,0.12639137460865002,0.09580613599792699,0.11334032363747601
L185317,Doxorubicin,4,0,0.2891002187573746,0.13760578088210432,0.12639137460865002,0.13298148596457637,0.16408759730317843
L185317,Trametinib,4,1,0.191021945485207,0.07620727108441683,0.12639137460865002,0.07882952582063273,0.09074813634381296
L185721,Acid,2,0,0.4723002644704608,0.28798107904013687,0.14199302937297217,0.298460500405776,0.2405003835742873
L185721,Cisplatin,2,0,0.20261025237344546,0.07994198058564067,0.14199302937297217,0.09653386986662316,0.06284412177747718
L185721,CoCl2,2,0,0.22668291955083833,0.0938138784504659,0.14199302937297217,0.1106775356076156,0.07411167224027033
L185721,Dabrafenib,2,0,0.22668291955083833,0.09381387845046599,0.14199302937297217,0.11067753560761569,0.07411167224027033
L185721,Doxorubicin,2,0,0.2819646373115759,0.12918161513286344,0.14199302937297217,0.14570745110438435,0.10344278806329528
L185721,Trametinib,2,0,0.19458603455920903,0.07551591043043948,0.14199302937297217,0.09196125845117353,0.05928391948245997
L185762,Acid,1,1,0.47587273821028014,0.5725496822399037,0.3458912070245659,0.5848348337529856,0.5576030796093555
L185762,Cisplatin,1,0,0.19458719593808257,0.21618013561290222,0.3458912070245659,0.25067021258877764,0.19365642907185254
L185762,CoCl2,1,1,0.23560044533301658,0.2702133076693188,0.3458912070245659,0.3024566968148023,0.24542311121778754
L185762,Dabrafenib,1,0,0.23203384804524899,0.26546853686479377,0.3458912070245659,0.29797159179206134,0.24082742997205508
L185762,Doxorubicin,1,1,0.29979943088858513,0.3559546074335131,0.3458912070245659,0.38240224774768244,0.33027650869076824
L185762,Trametinib,1,0,0.19726215106258552,0.219672270798143,0.3458912070245659,0.25405984553505995,0.19695270008184199
L18598,Acid,0,0,0.4736194759800148,0.28466937869202136,0.04883338314288692,0.10789624980099749,0.225140320591723
L18598,Cisplatin,0,0,0.18583642087064267,0.06962987611271007,0.04883338314288692,0.026835105423271485,0.04996561734607827
L18598,CoCl2,0,0,0.22867007436383363,0.09320675900005541,0.04883338314288692,0.035100743685888114,0.06775016093256968
L18598,Dabrafenib,0,0,0.24473499838108828,0.10282400034002308,0.04883338314288692,0.03846983399939035,0.07512666800108804
L18598,Doxorubicin,0,0,0.2866788719209133,0.1298040178991264,0.04883338314288692,0.04804635277626086,0.0963195570036169
L18598,Trametinib,0,0,0.20368386704128424,0.07910975095779173,0.04883338314288692,0.030157882336392765,0.05705058697154131
L186030,Acid,0,1,0.4736194759800148,0.28466937869202136,0.1831396825216077,0.3626809506871942,0.2353966721290012
L186030,Cisplatin,0,1,0.18583642087064267,0.06962987611271007,0.1831396825216077,0.11484522645680027,0.05278544816564371
L186030,CoCl2,0,0,0.22867007436383363,0.09320675900005541,0.1831396825216077,0.14614826744484155,0.07149813472566932
L186030,Dabrafenib,0,0,0.24473499838108828,0.10282400034002308,0.1831396825216077,0.15842603436091912,0.07924802485803803
L186030,Doxorubicin,0,0,0.2866788719209133,0.1298040178991264,0.1831396825216077,0.19190414797994318,0.10147596896446258
L186030,Trametinib,0,0,0.20368386704128424,0.07910975095779173,0.1831396825216077,0.12763631092557046,0.06024490563957881
L186064,Acid,3,1,0.47049894201675735,0.2800284500633928,0.34625302864521157,0.5919355083761059,0.3750825927140756
L186064,Cisplatin,3,0,0.1901270509498604,0.07445610040842693,0.34625302864521157,0.25611666374354797,0.10354594818612045
L186064,CoCl2,3,0,0.2186598922625351,0.09029195479406704,0.34625302864521157,0.2931825309149805,0.1254005102116074
L186064,Dabrafenib,3,1,0.2186598922625351,0.09029195479406729,0.34625302864521157,0.2931825309149805,0.12540051021160736
L186064,Doxorubicin,3,0,0.2882083795228566,0.13418992647207914,0.34625302864521157,0.38174825153798586,0.1854070724644525
L186064,Trametinib,3,0,0.19191054568686872,0.07541135591620717,0.34625302864521157,0.25844381659741095,0.10486342157226526
L186861,Acid,1,1,0.47587273821028014,0.5091537836307407,0.3921273381208557,0.6347640332076585,0.5459036032301597
L186861,Cisplatin,1,0,0.19458719593808257,0.17599667985958187,0.3921273381208557,0.29214596504563084,0.18637613700423578
L186861,CoCl2,1,0,0.23560044533301658,0.22284162612133596,0.3921273381208557,0.3485157452461546,0.23676814955698178
L186861,Dabrafenib,1,0,0.23203384804524899,0.21867941902720708,0.3921273381208557,0.3436841558708245,0.23228464682070823
L186861,Doxorubicin,1,0,0.29979943088858513,0.2997248977938739,0.3921273381208557,0.43307707618941377,0.3198977575822982
L186861,Trametinib,1,0,0.19726215106258552,0.17898792661980484,0.3921273381208557,0.29587499281836155,0.1895776229181825
L186916,Acid,1,0,0.47587273821028014,0.2838807297763159,0.10954102618622236,0.23324020908624468,0.16220575188427738
L186916,Cisplatin,1,0,0.19458719593808257,0.07546505119145054,0.10954102618622236,0.0673706269680241,0.03557904110558257
L186916,CoCl2,1,0,0.23560044533301658,0.09875860442751293,0.10954102618622236,0.08561554630121608,0.047583321832123146
L186916,Dabrafenib,1,0,0.23203384804524899,0.0966258507238606,0.10954102618622236,0.08395892857657539,0.04646417852121508
L186916,Doxorubicin,1,0,0.29979943088858513,0.14057529225993384,0.10954102618622236,0.11793604804514193,0.07041829835488622
L186916,Trametinib,1,0,0.19726215106258552,0.07690713164142415,0.10954102618622236,0.06850824262866882,0.0363057882851194
L186949,Acid,2,0,0.4723002644704608,0.2807695161874157,0.10066703011556101,0.2203794786608305,0.2280001626440009
L186949,Cisplatin,2,0,0.20261025237344546,0.07737396318390978,0.10066703011556101,0.06628786033425006,0.058862109205121985
L186949,CoCl2,2,0,0.22668291955083833,0.09084424576363263,0.10066703011556101,0.0763746473554149,0.06946863318831117
L186949,Dabrafenib,2,0,0.22668291955083833,0.09084424576363272,0.10066703011556101,0.07637464735541497,0.06946863318831117
L186949,Doxorubicin,2,0,0.2819646373115759,0.1252471706812583,0.10066703011556101,0.10179022506068673,0.09715499669898452
L186949,Trametinib,2,0,0.19458603455920903,0.07307878074846619,0.10066703011556101,0.06304796065234294,0.055514130156933336
L187096,Acid,2,1,0.4723002644704608,0.8765502462430889,0.3360326781626895,0.5796998377128921,0.8702309460349187
L187096,Cisplatin,2,1,0.20261025237344546,0.6040176809231173,0.3360326781626895,0.25727816049196317,0.5867989981691264
L187096,CoCl2,2,1,0.22668291955083833,0.6450698506277597,0.3360326781626895,0.2874793055376846,0.6289604719645425
L187096,Dabrafenib,2,1,0.22668291955083833,0.6450698506277599,0.3360326781626895,0.2874793055376848,0.6289604719645425
L187096,Doxorubicin,2,1,0.2819646373115759,0.7225518983839776,0.3360326781626895,0.35606329711995327,0.7095906924538451
L187096,Trametinib,2,1,0.19458603455920903,0.5891559071255714,0.3360326781626895,0.24717453064944098,0.5716624459853276
L187200,Acid,0,1,0.4736194759800148,0.4071129074576573,0.33222632880670805,0.5682826309504585,0.3213357021627542
L187200,Cisplatin,0,1,0.18583642087064267,0.11436743547907993,0.33222632880670805,0.23083851702084096,0.07893941313780622
L187200,CoCl2,0,0,0.22867007436383363,0.15063987301675968,0.33222632880670805,0.2836269343947675,0.10588733560506029
L187200,Dabrafenib,0,0,0.24473499838108828,0.16510418188569034,0.33222632880670805,0.3033509325002012,0.11689548463556083
L187200,Doxorubicin,0,0,0.2866788719209133,0.20469742880520056,0.33222632880670805,0.3545519047622212,0.1479858410145893
L187200,Trametinib,0,0,0.20368386704128424,0.12909304394549506,0.33222632880670805,0.2528580564822579,0.08974467907652899
L187340,Acid,4,0,0.4785299066468458,0.2968821351175162,0.31763667798176376,0.5608329010739265,0.24844085634028118
L187340,Cisplatin,4,1,0.19815483583226198,0.07943437728876447,0.31763667798176376,0.23559506706342515,0.060881440092051514
L187340,CoCl2,4,0,0.22936006970462597,0.09752696145749848,0.31763667798176376,0.2731143880447137,0.07540867648146139
L187340,Dabrafenib,4,0,0.2240101926936385,0.09431633792632509,0.31763667798176376,0.26668029939183563,0.07281030615050751
L187340,Doxorubicin,4,0,0.2891002187573746,0.13642287806611342,0.31763667798176376,0.3448703603834643,0.10761305621380757
L187340,Trametinib,4,0,0.191021945485207,0.07550595825322452,0.31763667798176376,0.2270276186898415,0.057770607429647514
L187689,Acid,2,1,0.4723002644704608,0.28798107904013687,0.15517858464219086,0.32216148188989036,0.35217605134722635
L187689,Cisplatin,2,1,0.20261025237344546,0.07994198058564067,0.15517858464219086,0.1066371139916874,0.10323907624734437
L187689,CoCl2,2,0,0.22668291955083833,0.0938138784504659,0.15517858464219086,0.12206106709698819,0.1208154944213596
L187689,Dabrafenib,2,0,0.22668291955083833,0.09381387845046599,0.15517858464219086,0.1220610670969883,0.1208154944213596
L187689,Doxorubicin,2,1,0.2819646373115759,0.12918161513286344,0.15517858464219086,0.16004552237680655,0.16532998535196336
L187689,Trametinib,2,1,0.19458603455920903,0.07551591043043948,0.15517858464219086,0.10163977165530699,0.097628845027025
L187885,Acid,0,1,0.4736194759800148,0.9202912042998476,0.35376292043747704,0.5924910941739934,0.9266223875961177
L187885,Cisplatin,0,1,0.18583642087064267,0.6846744467993574,0.35376292043747704,0.248961765980276,0.6956614299008232
L187885,CoCl2,0,1,0.22867007436383363,0.7488770942511622,0.35376292043747704,0.3042552211924187,0.7595312531924803
L187885,Dabrafenib,0,0,0.24473499838108828,0.7687903370124362,0.35376292043747704,0.324763415579035,0.7792677310244746
L187885,Doxorubicin,0,1,0.2866788719209133,0.8123013930278682,0.35376292043747704,0.37761945963095844,0.8224566437260022
L187885,Trametinib,0,0,0.20368386704128424,0.7136590093144353,0.35376292043747704,0.2720985028087019,0.724483422393918
L187905,Acid,0,0,0.4736194759800148,0.283084547091898,0.037237096312422904,0.08245342196585848,0.13375100843951032
L187905,Cisplatin,0,0,0.18583642087064267,0.06912653697676831,0.037237096312422904,0.020076981133470527,0.027188468812883674
L187905,CoCl2,0,0,0.22867007436383363,0.09254994172494373,0.037237096312422904,0.026317302859677868,0.03718311893222487
L187905,Dabrafenib,0,0,0.24473499838108828,0.10210704271472079,0.037237096312422904,0.028868551684547362,0.041379267033500824
L187905,Doxorubicin,0,0,0.2866788719209133,0.1289259711728003,0.037237096312422904,0.036144813789665296,0.053603929434487135
L187905,Trametinib,0,0,0.20368386704128424,0.07854366914430409,0.037237096312422904,0.022582371576979923,0.031149605336096328
L188027,Acid,1,1,0.47587273821028014,0.7661885753116762,0.3934766898220084,0.63630986305425,0.791210532737871
L188027,Cisplatin,1,0,0.19458719593808257,0.40289542066993433,0.3934766898220084,0.29352797990531265,0.41930513597323815
L188027,CoCl2,1,1,0.23560044533301658,0.4752979636442341,0.3934766898220084,0.3500325576109213,0.4944063119464889
L188027,Dabrafenib,1,1,0.23203384804524899,0.46926765400652254,0.3934766898220084,0.34519108195648845,0.4881645339842661
L188027,Doxorubicin,1,0,0.29979943088858513,0.5748546138293738,0.3934766898220084,0.43471634237421264,0.597212307761527
L188027,Trametinib,1,0,0.19726215106258552,0.4078343607509104,0.3934766898220084,0.29726723989414977,0.42442060297149503
L188153,Acid,3,1,0.47049894201675735,0.6248087467563611,0.2203398102806325,0.42876846779102556,0.6430428901837602
L188153,Cisplatin,3,0,0.1901270509498604,0.2561946849288825,0.2203398102806325,0.1512152681652712,0.25743129185062397
L188153,CoCl2,3,1,0.2186598922625351,0.29822906715271397,0.2203398102806325,0.17670584882994148,0.30086455274173474
L188153,Dabrafenib,3,1,0.2186598922625351,0.2982290671527146,0.2203398102806325,0.17670584882994148,0.30086455274173474
L188153,Doxorubicin,3,0,0.2882083795228566,0.39889312422266,0.2203398102806325,0.2421396747521403,0.4058698940761407
L188153,Trametinib,3,0,0.19191054568686872,0.25882955326406604,0.2203398102806325,0.15278502463296825,0.26013855933475954
L188533,Acid,4,0,0.4785299066468458,0.29897467523817,0.1284307329227533,0.2745058830124881,0.12695436324830534
L188533,Cisplatin,4,0,0.19815483583226198,0.08016901387354933,0.1284307329227533,0.08367687156060888,0.02772704140144986
L188533,CoCl2,4,0,0.22936006970462597,0.09841103684850079,0.1284307329227533,0.10017319136548776,0.03463489935264594
L188533,Dabrafenib,4,1,0.2240101926936385,0.09517437853277874,0.1284307329227533,0.09726810260364328,0.03339073997909441
L188533,Doxorubicin,4,0,0.2891002187573746,0.13760578088210432,0.1284307329227533,0.13492608353389407,0.050374963532675995
L188533,Trametinib,4,0,0.191021945485207,0.07620727108441683,0.1284307329227533,0.08005537189746066,0.026262909074038943
L188546,Acid,1,0,0.47587273821028014,0.2838807297763159,0.1381602416800793,0.28647138621791435,0.24051856656302897
L188546,Cisplatin,1,0,0.19458719593808257,0.07546505119145054,0.1381602416800793,0.08704368354664241,0.056909347851846634
L188546,CoCl2,1,0,0.23560044533301658,0.09875860442751293,0.1381602416800793,0.10998802702047657,0.07554666999669796
L188546,Dabrafenib,1,0,0.23203384804524899,0.0966258507238606,0.1381602416800793,0.10791547163809999,0.07382081511416974
L188546,Doxorubicin,1,1,0.29979943088858513,0.14057529225993384,0.1381602416800793,0.1499999787714029,0.1102477250246192
L188546,Trametinib,1,0,0.19726215106258552,0.07690713164142415,0.1381602416800793,0.08848198022258229,0.058045570304410744
L188846,Acid,4,0,0.4785299066468458,0.40620275718381477,0.1264522375284584,0.2711552724115868,0.1838330485996013
L188846,Cisplatin,4,0,0.19815483583226198,0.12265193975772988,0.1264522375284584,0.08239099171739357,0.04230357672959533
L188846,CoCl2,4,0,0.22936006970462597,0.14899489279662376,0.1264522375284584,0.09866110391780732,0.05264636153449957
L188846,Dabrafenib,4,0,0.2240101926936385,0.1443609557083698,0.1264522375284584,0.09579519827466668,0.05078923218852117
L188846,Doxorubicin,4,0,0.2891002187573746,0.20378237673848631,0.1264522375284584,0.13296692823518963,0.07592805463344252
L188846,Trametinib,4,0,0.191021945485207,0.11685751411523455,0.1264522375284584,0.07882035728360656,0.04010147438938198
L189320,Acid,0,1,0.4736194759800148,0.5478487846568613,0.25041766977946095,0.4639919263895766,0.4931833067838534
L189320,Cisplatin,0,0,0.18583642087064267,0.18558006591401013,0.25041766977946095,0.16483114313614924,0.14976142946956242
L189320,CoCl2,0,1,0.22867007436383363,0.23835939932972935,0.25041766977946095,0.20657899025315227,0.19574802530710647
L189320,Dabrafenib,0,0,0.24473499838108828,0.25868122594336856,0.25041766977946095,0.2226099147553945,0.21386365520221215
L189320,Doxorubicin,0,1,0.2866788719209133,0.31232035738770825,0.25041766977946095,0.26537429420808395,0.2630618510208374
L189320,Trametinib,0,0,0.20368386704128424,0.20732828956532265,0.25041766977946095,0.18204450827072927,0.16848751875467938
L189345,Acid,1,1,0.47587273821028014,0.8177043052108044,0.4234374189422138,0.6659204905866075,0.867776092359044
L189345,Cisplatin,1,0,0.19458719593808257,0.48014596121276704,0.4234374189422138,0.3212784449050721,0.5556615306944668
L189345,CoCl2,1,1,0.23560044533301658,0.5535608712879514,0.4234374189422138,0.3802497605744288,0.6287419628905616
L189345,Dabrafenib,1,1,0.23203384804524899,0.5475738446537889,0.4234374189422138,0.3752316212460286,0.6228936551225788
L189345,Doxorubicin,1,1,0.29979943088858513,0.6492270333760578,0.4234374189422138,0.4669915593569491,0.7197178236949313
L189345,Trametinib,1,1,0.19726215106258552,0.4852622788399753,0.4234374189422138,0.3252084865980708,0.560833893870119
L189778,Acid,2,0,0.4723002644704608,0.28798107904013687,0.1793424284109935,0.36307927847851673,0.37333117427856627
L189778,Cisplatin,2,0,0.20261025237344546,0.07994198058564067,0.1793424284109935,0.12523875099678664,0.1120265037705966
L189778,CoCl2,2,0,0.22668291955083833,0.0938138784504659,0.1793424284109935,0.1429227985984628,0.13088063179010606
L189778,Dabrafenib,2,1,0.22668291955083833,0.09381387845046599,0.1793424284109935,0.14292279859846288,0.1308806317901061
L189778,Doxorubicin,2,0,0.2819646373115759,0.12918161513286344,0.1793424284109935,0.18602369146408268,0.17835131797803996
L189778,Trametinib,2,1,0.19458603455920903,0.07551591043043948,0.1793424284109935,0.1194862717470651,0.10599518774130523
L190318,Acid,2,0,0.4723002644704608,0.8142049434269932,0.3407811307589049,0.5852607146689941,0.7882656046209849
L190318,Cisplatin,2,0,0.20261025237344546,0.4849150766646901,0.3407811307589049,0.26167172849015924,0.4408404992895936
L190318,CoCl2,2,0,0.22668291955083833,0.5286799037554826,0.3407811307589049,0.2921857272046468,0.48481966661915366
L190318,Dabrafenib,2,0,0.22668291955083833,0.5286799037554827,0.3407811307589049,0.292185727204647,0.48481966661915366
L190318,Doxorubicin,2,0,0.2819646373115759,0.616463289882717,0.3407811307589049,0.3613231466206309,0.5756392319703336
L190318,Trametinib,2,0,0.19458603455920903,0.4695091607156684,0.3407811307589049,0.2514539727986571,0.42559105108005807
L190678,Acid,0,1,0.4736194759800148,0.5103750822231757,0.28360386323286246,0.5083999070486046,0.3898378272191853
L190678,Cisplatin,0,0,0.18583642087064267,0.1639035184939039,0.28360386323286246,0.19079889675036893,0.10366042531839932
L190678,CoCl2,0,0,0.22867007436383363,0.21212369602204795,0.28360386323286246,0.2372553597323453,0.13778503497213873
L190678,Dabrafenib,0,0,0.24473499838108828,0.23088680952499452,0.28360386323286246,0.25490203248532867,0.1515472359020579
L190678,Doxorubicin,0,0,0.2866788719209133,0.28094680447908854,0.28360386323286246,0.30146423298663505,0.1898722801131171
L190678,Trametinib,0,0,0.20368386704128424,0.18368439280210047,0.28360386323286246,0.2100420687222577,0.11741814079442393
L190825,Acid,1,0,0.47587273821028014,0.2846492613888907,0.30664356900320394,0.5387344489776513,0.3066265553318953
L190825,Cisplatin,1,0,0.19458719593808257,0.07572901961696576,0.30664356900320394,0.21713428685113886,0.07771526020949228
L190825,CoCl2,1,0,0.23560044533301658,0.09909531796825004,0.30664356900320394,0.2644374866818445,0.10242631750786664
L190825,Dabrafenib,1,0,0.23203384804524899,0.0969560750019377,0.30664356900320394,0.260305775322925,0.10015292616976008
L190825,Doxorubicin,1,0,0.29979943088858513,0.14103226746692055,0.30664356900320394,0.3392208108103976,0.1475040566451052
L190825,Trametinib,1,0,0.19726215106258552,0.07717572323658099,0.30664356900320394,0.22020370129799643,0.07923198364085199
L190835,Acid,3,0,0.47049894201675735,0.5738818617437471,0.19448862460565053,0.38871107581508746,0.47994403187083023
L190835,Cisplatin,3,0,0.1901270509498604,0.2178662455818775,0.19448862460565053,0.13113539081727915,0.15081472705110835
L190835,CoCl2,3,0,0.2186598922625351,0.25577449059965834,0.19448862460565053,0.15385463856372777,0.18063561782990278
L190835,Dabrafenib,3,0,0.2186598922625351,0.2557744905996589,0.19448862460565053,0.15385463856372777,0.18063561782990278
L190835,Doxorubicin,3,0,0.2882083795228566,0.3492398994452888,0.19448862460565053,0.21301607038218084,0.25923884832943317
L190835,Trametinib,3,0,0.19191054568686872,0.22022363173151535,0.19448862460565053,0.1325292463713663,0.15263122806511623
L190863,Acid,1,0,0.47587273821028014,0.5091537836307407,0.21062505001574403,0.407026635935552,0.48215693507623947
L190863,Cisplatin,1,0,0.19458719593808257,0.17599667985958187,0.21062505001574403,0.14015961391731285,0.15068138972371764
L190863,CoCl2,1,0,0.23560044533301658,0.22284162612133596,0.21062505001574403,0.17443002449184175,0.19372020477936272
L190863,Dabrafenib,1,1,0.23203384804524899,0.21867941902720708,0.21062505001574403,0.1713769812121355,0.18984910138873545
L190863,Doxorubicin,1,0,0.29979943088858513,0.2997248977938739,0.21062505001574403,0.2317798774494059,0.2670234567772872
L190863,Trametinib,1,1,0.19726215106258552,0.17898792661980484,0.21062505001574403,0.14233875143144945,0.15338531868665245
L191293,Acid,2,1,0.4723002644704608,0.7299851802355171,0.31025150603692947,0.5492823324089365,0.7051683583859663
L191293,Cisplatin,2,0,0.20261025237344546,0.36740200505524867,0.31025150603692947,0.23434565507554042,0.3362117566699165
L191293,CoCl2,2,0,0.22668291955083833,0.4089821225412797,0.31025150603692947,0.2628073593261047,0.37678651825142534
L191293,Dabrafenib,2,0,0.22668291955083833,0.40898212254127986,0.31025150603692947,0.26280735932610483,0.37678651825142534
L191293,Doxorubicin,2,1,0.2819646373115759,0.49788574619024717,0.31025150603692947,0.3282166924842983,0.4656608439878639
L191293,Trametinib,2,0,0.19458603455920903,0.35316968049060726,0.31025150603692947,0.22486994677610714,0.32249418076419006
L191369,Acid,4,0,0.4785299066468458,0.29897467523817,0.1350716046109617,0.2868240646410153,0.19919626728541662
L191369,Cisplatin,4,0,0.19815483583226198,0.08016901387354933,0.1350716046109617,0.08847610372852596,0.0465130173799539
L191369,CoCl2,4,0,0.22936006970462597,0.09841103684850079,0.1350716046109617,0.10580930734865181,0.0578228288153108
L191369,Dabrafenib,4,0,0.2240101926936385,0.09517437853277874,0.1350716046109617,0.10275943346914422,0.055793851023544526
L191369,Doxorubicin,4,0,0.2891002187573746,0.13760578088210432,0.1350716046109617,0.14220850677930544,0.08319267429911299
L191369,Trametinib,4,0,0.191021945485207,0.07620727108441683,0.1350716046109617,0.0846660871197711,0.04410188416858233
L191539,Acid,3,1,0.47049894201675735,0.6569800554422617,0.46030376261029127,0.7056083771459039,0.7946170263315149
L191539,Cisplatin,3,1,0.1901270509498604,0.28373971442746027,0.46030376261029127,0.3626052997187219,0.42678647370165146
L191539,CoCl2,3,1,0.2186598922625351,0.3282987191038293,0.46030376261029127,0.4066575995160017,0.48031112483158883
L191539,Dabrafenib,3,0,0.2186598922625351,0.32829871910382996,0.46030376261029127,0.4066575995160017,0.4803111248315887
L191539,Doxorubicin,3,1,0.2882083795228566,0.4328521405964151,0.46030376261029127,0.5050104858302948,0.5946741749085361
L191539,Trametinib,3,0,0.19191054568686872,0.28654873647221984,0.46030376261029127,0.36542472317525176,0.43024284089946224
L192225,Acid,0,1,0.4736194759800148,0.5836641772922005,0.3282176604870913,0.5632383432268634,0.5249078242670016
L192225,Cisplatin,0,0,0.18583642087064267,0.20864064964762216,0.3282176604870913,0.22721309143600837,0.1666592759983689
L192225,CoCl2,0,1,0.22867007436383363,0.2658376831605884,0.3282176604870913,0.27947368239802334,0.21651330543476943
L192225,Dabrafenib,0,0,0.24473499838108828,0.28761754977470416,0.3282176604870913,0.2990294168463816,0.23598678833802147
L192225,Doxorubicin,0,0,0.2866788719209133,0.3444687262158307,0.3282176604870913,0.3498673017255251,0.2884071955213884
L192225,Trametinib,0,0,0.20368386704128424,0.23232044833009902,0.3282176604870913,0.24899875759366571,0.187033472752794
L192342,Acid,4,1,0.4785299066468458,0.5848915139737458,0.3028010474829837,0.5419592633853844,0.6440993226697884
L192342,Cisplatin,4,1,0.19815483583226198,0.22357011985481173,0.3028010474829837,0.22213054516967934,0.26194824078393253
L192342,CoCl2,4,1,0.22936006970462597,0.26504023076108213,0.3028010474829837,0.25822996898116285,0.3086830994273937
L192342,Dabrafenib,4,0,0.2240101926936385,0.2578908613459247,0.3028010474829837,0.2520249536256518,0.30066055723058
L192342,Doxorubicin,4,1,0.2891002187573746,0.34519049595410295,0.3028010474829837,0.32783908576719245,0.3976631589748261
L192342,Trametinib,4,1,0.191021945485207,0.2141718800980559,0.3028010474829837,0.21391571244180096,0.2513129121309542
L19237,Acid,0,1,0.4736194759800148,0.5263191457940031,0.27645794997884493,0.4990191305169269,0.36641241002486913
L19237,Cisplatin,0,0,0.18583642087064267,0.17284478443285395,0.27645794997884493,0.18507216026774717,0.09476077289114683
L19237,CoCl2,0,0,0.22867007436383363,0.22299389119780127,0.27645794997884493,0.2305314934623867,0.12636869394954
L19237,Dabrafenib,0,0,0.24473499838108828,0.2424226653226404,0.27645794997884493,0.24784055797563972,0.13917467070011835
L19237,Doxorubicin,0,0,0.2866788719209133,0.29402764097720413,0.27645794997884493,0.29362117089572176,0.17501621923937674
L19237,Trametinib,0,0,0.20368386704128424,0.19345506733844148,0.27645794997884493,0.203883281258364,0.10747896541693293
L192380,Acid,4,1,0.4785299066468458,0.4009545265371683,0.20320007157520617,0.4026779778908992,0.31589566582854856
L192380,Cisplatin,4,0,0.19815483583226198,0.12032488295926717,0.20320007157520617,0.13993314325663797,0.08303807393375456
L192380,CoCl2,4,0,0.22936006970462597,0.14625135045648124,0.20320007157520617,0.16551670126526993,0.10227643909529067
L192380,Dabrafenib,4,0,0.2240101926936385,0.1416885344508203,0.20320007157520617,0.1610557855902763,0.09885126056437721
L192380,Doxorubicin,4,0,0.2891002187573746,0.2002674063179937,0.20320007157520617,0.21746056831702001,0.1441659760629876
L192380,Trametinib,4,0,0.191021945485207,0.1146260307806866,0.20320007157520617,0.1342335657953953,0.07889021719826148
L192531,Acid,1,1,0.47587273821028014,0.7714562896159367,0.44066163840424344,0.682279635668758,0.8373601519966295
L192531,Cisplatin,1,1,0.19458719593808257,0.4100457807031911,0.44066163840424344,0.33773010678283544,0.49521310262302987
L192531,CoCl2,1,1,0.23560044533301658,0.4826945322448935,0.44066163840424344,0.3979506153801089,0.5705517585044293
L192531,Dabrafenib,1,0,0.23203384804524899,0.47665562946270784,0.44066163840424344,0.39284695124682295,0.5644218346064803
L192531,Doxorubicin,1,0,0.29979943088858513,0.5820817563409046,0.44066163840424344,0.4855666656216141,0.6682634650340542
L192531,Trametinib,1,0,0.19726215106258552,0.4150114516169845,0.44066163840424344,0.3417600596306794,0.5004565302543337
L192615,Acid,2,1,0.4723002644704608,0.6038122237619251,0.2873844136975295,0.5208149292399055,0.5421050565739259
L192615,Cisplatin,2,0,0.20261025237344546,0.24665161315588735,0.2873844136975295,0.21443488590595097,0.20045804179151752
L192615,CoCl2,2,0,0.22668291955083833,0.28062828906711407,0.2873844136975295,0.2412403108059896,0.23033467436682545
L192615,Dabrafenib,2,0,0.22668291955083833,0.2806282890671142,0.2873844136975295,0.24124031080598976,0.23033467436682545
L192615,Doxorubicin,2,1,0.2819646373115759,0.3585577383085783,0.2873844136975295,0.3034917156158699,0.301369426927977
L192615,Trametinib,2,0,0.19458603455920903,0.23535659705343095,0.2873844136975295,0.20554813035729783,0.19068812550379385
L192716,Acid,2,0,0.4723002644704608,0.3123280499487586,0.1466638466691484,0.3069030600248048,0.2651556086292801
L192716,Cisplatin,2,0,0.20261025237344546,0.08889650017663632,0.1466638466691484,0.10007936764433574,0.07098897650862279
L192716,CoCl2,2,0,0.22668291955083833,0.10414634088636009,0.1466638466691484,0.11467656625189465,0.0835865989239463
L192716,Dabrafenib,2,0,0.22668291955083833,0.10414634088636013,0.1466638466691484,0.1146765662518947,0.0835865989239463
L192716,Doxorubicin,2,1,0.2819646373115759,0.14279558489371302,0.1466638466691484,0.15075762935224485,0.11619699633639245
L192716,Trametinib,2,0,0.19458603455920903,0.08401992822152263,0.1466638466691484,0.09535653884908558,0.06700034565838064
L192964,Acid,0,1,0.4736194759800148,0.41687445602687223,0.32527345630392474,0.5600915047902654,0.43063625751373674
L192964,Cisplatin,0,0,0.18583642087064267,0.1185127757596139,0.32527345630392474,0.22497659580966953,0.12041981095556717
L192964,CoCl2,0,1,0.22867007436383363,0.15586854988823068,0.32527345630392474,0.27690710185020195,0.1590823659053304
L192964,Dabrafenib,0,0,0.24473499838108828,0.17073399163724073,0.32527345630392474,0.29635711136995063,0.174541160915387
L192964,Doxorubicin,0,0,0.2866788719209133,0.21133556904734843,0.32527345630392474,0.34696555616269104,0.2171926229083766
L192964,Trametinib,0,0,0.20368386704128424,0.13369155432558244,0.32527345630392474,0.24661625539268434,0.1360641697464144
L193,Acid,4,0,0.4785299066468458,0.28113031182063863,0.20689214412579646,0.40894902679490763,0.22546271130358012
L193,Cisplatin,4,0,0.19815483583226198,0.0740054563390073,0.20689214412579646,0.14309259594752122,0.054004047558145446
L193,CoCl2,4,0,0.22936006970462597,0.09098371995446658,0.20689214412579646,0.16914019025379237,0.06700732468663606
L193,Dabrafenib,4,0,0.2240101926936385,0.08796750590531295,0.20689214412579646,0.16460087927120687,0.06467819068991344
L193,Doxorubicin,4,0,0.2891002187573746,0.12763912778414688,0.20689214412579646,0.2219188018224241,0.09599630227634656
L193,Trametinib,4,0,0.191021945485207,0.07032501345783615,0.20689214412579646,0.13728487284154758,0.05122545786904771
L193060,Acid,0,1,0.4736194759800148,0.5944798429836436,0.31323930006934103,0.5455862817243925,0.5894230916666202
L193060,Cisplatin,0,0,0.18583642087064267,0.2161142430962646,0.31323930006934103,0.21491027828638787,0.20625909387578242
L193060,CoCl2,0,1,0.22867007436383363,0.2746490342557168,0.31323930006934103,0.2653126384010873,0.264203309094831
L193060,Dabrafenib,0,0,0.24473499838108828,0.2968589043355798,0.31323930006934103,0.2842684133328976,0.2863981677634199
L193060,Doxorubicin,0,1,0.2866788719209133,0.35462742480487786,0.31323930006934103,0.3337917780415715,0.3449605634966666
L193060,Trametinib,0,0,0.20368386704128424,0.24038460514495968,0.31323930006934103,0.23587637815334717,0.23013746145811315
L193176,Acid,1,0,0.47587273821028014,0.4006161480198365,0.09631350574153041,0.20716015618588127,0.162186573156747
L193176,Cisplatin,1,1,0.19458719593808257,0.12097524340804745,0.09631350574153041,0.058424286631145066,0.0355741986094506
L193176,CoCl2,1,0,0.23560044533301658,0.15594680782634118,0.09631350574153041,0.07443979094352914,0.04757692609083042
L193176,Dabrafenib,1,0,0.23203384804524899,0.15278841257359338,0.09631350574153041,0.07298215871236667,0.04645792586794014
L193176,Doxorubicin,1,0,0.29979943088858513,0.2161701867667327,0.09631350574153041,0.10301667689651009,0.07040906023420826
L193176,Trametinib,1,0,0.19726215106258552,0.12317112828998084,0.09631350574153041,0.05942045994312772,0.0363008505979762
L193296,Acid,2,1,0.4723002644704608,0.39649715616030917,0.2925714116544,0.5272373584041344,0.32928456596694755
L193296,Cisplatin,2,0,0.20261025237344546,0.1236828129632373,0.2925714116544,0.21880434829883894,0.09417624971166506
L193296,CoCl2,2,0,0.22668291955083833,0.1439572306507918,0.2925714116544,0.24598494401874665,0.11039967547025667
L193296,Dabrafenib,2,0,0.22668291955083833,0.14395723065079188,0.2925714116544,0.24598494401874685,0.11039967547025671
L193296,Doxorubicin,2,0,0.2819646373115759,0.19417819921724852,0.2925714116544,0.30896214513149756,0.1517388079929373
L193296,Trametinib,2,0,0.19458603455920903,0.1171433286036891,0.2925714116544,0.2097848684724677,0.0890096284690182
L193373,Acid,2,1,0.4723002644704608,0.6146302014140563,0.2947813099546966,0.5302060477914248,0.5442904458909023
L193373,Cisplatin,2,0,0.20261025237344546,0.2551923354445242,0.2947813099546966,0.22084763592043485,0.20187335486077967
L193373,CoCl2,2,0,0.22668291955083833,0.28989278672506474,0.2947813099546966,0.24820141063965756,0.2318997468402115
L193373,Dabrafenib,2,0,0.22668291955083833,0.28989278672506485,0.2947813099546966,0.24820141063965773,0.2318997468402115
L193373,Doxorubicin,2,0,0.2819646373115759,0.3690750157000719,0.2947813099546966,0.3115116335347981,0.303227007774832
L193373,Trametinib,2,0,0.19458603455920903,0.24363269509474436,0.2947813099546966,0.21176676085033413,0.1920510280595535
L193808,Acid,0,1,0.4736194759800148,0.28466937869202136,0.1486903572663332,0.3047525574240909,0.14464378605500178
L193808,Cisplatin,0,0,0.18583642087064267,0.06962987611271007,0.1486903572663332,0.09085845541453971,0.029700269748567598
L193808,CoCl2,0,0,0.22867007436383363,0.09320675900005541,0.1486903572663332,0.11648387282368154,0.04057975682796924
L193808,Dabrafenib,0,0,0.24473499838108828,0.10282400034002308,0.1486903572663332,0.12663917684001272,0.04514124705157962
L193808,Doxorubicin,0,0,0.2866788719209133,0.1298040178991264,0.1486903572663332,0.15463441663662617,0.05840959130352103
L193808,Trametinib,0,0,0.20368386704128424,0.07910975095779173,0.1486903572663332,0.10128366567509448,0.03401455955569229
L194064,Acid,1,1,0.47587273821028014,0.4006161480198365,0.3670647055559063,0.6084606014068752,0.4535737135954618
L194064,Cisplatin,1,0,0.19458719593808257,0.12097524340804745,0.3670647055559063,0.2695615872234518,0.13656642745623598
L194064,CoCl2,1,0,0.23560044533301658,0.15594680782634118,0.3670647055559063,0.3235656211847707,0.17641101977207602
L194064,Dabrafenib,1,1,0.23203384804524899,0.15278841257359338,0.3670647055559063,0.31891060478527405,0.17281167007857334
L194064,Doxorubicin,1,0,0.29979943088858513,0.2161701867667327,0.3670647055559063,0.4058444195267957,0.24515602500844166
L194064,Trametinib,1,0,0.19726215106258552,0.12317112828998084,0.3670647055559063,0.2731135673275756,0.13905853877061192
L194069,Acid,2,1,0.4723002644704608,0.5195328177762818,0.18718203153471255,0.3760783957959864,0.5077004365338785
L194069,Cisplatin,2,0,0.20261025237344546,0.18850482389898363,0.18718203153471255,0.1314804197544266,0.17924811199752808
L194069,CoCl2,2,0,0.22668291955083833,0.2167765121632057,0.18718203153471255,0.14989478557657496,0.20678113303186288
L194069,Dabrafenib,2,0,0.22668291955083833,0.21677651216320581,0.18718203153471255,0.14989478557657507,0.20678113303186288
L194069,Doxorubicin,2,0,0.2819646373115759,0.28397408031445515,0.18718203153471255,0.19462077323392218,0.27312973515922434
L194069,Trametinib,2,0,0.19458603455920903,0.1792390197096389,0.18718203153471255,0.12548237294012665,0.17029175403872207
L194164,Acid,2,0,0.4723002644704608,0.2807695161874157,0.05113203306506751,0.11586994438298162,0.15702684666088165
L194164,Cisplatin,2,0,0.20261025237344546,0.07737396318390978,0.05113203306506751,0.03186569249267036,0.03795089473208952
L194164,CoCl2,2,0,0.22668291955083833,0.09084424576363263,0.05113203306506751,0.03692170292823573,0.04496941471342563
L194164,Dabrafenib,2,0,0.22668291955083833,0.09084424576363272,0.05113203306506751,0.036921702928235746,0.04496941471342563
L194164,Doxorubicin,2,0,0.2819646373115759,0.1252471706812583,0.05113203306506751,0.04991788707005913,0.06355866078378253
L194164,Trametinib,2,0,0.19458603455920903,0.07307878074846619,0.05113203306506751,0.030253704912557744,0.03574713418406281
L194420,Acid,1,0,0.47587273821028014,0.2838807297763159,0.13747579620051734,0.2853637326398744,0.16373478812131503
L194420,Cisplatin,1,1,0.19458719593808257,0.07546505119145054,0.13747579620051734,0.08661352407420056,0.03596566993606912
L194420,CoCl2,1,0,0.23560044533301658,0.09875860442751293,0.13747579620051734,0.10945807392311424,0.04809389309481261
L194420,Dabrafenib,1,0,0.23203384804524899,0.0966258507238606,0.13747579620051734,0.10739429970233719,0.04696333345693935
L194420,Doxorubicin,1,0,0.29979943088858513,0.14057529225993384,0.13747579620051734,0.14930957939173592,0.07115558437195757
L194420,Trametinib,1,0,0.19726215106258552,0.07690713164142415,0.13747579620051734,0.08804539834408558,0.03670001397473585
L194820,Acid,2,0,0.4723002644704608,0.3123280499487586,0.1565957443896384,0.3246536908038183,0.30192605184287025
L194820,Cisplatin,2,0,0.20261025237344546,0.08889650017663632,0.1565957443896384,0.10772702345388267,0.08390791005198193
L194820,CoCl2,2,0,0.22668291955083833,0.10414634088636009,0.1565957443896384,0.12328686528620704,0.09855490145732484
L194820,Dabrafenib,2,0,0.22668291955083833,0.10414634088636013,0.1565957443896384,0.12328686528620715,0.09855490145732484
L194820,Doxorubicin,2,0,0.2819646373115759,0.14279558489371302,0.1565957443896384,0.16158257283661578,0.1361375007263825
L194820,Trametinib,2,0,0.19458603455920903,0.08401992822152263,0.1565957443896384,0.10268447542612073,0.07925533312704945
L19489,Acid,0,1,0.4736194759800148,0.8627269955235805,0.3099201288532852,0.5415205941320489,0.8380615793196861
L19489,Cisplatin,0,0,0.18583642087064267,0.5416915395470343,0.3099201288532852,0.21215828806104228,0.48367342547954717
L19489,CoCl2,0,1,0.22867007436383363,0.618797844217716,0.3099201288532852,0.26213072691865696,0.5641592205522731
L19489,Dabrafenib,0,0,0.24473499838108828,0.6441242002940696,0.3099201288532852,0.28094609852133284,0.5913024723667071
L19489,Doxorubicin,0,1,0.2866788719209133,0.7020021798203087,0.3099201288532852,0.33015766058539536,0.6549860560971306
L19489,Trametinib,0,0,0.20368386704128424,0.5756737089627918,0.3099201288532852,0.23293556774998914,0.5186811165338151
L195450,Acid,0,1,0.4736194759800148,0.5115146125449378,0.3434240956410266,0.581199252604637,0.5575414452657964
L195450,Cisplatin,0,0,0.18583642087064267,0.16452941753388745,0.3434240956410266,0.24035542401346477,0.18572744148938797
L195450,CoCl2,0,0,0.22867007436383363,0.2128868482927187,0.3434240956410266,0.2944869298342752,0.23964516385199128
L195450,Dabrafenib,0,0,0.24473499838108828,0.2316976140253872,0.3434240956410266,0.3146344552774698,0.26050739155332486
L195450,Doxorubicin,0,0,0.2866788719209133,0.2818689779638529,0.3434240956410266,0.3667373335595168,0.31612092845236733
L195450,Trametinib,0,0,0.20368386704128424,0.18436917227790545,0.3434240956410266,0.26297239897905866,0.2078513127900899
L195483,Acid,2,1,0.4723002644704608,0.7177383280466454,0.3222801668504586,0.5638094372898661,0.7110740143369298
L195483,Cisplatin,2,1,0.20261025237344546,0.35327933597361055,0.3222801668504586,0.2450724348841393,0.34261823367750616
L195483,CoCl2,2,0,0.22668291955083833,0.39425726639205977,0.3222801668504586,0.2743700759807327,0.3835194384076861
L195483,Dabrafenib,2,1,0.22668291955083833,0.39425726639206,0.3222801668504586,0.2743700759807329,0.38351943840768604
L195483,Doxorubicin,2,0,0.2819646373115759,0.48257357337153806,0.3222801668504586,0.341324775095802,0.47277711851073134
L195483,Trametinib,2,1,0.19458603455920903,0.339300659388165,0.3222801668504586,0.23529628463952845,0.3287687336260425
L195677,Acid,0,0,0.4736194759800148,0.5263191457940031,0.34322177887893696,0.5807025629209088,0.5540644658411583
L195677,Cisplatin,0,0,0.18583642087064267,0.17284478443285395,0.34322177887893696,0.23998310513431384,0.1836069905077774
L195677,CoCl2,0,0,0.22867007436383363,0.22299389119780127,0.34322177887893696,0.29406321885321646,0.23708836955606882
L195677,Dabrafenib,0,0,0.24473499838108828,0.2424226653226404,0.34322177887893696,0.314194665608024,0.2578034839585736
L195677,Doxorubicin,0,0,0.2866788719209133,0.29402764097720413,0.34322177887893696,0.36626363546691054,0.3130841741538538
L195677,Trametinib,0,0,0.20368386704128424,0.19345506733844148,0.34322177887893696,0.2625771555664338,0.20554203286369158
L195812,Acid,3,0,0.47049894201675735,0.4146843208666432,0.2132832402477206,0.41826458104828423,0.3624779699876648
L195812,Cisplatin,3,0,0.1901270509498604,0.1278074763493444,0.2132832402477206,0.14577563915856315,0.09862616684732829
L195812,CoCl2,3,0,0.2186598922625351,0.15311331540748604,0.2132832402477206,0.17053348571649446,0.11958086483312742
L195812,Dabrafenib,3,0,0.2186598922625351,0.15311331540748646,0.2132832402477206,0.17053348571649446,0.11958086483312742
L195812,Doxorubicin,3,0,0.2882083795228566,0.22016197956804173,0.2132832402477206,0.23433224660425075,0.1773673700549665
L195812,Trametinib,3,0,0.19191054568686872,0.12935155634413809,0.2132832402477206,0.14729872674711703,0.09988801801690003
L195943,Acid,3,0,0.47049894201675735,0.39977177328716923,0.2323811649664582,0.44720544690416014,0.3636737512895971
L195943,Cisplatin,3,0,0.1901270509498604,0.12107732641015342,0.2323811649664582,0.16108301055067065,0.09908681082972327
L195943,CoCl2,3,0,0.2186598922625351,0.14527255064875266,0.2323811649664582,0.18786883205273144,0.12012633664328577
L195943,Dabrafenib,3,0,0.2186598922625351,0.14527255064875302,0.2323811649664582,0.18786883205273147,0.12012633664328577
L195943,Doxorubicin,3,0,0.2882083795228566,0.20973805639098703,0.2323811649664582,0.25615019865516075,0.17812310725396094
L195943,Trametinib,3,0,0.19191054568686872,0.12255152216451416,0.2323811649664582,0.16273556354600263,0.10035389944772541
L196307,Acid,3,1,0.47049894201675735,0.2940412912595201,0.12345398816264162,0.26543679035261775,0.23597734735488307
L196307,Cisplatin,3,0,0.1901270509498604,0.07931520225948777,0.12345398816264162,0.07899194228697089,0.05610341314319312
L196307,CoCl2,3,0,0.2186598922625351,0.09607724459137335,0.12345398816264162,0.09365104159872062,0.0687121906008965
L196307,Dabrafenib,3,0,0.2186598922625351,0.09607724459137361,0.12345398816264162,0.09365104159872062,0.0687121906008965
L196307,Doxorubicin,3,0,0.2882083795228566,0.14234777946445465,0.12345398816264162,0.13330976525294416,0.1048441294805038
L196307,Trametinib,3,0,0.19191054568686872,0.08032738842690436,0.12345398816264162,0.07988251439632985,0.05685553280436245
L196331,Acid,1,0,0.47587273821028014,0.2838807297763159,0.07561192680747751,0.16515984188918714,0.16766710516263728
L196331,Cisplatin,1,0,0.19458719593808257,0.07546505119145054,0.07561192680747751,0.044872462287554864,0.03696507304698996
L196331,CoCl2,1,0,0.23560044533301658,0.09875860442751293,0.07561192680747751,0.05739954859439744,0.049413037353718756
L196331,Dabrafenib,1,0,0.23203384804524899,0.0966258507238606,0.07561192680747751,0.05625530701548134,0.048253040044760394
L196331,Doxorubicin,1,0,0.29979943088858513,0.14057529225993384,0.07561192680747751,0.080000232576741,0.07305872864887214
L196331,Trametinib,1,0,0.19726215106258552,0.07690713164142415,0.07561192680747751,0.04564877034783527,0.03771902441557841
L196405,Acid,1,1,0.47587273821028014,0.6657168980796896,0.2694664002758065,0.4912710553541517,0.6128583327650704
L196405,Cisplatin,1,0,0.19458719593808257,0.2908101946095528,0.2694664002758065,0.186545718724325,0.23173841018889893
L196405,CoCl2,1,0,0.23560044533301658,0.3550473361293988,0.2694664002758065,0.2291355415809066,0.2900234304387961
L196405,Dabrafenib,1,0,0.23203384804524899,0.3495263831715352,0.2694664002758065,0.22538639600587,0.2849079198673947
L196405,Doxorubicin,1,1,0.29979943088858513,0.4510693086766085,0.2694664002758065,0.29797976092411316,0.3824808486809051
L196405,Trametinib,1,0,0.19726215106258552,0.29505408003875666,0.2694664002758065,0.18928728171800024,0.23549357522004177
L196691,Acid,2,1,0.4723002644704608,0.5195328177762818,0.23491030619928682,0.44919865077200316,0.5348929024223217
L196691,Cisplatin,2,0,0.20261025237344546,0.18850482389898363,0.23491030619928682,0.17000186007550488,0.1958470887683102
L196691,CoCl2,2,0,0.22668291955083833,0.2167765121632057,0.23491030619928682,0.19261482193809715,0.22523008696948324
L196691,Dabrafenib,2,1,0.22668291955083833,0.21677651216320581,0.23491030619928682,0.19261482193809729,0.22523008696948324
L196691,Doxorubicin,2,1,0.2819646373115759,0.28397408031445515,0.23491030619928682,0.24639317722934376,0.2952945794310424
L196691,Trametinib,2,0,0.19458603455920903,0.1792390197096389,0.23491030619928682,0.1625754390165594,0.1862495514916054
L196731,Acid,4,0,0.4785299066468458,0.4304619877675255,0.3118205903575465,0.5535680867116191,0.4966882633424115
L196731,Cisplatin,4,0,0.19815483583226198,0.1337925194938859,0.3118205903575465,0.230333628426439,0.16215025009287776
L196731,CoCl2,4,0,0.22936006970462597,0.16208617480984608,0.3118205903575465,0.2673080568959294,0.19580357914225488
L196731,Dabrafenib,4,1,0.2240101926936385,0.15712025447287833,0.3118205903575465,0.26096164676872824,0.18990882547138568
L196731,Doxorubicin,4,0,0.2891002187573746,0.22044054734118898,0.3118205903575465,0.33824839849362137,0.26470419839400583
L196731,Trametinib,4,1,0.191021945485207,0.12754829624126757,0.3118205903575465,0.22190197025854086,0.15471741271198225
L196945,Acid,0,0,0.4736194759800148,0.4328777043248581,0.2593861474581579,0.47672362249498645,0.3699547196313492
L196945,Cisplatin,0,0,0.18583642087064267,0.12552793042606503,0.2593861474581579,0.1719879719050255,0.09607510622053521
L196945,CoCl2,0,0,0.22867007436383363,0.1646818096685305,0.2593861474581579,0.21508166051352998,0.12805941115180247
L196945,Dabrafenib,0,0,0.24473499838108828,0.18020834599800858,0.2593861474581579,0.23157982245221945,0.14100906782729863
L196945,Doxorubicin,0,0,0.2866788719209133,0.2224585775702799,0.2593861474581579,0.2754567855121125,0.17722576784506852
L196945,Trametinib,0,0,0.20368386704128424,0.14146100184460822,0.2593861474581579,0.18977889430671743,0.10894846977221695
L19695,Acid,4,0,0.4785299066468458,0.29897467523817,0.11009729125859358,0.23973568288510394,0.21208720036363277
L19695,Cisplatin,4,0,0.19815483583226198,0.08016901387354933,0.11009729125859358,0.07072173059503963,0.05014177785469226
L19695,CoCl2,4,0,0.22936006970462597,0.09841103684850079,0.11009729125859358,0.08490067241244711,0.0622763059451165
L19695,Dabrafenib,4,0,0.2240101926936385,0.09517437853277874,0.11009729125859358,0.08239793884561798,0.060101026011071715
L19695,Doxorubicin,4,1,0.2891002187573746,0.13760578088210432,0.11009729125859358,0.11503244654125118,0.089414684657944
L19695,Trametinib,4,0,0.191021945485207,0.07620727108441683,0.11009729125859358,0.06761954793614387,0.047551918824829474
L196980,Acid,3,1,0.47049894201675735,0.9300624099631989,0.3502907727525459,0.5964905735015616,0.9256911716842737
L196980,Cisplatin,3,1,0.1901270509498604,0.7333716857514285,0.3502907727525459,0.25973236973041486,0.70565056933901
L196980,CoCl2,3,0,0.2186598922625351,0.7723966079837905,0.3502907727525459,0.2971125115957576,0.7484816599383791
L196980,Dabrafenib,3,1,0.2186598922625351,0.7723966079837911,0.3502907727525459,0.2971125115957576,0.7484816599383789
L196980,Doxorubicin,3,1,0.2882083795228566,0.8412501675910592,0.3502907727525459,0.3862167192466942,0.8252960634577579
L196980,Trametinib,3,1,0.19191054568686872,0.7360576726449566,0.3502907727525459,0.2620808012519978,0.7085736310138705
L197013,Acid,1,0,0.47587273821028014,0.2846492613888907,0.1540540421186054,0.3147841586447104,0.09577029260768936
L197013,Cisplatin,1,0,0.19458719593808257,0.07572901961696576,0.1540540421186054,0.09836358017759624,0.019782144759080075
L197013,CoCl2,1,0,0.23560044533301658,0.09909531796825004,0.1540540421186054,0.12388689223976164,0.02660361543251497
L197013,Dabrafenib,1,0,0.23203384804524899,0.0969560750019377,0.1540540421186054,0.12158821371518184,0.02596445570952283
L197013,Doxorubicin,1,1,0.29979943088858513,0.14103226746692055,0.1540540421186054,0.16800061910815547,0.03979117997312459
L197013,Trametinib,1,0,0.19726215106258552,0.07717572323658099,0.1540540421186054,0.09996844338653553,0.020192976310187058
L197414,Acid,1,1,0.47587273821028014,0.8200024030150819,0.34244535931857956,0.5810559348429275,0.8510320481492846
L197414,Cisplatin,1,1,0.19458719593808257,0.48401422891802404,0.34244535931857956,0.24776194724627962,0.5212008769917815
L197414,CoCl2,1,1,0.23560044533301658,0.5573864365817075,0.34244535931857956,0.2991875001748724,0.5958264876917697
L197414,Dabrafenib,1,0,0.23203384804524899,0.5514091384145481,0.34244535931857956,0.29473039029360426,0.5897979558446265
L197414,Doxorubicin,1,1,0.29979943088858513,0.6527470768067134,0.34244535931857956,0.3787381154517069,0.6909029329996
L197414,Trametinib,1,1,0.19726215106258552,0.4891329824228383,0.34244535931857956,0.25112543339572285,0.5264325053852658
L197628,Acid,3,1,0.47049894201675735,0.28393797583778135,0.21905215378384832,0.42752885924093914,0.21836808105949096
L197628,Cisplatin,3,0,0.1901270509498604,0.07579774841898737,0.21905215378384832,0.15056658427678576,0.051020475459478805
L197628,CoCl2,3,0,0.2186598922625351,0.09189062358779186,0.21905215378384832,0.17597048575712623,0.06256262100279482
L197628,Dabrafenib,3,0,0.2186598922625351,0.09189062358779211,0.21905215378384832,0.17597048575712623,0.06256262100279476
L197628,Doxorubicin,3,0,0.2882083795228566,0.13644925330968105,0.21905215378384832,0.24121178868082638,0.0957934659590096
L197628,Trametinib,3,0,0.19191054568686872,0.07676878924958747,0.21905215378384832,0.15213081374691134,0.051708186410672936
L197845,Acid,1,0,0.47587273821028014,0.4006161480198365,0.36379508678020517,0.604994676739556,0.35435488395550635
L197845,Cisplatin,1,1,0.19458719593808257,0.12097524340804745,0.36379508678020517,0.26671111498751565,0.09467746216177265
L197845,CoCl2,1,1,0.23560044533301658,0.15594680782634118,0.36379508678020517,0.32039457243609204,0.12405650299650024
L197845,Dabrafenib,1,0,0.23203384804524899,0.15278841257359338,0.36379508678020517,0.31576388069275074,0.12136793815591788
L197845,Doxorubicin,1,0,0.29979943088858513,0.2161701867667327,0.36379508678020517,0.4023466382101325,0.1767788003934758
L197845,Trametinib,1,0,0.19726215106258552,0.12317112828998084,0.36379508678020517,0.2702394309157722,0.09649059303122022
L197925,Acid,0,0,0.4736194759800148,0.49514238329406246,0.2111077946205467,0.40711482402412136,0.44893332142116155
L197925,Cisplatin,0,1,0.18583642087064267,0.15572279292250174,0.2111077946205467,0.1353646322521874,0.1285112614569029
L197925,CoCl2,0,1,0.22867007436383363,0.2021180226005783,0.2111077946205467,0.1711789828328613,0.1692717441676795
L197925,Dabrafenib,0,0,0.24473499838108828,0.22024350207040155,0.2111077946205467,0.1851036945064827,0.18550226750461235
L197925,Doxorubicin,0,0,0.2866788719209133,0.26880236833841414,0.2111077946205467,0.22272727021180266,0.23008562810877642
L197925,Trametinib,0,0,0.20368386704128424,0.17472268776063238,0.2111077946205467,0.15005367671365422,0.14503349019229958
L198322,Acid,3,1,0.47049894201675735,0.7288002350630711,0.28627207598478027,0.5197677355679825,0.7038242852076592
L198322,Cisplatin,3,1,0.1901270509498604,0.35725290049341146,0.28627207598478027,0.2043847544421504,0.3138066265580298
L198322,CoCl2,3,0,0.2186598922625351,0.40679977335773293,0.28627207598478027,0.2363425027444857,0.36211312466200785
L198322,Dabrafenib,3,0,0.2186598922625351,0.4067997733577337,0.28627207598478027,0.2363425027444857,0.3621131246620078
L198322,Doxorubicin,3,1,0.2882083795228566,0.5171070849041087,0.28627207598478027,0.3153996542205075,0.4740020549393852
L198322,Trametinib,3,0,0.19191054568686872,0.36042348243850864,0.28627207598478027,0.20637225999389358,0.31685378623832844
L198433,Acid,3,1,0.47049894201675735,0.6012993849306041,0.23373602431215734,0.4493380323435824,0.7629399568843105
L198433,Cisplatin,3,1,0.1901270509498604,0.23776552508579743,0.23373602431215734,0.1622516420706758,0.3824664509564143
L198433,CoCl2,3,0,0.2186598922625351,0.27790593797637847,0.23373602431215734,0.18918796690144085,0.4346474598980556
L198433,Dabrafenib,3,1,0.2186598922625351,0.2779059379763791,0.23373602431215734,0.18918796690144085,0.4346474598980555
L198433,Doxorubicin,3,0,0.2882083795228566,0.3753794974952429,0.23373602431215734,0.25779658561558083,0.5496370676351123
L198433,Trametinib,3,0,0.19191054568686872,0.24027208262449287,0.23373602431215734,0.16391384157252933,0.38580546871134414
L198763,Acid,3,0,0.47049894201675735,0.28393797583778135,0.09068254822361657,0.20119939411774146,0.35843687337929847
L198763,Cisplatin,3,0,0.1901270509498604,0.07579774841898737,0.09068254822361657,0.056410359293322436,0.09707870385531664
L198763,CoCl2,3,0,0.2186598922625351,0.09189062358779186,0.09068254822361657,0.06718452529257748,0.11774756805587609
L198763,Dabrafenib,3,0,0.2186598922625351,0.09189062358779211,0.09068254822361657,0.06718452529257748,0.11774756805587609
L198763,Doxorubicin,3,1,0.2882083795228566,0.13644925330968105,0.09068254822361657,0.09683281334081295,0.1748240647250094
L198763,Trametinib,3,0,0.19191054568686872,0.07676878924958747,0.09068254822361657,0.05706211518264205,0.09832291600752205
L198915,Acid,1,0,0.47587273821028014,0.4158230698941236,0.3982239496528206,0.6413044948704426,0.47689049075754864
L198915,Cisplatin,1,0,0.19458719593808257,0.12783116011857792,0.3982239496528206,0.29803690144194744,0.14800076953736385
L198915,CoCl2,1,0,0.23560044533301658,0.16441393610034288,0.3982239496528206,0.3549733317570122,0.1904456111299618
L198915,Dabrafenib,1,0,0.23203384804524899,0.16111678970316778,0.3982239496528206,0.35010032773023875,0.18662479771741247
L198915,Doxorubicin,1,0,0.29979943088858513,0.2270276463322885,0.3982239496528206,0.44004317923012026,0.2629138132702633
L198915,Trametinib,1,1,0.19726215106258552,0.1301330671248022,0.3982239496528206,0.3018090622960716,0.15066512885735156
L199024,Acid,0,1,0.4736194759800148,0.8486596830106725,0.3282307793722696,0.5632443546048138,0.8747284539987644
L199024,Cisplatin,0,1,0.18583642087064267,0.5132855862262293,0.3282307793722696,0.22721738219370352,0.5582899524360109
L199024,CoCl2,0,0,0.22867007436383363,0.5915675630080574,0.3282307793722696,0.2794786031456764,0.6359002490433066
L199024,Dabrafenib,0,0,0.24473499838108828,0.617585012366736,0.3282307793722696,0.29903453901448734,0.6612582979495615
L199024,Doxorubicin,0,1,0.2866788719209133,0.6776189595525121,0.3282307793722696,0.349872860063446,0.7192174918271811
L199024,Trametinib,0,0,0.20368386704128424,0.5476149988812503,0.3282307793722696,0.2490033271968402,0.592500878417355
L199313,Acid,2,0,0.4723002644704608,0.3123280499487586,0.15123399036722657,0.31528075456150517,0.3151406274170279
L199313,Cisplatin,2,0,0.20261025237344546,0.08889650017663632,0.15123399036722657,0.10365563692384203,0.08879410345321827
L199313,CoCl2,2,0,0.22668291955083833,0.10414634088636009,0.15123399036722657,0.11870565128801264,0.10419701679473946
L199313,Dabrafenib,2,0,0.22668291955083833,0.10414634088636013,0.15123399036722657,0.11870565128801273,0.10419701679473946
L199313,Doxorubicin,2,0,0.2819646373115759,0.14279558489371302,0.15123399036722657,0.15583126563602032,0.1435884484667606
L199313,Trametinib,2,0,0.19458603455920903,0.08401992822152263,0.15123399036722657,0.09878256624463486,0.08389540581836964
L199560,Acid,3,0,0.47049894201675735,0.28393797583778135,0.28344274030012945,0.5161748277843533,0.31172963418698874
L199560,Cisplatin,3,0,0.1901270509498604,0.07579774841898737,0.28344274030012945,0.20205467931817814,0.08017263073071167
L199560,CoCl2,3,0,0.2186598922625351,0.09189062358779186,0.28344274030012945,0.23375513774346895,0.09763125258661294
L199560,Dabrafenib,3,0,0.2186598922625351,0.09189062358779211,0.28344274030012945,0.23375513774346895,0.0976312525866129
L199560,Doxorubicin,3,0,0.2882083795228566,0.13644925330968105,0.28344274030012945,0.3123007506911443,0.14657668534545135
L199560,Trametinib,3,0,0.19191054568686872,0.07676878924958747,0.28344274030012945,0.2040253369054919,0.08121965625053441
L199957,Acid,4,0,0.4785299066468458,0.28113031182063863,0.088223559713524,0.19545869112404965,0.3150687781618995
L199957,Cisplatin,4,0,0.19815483583226198,0.0740054563390073,0.088223559713524,0.05538600483130949,0.0827469872773651
L199957,CoCl2,4,0,0.22936006970462597,0.09098371995446658,0.088223559713524,0.0667110223017519,0.10192540937217007
L199957,Dabrafenib,4,1,0.2240101926936385,0.08796750590531295,0.088223559713524,0.0647065752655045,0.09851069661515353
L199957,Doxorubicin,4,0,0.2891002187573746,0.12763912778414688,0.088223559713524,0.09102934865549199,0.14369418734397485
L199957,Trametinib,4,1,0.191021945485207,0.07032501345783615,0.088223559713524,0.05291821112886346,0.07861242414121462
L200066,Acid,1,0,0.47587273821028014,0.4006161480198365,0.26756448291501483,0.4887729127835922,0.3269276716408369
L200066,Cisplatin,1,0,0.19458719593808257,0.12097524340804745,0.26756448291501483,0.18503352575034315,0.08471226813723409
L200066,CoCl2,1,0,0.23560044533301658,0.15594680782634118,0.26756448291501483,0.22737460537361912,0.11137947692419022
L200066,Dabrafenib,1,0,0.23203384804524899,0.15278841257359338,0.26756448291501483,0.22364591323350458,0.10893148372812668
L200066,Doxorubicin,1,0,0.29979943088858513,0.2161701867667327,0.26756448291501483,0.29589283170611935,0.1596964393833872
L200066,Trametinib,1,0,0.19726215106258552,0.12317112828998084,0.26756448291501483,0.1877579944729162,0.08635276241835264
L200082,Acid,2,1,0.4723002644704608,0.28798107904013687,0.2964185206144488,0.532202155385105,0.33555437847239417
L200082,Cisplatin,2,0,0.20261025237344546,0.07994198058564067,0.2964185206144488,0.22223000811885132,0.09661427580784394
L200082,CoCl2,2,0,0.22668291955083833,0.0938138784504659,0.2964185206144488,0.2497001294912601,0.11320520385701226
L200082,Dabrafenib,2,1,0.22668291955083833,0.09381387845046599,0.2964185206144488,0.24970012949126028,0.11320520385701226
L200082,Doxorubicin,2,1,0.2819646373115759,0.12918161513286344,0.2964185206144488,0.3132333614201258,0.1554113404988394
L200082,Trametinib,2,0,0.19458603455920903,0.07551591043043948,0.2964185206144488,0.2131078389360607,0.09132738685863943
L200891,Acid,2,0,0.4723002644704608,0.28798107904013687,0.23518916141292057,0.44973248281714945,0.4378311020720002
L200891,Cisplatin,2,0,0.20261025237344546,0.07994198058564067,0.23518916141292057,0.17030648377625268,0.1415806513657239
L200891,CoCl2,2,0,0.22668291955083833,0.0938138784504659,0.23518916141292057,0.1929505457705168,0.16448738463248117
L200891,Dabrafenib,2,1,0.22668291955083833,0.09381387845046599,0.23518916141292057,0.19295054577051687,0.16448738463248117
L200891,Doxorubicin,2,1,0.2819646373115759,0.12918161513286344,0.23518916141292057,0.24679398375010342,0.22104716585212122
L200891,Trametinib,2,1,0.19458603455920903,0.07551591043043948,0.23518916141292057,0.1628693666989734,0.13419865874495188
L20109,Acid,1,0,0.47587273821028014,0.4158230698941236,0.29628459570151927,0.5259691052644361,0.5273851453960711
L20109,Cisplatin,1,0,0.19458719593808257,0.12783116011857792,0.29628459570151927,0.20854402730547308,0.1753443869435094
L20109,CoCl2,1,0,0.23560044533301658,0.16441393610034288,0.29628459570151927,0.2545843928036256,0.22357327567142302
L20109,Dabrafenib,1,1,0.23203384804524899,0.16111678970316778,0.29628459570151927,0.2505541915261569,0.2192678520853674
L20109,Doxorubicin,1,0,0.29979943088858513,0.2270276463322885,0.29628459570151927,0.3278231118531141,0.30391487769323633
L20109,Trametinib,1,1,0.19726215106258552,0.1301330671248022,0.29628459570151927,0.21152481977236562,0.17839792446553795
L202367,Acid,1,0,0.47587273821028014,0.2838807297763159,0.26703696818135547,0.487993287277322,0.27359546232671605
L202367,Cisplatin,1,0,0.19458719593808257,0.07546505119145054,0.26703696818135547,0.18456347598680098,0.06696199713649438
L202367,CoCl2,1,0,0.23560044533301658,0.09875860442751293,0.26703696818135547,0.22682693161727738,0.08858225112925645
L202367,Dabrafenib,1,0,0.23203384804524899,0.0966258507238606,0.26703696818135547,0.22310462728188432,0.08658649222423566
L202367,Doxorubicin,1,0,0.29979943088858513,0.14057529225993384,0.26703696818135547,0.29524318538651145,0.12843907696213552
L202367,Trametinib,1,0,0.19726215106258552,0.07690713164142415,0.26703696818135547,0.187282614104904,0.06828439346081985
L202432,Acid,4,1,0.4785299066468458,0.29897467523817,0.16485598402902873,0.3400611452757882,0.31222696277350437
L202432,Cisplatin,4,0,0.19815483583226198,0.08016901387354933,0.16485598402902873,0.11060777768917528,0.08175053105576852
L202432,CoCl2,4,0,0.22936006970462597,0.09841103684850079,0.16485598402902873,0.13165054757926248,0.100723363277863
L202432,Dabrafenib,4,0,0.2240101926936385,0.09517437853277874,0.16485598402902873,0.12796241110243095,0.09734455648093632
L202432,Doxorubicin,4,0,0.2891002187573746,0.13760578088210432,0.16485598402902873,0.1751976044831937,0.1420774755090031
L202432,Trametinib,4,0,0.191021945485207,0.07620727108441683,0.16485598402902873,0.1059554946190714,0.07766154164510118
L202454,Acid,4,0,0.4785299066468458,0.29897467523817,0.0658522641320344,0.14811329599217923,0.24298280808818118
L202454,Cisplatin,4,0,0.19815483583226198,0.08016901387354933,0.0658522641320344,0.04027166171607834,0.05921924516665988
L202454,CoCl2,4,0,0.22936006970462597,0.09841103684850079,0.0658522641320344,0.04866540236137609,0.07338084808009965
L202454,Dabrafenib,4,1,0.2240101926936385,0.09517437853277874,0.0658522641320344,0.047175759279405344,0.07084699694541736
L202454,Doxorubicin,4,0,0.2891002187573746,0.13760578088210432,0.0658522641320344,0.06687689271027028,0.10481739067635334
L202454,Trametinib,4,1,0.191021945485207,0.07620727108441683,0.0658522641320344,0.038449894860633736,0.05618826337958312
L202607,Acid,0,1,0.4736194759800148,0.2913335192140022,0.15566182044841176,0.3165647349196009,0.18929293539391667
L202607,Cisplatin,0,0,0.18583642087064267,0.07176496068223485,0.15566182044841176,0.09551914254905304,0.040550327339142794
L202607,CoCl2,0,1,0.22867007436383363,0.09599020016883097,0.15566182044841176,0.12228224259074424,0.055178274562699664
L202607,Dabrafenib,0,0,0.24473499838108828,0.10586111354471528,0.15566182044841176,0.13286703903857064,0.0612759490344571
L202607,Doxorubicin,0,1,0.2866788719209133,0.13351944255669992,0.15566182044841176,0.1619836807862351,0.07889491348197972
L202607,Trametinib,0,0,0.20368386704128424,0.08151005317126969,0.15566182044841176,0.1064165296877562,0.046365394131167095
L202688,Acid,1,1,0.47587273821028014,0.4158230698941236,0.160364042765264,0.32558906448931374,0.39781316693070906
L202688,Cisplatin,1,0,0.19458719593808257,0.12783116011857792,0.160364042765264,0.1028549673966411,0.11180356389793566
L202688,CoCl2,1,0,0.23560044533301658,0.16441393610034288,0.160364042765264,0.12937647417340484,0.14564201249440337
L202688,Dabrafenib,1,0,0.23203384804524899,0.16111678970316778,0.160364042765264,0.12699070234614226,0.1425617803935351
L202688,Doxorubicin,1,0,0.29979943088858513,0.2270276463322885,0.160364042765264,0.17505436363401886,0.20538688595220075
L202688,Trametinib,1,0,0.19726215106258552,0.1301330671248022,0.160364042765264,0.10452461523624591,0.11390340571505793
L202775,Acid,0,1,0.4736194759800148,0.6809143931064897,0.31608581609343855,0.5488554199764666,0.6804031030740113
L202775,Cisplatin,0,1,0.18583642087064267,0.2863873209605783,0.31608581609343855,0.2171448418104285,0.2781654163421591
L202775,CoCl2,0,1,0.22867007436383363,0.3553279322343734,0.31608581609343855,0.2678924436920123,0.34746723142475683
L202775,Dabrafenib,0,0,0.24473499838108828,0.38063833916347706,0.31608581609343855,0.28696054482528466,0.3731099125182882
L202775,Doxorubicin,0,0,0.2866788719209133,0.44440603277561697,0.31608581609343855,0.33673226061828077,0.4385075231664275
L202775,Trametinib,0,0,0.20368386704128424,0.31537450075915163,0.31608581609343855,0.23826278083311625,0.30714702967450164
L202878,Acid,0,0,0.4736194759800148,0.283084547091898,0.14390236497252099,0.29617256038997875,0.2014061677120757
L202878,Cisplatin,0,0,0.18583642087064267,0.06912653697676831,0.14390236497252099,0.08754217125994851,0.043657800405743276
L202878,CoCl2,0,0,0.22867007436383363,0.09254994172494373,0.14390236497252099,0.11234785699677702,0.059337396789280517
L202878,Dabrafenib,0,0,0.24473499838108828,0.10210704271472079,0.14390236497252099,0.12219244461193512,0.06586265047698431
L202878,Doxorubicin,0,0,0.2866788719209133,0.1289259711728003,0.14390236497252099,0.14937280233358,0.08468147990796285
L202878,Trametinib,0,0,0.20368386704128424,0.07854366914430409,0.14390236497252099,0.09762772838879429,0.04989531608995414
L203095,Acid,1,0,0.47587273821028014,0.4006161480198365,0.33869664385790005,0.5773269028735515,0.32748406246164385
L203095,Cisplatin,1,0,0.19458719593808257,0.12097524340804745,0.33869664385790005,0.24492141109897128,0.08490843992682291
L203095,CoCl2,1,0,0.23560044533301658,0.15594680782634118,0.33869664385790005,0.29598936937984915,0.11162987144142016
L203095,Dabrafenib,1,0,0.23203384804524899,0.15278841257359338,0.33869664385790005,0.2915600819588941,0.10917705101379428
L203095,Doxorubicin,1,0,0.29979943088858513,0.2161701867667327,0.33869664385790005,0.3751448281576872,0.1600358939497381
L203095,Trametinib,1,0,0.19726215106258552,0.12317112828998084,0.33869664385790005,0.24825906200891784,0.08655237392873563
L204032,Acid,4,1,0.4785299066468458,0.5710900605653149,0.30233352967987687,0.5419128378032378,0.410748971696994
L204032,Cisplatin,4,0,0.19815483583226198,0.21390128283068724,0.30233352967987687,0.22209823229216769,0.12026338950683932
L204032,CoCl2,4,0,0.22936006970462597,0.2541650134051239,0.30233352967987687,0.25819414783384936,0.14674595581632544
L204032,Dabrafenib,4,0,0.2240101926936385,0.24721032657200076,0.30233352967987687,0.25198970081774036,0.14206719818225774
L204032,Doxorubicin,4,1,0.2891002187573746,0.3325144414904985,0.30233352967987687,0.3277978757112562,0.20273574680943646
L204032,Trametinib,4,0,0.191021945485207,0.20480228190411634,0.30233352967987687,0.2138842659814735,0.1144882449920735
L204050,Acid,0,1,0.4736194759800148,0.28466937869202136,0.2299548635356837,0.43477536761916674,0.2694465647924436
L204050,Cisplatin,0,0,0.18583642087064267,0.06962987611271007,0.2299548635356837,0.14920829996798277,0.06258284170144203
L204050,CoCl2,0,0,0.22867007436383363,0.09320675900005541,0.2299548635356837,0.18788943931897994,0.08445905751759959
L204050,Dabrafenib,0,0,0.24473499838108828,0.10282400034002308,0.2299548635356837,0.20284080459112538,0.09347239102349622
L204050,Doxorubicin,0,1,0.2866788719209133,0.1298040178991264,0.2299548635356837,0.24299453417812877,0.11917367327686924
L204050,Trametinib,0,0,0.20368386704128424,0.07910975095779173,0.2299548635356837,0.16511271381212322,0.07132258154694543
L204112,Acid,1,1,0.47587273821028014,0.6944017443218118,0.34851083927338694,0.5881676368310426,0.6839268350594313
L204112,Cisplatin,1,0,0.19458719593808257,0.3187441197727264,0.34851083927338694,0.2532603802294752,0.29193866702909743
L204112,CoCl2,1,1,0.23560044533301658,0.38579497004341284,0.34851083927338694,0.3053639074559644,0.3583032503833639
L204112,Dabrafenib,1,1,0.23203384804524899,0.3800776572636746,0.34851083927338694,0.30085428556937815,0.3525814883161388
L204112,Doxorubicin,1,0,0.29979943088858513,0.48389354590050543,0.34851083927338694,0.3856530465796238,0.4584715441938351
L204112,Trametinib,1,0,0.19726215106258552,0.32320986991494294,0.34851083927338694,0.25667304080634157,0.2962931167980672
L204257,Acid,1,0,0.47587273821028014,0.2846492613888907,0.2211011480936842,0.42329089242438994,0.30701837630945694
L204257,Cisplatin,1,0,0.19458719593808257,0.07572901961696576,0.2211011480936842,0.14842947260974357,0.0778474096404683
L204257,CoCl2,1,0,0.23560044533301658,0.09909531796825004,0.2211011480936842,0.1842885591918035,0.10259581210237824
L204257,Dabrafenib,1,0,0.23203384804524899,0.0969560750019377,0.2211011480936842,0.1811008144409534,0.10031907923384878
L204257,Doxorubicin,1,0,0.29979943088858513,0.14103226746692055,0.2211011480936842,0.2439220630790331,0.14773586782486747
L204257,Trametinib,1,0,0.19726215106258552,0.07717572323658099,0.2211011480936842,0.1507146490306631,0.07936649021423822
L204285,Acid,3,1,0.47049894201675735,0.8572182143094002,0.35891327818086666,0.6060931409645313,0.8680253430479572
L204285,Cisplatin,3,1,0.1901270509498604,0.5539204152630945,0.35891327818086666,0.26750770948183983,0.558642039851071
L204285,CoCl2,3,1,0.2186598922625351,0.6050663049828481,0.35891327818086666,0.30554499110093747,0.6110744549514827
L204285,Dabrafenib,3,1,0.2186598922625351,0.6050663049828489,0.35891327818086666,0.30554499110093747,0.6110744549514825
L204285,Doxorubicin,3,1,0.2882083795228566,0.7052211654238756,0.35891327818086666,0.3957542275701414,0.7138076783893016
L204285,Trametinib,3,1,0.19191054568686872,0.5573229695928342,0.35891327818086666,0.2699008113288656,0.5621190749842431
L204366,Acid,3,0,0.47049894201675735,0.5202016809302542,0.37035387897050787,0.6182714398655599,0.5694631723792944
L204366,Cisplatin,3,0,0.1901270509498604,0.18317234481816755,0.37035387897050787,0.2776786094849362,0.20289511660607898
L204366,CoCl2,3,0,0.2186598922625351,0.2167165890367681,0.37035387897050787,0.31653714227069474,0.24010227614115467
L204366,Dabrafenib,3,0,0.2186598922625351,0.2167165890367686,0.37035387897050787,0.3165371422706947,0.24010227614115467
L204366,Doxorubicin,3,0,0.2882083795228566,0.3016952558218719,0.37035387897050787,0.4080846448731825,0.33403302385543776
L204366,Trametinib,3,0,0.19191054568686872,0.1852432422282446,0.37035387897050787,0.2801279027010328,0.20518733403781939
L204569,Acid,1,1,0.47587273821028014,0.41305005356356256,0.2713529363092536,0.4938372440175574,0.4045118550992428
L204569,Cisplatin,1,1,0.19458719593808257,0.1265625992972331,0.2713529363092536,0.18810872377002563,0.11460274698742517
L204569,CoCl2,1,0,0.23560044533301658,0.16285012380500055,0.2713529363092536,0.23095407778257246,0.1491461338314919
L204569,Dabrafenib,1,1,0.23203384804524899,0.15957834882299102,0.2713529363092536,0.22718394631038338,0.14600445679605512
L204569,Doxorubicin,1,0,0.29979943088858513,0.22502867226033715,0.2713529363092536,0.3001319486723004,0.2099751767582382
L204569,Trametinib,1,0,0.19726215106258552,0.1288450374752859,0.2713529363092536,0.19086786761144506,0.1167482513348808
L205259,Acid,0,0,0.4736194759800148,0.4328777043248581,0.2436251133753522,0.45427089251005764,0.4772798259319959
L205259,Cisplatin,0,0,0.18583642087064267,0.12552793042606503,0.2436251133753522,0.159512566644565,0.14183301510732793
L205259,CoCl2,0,0,0.22867007436383363,0.1646818096685305,0.2436251133753522,0.2002363110378338,0.18591741652095106
L205259,Dabrafenib,0,0,0.24473499838108828,0.18020834599800858,0.2436251133753522,0.2159089720845166,0.20335330211997357
L205259,Doxorubicin,0,0,0.2866788719209133,0.2224585775702799,0.2436251133753522,0.25781298288237847,0.2509053347348105
L205259,Trametinib,0,0,0.20368386704128424,0.14146100184460822,0.2436251133753522,0.1762877496273036,0.1597540103334997
L205394,Acid,0,0,0.4736194759800148,0.5115146125449378,0.23138108093092305,0.43709130643710087,0.47819678544400135
L205394,Cisplatin,0,0,0.18583642087064267,0.16452941753388745,0.23138108093092305,0.15040787565588581,0.14228092714560256
L205394,CoCl2,0,0,0.22867007436383363,0.2128868482927187,0.23138108093092305,0.18933079194261915,0.1864742966059517
L205394,Dabrafenib,0,0,0.24473499838108828,0.2316976140253872,0.23138108093092305,0.2043679900038112,0.20394932410093497
L205394,Doxorubicin,0,0,0.2866788719209133,0.2818689779638529,0.23138108093092305,0.24473122388679425,0.2515967133041172
L205394,Trametinib,0,0,0.20368386704128424,0.18436917227790545,0.23138108093092305,0.1664151442186053,0.16024794917001117
L205402,Acid,2,1,0.4723002644704608,0.5766110902145227,0.28730385661264335,0.5208709475570965,0.5684884940302204
L205402,Cisplatin,2,1,0.20261025237344546,0.2263479084673042,0.28730385661264335,0.21447269975204097,0.2181351297842916
L205402,CoCl2,2,0,0.22668291955083833,0.25848737101711444,0.28730385661264335,0.24128139972714033,0.24982317836462334
L205402,Dabrafenib,2,0,0.22668291955083833,0.25848737101711455,0.28730385661264335,0.24128139972714047,0.24982317836462334
L205402,Doxorubicin,2,0,0.2819646373115759,0.33311549810988067,0.28730385661264335,0.30353916577435797,0.3243354535155768
L205402,Trametinib,2,0,0.19458603455920903,0.21571643279913374,0.28730385661264335,0.20558478721308562,0.20772750472501555
L205528,Acid,1,0,0.47587273821028014,0.2846492613888907,0.12414868184106168,0.2610884241144902,0.2528530059630963
L205528,Cisplatin,1,0,0.19458719593808257,0.07572901961696576,0.12414868184106168,0.07741398459743862,0.06057886305739456
L205528,CoCl2,1,0,0.23560044533301658,0.09909531796825004,0.12414868184106168,0.09809271362003434,0.08031557763795763
L205528,Dabrafenib,1,0,0.23203384804524899,0.0969560750019377,0.12414868184106168,0.0962200741829116,0.07849002752214246
L205528,Doxorubicin,1,0,0.29979943088858513,0.14103226746692055,0.12414868184106168,0.13443095084392467,0.11693007910152396
L205528,Trametinib,1,0,0.19726215106258552,0.07717572323658099,0.12414868184106168,0.07870687945091204,0.06178354951163843
L205642,Acid,0,1,0.4736194759800148,0.2913335192140022,0.315105960148757,0.5478716518812281,0.39794808664325504
L205642,Cisplatin,0,0,0.18583642087064267,0.07176496068223485,0.315105960148757,0.21647034796276093,0.10685968510457165
L205642,CoCl2,0,1,0.22867007436383363,0.09599020016883097,0.315105960148757,0.26711410276500525,0.14187078288147886
L205642,Dabrafenib,0,0,0.24473499838108828,0.10586111354471528,0.315105960148757,0.28614845675692147,0.15596725497021113
L205642,Doxorubicin,0,0,0.2866788719209133,0.13351944255669992,0.315105960148757,0.33584566255575954,0.19515298298725192
L205642,Trametinib,0,1,0.20368386704128424,0.08151005317126969,0.315105960148757,0.23754259457250795,0.12098469201370737
L205676,Acid,0,1,0.4736194759800148,0.7527496376652212,0.3483866461343757,0.5869662796364484,0.6903997856305588
L205676,Cisplatin,0,1,0.18583642087064267,0.36409343944339034,0.3483866461343757,0.24471661682780396,0.28756987437716974
L205676,CoCl2,0,0,0.22867007436383363,0.44020094744746835,0.3483866461343757,0.29944315281696493,0.35805249633444614
L205676,Dabrafenib,0,1,0.24473499838108828,0.4671758765881713,0.3483866461343757,0.3197760710157153,0.3840166318268161
L205676,Doxorubicin,0,0,0.2866788719209133,0.5329658492480356,0.3483866461343757,0.3722679161232881,0.44995380865104473
L205676,Trametinib,0,0,0.20368386704128424,0.3965748845293084,0.3483866461343757,0.26759940735894616,0.3171008829326007
L20571,Acid,4,1,0.4785299066468458,0.6819282156785123,0.388808922341704,0.6395822000006008,0.6960233759327865
L20571,Cisplatin,4,0,0.19815483583226198,0.3046566348753929,0.388808922341704,0.2998578322487582,0.3098895248989288
L20571,CoCl2,4,1,0.22936006970462597,0.3543040427028947,0.388808922341704,0.3430187878707422,0.36099412784788
L20571,Dabrafenib,4,1,0.2240101926936385,0.34587997772601126,0.388808922341704,0.335698430307268,0.35230488584022557
L20571,Doxorubicin,4,0,0.2891002187573746,0.44510045079973287,0.388808922341704,0.42246648693459377,0.4551259887225584
L20571,Trametinib,4,1,0.191021945485207,0.29313666641186603,0.388808922341704,0.2898395513420381,0.2980938987552478
L20588,Acid,3,0,0.47049894201675735,0.4221316365433675,0.37307803149480934,0.621052626108665,0.4838437789999853
L20588,Cisplatin,3,1,0.1901270509498604,0.1312581210697443,0.37307803149480934,0.28005170772460325,0.1528260464055639
L20588,CoCl2,3,0,0.2186598922625351,0.15712410448723127,0.37307803149480934,0.31909562674643627,0.1829589534425073
L20588,Dabrafenib,3,0,0.2186598922625351,0.15712410448723166,0.37307803149480934,0.3190956267464363,0.18295895344250723
L20588,Doxorubicin,3,0,0.2882083795228566,0.22546152411737871,0.37307803149480934,0.41093817928712517,0.2622495950735404
L20588,Trametinib,3,0,0.19191054568686872,0.13283754007855247,0.37307803149480934,0.28251374613229524,0.15466236073021938
L206297,Acid,0,1,0.4736194759800148,0.6685797891676423,0.20515231370534132,0.397490242513279,0.6338032477796748
L206297,Cisplatin,0,1,0.18583642087064267,0.27503925150008757,0.20515231370534132,0.13074771701129836,0.23855153042324118
L206297,CoCl2,0,0,0.22867007436383363,0.3425594420653665,0.20515231370534132,0.16557445686884806,0.30211468148439485
L206297,Dabrafenib,0,0,0.24473499838108828,0.3674787801832512,0.20515231370534132,0.1791418028376633,0.3260829387003428
L206297,Doxorubicin,0,1,0.2866788719209133,0.43057449174866014,0.20515231370534132,0.21587460097635425,0.38834399343373266
L206297,Trametinib,0,0,0.20368386704128424,0.30336610808543724,0.20515231370534132,0.14501978860174156,0.26492059962839004
L20635,Acid,1,1,0.47587273821028014,0.41305005356356256,0.2421317851729326,0.4532820150300462,0.4711853489973986
L20635,Cisplatin,1,0,0.19458719593808257,0.1265625992972331,0.2421317851729326,0.16450097687986479,0.14513854296916215
L20635,CoCl2,1,1,0.23560044533301658,0.16285012380500055,0.2421317851729326,0.20331576583117347,0.1869426408529973
L20635,Dabrafenib,1,0,0.23203384804524899,0.15957834882299102,0.2421317851729326,0.199879544292049,0.18317620402249696
L20635,Doxorubicin,1,1,0.29979943088858513,0.22502867226033715,0.2421317851729326,0.26709024858456754,0.25850352687692596
L20635,Trametinib,1,0,0.19726215106258552,0.1288450374752859,0.2421317851729326,0.1669850663006877,0.14776031169988413
L206384,Acid,3,0,0.47049894201675735,0.7094208664467059,0.3198441360647152,0.5616251547269528,0.7227798941600169
L206384,Cisplatin,3,0,0.1901270509498604,0.3355299987821605,0.3198441360647152,0.23317607956001746,0.33410751259745275
L206384,CoCl2,3,0,0.2186598922625351,0.3838634188915929,0.3198441360647152,0.2681185641340912,0.3837912100616006
L206384,Dabrafenib,3,0,0.2186598922625351,0.3838634188915937,0.3198441360647152,0.26811856413409124,0.3837912100616006
L206384,Doxorubicin,3,0,0.2882083795228566,0.4931214570985364,0.3198441360647152,0.35289305041107544,0.4971578994287773
L206384,Trametinib,3,0,0.19191054568686872,0.3386093562781361,0.3198441360647152,0.23536073828394322,0.3372549144375302
L206761,Acid,0,1,0.4736194759800148,0.802701103407304,0.32568170460444074,0.5604287193158992,0.8048671609737598
L206761,Cisplatin,0,0,0.18583642087064267,0.43346943435774027,0.32568170460444074,0.22521534193473458,0.42746333285555216
L206761,CoCl2,0,1,0.22867007436383363,0.5123936573032785,0.32568170460444074,0.2771812475787055,0.5077945639745435
L206761,Dabrafenib,0,0,0.24473499838108828,0.5395287745364248,0.32568170460444074,0.2966426135203904,0.5355582711386818
L206761,Doxorubicin,0,0,0.2866788719209133,0.6039584599277827,0.32568170460444074,0.347275750659973,0.6020826409111809
L206761,Trametinib,0,1,0.20368386704128424,0.46758908209428635,0.32568170460444074,0.24687065078998832,0.462043296452556
L207012,Acid,4,1,0.4785299066468458,0.42482109229729803,0.16006198729820917,0.331413343969051,0.3296028652523109
L207012,Cisplatin,4,0,0.19815483583226198,0.13114408101123912,0.16006198729820917,0.1068502609206958,0.08794007672885042
L207012,CoCl2,4,0,0.22936006970462597,0.15898045440298916,0.16006198729820917,0.12728047806105072,0.10818015763665606
L207012,Dabrafenib,4,0,0.2240101926936385,0.15409218731186997,0.16006198729820917,0.12369732762491199,0.10458029947148809
L207012,Doxorubicin,4,1,0.2891002187573746,0.21650561141914318,0.16006198729820917,0.1696644501896498,0.15207807223888545
L207012,Trametinib,4,0,0.191021945485207,0.1250056249684408,0.16006198729820917,0.10233783762000452,0.08356967481472444
L207711,Acid,0,1,0.4736194759800148,0.7073984335125539,0.3141055159366733,0.546654078727995,0.6630753452810263
L207711,Cisplatin,0,0,0.18583642087064267,0.3125574159319479,0.3141055159366733,0.2156380065984218,0.2626625239197702
L207711,CoCl2,0,1,0.22867007436383363,0.38440429063301373,0.3141055159366733,0.2661531793939945,0.3298670095090777
L207711,Dabrafenib,0,0,0.24473499838108828,0.41046712909485383,0.3141055159366733,0.2851457003097499,0.3549172825943905
L207711,Doxorubicin,0,0,0.2866788719209133,0.4753963710578226,0.3141055159366733,0.3347504185753454,0.4192587518249235
L207711,Trametinib,0,0,0.20368386704128424,0.3429205635195612,0.3141055159366733,0.23665370129631216,0.2906793576206534
L208068,Acid,4,1,0.4785299066468458,0.40620275718381477,0.27507667047345635,0.5068271416031297,0.38788664824876323
L208068,Cisplatin,4,0,0.19815483583226198,0.12265193975772988,0.27507667047345635,0.1987355630033246,0.11053650870449655
L208068,CoCl2,4,0,0.22936006970462597,0.14899489279662376,0.27507667047345635,0.23216773937421892,0.13520635843984224
L208068,Dabrafenib,4,0,0.2240101926936385,0.1443609557083698,0.27507667047345635,0.22639783444135925,0.1308391046616977
L208068,Doxorubicin,4,0,0.2891002187573746,0.20378237673848631,0.27507667047345635,0.29756977814712643,0.18776216941860313
L208068,Trametinib,4,0,0.191021945485207,0.11685751411523455,0.27507667047345635,0.19117328913832413,0.10517261583627799
L208093,Acid,1,0,0.47587273821028014,0.29525690538904675,0.1713573823449296,0.3445622860204247,0.3350233062920345
L208093,Cisplatin,1,0,0.19458719593808257,0.07941543330523236,0.1713573823449296,0.11098466448302326,0.08759052065663862
L208093,CoCl2,1,1,0.23560044533301658,0.10379144962857745,0.1713573823449296,0.13927700674163856,0.11504990525924212
L208093,Dabrafenib,1,0,0.23203384804524899,0.10156225664285312,0.1713573823449296,0.13673733780344213,0.11253145622149445
L208093,Doxorubicin,1,0,0.29979943088858513,0.14739064960258655,0.1713573823449296,0.18769680485391427,0.16466406880484194
L208093,Trametinib,1,1,0.19726215106258552,0.08092639490158116,0.1713573823449296,0.11276969357460269,0.08928131668646083
L208166,Acid,4,1,0.4785299066468458,0.29897467523817,0.08290998735387196,0.1846118098376383,0.19772892720050764
L208166,Cisplatin,4,0,0.19815483583226198,0.08016901387354933,0.08290998735387196,0.05181179477998082,0.04610563405346639
L208166,CoCl2,4,0,0.22936006970462597,0.09841103684850079,0.08290998735387196,0.06245429795843487,0.057322343890794006
L208166,Dabrafenib,4,0,0.2240101926936385,0.09517437853277874,0.08290998735387196,0.06056945089279453,0.05530989694242724
L208166,Doxorubicin,4,1,0.2891002187573746,0.13760578088210432,0.08290998735387196,0.08536283731407748,0.08249182687829026
L208166,Trametinib,4,0,0.191021945485207,0.07620727108441683,0.08290998735387196,0.049494910141523775,0.04371465051024724
L20830,Acid,1,1,0.47587273821028014,0.2838807297763159,0.10428050094860168,0.2227764512742202,0.20083097971826308
L20830,Cisplatin,1,0,0.19458719593808257,0.07546505119145054,0.10428050094860168,0.06372971536024324,0.045695934571259006
L20830,CoCl2,1,0,0.23560044533301658,0.09875860442751293,0.10428050094860168,0.0810743390984201,0.06089809107627909
L20830,Dabrafenib,1,0,0.23203384804524899,0.0966258507238606,0.10428050094860168,0.07949795189164724,0.059485348030163816
L20830,Doxorubicin,1,0,0.29979943088858513,0.14057529225993384,0.10428050094860168,0.11189027972347021,0.08952215593447307
L20830,Trametinib,1,0,0.19726215106258552,0.07690713164142415,0.10428050094860168,0.06481012321407736,0.04661934285380309
L208666,Acid,4,1,0.4785299066468458,0.29897467523817,0.2928217765444657,0.5304132212472347,0.2838675763329143
L208666,Cisplatin,4,0,0.19815483583226198,0.08016901387354933,0.2928217765444657,0.21421165169623146,0.07212973678502128
L208666,CoCl2,4,0,0.22936006970462597,0.09841103684850079,0.2928217765444657,0.2494368179348261,0.08908637746834339
L208666,Dabrafenib,4,0,0.2240101926936385,0.09517437853277874,0.2928217765444657,0.24337376919984202,0.08606058007903217
L208666,Doxorubicin,4,0,0.2891002187573746,0.13760578088210432,0.2928217765444657,0.3176908023112247,0.12633388398876133
L208666,Trametinib,4,0,0.191021945485207,0.07620727108441683,0.2928217765444657,0.2062120396815084,0.0684860688783099
L208973,Acid,1,0,0.47587273821028014,0.4172781131200817,0.27910095479766994,0.5038191196411355,0.42850610668223127
L208973,Cisplatin,1,0,0.19458719593808257,0.1285001353508123,0.27910095479766994,0.1942829110751527,0.12501062437676871
L208973,CoCl2,1,0,0.23560044533301658,0.16523808794754982,0.27910095479766994,0.2381220992889586,0.16211672826311932
L208973,Dabrafenib,1,0,0.23203384804524899,0.16192761691258467,0.27910095479766994,0.23427060064061728,0.1587528103453884
L208973,Doxorubicin,1,0,0.29979943088858513,0.22807998864071088,0.27910095479766994,0.3085854962643207,0.22682556080287722
L208973,Trametinib,1,0,0.19726215106258552,0.13081228206688,0.27910095479766994,0.19711063018520086,0.1273229571837343
L209054,Acid,4,0,0.4785299066468458,0.5725229038376216,0.2692724599835742,0.49907846571914205,0.5221554024334808
L209054,Cisplatin,4,0,0.19815483583226198,0.2148869421361153,0.2692724599835742,0.1938457566230355,0.1764787918284506
L209054,CoCl2,4,0,0.22936006970462597,0.2552759579467439,0.2692724599835742,0.22668806801060717,0.2123522174103017
L209054,Dabrafenib,4,0,0.2240101926936385,0.2483009926897347,0.2692724599835742,0.2210151463964824,0.20608693162459632
L209054,Doxorubicin,4,0,0.2891002187573746,0.33381457178378915,0.2692724599835742,0.29113175891562687,0.2850122843011778
L209054,Trametinib,4,0,0.191021945485207,0.20575698741763082,0.2692724599835742,0.18642625817409567,0.16852125310842517
L209225,Acid,1,0,0.47587273821028014,0.2838807297763159,0.21381425241973362,0.4120697820004517,0.18049852060662916
L209225,Cisplatin,1,0,0.19458719593808257,0.07546505119145054,0.21381425241973362,0.14269189991538042,0.04027801609575948
L209225,CoCl2,1,0,0.23560044533301658,0.09875860442751293,0.21381425241973362,0.1774536954689118,0.053779310975283046
L209225,Dabrafenib,1,0,0.23203384804524899,0.0966258507238606,0.21381425241973362,0.17435890625979392,0.05252247650531625
L209225,Doxorubicin,1,0,0.29979943088858513,0.14057529225993384,0.21381425241973362,0.23551408242003619,0.07934001132237664
L209225,Trametinib,1,0,0.19726215106258552,0.07690713164142415,0.21381425241973362,0.14490377332284946,0.0410966557349561
L209664,Acid,4,0,0.4785299066468458,0.29897467523817,0.1857716010114279,0.37515122771466136,0.34636452448369043
L209664,Cisplatin,4,0,0.19815483583226198,0.08016901387354933,0.1857716010114279,0.12656180390014946,0.09413790220038486
L209664,CoCl2,4,0,0.22936006970462597,0.09841103684850079,0.1857716010114279,0.15012744006229858,0.11562362274733137
L209664,Dabrafenib,4,1,0.2240101926936385,0.09517437853277874,0.1857716010114279,0.1460087166806993,0.11180712515955318
L209664,Doxorubicin,4,0,0.2891002187573746,0.13760578088210432,0.1857716010114279,0.19838990324666358,0.16199334080505187
L209664,Trametinib,4,0,0.191021945485207,0.07620727108441683,0.1857716010114279,0.12133002030726983,0.08948970588525482
L210001,Acid,4,0,0.4785299066468458,0.4009545265371683,0.2258284474596034,0.43793731332751146,0.5308255790140266
L210001,Cisplatin,4,1,0.19815483583226198,0.12032488295926717,0.2258284474596034,0.1582824003676219,0.18159039440152688
L210001,CoCl2,4,1,0.22936006970462597,0.14625135045648124,0.2258284474596034,0.18649327053677137,0.2182275304763226
L210001,Dabrafenib,4,0,0.2240101926936385,0.1416885344508203,0.2258284474596034,0.18159003015943787,0.21183551920803784
L210001,Doxorubicin,4,0,0.2891002187573746,0.2002674063179937,0.2258284474596034,0.24310240515245196,0.2921522687112719
L210001,Trametinib,4,0,0.191021945485207,0.1146260307806866,0.2258284474596034,0.15196750076309587,0.17345091540495813
L210014,Acid,3,0,0.47049894201675735,0.2800284500633928,0.19264796272619966,0.386332684411744,0.22785047652379692
L210014,Cisplatin,3,0,0.1901270509498604,0.07445610040842693,0.19264796272619966,0.1299978587342567,0.053735567247873615
L210014,CoCl2,3,0,0.2186598922625351,0.09029195479406704,0.19264796272619966,0.15255463146795065,0.06584931573892996
L210014,Dabrafenib,3,0,0.2186598922625351,0.09029195479406729,0.19264796272619966,0.15255463146795065,0.06584931573892996
L210014,Doxorubicin,3,0,0.2882083795228566,0.13418992647207914,0.19264796272619966,0.21134103095696877,0.10063850937379616
L210014,Trametinib,3,0,0.19191054568686872,0.07541135591620717,0.19264796272619966,0.13138145159131295,0.054457775094905195
L210267,Acid,0,0,0.4736194759800148,0.28466937869202136,0.27162934762863544,0.4925573730044261,0.30788905689053436
L210267,Cisplatin,0,0,0.18583642087064267,0.06962987611271007,0.27162934762863544,0.18120526284741093,0.07452229407073914
L210267,CoCl2,0,0,0.22867007436383363,0.09320675900005541,0.27162934762863544,0.22597815434261723,0.10012624296853274
L210267,Dabrafenib,0,0,0.24473499838108828,0.10282400034002308,0.27162934762863544,0.24305332927152967,0.11060955600006579
L210267,Doxorubicin,0,0,0.2866788719209133,0.1298040178991264,0.27162934762863544,0.2882885855872999,0.14029365910178834
L210267,Trametinib,0,0,0.20368386704128424,0.07910975095779173,0.27162934762863544,0.19971966906205807,0.08477859429751594
L210269,Acid,2,0,0.4723002644704608,0.28798107904013687,0.43756236584509106,0.6848344606215474,0.3652937848087632
L210269,Cisplatin,2,0,0.20261025237344546,0.07994198058564067,0.43756236584509106,0.3530576198750382,0.10863944916780548
L210269,CoCl2,2,0,0.22668291955083833,0.0938138784504659,0.43756236584509106,0.38861914890411314,0.12700506601137312
L210269,Dabrafenib,2,0,0.22668291955083833,0.09381387845046599,0.43756236584509106,0.38861914890411337,0.12700506601137315
L210269,Doxorubicin,2,0,0.2819646373115759,0.12918161513286344,0.43756236584509106,0.4655660642506648,0.17335044567350794
L210269,Trametinib,2,0,0.19458603455920903,0.07551591043043948,0.43756236584509106,0.3409191346557792,0.10276938177991234
L210499,Acid,1,1,0.47587273821028014,0.7096959521293986,0.29900304370309205,0.52951155049995,0.704187897196352
L210499,Cisplatin,1,1,0.19458719593808257,0.3348297503537276,0.29900304370309205,0.2108997484603815,0.31205199168756503
L210499,CoCl2,1,0,0.23560044533301658,0.4032613858437672,0.29900304370309205,0.25729111906695407,0.3805315659907087
L210499,Dabrafenib,1,1,0.23203384804524899,0.3974527270634661,0.29900304370309205,0.25323262554458653,0.37466208933245293
L210499,Doxorubicin,1,0,0.29979943088858513,0.5021700830552092,0.29900304370309205,0.33096278032223186,0.48224400537703305
L210499,Trametinib,1,1,0.19726215106258552,0.3394085873729491,0.29900304370309205,0.2139051118428954,0.3165723138971407
L210749,Acid,2,1,0.4723002644704608,0.836095371853762,0.3865993018758606,0.6346820380200567,0.8295573594173353
L210749,Cisplatin,2,0,0.20261025237344546,0.5228670535505573,0.3865993018758606,0.3037827296136237,0.5075592598705704
L210749,CoCl2,2,1,0.22668291955083833,0.5662913629541966,0.3865993018758606,0.33696619634364033,0.5516280781291865
L210749,Dabrafenib,2,0,0.22668291955083833,0.5662913629541968,0.3865993018758606,0.33696619634364056,0.5516280781291865
L210749,Doxorubicin,2,0,0.2819646373115759,0.6516848724678759,0.3865993018758606,0.4105536249816524,0.6394293326642931
L210749,Trametinib,2,0,0.19458603455920903,0.5074432494319868,0.3865993018758606,0.29257221904854575,0.49203274737530583
L210870,Acid,2,0,0.4723002644704608,0.3123280499487586,0.14068993426052323,0.29604321884314655,0.22966673938924953
L210870,Cisplatin,2,1,0.20261025237344546,0.08889650017663632,0.14068993426052323,0.09552932674023425,0.05938747052043496
L210870,CoCl2,2,0,0.22668291955083833,0.10414634088636009,0.14068993426052323,0.10954365718172562,0.0700816114889054
L210870,Dabrafenib,2,0,0.22668291955083833,0.10414634088636013,0.14068993426052323,0.1095436571817257,0.0700816114889054
L210870,Doxorubicin,2,0,0.2819646373115759,0.14279558489371302,0.14068993426052323,0.144272915211072,0.09798654918474732
L210870,Trametinib,2,0,0.19458603455920903,0.08401992822152263,0.14068993426052323,0.09099950577140259,0.05601138818723048
L210876,Acid,2,0,0.4723002644704608,0.43322824714162195,0.2467054402868367,0.46598246834704005,0.3648306953894986
L210876,Cisplatin,2,0,0.20261025237344546,0.1410473861614739,0.2467054402868367,0.17975832076482606,0.10844613298273706
L210876,CoCl2,2,0,0.22668291955083833,0.16363672749247593,0.2467054402868367,0.20335109282352648,0.1267837178378406
L210876,Dabrafenib,2,0,0.22668291955083833,0.16363672749247604,0.2467054402868367,0.2033510928235266,0.12678371783784056
L210876,Doxorubicin,2,0,0.2819646373115759,0.2189669938919418,0.2467054402868367,0.2591648288172323,0.17306433783441774
L210876,Trametinib,2,0,0.19458603455920903,0.13372989310967046,0.2467054402868367,0.1719940140988882,0.102585308821639
L210992,Acid,1,0,0.47587273821028014,0.496272946343519,0.34564176498238613,0.5849307820469498,0.519279299288018
L210992,Cisplatin,1,0,0.19458719593808257,0.1686483425303422,0.34564176498238613,0.2507444488680446,0.17069512814269255
L210992,CoCl2,1,0,0.23560044533301658,0.21404545660383026,0.34564176498238613,0.30254007759609536,0.21798325285162432
L210992,Dabrafenib,1,0,0.23203384804524899,0.21000314790313204,0.34564176498238613,0.2980542644497583,0.213755841648341
L210992,Doxorubicin,1,0,0.29979943088858513,0.28902256426779427,0.34564176498238613,0.3824955826341066,0.29708469059685555
L210992,Trametinib,1,0,0.19726215106258552,0.1715406967515763,0.34564176498238613,0.25413474520510604,0.17368475342405237
L211180,Acid,0,1,0.4736194759800148,0.6744475110404347,0.39113235034892185,0.6324428176990105,0.7113902891912689
L211180,Cisplatin,0,1,0.18583642087064267,0.280375010064848,0.39113235034892185,0.2817658189666716,0.30851754904019174
L211180,CoCl2,0,1,0.22867007436383363,0.3485752704742663,0.39113235034892185,0.3410366086090664,0.38138588426612774
L211180,Dabrafenib,0,0,0.24473499838108828,0.3736834886895189,0.39113235034892185,0.362731470708577,0.4079667363166661
L211180,Doxorubicin,0,0,0.2866788719209133,0.4371083299499504,0.39113235034892185,0.41794213224458066,0.47484615044071143
L211180,Trametinib,0,1,0.20368386704128424,0.3090171636322523,0.39113235034892185,0.3067061655152222,0.3391755825670798
L21123,Acid,1,0,0.47587273821028014,0.41305005356356256,0.19071110592477442,0.37653784027518916,0.3310120307783056
L21123,Cisplatin,1,0,0.19458719593808257,0.1265625992972331,0.19071110592477442,0.1254322958038596,0.08615794550970797
L21123,CoCl2,1,0,0.23560044533301658,0.16285012380500055,0.19071110592477442,0.15675822833694997,0.11322395314684483
L21123,Dabrafenib,1,0,0.23203384804524899,0.15957834882299102,0.19071110592477442,0.15395681233648043,0.11074047253392673
L21123,Doxorubicin,1,1,0.29979943088858513,0.22502867226033715,0.19071110592477442,0.20977422448514535,0.16219501275884496
L21123,Trametinib,1,0,0.19726215106258552,0.1288450374752859,0.19071110592477442,0.12741639042191735,0.08782374973877036
L211252,Acid,2,0,0.4723002644704608,0.2807695161874157,0.17694110573682736,0.3595509910954044,0.3061793816464908
L211252,Cisplatin,2,0,0.20261025237344546,0.07737396318390978,0.17694110573682736,0.12357329846812146,0.08546596957126612
L211252,CoCl2,2,0,0.22668291955083833,0.09084424576363263,0.17694110573682736,0.14106010158527887,0.10035514225488881
L211252,Dabrafenib,2,0,0.22668291955083833,0.09084424576363272,0.17694110573682736,0.14106010158527899,0.10035514225488881
L211252,Doxorubicin,2,0,0.2819646373115759,0.1252471706812583,0.17694110573682736,0.1837196753250654,0.13851875006550995
L211252,Trametinib,2,0,0.19458603455920903,0.07307878074846619,0.17694110573682736,0.11788700775518964,0.08073461410540501
L211480,Acid,4,0,0.4785299066468458,0.2968821351175162,0.0824567620330045,0.1834933783502809,0.24442562739838905
L211480,Cisplatin,4,0,0.19815483583226198,0.07943437728876447,0.0824567620330045,0.0514471412952009,0.0596568764916336
L211480,CoCl2,4,0,0.22936006970462597,0.09752696145749848,0.0824567620330045,0.06201964136745381,0.0739149114579627
L211480,Dabrafenib,4,0,0.2240101926936385,0.09431633792632509,0.0824567620330045,0.06014707051896306,0.07136403930357063
L211480,Doxorubicin,4,0,0.2891002187573746,0.13642287806611342,0.0824567620330045,0.08478316436163687,0.10555418549054722
L211480,Trametinib,4,0,0.191021945485207,0.07550595825322452,0.0824567620330045,0.04914571780730123,0.05660484339516924
L211555,Acid,3,0,0.47049894201675735,0.2800284500633928,0.1019998295061965,0.22458431194637427,0.3666788040235687
L211555,Cisplatin,3,0,0.1901270509498604,0.07445610040842693,0.1019998295061965,0.06432187940564578,0.10025000929227723
L211555,CoCl2,3,0,0.2186598922625351,0.09029195479406704,0.1019998295061965,0.07648463294248833,0.12150321169003679
L211555,Dabrafenib,3,0,0.2186598922625351,0.09029195479406729,0.1019998295061965,0.07648463294248833,0.12150321169003679
L211555,Doxorubicin,3,0,0.2882083795228566,0.13418992647207914,0.1019998295061965,0.10975414008820474,0.18002872163200576
L211555,Trametinib,3,0,0.19191054568686872,0.07541135591620717,0.1019998295061965,0.06505874124252621,0.1015302961758769
L211568,Acid,3,0,0.47049894201675735,0.28393797583778135,0.1544695640729027,0.32356252184752365,0.21294419253320018
L211568,Cisplatin,3,0,0.1901270509498604,0.07579774841898737,0.1544695640729027,0.10195658936535403,0.04949003215133695
L211568,CoCl2,3,0,0.2186598922625351,0.09189062358779186,0.1544695640729027,0.12032065136001081,0.060708100746526744
L211568,Dabrafenib,3,0,0.2186598922625351,0.09189062358779211,0.1544695640729027,0.12032065136001081,0.060708100746526716
L211568,Doxorubicin,3,0,0.2882083795228566,0.13644925330968105,0.1544695640729027,0.1691653030692834,0.09305167398857353
L211568,Trametinib,3,0,0.19191054568686872,0.07676878924958747,0.1544695640729027,0.10307709340892189,0.050158204423045416
L21177,Acid,0,1,0.4736194759800148,0.6254525161884797,0.38309956218320895,0.6242824557632722,0.7161529770311161
L21177,Cisplatin,0,1,0.18583642087064267,0.2389916851988758,0.38309956218320895,0.2747479712267075,0.3135129695266044
L21177,CoCl2,0,1,0.22867007436383363,0.3013408489370995,0.38309956218320895,0.33322742905990943,0.38690100545806133
L21177,Dabrafenib,0,0,0.24473499838108828,0.3247428325311391,0.38309956218320895,0.3546929088946291,0.4136092382322306
L21177,Doxorubicin,0,0,0.2866788719209133,0.384966727994581,0.38309956218320895,0.40946619763879466,0.4806626582238377
L21177,Trametinib,0,0,0.20368386704128424,0.2649628361367242,0.38309956218320895,0.29932601565653866,0.3444201541178355
L211832,Acid,4,0,0.4785299066468458,0.2968821351175162,0.08145550806434407,0.18140106739171086,0.33664200375591974
L211832,Cisplatin,4,0,0.19815483583226198,0.07943437728876447,0.08145550806434407,0.050766890928213806,0.09051499203191814
L211832,CoCl2,4,0,0.22936006970462597,0.09752696145749848,0.08145550806434407,0.06120861867971485,0.11127540507415833
L211832,Dabrafenib,4,0,0.2240101926936385,0.09431633792632509,0.08145550806434407,0.05935898553977728,0.10758497319633128
L211832,Doxorubicin,4,0,0.2891002187573746,0.13642287806611342,0.08145550806434407,0.08370102927297324,0.15620932610544014
L211832,Trametinib,4,0,0.191021945485207,0.07550595825322452,0.08145550806434407,0.04849434186146252,0.08602869354862044
L211840,Acid,1,1,0.47587273821028014,0.6206437501862662,0.34946499009124604,0.5890293857449136,0.6089814324664857
L211840,Cisplatin,1,0,0.19458719593808257,0.2519861919825461,0.34946499009124604,0.2539339977203692,0.22884729385786579
L211840,CoCl2,1,0,0.23560044533301658,0.31141323911809426,0.34946499009124604,0.3061192976877042,0.2866764993230382
L211840,Dabrafenib,1,0,0.23203384804524899,0.306248611192578,0.34946499009124604,0.3016033638276981,0.2815966082506004
L211840,Doxorubicin,1,1,0.29979943088858513,0.4030083293827077,0.34946499009124604,0.3864965418125942,0.3786359671576668
L211840,Trametinib,1,0,0.19726215106258552,0.2558679190350695,0.34946499009124604,0.257352607002365,0.23256979240086675
L212182,Acid,3,0,0.47049894201675735,0.4146843208666432,0.15743184225585288,0.32782736444849797,0.3787445882970098
L212182,Cisplatin,3,0,0.1901270509498604,0.1278074763493444,0.15743184225585288,0.10374847041605147,0.10500233163645986
L212182,CoCl2,3,0,0.2186598922625351,0.15311331540748604,0.15743184225585288,0.1223912935812599,0.12712069151930894
L212182,Dabrafenib,3,0,0.2186598922625351,0.15311331540748646,0.15743184225585288,0.1223912935812599,0.12712069151930894
L212182,Doxorubicin,3,0,0.2882083795228566,0.22016197956804173,0.15743184225585288,0.17191225850994185,0.18777366823123068
L212182,Trametinib,3,0,0.19191054568686872,0.12935155634413809,0.15743184225585288,0.10488636724589843,0.10633613736029789
L212210,Acid,2,0,0.4723002644704608,0.7212432038281684,0.2811839541274979,0.5128474704256588,0.6691561870161272
L212210,Cisplatin,2,1,0.20261025237344546,0.3572570775609784,0.2811839541274979,0.20910910301264346,0.2998771360174658
L212210,CoCl2,2,0,0.22668291955083833,0.3984121588165569,0.2811839541274979,0.2354483159309013,0.33830175571695825
L212210,Dabrafenib,2,0,0.22668291955083833,0.39841215881655706,0.2811839541274979,0.2354483159309015,0.33830175571695825
L212210,Doxorubicin,2,1,0.2819646373115759,0.48691105076086255,0.2811839541274979,0.29678973008802817,0.4242784428520296
L212210,Trametinib,2,0,0.19458603455920903,0.3432045341516471,0.2811839541274979,0.20038676090353483,0.2870010553781364
L212295,Acid,0,0,0.4736194759800148,0.2913335192140022,0.19441335232345608,0.3810805263212455,0.19891890062781165
L212295,Cisplatin,0,0,0.18583642087064267,0.07176496068223485,0.19441335232345608,0.1231001274530713,0.0430137190401354
L212295,CoCl2,0,1,0.22867007436383363,0.09599020016883097,0.19441335232345608,0.15625598942406818,0.05847613933964571
L212295,Dabrafenib,0,0,0.24473499838108828,0.10586111354471528,0.19441335232345608,0.16921461501877402,0.06491321754063284
L212295,Doxorubicin,0,0,0.2866788719209133,0.13351944255669992,0.19441335232345608,0.20441877189690055,0.08348501164725576
L212295,Trametinib,0,0,0.20368386704128424,0.08151005317126969,0.19441335232345608,0.13666865897124875,0.04916394364846465
L212390,Acid,0,0,0.4736194759800148,0.2913335192140022,0.2420519733967048,0.4520384689675013,0.2512399254278636
L212390,Cisplatin,0,0,0.18583642087064267,0.07176496068223485,0.2420519733967048,0.15830847520036542,0.05725854383047241
L212390,CoCl2,0,0,0.22867007436383363,0.09599020016883097,0.2420519733967048,0.1987975232864225,0.07742734236008263
L212390,Dabrafenib,0,0,0.24473499838108828,0.10586111354471528,0.2420519733967048,0.21438775727169115,0.08576055535094007
L212390,Doxorubicin,0,0,0.2866788719209133,0.13351944255669992,0.2420519733967048,0.2560929566617589,0.10959774160620639
L212390,Trametinib,0,0,0.20368386704128424,0.08151005317126969,0.2420519733967048,0.17498339273347308,0.06530654151659443
L212486,Acid,4,0,0.4785299066468458,0.28113031182063863,0.10229370029684134,0.2240490214188257,0.22740977631257972
L212486,Cisplatin,4,0,0.19815483583226198,0.0740054563390073,0.10229370029684134,0.06514653665521948,0.05457475038849462
L212486,CoCl2,4,0,0.22936006970462597,0.09098371995446658,0.10229370029684134,0.07830189647053588,0.06770560832950652
L212486,Dabrafenib,4,0,0.2240101926936385,0.08796750590531295,0.10229370029684134,0.07597753365254345,0.06535390260615506
L212486,Doxorubicin,4,1,0.2891002187573746,0.12763912778414688,0.10229370029684134,0.10636393356924409,0.09696528374109807
L212486,Trametinib,4,0,0.191021945485207,0.07032501345783615,0.10229370029684134,0.06227251985598031,0.05176840405880792
L212617,Acid,1,0,0.47587273821028014,0.7497286509253938,0.33212195145455925,0.5694625044372572,0.7800064466622024
L212617,Cisplatin,1,0,0.19458719593808257,0.38150549854265015,0.33212195145455925,0.2390244236495899,0.40319736919011057
L212617,CoCl2,1,1,0.23560044533301658,0.45298023453491265,0.33212195145455925,0.28933396566281855,0.4777872739848284
L212617,Dabrafenib,1,1,0.23203384804524899,0.4469918610706153,0.33212195145455925,0.2849639592161572,0.4715596195252064
L212617,Doxorubicin,1,0,0.29979943088858513,0.552787101836365,0.33212195145455925,0.36763903224921723,0.581109420012029
L212617,Trametinib,1,0,0.19726215106258552,0.3863518892775751,0.33212195145455925,0.2423075018225601,0.4082544807369678
L212632,Acid,0,0,0.4736194759800148,0.28466937869202136,0.21575685566691233,0.41374623230010815,0.30265683179717556
L212632,Cisplatin,0,1,0.18583642087064267,0.06962987611271007,0.21575685566691233,0.13860437906368797,0.07283850681801093
L212632,CoCl2,0,0,0.22867007436383363,0.09320675900005541,0.21575685566691233,0.17510230287050052,0.09792516156190295
L212632,Dabrafenib,0,0,0.24473499838108828,0.10282400034002308,0.21575685566691233,0.18927327899153037,0.10820573047827126
L212632,Doxorubicin,0,0,0.2866788719209133,0.1298040178991264,0.21575685566691233,0.22750774171626356,0.13734434428955464
L212632,Trametinib,0,0,0.20368386704128424,0.07910975095779173,0.21575685566691233,0.15358253696583457,0.08288382569519905
L212764,Acid,1,0,0.47587273821028014,0.2846492613888907,0.052659685216413385,0.11673261171775007,0.18220705822343433
L212764,Cisplatin,1,0,0.19458719593808257,0.07572901961696576,0.052659685216413385,0.03042963527426186,0.04072523343376563
L212764,CoCl2,1,1,0.23560044533301658,0.09909531796825004,0.052659685216413385,0.03908971941761622,0.05436794445507728
L212764,Dabrafenib,1,1,0.23203384804524899,0.0969560750019377,0.052659685216413385,0.03829564928837045,0.05309812544922082
L212764,Doxorubicin,1,0,0.29979943088858513,0.14103226746692055,0.052659685216413385,0.05490093552269386,0.08018470729663163
L212764,Trametinib,1,1,0.19726215106258552,0.07717572323658099,0.052659685216413385,0.03096417813730007,0.04155256909655941
L212929,Acid,4,1,0.4785299066468458,0.8471803257097789,0.4327701050001633,0.6823095416517303,0.8765908498140025
L212929,Cisplatin,4,0,0.19815483583226198,0.5311563860000285,0.4327701050001633,0.34138680223796253,0.5821162332573971
L212929,CoCl2,4,0,0.22936006970462597,0.5865774026874918,0.4327701050001633,0.38721939669089994,0.6366956162583881
L212929,Dabrafenib,4,1,0.2240101926936385,0.577570664140043,0.4327701050001633,0.3795006364256377,0.6278909431840793
L212929,Doxorubicin,4,1,0.2891002187573746,0.6747000464446329,0.4327701050001633,0.4695871739884533,0.7215417956323307
L212929,Trametinib,4,1,0.191021945485207,0.517445225351,0.4327701050001633,0.3306362633479128,0.5684945401545778
L213774,Acid,0,1,0.4736194759800148,0.28466937869202136,0.19872653830476728,0.3875694937776993,0.2800376658963994
L213774,Cisplatin,0,0,0.18583642087064267,0.06962987611271007,0.19872653830476728,0.12609119789022105,0.06577486105084575
L213774,CoCl2,0,0,0.22867007436383363,0.09320675900005541,0.19872653830476728,0.1599057695291342,0.08866133487988812
L213774,Dabrafenib,0,0,0.24473499838108828,0.10282400034002308,0.19872653830476728,0.17310497931780236,0.09807508839777973
L213774,Doxorubicin,0,0,0.2866788719209133,0.1298040178991264,0.19872653830476728,0.2089149754274902,0.12486761174319563
L213774,Trametinib,0,0,0.20368386704128424,0.07910975095779173,0.19872653830476728,0.13993680400095632,0.07492473995368648
L213816,Acid,3,0,0.47049894201675735,0.2800284500633928,0.14667555100187676,0.3079009652378905,0.17477059470351075
L213816,Cisplatin,3,0,0.1901270509498604,0.07445610040842693,0.14667555100187676,0.09550704615933056,0.03916024678922556
L213816,CoCl2,3,0,0.2186598922625351,0.09029195479406704,0.14667555100187676,0.11285542389146289,0.04815545507173945
L213816,Dabrafenib,3,0,0.2186598922625351,0.09029195479406729,0.14667555100187676,0.11285542389146289,0.04815545507173945
L213816,Doxorubicin,3,0,0.2882083795228566,0.13418992647207914,0.14667555100187676,0.15921805062200092,0.07434063127686977
L213816,Trametinib,3,0,0.19191054568686872,0.07541135591620717,0.14667555100187676,0.09656429125461559,0.03969477932794481
L213986,Acid,3,1,0.47049894201675735,0.5738818617437471,0.28935499005163634,0.523840535217242,0.590659201818905
L213986,Cisplatin,3,1,0.1901270509498604,0.2178662455818775,0.28935499005163634,0.20705176443315393,0.21733459714355471
L213986,CoCl2,3,1,0.2186598922625351,0.25577449059965834,0.28935499005163634,0.23930110051798134,0.2563381481748547
L213986,Dabrafenib,3,1,0.2186598922625351,0.2557744905996589,0.28935499005163634,0.23930110051798134,0.2563381481748546
L213986,Doxorubicin,3,1,0.2882083795228566,0.3492398994452888,0.28935499005163634,0.3189345885139321,0.35366442530813175
L213986,Trametinib,3,1,0.19191054568686872,0.22022363173151535,0.28935499005163634,0.20905839014453725,0.21974497361178197
L214021,Acid,2,0,0.4723002644704608,0.6038122237619251,0.28924613065038446,0.5230591459014075,0.5540275556376131
L214021,Cisplatin,2,0,0.20261025237344546,0.24665161315588735,0.28924613065038446,0.21595387231373667,0.20828455663615902
L214021,CoCl2,2,0,0.22668291955083833,0.28062828906711407,0.28924613065038446,0.24289046841175357,0.2389790129317131
L214021,Dabrafenib,2,0,0.22668291955083833,0.2806282890671142,0.28924613065038446,0.24289046841175368,0.2389790129317131
L214021,Doxorubicin,2,0,0.2819646373115759,0.3585577383085783,0.28924613065038446,0.30539630238897636,0.31160036920291323
L214021,Trametinib,2,0,0.19458603455920903,0.23535659705343095,0.28924613065038446,0.20702075540640136,0.19822776319098542
L214973,Acid,2,1,0.4723002644704608,0.896678674498017,0.402524109068175,0.6509560559003826,0.9207182363258365
L214973,Cisplatin,2,1,0.20261025237344546,0.6508841558800355,0.402524109068175,0.31898054185082636,0.7109272730226809
L214973,CoCl2,2,1,0.22668291955083833,0.6895746638864715,0.402524109068175,0.3529824475516242,0.7459075452666457
L214973,Dabrafenib,2,1,0.22668291955083833,0.6895746638864717,0.402524109068175,0.35298244755162445,0.7459075452666457
L214973,Doxorubicin,2,0,0.2819646373115759,0.7609417064111881,0.402524109068175,0.4278107351020536,0.8088477747652448
L214973,Trametinib,2,1,0.19458603455920903,0.6367234462652338,0.402524109068175,0.3074568609445094,0.6979976163683728
L215117,Acid,0,0,0.4736194759800148,0.2913335192140022,0.24686300757469312,0.4594706861679473,0.3043101785962145
L215117,Cisplatin,0,0,0.18583642087064267,0.07176496068223485,0.24686300757469312,0.16234209170309777,0.07336849468124496
L215117,CoCl2,0,0,0.22867007436383363,0.09599020016883097,0.24686300757469312,0.2036132159227369,0.09861826950540603
L215117,Dabrafenib,0,0,0.24473499838108828,0.10586111354471528,0.24686300757469312,0.21947765513923753,0.10896281421703626
L215117,Doxorubicin,0,0,0.2866788719209133,0.13351944255669992,0.24686300757469312,0.26184298692890445,0.138273691416233
L215117,Trametinib,0,0,0.20368386704128424,0.08151005317126969,0.24686300757469312,0.17935134457378357,0.08348032426891111
L215362,Acid,2,0,0.4723002644704608,0.46351758433869444,0.336860577989873,0.581042023001961,0.4695264068099302
L215362,Cisplatin,2,0,0.20261025237344546,0.15655129587354205,0.336860577989873,0.2583326709767387,0.1578517548371849
L215362,CoCl2,2,0,0.22668291955083833,0.18110013931767446,0.336860577989873,0.28860950079277353,0.18283034299514256
L215362,Dabrafenib,2,0,0.22668291955083833,0.18110013931767455,0.336860577989873,0.2886095007927737,0.18283034299514261
L215362,Doxorubicin,2,0,0.2819646373115759,0.2406363483687891,0.336860577989873,0.35732790383853413,0.24385655707458637
L215362,Trametinib,2,0,0.19458603455920903,0.1485685871243549,0.336860577989873,0.24820146817366118,0.1497694060354818
L215374,Acid,3,0,0.47049894201675735,0.2800284500633928,0.04441580792199197,0.10160092950942554,0.20876351835434095
L215374,Cisplatin,3,0,0.1901270509498604,0.07445610040842693,0.04441580792199197,0.026140395706496154,0.048321388070792594
L215374,CoCl2,3,0,0.2186598922625351,0.09029195479406704,0.04441580792199197,0.03132504379678209,0.05929108026760392
L215374,Dabrafenib,3,0,0.2186598922625351,0.09029195479406729,0.04441580792199197,0.03132504379678209,0.05929108026760392
L215374,Doxorubicin,3,0,0.2882083795228566,0.13418992647207914,0.04441580792199197,0.04592781031667163,0.0909528073767461
L215374,Trametinib,3,0,0.19191054568686872,0.07541135591620717,0.04441580792199197,0.026452221790596243,0.04897459526148164
L215425,Acid,4,0,0.4785299066468458,0.29897467523817,0.1139304501100051,0.24723313713116885,0.20044704708187797
L215425,Cisplatin,4,0,0.19815483583226198,0.08016901387354933,0.1139304501100051,0.0734440881296207,0.04686118076940816
L215425,CoCl2,4,0,0.22936006970462597,0.09841103684850079,0.1139304501100051,0.08811707840516152,0.058250477532049934
L215425,Dabrafenib,4,1,0.2240101926936385,0.09517437853277874,0.1139304501100051,0.08552839211472966,0.05620738894586274
L215425,Doxorubicin,4,0,0.2891002187573746,0.13760578088210432,0.1139304501100051,0.1192416293376551,0.08379126772383313
L215425,Trametinib,4,0,0.191021945485207,0.07620727108441683,0.1139304501100051,0.07023151523324227,0.04443284057325238
L215992,Acid,0,1,0.4736194759800148,0.6303847650381779,0.2562512978053573,0.4719225812136338,0.6158963729215335
L215992,Cisplatin,0,0,0.18583642087064267,0.24285236810136374,0.2562512978053573,0.16926318399457846,0.22495187811094303
L215992,CoCl2,0,0,0.22867007436383363,0.30580399285362186,0.2562512978053573,0.21184882148273493,0.28625360391493165
L215992,Dabrafenib,0,0,0.24473499838108828,0.3293891716958623,0.2562512978053573,0.22817108989094498,0.3095216131115955
L215992,Doxorubicin,0,0,0.2866788719209133,0.3899771015393171,0.2562512978053573,0.27163050864222854,0.37035830773618283
L215992,Trametinib,0,0,0.20368386704128424,0.2690947079774682,0.2562512978053573,0.18683584655801494,0.25031184109374827
L216346,Acid,3,0,0.47049894201675735,0.6720536619404234,0.29882019664517684,0.5359263542763874,0.7197096409521169
L216346,Cisplatin,3,0,0.1901270509498604,0.29768143828033244,0.29882019664517684,0.21513092489778624,0.33071864235666987
L216346,CoCl2,3,0,0.2186598922625351,0.3433802467394844,0.29882019664517684,0.24824467828433366,0.38018611855077233
L216346,Dabrafenib,3,1,0.2186598922625351,0.3433802467394852,0.29882019664517684,0.24824467828433366,0.38018611855077233
L216346,Doxorubicin,3,0,0.2882083795228566,0.44952236518311844,0.29882019664517684,0.3295649591465425,0.49334047430517947
L216346,Trametinib,3,0,0.19191054568686872,0.30057056353354117,0.29882019664517684,0.21719440259925965,0.3338501253987139
L216554,Acid,2,1,0.4723002644704608,0.28798107904013687,0.21529559404638657,0.42001327427794627,0.30597284275482284
L216554,Cisplatin,2,0,0.20261025237344546,0.07994198058564067,0.21529559404638657,0.1538883501433973,0.08538999318929491
L216554,CoCl2,2,0,0.22668291955083833,0.0938138784504659,0.21529559404638657,0.17480937866665355,0.10026738105902987
L216554,Dabrafenib,2,0,0.22668291955083833,0.09381387845046599,0.21529559404638657,0.17480937866665366,0.10026738105902987
L216554,Doxorubicin,2,1,0.2819646373115759,0.12918161513286344,0.21529559404638657,0.22500182895861562,0.13840274891288734
L216554,Trametinib,2,0,0.19458603455920903,0.07551591043043948,0.21529559404638657,0.14704113407098623,0.08066247276656482
L216702,Acid,2,1,0.4723002644704608,0.8926740108598147,0.39130530211095443,0.639549022088405,0.9026387507989192
L216702,Cisplatin,2,0,0.20261025237344546,0.641165132204976,0.39130530211095443,0.3082533485618997,0.6625413636402449
L216702,CoCl2,2,1,0.22668291955083833,0.680403866108633,0.39130530211095443,0.34168549291391465,0.7009135054603892
L216702,Dabrafenib,2,0,0.22668291955083833,0.6804038661086332,0.39130530211095443,0.34168549291391487,0.7009135054603891
L216702,Doxorubicin,2,1,0.2819646373115759,0.7531244608792548,0.39130530211095443,0.4156574399220851,0.7715860857862908
L216702,Trametinib,2,0,0.19458603455920903,0.6268362163370558,0.39130530211095443,0.2969482249962628,0.6485174841880073
L217032,Acid,0,0,0.4736194759800148,0.5215772459934784,0.2897337798946661,0.5164636583294212,0.5094482109073624
L217032,Cisplatin,0,0,0.18583642087064267,0.17014362267380698,0.2897337798946661,0.19583187732053461,0.1582365970112641
L217032,CoCl2,0,0,0.22867007436383363,0.21971719346328863,0.2897337798946661,0.24314557177675095,0.20619450028919614
L217032,Dabrafenib,0,0,0.24473499838108828,0.23894827365539936,0.2897337798946661,0.2610803899478197,0.22500643016694183
L217032,Doxorubicin,0,0,0.2866788719209133,0.2900968619243606,0.2897337798946661,0.30830419166165896,0.275868444394223
L217032,Trametinib,0,0,0.20368386704128424,0.1905059970527224,0.2897337798946661,0.2154475060372049,0.1778008072484566
L21716,Acid,4,1,0.4785299066468458,0.49494572928599423,0.3342959944471931,0.5801185032005561,0.510483625324091
L21716,Cisplatin,4,0,0.19815483583226198,0.16685458738551645,0.3342959944471931,0.2500648784050614,0.16978840385719812
L21716,CoCl2,4,1,0.22936006970462597,0.2005214642009954,0.3342959944471931,0.28901729790242936,0.20463979794127654
L21716,Dabrafenib,4,1,0.2240101926936385,0.19465153504552118,0.3342959944471931,0.28235409318302307,0.19854470212752667
L21716,Doxorubicin,4,1,0.2891002187573746,0.26828285149729947,0.3342959944471931,0.3628656916208525,0.2755842435141178
L21716,Trametinib,4,1,0.191021945485207,0.1593511899788926,0.3342959944471931,0.24113722595418513,0.1620731679677004
L217371,Acid,2,1,0.4723002644704608,0.5067370453832643,0.23730062603605648,0.4525113740529744,0.46919619986581534
L217371,Cisplatin,2,0,0.20261025237344546,0.18079418230991365,0.23730062603605648,0.17189816875923777,0.1576755892981002
L217371,CoCl2,2,1,0.22668291955083833,0.2082061461254913,0.23730062603605648,0.19470419866964392,0.1826323463292748
L217371,Dabrafenib,2,1,0.22668291955083833,0.20820614612549138,0.23730062603605648,0.1947041986696441,0.1826323463292748
L217371,Doxorubicin,2,0,0.2819646373115759,0.2736753302835227,0.23730062603605648,0.24888608436900003,0.2436121740000987
L217371,Trametinib,2,0,0.19458603455920903,0.17182713634929928,0.23730062603605648,0.16440531736560132,0.1496006582124404
L217518,Acid,3,0,0.47049894201675735,0.28393797583778135,0.32410136412541585,0.5662424753480335,0.2892878760767426
L217518,Cisplatin,3,0,0.1901270509498604,0.07579774841898737,0.32410136412541585,0.23655020278791383,0.07264152328686595
L217518,CoCl2,3,0,0.2186598922625351,0.09189062358779186,0.32410136412541585,0.27181908312816805,0.08861815030393014
L217518,Dabrafenib,3,0,0.2186598922625351,0.09189062358779211,0.32410136412541585,0.27181908312816816,0.0886181503039301
L217518,Doxorubicin,3,0,0.2882083795228566,0.13644925330968105,0.32410136412541585,0.35719257512577207,0.1337146130016436
L217518,Trametinib,3,0,0.19191054568686872,0.07676878924958747,0.32410136412541585,0.2387566312979022,0.07359806482376555
L217633,Acid,2,0,0.4723002644704608,0.2807695161874157,0.44933999560814925,0.6955815356581394,0.3761535809534575
L217633,Cisplatin,2,0,0.20261025237344546,0.07737396318390978,0.44933999560814925,0.3646217146419231,0.11323037279350223
L217633,CoCl2,2,0,0.22668291955083833,0.09084424576363263,0.44933999560814925,0.40062672250449693,0.13225693518719028
L217633,Dabrafenib,2,0,0.22668291955083833,0.09084424576363272,0.44933999560814925,0.40062672250449716,0.13225693518719028
L217633,Doxorubicin,2,0,0.2819646373115759,0.1252471706812583,0.44933999560814925,0.47809196550521327,0.18012335375789473
L217633,Trametinib,2,0,0.19458603455920903,0.07307878074846619,0.44933999560814925,0.35230215505287393,0.10714206293623078
L21782,Acid,2,1,0.4723002644704608,0.6143202169246856,0.32864382087367133,0.5713225927934599,0.6651243354787401
L21782,Cisplatin,2,0,0.20261025237344546,0.25494370408295347,0.32864382087367133,0.25078016165870815,0.29607908609664974
L21782,CoCl2,2,1,0.22668291955083833,0.289623493646032,0.32864382087367133,0.2805066078597386,0.33424938401143495
L21782,Dabrafenib,2,0,0.22668291955083833,0.2896234936460322,0.32864382087367133,0.2805066078597388,0.33424938401143495
L21782,Doxorubicin,2,0,0.2819646373115759,0.3687703656742593,0.32864382087367133,0.348240136260595,0.4198496540787354
L21782,Trametinib,2,1,0.19458603455920903,0.2433916457836476,0.32864382087367133,0.24084896532384456,0.28330009627853414
L218039,Acid,1,0,0.47587273821028014,0.2838807297763159,0.20149324009823236,0.3932476434167788,0.35616028179483133
L218039,Cisplatin,1,0,0.19458719593808257,0.07546505119145054,0.20149324009823236,0.1333826773536587,0.09535523071594496
L218039,CoCl2,1,0,0.23560044533301658,0.09875860442751293,0.20149324009823236,0.16631657435853214,0.12491556838765178
L218039,Dabrafenib,1,0,0.23203384804524899,0.0966258507238606,0.20149324009823236,0.16337743736255292,0.12221098333133115
L218039,Doxorubicin,1,0,0.29979943088858513,0.14057529225993384,0.20149324009823236,0.22171525685531684,0.17792879644406379
L218039,Trametinib,1,0,0.19726215106258552,0.07690713164142415,0.20149324009823236,0.1354730510071079,0.0971799479881818
L218300,Acid,0,1,0.4736194759800148,0.49514238329406246,0.32145834845002796,0.5556209832742341,0.5343220990560047
L218300,Cisplatin,0,1,0.18583642087064267,0.15572279292250174,0.32145834845002796,0.2218320615218582,0.1719741330760324
L218300,CoCl2,0,0,0.22867007436383363,0.2021180226005783,0.32145834845002796,0.27329267623402803,0.22299260319849917
L218300,Dabrafenib,0,1,0.24473499838108828,0.22024350207040155,0.32145834845002796,0.29259153669448656,0.24286819738320384
L218300,Doxorubicin,0,0,0.2866788719209133,0.26880236833841414,0.32145834845002796,0.34287028056930874,0.2962245249802756
L218300,Trametinib,0,1,0.20368386704128424,0.17472268776063238,0.32145834845002796,0.24326419648872422,0.19284771355545755
L218518,Acid,2,1,0.4723002644704608,0.7051842121936467,0.4387641031995943,0.6856995080493932,0.7770410437877886
L218518,Cisplatin,2,1,0.20261025237344546,0.3394339931801881,0.4387641031995943,0.35397427222398314,0.42464135832645933
L218518,CoCl2,2,1,0.22668291955083833,0.3797489687066254,0.4387641031995943,0.38957253215193643,0.4683580951218396
L218518,Dabrafenib,2,0,0.22668291955083833,0.37974896870662556,0.4387641031995943,0.3895725321519366,0.4683580951218396
L218518,Doxorubicin,2,0,0.2819646373115759,0.4673226180578206,0.4387641031995943,0.4665641612716059,0.5594425988342989
L218518,Trametinib,2,0,0.19458603455920903,0.3257272302045002,0.4387641031995943,0.34182092317546764,0.4095418481317621
L219307,Acid,3,1,0.47049894201675735,0.9660517052777737,0.315620483572493,0.556362008571372,0.967217233986218
L219307,Cisplatin,3,0,0.1901270509498604,0.8547716911315684,0.315620483572493,0.22938035911916058,0.8502498271732417
L219307,CoCl2,3,0,0.2186598922625351,0.8789605903418733,0.315620483572493,0.2639498275607461,0.8757451093138022
L219307,Dabrafenib,3,1,0.2186598922625351,0.8789605903418737,0.315620483572493,0.2639498275607461,0.8757451093138022
L219307,Doxorubicin,3,1,0.2882083795228566,0.9189592611208385,0.315620483572493,0.3480330214832124,0.9179533584655062
L219307,Trametinib,3,1,0.19191054568686872,0.8564740505883213,0.315620483572493,0.23154019324563144,0.8520380272234295
L21964,Acid,2,0,0.4723002644704608,0.28798107904013687,0.2599665031419744,0.484936793513117,0.31011855871783117
L21964,Cisplatin,2,0,0.20261025237344546,0.07994198058564067,0.2599665031419744,0.19123951719572133,0.08692128302253323
L21964,CoCl2,2,0,0.22668291955083833,0.0938138784504659,0.2599665031419744,0.21594245371657372,0.10203570139762333
L21964,Dabrafenib,2,0,0.22668291955083833,0.09381387845046599,0.2599665031419744,0.2159424537165739,0.10203570139762333
L21964,Doxorubicin,2,0,0.2819646373115759,0.12918161513286344,0.2599665031419744,0.2740233952610065,0.14073842335383022
L21964,Trametinib,2,0,0.19458603455920903,0.07551591043043948,0.2599665031419744,0.18308999673952195,0.08211659611984935
L220288,Acid,4,1,0.4785299066468458,0.2968821351175162,0.2876491958035225,0.5229493343582635,0.32399242268216144
L220288,Cisplatin,4,0,0.19815483583226198,0.07943437728876447,0.2876491958035225,0.20921489998515966,0.08591599740995347
L220288,CoCl2,4,0,0.22936006970462597,0.09752696145749848,0.2876491958035225,0.2438734052896937,0.10574423249082127
L220288,Dabrafenib,4,0,0.2240101926936385,0.09431633792632509,0.2876491958035225,0.23790272302336793,0.10221614280793763
L220288,Doxorubicin,4,0,0.2891002187573746,0.13642287806611342,0.2876491958035225,0.3112363250032668,0.14881863001589163
L220288,Trametinib,4,0,0.191021945485207,0.07550595825322452,0.2876491958035225,0.20135407334344915,0.08163718335871682
L220437,Acid,4,0,0.4785299066468458,0.29897467523817,0.1394838244530289,0.29491358811131724,0.2367833873300139
L220437,Cisplatin,4,0,0.19815483583226198,0.08016901387354933,0.1394838244530289,0.09169068761975065,0.057353124807323595
L220437,CoCl2,4,0,0.22936006970462597,0.09841103684850079,0.1394838244530289,0.10957794850321655,0.07110219392208741
L220437,Dabrafenib,4,0,0.2240101926936385,0.09517437853277874,0.1394838244530289,0.10643237600986567,0.06864119649225765
L220437,Doxorubicin,4,0,0.2891002187573746,0.13760578088210432,0.1394838244530289,0.14706037365163882,0.10166966293266212
L220437,Trametinib,4,0,0.191021945485207,0.07620727108441683,0.1394838244530289,0.08775556946548772,0.05441213132280959
L220469,Acid,0,0,0.4736194759800148,0.283084547091898,0.34513725976616566,0.5827925653817965,0.25801583344176793
L220469,Cisplatin,0,0,0.18583642087064267,0.06912653697676831,0.34513725976616566,0.2415532754555235,0.05921655053966458
L220469,CoCl2,0,0,0.22867007436383363,0.09254994172494373,0.34513725976616566,0.2958494893331622,0.0800165006291053
L220469,Dabrafenib,0,0,0.24473499838108828,0.10210704271472079,0.34513725976616566,0.31604847528609736,0.0886016130130803
L220469,Doxorubicin,0,0,0.2866788719209133,0.1289259711728003,0.34513725976616566,0.3682596946023489,0.11313075600309005
L220469,Trametinib,0,0,0.20368386704128424,0.07854366914430409,0.34513725976616566,0.26424375761240587,0.0675200459565713
L220884,Acid,2,0,0.4723002644704608,0.3123280499487586,0.23610967029088623,0.4506169053612298,0.27454332445403445
L220884,Cisplatin,2,0,0.20261025237344546,0.08889650017663632,0.23610967029088623,0.17081197597762135,0.07419640816692723
L220884,CoCl2,2,0,0.22668291955083833,0.10414634088636009,0.23610967029088623,0.19350757317418568,0.0873097247431557
L220884,Dabrafenib,2,0,0.22668291955083833,0.10414634088636013,0.23610967029088623,0.19350757317418582,0.0873097247431557
L220884,Doxorubicin,2,0,0.2819646373115759,0.14279558489371302,0.23610967029088623,0.247458790028431,0.12118058489488498
L220884,Trametinib,2,0,0.19458603455920903,0.08401992822152263,0.23610967029088623,0.16335713073766844,0.07004114953757826
L22093,Acid,4,1,0.4785299066468458,0.4343535892129345,0.24760708775487542,0.46938838076126327,0.4486196916589521
L22093,Cisplatin,4,0,0.19815483583226198,0.1356408285446726,0.24760708775487542,0.17593627782066135,0.13760602038743713
L22093,CoCl2,4,0,0.22936006970462597,0.16425123627085533,0.24760708775487542,0.20652161041362171,0.1671817812120675
L22093,Dabrafenib,4,0,0.2240101926936385,0.15923158911457905,0.24760708775487542,0.20122203978538603,0.16197514804365207
L22093,Doxorubicin,4,0,0.2891002187573746,0.2231774654903519,0.24760708775487542,0.2672133101648975,0.2288771984917961
L22093,Trametinib,4,0,0.191021945485207,0.1293232217737924,0.24760708775487542,0.169058515432836,0.13112219629694882
L221726,Acid,1,1,0.47587273821028014,0.5106499318267715,0.4340170792729908,0.6760552773819678,0.5589712717753903
L221726,Cisplatin,1,1,0.19458719593808257,0.17686660259759904,0.4340170792729908,0.33137070235176586,0.19452426861534933
L221726,CoCl2,1,0,0.23560044533301658,0.22388018488585165,0.4340170792729908,0.3911269583251223,0.24645203076255298
L221726,Dabrafenib,1,0,0.23203384804524899,0.21970406359343034,0.4340170792729908,0.38605469067928394,0.24184325757208708
L221726,Doxorubicin,1,1,0.29979943088858513,0.3009830017910798,0.4340170792729908,0.4784345405145072,0.33150488372092357
L221726,Trametinib,1,0,0.19726215106258552,0.17986940717051858,0.4340170792729908,0.3353631979887885,0.19783168717364694
L221983,Acid,3,1,0.47049894201675735,0.5626436733180362,0.33281410414851886,0.5762916711494426,0.5575745861323032
L221983,Cisplatin,3,1,0.1901270509498604,0.21016135051477408,0.33281410414851886,0.24404023814130915,0.19518981644972622
L221983,CoCl2,3,0,0.2186598922625351,0.24715259853498056,0.33281410414851886,0.28001626352830855,0.23139415496513221
L221983,Dabrafenib,3,1,0.2186598922625351,0.24715259853498114,0.33281410414851886,0.2800162635283086,0.23139415496513221
L221983,Doxorubicin,3,0,0.2882083795228566,0.3389021017609692,0.33281410414851886,0.3666679360564303,0.32336788496157115
L221983,Trametinib,3,0,0.19191054568686872,0.21245801352685967,0.33281410414851886,0.24629399172769317,0.19741654253592078
L222674,Acid,1,0,0.47587273821028014,0.2846492613888907,0.19140321929325893,0.3770193979269483,0.294484372173808
L222674,Cisplatin,1,0,0.19458719593808257,0.07572901961696576,0.19140321929325893,0.12565743760077241,0.07367461939492703
L222674,CoCl2,1,0,0.23560044533301658,0.09909531796825004,0.19140321929325893,0.1570295021417066,0.09723633363960088
L222674,Dabrafenib,1,1,0.23203384804524899,0.0969560750019377,0.19140321929325893,0.15422412488122467,0.0950659353168514
L222674,Doxorubicin,1,0,0.29979943088858513,0.14103226746692055,0.19140321929325893,0.21011438309394181,0.14038721656509182
L222674,Trametinib,1,0,0.19726215106258552,0.07717572323658099,0.19140321929325893,0.12764457374535804,0.07511890694538362
L22281,Acid,0,0,0.4736194759800148,0.28466937869202136,0.24024244043448065,0.4500892406361227,0.16788112164685387
L22281,Cisplatin,0,0,0.18583642087064267,0.06962987611271007,0.24024244043448065,0.1572623307022055,0.03523229717047815
L22281,CoCl2,0,0,0.22867007436383363,0.09320675900005541,0.24024244043448065,0.19754661379952923,0.04803789244443223
L22281,Dabrafenib,0,0,0.24473499838108828,0.10282400034002308,0.24024244043448065,0.21306483588937689,0.05339108310061004
L22281,Doxorubicin,0,1,0.2866788719209133,0.1298040178991264,0.24024244043448065,0.254596085553229,0.0689093019177498
L22281,Trametinib,0,1,0.20368386704128424,0.07910975095779173,0.24024244043448065,0.17384981595834287,0.04031678485786545
L222867,Acid,4,1,0.4785299066468458,0.8995571487611761,0.40104927114715117,0.6515990554020297,0.916906253900573
L222867,Cisplatin,4,1,0.19815483583226198,0.64667280784679,0.40104927114715117,0.3109994968092674,0.6839463543494791
L222867,CoCl2,4,1,0.22936006970462597,0.6962477261726526,0.40104927114715117,0.3549511292595048,0.7313634930613636
L222867,Dabrafenib,4,1,0.2240101926936385,0.6883608698225157,0.40104927114715117,0.3475108200499703,0.7238580417296172
L222867,Doxorubicin,4,1,0.2891002187573746,0.7701536937391376,0.40104927114715117,0.4353312316907533,0.801010665631886
L222867,Trametinib,4,0,0.191021945485207,0.6340121442531286,0.40104927114715117,0.30076888135350044,0.6717723839015632
L223068,Acid,0,1,0.4736194759800148,0.8910707529249443,0.41154600016608706,0.6531609755506055,0.9254221576243096
L223068,Cisplatin,0,1,0.18583642087064267,0.6060534448963452,0.41154600016608706,0.3003845307036862,0.6919393471795803
L223068,CoCl2,0,1,0.22867007436383363,0.6787531011653833,0.41154600016608706,0.3616000483600028,0.7563166800180828
L223068,Dabrafenib,0,1,0.24473499838108828,0.7020143306519279,0.41154600016608706,0.3838410658215968,0.7762392668999315
L223068,Doxorubicin,0,1,0.2866788719209133,0.7540719894502668,0.41154600016608706,0.4400461051995744,0.8198837744854246
L223068,Trametinib,0,1,0.20368386704128424,0.6384486010234,0.41154600016608706,0.32622436381093367,0.7209724500995279
L223157,Acid,0,0,0.4736194759800148,0.4328777043248581,0.3388245573859634,0.575871145899401,0.32998790872641975
L223157,Cisplatin,0,0,0.18583642087064267,0.12552793042606503,0.3388245573859634,0.23638829291313038,0.08185208662935263
L223157,CoCl2,0,1,0.22867007436383363,0.1646818096685305,0.3388245573859634,0.2899673884443214,0.10967592375565405
L223157,Dabrafenib,0,0,0.24473499838108828,0.18020834599800858,0.3388245573859634,0.3099415454584099,0.12102462553036124
L223157,Doxorubicin,0,0,0.2866788719209133,0.2224585775702799,0.3388245573859634,0.36167739322034403,0.153022900634533
L223157,Trametinib,0,0,0.20368386704128424,0.14146100184460822,0.3388245573859634,0.25875912622299096,0.09301577815912287
L22366,Acid,2,1,0.4723002644704608,0.5670892342802313,0.37736109875330387,0.625255348352212,0.6709169745016417
L22366,Cisplatin,2,0,0.20261025237344546,0.2196099482978536,0.37736109875330387,0.2952980368549028,0.3015518917134056
L22366,CoCl2,2,0,0.22668291955083833,0.25110320365539046,0.37736109875330387,0.32799131363485606,0.34008686573624314
L22366,Dabrafenib,2,1,0.22668291955083833,0.25110320365539057,0.37736109875330387,0.32799131363485623,0.34008686573624314
L22366,Doxorubicin,2,0,0.2819646373115759,0.3245324898172641,0.37736109875330387,0.40080357906777736,0.42622499728897134
L22366,Trametinib,2,1,0.19458603455920903,0.20920937036647513,0.37736109875330387,0.28427279084066454,0.2886335465384724
L223841,Acid,1,0,0.47587273821028014,0.2846492613888907,0.1343801798853317,0.27952143266930685,0.23999961108263929
L223841,Cisplatin,1,0,0.19458719593808257,0.07572901961696576,0.1343801798853317,0.0843599361593611,0.05675695138326711
L223841,CoCl2,1,0,0.23560044533301658,0.09909531796825004,0.1343801798853317,0.10667951825619636,0.07534835244375007
L223841,Dabrafenib,1,0,0.23203384804524899,0.0969560750019377,0.1343801798853317,0.10466197525201523,0.07362666727461442
L223841,Doxorubicin,1,0,0.29979943088858513,0.14103226746692055,0.1343801798853317,0.14568489861864886,0.109969149871364
L223841,Trametinib,1,0,0.19726215106258552,0.07717572323658099,0.1343801798853317,0.08575805260084744,0.05789031793718515
L223859,Acid,1,0,0.47587273821028014,0.41305005356356256,0.22882038545741307,0.4347745367511793,0.47699785207849804
L223859,Cisplatin,1,1,0.19458719593808257,0.1265625992972331,0.22882038545741307,0.15445335942303345,0.14805504471085543
L223859,CoCl2,1,0,0.23560044533301658,0.16285012380500055,0.22882038545741307,0.19144059039437675,0.19051197124196792
L223859,Dabrafenib,1,0,0.23203384804524899,0.15957834882299102,0.22882038545741307,0.1881576693132746,0.18669013350070168
L223859,Doxorubicin,1,1,0.29979943088858513,0.22502867226033715,0.22882038545741307,0.25267153216395183,0.2629972213726301
L223859,Trametinib,1,0,0.19726215106258552,0.1288450374752859,0.22882038545741307,0.1568141996671139,0.1507202082634667
L223983,Acid,3,1,0.47049894201675735,0.4146843208666432,0.2643840013703727,0.49139624732488996,0.45593222456816196
L223983,Cisplatin,3,0,0.1901270509498604,0.1278074763493444,0.2643840013703727,0.18654137101031873,0.13887230098201955
L223983,CoCl2,3,0,0.2186598922625351,0.15311331540748604,0.2643840013703727,0.21646820956560842,0.16679561477878005
L223983,Dabrafenib,3,0,0.2186598922625351,0.15311331540748646,0.2643840013703727,0.21646820956560842,0.16679561477877997
L223983,Doxorubicin,3,0,0.2882083795228566,0.22016197956804173,0.2643840013703727,0.29141425999349935,0.24114887546168187
L223983,Trametinib,3,0,0.19191054568686872,0.12935155634413809,0.2643840013703727,0.18839644875989825,0.14056877104100135
L224160,Acid,4,0,0.4785299066468458,0.29897467523817,0.09336240104771962,0.2058986611582647,0.24803518791133747
L224160,Cisplatin,4,0,0.19815483583226198,0.08016901387354933,0.09336240104771962,0.058891972081668825,0.06075727102083341
L224160,CoCl2,4,0,0.22936006970462597,0.09841103684850079,0.09336240104771962,0.07088007808181841,0.07525725310486824
L224160,Dabrafenib,4,0,0.2240101926936385,0.09517437853277874,0.09336240104771962,0.06875959355789751,0.07266369034315852
L224160,Doxorubicin,4,0,0.2891002187573746,0.13760578088210432,0.09336240104771962,0.0965609216153548,0.107404477327712
L224160,Trametinib,4,0,0.191021945485207,0.07620727108441683,0.09336240104771962,0.05627727225283363,0.05765239347668158
L22426,Acid,0,0,0.4736194759800148,0.28466937869202136,0.20186820343051048,0.39238047666095904,0.19435095952987866
L22426,Cisplatin,0,0,0.18583642087064267,0.06962987611271007,0.20186820343051048,0.128336558546508,0.041838972845699936
L22426,CoCl2,0,0,0.22867007436383363,0.09320675900005541,0.20186820343051048,0.1626412159998076,0.05690420989450005
L22426,Dabrafenib,0,0,0.24473499838108828,0.10282400034002308,0.20186820343051048,0.17601891063760358,0.06317986099348347
L22426,Doxorubicin,0,0,0.2866788719209133,0.1298040178991264,0.20186820343051048,0.21227695931084814,0.08129885478470501
L22426,Trametinib,0,0,0.20368386704128424,0.07910975095779173,0.20186820343051048,0.14238854748193858,0.04782962385486199
L224455,Acid,0,0,0.4736194759800148,0.283084547091898,0.2442689687779226,0.45532921455409664,0.2306006302779187
L224455,Cisplatin,0,0,0.18583642087064267,0.06912653697676831,0.2442689687779226,0.16008562489272699,0.05145957837579773
L224455,CoCl2,0,0,0.22867007436383363,0.09254994172494373,0.2442689687779226,0.20092069774837037,0.06973684276714945
L224455,Dabrafenib,0,0,0.24473499838108828,0.10210704271472079,0.2442689687779226,0.21663241644634232,0.07731171760883414
L224455,Doxorubicin,0,0,0.2866788719209133,0.1289259711728003,0.2442689687779226,0.25863052161338723,0.09905498276481349
L224455,Trametinib,0,1,0.20368386704128424,0.07854366914430409,0.2442689687779226,0.1769083887663381,0.05874328844170096
L22481,Acid,1,0,0.47587273821028014,0.2838807297763159,0.243081412368018,0.45476363908418865,0.24920205018838587
L22481,Cisplatin,1,0,0.19458719593808257,0.07546505119145054,0.243081412368018,0.16532411188485674,0.059483134250753675
L22481,CoCl2,1,0,0.23560044533301658,0.09875860442751293,0.243081412368018,0.20428563460565863,0.07889283836648578
L22481,Dabrafenib,1,0,0.23203384804524899,0.0966258507238606,0.243081412368018,0.2008371535972684,0.07709691578274698
L22481,Doxorubicin,1,0,0.29979943088858513,0.14057529225993384,0.243081412368018,0.26826190000271816,0.11493979795418631
L22481,Trametinib,1,0,0.19726215106258552,0.07690713164142415,0.243081412368018,0.16781813458879766,0.0606674379526982
L224816,Acid,2,1,0.4723002644704608,0.8142049434269932,0.30685189517041633,0.5450239248003362,0.7814341820929814
L224816,Cisplatin,2,0,0.20261025237344546,0.4849150766646901,0.30685189517041633,0.2312759942760133,0.4308925844585288
L224816,CoCl2,2,0,0.22668291955083833,0.5286799037554826,0.30685189517041633,0.2594912353043812,0.4747218876173437
L224816,Dabrafenib,2,0,0.22668291955083833,0.5286799037554827,0.30685189517041633,0.2594912353043814,0.4747218876173437
L224816,Doxorubicin,2,0,0.2819646373115759,0.616463289882717,0.30685189517041633,0.3244384604989094,0.5657270447246344
L224816,Trametinib,2,0,0.19458603455920903,0.4695091607156684,0.30685189517041633,0.2218884363973835,0.41573140423721255
L224895,Acid,4,0,0.4785299066468458,0.42482109229729803,0.434061802979064,0.6833462881229504,0.4868036464819028
L224895,Cisplatin,4,0,0.19815483583226198,0.13114408101123912,0.434061802979064,0.3424639439344892,0.1568485446226743
L224895,CoCl2,4,0,0.22936006970462597,0.15898045440298916,0.434061802979064,0.3883558783937174,0.1896506017324345
L224895,Dabrafenib,4,0,0.2240101926936385,0.15409218731186997,0.434061802979064,0.3806285354974136,0.18389872705653568
L224895,Doxorubicin,4,0,0.2891002187573746,0.21650561141914318,0.434061802979064,0.4707796764336843,0.25707820704482043
L224895,Trametinib,4,0,0.191021945485207,0.1250056249684408,0.434061802979064,0.33169656811357395,0.14961533588099366
L225616,Acid,2,0,0.4723002644704608,0.4046476253627627,0.07262783472192326,0.16227893719136818,0.1552246510955284
L225616,Cisplatin,2,0,0.20261025237344546,0.1274092039915534,0.07262783472192326,0.0463943038704534,0.037454611031400374
L225616,CoCl2,2,0,0.22668291955083833,0.14819116449415742,0.07262783472192326,0.053627822945784005,0.044385584316581336
L225616,Dabrafenib,2,0,0.22668291955083833,0.14819116449415748,0.07262783472192326,0.05362782294578407,0.044385584316581336
L225616,Doxorubicin,2,0,0.2819646373115759,0.1995448816718135,0.07262783472192326,0.07206442919821328,0.06274934638973788
L225616,Trametinib,2,0,0.19458603455920903,0.12069983144878023,0.07262783472192326,0.04408082232937547,0.03527861226634259
L22635,Acid,3,1,0.47049894201675735,0.28393797583778135,0.3388947417175135,0.5832299786554191,0.35777431621845124
L22635,Cisplatin,3,1,0.1901270509498604,0.07579774841898737,0.3388947417175135,0.24933228773156796,0.09682634518401118
L22635,CoCl2,3,0,0.2186598922625351,0.09189062358779186,0.3388947417175135,0.28579352162760213,0.11744846901478853
L22635,Dabrafenib,3,1,0.2186598922625351,0.09189062358779211,0.3388947417175135,0.28579352162760213,0.11744846901478853
L22635,Doxorubicin,3,1,0.2882083795228566,0.13644925330968105,0.3388947417175135,0.3733060267371387,0.17440864285790078
L22635,Trametinib,3,1,0.19191054568686872,0.07676878924958747,0.3388947417175135,0.25161864709768667,0.09806767426275763
L227050,Acid,3,1,0.47049894201675735,0.684796838430617,0.4104875375898063,0.6592511061621562,0.7454419454689466
L227050,Cisplatin,3,1,0.1901270509498604,0.31003695092112366,0.4104875375898063,0.31469395164239095,0.36042730547380425
L227050,CoCl2,3,0,0.2186598922625351,0.3566692617517086,0.4104875375898063,0.3561781912757459,0.41160562005317625
L227050,Dabrafenib,3,1,0.2186598922625351,0.3566692617517094,0.4104875375898063,0.3561781912757459,0.41160562005317625
L227050,Doxorubicin,3,0,0.2882083795228566,0.4640162923299193,0.4104875375898063,0.45161485031330567,0.5261727721508237
L227050,Trametinib,3,1,0.19191054568686872,0.31299255060981934,0.4104875375898063,0.3173263073616711,0.3636872316134929
L227315,Acid,2,0,0.4723002644704608,0.2807695161874157,0.3181202264982438,0.5588931706687778,0.25711339555990476
L227315,Cisplatin,2,0,0.20261025237344546,0.07737396318390978,0.3181202264982438,0.2413973436085872,0.06828859854887263
L227315,CoCl2,2,0,0.22668291955083833,0.09084424576363263,0.3181202264982438,0.2704130114863202,0.0804485122418863
L227315,Dabrafenib,2,0,0.22668291955083833,0.09084424576363272,0.3181202264982438,0.27041301148632035,0.0804485122418863
L227315,Doxorubicin,2,0,0.2819646373115759,0.1252471706812583,0.3181202264982438,0.336850335267396,0.11198422572469481
L227315,Trametinib,2,0,0.19458603455920903,0.07307878074846619,0.3181202264982438,0.2317227966939028,0.06444116835177077
L227359,Acid,0,1,0.4736194759800148,0.8472823285486758,0.33324444020675836,0.5690453023474582,0.8512083454279115
L227359,Cisplatin,0,0,0.18583642087064267,0.5106160757849761,0.33324444020675836,0.23139104614198835,0.5087253455702937
L227359,CoCl2,0,0,0.22867007436383363,0.5889835995954698,0.33324444020675836,0.28425912021597516,0.5886273908327949
L227359,Dabrafenib,0,1,0.24473499838108828,0.6150585415195226,0.33324444020675836,0.3040084249564574,0.6152859509351513
L227359,Doxorubicin,0,1,0.2866788719209133,0.675280570982821,0.33324444020675836,0.3552637791200576,0.6772721008207798
L227359,Trametinib,0,0,0.20368386704128424,0.5449668571776353,0.33324444020675836,0.2534459240808761,0.5436371278636262
L22744,Acid,4,0,0.4785299066468458,0.49375683024646266,0.13980803648541937,0.2957877933551069,0.5081972997145882
L22744,Cisplatin,4,0,0.19815483583226198,0.16619445483395628,0.13980803648541937,0.09204112182045616,0.16850271992979773
L22744,CoCl2,4,0,0.22936006970462597,0.1997600704590429,0.13980803648541937,0.10998846808200372,0.20315478779134338
L22744,Dabrafenib,4,0,0.2240101926936385,0.19390702392660453,0.13980803648541937,0.10683252500680632,0.19709296185703248
L22744,Doxorubicin,4,0,0.2891002187573746,0.2673502039231125,0.13980803648541937,0.14758804106474605,0.2737616117237705
L22744,Trametinib,4,0,0.191021945485207,0.15871508817194455,0.13980803648541937,0.08809242259665234,0.16083458799752295
L227502,Acid,2,1,0.4723002644704608,0.770888555861974,0.3282086565519653,0.5707770150491218,0.7418416186474461
L227502,Cisplatin,2,0,0.20261025237344546,0.4195573875167449,0.3282086565519653,0.2503619105507006,0.37831846921413514
L227502,CoCl2,2,0,0.22668291955083833,0.462722566362172,0.3282086565519653,0.2800573110869975,0.4207537441300719
L227502,Dabrafenib,2,0,0.22668291955083833,0.46272256636217224,0.3282086565519653,0.28005731108699766,0.42075374413007194
L227502,Doxorubicin,2,0,0.2819646373115759,0.5523897090749215,0.3282086565519653,0.34773478271041286,0.5114872789291992
L227502,Trametinib,2,0,0.19458603455920903,0.40459687646084685,0.3282086565519653,0.24044196193436812,0.363824547967977
L227671,Acid,2,1,0.4723002644704608,0.39649715616030917,0.1942883999459309,0.38785231180107904,0.28187046369398777
L227671,Cisplatin,2,0,0.20261025237344546,0.1236828129632373,0.1942883999459309,0.13728160155384173,0.07674222189336204
L227671,CoCl2,2,0,0.22668291955083833,0.1439572306507918,0.1942883999459309,0.15636217337988756,0.09026161295346398
L227671,Dabrafenib,2,1,0.22668291955083833,0.14395723065079188,0.1942883999459309,0.15636217337988767,0.09026161295346398
L227671,Doxorubicin,2,0,0.2819646373115759,0.19417819921724852,0.1942883999459309,0.20255810576925645,0.12512063716701477
L227671,Trametinib,2,1,0.19458603455920903,0.1171433286036891,0.1942883999459309,0.13105884363525888,0.07245554699335643
L227801,Acid,4,1,0.4785299066468458,0.29897467523817,0.09021374868637405,0.19954574427116334,0.16084862026737612
L227801,Cisplatin,4,0,0.19815483583226198,0.08016901387354933,0.09021374868637405,0.056750730304443324,0.03622893350067537
L227801,CoCl2,4,0,0.22936006970462597,0.09841103684850079,0.09021374868637405,0.06833461219196608,0.045156559568806626
L227801,Dabrafenib,4,0,0.2240101926936385,0.09517437853277874,0.09021374868637405,0.0662848463602827,0.04355149105582052
L227801,Doxorubicin,4,0,0.2891002187573746,0.13760578088210432,0.09021374868637405,0.09318569530640018,0.06535454967628661
L227801,Trametinib,4,0,0.191021945485207,0.07620727108441683,0.09021374868637405,0.05422562016096582,0.034331709517413656
L227975,Acid,1,1,0.47587273821028014,0.7259876312135748,0.37594040203795825,0.6179351519334534,0.7009487562889757
L227975,Cisplatin,1,1,0.19458719593808257,0.3529792883138763,0.37594040203795825,0.27749911864896176,0.3087340573216852
L227975,CoCl2,1,0,0.23560044533301658,0.42276272161889883,0.37594040203795825,0.3323697712326649,0.3768844046092268
L227975,Dabrafenib,1,1,0.23203384804524899,0.41686939347436025,0.37594040203795825,0.3276494450376353,0.3710374885269545
L227975,Doxorubicin,1,0,0.29979943088858513,0.5222683318642951,0.37594040203795825,0.4155121413239067,0.47837480636658636
L227975,Trametinib,1,0,0.19726215106258552,0.35767286281978533,0.37594040203795825,0.2811154375594009,0.31322820003667395
L22805,Acid,0,1,0.4736194759800148,0.283084547091898,0.24048147499269362,0.45015998183239225,0.3405818180988178
L22805,Cisplatin,0,0,0.18583642087064267,0.06912653697676831,0.24048147499269362,0.15730021288672957,0.08549637299560485
L22805,CoCl2,0,0,0.22867007436383363,0.09254994172494373,0.24048147499269362,0.19759192465936615,0.11440464745224285
L22805,Dabrafenib,0,0,0.24473499838108828,0.10210704271472079,0.24048147499269362,0.21311276084346759,0.1261733109953276
L22805,Doxorubicin,0,0,0.2866788719209133,0.1289259711728003,0.24048147499269362,0.25465032924120884,0.15928618203438177
L22805,Trametinib,0,0,0.20368386704128424,0.07854366914430409,0.24048147499269362,0.17389086935360956,0.09710453612854575
L228088,Acid,1,1,0.47587273821028014,0.5188329190088684,0.2996962683672503,0.5303863858860393,0.5189377553669104
L228088,Cisplatin,1,1,0.19458719593808257,0.18168672553438617,0.2996962683672503,0.21148480300118996,0.1705015390041902
L228088,CoCl2,1,0,0.23560044533301658,0.2296241396079823,0.2996962683672503,0.2579627964127732,0.21775011493368093
L228088,Dabrafenib,1,0,0.23203384804524899,0.2253719870050036,0.2996962683672503,0.25389732982714586,0.21352599051794258
L228088,Doxorubicin,1,1,0.29979943088858513,0.3079203063502099,0.2996962683672503,0.3317408782821251,0.29679906048419885
L228088,Trametinib,1,0,0.19726215106258552,0.18475299720981905,0.2996962683672503,0.21449623729318057,0.17348848299012365
L228182,Acid,0,1,0.4736194759800148,0.7312252895054742,0.32624424793138534,0.5608596783793326,0.7007042631252316
L228182,Cisplatin,0,1,0.18583642087064267,0.33846901652917066,0.32624424793138534,0.22552077782194507,0.29764212766775117
L228182,CoCl2,0,0,0.22867007436383363,0.4126963878634457,0.32624424793138534,0.2775319145260885,0.3693137022032832
L228182,Dabrafenib,0,1,0.24473499838108828,0.43930854420808174,0.32624424793138534,0.2970077845996216,0.3955912212387315
L228182,Doxorubicin,0,1,0.2866788719209133,0.5048927940707064,0.32624424793138534,0.3476724418040894,0.4620251274590094
L228182,Trametinib,0,0,0.20368386704128424,0.36999454228601697,0.32624424793138534,0.24719608533464393,0.3277316574864526
L228345,Acid,2,1,0.4723002644704608,0.28798107904013687,0.18698418940056052,0.37553619895457807,0.3091312703163862
L228345,Cisplatin,2,0,0.20261025237344546,0.07994198058564067,0.18698418940056052,0.13121669926331506,0.08655541110394507
L228345,CoCl2,2,0,0.22668291955083833,0.0938138784504659,0.18698418940056052,0.14960049195133215,0.10161328942871255
L228345,Dabrafenib,2,0,0.22668291955083833,0.09381387845046599,0.18698418940056052,0.1496004919513323,0.10161328942871255
L228345,Doxorubicin,2,0,0.2819646373115759,0.12918161513286344,0.18698418940056052,0.19425873358934972,0.14018080050334047
L228345,Trametinib,2,0,0.19458603455920903,0.07551591043043948,0.18698418940056052,0.12522894852384517,0.08176913711875256
L228412,Acid,4,0,0.4785299066468458,0.28113031182063863,0.18531976254010304,0.3745524416218671,0.25416489658510844
L228412,Cisplatin,4,0,0.19815483583226198,0.0740054563390073,0.18531976254010304,0.12627960874110258,0.0626443339581739
L228412,CoCl2,4,0,0.22936006970462597,0.09098371995446658,0.18531976254010304,0.14980171232935496,0.07755748378410265
L228412,Dabrafenib,4,0,0.2240101926936385,0.08796750590531295,0.18531976254010304,0.14569039332432315,0.07489106893606198
L228412,Doxorubicin,4,0,0.2891002187573746,0.12763912778414688,0.18531976254010304,0.19798385549714984,0.11056979990061234
L228412,Trametinib,4,0,0.191021945485207,0.07032501345783615,0.18531976254010304,0.12105787366410375,0.05944912567551686
L228798,Acid,0,1,0.4736194759800148,0.28466937869202136,0.1777567104513974,0.3539704718313716,0.2382929816253354
L228798,Cisplatin,0,0,0.18583642087064267,0.06962987611271007,0.1777567104513974,0.11104984637252134,0.053592402805967124
L228798,CoCl2,0,0,0.22867007436383363,0.09320675900005541,0.1777567104513974,0.14148374583027198,0.0725692418284564
L228798,Dabrafenib,0,0,0.24473499838108828,0.10282400034002308,0.1777567104513974,0.15344006992747236,0.08042517595535686
L228798,Doxorubicin,0,0,0.2866788719209133,0.1298040178991264,0.1777567104513974,0.18609755167316752,0.10294637847488718
L228798,Trametinib,0,0,0.20368386704128424,0.07910975095779173,0.1777567104513974,0.12347718196870826,0.061158533393345656
L229019,Acid,0,0,0.4736194759800148,0.41687445602687223,0.24444924004758747,0.45632835728329857,0.5365860423795304
L229019,Cisplatin,0,0,0.18583642087064267,0.1185127757596139,0.24444924004758747,0.16062796555379236,0.17327405718514124
L229019,CoCl2,0,0,0.22867007436383363,0.15586854988823068,0.24444924004758747,0.20156817997155252,0.22457357585015428
L229019,Dabrafenib,0,1,0.24473499838108828,0.17073399163724073,0.24444924004758747,0.21731676099581823,0.24454573447153316
L229019,Doxorubicin,0,0,0.2866788719209133,0.21133556904734843,0.24444924004758747,0.2594036056470069,0.29812548851735093
L229019,Trametinib,0,0,0.20368386704128424,0.13369155432558244,0.24444924004758747,0.17749567788025075,0.1942683998616172
L229064,Acid,4,1,0.4785299066468458,0.2968821351175162,0.14161570038005297,0.2989325627601738,0.1829051639429044
L229064,Cisplatin,4,0,0.19815483583226198,0.07943437728876447,0.14161570038005297,0.09330670609358252,0.04205324471349879
L229064,CoCl2,4,0,0.22936006970462597,0.09752696145749848,0.14161570038005297,0.11147053478432145,0.05233817072176821
L229064,Dabrafenib,4,0,0.2240101926936385,0.09431633792632509,0.14161570038005297,0.10827723975843892,0.050491333549854626
L229064,Doxorubicin,4,1,0.2891002187573746,0.13642287806611342,0.14161570038005297,0.1494916534022783,0.07549443419807961
L229064,Trametinib,4,0,0.191021945485207,0.07550595825322452,0.14161570038005297,0.08930905207720519,0.03986363093752155
L229096,Acid,4,1,0.4785299066468458,0.6757543754784552,0.35540296101683877,0.6037868530162234,0.6858444100813185
L229096,Cisplatin,4,1,0.19815483583226198,0.2986909170999553,0.35540296101683877,0.26889084574190314,0.29978836468941017
L229096,CoCl2,4,0,0.22936006970462597,0.34785248552175374,0.35540296101683877,0.309565264383202,0.35007217472378516
L229096,Dabrafenib,4,0,0.2240101926936385,0.339501161648947,0.35540296101683877,0.30262997466692276,0.3415053280831833
L229096,Doxorubicin,4,0,0.2891002187573746,0.43811738346208895,0.35540296101683877,0.3858148926115729,0.4433319382980523
L229096,Trametinib,4,1,0.191021945485207,0.2873033238949416,0.35540296101683877,0.25952367314816066,0.28821665090990556
L229114,Acid,2,0,0.4723002644704608,0.3123280499487586,0.09660468503135591,0.2121502798500112,0.2482187577332962
L229114,Cisplatin,2,1,0.20261025237344546,0.08889650017663632,0.09660468503135591,0.06334508820629536,0.06535156733671411
L229114,CoCl2,2,0,0.22668291955083833,0.10414634088636009,0.09660468503135591,0.07301910271555123,0.07703173342295892
L229114,Dabrafenib,2,0,0.22668291955083833,0.10414634088636013,0.09660468503135591,0.07301910271555129,0.07703173342295892
L229114,Doxorubicin,2,1,0.2819646373115759,0.14279558489371302,0.09660468503135591,0.09743583651799297,0.10738448489034637
L229114,Trametinib,2,0,0.19458603455920903,0.08401992822152263,0.09660468503135591,0.06023974059244474,0.061658660904308646
L229177,Acid,1,1,0.47587273821028014,0.2846492613888907,0.20129890758148866,0.3927270967121947,0.27936059779971517
L229177,Cisplatin,1,0,0.19458719593808257,0.07572901961696576,0.20129890758148866,0.13313064125271917,0.06878530850457773
L229177,CoCl2,1,1,0.23560044533301658,0.09909531796825004,0.20129890758148866,0.166014228626843,0.09093688492015209
L229177,Dabrafenib,1,0,0.23203384804524899,0.0969560750019377,0.20129890758148866,0.16307938949948492,0.08889325020944756
L229177,Doxorubicin,1,1,0.29979943088858513,0.14103226746692055,0.20129890758148866,0.2213389399701618,0.1317000677026677
L229177,Trametinib,1,0,0.19726215106258552,0.07717572323658099,0.20129890758148866,0.13521768129746006,0.07014100555475712
L229269,Acid,2,1,0.4723002644704608,0.7116288222306554,0.32052090324574495,0.5617427074625715,0.7071830507367597
L229269,Cisplatin,2,0,0.20261025237344546,0.34646418119726957,0.32052090324574495,0.2435217873067165,0.3383821568366174
L229269,CoCl2,2,0,0.22668291955083833,0.3871247981204925,0.32052090324574495,0.27270101601862695,0.3790692675578863
L229269,Dabrafenib,2,0,0.22668291955083833,0.3871247981204926,0.32052090324574495,0.2727010160186271,0.3790692675578863
L229269,Doxorubicin,2,0,0.2819646373115759,0.47509650952870763,0.32052090324574495,0.339438943125302,0.4680776271547151
L229269,Trametinib,2,0,0.19458603455920903,0.33261647723702015,0.32052090324574495,0.23378833776147617,0.3246193338288236
L229494,Acid,1,1,0.47587273821028014,0.7259342073077576,0.4312594380570032,0.6733771141000603,0.8039950358336562
L229494,Cisplatin,1,0,0.19458719593808257,0.35291796012340726,0.4312594380570032,0.32867261064533754,0.4387070463490718
L229494,CoCl2,1,1,0.23560044533301658,0.4226971898428656,0.4312594380570032,0.38822482182553963,0.5142061107009045
L229494,Dabrafenib,1,0,0.23203384804524899,0.416804115594206,0.4312594380570032,0.3831665056389914,0.5079655053786121
L229494,Doxorubicin,1,0,0.29979943088858513,0.5222013294870856,0.4312594380570032,0.47539038380640375,0.6161121358647594
L229494,Trametinib,1,0,0.19726215106258552,0.35761116986755304,0.4312594380570032,0.3326487714097266,0.44387828202549306
L229764,Acid,2,1,0.4723002644704608,0.43322824714162195,0.35338666329452173,0.59936852906971,0.41483913695692937
L229764,Cisplatin,2,0,0.20261025237344546,0.1410473861614739,0.35338666329452173,0.27311597567990203,0.13053348284458904
L229764,CoCl2,2,0,0.22668291955083833,0.16363672749247593,0.35338666329452173,0.3044142770920887,0.1519692854456545
L229764,Dabrafenib,2,0,0.22668291955083833,0.16363672749247604,0.35338666329452173,0.3044142770920889,0.1519692854456545
L229764,Doxorubicin,2,0,0.2819646373115759,0.2189669938919418,0.35338666329452173,0.3749125951958647,0.20528223451924082
L229764,Trametinib,2,0,0.19458603455920903,0.13372989310967046,0.35338666329452173,0.2626102905901983,0.12364452261266595
L229874,Acid,1,1,0.47587273821028014,0.9180928696353279,0.34310362004515915,0.5820887290068891,0.9119253800616003
L229874,Cisplatin,1,0,0.19458719593808257,0.6977030662204412,0.34310362004515915,0.2485537996658524,0.6636292254250779
L229874,CoCl2,1,1,0.23560044533301658,0.7560068786367958,0.34310362004515915,0.3000781454104208,0.7276555945265831
L229874,Dabrafenib,1,0,0.23203384804524899,0.7515160952018453,0.34310362004515915,0.2956133640110201,0.7226781795713556
L229874,Doxorubicin,1,1,0.29979943088858513,0.8222234925104063,0.34310362004515915,0.3797372557134408,0.8020250200007034
L229874,Trametinib,1,0,0.19726215106258552,0.702007091204159,0.34310362004515915,0.25192443549045934,0.6682950385069321
L23022,Acid,1,1,0.47587273821028014,0.5172358209359385,0.1490340537864684,0.306061967457175,0.401666957240287
L23022,Cisplatin,1,0,0.19458719593808257,0.18073761840525696,0.1490340537864684,0.09480835668985599,0.11340845353661982
L23022,CoCl2,1,1,0.23560044533301658,0.22849453729869446,0.1490340537864684,0.11953146017245775,0.14765189011047916
L23022,Dabrafenib,1,0,0.23203384804524899,0.22425721333195514,0.1490340537864684,0.11730277506269113,0.14453634166552257
L23022,Doxorubicin,1,0,0.29979943088858513,0.3065588084052791,0.1490340537864684,0.162381748162897,0.2080205027805203
L23022,Trametinib,1,0,0.19726215106258552,0.1837914698511143,0.1490340537864684,0.09636141350361349,0.11553451679676562
L230229,Acid,3,0,0.47049894201675735,0.28393797583778135,0.07323555885289754,0.16515579282754472,0.14883529012469104
L230229,Cisplatin,3,0,0.1901270509498604,0.07579774841898737,0.07323555885289754,0.04484851297528547,0.03255512196633691
L230229,CoCl2,3,0,0.2186598922625351,0.09189062358779186,0.07323555885289754,0.05353970810510771,0.04009643054533104
L230229,Dabrafenib,3,0,0.2186598922625351,0.09189062358779211,0.07323555885289754,0.05353970810510771,0.04009643054533104
L230229,Doxorubicin,3,0,0.2882083795228566,0.13644925330968105,0.07323555885289754,0.07766794127722383,0.062185700931309054
L230229,Trametinib,3,0,0.19191054568686872,0.07676878924958747,0.07323555885289754,0.045373108673908945,0.03300259212087322
L230614,Acid,1,0,0.47587273821028014,0.2846492613888907,0.18830366842710225,0.37220727691800454,0.21023506882715828
L230614,Cisplatin,1,0,0.19458719593808257,0.07572901961696576,0.18830366842710225,0.12341800853548957,0.048274495839240844
L230614,CoCl2,1,0,0.23560044533301658,0.09909531796825004,0.18830366842710225,0.15432965658403258,0.06427671071057134
L230614,Dabrafenib,1,0,0.23203384804524899,0.0969560750019377,0.18830366842710225,0.15156384058412284,0.06279082944558885
L230614,Doxorubicin,1,1,0.29979943088858513,0.14103226746692055,0.18830366842710225,0.20672566255873512,0.09432932087698077
L230614,Trametinib,1,0,0.19726215106258552,0.07717572323658099,0.18830366842710225,0.12537480868578418,0.04924732184030508
L23071,Acid,4,0,0.4785299066468458,0.4343535892129345,0.26655247904328694,0.4956554743510763,0.4833860895886432
L23071,Cisplatin,4,0,0.19815483583226198,0.1356408285446726,0.26655247904328694,0.19171501656643836,0.15504756586972698
L23071,CoCl2,4,0,0.22936006970462597,0.16425123627085533,0.26655247904328694,0.22429676878548013,0.18755676368565297
L23071,Dabrafenib,4,0,0.2240101926936385,0.15923158911457905,0.26655247904328694,0.21866676844134753,0.18185414147434154
L23071,Doxorubicin,4,0,0.2891002187573746,0.2231774654903519,0.26655247904328694,0.2883141052906067,0.2544737088519226
L23071,Trametinib,4,0,0.191021945485207,0.1293232217737924,0.26655247904328694,0.1843584221337686,0.14788284380964437
L230913,Acid,1,1,0.47587273821028014,0.8999363596231013,0.31087623062690795,0.544111814742676,0.8834626106006095
L230913,Cisplatin,1,0,0.19458719593808257,0.6493513023063872,0.31087623062690795,0.2208384695780869,0.5909206515427247
L230913,CoCl2,1,1,0.23560044533301658,0.7131465745862376,0.31087623062690795,0.268671691858457,0.6617322873048825
L230913,Dabrafenib,1,1,0.23203384804524899,0.708171441621699,0.31087623062690795,0.2644976122998562,0.6561194313778722
L230913,Doxorubicin,1,1,0.29979943088858513,0.7877289765292175,0.31087623062690795,0.34409229964001,0.7478658252118142
L230913,Trametinib,1,1,0.19726215106258552,0.6540023531127052,0.31087623062690795,0.22394526772229537,0.5959810045934342
L231007,Acid,2,1,0.4723002644704608,0.9207418684478309,0.3726784628858679,0.6201270329287407,0.9210725609169625
L231007,Cisplatin,2,1,0.20261025237344546,0.713929066505835,0.3726784628858679,0.2907761172526151,0.711925837290228
L231007,CoCl2,2,1,0.22668291955083833,0.7483341714349775,0.3726784628858679,0.32319836620527054,0.7468283057791746
L231007,Dabrafenib,2,1,0.22668291955083833,0.7483341714349776,0.3726784628858679,0.32319836620527076,0.7468283057791746
L231007,Doxorubicin,2,1,0.2819646373115759,0.809916122873116,0.3726784628858679,0.39557294410623156,0.8095986768238776
L231007,Trametinib,2,0,0.19458603455920903,0.7011514402977664,0.3726784628858679,0.2798526553520876,0.699021935589497
L231021,Acid,1,0,0.47587273821028014,0.2838807297763159,0.2592604731717219,0.47736823593223826,0.2422294028850627
L231021,Cisplatin,1,1,0.19458719593808257,0.07546505119145054,0.2592604731717219,0.17824504156668253,0.05741288001362409
L231021,CoCl2,1,0,0.23560044533301658,0.09875860442751293,0.2592604731717219,0.2194510120708245,0.07620178048432451
L231021,Dabrafenib,1,0,0.23203384804524899,0.0966258507238606,0.2592604731717219,0.21581596272187842,0.07446216514275365
L231021,Doxorubicin,1,0,0.29979943088858513,0.14057529225993384,0.2592604731717219,0.2864668047065024,0.11116756363840936
L231021,Trametinib,1,0,0.19726215106258552,0.07690713164142415,0.2592604731717219,0.18089174157538135,0.058558531498880094
L23111,Acid,1,0,0.47587273821028014,0.49682532081504505,0.2822943504825253,0.508102961385667,0.4963977993564323
L23111,Cisplatin,1,0,0.19458719593808257,0.16895836921588672,0.2822943504825253,0.19697969217934133,0.1581213297369046
L23111,CoCl2,1,0,0.23560044533301658,0.21441741304351164,0.2822943504825253,0.2412451980723986,0.20277783516870945
L23111,Dabrafenib,1,1,0.23203384804524899,0.2103699600311866,0.2822943504825253,0.2373589224654545,0.1987703545998351
L23111,Doxorubicin,1,0,0.29979943088858513,0.28947682397655106,0.2822943504825253,0.3122539931393739,0.2783253493509717
L23111,Trametinib,1,1,0.19726215106258552,0.17185494133780527,0.2822943504825253,0.19983692688280014,0.1609334683373369
L231119,Acid,1,0,0.47587273821028014,0.29525690538904675,0.21585498303729525,0.4147850498411463,0.3692824442167842
L231119,Cisplatin,1,0,0.19458719593808257,0.07941543330523236,0.21585498303729525,0.14406709888024377,0.10036635545219622
L231119,CoCl2,1,0,0.23560044533301658,0.10379144962857745,0.21585498303729525,0.17909392645690156,0.13125476188951574
L231119,Dabrafenib,1,0,0.23203384804524899,0.10156225664285312,0.21585498303729525,0.1759766515691262,0.12843306898829607
L231119,Doxorubicin,1,0,0.29979943088858513,0.14739064960258655,0.21585498303729525,0.2375359966157091,0.1863852844870292
L231119,Trametinib,1,0,0.19726215106258552,0.08092639490158116,0.21585498303729525,0.14629665163186764,0.10227612425775263
L23121,Acid,1,1,0.47587273821028014,0.7506207155605041,0.44418172682547546,0.6852989108076062,0.7862505894208374
L23121,Cisplatin,1,1,0.19458719593808257,0.382629271757022,0.44418172682547546,0.3408604301105414,0.4120752465477869
L23121,CoCl2,1,0,0.23560044533301658,0.4541599478805066,0.44418172682547546,0.4013008855651705,0.48696741253598896
L23121,Dabrafenib,1,0,0.23203384804524899,0.4481687561357693,0.44418172682547546,0.39618252922443037,0.48073025298372607
L23121,Doxorubicin,1,0,0.29979943088858513,0.5539635156773827,0.44418172682547546,0.48905537454348036,0.5900317412346833
L23121,Trametinib,1,0,0.19726215106258552,0.3874809945863541,0.44418172682547546,0.3449082823703819,0.4171658745791597
L231446,Acid,0,1,0.4736194759800148,0.7046477267399519,0.4067198627198396,0.6480732101617938,0.7863991938931424
L231446,Cisplatin,0,1,0.18583642087064267,0.30971690194321344,0.4067198627198396,0.295701914204696,0.3999077978798472
L231446,CoCl2,0,0,0.22867007436383363,0.38127297245540465,0.4067198627198396,0.35644935459554894,0.4793966110883915
L231446,Dabrafenib,0,0,0.24473499838108828,0.40726396194548187,0.4067198627198396,0.3785614276244044,0.507207642659357
L231446,Doxorubicin,0,0,0.2866788719209133,0.47209226658074616,0.4067198627198396,0.4345385904052937,0.5745670241722599
L231446,Trametinib,0,0,0.20368386704128424,0.33994056218203605,0.4067198627198396,0.3213239422633168,0.4339481783446523
L231474,Acid,0,0,0.4736194759800148,0.5676662760139924,0.2374631633526755,0.44568305158626237,0.45590147049373303
L231474,Cisplatin,0,0,0.18583642087064267,0.19803257631481155,0.2374631633526755,0.15491523218119188,0.13169451893920317
L231474,CoCl2,0,0,0.22867007436383363,0.25325215691174013,0.2374631633526755,0.19473721393501262,0.17326391761027984
L231474,Dabrafenib,0,0,0.24473499838108828,0.2743862736946484,0.2374631633526755,0.21009252425089386,0.18978977587989374
L231474,Doxorubicin,0,0,0.2866788719209133,0.3298330199577483,0.2374631633526755,0.25122936660484363,0.2351061481113495
L231474,Trametinib,0,0,0.20368386704128424,0.22084439665903563,0.2374631633526755,0.17130547656468714,0.1485562440787075
L231623,Acid,3,1,0.47049894201675735,0.8000988343127662,0.35237966509852237,0.5986364092401995,0.8661526251809968
L231623,Cisplatin,3,1,0.1901270509498604,0.4529052191889618,0.35237966509852237,0.261451702320396,0.5546316829469979
L231623,CoCl2,3,0,0.2186598922625351,0.5052891341099467,0.35237966509852237,0.2989793497479312,0.6072055364808686
L231623,Dabrafenib,3,1,0.2186598922625351,0.5052891341099475,0.35237966509852237,0.2989793497479312,0.6072055364808686
L231623,Doxorubicin,3,1,0.2882083795228566,0.614631591997496,0.35237966509852237,0.38833410629070897,0.7104765214448342
L231623,Trametinib,3,1,0.19191054568686872,0.45632202090915064,0.35237966509852237,0.2638101395337056,0.5581153212397892
L232125,Acid,0,1,0.4736194759800148,0.8576765620565945,0.40890108366841565,0.6503169216283192,0.8779362760521678
L232125,Cisplatin,0,1,0.18583642087064267,0.5312473528532109,0.40890108366841565,0.29775784906854663,0.565576528340536
L232125,CoCl2,0,0,0.22867007436383363,0.6088419586699508,0.40890108366841565,0.35871253360379607,0.642725851458842
L232125,Dabrafenib,0,1,0.24473499838108828,0.6344390067134622,0.40890108366841565,0.38088190947803313,0.6678568230014025
L232125,Doxorubicin,0,1,0.2866788719209133,0.6931417433804412,0.40890108366841565,0.4369609309824376,0.7251562615790621
L232125,Trametinib,0,1,0.20368386704128424,0.5653825958973016,0.40890108366841565,0.3234762010381864,0.5996278214798006
L232639,Acid,2,0,0.4723002644704608,0.2807695161874157,0.2206932122794078,0.42845574020978694,0.2891161921522755
L232639,Cisplatin,2,0,0.20261025237344546,0.07737396318390978,0.2206932122794078,0.15844290317785023,0.0792972030043702
L232639,CoCl2,2,0,0.22668291955083833,0.09084424576363263,0.2206932122794078,0.17985150421183002,0.09322124885475956
L232639,Dabrafenib,2,1,0.22668291955083833,0.09084424576363272,0.2206932122794078,0.1798515042118301,0.09322124885475956
L232639,Doxorubicin,2,0,0.2819646373115759,0.1252471706812583,0.2206932122794078,0.2310862618035165,0.12906112946841308
L232639,Trametinib,2,0,0.19458603455920903,0.07307878074846619,0.2206932122794078,0.1514293026916416,0.07487938649892427
L232813,Acid,1,0,0.47587273821028014,0.4158230698941236,0.24559337689625158,0.45854067688757105,0.30719571720467315
L232813,Cisplatin,1,0,0.19458719593808257,0.12783116011857792,0.24559337689625158,0.16743543102945058,0.07790725806629402
L232813,CoCl2,1,0,0.23560044533301658,0.16441393610034288,0.24559337689625158,0.20677126202160154,0.10267256849224372
L232813,Dabrafenib,1,0,0.23203384804524899,0.16111678970316778,0.24559337689625158,0.20329154176138417,0.1003943228548093
L232813,Doxorubicin,1,0,0.29979943088858513,0.2270276463322885,0.24559337689625158,0.27126058617921955,0.14784083188722108
L232813,Trametinib,1,1,0.19726215106258552,0.1301330671248022,0.24559337689625158,0.1699548190137345,0.07942740590577807
L232959,Acid,4,0,0.4785299066468458,0.28113031182063863,0.052291084615607226,0.11823701455166061,0.2634597668976834
L232959,Cisplatin,4,1,0.19815483583226198,0.0740054563390073,0.052291084615607226,0.03134789915706576,0.06555082355404285
L232959,CoCl2,4,0,0.22936006970462597,0.09098371995446658,0.052291084615607226,0.03795523566990727,0.08109603208868103
L232959,Dabrafenib,4,1,0.2240101926936385,0.08796750590531295,0.052291084615607226,0.03678075478799408,0.07831829134725746
L232959,Doxorubicin,4,0,0.2891002187573746,0.12763912778414688,0.052291084615607226,0.052379457231282185,0.11542606017734067
L232959,Trametinib,4,0,0.191021945485207,0.07032501345783615,0.052291084615607226,0.02991723216405708,0.06221720812640008
L233157,Acid,1,0,0.47587273821028014,0.29525690538904675,0.10921013116426151,0.23252385780972976,0.1453986193055004
L233157,Cisplatin,1,0,0.19458719593808257,0.07941543330523236,0.10921013116426151,0.0671191173975947,0.031400716581252396
L233157,CoCl2,1,0,0.23560044533301658,0.10379144962857745,0.10921013116426151,0.08530215421773053,0.0420567179378656
L233157,Dabrafenib,1,0,0.23203384804524899,0.10156225664285312,0.10921013116426151,0.0836510457184193,0.041061954394791524
L233157,Doxorubicin,1,0,0.29979943088858513,0.14739064960258655,0.10921013116426151,0.11751955342563845,0.06241330924575804
L233157,Trametinib,1,0,0.19726215106258552,0.08092639490158116,0.10921013116426151,0.06825279689239552,0.03204495202318432
L233176,Acid,0,1,0.4736194759800148,0.6940058760766774,0.33790922406920176,0.5749578704571106,0.7341395266629905
L233176,Cisplatin,0,1,0.18583642087064267,0.2990013610135,0.33790922406920176,0.23571418993926457,0.33325993424924716
L233176,CoCl2,0,0,0.22867007436383363,0.36940661437223477,0.33790922406920176,0.2891983606078919,0.4085196501864445
L233176,Dabrafenib,0,1,0.24473499838108828,0.39510524297962035,0.33790922406920176,0.3091426081811949,0.4356597924350316
L233176,Doxorubicin,0,0,0.2866788719209133,0.4594984949979063,0.33790922406920176,0.36081482681711213,0.5032202410915781
L233176,Trametinib,0,0,0.20368386704128424,0.32867724340455945,0.33790922406920176,0.2580427865246462,0.3650785613166851
L233461,Acid,4,1,0.4785299066468458,0.5064317991162951,0.30383616336119496,0.5436399027843767,0.4793181112191775
L233461,Cisplatin,4,1,0.19815483583226198,0.17333991350682212,0.30383616336119496,0.22330290302307793,0.15292481549392192
L233461,CoCl2,4,1,0.22936006970462597,0.20798868431001838,0.30383616336119496,0.25952928491089106,0.1850864261518619
L233461,Dabrafenib,4,0,0.2240101926936385,0.20195538268441132,0.30383616336119496,0.2533037098767082,0.17944232463565488
L233461,Doxorubicin,4,1,0.2891002187573746,0.2773978968598879,0.30383616336119496,0.3293331449675471,0.25139472210835545
L233461,Trametinib,4,0,0.191021945485207,0.16560284243178877,0.30383616336119496,0.21505670077676764,0.1458412544184698
L234026,Acid,4,0,0.4785299066468458,0.29897467523817,0.12736918109552053,0.27277261171792927,0.30693064663449965
L234026,Cisplatin,4,0,0.19815483583226198,0.08016901387354933,0.12736918109552053,0.08301065659389632,0.07990955600307881
L234026,CoCl2,4,0,0.22936006970462597,0.09841103684850079,0.12736918109552053,0.09938988258816021,0.09850096297915273
L234026,Dabrafenib,4,0,0.2240101926936385,0.09517437853277874,0.12736918109552053,0.09650507399106699,0.09518881622688904
L234026,Doxorubicin,4,0,0.2891002187573746,0.13760578088210432,0.12736918109552053,0.13391146482620256,0.13908374336051665
L234026,Trametinib,4,1,0.191021945485207,0.07620727108441683,0.12736918109552053,0.07941549150379874,0.07590503656057336
L234209,Acid,4,0,0.4785299066468458,0.29897467523817,0.13741938588505764,0.29129662101168885,0.40378915616162375
L234209,Cisplatin,4,0,0.19815483583226198,0.08016901387354933,0.13741938588505764,0.09024713062452903,0.11724625701997869
L234209,CoCl2,4,0,0.22936006970462597,0.09841103684850079,0.13741938588505764,0.10788622773365333,0.14317256201048015
L234209,Dabrafenib,4,0,0.2240101926936385,0.09517437853277874,0.13741938588505764,0.10478350339189499,0.13858923095045264
L234209,Doxorubicin,4,0,0.2891002187573746,0.13760578088210432,0.13741938588505764,0.1448841381069815,0.1981155176782524
L234209,Trametinib,4,0,0.191021945485207,0.07620727108441683,0.13741938588505764,0.08636807510263238,0.11159761845253638
L234444,Acid,3,1,0.47049894201675735,0.771574092410461,0.3197598206470948,0.5608155885144708,0.7618607971917353
L234444,Cisplatin,3,1,0.1901270509498604,0.41129110547780956,0.3197598206470948,0.23258876461007802,0.38106038372510104
L234444,CoCl2,3,0,0.2186598922625351,0.4629346051781452,0.3197598206470948,0.2674739365684034,0.4331841254019583
L234444,Dabrafenib,3,0,0.2186598922625351,0.4629346051781459,0.3197598206470948,0.2674739365684034,0.4331841254019582
L234444,Doxorubicin,3,1,0.2882083795228566,0.5737412322926917,0.3197598206470948,0.3521426701713402,0.5481619615198513
L234444,Trametinib,3,0,0.19191054568686872,0.414631894745927,0.3197598206470948,0.23476960537745978,0.38439476716624893
L235372,Acid,1,0,0.47587273821028014,0.4006161480198365,0.280675172847858,0.5058341365113418,0.26821430906569027
L235372,Cisplatin,1,0,0.19458719593808257,0.12097524340804745,0.280675172847858,0.19554784000311337,0.06527973909686854
L235372,CoCl2,1,0,0.23560044533301658,0.15594680782634118,0.280675172847858,0.23958758033058916,0.08640713740441755
L235372,Dabrafenib,1,0,0.23203384804524899,0.15278841257359338,0.280675172847858,0.23571971196382926,0.08445584278861491
L235372,Doxorubicin,1,0,0.29979943088858513,0.2161701867667327,0.280675172847858,0.31030800722601176,0.12541996448428896
L235372,Trametinib,1,0,0.19726215106258552,0.12317112828998084,0.280675172847858,0.1983894365183844,0.0665712837708203
L235421,Acid,3,0,0.47049894201675735,0.4146843208666432,0.24002441585556256,0.4576728164579477,0.3901433422375206
L235421,Cisplatin,3,0,0.1901270509498604,0.1278074763493444,0.24002441585556256,0.1668750164454758,0.10961613834380829
L235421,CoCl2,3,0,0.2186598922625351,0.15311331540748604,0.24002441585556256,0.19440078233586958,0.1325624297714458
L235421,Dabrafenib,3,0,0.2186598922625351,0.15311331540748646,0.24002441585556256,0.19440078233586958,0.13256242977144575
L235421,Doxorubicin,3,0,0.2882083795228566,0.22016197956804173,0.24002441585556256,0.26428363760548673,0.19523109592059604
L235421,Trametinib,3,0,0.19191054568686872,0.12935155634413809,0.24002441585556256,0.16857504958785344,0.11100128280538439
L23580,Acid,4,0,0.4785299066468458,0.29897467523817,0.2672238414973014,0.49655982744232663,0.346634835921228
L23580,Cisplatin,4,0,0.19815483583226198,0.08016901387354933,0.2672238414973014,0.19227623153631435,0.0942397502733501
L23580,CoCl2,4,0,0.22936006970462597,0.09841103684850079,0.2672238414973014,0.2249268201825641,0.1157457461153984
L23580,Dabrafenib,4,0,0.2240101926936385,0.09517437853277874,0.2672238414973014,0.21928547582420305,0.11192572765103719
L23580,Doxorubicin,4,0,0.2891002187573746,0.13760578088210432,0.2672238414973014,0.28905697207831804,0.16215546045169063
L23580,Trametinib,4,0,0.191021945485207,0.07620727108441683,0.2672238414973014,0.18490302825046653,0.08958702240370242
L235874,Acid,0,0,0.4736194759800148,0.283084547091898,0.21592393633522405,0.4143264474401281,0.3116255748610564
L235874,Cisplatin,0,0,0.18583642087064267,0.06912653697676831,0.21592393633522405,0.13889016107942018,0.0757366054476126
L235874,CoCl2,0,0,0.22867007436383363,0.09254994172494373,0.21592393633522405,0.17544801076226602,0.10171190876309452
L235874,Dabrafenib,0,0,0.24473499838108828,0.10210704271472079,0.21592393633522405,0.18964053288463592,0.11234051643637942
L235874,Doxorubicin,0,0,0.2866788719209133,0.1289259711728003,0.21592393633522405,0.22792832614600564,0.14241477026792107
L235874,Trametinib,0,0,0.20368386704128424,0.07854366914430409,0.21592393633522405,0.15389368435857023,0.08614447210800769
L236809,Acid,4,0,0.4785299066468458,0.5710900605653149,0.24771769376057173,0.4695241018794164,0.5584331802630116
L236809,Cisplatin,4,0,0.19815483583226198,0.21390128283068724,0.24771769376057173,0.17601529544837058,0.19872811954236028
L236809,CoCl2,4,0,0.22936006970462597,0.2541650134051239,0.24771769376057173,0.20661092063350098,0.2378181662671373
L236809,Dabrafenib,4,0,0.2240101926936385,0.24721032657200076,0.24771769376057173,0.20130963964845264,0.23102190399798078
L236809,Doxorubicin,4,0,0.2891002187573746,0.3325144414904985,0.24771769376057173,0.26732002427489515,0.31569932546591833
L236809,Trametinib,4,0,0.191021945485207,0.20480228190411634,0.24771769376057173,0.16913507807496905,0.18999880650950055
L236978,Acid,2,0,0.4723002644704608,0.28798107904013687,0.1506449232559733,0.31414575761352365,0.2766707051856847
L236978,Cisplatin,2,0,0.20261025237344546,0.07994198058564067,0.1506449232559733,0.1031676933844087,0.07493169190866064
L236978,CoCl2,2,0,0.22668291955083833,0.0938138784504659,0.1506449232559733,0.11815620092624311,0.08816258584247136
L236978,Dabrafenib,2,0,0.22668291955083833,0.09381387845046599,0.1506449232559733,0.11815620092624321,0.08816258584247136
L236978,Doxorubicin,2,1,0.2819646373115759,0.12918161513286344,0.1506449232559733,0.1551402233312912,0.1223199621455477
L236978,Trametinib,2,0,0.19458603455920903,0.07551591043043948,0.1506449232559733,0.0983150458827418,0.0707384011617333
L237062,Acid,1,1,0.47587273821028014,0.2846492613888907,0.18788511822100734,0.37139588924944117,0.1394519009250432
L237062,Cisplatin,1,0,0.19458719593808257,0.07572901961696576,0.18788511822100734,0.12304266985442472,0.029953030956409648
L237062,CoCl2,1,0,0.23560044533301658,0.09909531796825004,0.18788511822100734,0.15387681185866736,0.0401381107537407
L237062,Dabrafenib,1,0,0.23203384804524899,0.0969560750019377,0.18788511822100734,0.1511176612753836,0.03918687144454433
L237062,Doxorubicin,1,0,0.29979943088858513,0.14103226746692055,0.18788511822100734,0.20615655338917968,0.05962384526326746
L237062,Trametinib,1,0,0.19726215106258552,0.07717572323658099,0.18788511822100734,0.12499436755964864,0.03056850220079019
L237845,Acid,2,1,0.4723002644704608,0.7569145573148018,0.3791016367288735,0.6268921902326836,0.7510167913177905
L237845,Cisplatin,2,0,0.20261025237344546,0.4008106543159862,0.3791016367288735,0.2967551125595289,0.389786072275922
L237845,CoCl2,2,0,0.22668291955083833,0.4435208650945524,0.3791016367288735,0.3295342709062252,0.4326125432423661
L237845,Dabrafenib,2,0,0.22668291955083833,0.4435208650945526,0.3791016367288735,0.3295342709062254,0.4326125432423661
L237845,Doxorubicin,2,0,0.2819646373115759,0.5331594888079267,0.3791016367288735,0.40248391519657883,0.5235917849550202
L237845,Trametinib,2,0,0.19458603455920903,0.3860739883270451,0.3791016367288735,0.28569752036577056,0.37511790533865175
L238041,Acid,4,0,0.4785299066468458,0.29897467523817,0.2567685680246033,0.48184200704692637,0.23634450693865142
L238041,Cisplatin,4,0,0.19815483583226198,0.08016901387354933,0.2567685680246033,0.18329364829576533,0.05722188546493791
L238041,CoCl2,4,0,0.22936006970462597,0.09841103684850079,0.2567685680246033,0.21482458082623643,0.07094186075834201
L238041,Dabrafenib,4,0,0.2240101926936385,0.09517437853277874,0.2567685680246033,0.20936816602945832,0.06848600364599036
L238041,Doxorubicin,4,0,0.2891002187573746,0.13760578088210432,0.2567685680246033,0.277104193622683,0.10144792902965967
L238041,Trametinib,4,0,0.191021945485207,0.07620727108441683,0.2567685680246033,0.17618976322914187,0.05428723419323866
L238414,Acid,0,0,0.4736194759800148,0.28466937869202136,0.14293339534306077,0.29434401820764194,0.18049006934176054
L238414,Cisplatin,0,0,0.18583642087064267,0.06962987611271007,0.14293339534306077,0.08684276419484188,0.03833747454704181
L238414,CoCl2,0,0,0.22867007436383363,0.09320675900005541,0.14293339534306077,0.1114744798270589,0.05221060578615418
L238414,Dabrafenib,0,0,0.24473499838108828,0.10282400034002308,0.14293339534306077,0.12125299098030067,0.05800045959082402
L238414,Doxorubicin,0,0,0.2866788719209133,0.1298040178991264,0.14293339534306077,0.14825967236475177,0.07475260591893026
L238414,Trametinib,0,0,0.20368386704128424,0.07910975095779173,0.14293339534306077,0.0968562972260744,0.04384971305706251
L23858,Acid,1,1,0.47587273821028014,0.8692937394465273,0.3868480663862616,0.6295708306337874,0.8896042481084612
L23858,Cisplatin,1,0,0.19458719593808257,0.5779588652405679,0.3868480663862616,0.2875489843782883,0.6055968373245393
L23858,CoCl2,1,1,0.23560044533301658,0.6476958851455156,0.3868480663862616,0.34346215596111274,0.6752641088115466
L23858,Dabrafenib,1,1,0.23203384804524899,0.6421551937955504,0.3868480663862616,0.33866420675808123,0.6697637329607788
L23858,Doxorubicin,1,1,0.29979943088858513,0.7329225078550592,0.3868480663862616,0.4276021156809077,0.7592058315386241
L23858,Trametinib,1,1,0.19726215106258552,0.5829486826008845,0.3868480663862616,0.29124347750871876,0.6105952795375451
L238644,Acid,4,0,0.4785299066468458,0.4343535892129345,0.35499205930826766,0.6035914569476658,0.5484332319264864
L238644,Cisplatin,4,0,0.19815483583226198,0.1356408285446726,0.35499205930826766,0.26873032071653935,0.19236339096949398
L238644,CoCl2,4,0,0.22936006970462597,0.16425123627085533,0.35499205930826766,0.309390732896245,0.23056173013386946
L238644,Dabrafenib,4,0,0.2240101926936385,0.15923158911457905,0.35499205930826766,0.30245764038015627,0.22391191807352306
L238644,Doxorubicin,4,0,0.2891002187573746,0.2231774654903519,0.35499205930826766,0.3856213822414607,0.3070237847845126
L238644,Trametinib,4,0,0.191021945485207,0.1293232217737924,0.35499205930826766,0.259366756383769,0.18384950640485345
L239119,Acid,4,1,0.4785299066468458,0.7246742619630466,0.3526187834725076,0.6007601604738663,0.7133196497415295
L239119,Cisplatin,4,0,0.19815483583226198,0.3497586264326196,0.3526187834725076,0.2664141208895885,0.3279423115534953
L239119,CoCl2,4,1,0.22936006970462597,0.40250142597480226,0.3526187834725076,0.306871144078725,0.3803830742384815
L239119,Dabrafenib,4,0,0.2240101926936385,0.3936300030227424,0.3526187834725076,0.2999699884711356,0.3714984581537854
L239119,Doxorubicin,4,0,0.2891002187573746,0.4961583112888634,0.3526187834725076,0.38282512102610344,0.4758061699348806
L239119,Trametinib,4,0,0.191021945485207,0.3373606486752193,0.3526187834725076,0.257102886964953,0.3157739488957779
L239190,Acid,1,0,0.47587273821028014,0.4158230698941236,0.2813086834482643,0.5067187207139583,0.38640721826375457
L239190,Cisplatin,1,0,0.19458719593808257,0.12783116011857792,0.2813086834482643,0.19610513954515588,0.1071389949077777
L239190,CoCl2,1,0,0.23560044533301658,0.16441393610034288,0.2813086834482643,0.24023290934327515,0.13978785694700577
L239190,Dabrafenib,1,0,0.23203384804524899,0.16111678970316778,0.2813086834482643,0.23635786111816542,0.1368116099478685
L239190,Doxorubicin,1,0,0.29979943088858513,0.2270276463322885,0.2813086834482643,0.3110658987942793,0.19768692366551455
L239190,Trametinib,1,0,0.19726215106258552,0.1301330671248022,0.2813086834482643,0.19895283159106047,0.10916199624212758
L239194,Acid,0,1,0.4736194759800148,0.28466937869202136,0.13307570051102724,0.27648795113041796,0.26021175792662704
L239194,Cisplatin,0,0,0.18583642087064267,0.06962987611271007,0.13307570051102724,0.08014487595125928,0.05985702325086374
L239194,CoCl2,0,0,0.22867007436383363,0.09320675900005541,0.13307570051102724,0.10309130515715884,0.08086260435847809
L239194,Dabrafenib,0,0,0.24473499838108828,0.10282400034002308,0.13307570051102724,0.11222732913361053,0.08952966231569552
L239194,Doxorubicin,0,1,0.2866788719209133,0.1298040178991264,0.13307570051102724,0.13753836747252163,0.11428351636696656
L239194,Trametinib,0,0,0.20368386704128424,0.07910975095779173,0.13307570051102724,0.0894617620841758,0.06824381271625944
L239228,Acid,2,1,0.4723002644704608,0.9632430254157481,0.36341585150510053,0.6101865643546203,0.9679837871635444
L239228,Cisplatin,2,0,0.20261025237344546,0.8491630611139032,0.36341585150510053,0.2821931847010643,0.8649140413035831
L239228,CoCl2,2,1,0.22668291955083833,0.870259545189164,0.36341585150510053,0.3140822343689968,0.8842933204873399
L239228,Dabrafenib,2,1,0.22668291955083833,0.8702595451891643,0.36341585150510053,0.31408223436899707,0.8842933204873399
L239228,Doxorubicin,2,0,0.2819646373115759,0.9057637256019483,0.36341585150510053,0.38557841275553384,0.9167790690221939
L239228,Trametinib,2,1,0.19458603455920903,0.8410812208537483,0.36341585150510053,0.2714687375079071,0.8574912738991101
L239393,Acid,3,0,0.47049894201675735,0.28393797583778135,0.2918896020904412,0.5288272555100505,0.30656412219070084
L239393,Cisplatin,3,0,0.1901270509498604,0.07579774841898737,0.2918896020904412,0.21035505322448234,0.07840702281284802
L239393,CoCl2,3,0,0.2186598922625351,0.09189062358779186,0.2918896020904412,0.2429612477419997,0.09552108822756158
L239393,Dabrafenib,3,0,0.2186598922625351,0.09189062358779211,0.2918896020904412,0.2429612477419997,0.09552108822756154
L239393,Doxorubicin,3,0,0.2882083795228566,0.13644925330968105,0.2918896020904412,0.32329509256717326,0.1435769549892637
L239393,Trametinib,3,0,0.19191054568686872,0.07676878924958747,0.2918896020904412,0.21238511790924555,0.07943298135590876
L239858,Acid,4,1,0.4785299066468458,0.40620275718381477,0.4376290201609009,0.6867937693252116,0.4765330330773921
L239858,Cisplatin,4,1,0.19815483583226198,0.12265193975772988,0.4376290201609009,0.34607119190813274,0.15148448545831902
L239858,CoCl2,4,1,0.22936006970462597,0.14899489279662376,0.4376290201609009,0.39215821977090326,0.18340876770882733
L239858,Dabrafenib,4,0,0.2240101926936385,0.1443609557083698,0.4376290201609009,0.3844027682259168,0.17780466305476075
L239858,Doxorubicin,4,0,0.2891002187573746,0.20378237673848631,0.4376290201609009,0.4747626186666339,0.2492999012323404
L239858,Trametinib,4,0,0.191021945485207,0.11685751411523455,0.4376290201609009,0.3352482262567337,0.14445626367206157
L239907,Acid,0,0,0.4736194759800148,0.283084547091898,0.19773339813773175,0.38669860959162794,0.2964812965123838
L239907,Cisplatin,0,0,0.18583642087064267,0.06912653697676831,0.19773339813773175,0.12568728432887627,0.07087567385368708
L239907,CoCl2,0,0,0.22867007436383363,0.09254994172494373,0.19773339813773175,0.15941329528774928,0.0953558275580885
L239907,Dabrafenib,0,0,0.24473499838108828,0.10210704271472079,0.19773339813773175,0.17258020528552187,0.10539817388349441
L239907,Doxorubicin,0,0,0.2866788719209133,0.1289259711728003,0.19773339813773175,0.20830899003560213,0.13389425625473925
L239907,Trametinib,0,0,0.20368386704128424,0.07854366914430409,0.19773339813773175,0.13949561781394493,0.0806738480466167
L240104,Acid,3,1,0.47049894201675735,0.6468061880552075,0.4346304297735026,0.682195189232669,0.7008671690516528
L240104,Cisplatin,3,0,0.1901270509498604,0.2747167640770723,0.4346304297735026,0.3375245633675141,0.3107687710576308
L240104,CoCl2,3,1,0.2186598922625351,0.3184888559049324,0.4346304297735026,0.3803480717012682,0.35885218707937194
L240104,Dabrafenib,3,0,0.2186598922625351,0.3184888559049331,0.4346304297735026,0.38034807170126816,0.35885218707937194
L240104,Doxorubicin,3,1,0.2882083795228566,0.4218803347700059,0.4346304297735026,0.4774581897542598,0.47047667952974576
L240104,Trametinib,3,0,0.19191054568686872,0.2774710632768232,0.4346304297735026,0.3402530747656762,0.3137999220502953
L240177,Acid,2,1,0.4723002644704608,0.49141907427794224,0.3258018369083223,0.5677069612942324,0.46932731438419395
L240177,Cisplatin,2,0,0.20261025237344546,0.17189544994185627,0.3258018369083223,0.2480194292186434,0.15774552152454846
L240177,CoCl2,2,1,0.22668291955083833,0.19828476333443998,0.3258018369083223,0.2775398540302106,0.1827109464013616
L240177,Dabrafenib,2,0,0.22668291955083833,0.19828476333444006,0.3258018369083223,0.2775398540302107,0.18271094640136157
L240177,Doxorubicin,2,0,0.2819646373115759,0.2616652057913922,0.3258018369083223,0.34490041153821993,0.2437091931292963
L240177,Trametinib,2,0,0.19458603455920903,0.1632817934473473,0.3258018369083223,0.23816280780564855,0.14966764540422706
L240450,Acid,2,1,0.4723002644704608,0.8597936466722452,0.3004625650289407,0.5372358262126723,0.8397466542859953
L240450,Cisplatin,2,1,0.20261025237344546,0.5684797433020263,0.3004625650289407,0.22574669920788776,0.5259990744515787
L240450,CoCl2,2,0,0.22668291955083833,0.610842478665821,0.3004625650289407,0.2535098341732785,0.5698163271526328
L240450,Dabrafenib,2,0,0.22668291955083833,0.6108424786658213,0.3004625650289407,0.25350983417327866,0.5698163271526328
L240450,Doxorubicin,2,1,0.2819646373115759,0.6922315237961462,0.3004625650289407,0.3176020808913435,0.6562752240803162
L240450,Trametinib,2,0,0.19458603455920903,0.5532706462076786,0.3004625650289407,0.21652036197711394,0.5104932408407844
L240627,Acid,1,0,0.47587273821028014,0.29525690538904675,0.14430442432681875,0.29773897151567275,0.22630072244420293
L240627,Cisplatin,1,0,0.19458719593808257,0.07941543330523236,0.14430442432681875,0.09147289268947456,0.052790815711869096
L240627,CoCl2,1,0,0.23560044533301658,0.10379144962857745,0.14430442432681875,0.11543713172774792,0.0701797232154795
L240627,Dabrafenib,1,0,0.23203384804524899,0.10156225664285312,0.14430442432681875,0.11327496478598263,0.06856738173595721
L240627,Doxorubicin,1,0,0.29979943088858513,0.14739064960258655,0.14430442432681875,0.15708152034995598,0.1026894031374573
L240627,Trametinib,1,0,0.19726215106258552,0.08092639490158116,0.14430442432681875,0.09297692340827142,0.0538495048539418
L240628,Acid,1,0,0.47587273821028014,0.4006161480198365,0.16104845194679213,0.3271417201792324,0.37088355730494027
L240628,Cisplatin,1,1,0.19458719593808257,0.12097524340804745,0.16104845194679213,0.10350847885339212,0.10098820575954473
L240628,CoCl2,1,0,0.23560044533301658,0.15594680782634118,0.16104845194679213,0.1301740452976508,0.13203990195255716
L240628,Dabrafenib,1,1,0.23203384804524899,0.15278841257359338,0.16104845194679213,0.1277757243738423,0.1292038405369162
L240628,Doxorubicin,1,0,0.29979943088858513,0.2161701867667327,0.16104845194679213,0.17607657696120124,0.1874290554712646
L240628,Trametinib,1,0,0.19726215106258552,0.12317112828998084,0.16104845194679213,0.10518749135390797,0.10290845360163611
L240738,Acid,4,0,0.4785299066468458,0.29897467523817,0.048278740054513526,0.10941005719091547,0.19011058980201964
L240738,Cisplatin,4,0,0.19815483583226198,0.08016901387354933,0.048278740054513526,0.02879579271963881,0.0440087607834724
L240738,CoCl2,4,0,0.22936006970462597,0.09841103684850079,0.048278740054513526,0.034884582734147566,0.05474461420496537
L240738,Dabrafenib,4,0,0.2240101926936385,0.09517437853277874,0.048278740054513526,0.03380178117289024,0.05281759449658698
L240738,Doxorubicin,4,0,0.2891002187573746,0.13760578088210432,0.048278740054513526,0.04820032287294915,0.07887695556421812
L240738,Trametinib,4,0,0.191021945485207,0.07620727108441683,0.048278740054513526,0.027478295619890826,0.04172176243565457
L240741,Acid,3,0,0.47049894201675735,0.2940412912595201,0.09781400580685332,0.21632015400151924,0.25428216730125835
L240741,Cisplatin,3,0,0.1901270509498604,0.07931520225948777,0.09781400580685332,0.061487360446148116,0.06157996459640578
L240741,CoCl2,3,0,0.2186598922625351,0.09607724459137335,0.09781400580685332,0.07315603509463389,0.07532133513459395
L240741,Dabrafenib,3,0,0.2186598922625351,0.09607724459137361,0.09781400580685332,0.07315603509463389,0.07532133513459392
L240741,Doxorubicin,3,0,0.2882083795228566,0.14234777946445465,0.09781400580685332,0.10514250103653776,0.11450136079591629
L240741,Trametinib,3,0,0.19191054568686872,0.08032738842690436,0.09781400580685332,0.06219390883834988,0.0624006489813296
L240953,Acid,1,1,0.47587273821028014,0.29525690538904675,0.10226243165020367,0.21969437500178948,0.26383859837243506
L240953,Cisplatin,1,0,0.19458719593808257,0.07941543330523236,0.10226243165020367,0.06267059923287467,0.0639255403116793
L240953,CoCl2,1,0,0.23560044533301658,0.10379144962857745,0.10226243165020367,0.0797515278324069,0.08465435359971286
L240953,Dabrafenib,1,1,0.23203384804524899,0.10156225664285312,0.10226243165020367,0.07819867225391829,0.08273905657970257
L240953,Doxorubicin,1,0,0.29979943088858513,0.14739064960258655,0.10226243165020367,0.11012492996470415,0.12298232974162311
L240953,Trametinib,1,0,0.19726215106258552,0.08092639490158116,0.10226243165020367,0.06373427417749368,0.06519216111964317
L241262,Acid,3,0,0.47049894201675735,0.5542403741566174,0.278933046296053,0.5112298927032592,0.48221363073021234
L241262,Cisplatin,3,1,0.1901270509498604,0.2045602184504246,0.278933046296053,0.19888201202344463,0.15198276331831534
L241262,CoCl2,3,0,0.2186598922625351,0.2408662400775254,0.278933046296053,0.23022832641936505,0.18198511659007685
L241262,Dabrafenib,3,0,0.2186598922625351,0.2408662400775259,0.278933046296053,0.23022832641936505,0.18198511659007685
L241262,Doxorubicin,3,0,0.2882083795228566,0.33130906764502804,0.278933046296053,0.30806532311245316,0.26098853046513
L241262,Trametinib,3,0,0.19191054568686872,0.20681169893857593,0.278933046296053,0.2008295142141353,0.1538107846517087
L241540,Acid,2,1,0.4723002644704608,0.8775123780717584,0.34692447577303925,0.5920435973051114,0.8400486536712468
L241540,Cisplatin,2,0,0.20261025237344546,0.6061494817958528,0.34692447577303925,0.267119777189564,0.5265589876864121
L241540,CoCl2,2,1,0.22668291955083833,0.6471097650480311,0.34692447577303925,0.29801265260060905,0.5703667578452593
L241540,Dabrafenib,2,0,0.22668291955083833,0.6471097650480312,0.34692447577303925,0.2980126526006093,0.5703667578452593
L241540,Doxorubicin,2,1,0.2819646373115759,0.7243367964059213,0.34692447577303925,0.3678123733858297,0.6567816621787421
L241540,Trametinib,2,0,0.19458603455920903,0.5913135819995242,0.34692447577303925,0.2567632676256901,0.5110544443472235
L241549,Acid,3,1,0.47049894201675735,0.7393064276798809,0.34060716672961194,0.5855825485402055,0.7275943435901551
L241549,Cisplatin,3,0,0.1901270509498604,0.3697045381742381,0.34060716672961194,0.25114963626801723,0.3395036266866889
L241549,CoCl2,3,1,0.2186598922625351,0.41985027849031265,0.34060716672961194,0.2877747493913037,0.3895203660754512
L241549,Dabrafenib,3,0,0.2186598922625351,0.4198502784903134,0.34060716672961194,0.2877747493913037,0.3895203660754512
L241549,Doxorubicin,3,1,0.2882083795228566,0.5305314430420763,0.34060716672961194,0.37557489882737605,0.503197422294348
L241549,Trametinib,3,0,0.19191054568686872,0.37292151100899085,0.34060716672961194,0.2534470340217944,0.3426757023737727
L242090,Acid,1,1,0.47587273821028014,0.4006161480198365,0.28630477413946426,0.5131198456253143,0.3168606608417706
L242090,Cisplatin,1,0,0.19458719593808257,0.12097524340804745,0.28630477413946426,0.20017473625519946,0.0812039011946957
L242090,CoCl2,1,0,0.23560044533301658,0.15594680782634118,0.28630477413946426,0.2449392318687562,0.10689566975766
L242090,Dabrafenib,1,0,0.23203384804524899,0.15278841257359338,0.28630477413946426,0.24101235045849975,0.10453463250253267
L242090,Doxorubicin,1,0,0.29979943088858513,0.2161701867667327,0.28630477413946426,0.3165816707892129,0.15360375729303136
L242090,Trametinib,1,0,0.19726215106258552,0.12317112828998084,0.28630477413946426,0.20306659617787098,0.08278259914356563
L242237,Acid,4,1,0.4785299066468458,0.7247571197059715,0.2746081912329341,0.506021236464202,0.6827281123007631
L242237,Cisplatin,4,0,0.19815483583226198,0.3498530877736934,0.2746081912329341,0.19822264829153968,0.29676914688365397
L242237,CoCl2,4,1,0.22936006970462597,0.4026013122585569,0.2746081912329341,0.23159347920240905,0.34679735587733906
L242237,Dabrafenib,4,1,0.2240101926936385,0.3937291384898613,0.2746081912329341,0.22583364839375186,0.33826893876602543
L242237,Doxorubicin,4,1,0.2891002187573746,0.496262135594525,0.2746081912329341,0.2968962992574628,0.4397750253219689
L242237,Trametinib,4,0,0.191021945485207,0.3374534993267679,0.2746081912329341,0.19067524731123403,0.2852664950345604
L242413,Acid,0,1,0.4736194759800148,0.6655383686666351,0.3863057895463333,0.6272615099302489,0.6291896173289947
L242413,Cisplatin,0,0,0.18583642087064267,0.27231709071203414,0.3863057895463333,0.27729006488630253,0.23496893525219834
L242413,CoCl2,0,0,0.22867007436383363,0.33948194564153283,0.3863057895463333,0.336059881863229,0.29795101721368306
L242413,Dabrafenib,0,0,0.24473499838108828,0.36430146426508814,0.3863057895463333,0.3576099619736368,0.3217412373343663
L242413,Doxorubicin,0,0,0.2866788719209133,0.4272201061594967,0.3863057895463333,0.4125457326553684,0.3836452274717469
L242413,Trametinib,0,0,0.20368386704128424,0.30047978961930644,0.3863057895463333,0.30200082236622383,0.26107777186985764
L242834,Acid,4,1,0.4785299066468458,0.6819282156785123,0.2825368809299953,0.5165798931233041,0.6581247757188136
L242834,Cisplatin,4,0,0.19815483583226198,0.3046566348753929,0.2825368809299953,0.2050244234996096,0.27406014846939974
L242834,CoCl2,4,1,0.22936006970462597,0.3543040427028947,0.2825368809299953,0.23919871665170803,0.32201311247421066
L242834,Dabrafenib,4,0,0.2240101926936385,0.34587997772601126,0.2825368809299953,0.23330716953164818,0.31380138498803023
L242834,Doxorubicin,4,0,0.2891002187573746,0.44510045079973287,0.2825368809299953,0.3057925955804398,0.4125426517342004
L242834,Trametinib,4,0,0.191021945485207,0.29313666641186603,0.2825368809299953,0.19728176589613142,0.2631083713414648
L242935,Acid,0,0,0.4736194759800148,0.2913335192140022,0.0629367788076904,0.13842366377621074,0.2909891004748384
L242935,Cisplatin,0,0,0.18583642087064267,0.07176496068223485,0.0629367788076904,0.03533609024060579,0.06915193361561049
L242935,CoCl2,0,0,0.22867007436383363,0.09599020016883097,0.0629367788076904,0.046096138511788225,0.09309636994969081
L242935,Dabrafenib,0,0,0.24473499838108828,0.10586111354471528,0.0629367788076904,0.05046540725884037,0.10292783641941125
L242935,Doxorubicin,0,1,0.2866788719209133,0.13351944255669992,0.0629367788076904,0.06283291973926446,0.13085371680725513
L242935,Trametinib,0,0,0.20368386704128424,0.08151005317126969,0.0629367788076904,0.0396685693424466,0.07873200298271782
L242990,Acid,1,1,0.47587273821028014,0.2838807297763159,0.027518304545855493,0.06088084483924057,0.14580374438038088
L242990,Cisplatin,1,0,0.19458719593808257,0.07546505119145054,0.027518304545855493,0.015161507810264162,0.03149991629068341
L242990,CoCl2,1,0,0.23560044533301658,0.09875860442751293,0.027518304545855493,0.019564056253774463,0.0421881153396681
L242990,Dabrafenib,1,1,0.23203384804524899,0.0966258507238606,0.027518304545855493,0.019158722880978057,0.04119037750352575
L242990,Doxorubicin,1,1,0.29979943088858513,0.14057529225993384,0.027518304545855493,0.027705141090735377,0.06260415012773764
L242990,Trametinib,1,1,0.19726215106258552,0.07690713164142415,0.027518304545855493,0.015432111689343695,0.03214611942575901
L244174,Acid,3,0,0.47049894201675735,0.41162743156168125,0.19100390950230078,0.3833443040627806,0.2951851752534595
L244174,Cisplatin,3,0,0.1901270509498604,0.12640861625122612,0.19100390950230078,0.12857684928741958,0.07458584880674261
L244174,CoCl2,3,0,0.2186598922625351,0.15148558729236597,0.19100390950230078,0.15092982868655028,0.09094816802815281
L244174,Dabrafenib,3,1,0.2186598922625351,0.15148558729236636,0.19100390950230078,0.1509298286865503,0.09094816802815281
L244174,Doxorubicin,3,1,0.2882083795228566,0.21800495045802287,0.19100390950230078,0.20924471084995938,0.13705203694302748
L244174,Trametinib,3,1,0.19191054568686872,0.12793827519936513,0.19100390950230078,0.12994757706429036,0.07556590691854086
L24429,Acid,4,0,0.4785299066468458,0.6220428789781711,0.3454281525700984,0.592794954194818,0.6813442269502743
L24429,Cisplatin,4,1,0.19815483583226198,0.25168617902830315,0.3454281525700984,0.2599950135435291,0.29543909732585055
L24429,CoCl2,4,0,0.22936006970462597,0.29638076718308026,0.3454281525700984,0.29987572169328125,0.34535320236617356
L24429,Dabrafenib,4,1,0.2240101926936385,0.288718100542698,0.3454281525700984,0.2930653679253627,0.3368419857342975
L24429,Doxorubicin,4,0,0.2891002187573746,0.3810942820222504,0.3454281525700984,0.3750350967804722,0.4382034319837684
L24429,Trametinib,4,1,0.191021945485207,0.24147360398167111,0.3454281525700984,0.25083141823587624,0.2839671806997018
L244352,Acid,4,0,0.4785299066468458,0.28113031182063863,0.1726366309467163,0.3533737881431177,0.15247380855032827
L244352,Cisplatin,4,0,0.19815483583226198,0.0740054563390073,0.1726366309467163,0.11652386334244301,0.03407911552695519
L244352,CoCl2,4,0,0.22936006970462597,0.09098371995446658,0.1726366309467163,0.13851685772656286,0.04250033947022234
L244352,Dabrafenib,4,0,0.2240101926936385,0.08796750590531295,0.1726366309467163,0.13466619564020385,0.040985632418513704
L244352,Doxorubicin,4,0,0.2891002187573746,0.12763912778414688,0.1726366309467163,0.18385425426624957,0.06158686552746377
L244352,Trametinib,4,0,0.191021945485207,0.07032501345783615,0.1726366309467163,0.11165398219989545,0.03229070048056545
L244486,Acid,2,1,0.4723002644704608,0.2807695161874157,0.4277559768130417,0.6755937707814355,0.3360590783963538
L244486,Cisplatin,2,0,0.20261025237344546,0.07737396318390978,0.4277559768130417,0.34341565115676903,0.09681195473514992
L244486,CoCl2,2,0,0.22668291955083833,0.09084424576363263,0.4277559768130417,0.37857430938011505,0.1134325664730522
L244486,Dabrafenib,2,0,0.22668291955083833,0.09084424576363272,0.4277559768130417,0.37857430938011527,0.11343256647305215
L244486,Doxorubicin,2,0,0.2819646373115759,0.1252471706812583,0.4277559768130417,0.4550125420725955,0.15570858646609773
L244486,Trametinib,2,0,0.19458603455920903,0.07307878074846619,0.4277559768130417,0.3314388336399307,0.09151534429816337
L244685,Acid,3,0,0.47049894201675735,0.2800284500633928,0.2416129434393906,0.4602445320518683,0.23873556484552336
L244685,Cisplatin,3,0,0.1901270509498604,0.07445610040842693,0.2416129434393906,0.16831985201939162,0.056915799095173435
L244685,CoCl2,3,1,0.2186598922625351,0.09029195479406704,0.2416129434393906,0.19602786558566332,0.0696936727869268
L244685,Dabrafenib,3,0,0.2186598922625351,0.09029195479406729,0.2416129434393906,0.19602786558566332,0.0696936727869268
L244685,Doxorubicin,3,0,0.2882083795228566,0.13418992647207914,0.2416129434393906,0.26630227455303124,0.10628281833061598
L244685,Trametinib,3,0,0.19191054568686872,0.07541135591620717,0.2416129434393906,0.17003160034346657,0.05767814406512333
L244706,Acid,4,1,0.4785299066468458,0.8269473733886827,0.3379969365169957,0.584366599377076,0.8172397404247255
L244706,Cisplatin,4,1,0.19815483583226198,0.49406967501494764,0.3379969365169957,0.2533544124431572,0.46721933388032955
L244706,CoCl2,4,1,0.22936006970462597,0.5501618583858363,0.3379969365169957,0.29261930217641247,0.5245484618486738
L244706,Dabrafenib,4,1,0.2240101926936385,0.5409825959140884,0.3379969365169957,0.28590644836003604,0.5150958316060108
L244706,Doxorubicin,4,1,0.2891002187573746,0.6412999790377162,0.3379969365169957,0.36691309436239516,0.6199520001383511
L244706,Trametinib,4,1,0.191021945485207,0.4803350495898427,0.3379969365169957,0.2443475843441933,0.4533693302720329
L244886,Acid,4,1,0.4785299066468458,0.9226297924301041,0.3838447794620029,0.634171905085298,0.9278822455825911
L244886,Cisplatin,4,1,0.19815483583226198,0.7090466857559613,0.3838447794620029,0.29496938550771745,0.716168820754061
L244886,CoCl2,4,0,0.22936006970462597,0.753209879406478,0.3838447794620029,0.3377661580650175,0.7604448955103278
L244886,Dabrafenib,4,0,0.2240101926936385,0.7462630295031553,0.3838447794620029,0.33050150553275337,0.7534780780991289
L244886,Doxorubicin,4,1,0.2891002187573746,0.816901139115576,0.3838447794620029,0.41676903921260444,0.824363030748602
L244886,Trametinib,4,0,0.191021945485207,0.6975758106421208,0.3838447794620029,0.2850479344291167,0.704700132510392
L244940,Acid,0,1,0.4736194759800148,0.4149805867907848,0.4535163813605501,0.6926478284880482,0.4837411426186978
L244940,Cisplatin,0,0,0.18583642087064267,0.11770077676036118,0.4535163813605501,0.3394148731859828,0.14501294327364062
L244940,CoCl2,0,0,0.22867007436383363,0.1548455655223088,0.4535163813605501,0.4039913771694119,0.18986705009661148
L244940,Dabrafenib,0,1,0.24473499838108828,0.16963304954505068,0.4535163813605501,0.427095411301659,0.2075788954334643
L244940,Doxorubicin,0,0,0.2866788719209133,0.21003912850205728,0.4535163813605501,0.48465223896510506,0.255801758183103
L244940,Trametinib,0,1,0.20368386704128424,0.13279122361587653,0.4535163813605501,0.36685165582722934,0.1632592934467668
L245078,Acid,3,1,0.47049894201675735,0.6507007474817631,0.3467258785441929,0.5925923776234135,0.6819599494051907
L245078,Cisplatin,3,0,0.1901270509498604,0.2781352007535946,0.3467258785441929,0.2566352430591959,0.29210866509557654
L245078,CoCl2,3,0,0.2186598922625351,0.32220999508068227,0.3467258785441929,0.29374652438374943,0.33872381658238365
L245078,Dabrafenib,3,0,0.2186598922625351,0.32220999508068293,0.3467258785441929,0.29374652438374943,0.33872381658238354
L245078,Doxorubicin,3,0,0.2882083795228566,0.426054278761426,0.3467258785441929,0.38239044584222254,0.4484666820208098
L245078,Trametinib,3,0,0.19191054568686872,0.28091049869450896,0.3467258785441929,0.2589654675198689,0.29503572081007623
L245624,Acid,3,0,0.47049894201675735,0.2800284500633928,0.23013370953050913,0.4435102082191031,0.21999458121946672
L245624,Cisplatin,3,0,0.1901270509498604,0.07445610040842693,0.23013370953050913,0.1590716638669804,0.05148259798427038
L245624,CoCl2,3,0,0.2186598922625351,0.09029195479406704,0.23013370953050913,0.18559702052718427,0.063122333693217
L245624,Dabrafenib,3,0,0.2186598922625351,0.09029195479406729,0.23013370953050913,0.18559702052718427,0.063122333693217
L245624,Doxorubicin,3,0,0.2882083795228566,0.13418992647207914,0.23013370953050913,0.2533102328828633,0.0966198344908617
L245624,Trametinib,3,0,0.19191054568686872,0.07541135591620717,0.23013370953050913,0.16070753527236434,0.05217619545982748
L246037,Acid,2,1,0.4723002644704608,0.7971425324933956,0.3522657369362672,0.598006736436914,0.8021644931154445
L246037,Cisplatin,2,0,0.20261025237344546,0.4577519769745917,0.3522657369362672,0.27199219539466707,0.46197945831025233
L246037,CoCl2,2,1,0.22668291955083833,0.5014519179723737,0.3522657369362672,0.3032154354837807,0.5061585185188552
L246037,Dabrafenib,2,1,0.22668291955083833,0.5014519179723738,0.3522657369362672,0.3032154354837809,0.5061585185188552
L246037,Doxorubicin,2,1,0.2819646373115759,0.5903773271286038,0.3522657369362672,0.37358523041923625,0.5963482941045468
L246037,Trametinib,2,0,0.19458603455920903,0.44246772494855313,0.3522657369362672,0.26151418557019096,0.4465827893289923
L246311,Acid,3,1,0.47049894201675735,0.2800284500633928,0.21694447207989281,0.4231858864486082,0.2837574455607775
L246311,Cisplatin,3,1,0.1901270509498604,0.07445610040842693,0.21694447207989281,0.14830820512520745,0.07083998273212713
L246311,CoCl2,3,1,0.2186598922625351,0.09029195479406704,0.21694447207989281,0.17340885590698746,0.0864573227527919
L246311,Dabrafenib,3,1,0.2186598922625351,0.09029195479406729,0.21694447207989281,0.17340885590698749,0.0864573227527919
L246311,Doxorubicin,3,1,0.2882083795228566,0.13418992647207914,0.21694447207989281,0.23797470660971698,0.13061175986606713
L246311,Trametinib,3,1,0.19191054568686872,0.07541135591620717,0.21694447207989281,0.14985311148855146,0.0717746376912175
L246615,Acid,0,0,0.4736194759800148,0.49514238329406246,0.3465746340115446,0.5843118291586291,0.4483807966181907
L246615,Cisplatin,0,0,0.18583642087064267,0.15572279292250174,0.3465746340115446,0.24270045696934936,0.1282613086207386
L246615,CoCl2,0,0,0.22867007436383363,0.2021180226005783,0.3465746340115446,0.29715350503757576,0.16895788265481732
L246615,Dabrafenib,0,1,0.24473499838108828,0.22024350207040155,0.3465746340115446,0.3174013906010902,0.18516501945431985
L246615,Doxorubicin,0,0,0.2866788719209133,0.26880236833841414,0.3465746340115446,0.36971529602238146,0.2296901836589239
L246615,Trametinib,0,1,0.20368386704128424,0.17472268776063238,0.3465746340115446,0.26546098333142715,0.14475673962556668
L246665,Acid,4,0,0.4785299066468458,0.40620275718381477,0.31966783253425674,0.562693826223379,0.41826855132638335
L246665,Cisplatin,4,0,0.19815483583226198,0.12265193975772988,0.31966783253425674,0.23695909675876822,0.12358034834468283
L246665,CoCl2,4,0,0.22936006970462597,0.14899489279662376,0.31966783253425674,0.2746176040966383,0.15066823086932682
L246665,Dabrafenib,4,1,0.2240101926936385,0.1443609557083698,0.31966783253425674,0.26816116687698766,0.14588579928245307
L246665,Doxorubicin,4,0,0.2891002187573746,0.20378237673848631,0.31966783253425674,0.3465802102057024,0.2077900947417168
L246665,Trametinib,4,1,0.191021945485207,0.11685751411523455,0.31966783253425674,0.2283568635953673,0.11766722535261442
L246708,Acid,1,0,0.47587273821028014,0.2838807297763159,0.1965838379108628,0.3849812087042659,0.2786797220694762
L246708,Cisplatin,1,0,0.19458719593808257,0.07546505119145054,0.1965838379108628,0.1294137333788026,0.06856882688938574
L246708,CoCl2,1,0,0.23560044533301658,0.09875860442751293,0.1965838379108628,0.16155033054067772,0.09065747479762032
L246708,Dabrafenib,1,0,0.23203384804524899,0.0966258507238606,0.1965838379108628,0.1586793906207551,0.08861950717590131
L246708,Doxorubicin,1,0,0.29979943088858513,0.14057529225993384,0.1965838379108628,0.21577231508711628,0.1313135017226438
L246708,Trametinib,1,0,0.19726215106258552,0.07690713164142415,0.1965838379108628,0.13145134062828417,0.06992057764370992
L247066,Acid,2,1,0.4723002644704608,0.7116288222306554,0.4678261579784086,0.7115805651748505,0.7856517600003288
L247066,Cisplatin,2,0,0.20261025237344546,0.34646418119726957,0.4678261579784086,0.38257515581128804,0.43700098410006644
L247066,CoCl2,2,0,0.22668291955083833,0.3871247981204925,0.4678261579784086,0.41918339119716175,0.4809265599368737
L247066,Dabrafenib,2,1,0.22668291955083833,0.3871247981204926,0.4678261579784086,0.4191833911971619,0.4809265599368736
L247066,Doxorubicin,2,1,0.2819646373115759,0.47509650952870763,0.4678261579784086,0.4972599309949884,0.5718263125358347
L247066,Trametinib,2,0,0.19458603455920903,0.33261647723702015,0.4678261579784086,0.37000224109116014,0.42178416626727433
L24713,Acid,2,0,0.4723002644704608,0.2807695161874157,0.3720115068361863,0.6196116111202967,0.3426224699375016
L24713,Cisplatin,2,0,0.20261025237344546,0.07737396318390978,0.3720115068361863,0.2903252247886913,0.09940229996165371
L24713,CoCl2,2,0,0.22668291955083833,0.09084424576363263,0.3720115068361863,0.32272007517714374,0.11641030271887098
L24713,Dabrafenib,2,0,0.22668291955083833,0.09084424576363272,0.3720115068361863,0.322720075177144,0.11641030271887098
L24713,Doxorubicin,2,0,0.2819646373115759,0.1252471706812583,0.3720115068361863,0.39505006548129973,0.15959633641893187
L24713,Trametinib,2,0,0.19458603455920903,0.07307878074846619,0.3720115068361863,0.27941202813932126,0.09397871710641295
L247317,Acid,0,0,0.4736194759800148,0.4071129074576573,0.23702096389471197,0.4450995577413701,0.299325468603309
L247317,Cisplatin,0,0,0.18583642087064267,0.11436743547907993,0.23702096389471197,0.154606239459631,0.07177639849796791
L247317,CoCl2,0,0,0.22867007436383363,0.15063987301675968,0.23702096389471197,0.19436706095005582,0.0965353349012155
L247317,Dabrafenib,0,0,0.24473499838108828,0.16510418188569034,0.23702096389471197,0.20970078486434698,0.10668725087306767
L247317,Doxorubicin,0,1,0.2866788719209133,0.20469742880520056,0.23702096389471197,0.25078527578412885,0.13547907534560374
L247317,Trametinib,0,0,0.20368386704128424,0.12909304394549506,0.23702096389471197,0.17097040592831136,0.08168814518725365
L247405,Acid,0,1,0.4736194759800148,0.6437252006596316,0.2896209640445431,0.5164293429089538,0.5768448638186702
L247405,Cisplatin,0,0,0.18583642087064267,0.25361905502253673,0.2896209640445431,0.19581023860168795,0.1979160286701159
L247405,CoCl2,0,0,0.22867007436383363,0.3181887225001993,0.2896209640445431,0.24312028561874324,0.25426725004782075
L247405,Dabrafenib,0,0,0.24473499838108828,0.3422581477744316,0.2896209640445431,0.2610538819673482,0.27594044268745516
L247405,Doxorubicin,0,0,0.2866788719209133,0.40378790943643084,0.2896209640445431,0.30827488930242997,0.3333634131180147
L247405,Trametinib,0,0,0.20368386704128424,0.28059366923621176,0.2896209640445431,0.21542428049014434,0.22109757303576366
L247781,Acid,2,0,0.4723002644704608,0.43322824714162195,0.23458740775065998,0.4486168307384386,0.43672658140597415
L247781,Cisplatin,2,0,0.20261025237344546,0.1410473861614739,0.23458740775065998,0.1696702704121993,0.14103598964498537
L247781,CoCl2,2,0,0.22668291955083833,0.16363672749247593,0.23458740775065998,0.1922493418282992,0.16387142302711816
L247781,Dabrafenib,2,0,0.22668291955083833,0.16363672749247604,0.23458740775065998,0.1922493418282993,0.16387142302711816
L247781,Doxorubicin,2,0,0.2819646373115759,0.2189669938919418,0.23458740775065998,0.24595674012799804,0.22027524236548174
L247781,Trametinib,2,0,0.19458603455920903,0.13372989310967046,0.23458740775065998,0.16225550292000898,0.1336779732109452
L247859,Acid,0,1,0.4736194759800148,0.2913335192140022,0.31193197776729253,0.5438522605665957,0.35630862288560683
L247859,Cisplatin,0,0,0.18583642087064267,0.07176496068223485,0.31193197776729253,0.21373290898254524,0.0910710405965763
L247859,CoCl2,0,0,0.22867007436383363,0.09599020016883097,0.31193197776729253,0.2639519787342653,0.12161357445525446
L247859,Dabrafenib,0,0,0.24473499838108828,0.10586111354471528,0.31193197776729253,0.282847965581247,0.13401159369218793
L247859,Doxorubicin,0,1,0.2866788719209133,0.13351944255669992,0.31193197776729253,0.33223873933871023,0.1687842054262609
L247859,Trametinib,0,0,0.20368386704128424,0.08151005317126969,0.31193197776729253,0.23461847313405398,0.10335055864286016
L247904,Acid,4,0,0.4785299066468458,0.2968821351175162,0.37826943308303496,0.6284365643908185,0.2799646144129068
L247904,Cisplatin,4,0,0.19815483583226198,0.07943437728876447,0.37826943308303496,0.2898709908442521,0.07084998757940113
L247904,CoCl2,4,0,0.22936006970462597,0.09752696145749848,0.37826943308303496,0.3322766688194487,0.08753415988577357
L247904,Dabrafenib,4,0,0.2240101926936385,0.09431633792632509,0.37826943308303496,0.32507212778285194,0.08455618935812088
L247904,Doxorubicin,4,0,0.2891002187573746,0.13642287806611342,0.37826943308303496,0.4107920384872567,0.12422117844866959
L247904,Trametinib,4,0,0.191021945485207,0.07550595825322452,0.37826943308303496,0.28005290866087806,0.067266280194533
L247990,Acid,0,1,0.4736194759800148,0.7537222015596537,0.41641607002742176,0.6577570366021246,0.7734488113715328
L247990,Cisplatin,0,1,0.18583642087064267,0.3653057663139146,0.41641607002742176,0.3046788470817353,0.381941327353589
L247990,CoCl2,0,1,0.22867007436383363,0.4414907512922287,0.41641607002742176,0.36631129109840455,0.4606000207252469
L247990,Dabrafenib,0,0,0.24473499838108828,0.46847857387956177,0.41641607002742176,0.38866566520358464,0.4883434817643272
L247990,Doxorubicin,0,0,0.2866788719209133,0.5342680493935298,0.41641607002742176,0.44506686988436195,0.5560243199846722
L247990,Trametinib,0,0,0.20368386704128424,0.3978277034479001,0.41641607002742176,0.3307134662108022,0.41551130917408013
L248375,Acid,2,1,0.4723002644704608,0.5564754830805619,0.3005651400190759,0.5373863555314826,0.6208204009538265
L248375,Cisplatin,2,0,0.20261025237344546,0.2123102133228364,0.3005651400190759,0.22585254724047515,0.2574581155927404
L248375,CoCl2,2,0,0.22668291955083833,0.24308272029232833,0.3005651400190759,0.2536244355713676,0.29271989848784236
L248375,Dabrafenib,2,1,0.22668291955083833,0.2430827202923284,0.3005651400190759,0.25362443557136777,0.2927198984878424
L248375,Doxorubicin,2,1,0.2819646373115759,0.31515360451394,0.3005651400190759,0.3177333236018307,0.37365382970621613
L248375,Trametinib,2,0,0.19458603455920903,0.20216578703320948,0.3005651400190759,0.21662309432191895,0.24576405722149947
L248468,Acid,3,0,0.47049894201675735,0.2800284500633928,0.16121811738440278,0.3338894669578129,0.26280294680541444
L248468,Cisplatin,3,0,0.1901270509498604,0.07445610040842693,0.16121811738440278,0.10632238632562588,0.0641993692851935
L248468,CoCl2,3,0,0.2186598922625351,0.09029195479406704,0.16121811738440278,0.125363028919539,0.07847637112161814
L248468,Dabrafenib,3,0,0.2186598922625351,0.09029195479406729,0.16121811738440278,0.125363028919539,0.07847637112161811
L248468,Doxorubicin,3,0,0.2882083795228566,0.13418992647207914,0.16121811738440278,0.17584546972459583,0.11908619773876888
L248468,Trametinib,3,0,0.19191054568686872,0.07541135591620717,0.16121811738440278,0.10748512787123356,0.06505254287534984
L248720,Acid,2,1,0.4723002644704608,0.2807695161874157,0.29827711726544676,0.5344354686243094,0.26818935791109294
L248720,Cisplatin,2,0,0.20261025237344546,0.07737396318390978,0.29827711726544676,0.22378482038599562,0.0720189123886163
L248720,CoCl2,2,0,0.22668291955083833,0.09084424576363263,0.29827711726544676,0.25138501505207733,0.08478262612891277
L248720,Dabrafenib,2,1,0.22668291955083833,0.09084424576363272,0.29827711726544676,0.25138501505207755,0.08478262612891277
L248720,Doxorubicin,2,0,0.2819646373115759,0.1252471706812583,0.29827711726544676,0.315166869086532,0.11779965955810186
L248720,Trametinib,2,0,0.19458603455920903,0.07307878074846619,0.29827711726544676,0.21461643981409556,0.06797664722308167
L24904,Acid,2,1,0.4723002644704608,0.2807695161874157,0.3793180574689316,0.6272262765531083,0.33687082800789087
L24904,Cisplatin,2,0,0.20261025237344546,0.07737396318390978,0.3793180574689316,0.297053335553862,0.09713034689779725
L24904,CoCl2,2,0,0.22668291955083833,0.09084424576363263,0.3793180574689316,0.3298499844123142,0.11379873283816695
L24904,Dabrafenib,2,0,0.22668291955083833,0.09084424576363272,0.3793180574689316,0.3298499844123145,0.11379873283816695
L24904,Doxorubicin,2,0,0.2819646373115759,0.1252471706812583,0.3793180574689316,0.40282752761497315,0.15618718019670286
L24904,Trametinib,2,0,0.19458603455920903,0.07307878074846619,0.3793180574689316,0.285989150115027,0.09181808798099032
L249292,Acid,3,1,0.47049894201675735,0.684796838430617,0.36740131675775684,0.614732700596188,0.7442581595124559
L249292,Cisplatin,3,0,0.1901270509498604,0.31003695092112366,0.36740131675775684,0.27468651426966645,0.3589926809710958
L249292,CoCl2,3,0,0.2186598922625351,0.3566692617517086,0.36740131675775684,0.3133079498222548,0.4100979066208713
L249292,Dabrafenib,3,1,0.2186598922625351,0.3566692617517094,0.36740131675775684,0.3133079498222548,0.4100979066208712
L249292,Doxorubicin,3,1,0.2882083795228566,0.4640162923299193,0.36740131675775684,0.40447422218071505,0.5246195726643104
L249292,Trametinib,3,0,0.19191054568686872,0.31299255060981934,0.36740131675775684,0.27711954075616546,0.3622469807374671
L249301,Acid,4,1,0.4785299066468458,0.28113031182063863,0.3979900933054332,0.6484622343496639,0.32364758219231127
L249301,Cisplatin,4,0,0.19815483583226198,0.0740054563390073,0.3979900933054332,0.3080525649084218,0.08579239435085305
L249301,CoCl2,4,0,0.22936006970462597,0.09098371995446658,0.3979900933054332,0.35180037415801707,0.10559539886320381
L249301,Dabrafenib,4,0,0.2240101926936385,0.08796750590531295,0.3979900933054332,0.3443908483954154,0.10207170812340938
L249301,Doxorubicin,4,0,0.2891002187573746,0.12763912778414688,0.3979900933054332,0.4319447579891243,0.14861924547433733
L249301,Trametinib,4,0,0.191021945485207,0.07032501345783615,0.3979900933054332,0.29787698034707616,0.08151918704122324
L249378,Acid,4,0,0.4785299066468458,0.6574168273474236,0.3421768092181428,0.5889824422931114,0.6513217205726117
L249378,Cisplatin,4,0,0.19815483583226198,0.28169609522892186,0.3421768092181428,0.25697216465250555,0.2681136626822334
L249378,CoCl2,4,0,0.22936006970462597,0.32937419701860654,0.3421768092181428,0.29657502647091033,0.3154783227253159
L249378,Dabrafenib,4,0,0.2240101926936385,0.32124797148097484,0.3421768092181428,0.28980860427661087,0.3073576936752139
L249378,Doxorubicin,4,0,0.2891002187573746,0.41791689589034287,0.3421768092181428,0.3713459155610454,0.40526886798519324
L249378,Trametinib,4,0,0.191021945485207,0.27070632868508077,0.3421768092181428,0.24787942240295457,0.25731528490001276
L249999,Acid,3,1,0.47049894201675735,0.8616926920741501,0.31960169213811973,0.5613992052035846,0.8383134963825613
L249999,Cisplatin,3,0,0.1901270509498604,0.5630548181371106,0.31960169213811973,0.2330120326664862,0.49944362436390066
L249999,CoCl2,3,1,0.2186598922625351,0.6138834348666127,0.31960169213811973,0.26793852376185584,0.5532850708244079
L249999,Dabrafenib,3,1,0.2186598922625351,0.6138834348666133,0.31960169213811973,0.2679385237618558,0.5532850708244078
L249999,Doxorubicin,3,1,0.2882083795228566,0.7128633890860788,0.31960169213811973,0.3526835160576648,0.6628613032387669
L249999,Trametinib,3,0,0.19191054568686872,0.5664422327677032,0.31960169213811973,0.23519562582515124,0.5029720964161382
L250048,Acid,2,1,0.4723002644704608,0.49141907427794224,0.2700271203755724,0.4981421611019659,0.46227963886138423
L250048,Cisplatin,2,0,0.20261025237344546,0.17189544994185627,0.2700271203755724,0.19954564968429145,0.1540187621004574
L250048,CoCl2,2,0,0.22668291955083833,0.19828476333443998,0.2700271203755724,0.22502298998395767,0.1785193884631098
L250048,Dabrafenib,2,0,0.22668291955083833,0.19828476333444006,0.2700271203755724,0.22502298998395784,0.17851938846310983
L250048,Doxorubicin,2,0,0.2819646373115759,0.2616652057913922,0.2700271203755724,0.28465956027874706,0.2385266826317905
L250048,Trametinib,2,0,0.19458603455920903,0.1632817934473473,0.2700271203755724,0.19112581742458778,0.14609862337361068
L25042,Acid,4,0,0.4785299066468458,0.7110805993907551,0.27388151010843753,0.5052253837415533,0.6279501230110511
L25042,Cisplatin,4,0,0.19815483583226198,0.33464962422695876,0.27388151010843753,0.1977171294512394,0.24868546980391745
L25042,CoCl2,4,1,0.22936006970462597,0.3864681798832935,0.27388151010843753,0.2310273784177298,0.29399665704168804
L25042,Dabrafenib,4,0,0.2240101926936385,0.3777267387118696,0.27388151010843753,0.2252774991222894,0.2861977918391159
L25042,Doxorubicin,4,0,0.2891002187573746,0.4793875904413403,0.27388151010843753,0.296232111626775,0.3810768762828743
L25042,Trametinib,4,0,0.191021945485207,0.32252157344271193,0.27388151010843753,0.1901844106384808,0.23841467473449932
L250608,Acid,2,0,0.4723002644704608,0.3123280499487586,0.16876117906027374,0.34586215791083347,0.3505987363312773
L250608,Cisplatin,2,0,0.20261025237344546,0.08889650017663632,0.16876117906027374,0.11722420496741376,0.10260011339678955
L250608,CoCl2,2,0,0.22668291955083833,0.10414634088636009,0.16876117906027374,0.1339498676195097,0.12008231516256077
L250608,Dabrafenib,2,0,0.22668291955083833,0.10414634088636013,0.16876117906027374,0.13394986761950978,0.12008231516256077
L250608,Doxorubicin,2,0,0.2819646373115759,0.14279558489371302,0.16876117906027374,0.17489699579214088,0.16437717292843143
L250608,Trametinib,2,0,0.19458603455920903,0.08401992822152263,0.16876117906027374,0.11179280501261359,0.09702084812897654
L25093,Acid,4,0,0.4785299066468458,0.42482109229729803,0.2821524555154229,0.5159384921566185,0.4333152941055162
L25093,Cisplatin,4,0,0.19815483583226198,0.13114408101123912,0.2821524555154229,0.2046061316515417,0.13040237719745387
L25093,CoCl2,4,0,0.22936006970462597,0.15898045440298916,0.2821524555154229,0.23873163996806454,0.15871479970306995
L25093,Dabrafenib,4,0,0.2240101926936385,0.15409218731186997,0.2821524555154229,0.23284807615617453,0.15372318560548687
L25093,Doxorubicin,4,0,0.2891002187573746,0.21650561141914318,0.2821524555154229,0.30524765575426993,0.21810391767364246
L25093,Trametinib,4,0,0.191021945485207,0.1250056249684408,0.2821524555154229,0.1968753586333074,0.12420909276116816
L251298,Acid,1,0,0.47587273821028014,0.2838807297763159,0.17657212547251724,0.35300882645679493,0.21441995659525248
L251298,Cisplatin,1,0,0.19458719593808257,0.07546505119145054,0.17657212547251724,0.11470740336546,0.04943724691902748
L251298,CoCl2,1,0,0.23560044533301658,0.09875860442751293,0.17657212547251724,0.1437952522527469,0.06579824776533252
L251298,Dabrafenib,1,0,0.23203384804524899,0.0966258507238606,0.17657212547251724,0.14118670907722888,0.06427960944293887
L251298,Doxorubicin,1,0,0.29979943088858513,0.14057529225993384,0.17657212547251724,0.1934328187664056,0.0964888964852782
L251298,Trametinib,1,0,0.19726215106258552,0.07690713164142415,0.17657212547251724,0.11654445813674831,0.050432262985426225
L251300,Acid,3,0,0.47049894201675735,0.2940412912595201,0.13129065667686102,0.28018032378202556,0.3220094416786997
L251300,Cisplatin,3,0,0.1901270509498604,0.07931520225948777,0.13129065667686102,0.08457180897247905,0.08374556863517009
L251300,CoCl2,3,0,0.2186598922625351,0.09607724459137335,0.13129065667686102,0.1001538004143288,0.10189605300593055
L251300,Dabrafenib,3,0,0.2186598922625351,0.09607724459137361,0.13129065667686102,0.1001538004143288,0.10189605300593049
L251300,Doxorubicin,3,1,0.2882083795228566,0.14234777946445465,0.13129065667686102,0.142134424650663,0.15261794365856912
L251300,Trametinib,3,0,0.19191054568686872,0.08032738842690436,0.13129065667686102,0.08551944836847503,0.08483495189740986
L25167,Acid,0,0,0.4736194759800148,0.5103750822231757,0.18067862165184015,0.35896631644389315,0.4265755316870276
L25167,Cisplatin,0,0,0.18583642087064267,0.1639035184939039,0.18067862165184015,0.11321802896741039,0.11867458730939867
L25167,CoCl2,0,0,0.22867007436383363,0.21212369602204795,0.18067862165184015,0.14414977780565394,0.15687674961059975
L25167,Dabrafenib,0,1,0.24473499838108828,0.23088680952499452,0.18067862165184015,0.15629038469585446,0.17216509519479975
L25167,Doxorubicin,0,0,0.2866788719209133,0.28094680447908854,0.18067862165184015,0.18941877619514302,0.21438673230958932
L25167,Trametinib,0,0,0.20368386704128424,0.18368439280210047,0.18067862165184015,0.12585364955314507,0.1341267892037593
L251680,Acid,3,1,0.47049894201675735,0.6735532911073193,0.35679543595208574,0.6035079304082211,0.6327025422122876
L251680,Cisplatin,3,0,0.1901270509498604,0.2991076064337819,0.35679543595208574,0.26539367038427236,0.24896686167581814
L251680,CoCl2,3,1,0.2186598922625351,0.3449178302729416,0.35679543595208574,0.3032548027646931,0.2915326946339716
L251680,Dabrafenib,3,1,0.2186598922625351,0.3449178302729423,0.35679543595208574,0.30325480276469313,0.2915326946339715
L251680,Doxorubicin,3,1,0.2882083795228566,0.45120863166770964,0.35679543595208574,0.39317069372394403,0.3951217848238253
L251680,Trametinib,3,0,0.19191054568686872,0.30200462123125155,0.35679543595208574,0.26777477381630765,0.25161527580644477
L251719,Acid,2,1,0.4723002644704608,0.8991178021526677,0.40550946473215566,0.6538017392435328,0.9107354650870215
L251719,Cisplatin,2,0,0.20261025237344546,0.6569055975852688,0.40550946473215566,0.3217125875995143,0.6836061438762561
L251719,CoCl2,2,1,0.22668291955083833,0.6952412389933527,0.40550946473215566,0.35585354379171225,0.7205931551374188
L251719,Dabrafenib,2,1,0.22668291955083833,0.6952412389933528,0.40550946473215566,0.35585354379171247,0.7205931551374188
L251719,Doxorubicin,2,1,0.2819646373115759,0.7657480819126714,0.40550946473215566,0.4308851439342774,0.7880219018536734
L251719,Trametinib,2,0,0.19458603455920903,0.6428551114842467,0.40550946473215566,0.31013515477926756,0.6700216699670567
L251893,Acid,2,0,0.4723002644704608,0.5564754830805619,0.3598478769007211,0.6064601502483425,0.6333928786751227
L251893,Cisplatin,2,1,0.20261025237344546,0.2123102133228364,0.3598478769007211,0.2790360009510556,0.26787045975163093
L251893,CoCl2,2,0,0.22668291955083833,0.24308272029232833,0.3598478769007211,0.3107227154030203,0.3039745324402163
L251893,Dabrafenib,2,0,0.22668291955083833,0.2430827202923284,0.3598478769007211,0.3107227154030205,0.30397453244021627
L251893,Doxorubicin,2,1,0.2819646373115759,0.31515360451394,0.3598478769007211,0.3818799152878985,0.38632057388079555
L251893,Trametinib,2,0,0.19458603455920903,0.20216578703320948,0.3598478769007211,0.2683866768066665,0.25586642708940444
L252275,Acid,0,1,0.4736194759800148,0.7580138399464059,0.4022969961545294,0.6437575017779161,0.7731658201951402
L252275,Cisplatin,0,0,0.18583642087064267,0.3707148697012449,0.4022969961545294,0.2917871987262514,0.38156032573691595
L252275,CoCl2,0,0,0.22867007436383363,0.44723303931663566,0.4022969961545294,0.35213251099775794,0.4601989781520239
L252275,Dabrafenib,0,0,0.24473499838108828,0.4742738033398216,0.4022969961545294,0.37413247460952165,0.48794013464867053
L252275,Doxorubicin,0,1,0.2866788719209133,0.5400502200266974,0.4022969961545294,0.4299077933348993,0.5556257767243405
L252275,Trametinib,0,0,0.20368386704128424,0.4034122847021669,0.4022969961545294,0.3172228042109619,0.4151193119847037
L252321,Acid,2,1,0.4723002644704608,0.8653896967549383,0.3662908017303317,0.6135266442870069,0.8694912613668194
L252321,Cisplatin,2,1,0.20261025237344546,0.5800235485711117,0.3662908017303317,0.28505075153162307,0.585213790465438
L252321,CoCl2,2,0,0.22668291955083833,0.6220065490168404,0.3662908017303317,0.3171200568408263,0.6274343167537741
L252321,Dabrafenib,2,1,0.22668291955083833,0.6220065490168407,0.3662908017303317,0.3171200568408265,0.6274343167537741
L252321,Doxorubicin,2,0,0.2819646373115759,0.7021990305473387,0.3662908017303317,0.3889156610989128,0.7082423423418062
L252321,Trametinib,2,0,0.19458603455920903,0.564909919607256,0.3662908017303317,0.2742591989395196,0.5700617152481988
L252770,Acid,4,0,0.4785299066468458,0.29897467523817,0.17699906033755428,0.36057961184645765,0.42264628603404714
L252770,Cisplatin,4,0,0.19815483583226198,0.08016901387354933,0.17699906033755428,0.11979472114979305,0.12553938216682964
L252770,CoCl2,4,1,0.22936006970462597,0.09841103684850079,0.17699906033755428,0.1423056257299587,0.1529817161336534
L252770,Dabrafenib,4,1,0.2240101926936385,0.09517437853277874,0.17699906033755428,0.1383665554878533,0.14813865922094885
L252770,Doxorubicin,4,0,0.2891002187573746,0.13760578088210432,0.17699906033755428,0.18861160636431393,0.2107630236822143
L252770,Trametinib,4,0,0.191021945485207,0.07620727108441683,0.17699906033755428,0.11480590481188707,0.11954530838167618
L253198,Acid,0,0,0.4736194759800148,0.6645566728657862,0.46300939505002037,0.7011011395457085,0.7120853525850364
L253198,Cisplatin,0,1,0.18583642087064267,0.27144467774456155,0.46300939505002037,0.3484445532458897,0.30924075051925176
L253198,CoCl2,0,0,0.22867007436383363,0.33849445076110846,0.46300939505002037,0.41366322255159155,0.3821854891604316
L253198,Dabrafenib,0,1,0.24473499838108828,0.3632814809282737,0.46300939505002037,0.4369149040002035,0.4087852439677642
L253198,Doxorubicin,0,1,0.2866788719209133,0.42614205154356194,0.46300939505002037,0.4946524801807714,0.47569102636878313
L253198,Trametinib,0,0,0.20368386704128424,0.29955429388310595,0.46300939505002037,0.37619557448081414,0.33993532047721114
L253300,Acid,2,0,0.4723002644704608,0.5670892342802313,0.38648340585499125,0.6347139836504863,0.5491620265255638
L253300,Cisplatin,2,0,0.20261025237344546,0.2196099482978536,0.38648340585499125,0.3038118711135974,0.2050592571514235
L253300,CoCl2,2,1,0.22668291955083833,0.25110320365539046,0.38648340585499125,0.3369969802727648,0.2354197418681541
L253300,Dabrafenib,2,0,0.22668291955083833,0.25110320365539057,0.38648340585499125,0.33699698027276503,0.23541974186815418
L253300,Doxorubicin,2,1,0.2819646373115759,0.3245324898172641,0.38648340585499125,0.4105869685314086,0.30739638633559196
L253300,Trametinib,2,0,0.19458603455920903,0.20920937036647513,0.38648340585499125,0.2926007371031984,0.1951198138047458
L25334,Acid,3,0,0.47049894201675735,0.4146843208666432,0.23849212214802706,0.4556503190233529,0.33060204493564715
L25334,Cisplatin,3,0,0.1901270509498604,0.1278074763493444,0.23849212214802706,0.165744842971287,0.08679418150212981
L25334,CoCl2,3,0,0.2186598922625351,0.15311331540748604,0.23849212214802706,0.19312740280888574,0.10552930275285316
L25334,Dabrafenib,3,0,0.2186598922625351,0.15311331540748646,0.23849212214802706,0.19312740280888574,0.10552930275285312
L25334,Doxorubicin,3,0,0.2882083795228566,0.22016197956804173,0.23849212214802706,0.2627017764856245,0.15774210107292283
L25334,Trametinib,3,0,0.19191054568686872,0.12935155634413809,0.23849212214802706,0.16743567643624585,0.08791941657325326
L253916,Acid,1,0,0.47587273821028014,0.2846492613888907,0.49266276324519204,0.7277679532275662,0.41429445236591944
L253916,Cisplatin,1,0,0.19458719593808257,0.07572901961696576,0.49266276324519204,0.3883230676913829,0.11877265596702205
L253916,CoCl2,1,0,0.23560044533301658,0.09909531796825004,0.49266276324519204,0.4514157575845481,0.15435381368495749
L253916,Dabrafenib,1,0,0.23203384804524899,0.0969560750019377,0.49266276324519204,0.44613451959008066,0.15112192335596447
L253916,Doxorubicin,1,0,0.29979943088858513,0.14103226746692055,0.49266276324519204,0.5402403042836545,0.21676569994980835
L253916,Trametinib,1,0,0.19726215106258552,0.07717572323658099,0.49266276324519204,0.39259884188960564,0.12098555879393741
L254234,Acid,3,1,0.47049894201675735,0.5202016809302542,0.25846156631555434,0.48344168894814044,0.4340278586600661
L254234,Cisplatin,3,0,0.1901270509498604,0.18317234481816755,0.25846156631555434,0.18175813572030347,0.12859998100380649
L254234,CoCl2,3,0,0.2186598922625351,0.2167165890367681,0.25846156631555434,0.21111675625163862,0.15482918874145296
L254234,Dabrafenib,3,0,0.2186598922625351,0.2167165890367686,0.25846156631555434,0.21111675625163862,0.15482918874145296
L254234,Doxorubicin,3,1,0.2882083795228566,0.3016952558218719,0.25846156631555434,0.28488367059285713,0.22529047132461372
L254234,Trametinib,3,0,0.19191054568686872,0.1852432422282446,0.25846156631555434,0.1835763808513558,0.13018993577435803
L254373,Acid,4,0,0.4785299066468458,0.6463925799308823,0.2763778042571351,0.5086359878829616,0.6545460420508439
L254373,Cisplatin,4,0,0.19815483583226198,0.271970491386302,0.2763778042571351,0.19989051374107802,0.27091489914532524
L254373,CoCl2,4,0,0.22936006970462597,0.31873292014909727,0.2763778042571351,0.2334603714730219,0.31855902951932075
L254373,Dabrafenib,4,0,0.2240101926936385,0.3107475807766089,0.2763778042571351,0.22766786691067073,0.31039505917078636
L254373,Doxorubicin,4,0,0.2891002187573746,0.4061474692341958,0.2763778042571351,0.299084708989194,0.4087028784168902
L254373,Trametinib,4,0,0.191021945485207,0.26122216519653346,0.2763778042571351,0.19229483883401496,0.2600437864698762
L254701,Acid,1,0,0.47587273821028014,0.2846492613888907,0.3589649096370224,0.5993329542342313,0.2912616497580539
L254701,Cisplatin,1,0,0.19458719593808257,0.07572901961696576,0.3589649096370224,0.2621144428609645,0.07261962411475552
L254701,CoCl2,1,0,0.23560044533301658,0.09909531796825004,0.3589649096370224,0.31527047228676025,0.09587886466965397
L254701,Dabrafenib,1,0,0.23203384804524899,0.0969560750019377,0.3589649096370224,0.3106799836951068,0.09373562012638295
L254701,Doxorubicin,1,0,0.29979943088858513,0.14103226746692055,0.3589649096370224,0.3966768904225991,0.13851977254652775
L254701,Trametinib,1,0,0.19726215106258552,0.07717572323658099,0.3589649096370224,0.2656039751879891,0.07404488313383974
L254794,Acid,1,0,0.47587273821028014,0.2846492613888907,0.15210817814684255,0.3109982256460388,0.190778642145921
L254794,Cisplatin,1,0,0.19458719593808257,0.07572901961696576,0.15210817814684255,0.0968127943647944,0.04299096350885873
L254794,CoCl2,1,0,0.23560044533301658,0.09909531796825004,0.15210817814684255,0.12198815245823795,0.0573473057751829
L254794,Dabrafenib,1,0,0.23203384804524899,0.0969560750019377,0.15210817814684255,0.11971989019124443,0.056012022480678623
L254794,Doxorubicin,1,0,0.29979943088858513,0.14103226746692055,0.15210817814684255,0.16555353398509048,0.08445247712422209
L254794,Trametinib,1,0,0.19726215106258552,0.07717572323658099,0.15210817814684255,0.09839511673359531,0.043862222998504334
L254958,Acid,1,0,0.47587273821028014,0.4006161480198365,0.32022509380974257,0.5555454091425948,0.3961409726946295
L254958,Cisplatin,1,1,0.19458719593808257,0.12097524340804745,0.32022509380974257,0.22888963039206345,0.11111177305789473
L254958,CoCl2,1,0,0.23560044533301658,0.15594680782634118,0.32022509380974257,0.2778448660886674,0.14477497260427158
L254958,Dabrafenib,1,0,0.23203384804524899,0.15278841257359338,0.32022509380974257,0.27358158520327025,0.14171003626150291
L254958,Doxorubicin,1,0,0.29979943088858513,0.2161701867667327,0.32022509380974257,0.3545919910033565,0.20424920156312817
L254958,Trametinib,1,0,0.19726215106258552,0.12317112828998084,0.32022509380974257,0.23207595736200146,0.11320027792418012
L255104,Acid,3,1,0.47049894201675735,0.4146843208666432,0.22490044374323515,0.4367164652026339,0.259735811046756
L255104,Cisplatin,3,0,0.1901270509498604,0.1278074763493444,0.22490044374323515,0.15541813102429128,0.06325123485227112
L255104,CoCl2,3,0,0.2186598922625351,0.15311331540748604,0.22490044374323515,0.18146572457197999,0.07733481024463741
L255104,Dabrafenib,3,0,0.2186598922625351,0.15311331540748646,0.22490044374323515,0.18146572457197993,0.07733481024463737
L255104,Doxorubicin,3,0,0.2882083795228566,0.22016197956804173,0.22490044374323515,0.24813090499246893,0.11742918051960644
L255104,Trametinib,3,0,0.19191054568686872,0.12935155634413809,0.22490044374323515,0.1570234457560537,0.06409267124961832
L25515,Acid,1,0,0.47587273821028014,0.58633120078254,0.28633387248203374,0.513381335748896,0.5669590514083154
L25515,Cisplatin,1,0,0.19458719593808257,0.22591733929249136,0.28633387248203374,0.20034236985321408,0.1996618055359255
L25515,CoCl2,1,0,0.23560044533301658,0.2815101867166868,0.28633387248203374,0.2451328636257296,0.2525310453026511
L25515,Dabrafenib,1,1,0.23203384804524899,0.27664224512787755,0.28633387248203374,0.24120386957154216,0.24784598171539257
L25515,Doxorubicin,1,0,0.29979943088858513,0.3690235042982693,0.28633387248203374,0.3168081749289915,0.33873875246787405
L25515,Trametinib,1,1,0.19726215106258552,0.22952070845567166,0.28633387248203374,0.20323603615683133,0.20303455708060328
L255305,Acid,2,1,0.4723002644704608,0.43322824714162195,0.3053503861422599,0.5433191541796228,0.41339622915281987
L255305,Cisplatin,2,0,0.20261025237344546,0.1410473861614739,0.3053503861422599,0.2300563671435649,0.12986000227886757
L255305,CoCl2,2,0,0.22668291955083833,0.16363672749247593,0.3053503861422599,0.2581727871913872,0.15120444133007085
L255305,Dabrafenib,2,0,0.22668291955083833,0.16363672749247604,0.3053503861422599,0.2581727871913873,0.15120444133007085
L255305,Doxorubicin,2,0,0.2819646373115759,0.2189669938919418,0.3053503861422599,0.322933930086049,0.2043137175212914
L255305,Trametinib,2,0,0.19458603455920903,0.13372989310967046,0.3053503861422599,0.22070410116473949,0.12300155704762798
L255407,Acid,3,1,0.47049894201675735,0.28393797583778135,0.3414051728325457,0.5854225108086378,0.2359111192441471
L255407,Cisplatin,3,0,0.1901270509498604,0.07579774841898737,0.3414051728325457,0.2510256344502148,0.05608396174519742
L255407,CoCl2,3,0,0.2186598922625351,0.09189062358779186,0.3414051728325457,0.28763961030083024,0.06868868578547187
L255407,Dabrafenib,3,0,0.2186598922625351,0.09189062358779211,0.3414051728325457,0.28763961030083024,0.06868868578547183
L255407,Doxorubicin,3,0,0.2882083795228566,0.13644925330968105,0.3414051728325457,0.3754202619773144,0.10480965579789457
L255407,Trametinib,3,0,0.19191054568686872,0.07676878924958747,0.3414051728325457,0.2533222816102888,0.05683583634354684
L255411,Acid,2,0,0.4723002644704608,0.3123280499487586,0.027374991111390478,0.061802250678464454,0.05564390550526224
L255411,Cisplatin,2,0,0.20261025237344546,0.08889650017663632,0.027374991111390478,0.01627484230123094,0.012324259018327306
L255411,CoCl2,2,0,0.22668291955083833,0.10414634088636009,0.027374991111390478,0.018905417198397525,0.01467576573112392
L255411,Dabrafenib,2,0,0.22668291955083833,0.10414634088636013,0.027374991111390478,0.01890541719839754,0.01467576573112392
L255411,Doxorubicin,2,0,0.2819646373115759,0.14279558489371302,0.027374991111390478,0.025729414513437524,0.02101795880899127
L255411,Trametinib,2,0,0.19458603455920903,0.08401992822152263,0.027374991111390478,0.015438970580846598,0.0115906762907746
L255751,Acid,0,0,0.4736194759800148,0.4328777043248581,0.29084327094479145,0.5181331548593663,0.4711034191269278
L255751,Cisplatin,0,1,0.18583642087064267,0.12552793042606503,0.29084327094479145,0.19688694126723008,0.13884453096950752
L255751,CoCl2,0,0,0.22867007436383363,0.1646818096685305,0.29084327094479145,0.2443780794184282,0.18219726447295737
L255751,Dabrafenib,0,0,0.24473499838108828,0.18020834599800858,0.29084327094479145,0.2623722937651787,0.19936970597416356
L255751,Doxorubicin,0,1,0.2866788719209133,0.2224585775702799,0.29084327094479145,0.30973182272550526,0.24627819054456637
L255751,Trametinib,0,0,0.20368386704128424,0.14146100184460822,0.29084327094479145,0.21657978894226657,0.1564567656905684
L256320,Acid,0,0,0.4736194759800148,0.28466937869202136,0.06350452861901326,0.13954789722929975,0.18339428417225404
L256320,Cisplatin,0,1,0.18583642087064267,0.06962987611271007,0.06350452861901326,0.035657729581256466,0.03906338200011011
L256320,CoCl2,0,0,0.22867007436383363,0.09320675900005541,0.06350452861901326,0.04651099673078817,0.053184668738096186
L256320,Dabrafenib,0,0,0.24473499838108828,0.10282400034002308,0.06350452861901326,0.050917489260187895,0.05907580771385662
L256320,Doxorubicin,0,0,0.2866788719209133,0.1298040178991264,0.06350452861901326,0.06338839694069333,0.07611344882542179
L256320,Trametinib,0,0,0.20368386704128424,0.07910975095779173,0.06350452861901326,0.040028007818466126,0.04467514418927335
L256449,Acid,2,0,0.4723002644704608,0.2807695161874157,0.10943202693288086,0.2376144844902021,0.20490778781586758
L256449,Cisplatin,2,0,0.20261025237344546,0.07737396318390978,0.10943202693288086,0.0725940860130643,0.05175204245701818
L256449,CoCl2,2,0,0.22668291955083833,0.09084424576363263,0.10943202693288086,0.08355459803962687,0.061160642840562114
L256449,Dabrafenib,2,0,0.22668291955083833,0.09084424576363272,0.10943202693288086,0.08355459803962693,0.061160642840562114
L256449,Doxorubicin,2,0,0.2819646373115759,0.1252471706812583,0.10943202693288086,0.11107215385055694,0.08584134884912249
L256449,Trametinib,2,0,0.19458603455920903,0.07307878074846619,0.10943202693288086,0.06906876193877548,0.048787508113606076
L257082,Acid,1,1,0.47587273821028014,0.8195939416729653,0.38368074461294266,0.6261959750783442,0.8745607679875169
L257082,Cisplatin,1,1,0.19458719593808257,0.4833237326117391,0.38368074461294266,0.28459894350316234,0.570535458363176
L257082,CoCl2,1,1,0.23560044533301658,0.5567042004287511,0.38368074461294266,0.3402124081953805,0.642742410846831
L257082,Dabrafenib,1,1,0.23203384804524899,0.5507251152365571,0.38368074461294266,0.3354366618332875,0.6369873132369451
L257082,Doxorubicin,1,1,0.29979943088858513,0.6521200891329875,0.38368074461294266,0.42407048075984916,0.7317512151040303
L257082,Trametinib,1,0,0.19726215106258552,0.4884420963077858,0.38368074461294266,0.28827087002035134,0.5756669002610392
L257154,Acid,4,1,0.4785299066468458,0.923231199568567,0.40752142416707016,0.6581536647092249,0.9346148972904135
L257154,Cisplatin,4,1,0.19815483583226198,0.7107878817834941,0.40752142416707016,0.31724774490358987,0.7370655080372427
L257154,CoCl2,4,1,0.22936006970462597,0.7547781877588792,0.40752142416707016,0.36161895104995584,0.7790873387538767
L257154,Dabrafenib,4,1,0.2240101926936385,0.7478607058643562,0.40752142416707016,0.35411560315153284,0.772500489134768
L257154,Doxorubicin,4,1,0.2891002187573746,0.8181624133110349,0.40752142416707016,0.4424732501904331,0.839083869668567
L257154,Trametinib,4,1,0.191021945485207,0.6993565465408147,0.40752142416707016,0.30690314257514045,0.7261182785345842
L257749,Acid,0,0,0.4736194759800148,0.28466937869202136,0.2265717885952427,0.4296397518325303,0.2116697286446069
L257749,Cisplatin,0,0,0.18583642087064267,0.06962987611271007,0.2265717885952427,0.14657112673566136,0.046349139077161754
L257749,CoCl2,0,0,0.22867007436383363,0.09320675900005541,0.2265717885952427,0.18471703096008507,0.06293171748218822
L257749,Dabrafenib,0,0,0.24473499838108828,0.10282400034002308,0.2265717885952427,0.19947795871393367,0.06982289448335015
L257749,Doxorubicin,0,0,0.2866788719209133,0.1298040178991264,0.2265717885952427,0.23916571439860354,0.08966466404718117
L257749,Trametinib,0,0,0.20368386704128424,0.07910975095779173,0.2265717885952427,0.16224804572420026,0.05294988435378368
L258435,Acid,2,0,0.4723002644704608,0.28798107904013687,0.1700959714523986,0.348277276846555,0.3063445367366514
L258435,Cisplatin,2,0,0.20261025237344546,0.07994198058564067,0.1700959714523986,0.11833158118806256,0.08552674617707808
L258435,CoCl2,2,0,0.22668291955083833,0.0938138784504659,0.1700959714523986,0.13519104850219127,0.10042534418503105
L258435,Dabrafenib,2,0,0.22668291955083833,0.09381387845046599,0.1700959714523986,0.13519104850219138,0.10042534418503105
L258435,Doxorubicin,2,1,0.2819646373115759,0.12918161513286344,0.1700959714523986,0.17644029471083733,0.13861153550434924
L258435,Trametinib,2,0,0.19458603455920903,0.07551591043043948,0.1700959714523986,0.11285543205433099,0.08079232338156525
L258506,Acid,1,0,0.47587273821028014,0.2846492613888907,0.3869317495771147,0.6292544621044706,0.2919048992970535
L258506,Cisplatin,1,0,0.19458719593808257,0.07572901961696576,0.3869317495771147,0.2872711993138974,0.07282962355295958
L258506,CoCl2,1,0,0.23560044533301658,0.09909531796825004,0.3869317495771147,0.34315637275685584,0.09614915109964216
L258506,Dabrafenib,1,0,0.23203384804524899,0.0969560750019377,0.3869317495771147,0.3383604936945889,0.09400049283172669
L258506,Doxorubicin,1,0,0.29979943088858513,0.14103226746692055,0.3869317495771147,0.42727017353983165,0.13889179922436068
L258506,Trametinib,1,1,0.19726215106258552,0.07717572323658099,0.3869317495771147,0.29096358099074354,0.07425867407171159
L258524,Acid,0,0,0.4736194759800148,0.49514238329406246,0.32189420577313715,0.555866463246135,0.5258017662368354
L258524,Cisplatin,0,1,0.18583642087064267,0.15572279292250174,0.32189420577313715,0.22200374388408947,0.16715776844154273
L258524,CoCl2,0,0,0.22867007436383363,0.2021180226005783,0.32189420577313715,0.27349018816528214,0.2171220638711713
L258524,Dabrafenib,0,1,0.24473499838108828,0.22024350207040155,0.32189420577313715,0.29279737655595417,0.23663376257444077
L258524,Doxorubicin,0,0,0.2866788719209133,0.26880236833841414,0.32189420577313715,0.3430943366355893,0.2891434948129925
L258524,Trametinib,0,1,0.20368386704128424,0.17472268776063238,0.32189420577313715,0.24344727663523455,0.1875791888024441
L258800,Acid,2,0,0.4723002644704608,0.28798107904013687,0.0891728685595123,0.19687316877319536,0.24062915543199173
L258800,Cisplatin,2,0,0.20261025237344546,0.07994198058564067,0.0891728685595123,0.05799476827599398,0.06288564667030337
L258800,CoCl2,2,0,0.22668291955083833,0.0938138784504659,0.0891728685595123,0.06691005533740932,0.07416005312398323
L258800,Dabrafenib,2,0,0.22668291955083833,0.09381387845046599,0.0891728685595123,0.06691005533740937,0.07416005312398323
L258800,Doxorubicin,2,0,0.2819646373115759,0.12918161513286344,0.0891728685595123,0.08948118544238379,0.10350817602799443
L258800,Trametinib,2,0,0.19458603455920903,0.07551591043043948,0.0891728685595123,0.055136268266098555,0.05932324084804121
L259056,Acid,4,0,0.4785299066468458,0.40620275718381477,0.3486383408752612,0.5962347608561143,0.4673975441412186
L259056,Cisplatin,4,0,0.19815483583226198,0.12265193975772988,0.3486383408752612,0.2627497531499307,0.14683250289550603
L259056,CoCl2,4,0,0.22936006970462597,0.14899489279662376,0.3486383408752612,0.30288006402208445,0.1779820527229364
L259056,Dabrafenib,4,0,0.2240101926936385,0.1443609557083698,0.3486383408752612,0.2960303294126805,0.1725087336729309
L259056,Doxorubicin,4,0,0.2891002187573746,0.20378237673848631,0.3486383408752612,0.37838547374974074,0.24250256278497948
L259056,Trametinib,4,0,0.191021945485207,0.11685751411523455,0.3486383408752612,0.25352232941379016,0.1399845058685632
L259385,Acid,3,0,0.47049894201675735,0.28393797583778135,0.2653664628858892,0.492307319243011,0.2179322876400575
L259385,Cisplatin,3,0,0.1901270509498604,0.07579774841898737,0.2653664628858892,0.18709514786829334,0.050896907736530786
L259385,CoCl2,3,0,0.2186598922625351,0.09189062358779186,0.2653664628858892,0.21708711954573318,0.06241293758375491
L259385,Dabrafenib,3,0,0.2186598922625351,0.09189062358779211,0.2653664628858892,0.21708711954573318,0.06241293758375491
L259385,Doxorubicin,3,0,0.2882083795228566,0.13644925330968105,0.2653664628858892,0.2921675482414107,0.09557238219166296
L259385,Trametinib,3,0,0.19191054568686872,0.07676878924958747,0.2653664628858892,0.18895445348793066,0.05158304363896715
L259644,Acid,0,0,0.4736194759800148,0.5115146125449378,0.2732772420192685,0.49509954348721363,0.412069881208828
L259644,Cisplatin,0,0,0.18583642087064267,0.16452941753388745,0.2732772420192685,0.1827191176787598,0.112583415778214
L259644,CoCl2,0,1,0.22867007436383363,0.2128868482927187,0.2732772420192685,0.22776200997583873,0.1491566348194963
L259644,Dabrafenib,0,0,0.24473499838108828,0.2316976140253872,0.2732772420192685,0.24492932248758686,0.16383882181916345
L259644,Doxorubicin,0,0,0.2866788719209133,0.2818689779638529,0.2732772420192685,0.2903797852977503,0.20452300429111647
L259644,Trametinib,0,0,0.20368386704128424,0.18436917227790545,0.2732772420192685,0.20135016352734647,0.127357117027972
L260364,Acid,0,0,0.4736194759800148,0.6303847650381779,0.29725742439266317,0.5260233845700221,0.6789792537980982
L260364,Cisplatin,0,0,0.18583642087064267,0.24285236810136374,0.29725742439266317,0.2019352555745069,0.2768541416763362
L260364,CoCl2,0,0,0.22867007436383363,0.30580399285362186,0.29725742439266317,0.25026463962268947,0.3459858543176845
L260364,Dabrafenib,0,0,0.24473499838108828,0.3293891716958623,0.29725742439266317,0.26853825708707524,0.3715814654401509
L260364,Doxorubicin,0,0,0.2866788719209133,0.3899771015393171,0.29725742439266317,0.3165331648616828,0.4368978828468899
L260364,Trametinib,0,0,0.20368386704128424,0.2690947079774682,0.29725742439266317,0.22199346815086018,0.30575700516109156
L260458,Acid,4,0,0.4785299066468458,0.7689336696645321,0.3416436803208973,0.588261180314025,0.7325115724554874
L260458,Cisplatin,4,0,0.19815483583226198,0.40478471045176656,0.3416436803208973,0.2564038457601457,0.3494027685085228
L260458,CoCl2,4,1,0.22936006970462597,0.4599557672179213,0.3416436803208973,0.2959540080483902,0.40321630844273226
L260458,Dabrafenib,4,0,0.2240101926936385,0.45077337566227904,0.3416436803208973,0.28919592942117134,0.39413761792159036
L260458,Doxorubicin,4,1,0.2891002187573746,0.5545730994537541,0.3416436803208973,0.37065082852008646,0.49974751913430865
L260458,Trametinib,4,1,0.191021945485207,0.39161092142322296,0.3416436803208973,0.2473245193432173,0.33683721646373416
L260546,Acid,1,1,0.47587273821028014,0.4172781131200817,0.44860972611205685,0.6892144287734748,0.40868910821295973
L260546,Cisplatin,1,0,0.19458719593808257,0.1285001353508123,0.44860972611205685,0.34496520447912876,0.11637126105460312
L260546,CoCl2,1,0,0.23560044533301658,0.16523808794754982,0.44860972611205685,0.40568553374231586,0.15135658489416776
L260546,Dabrafenib,1,0,0.23203384804524899,0.16192761691258467,0.44860972611205685,0.40054866845976994,0.14817645474981334
L260546,Doxorubicin,1,0,0.29979943088858513,0.22807998864071088,0.44860972611205685,0.49360832500608776,0.21286161788602026
L260546,Trametinib,1,0,0.19726215106258552,0.13081228206688,0.44860972611205685,0.3490359900494468,0.11854544124332089
L260648,Acid,4,0,0.4785299066468458,0.29897467523817,0.24802399224867866,0.4695932226912476,0.3072931513893067
L260648,Cisplatin,4,0,0.19815483583226198,0.08016901387354933,0.24802399224867866,0.17605554770361473,0.08003489725919835
L260648,CoCl2,4,0,0.22936006970462597,0.09841103684850079,0.24802399224867866,0.20665641487852923,0.09865233889512934
L260648,Dabrafenib,4,0,0.2240101926936385,0.09517437853277874,0.24802399224867866,0.20135426283955474,0.09533564033746296
L260648,Doxorubicin,4,0,0.2891002187573746,0.13760578088210432,0.24802399224867866,0.26737438127344215,0.13928785053745912
L260648,Trametinib,4,0,0.191021945485207,0.07620727108441683,0.24802399224867866,0.16917407996023986,0.07602461557421146
L261529,Acid,0,0,0.4736194759800148,0.28466937869202136,0.18388381948535448,0.363729731032408,0.21491765124691145
L261529,Cisplatin,0,0,0.18583642087064267,0.06962987611271007,0.18388381948535448,0.11530699432140894,0.04721225581592972
L261529,CoCl2,0,0,0.22867007436383363,0.09320675900005541,0.18388381948535448,0.14671503623588877,0.06408288540291049
L261529,Dabrafenib,0,0,0.24473499838108828,0.10282400034002308,0.18388381948535448,0.15903154868168906,0.07109055490886795
L261529,Doxorubicin,0,0,0.2866788719209133,0.1298040178991264,0.18388381948535448,0.19260833301065697,0.09125721745444249
L261529,Trametinib,0,0,0.20368386704128424,0.07910975095779173,0.18388381948535448,0.12814206353533564,0.05392896950808686
L261918,Acid,0,1,0.4736194759800148,0.41687445602687223,0.23493558967725914,0.44186570329120733,0.3387106226415331
L261918,Cisplatin,0,0,0.18583642087064267,0.1185127757596139,0.23493558967725914,0.1529013917863199,0.08484632133902685
L261918,CoCl2,0,0,0.22867007436383363,0.15586854988823068,0.23493558967725914,0.1923235136069636,0.11356209269430281
L261918,Dabrafenib,0,0,0.24473499838108828,0.17073399163724073,0.23493558967725914,0.20753755164219037,0.1252563424242337
L261918,Doxorubicin,0,1,0.2866788719209133,0.21133556904734843,0.23493558967725914,0.24833139736784704,0.1581721246707169
L261918,Trametinib,0,0,0.20368386704128424,0.13369155432558244,0.23493558967725914,0.16912120879090128,0.09637552585023472
L261955,Acid,1,0,0.47587273821028014,0.2838807297763159,0.04158951297846022,0.09227955797190304,0.1755810639722564
L261955,Cisplatin,1,0,0.19458719593808257,0.07546505119145054,0.04158951297846022,0.023572773228133517,0.03899889727063885
L261955,CoCl2,1,0,0.23560044533301658,0.09875860442751293,0.04158951297846022,0.030342506553241683,0.052094701970475304
L261955,Dabrafenib,1,0,0.23203384804524899,0.0966258507238606,0.04158951297846022,0.029720631727153238,0.050875120411617215
L261955,Doxorubicin,1,0,0.29979943088858513,0.14057529225993384,0.04158951297846022,0.042773096455161246,0.07691981486956026
L261955,Trametinib,1,0,0.19726215106258552,0.07690713164142415,0.04158951297846022,0.02398984516734058,0.03979261710543753
L262018,Acid,4,0,0.4785299066468458,0.29897467523817,0.17347356295879854,0.3547361254188033,0.27027077779970554
L262018,Cisplatin,4,0,0.19815483583226198,0.08016901387354933,0.17347356295879854,0.11713850275954119,0.06771584394013151
L262018,CoCl2,4,0,0.22936006970462597,0.09841103684850079,0.17347356295879854,0.13922922359188594,0.08372847722472893
L262018,Dabrafenib,4,0,0.2240101926936385,0.09517437853277874,0.17347356295879854,0.1353618698945018,0.08086850394374566
L262018,Doxorubicin,4,0,0.2891002187573746,0.13760578088210432,0.17347356295879854,0.18474977895797287,0.11902853742695826
L262018,Trametinib,4,0,0.191021945485207,0.07620727108441683,0.17347356295879854,0.1122461976238551,0.06427969932991202
L262260,Acid,2,0,0.4723002644704608,0.41824820551231073,0.38291969448298013,0.631008537866508,0.49491182076252327
L262260,Cisplatin,2,0,0.20261025237344546,0.13378550711129356,0.38291969448298013,0.3004493113862807,0.1718449880204635
L262260,CoCl2,2,0,0.22668291955083833,0.15542226908653953,0.38291969448298013,0.33344304632329536,0.19851590928790172
L262260,Dabrafenib,2,1,0.22668291955083833,0.15542226908653958,0.38291969448298013,0.3334430463232955,0.19851590928790172
L262260,Doxorubicin,2,1,0.2819646373115759,0.20866797340549004,0.38291969448298013,0.40673306012871574,0.26309210966219726
L262260,Trametinib,2,1,0.19458603455920903,0.1267891472075863,0.38291969448298013,0.28931069637481693,0.16318499029437455
L262482,Acid,1,1,0.47587273821028014,0.29525690538904675,0.08390463065467176,0.18295760244440504,0.17265940177130937
L262482,Cisplatin,1,0,0.19458719593808257,0.07941543330523236,0.08390463065467176,0.05049192600059444,0.038244526272877756
L262482,CoCl2,1,0,0.23560044533301658,0.10379144962857745,0.08390463065467176,0.06448189203618065,0.0511004836249089
L262482,Dabrafenib,1,0,0.23203384804524899,0.10156225664285312,0.08390463065467176,0.06320593330230148,0.04990295221787627
L262482,Doxorubicin,1,0,0.29979943088858513,0.14739064960258655,0.08390463065467176,0.0896061067456745,0.07548954481249828
L262482,Trametinib,1,1,0.19726215106258552,0.08092639490158116,0.08390463065467176,0.0513602248466574,0.03902351632406549
L263044,Acid,3,0,0.47049894201675735,0.2800284500633928,0.05825322238974753,0.13244118393354723,0.22616521885741028
L263044,Cisplatin,3,0,0.1901270509498604,0.07445610040842693,0.05825322238974753,0.03496663766526282,0.053249310554747506
L263044,CoCl2,3,0,0.2186598922625351,0.09029195479406704,0.05825322238974753,0.041826683228928796,0.06526100096656513
L263044,Dabrafenib,3,0,0.2186598922625351,0.09029195479406729,0.05825322238974753,0.041826683228928775,0.06526100096656513
L263044,Doxorubicin,3,0,0.2882083795228566,0.13418992647207914,0.05825322238974753,0.061016620287090456,0.09977257583872746
L263044,Trametinib,3,0,0.19191054568686872,0.07541135591620717,0.05825322238974753,0.03537992603313003,0.05396535580312833
L263321,Acid,2,1,0.4723002644704608,0.2807695161874157,0.2761960475078902,0.5066293206646693,0.3162427120193197
L263321,Cisplatin,2,0,0.20261025237344546,0.07737396318390978,0.2761960475078902,0.20502377716066947,0.08920773345509336
L263321,CoCl2,2,0,0.22668291955083833,0.09084424576363263,0.2761960475078902,0.23099870247578677,0.10467415586169188
L263321,Dabrafenib,2,0,0.22668291955083833,0.09084424576363272,0.2761960475078902,0.23099870247578697,0.10467415586169188
L263321,Doxorubicin,2,0,0.2819646373115759,0.1252471706812583,0.2761960475078902,0.29162303391566013,0.144216928905451
L263321,Trametinib,2,0,0.19458603455920903,0.07307878074846619,0.2761960475078902,0.19642951877580314,0.08428832705344902
L263433,Acid,3,0,0.47049894201675735,0.28393797583778135,0.09063863459397216,0.20166297381550344,0.34021218170011785
L263433,Cisplatin,3,0,0.1901270509498604,0.07579774841898737,0.09063863459397216,0.0565639563160912,0.09027291753455184
L263433,CoCl2,3,0,0.2186598922625351,0.09189062358779186,0.09063863459397216,0.06736536436068699,0.10966876966975367
L263433,Dabrafenib,3,0,0.2186598922625351,0.09189062358779211,0.09063863459397216,0.06736536436068699,0.10966876966975363
L263433,Doxorubicin,3,1,0.2882083795228566,0.13644925330968105,0.09063863459397216,0.09708515026965332,0.1635551592282954
L263433,Trametinib,3,0,0.19191054568686872,0.07676878924958747,0.09063863459397216,0.05721737922954864,0.09143873654442561
L263517,Acid,2,1,0.4723002644704608,0.7408487915399654,0.20560481972221537,0.40514651778137967,0.6604417328502062
L263517,Cisplatin,2,0,0.20261025237344546,0.38047300148455976,0.20560481972221537,0.14606898062528448,0.29173122173381766
L263517,CoCl2,2,0,0.22668291955083833,0.4225443155888251,0.20560481972221537,0.16613570030432162,0.3296034553089042
L263517,Dabrafenib,2,0,0.22668291955083833,0.4225443155888252,0.20560481972221537,0.16613570030432173,0.3296034553089042
L263517,Doxorubicin,2,0,0.2819646373115759,0.5118428804891139,0.20560481972221537,0.21448502641341796,0.4147551542118974
L263517,Trametinib,2,0,0.19458603455920903,0.36602730975318815,0.20560481972221537,0.13951231769345063,0.27906549335464464
L263548,Acid,2,0,0.4723002644704608,0.39649715616030917,0.24817884600925652,0.46811615506501336,0.3300034635587652
L263548,Cisplatin,2,1,0.20261025237344546,0.1236828129632373,0.24817884600925652,0.18102569115754508,0.09445414100298449
L263548,CoCl2,2,0,0.22668291955083833,0.1439572306507918,0.24817884600925652,0.20474328161871239,0.11071958679898754
L263548,Dabrafenib,2,0,0.22668291955083833,0.14395723065079188,0.24817884600925652,0.20474328161871252,0.11071958679898747
L263548,Doxorubicin,2,0,0.2819646373115759,0.19417819921724852,0.24817884600925652,0.26081403158199906,0.15215802093320852
L263548,Trametinib,2,0,0.19458603455920903,0.1171433286036891,0.24817884600925652,0.17321820321871925,0.08927377683346244
L263554,Acid,3,0,0.47049894201675735,0.5202016809302542,0.3236505233521908,0.5661741758676473,0.559263612137474
L263554,Cisplatin,3,0,0.1901270509498604,0.18317234481816755,0.3236505233521908,0.2364999879658326,0.19626807480620004
L263554,CoCl2,3,0,0.2186598922625351,0.2167165890367681,0.3236505233521908,0.2717640465258289,0.2326146060304044
L263554,Dabrafenib,3,0,0.2186598922625351,0.2167165890367686,0.3236505233521908,0.27176404652582886,0.23261460603040432
L263554,Doxorubicin,3,0,0.2882083795228566,0.3016952558218719,0.3236505233521908,0.3571287302574757,0.32486839802534073
L263554,Trametinib,3,1,0.19191054568686872,0.1852432422282446,0.3236505233521908,0.23870609454302943,0.19850406771735615
L263788,Acid,0,0,0.4736194759800148,0.6100485939741226,0.28058882628636866,0.50450531245563,0.5213120264016359
L263788,Cisplatin,0,0,0.18583642087064267,0.22732885458520039,0.28058882628636866,0.18840484741898353,0.16466700306302196
L263788,CoCl2,0,0,0.22867007436383363,0.2877859900051456,0.28058882628636866,0.2344472832926508,0.2140781670229726
L263788,Dabrafenib,0,0,0.24473499838108828,0.31060329316991436,0.28058882628636866,0.25195408770676114,0.2333978755809093
L263788,Doxorubicin,0,1,0.2866788719209133,0.36964040239391555,0.28058882628636866,0.29819330417744083,0.28545806822723785
L263788,Trametinib,0,0,0.20368386704128424,0.2524530489819386,0.28058882628636866,0.2074684712160028,0.18485166897840732
L263872,Acid,4,0,0.4785299066468458,0.4343535892129345,0.2662183112749895,0.49527899395057934,0.5879528399642189
L263872,Cisplatin,4,0,0.19815483583226198,0.1356408285446726,0.2662183112749895,0.1914817475572805,0.21864856044294942
L263872,CoCl2,4,0,0.22936006970462597,0.16425123627085533,0.2662183112749895,0.22403484416591787,0.26038365444391753
L263872,Dabrafenib,4,0,0.2240101926936385,0.15923158911457905,0.2662183112749895,0.21840956717290588,0.2531567163870835
L263872,Doxorubicin,4,0,0.2891002187573746,0.2231774654903519,0.2662183112749895,0.28800517975466305,0.3423354651366029
L263872,Trametinib,4,0,0.191021945485207,0.1293232217737924,0.2662183112749895,0.1841320651324559,0.20927275883955948
L263990,Acid,1,1,0.47587273821028014,0.6428113769578303,0.38531548306306307,0.6280744480167877,0.7084458899897343
L263990,Cisplatin,1,0,0.19458719593808257,0.2703709557512545,0.38531548306306307,0.28623736541455397,0.31647561531319807
L263990,CoCl2,1,1,0.23560044533301658,0.3322081648368591,0.38531548306306307,0.342017930520896,0.3853821391861152
L263990,Dabrafenib,1,0,0.23203384804524899,0.32686237017278247,0.38531548306306307,0.3372297934152193,0.3794836780001046
L263990,Doxorubicin,1,0,0.29979943088858513,0.4261344800349973,0.38531548306306307,0.426033674274917,0.48737105077843507
L263990,Trametinib,1,0,0.19726215106258552,0.27443198751982234,0.38531548306306307,0.28992186424501926,0.32103011451792335
L264326,Acid,2,0,0.4723002644704608,0.4245481799777996,0.2555056120233113,0.47832793432810894,0.2885590832501051
L264326,Cisplatin,2,0,0.20261025237344546,0.1368083254411842,0.2555056120233113,0.18717867129110793,0.07909941522171825
L264326,CoCl2,2,0,0.22668291955083833,0.15884431133047336,0.2555056120233113,0.21149422931673142,0.09299223868744104
L264326,Dabrafenib,2,0,0.22668291955083833,0.15884431133047341,0.2555056120233113,0.2114942293167316,0.09299223868744104
L264326,Doxorubicin,2,0,0.2819646373115759,0.2129667474206737,0.2555056120233113,0.26878890743303335,0.12875657581147695
L264326,Trametinib,2,0,0.19458603455920903,0.12967755162945213,0.2555056120233113,0.17916386503877393,0.07469172396850868
L264836,Acid,3,1,0.47049894201675735,0.39977177328716923,0.2504056565078677,0.47201869155824433,0.3074267105514809
L264836,Cisplatin,3,0,0.1901270509498604,0.12107732641015342,0.2504056565078677,0.17504786500429353,0.07870049863522569
L264836,CoCl2,3,1,0.2186598922625351,0.14527255064875266,0.2504056565078677,0.20359229187697545,0.09587195781765558
L264836,Dabrafenib,3,0,0.2186598922625351,0.14527255064875302,0.2504056565078677,0.2035922918769754,0.09587195781765555
L264836,Doxorubicin,3,0,0.2882083795228566,0.20973805639098703,0.2504056565078677,0.2756487276870294,0.14407622600713774
L264836,Trametinib,3,0,0.19191054568686872,0.12255152216451416,0.2504056565078677,0.17681348840945704,0.07972996509641708
L264933,Acid,1,1,0.47587273821028014,0.4158230698941236,0.30963289537095795,0.5423937428491018,0.38137118361085165
L264933,Cisplatin,1,1,0.19458719593808257,0.12783116011857792,0.30963289537095795,0.21964934940100417,0.10511911228095329
L264933,CoCl2,1,0,0.23560044533301658,0.16441393610034288,0.30963289537095795,0.2673133740422139,0.1372470642891186
L264933,Dabrafenib,1,0,0.23203384804524899,0.16111678970316778,0.30963289537095795,0.2631528038976471,0.13431646693345267
L264933,Doxorubicin,1,0,0.29979943088858513,0.2270276463322885,0.30963289537095795,0.34253126953422675,0.19433149769599195
L264933,Trametinib,1,0,0.19726215106258552,0.1301330671248022,0.30963289537095795,0.2227442011410891,0.10710854939011336
L264962,Acid,3,1,0.47049894201675735,0.8249567524111996,0.36968164816373683,0.617520241377709,0.8005222782933489
L264962,Cisplatin,3,0,0.1901270509498604,0.49361197615630037,0.36968164816373683,0.27704089949874505,0.4357579164085062
L264962,CoCl2,3,1,0.2186598922625351,0.5460052672842712,0.36968164816373683,0.3158492133448976,0.4894469894214241
L264962,Dabrafenib,3,0,0.2186598922625351,0.546005267284272,0.36968164816373683,0.3158492133448976,0.489446989421424
L264962,Doxorubicin,3,1,0.2882083795228566,0.6525368443002103,0.36968164816373683,0.40731632816159713,0.603459400227061
L264962,Trametinib,3,0,0.19191054568686872,0.4970568655385766,0.36968164816373683,0.2794867441953326,0.43923126613613517
L265375,Acid,2,0,0.4723002644704608,0.2807695161874157,0.3149920415919451,0.5551119846217945,0.2534438802655813
L265375,Cisplatin,2,0,0.20261025237344546,0.07737396318390978,0.3149920415919451,0.2386022741860227,0.06707067933771899
L265375,CoCl2,2,0,0.22668291955083833,0.09084424576363263,0.3149920415919451,0.26740040228829426,0.0790321183670094
L265375,Dabrafenib,2,0,0.22668291955083833,0.09084424576363272,0.3149920415919451,0.2674004022882944,0.0790321183670094
L265375,Doxorubicin,2,0,0.2819646373115759,0.1252471706812583,0.3149920415919451,0.3334358323766418,0.11007907294128558
L265375,Trametinib,2,0,0.19458603455920903,0.07307878074846619,0.3149920415919451,0.2290059299592045,0.06328720664877087
L265836,Acid,0,0,0.4736194759800148,0.6809143931064897,0.3715451915648113,0.6119504078168974,0.7252136273439078
L265836,Cisplatin,0,0,0.18583642087064267,0.2863873209605783,0.3715451915648113,0.264460531134589,0.3232813381846505
L265836,CoCl2,0,0,0.22867007436383363,0.3553279322343734,0.3715451915648113,0.321721663196245,0.39763151820888104
L265836,Dabrafenib,0,0,0.24473499838108828,0.38063833916347706,0.3715451915648113,0.3428270542101175,0.42456753277236176
L265836,Doxorubicin,0,0,0.2866788719209133,0.44440603277561697,0.3715451915648113,0.396894965310166,0.4919072009906059
L265836,Trametinib,0,0,0.20368386704128424,0.31537450075915163,0.3715451915648113,0.28848435621519,0.3546540158585764
L265837,Acid,1,0,0.47587273821028014,0.4158230698941236,0.1675874341036173,0.3383157582934592,0.39731556630272513
L265837,Cisplatin,1,0,0.19458719593808257,0.12783116011857792,0.1675874341036173,0.10827313103344388,0.11159741678733585
L265837,CoCl2,1,0,0.23560044533301658,0.16441393610034288,0.1675874341036173,0.13597997313696703,0.1453836855884238
L265837,Dabrafenib,1,0,0.23203384804524899,0.16111678970316778,0.1675874341036173,0.13349110032201816,0.14230800690019155
L265837,Doxorubicin,1,0,0.29979943088858513,0.2270276463322885,0.1675874341036173,0.18349791659776196,0.2050480219807977
L265837,Trametinib,1,0,0.19726215106258552,0.1301330671248022,0.1675874341036173,0.11001994608748436,0.1136938824522915
L265944,Acid,3,0,0.47049894201675735,0.4146843208666432,0.2786851377627234,0.5105298271489241,0.4731177633654934
L265944,Cisplatin,3,0,0.1901270509498604,0.1278074763493444,0.2786851377627234,0.19843601707798048,0.14734338722154214
L265944,CoCl2,3,0,0.2186598922625351,0.15311331540748604,0.2786851377627234,0.22973219499021366,0.17662064531560126
L265944,Dabrafenib,3,0,0.2186598922625351,0.15311331540748646,0.2786851377627234,0.22973219499021366,0.17662064531560118
L265944,Doxorubicin,3,0,0.2882083795228566,0.22016197956804173,0.2786851377627234,0.3074684546758252,0.2540184047005416
L265944,Trametinib,3,0,0.19191054568686872,0.12935155634413809,0.2786851377627234,0.20038024434771373,0.1491254197864922
L2660,Acid,3,0,0.47049894201675735,0.2800284500633928,0.23599601607215595,0.45242127467071175,0.27054690080375793
L2660,Cisplatin,3,0,0.1901270509498604,0.07445610040842693,0.23599601607215595,0.16395148383300143,0.0666199770547345
L2660,CoCl2,3,0,0.2186598922625351,0.09029195479406704,0.23599601607215595,0.19110563407606856,0.08138846898036019
L2660,Dabrafenib,3,0,0.2186598922625351,0.09029195479406729,0.23599601607215595,0.19110563407606856,0.08138846898036019
L2660,Doxorubicin,3,0,0.2882083795228566,0.13418992647207914,0.23599601607215595,0.2601865273364129,0.12330360759336469
L2660,Trametinib,3,0,0.19191054568686872,0.07541135591620717,0.23599601607215595,0.16562765461592988,0.06750299872131507
L266331,Acid,2,0,0.4723002644704608,0.5018237267619,0.19704093365424102,0.3917431185859458,0.5813973175887666
L266331,Cisplatin,2,0,0.20261025237344546,0.17790138769314331,0.19704093365424102,0.13923048319645848,0.22727860991651794
L266331,CoCl2,2,1,0.22668291955083833,0.204984495971043,0.19704093365424102,0.15853215209499516,0.25985346669272136
L266331,Dabrafenib,2,1,0.22668291955083833,0.2049844959710431,0.19704093365424102,0.15853215209499527,0.25985346669272136
L266331,Doxorubicin,2,0,0.2819646373115759,0.2697858179908219,0.19704093365424102,0.20521324011082792,0.3360173706429439
L266331,Trametinib,2,1,0.19458603455920903,0.1690482114294914,0.19704093365424102,0.13293299748675502,0.21655556285333105
L26658,Acid,1,0,0.47587273821028014,0.2846492613888907,0.08749990516945932,0.1897213496608611,0.26876318385873843
L26658,Cisplatin,1,0,0.19458719593808257,0.07572901961696576,0.08749990516945932,0.052674272873631786,0.06545047074271403
L26658,CoCl2,1,0,0.23560044533301658,0.09909531796825004,0.08749990516945932,0.06722609778899849,0.0866280042879647
L26658,Dabrafenib,1,0,0.23203384804524899,0.0969560750019377,0.08749990516945932,0.06589966222519524,0.08467218419781226
L26658,Doxorubicin,1,0,0.29979943088858513,0.14103226746692055,0.08749990516945932,0.0933128931382915,0.12572682931569323
L26658,Trametinib,1,0,0.19726215106258552,0.07717572323658099,0.08749990516945932,0.05357798339948129,0.06674515209991147
L266998,Acid,3,1,0.47049894201675735,0.8213245507922706,0.40862159805452963,0.6569597055613894,0.8983356374781213
L266998,Cisplatin,3,1,0.1901270509498604,0.4873766677243239,0.40862159805452963,0.31250182842193885,0.6296950031915695
L266998,CoCl2,3,1,0.2186598922625351,0.539813645024519,0.40862159805452963,0.353846300640784,0.6785436009033401
L266998,Dabrafenib,3,1,0.2186598922625351,0.5398136450245199,0.40862159805452963,0.353846300640784,0.6785436009033401
L266998,Doxorubicin,3,1,0.2882083795228566,0.6468584208378045,0.40862159805452963,0.44909397855666067,0.770158335172763
L266998,Trametinib,3,1,0.19191054568686872,0.49082021930571823,0.40862159805452963,0.3151242792067878,0.6329800334607929
L267278,Acid,1,1,0.47587273821028014,0.2838807297763159,0.06727248417988958,0.14791030927523566,0.15877064508389235
L267278,Cisplatin,1,0,0.19458719593808257,0.07546505119145054,0.06727248417988958,0.03959015004076244,0.034714452280668585
L267278,CoCl2,1,0,0.23560044533301658,0.09875860442751293,0.06727248417988958,0.050720878845915564,0.046441069983610486
L267278,Dabrafenib,1,1,0.23203384804524899,0.0966258507238606,0.06727248417988958,0.049702754163817815,0.045347512898462755
L267278,Doxorubicin,1,0,0.29979943088858513,0.14057529225993384,0.06727248417988958,0.07088965081539884,0.06876746497525915
L267278,Trametinib,1,1,0.19726215106258552,0.07690713164142415,0.06727248417988958,0.04027892624642354,0.03542418781571678
L267504,Acid,0,1,0.4736194759800148,0.2913335192140022,0.34242956787692197,0.5796644154364542,0.34714643323187255
L267504,Cisplatin,0,0,0.18583642087064267,0.07176496068223485,0.34242956787692197,0.23920657811338386,0.08779892950547231
L267504,CoCl2,0,0,0.22867007436383363,0.09599020016883097,0.34242956787692197,0.2931792047769632,0.11738581646428665
L267504,Dabrafenib,0,0,0.24473499838108828,0.10586111354471528,0.34242956787692197,0.3132769892088256,0.12941633410368086
L267504,Doxorubicin,0,0,0.2866788719209133,0.13351944255669992,0.34242956787692197,0.3652748805797605,0.1632213269869446
L267504,Trametinib,0,0,0.20368386704128424,0.08151005317126969,0.34242956787692197,0.2617526986554694,0.099685641433133
L267510,Acid,2,0,0.4723002644704608,0.5292323397866742,0.17642074465900878,0.3584268319916102,0.5404134655489081
L267510,Cisplatin,2,0,0.20261025237344546,0.19452632190532285,0.17642074465900878,0.1230451902172331,0.19936835709339587
L267510,CoCl2,2,0,0.22668291955083833,0.2234524304898659,0.17642074465900878,0.14046923869374725,0.22912912339385716
L267510,Dabrafenib,2,1,0.22668291955083833,0.22345243048986602,0.17642074465900878,0.1404692386937474,0.2291291233938571
L267510,Doxorubicin,2,0,0.2819646373115759,0.2919480494610228,0.17642074465900878,0.1829881908682764,0.29993697204331626
L267510,Trametinib,2,0,0.19458603455920903,0.18503202372375924,0.17642074465900878,0.11737994602450808,0.18963895318262738
L267658,Acid,3,1,0.47049894201675735,0.8342581528533043,0.352060025147117,0.5987145818224634,0.8344520499107485
L267658,Cisplatin,3,1,0.1901270509498604,0.5100636589865408,0.352060025147117,0.2615145329453047,0.4923896035747909
L267658,CoCl2,3,1,0.2186598922625351,0.5622642668076838,0.352060025147117,0.299047547130251,0.5463005444215213
L267658,Dabrafenib,3,1,0.2186598922625351,0.5622642668076845,0.352060025147117,0.299047547130251,0.5463005444215212
L267658,Doxorubicin,3,1,0.2882083795228566,0.6673053267573313,0.352060025147117,0.3884113926543654,0.6565264624737143
L267658,Trametinib,3,1,0.19191054568686872,0.5135069342703554,0.352060025147117,0.26387333442714,0.4959176137929007
L267678,Acid,0,0,0.4736194759800148,0.28466937869202136,0.2401135623246813,0.4495334114099345,0.23081899301349937
L267678,Cisplatin,0,0,0.18583642087064267,0.06962987611271007,0.2401135623246813,0.15696490249928177,0.051519665862459
L267678,CoCl2,0,0,0.22867007436383363,0.09320675900005541,0.2401135623246813,0.19719082382925254,0.06981670111179283
L267678,Dabrafenib,0,0,0.24473499838108828,0.10282400034002308,0.2401135623246813,0.21268850474949083,0.07739952851900465
L267678,Doxorubicin,0,0,0.2866788719209133,0.1298040178991264,0.2401135623246813,0.2541700917315162,0.09916483556758991
L267678,Trametinib,0,0,0.20368386704128424,0.07910975095779173,0.2401135623246813,0.17352747578210975,0.05881135353102524
L267695,Acid,2,1,0.4723002644704608,0.5564754830805619,0.4600155274264027,0.7049568547674313,0.6929649709445252
L267695,Cisplatin,2,0,0.20261025237344546,0.2123102133228364,0.4600155274264027,0.37503176800582677,0.3233898966545634
L267695,CoCl2,2,1,0.22668291955083833,0.24308272029232833,0.4600155274264027,0.4113991427897853,0.3632641005168035
L267695,Dabrafenib,2,0,0.22668291955083833,0.2430827202923284,0.4600155274264027,0.41139914278978545,0.36326410051680347
L267695,Doxorubicin,2,0,0.2819646373115759,0.31515360451394,0.4600155274264027,0.489247099002358,0.4512583636250847
L267695,Trametinib,2,1,0.19458603455920903,0.20216578703320948,0.4600155274264027,0.36256118481277105,0.3099511827051762
L267807,Acid,1,0,0.47587273821028014,0.58633120078254,0.3632270174413973,0.6045366111185586,0.5965205503493134
L267807,Cisplatin,1,0,0.19458719593808257,0.22591733929249136,0.3632270174413973,0.26633648037366925,0.21979248627289627
L267807,CoCl2,1,1,0.23560044533301658,0.2815101867166868,0.3632270174413973,0.31997743579960863,0.2761529505713258
L267807,Dabrafenib,1,0,0.23203384804524899,0.27664224512787755,0.3632270174413973,0.3153499754380974,0.27118864217591576
L267807,Doxorubicin,1,0,0.29979943088858513,0.3690235042982693,0.3632270174413973,0.4018858999492796,0.3664709788372854
L267807,Trametinib,1,1,0.19726215106258552,0.22952070845567166,0.3632270174413973,0.2698616641653653,0.22341036741987402
L268052,Acid,3,1,0.47049894201675735,0.2800284500633928,0.2427150066092438,0.4616286566806358,0.31080696951001785
L268052,Cisplatin,3,0,0.1901270509498604,0.07445610040842693,0.2427150066092438,0.16910109863553682,0.07985581484622656
L268052,CoCl2,3,0,0.2186598922625351,0.09029195479406704,0.2427150066092438,0.1969072689648772,0.09725274031193229
L268052,Dabrafenib,3,1,0.2186598922625351,0.09029195479406729,0.2427150066092438,0.19690726896487715,0.09725274031193225
L268052,Doxorubicin,3,0,0.2882083795228566,0.13418992647207914,0.2427150066092438,0.26739208534932135,0.14603912428997068
L268052,Trametinib,3,0,0.19191054568686872,0.07541135591620717,0.2427150066092438,0.17081916011530762,0.08089906675965448
L268355,Acid,4,0,0.4785299066468458,0.4343535892129345,0.3178084799895464,0.5603926563015912,0.4507225691551264
L268355,Cisplatin,4,0,0.19815483583226198,0.1356408285446726,0.3178084799895464,0.2352733543667555,0.13861754706661925
L268355,CoCl2,4,0,0.22936006970462597,0.16425123627085533,0.3178084799895464,0.2727597230801791,0.16836827067286106
L268355,Dabrafenib,4,0,0.2240101926936385,0.15923158911457905,0.3178084799895464,0.26633092832909233,0.16313192405231725
L268355,Doxorubicin,4,0,0.2891002187573746,0.2231774654903519,0.3178084799895464,0.3444666718320569,0.23038041841852508
L268355,Trametinib,4,0,0.191021945485207,0.1293232217737924,0.3178084799895464,0.22671413528809686,0.13209336149614903
L268453,Acid,2,0,0.4723002644704608,0.5152190142896127,0.3128842341968674,0.5526705742369946,0.5268753276467539
L268453,Cisplatin,2,0,0.20261025237344546,0.18587628342593437,0.3128842341968674,0.23681192033952578,0.1908264452197707
L268453,CoCl2,2,0,0.22668291955083833,0.2138576390467288,0.3128842341968674,0.26546930246846806,0.21966195172457664
L268453,Dabrafenib,2,1,0.22668291955083833,0.2138576390467289,0.3128842341968674,0.2654693024684683,0.21966195172457662
L268453,Doxorubicin,2,0,0.2819646373115759,0.2804744131920041,0.3128842341968674,0.33124346655237824,0.2886396149984067
L268453,Trametinib,2,0,0.19458603455920903,0.1767115475674063,0.3128842341968674,0.22726608954038383,0.18141943894337095
L268666,Acid,0,0,0.4736194759800148,0.41687445602687223,0.2597012403654627,0.4777087754653606,0.4731746335883364
L268666,Cisplatin,0,0,0.18583642087064267,0.1185127757596139,0.2597012403654627,0.17255104342011982,0.1398411967599776
L268666,CoCl2,0,0,0.22867007436383363,0.15586854988823068,0.2597012403654627,0.21574905513295964,0.18343883875243625
L268666,Dabrafenib,0,0,0.24473499838108828,0.17073399163724073,0.2597012403654627,0.23228326072917221,0.2006995825722023
L268666,Doxorubicin,0,0,0.2866788719209133,0.21133556904734843,0.2597012403654627,0.2762455892650901,0.2478241122573041
L268666,Trametinib,0,0,0.20368386704128424,0.13369155432558244,0.2597012403654627,0.19038681895451776,0.157556726345344
L268930,Acid,4,0,0.4785299066468458,0.2968821351175162,0.1854747990687877,0.3744704675440973,0.25097395558000485
L268930,Cisplatin,4,0,0.19815483583226198,0.07943437728876447,0.1854747990687877,0.1262410039704793,0.06165907874862209
L268930,CoCl2,4,0,0.22936006970462597,0.09752696145749848,0.1854747990687877,0.14975714918210106,0.07635678452521794
L268930,Dabrafenib,4,1,0.2240101926936385,0.09431633792632509,0.1854747990687877,0.1456468436980343,0.07372835015203338
L268930,Doxorubicin,4,0,0.2891002187573746,0.13642287806611342,0.1854747990687877,0.19792829590343336,0.10891836939818839
L268930,Trametinib,4,0,0.191021945485207,0.07550595825322452,0.1854747990687877,0.1210206441125363,0.05851098705426461
L269067,Acid,2,0,0.4723002644704608,0.2807695161874157,0.15274569112954964,0.31777042019464247,0.2277890299765026
L269067,Cisplatin,2,0,0.20261025237344546,0.07737396318390978,0.15274569112954964,0.10472977492946374,0.05879567311797021
L269067,CoCl2,2,0,0.22668291955083833,0.09084424576363263,0.15274569112954964,0.11991488178122148,0.06939110845823308
L269067,Dabrafenib,2,1,0.22668291955083833,0.09084424576363272,0.15274569112954964,0.11991488178122157,0.06939110845823308
L269067,Doxorubicin,2,0,0.2819646373115759,0.1252471706812583,0.15274569112954964,0.1573511629288586,0.09704979730157007
L269067,Trametinib,2,1,0.19458603455920903,0.07307878074846619,0.15274569112954964,0.0998118298666533,0.05545125020112315
L269103,Acid,3,1,0.47049894201675735,0.2800284500633928,0.11967147319017409,0.2578559669523989,0.18576213544231035
L269103,Cisplatin,3,0,0.1901270509498604,0.07445610040842693,0.11967147319017409,0.07618369415650678,0.042057748255528285
L269103,CoCl2,3,0,0.2186598922625351,0.09029195479406704,0.11967147319017409,0.09037278366836071,0.05168271992474516
L269103,Dabrafenib,3,0,0.2186598922625351,0.09029195479406729,0.11967147319017409,0.09037278366836067,0.05168271992474516
L269103,Doxorubicin,3,0,0.2882083795228566,0.13418992647207914,0.11967147319017409,0.12884059752158672,0.07962544596077265
L269103,Trametinib,3,0,0.19191054568686872,0.07541135591620717,0.11967147319017409,0.07704525399975991,0.04263007657263634
L269961,Acid,4,1,0.4785299066468458,0.8931400227247168,0.3973717403930805,0.6480026458206541,0.9069579491751123
L269961,Cisplatin,4,0,0.19815483583226198,0.6307315135939235,0.3973717403930805,0.30762311503140594,0.6565542734216679
L269961,CoCl2,4,1,0.22936006970462597,0.6814413090387891,0.3973717403930805,0.3513409033724488,0.7063163675818188
L269961,Dabrafenib,4,1,0.2240101926936385,0.6733503727512884,0.3973717403930805,0.34393592009370544,0.6983997044042678
L269961,Doxorubicin,4,1,0.2891002187573746,0.7576960886374023,0.3973717403930805,0.43145028594121293,0.7805084407537759
L269961,Trametinib,4,0,0.191021945485207,0.6178372028443089,0.3973717403930805,0.29745561792579456,0.6438745818290948
L270293,Acid,3,1,0.47049894201675735,0.49646697042869636,0.3472741178040619,0.5934395321453008,0.5822070835988987
L270293,Cisplatin,3,0,0.1901270509498604,0.1693861859591082,0.3472741178040619,0.2573054485158924,0.21146487659301236
L270293,CoCl2,3,1,0.2186598922625351,0.20102711365257653,0.3472741178040619,0.29447525398772756,0.24975117212159365
L270293,Dabrafenib,3,1,0.2186598922625351,0.20102711365257703,0.3472741178040619,0.29447525398772756,0.2497511721215936
L270293,Doxorubicin,3,0,0.2882083795228566,0.28206909496947064,0.3472741178040619,0.38321975967522254,0.3457392336959203
L270293,Trametinib,3,1,0.19191054568686872,0.17133391376060741,0.3472741178040619,0.2596396328936909,0.21382793951587784
L27072,Acid,2,0,0.4723002644704608,0.2807695161874157,0.17243492261408855,0.35186575473880144,0.2524877292360567
L27072,Cisplatin,2,0,0.20261025237344546,0.07737396318390978,0.17243492261408855,0.11998700774457836,0.06675477554272925
L27072,CoCl2,2,0,0.22668291955083833,0.09084424576363263,0.17243492261408855,0.1370456726637988,0.0786646265015846
L27072,Dabrafenib,2,0,0.22668291955083833,0.09084424576363272,0.17243492261408855,0.13704567266379886,0.0786646265015846
L27072,Doxorubicin,2,1,0.2819646373115759,0.1252471706812583,0.17243492261408855,0.17874383907755964,0.10958439346938992
L27072,Trametinib,2,0,0.19458603455920903,0.07307878074846619,0.17243492261408855,0.11444419304956611,0.06298791990652297
L270871,Acid,0,0,0.4736194759800148,0.2913335192140022,0.20686841366421793,0.40089090264692434,0.23208778983889608
L270871,Cisplatin,0,0,0.18583642087064267,0.07176496068223485,0.20686841366421793,0.13236766357045854,0.051869329282865806
L270871,CoCl2,0,0,0.22867007436383363,0.09599020016883097,0.20686841366421793,0.1675427334780145,0.07028134458163526
L270871,Dabrafenib,0,0,0.24473499838108828,0.10586111354471528,0.20686841366421793,0.18123633169050915,0.07791041028481996
L270871,Doxorubicin,0,0,0.2866788719209133,0.13351944255669992,0.20686841366421793,0.2182844019154662,0.09980383992602038
L270871,Trametinib,0,0,0.20368386704128424,0.08151005317126969,0.20686841366421793,0.1467867038801068,0.05920741630792875
L270914,Acid,4,1,0.4785299066468458,0.42482109229729803,0.3230931172216749,0.5667151103856038,0.489336464108783
L270914,Cisplatin,4,1,0.19815483583226198,0.13114408101123912,0.3230931172216749,0.2399297106790651,0.15819380966712707
L270914,CoCl2,4,0,0.22936006970462597,0.15898045440298916,0.3230931172216749,0.27788838740283145,0.1912134017969615
L270914,Dabrafenib,4,1,0.2240101926936385,0.15409218731186997,0.3230931172216749,0.2713838215189239,0.1854249748980671
L270914,Doxorubicin,4,0,0.2891002187573746,0.21650561141914318,0.3230931172216749,0.3502941903752271,0.25901903733594817
L270914,Trametinib,4,1,0.191021945485207,0.1250056249684408,0.3230931172216749,0.23125231951360758,0.1509096665973241
L271069,Acid,0,1,0.4736194759800148,0.7329093448364284,0.34716632695835936,0.5851084299733945,0.7166311251014956
L271069,Cisplatin,0,1,0.18583642087064267,0.34039410152936317,0.34716632695835936,0.24330392397885497,0.3140196936959351
L271069,CoCl2,0,0,0.22867007436383363,0.4147789456926779,0.34716632695835936,0.29783911788219897,0.3874593974737144
L271069,Dabrafenib,0,0,0.24473499838108828,0.44142445827287186,0.34716632695835936,0.31811257621487027,0.41418013657682634
L271069,Doxorubicin,0,1,0.2866788719209133,0.5070389350713094,0.34716632695835936,0.37048007924742477,0.4812501514004668
L271069,Trametinib,0,0,0.20368386704128424,0.37199810403973016,0.34716632695835936,0.26610115781291194,0.34495173128681417
L271165,Acid,2,0,0.4723002644704608,0.3123280499487586,0.21692503589457746,0.4226392950676666,0.3143293172452435
L271165,Cisplatin,2,0,0.20261025237344546,0.08889650017663632,0.21692503589457746,0.15529601156843262,0.08849021625431186
L271165,CoCl2,2,0,0.22668291955083833,0.10414634088636009,0.21692503589457746,0.1763685203684571,0.10384642263858
L271165,Dabrafenib,2,0,0.22668291955083833,0.10414634088636013,0.21692503589457746,0.17636852036845727,0.10384642263858
L271165,Doxorubicin,2,0,0.2819646373115759,0.14279558489371302,0.21692503589457746,0.22688555506773608,0.14312648975157582
L271165,Trametinib,2,0,0.19458603455920903,0.08401992822152263,0.21692503589457746,0.1483971471314403,0.08360674555217389
L271521,Acid,4,1,0.4785299066468458,0.7005627807252821,0.4033894946493583,0.654092373734892,0.7855722103015335
L271521,Cisplatin,4,1,0.19815483583226198,0.32346604003444945,0.4033894946493583,0.3133617412290691,0.4180876033410374
L271521,CoCl2,4,1,0.22936006970462597,0.3745276688956964,0.4033894946493583,0.3574740081914864,0.4747602093175584
L271521,Dabrafenib,4,0,0.2240101926936385,0.3658952386225335,0.4033894946493583,0.3500095106360414,0.46532668536626215
L271521,Doxorubicin,4,1,0.2891002187573746,0.4667602951964075,0.4033894946493583,0.4380374594219839,0.5720026417661248
L271521,Trametinib,4,1,0.191021945485207,0.3115535080966288,0.4033894946493583,0.30308760098516874,0.4045880333426718
L271524,Acid,4,0,0.4785299066468458,0.29897467523817,0.2779203998007762,0.5108102029728127,0.3177450338775715
L271524,Cisplatin,4,1,0.19815483583226198,0.08016901387354933,0.2779203998007762,0.20128560214124847,0.0836909822571521
L271524,CoCl2,4,0,0.22936006970462597,0.09841103684850079,0.2779203998007762,0.23502093249008574,0.10306361215002453
L271524,Dabrafenib,4,0,0.2240101926936385,0.09517437853277874,0.2779203998007762,0.22920128559400377,0.09961499688023506
L271524,Doxorubicin,4,0,0.2891002187573746,0.13760578088210432,0.2779203998007762,0.3009117329938184,0.14522339815477434
L271524,Trametinib,4,0,0.191021945485207,0.07620727108441683,0.2779203998007762,0.19364974551921327,0.07951333997769042
L271709,Acid,0,0,0.4736194759800148,0.4071129074576573,0.17823067318123115,0.3549200754493086,0.3748630511529291
L271709,Cisplatin,0,0,0.18583642087064267,0.11436743547907993,0.17823067318123115,0.11146019846084866,0.09791447467996625
L271709,CoCl2,0,0,0.22867007436383363,0.15063987301675968,0.17823067318123115,0.1419885947247454,0.13042277074952707
L271709,Dabrafenib,0,0,0.24473499838108828,0.16510418188569034,0.17823067318123115,0.1539799300549831,0.1435720643337097
L271709,Doxorubicin,0,1,0.2866788719209133,0.20469742880520056,0.17823067318123115,0.18672696919636048,0.1803088652966083
L271709,Trametinib,0,0,0.20368386704128424,0.12909304394549506,0.17823067318123115,0.12392705377639424,0.11100403410112737
L27195,Acid,3,0,0.47049894201675735,0.28393797583778135,0.04873272563321256,0.11236525027424626,0.1867736294277546
L27195,Cisplatin,3,0,0.1901270509498604,0.07579774841898737,0.04873272563321256,0.029169472163375256,0.0423274338324222
L27195,CoCl2,3,0,0.2186598922625351,0.09189062358779186,0.04873272563321256,0.034933352180867065,0.05201077247655327
L27195,Dabrafenib,3,0,0.2186598922625351,0.09189062358779211,0.04873272563321256,0.03493335218086705,0.05201077247655327
L27195,Doxorubicin,3,0,0.2882083795228566,0.13644925330968105,0.04873272563321256,0.05112941540992946,0.08011587892863704
L27195,Trametinib,3,0,0.19191054568686872,0.07676878924958747,0.04873272563321256,0.029516336630490133,0.042903267707921126
L272178,Acid,0,0,0.4736194759800148,0.283084547091898,0.14714216717824222,0.3015682230186181,0.23867497259844264
L272178,Cisplatin,0,0,0.18583642087064267,0.06912653697676831,0.14714216717824222,0.08962098476261995,0.05369918631408948
L272178,CoCl2,0,0,0.22867007436383363,0.09254994172494373,0.14714216717824222,0.1149415151756217,0.07271093191567117
L272178,Dabrafenib,0,0,0.24473499838108828,0.10210704271472079,0.14714216717824222,0.12498137469896523,0.08058087189845974
L272178,Doxorubicin,0,1,0.2866788719209133,0.1289259711728003,0.14714216717824222,0.15267420072499188,0.10314078332280523
L272178,Trametinib,0,0,0.20368386704128424,0.07854366914430409,0.14714216717824222,0.09991981151244991,0.061279416369864136
L272183,Acid,4,0,0.4785299066468458,0.5382092447681907,0.2154763013615258,0.4220930798054419,0.4581467634108835
L272183,Cisplatin,4,0,0.19815483583226198,0.192362425825754,0.2154763013615258,0.14985826465103047,0.14223203170664342
L272183,CoCl2,4,0,0.22936006970462597,0.22975677691882995,0.2154763013615258,0.17688321241049318,0.1726030668058986
L272183,Dabrafenib,4,0,0.2240101926936385,0.2232700360844781,0.2154763013615258,0.17217916077727677,0.16726150467812362
L272183,Doxorubicin,4,0,0.2891002187573746,0.30364530677637697,0.2154763013615258,0.23140503643047797,0.23573282528925557
L272183,Trametinib,4,0,0.191021945485207,0.18396523346376897,0.2154763013615258,0.14382203055041848,0.13556449994261668
L272263,Acid,2,1,0.4723002644704608,0.49141907427794224,0.29457860520789403,0.5301421059715913,0.546662566971229
L272263,Cisplatin,2,0,0.20261025237344546,0.17189544994185627,0.29457860520789403,0.22080346732859968,0.2034192973816044
L272263,CoCl2,2,0,0.22668291955083833,0.19828476333443998,0.29457860520789403,0.24815351376154243,0.23360832799588033
L272263,Dabrafenib,2,0,0.22668291955083833,0.19828476333444006,0.29457860520789403,0.2481535137615426,0.23360832799588033
L272263,Doxorubicin,2,0,0.2819646373115759,0.2616652057913922,0.29457860520789403,0.31145658073766597,0.3052522621658777
L272263,Trametinib,2,0,0.19458603455920903,0.1632817934473473,0.29457860520789403,0.21172391488497866,0.1935399914957967
L272915,Acid,0,1,0.4736194759800148,0.5439837276231255,0.35159130944905476,0.5901293985967553,0.44198200686876865
L272915,Cisplatin,0,0,0.18583642087064267,0.18323506360856895,0.35159130944905476,0.2471389500916524,0.1253924342561111
L272915,CoCl2,0,0,0.22867007436383363,0.23554035626654451,0.35159130944905476,0.30219045793148536,0.1653513923840442
L272915,Dabrafenib,0,0,0.24473499838108828,0.25570252901259855,0.35159130944905476,0.32262401446958416,0.1812880470529528
L272915,Doxorubicin,0,0,0.2866788719209133,0.3089814462152227,0.35159130944905476,0.3753254061939084,0.22513853078194063
L272915,Trametinib,0,0,0.20368386704128424,0.20477757390804432,0.35159130944905476,0.27016722462130394,0.14157882777296318
L273363,Acid,1,0,0.47587273821028014,0.2846492613888907,0.08767850041652445,0.1899557336466083,0.22862247657405996
L273363,Cisplatin,1,0,0.19458719593808257,0.07572901961696576,0.08767850041652445,0.05275036959947472,0.053455419407865044
L273363,CoCl2,1,0,0.23560044533301658,0.09909531796825004,0.08767850041652445,0.06732172307387731,0.07104682240813628
L273363,Dabrafenib,1,0,0.23203384804524899,0.0969560750019377,0.08767850041652445,0.06599353422039525,0.06941604700932119
L273363,Doxorubicin,1,0,0.29979943088858513,0.14103226746692055,0.08767850041652445,0.09344190815736017,0.1039132835246201
L273363,Trametinib,1,0,0.19726215106258552,0.07717572323658099,0.08767850041652445,0.053655311739876525,0.05452666954272572
L273392,Acid,3,0,0.47049894201675735,0.41162743156168125,0.1992773426333102,0.3967429616542529,0.44306445785197107
L273392,Cisplatin,3,0,0.1901270509498604,0.12640861625122612,0.1992773426333102,0.13502059543040168,0.13276923219481457
L273392,CoCl2,3,0,0.2186598922625351,0.15148558729236597,0.1992773426333102,0.1582903279428502,0.15969296197996447
L273392,Dabrafenib,3,0,0.2186598922625351,0.15148558729236636,0.1992773426333102,0.1582903279428502,0.15969296197996447
L273392,Doxorubicin,3,0,0.2882083795228566,0.21800495045802287,0.1992773426333102,0.21871652146556908,0.23176073240273692
L273392,Trametinib,3,1,0.19191054568686872,0.12793827519936513,0.1992773426333102,0.13644926203095875,0.13440278332445038
L273673,Acid,4,1,0.4785299066468458,0.8230538939508997,0.440951447505535,0.6897613999450369,0.8706135354721075
L273673,Cisplatin,4,1,0.19815483583226198,0.487329903270117,0.440951447505535,0.34920805297442775,0.5688905672067547
L273673,CoCl2,4,0,0.22936006970462597,0.5434788753241772,0.440951447505535,0.39546019558976914,0.6240818292007708
L273673,Dabrafenib,4,0,0.2240101926936385,0.5342786822176825,0.440951447505535,0.3876810919897457,0.6151562352239563
L273673,Doxorubicin,4,1,0.2891002187573746,0.6350728713057935,0.440951447505535,0.47821292376358776,0.7105345530019476
L273673,Trametinib,4,0,0.191021945485207,0.47360724789037795,0.440951447505535,0.3383377427346922,0.5551672020561165
L274269,Acid,3,0,0.47049894201675735,0.49646697042869636,0.3802617772464861,0.6291556913771806,0.4390902630807486
L274269,Cisplatin,3,0,0.1901270509498604,0.1693861859591082,0.3802617772464861,0.28707613137885774,0.13092402796135336
L274269,CoCl2,3,0,0.2186598922625351,0.20102711365257653,0.3802617772464861,0.3266550347411451,0.15754155029761074
L274269,Dabrafenib,3,0,0.2186598922625351,0.20102711365257703,0.3802617772464861,0.3266550347411451,0.15754155029761074
L274269,Doxorubicin,3,0,0.2882083795228566,0.28206909496947064,0.3802617772464861,0.4193334102218755,0.22890289059360078
L274269,Trametinib,3,0,0.19191054568686872,0.17133391376060741,0.3802617772464861,0.28957508549567,0.13253834593235309
L274645,Acid,0,0,0.4736194759800148,0.41687445602687223,0.3380438393296439,0.5751933889455825,0.48304087792498474
L274645,Cisplatin,0,1,0.18583642087064267,0.1185127757596139,0.3380438393296439,0.23588786623159866,0.14466561855062363
L274645,CoCl2,0,1,0.22867007436383363,0.15586854988823068,0.3380438393296439,0.2893965228330475,0.18943609714119286
L274645,Dabrafenib,0,0,0.24473499838108828,0.17073399163724073,0.3380438393296439,0.3093484888395505,0.20711801874021168
L274645,Doxorubicin,0,1,0.2866788719209133,0.21133556904734843,0.3380438393296439,0.36103713615681715,0.2552683049350825
L274645,Trametinib,0,0,0.20368386704128424,0.13369155432558244,0.3380438393296439,0.2582273561586782,0.1628765917392065
L274730,Acid,4,0,0.4785299066468458,0.2968821351175162,0.26216577359003457,0.4893790031703448,0.44912386423460193
L274730,Cisplatin,4,0,0.19815483583226198,0.07943437728876447,0.26216577359003457,0.187853771860669,0.13784804981697638
L274730,CoCl2,4,1,0.22936006970462597,0.09752696145749848,0.26216577359003457,0.21995788486769335,0.16746572867689855
L274730,Dabrafenib,4,0,0.2240101926936385,0.09431633792632509,0.26216577359003457,0.21440669068978788,0.16225197522150248
L274730,Doxorubicin,4,1,0.2891002187573746,0.13642287806611342,0.26216577359003457,0.28318894387315585,0.22923708889379268
L274730,Trametinib,4,0,0.191021945485207,0.07550595825322452,0.26216577359003457,0.18061223541491317,0.13135455860789305
L2749,Acid,1,1,0.47587273821028014,0.6223467851199352,0.3052518908025984,0.5370156555470486,0.5732785368628551
L2749,Cisplatin,1,0,0.19458719593808257,0.2533532278813607,0.3052518908025984,0.21596115014998357,0.20381416534345786
L2749,CoCl2,1,0,0.23560044533301658,0.31296778004584136,0.3052518908025984,0.2630946680705667,0.25742926369477614
L2749,Dabrafenib,1,0,0.23203384804524899,0.307788894732426,0.3052518908025984,0.2589765506708947,0.2526840464355771
L2749,Doxorubicin,1,0,0.29979943088858513,0.4047513416010818,0.3052518908025984,0.3376725723203139,0.3445383480443578
L2749,Trametinib,1,0,0.19726215106258552,0.2572487712471081,0.3052518908025984,0.21901862059613297,0.2072388971186072
L274951,Acid,3,1,0.47049894201675735,0.9073920419157245,0.3820914526874257,0.631037355280724,0.9210601956576066
L274951,Cisplatin,3,0,0.1901270509498604,0.6695937310565788,0.3820914526874257,0.28873126222020956,0.6918710999241904
L274951,CoCl2,3,1,0.2186598922625351,0.714317125955824,0.3820914526874257,0.3284332325828735,0.7359569926129523
L274951,Dabrafenib,3,1,0.2186598922625351,0.7143171259558247,0.3820914526874257,0.3284332325828735,0.7359569926129522
L274951,Doxorubicin,3,1,0.2882083795228566,0.7961025111936552,0.3820914526874257,0.4213004544858295,0.8156543778221631
L274951,Trametinib,3,0,0.19191054568686872,0.6726354128992618,0.3820914526874257,0.2912387382807129,0.6948718300040826
L275000,Acid,4,0,0.4785299066468458,0.2968821351175162,0.30398515983267355,0.543609776051029,0.2973958510812972
L275000,Cisplatin,4,0,0.19815483583226198,0.07943437728876447,0.30398515983267355,0.22328184283666153,0.07664723424292495
L275000,CoCl2,4,0,0.22936006970462597,0.09752696145749848,0.30398515983267355,0.259505949667886,0.09455764587072052
L275000,Dabrafenib,4,0,0.2240101926936385,0.09431633792632509,0.30398515983267355,0.253280742928754,0.09136465695059262
L275000,Doxorubicin,4,1,0.2891002187573746,0.13642287806611342,0.30398515983267355,0.3293063246425142,0.13375681788065852
L275000,Trametinib,4,0,0.191021945485207,0.07550595825322452,0.30398515983267355,0.21503620298907838,0.07279326582717391
L275170,Acid,4,1,0.4785299066468458,0.42482109229729803,0.35286735169061384,0.6012150445381764,0.5325224634925938
L275170,Cisplatin,4,0,0.19815483583226198,0.13114408101123912,0.35286735169061384,0.26678501454567566,0.18260539039878146
L275170,CoCl2,4,1,0.22936006970462597,0.15898045440298916,0.35286735169061384,0.3072747689234669,0.21939241263754333
L275170,Dabrafenib,4,0,0.2240101926936385,0.15409218731186997,0.35286735169061384,0.3003684698323029,0.21297557650791943
L275170,Doxorubicin,4,0,0.2891002187573746,0.21650561141914318,0.35286735169061384,0.3832734057472632,0.29356357746093265
L275170,Trametinib,4,0,0.191021945485207,0.1250056249684408,0.35286735169061384,0.25746536734126696,0.1744301125267617
L275355,Acid,1,1,0.47587273821028014,0.7799886003919931,0.31468471363969674,0.549102032824642,0.79175247116744
L275355,Cisplatin,1,1,0.19458719593808257,0.4219609356515461,0.31468471363969674,0.22432271624931518,0.4201048922527954
L275355,CoCl2,1,1,0.23560044533301658,0.49494964241702505,0.31468471363969674,0.27264653972756303,0.49522715102718273
L275355,Dabrafenib,1,0,0.23203384804524899,0.4889023213762554,0.31468471363969674,0.26843337343634494,0.48898503264488324
L275355,Doxorubicin,1,1,0.29979943088858513,0.5939629429411245,0.31468471363969674,0.34865100780935065,0.5980019506473653
L275355,Trametinib,1,0,0.19726215106258552,0.4269664706623291,0.31468471363969674,0.22746422167240973,0.4252229715126392
L275594,Acid,0,0,0.4736194759800148,0.283084547091898,0.08570022104619511,0.1855400548266754,0.3128975823820761
L275594,Cisplatin,0,0,0.18583642087064267,0.06912653697676831,0.08570022104619511,0.0493745633110305,0.0761522684235173
L275594,CoCl2,0,0,0.22867007436383363,0.09254994172494373,0.08570022104619511,0.06412524587507734,0.10225435939480701
L275594,Dabrafenib,0,0,0.24473499838108828,0.10210704271472079,0.08570022104619511,0.07007787799964496,0.11293252526251274
L275594,Doxorubicin,0,0,0.2866788719209133,0.1289259711728003,0.08570022104619511,0.08681236922225284,0.14313970709310384
L275594,Trametinib,0,0,0.20368386704128424,0.07854366914430409,0.08570022104619511,0.05532954510973618,0.08661190349542257
L275878,Acid,4,1,0.4785299066468458,0.7190221724936162,0.33027887644353765,0.5750870577438197,0.6211555344929299
L275878,Cisplatin,4,1,0.19815483583226198,0.343383713967775,0.33027887644353765,0.24621741149881124,0.24331088447888502
L275878,CoCl2,4,0,0.22936006970462597,0.39575027177212185,0.33027887644353765,0.28479811278832506,0.28801821061534116
L275878,Dabrafenib,4,0,0.2240101926936385,0.3869312882443989,0.33027887644353765,0.2781941193777582,0.28031496841963754
L275878,Doxorubicin,4,0,0.2891002187573746,0.48912222065806343,0.33027887644353765,0.3581114458156614,0.37426637381479355
L275878,Trametinib,4,0,0.191021945485207,0.3310966459584192,0.33027887644353765,0.2373836390886592,0.23319316584020874
L276268,Acid,2,0,0.4723002644704608,0.28798107904013687,0.2894710767630117,0.5235174198656972,0.33258917012356304
L276268,Cisplatin,2,0,0.20261025237344546,0.07994198058564067,0.2894710767630117,0.2162650851826069,0.09545717955168118
L276268,CoCl2,2,0,0.22668291955083833,0.0938138784504659,0.2894710767630117,0.24322845745478705,0.11187401392840847
L276268,Dabrafenib,2,0,0.22668291955083833,0.09381387845046599,0.2894710767630117,0.24322845745478727,0.11187401392840847
L276268,Doxorubicin,2,0,0.2819646373115759,0.12918161513286344,0.2894710767630117,0.30578614060479564,0.1536698481342057
L276268,Trametinib,2,0,0.19458603455920903,0.07551591043043948,0.2894710767630117,0.20732249880467665,0.0902272847581262
L276549,Acid,1,0,0.47587273821028014,0.29525690538904675,0.13981121327137963,0.28971035329175554,0.2435690551084721
L276549,Cisplatin,1,0,0.19458719593808257,0.07941543330523236,0.13981121327137963,0.08830689405938895,0.05780837819841592
L276549,CoCl2,1,1,0.23560044533301658,0.10379144962857745,0.13981121327137963,0.11154353185177092,0.07671617492898809
L276549,Dabrafenib,1,0,0.23203384804524899,0.10156225664285312,0.13981121327137963,0.10944526977292753,0.07496576939392023
L276549,Doxorubicin,1,0,0.29979943088858513,0.14739064960258655,0.13981121327137963,0.1520246951753935,0.1118894038354679
L276549,Trametinib,1,0,0.19726215106258552,0.08092639490158116,0.13981121327137963,0.08976401154275471,0.058961428027620194
L276586,Acid,1,0,0.47587273821028014,0.4006161480198365,0.23550763049855272,0.443989263503143,0.4378204568017373
L276586,Cisplatin,1,0,0.19458719593808257,0.12097524340804745,0.23550763049855272,0.15940239629002972,0.12921959675840478
L276586,CoCl2,1,0,0.23560044533301658,0.15594680782634118,0.23550763049855272,0.19729824044660124,0.1673360981158836
L276586,Dabrafenib,1,0,0.23203384804524899,0.15278841257359338,0.23550763049855272,0.19393896305971153,0.1638850616045606
L276586,Doxorubicin,1,0,0.29979943088858513,0.2161701867667327,0.23550763049855272,0.2598007215824654,0.23354754854028803
L276586,Trametinib,1,0,0.19726215106258552,0.12317112828998084,0.23550763049855272,0.16182440563052014,0.13159807413391872
L27694,Acid,0,0,0.4736194759800148,0.283084547091898,0.34475712359751565,0.5824337944367911,0.2546665154641944
L27694,Cisplatin,0,0,0.18583642087064267,0.06912653697676831,0.34475712359751565,0.24128308461891068,0.05824527980943488
L27694,CoCl2,0,0,0.22867007436383363,0.09254994172494373,0.34475712359751565,0.2955422309750081,0.07873262002289406
L27694,Dabrafenib,0,0,0.24473499838108828,0.10210704271472079,0.34475712359751565,0.31572964516570345,0.08719303805761888
L27694,Doxorubicin,0,1,0.2866788719209133,0.1289259711728003,0.34475712359751565,0.36791652679298703,0.11137987664198304
L27694,Trametinib,0,0,0.20368386704128424,0.07854366914430409,0.34475712359751565,0.2639570192302889,0.0664221968906478
L277050,Acid,3,0,0.47049894201675735,0.28393797583778135,0.09969559472946561,0.22007048408478788,0.12434346383363139
L277050,Cisplatin,3,0,0.1901270509498604,0.07579774841898737,0.09969559472946561,0.06276836284788577,0.026599979768195746
L277050,CoCl2,3,0,0.2186598922625351,0.09189062358779186,0.09969559472946561,0.07466079868588406,0.03280857748874811
L277050,Dabrafenib,3,0,0.2186598922625351,0.09189062358779211,0.09969559472946561,0.07466079868588409,0.03280857748874811
L277050,Doxorubicin,3,0,0.2882083795228566,0.13644925330968105,0.09969559472946561,0.10722908320393199,0.051096660488852655
L277050,Trametinib,3,0,0.19191054568686872,0.07676878924958747,0.09969559472946561,0.06348863540246157,0.0269678781868133
L277200,Acid,2,0,0.4723002644704608,0.6870312485732285,0.36608184994481174,0.6130438674557146,0.6845899012638694
L277200,Cisplatin,2,0,0.20261025237344546,0.3204619954867707,0.36608184994481174,0.284636083573166,0.31490040449515505
L277200,CoCl2,2,0,0.22668291955083833,0.35975082856051777,0.36608184994481174,0.31667940105015296,0.3542759361626298
L277200,Dabrafenib,2,0,0.22668291955083833,0.3597508285605179,0.36608184994481174,0.31667940105015324,0.35427593616262987
L277200,Doxorubicin,2,0,0.2819646373115759,0.4460290840921256,0.36608184994481174,0.3884319885369377,0.4416029715093247
L277200,Trametinib,2,0,0.19458603455920903,0.30716510056595103,0.36608184994481174,0.2738542164169859,0.301657192554826
L277580,Acid,1,1,0.47587273821028014,0.2838807297763159,0.42471513894240603,0.6670874589685684,0.4316944696409026
L277580,Cisplatin,1,1,0.19458719593808257,0.07546505119145054,0.42471513894240603,0.3224243428465081,0.12644040142622712
L277580,CoCl2,1,0,0.23560044533301658,0.09875860442751293,0.42471513894240603,0.3814877695584704,0.16389140548589293
L277580,Dabrafenib,1,0,0.23203384804524899,0.0966258507238606,0.42471513894240603,0.37646321666060606,0.16049771684760203
L277580,Doxorubicin,1,0,0.29979943088858513,0.14057529225993384,0.42471513894240603,0.4682985828806798,0.22911490188091066
L277580,Trametinib,1,0,0.19726215106258552,0.07690713164142415,0.42471513894240603,0.3263616616058803,0.1287752886915377
L2779,Acid,4,1,0.4785299066468458,0.9306361544978871,0.34979986692357273,0.5974134067665959,0.9318211666607563
L2779,Cisplatin,4,1,0.19815483583226198,0.7327529108920058,0.34979986692357273,0.26369971035598394,0.7282849514757599
L2779,CoCl2,4,0,0.22936006970462597,0.7744623600384014,0.34979986692357273,0.3039153004122091,0.7712746092270705
L2779,Dabrafenib,4,0,0.2240101926936385,0.7679294217302586,0.34979986692357273,0.29705212984323126,0.7645252184819127
L2779,Doxorubicin,4,1,0.2891002187573746,0.8338784913028116,0.34979986692357273,0.37953827967920317,0.8329379710979753
L2779,Trametinib,4,0,0.191021945485207,0.7218500170122005,0.34979986692357273,0.25445043949196294,0.7171124544021318
L278282,Acid,3,0,0.47049894201675735,0.2940412912595201,0.28102164601588075,0.5131228979514149,0.3707764367646314
L278282,Cisplatin,3,0,0.1901270509498604,0.07931520225948777,0.28102164601588075,0.2000919185441879,0.1018491105806245
L278282,CoCl2,3,1,0.2186598922625351,0.09607724459137335,0.28102164601588075,0.23157380610481115,0.12339483227595147
L278282,Dabrafenib,3,1,0.2186598922625351,0.09607724459137361,0.28102164601588075,0.23157380610481115,0.12339483227595147
L278282,Doxorubicin,3,0,0.2882083795228566,0.14234777946445465,0.28102164601588075,0.30968268724852627,0.18264206411543638
L278282,Trametinib,3,0,0.19191054568686872,0.08032738842690436,0.28102164601588075,0.2020482803558749,0.10314747830696055
L27849,Acid,1,0,0.47587273821028014,0.2838807297763159,0.208950104146093,0.4046475117177836,0.26685078781560767
L27849,Cisplatin,1,1,0.19458719593808257,0.07546505119145054,0.208950104146093,0.13897477617188314,0.06485644297365054
L27849,CoCl2,1,0,0.23560044533301658,0.09875860442751293,0.208950104146093,0.17301377544242902,0.0858594280012144
L27849,Dabrafenib,1,0,0.23203384804524899,0.0966258507238606,0.208950104146093,0.16998041689390966,0.08391936592466057
L27849,Doxorubicin,1,0,0.29979943088858513,0.14057529225993384,0.208950104146093,0.23002772888002254,0.12465870680841597
L27849,Trametinib,1,0,0.19726215106258552,0.07690713164142415,0.208950104146093,0.14113851613822587,0.06614020542749309
L278604,Acid,2,1,0.4723002644704608,0.9348504285302863,0.30589729556277306,0.5438075371107508,0.9301007141379104
L278604,Cisplatin,2,1,0.20261025237344546,0.7550583334322145,0.30589729556277306,0.23040522918760004,0.7380742476737117
L278604,CoCl2,2,1,0.22668291955083833,0.7859996357922219,0.30589729556277306,0.2585499681040088,0.7708284479094438
L278604,Dabrafenib,2,0,0.22668291955083833,0.785999635792222,0.30589729556277306,0.258549968104009,0.7708284479094438
L278604,Doxorubicin,2,1,0.2819646373115759,0.840331460031398,0.30589729556277306,0.32336448229752,0.8290107104602663
L278604,Trametinib,2,0,0.19458603455920903,0.7434576514974982,0.30589729556277306,0.22104285274146337,0.7258906558889742
L279030,Acid,2,1,0.4723002644704608,0.5670892342802313,0.3712420410915015,0.618808670075723,0.5636615452259128
L279030,Cisplatin,2,0,0.20261025237344546,0.2196099482978536,0.3712420410915015,0.28962410199570665,0.21480215339913114
L279030,CoCl2,2,1,0.22668291955083833,0.25110320365539046,0.3712420410915015,0.32197621380163605,0.246158462422745
L279030,Dabrafenib,2,0,0.22668291955083833,0.25110320365539057,0.3712420410915015,0.32197621380163627,0.246158462422745
L279030,Doxorubicin,2,1,0.2819646373115759,0.3245324898172641,0.3712420410915015,0.394236530344741,0.32004401644372127
L279030,Trametinib,2,0,0.19458603455920903,0.20920937036647513,0.3712420410915015,0.27872690927701355,0.2045119553287087
L279184,Acid,2,1,0.4723002644704608,0.28798107904013687,0.21630844500456578,0.42186727202444296,0.34255252712572726
L279184,Cisplatin,2,0,0.20261025237344546,0.07994198058564067,0.21630844500456578,0.1548813337255432,0.099374502390101
L279184,CoCl2,2,0,0.22668291955083833,0.0938138784504659,0.21630844500456578,0.17590929177261716,0.11637836352536333
L279184,Dabrafenib,2,0,0.22668291955083833,0.09381387845046599,0.21630844500456578,0.1759092917726173,0.11637836352536339
L279184,Doxorubicin,2,0,0.2819646373115759,0.12918161513286344,0.21630844500456578,0.22633093585116332,0.15955468799586994
L279184,Trametinib,2,0,0.19458603455920903,0.07551591043043948,0.21630844500456578,0.1479976633314543,0.09395227800013901
L279568,Acid,2,0,0.4723002644704608,0.6311903574707778,0.38083828532224706,0.6287633167206844,0.591629823497464
L279568,Cisplatin,2,0,0.20261025237344546,0.26882365874341957,0.38083828532224706,0.29842901150157464,0.23477415390630266
L279568,CoCl2,2,1,0.22668291955083833,0.3046195779385884,0.38083828532224706,0.33130595971954374,0.2680506473892564
L279568,Dabrafenib,2,0,0.22668291955083833,0.3046195779385885,0.38083828532224706,0.33130595971954396,0.2680506473892563
L279568,Doxorubicin,2,1,0.2819646373115759,0.38563980729033137,0.38083828532224706,0.40441123785430716,0.3454956440693917
L279568,Trametinib,2,0,0.19458603455920903,0.2568594944145012,0.38083828532224706,0.2873345313387587,0.22379988921395025
L27978,Acid,3,0,0.47049894201675735,0.4146843208666432,0.2377970484704491,0.45454173753962523,0.4096758575223466
L27978,Cisplatin,3,0,0.1901270509498604,0.1278074763493444,0.2377970484704491,0.16512763073193412,0.11781732040088097
L27978,CoCl2,3,0,0.2186598922625351,0.15311331540748604,0.2377970484704491,0.19243174196774068,0.1422061985090774
L27978,Dabrafenib,3,0,0.2186598922625351,0.15311331540748646,0.2377970484704491,0.19243174196774068,0.14220619850907734
L27978,Doxorubicin,3,0,0.2882083795228566,0.22016197956804173,0.2377970484704491,0.26183682888154286,0.20833895296782826
L27978,Trametinib,3,0,0.19191054568686872,0.12935155634413809,0.2377970484704491,0.166813426757938,0.11929221306185189
L280483,Acid,4,0,0.4785299066468458,0.4343535892129345,0.1508338321417159,0.315840771436492,0.3644649056695609
L280483,Cisplatin,4,0,0.19815483583226198,0.1356408285446726,0.1508338321417159,0.10024740413858955,0.10109603306868771
L280483,CoCl2,4,0,0.22936006970462597,0.16425123627085533,0.1508338321417159,0.11958416321346155,0.12395254835108589
L280483,Dabrafenib,4,0,0.2240101926936385,0.15923158911457905,0.1508338321417159,0.11618883108819678,0.11989840217073967
L280483,Doxorubicin,4,0,0.2891002187573746,0.2231774654903519,0.1508338321417159,0.1598747800577659,0.17300905591053978
L280483,Trametinib,4,0,0.191021945485207,0.1293232217737924,0.1508338321417159,0.0959838611533666,0.09614073234653629
L280587,Acid,3,0,0.47049894201675735,0.5087596213124757,0.2769429532771687,0.5085237257024763,0.4730670347958537
L280587,Cisplatin,3,0,0.1901270509498604,0.17641765625334366,0.2769429532771687,0.1971622867781633,0.147317822219664
L280587,CoCl2,3,0,0.2186598922625351,0.20904148519840962,0.2769429532771687,0.22831479884552103,0.17659105258484284
L280587,Dabrafenib,3,0,0.2186598922625351,0.20904148519841018,0.2769429532771687,0.22831479884552106,0.17659105258484276
L280587,Doxorubicin,3,1,0.2882083795228566,0.29213304047268335,0.2769429532771687,0.3057618290321511,0.2539798441044064
L280587,Trametinib,3,0,0.19191054568686872,0.1784288686041105,0.2769429532771687,0.1990971341314738,0.14909959965789296
L280910,Acid,2,0,0.4723002644704608,0.28798107904013687,0.133205169912801,0.2827669812491257,0.24343787644886614
L280910,Cisplatin,2,0,0.20261025237344546,0.07994198058564067,0.133205169912801,0.09009441278801235,0.06379396636135458
L280910,CoCl2,2,0,0.22668291955083833,0.0938138784504659,0.133205169912801,0.10340258300505686,0.07521814917224859
L280910,Dabrafenib,2,0,0.22668291955083833,0.09381387845046599,0.133205169912801,0.10340258300505693,0.07521814917224859
L280910,Doxorubicin,2,0,0.2819646373115759,0.12918161513286344,0.133205169912801,0.136483315075614,0.10493754305380086
L280910,Trametinib,2,0,0.19458603455920903,0.07551591043043948,0.133205169912801,0.08579785858756374,0.0601834097515219
L281862,Acid,0,1,0.4736194759800148,0.5215772459934784,0.37602076267191115,0.616731286447755,0.5278244060524758
L281862,Cisplatin,0,0,0.18583642087064267,0.17014362267380698,0.37602076267191115,0.26840437837386627,0.1682904067637284
L281862,CoCl2,0,0,0.22867007436383363,0.21971719346328863,0.37602076267191115,0.32614080143651164,0.2185044311793902
L281862,Dabrafenib,0,0,0.24473499838108828,0.23894827365539936,0.37602076267191115,0.347387617820601,0.23810257450498398
L281862,Doxorubicin,0,1,0.2866788719209133,0.2900968619243606,0.37602076267191115,0.4017350976498697,0.2908140718662303
L281862,Trametinib,0,0,0.20368386704128424,0.1905059970527224,0.37602076267191115,0.29264392657962734,0.18881882854489543
L281881,Acid,2,1,0.4723002644704608,0.8314492619087456,0.3696315741503071,0.6170635151011002,0.8407751720894859
L281881,Cisplatin,2,0,0.20261025237344546,0.5144978243370009,0.3696315741503071,0.28810564984977366,0.5279092059001846
L281881,CoCl2,2,0,0.22668291955083833,0.5580399958101173,0.3696315741503071,0.3203646384385197,0.5716936636860811
L281881,Dabrafenib,2,0,0.22668291955083833,0.5580399958101174,0.3696315741503071,0.32036463843851987,0.5716936636860811
L281881,Doxorubicin,2,0,0.2819646373115759,0.6440369124378025,0.3696315741503071,0.3924726319129796,0.6580017085997263
L281881,Trametinib,2,0,0.19458603455920903,0.49906267325901393,0.3696315741503071,0.27724329196155684,0.5124079348084818
L282391,Acid,3,1,0.47049894201675735,0.6968904412654388,0.38102540521893086,0.6297641586473799,0.7192589008523987
L282391,Cisplatin,3,0,0.1901270509498604,0.32227912755441973,0.38102540521893086,0.2876103454492881,0.33022450144411924
L282391,CoCl2,3,0,0.2186598922625351,0.36976596120759997,0.38102540521893086,0.32722909461550065,0.37965999356607755
L282391,Dabrafenib,3,1,0.2186598922625351,0.36976596120760075,0.38102540521893086,0.32722909461550065,0.37965999356607755
L282391,Doxorubicin,3,0,0.2882083795228566,0.4781252154200746,0.38102540521893086,0.41996875795686467,0.49278225601106374
L282391,Trametinib,3,0,0.19191054568686872,0.3252964096054969,0.38102540521893086,0.2901120574785494,0.3333536360469856
L282419,Acid,4,1,0.4785299066468458,0.7903463590476123,0.3747889035992199,0.6248137294925166,0.8293900102445371
L282419,Cisplatin,4,1,0.19815483583226198,0.43515396386156396,0.3747889035992199,0.2866939645213975,0.48806277889129057
L282419,CoCl2,4,1,0.22936006970462597,0.49104941108469874,0.3747889035992199,0.3288500993780632,0.5453316573384276
L282419,Dabrafenib,4,0,0.2240101926936385,0.48180007202060804,0.3747889035992199,0.3216840613658712,0.5359266646991012
L282419,Doxorubicin,4,1,0.2891002187573746,0.5851327171330897,0.3747889035992199,0.40704937562239807,0.6394315014834306
L282419,Trametinib,4,0,0.191021945485207,0.42169203431848307,0.3747889035992199,0.27694152427201085,0.4741447745399646
L282791,Acid,4,0,0.4785299066468458,0.28113031182063863,0.04450947462108199,0.10111451587360941,0.19706272854416565
L282791,Cisplatin,4,0,0.19815483583226198,0.0740054563390073,0.04450947462108199,0.02643107742946008,0.045921051675491806
L282791,CoCl2,4,0,0.22936006970462597,0.09098371995446658,0.04450947462108199,0.03203634851169419,0.057095543628191546
L282791,Dabrafenib,4,0,0.2240101926936385,0.08796750590531295,0.04450947462108199,0.031039111554162807,0.05509059375392179
L282791,Doxorubicin,4,0,0.2891002187573746,0.12763912778414688,0.04450947462108199,0.0443148138655992,0.08217412254062728
L282791,Trametinib,4,0,0.191021945485207,0.07032501345783615,0.04450947462108199,0.02521896399399418,0.04353920344460818
L282800,Acid,3,0,0.47049894201675735,0.2800284500633928,0.06665295678967752,0.15059357648415067,0.24272371381219612
L282800,Cisplatin,3,0,0.1901270509498604,0.07445610040842693,0.06665295678967752,0.04038100836802857,0.05809840015922559
L282800,CoCl2,3,0,0.2186598922625351,0.09029195479406704,0.06665295678967752,0.04825017999771938,0.07112175114771187
L282800,Dabrafenib,3,0,0.2186598922625351,0.09029195479406729,0.06665295678967752,0.04825017999771938,0.07112175114771187
L282800,Doxorubicin,3,0,0.2882083795228566,0.13418992647207914,0.06665295678967752,0.07017136721612988,0.10837329835129807
L282800,Trametinib,3,0,0.19191054568686872,0.07541135591620717,0.06665295678967752,0.04085558262494958,0.05887559631849311
L282925,Acid,4,0,0.4785299066468458,0.2968821351175162,0.09885323108677344,0.21692753028954762,0.22777307141115255
L282925,Cisplatin,4,1,0.19815483583226198,0.07943437728876447,0.09885323108677344,0.06266791210174665,0.05468147765613586
L282925,CoCl2,4,1,0.22936006970462597,0.09752696145749848,0.09885323108677344,0.07536310052470606,0.06783617200173991
L282925,Dabrafenib,4,0,0.2240101926936385,0.09431633792632509,0.09885323108677344,0.07311905418959747,0.065480249763826
L282925,Doxorubicin,4,0,0.2891002187573746,0.13642287806611342,0.09885323108677344,0.10248903728589633,0.09714639234216614
L282925,Trametinib,4,0,0.191021945485207,0.07550595825322452,0.09885323108677344,0.05989623685445533,0.051869944291909637
L283864,Acid,1,1,0.47587273821028014,0.4006161480198365,0.19336330664903695,0.3799862146614833,0.3749733201187631
L283864,Cisplatin,1,0,0.19458719593808257,0.12097524340804745,0.19336330664903695,0.12704964335643618,0.10258711915500378
L283864,CoCl2,1,0,0.23560044533301658,0.15594680782634118,0.19336330664903695,0.15870619927296883,0.1340571365889506
L283864,Dabrafenib,1,0,0.23203384804524899,0.15278841257359338,0.19336330664903695,0.15587640635193623,0.13118429595892073
L283864,Doxorubicin,1,0,0.29979943088858513,0.2161701867667327,0.19336330664903695,0.21221520412282563,0.19010715347386314
L283864,Trametinib,1,0,0.19726215106258552,0.12317112828998084,0.19336330664903695,0.12905554606586891,0.10453423453164869
L284007,Acid,1,0,0.47587273821028014,0.4158230698941236,0.11437742221652547,0.24243290336886514,0.2564464238218254
L284007,Cisplatin,1,0,0.19458719593808257,0.12783116011857792,0.11437742221652547,0.07062808197732491,0.06166530425956479
L284007,CoCl2,1,0,0.23560044533301658,0.16441393610034288,0.11437742221652547,0.08967034793504408,0.08172519029989143
L284007,Dabrafenib,1,0,0.23203384804524899,0.16111678970316778,0.11437742221652547,0.08794281773606107,0.07987038262671546
L284007,Doxorubicin,1,0,0.29979943088858513,0.2270276463322885,0.11437742221652547,0.12331513261610952,0.11889923072588801
L284007,Trametinib,1,0,0.19726215106258552,0.1301330671248022,0.11437742221652547,0.07181646716053401,0.06289014957909637
L284015,Acid,0,0,0.4736194759800148,0.283084547091898,0.26241996578499377,0.4806477141939906,0.21299901931329543
L284015,Cisplatin,0,0,0.18583642087064267,0.06912653697676831,0.26241996578499377,0.1742389067261497,0.046701718052680495
L284015,CoCl2,0,0,0.22867007436383363,0.09254994172494373,0.26241996578499377,0.21774827563482776,0.06340205401665291
L284015,Dabrafenib,0,0,0.24473499838108828,0.10210704271472079,0.26241996578499377,0.23438990318008499,0.07034086795499575
L284015,Doxorubicin,0,0,0.2866788719209133,0.1289259711728003,0.26241996578499377,0.27860624683951135,0.09031553970720337
L284015,Trametinib,0,0,0.20368386704128424,0.07854366914430409,0.26241996578499377,0.19220862171736972,0.053349866352268537
L28407,Acid,3,0,0.47049894201675735,0.2940412912595201,0.16375465040491916,0.33825627881697773,0.21575521898460356
L28407,Cisplatin,3,0,0.1901270509498604,0.07931520225948777,0.16375465040491916,0.1081963703492078,0.05028118477502356
L28407,CoCl2,3,0,0.2186598922625351,0.09607724459137335,0.16375465040491916,0.12752472451794541,0.061666951807932906
L28407,Dabrafenib,3,0,0.2186598922625351,0.09607724459137361,0.16375465040491916,0.12752472451794541,0.06166695180793288
L28407,Doxorubicin,3,0,0.2882083795228566,0.14234777946445465,0.16375465040491916,0.17869980538172003,0.09446999497963285
L28407,Trametinib,3,0,0.19191054568686872,0.08032738842690436,0.16375465040491916,0.10937709753830767,0.05095946585269427
L2843,Acid,4,0,0.4785299066468458,0.5382092447681907,0.21870172418705935,0.4266682678433892,0.49795047565188083
L2843,Cisplatin,4,0,0.19815483583226198,0.192362425825754,0.21870172418705935,0.15226007147750456,0.16283736506610275
L2843,CoCl2,4,1,0.22936006970462597,0.22975677691882995,0.21870172418705935,0.17962663622842412,0.19659983839928816
L2843,Dabrafenib,4,0,0.2240101926936385,0.2232700360844781,0.21870172418705935,0.17486512526651826,0.19068679704169106
L2843,Doxorubicin,4,0,0.2891002187573746,0.30364530677637697,0.21870172418705935,0.23475291139494758,0.2656880811759876
L2843,Trametinib,4,0,0.191021945485207,0.18396523346376897,0.21870172418705935,0.14614372427543001,0.1553788719537764
L284309,Acid,0,1,0.4736194759800148,0.5478487846568613,0.30271340131618224,0.5326899497447533,0.45745784350513297
L284309,Cisplatin,0,0,0.18583642087064267,0.18558006591401013,0.30271340131618224,0.20628206200127,0.13241345408949415
L284309,CoCl2,0,0,0.22867007436383363,0.23835939932972935,0.30271340131618224,0.2553189481847494,0.17416426686465783
L284309,Dabrafenib,0,0,0.24473499838108828,0.25868122594336856,0.30271340131618224,0.2738268278862677,0.1907561858688082
L284309,Doxorubicin,0,1,0.2866788719209133,0.31232035738770825,0.30271340131618224,0.32235039660383774,0.2362360282203825
L284309,Trametinib,0,0,0.20368386704128424,0.20732828956532265,0.30271340131618224,0.22664942093853807,0.14935139636690328
L28431,Acid,0,0,0.4736194759800148,0.28466937869202136,0.10553722454683973,0.2248169263241251,0.3527451430687286
L28431,Cisplatin,0,0,0.18583642087064267,0.06962987611271007,0.10553722454683973,0.06202166472532162,0.089790201847255
L28431,CoCl2,0,0,0.22867007436383363,0.09320675900005541,0.10553722454683973,0.08023178991278047,0.11995987272333154
L28431,Dabrafenib,0,0,0.24473499838108828,0.10282400034002308,0.10553722454683973,0.08753971143163579,0.13221467956173394
L28431,Doxorubicin,0,0,0.2866788719209133,0.1298040178991264,0.10553722454683973,0.10795995930991088,0.16661074190975664
L28431,Trametinib,0,0,0.20368386704128424,0.07910975095779173,0.10553722454683973,0.06939064966361704,0.10191638328884366
L284521,Acid,1,0,0.47587273821028014,0.2846492613888907,0.26275992907021917,0.4821177366439287,0.23389539751887595
L284521,Cisplatin,1,0,0.19458719593808257,0.07572901961696576,0.26275992907021917,0.18104943245699084,0.05497624261706795
L284521,CoCl2,1,0,0.23560044533301658,0.09909531796825004,0.26275992907021917,0.22272799377591954,0.07302951247114334
L284521,Dabrafenib,1,0,0.23203384804524899,0.0969560750019377,0.26275992907021917,0.21905389698946232,0.07135672312615358
L284521,Doxorubicin,1,0,0.29979943088858513,0.14103226746692055,0.26275992907021917,0.2903722297653502,0.10670781410807449
L284521,Trametinib,1,0,0.19726215106258552,0.07717572323658099,0.26275992907021917,0.18372846369288381,0.056076164576233725
L284687,Acid,0,1,0.4736194759800148,0.2913335192140022,0.3697747222491782,0.6102465131924439,0.38080242906116496
L284687,Cisplatin,0,0,0.18583642087064267,0.07176496068223485,0.3697747222491782,0.2630682574178776,0.10016895759853296
L284687,CoCl2,0,0,0.22867007436383363,0.09599020016883097,0.3697747222491782,0.3201591486904715,0.13331513984087265
L284687,Dabrafenib,0,0,0.24473499838108828,0.10586111354471528,0.3697747222491782,0.3412136016296065,0.14670684591054164
L284687,Doxorubicin,0,0,0.2866788719209133,0.13351944255669992,0.3697747222491782,0.3951800677593244,0.1840733650260158
L284687,Trametinib,0,0,0.20368386704128424,0.08151005317126969,0.3697747222491782,0.2870149591078989,0.11352197664120406
L285082,Acid,0,1,0.4736194759800148,0.7222897011533175,0.27361898211040486,0.49522714740146656,0.6750427893025197
L285082,Cisplatin,0,0,0.18583642087064267,0.32846749853040863,0.27361898211040486,0.18279535897906257,0.273264500354789
L285082,CoCl2,0,0,0.22867007436383363,0.40183382040610965,0.27361898211040486,0.22785180606604075,0.3419236827642816
L285082,Dabrafenib,0,0,0.24473499838108828,0.42825628624928247,0.27361898211040486,0.24502373934863872,0.36738759117953856
L285082,Doxorubicin,0,0,0.2866788719209133,0.4936432282995401,0.27361898211040486,0.29048498232149056,0.4324741463845556
L285082,Trametinib,0,0,0.20368386704128424,0.3595678048208034,0.27361898211040486,0.20143226278454793,0.30194909083382576
L285161,Acid,4,0,0.4785299066468458,0.29897467523817,0.02686771193784236,0.0607760684432615,0.09167415919467374
L285161,Cisplatin,4,0,0.19815483583226198,0.08016901387354933,0.02686771193784236,0.015377029268166061,0.019408765424502865
L285161,CoCl2,4,0,0.22936006970462597,0.09841103684850079,0.02686771193784236,0.018683041451988385,0.024296012150180506
L285161,Dabrafenib,4,0,0.2240101926936385,0.09517437853277874,0.02686771193784236,0.01809370034858877,0.023414239715242625
L285161,Doxorubicin,4,1,0.2891002187573746,0.13760578088210432,0.02686771193784236,0.025980997317593863,0.03551033327387439
L285161,Trametinib,4,0,0.191021945485207,0.07620727108441683,0.02686771193784236,0.014664212308027955,0.018375579809694148
L285237,Acid,1,1,0.47587273821028014,0.8421578771012214,0.34470682833086425,0.5839971857538108,0.8295223364739017
L285237,Cisplatin,1,0,0.19458719593808257,0.5234935706766102,0.34470682833086425,0.2500229466407161,0.4811043900425427
L285237,CoCl2,1,1,0.23560044533301658,0.595938439188021,0.34470682833086425,0.30172955533462403,0.5566636317907747
L285237,Dabrafenib,1,0,0.23203384804524899,0.590098899897204,0.34470682833086425,0.2972506380908313,0.5504916513058422
L285237,Doxorubicin,1,0,0.29979943088858513,0.6876476617668549,0.34470682833086425,0.38158804912203126,0.6556280125750953
L285237,Trametinib,1,0,0.19726215106258552,0.5286021154495033,0.34470682833086425,0.2534067869814404,0.4863423592123725
L28531,Acid,1,0,0.47587273821028014,0.2838807297763159,0.21121990221578302,0.40830213718119274,0.2973638867696075
L28531,Cisplatin,1,0,0.19458719593808257,0.07546505119145054,0.21121990221578302,0.14079740219074238,0.07462339384657188
L28531,CoCl2,1,0,0.23560044533301658,0.09875860442751293,0.21121990221578302,0.1751919844872118,0.09845628335623272
L28531,Dabrafenib,1,0,0.23203384804524899,0.0966258507238606,0.21121990221578302,0.17212838527092084,0.09626155827543222
L28531,Doxorubicin,1,0,0.29979943088858513,0.14057529225993384,0.21121990221578302,0.23272173815602143,0.1420633529249108
L28531,Trametinib,1,0,0.19726215106258552,0.07690713164142415,0.21121990221578302,0.14298480678419845,0.07608475310755347
L286442,Acid,4,0,0.4785299066468458,0.28113031182063863,0.2962907310663782,0.5341543641292364,0.353633954373808
L286442,Cisplatin,4,0,0.19815483583226198,0.0740054563390073,0.2962907310663782,0.21675198274877375,0.09689841353833516
L286442,CoCl2,4,0,0.22936006970462597,0.09098371995446658,0.2962907310663782,0.2522607785922182,0.11893146415068902
L286442,Dabrafenib,4,0,0.2240101926936385,0.08796750590531295,0.2962907310663782,0.24615159948731896,0.11501998188965319
L286442,Doxorubicin,4,0,0.2891002187573746,0.12763912778414688,0.2962907310663782,0.3209570551912724,0.1663781898278012
L286442,Trametinib,4,0,0.191021945485207,0.07032501345783615,0.2962907310663782,0.2086826975123124,0.09212777533258089
L286512,Acid,1,0,0.47587273821028014,0.4172781131200817,0.4747227672924759,0.712406693482108,0.484026551520712
L286512,Cisplatin,1,0,0.19458719593808257,0.1285001353508123,0.4747227672924759,0.3703787181650693,0.15164206251888412
L286512,CoCl2,1,0,0.23560044533301658,0.16523808794754982,0.4747227672924759,0.432617939338094,0.1948923074173532
L286512,Dabrafenib,1,0,0.23203384804524899,0.16192761691258467,0.4747227672924759,0.42738528855935487,0.1910033305095993
L286512,Doxorubicin,1,0,0.29979943088858513,0.22807998864071088,0.4747227672924759,0.5212582407051999,0.2684913876523797
L286512,Trametinib,1,0,0.19726215106258552,0.13081228206688,0.4747227672924759,0.374577905027528,0.15436009733605657
L286689,Acid,1,1,0.47587273821028014,0.29525690538904675,0.1097594850631452,0.23367526681985692,0.34981853812364655
L286689,Cisplatin,1,0,0.19458719593808257,0.07941543330523236,0.1097594850631452,0.06752353809717562,0.09298665750897417
L286689,CoCl2,1,0,0.23560044533301658,0.10379144962857745,0.1097594850631452,0.08580605797807561,0.12191168283129727
L286689,Dabrafenib,1,0,0.23203384804524899,0.10156225664285312,0.1097594850631452,0.08414609318005875,0.11926327192980388
L286689,Doxorubicin,1,0,0.29979943088858513,0.14739064960258655,0.1097594850631452,0.11818918329192846,0.173903427640194
L286689,Trametinib,1,0,0.19726215106258552,0.08092639490158116,0.1097594850631452,0.06866354570477355,0.09477079803311424
L287148,Acid,3,1,0.47049894201675735,0.28393797583778135,0.42908245525370997,0.6768541952421803,0.40243964604125654
L287148,Cisplatin,3,1,0.1901270509498604,0.07579774841898737,0.42908245525370997,0.3320625077177631,0.1147343321730073
L287148,CoCl2,3,1,0.2186598922625351,0.09189062358779186,0.42908245525370997,0.37458486065547336,0.1385852702178141
L287148,Dabrafenib,3,1,0.2186598922625351,0.09189062358779211,0.42908245525370997,0.37458486065547336,0.13858527021781408
L287148,Doxorubicin,3,0,0.2882083795228566,0.13644925330968105,0.42908245525370997,0.47134279612501323,0.203433471557691
L287148,Trametinib,3,1,0.19191054568686872,0.07676878924958747,0.42908245525370997,0.3347691771630569,0.11617571306661163
L287467,Acid,2,0,0.4723002644704608,0.28798107904013687,0.2400198469346497,0.45652809210198225,0.29227853355448574
L287467,Cisplatin,2,0,0.20261025237344546,0.07994198058564067,0.2400198469346497,0.17421664219348054,0.08042419122490606
L287467,CoCl2,2,0,0.22668291955083833,0.0938138784504659,0.2400198469346497,0.1972569975050241,0.09452581156803445
L287467,Dabrafenib,2,0,0.22668291955083833,0.09381387845046599,0.2400198469346497,0.19725699750502423,0.09452581156803445
L287467,Doxorubicin,2,0,0.2819646373115759,0.12918161513286344,0.2400198469346497,0.25192703467287486,0.13079490031945734
L287467,Trametinib,2,0,0.19458603455920903,0.07551591043043948,0.2400198469346497,0.16664306785021502,0.07594876709179722
L287522,Acid,4,0,0.4785299066468458,0.29897467523817,0.10070816685445877,0.22072576229136112,0.22584590601775595
L287522,Cisplatin,4,0,0.19815483583226198,0.08016901387354933,0.10070816685445877,0.06398587785230052,0.0541161929599588
L287522,CoCl2,4,0,0.22936006970462597,0.09841103684850079,0.10070816685445877,0.07692614632862813,0.06714455624611644
L287522,Dabrafenib,4,0,0.2240101926936385,0.09517437853277874,0.10070816685445877,0.07463931502290425,0.06481098352087704
L287522,Doxorubicin,4,0,0.2891002187573746,0.13760578088210432,0.10070816685445877,0.10455106612590467,0.09618678279384249
L287522,Trametinib,4,1,0.191021945485207,0.07620727108441683,0.10070816685445877,0.06115971505096902,0.051332146318404374
L287919,Acid,4,1,0.4785299066468458,0.29897467523817,0.2852053657393242,0.5202867310536761,0.4848665116674579
L287919,Cisplatin,4,0,0.19815483583226198,0.08016901387354933,0.2852053657393242,0.20745502568860033,0.15582572548269966
L287919,CoCl2,4,1,0.22936006970462597,0.09841103684850079,0.2852053657393242,0.2419111764370544,0.1884616903338097
L287919,Dabrafenib,4,1,0.2240101926936385,0.09517437853277874,0.2852053657393242,0.2359735422187714,0.18273774259889514
L287919,Doxorubicin,4,0,0.2891002187573746,0.13760578088210432,0.2852053657393242,0.3089535524709204,0.25559992292516676
L287919,Trametinib,4,1,0.191021945485207,0.07620727108441683,0.2852053657393242,0.19964362900087212,0.1486313700997092
L288391,Acid,4,0,0.4785299066468458,0.4343535892129345,0.30658595589728727,0.546987167654789,0.45676231635254744
L288391,Cisplatin,4,0,0.19815483583226198,0.1356408285446726,0.30658595589728727,0.22565306719244344,0.14155283929730342
L288391,CoCl2,4,0,0.22936006970462597,0.16425123627085533,0.30658595589728727,0.2621320398065893,0.1718078941526203
L288391,Dabrafenib,4,0,0.2240101926936385,0.15923158911457905,0.30658595589728727,0.2558656040089568,0.16648598870851933
L288391,Doxorubicin,4,0,0.2891002187573746,0.2231774654903519,0.30658595589728727,0.3323217664167246,0.23472932622120696
L288391,Trametinib,4,1,0.191021945485207,0.1293232217737924,0.30658595589728727,0.2173443632365236,0.13491213887352432
L288445,Acid,3,0,0.47049894201675735,0.28393797583778135,0.1635200132858386,0.3379323262569815,0.17038125874920013
L288445,Cisplatin,3,0,0.1901270509498604,0.07579774841898737,0.1635200132858386,0.10805677110382034,0.038019830416559076
L288445,CoCl2,3,0,0.2186598922625351,0.09189062358779186,0.1635200132858386,0.12736374863693742,0.04676583206292708
L288445,Dabrafenib,3,1,0.2186598922625351,0.09189062358779211,0.1635200132858386,0.12736374863693742,0.04676583206292708
L288445,Doxorubicin,3,0,0.2882083795228566,0.13644925330968105,0.1635200132858386,0.17848744600108865,0.07225274024397085
L288445,Trametinib,3,0,0.19191054568686872,0.07676878924958747,0.1635200132858386,0.10923616147426532,0.03853942078872159
L288451,Acid,4,0,0.4785299066468458,0.2968821351175162,0.1116935665430013,0.24279252468295795,0.1695924772925018
L288451,Cisplatin,4,1,0.19815483583226198,0.07943437728876447,0.1116935665430013,0.07182709927245083,0.03850924980772358
L288451,CoCl2,4,0,0.22936006970462597,0.09752696145749848,0.1116935665430013,0.08620709686521176,0.047970828104051365
L288451,Dabrafenib,4,0,0.2240101926936385,0.09431633792632509,0.1116935665430013,0.08366937319545636,0.04627057517331528
L288451,Doxorubicin,4,0,0.2891002187573746,0.13642287806611342,0.1116935665430013,0.11674337814523428,0.0693361996723779
L288451,Trametinib,4,0,0.191021945485207,0.07550595825322452,0.1116935665430013,0.06868001351401282,0.03649713315587901
L289287,Acid,4,0,0.4785299066468458,0.2968821351175162,0.03856079514352921,0.08738127657101649,0.17428828523518808
L289287,Cisplatin,4,0,0.19815483583226198,0.07943437728876447,0.03856079514352921,0.022586369401681208,0.03974925928632627
L289287,CoCl2,4,0,0.22936006970462597,0.09752696145749848,0.03856079514352921,0.027399235047374054,0.0494998183525
L289287,Dabrafenib,4,0,0.2240101926936385,0.09431633792632509,0.03856079514352921,0.02654238545834426,0.04774809067474897
L289287,Doxorubicin,4,0,0.2891002187573746,0.13642287806611342,0.03856079514352921,0.03797016522264095,0.07149503521852081
L289287,Trametinib,4,0,0.191021945485207,0.07550595825322452,0.03856079514352921,0.02154666982035056,0.03767489062069319
L289410,Acid,2,1,0.4723002644704608,0.9360559087285505,0.3115301988273999,0.5508725389088751,0.9191616168802943
L289410,Cisplatin,2,0,0.20261025237344546,0.7587319835263173,0.3115301988273999,0.23550049661634606,0.7065643643951502
L289410,CoCl2,2,1,0.22668291955083833,0.7893386989703974,0.3115301988273999,0.2640540872999098,0.7418809013296166
L289410,Dabrafenib,2,0,0.22668291955083833,0.7893386989703975,0.3115301988273999,0.26405408729991003,0.7418809013296166
L289410,Doxorubicin,2,1,0.2819646373115759,0.8429921213646374,0.3115301988273999,0.3296349670075221,0.8055585485944227
L289410,Trametinib,2,0,0.19458603455920903,0.7472470475845836,0.3115301988273999,0.22599187537982734,0.6935236889001134
L289459,Acid,4,0,0.4785299066468458,0.28113031182063863,0.38665261799742234,0.6370741575156429,0.3997001594661884
L289459,Cisplatin,4,0,0.19815483583226198,0.0740054563390073,0.38665261799742234,0.29758204516614095,0.11549684440577218
L289459,CoCl2,4,0,0.22936006970462597,0.09098371995446658,0.38665261799742234,0.34057477159845473,0.14109813948371364
L289459,Dabrafenib,4,0,0.2240101926936385,0.08796750590531295,0.38665261799742234,0.3332801126491655,0.13657063135747827
L289459,Doxorubicin,4,0,0.2891002187573746,0.12763912778414688,0.38665261799742234,0.4198181267751421,0.19542659666194404
L289459,Trametinib,4,0,0.191021945485207,0.07032501345783615,0.38665261799742234,0.28760856472536805,0.10992199327804157
L289493,Acid,4,0,0.4785299066468458,0.2968821351175162,0.26326877733589243,0.4905187197177717,0.2659631135565302
L289493,Cisplatin,4,0,0.19815483583226198,0.07943437728876447,0.26326877733589243,0.188550566292297,0.06634305903537847
L289493,CoCl2,4,0,0.22936006970462597,0.09752696145749848,0.26326877733589243,0.22074139466608061,0.08205964558584856
L289493,Dabrafenib,4,0,0.2240101926936385,0.09431633792632509,0.26326877733589243,0.21517588128407036,0.07925174533362003
L289493,Doxorubicin,4,0,0.2891002187573746,0.13642287806611342,0.26326877733589243,0.2841156508912087,0.11674576986479568
L289493,Trametinib,4,0,0.191021945485207,0.07550595825322452,0.26326877733589243,0.1812881651102945,0.0629718692097446
L289938,Acid,1,1,0.47587273821028014,0.8172263413298912,0.2979563440266662,0.5280183783463729,0.8330517385868083
L289938,Cisplatin,1,1,0.19458719593808257,0.4793464818151639,0.2979563440266662,0.2099041936517581,0.48738957282033035
L289938,CoCl2,1,0,0.23560044533301658,0.5527691317294223,0.2979563440266662,0.2561476593068144,0.5628651698921003
L289938,Dabrafenib,1,1,0.23203384804524899,0.5467801804772403,0.2979563440266662,0.25210108031071793,0.5567107732087068
L289938,Doxorubicin,1,0,0.29979943088858513,0.6484972221392535,0.2979563440266662,0.32963722333466067,0.6612875356588936
L289938,Trametinib,1,1,0.19726215106258552,0.48446221946244855,0.2979563440266662,0.21289919779248723,0.49263100562736567
L289974,Acid,1,1,0.47587273821028014,0.29525690538904675,0.26601630734853215,0.4864975311679908,0.31850255767943864
L289974,Cisplatin,1,1,0.19458719593808257,0.07941543330523236,0.26601630734853215,0.18366414608459702,0.08177084665733036
L289974,CoCl2,1,0,0.23560044533301658,0.10379144962857745,0.26601630734853215,0.2257786833723537,0.10762097827501559
L289974,Dabrafenib,1,0,0.23203384804524899,0.10156225664285312,0.26601630734853215,0.22206864039534785,0.10524580876224789
L289974,Doxorubicin,1,0,0.29979943088858513,0.14739064960258655,0.26601630734853215,0.2939989870743048,0.15459113189267829
L289974,Trametinib,1,0,0.19726215106258552,0.08092639490158116,0.26601630734853215,0.18637306283901664,0.08335956668364171
L29023,Acid,3,1,0.47049894201675735,0.2800284500633928,0.15327902175104732,0.31966479090621297,0.2565829434374628
L29023,Cisplatin,3,0,0.1901270509498604,0.07445610040842693,0.15327902175104732,0.10033243216596212,0.06228277352140381
L29023,CoCl2,3,0,0.2186598922625351,0.09029195479406704,0.15327902175104732,0.11844253931846996,0.07616824430399466
L29023,Dabrafenib,3,0,0.2186598922625351,0.09029195479406729,0.15327902175104732,0.11844253931846996,0.07616824430399466
L29023,Doxorubicin,3,0,0.2882083795228566,0.13418992647207914,0.15327902175104732,0.16666921782372282,0.11573366995300503
L29023,Trametinib,3,0,0.19191054568686872,0.07541135591620717,0.15327902175104732,0.10143710286722653,0.0631121944077259
L290279,Acid,2,1,0.4723002644704608,0.6693963779171761,0.33753814980329333,0.5813983065328329,0.6840253249470806
L290279,Cisplatin,2,1,0.20261025237344546,0.30312312648156015,0.33753814980329333,0.25861322170112516,0.31433686558200213
L290279,CoCl2,2,1,0.22668291955083833,0.34135404005304065,0.33753814980329333,0.2889101238884489,0.3536783090698206
L290279,Dabrafenib,2,0,0.22668291955083833,0.3413540400530408,0.33753814980329333,0.28891012388844906,0.3536783090698206
L290279,Doxorubicin,2,1,0.2819646373115759,0.42615695112760676,0.33753814980329333,0.3576641182601132,0.44095863042113237
L290279,Trametinib,2,0,0.19458603455920903,0.29023839047018507,0.33753814980329333,0.24847470244658595,0.30110693716341524
L290343,Acid,4,0,0.4785299066468458,0.29897467523817,0.14434873401815812,0.30432281443592973,0.3056164998199562
L290343,Cisplatin,4,0,0.19815483583226198,0.08016901387354933,0.14434873401815812,0.09549422723033311,0.07945598266586283
L290343,CoCl2,4,0,0.22936006970462597,0.09841103684850079,0.14434873401815812,0.11403034042087111,0.09795309762747233
L290343,Dabrafenib,4,0,0.2240101926936385,0.09517437853277874,0.14434873401815812,0.11077285680638825,0.0946574387979562
L290343,Doxorubicin,4,0,0.2891002187573746,0.13760578088210432,0.14434873401815812,0.15277445054118022,0.13834479493783028
L290343,Trametinib,4,0,0.191021945485207,0.07620727108441683,0.14434873401815812,0.09141229961927945,0.07547232873688739
L290559,Acid,0,1,0.4736194759800148,0.283084547091898,0.3115270995233213,0.543658281553151,0.4412557458114592
L290559,Cisplatin,0,0,0.18583642087064267,0.06912653697676831,0.3115270995233213,0.21360153853285144,0.1250697930428092
L290559,CoCl2,0,0,0.22867007436383363,0.09254994172494373,0.3115270995233213,0.26380009743194355,0.1649453252260871
L290559,Dabrafenib,0,0,0.24473499838108828,0.10210704271472079,0.3115270995233213,0.282689387210906,0.1808513231098077
L290559,Doxorubicin,0,0,0.2866788719209133,0.1289259711728003,0.3115270995233213,0.33206529188989564,0.22462515351484758
L290559,Trametinib,0,0,0.20368386704128424,0.07854366914430409,0.3115270995233213,0.23447809370818967,0.1412212630270041
L290603,Acid,1,1,0.47587273821028014,0.5630410643353265,0.4331732859023529,0.675521711745523,0.6650297573137931
L290603,Cisplatin,1,1,0.19458719593808257,0.20968663773582571,0.4331732859023529,0.3308313535794666,0.27446727930350356
L290603,CoCl2,1,1,0.23560044533301658,0.2626406289661105,0.4331732859023529,0.3905471587954055,0.3387603780747895
L290603,Dabrafenib,1,1,0.23203384804524899,0.2579818237250687,0.4331732859023529,0.38547764988297595,0.3331886550088659
L290603,Doxorubicin,1,0,0.29979943088858513,0.34712197283306423,0.4331732859023529,0.4778268855712465,0.4371874620193326
L290603,Trametinib,1,0,0.19726215106258552,0.21310239657719668,0.4331732859023529,0.3348206049817085,0.2786636924128766
L290642,Acid,2,0,0.4723002644704608,0.43322824714162195,0.3269965017232863,0.5692132896832918,0.3819948226341451
L290642,Cisplatin,2,0,0.20261025237344546,0.1410473861614739,0.3269965017232863,0.24916642687858695,0.11574623999722641
L290642,CoCl2,2,0,0.22668291955083833,0.16363672749247593,0.3269965017232863,0.2787727618869965,0.1351311325073833
L290642,Dabrafenib,2,0,0.22668291955083833,0.16363672749247604,0.3269965017232863,0.2787727618869967,0.13513113250738332
L290642,Doxorubicin,2,0,0.2819646373115759,0.2189669938919418,0.3269965017232863,0.34628912474962276,0.1838174244739084
L290642,Trametinib,2,0,0.19458603455920903,0.13372989310967046,0.3269965017232863,0.23927872674272455,0.10953936407222006
L290808,Acid,4,0,0.4785299066468458,0.29897467523817,0.040698312831989956,0.09237682754291435,0.27758609052668165
L290808,Cisplatin,4,0,0.19815483583226198,0.08016901387354933,0.040698312831989956,0.023974936374097068,0.0700751585157872
L290808,CoCl2,4,0,0.22936006970462597,0.09841103684850079,0.040698312831989956,0.02907488618950141,0.08659387433468232
L290808,Dabrafenib,4,0,0.2240101926936385,0.09517437853277874,0.040698312831989956,0.028167151974062467,0.08364496053171243
L290808,Doxorubicin,4,0,0.2891002187573746,0.13760578088210432,0.040698312831989956,0.040265536861736215,0.12293990073096174
L290808,Trametinib,4,0,0.191021945485207,0.07620727108441683,0.040698312831989956,0.022872813828782253,0.06652783705818921
L291848,Acid,0,0,0.4736194759800148,0.28466937869202136,0.1983275259246252,0.3869037508011714,0.19110346392138153
L291848,Cisplatin,0,0,0.18583642087064267,0.06962987611271007,0.1983275259246252,0.1257823585007009,0.04101014576190679
L291848,CoCl2,0,0,0.22867007436383363,0.09320675900005541,0.1983275259246252,0.15952922607834183,0.05579431995707166
L291848,Dabrafenib,0,0,0.24473499838108828,0.10282400034002308,0.1983275259246252,0.17270374417190798,0.061955608591240115
L291848,Doxorubicin,0,0,0.2866788719209133,0.1298040178991264,0.1983275259246252,0.2084516614928116,0.07975339553102281
L291848,Trametinib,0,0,0.20368386704128424,0.07910975095779173,0.1983275259246252,0.13959946933848547,0.04688792976957699
L291864,Acid,0,0,0.4736194759800148,0.283084547091898,0.1399350878492283,0.2891324495312083,0.25035453302872984
L291864,Cisplatin,0,0,0.18583642087064267,0.06912653697676831,0.1399350878492283,0.08486331589069183,0.05700471494977329
L291864,CoCl2,0,0,0.22867007436383363,0.09254994172494373,0.1399350878492283,0.1090006066970384,0.07709141586986105
L291864,Dabrafenib,0,0,0.24473499838108828,0.10210704271472079,0.1399350878492283,0.1185910742540401,0.08539182076060654
L291864,Doxorubicin,0,0,0.2866788719209133,0.1289259711728003,0.1399350878492283,0.14510276740083133,0.1091387519618389
L291864,Trametinib,0,0,0.20368386704128424,0.07854366914430409,0.1399350878492283,0.09467226900280261,0.06501949620715741
L292026,Acid,3,1,0.47049894201675735,0.4992907486881012,0.38141552703480325,0.6297770727722373,0.5618914413057686
L292026,Cisplatin,3,1,0.1901270509498604,0.17098131903411887,0.38141552703480325,0.2876216939612453,0.19795636263080377
L292026,CoCl2,3,1,0.2186598922625351,0.20284744602679858,0.38141552703480325,0.3272412883004915,0.234524315092771
L292026,Dabrafenib,3,0,0.2186598922625351,0.20284744602679902,0.38141552703480325,0.3272412883004915,0.2345243150927709
L292026,Doxorubicin,3,0,0.2882083795228566,0.2843620918120689,0.38141552703480325,0.41998225013288454,0.3272125414606664
L292026,Trametinib,3,0,0.19191054568686872,0.17294356983228507,0.38141552703480325,0.2901234645018997,0.20020679834155028
L292133,Acid,1,0,0.47587273821028014,0.41305005356356256,0.2130915103024726,0.41086918956163837,0.39532564163807055
L292133,Cisplatin,1,0,0.19458719593808257,0.1265625992972331,0.2130915103024726,0.1420864810750352,0.11077546739296441
L292133,CoCl2,1,0,0.23560044533301658,0.16285012380500055,0.2130915103024726,0.17673119221244296,0.14435332403781254
L292133,Dabrafenib,1,0,0.23203384804524899,0.15957834882299102,0.2130915103024726,0.17364634338883103,0.14129583936020626
L292133,Doxorubicin,1,0,0.29979943088858513,0.22502867226033715,0.2130915103024726,0.23462261473210852,0.203695593820442
L292133,Trametinib,1,0,0.19726215106258552,0.1288450374752859,0.2130915103024726,0.14429054935195398,0.11285845350791103
L292268,Acid,4,1,0.4785299066468458,0.6628333245662733,0.3493539933116076,0.5971665013666628,0.673497371943505
L292268,Cisplatin,4,0,0.19815483583226198,0.2866067891253402,0.3493539933116076,0.2635004540008812,0.28801953285497595
L292268,CoCl2,4,1,0.22936006970462597,0.334728727665821,0.3493539933116076,0.3036981902587475,0.3372801864532382
L292268,Dabrafenib,4,1,0.2240101926936385,0.32653472020841506,0.3493539933116076,0.2968378317964478,0.3288679799809784
L292268,Doxorubicin,4,0,0.2891002187573746,0.4238012031386855,0.3493539933116076,0.3792965835105402,0.4293835571329029
L292268,Trametinib,4,0,0.191021945485207,0.2754989212548642,0.3493539933116076,0.25425575867537575,0.2767225636668737
L292296,Acid,3,0,0.47049894201675735,0.441250310253221,0.40840920309452833,0.6575183043002628,0.5282249216971832
L292296,Cisplatin,3,1,0.1901270509498604,0.14040374340859377,0.40840920309452833,0.3130348087100052,0.17727227311351057
L292296,CoCl2,3,0,0.2186598922625351,0.16772402813326753,0.40840920309452833,0.3544134441812247,0.2110246250275266
L292296,Dabrafenib,3,0,0.2186598922625351,0.16772402813326798,0.40840920309452833,0.35441344418122467,0.2110246250275266
L292296,Doxorubicin,3,0,0.2882083795228566,0.2393624197242214,0.40840920309452833,0.44970753518305623,0.2980414822394828
L292296,Trametinib,3,0,0.19191054568686872,0.14207521350441343,0.40840920309452833,0.31565967856649346,0.179340144103022
L292380,Acid,2,0,0.4723002644704608,0.28798107904013687,0.11190366209088626,0.2422112801650415,0.24833108932955036
L292380,Cisplatin,2,0,0.20261025237344546,0.07994198058564067,0.11190366209088626,0.07430962717087734,0.06538834024233482
L292380,CoCl2,2,0,0.22668291955083833,0.0938138784504659,0.11190366209088626,0.08550527660206733,0.07707453670231308
L292380,Dabrafenib,2,0,0.22668291955083833,0.09381387845046599,0.11190366209088626,0.08550527660206739,0.07707453670231311
L292380,Doxorubicin,2,0,0.2819646373115759,0.12918161513286344,0.11190366209088626,0.11358563788301004,0.10744219058016333
L292380,Trametinib,2,0,0.19458603455920903,0.07551591043043948,0.11190366209088626,0.07070734450209355,0.06169349299650221
L292653,Acid,3,1,0.47049894201675735,0.4146843208666432,0.272454189938627,0.5020114009932798,0.37185044245677057
L292653,Cisplatin,3,1,0.1901270509498604,0.1278074763493444,0.272454189938627,0.19307095574013527,0.10227074302117574
L292653,CoCl2,3,0,0.2186598922625351,0.15311331540748604,0.272454189938627,0.2237571896840352,0.12389335544204931
L292653,Dabrafenib,3,0,0.2186598922625351,0.15311331540748646,0.272454189938627,0.2237571896840352,0.12389335544204925
L292653,Doxorubicin,3,0,0.2882083795228566,0.22016197956804173,0.272454189938627,0.3002597662747105,0.18332989055463111
L292653,Trametinib,3,0,0.19191054568686872,0.12935155634413809,0.272454189938627,0.1949754036990237,0.10357386586429464
L292880,Acid,3,0,0.47049894201675735,0.28393797583778135,0.3342823357560319,0.5792015193053661,0.306799563315316
L292880,Cisplatin,3,0,0.1901270509498604,0.07579774841898737,0.3342823357560319,0.2462474501746672,0.07848707230197494
L292880,CoCl2,3,0,0.2186598922625351,0.09189062358779186,0.3342823357560319,0.2824272955990651,0.09561679747860324
L292880,Dabrafenib,3,0,0.2186598922625351,0.09189062358779211,0.3342823357560319,0.2824272955990651,0.09561679747860324
L292880,Doxorubicin,3,0,0.2882083795228566,0.13644925330968105,0.3342823357560319,0.3694422246737193,0.14371316410537938
L292880,Trametinib,3,0,0.19191054568686872,0.07676878924958747,0.3342823357560319,0.24851488669520905,0.07951398792249477
L293016,Acid,2,1,0.4723002644704608,0.5583694065352124,0.47269777987174916,0.7158855805736898,0.6742175235738337
L293016,Cisplatin,2,1,0.20261025237344546,0.21359690158433944,0.47269777987174916,0.38756439757114464,0.3047179054625104
L293016,CoCl2,2,1,0.22668291955083833,0.24449801516631675,0.47269777987174916,0.4243219472109414,0.34345850987210746
L293016,Dabrafenib,2,1,0.22668291955083833,0.24449801516631683,0.47269777987174916,0.42432194721094174,0.34345850987210746
L293016,Doxorubicin,2,1,0.2819646373115759,0.3168128826221602,0.47269777987174916,0.5025274959856479,0.42989430379561033
L293016,Trametinib,2,1,0.19458603455920903,0.2034068718219608,0.47269777987174916,0.3749270841087693,0.2917205784838561
L293527,Acid,3,1,0.47049894201675735,0.9069244006440527,0.3372117203065681,0.5821503900110317,0.9078904975716353
L293527,Cisplatin,3,0,0.1901270509498604,0.6683641565005012,0.3372117203065681,0.2485022369140353,0.6547958041642872
L293527,CoCl2,3,1,0.2186598922625351,0.7131826940302834,0.3372117203065681,0.2848881542962767,0.7019007538334888
L293527,Dabrafenib,3,0,0.2186598922625351,0.7131826940302843,0.3372117203065681,0.28488815429627673,0.7019007538334888
L293527,Doxorubicin,3,0,0.2882083795228566,0.7951997320033949,0.3372117203065681,0.37226793009664244,0.7889294048598425
L293527,Trametinib,3,0,0.19191054568686872,0.6714116029563244,0.3372117203065681,0.25078352763003947,0.6579791070405056
L293773,Acid,0,1,0.4736194759800148,0.5478487846568613,0.3058160763800545,0.5365541787220975,0.5390313723021816
L293773,Cisplatin,0,0,0.18583642087064267,0.18558006591401013,0.3058160763800545,0.20883662734672784,0.1746878263872885
L293773,CoCl2,0,0,0.22867007436383363,0.23835939932972935,0.3058160763800545,0.2582831690499041,0.2262913372316381
L293773,Dabrafenib,0,0,0.24473499838108828,0.25868122594336856,0.3058160763800545,0.27692601722878396,0.2463677257839263
L293773,Doxorubicin,0,1,0.2866788719209133,0.31232035738770825,0.3058160763800545,0.3257524175720527,0.3001880513263041
L293773,Trametinib,0,0,0.20368386704128424,0.20732828956532265,0.3058160763800545,0.22938331951223287,0.195812893024602
L293983,Acid,3,0,0.47049894201675735,0.28393797583778135,0.159986740485502,0.3314847962517727,0.2079395729492512
L293983,Cisplatin,3,0,0.1901270509498604,0.07579774841898737,0.159986740485502,0.1052975725929581,0.048092185330087606
L293983,CoCl2,3,0,0.2186598922625351,0.09189062358779186,0.159986740485502,0.12418018934474032,0.05901307151653294
L293983,Dabrafenib,3,0,0.2186598922625351,0.09189062358779211,0.159986740485502,0.12418018934474032,0.059013071516532914
L293983,Doxorubicin,3,0,0.2882083795228566,0.13644925330968105,0.159986740485502,0.17428122409764238,0.09054062926645504
L293983,Trametinib,3,0,0.19191054568686872,0.07676878924958747,0.159986740485502,0.10645044174164286,0.04874245285404008
L293998,Acid,2,1,0.4723002644704608,0.39649715616030917,0.19916757686817863,0.3950445372460358,0.3383372658032463
L293998,Cisplatin,2,0,0.20261025237344546,0.1236828129632373,0.19916757686817863,0.14089679201854033,0.09770693559549276
L293998,CoCl2,2,0,0.22668291955083833,0.1439572306507918,0.19916757686817863,0.16038642064252925,0.11446172490151527
L293998,Dabrafenib,2,0,0.22668291955083833,0.14395723065079188,0.19916757686817863,0.1603864206425294,0.11446172490151527
L293998,Doxorubicin,2,0,0.2819646373115759,0.19417819921724852,0.19916757686817863,0.20747888604648002,0.15705336195496128
L293998,Trametinib,2,0,0.19458603455920903,0.1171433286036891,0.19916757686817863,0.1345357179037057,0.09236636796454391
L294380,Acid,3,1,0.47049894201675735,0.585861112093313,0.3426696474228662,0.5880401208636277,0.6077756271074549
L294380,Cisplatin,3,0,0.1901270509498604,0.2263617469596817,0.3426696474228662,0.25306072612983793,0.22970341954364196
L294380,CoCl2,3,0,0.2186598922625351,0.2652468854655212,0.3426696474228662,0.2898566594481693,0.2701605056592175
L294380,Dabrafenib,3,1,0.2186598922625351,0.2652468854655218,0.3426696474228662,0.2898566594481693,0.2701605056592175
L294380,Doxorubicin,3,1,0.2882083795228566,0.3604970261053223,0.3426696474228662,0.37795492468276376,0.3701228678479163
L294380,Trametinib,3,1,0.19191054568686872,0.22878416829031195,0.3426696474228662,0.2553696440802374,0.23221027442502074
L294541,Acid,2,1,0.4723002644704608,0.2807695161874157,0.3137006692933728,0.5532974188047888,0.3358466086242704
L294541,Cisplatin,2,1,0.20261025237344546,0.07737396318390978,0.3137006692933728,0.23727053627953398,0.09672870932040675
L294541,CoCl2,2,0,0.22668291955083833,0.09084424576363263,0.3137006692933728,0.2659640762592501,0.11333682291642358
L294541,Dabrafenib,2,1,0.22668291955083833,0.09084424576363272,0.3137006692933728,0.2659640762592502,0.11333682291642358
L294541,Doxorubicin,2,1,0.2819646373115759,0.1252471706812583,0.3137006692933728,0.33180545231222675,0.1555834216001071
L294541,Trametinib,2,1,0.19458603455920903,0.07307878074846619,0.3137006692933728,0.22771173464255162,0.09143619219187413
L294564,Acid,4,0,0.4785299066468458,0.2968821351175162,0.25993112012247577,0.4863052573745781,0.2218240971627842
L294564,Cisplatin,4,0,0.19815483583226198,0.07943437728876447,0.25993112012247577,0.18598407881119558,0.0529433641828919
L294564,CoCl2,4,0,0.22936006970462597,0.09752696145749848,0.25993112012247577,0.21785437453237233,0.06570898614342263
L294564,Dabrafenib,4,0,0.2240101926936385,0.09431633792632509,0.25993112012247577,0.21234181639436644,0.06342191384849896
L294564,Doxorubicin,4,0,0.2891002187573746,0.13642287806611342,0.25993112012247577,0.280698338895063,0.0941929785910465
L294564,Trametinib,4,0,0.191021945485207,0.07550595825322452,0.25993112012247577,0.17879874917434785,0.05021645130563301
L294576,Acid,2,0,0.4723002644704608,0.2807695161874157,0.2877127229829241,0.5210354313747009,0.2669868134585194
L294576,Cisplatin,2,0,0.20261025237344546,0.07737396318390978,0.2877127229829241,0.21458376074450017,0.07160991092203124
L294576,CoCl2,2,0,0.22668291955083833,0.09084424576363263,0.2877127229829241,0.2414020769057345,0.08430772387931147
L294576,Dabrafenib,2,0,0.22668291955083833,0.09084424576363272,0.2877127229829241,0.24140207690573465,0.08430772387931147
L294576,Doxorubicin,2,0,0.2819646373115759,0.1252471706812583,0.2877127229829241,0.30367851808836155,0.11716349110178044
L294576,Trametinib,2,0,0.19458603455920903,0.07307878074846619,0.2877127229829241,0.2056924509177846,0.06758893010805678
L295193,Acid,1,1,0.47587273821028014,0.6887158615930543,0.368174627313986,0.6097546053102327,0.7635240481410284
L295193,Cisplatin,1,1,0.19458719593808257,0.3129838980454491,0.368174627313986,0.2706330311161138,0.3808914711434904
L295193,CoCl2,1,1,0.23560044533301658,0.37949802603117144,0.368174627313986,0.32475628254833233,0.45449742798728104
L295193,Dabrafenib,1,1,0.23203384804524899,0.37381723606832645,0.368174627313986,0.32009224236647094,0.4483127324616528
L295193,Doxorubicin,1,1,0.29979943088858513,0.4772395480264697,0.368174627313986,0.40715560953466845,0.5581663271539644
L295193,Trametinib,1,0,0.19726215106258552,0.3174065456578246,0.368174627313986,0.27419382974767087,0.3858496910890607
L295492,Acid,0,1,0.4736194759800148,0.7231742620845627,0.29336179487667813,0.520843879773553,0.7804385536658544
L295492,Cisplatin,0,0,0.18583642087064267,0.3294419016821146,0.29336179487667813,0.19860971408291517,0.3915072218332027
L295492,CoCl2,0,0,0.22867007436383363,0.40289528826833165,0.29336179487667813,0.24638891494563311,0.4706358209595754
L295492,Dabrafenib,0,0,0.24473499838108828,0.4293374537472961,0.29336179487667813,0.2644793680940039,0.49842520120554423
L295492,Doxorubicin,0,0,0.2866788719209133,0.4947466264986937,0.29336179487667813,0.31205833028925795,0.5659577513868524
L295492,Trametinib,0,0,0.20368386704128424,0.3605849279562107,0.29336179487667813,0.21842801009842502,0.4253393691608515
L29553,Acid,1,0,0.47587273821028014,0.2846492613888907,0.25217491220857746,0.4677193277360969,0.19929024588129404
L29553,Cisplatin,1,0,0.19458719593808257,0.07572901961696576,0.25217491220857746,0.17264497322169994,0.0452779345358939
L29553,CoCl2,1,0,0.23560044533301658,0.09909531796825004,0.25217491220857746,0.21289173432390365,0.060349824623654236
L29553,Dabrafenib,1,0,0.23203384804524899,0.0969560750019377,0.25217491220857746,0.20933619584468008,0.058949002135293624
L29553,Doxorubicin,1,0,0.29979943088858513,0.14103226746692055,0.25217491220857746,0.27861946079702277,0.08874053824835523
L29553,Trametinib,1,0,0.19726215106258552,0.07717572323658099,0.25217491220857746,0.17522625089114022,0.04619330488199024
L295561,Acid,0,1,0.4736194759800148,0.5836641772922005,0.30538300042219696,0.5358869795026079,0.5545968199984532
L295561,Cisplatin,0,0,0.18583642087064267,0.20864064964762216,0.30538300042219696,0.2083936983535982,0.18393021446960192
L295561,CoCl2,0,1,0.22867007436383363,0.2658376831605884,0.30538300042219696,0.257769535861974,0.2374783559577238
L295561,Dabrafenib,0,1,0.24473499838108828,0.28761754977470416,0.30538300042219696,0.2763891250958783,0.25821601181022263
L295561,Doxorubicin,0,1,0.2866788719209133,0.3444687262158307,0.30538300042219696,0.32516343227857464,0.3135477902024472
L295561,Trametinib,0,1,0.20368386704128424,0.23232044833009902,0.30538300042219696,0.2289094209119828,0.20589413291680708
L295735,Acid,3,0,0.47049894201675735,0.41162743156168125,0.2962298721170279,0.533685835148589,0.4420687603701283
L295735,Cisplatin,3,0,0.1901270509498604,0.12640861625122612,0.2962298721170279,0.21361421180929976,0.13230520412410243
L295735,CoCl2,3,0,0.2186598922625351,0.15148558729236597,0.2962298721170279,0.24656784830359443,0.1591521042577214
L295735,Dabrafenib,3,0,0.2186598922625351,0.15148558729236636,0.2962298721170279,0.24656784830359443,0.1591521042577214
L295735,Doxorubicin,3,0,0.2882083795228566,0.21800495045802287,0.2962298721170279,0.32757818840508585,0.2310429021102795
L295735,Trametinib,3,0,0.19191054568686872,0.12793827519936513,0.2962298721170279,0.21566713909630006,0.13393392772710974
L296089,Acid,3,0,0.47049894201675735,0.2800284500633928,0.17548231929036412,0.3585731837835406,0.18521853209338535
L296089,Cisplatin,3,0,0.1901270509498604,0.07445610040842693,0.17548231929036412,0.11714112736602428,0.04191302619447821
L296089,CoCl2,3,0,0.2186598922625351,0.09029195479406704,0.17548231929036412,0.13782044360592693,0.05150665881543536
L296089,Dabrafenib,3,0,0.2186598922625351,0.09029195479406729,0.17548231929036412,0.1378204436059269,0.051506658815435334
L296089,Doxorubicin,3,0,0.2882083795228566,0.13418992647207914,0.17548231929036412,0.19221690178450884,0.07936216195056234
L296089,Trametinib,3,0,0.19191054568686872,0.07541135591620717,0.17548231929036412,0.11840650685002854,0.042483472451776506
L296189,Acid,1,1,0.47587273821028014,0.8094121628145508,0.26537094824005586,0.48539882089134595,0.736250612000673
L296189,Cisplatin,1,0,0.19458719593808257,0.46651679406022745,0.26537094824005586,0.18300561660109146,0.347217410674052
L296189,CoCl2,1,0,0.23560044533301658,0.5400125125402936,0.26537094824005586,0.22501077328877078,0.4187170704601996
L296189,Dabrafenib,1,0,0.23203384804524899,0.5339967474003782,0.26537094824005586,0.2213097418085462,0.4126509522520339
L296189,Doxorubicin,1,1,0.29979943088858513,0.6366764046069502,0.26537094824005586,0.2930868845821833,0.5220348657918936
L296189,Trametinib,1,0,0.19726215106258552,0.47161963668001156,0.26537094824005586,0.18570703007047634,0.35198649952074085
L296278,Acid,2,0,0.4723002644704608,0.41824820551231073,0.20315324850737054,0.40147546409527574,0.3064297407018487
L296278,Cisplatin,2,0,0.20261025237344546,0.13378550711129356,0.20315324850737054,0.1441764675480017,0.08555810915320072
L296278,CoCl2,2,0,0.22668291955083833,0.15542226908653953,0.20315324850737054,0.16403313886680174,0.10046157034122014
L296278,Dabrafenib,2,0,0.22668291955083833,0.15542226908653958,0.20315324850737054,0.16403313886680188,0.10046157034122014
L296278,Doxorubicin,2,0,0.2819646373115759,0.20866797340549004,0.20315324850737054,0.21192608349142186,0.13865941322770675
L296278,Trametinib,2,0,0.19458603455920903,0.1267891472075863,0.20315324850737054,0.1376910570178284,0.08082210366825673
L296352,Acid,3,0,0.47049894201675735,0.2940412912595201,0.05612156616392781,0.12850858251024364,0.27470437475405407
L296352,Cisplatin,3,0,0.1901270509498604,0.07931520225948777,0.05612156616392781,0.03381555191104287,0.06793557239808755
L296352,CoCl2,3,0,0.2186598922625351,0.09607724459137335,0.05612156616392781,0.0404592358598057,0.0829697841608643
L296352,Dabrafenib,3,0,0.2186598922625351,0.09607724459137361,0.05612156616392781,0.0404592358598057,0.08296978416086426
L296352,Doxorubicin,3,0,0.2882083795228566,0.14234777946445465,0.05612156616392781,0.05906046364488848,0.12558796380013945
L296352,Trametinib,3,0,0.19191054568686872,0.08032738842690436,0.05612156616392781,0.034215717395582206,0.06883474577249607
L296371,Acid,1,1,0.47587273821028014,0.6715572982382486,0.4712986132164897,0.7098242989419251,0.8203485202038773
L296371,Cisplatin,1,0,0.19458719593808257,0.2962766398497176,0.4712986132164897,0.3674520530156287,0.46526760697377106
L296371,CoCl2,1,0,0.23560044533301658,0.3611064369404099,0.4712986132164897,0.429534984938106,0.5409324781961077
L296371,Dabrafenib,1,1,0.23203384804524899,0.3555432053583572,0.4712986132164897,0.42431173698294317,0.5347245435704399
L296371,Doxorubicin,1,0,0.29979943088858513,0.45760441757817927,0.4712986132164897,0.5181204425892104,0.6411446959450463
L296371,Trametinib,1,1,0.19726215106258552,0.30056648947678544,0.4712986132164897,0.3716376440715568,0.470489491521994
L296406,Acid,1,0,0.47587273821028014,0.4006161480198365,0.24178994932087092,0.4530368973267199,0.3704933836553038
L296406,Cisplatin,1,1,0.19458719593808257,0.12097524340804745,0.24178994932087092,0.16436507257111727,0.10083645551347457
L296406,CoCl2,1,0,0.23560044533301658,0.15594680782634118,0.24178994932087092,0.20315559156363228,0.13184833488430073
L296406,Dabrafenib,1,0,0.23203384804524899,0.15278841257359338,0.24178994932087092,0.1997213984726886,0.1290157764937422
L296406,Doxorubicin,1,0,0.29979943088858513,0.2161701867667327,0.24178994932087092,0.26689666372456106,0.18717445786499307
L296406,Trametinib,1,0,0.19726215106258552,0.12317112828998084,0.24178994932087092,0.1668475195657983,0.10275414768859596
L297256,Acid,1,1,0.47587273821028014,0.6594211727299722,0.22247523744041467,0.42505403218352233,0.5896845784863696
L297256,Cisplatin,1,0,0.19458719593808257,0.2850367916847566,0.22247523744041467,0.14934420654417813,0.21497351689732
L297256,CoCl2,1,0,0.23560044533301658,0.3486255546693358,0.22247523744041467,0.18537617688347338,0.27052673871041505
L297256,Dabrafenib,1,0,0.23203384804524899,0.34315132965029493,0.22247523744041467,0.18217382054915174,0.2656264558096521
L297256,Doxorubicin,1,0,0.29979943088858513,0.44410667925219394,0.22247523744041467,0.24525580452926182,0.3599196240797753
L297256,Trametinib,1,1,0.19726215106258552,0.28923078518198164,0.22247523744041467,0.15164095815432516,0.21853429369207233
L297967,Acid,4,0,0.4785299066468458,0.28113031182063863,0.12695190074871257,0.2715653229399223,0.15545794138738686
L297967,Cisplatin,4,0,0.19815483583226198,0.0740054563390073,0.12695190074871257,0.08254791660701724,0.034841350098776
L297967,CoCl2,4,0,0.22936006970462597,0.09098371995446658,0.12695190074871257,0.0988456793313086,0.04344245707732271
L297967,Dabrafenib,4,0,0.2240101926936385,0.08796750590531295,0.12695190074871257,0.09597498304503871,0.0418956422344216
L297967,Doxorubicin,4,1,0.2891002187573746,0.12763912778414688,0.12695190074871257,0.1332061981766489,0.0629242750448272
L297967,Trametinib,4,1,0.191021945485207,0.07032501345783615,0.12695190074871257,0.07897106669816246,0.03301430144655964
L298261,Acid,3,0,0.47049894201675735,0.4221316365433675,0.40863593127078945,0.6575914230749605,0.42929472114347744
L298261,Cisplatin,3,0,0.1901270509498604,0.1312581210697443,0.40863593127078945,0.31310464153920436,0.1264534033336746
L298261,CoCl2,3,0,0.2186598922625351,0.15712410448723127,0.40863593127078945,0.35448774457283777,0.15232132623763228
L298261,Dabrafenib,3,0,0.2186598922625351,0.15712410448723166,0.40863593127078945,0.35448774457283777,0.15232132623763228
L298261,Doxorubicin,3,0,0.2882083795228566,0.22546152411737871,0.40863593127078945,0.44978789459105384,0.22194100993789187
L298261,Trametinib,3,0,0.19191054568686872,0.13283754007855247,0.40863593127078945,0.31572982783424436,0.12802071774192858
L298485,Acid,3,1,0.47049894201675735,0.41162743156168125,0.2354732204830667,0.45063712201039785,0.3949667159591062
L298485,Cisplatin,3,0,0.1901270509498604,0.12640861625122612,0.2354732204830667,0.16296636653758204,0.11160602138501637
L298485,CoCl2,3,0,0.2186598922625351,0.15148558729236597,0.2354732204830667,0.18999443678021877,0.13490574830920812
L298485,Dabrafenib,3,0,0.2186598922625351,0.15148558729236636,0.2354732204830667,0.18999443678021874,0.13490574830920807
L298485,Doxorubicin,3,0,0.2882083795228566,0.21800495045802287,0.2354732204830667,0.2588021686569131,0.1984288019963355
L298485,Trametinib,3,0,0.19191054568686872,0.12793827519936513,0.2354732204830667,0.16463444915901404,0.11301311910724798
L299027,Acid,0,0,0.4736194759800148,0.283084547091898,0.2746523291049714,0.4968291742849205,0.36716014807422587
L299027,Cisplatin,0,0,0.18583642087064267,0.06912653697676831,0.2746523291049714,0.18375461780977237,0.09503730448536817
L299027,CoCl2,0,0,0.22867007436383363,0.09254994172494373,0.2746523291049714,0.2289812568585147,0.12672455153976217
L299027,Dabrafenib,0,0,0.24473499838108828,0.10210704271472079,0.2746523291049714,0.24621116866007195,0.13956082943361148
L299027,Doxorubicin,0,0,0.2866788719209133,0.1289259711728003,0.2746523291049714,0.2918075712039237,0.17548155256965733
L299027,Trametinib,0,1,0.20368386704128424,0.07854366914430409,0.2746523291049714,0.20246509228911935,0.1077881920771996
L29912,Acid,3,1,0.47049894201675735,0.28393797583778135,0.3315042088431011,0.5752342624054315,0.23883002977982584
L29912,Cisplatin,3,0,0.1901270509498604,0.07579774841898737,0.3315042088431011,0.2432424836475827,0.05694370154378845
L29912,CoCl2,3,0,0.2186598922625351,0.09189062358779186,0.3315042088431011,0.2791443314611903,0.06972737632174501
L29912,Dabrafenib,3,1,0.2186598922625351,0.09189062358779211,0.3315042088431011,0.2791443314611903,0.06972737632174501
L29912,Doxorubicin,3,0,0.2882083795228566,0.13644925330968105,0.3315042088431011,0.3656632187015249,0.10633219377696042
L29912,Trametinib,3,1,0.19191054568686872,0.07676878924958747,0.3315042088431011,0.24549126233210702,0.05770639737803634
L299297,Acid,1,0,0.47587273821028014,0.2838807297763159,0.0838031672202401,0.1819757232442378,0.188173663053264
L299297,Cisplatin,1,0,0.19458719593808257,0.07546505119145054,0.0838031672202401,0.05017729182597787,0.042298465204676707
L299297,CoCl2,1,0,0.23560044533301658,0.09875860442751293,0.0838031672202401,0.06408596501788419,0.056437193053400635
L299297,Dabrafenib,1,0,0.23203384804524899,0.0966258507238606,0.0838031672202401,0.06281731476578642,0.05512186179939173
L299297,Doxorubicin,1,0,0.29979943088858513,0.14057529225993384,0.0838031672202401,0.08907060149466409,0.08315014436277754
L299297,Trametinib,1,0,0.19726215106258552,0.07690713164142415,0.0838031672202401,0.051040470825553415,0.04315632332351462
L299327,Acid,2,0,0.4723002644704608,0.28798107904013687,0.19895998109779034,0.394986659636918,0.2245711856752619
L299327,Cisplatin,2,0,0.20261025237344546,0.07994198058564067,0.19895998109779034,0.14086747898028076,0.05778645509849078
L299327,CoCl2,2,0,0.22668291955083833,0.0938138784504659,0.19895998109779034,0.1603538096897129,0.06821320237694677
L299327,Dabrafenib,2,0,0.22668291955083833,0.09381387845046599,0.19895998109779034,0.16035380968971305,0.0682132023769468
L299327,Doxorubicin,2,0,0.2819646373115759,0.12918161513286344,0.19895998109779034,0.20743906559859027,0.09545054407471296
L299327,Trametinib,2,0,0.19458603455920903,0.07551591043043948,0.19895998109779034,0.13450752106177383,0.05449611479082888
L299436,Acid,0,0,0.4736194759800148,0.4328777043248581,0.21606777410888034,0.41403628869284387,0.34702205261026386
L299436,Cisplatin,0,0,0.18583642087064267,0.12552793042606503,0.21606777410888034,0.13874719782699244,0.08775498119109372
L299436,CoCl2,0,0,0.22867007436383363,0.1646818096685305,0.21606777410888034,0.17527507697291436,0.11732896312181869
L299436,Dabrafenib,0,0,0.24473499838108828,0.18020834599800858,0.21606777410888034,0.189456824232408,0.12935450798966164
L299436,Doxorubicin,0,0,0.2866788719209133,0.2224585775702799,0.21606777410888034,0.22771794998185851,0.16314637763090015
L299436,Trametinib,0,0,0.20368386704128424,0.14146100184460822,0.21606777410888034,0.15373803479413925,0.0996363930427028
L299501,Acid,1,0,0.47587273821028014,0.2846492613888907,0.18319023317104643,0.363728401168611,0.2891087466727435
L299501,Cisplatin,1,0,0.19458719593808257,0.07572901961696576,0.18319023317104643,0.11952751051545842,0.07191885015927969
L299501,CoCl2,1,0,0.23560044533301658,0.09909531796825004,0.18319023317104643,0.1496310655094715,0.09497662756796021
L299501,Dabrafenib,1,0,0.23203384804524899,0.0969560750019377,0.18319023317104643,0.1469348245173889,0.09285148008927119
L299501,Doxorubicin,1,0,0.29979943088858513,0.14103226746692055,0.18319023317104643,0.20081065984310706,0.13727720201811675
L299501,Trametinib,1,0,0.19726215106258552,0.07717572323658099,0.18319023317104643,0.12143117155392329,0.07333144308728184
L29951,Acid,0,0,0.4736194759800148,0.4328777043248581,0.34025422413633044,0.5776811759694013,0.5233383149073033
L29951,Cisplatin,0,0,0.18583642087064267,0.12552793042606503,0.34025422413633044,0.23772937444000078,0.16578715451787826
L29951,CoCl2,0,0,0.22867007436383363,0.1646818096685305,0.34025422413633044,0.29149640169431545,0.2154477474605748
L29951,Dabrafenib,0,0,0.24473499838108828,0.18020834599800858,0.34025422413633044,0.3115296718151306,0.23485412054123364
L29951,Doxorubicin,0,0,0.2866788719209133,0.2224585775702799,0.34025422413633044,0.3633910117966435,0.28711747776746427
L29951,Trametinib,0,0,0.20368386704128424,0.14146100184460822,0.34025422413633044,0.26018387895381057,0.18607854073231633
L300022,Acid,1,0,0.47587273821028014,0.2846492613888907,0.262943273799264,0.4827979755030219,0.3364329857201845
L300022,Cisplatin,1,0,0.19458719593808257,0.07572901961696576,0.262943273799264,0.1814537182873751,0.08809700532358318
L300022,CoCl2,1,0,0.23560044533301658,0.09909531796825004,0.262943273799264,0.223199983065796,0.1156950376982151
L300022,Dabrafenib,1,0,0.23203384804524899,0.0969560750019377,0.262943273799264,0.2195202993161119,0.11316427254369786
L300022,Doxorubicin,1,0,0.29979943088858513,0.14103226746692055,0.262943273799264,0.29093391099107274,0.16553536803278027
L300022,Trametinib,1,0,0.19726215106258552,0.07717572323658099,0.262943273799264,0.18413738673981686,0.08979661602469369
L300077,Acid,3,0,0.47049894201675735,0.2800284500633928,0.14537307790625686,0.3056275400624,0.3073922897889783
L300077,Cisplatin,3,0,0.1901270509498604,0.07445610040842693,0.14537307790625686,0.09458753074980147,0.07868877734519754
L300077,CoCl2,3,0,0.2186598922625351,0.09029195479406704,0.14537307790625686,0.11178952636756485,0.095857945181895
L300077,Dabrafenib,3,1,0.2186598922625351,0.09029195479406729,0.14537307790625686,0.11178952636756485,0.09585794518189494
L300077,Doxorubicin,3,0,0.2882083795228566,0.13418992647207914,0.14537307790625686,0.15779215178931327,0.14405629041704918
L300077,Trametinib,3,0,0.19191054568686872,0.07541135591620717,0.14537307790625686,0.09563567323398653,0.07971810374919477
L300084,Acid,1,1,0.47587273821028014,0.4139661310128785,0.3094006623701867,0.5426448347237183,0.29915069414833384
L300084,Cisplatin,1,0,0.19458719593808257,0.12698075304880968,0.3094006623701867,0.21982280470039445,0.07521506528875242
L300084,CoCl2,1,0,0.23560044533301658,0.16336574472442247,0.3094006623701867,0.26751156592310615,0.09921665978919797
L300084,Dabrafenib,1,0,0.23203384804524899,0.16008559150715593,0.3094006623701867,0.26334901978686853,0.09700680869369173
L300084,Doxorubicin,1,0,0.29979943088858513,0.22568808994564982,0.3094006623701867,0.3427591405976359,0.14310704766907864
L300084,Trametinib,1,1,0.19726215106258552,0.1292696161615275,0.3094006623701867,0.22291940225867005,0.0766870511158462
L300217,Acid,3,0,0.47049894201675735,0.2800284500633928,0.0814615546905265,0.18218349844794715,0.3284015932435075
L300217,Cisplatin,3,0,0.1901270509498604,0.07445610040842693,0.0814615546905265,0.05021856111472506,0.08600798762317387
L300217,CoCl2,3,0,0.2186598922625351,0.09029195479406704,0.0814615546905265,0.05988517167102182,0.10459284049827056
L300217,Dabrafenib,3,0,0.2186598922625351,0.09029195479406729,0.0814615546905265,0.05988517167102182,0.10459284049827051
L300217,Doxorubicin,3,0,0.2882083795228566,0.13418992647207914,0.0814615546905265,0.0866113658709662,0.15642333177890652
L300217,Trametinib,3,0,0.19191054568686872,0.07541135591620717,0.0814615546905265,0.05080262964192578,0.08712400257164395
L300344,Acid,0,0,0.4736194759800148,0.28466937869202136,0.3687247878449963,0.608746168513203,0.41564767452818857
L300344,Cisplatin,0,0,0.18583642087064267,0.06962987611271007,0.3687247878449963,0.2618480283556335,0.1140654071679762
L300344,CoCl2,0,0,0.22867007436383363,0.09320675900005541,0.3687247878449963,0.3187886617020591,0.15103811811633364
L300344,Dabrafenib,0,0,0.24473499838108828,0.10282400034002308,0.3687247878449963,0.33979803511856427,0.16586940351768575
L300344,Doxorubicin,0,0,0.2866788719209133,0.1298040178991264,0.3687247878449963,0.3936744037611812,0.206933029725321
L300344,Trametinib,0,0,0.20368386704128424,0.07910975095779173,0.3687247878449963,0.2857267212191795,0.12900531101688717
L300377,Acid,3,0,0.47049894201675735,0.4146843208666432,0.2009845269294848,0.3995271869456401,0.3486519973457101
L300377,Cisplatin,3,0,0.1901270509498604,0.1278074763493444,0.2009845269294848,0.13638336620563887,0.0933899978982517
L300377,CoCl2,3,0,0.2186598922625351,0.15311331540748604,0.2009845269294848,0.15984455983715265,0.11337211636516029
L300377,Dabrafenib,3,0,0.2186598922625351,0.15311331540748646,0.2009845269294848,0.15984455983715265,0.11337211636516023
L300377,Doxorubicin,3,0,0.2882083795228566,0.22016197956804173,0.2009845269294848,0.22070849391230674,0.1687333093980986
L300377,Trametinib,3,0,0.19191054568686872,0.12935155634413809,0.2009845269294848,0.13782415482801863,0.09459188641252261
L300513,Acid,2,0,0.4723002644704608,0.2807695161874157,0.27391217684149055,0.5029808609221698,0.2745073862660946
L300513,Cisplatin,2,0,0.20261025237344546,0.07737396318390978,0.27391217684149055,0.20265515085287625,0.0741840139284205
L300513,CoCl2,2,0,0.22668291955083833,0.09084424576363263,0.27391217684149055,0.2284162118139849,0.08729534652145254
L300513,Dabrafenib,2,0,0.22668291955083833,0.09084424576363272,0.27391217684149055,0.22841621181398508,0.08729534652145254
L300513,Doxorubicin,2,0,0.2819646373115759,0.1252471706812583,0.27391217684149055,0.2886171560081311,0.12116136927163687
L300513,Trametinib,2,0,0.19458603455920903,0.07307878074846619,0.27391217684149055,0.1941359346807008,0.07002939691531876
L300600,Acid,4,0,0.4785299066468458,0.29897467523817,0.013392738446890831,0.029678217720888026,0.02078173803106735
L300600,Cisplatin,4,0,0.19815483583226198,0.08016901387354933,0.013392738446890831,0.007327687995916732,0.004144796352788158
L300600,CoCl2,4,0,0.22936006970462597,0.09841103684850079,0.013392738446890831,0.008918793268567305,0.0052088986041114
L300600,Dabrafenib,4,0,0.2240101926936385,0.09517437853277874,0.013392738446890831,0.008634747124261075,0.0050162911866229905
L300600,Doxorubicin,4,0,0.2891002187573746,0.13760578088210432,0.013392738446890831,0.012451039407252609,0.007682541188582476
L300600,Trametinib,4,0,0.191021945485207,0.07620727108441683,0.013392738446890831,0.006985358793855444,0.0039209076875595834
L301536,Acid,1,0,0.47587273821028014,0.5172358209359385,0.3498950862975251,0.5897543938993909,0.45808464942240296
L301536,Cisplatin,1,0,0.19458719593808257,0.18073761840525696,0.3498950862975251,0.2545019728767469,0.13872503202381603
L301536,CoCl2,1,0,0.23560044533301658,0.22849453729869446,0.3498950862975251,0.30675600350373755,0.17906880441589487
L301536,Dabrafenib,1,0,0.23203384804524899,0.22425721333195514,0.3498950862975251,0.3022347680738009,0.1754267779767794
L301536,Doxorubicin,1,0,0.29979943088858513,0.3065588084052791,0.3498950862975251,0.3872071354319665,0.2485369653779338
L301536,Trametinib,1,0,0.19726215106258552,0.1837914698511143,0.3498950862975251,0.2579255851008273,0.14125009028691435
L301796,Acid,2,0,0.4723002644704608,0.28798107904013687,0.292828347308792,0.5275585525023332,0.36460959518591807
L301796,Cisplatin,2,0,0.20261025237344546,0.07994198058564067,0.292828347308792,0.2190246950439603,0.10835390478931631
L301796,CoCl2,2,0,0.22668291955083833,0.0938138784504659,0.292828347308792,0.24622403555412498,0.12667811029254858
L301796,Dabrafenib,2,0,0.22668291955083833,0.09381387845046599,0.292828347308792,0.2462240355541252,0.12667811029254858
L301796,Doxorubicin,2,0,0.2819646373115759,0.12918161513286344,0.292828347308792,0.30923734455002466,0.17292781411226205
L301796,Trametinib,2,0,0.19458603455920903,0.07551591043043948,0.292828347308792,0.20999857383739826,0.10249749195030101
L302148,Acid,1,1,0.47587273821028014,0.2838807297763159,0.1438189444695872,0.29670748684433285,0.2732725566163753
L302148,Cisplatin,1,0,0.19458719593808257,0.07546505119145054,0.1438189444695872,0.09106333306418352,0.0668605195249444
L302148,CoCl2,1,0,0.23560044533301658,0.09875860442751293,0.1438189444695872,0.11493384861356037,0.08845111512357816
L302148,Dabrafenib,1,1,0.23203384804524899,0.0966258507238606,0.1438189444695872,0.11277990641859584,0.08645803044744318
L302148,Doxorubicin,1,0,0.29979943088858513,0.14057529225993384,0.1438189444695872,0.1564287837739336,0.12825724057286755
L302148,Trametinib,1,1,0.19726215106258552,0.07690713164142415,0.1438189444695872,0.09256131573131497,0.06818105826546413
L302652,Acid,2,1,0.4723002644704608,0.6954152196232786,0.3156364939858754,0.5559019686831725,0.6765615832956077
L302652,Cisplatin,2,0,0.20261025237344546,0.32907619281690415,0.3156364939858754,0.2391839929832571,0.30698785318414257
L302652,CoCl2,2,0,0.22668291955083833,0.3688478857505022,0.3156364939858754,0.26802761612407977,0.34587348725303624
L302652,Dabrafenib,2,0,0.22668291955083833,0.3688478857505023,0.3156364939858754,0.26802761612407994,0.34587348725303624
L302652,Doxorubicin,2,0,0.2819646373115759,0.45575482832112396,0.3156364939858754,0.3341472904597592,0.432516660947168
L302652,Trametinib,2,0,0.19458603455920903,0.31558786496017616,0.3156364939858754,0.2295713068519111,0.29393463655458396
L302757,Acid,0,1,0.4736194759800148,0.2913335192140022,0.2765118589564497,0.49919977295006546,0.2037023259501502
L302757,Cisplatin,0,0,0.18583642087064267,0.07176496068223485,0.2765118589564497,0.18518116371089755,0.04425518965168146
L302757,CoCl2,0,0,0.22867007436383363,0.09599020016883097,0.2765118589564497,0.2306596931043246,0.06013584578004506
L302757,Dabrafenib,0,0,0.24473499838108828,0.10586111354471528,0.2765118589564497,0.2479752812272288,0.066742673861044
L302757,Doxorubicin,0,0,0.2866788719209133,0.13351944255669992,0.2765118589564497,0.2937710603016252,0.08578985836160996
L302757,Trametinib,0,0,0.20368386704128424,0.08151005317126969,0.2765118589564497,0.20400059055260622,0.05057354251843481
L302938,Acid,2,1,0.4723002644704608,0.3123280499487586,0.3260114536086474,0.5681250211510483,0.3242691123664303
L302938,Cisplatin,2,0,0.20261025237344546,0.08889650017663632,0.3260114536086474,0.248337310461015,0.09224928810841937
L302938,CoCl2,2,0,0.22668291955083833,0.10414634088636009,0.3260114536086474,0.27788158943672603,0.10818040682612767
L302938,Dabrafenib,2,0,0.22668291955083833,0.10414634088636013,0.3260114536086474,0.2778815894367262,0.10818040682612767
L302938,Doxorubicin,2,0,0.2819646373115759,0.14279558489371302,0.3260114536086474,0.34528544804697503,0.14882755939477185
L302938,Trametinib,2,0,0.19458603455920903,0.08401992822152263,0.3260114536086474,0.23847206227645548,0.08717820802184267
L303207,Acid,2,1,0.4723002644704608,0.28798107904013687,0.31807053317727146,0.5583976674901328,0.3209635426641766
L303207,Cisplatin,2,0,0.20261025237344546,0.07994198058564067,0.31807053317727146,0.24102951656505406,0.09099042320288873
L303207,CoCl2,2,0,0.22668291955083833,0.0938138784504659,0.31807053317727146,0.27001670900866315,0.10672970169061569
L303207,Dabrafenib,2,0,0.22668291955083833,0.09381387845046599,0.31807053317727146,0.27001670900866337,0.10672970169061569
L303207,Doxorubicin,2,0,0.2819646373115759,0.12918161513286344,0.31807053317727146,0.33640156030055723,0.14692157226320543
L303207,Trametinib,2,0,0.19458603455920903,0.07551591043043948,0.31807053317727146,0.23136521516291053,0.08598199001574448
L30334,Acid,2,1,0.4723002644704608,0.5067370453832643,0.31899879966484374,0.5597376840112209,0.4982120205617041
L30334,Cisplatin,2,0,0.20261025237344546,0.18079418230991365,0.31899879966484374,0.2420253345445005,0.1737318929248255
L30334,CoCl2,2,0,0.22668291955083833,0.2082061461254913,0.31899879966484374,0.2710895117695135,0.20062472283583585
L30334,Dabrafenib,2,0,0.22668291955083833,0.20820614612549138,0.31899879966484374,0.2710895117695137,0.2006247228358359
L30334,Doxorubicin,2,1,0.2819646373115759,0.2736753302835227,0.31899879966484374,0.3376161309793281,0.2656595327258897
L30334,Trametinib,2,1,0.19458603455920903,0.17182713634929928,0.31899879966484374,0.23233332759021366,0.16499575094660712
L303711,Acid,3,1,0.47049894201675735,0.8006122271462391,0.3571777361276735,0.6042206237173682,0.8254165393240501
L303711,Cisplatin,3,1,0.1901270509498604,0.45370146105052644,0.3571777361276735,0.2659749271166541,0.47639927723734515
L303711,CoCl2,3,1,0.2186598922625351,0.5060922781061634,0.3571777361276735,0.3038846792861661,0.5303887810330536
L303711,Dabrafenib,3,0,0.2186598922625351,0.5060922781061643,0.3571777361276735,0.3038846792861662,0.5303887810330536
L303711,Doxorubicin,3,1,0.2882083795228566,0.6153923393531848,0.3571777361276735,0.3938817517431999,0.641946781085949
L303711,Trametinib,3,0,0.19191054568686872,0.4571192506850804,0.3571777361276735,0.268359340465439,0.47992103773379696
L303910,Acid,0,1,0.4736194759800148,0.690175519527736,0.3500898321976078,0.5886731363055477,0.7304172437867925
L303910,Cisplatin,0,1,0.18583642087064267,0.29524757016208064,0.3500898321976078,0.2460210430241273,0.3290545179378412
L303910,CoCl2,0,0,0.22867007436383363,0.36522944809991775,0.3500898321976078,0.3009230658218424,0.4039399013667566
L303910,Dabrafenib,0,0,0.24473499838108828,0.39081758161519325,0.3500898321976078,0.3213103841171102,0.4309974913191072
L303910,Doxorubicin,0,1,0.2866788719209133,0.4550377143757912,0.3500898321976078,0.3739156432354819,0.49847355405963856
L303910,Trametinib,0,1,0.20368386704128424,0.3247234714634009,0.3500898321976078,0.26898236801914155,0.36068883670187113
L303918,Acid,0,1,0.4736194759800148,0.915139645541435,0.38458226614268143,0.625790056877336,0.9296697484595418
L303918,Cisplatin,0,1,0.18583642087064267,0.669759453633724,0.38458226614268143,0.27603161374250784,0.7052495043044283
L303918,CoCl2,0,1,0.22867007436383363,0.7358271937080104,0.38458226614268143,0.3346582178741125,0.7677788302808274
L303918,Dabrafenib,0,0,0.24473499838108828,0.7564386932825745,0.38458226614268143,0.3561666323091005,0.7870281957495346
L303918,Doxorubicin,0,1,0.2866788719209133,0.8016745519173124,0.38458226614268143,0.411022545677888,0.8290318174869525
L303918,Trametinib,0,1,0.20368386704128424,0.6995133060631842,0.38458226614268143,0.30067688189207964,0.7335113103414707
L304229,Acid,0,0,0.4736194759800148,0.4328777043248581,0.23703657905091569,0.4453074509912913,0.39603430400437584
L304229,Cisplatin,0,0,0.18583642087064267,0.12552793042606503,0.23703657905091569,0.15471628195091408,0.10609908358302744
L304229,CoCl2,0,0,0.22867007436383363,0.1646818096685305,0.23703657905091569,0.19449889260470024,0.14090029424880382
L304229,Dabrafenib,0,0,0.24473499838108828,0.18020834599800858,0.23703657905091569,0.20984030786922536,0.15491774558135693
L304229,Doxorubicin,0,1,0.2866788719209133,0.2224585775702799,0.23703657905091569,0.2509434543127527,0.1939003673339535
L304229,Trametinib,0,0,0.20368386704128424,0.14146100184460822,0.23703657905091569,0.17108973859679635,0.12013707559937725
L304427,Acid,2,1,0.4723002644704608,0.8258942539445104,0.3997605005556233,0.6481560519457193,0.8811739499016908
L304427,Cisplatin,2,0,0.20261025237344546,0.5047193584395637,0.3997605005556233,0.3163144353763924,0.6109578551738329
L304427,CoCl2,2,1,0.22668291955083833,0.5483686881237144,0.3997605005556233,0.35017827830264997,0.6521156744153219
L304427,Dabrafenib,2,1,0.22668291955083833,0.5483686881237145,0.3997605005556233,0.3501782783026502,0.6521156744153219
L304427,Doxorubicin,2,1,0.2819646373115759,0.6350166400235141,0.3997605005556233,0.42480240403815095,0.7298751247833599
L304427,Trametinib,2,1,0.19458603455920903,0.4892819235003353,0.3997605005556233,0.30484395739500775,0.5960971429357397
L304696,Acid,2,1,0.4723002644704608,0.865455125834103,0.30778802664799854,0.546248302958719,0.84853885153111
L304696,Cisplatin,2,1,0.20261025237344546,0.5801603910604409,0.30778802664799854,0.23215519037839533,0.5426294136105572
L304696,CoCl2,2,1,0.22668291955083833,0.622138623643155,0.30778802664799854,0.26044135223634857,0.5861189805011843
L304696,Dabrafenib,2,0,0.22668291955083833,0.6221386236431552,0.30778802664799854,0.26044135223634873,0.5861189805011844
L304696,Doxorubicin,2,0,0.2819646373115759,0.7023164951264754,0.30778802664799854,0.3255218433723402,0.6711920431542505
L304696,Trametinib,2,0,0.19458603455920903,0.5650479937864984,0.30778802664799854,0.22274228614649577,0.527178579815201
L304702,Acid,1,0,0.47587273821028014,0.2846492613888907,0.03637995140094353,0.08082243238003564,0.07002921965884985
L304702,Cisplatin,1,0,0.19458719593808257,0.07572901961696576,0.03637995140094353,0.02045383813523378,0.014145603623312485
L304702,CoCl2,1,0,0.23560044533301658,0.09909531796825004,0.03637995140094353,0.02635203548877663,0.019061223582397847
L304702,Dabrafenib,1,0,0.23203384804524899,0.0969560750019377,0.03637995140094353,0.025809769130125074,0.018599809498287292
L304702,Doxorubicin,1,0,0.29979943088858513,0.14103226746692055,0.03637995140094353,0.03721056141137526,0.028619910103942752
L304702,Trametinib,1,0,0.19726215106258552,0.07717572323658099,0.03637995140094353,0.020816903381816163,0.01444110120661955
L305324,Acid,4,0,0.4785299066468458,0.29897467523817,0.30528276461934895,0.5453221072817317,0.41748273734290353
L305324,Cisplatin,4,0,0.19815483583226198,0.08016901387354933,0.30528276461934895,0.22448145890466997,0.12323089404038833
L305324,CoCl2,4,0,0.22936006970462597,0.09841103684850079,0.30528276461934895,0.260834828842056,0.1502553108981527
L305324,Dabrafenib,4,0,0.2240101926936385,0.09517437853277874,0.30528276461934895,0.25458870401139083,0.1454837409285307
L305324,Doxorubicin,4,1,0.2891002187573746,0.13760578088210432,0.30528276461934895,0.33083294589291024,0.20725882877492793
L305324,Trametinib,4,0,0.191021945485207,0.07620727108441683,0.30528276461934895,0.21620384951076566,0.11733225334920303
L305673,Acid,4,0,0.4785299066468458,0.6463925799308823,0.3063484589954105,0.5464020852496556,0.5873618773736091
L305673,Cisplatin,4,0,0.19815483583226198,0.271970491386302,0.3063484589954105,0.22524080184437834,0.21823219703853192
L305673,CoCl2,4,0,0.22936006970462597,0.31873292014909727,0.3063484589954105,0.261675649775445,0.2599142535562828
L305673,Dabrafenib,4,0,0.2240101926936385,0.3107475807766089,0.3063484589954105,0.2554163476269755,0.2526958925118454
L305673,Doxorubicin,4,0,0.2891002187573746,0.4061474692341958,0.3063484589954105,0.331798123384086,0.34178659858889643
L305673,Trametinib,4,0,0.191021945485207,0.26122216519653346,0.3063484589954105,0.21694302494784823,0.2088694766996926
L305688,Acid,3,1,0.47049894201675735,0.8213278136025587,0.32250357173752736,0.564985221396546,0.7919066134038044
L305688,Cisplatin,3,1,0.1901270509498604,0.4873822226527027,0.32250357173752736,0.23562732321542953,0.4227482046140326
L305688,CoCl2,3,1,0.2186598922625351,0.5398191682458783,0.32250357173752736,0.27080741343014475,0.4761871298692954
L305688,Dabrafenib,3,1,0.2186598922625351,0.5398191682458789,0.32250357173752736,0.27080741343014475,0.4761871298692954
L305688,Doxorubicin,3,0,0.2882083795228566,0.6468634997641076,0.32250357173752736,0.35601850953042796,0.590684323032175
L305688,Trametinib,3,0,0.19191054568686872,0.490825775902995,0.32250357173752736,0.23782782513934292,0.4261961838466312
L305830,Acid,0,1,0.4736194759800148,0.8638902893190429,0.41813504177745936,0.6593722546611779,0.9232306566841832
L305830,Cisplatin,0,1,0.18583642087064267,0.5441378552059689,0.41813504177745936,0.30620276125936385,0.6852206004213017
L305830,CoCl2,0,1,0.22867007436383363,0.6211204572672008,0.41813504177745936,0.36798033030643446,0.7504957062204931
L305830,Dabrafenib,0,1,0.24473499838108828,0.6463806855870515,0.41813504177745936,0.3903738129402446,0.7707499411200054
L305830,Doxorubicin,0,1,0.2866788719209133,0.7040602899859589,0.41813504177745936,0.44684171446195453,0.8152102545348778
L305830,Trametinib,0,1,0.20368386704128424,0.5780799188380809,0.41813504177745936,0.3323053648256082,0.7146257587039007
L306326,Acid,4,1,0.4785299066468458,0.29897467523817,0.35275516817722297,0.6009274277849264,0.44571007598611107
L306326,Cisplatin,4,0,0.19815483583226198,0.08016901387354933,0.35275516817722297,0.26655044904475544,0.13621522484203444
L306326,CoCl2,4,0,0.22936006970462597,0.09841103684850079,0.35275516817722297,0.3070195103323458,0.16554944405255398
L306326,Dabrafenib,4,0,0.2240101926936385,0.09517437853277874,0.35275516817722297,0.3001164628465952,0.16038385752111123
L306326,Doxorubicin,4,1,0.2891002187573746,0.13760578088210432,0.35275516817722297,0.3829899185792118,0.22680652788563013
L306326,Trametinib,4,0,0.191021945485207,0.07620727108441683,0.35275516817722297,0.2572361211897116,0.1297870708992353
L306327,Acid,4,1,0.4785299066468458,0.29897467523817,0.27055140560140933,0.5008359812026016,0.30407136661889805
L306327,Cisplatin,4,0,0.19815483583226198,0.08016901387354933,0.27055140560140933,0.19494670760941166,0.07892430753592707
L306327,CoCl2,4,1,0.22936006970462597,0.09841103684850079,0.27055140560140933,0.22792281062942757,0.0973107341002167
L306327,Dabrafenib,4,0,0.2240101926936385,0.09517437853277874,0.27055140560140933,0.2222278689957301,0.09403443475965914
L306327,Doxorubicin,4,0,0.2891002187573746,0.13760578088210432,0.27055140560140933,0.2925847102974888,0.13747791796252978
L306327,Trametinib,4,0,0.191021945485207,0.07620727108441683,0.27055140560140933,0.18749487067419437,0.07496513921605812
L306369,Acid,0,0,0.4736194759800148,0.4328777043248581,0.23939863776390702,0.44852052454613117,0.33838419450252155
L306369,Cisplatin,0,0,0.18583642087064267,0.12552793042606503,0.23939863776390702,0.1564239035413301,0.08473320284214157
L306369,CoCl2,0,0,0.22867007436383363,0.1646818096685305,0.23939863776390702,0.19654350434935014,0.11341543445942387
L306369,Dabrafenib,0,0,0.24473499838108828,0.18020834599800858,0.23939863776390702,0.21200374570056701,0.12509671310033693
L306369,Doxorubicin,0,0,0.2866788719209133,0.2224585775702799,0.23939863776390702,0.2533947644145473,0.15797812266316003
L306369,Trametinib,0,1,0.20368386704128424,0.14146100184460822,0.23939863776390702,0.17294110233409185,0.09624865302278499
L306454,Acid,4,0,0.4785299066468458,0.29897467523817,0.25786916206204336,0.48345953602728275,0.27678144841825125
L306454,Cisplatin,4,0,0.19815483583226198,0.08016901387354933,0.25786916206204336,0.18426536435696503,0.06981390061557753
L306454,CoCl2,4,0,0.22936006970462597,0.09841103684850079,0.25786916206204336,0.21591926243239729,0.08627674432007287
L306454,Dabrafenib,4,0,0.2240101926936385,0.09517437853277874,0.25786916206204336,0.21044249547098484,0.08333764488329264
L306454,Doxorubicin,4,0,0.2891002187573746,0.13760578088210432,0.25786916206204336,0.2784037061046462,0.12250751459320332
L306454,Trametinib,4,1,0.191021945485207,0.07620727108441683,0.25786916206204336,0.17713198669397895,0.06627886185659079
L306495,Acid,4,1,0.4785299066468458,0.8148891395421428,0.3466789132160224,0.5939490023488974,0.8427629559382157
L306495,Cisplatin,4,0,0.19815483583226198,0.4735819910087448,0.3466789132160224,0.2609163059465571,0.5124631560868095
L306495,CoCl2,4,1,0.22936006970462597,0.5297838395402168,0.3466789132160224,0.3008808727667873,0.5694106021940403
L306495,Dabrafenib,4,1,0.2240101926936385,0.5205511302096818,0.3466789132160224,0.29405727917325625,0.5601019080228582
L306495,Doxorubicin,4,1,0.2891002187573746,0.6222155471055647,0.3466789132160224,0.3761568212488118,0.6616192428963097
L306495,Trametinib,4,1,0.191021945485207,0.4598991838069968,0.3466789132160224,0.2517312853316035,0.4985269245549644
L30697,Acid,1,0,0.47587273821028014,0.5851106614986483,0.2763945171560796,0.5007905577277894,0.6398719782121357
L30697,Cisplatin,1,1,0.19458719593808257,0.225038911752235,0.2763945171560796,0.19239355681208622,0.252928195365384
L30697,CoCl2,1,0,0.23560044533301658,0.2804939261801946,0.2763945171560796,0.23593125679005567,0.31436195124581773
L30697,Dabrafenib,1,0,0.23203384804524899,0.2756368162578368,0.2763945171560796,0.23210439844562133,0.30900399148423846
L30697,Doxorubicin,1,1,0.29979943088858513,0.3678530659390343,0.2763945171560796,0.30600674305577036,0.4100965948425663
L30697,Trametinib,1,0,0.19726215106258552,0.22863240828353332,0.2763945171560796,0.19520043917122945,0.25691190261175495
L307185,Acid,3,0,0.47049894201675735,0.28393797583778135,0.13846004635616949,0.2930131568836753,0.13411849633451337
L307185,Cisplatin,3,0,0.1901270509498604,0.07579774841898737,0.13846004635616949,0.08956008515921511,0.02894508256292049
L307185,CoCl2,3,0,0.2186598922625351,0.09189062358779186,0.13846004635616949,0.10595476889881152,0.0356809775058689
L307185,Dabrafenib,3,0,0.2186598922625351,0.09189062358779211,0.13846004635616949,0.10595476889881147,0.035680977505868884
L307185,Doxorubicin,3,0,0.2882083795228566,0.13644925330968105,0.13846004635616949,0.14996171320870036,0.05547834618574361
L307185,Trametinib,3,0,0.19191054568686872,0.07676878924958747,0.13846004635616949,0.09055808960387436,0.02934443779396613
L30726,Acid,2,1,0.4723002644704608,0.7739901782807259,0.2778774512331904,0.5083887817187007,0.7976099813383746
L30726,Cisplatin,2,0,0.20261025237344546,0.4238605623647172,0.2778774512331904,0.2061735111480303,0.4549150439329
L30726,CoCl2,2,0,0.22668291955083833,0.4671121819380817,0.2778774512331904,0.2322515437288015,0.4990451644256061
L30726,Dabrafenib,2,0,0.22668291955083833,0.4671121819380818,0.2778774512331904,0.23225154372880163,0.4990451644256061
L30726,Doxorubicin,2,1,0.2819646373115759,0.5567484977244399,0.2778774512331904,0.293079364719955,0.5894804065525682
L30726,Trametinib,2,0,0.19458603455920903,0.40885469147300485,0.2778774512331904,0.19754303373843984,0.4395614610523339
L307329,Acid,1,1,0.47587273821028014,0.8158906439954032,0.3661120359735199,0.6074001384619868,0.8285939282499765
L307329,Cisplatin,1,0,0.19458719593808257,0.4771214294760316,0.3661120359735199,0.26868645330500857,0.4794691916523592
L307329,CoCl2,1,0,0.23560044533301658,0.5505636583847291,0.3661120359735199,0.3225925934805247,0.5550463252659252
L307329,Dabrafenib,1,0,0.23203384804524899,0.5445695064265508,0.3661120359735199,0.317944995898321,0.5488700762162527
L307329,Doxorubicin,1,1,0.29979943088858513,0.646461895141145,0.3661120359735199,0.40477202198800827,0.6541474280601086
L307329,Trametinib,1,0,0.19726215106258552,0.48223541491368344,0.3661120359735199,0.2722311996281801,0.4847059877942021
L307963,Acid,2,1,0.4723002644704608,0.7396482870860871,0.24839514198033497,0.46826413310349985,0.7336112634573684
L307963,Cisplatin,2,0,0.20261025237344546,0.37900242536935297,0.24839514198033497,0.18111381865511575,0.36836637890508017
L307963,CoCl2,2,0,0.22668291955083833,0.42102163659168507,0.24839514198033497,0.20484006746003006,0.41042231133134455
L307963,Dabrafenib,2,0,0.22668291955083833,0.4210216365916853,0.24839514198033497,0.2048400674600302,0.41042231133134455
L307963,Doxorubicin,2,0,0.2819646373115759,0.5102827683644029,0.24839514198033497,0.26092862640943737,0.5008543314328556
L307963,Trametinib,2,1,0.19458603455920903,0.3645797105766712,0.24839514198033497,0.17330333415247093,0.3540366049464892
L308068,Acid,3,0,0.47049894201675735,0.4163118584108475,0.2851289743124084,0.518873511218231,0.3198719276818604
L308068,Cisplatin,3,0,0.1901270509498604,0.1285563836819864,0.2851289743124084,0.20380285623496347,0.08299604953762209
L308068,CoCl2,3,0,0.2186598922625351,0.1539843269289207,0.2851289743124084,0.2356965726137799,0.10100199488902593
L308068,Dabrafenib,3,0,0.2186598922625351,0.1539843269289211,0.2851289743124084,0.2356965726137799,0.10100199488902593
L308068,Doxorubicin,3,0,0.2882083795228566,0.22131473402277402,0.2851289743124084,0.314626677677366,0.15135384227236728
L308068,Trametinib,3,0,0.19191054568686872,0.13010816175890078,0.2851289743124084,0.20578616680612216,0.0840765775334505
L30819,Acid,4,0,0.4785299066468458,0.29897467523817,0.1257997418198906,0.2700378911516149,0.21312609877691424
L30819,Cisplatin,4,0,0.19815483583226198,0.08016901387354933,0.1257997418198906,0.0819639970447848,0.05043817666549856
L30819,CoCl2,4,0,0.22936006970462597,0.09841103684850079,0.1257997418198906,0.09815880869126357,0.06263970423577815
L30819,Dabrafenib,4,0,0.2240101926936385,0.09517437853277874,0.1257997418198906,0.09530595091894527,0.06045254928732207
L30819,Doxorubicin,4,0,0.2891002187573746,0.13760578088210432,0.1257997418198906,0.13231561721050983,0.08992125679954924
L30819,Trametinib,4,0,0.191021945485207,0.07620727108441683,0.1257997418198906,0.07841028630874755,0.04783377937757792
L308205,Acid,2,0,0.4723002644704608,0.28798107904013687,0.11402556700635023,0.24638954536135055,0.15205520635035832
L308205,Cisplatin,2,0,0.20261025237344546,0.07994198058564067,0.11402556700635023,0.07588153635507047,0.03658570403879719
L308205,CoCl2,2,0,0.22668291955083833,0.0938138784504659,0.11402556700635023,0.08729168045645033,0.04336312986224834
L308205,Dabrafenib,2,0,0.22668291955083833,0.09381387845046599,0.11402556700635023,0.08729168045645036,0.04336312986224834
L308205,Doxorubicin,2,0,0.2819646373115759,0.12918161513286344,0.11402556700635023,0.11588436391659107,0.06133101868017349
L308205,Trametinib,2,0,0.19458603455920903,0.07551591043043948,0.11402556700635023,0.0722089968710353,0.03445837894692816
L30836,Acid,3,0,0.47049894201675735,0.28393797583778135,0.2146762097404796,0.42039905727455473,0.2285721547451244
L30836,Cisplatin,3,0,0.1901270509498604,0.07579774841898737,0.2146762097404796,0.14687063128405128,0.05394429341335188
L30836,CoCl2,3,0,0.2186598922625351,0.09189062358779186,0.2146762097404796,0.1717770495387546,0.0661018086258892
L30836,Dabrafenib,3,0,0.2186598922625351,0.09189062358779211,0.2146762097404796,0.1717770495387546,0.0661018086258892
L30836,Doxorubicin,3,0,0.2882083795228566,0.13644925330968105,0.2146762097404796,0.2359087265301278,0.10100997395986104
L30836,Trametinib,3,0,0.19191054568686872,0.07676878924958747,0.2146762097404796,0.14840317195972028,0.05466914447549162
L308730,Acid,1,1,0.47587273821028014,0.6601055187561794,0.3711349065046073,0.612840295392394,0.6467244449291808
L308730,Cisplatin,1,1,0.19458719593808257,0.28565848408917377,0.3711349065046073,0.27320402109134717,0.25861257034706403
L308730,CoCl2,1,0,0.23560044533301658,0.3493181772434841,0.3711349065046073,0.3276104901363924,0.3208340647714811
L308730,Dabrafenib,1,0,0.23203384804524899,0.34383881740959216,0.3711349065046073,0.3229250621913927,0.31541654121862744
L308730,Doxorubicin,1,0,0.29979943088858513,0.4448594435455166,0.3711349065046073,0.41029397167268633,0.4173399809810756
L308730,Trametinib,1,0,0.19726215106258552,0.2898579165382033,0.3711349065046073,0.2767858099614767,0.26265433135217126
L309032,Acid,3,0,0.47049894201675735,0.28393797583778135,0.14747231017477017,0.30860048214329694,0.29693168861056196
L309032,Cisplatin,3,0,0.1901270509498604,0.07579774841898737,0.14747231017477017,0.09579081350664305,0.07516634570897532
L309032,CoCl2,3,0,0.2186598922625351,0.09189062358779186,0.14747231017477017,0.113184286053974,0.09164340070461156
L309032,Dabrafenib,3,1,0.2186598922625351,0.09189062358779211,0.14747231017477017,0.113184286053974,0.09164340070461156
L309032,Doxorubicin,3,0,0.2882083795228566,0.13644925330968105,0.14747231017477017,0.15965770015807634,0.13804618103909916
L309032,Trametinib,3,1,0.19191054568686872,0.07676878924958747,0.14747231017477017,0.09685086349585548,0.07615340385579572
L309787,Acid,1,1,0.47587273821028014,0.2838807297763159,0.03936016055218785,0.08734004972837545,0.12216358450967639
L309787,Cisplatin,1,0,0.19458719593808257,0.07546505119145054,0.03936016055218785,0.02222094776370552,0.025832157907506273
L309787,CoCl2,1,0,0.23560044533301658,0.09875860442751293,0.03936016055218785,0.02861383460630801,0.03466607195082788
L309787,Dabrafenib,1,0,0.23203384804524899,0.0966258507238606,0.03936016055218785,0.028026365175786817,0.0338399433724008
L309787,Doxorubicin,1,0,0.29979943088858513,0.14057529225993384,0.03936016055218785,0.04036571082076908,0.05163822428694605
L309787,Trametinib,1,0,0.19726215106258552,0.07690713164142415,0.03936016055218785,0.02261465587078009,0.026365255370357336
L309797,Acid,1,0,0.47587273821028014,0.5725496822399037,0.38032823632828894,0.6228843985826389,0.584703610589348
L309797,Cisplatin,1,0,0.19458719593808257,0.21618013561290222,0.38032823632828894,0.28173232681886134,0.2115259860306274
L309797,CoCl2,1,0,0.23560044533301658,0.2702133076693188,0.38032823632828894,0.33704953889366407,0.2664907344293285
L309797,Dabrafenib,1,0,0.23203384804524899,0.26546853686479377,0.38032823632828894,0.33229583034925275,0.2616373379150959
L309797,Doxorubicin,1,0,0.29979943088858513,0.3559546074335131,0.38032823632828894,0.4206250160821675,0.35519935444704853
L309797,Trametinib,1,0,0.19726215106258552,0.219672270798143,0.38032823632828894,0.28538202185352873,0.21504530140632236
L310044,Acid,0,1,0.4736194759800148,0.4328777043248581,0.08928972447067107,0.19278878400024063,0.24508251931135389
L310044,Cisplatin,0,0,0.18583642087064267,0.12552793042606503,0.08928972447067107,0.051640840962843236,0.05550284259276008
L310044,CoCl2,0,0,0.22867007436383363,0.1646818096685305,0.08928972447067107,0.06702084202890284,0.07510247794784353
L310044,Dabrafenib,0,0,0.24473499838108828,0.18020834599800858,0.08928972447067107,0.07322123727082813,0.083208041891448
L310044,Doxorubicin,0,0,0.2866788719209133,0.2224585775702799,0.08928972447067107,0.09063319917297585,0.10641833909273912
L310044,Trametinib,0,0,0.20368386704128424,0.14146100184460822,0.08928972447067107,0.057852520393826525,0.06332064188231987
L3102,Acid,4,0,0.4785299066468458,0.5064317991162951,0.29367731277613784,0.5308360432000244,0.5260124331636226
L3102,Cisplatin,4,0,0.19815483583226198,0.17333991350682212,0.29367731277613784,0.2144975484216698,0.17873750396826724
L3102,CoCl2,4,0,0.22936006970462597,0.20798868431001838,0.29367731277613784,0.24975478514625726,0.21495022471227226
L3102,Dabrafenib,4,0,0.2240101926936385,0.20195538268441132,0.29367731277613784,0.24368651692354176,0.20862859003759734
L3102,Doxorubicin,4,1,0.2891002187573746,0.2773978968598879,0.29367731277613784,0.318058905898587,0.2881740071292395
L3102,Trametinib,4,0,0.191021945485207,0.16560284243178877,0.29367731277613784,0.20649006537506198,0.17069922927141518
L310359,Acid,4,1,0.4785299066468458,0.40620275718381477,0.4249853832223145,0.6748055911814502,0.3795131665773017
L310359,Cisplatin,4,0,0.19815483583226198,0.12265193975772988,0.4249853832223145,0.33369397620499186,0.10710270135844684
L310359,CoCl2,4,0,0.22936006970462597,0.14899489279662376,0.4249853832223145,0.37908823803903385,0.1311191572989515
L310359,Dabrafenib,4,0,0.2240101926936385,0.1443609557083698,0.4249853832223145,0.3714333159241635,0.12686455566568475
L310359,Doxorubicin,4,0,0.2891002187573746,0.20378237673848631,0.4249853832223145,0.4610276791794896,0.18242136961487013
L310359,Trametinib,4,0,0.191021945485207,0.11685751411523455,0.4249853832223145,0.32306685900629206,0.1018863503498248
L310641,Acid,3,0,0.47049894201675735,0.41162743156168125,0.1492894767363877,0.31309313818310774,0.23853753510507075
L310641,Cisplatin,3,0,0.1901270509498604,0.12640861625122612,0.1492894767363877,0.09762279336027681,0.05685732344880486
L310641,CoCl2,3,0,0.2186598922625351,0.15148558729236597,0.1492894767363877,0.11530649280014704,0.06962303825098518
L310641,Dabrafenib,3,0,0.2186598922625351,0.15148558729236636,0.1492894767363877,0.11530649280014704,0.06962303825098518
L310641,Doxorubicin,3,0,0.2882083795228566,0.21800495045802287,0.1492894767363877,0.1624916211923083,0.10617933312881792
L310641,Trametinib,3,0,0.19191054568686872,0.12793827519936513,0.1492894767363877,0.09870090362092933,0.05761893303370947
L310647,Acid,4,1,0.4785299066468458,0.4343535892129345,0.4189478668871794,0.6692060656790123,0.5080042355097015
L310647,Cisplatin,4,0,0.19815483583226198,0.1356408285446726,0.4189478668871794,0.32806942614209883,0.16839451867372016
L310647,CoCl2,4,0,0.22936006970462597,0.16425123627085533,0.4189478668871794,0.3731270217888223,0.20302976845030524
L310647,Dabrafenib,4,0,0.2240101926936385,0.15923158911457905,0.4189478668871794,0.36552161157483226,0.19697075079343013
L310647,Doxorubicin,4,0,0.2891002187573746,0.2231774654903519,0.4189478668871794,0.45472158688939945,0.2736080610916407
L310647,Trametinib,4,0,0.191021945485207,0.1293232217737924,0.4189478668871794,0.3175360695081902,0.16073035889260937
L310896,Acid,4,0,0.4785299066468458,0.2968821351175162,0.07834241553979787,0.17461901177619246,0.30118152558147177
L310896,Cisplatin,4,0,0.19815483583226198,0.07943437728876447,0.07834241553979787,0.048579026862134826,0.07793460073238687
L310896,CoCl2,4,0,0.22936006970462597,0.09752696145749848,0.07834241553979787,0.05859853460875565,0.09611452195342034
L310896,Dabrafenib,4,0,0.2240101926936385,0.09431633792632509,0.07834241553979787,0.056823000313632965,0.09287435349169912
L310896,Doxorubicin,4,0,0.2891002187573746,0.13642287806611342,0.07834241553979787,0.08021376587470663,0.13586225797234616
L310896,Trametinib,4,0,0.191021945485207,0.07550595825322452,0.07834241553979787,0.046399628858354754,0.07402109030135623
L310983,Acid,1,0,0.47587273821028014,0.2838807297763159,0.086601595505579,0.18860104464997765,0.313310539567893
L310983,Cisplatin,1,0,0.19458719593808257,0.07546505119145054,0.086601595505579,0.05231098573390554,0.0799849500219625
L310983,CoCl2,1,0,0.23560044533301658,0.09875860442751293,0.086601595505579,0.06676952245528127,0.10533527345943353
L310983,Dabrafenib,1,0,0.23203384804524899,0.0966258507238606,0.086601595505579,0.06545146343589126,0.10300472619470877
L310983,Doxorubicin,1,1,0.29979943088858513,0.14057529225993384,0.086601595505579,0.09269675264944424,0.15147718649412745
L310983,Trametinib,1,0,0.19726215106258552,0.07690713164142415,0.086601595505579,0.053208813572042726,0.08154205330080531
L31111,Acid,3,1,0.47049894201675735,0.8354133091227457,0.35364913738261355,0.6006294533369997,0.829593357342893
L31111,Cisplatin,3,1,0.1901270509498604,0.5121570482059183,0.35364913738261355,0.2630579132670759,0.4837032036830886
L31111,CoCl2,3,0,0.2186598922625351,0.5643251271569135,0.35364913738261355,0.3007222344591605,0.537670465135428
L31111,Dabrafenib,3,1,0.2186598922625351,0.5643251271569143,0.35364913738261355,0.3007222344591605,0.5376704651354279
L31111,Doxorubicin,3,0,0.2882083795228566,0.6691626380837212,0.35364913738261355,0.3903078641671002,0.6486445716006863
L31111,Trametinib,3,1,0.19191054568686872,0.5155995832554153,0.35364913738261355,0.2654256322391933,0.487228714878033
L311233,Acid,2,0,0.4723002644704608,0.28798107904013687,0.08033403780537188,0.17857545637389893,0.160343290014458
L311233,Cisplatin,2,0,0.20261025237344546,0.07994198058564067,0.08033403780537188,0.05177256890300739,0.03886838569086748
L311233,CoCl2,2,0,0.22668291955083833,0.0938138784504659,0.08033403780537188,0.05979205678316471,0.046048461955462555
L311233,Dabrafenib,2,1,0.22668291955083833,0.09381387845046599,0.08033403780537188,0.059792056783164765,0.046048461955462555
L311233,Doxorubicin,2,0,0.2819646373115759,0.12918161513286344,0.08033403780537188,0.08016833398493224,0.06505337603859256
L311233,Trametinib,2,1,0.19458603455920903,0.07551591043043948,0.08033403780537188,0.04920473501197435,0.036613375221745875
L312082,Acid,1,1,0.47587273821028014,0.669032004789789,0.39963509318540086,0.6423670874276287,0.6918555136361906
L312082,Cisplatin,1,0,0.19458719593808257,0.29389976373252513,0.39963509318540086,0.2990048450627525,0.2996309514234273
L312082,CoCl2,1,0,0.23560044533301658,0.3584743998732865,0.39963509318540086,0.3560324019589047,0.36683822439016267
L312082,Dabrafenib,1,0,0.23203384804524899,0.3529293178943635,0.39963509318540086,0.3511527741028681,0.36105685483514766
L312082,Doxorubicin,1,1,0.29979943088858513,0.4547696791751158,0.39963509318540086,0.44118245885358254,0.46765367369387123
L312082,Trametinib,1,0,0.19726215106258552,0.2981697799455947,0.39963509318540086,0.30278397256325806,0.30405086763365446
L312238,Acid,2,0,0.4723002644704608,0.5067370453832643,0.3425855068741419,0.5874503080446766,0.5449315330133059
L312238,Cisplatin,2,0,0.20261025237344546,0.18079418230991365,0.3425855068741419,0.2634196212323187,0.20229016046394868
L312238,CoCl2,2,0,0.22668291955083833,0.2082061461254913,0.3425855068741419,0.29405626683918135,0.23236049879692225
L312238,Dabrafenib,2,1,0.22668291955083833,0.20820614612549138,0.3425855068741419,0.29405626683918157,0.23236049879692225
L312238,Doxorubicin,2,0,0.2819646373115759,0.2736753302835227,0.3425855068741419,0.3634090494554832,0.3037734296444276
L312238,Trametinib,2,1,0.19458603455920903,0.17182713634929928,0.3425855068741419,0.2531570158911849,0.19245244374871265
L312270,Acid,3,0,0.47049894201675735,0.39977177328716923,0.33798505208236557,0.5831353041760173,0.5620304325103884
L312270,Cisplatin,3,0,0.1901270509498604,0.12107732641015342,0.33798505208236557,0.24925939799235802,0.19804602493122356
L312270,CoCl2,3,0,0.2186598922625351,0.14527255064875266,0.33798505208236557,0.2857140298021757,0.23462569519429527
L312270,Dabrafenib,3,0,0.2186598922625351,0.14527255064875302,0.33798505208236557,0.2857140298021757,0.23462569519429521
L312270,Doxorubicin,3,0,0.2882083795228566,0.20973805639098703,0.33798505208236557,0.3732149134687001,0.327336855031648
L312270,Trametinib,3,0,0.19191054568686872,0.12255152216451416,0.33798505208236557,0.2515453129404246,0.20029722539733819
L312449,Acid,1,0,0.47587273821028014,0.2846492613888907,0.20083618850116552,0.3920745160378816,0.2586158750503272
L312449,Cisplatin,1,0,0.19458719593808257,0.07572901961696576,0.20083618850116552,0.13281508068208908,0.0623250903197755
L312449,CoCl2,1,0,0.23560044533301658,0.09909531796825004,0.20083618850116552,0.16563561690044534,0.08258071739053721
L312449,Dabrafenib,1,0,0.23203384804524899,0.0969560750019377,0.20083618850116552,0.16270616515621222,0.08070819952026416
L312449,Doxorubicin,1,0,0.29979943088858513,0.14103226746692055,0.20083618850116552,0.220867569795746,0.12009301477530276
L312449,Trametinib,1,0,0.19726215106258552,0.07717572323658099,0.20083618850116552,0.1348979436163685,0.06356215309778888
L312519,Acid,1,0,0.47587273821028014,0.41305005356356256,0.15500087244821759,0.31641436447950105,0.31868788687709537
L312519,Cisplatin,1,0,0.19458719593808257,0.1265625992972331,0.15500087244821759,0.09903497641887755,0.08183496821355926
L312519,CoCl2,1,0,0.23560044533301658,0.16285012380500055,0.15500087244821759,0.12470840584991098,0.10770299287721423
L312519,Dabrafenib,1,0,0.23203384804524899,0.15957834882299102,0.15500087244821759,0.1223966139200424,0.10532622695837608
L312519,Doxorubicin,1,0,0.29979943088858513,0.22502867226033715,0.15500087244821759,0.16905821104079344,0.1547027356590924
L312519,Trametinib,1,1,0.19726215106258552,0.1288450374752859,0.15500087244821759,0.10064957105503347,0.0834248208659223
L312831,Acid,0,0,0.4736194759800148,0.28466937869202136,0.18061687080439712,0.35893346958776556,0.22618415066872186
L312831,Cisplatin,0,0,0.18583642087064267,0.06962987611271007,0.18061687080439712,0.11320369796827671,0.05024994525466223
L312831,CoCl2,0,0,0.22867007436383363,0.09320675900005541,0.18061687080439712,0.1441321678733117,0.06812843389203847
L312831,Dabrafenib,0,0,0.24473499838108828,0.10282400034002308,0.18061687080439712,0.15627156242781695,0.07554278920610644
L312831,Doxorubicin,0,0,0.2866788719209133,0.1298040178991264,0.18061687080439712,0.1893968598407436,0.09684077296321522
L312831,Trametinib,0,0,0.20368386704128424,0.07910975095779173,0.18061687080439712,0.12583794611418322,0.057372796954154225
L312932,Acid,3,1,0.47049894201675735,0.4221316365433675,0.36574825099186475,0.6141273514422741,0.42240670376177464
L312932,Cisplatin,3,0,0.1901270509498604,0.1312581210697443,0.36574825099186475,0.2741777187690807,0.1233740367428937
L312932,CoCl2,3,0,0.2186598922625351,0.15712410448723127,0.36574825099186475,0.31275846406197544,0.1487192735968833
L312932,Dabrafenib,3,0,0.2186598922625351,0.15712410448723166,0.36574825099186475,0.3127584640619754,0.14871927359688325
L312932,Doxorubicin,3,1,0.2882083795228566,0.22546152411737871,0.36574825099186475,0.40385888160385464,0.2171142859098638
L312932,Trametinib,3,0,0.19191054568686872,0.13283754007855247,0.36574825099186475,0.2766079572834454,0.12490864173721232
L313443,Acid,1,0,0.47587273821028014,0.4158230698941236,0.2401476479824766,0.451037008311297,0.39524464506590806
L313443,Cisplatin,1,0,0.19458719593808257,0.12783116011857792,0.2401476479824766,0.16325913715088958,0.1107420937774169
L313443,CoCl2,1,0,0.23560044533301658,0.16441393610034288,0.2401476479824766,0.20185169954615104,0.14431147606461614
L313443,Dabrafenib,1,0,0.23203384804524899,0.16111678970316778,0.2401476479824766,0.19843405893716273,0.14125473142499242
L313443,Doxorubicin,1,0,0.29979943088858513,0.2270276463322885,0.2401476479824766,0.26531988524692274,0.20364063686593148
L313443,Trametinib,1,0,0.19726215106258552,0.1301330671248022,0.2401476479824766,0.1657281936091469,0.11282453196860306
L31386,Acid,4,1,0.4785299066468458,0.4009545265371683,0.5225369250804877,0.7587415199629577,0.5825448294181466
L31386,Cisplatin,4,0,0.19815483583226198,0.12032488295926717,0.5225369250804877,0.43149997563089665,0.21486608993790657
L31386,CoCl2,4,0,0.22936006970462597,0.14625135045648124,0.5225369250804877,0.48060244992579426,0.256115852918355
L31386,Dabrafenib,4,1,0.2240101926936385,0.1416885344508203,0.5225369250804877,0.47245742146363773,0.24896749433500345
L31386,Doxorubicin,4,0,0.2891002187573746,0.2002674063179937,0.5225369250804877,0.5645341967071276,0.3373370795409435
L31386,Trametinib,4,1,0.191021945485207,0.1146260307806866,0.5225369250804877,0.4197201297802995,0.2056098022730348
L314428,Acid,3,0,0.47049894201675735,0.4146843208666432,0.4650107492501465,0.7094161629961939,0.5078860262387986
L314428,Cisplatin,3,0,0.1901270509498604,0.1278074763493444,0.4650107492501465,0.3668687892767749,0.16570034689221702
L314428,CoCl2,3,0,0.2186598922625351,0.15311331540748604,0.4650107492501465,0.411104978189373,0.1977790779367291
L314428,Dabrafenib,3,0,0.2186598922625351,0.15311331540748646,0.4650107492501465,0.411104978189373,0.19777907793672903
L314428,Doxorubicin,3,0,0.2882083795228566,0.22016197956804173,0.4650107492501465,0.5096096576835748,0.28128131176603705
L314428,Trametinib,3,0,0.19191054568686872,0.12935155634413809,0.4650107492501465,0.3697021352973979,0.16766074030596897
L314496,Acid,2,0,0.4723002644704608,0.41824820551231073,0.23975285183386583,0.45607381389059626,0.3395703984858723
L314496,Cisplatin,2,0,0.20261025237344546,0.13378550711129356,0.23975285183386583,0.17395336779026688,0.09819319984448191
L314496,CoCl2,2,0,0.22668291955083833,0.15542226908653953,0.23975285183386583,0.1969672096831315,0.11502074422371707
L314496,Dabrafenib,2,0,0.22668291955083833,0.15542226908653958,0.23975285183386583,0.19696720968313167,0.11502074422371707
L314496,Doxorubicin,2,0,0.2819646373115759,0.20866797340549004,0.23975285183386583,0.25158210276364157,0.1577833311150364
L314496,Trametinib,2,0,0.19458603455920903,0.1267891472075863,0.23975285183386583,0.16638893245454633,0.09282878792133722
L314514,Acid,2,1,0.4723002644704608,0.8577773782825228,0.4350659314973635,0.682226710768539,0.8519089994309574
L314514,Cisplatin,2,0,0.20261025237344546,0.564396627879471,0.4350659314973635,0.3503089956034557,0.549190041317538
L314514,CoCl2,2,1,0.22668291955083833,0.6068830140162397,0.4350659314973635,0.385758753266093,0.5925242312282585
L314514,Dabrafenib,2,1,0.22668291955083833,0.6068830140162398,0.4350659314973635,0.38575875326609327,0.5925242312282585
L314514,Doxorubicin,2,1,0.2819646373115759,0.6886781043983996,0.4350659314973635,0.4625678136914888,0.6770062368631856
L314514,Trametinib,2,0,0.19458603455920903,0.5491577507865663,0.4350659314973635,0.3382156068983888,0.5337704120862239
L314569,Acid,4,0,0.4785299066468458,0.28113031182063863,0.0862215193387677,0.1915182234719327,0.2919320792226538
L314569,Cisplatin,4,0,0.19815483583226198,0.0740054563390073,0.0862215193387677,0.05407960181233118,0.07480726130131757
L314569,CoCl2,4,0,0.22936006970462597,0.09098371995446658,0.0862215193387677,0.06515591871162182,0.09233071352163053
L314569,Dabrafenib,4,0,0.2240101926936385,0.08796750590531295,0.0862215193387677,0.06319503352610771,0.08920551421701
L314569,Doxorubicin,4,0,0.2891002187573746,0.12763912778414688,0.0862215193387677,0.08896139519423728,0.13074000513896564
L314569,Trametinib,4,0,0.191021945485207,0.07032501345783615,0.0862215193387677,0.05166683277062578,0.07103869234161529
L314603,Acid,2,1,0.4723002644704608,0.5974253871585411,0.27020846111444013,0.49833997595849633,0.578249551838401
L314603,Cisplatin,2,0,0.20261025237344546,0.241737546616509,0.27020846111444013,0.19967206693735917,0.225017486346654
L314603,CoCl2,2,1,0.22668291955083833,0.2752846585139131,0.27020846111444013,0.22516100758327312,0.25737620890309687
L314603,Dabrafenib,2,0,0.22668291955083833,0.2752846585139132,0.27020846111444013,0.22516100758327323,0.25737620890309687
L314603,Doxorubicin,2,0,0.2819646373115759,0.35245724338019135,0.27020846111444013,0.28482071269165643,0.3331408355129057
L314603,Trametinib,2,0,0.19458603455920903,0.2305986804685105,0.27020846111444013,0.19124817496540264,0.21437152384861569
L314700,Acid,0,0,0.4736194759800148,0.5103750822231757,0.40581361042702785,0.6472042167316661,0.5186068153427221
L314700,Cisplatin,0,0,0.18583642087064267,0.1639035184939039,0.40581361042702785,0.2949094711649349,0.16318161041632936
L314700,CoCl2,0,0,0.22867007436383363,0.21212369602204795,0.40581361042702785,0.35557630609457763,0.21226031480059193
L314700,Dabrafenib,0,0,0.24473499838108828,0.23088680952499452,0.40581361042702785,0.37766600322300287,0.23146428542747896
L314700,Doxorubicin,0,0,0.2866788719209133,0.28094680447908854,0.40581361042702785,0.4336031454820863,0.2832525433756245
L314700,Trametinib,0,0,0.20368386704128424,0.18368439280210047,0.40581361042702785,0.3204940812369199,0.18322413619848774
L314894,Acid,1,1,0.47587273821028014,0.9163502932157241,0.4161920212621484,0.659013363667499,0.9356623692299862
L314894,Cisplatin,1,1,0.19458719593808257,0.6928403879366349,0.4161920212621484,0.31457996774216285,0.7348256625420263
L314894,CoCl2,1,1,0.23560044533301658,0.7517483588379491,0.4161920212621484,0.37299745741298224,0.7895967807199139
L314894,Dabrafenib,1,1,0.23203384804524899,0.7472054044600615,0.4161920212621484,0.3680181931845736,0.7854175779293419
L314894,Doxorubicin,1,1,0.29979943088858513,0.8188437469512028,0.4161920212621484,0.4593109746266512,0.8505263646107677
L314894,Trametinib,1,1,0.19726215106258552,0.6971835977907342,0.4161920212621484,0.318466517365946,0.7388924696807967
L31510,Acid,3,0,0.47049894201675735,0.2800284500633928,0.16259910327082888,0.3364888270933758,0.3334489825796986
L31510,Cisplatin,3,0,0.1901270509498604,0.07445610040842693,0.16259910327082888,0.10743585920977229,0.0878170306679646
L31510,CoCl2,3,1,0.2186598922625351,0.09029195479406704,0.16259910327082888,0.12664764828812167,0.10674713231352059
L31510,Dabrafenib,3,1,0.2186598922625351,0.09029195479406729,0.16259910327082888,0.12664764828812167,0.10674713231352059
L31510,Doxorubicin,3,0,0.2882083795228566,0.13418992647207914,0.16259910327082888,0.17754238517954812,0.15945506249297167
L31510,Trametinib,3,1,0.19191054568686872,0.07541135591620717,0.16259910327082888,0.10860929782177489,0.08895423467009207
L31550,Acid,3,0,0.47049894201675735,0.2800284500633928,0.2450883466000777,0.4632969637197007,0.28894609144506844
L31550,Cisplatin,3,0,0.1901270509498604,0.07445610040842693,0.2450883466000777,0.17004613723841364,0.07252957826620156
L31550,CoCl2,3,0,0.2186598922625351,0.09029195479406704,0.2450883466000777,0.1979706800008408,0.08848393353527484
L31550,Dabrafenib,3,0,0.2186598922625351,0.09029195479406729,0.2450883466000777,0.1979706800008408,0.0884839335352748
L31550,Doxorubicin,3,0,0.2882083795228566,0.13418992647207914,0.2450883466000777,0.26870878909571444,0.133522101744103
L31550,Trametinib,3,0,0.19191054568686872,0.07541135591620717,0.2450883466000777,0.17177181534705402,0.07348476252241257
L315594,Acid,2,1,0.4723002644704608,0.6012435844269273,0.45638210981487204,0.7016378867883134,0.5740362102420936
L315594,Cisplatin,2,0,0.20261025237344546,0.24466406503846072,0.45638210981487204,0.3713112742529597,0.22202300433824348
L315594,CoCl2,2,0,0.22668291955083833,0.27846815604515707,0.45638210981487204,0.4075531396463635,0.25409229185341253
L315594,Dabrafenib,2,0,0.22668291955083833,0.2784681560451572,0.45638210981487204,0.4075531396463637,0.25409229185341253
L315594,Doxorubicin,2,1,0.2819646373115759,0.3560946802016933,0.45638210981487204,0.48527333771870906,0.3293189064838165
L315594,Trametinib,2,0,0.19458603455920903,0.2334318632040079,0.45638210981487204,0.3588933612885877,0.21148005537333656
L3157,Acid,3,1,0.47049894201675735,0.2800284500633928,0.2653003421889014,0.4920810546010564,0.29743653229186134
L3157,Cisplatin,3,0,0.1901270509498604,0.07445610040842693,0.2653003421889014,0.1869575024502623,0.07533454450537837
L3157,CoCl2,3,0,0.2186598922625351,0.09029195479406704,0.2653003421889014,0.2169332974226324,0.09184480840930319
L3157,Dabrafenib,3,0,0.2186598922625351,0.09029195479406729,0.2653003421889014,0.2169332974226324,0.09184480840930319
L3157,Doxorubicin,3,1,0.2882083795228566,0.13418992647207914,0.2653003421889014,0.29198036659420074,0.1383340389354356
L3157,Trametinib,3,0,0.19191054568686872,0.07541135591620717,0.2653003421889014,0.18881575790646166,0.07632362910053875
L31572,Acid,3,0,0.47049894201675735,0.6354930004991531,0.2924999490501585,0.5283489964126105,0.6054814195002532
L31572,Cisplatin,3,0,0.1901270509498604,0.2650281690060287,0.2924999490501585,0.21003642175662454,0.22800672778801778
L31572,CoCl2,3,0,0.2186598922625351,0.3079119030305776,0.2924999490501585,0.24260840097741365,0.26826905395577555
L31572,Dabrafenib,3,0,0.2186598922625351,0.3079119030305782,0.2924999490501585,0.24260840097741365,0.26826905395577544
L31572,Doxorubicin,3,0,0.2882083795228566,0.40993511902650387,0.2924999490501585,0.3228753370710047,0.3678843299635342
L31572,Trametinib,3,0,0.19191054568686872,0.26772118674405243,0.2924999490501585,0.2120642372500067,0.23050060680333886
L315758,Acid,4,0,0.4785299066468458,0.29897467523817,0.03647293035280798,0.08293797176465513,0.13125286637511555
L315758,Cisplatin,4,0,0.19815483583226198,0.08016901387354933,0.03647293035280798,0.021360743107536884,0.028776581189912647
L315758,CoCl2,4,0,0.22936006970462597,0.09841103684850079,0.03647293035280798,0.025919369172791827,0.03593625473217064
L315758,Dabrafenib,4,0,0.2240101926936385,0.09517437853277874,0.03647293035280798,0.02510760436712759,0.034647025670635725
L315758,Doxorubicin,4,0,0.2891002187573746,0.13760578088210432,0.03647293035280798,0.035940448833804796,0.05223572759042559
L315758,Trametinib,4,0,0.191021945485207,0.07620727108441683,0.03647293035280798,0.020376285604058676,0.02725858147478559
L315950,Acid,3,0,0.47049894201675735,0.4163118584108475,0.1964068266280155,0.3926958835824107,0.37542801526906205
L315950,Cisplatin,3,0,0.1901270509498604,0.1285563836819864,0.1964068266280155,0.1330544394325506,0.10368279545198963
L315950,CoCl2,3,0,0.2186598922625351,0.1539843269289207,0.1964068266280155,0.156046450931115,0.12556219512996947
L315950,Dabrafenib,3,0,0.2186598922625351,0.1539843269289211,0.1964068266280155,0.15604645093111497,0.12556219512996947
L315950,Doxorubicin,3,0,0.2882083795228566,0.22131473402277402,0.1964068266280155,0.21583571039304514,0.1856297054463045
L315950,Trametinib,3,0,0.19191054568686872,0.13010816175890078,0.1964068266280155,0.13446553604191286,0.10500180607767831
L315953,Acid,3,0,0.47049894201675735,0.5654211895180173,0.28136900917493735,0.5134026676020607,0.563663512977172
L315953,Cisplatin,3,0,0.1901270509498604,0.21204244361012287,0.28136900917493735,0.20027121914947016,0.1991022814634373
L315953,CoCl2,3,0,0.2186598922625351,0.2492603003874508,0.28136900917493735,0.23177314332649768,0.23581967682335497
L315953,Dabrafenib,3,0,0.2186598922625351,0.24926030038745134,0.28136900917493735,0.23177314332649768,0.2358196768233549
L315953,Doxorubicin,3,1,0.2882083795228566,0.3414373818840804,0.28136900917493735,0.30992214257431117,0.3287999519842372
L315953,Trametinib,3,0,0.19191054568686872,0.21435408449071014,0.28136900917493735,0.20222889083489493,0.20136247374088437
L316034,Acid,3,0,0.47049894201675735,0.28393797583778135,0.19828594800575303,0.3942451107392885,0.16570250005241755
L316034,Cisplatin,3,0,0.1901270509498604,0.07579774841898737,0.19828594800575303,0.133805036473668,0.0368144947811479
L316034,CoCl2,3,0,0.2186598922625351,0.09189062358779186,0.19828594800575303,0.1569032778864958,0.04529627936766394
L316034,Dabrafenib,3,0,0.2186598922625351,0.09189062358779211,0.19828594800575303,0.1569032778864958,0.04529627936766394
L316034,Doxorubicin,3,0,0.2882083795228566,0.13644925330968105,0.19828594800575303,0.21693644377547125,0.07004114350806362
L316034,Trametinib,3,1,0.19191054568686872,0.07676878924958747,0.19828594800575303,0.13522285184001662,0.03731825169552921
L316041,Acid,3,0,0.47049894201675735,0.2800284500633928,0.08976406301125865,0.19915378990451935,0.2856847435209911
L316041,Cisplatin,3,0,0.1901270509498604,0.07445610040842693,0.08976406301125865,0.055734122216964346,0.07146542639386358
L316041,CoCl2,3,0,0.2186598922625351,0.09029195479406704,0.08976406301125865,0.06638821671550832,0.0872077099506213
L316041,Dabrafenib,3,0,0.2186598922625351,0.09029195479406729,0.08976406301125865,0.06638821671550832,0.0872077099506213
L316041,Doxorubicin,3,0,0.2882083795228566,0.13418992647207914,0.08976406301125865,0.09572115652185131,0.13169013207675423
L316041,Trametinib,3,0,0.19191054568686872,0.07541135591620717,0.08976406301125865,0.05637853180249848,0.07240769032244816
L3161,Acid,1,0,0.47587273821028014,0.4139661310128785,0.39192533635881893,0.6344045957395833,0.4556630779984753
L3161,Cisplatin,1,0,0.19458719593808257,0.12698075304880968,0.39192533635881893,0.291825522280196,0.13756313966715594
L3161,CoCl2,1,0,0.23560044533301658,0.16336574472442247,0.39192533635881893,0.3481638842478868,0.17763870461196798
L3161,Dabrafenib,1,0,0.23203384804524899,0.16008559150715593,0.39192533635881893,0.3433346021323768,0.17401959886270202
L3161,Doxorubicin,1,0,0.29979943088858513,0.22568808994564982,0.39192533635881893,0.43269654440929844,0.24671880634689008
L3161,Trametinib,1,1,0.19726215106258552,0.1292696161615275,0.39192533635881893,0.2955521676358892,0.1400704887256846
L316244,Acid,3,0,0.47049894201675735,0.49646697042869636,0.15143818956062752,0.3167898349206578,0.3894182592160117
L316244,Cisplatin,3,0,0.1901270509498604,0.1693861859591082,0.15143818956062752,0.09914261711315658,0.10931896049914756
L316244,CoCl2,3,0,0.2186598922625351,0.20102711365257653,0.15143818956062752,0.11706590664377164,0.13221228013573047
L316244,Dabrafenib,3,0,0.2186598922625351,0.20102711365257703,0.15143818956062752,0.11706590664377164,0.1322122801357304
L316244,Doxorubicin,3,0,0.2882083795228566,0.28206909496947064,0.15143818956062752,0.16483686631859376,0.1947525781638077
L316244,Trametinib,3,0,0.19191054568686872,0.17133391376060741,0.15143818956062752,0.10023564734820316,0.11070081661243093
L316359,Acid,0,0,0.4736194759800148,0.2913335192140022,0.27927479056972365,0.503100061918973,0.2851207375119621
L316359,Cisplatin,0,0,0.18583642087064267,0.07176496068223485,0.27927479056972365,0.187546803539903,0.06733248949025122
L316359,CoCl2,0,0,0.22867007436383363,0.09599020016883097,0.27927479056972365,0.23343986343078427,0.09070831942459366
L316359,Dabrafenib,0,0,0.24473499838108828,0.10586111354471528,0.27927479056972365,0.25089609531884105,0.10031549080896666
L316359,Doxorubicin,0,0,0.2866788719209133,0.13351944255669992,0.27927479056972365,0.2970182415428656,0.12763344435533416
L316359,Trametinib,0,0,0.20368386704128424,0.08151005317126969,0.27927479056972365,0.20654570200136838,0.07668126348902564
L316393,Acid,1,0,0.47587273821028014,0.6238490334042296,0.34276763912026337,0.5815338465485869,0.5524132101779426
L316393,Cisplatin,1,0,0.19458719593808257,0.2545651737004486,0.34276763912026337,0.2481280878188637,0.19039612199110398
L316393,CoCl2,1,0,0.23560044533301658,0.3143448387760872,0.34276763912026337,0.2995993694193847,0.24155236169720934
L316393,Dabrafenib,1,0,0.23203384804524899,0.3091534201882254,0.34276763912026337,0.29513870777190676,0.2370063963758769
L316393,Doxorubicin,1,1,0.29979943088858513,0.40629342279615477,0.34276763912026337,0.3792002409620209,0.32564502371333276
L316393,Trametinib,1,0,0.19726215106258552,0.2584729009050173,0.34276763912026337,0.2514948827082166,0.19365022601758014
L316533,Acid,2,1,0.4723002644704608,0.8357080376237341,0.405784623350173,0.6541126944233139,0.8317974296472658
L316533,Cisplatin,2,1,0.20261025237344546,0.5221625467224649,0.405784623350173,0.3220125085722288,0.5115394047014488
L316533,CoCl2,2,0,0.22668291955083833,0.5655977043274428,0.405784623350173,0.3561685800661599,0.5555639255376419
L316533,Dabrafenib,2,0,0.22668291955083833,0.565597704327443,0.405784623350173,0.3561685800661601,0.5555639255376419
L316533,Doxorubicin,2,1,0.2819646373115759,0.6510436296512224,0.405784623350173,0.43122213726531433,0.6430931183577941
L316533,Trametinib,2,0,0.19458603455920903,0.5067374531558335,0.405784623350173,0.31042922222365965,0.49601377563059046
L3167,Acid,2,0,0.4723002644704608,0.5372936851549109,0.37188123045563565,0.6193546452576023,0.5920317953135984
L3167,Cisplatin,2,0,0.20261025237344546,0.19965155013784067,0.37188123045563565,0.29010067281017615,0.23507323528200227
L3167,CoCl2,2,1,0.22668291955083833,0.2291229898776377,0.37188123045563565,0.32248185295877485,0.26837725273497326
L3167,Dabrafenib,2,0,0.22668291955083833,0.2291229898776378,0.37188123045563565,0.3224818529587751,0.26837725273497326
L3167,Doxorubicin,2,1,0.2819646373115759,0.2986882438754298,0.37188123045563565,0.39478957378146634,0.3458720223287181
L3167,Trametinib,2,0,0.19458603455920903,0.18996609955694332,0.37188123045563565,0.2791925962780327,0.2240890843319991
L316748,Acid,4,0,0.4785299066468458,0.29897467523817,0.09072586215216714,0.20047532499552634,0.24893439271579992
L316748,Cisplatin,4,0,0.19815483583226198,0.08016901387354933,0.09072586215216714,0.05706252384923851,0.061032640751974516
L316748,CoCl2,4,0,0.22936006970462597,0.09841103684850079,0.09072586215216714,0.06870541292240143,0.07559305180445362
L316748,Dabrafenib,4,0,0.2240101926936385,0.09517437853277874,0.09072586215216714,0.06664532018248606,0.07298882994081576
L316748,Doxorubicin,4,1,0.2891002187573746,0.13760578088210432,0.09072586215216714,0.09367778542377252,0.10786698553479694
L316748,Trametinib,4,0,0.191021945485207,0.07620727108441683,0.09072586215216714,0.05452434246315709,0.05791455869969426
L316821,Acid,0,1,0.4736194759800148,0.28466937869202136,0.12342369596790784,0.2587435644830226,0.31436857157704157
L316821,Cisplatin,0,0,0.18583642087064267,0.06962987611271007,0.12342369596790784,0.07371747285189544,0.0766344083416745
L316821,CoCl2,0,1,0.22867007436383363,0.09320675900005541,0.12342369596790784,0.09501374265473643,0.1028833545572866
L316821,Dabrafenib,0,0,0.24473499838108828,0.10282400034002308,0.12342369596790784,0.10351654581332623,0.11361889177903403
L316821,Doxorubicin,0,0,0.2866788719209133,0.1298040178991264,0.12342369596790784,0.12714437046688332,0.14397986450442596
L316821,Trametinib,0,0,0.20368386704128424,0.07910975095779173,0.12342369596790784,0.08235406520910613,0.0871540187767722
L317026,Acid,4,0,0.4785299066468458,0.29897467523817,0.21866195364513452,0.42689765295022786,0.36883546529582806
L317026,Cisplatin,4,0,0.19815483583226198,0.08016901387354933,0.21866195364513452,0.1523811394659295,0.10281930090394333
L317026,CoCl2,4,0,0.22936006970462597,0.09841103684850079,0.21866195364513452,0.1797648501530326,0.12601080850725702
L317026,Dabrafenib,4,0,0.2240101926936385,0.09517437853277874,0.21866195364513452,0.17500045698505506,0.12189870963798238
L317026,Doxorubicin,4,0,0.2891002187573746,0.13760578088210432,0.21866195364513452,0.2349213958080536,0.17571851828645813
L317026,Trametinib,4,0,0.191021945485207,0.07620727108441683,0.21866195364513452,0.14626076798967114,0.09778872178133276
L317590,Acid,2,0,0.4723002644704608,0.3123280499487586,0.40343937572814936,0.6517085137420516,0.3881519642613995
L317590,Cisplatin,2,0,0.20261025237344546,0.08889650017663632,0.40343937572814936,0.3197007397206461,0.11843430440544771
L317590,CoCl2,2,0,0.22668291955083833,0.10414634088636009,0.40343937572814936,0.353739538996231,0.13819902751620244
L317590,Dabrafenib,2,0,0.22668291955083833,0.10414634088636013,0.40343937572814936,0.3537395389962312,0.13819902751620244
L317590,Doxorubicin,2,0,0.2819646373115759,0.14279558489371302,0.40343937572814936,0.4286220002795048,0.18775069773966932
L317590,Trametinib,2,0,0.19458603455920903,0.08401992822152263,0.40343937572814936,0.3081628138544326,0.11210155569494566
L318033,Acid,2,1,0.4723002644704608,0.8059449994778408,0.322802892879206,0.5643388945779956,0.7517791692117102
L318033,Cisplatin,2,0,0.20261025237344546,0.47151786164210574,0.322802892879206,0.245471019187491,0.39075725088695923
L318033,CoCl2,2,1,0.22668291955083833,0.5152831540684205,0.322802892879206,0.2747989650318662,0.4336146028995028
L318033,Dabrafenib,2,0,0.22668291955083833,0.5152831540684207,0.322802892879206,0.27479896503186646,0.4336146028995028
L318033,Doxorubicin,2,1,0.2819646373115759,0.6036912760794398,0.322802892879206,0.3418090249922625,0.524609732813187
L318033,Trametinib,2,0,0.19458603455920903,0.4561606370477576,0.322802892879206,0.23568393291800574,0.37607506097880944
L318190,Acid,2,0,0.4723002644704608,0.28798107904013687,0.08886515184612229,0.19622057705555532,0.27770681959399823
L318190,Cisplatin,2,0,0.20261025237344546,0.07994198058564067,0.08886515184612229,0.057769414854011096,0.0752909459566246
L318190,CoCl2,2,0,0.22668291955083833,0.0938138784504659,0.08886515184612229,0.06665251047257696,0.0885792002423315
L318190,Dabrafenib,2,0,0.22668291955083833,0.09381387845046599,0.08886515184612229,0.06665251047257702,0.0885792002423315
L318190,Doxorubicin,2,0,0.2819646373115759,0.12918161513286344,0.08886515184612229,0.08914506177887983,0.12287623675409277
L318190,Trametinib,2,0,0.19458603455920903,0.07551591043043948,0.08886515184612229,0.054921374680689104,0.07107909556365477
L318458,Acid,4,0,0.4785299066468458,0.40379200861335746,0.36484435073937865,0.6141277984385074,0.45179593575605914
L318458,Cisplatin,4,0,0.19815483583226198,0.12157946233047534,0.36484435073937865,0.27751345844054637,0.1391359283513771
L318458,CoCl2,4,0,0.22936006970462597,0.147730856907084,0.36484435073937865,0.318923228870144,0.16897608410746826
L318458,Dabrafenib,4,0,0.2240101926936385,0.14312962095656037,0.36484435073937865,0.31187298944624214,0.1637245556791501
L318458,Doxorubicin,4,0,0.2891002187573746,0.20216395563029155,0.36484435073937865,0.39615529292634843,0.23114987438895526
L318458,Trametinib,4,0,0.191021945485207,0.11582901443561165,0.36484435073937865,0.26795599679944093,0.13259110017126077
L31852,Acid,2,1,0.4723002644704608,0.9648998262997576,0.3670714223591906,0.6142417927978145,0.9639837793750986
L31852,Cisplatin,2,1,0.20261025237344546,0.8551889081205024,0.3670714223591906,0.28566602916824557,0.8500318608645959
L31852,CoCl2,2,1,0.22668291955083833,0.8755661003852447,0.3670714223591906,0.31777378884605045,0.8712282566691321
L31852,Dabrafenib,2,0,0.22668291955083833,0.8755661003852447,0.3670714223591906,0.3177737888460506,0.8712282566691321
L31852,Doxorubicin,2,1,0.2819646373115759,0.9097686785702918,0.3670714223591906,0.38963295006209814,0.9069963570965786
L31852,Trametinib,2,0,0.19458603455920903,0.8473719010916847,0.3670714223591906,0.2748601382557776,0.8419407811110026
L31856,Acid,4,1,0.4785299066468458,0.8369632642797911,0.40798305438750115,0.6585189934469812,0.8626159908353629
L31856,Cisplatin,4,1,0.19815483583226198,0.5119819331875469,0.40798305438750115,0.317599651787964,0.5518433436718629
L31856,CoCl2,4,1,0.22936006970462597,0.5678253285933432,0.40798305438750115,0.3619939809875343,0.607712098924547
L31856,Dabrafenib,4,1,0.2240101926936385,0.5587173977615612,0.40798305438750115,0.35448717253314194,0.5986477904768892
L31856,Doxorubicin,4,0,0.2891002187573746,0.6576119365905317,0.40798305438750115,0.4428739604458551,0.6960962436591273
L31856,Trametinib,4,1,0.191021945485207,0.49823973860211235,0.40798305438750115,0.3072487385219358,0.5380179995739742
L31872,Acid,4,1,0.4785299066468458,0.40379200861335746,0.25881537358400775,0.48459733703829133,0.2637222181561532
L31872,Cisplatin,4,0,0.19815483583226198,0.12157946233047534,0.25881537358400775,0.18495114761228745,0.06563369176892357
L31872,CoCl2,4,0,0.22936006970462597,0.147730856907084,0.25881537358400775,0.21669155831820497,0.08119684467216498
L31872,Dabrafenib,4,0,0.2240101926936385,0.14312962095656037,0.25881537358400775,0.21120047871944211,0.0784159455226057
L31872,Doxorubicin,4,0,0.2891002187573746,0.20216395563029155,0.25881537358400775,0.2793198782461497,0.11556418217647521
L31872,Trametinib,4,0,0.191021945485207,0.11582901443561165,0.25881537358400775,0.17779700802035303,0.06229614299358374
L319115,Acid,4,0,0.4785299066468458,0.2968821351175162,0.11786354615097726,0.2544302744015672,0.3624064060799598
L319115,Cisplatin,4,0,0.19815483583226198,0.07943437728876447,0.11786354615097726,0.07609350139508499,0.10029030658754301
L319115,CoCl2,4,1,0.22936006970462597,0.09752696145749848,0.11786354615097726,0.09124367878016688,0.12298958150323122
L319115,Dabrafenib,4,1,0.2240101926936385,0.09431633792632509,0.11786354615097726,0.08857206157186916,0.11896265432345926
L319115,Doxorubicin,4,0,0.2891002187573746,0.13642287806611342,0.11786354615097726,0.12332324618664765,0.17173969006069456
L319115,Trametinib,4,1,0.191021945485207,0.07550595825322452,0.11786354615097726,0.07277414083109746,0.09537030908501361
L319318,Acid,2,0,0.4723002644704608,0.2807695161874157,0.3601161130495026,0.6061348461481357,0.34114497015543793
L319318,Cisplatin,2,0,0.20261025237344546,0.07737396318390978,0.3601161130495026,0.27876192016181606,0.0988159841160481
L319318,CoCl2,2,0,0.22668291955083833,0.09084424576363263,0.3601161130495026,0.3104309119028735,0.11573655888006096
L319318,Dabrafenib,2,0,0.22668291955083833,0.09084424576363272,0.3601161130495026,0.3104309119028737,0.11573655888006096
L319318,Doxorubicin,2,1,0.2819646373115759,0.1252471706812583,0.3601161130495026,0.38155827880360316,0.15871754366279658
L319318,Trametinib,2,0,0.19458603455920903,0.07307878074846619,0.3601161130495026,0.26811916618189235,0.09342107334224789
L319523,Acid,4,1,0.4785299066468458,0.28113031182063863,0.2129899082293404,0.4189762509586755,0.35498277794123373
L319523,Cisplatin,4,0,0.19815483583226198,0.0740054563390073,0.2129899082293404,0.14823604074405458,0.09741558478907815
L319523,CoCl2,4,0,0.22936006970462597,0.09098371995446658,0.2129899082293404,0.17502867196092686,0.11955066424424593
L319523,Dabrafenib,4,0,0.2240101926936385,0.08796750590531295,0.2129899082293404,0.17036373225594034,0.11562148981450518
L319523,Doxorubicin,4,0,0.2891002187573746,0.12763912778414688,0.2129899082293404,0.22913799066176688,0.16719753759248857
L319523,Trametinib,4,0,0.191021945485207,0.07032501345783615,0.2129899082293404,0.14225421543639177,0.09262209587777277
L319635,Acid,1,1,0.47587273821028014,0.670942994192314,0.24318623637124928,0.4551415990195496,0.6627194464147981
L319635,Cisplatin,1,0,0.19458719593808257,0.2956965618695998,0.24318623637124928,0.16553454832218673,0.2724103700867045
L319635,CoCl2,1,0,0.23560044533301658,0.36046444572645203,0.24318623637124928,0.20453351152944874,0.33644507669279966
L319635,Dabrafenib,1,1,0.23203384804524899,0.35490561049579,0.24318623637124928,0.20108190359563216,0.3308923782587993
L319635,Doxorubicin,1,1,0.29979943088858513,0.45691356031430064,0.24318623637124928,0.2685612045872902,0.43464163102137654
L319635,Trametinib,1,0,0.19726215106258552,0.2999815927649191,0.24318623637124928,0.16803110651530367,0.27658732335442554
L319892,Acid,4,0,0.4785299066468458,0.5696325708634812,0.2205486772981729,0.42973536884365626,0.43892601875929
L319892,Cisplatin,4,0,0.19815483583226198,0.21290288597042697,0.2205486772981729,0.15388403852801436,0.13301149481154093
L319892,CoCl2,4,0,0.22936006970462597,0.253039177513723,0.2205486772981729,0.18148000280812884,0.16178500671280868
L319892,Dabrafenib,4,0,0.2240101926936385,0.2461051316192984,0.2205486772981729,0.17667994375328183,0.15671482092587016
L319892,Doxorubicin,4,0,0.2891002187573746,0.3311956653277221,0.2205486772981729,0.23701073863735725,0.22201977476146037
L319892,Trametinib,4,0,0.191021945485207,0.20383534266748823,0.2205486772981729,0.1477138228222743,0.12671235020718577
L32013,Acid,1,0,0.47587273821028014,0.2838807297763159,0.15739445968393098,0.3207254400538473,0.2626060185371547
L32013,Cisplatin,1,0,0.19458719593808257,0.07546505119145054,0.15739445968393098,0.10082112996641052,0.06354627959133563
L32013,CoCl2,1,0,0.23560044533301658,0.09875860442751293,0.15739445968393098,0.12689238054029342,0.08416316922647121
L32013,Dabrafenib,1,0,0.23203384804524899,0.0966258507238606,0.15739445968393098,0.12454586373230941,0.08225798653270158
L32013,Doxorubicin,1,0,0.29979943088858513,0.14057529225993384,0.15739445968393098,0.17186636418554063,0.12229847051651437
L32013,Trametinib,1,0,0.19726215106258552,0.07690713164142415,0.15739445968393098,0.10246153309168075,0.06480590597909255
L320444,Acid,2,1,0.4723002644704608,0.5067370453832643,0.26571348790582244,0.49211532404917496,0.5483666629210013
L320444,Cisplatin,2,1,0.20261025237344546,0.18079418230991365,0.26571348790582244,0.19572251838662602,0.2045361639888682
L320444,CoCl2,2,0,0.22668291955083833,0.2082061461254913,0.26571348790582244,0.22084640802729247,0.2348420806921546
L320444,Dabrafenib,2,1,0.22668291955083833,0.20820614612549138,0.26571348790582244,0.22084640802729266,0.2348420806921546
L320444,Doxorubicin,2,1,0.2819646373115759,0.2736753302835227,0.26571348790582244,0.2797756846783284,0.3067129610196156
L320444,Trametinib,2,1,0.19458603455920903,0.17182713634929928,0.26571348790582244,0.1874262308542928,0.19461586819644414
L320454,Acid,4,1,0.4785299066468458,0.29897467523817,0.24027749687048747,0.4587507707990168,0.3178245574607496
L320454,Cisplatin,4,0,0.19815483583226198,0.08016901387354933,0.24027749687048747,0.16982063985438514,0.08371911605604064
L320454,CoCl2,4,0,0.22936006970462597,0.09841103684850079,0.24027749687048747,0.19960032363963545,0.10309752557631967
L320454,Dabrafenib,4,0,0.2240101926936385,0.09517437853277874,0.24027749687048747,0.1944348395928989,0.09964790159982997
L320454,Doxorubicin,4,0,0.2891002187573746,0.13760578088210432,0.24027749687048747,0.25892174353944686,0.14526893754064085
L320454,Trametinib,4,0,0.191021945485207,0.07620727108441683,0.24027749687048747,0.16313462404068801,0.07954019131461043
L320548,Acid,3,0,0.47049894201675735,0.5626436733180362,0.25820670203256646,0.4826993864736867,0.5078027300284381
L320548,Cisplatin,3,0,0.1901270509498604,0.21016135051477408,0.25820670203256646,0.18131645978770908,0.1656542799656212
L320548,CoCl2,3,0,0.2186598922625351,0.24715259853498056,0.25820670203256646,0.2106221022999904,0.1977262063026996
L320548,Dabrafenib,3,0,0.2186598922625351,0.24715259853498114,0.25820670203256646,0.2106221022999904,0.1977262063026996
L320548,Doxorubicin,3,0,0.2882083795228566,0.3389021017609692,0.25820670203256646,0.2842784614789355,0.28121394273488765
L320548,Trametinib,3,0,0.19191054568686872,0.21245801352685967,0.25820670203256646,0.18313127542540253,0.1676142378595298
L320705,Acid,1,0,0.47587273821028014,0.2838807297763159,0.05253841731611895,0.11628248832149343,0.13397462631838616
L320705,Cisplatin,1,0,0.19458719593808257,0.07546505119145054,0.05253841731611895,0.03030088158812836,0.02863345809384011
L320705,CoCl2,1,0,0.23560044533301658,0.09875860442751293,0.05253841731611895,0.038925794339931326,0.038387593302232535
L320705,Dabrafenib,1,0,0.23203384804524899,0.0966258507238606,0.05253841731611895,0.03813492203686288,0.03747622003365039
L320705,Doxorubicin,1,0,0.29979943088858513,0.14057529225993384,0.05253841731611895,0.05467447784365844,0.057074039880436966
L320705,Trametinib,1,0,0.19726215106258552,0.07690713164142415,0.05253841731611895,0.030833234622568196,0.0292226317362759
L320820,Acid,3,1,0.47049894201675735,0.9271862818540325,0.3898581907342113,0.6390485321815277,0.9544882998977472
L320820,Cisplatin,3,1,0.1901270509498604,0.7248002189201563,0.3898581907342113,0.2958816877768788,0.8014286729139307
L320820,CoCl2,3,1,0.2186598922625351,0.7646771394162853,0.3898581907342113,0.33610226760303735,0.833609250377258
L320820,Dabrafenib,3,1,0.2186598922625351,0.7646771394162859,0.3898581907342113,0.33610226760303735,0.833609250377258
L320820,Doxorubicin,3,1,0.2882083795228566,0.8353682113867009,0.3898581907342113,0.4297503127492344,0.8883051257305334
L320820,Trametinib,3,1,0.19191054568686872,0.7275404741863417,0.3898581907342113,0.2984252073109633,0.8036652378613091
L321183,Acid,4,1,0.4785299066468458,0.40620275718381477,0.2222814761994261,0.43232239957525465,0.37539429455256307
L321183,Cisplatin,4,1,0.19815483583226198,0.12265193975772988,0.2222814761994261,0.15526256162871394,0.10543792303702425
L321183,CoCl2,4,0,0.22936006970462597,0.14899489279662376,0.2222814761994261,0.18305225347263687,0.1291350623167213
L321183,Dabrafenib,4,0,0.2240101926936385,0.1443609557083698,0.2222814761994261,0.17821966367168526,0.12493558408006641
L321183,Doxorubicin,4,0,0.2891002187573746,0.20378237673848631,0.2222814761994261,0.23892365058910328,0.17982163194767345
L321183,Trametinib,4,0,0.191021945485207,0.11685751411523455,0.2222814761994261,0.14904680867335618,0.10029354632172739
L321201,Acid,2,1,0.4723002644704608,0.28798107904013687,0.16031624936896796,0.330870715905634,0.31009836643014005
L321201,Cisplatin,2,1,0.20261025237344546,0.07994198058564067,0.16031624936896796,0.11046946739769185,0.08691379256224492
L321201,CoCl2,2,1,0.22668291955083833,0.0938138784504659,0.16031624936896796,0.12636932156989897,0.10202705398859767
L321201,Dabrafenib,2,0,0.22668291955083833,0.09381387845046599,0.16031624936896796,0.12636932156989908,0.1020270539885977
L321201,Doxorubicin,2,0,0.2819646373115759,0.12918161513286344,0.16031624936896796,0.16544182692669313,0.14072700996962262
L321201,Trametinib,2,1,0.19458603455920903,0.07551591043043948,0.16031624936896796,0.10531370080105824,0.08210948247110113
L321617,Acid,1,0,0.47587273821028014,0.4934165770576021,0.4977609852386322,0.7322890346040942,0.5935810152688392
L321617,Cisplatin,1,0,0.19458719593808257,0.16705230688483808,0.4977609852386322,0.39378570789986983,0.21770770187971045
L321617,CoCl2,1,1,0.23560044533301658,0.2121294205507139,0.4977609852386322,0.45710268447698194,0.27372112539273247
L321617,Dabrafenib,1,0,0.23203384804524899,0.20811371529842798,0.4977609852386322,0.4518097095549513,0.2687843001084505
L321617,Doxorubicin,1,1,0.29979943088858513,0.2866801763302718,0.4977609852386322,0.545932639952329,0.3636433694633011
L321617,Trametinib,1,1,0.19726215106258552,0.16992288349159343,0.4977609852386322,0.3980824856151589,0.22130100020995375
L321690,Acid,3,0,0.47049894201675735,0.28393797583778135,0.24151448439025122,0.4611258425889847,0.1788955107236469
L321690,Cisplatin,3,0,0.1901270509498604,0.07579774841898737,0.24151448439025122,0.1688169991778994,0.040240576016701224
L321690,CoCl2,3,0,0.2186598922625351,0.09189062358779186,0.24151448439025122,0.19658750637509906,0.04947116184150846
L321690,Dabrafenib,3,0,0.2186598922625351,0.09189062358779211,0.24151448439025122,0.19658750637509906,0.04947116184150846
L321690,Doxorubicin,3,0,0.2882083795228566,0.13644925330968105,0.24151448439025122,0.26699591472828216,0.07631441122682794
L321690,Trametinib,3,0,0.19191054568686872,0.07676878924958747,0.24151448439025122,0.17053276662665698,0.04078922890884745
L321791,Acid,0,0,0.4736194759800148,0.28466937869202136,0.12718993317215904,0.2659031660328463,0.2157881332431777
L321791,Cisplatin,0,0,0.18583642087064267,0.06962987611271007,0.12718993317215904,0.07628417083916356,0.047444529134610856
L321791,CoCl2,0,0,0.22867007436383363,0.09320675900005541,0.12718993317215904,0.09824329072672042,0.06439254890974333
L321791,Dabrafenib,0,0,0.24473499838108828,0.10282400034002308,0.12718993317215904,0.10700093551386308,0.07143149663099302
L321791,Doxorubicin,0,0,0.2866788719209133,0.1298040178991264,0.12718993317215904,0.13130758805244752,0.09168532989550834
L321791,Trametinib,0,0,0.20368386704128424,0.07910975095779173,0.12718993317215904,0.08519381502277901,0.0541924079901446
L322064,Acid,3,1,0.47049894201675735,0.28393797583778135,0.07643738072165829,0.17166491966175967,0.14758859886227155
L322064,Cisplatin,3,0,0.1901270509498604,0.07579774841898737,0.07643738072165829,0.046882355978735565,0.0322455310142686
L322064,CoCl2,3,0,0.2186598922625351,0.09189062358779186,0.07643738072165829,0.05594460436270357,0.03971806793087363
L322064,Dabrafenib,3,0,0.2186598922625351,0.09189062358779211,0.07643738072165829,0.05594460436270357,0.03971806793087363
L322064,Doxorubicin,3,0,0.2882083795228566,0.13644925330968105,0.07643738072165829,0.08106380318128957,0.0616122759632407
L322064,Trametinib,3,0,0.19191054568686872,0.07676878924958747,0.07643738072165829,0.04742956032958013,0.03268888962394224
L322091,Acid,3,0,0.47049894201675735,0.49646697042869636,0.2541412138811919,0.47757641462532363,0.4743272521646701
L322091,Cisplatin,3,0,0.1901270509498604,0.1693861859591082,0.2541412138811919,0.17828969682889265,0.1479539226421136
L322091,CoCl2,3,0,0.2186598922625351,0.20102711365257653,0.2541412138811919,0.20722996347491437,0.17732726495759538
L322091,Dabrafenib,3,0,0.2186598922625351,0.20102711365257703,0.2541412138811919,0.20722996347491437,0.17732726495759532
L322091,Doxorubicin,3,0,0.2882083795228566,0.28206909496947064,0.2541412138811919,0.2801210223933703,0.2549387997327934
L322091,Trametinib,3,0,0.19191054568686872,0.17133391376060741,0.2541412138811919,0.1800808811261853,0.1497420425004332
L322102,Acid,4,0,0.4785299066468458,0.29897467523817,0.25026914208913853,0.4732204364684617,0.24834998415525103
L322102,Cisplatin,4,0,0.19815483583226198,0.08016901387354933,0.25026914208913853,0.178177083558318,0.060853616673469973
L322102,CoCl2,4,0,0.22936006970462597,0.09841103684850079,0.25026914208913853,0.20905314210719664,0.0753747468336737
L322102,Dabrafenib,4,0,0.2240101926936385,0.09517437853277874,0.25026914208913853,0.20370528690437884,0.07277745359763421
L322102,Doxorubicin,4,0,0.2891002187573746,0.13760578088210432,0.25026914208913853,0.2702354282063012,0.10756632218748802
L322102,Trametinib,4,0,0.191021945485207,0.07620727108441683,0.25026914208913853,0.17122992463166908,0.05774411827655119
L322120,Acid,3,0,0.47049894201675735,0.6153717214369409,0.28216064493399545,0.5150518400242323,0.49605563043629963
L322120,Cisplatin,3,0,0.1901270509498604,0.2486356296563294,0.28216064493399545,0.20133071229880914,0.1592611015502018
L322120,CoCl2,3,0,0.2186598922625351,0.28991318691797713,0.28216064493399545,0.23295074655973802,0.1903776889593829
L322120,Dabrafenib,3,0,0.2186598922625351,0.28991318691797774,0.28216064493399545,0.23295074655973808,0.1903776889593829
L322120,Doxorubicin,3,0,0.2882083795228566,0.3893275356682291,0.28216064493399545,0.31133589278042867,0.2718138467580461
L322120,Trametinib,3,0,0.19191054568686872,0.2512190131503846,0.28216064493399545,0.20329610791142622,0.1611600285490998
L322183,Acid,1,0,0.47587273821028014,0.2838807297763159,0.28217586208186035,0.5077011972040998,0.3775370278391689
L322183,Cisplatin,1,0,0.19458719593808257,0.07546505119145054,0.28217586208186035,0.19672555037003137,0.10359718727896823
L322183,CoCl2,1,0,0.23560044533301658,0.09875860442751293,0.28217586208186035,0.2409510817323362,0.13533033117927754
L322183,Dabrafenib,1,0,0.23203384804524899,0.0966258507238606,0.28217586208186035,0.23706806376034525,0.13243437882833173
L322183,Doxorubicin,1,0,0.29979943088858513,0.14057529225993384,0.28217586208186035,0.3119088933808353,0.19179477374965948
L322183,Trametinib,1,0,0.19726215106258552,0.07690713164142415,0.28217586208186035,0.19958001489114907,0.10556121878708673
L322447,Acid,2,0,0.4723002644704608,0.6038122237619251,0.3611544851645815,0.6080948045947608,0.6386315334483842
L322447,Cisplatin,2,0,0.20261025237344546,0.24665161315588735,0.3611544851645815,0.2804169695252035,0.27233168997007035
L322447,CoCl2,2,0,0.22668291955083833,0.28062828906711407,0.3611544851645815,0.3121925974742386,0.3087834538003989
L322447,Dabrafenib,2,0,0.22668291955083833,0.2806282890671142,0.3611544851645815,0.3121925974742388,0.3087834538003989
L322447,Doxorubicin,2,0,0.2819646373115759,0.3585577383085783,0.3611544851645815,0.3834991252168135,0.3916990922042073
L322447,Trametinib,2,0,0.19458603455920903,0.23535659705343095,0.3611544851645815,0.2697346594036267,0.26019878864335877
L322777,Acid,4,1,0.4785299066468458,0.8689322396854401,0.3637421394004249,0.6127719511280186,0.885210139803462
L322777,Cisplatin,4,0,0.19815483583226198,0.5753426045545273,0.3637421394004249,0.27636850789446754,0.6019636277670725
L322777,CoCl2,4,0,0.22936006970462597,0.6291868756473623,0.3637421394004249,0.31768255439381193,0.655484938113571
L322777,Dabrafenib,4,0,0.2240101926936385,0.6205078574174036,0.3637421394004249,0.3106472320940508,0.646883077876682
L322777,Doxorubicin,4,1,0.2891002187573746,0.7126759763376989,0.3637421394004249,0.39478832608725006,0.7377504610903678
L322777,Trametinib,4,0,0.191021945485207,0.5618577308562754,0.3637421394004249,0.2668359146309677,0.5885315922164478
L32307,Acid,0,1,0.4736194759800148,0.283084547091898,0.22537142399294988,0.4283558200449533,0.25037626235429467
L32307,Cisplatin,0,1,0.18583642087064267,0.06912653697676831,0.22537142399294988,0.14591670100879764,0.05701093888250645
L32307,CoCl2,0,0,0.22867007436383363,0.09254994172494373,0.22537142399294988,0.1839289939845196,0.07709965361379659
L32307,Dabrafenib,0,1,0.24473499838108828,0.10210704271472079,0.22537142399294988,0.1986422921190542,0.08540086338554582
L32307,Doxorubicin,0,0,0.2866788719209133,0.1289259711728003,0.22537142399294988,0.23821326033691434,0.10915000917837828
L32307,Trametinib,0,0,0.20368386704128424,0.07854366914430409,0.22537142399294988,0.16153687290296467,0.0650265348729194
L323345,Acid,4,1,0.4785299066468458,0.5382092447681907,0.3312875954905465,0.5767754076402576,0.5814957336022138
L323345,Cisplatin,4,1,0.19815483583226198,0.192362425825754,0.3312875954905465,0.24750264401834612,0.21413948346324793
L323345,CoCl2,4,0,0.22936006970462597,0.22975677691882995,0.3312875954905465,0.2862082669294196,0.25529511106745123
L323345,Dabrafenib,4,1,0.2240101926936385,0.2232700360844781,0.3312875954905465,0.27958435702861095,0.24816201792847267
L323345,Doxorubicin,4,1,0.2891002187573746,0.30364530677637697,0.3312875954905465,0.35970203596708783,0.33637375294962474
L323345,Trametinib,4,1,0.191021945485207,0.18396523346376897,0.3312875954905465,0.23863735839177921,0.2049063283137981
L323748,Acid,2,0,0.4723002644704608,0.41824820551231073,0.2672314249891867,0.4941403467617948,0.4227862130721925
L323748,Cisplatin,2,0,0.20261025237344546,0.13378550711129356,0.2672314249891867,0.19700098319110887,0.134283975652125
L323748,CoCl2,2,0,0.22668291955083833,0.15542226908653953,0.2672314249891867,0.22224363474622721,0.1562250091570767
L323748,Dabrafenib,2,0,0.22668291955083833,0.15542226908653958,0.2672314249891867,0.22224363474622733,0.1562250091570767
L323748,Doxorubicin,2,0,0.2819646373115759,0.20866797340549004,0.2672314249891867,0.28141108263189113,0.21066005624774325
L323748,Trametinib,2,0,0.19458603455920903,0.1267891472075863,0.2672314249891867,0.18866321606041755,0.1272260445431313
L323769,Acid,0,1,0.4736194759800148,0.5638944761725727,0.3063873189537288,0.5371754364509864,0.49912638711711327
L323769,Cisplatin,0,0,0.18583642087064267,0.19560557705264583,0.3063873189537288,0.2092497583874638,0.15281391679603448
L323769,CoCl2,0,0,0.22867007436383363,0.2503596790293536,0.3063873189537288,0.25876212495456985,0.19951787563046636
L323769,Dabrafenib,0,0,0.24473499838108828,0.27134012434122273,0.3063873189537288,0.27742661342399305,0.21788786938050578
L323769,Doxorubicin,0,0,0.2866788719209133,0.32644825079645773,0.3063873189537288,0.32630144632010577,0.26769657650528833
L323769,Trametinib,0,0,0.20368386704128424,0.21821389677554612,0.3063873189537288,0.22982528963315177,0.17184454457443873
L323778,Acid,4,1,0.4785299066468458,0.28113031182063863,0.2774161113683705,0.5096505991478844,0.29896622502746356
L323778,Cisplatin,4,0,0.19815483583226198,0.0740054563390073,0.2774161113683705,0.2005406068159898,0.0771800078674025
L323778,CoCl2,4,0,0.22936006970462597,0.09098371995446658,0.2774161113683705,0.23418768633725726,0.09520207843698134
L323778,Dabrafenib,4,1,0.2240101926936385,0.08796750590531295,0.2774161113683705,0.2283825125469314,0.09198953938008682
L323778,Doxorubicin,4,0,0.2891002187573746,0.12763912778414688,0.2774161113683705,0.2999364716708198,0.13462867970068787
L323778,Trametinib,4,0,0.191021945485207,0.07032501345783615,0.2774161113683705,0.19292618541205878,0.07330137724650042
L323960,Acid,2,0,0.4723002644704608,0.5195328177762818,0.3002025526146131,0.5368464906863474,0.5160373685746628
L323960,Cisplatin,2,0,0.20261025237344546,0.18850482389898363,0.3002025526146131,0.2254731143760253,0.18420969231733889
L323960,CoCl2,2,0,0.22668291955083833,0.2167765121632057,0.3002025526146131,0.25321360671216214,0.21230768696993724
L323960,Dabrafenib,2,0,0.22668291955083833,0.21677651216320581,0.3002025526146131,0.2532136067121623,0.2123076869699373
L323960,Doxorubicin,2,0,0.2819646373115759,0.28397408031445515,0.3002025526146131,0.31726279092197446,0.27980404793108987
L323960,Trametinib,2,0,0.19458603455920903,0.1792390197096389,0.3002025526146131,0.2162548355647145,0.17505829984906454
L324293,Acid,1,0,0.47587273821028014,0.2838807297763159,0.18145365477861863,0.36164751680580387,0.2917273943075028
L324293,Cisplatin,1,0,0.19458719593808257,0.07546505119145054,0.18145365477861863,0.11858332068239268,0.07277164551618091
L324293,CoCl2,1,0,0.23560044533301658,0.09875860442751293,0.18145365477861863,0.14848918116246274,0.09607453254832476
L324293,Dabrafenib,1,0,0.23203384804524899,0.0966258507238606,0.18145365477861863,0.145809987996457,0.09392736850516491
L324293,Doxorubicin,1,1,0.29979943088858513,0.14057529225993384,0.18145365477861863,0.1993697761550601,0.13878910291020585
L324293,Trametinib,1,0,0.19726215106258552,0.07690713164142415,0.18145365477861863,0.12047400162187837,0.07419964944247232
L3243,Acid,0,0,0.4736194759800148,0.4328777043248581,0.2555914474976084,0.4712248103025108,0.554430337727619
L3243,Cisplatin,0,0,0.18583642087064267,0.12552793042606503,0.2555914474976084,0.1688698127636415,0.1838290776719422
L3243,CoCl2,0,0,0.22867007436383363,0.1646818096685305,0.2555914474976084,0.21138166330522193,0.2373563388569906
L3243,Dabrafenib,0,0,0.24473499838108828,0.18020834599800858,0.2555914474976084,0.22767833622256578,0.25808694600818255
L3243,Doxorubicin,0,1,0.2866788719209133,0.2224585775702799,0.2555914474976084,0.27107686372885414,0.31340275253547273
L3243,Trametinib,0,0,0.20368386704128424,0.14146100184460822,0.2555914474976084,0.18641080009045602,0.20578396436879126
L324331,Acid,2,0,0.4723002644704608,0.2807695161874157,0.346909533784853,0.5925885454625773,0.33718632562184897
L324331,Cisplatin,2,0,0.20261025237344546,0.07737396318390978,0.346909533784853,0.267561800623999,0.0972542441317012
L324331,CoCl2,2,0,0.22668291955083833,0.09084424576363263,0.346909533784853,0.2984849765246197,0.11394120866319815
L324331,Dabrafenib,2,0,0.22668291955083833,0.09084424576363272,0.346909533784853,0.2984849765246199,0.11394120866319815
L324331,Doxorubicin,2,0,0.2819646373115759,0.1252471706812583,0.346909533784853,0.36833727734376714,0.15637336185067047
L324331,Trametinib,2,0,0.19458603455920903,0.07307878074846619,0.346909533784853,0.25719416759546254,0.09193589901479594
L324535,Acid,4,0,0.4785299066468458,0.29897467523817,0.15573057457004882,0.3240819069481558,0.26261366034179073
L324535,Cisplatin,4,0,0.19815483583226198,0.08016901387354933,0.15573057457004882,0.103715919403559,0.06528396967988775
L324535,CoCl2,4,0,0.22936006970462597,0.09841103684850079,0.15573057457004882,0.12362979232753003,0.0807713645869707
L324535,Dabrafenib,4,0,0.2240101926936385,0.09517437853277874,0.15573057457004882,0.12013526727540233,0.0780038005048336
L324535,Doxorubicin,4,0,0.2891002187573746,0.13760578088210432,0.15573057457004882,0.1650279762391959,0.11498115028530598
L324535,Trametinib,4,0,0.191021945485207,0.07620727108441683,0.15573057457004882,0.09932114369007343,0.06196302533460442
L32461,Acid,1,0,0.47587273821028014,0.49682532081504505,0.20756839335423474,0.40251383707446775,0.5036226078379139
L32461,Cisplatin,1,0,0.19458719593808257,0.16895836921588672,0.20756839335423474,0.137917451645042,0.162006549425207
L32461,CoCl2,1,0,0.23560044533301658,0.21441741304351164,0.20756839335423474,0.17174913795976698,0.20748988413886701
L32461,Dabrafenib,1,0,0.23203384804524899,0.2103699600311866,0.20756839335423474,0.16873342773864655,0.20341304051063316
L32461,Doxorubicin,1,0,0.29979943088858513,0.28947682397655106,0.20756839335423474,0.22846147818712575,0.2841671787306401
L32461,Trametinib,1,0,0.19726215106258552,0.17185494133780527,0.20756839335423474,0.1400674077349711,0.16487425334826905
L325741,Acid,0,1,0.4736194759800148,0.8638902893190429,0.3336123092396075,0.5696322020770611,0.8512712895444998
L325741,Cisplatin,0,0,0.18583642087064267,0.5441378552059689,0.3336123092396075,0.23181702547195457,0.5088495743895748
L325741,CoCl2,0,1,0.22867007436383363,0.6211204572672008,0.3336123092396075,0.28474637013660387,0.5887477483481257
L325741,Dabrafenib,0,0,0.24473499838108828,0.6463806855870515,0.3336123092396075,0.30451512461102104,0.6154036049265877
L325741,Doxorubicin,0,0,0.2866788719209133,0.7040602899859589,0.3336123092396075,0.35581223374510057,0.6773807378639831
L325741,Trametinib,0,0,0.20368386704128424,0.5780799188380809,0.3336123092396075,0.2538990930650377,0.5437604458716403
L325781,Acid,3,0,0.47049894201675735,0.2800284500633928,0.1985374134915633,0.39512383474937857,0.2823190294810445
L325781,Cisplatin,3,0,0.1901270509498604,0.07445610040842693,0.1985374134915633,0.13423190461543322,0.07037483366820252
L325781,CoCl2,3,0,0.2186598922625351,0.09029195479406704,0.1985374134915633,0.15739044515491077,0.08589910743652478
L325781,Dabrafenib,3,0,0.2186598922625351,0.09029195479406729,0.1985374134915633,0.15739044515491074,0.08589910743652474
L325781,Doxorubicin,3,0,0.2882083795228566,0.13418992647207914,0.1985374134915633,0.217561907616253,0.12980896845637588
L325781,Trametinib,3,0,0.19191054568686872,0.07541135591620717,0.1985374134915633,0.13565353476758021,0.07130382246515649
L326124,Acid,1,0,0.47587273821028014,0.2838807297763159,0.11327886618459618,0.24022956702540635,0.3073067414537714
L326124,Cisplatin,1,1,0.19458719593808257,0.07546505119145054,0.11327886618459618,0.06984222976955945,0.0779447378086942
L326124,CoCl2,1,0,0.23560044533301658,0.09875860442751293,0.11327886618459618,0.08869283956590625,0.10272063513987945
L326124,Dabrafenib,1,0,0.23203384804524899,0.0966258507238606,0.11327886618459618,0.08698234199484306,0.10044144231659587
L326124,Doxorubicin,1,0,0.29979943088858513,0.14057529225993384,0.11327886618459618,0.12202001910340793,0.14790655881712877
L326124,Trametinib,1,0,0.19726215106258552,0.07690713164142415,0.11327886618459618,0.07101840265632149,0.07946555393880285
L326276,Acid,2,0,0.4723002644704608,0.28798107904013687,0.28176806682259126,0.5131853507905377,0.33928658806917517
L326276,Cisplatin,2,0,0.20261025237344546,0.07994198058564067,0.28176806682259126,0.20933286057749834,0.09808116986634885
L326276,CoCl2,2,0,0.22668291955083833,0.0938138784504659,0.28176806682259126,0.23569185866224693,0.11489196142983452
L326276,Dabrafenib,2,0,0.22668291955083833,0.09381387845046599,0.28176806682259126,0.23569185866224707,0.11489196142983452
L326276,Doxorubicin,2,0,0.2819646373115759,0.12918161513286344,0.28176806682259126,0.2970720690199823,0.1576151965407577
L326276,Trametinib,2,0,0.19458603455920903,0.07551591043043948,0.28176806682259126,0.20060355244706068,0.0927222489927267
L326420,Acid,3,1,0.47049894201675735,0.2800284500633928,0.13200674521951605,0.28178771532268326,0.19574485287794055
L326420,Cisplatin,3,0,0.1901270509498604,0.07445610040842693,0.13200674521951605,0.0851898080558452,0.04474225388914035
L326420,CoCl2,3,0,0.2186598922625351,0.09029195479406704,0.13200674521951605,0.10087311626943277,0.054946339763083524
L326420,Dabrafenib,3,0,0.2186598922625351,0.09029195479406729,0.13200674521951605,0.10087311626943277,0.0549463397630835
L326420,Doxorubicin,3,0,0.2882083795228566,0.13418992647207914,0.13200674521951605,0.14310729940882028,0.084496351323892
L326420,Trametinib,3,0,0.19191054568686872,0.07541135591620717,0.13200674521951605,0.08614372058589206,0.045349383971872124
L3265,Acid,4,1,0.4785299066468458,0.7759804860997861,0.3539742088371826,0.6022833691236682,0.7876486176224453
L3265,Cisplatin,4,0,0.19815483583226198,0.4144805112652962,0.3539742088371826,0.2676579357492579,0.4211002072252048
L3265,CoCl2,4,1,0.22936006970462597,0.4699297300478433,0.3539742088371826,0.30822448047729034,0.4778458432330051
L3265,Dabrafenib,4,1,0.2240101926936385,0.46071809060587227,0.3539742088371826,0.3013061201665734,0.46840568497639173
L3265,Doxorubicin,4,1,0.2891002187573746,0.5644543232785773,0.3539742088371826,0.3843276905311991,0.5750283658664846
L3265,Trametinib,4,1,0.191021945485207,0.40120386768659927,0.3539742088371826,0.2583185379276278,0.40757149408586485
L326812,Acid,4,0,0.4785299066468458,0.49375683024646266,0.23783971662038558,0.455436118664499,0.5504563370801214
L326812,Cisplatin,4,0,0.19815483583226198,0.16619445483395628,0.23783971662038558,0.16794584227169645,0.19363623807785282
L326812,CoCl2,4,0,0.22936006970462597,0.1997600704590429,0.23783971662038558,0.19747496538031264,0.23201472115829658
L326812,Dabrafenib,4,1,0.2240101926936385,0.19390702392660453,0.23783971662038558,0.19235126563866425,0.22533527495212838
L326812,Doxorubicin,4,0,0.2891002187573746,0.2673502039231125,0.23783971662038558,0.2563670461342462,0.3087652723739476
L326812,Trametinib,4,0,0.191021945485207,0.15871508817194455,0.23783971662038558,0.16131929600711722,0.18507892797870656
L327389,Acid,1,1,0.47587273821028014,0.5980887495647769,0.4034513565247167,0.6461191047171021,0.7298793330713981
L327389,Cisplatin,1,0,0.19458719593808257,0.2345453888131979,0.4034513565247167,0.302447390064358,0.33987445050392356
L327389,CoCl2,1,1,0.23560044533301658,0.29146196980187344,0.4034513565247167,0.35979452797510875,0.41081362430441887
L327389,Dabrafenib,1,1,0.23203384804524899,0.28649055819432406,0.4034513565247167,0.3548917539936182,0.40478227295532315
L327389,Doxorubicin,1,0,0.29979943088858513,0.38043092302512477,0.4034513565247167,0.44522227577531526,0.513905372685712
L327389,Trametinib,1,1,0.19726215106258552,0.23824401971672243,0.4034513565247167,0.3062510191180435,0.34459592362868613
L327712,Acid,3,0,0.47049894201675735,0.2800284500633928,0.18728599609964772,0.3777832984057605,0.27325857771329337
L327712,Cisplatin,3,0,0.1901270509498604,0.07445610040842693,0.18728599609964772,0.1259567462997191,0.06747677733491655
L327712,CoCl2,3,0,0.2186598922625351,0.09029195479406704,0.18728599609964772,0.147931548446716,0.08241843530072697
L327712,Dabrafenib,3,1,0.2186598922625351,0.09029195479406729,0.18728599609964772,0.147931548446716,0.08241843530072694
L327712,Doxorubicin,3,0,0.2882083795228566,0.13418992647207914,0.18728599609964772,0.20536818130743714,0.12479194895985571
L327712,Trametinib,3,0,0.19191054568686872,0.07541135591620717,0.18728599609964772,0.1273036223179932,0.06837032368286891
L328087,Acid,0,1,0.4736194759800148,0.5115146125449378,0.32416574941938514,0.5584748293910892,0.493273255040217
L328087,Cisplatin,0,0,0.18583642087064267,0.16452941753388745,0.32416574941938514,0.2238350331499233,0.14980725715508264
L328087,CoCl2,0,0,0.22867007436383363,0.2128868482927187,0.32416574941938514,0.2755957372112127,0.1958046843824312
L328087,Dabrafenib,0,0,0.24473499838108828,0.2316976140253872,0.32416574941938514,0.294991213399023,0.21392416308902926
L328087,Doxorubicin,0,1,0.2866788719209133,0.2818689779638529,0.32416574941938514,0.34548093021920917,0.2631316193538997
L328087,Trametinib,0,1,0.20368386704128424,0.18436917227790545,0.32416574941938514,0.24539965745942696,0.16853794083095922
L328262,Acid,2,0,0.4723002644704608,0.43322824714162195,0.15474242962491078,0.3214006473187878,0.33044631729026086
L328262,Cisplatin,2,0,0.20261025237344546,0.1410473861614739,0.15474242962491078,0.10630544820331284,0.0946255389634144
L328262,CoCl2,2,0,0.22668291955083833,0.16363672749247593,0.15474242962491078,0.12168796372043093,0.11091688504573667
L328262,Dabrafenib,2,0,0.22668291955083833,0.16363672749247604,0.15474242962491078,0.12168796372043102,0.11091688504573667
L328262,Doxorubicin,2,0,0.2819646373115759,0.2189669938919418,0.15474242962491078,0.1595774161423762,0.15241650498294476
L328262,Trametinib,2,0,0.19458603455920903,0.13372989310967046,0.15474242962491078,0.1013218859283001,0.08943670285646961
L328314,Acid,1,0,0.47587273821028014,0.5630410643353265,0.24500173312578735,0.45775829545359686,0.44321383797583
L328314,Cisplatin,1,0,0.19458719593808257,0.20968663773582571,0.24500173312578735,0.16699655494703278,0.13170200846108185
L328314,CoCl2,1,0,0.23560044533301658,0.2626406289661105,0.24500173312578735,0.20625482302404644,0.17040746083011288
L328314,Dabrafenib,1,0,0.23203384804524899,0.2579818237250687,0.24500173312578735,0.20278157204139793,0.16690577918062302
L328314,Doxorubicin,1,0,0.29979943088858513,0.34712197283306423,0.24500173312578735,0.27063803141431775,0.23748757257661396
L328314,Trametinib,1,0,0.19726215106258552,0.21310239657719668,0.24500173312578735,0.16951068372144204,0.1341191406551883
L328955,Acid,3,1,0.47049894201675735,0.8781018199046454,0.4037919481544562,0.6526700915369744,0.8827253377584215
L328955,Cisplatin,3,1,0.1901270509498604,0.5983813062346827,0.4037919481544562,0.30843907644864776,0.5915887386800174
L328955,CoCl2,3,1,0.2186598922625351,0.6476719425205995,0.4037919481544562,0.3495193058470846,0.6426111187737696
L328955,Dabrafenib,3,0,0.2186598922625351,0.6476719425206002,0.4037919481544562,0.3495193058470846,0.6426111187737696
L328955,Doxorubicin,3,1,0.2882083795228566,0.7416356962472979,0.4037919481544562,0.44440331613573775,0.74055091357655
L328955,Trametinib,3,0,0.19191054568686872,0.601688590109908,0.4037919481544562,0.3110428584088125,0.5949943915000366
L329078,Acid,4,0,0.4785299066468458,0.2968821351175162,0.2456100834165256,0.46645006990047466,0.1839513160427713
L329078,Cisplatin,4,0,0.19815483583226198,0.07943437728876447,0.2456100834165256,0.1742317506904764,0.042335515340209524
L329078,CoCl2,4,0,0.22936006970462597,0.09752696145749848,0.2456100834165256,0.20459433170916658,0.0526856792263213
L329078,Dabrafenib,4,0,0.2240101926936385,0.09431633792632509,0.2456100834165256,0.19933179317018998,0.05082723733969776
L329078,Doxorubicin,4,0,0.2891002187573746,0.13642287806611342,0.2456100834165256,0.26490874133535763,0.07598336513700558
L329078,Trametinib,4,0,0.191021945485207,0.07550595825322452,0.2456100834165256,0.16740708569932639,0.040131820112086304
L329127,Acid,2,0,0.4723002644704608,0.28798107904013687,0.1562317387343329,0.32378670528866565,0.2074496059467383
L329127,Cisplatin,2,0,0.20261025237344546,0.07994198058564067,0.1562317387343329,0.1073472584022878,0.05251950448195769
L329127,CoCl2,2,0,0.22668291955083833,0.0938138784504659,0.1562317387343329,0.12285980064283923,0.06205849930962558
L329127,Dabrafenib,2,0,0.22668291955083833,0.09381387845046599,0.1562317387343329,0.12285980064283933,0.06205849930962555
L329127,Doxorubicin,2,0,0.2819646373115759,0.12918161513286344,0.1562317387343329,0.16104722034464797,0.08706792388640686
L329127,Trametinib,2,0,0.19458603455920903,0.07551591043043948,0.1562317387343329,0.10232044816040227,0.04951330282900874
L329364,Acid,0,1,0.4736194759800148,0.5243751823080508,0.29109532038070424,0.5178630894190454,0.5289003727219994
L329364,Cisplatin,0,1,0.18583642087064267,0.1717330500471539,0.29109532038070424,0.19671596206070258,0.16889562432183258
L329364,CoCl2,0,0,0.22867007436383363,0.2216460319686425,0.29109532038070424,0.24417839747449338,0.21924262929382823
L329364,Dabrafenib,0,1,0.24473499838108828,0.24099379447586905,0.29109532038070424,0.26216300994983593,0.23888674404220894
L329364,Doxorubicin,0,1,0.2866788719209133,0.29241200676361256,0.29109532038070424,0.3095006128532212,0.29170537606560315
L329364,Trametinib,0,1,0.20368386704128424,0.19224157781288898,0.29109532038070424,0.21639631616153315,0.18948105276499844
L329437,Acid,3,0,0.47049894201675735,0.28393797583778135,0.1531141866543956,0.3200787974679579,0.21918188483796736
L329437,Cisplatin,3,0,0.1901270509498604,0.07579774841898737,0.1531141866543956,0.10050433943803302,0.05125150965405169
L329437,CoCl2,3,0,0.2186598922625351,0.09189062358779186,0.1531141866543956,0.11864138410107894,0.0628424599783429
L329437,Dabrafenib,3,0,0.2186598922625351,0.09189062358779211,0.1531141866543956,0.11864138410107894,0.0628424599783429
L329437,Doxorubicin,3,0,0.2882083795228566,0.13644925330968105,0.1531141866543956,0.1669336953669977,0.09620669008808241
L329437,Trametinib,3,0,0.19191054568686872,0.07676878924958747,0.1531141866543956,0.10161068908837637,0.05194216429062511
L329452,Acid,3,1,0.47049894201675735,0.6682758090821146,0.2781036916337781,0.5088476574151214,0.54577552129294
L329452,Cisplatin,3,0,0.1901270509498604,0.29412064980206226,0.2781036916337781,0.19736752894888543,0.18780411029715055
L329452,CoCl2,3,0,0.2186598922625351,0.3395370936637516,0.2781036916337781,0.2285432385971551,0.22301814192562347
L329452,Dabrafenib,3,0,0.2186598922625351,0.3395370936637523,0.2781036916337781,0.2285432385971551,0.22301814192562347
L329452,Doxorubicin,3,0,0.2882083795228566,0.4452968871271647,0.2781036916337781,0.3060370272350668,0.31301846447353604
L329452,Trametinib,3,0,0.19191054568686872,0.2969898300555702,0.2781036916337781,0.19930389043269892,0.1899664679496359
L329553,Acid,3,1,0.47049894201675735,0.8541581344971566,0.3791763544740444,0.6280748905980168,0.8514754839802093
L329553,Cisplatin,3,1,0.1901270509498604,0.5477891872579416,0.3791763544740444,0.2861295706166113,0.5245458368385956
L329553,CoCl2,3,1,0.2186598922625351,0.5991293135697133,0.3791763544740444,0.3256375808515638,0.5779687791185052
L329553,Dabrafenib,3,1,0.2186598922625351,0.5991293135697141,0.3791763544740444,0.3256375808515638,0.5779687791185051
L329553,Doxorubicin,3,1,0.2882083795228566,0.7000433934274675,0.3791763544740444,0.418206575307984,0.6849380699661372
L329553,Trametinib,3,1,0.19191054568686872,0.551200616875219,0.3791763544740444,0.28862362085352766,0.5280645630079949
L329587,Acid,0,1,0.4736194759800148,0.630023016469192,0.42658301631439377,0.6675439335692028,0.5720151939721879
L329587,Cisplatin,0,0,0.18583642087064267,0.24256706076684445,0.42658301631439377,0.31403270917132525,0.19479846289224012
L329587,CoCl2,0,0,0.22867007436383363,0.3054745669761149,0.42658301631439377,0.37653266468168056,0.2505393063124499
L329587,Dabrafenib,0,0,0.24473499838108828,0.3290463816332679,0.42658301631439377,0.3991179363769387,0.27201064267902114
L329587,Doxorubicin,0,1,0.2866788719209133,0.38960789071603075,0.42658301631439377,0.4559047771691322,0.328987399429337
L329587,Trametinib,0,0,0.20368386704128424,0.2687895153958809,0.42658301631439377,0.34047522882800635,0.2177139683845442
L329798,Acid,3,1,0.47049894201675735,0.5087596213124757,0.3086038602049781,0.5471521457188845,0.5853946055648815
L329798,Cisplatin,3,1,0.1901270509498604,0.17641765625334366,0.3086038602049781,0.22286412667927288,0.21366065748297
L329798,CoCl2,3,0,0.2186598922625351,0.20904148519840962,0.3086038602049781,0.25677877561540696,0.25221734589389655
L329798,Dabrafenib,3,0,0.2186598922625351,0.20904148519841018,0.3086038602049781,0.25677877561540696,0.2522173458938965
L329798,Doxorubicin,3,0,0.2882083795228566,0.29213304047268335,0.3086038602049781,0.3396316520323254,0.3487126932258956
L329798,Trametinib,3,0,0.19191054568686872,0.1784288686041105,0.3086038602049781,0.22498051716964038,0.216041534987499
L33007,Acid,1,0,0.47587273821028014,0.2846492613888907,0.06889070009932964,0.15098377535353444,0.0947623710402864
L33007,Cisplatin,1,0,0.19458719593808257,0.07572901961696576,0.06889070009932964,0.04051983785147599,0.019556653763223058
L33007,CoCl2,1,0,0.23560044533301658,0.09909531796825004,0.06889070009932964,0.051897823127412084,0.026302454896198098
L33007,Dabrafenib,1,0,0.23203384804524899,0.0969560750019377,0.06889070009932964,0.050857339235931366,0.025670339830772892
L33007,Doxorubicin,1,0,0.29979943088858513,0.14103226746692055,0.06889070009932964,0.072498855472272,0.039346766934507074
L33007,Trametinib,1,0,0.19726215106258552,0.07717572323658099,0.06889070009932964,0.04122409419431897,0.01996289773521348
L33021,Acid,2,0,0.4723002644704608,0.5152190142896127,0.3316323444811622,0.5747193906477,0.527414201410613
L33021,Cisplatin,2,1,0.20261025237344546,0.18587628342593437,0.3316323444811622,0.2533977130458127,0.1911604859547646
L33021,CoCl2,2,0,0.22668291955083833,0.2138576390467288,0.3316323444811622,0.2833171031333995,0.22003274318216468
L33021,Dabrafenib,2,0,0.22668291955083833,0.2138576390467289,0.3316323444811622,0.28331710313339964,0.2200327431821646
L33021,Doxorubicin,2,0,0.2819646373115759,0.2804744131920041,0.3316323444811622,0.3513978295503313,0.2890837069629494
L33021,Trametinib,2,0,0.19458603455920903,0.1767115475674063,0.3316323444811622,0.243396533611567,0.18174071123742877
L330256,Acid,1,0,0.47587273821028014,0.2838807297763159,0.18517877941450805,0.3668418230690109,0.2616057180084988
L330256,Cisplatin,1,0,0.19458719593808257,0.07546505119145054,0.18517877941450805,0.120947977010735,0.06323919619307232
L330256,CoCl2,1,0,0.23560044533301658,0.09875860442751293,0.18517877941450805,0.15134778784896186,0.0837653678492833
L330256,Dabrafenib,1,0,0.23203384804524899,0.0966258507238606,0.18517877941450805,0.1486260193943354,0.08186838512702
L330256,Doxorubicin,1,0,0.29979943088858513,0.14057529225993384,0.18517877941450805,0.20297441227934887,0.12174438160305266
L330256,Trametinib,1,0,0.19726215106258552,0.07690713164142415,0.18517877941450805,0.1228711040936569,0.06449315472905756
L330523,Acid,4,0,0.4785299066468458,0.29897467523817,0.04008555723434935,0.09088683917851441,0.09317710181206126
L330523,Cisplatin,4,0,0.19815483583226198,0.08016901387354933,0.04008555723434935,0.023559595096863187,0.019752724316429226
L330523,CoCl2,4,0,0.22936006970462597,0.09841103684850079,0.04008555723434935,0.028573780038709792,0.02472439822176422
L330523,Dabrafenib,4,0,0.2240101926936385,0.09517437853277874,0.04008555723434935,0.02768124460129625,0.023827458098267956
L330523,Doxorubicin,4,0,0.2891002187573746,0.13760578088210432,0.04008555723434935,0.039579421979879716,0.036129127981324664
L330523,Trametinib,4,0,0.191021945485207,0.07620727108441683,0.04008555723434935,0.022476126017285086,0.018701577961509765
L331210,Acid,0,1,0.4736194759800148,0.7482649109673973,0.24301634612941458,0.4536375341654528,0.666356969969243
L331210,Cisplatin,0,1,0.18583642087064267,0.35856622455751413,0.24301634612941458,0.15917030622873019,0.2655241941199553
L331210,CoCl2,0,1,0.22867007436383363,0.43430744994827547,0.24301634612941458,0.19982744577270137,0.3331300615282987
L331210,Dabrafenib,0,0,0.24473499838108828,0.4612187815526942,0.24301634612941458,0.21547672681244767,0.35829564401200503
L331210,Doxorubicin,0,0,0.2866788719209133,0.5269995837434208,0.24301634612941458,0.2573243781349237,0.42284810535833967
L331210,Trametinib,0,0,0.20368386704128424,0.390857654461869,0.24301634612941458,0.1759170289550262,0.2937246724724077
L331535,Acid,2,1,0.4723002644704608,0.6038122237619251,0.37878596692911215,0.6270497722117244,0.709520691430516
L331535,Cisplatin,2,0,0.20261025237344546,0.24665161315588735,0.37878596692911215,0.29689574345790354,0.3409200670679994
L331535,CoCl2,2,1,0.22668291955083833,0.28062828906711407,0.37878596692911215,0.3296831533660589,0.38173626783467834
L331535,Dabrafenib,2,0,0.22668291955083833,0.2806282890671142,0.37878596692911215,0.32968315336605913,0.38173626783467834
L331535,Doxorubicin,2,0,0.2819646373115759,0.3585577383085783,0.37878596692911215,0.4026459629991517,0.4708959431690538
L331535,Trametinib,2,0,0.19458603455920903,0.23535659705343095,0.37878596692911215,0.2858350409860884,0.32710505471554746
L331640,Acid,1,0,0.47587273821028014,0.2846492613888907,0.16073317588370964,0.3260762316205196,0.2839496814481553
L331640,Cisplatin,1,0,0.19458719593808257,0.07572901961696576,0.16073317588370964,0.10305979390348897,0.0702524702775542
L331640,CoCl2,1,0,0.23560044533301658,0.09909531796825004,0.16073317588370964,0.12962648474573651,0.09282943031762925
L331640,Dabrafenib,1,0,0.23203384804524899,0.0969560750019377,0.16073317588370964,0.12723677636290762,0.09074750993269529
L331640,Doxorubicin,1,0,0.29979943088858513,0.14103226746692055,0.16073317588370964,0.17537486280166512,0.13431561670867326
L331640,Trametinib,1,0,0.19726215106258552,0.07717572323658099,0.16073317588370964,0.10473237854404988,0.07163485934288896
L33167,Acid,0,0,0.4736194759800148,0.2913335192140022,0.3239401180072751,0.5584191003422682,0.34958539186222876
L33167,Cisplatin,0,0,0.18583642087064267,0.07176496068223485,0.3239401180072751,0.22379577120483124,0.08866323952794136
L33167,CoCl2,0,0,0.22867007436383363,0.09599020016883097,0.3239401180072751,0.2755506193724566,0.11850354833131947
L33167,Dabrafenib,0,1,0.24473499838108828,0.10586111354471528,0.3239401180072751,0.29494421313383934,0.130631664475636
L33167,Doxorubicin,0,1,0.2866788719209133,0.13351944255669992,0.3239401180072751,0.34542982702594177,0.1646940596328449
L33167,Trametinib,0,0,0.20368386704128424,0.08151005317126969,0.3239401180072751,0.24535780868139856,0.10065405491787457
L331971,Acid,4,0,0.4785299066468458,0.5848915139737458,0.26875390923363596,0.49793736565310726,0.5761794509955227
L331971,Cisplatin,4,0,0.19815483583226198,0.22357011985481173,0.26875390923363596,0.19313346965584063,0.21049251068320943
L331971,CoCl2,4,0,0.22936006970462597,0.26504023076108213,0.26875390923363596,0.22588891683027004,0.25117124522941464
L331971,Dabrafenib,4,0,0.2240101926936385,0.2578908613459247,0.26875390923363596,0.22023029869216618,0.24411560491640194
L331971,Doxorubicin,4,0,0.2891002187573746,0.34519049595410295,0.26875390923363596,0.2901906751461665,0.33152323704473247
L331971,Trametinib,4,0,0.191021945485207,0.2141718800980559,0.26875390923363596,0.18573495289352732,0.20137630903189027
L33701,Acid,3,1,0.47049894201675735,0.9157823817754565,0.3671564033317879,0.6151072839922664,0.9299837782616911
L33701,Cisplatin,3,1,0.1901270509498604,0.6922209930227122,0.3671564033317879,0.27500179453286494,0.7187928965754027
L33701,CoCl2,3,1,0.2186598922625351,0.7350933027589713,0.3671564033317879,0.31364838982563575,0.760361068817438
L33701,Dabrafenib,3,1,0.2186598922625351,0.735093302758972,0.3671564033317879,0.31364838982563575,0.7603610688174379
L33701,Doxorubicin,3,1,0.2882083795228566,0.8124921741915766,0.3671564033317879,0.40485531952223514,0.8343503965546298
L33701,Trametinib,3,1,0.19191054568686872,0.6951492069635244,0.3671564033317879,0.27743654542420426,0.7216369308769337
L34148,Acid,2,1,0.4723002644704608,0.41824820551231073,0.4025258811941341,0.6508688851921286,0.5404095969124585
L34148,Cisplatin,2,0,0.20261025237344546,0.13378550711129356,0.4025258811941341,0.3188972107348313,0.19936587080710533
L34148,CoCl2,2,1,0.22668291955083833,0.15542226908653953,0.4025258811941341,0.3528948366150347,0.22912637218039406
L34148,Dabrafenib,2,1,0.22668291955083833,0.15542226908653958,0.4025258811941341,0.35289483661503485,0.22912637218039406
L34148,Doxorubicin,2,0,0.2819646373115759,0.20866797340549004,0.4025258811941341,0.4277168291758053,0.29993370142413095
L34148,Trametinib,2,1,0.19458603455920903,0.1267891472075863,0.4025258811941341,0.3073751815356465,0.18963655949103136
L34649,Acid,3,0,0.47049894201675735,0.2800284500633928,0.355251839675771,0.6011421767186595,0.35866139152945764
L34649,Cisplatin,3,0,0.1901270509498604,0.07445610040842693,0.355251839675771,0.26347257950232833,0.0971643058884808
L34649,CoCl2,3,0,0.2186598922625351,0.09029195479406704,0.355251839675771,0.3011720083229618,0.11784901670266681
L34649,Dabrafenib,3,0,0.2186598922625351,0.09029195479406729,0.355251839675771,0.30117200832296187,0.11784901670266681
L34649,Doxorubicin,3,1,0.2882083795228566,0.13418992647207914,0.355251839675771,0.39081674212999296,0.17496493683170844
L34649,Trametinib,3,0,0.19191054568686872,0.07541135591620717,0.355251839675771,0.2658426843986925,0.09840949558639092
L34984,Acid,1,1,0.47587273821028014,0.4158230698941236,0.44337270705366677,0.6845613735115764,0.507376938874899
L34984,Cisplatin,1,0,0.19458719593808257,0.12783116011857792,0.44337270705366677,0.3400929830868469,0.16405592899104754
L34984,CoCl2,1,0,0.23560044533301658,0.16441393610034288,0.44337270705366677,0.40048003738641597,0.20997046200952316
L34984,Dabrafenib,1,0,0.23203384804524899,0.16111678970316778,0.44337270705366677,0.39536523673957275,0.20585753924279332
L34984,Doxorubicin,1,0,0.29979943088858513,0.2270276463322885,0.44337270705366677,0.4882013974848971,0.2872322077465739
L34984,Trametinib,1,0,0.19726215106258552,0.1301330671248022,0.44337270705366677,0.3441364798879743,0.16695268199673036
L35089,Acid,1,1,0.47587273821028014,0.2846492613888907,0.1374911246938946,0.28530848620088567,0.3084959764944216
L35089,Cisplatin,1,0,0.19458719593808257,0.07572901961696576,0.1374911246938946,0.08659209332452539,0.0783467648359381
L35089,CoCl2,1,0,0.23560044533301658,0.09909531796825004,0.1374911246938946,0.10943166796456053,0.10323614465961109
L35089,Dabrafenib,1,0,0.23203384804524899,0.0969560750019377,0.1374911246938946,0.10736833158837004,0.10094680041489239
L35089,Doxorubicin,1,1,0.29979943088858513,0.14103226746692055,0.1374911246938946,0.1492751710559492,0.1486112782118402
L35089,Trametinib,1,0,0.19726215106258552,0.07717572323658099,0.1374911246938946,0.08802364744930369,0.07987474558998012
L35389,Acid,4,1,0.4785299066468458,0.9506265137485561,0.35344041125686204,0.6017772827403041,0.943576682711889
L35389,Cisplatin,4,1,0.19815483583226198,0.7973542969768891,0.35344041125686204,0.26724409123449777,0.7663342690366036
L35389,CoCl2,4,1,0.22936006970462597,0.8313025693076928,0.35344041125686204,0.3077742730918364,0.8049164793919321
L35389,Dabrafenib,4,0,0.2240101926936385,0.8260462582867951,0.35344041125686204,0.30086162315550274,0.798900976850497
L35389,Doxorubicin,4,1,0.2891002187573746,0.8781014799660198,0.35344041125686204,0.38382799969437015,0.859166256234233
L35389,Trametinib,4,0,0.191021945485207,0.7883256044737587,0.35344041125686204,0.25791404816536007,0.7562025657362161
L35441,Acid,1,1,0.47587273821028014,0.5869434204909911,0.33287602627596496,0.5704005213856403,0.5431528416923197
L35441,Cisplatin,1,0,0.19458719593808257,0.22635915760279168,0.33287602627596496,0.23972120571379812,0.18470013810441535
L35441,CoCl2,1,0,0.23560044533301658,0.2820211157045985,0.33287602627596496,0.2901214923019532,0.23476975397061123
L35441,Dabrafenib,1,0,0.23203384804524899,0.2771477470323866,0.33287602627596496,0.2857443738639042,0.23031267413447346
L35441,Doxorubicin,1,0,0.29979943088858513,0.3696115580528577,0.33287602627596496,0.3685291689644721,0.3174895909774808
L35441,Trametinib,1,0,0.19726215106258552,0.229967480200267,0.33287602627596496,0.24301079815170518,0.18787948245413238
L35478,Acid,0,1,0.4736194759800148,0.5961250264503143,0.35469856602643174,0.5936837626352759,0.5400818680400277
L35478,Cisplatin,0,0,0.18583642087064267,0.2172733507426099,0.35469856602643174,0.24988696060522309,0.1752982892614282
L35478,CoCl2,0,0,0.22867007436383363,0.27601154513043263,0.35469856602643174,0.30530236803677446,0.2270325260670158
L35478,Dabrafenib,0,0,0.24473499838108828,0.29828628662656453,0.35469856602643174,0.3258480880077534,0.24715366665657598
L35478,Doxorubicin,0,0,0.2866788719209133,0.35619186526182717,0.35469856602643174,0.37878163691228145,0.3010770935681008
L35478,Trametinib,0,0,0.20368386704128424,0.24163375891518216,0.35469856602643174,0.27307841564498486,0.1964796044679161
L3550,Acid,3,1,0.47049894201675735,0.4992907486881012,0.3932827125440658,0.641760437014042,0.5764556570363991
L3550,Cisplatin,3,0,0.1901270509498604,0.17098131903411887,0.3932827125440658,0.298340986322019,0.20755641539002104
L3550,CoCl2,3,0,0.2186598922625351,0.20284744602679858,0.3932827125440658,0.33873504418918077,0.24535525703975394
L3550,Dabrafenib,3,1,0.2186598922625351,0.20284744602679902,0.3932827125440658,0.33873504418918077,0.2453552570397539
L3550,Doxorubicin,3,1,0.2882083795228566,0.2843620918120689,0.3932827125440658,0.43263861760513267,0.34042041633634845
L3550,Trametinib,3,1,0.19191054568686872,0.17294356983228507,0.3932827125440658,0.3008966125761357,0.20988742772253158
L35837,Acid,1,1,0.47587273821028014,0.2838807297763159,0.4310845606971285,0.6734302639354832,0.3801036217901278
L35837,Cisplatin,1,0,0.19458719593808257,0.07546505119145054,0.4310845606971285,0.32872593566436875,0.10461445802740361
L35837,CoCl2,1,0,0.23560044533301658,0.09875860442751293,0.4310845606971285,0.38828222052331046,0.1366117166939664
L35837,Dabrafenib,1,0,0.23203384804524899,0.0966258507238606,0.4310845606971285,0.3832236249427864,0.13369258347920962
L35837,Doxorubicin,1,0,0.29979943088858513,0.14057529225993384,0.4310845606971285,0.47545065424876887,0.19349115872136677
L35837,Trametinib,1,0,0.19726215106258552,0.07690713164142415,0.4310845606971285,0.3327024218276352,0.1065954819460896
L36038,Acid,0,0,0.4736194759800148,0.28466937869202136,0.22145949943023635,0.4219580445994524,0.33997689164141653
L36038,Cisplatin,0,0,0.18583642087064267,0.06962987611271007,0.22145949943023635,0.14268440829163206,0.08528592003771386
L36038,CoCl2,0,0,0.22867007436383363,0.09320675900005541,0.22145949943023635,0.18003215937014175,0.11413191632903266
L36038,Dabrafenib,0,1,0.24473499838108828,0.10282400034002308,0.22145949943023635,0.19450803110746828,0.12587651210787018
L36038,Doxorubicin,0,0,0.2866788719209133,0.1298040178991264,0.22145949943023635,0.23349539368567973,0.15892565779757395
L36038,Trametinib,0,0,0.20368386704128424,0.07910975095779173,0.22145949943023635,0.15802258715065326,0.09686853587490607
L36415,Acid,3,1,0.47049894201675735,0.6593276862239182,0.27438000519247185,0.5037621933712985,0.6140388253859468
L36415,Cisplatin,3,0,0.1901270509498604,0.28586511671885145,0.27438000519247185,0.19416439488418097,0.23439889175930656
L36415,CoCl2,3,0,0.2186598922625351,0.3306038371802819,0.27438000519247185,0.22497596426688957,0.275387319726611
L36415,Dabrafenib,3,0,0.2186598922625351,0.33060383718028263,0.27438000519247185,0.22497596426688965,0.275387319726611
L36415,Doxorubicin,3,0,0.2882083795228566,0.43541549875501123,0.27438000519247185,0.3017332648275448,0.37628655076146095
L36415,Trametinib,3,0,0.19191054568686872,0.28868669953066095,0.27438000519247185,0.19607700767893846,0.23694122795480513
L36448,Acid,2,0,0.4723002644704608,0.41824820551231073,0.21042642591226657,0.41278504762969226,0.3638909364674512
L36448,Cisplatin,2,0,0.20261025237344546,0.13378550711129356,0.21042642591226657,0.15005509117548765,0.10805443988253423
L36448,CoCl2,2,0,0.22668291955083833,0.15542226908653953,0.21042642591226657,0.1705600402103443,0.12633517715937467
L36448,Dabrafenib,2,0,0.22668291955083833,0.15542226908653958,0.21042642591226657,0.1705600402103444,0.12633517715937467
L36448,Doxorubicin,2,0,0.2819646373115759,0.20866797340549004,0.21042642591226657,0.21985746549299406,0.17248440556536243
L36448,Trametinib,2,0,0.19458603455920903,0.1267891472075863,0.21042642591226657,0.14334953832465464,0.10221235737460457
L36461,Acid,3,0,0.47049894201675735,0.28393797583778135,0.28261730297405385,0.5150190618969649,0.2915381657237917
L36461,Cisplatin,3,0,0.1901270509498604,0.07579774841898737,0.28261730297405385,0.20130961159151803,0.07338058051747655
L36461,CoCl2,3,0,0.2186598922625351,0.09189062358779186,0.28261730297405385,0.23292729837867804,0.08950406605149722
L36461,Dabrafenib,3,0,0.2186598922625351,0.09189062358779211,0.28261730297405385,0.23292729837867804,0.08950406605149722
L36461,Doxorubicin,3,0,0.2882083795228566,0.13644925330968105,0.28261730297405385,0.3113077567446086,0.13498458588549517
L36461,Trametinib,3,0,0.19191054568686872,0.07676878924958747,0.28261730297405385,0.20327485364532044,0.07434607373668804
L36541,Acid,3,1,0.47049894201675735,0.5626436733180362,0.35127768877655596,0.5975205079043836,0.5792966851590302
L36541,Cisplatin,3,0,0.1901270509498604,0.21016135051477408,0.35127768877655596,0.26055630560337834,0.20947854874054642
L36541,CoCl2,3,1,0.2186598922625351,0.24715259853498056,0.35127768877655596,0.29800729056185116,0.24751810065378685
L36541,Dabrafenib,3,1,0.2186598922625351,0.24715259853498114,0.35127768877655596,0.29800729056185116,0.24751810065378674
L36541,Doxorubicin,3,1,0.2882083795228566,0.3389021017609692,0.35127768877655596,0.3872320075118072,0.3430403361376501
L36541,Trametinib,3,1,0.19191054568686872,0.21245801352685967,0.35127768877655596,0.2629095411002186,0.2118253777127038
L36694,Acid,2,0,0.4723002644704608,0.2807695161874157,0.10543186476672169,0.2292238284421714,0.177295042292527
L36694,Cisplatin,2,0,0.20261025237344546,0.07737396318390978,0.10543186476672169,0.06949942834768645,0.0436451658405681
L36694,CoCl2,2,0,0.22668291955083833,0.09084424576363263,0.10543186476672169,0.08003301996050363,0.05166021809832149
L36694,Dabrafenib,2,0,0.22668291955083833,0.09084424576363272,0.10543186476672169,0.08003301996050373,0.05166021809832149
L36694,Doxorubicin,2,0,0.2819646373115759,0.1252471706812583,0.10543186476672169,0.10652560320274003,0.07280443212019674
L36694,Trametinib,2,0,0.19458603455920903,0.07307878074846619,0.10543186476672169,0.06611367395646069,0.04112488090140834
L3698,Acid,0,0,0.4736194759800148,0.5836641772922005,0.33457235935088175,0.5710582061854179,0.5677136731864572
L3698,Cisplatin,0,0,0.18583642087064267,0.20864064964762216,0.33457235935088175,0.23285491401259417,0.19206062796175533
L3698,CoCl2,0,0,0.22867007436383363,0.2658376831605884,0.33457235935088175,0.2859330266403199,0.24725862063067494
L3698,Dabrafenib,0,0,0.24473499838108828,0.28761754977470416,0.33457235935088175,0.30574894884028714,0.2685495456656457
L3698,Doxorubicin,0,0,0.2866788719209133,0.3444687262158307,0.33457235935088175,0.35714716935208324,0.325125103912862
L3698,Trametinib,0,0,0.20368386704128424,0.23232044833009902,0.33457235935088175,0.2550030281534884,0.21473995611457722
L36981,Acid,3,0,0.47049894201675735,0.2800284500633928,0.23511811850492678,0.4500813049523507,0.3848408341220115
L36981,Cisplatin,3,0,0.1901270509498604,0.07445610040842693,0.23511811850492678,0.1626603068828617,0.10745454255953943
L36981,CoCl2,3,0,0.2186598922625351,0.09029195479406704,0.23511811850492678,0.18964911782668,0.1300144137435391
L36981,Dabrafenib,3,1,0.2186598922625351,0.09029195479406729,0.23511811850492678,0.18964911782668,0.13001441374353903
L36981,Doxorubicin,3,0,0.2882083795228566,0.13418992647207914,0.23511811850492678,0.25837168106470637,0.19174477666607223
L36981,Trametinib,3,0,0.19191054568686872,0.07541135591620717,0.23511811850492678,0.16432587177409774,0.10881571058497111
L37950,Acid,1,1,0.47587273821028014,0.5630410643353265,0.31111502891317144,0.5444096546056982,0.586376068539141
L37950,Cisplatin,1,0,0.19458719593808257,0.20968663773582571,0.31111502891317144,0.22104515372540995,0.21267766139088626
L37950,CoCl2,1,0,0.23560044533301658,0.2626406289661105,0.31111502891317144,0.2689076930953785,0.26784001379034766
L37950,Dabrafenib,1,0,0.23203384804524899,0.2579818237250687,0.31111502891317144,0.2647312742542291,0.26297085369028755
L37950,Doxorubicin,1,0,0.29979943088858513,0.34712197283306423,0.31111502891317144,0.34436335520490857,0.3567793139089015
L37950,Trametinib,1,0,0.19726215106258552,0.21310239657719668,0.31111502891317144,0.22415402304479107,0.2162108837493147
L37973,Acid,4,1,0.4785299066468458,0.8765644731151465,0.3518498701840054,0.5998369388141496,0.898338293740231
L37973,Cisplatin,4,0,0.19815483583226198,0.5920444676917834,0.3518498701840054,0.2656628083659993,0.6340956262356998
L37973,CoCl2,4,1,0.22936006970462597,0.6450774223993132,0.3518498701840054,0.30605333861681766,0.6855532921393627
L37973,Dabrafenib,4,1,0.2240101926936385,0.6365554894473524,0.3518498701840054,0.2991626364865094,0.6773326182467653
L37973,Doxorubicin,4,1,0.2891002187573746,0.7265437131327903,0.3518498701840054,0.38191643156692584,0.7632323564209047
L37973,Trametinib,4,0,0.191021945485207,0.5787015951649952,0.3518498701840054,0.25636865632548506,0.6210653332251803
L38608,Acid,4,0,0.4785299066468458,0.2968821351175162,0.2428488349183868,0.4622513304174226,0.24034691578392497
L38608,Cisplatin,4,0,0.19815483583226198,0.07943437728876447,0.2428488349183868,0.17181635452534658,0.05842298401793111
L38608,CoCl2,4,0,0.22936006970462597,0.09752696145749848,0.2428488349183868,0.201860910242793,0.07240882596864671
L38608,Dabrafenib,4,0,0.2240101926936385,0.09431633792632509,0.2428488349183868,0.1966512976106172,0.06990600675577179
L38608,Doxorubicin,4,0,0.2891002187573746,0.13642287806611342,0.2428488349183868,0.261634564971145,0.10347545302206268
L38608,Trametinib,4,0,0.191021945485207,0.07550595825322452,0.2428488349183868,0.16506738835285595,0.05543035553180608
L38872,Acid,3,0,0.47049894201675735,0.2940412912595201,0.16591273932788095,0.3412616379751253,0.2685858658997771
L38872,Cisplatin,3,1,0.1901270509498604,0.07931520225948777,0.16591273932788095,0.10949589993979505,0.06600334057529655
L38872,CoCl2,3,0,0.2186598922625351,0.09607724459137335,0.16591273932788095,0.12902281736208698,0.08064694600151863
L38872,Dabrafenib,3,0,0.2186598922625351,0.09607724459137361,0.16591273932788095,0.12902281736208698,0.08064694600151863
L38872,Doxorubicin,3,0,0.2882083795228566,0.14234777946445465,0.16591273932788095,0.18067458240397993,0.1222310134351256
L38872,Trametinib,3,0,0.19191054568686872,0.08032738842690436,0.16591273932788095,0.11068904847189628,0.06687877460068002
L39024,Acid,3,1,0.47049894201675735,0.41162743156168125,0.19368846926514377,0.3880467007697555,0.46174787254324495
L39024,Cisplatin,3,1,0.1901270509498604,0.12640861625122612,0.19368846926514377,0.1308170449388646,0.14169697504069248
L39024,CoCl2,3,1,0.2186598922625351,0.15148558729236597,0.19368846926514377,0.153490882409245,0.170076076535257
L39024,Dabrafenib,3,1,0.2186598922625351,0.15148558729236636,0.19368846926514377,0.153490882409245,0.17007607653525691
L39024,Doxorubicin,3,1,0.2882083795228566,0.21800495045802287,0.19368846926514377,0.21254757554563727,0.2454608786170867
L39024,Trametinib,3,0,0.19191054568686872,0.12793827519936513,0.19368846926514377,0.13220803162836414,0.14342220435400158
L39199,Acid,2,0,0.4723002644704608,0.28798107904013687,0.08698436243321704,0.1923250406995643,0.16556460500205528
L39199,Cisplatin,2,0,0.20261025237344546,0.07994198058564067,0.08698436243321704,0.05642955803385427,0.04032403750577144
L39199,CoCl2,2,0,0.22668291955083833,0.0938138784504659,0.08698436243321704,0.06512086562795741,0.047759651406752326
L39199,Dabrafenib,2,0,0.22668291955083833,0.09381387845046599,0.08698436243321704,0.06512086562795745,0.047759651406752326
L39199,Doxorubicin,2,0,0.2819646373115759,0.12918161513286344,0.08698436243321704,0.0871448071896081,0.06742088651812812
L39199,Trametinib,2,0,0.19458603455920903,0.07551591043043948,0.08698436243321704,0.053643812285372836,0.03798791300026318
L40253,Acid,2,0,0.4723002644704608,0.39649715616030917,0.2713337611531228,0.49987820657549514,0.40331723680860215
L40253,Cisplatin,2,0,0.20261025237344546,0.1236828129632373,0.2713337611531228,0.20065714433827744,0.1252182470649314
L40253,CoCl2,2,0,0.22668291955083833,0.1439572306507918,0.2713337611531228,0.2262362873815663,0.14592769399023187
L40253,Dabrafenib,2,0,0.22668291955083833,0.14395723065079188,0.2713337611531228,0.22623628738156645,0.14592769399023184
L40253,Doxorubicin,2,0,0.2819646373115759,0.19417819921724852,0.2713337611531228,0.28607571253067987,0.19761506571537807
L40253,Trametinib,2,0,0.19458603455920903,0.1171433286036891,0.2713337611531228,0.19220167385787754,0.11857154622317072
L40282,Acid,0,0,0.4736194759800148,0.4071129074576573,0.3175650981676126,0.5509294013039594,0.4320373672189656
L40282,Cisplatin,0,0,0.18583642087064267,0.11436743547907993,0.3175650981676126,0.21857265170267728,0.12102615020366783
L40282,CoCl2,0,0,0.22867007436383363,0.15063987301675968,0.3175650981676126,0.2695390498315886,0.15984800075224814
L40282,Dabrafenib,0,0,0.24473499838108828,0.16510418188569034,0.3175650981676126,0.288678139191094,0.1753656806418933
L40282,Doxorubicin,0,0,0.2866788719209133,0.20469742880520056,0.3175650981676126,0.33860629281129806,0.21816537406480876
L40282,Trametinib,0,0,0.20368386704128424,0.12909304394549506,0.3175650981676126,0.23978691713851633,0.13673703588015493
L40593,Acid,1,1,0.47587273821028014,0.4006161480198365,0.20101892408705335,0.39207855440778133,0.30908651847931135
L40593,Cisplatin,1,0,0.19458719593808257,0.12097524340804745,0.20101892408705335,0.13281703209038417,0.07854678416502375
L40593,CoCl2,1,0,0.23560044533301658,0.15594680782634118,0.20101892408705335,0.16563795842267162,0.10349257138023767
L40593,Dabrafenib,1,0,0.23203384804524899,0.15278841257359338,0.20101892408705335,0.1627084733417861,0.10119818237513398
L40593,Doxorubicin,1,0,0.29979943088858513,0.2161701867667327,0.20101892408705335,0.22087048542048104,0.14896168982305355
L40593,Trametinib,1,1,0.19726215106258552,0.12317112828998084,0.20101892408705335,0.13489992086688654,0.08007832691983469
L40629,Acid,4,1,0.4785299066468458,0.9518164852891464,0.35532465442404776,0.60373900331365,0.9563489243501022
L40629,Cisplatin,4,1,0.19815483583226198,0.8014668596281845,0.35532465442404776,0.2688515273400622,0.8112000388216045
L40629,CoCl2,4,1,0.22936006970462597,0.834868856283413,0.35532465442404776,0.309522516362887,0.8438833133168689
L40629,Dabrafenib,4,1,0.2240101926936385,0.8297009007425692,0.35532465442404776,0.3025877646266482,0.8388287804345467
L40629,Doxorubicin,4,1,0.2891002187573746,0.8808202676305383,0.35532465442404776,0.385767498319199,0.8887940984500312
L40629,Trametinib,4,1,0.191021945485207,0.7925737321574754,0.35532465442404776,0.25948523831835124,0.8025123764985396
L40787,Acid,0,0,0.4736194759800148,0.2913335192140022,0.15010957680335701,0.30676125749314204,0.2275098663515605
L40787,Cisplatin,0,0,0.18583642087064267,0.07176496068223485,0.15010957680335701,0.09164316101063652,0.05061191698356509
L40787,CoCl2,0,0,0.22867007436383363,0.09599020016883097,0.15010957680335701,0.11746130013500877,0.06860988846002351
L40787,Dabrafenib,0,1,0.24473499838108828,0.10586111354471528,0.15010957680335701,0.127689502770589,0.0760723627214262
L40787,Doxorubicin,0,0,0.2866788719209133,0.13351944255669992,0.15010957680335701,0.15587549035997847,0.09750390324849054
L40787,Trametinib,0,0,0.20368386704128424,0.08151005317126969,0.15010957680335701,0.10214829295443179,0.057782955969358486
L40894,Acid,1,1,0.47587273821028014,0.2838807297763159,0.2732668836783528,0.4961292504847185,0.3033301191985142
L40894,Cisplatin,1,0,0.19458719593808257,0.07546505119145054,0.2732668836783528,0.18951304937564695,0.0766078708643121
L40894,CoCl2,1,0,0.23560044533301658,0.09875860442751293,0.2732668836783528,0.23258663287190393,0.10100537495279369
L40894,Dabrafenib,1,0,0.23203384804524899,0.0966258507238606,0.2732668836783528,0.22879777993972317,0.09876005181191357
L40894,Doxorubicin,1,0,0.29979943088858513,0.14057529225993384,0.2732668836783528,0.30206143752310166,0.14555917210858316
L40894,Trametinib,1,0,0.19726215106258552,0.07690713164142415,0.2732668836783528,0.19228791309288945,0.07810481228508705
L40917,Acid,3,1,0.47049894201675735,0.2800284500633928,0.3347971662954904,0.5790504226492436,0.3601419141143553
L40917,Cisplatin,3,0,0.1901270509498604,0.07445610040842693,0.3347971662954904,0.24613240672397466,0.09772988071724971
L40917,CoCl2,3,0,0.2186598922625351,0.09029195479406704,0.3347971662954904,0.28230167996927463,0.11851918761130459
L40917,Dabrafenib,3,1,0.2186598922625351,0.09029195479406729,0.3347971662954904,0.28230167996927463,0.11851918761130453
L40917,Doxorubicin,3,0,0.2882083795228566,0.13418992647207914,0.3347971662954904,0.36929782508961567,0.1758951451997729
L40917,Trametinib,3,0,0.19191054568686872,0.07541135591620717,0.3347971662954904,0.2483991330264641,0.09898152379736781
L41113,Acid,3,1,0.47049894201675735,0.702931999214953,0.32224615070377804,0.5648843053424145,0.755947820823464
L41113,Cisplatin,3,0,0.1901270509498604,0.3285937317689471,0.32224615070377804,0.2355533812077852,0.37346788081435195
L41113,CoCl2,3,0,0.2186598922625351,0.37649411716057835,0.32224615070377804,0.27072634168894605,0.4252666493452031
L41113,Dabrafenib,3,0,0.2186598922625351,0.3764941171605791,0.32224615070377804,0.27072634168894605,0.42526664934520303
L41113,Doxorubicin,3,1,0.2882083795228566,0.48530677330823396,0.32224615070377804,0.3559243795728965,0.5401456042536426
L41113,Trametinib,3,0,0.19191054568686872,0.3316412032623658,0.32224615070377804,0.23775340738154954,0.376776270631419
L4121,Acid,4,0,0.4785299066468458,0.28113031182063863,0.2661111959529783,0.4948028338308119,0.24713546691488703
L4121,Cisplatin,4,0,0.19815483583226198,0.0740054563390073,0.2661111959529783,0.19118702206773233,0.06048224044830438
L4121,CoCl2,4,0,0.22936006970462597,0.09098371995446658,0.2661111959529783,0.22370387678673528,0.07492182108341776
L4121,Dabrafenib,4,0,0.2240101926936385,0.08796750590531295,0.2661111959529783,0.21808457444495546,0.0723389139087042
L4121,Doxorubicin,4,0,0.2891002187573746,0.12763912778414688,0.2661111959529783,0.28761473694486905,0.10694233088925559
L4121,Trametinib,4,0,0.191021945485207,0.07032501345783615,0.2661111959529783,0.18384607983988416,0.05739055899013477
L41388,Acid,3,0,0.47049894201675735,0.2800284500633928,0.30336099011661455,0.5422911576257652,0.2491902825383122
L41388,Cisplatin,3,0,0.1901270509498604,0.07445610040842693,0.30336099011661455,0.21948778007973346,0.060036191941212264
L41388,CoCl2,3,0,0.2186598922625351,0.09029195479406704,0.30336099011661455,0.25305593578181107,0.073460041292482
L41388,Dabrafenib,3,0,0.2186598922625351,0.09029195479406729,0.30336099011661455,0.253055935781811,0.073460041292482
L41388,Doxorubicin,3,0,0.2882083795228566,0.13418992647207914,0.30336099011661455,0.3352494335953688,0.11178892410969962
L41388,Trametinib,3,0,0.19191054568686872,0.07541135591620717,0.30336099011661455,0.22158124962790415,0.060837636076064246
L41699,Acid,3,1,0.47049894201675735,0.2800284500633928,0.38703546601256095,0.6364522864870317,0.3761605428514781
L41699,Cisplatin,3,0,0.1901270509498604,0.07445610040842693,0.38703546601256095,0.2935457964665073,0.10397336632724416
L41699,CoCl2,3,0,0.2186598922625351,0.09029195479406704,0.38703546601256095,0.3335992873372309,0.12590546980674366
L41699,Dabrafenib,3,0,0.2186598922625351,0.09029195479406729,0.38703546601256095,0.3335992873372309,0.12590546980674366
L41699,Doxorubicin,3,0,0.2882083795228566,0.13418992647207914,0.38703546601256095,0.42699847700297155,0.18610224894090255
L41699,Trametinib,3,0,0.19191054568686872,0.07541135591620717,0.38703546601256095,0.29607767936607465,0.10529563922568534
L41780,Acid,4,1,0.4785299066468458,0.8016487610486213,0.31900535915141515,0.5618504428327118,0.8192109789347233
L41780,Cisplatin,4,0,0.19815483583226198,0.45233603396707783,0.31900535915141515,0.23634007787011066,0.4705198973971145
L41780,CoCl2,4,0,0.22936006970462597,0.5084518313500017,0.31900535915141515,0.2739355260400729,0.527852771260474
L41780,Dabrafenib,4,1,0.2240101926936385,0.499196209978845,0.31900535915141515,0.26748921150732263,0.5184055205552913
L41780,Doxorubicin,4,1,0.2891002187573746,0.6019260358807578,0.31900535915141515,0.3458046031318225,0.6230697174901676
L41780,Trametinib,4,0,0.191021945485207,0.4387554476758247,0.31900535915141515,0.22775360922994609,0.45665591419318635
L41799,Acid,1,0,0.47587273821028014,0.29525690538904675,0.19411237848960683,0.3812107777998588,0.21905299133007092
L41799,Cisplatin,1,0,0.19458719593808257,0.07941543330523236,0.19411237848960683,0.12762686994926808,0.05073568194043866
L41799,CoCl2,1,0,0.23560044533301658,0.10379144962857745,0.19411237848960683,0.1594009889641673,0.06749588101957969
L41799,Dabrafenib,1,1,0.23203384804524899,0.10156225664285312,0.19411237848960683,0.1565611130957116,0.06594082659325315
L41799,Doxorubicin,1,0,0.29979943088858513,0.14739064960258655,0.19411237848960683,0.21308491512967342,0.09889454263237644
L41799,Trametinib,1,0,0.19726215106258552,0.08092639490158116,0.19411237848960683,0.12964053268282702,0.05175540852521838
L4181,Acid,1,1,0.47587273821028014,0.2838807297763159,0.3136736863896866,0.5477292628017378,0.3547793005197655
L4181,Cisplatin,1,0,0.19458719593808257,0.07546505119145054,0.3136736863896866,0.22335968710344367,0.09483654349831501
L4181,CoCl2,1,0,0.23560044533301658,0.09875860442751293,0.3136736863896866,0.2715486802100149,0.12425817296872496
L4181,Dabrafenib,1,0,0.23203384804524899,0.0966258507238606,0.3136736863896866,0.2673462432961028,0.12156584408198391
L4181,Doxorubicin,1,0,0.29979943088858513,0.14057529225993384,0.3136736863896866,0.34739327405381876,0.177048853916739
L4181,Trametinib,1,0,0.19726215106258552,0.07690713164142415,0.3136736863896866,0.2264916438740144,0.0966523956265922
L42496,Acid,4,1,0.4785299066468458,0.4304619877675255,0.29115932453748244,0.5278195606694958,0.47448742471523997
L42496,Cisplatin,4,1,0.19815483583226198,0.1337925194938859,0.29115932453748244,0.21246460715010337,0.150433220849251
L42496,CoCl2,4,0,0.22936006970462597,0.16208617480984608,0.29115932453748244,0.2474929716163745,0.1821835244699282
L42496,Dabrafenib,4,1,0.2240101926936385,0.15712025447287833,0.29115932453748244,0.24146197149896267,0.17660876060737593
L42496,Doxorubicin,4,0,0.2891002187573746,0.22044054734118898,0.29115932453748244,0.31543859762212356,0.2477680370712696
L42496,Trametinib,4,1,0.191021945485207,0.12754829624126757,0.29115932453748244,0.20451325720490873,0.14344552768021931
L42533,Acid,3,1,0.47049894201675735,0.4146843208666432,0.34561330235979043,0.590986715538366,0.4071713313396875
L42533,Cisplatin,3,1,0.1901270509498604,0.1278074763493444,0.34561330235979043,0.25536928907996803,0.11674419209567383
L42533,CoCl2,3,0,0.2186598922625351,0.15311331540748604,0.34561330235979043,0.2923695053145048,0.14094641828358423
L42533,Dabrafenib,3,0,0.2186598922625351,0.15311331540748646,0.34561330235979043,0.2923695053145048,0.14094641828358423
L42533,Doxorubicin,3,1,0.2882083795228566,0.22016197956804173,0.34561330235979043,0.3808219503959059,0.20663444189342028
L42533,Trametinib,3,0,0.19191054568686872,0.12935155634413809,0.34561330235979043,0.25769200351964805,0.11820745090091048
L42561,Acid,2,1,0.4723002644704608,0.2807695161874157,0.058517947076112395,0.13216941468348975,0.1393570719259193
L42561,Cisplatin,2,0,0.20261025237344546,0.07737396318390978,0.058517947076112395,0.03684064852424477,0.03315340903654943
L42561,CoCl2,2,0,0.22668291955083833,0.09084424576363263,0.058517947076112395,0.04265124143374306,0.03932096002150807
L42561,Dabrafenib,2,0,0.22668291955083833,0.09084424576363272,0.058517947076112395,0.0426512414337431,0.039320960021508054
L42561,Doxorubicin,2,0,0.2819646373115759,0.1252471706812583,0.058517947076112395,0.05754368274089171,0.05571148203028426
L42561,Trametinib,2,1,0.19458603455920903,0.07307878074846619,0.058517947076112395,0.03498608786623604,0.031219192175418718
L42654,Acid,2,1,0.4723002644704608,0.5766110902145227,0.3302553366484799,0.5731473109690225,0.6026289639515896
L42654,Cisplatin,2,0,0.20261025237344546,0.2263479084673042,0.3302553366484799,0.2521833781171303,0.2430881169263159
L42654,CoCl2,2,1,0.22668291955083833,0.25848737101711444,0.3302553366484799,0.2820135470384181,0.2771162732059423
L42654,Dabrafenib,2,0,0.22668291955083833,0.25848737101711455,0.3302553366484799,0.28201354703841824,0.2771162732059423
L42654,Doxorubicin,2,1,0.2819646373115759,0.33311549810988067,0.3302553366484799,0.34993397737031395,0.35590691371585587
L42654,Trametinib,2,0,0.19458603455920903,0.21571643279913374,0.3302553366484799,0.24221457759065645,0.23184296865737772
L42680,Acid,4,0,0.4785299066468458,0.42482109229729803,0.2443160192816859,0.4645666462484897,0.3007896753477655
L42680,Cisplatin,4,0,0.19815483583226198,0.13114408101123912,0.2443160192816859,0.1731453402890691,0.07780086761360198
L42680,CoCl2,4,0,0.22936006970462597,0.15898045440298916,0.2443160192816859,0.20336522300209825,0.09595283907000705
L42680,Dabrafenib,4,0,0.2240101926936385,0.15409218731186997,0.2443160192816859,0.1981264244638716,0.09271756208490128
L42680,Doxorubicin,4,0,0.2891002187573746,0.21650561141914318,0.2443160192816859,0.2634372983174064,0.13564374583973784
L42680,Trametinib,4,0,0.191021945485207,0.1250056249684408,0.2443160192816859,0.1663546571986249,0.0738935344626196
L43064,Acid,0,0,0.4736194759800148,0.28466937869202136,0.06428742928576538,0.1414860501637768,0.19648996234701538
L43064,Cisplatin,0,0,0.18583642087064267,0.06962987611271007,0.06428742928576538,0.03621370018018244,0.04238776015957303
L43064,CoCl2,0,1,0.22867007436383363,0.09320675900005541,0.06428742928576538,0.047227902485698754,0.05763871563440221
L43064,Dabrafenib,0,0,0.24473499838108828,0.10282400034002308,0.06428742928576538,0.05169863262345286,0.06398987508385663
L43064,Doxorubicin,0,0,0.2866788719209133,0.1298040178991264,0.06428742928576538,0.06434788938787461,0.082320755488239
L43064,Trametinib,0,0,0.20368386704128424,0.07910975095779173,0.06428742928576538,0.04064924692549889,0.04845301490655264
L43772,Acid,4,0,0.4785299066468458,0.29897467523817,0.0315803847932976,0.07159258185859935,0.32108699922860556
L43772,Cisplatin,4,0,0.19815483583226198,0.08016901387354933,0.0315803847932976,0.018270907087606574,0.0848774801028877
L43772,CoCl2,4,0,0.22936006970462597,0.09841103684850079,0.0315803847932976,0.022185075209066908,0.10449343811058925
L43772,Dabrafenib,4,0,0.2240101926936385,0.09517437853277874,0.0315803847932976,0.021487684255252396,0.1010023669467851
L43772,Doxorubicin,4,1,0.2891002187573746,0.13760578088210432,0.0315803847932976,0.030808046311700435,0.14714216534768026
L43772,Trametinib,4,0,0.191021945485207,0.07620727108441683,0.0315803847932976,0.017426315864179764,0.08064582351093243
L44324,Acid,4,0,0.4785299066468458,0.42482109229729803,0.3340596882236759,0.5799925430209125,0.4580229710615473
L44324,Cisplatin,4,0,0.19815483583226198,0.13114408101123912,0.3340596882236759,0.2499679185200096,0.142171203314477
L44324,CoCl2,4,0,0.22936006970462597,0.15898045440298916,0.3340596882236759,0.2889110531920722,0.17253186219946257
L44324,Dabrafenib,4,0,0.2240101926936385,0.15409218731186997,0.3340596882236759,0.2822493255216452,0.16719205837051443
L44324,Doxorubicin,4,0,0.2891002187573746,0.21650561141914318,0.3340596882236759,0.36274615033349195,0.235642994624409
L44324,Trametinib,4,0,0.191021945485207,0.1250056249684408,0.3340596882236759,0.24104261504757102,0.13550607258768993
L44356,Acid,0,1,0.4736194759800148,0.28466937869202136,0.22109241622462117,0.42220086852241495,0.19854882556902761
L44356,Cisplatin,0,0,0.18583642087064267,0.06962987611271007,0.22109241622462117,0.14280622331230786,0.042918155381386075
L44356,CoCl2,0,0,0.22867007436383363,0.09320675900005541,0.22109241622462117,0.18017915836350967,0.05834831731982737
L44356,Dabrafenib,0,0,0.24473499838108828,0.10282400034002308,0.22109241622462117,0.1946640438038087,0.0647722928150267
L44356,Doxorubicin,0,1,0.2866788719209133,0.1298040178991264,0.22109241622462117,0.23367360587958028,0.08330736011677314
L44356,Trametinib,0,0,0.20368386704128424,0.07910975095779173,0.22109241622462117,0.15815508126242195,0.04905541644352652
L44509,Acid,3,1,0.47049894201675735,0.6365308511858913,0.3267920288971846,0.5692901229523869,0.6096392718725988
L44509,Cisplatin,3,0,0.1901270509498604,0.2659023521342769,0.3267920288971846,0.23880029031562985,0.23109080216702724
L44509,CoCl2,3,1,0.2186598922625351,0.30886809253633307,0.3267920288971846,0.2742841235267312,0.27170605293949107
L44509,Dabrafenib,3,0,0.2186598922625351,0.30886809253633374,0.3267920288971846,0.2742841235267312,0.271706052939491
L44509,Doxorubicin,3,0,0.2882083795228566,0.41101997539615237,0.3267920288971846,0.360049024961748,0.37194884220127633
L44509,Trametinib,3,0,0.19191054568686872,0.2686010063822461,0.3267920288971846,0.24102108074567655,0.23360820631340248
L44532,Acid,0,1,0.4736194759800148,0.28466937869202136,0.24835960563773435,0.460833505566883,0.26327091801202696
L44532,Cisplatin,0,0,0.18583642087064267,0.06962987611271007,0.24835960563773435,0.16308951692176318,0.060754166649798116
L44532,CoCl2,0,0,0.22867007436383363,0.09320675900005541,0.24835960563773435,0.20450426458205193,0.08204710580058383
L44532,Dabrafenib,0,0,0.24473499838108828,0.10282400034002308,0.24835960563773435,0.22041891428114527,0.0908285757162507
L44532,Doxorubicin,0,1,0.2866788719209133,0.1298040178991264,0.24835960563773435,0.2629047366823713,0.11589584845882549
L44532,Trametinib,0,0,0.20368386704128424,0.07910975095779173,0.24835960563773435,0.18016023783354446,0.06925739812283939
L44586,Acid,0,1,0.4736194759800148,0.7107123351234352,0.30181794630851555,0.5315070892618702,0.5977690087190402
L44586,Cisplatin,0,0,0.18583642087064267,0.31601935342029774,0.30181794630851555,0.20550526331039293,0.21198074435089817
L44586,CoCl2,0,0,0.22867007436383363,0.3882126186004125,0.30181794630851555,0.254416680867573,0.2709835785355923
L44586,Dabrafenib,0,0,0.24473499838108828,0.4143598638915241,0.30181794630851555,0.2728831229709728,0.29352080784182866
L44586,Doxorubicin,0,0,0.2866788719209133,0.4794041353972322,0.30181794630851555,0.3213134570437446,0.3528195443508056
L44586,Trametinib,0,0,0.20368386704128424,0.3465492711332963,0.30181794630851555,0.22581774560184184,0.23632428440320266
L45022,Acid,3,1,0.47049894201675735,0.8393920852435338,0.3431312514970298,0.5879036365372566,0.8375802126624086
L45022,Cisplatin,3,1,0.1901270509498604,0.519455287953481,0.3431312514970298,0.25295425080123557,0.49809361792725787
L45022,CoCl2,3,0,0.2186598922625351,0.5714958930853884,0.3431312514970298,0.28974070771426735,0.5519500068577073
L45022,Dabrafenib,3,1,0.2186598922625351,0.5714958930853892,0.3431312514970298,0.28974070771426735,0.5519500068577073
L45022,Doxorubicin,3,1,0.2882083795228566,0.6755997932300041,0.3431312514970298,0.3778224809648514,0.6616534586574149
L45022,Trametinib,3,1,0.19191054568686872,0.5228942983366103,0.3431312514970298,0.255262529271421,0.501622110285858
L45474,Acid,0,0,0.4736194759800148,0.4328777043248581,0.2656965345682226,0.4848922340952598,0.3667644289110687
L45474,Cisplatin,0,0,0.18583642087064267,0.12552793042606503,0.2656965345682226,0.17669818574857854,0.09489089767289295
L45474,CoCl2,0,0,0.22867007436383363,0.1646818096685305,0.2656965345682226,0.2206575631621359,0.12653615542649413
L45474,Dabrafenib,0,0,0.24473499838108828,0.18020834599800858,0.2656965345682226,0.23745404257236913,0.13935639543152706
L45474,Doxorubicin,0,0,0.2866788719209133,0.2224585775702799,0.2656965345682226,0.2820354832505552,0.175235216606672
L45474,Trametinib,0,0,0.20368386704128424,0.14146100184460822,0.2656965345682226,0.19486168101262288,0.10762447835628045
L46013,Acid,4,0,0.4785299066468458,0.2968821351175162,0.14834452924503755,0.31097414963668224,0.28321215320393367
L46013,Cisplatin,4,0,0.19815483583226198,0.07943437728876447,0.14834452924503755,0.09822580600366414,0.07191410247630278
L46013,CoCl2,4,0,0.22936006970462597,0.09752696145749848,0.14834452924503755,0.11722342211709473,0.08882490348626071
L46013,Dabrafenib,4,0,0.2240101926936385,0.09431633792632509,0.14834452924503755,0.11388644765845092,0.0858071504259098
L46013,Doxorubicin,4,0,0.2891002187573746,0.13642287806611342,0.14834452924503755,0.15686036287796057,0.1259782056225591
L46013,Trametinib,4,0,0.191021945485207,0.07550595825322452,0.14834452924503755,0.09403925576004911,0.06828052584981513
L46096,Acid,3,1,0.47049894201675735,0.6205432124148139,0.28376883659930585,0.5166708321277047,0.6554021683915013
L46096,Cisplatin,3,0,0.1901270509498604,0.2527503940096683,0.28376883659930585,0.20237509463754344,0.26794236927811765
L46096,CoCl2,3,0,0.2186598922625351,0.2944433700416058,0.28376883659930585,0.23411107431120995,0.31240295438235927
L46096,Dabrafenib,3,1,0.2186598922625351,0.2944433700416064,0.28376883659930585,0.23411107431120995,0.31240295438235927
L46096,Doxorubicin,3,1,0.2882083795228566,0.39454801926848,0.28376883659930585,0.3127274752752348,0.4190217587902068
L46096,Trametinib,3,1,0.19191054568686872,0.2553620005339106,0.28376883659930585,0.20434807696423785,0.2707198765687018
L46431,Acid,4,1,0.4785299066468458,0.40620275718381477,0.4156875348852964,0.6658290196716431,0.3577703552009339
L46431,Cisplatin,4,0,0.19815483583226198,0.12265193975772988,0.4156875348852964,0.3247239690088623,0.09848939755227025
L46431,CoCl2,4,0,0.22936006970462597,0.14899489279662376,0.4156875348852964,0.36957481177423585,0.12083580668550735
L46431,Dabrafenib,4,1,0.2240101926936385,0.1443609557083698,0.4156875348852964,0.36199999460416266,0.11687000112054798
L46431,Doxorubicin,4,1,0.2891002187573746,0.20378237673848631,0.4156875348852964,0.4509513837647273,0.16889661907613232
L46431,Trametinib,4,0,0.191021945485207,0.11685751411523455,0.4156875348852964,0.31424779052932583,0.09364855230357917
L46767,Acid,2,0,0.4723002644704608,0.2807695161874157,0.24607468302240276,0.4651278337886244,0.26130784997349893
L46767,Cisplatin,2,0,0.20261025237344546,0.07737396318390978,0.24607468302240276,0.17925242681711137,0.06969161391270272
L46767,CoCl2,2,0,0.22668291955083833,0.09084424576363263,0.24607468302240276,0.20279521764739833,0.08207934883829643
L46767,Dabrafenib,2,0,0.22668291955083833,0.09084424576363272,0.24607468302240276,0.20279521764739847,0.08207934883829643
L46767,Doxorubicin,2,1,0.2819646373115759,0.1252471706812583,0.24607468302240276,0.25850589068208707,0.11417497203621904
L46767,Trametinib,2,0,0.19458603455920903,0.07307878074846619,0.24607468302240276,0.1715054023704928,0.06577071681628904
L46940,Acid,2,0,0.4723002644704608,0.43322824714162195,0.48343689255296907,0.725164118632777,0.5109213179440883
L46940,Cisplatin,2,0,0.20261025237344546,0.1410473861614739,0.48343689255296907,0.39855700834093805,0.18115202165094124
L46940,CoCl2,2,0,0.22668291955083833,0.16363672749247593,0.48343689255296907,0.43561556358403436,0.20890305341028179
L46940,Dabrafenib,2,0,0.22668291955083833,0.16363672749247604,0.48343689255296907,0.43561556358403464,0.20890305341028179
L46940,Doxorubicin,2,0,0.2819646373115759,0.2189669938919418,0.48343689255296907,0.5140439642934125,0.2756958637396417
L46940,Trametinib,2,0,0.19458603455920903,0.13372989310967046,0.48343689255296907,0.38578704579255535,0.1721204824891325
L47103,Acid,4,1,0.4785299066468458,0.8574673010304239,0.2971485863391207,0.53543316506661,0.8042667328326347
L47103,Cisplatin,4,0,0.19815483583226198,0.5514531832619189,0.2971485863391207,0.21762589033933646,0.44623612135135693
L47103,CoCl2,4,1,0.22936006970462597,0.6062535172733136,0.2971485863391207,0.25323156490996107,0.5034233782037396
L47103,Dabrafenib,4,1,0.2240101926936385,0.5973812122212172,0.2971485863391207,0.24710664504434346,0.49395593185452624
L47103,Doxorubicin,4,0,0.2891002187573746,0.6923815982955348,0.2971485863391207,0.32207833603245956,0.5998320491451089
L47103,Trametinib,4,0,0.191021945485207,0.5378191033947773,0.2971485863391207,0.20953277452441835,0.4325031905405033
L47158,Acid,2,0,0.4723002644704608,0.28798107904013687,0.06652384528395859,0.14941086004912327,0.1769184686473693
L47158,Cisplatin,2,0,0.20261025237344546,0.07994198058564067,0.06652384528395859,0.04225194607357914,0.04353744131358711
L47158,CoCl2,2,0,0.22668291955083833,0.0938138784504659,0.06652384528395859,0.04887271395919968,0.05153377690718532
L47158,Dabrafenib,2,0,0.22668291955083833,0.09381387845046599,0.06652384528395859,0.04887271395919972,0.05153377690718532
L47158,Doxorubicin,2,1,0.2819646373115759,0.12918161513286344,0.06652384528395859,0.06578821204396056,0.07263020280083057
L47158,Trametinib,2,0,0.19458603455920903,0.07551591043043948,0.06652384528395859,0.04013633188120278,0.041023110082677304
L47601,Acid,2,1,0.4723002644704608,0.6234929477423568,0.24572468396514335,0.4645752000683958,0.585451550032386
L47601,Cisplatin,2,0,0.20261025237344546,0.2624012373030319,0.24572468396514335,0.17892582845403285,0.23022157172666122
L47601,CoCl2,2,1,0.22668291955083833,0.2976901448064215,0.24572468396514335,0.20243630426215403,0.2630746270852766
L47601,Dabrafenib,2,0,0.22668291955083833,0.2976901448064216,0.24572468396514335,0.20243630426215417,0.2630746270852766
L47601,Doxorubicin,2,0,0.2819646373115759,0.37786884247075586,0.24572468396514335,0.2580802982303045,0.3397492787284207
L47601,Trametinib,2,1,0.19458603455920903,0.2506249317151381,0.24572468396514335,0.17118997500469424,0.21939909876908023
L47663,Acid,1,1,0.47587273821028014,0.4139661310128785,0.22782500310656353,0.43298615513007443,0.40131385530018776
L47663,Cisplatin,1,0,0.19458719593808257,0.12698075304880968,0.22782500310656353,0.15350488800678483,0.11326078902567441
L47663,CoCl2,1,0,0.23560044533301658,0.16336574472442247,0.22782500310656353,0.19031610982038552,0.1474670547871342
L47663,Dabrafenib,1,1,0.23203384804524899,0.16008559150715593,0.22782500310656353,0.18704801103718047,0.14435474595160472
L47663,Doxorubicin,1,0,0.29979943088858513,0.22568808994564982,0.22782500310656353,0.2512991752990046,0.20777851828194743
L47663,Trametinib,1,1,0.19726215106258552,0.1292696161615275,0.22782500310656353,0.1558539029670551,0.11538444429781082
L47728,Acid,4,0,0.4785299066468458,0.29897467523817,0.11199747383460801,0.24332267859793352,0.2372583383965457
L47728,Cisplatin,4,0,0.19815483583226198,0.08016901387354933,0.11199747383460801,0.07201944526735207,0.05749527936504373
L47728,CoCl2,4,0,0.22936006970462597,0.09841103684850079,0.11199747383460801,0.08643436508934885,0.07127584996872936
L47728,Dabrafenib,4,0,0.2240101926936385,0.09517437853277874,0.11199747383460801,0.08389056539901558,0.06880928717864912
L47728,Doxorubicin,4,0,0.2891002187573746,0.13760578088210432,0.11199747383460801,0.11704083831209719,0.10190978469275178
L47728,Trametinib,4,0,0.191021945485207,0.07620727108441683,0.11199747383460801,0.06886455719280513,0.054547418195985645
L47899,Acid,1,0,0.47587273821028014,0.2846492613888907,0.29843900321014144,0.5286443894496294,0.29796729625998697
L47899,Cisplatin,1,0,0.19458719593808257,0.07572901961696576,0.29843900321014144,0.2103211167500044,0.07482295059335889
L47899,CoCl2,1,0,0.23560044533301658,0.09909531796825004,0.29843900321014144,0.2566265999848676,0.09871277499991372
L47899,Dabrafenib,1,0,0.23203384804524899,0.0969560750019377,0.29843900321014144,0.2525750238738811,0.09651294445061899
L47899,Doxorubicin,1,1,0.29979943088858513,0.14103226746692055,0.29843900321014144,0.3301925781208182,0.14241550118805177
L47899,Trametinib,1,0,0.19726215106258552,0.07717572323658099,0.29843900321014144,0.21332046358442175,0.07628789562876383
L47994,Acid,2,1,0.4723002644704608,0.6143202169246856,0.40197950293754253,0.6503346378292402,0.6589875077718206
L47994,Cisplatin,2,0,0.20261025237344546,0.25494370408295347,0.40197950293754253,0.3183869585473606,0.29039454407379095
L47994,CoCl2,2,1,0.22668291955083833,0.289623493646032,0.40197950293754253,0.3523583284295919,0.32817365423286765
L47994,Dabrafenib,2,0,0.22668291955083833,0.2896234936460322,0.40197950293754253,0.35235832842959214,0.32817365423286765
L47994,Doxorubicin,2,0,0.2819646373115759,0.3687703656742593,0.40197950293754253,0.4271416543809053,0.41318363083872883
L47994,Trametinib,2,0,0.19458603455920903,0.2433916457836476,0.40197950293754253,0.30687505881142296,0.2777640896155531
L48487,Acid,1,1,0.47587273821028014,0.7348626221518643,0.4354619228096533,0.6774071557550893,0.7842506630314781
L48487,Cisplatin,1,0,0.19458719593808257,0.3633408202128097,0.4354619228096533,0.33274129702209626,0.4092050153260836
L48487,CoCl2,1,1,0.23560044533301658,0.4337993093445455,0.4354619228096533,0.3925995878937099,0.4840049765826439
L48487,Dabrafenib,1,1,0.23203384804524899,0.42786616947524303,0.4354619228096533,0.38752037742740186,0.4777704249843053
L48487,Doxorubicin,1,0,0.29979943088858513,0.5335017380493688,0.4354619228096533,0.47997675920770133,0.5871598974669383
L48487,Trametinib,1,0,0.19726215106258552,0.36809378983167057,0.4354619228096533,0.33674198946448775,0.4142851711386327
L4851,Acid,3,0,0.47049894201675735,0.2800284500633928,0.2749632991838916,0.5041473859594066,0.22950868525961599
L4851,Cisplatin,3,0,0.1901270509498604,0.07445610040842693,0.2749632991838916,0.1944055995897186,0.05421560510878725
L4851,CoCl2,3,0,0.2186598922625351,0.09029195479406704,0.2749632991838916,0.22524474639940148,0.0664299727529716
L4851,Dabrafenib,3,0,0.2186598922625351,0.09029195479406729,0.2749632991838916,0.22524474639940148,0.0664299727529716
L4851,Doxorubicin,3,0,0.2882083795228566,0.13418992647207914,0.2749632991838916,0.30205800967050317,0.10149260669659915
L4851,Trametinib,3,1,0.19191054568686872,0.07541135591620717,0.2749632991838916,0.19632000952322795,0.054943890068042754
L48583,Acid,2,1,0.4723002644704608,0.49141907427794224,0.3918171878599898,0.6398489115005175,0.5066098783313492
L48583,Cisplatin,2,0,0.20261025237344546,0.17189544994185627,0.3918171878599898,0.3085308614559756,0.17860711441942587
L48583,CoCl2,2,0,0.22668291955083833,0.19828476333443998,0.3918171878599898,0.34197822435307784,0.20606639653974654
L48583,Dabrafenib,2,1,0.22668291955083833,0.19828476333444006,0.3918171878599898,0.341978224353078,0.20606639653974654
L48583,Doxorubicin,2,1,0.2819646373115759,0.2616652057913922,0.3918171878599898,0.4159735007499395,0.2722643818141934
L48583,Trametinib,2,0,0.19458603455920903,0.1632817934473473,0.3918171878599898,0.2972199331869681,0.16967616342939507
L48852,Acid,1,0,0.47587273821028014,0.6965071301318845,0.33439099237991005,0.571821492291192,0.6984496814538349
L48852,Cisplatin,1,0,0.19458719593808257,0.32090656000515244,0.33439099237991005,0.24078010447810894,0.3062015479149052
L48852,CoCl2,1,0,0.23560044533301658,0.3881531215583365,0.33439099237991005,0.291317714583303,0.37409539820402793
L48852,Dabrafenib,1,0,0.23203384804524899,0.38242262092247625,0.33439099237991005,0.2869298432871918,0.3682661784525911
L48852,Doxorubicin,1,0,0.29979943088858513,0.4863764910126495,0.33439099237991005,0.36988023127976627,0.4754077666745953
L48852,Trametinib,1,0,0.19726215106258552,0.3253881362767996,0.33439099237991005,0.24407956276717285,0.3106753938928535
L48895,Acid,3,0,0.47049894201675735,0.5235855164775594,0.38280166321991754,0.6318219606983144,0.5314255595877635
L48895,Cisplatin,3,0,0.1901270509498604,0.18521012844208531,0.38280166321991754,0.28942411765129433,0.17915393502419588
L48895,CoCl2,3,0,0.2186598922625351,0.21902748528487798,0.38280166321991754,0.32917726733253916,0.2131717244509728
L48895,Dabrafenib,3,0,0.2186598922625351,0.21902748528487848,0.38280166321991754,0.3291772673325391,0.2131717244509728
L48895,Doxorubicin,3,0,0.2882083795228566,0.3045599661237222,0.38280166321991754,0.4221226327029683,0.3007364691061108
L48895,Trametinib,3,0,0.19191054568686872,0.18729878172265083,0.38280166321991754,0.29193514112313784,0.18123892023604252
L48945,Acid,1,1,0.47587273821028014,0.49682532081504505,0.23166077700870408,0.43902762166897225,0.3882609375532438
L48945,Cisplatin,1,0,0.19458719593808257,0.16895836921588672,0.23166077700870408,0.1567246110937029,0.10788854249466744
L48945,CoCl2,1,0,0.23560044533301658,0.21441741304351164,0.23166077700870408,0.19413086753517161,0.14072981532882892
L48945,Dabrafenib,1,0,0.23203384804524899,0.2103699600311866,0.23166077700870408,0.19081269947140825,0.1377367241934633
L48945,Doxorubicin,1,0,0.29979943088858513,0.28947682397655106,0.23166077700870408,0.25594989465187545,0.19892880923820958
L48945,Trametinib,1,0,0.19726215106258552,0.17185494133780527,0.23166077700870408,0.15911363484844845,0.10992395437252143
L49199,Acid,1,1,0.47587273821028014,0.6206437501862662,0.3970299977277805,0.6397824320187204,0.6253978758672334
L49199,Cisplatin,1,0,0.19458719593808257,0.2519861919825461,0.3970299977277805,0.29665574970491343,0.24134116684425055
L49199,CoCl2,1,0,0.23560044533301658,0.31141323911809426,0.3970299977277805,0.35346118569737905,0.3010948348998224
L49199,Dabrafenib,1,0,0.23203384804524899,0.306248611192578,0.3970299977277805,0.34859772143668916,0.29586542228306983
L49199,Doxorubicin,1,0,0.29979943088858513,0.4030083293827077,0.3970299977277805,0.4384149548975401,0.3951175026691559
L49199,Trametinib,1,0,0.19726215106258552,0.2558679190350695,0.3970299977277805,0.30041791098037346,0.2452022740172802
L49447,Acid,3,0,0.47049894201675735,0.6153717214369409,0.26577313139524367,0.4933920316433168,0.674865740197539
L49447,Cisplatin,3,0,0.1901270509498604,0.2486356296563294,0.26577313139524367,0.18775607760322482,0.2854302803327438
L49447,CoCl2,3,1,0.2186598922625351,0.28991318691797713,0.26577313139524367,0.21782560840020435,0.33147873385361415
L49447,Dabrafenib,3,0,0.2186598922625351,0.28991318691797774,0.26577313139524367,0.21782560840020435,0.33147873385361404
L49447,Doxorubicin,3,1,0.2882083795228566,0.3893275356682291,0.26577313139524367,0.2930658396378709,0.44043769001395394
L49447,Trametinib,3,1,0.19191054568686872,0.2512190131503846,0.26577313139524367,0.18962041927378148,0.2883176717641891
L49477,Acid,4,0,0.4785299066468458,0.4304619877675255,0.27124506204144466,0.5017282229640001,0.37510949775524366
L49477,Cisplatin,4,0,0.19815483583226198,0.1337925194938859,0.27124506204144466,0.19550744390822986,0.10532339641999626
L49477,CoCl2,4,0,0.22936006970462597,0.16208617480984608,0.27124506204144466,0.2285514701302338,0.12899850763788173
L49477,Dabrafenib,4,0,0.2240101926936385,0.15712025447287833,0.27124506204144466,0.22284535441207934,0.12480283376395973
L49477,Doxorubicin,4,1,0.2891002187573746,0.22044054734118898,0.27124506204144466,0.2933239626720538,0.17964253483730352
L49477,Trametinib,4,0,0.191021945485207,0.12754829624126757,0.27124506204144466,0.18803917928009226,0.1001839817317862
L49732,Acid,3,1,0.47049894201675735,0.441250310253221,0.18564374178517679,0.3744749563471639,0.37009955142421
L49732,Cisplatin,3,0,0.1901270509498604,0.14040374340859377,0.18564374178517679,0.12441275869954196,0.10158391528002877
L49732,CoCl2,3,0,0.2186598922625351,0.16772402813326753,0.18564374178517679,0.14616323763228778,0.12308122407913201
L49732,Dabrafenib,3,0,0.2186598922625351,0.16772402813326798,0.18564374178517679,0.14616323763228778,0.12308122407913195
L49732,Doxorubicin,3,0,0.2882083795228566,0.2393624197242214,0.18564374178517679,0.2030769311598451,0.1822091775542576
L49732,Trametinib,3,0,0.19191054568686872,0.14207521350441343,0.18564374178517679,0.12574549985781264,0.10287928955322519
L50061,Acid,4,0,0.4785299066468458,0.28113031182063863,0.2029180958040596,0.40294601389413054,0.27567350159191856
L50061,Cisplatin,4,0,0.19815483583226198,0.0740054563390073,0.2029180958040596,0.14006729820811914,0.06945487378200611
L50061,CoCl2,4,0,0.22936006970462597,0.09098371995446658,0.2029180958040596,0.16567065881526324,0.08584086815920848
L50061,Dabrafenib,4,0,0.2240101926936385,0.08796750590531295,0.2029180958040596,0.16120639534223533,0.08291526983728582
L50061,Doxorubicin,4,0,0.2891002187573746,0.12763912778414688,0.2029180958040596,0.21765024027367016,0.12191302010391332
L50061,Trametinib,4,0,0.191021945485207,0.07032501345783615,0.2029180958040596,0.13436311016296607,0.06593672575277999
L50332,Acid,0,0,0.4736194759800148,0.28466937869202136,0.21058806475517708,0.4056397274280358,0.15585935555952093
L50332,Cisplatin,0,0,0.18583642087064267,0.06962987611271007,0.21058806475517708,0.13465054627805736,0.032340184110808676
L50332,CoCl2,0,0,0.22867007436383363,0.09320675900005541,0.21058806475517708,0.1703131811946499,0.044142702816002154
L50332,Dabrafenib,0,0,0.24473499838108828,0.10282400034002308,0.21058806475517708,0.1841831144793746,0.04908420687132212
L50332,Doxorubicin,0,0,0.2866788719209133,0.1298040178991264,0.21058806475517708,0.2216704754047354,0.06343451020618848
L50332,Trametinib,0,0,0.20368386704128424,0.07910975095779173,0.21058806475517708,0.1492754800528475,0.03702331827087215
L5045,Acid,3,1,0.47049894201675735,0.6205432124148139,0.3802377338226406,0.6289554964627694,0.6770218519963381
L5045,Cisplatin,3,0,0.1901270509498604,0.2527503940096683,0.3802377338226406,0.28690057521600837,0.28744215501099196
L5045,CoCl2,3,1,0.2186598922625351,0.2944433700416058,0.3802377338226406,0.3264663583513252,0.3336636257170093
L5045,Dabrafenib,3,0,0.2186598922625351,0.2944433700416064,0.3802377338226406,0.3264663583513252,0.33366362571700925
L5045,Doxorubicin,3,0,0.2882083795228566,0.39454801926848,0.3802377338226406,0.419124523219974,0.4428650023960486
L5045,Trametinib,3,0,0.19191054568686872,0.2553620005339106,0.3802377338226406,0.2893986214842244,0.29034162906912286
L50672,Acid,4,1,0.4785299066468458,0.7526692995508163,0.3456469642755924,0.592874584553525,0.7031170509582846
L50672,Cisplatin,4,0,0.19815483583226198,0.3834410425552448,0.3456469642755924,0.26005848937078596,0.3171537953347125
L50672,CoCl2,4,0,0.22936006970462597,0.4378429501443382,0.3456469642755924,0.2999449875858067,0.3688161354438377
L50672,Dabrafenib,4,0,0.2240101926936385,0.4287515333985054,0.3456469642755924,0.2931337193741346,0.36004469966640734
L50672,Doxorubicin,4,0,0.2891002187573746,0.5323958597528916,0.3456469642755924,0.3751124217509307,0.4635081682319767
L50672,Trametinib,4,0,0.191021945485207,0.370529468355,0.3456469642755924,0.2508934153547224,0.30520394845812554
L50675,Acid,1,0,0.47587273821028014,0.29525690538904675,0.08183428131458571,0.17821984022392182,0.23004211624548687
L50675,Cisplatin,1,0,0.19458719593808257,0.07941543330523236,0.08183428131458571,0.04897878538002964,0.05386330452582788
L50675,CoCl2,1,0,0.23560044533301658,0.10379144962857745,0.08183428131458571,0.06257713114984793,0.07157878604438005
L50675,Dabrafenib,1,0,0.23203384804524899,0.10156225664285312,0.08183428131458571,0.0613363923746094,0.06993671947160414
L50675,Doxorubicin,1,0,0.29979943088858513,0.14739064960258655,0.08183428131458571,0.08702823025909039,0.1046636087321496
L50675,Trametinib,1,0,0.19726215106258552,0.08092639490158116,0.08183428131458571,0.04982242844836072,0.054942254242323095
L5070,Acid,1,0,0.47587273821028014,0.2838807297763159,0.2070387556914916,0.40180011319861925,0.29342701984350844
L5070,Cisplatin,1,0,0.19458719593808257,0.07546505119145054,0.2070387556914916,0.1375648788957806,0.07332768725339701
L5070,CoCl2,1,0,0.23560044533301658,0.09875860442751293,0.2070387556914916,0.17132726596202524,0.09679004303880241
L5070,Dabrafenib,1,0,0.23203384804524899,0.0966258507238606,0.2070387556914916,0.16831745794138,0.09462856212145747
L5070,Doxorubicin,1,0,0.29979943088858513,0.14057529225993384,0.2070387556914916,0.22793863929647912,0.1397735382037904
L5070,Trametinib,1,0,0.19726215106258552,0.07690713164142415,0.2070387556914916,0.13971022954335857,0.07476572261887032
L50807,Acid,4,1,0.4785299066468458,0.7052387033855532,0.24330098516603493,0.4630588814980047,0.6824445321786144
L50807,Cisplatin,4,0,0.19815483583226198,0.3283852877596207,0.24330098516603493,0.17227906955601013,0.29649606450075283
L50807,CoCl2,4,0,0.22936006970462597,0.3797875291104905,0.24330098516603493,0.20238476493427904,0.34650092109418834
L50807,Dabrafenib,4,0,0.2240101926936385,0.37110579562160295,0.24330098516603493,0.19716497245560768,0.33797602199045684
L50807,Doxorubicin,4,0,0.2891002187573746,0.47233728834978517,0.24330098516603493,0.26226256853424806,0.4394525835331339
L50807,Trametinib,4,0,0.191021945485207,0.3163763113985929,0.24330098516603493,0.1655155603246129,0.2849997075883366
L50844,Acid,1,0,0.47587273821028014,0.4006161480198365,0.23867234073042204,0.44874194907895165,0.2791020244967188
L50844,Cisplatin,1,0,0.19458719593808257,0.12097524340804745,0.23867234073042204,0.16199629167491195,0.06870305988999288
L50844,CoCl2,1,0,0.23560044533301658,0.15594680782634118,0.23867234073042204,0.20036181467298955,0.09083073258655376
L50844,Dabrafenib,1,0,0.23203384804524899,0.15278841257359338,0.23867234073042204,0.1969631748394448,0.08878925044732387
L50844,Doxorubicin,1,0,0.29979943088858513,0.2161701867667327,0.23867234073042204,0.26351620407355203,0.13155321770821432
L50844,Trametinib,1,0,0.19726215106258552,0.12317112828998084,0.23867234073042204,0.16445000302462096,0.07005725784816479
L51013,Acid,3,0,0.47049894201675735,0.2940412912595201,0.11281047889104107,0.24542338459134308,0.28560212795992423
L51013,Cisplatin,3,0,0.1901270509498604,0.07931520225948777,0.11281047889104107,0.0716646379937239,0.07143856421180021
L51013,CoCl2,3,0,0.2186598922625351,0.09607724459137335,0.11281047889104107,0.08508958370174773,0.08717548614472968
L51013,Dabrafenib,3,0,0.2186598922625351,0.09607724459137361,0.11281047889104107,0.08508958370174773,0.08717548614472968
L51013,Doxorubicin,3,0,0.2882083795228566,0.14234777946445465,0.11281047889104107,0.1216092152819105,0.13164384222630762
L51013,Trametinib,3,0,0.19191054568686872,0.08032738842690436,0.11281047889104107,0.07247910149796777,0.07238050157382406
L51134,Acid,0,1,0.4736194759800148,0.8372760689895329,0.3674624523916593,0.6075458830683226,0.8516196154433532
L51134,Cisplatin,0,1,0.18583642087064267,0.49178234221836065,0.3674624523916593,0.26087567030128633,0.5095378085701134
L51134,CoCl2,0,1,0.22867007436383363,0.5706297424163295,0.3674624523916593,0.3176958627222333,0.5894143621493287
L51134,Dabrafenib,0,1,0.24473499838108828,0.5970725017323941,0.3674624523916593,0.33866902160672724,0.6160551884995381
L51134,Doxorubicin,0,1,0.2866788719209133,0.6585462404954944,0.3674624523916593,0.3924727971284888,0.6779822631994402
L51134,Trametinib,0,0,0.20368386704128424,0.5262285135520984,0.3674624523916593,0.2846998911960831,0.5444435565818743
L51167,Acid,2,0,0.4723002644704608,0.28798107904013687,0.0495043708514256,0.1120212351196251,0.2418458314907249
L51167,Cisplatin,2,0,0.20261025237344546,0.07994198058564067,0.0495043708514256,0.03071032891590936,0.06327850069585812
L51167,CoCl2,2,1,0.22668291955083833,0.0938138784504659,0.0495043708514256,0.03558976108486104,0.07461773150045486
L51167,Dabrafenib,2,1,0.22668291955083833,0.09381387845046599,0.0495043708514256,0.035589761084861074,0.07461773150045489
L51167,Doxorubicin,2,0,0.2819646373115759,0.12918161513286344,0.0495043708514256,0.04814054611526365,0.10412660593401303
L51167,Trametinib,2,1,0.19458603455920903,0.07551591043043948,0.0495043708514256,0.02915502754318025,0.05969525775994778
L51179,Acid,3,0,0.47049894201675735,0.28393797583778135,0.24550338531328855,0.4645009125036544,0.37050327065544086
L51179,Cisplatin,3,0,0.1901270509498604,0.07579774841898737,0.24550338531328855,0.17073044633783327,0.10174203768966696
L51179,CoCl2,3,0,0.2186598922625351,0.09189062358779186,0.24550338531328855,0.19874045519880515,0.12326821734135515
L51179,Dabrafenib,3,0,0.2186598922625351,0.09189062358779211,0.24550338531328855,0.1987404551988051,0.12326821734135515
L51179,Doxorubicin,3,0,0.2882083795228566,0.13644925330968105,0.24550338531328855,0.2696611380418905,0.18246731010689723
L51179,Trametinib,3,0,0.19191054568686872,0.07676878924958747,0.24550338531328855,0.1724616259578151,0.10303919704906175
L51204,Acid,1,1,0.47587273821028014,0.5172358209359385,0.3471045164149236,0.5864692913432358,0.5581914427476636
L51204,Cisplatin,1,1,0.19458719593808257,0.18073761840525696,0.3471045164149236,0.25193749461516785,0.19402919602001414
L51204,CoCl2,1,0,0.23560044533301658,0.22849453729869446,0.3471045164149236,0.30387961593307916,0.2458651400954638
L51204,Dabrafenib,1,0,0.23203384804524899,0.22425721333195514,0.3471045164149236,0.29938246673711294,0.2412638281301548
L51204,Doxorubicin,1,1,0.29979943088858513,0.3065588084052791,0.3471045164149236,0.38399422873230316,0.3308043665017392
L51204,Trametinib,1,0,0.19726215106258552,0.1837914698511143,0.3471045164149236,0.2553384247291774,0.19733025923124708
L51669,Acid,4,1,0.4785299066468458,0.8836709342707759,0.32595761550820673,0.5700212603246386,0.886227579941634
L51669,Cisplatin,4,0,0.19815483583226198,0.608209962313186,0.32595761550820673,0.24239596059057936,0.6043695712873605
L51669,CoCl2,4,0,0.22936006970462597,0.6603470523159044,0.32595761550820673,0.2806007711742359,0.657751303922006
L51669,Dabrafenib,4,0,0.2240101926936385,0.6519939619423066,0.32595761550820673,0.27405681167301155,0.6491757444192837
L51669,Doxorubicin,4,1,0.2891002187573746,0.7397226219661897,0.32595761550820673,0.35336746420706844,0.7396905645514593
L51669,Trametinib,4,1,0.191021945485207,0.5950341585860541,0.32595761550820673,0.23365679403658698,0.5909635569581045
L5170,Acid,0,0,0.4736194759800148,0.2913335192140022,0.426401115542435,0.6677250313195031,0.3065682162607762
L5170,Cisplatin,0,0,0.18583642087064267,0.07176496068223485,0.426401115542435,0.31420854304045864,0.07409541498994032
L5170,CoCl2,0,0,0.22867007436383363,0.09599020016883097,0.426401115542435,0.37672427480327864,0.099568478258304
L5170,Dabrafenib,0,0,0.24473499838108828,0.10586111354471528,0.426401115542435,0.39931367862144834,0.11000053142312158
L5170,Doxorubicin,0,0,0.2866788719209133,0.13351944255669992,0.426401115542435,0.45610722960433103,0.13954683607377916
L5170,Trametinib,0,0,0.20368386704128424,0.08151005317126969,0.426401115542435,0.3406585157583823,0.08429831634950989
L52264,Acid,2,1,0.4723002644704608,0.7116288222306554,0.3796393372258031,0.6277141656546787,0.7124360623986454
L52264,Cisplatin,2,0,0.20261025237344546,0.34646418119726957,0.3796393372258031,0.2974893568515235,0.3441150941186097
L52264,CoCl2,2,1,0.22668291955083833,0.3871247981204925,0.3796393372258031,0.33031152474053604,0.3850903144537332
L52264,Dabrafenib,2,0,0.22668291955083833,0.3871247981204926,0.3796393372258031,0.33031152474053627,0.3850903144537332
L52264,Doxorubicin,2,1,0.2819646373115759,0.47509650952870763,0.3796393372258031,0.403329724373772,0.4744322342677765
L52264,Trametinib,2,0,0.19458603455920903,0.33261647723702015,0.3796393372258031,0.28641554825081034,0.3302354827833225
L52309,Acid,2,1,0.4723002644704608,0.49141907427794224,0.40033083925642693,0.6489119538674487,0.560046130301387
L52309,Cisplatin,2,0,0.20261025237344546,0.17189544994185627,0.40033083925642693,0.3170320465033508,0.2123354750920016
L52309,CoCl2,2,0,0.22668291955083833,0.19828476333443998,0.40033083925642693,0.3509332807694841,0.2434433436987198
L52309,Dabrafenib,2,0,0.22668291955083833,0.19828476333444006,0.40033083925642693,0.3509332807694843,0.2434433436987198
L52309,Doxorubicin,2,1,0.2819646373115759,0.2616652057913922,0.40033083925642693,0.42561291978099475,0.3168564866074579
L52309,Trametinib,2,0,0.19458603455920903,0.1632817934473473,0.40033083925642693,0.30554717569755946,0.20213302464404143
L52385,Acid,2,0,0.4723002644704608,0.28798107904013687,0.2952692181895495,0.5311938622382927,0.33554418707385114
L52385,Cisplatin,2,0,0.20261025237344546,0.07994198058564067,0.2952692181895495,0.22153087320125772,0.09661028628262924
L52385,CoCl2,2,0,0.22668291955083833,0.0938138784504659,0.2952692181895495,0.24894223455451653,0.11320061508432752
L52385,Dabrafenib,2,0,0.22668291955083833,0.09381387845046599,0.2952692181895495,0.2489422345545167,0.11320061508432752
L52385,Doxorubicin,2,1,0.2819646373115759,0.12918161513286344,0.2952692181895495,0.3123629106742869,0.1554053407121872
L52385,Trametinib,2,0,0.19458603455920903,0.07551591043043948,0.2952692181895495,0.21242956406503613,0.09132359357731046
L52613,Acid,0,1,0.4736194759800148,0.8541325867057992,0.3393583887961949,0.5764036137345414,0.8679709266263197
L52613,Cisplatin,0,0,0.18583642087064267,0.5240853461152066,0.3393583887961949,0.23678210616092313,0.5433734871985944
L52613,CoCl2,0,1,0.22867007436383363,0.6019772624125224,0.3393583887961949,0.2904165147261112,0.6218293516006804
L52613,Dabrafenib,0,0,0.24473499838108828,0.6277488734909704,0.3393583887961949,0.3104080842595232,0.6476243376672531
L52613,Doxorubicin,0,1,0.2866788719209133,0.6869959077805028,0.3393583887961949,0.36218093403056956,0.7068822596124605
L52613,Trametinib,0,0,0.20368386704128424,0.5583085098789685,0.3393583887961949,0.2591775589249415,0.5778661676576923
L52820,Acid,0,1,0.4736194759800148,0.8084674571747054,0.34704970159375437,0.5849745896493884,0.7724983262270526
L52820,Cisplatin,0,0,0.18583642087064267,0.4425326592560455,0.34704970159375437,0.24320243829704113,0.38066355805562757
L52820,CoCl2,0,0,0.22867007436383363,0.5215877916885523,0.34704970159375437,0.2977238347938625,0.4592546377819101
L52820,Dabrafenib,0,0,0.24473499838108828,0.5486619419033492,0.34704970159375437,0.317992999778188,0.4869902250314719
L52820,Doxorubicin,0,1,0.2866788719209133,0.6127309859937611,0.34704970159375437,0.37035150944875045,0.5546868363343357
L52820,Trametinib,0,1,0.20368386704128424,0.4767653421613225,0.34704970159375437,0.2659935056888934,0.41419649621919924
L53092,Acid,3,1,0.47049894201675735,0.6700418436624358,0.3957502756970762,0.6445425794007553,0.701148765923323
L53092,Cisplatin,3,0,0.1901270509498604,0.29577954422583796,0.3957502756970762,0.3008847719577038,0.3110566155739193
L53092,CoCl2,3,1,0.2186598922625351,0.3413282802928127,0.3957502756970762,0.34145563979079485,0.35916135992496634
L53092,Dabrafenib,3,0,0.2186598922625351,0.3413282802928134,0.3957502756970762,0.34145563979079485,0.3591613599249663
L53092,Doxorubicin,3,0,0.2882083795228566,0.44726816900456196,0.3957502756970762,0.43561657418399113,0.47081140259089727
L53092,Trametinib,3,0,0.19191054568686872,0.2986580602690816,0.3957502756970762,0.3034527647144122,0.3140892946913937
L5415,Acid,3,0,0.47049894201675735,0.2800284500633928,0.17039588627796126,0.3497477932395537,0.28828192354287324
L5415,Cisplatin,3,0,0.1901270509498604,0.07445610040842693,0.17039588627796126,0.11320920561436952,0.07231227311269321
L5415,CoCl2,3,0,0.2186598922625351,0.09029195479406704,0.17039588627796126,0.1332992081182193,0.08822337461979367
L5415,Dabrafenib,3,0,0.2186598922625351,0.09029195479406729,0.17039588627796126,0.1332992081182193,0.08822337461979363
L5415,Doxorubicin,3,0,0.2882083795228566,0.13418992647207914,0.17039588627796126,0.1862967627312003,0.1331482916435837
L5415,Trametinib,3,0,0.19191054568686872,0.07541135591620717,0.17039588627796126,0.11443761723594388,0.0732648216179319
L54153,Acid,2,1,0.4723002644704608,0.9296809401592008,0.42246107260818255,0.6702580799337139,0.9304072072732267
L54153,Cisplatin,2,1,0.20261025237344546,0.7395965489185881,0.42246107260818255,0.3379702680742791,0.7389864467340729
L54153,CoCl2,2,0,0.22668291955083833,0.7719009650479741,0.42246107260818255,0.3728880446028247,0.7716618655559215
L54153,Dabrafenib,2,0,0.22668291955083833,0.7719009650479743,0.42246107260818255,0.37288804460282493,0.7716618655559215
L54153,Doxorubicin,2,1,0.2819646373115759,0.8290336675368442,0.42246107260818255,0.44900772562377045,0.8296792915756631
L54153,Trametinib,2,0,0.19458603455920903,0.7275278357534752,0.42246107260818255,0.3260890432192953,0.7268295819257908
L54250,Acid,4,1,0.4785299066468458,0.8767491240231617,0.3250805876504702,0.5692585698949465,0.8898336188657859
L54250,Cisplatin,4,0,0.19815483583226198,0.5924568551870273,0.3250805876504702,0.24182509300754218,0.6130081145871037
L54250,CoCl2,4,1,0.22936006970462597,0.6454683033259232,0.3250805876504702,0.2799731781146168,0.6658686672660943
L54250,Dabrafenib,4,1,0.2240101926936385,0.6369504736354197,0.3250805876504702,0.2734382917348855,0.6573905573556706
L54250,Doxorubicin,4,0,0.2891002187573746,0.7268828603615467,0.3250805876504702,0.35265690269728966,0.7466131793515393
L54250,Trametinib,4,1,0.191021945485207,0.5791178820433863,0.3250805876504702,0.23310017552061407,0.5997009392179654
L54385,Acid,0,0,0.4736194759800148,0.283084547091898,0.10860272574272688,0.23078240892244328,0.29132709717045724
L54385,Cisplatin,0,0,0.18583642087064267,0.06912653697676831,0.10860272574272688,0.06402417807054617,0.06925742665695313
L54385,CoCl2,0,0,0.22867007436383363,0.09254994172494373,0.10860272574272688,0.08277037616422331,0.0932347321721333
L54385,Dabrafenib,0,0,0.24473499838108828,0.10210704271472079,0.10860272574272688,0.09028682721353193,0.10307914963795776
L54385,Doxorubicin,0,0,0.2866788719209133,0.1289259711728003,0.10860272574272688,0.11126974631476307,0.13104008668074119
L54385,Trametinib,0,0,0.20368386704128424,0.07854366914430409,0.10860272574272688,0.07161292266519655,0.07885087267831119
L54918,Acid,1,0,0.47587273821028014,0.5851106614986483,0.34544873060933046,0.5845100293853106,0.6207518446485739
L54918,Cisplatin,1,0,0.19458719593808257,0.225038911752235,0.34544873060933046,0.25041905323794855,0.23773755357612855
L54918,CoCl2,1,0,0.23560044533301658,0.2804939261801946,0.34544873060933046,0.3021745740847485,0.29694822808198995
L54918,Dabrafenib,1,0,0.23203384804524899,0.2756368162578368,0.34544873060933046,0.29769186720445534,0.29176076939756723
L54918,Doxorubicin,1,1,0.29979943088858513,0.3678530659390343,0.34544873060933046,0.3820864010989679,0.3903993287071428
L54918,Trametinib,1,0,0.19726215106258552,0.22863240828353332,0.34544873060933046,0.2538064402842095,0.24155936494342767
L5495,Acid,0,1,0.4736194759800148,0.8441989962570668,0.35243458824260426,0.5911511383300082,0.8504053578063093
L5495,Cisplatin,0,1,0.18583642087064267,0.5047089406858957,0.35243458824260426,0.24792605383933436,0.5071442426240386
L5495,CoCl2,0,0,0.22867007436383363,0.5832503563175235,0.35243458824260426,0.3030823092829016,0.5870947237214614
L5495,Dabrafenib,0,1,0.24473499838108828,0.6094478365391913,0.35243458824260426,0.3235482098224008,0.6137874385662565
L5495,Doxorubicin,0,0,0.2866788719209133,0.6700767894476672,0.35243458824260426,0.37631669982935206,0.6758878479314744
L5495,Trametinib,0,1,0.20368386704128424,0.5391000928449208,0.35243458824260426,0.2710012699842927,0.5420672431588
L55,Acid,0,1,0.4736194759800148,0.7108442416316978,0.28555287656129524,0.5114944626587756,0.6864182665535142
L55,Cisplatin,0,0,0.18583642087064267,0.3161580641114466,0.28555287656129524,0.1927181151758242,0.28378208375054687
L55,CoCl2,0,1,0.22867007436383363,0.38836502474789064,0.28555287656129524,0.23950356805433162,0.3537973664003096
L55,Dabrafenib,0,0,0.24473499838108828,0.4145155800030287,0.28555287656129524,0.25726105904516533,0.3796354182426507
L55,Doxorubicin,0,1,0.2866788719209133,0.47956427892788855,0.28555287656129524,0.3040783167484456,0.4453642258746897
L55,Trametinib,0,0,0.20368386704128424,0.3466945899222729,0.28555287656129524,0.21210411523508785,0.31309506242097274
L55260,Acid,4,1,0.4785299066468458,0.7792814604749662,0.4065050940233681,0.6571067811804688,0.8625268793894759
L55260,Cisplatin,4,1,0.19815483583226198,0.4191207732363755,0.4065050940233681,0.31624147736522795,0.5516574245817626
L55260,CoCl2,4,1,0.22936006970462597,0.4746874973575028,0.4065050940233681,0.36054626538528206,0.6075328736052179
L55260,Dabrafenib,4,1,0.2240101926936385,0.465464490934688,0.4065050940233681,0.35305286560795657,0.5984671601579086
L55260,Doxorubicin,4,0,0.2891002187573746,0.5691415499659805,0.4065050940233681,0.4413265305925102,0.6959371947177718
L55260,Trametinib,4,1,0.191021945485207,0.40579850662930894,0.4065050940233681,0.30591498507741305,0.5378311484682331
L55272,Acid,4,0,0.4785299066468458,0.28113031182063863,0.03741211940487019,0.08492845431775936,0.1471258645934652
L55272,Cisplatin,4,0,0.19815483583226198,0.0740054563390073,0.03741211940487019,0.021908699082680727,0.032723471642433964
L55272,CoCl2,4,0,0.22936006970462597,0.09098371995446658,0.03741211940487019,0.026581088958288576,0.0408238631654541
L55272,Dabrafenib,4,0,0.2240101926936385,0.08796750590531295,0.03741211940487019,0.025749147683261437,0.03936644900463901
L55272,Doxorubicin,4,1,0.2891002187573746,0.12763912778414688,0.03741211940487019,0.03684832808937258,0.059204051243786866
L55272,Trametinib,4,1,0.191021945485207,0.07032501345783615,0.03741211940487019,0.020899527117591354,0.031003915024390778
L55579,Acid,1,0,0.47587273821028014,0.5630410643353265,0.3534638389072631,0.5938517287865464,0.5932814858074462
L55579,Cisplatin,1,0,0.19458719593808257,0.20968663773582571,0.3534638389072631,0.2577334175846555,0.21749634043360194
L55579,CoCl2,1,0,0.23560044533301658,0.2626406289661105,0.3534638389072631,0.3103746980467701,0.27347439375391475
L55579,Dabrafenib,1,0,0.23203384804524899,0.2579818237250687,0.3534638389072631,0.30582365602792305,0.2685403731173308
L55579,Doxorubicin,1,0,0.29979943088858513,0.34712197283306423,0.3534638389072631,0.39123927581606055,0.36335613414920614
L55579,Trametinib,1,0,0.19726215106258552,0.21310239657719668,0.3534638389072631,0.2611852701249001,0.22108713612687234
L55883,Acid,2,0,0.4723002644704608,0.4046476253627627,0.26042688129956226,0.4850833087067777,0.4454998752743242
L55883,Cisplatin,2,0,0.20261025237344546,0.1274092039915534,0.26042688129956226,0.1913302594132664,0.14540258479037513
L55883,CoCl2,2,0,0.22668291955083833,0.14819116449415742,0.26042688129956226,0.2160417862480619,0.1688060801880188
L55883,Dabrafenib,2,0,0.22668291955083833,0.14819116449415748,0.26042688129956226,0.21604178624806206,0.1688060801880188
L55883,Doxorubicin,2,0,0.2819646373115759,0.1995448816718135,0.26042688129956226,0.27414010336203715,0.22644838606542245
L55883,Trametinib,2,0,0.19458603455920903,0.12069983144878023,0.26042688129956226,0.18317774787288968,0.1378533186848725
L55974,Acid,3,1,0.47049894201675735,0.8134831501765434,0.3251707206200247,0.5674555516782053,0.7945153495058633
L55974,Cisplatin,3,1,0.1901270509498604,0.474260836178186,0.3251707206200247,0.2374436115986652,0.42663409395812024
L55974,CoCl2,3,0,0.2186598922625351,0.5267366642754673,0.3251707206200247,0.27279809935740823,0.48015564262100296
L55974,Dabrafenib,3,0,0.2186598922625351,0.526736664275468,0.3251707206200247,0.27279809935740823,0.48015564262100285
L55974,Doxorubicin,3,1,0.2882083795228566,0.6347651951275494,0.3251707206200247,0.3583277704916844,0.5945240236649616
L55974,Trametinib,3,0,0.19191054568686872,0.4776980741322434,0.3251707206200247,0.2396557574857184,0.43009015302833203
L56263,Acid,3,0,0.47049894201675735,0.2800284500633928,0.18879345670851952,0.38041376301522994,0.28464471052750207
L56263,Cisplatin,3,0,0.1901270509498604,0.07445610040842693,0.18879345670851952,0.12719220433116993,0.07112760253179112
L56263,CoCl2,3,1,0.2186598922625351,0.09029195479406704,0.18879345670851952,0.1493457191697793,0.08680242739929744
L56263,Dabrafenib,3,1,0.2186598922625351,0.09029195479406729,0.18879345670851952,0.14934571916977926,0.08680242739929742
L56263,Doxorubicin,3,0,0.2882083795228566,0.13418992647207914,0.18879345670851952,0.20719790660357662,0.13110781785259049
L56263,Trametinib,3,0,0.19191054568686872,0.07541135591620717,0.18879345670851952,0.1285503482958696,0.0720657579879659
L56535,Acid,2,0,0.4723002644704608,0.3123280499487586,0.27414865697468555,0.5037163307035258,0.24660042198597976
L56535,Cisplatin,2,0,0.20261025237344546,0.08889650017663632,0.27414865697468555,0.2031309547471904,0.06482268552978902
L56535,CoCl2,2,0,0.22668291955083833,0.10414634088636009,0.27414865697468555,0.22893513279321084,0.07641605390915893
L56535,Dabrafenib,2,0,0.22668291955083833,0.10414634088636013,0.27414865697468555,0.22893513279321098,0.07641605390915893
L56535,Doxorubicin,2,0,0.2819646373115759,0.14279558489371302,0.27414865697468555,0.2892215773171825,0.1065542167012735
L56535,Trametinib,2,0,0.19458603455920903,0.08401992822152263,0.27414865697468555,0.19459661829843178,0.06115770974071222
L56999,Acid,0,1,0.4736194759800148,0.9218478295269641,0.3612985825910645,0.6008407782263133,0.9418561089479457
L56999,Cisplatin,0,1,0.18583642087064267,0.6892788430766311,0.3612985825910645,0.255505657721249,0.7456844557041925
L56999,CoCl2,0,1,0.22867007436383363,0.7528823664198646,0.3612985825910645,0.3116493972164573,0.8020435389966163
L56999,Dabrafenib,0,0,0.24473499838108828,0.7725744570596564,0.3612985825910645,0.3324178632059874,0.8191217532997499
L56999,Doxorubicin,0,1,0.2866788719209133,0.815544245237112,0.3612985825910645,0.3858078897684393,0.8559541758750129
L56999,Trametinib,0,1,0.20368386704128424,0.7180144821210274,0.3612985825910645,0.27902460103535665,0.771326320739416
L57101,Acid,0,1,0.4736194759800148,0.6285664830940076,0.2912639372416768,0.5180449007001049,0.5929282556745886
L57101,Cisplatin,0,0,0.18583642087064267,0.24142177164893752,0.2912639372416768,0.19683105423608194,0.20864358369655556
L57101,CoCl2,0,0,0.22867007436383363,0.3041515279033174,0.2912639372416768,0.2443128127378601,0.2670323115351908
L57101,Dabrafenib,0,0,0.24473499838108828,0.32766941657107157,0.2912639372416768,0.2623038895782964,0.2893713613023962
L57101,Doxorubicin,0,1,0.2866788719209133,0.38812409528398895,0.2912639372416768,0.3096562546361356,0.348245023998606
L57101,Trametinib,0,0,0.20368386704128424,0.26756415214742696,0.2912639372416768,0.21651981906497025,0.23271706578313886
L57672,Acid,2,0,0.4723002644704608,0.41824820551231073,0.24516753216629592,0.46384877860929896,0.30963232359252213
L57672,Cisplatin,2,0,0.20261025237344546,0.13378550711129356,0.24516753216629592,0.1784971541495924,0.08674099859616065
L57672,CoCl2,2,0,0.22668291955083833,0.15542226908653953,0.24516753216629592,0.20196515816725885,0.10182756405772238
L57672,Dabrafenib,2,0,0.22668291955083833,0.15542226908653958,0.24516753216629592,0.201965158167259,0.10182756405772238
L57672,Doxorubicin,2,0,0.2819646373115759,0.20866797340549004,0.24516753216629592,0.25752146258611147,0.14046368769410844
L57672,Trametinib,2,0,0.19458603455920903,0.1267891472075863,0.24516753216629592,0.17077597957634846,0.08194538278726633
L57740,Acid,1,1,0.47587273821028014,0.2838807297763159,0.1995095174488228,0.39028768816329323,0.2929794013523912
L57740,Cisplatin,1,0,0.19458719593808257,0.07546505119145054,0.1995095174488228,0.13195333403394344,0.07318105188288213
L57740,CoCl2,1,0,0.23560044533301658,0.09875860442751293,0.1995095174488228,0.1646013404347801,0.09660138037816375
L57740,Dabrafenib,1,0,0.23203384804524899,0.0966258507238606,0.1995095174488228,0.1616866362639178,0.09444367206289551
L57740,Doxorubicin,1,1,0.29979943088858513,0.14057529225993384,0.1995095174488228,0.21957917208920613,0.1395140338790664
L57740,Trametinib,1,0,0.19726215106258552,0.07690713164142415,0.1995095174488228,0.13402477134134336,0.07461644312199858
L58090,Acid,2,0,0.4723002644704608,0.8596105737105338,0.3927103030719086,0.6410748517212455,0.8670633744907702
L58090,Cisplatin,2,0,0.20261025237344546,0.5681073632823651,0.3927103030719086,0.30966782018403927,0.580051659763785
L58090,CoCl2,2,1,0.22668291955083833,0.6104816070059713,0.3927103030719086,0.3431772669121253,0.6224586490416767
L58090,Dabrafenib,2,1,0.22668291955083833,0.6104816070059715,0.3927103030719086,0.34317726691212547,0.6224586490416767
L58090,Doxorubicin,2,1,0.2819646373115759,0.6919080588016111,0.3927103030719086,0.417267466853067,0.703836468646116
L58090,Trametinib,2,1,0.19458603455920903,0.5528954639591287,0.3927103030719086,0.29833319377352613,0.5648512295091174
L58986,Acid,0,0,0.4736194759800148,0.283084547091898,0.1841965069900862,0.36437556281306216,0.3053131833248142
L58986,Cisplatin,0,0,0.18583642087064267,0.06912653697676831,0.1841965069900862,0.11559186542974588,0.07369094511272158
L58986,CoCl2,0,0,0.22867007436383363,0.09254994172494373,0.1841965069900862,0.14706460352631212,0.09903983049331644
L58986,Dabrafenib,0,0,0.24473499838108828,0.10210704271472079,0.1841965069900862,0.15940497947427668,0.109423226731898
L58986,Doxorubicin,0,1,0.2866788719209133,0.1289259711728003,0.1841965069900862,0.19304250895266797,0.13883865639591128
L58986,Trametinib,0,0,0.20368386704128424,0.07854366914430409,0.1841965069900862,0.12845404014384468,0.08384319453545877
L5905,Acid,4,0,0.4785299066468458,0.40620275718381477,0.3372272205007182,0.5833120850743421,0.4001115991698689
L5905,Cisplatin,4,0,0.19815483583226198,0.12265193975772988,0.3372272205007182,0.25253429522818654,0.11567210523223526
L5905,CoCl2,4,1,0.22936006970462597,0.14899489279662376,0.3372272205007182,0.2917217430550052,0.1413060426513167
L5905,Dabrafenib,4,0,0.2240101926936385,0.1443609557083698,0.3372272205007182,0.28502118332786597,0.13677292572111727
L5905,Doxorubicin,4,0,0.2891002187573746,0.20378237673848631,0.3372272205007182,0.3659055286909441,0.1956963116876343
L5905,Trametinib,4,0,0.191021945485207,0.11685751411523455,0.3372272205007182,0.2435471123913493,0.11008984746116605
L5936,Acid,3,1,0.47049894201675735,0.28393797583778135,0.20908412853537472,0.4110548722130343,0.2630568529914624
L5936,Cisplatin,3,0,0.1901270509498604,0.07579774841898737,0.20908412853537472,0.14211543245025762,0.06427812582193748
L5936,CoCl2,3,0,0.2186598922625351,0.09189062358779186,0.20908412853537472,0.1663727187670124,0.07857117143540168
L5936,Dabrafenib,3,0,0.2186598922625351,0.09189062358779211,0.20908412853537472,0.1663727187670124,0.07857117143540164
L5936,Doxorubicin,3,0,0.2882083795228566,0.13644925330968105,0.20908412853537472,0.2290447141060226,0.11922370831808694
L5936,Trametinib,3,0,0.19191054568686872,0.07676878924958747,0.20908412853537472,0.14360670667605352,0.06513227319619565
L59420,Acid,0,1,0.4736194759800148,0.9062275669798071,0.36415394799958395,0.6037792536010507,0.9194599521853691
L59420,Cisplatin,0,1,0.18583642087064267,0.6450720446844055,0.36415394799958395,0.2578462182128534,0.6738888646751594
L59420,CoCl2,0,1,0.22867007436383363,0.7139694839289135,0.36415394799958395,0.3142871495952874,0.7406243266345709
L59420,Dabrafenib,0,0,0.24473499838108828,0.7356737638619522,0.36415394799958395,0.33514581195085513,0.7614251623717601
L59420,Doxorubicin,0,0,0.2866788719209133,0.7836632615700141,0.36415394799958395,0.38871885853850874,0.8072416316503185
L59420,Trametinib,0,1,0.20368386704128424,0.6759740797481953,0.36415394799958395,0.2814991453106458,0.7038951441648703
L5986,Acid,3,1,0.47049894201675735,0.4146843208666432,0.28903133154792665,0.5234922974795425,0.4623310977175451
L5986,Cisplatin,3,0,0.1901270509498604,0.1278074763493444,0.28903133154792665,0.2068226481016663,0.14198258485164011
L5986,CoCl2,3,0,0.2186598922625351,0.15311331540748604,0.28903133154792665,0.2390470563066792,0.17040753145473597
L5986,Dabrafenib,3,0,0.2186598922625351,0.15311331540748646,0.28903133154792665,0.2390470563066792,0.17040753145473592
L5986,Doxorubicin,3,0,0.2882083795228566,0.22016197956804173,0.28903133154792665,0.31863141550562263,0.2458957192613235
L5986,Trametinib,3,0,0.19191054568686872,0.12935155634413809,0.28903133154792665,0.20882763812241348,0.14371070935494845
L60064,Acid,3,1,0.47049894201675735,0.2800284500633928,0.21855191014418957,0.426104478634196,0.316490632549224
L60064,Cisplatin,3,1,0.1901270509498604,0.07445610040842693,0.21855191014418957,0.14982345307055847,0.08181749708887803
L60064,CoCl2,3,1,0.2186598922625351,0.09029195479406704,0.21855191014418957,0.17512782209015013,0.09959552617294515
L60064,Dabrafenib,3,0,0.2186598922625351,0.09029195479406729,0.21855191014418957,0.17512782209015015,0.0995955261729451
L60064,Doxorubicin,3,1,0.2882083795228566,0.13418992647207914,0.21855191014418957,0.24014775479080064,0.1493627089105758
L60064,Trametinib,3,0,0.19191054568686872,0.07541135591620717,0.21855191014418957,0.15138133806339732,0.08288406831914279
L6043,Acid,1,1,0.47587273821028014,0.8063953357381932,0.4244259891527132,0.6668890237505797,0.840181674679045
L6043,Cisplatin,1,0,0.19458719593808257,0.4616820777403089,0.4244259891527132,0.32222919771880465,0.5004290593000644
L6043,CoCl2,1,1,0.23560044533301658,0.5351802190909166,0.4244259891527132,0.3812769922190321,0.5756563086974701
L6043,Dabrafenib,1,0,0.23203384804524899,0.5291563591715079,0.4244259891527132,0.3762535266773282,0.5695442757134382
L6043,Doxorubicin,1,1,0.29979943088858513,0.6321678922325292,0.4244259891527132,0.46807613957078886,0.6728724942488349
L6043,Trametinib,1,1,0.19726215106258552,0.4667783080553676,0.4244259891527132,0.32616528056702326,0.5056723900513914
L60553,Acid,4,0,0.4785299066468458,0.4343535892129345,0.2645530590764448,0.4925909835124037,0.38560315080279606
L60553,Cisplatin,4,0,0.19815483583226198,0.1356408285446726,0.2645530590764448,0.18982242635840268,0.10959344547623592
L60553,CoCl2,4,0,0.22936006970462597,0.16425123627085533,0.2645530590764448,0.22217094422990344,0.13408454839351194
L60553,Dabrafenib,4,0,0.2240101926936385,0.15923158911457905,0.2645530590764448,0.2165794052976085,0.12974809331654705
L60553,Doxorubicin,4,0,0.2891002187573746,0.2231774654903519,0.2645530590764448,0.2858050924774764,0.1862982402322124
L60553,Trametinib,4,0,0.191021945485207,0.1293232217737924,0.2645530590764448,0.18252205603597804,0.10426995096982547
L60620,Acid,0,1,0.4736194759800148,0.2913335192140022,0.09644998459233756,0.20719808667059028,0.20987085312923615
L60620,Cisplatin,0,1,0.18583642087064267,0.07176496068223485,0.09644998459233756,0.05623550173642489,0.04587348424632802
L60620,CoCl2,0,0,0.22867007436383363,0.09599020016883097,0.09644998459233756,0.07287875510630534,0.06229700189491058
L60620,Dabrafenib,0,1,0.24473499838108828,0.10586111354471528,0.09644998459233756,0.07957486904201673,0.0691238029400863
L60620,Doxorubicin,0,0,0.2866788719209133,0.13351944255669992,0.09644998459233756,0.09833740494448523,0.08878587214749649
L60620,Trametinib,0,1,0.20368386704128424,0.08151005317126969,0.09644998459233756,0.06296316238441821,0.05241021263176095
L61163,Acid,3,0,0.47049894201675735,0.6205432124148139,0.2673362491971076,0.4950739085637407,0.6300735702047421
L61163,Cisplatin,3,1,0.1901270509498604,0.2527503940096683,0.2673362491971076,0.18878434151915477,0.2468607186229189
L61163,CoCl2,3,1,0.2186598922625351,0.2944433700416058,0.2673362491971076,0.21897415496690492,0.28920512557360467
L61163,Dabrafenib,3,0,0.2186598922625351,0.2944433700416064,0.2673362491971076,0.21897415496690492,0.2892051255736046
L61163,Doxorubicin,3,0,0.2882083795228566,0.39454801926848,0.2673362491971076,0.29446175801434255,0.39242527694294416
L61163,Trametinib,3,0,0.19191054568686872,0.2553620005339106,0.2673362491971076,0.19065649680183355,0.24949417116185107
L61172,Acid,3,1,0.47049894201675735,0.5724756131613613,0.4107929029971746,0.659339604593968,0.6560083430839718
L61172,Cisplatin,3,1,0.1901270509498604,0.21688835032338588,0.4107929029971746,0.314778924880741,0.26846937571847146
L61172,CoCl2,3,1,0.2186598922625351,0.2546818492484012,0.4107929029971746,0.3562685427239909,0.3129800217498453
L61172,Dabrafenib,3,0,0.2186598922625351,0.25468184924840176,0.4107929029971746,0.3562685427239908,0.3129800217498453
L61172,Doxorubicin,3,0,0.2882083795228566,0.34793464949882125,0.4107929029971746,0.45171242556490815,0.4196755656149949
L61172,Trametinib,3,0,0.19191054568686872,0.21923812129660528,0.4107929029971746,0.3174116621724147,0.27125032178455516
L61259,Acid,2,1,0.4723002644704608,0.6146302014140563,0.39725694653425053,0.6455152269088655,0.6107886774327234
L61259,Cisplatin,2,1,0.20261025237344546,0.2551923354445242,0.39725694653425053,0.3138197274698031,0.24943544900913053
L61259,CoCl2,2,0,0.22668291955083833,0.28989278672506474,0.39725694653425053,0.34755226213051127,0.284018721129538
L61259,Dabrafenib,2,0,0.22668291955083833,0.28989278672506485,0.39725694653425053,0.34755226213051144,0.284018721129538
L61259,Doxorubicin,2,0,0.2819646373115759,0.3690750157000719,0.39725694653425053,0.4219801756042821,0.3637842660712415
L61259,Trametinib,2,0,0.19458603455920903,0.24363269509474436,0.39725694653425053,0.30239970126925014,0.23798899777230476
L61285,Acid,3,0,0.47049894201675735,0.2800284500633928,0.27292346466563266,0.5030986425265895,0.3279902427204988
L61285,Cisplatin,3,0,0.1901270509498604,0.07445610040842693,0.27292346466563266,0.1937494235627558,0.08586143890131236
L61285,CoCl2,3,0,0.2186598922625351,0.09029195479406704,0.27292346466563266,0.22451348866947837,0.10441824283958932
L61285,Dabrafenib,3,0,0.2186598922625351,0.09029195479406729,0.27292346466563266,0.22451348866947837,0.10441824283958928
L61285,Doxorubicin,3,0,0.2882083795228566,0.13418992647207914,0.27292346466563266,0.30117431799301536,0.15617730410885147
L61285,Trametinib,3,0,0.19191054568686872,0.07541135591620717,0.27292346466563266,0.19565894118622132,0.0869757332299734
L61442,Acid,3,0,0.47049894201675735,0.2800284500633928,0.11834966598709584,0.25613164414953055,0.2900825593152947
L61442,Cisplatin,3,0,0.1901270509498604,0.07445610040842693,0.11834966598709584,0.07555056765967982,0.07290211854308778
L61442,CoCl2,3,0,0.2186598922625351,0.09029195479406704,0.11834966598709584,0.08963317944556087,0.08893056404874788
L61442,Dabrafenib,3,0,0.2186598922625351,0.09029195479406729,0.11834966598709584,0.0896331794455609,0.08893056404874788
L61442,Doxorubicin,3,0,0.2882083795228566,0.13418992647207914,0.11834966598709584,0.1278304170507881,0.13416260595655113
L61442,Trametinib,3,0,0.19191054568686872,0.07541135591620717,0.11834966598709584,0.07640555966762956,0.07386181827959776
L61693,Acid,2,0,0.4723002644704608,0.3123280499487586,0.4424633987748689,0.6893603196692384,0.4476470282454682
L61693,Cisplatin,2,0,0.20261025237344546,0.08889650017663632,0.4424633987748689,0.3578806484548662,0.14648546832733797
L61693,CoCl2,2,0,0.22668291955083833,0.10414634088636009,0.4424633987748689,0.3936323910057126,0.17002858316671818
L61693,Dabrafenib,2,0,0.22668291955083833,0.10414634088636013,0.4424633987748689,0.39363239100571285,0.17002858316671818
L61693,Doxorubicin,2,0,0.2819646373115759,0.14279558489371302,0.4424633987748689,0.4708075384612725,0.2279738429919692
L61693,Trametinib,2,0,0.19458603455920903,0.08401992822152263,0.4424633987748689,0.3456649414661779,0.13888911654296077
L61901,Acid,4,0,0.4785299066468458,0.29897467523817,0.07376406217577135,0.1648505932571067,0.15420294199686796
L61901,Cisplatin,4,0,0.19815483583226198,0.08016901387354933,0.07376406217577135,0.04547299730123176,0.03452027800173019
L61901,CoCl2,4,0,0.22936006970462597,0.09841103684850079,0.07376406217577135,0.0548888396278231,0.043045658569689144
L61901,Dabrafenib,4,0,0.2240101926936385,0.09517437853277874,0.07376406217577135,0.053219354597916296,0.041512359018351576
L61901,Doxorubicin,4,0,0.2891002187573746,0.13760578088210432,0.07376406217577135,0.07524505042855117,0.06236113260944531
L61901,Trametinib,4,0,0.191021945485207,0.07620727108441683,0.07376406217577135,0.043426584636998264,0.032709495476317615
L62285,Acid,0,0,0.4736194759800148,0.283084547091898,0.19804107980439298,0.38674691161857605,0.17980095368558283
L62285,Cisplatin,0,0,0.18583642087064267,0.06912653697676831,0.19804107980439298,0.1257096663870811,0.0381658247675625
L62285,CoCl2,0,0,0.22867007436383363,0.09254994172494373,0.19804107980439298,0.15944058795347715,0.05198019877735053
L62285,Dabrafenib,0,0,0.24473499838108828,0.10210704271472079,0.19804107980439298,0.17260928931815345,0.057746058515446605
L62285,Doxorubicin,0,0,0.2866788719209133,0.1289259711728003,0.19804107980439298,0.20834257913053006,0.07443053248637006
L62285,Trametinib,0,0,0.20368386704128424,0.07854366914430409,0.19804107980439298,0.1395200664318386,0.04365450348114437
L62684,Acid,1,1,0.47587273821028014,0.890801365433274,0.3341540857605425,0.5717284708606458,0.8902593745864379
L62684,Cisplatin,1,1,0.19458719593808257,0.6268260146753485,0.3341540857605425,0.2407106610365354,0.607193170362764
L62684,CoCl2,1,1,0.23560044533301658,0.6927805242382822,0.3341540857605425,0.29123928681338024,0.6767289863016689
L62684,Dabrafenib,1,0,0.23203384804524899,0.6876068960977754,0.3341540857605425,0.28685211865905863,0.6712413425434054
L62684,Doxorubicin,1,1,0.29979943088858513,0.7709574638873968,0.3341540857605425,0.36979168943181623,0.7604263922370903
L62684,Trametinib,1,0,0.19726215106258552,0.6316063392269864,0.3341540857605425,0.24400947356679042,0.6121843372151317
L62700,Acid,2,1,0.4723002644704608,0.8041128286177633,0.3827816783729081,0.6307405225285618,0.7767260341108357
L62700,Cisplatin,2,0,0.20261025237344546,0.46861005144118506,0.3827816783729081,0.30020746852170455,0.42419740454637866
L62700,CoCl2,2,1,0.22668291955083833,0.5123671138947551,0.3827816783729081,0.3331872947621884,0.4679056055609289
L62700,Dabrafenib,2,0,0.22668291955083833,0.5123671138947552,0.3827816783729081,0.33318729476218856,0.4679056055609289
L62700,Doxorubicin,2,0,0.2819646373115759,0.6008951517720752,0.3827816783729081,0.4064553730867258,0.5589946367533057
L62700,Trametinib,2,1,0.19458603455920903,0.4532663059064907,0.3827816783729081,0.2890741144393226,0.409102455954829
L62936,Acid,0,1,0.4736194759800148,0.5439837276231255,0.19758103101718036,0.3857188019842666,0.41070382834421526
L62936,Cisplatin,0,0,0.18583642087064267,0.18323506360856895,0.19758103101718036,0.1252337769871901,0.11202102250254556
L62936,CoCl2,0,0,0.22867007436383363,0.23554035626654451,0.19758103101718036,0.15886020798049497,0.1484421059674181
L62936,Dabrafenib,0,0,0.24473499838108828,0.25570252901259855,0.19758103101718036,0.17199078222008007,0.16306743840762433
L62936,Doxorubicin,0,0,0.2866788719209133,0.3089814462152227,0.19758103101718036,0.20762816107771254,0.2036067146697867
L62936,Trametinib,0,1,0.20368386704128424,0.20477757390804432,0.19758103101718036,0.13900020802334656,0.1267314632855745
L63265,Acid,3,1,0.47049894201675735,0.2800284500633928,0.06998852152407906,0.1576622573203489,0.23979498740227567
L63265,Cisplatin,3,0,0.1901270509498604,0.07445610040842693,0.06998852152407906,0.042535503431867884,0.057229026971110375
L63265,CoCl2,3,0,0.2186598922625351,0.09029195479406704,0.06998852152407906,0.050802301104458596,0.07007199691783701
L63265,Dabrafenib,3,0,0.2186598922625351,0.09029195479406729,0.06998852152407906,0.050802301104458596,0.07007199691783698
L63265,Doxorubicin,3,0,0.2882083795228566,0.13418992647207914,0.06998852152407906,0.07379307683085884,0.10683695281051096
L63265,Trametinib,3,0,0.19191054568686872,0.07541135591620717,0.06998852152407906,0.043034262700554195,0.05799530939537284
L6369,Acid,4,1,0.4785299066468458,0.9366273058695112,0.40841112209308184,0.6589546056376737,0.9512098151635409
L6369,Cisplatin,4,1,0.19815483583226198,0.7512676670707394,0.40841112209308184,0.31801976983033103,0.7926768961131905
L6369,CoCl2,4,1,0.22936006970462597,0.790912043136472,0.40841112209308184,0.36244163329679235,0.8278863835846965
L6369,Dabrafenib,4,1,0.2240101926936385,0.7847231398440898,0.40841112209308184,0.3549307060297826,0.8224229104992499
L6369,Doxorubicin,4,1,0.2891002187573746,0.8468515829415529,0.40841112209308184,0.44335212813811825,0.8767268373948301
L6369,Trametinib,4,1,0.191021945485207,0.740852982824209,0.40841112209308184,0.3076613375718118,0.7833645118573963
L64121,Acid,3,1,0.47049894201675735,0.5626436733180362,0.37159260944483896,0.6201791641622895,0.5720189415058778
L64121,Cisplatin,3,1,0.1901270509498604,0.21016135051477408,0.37159260944483896,0.2793043527567048,0.20458748708472027
L64121,CoCl2,3,1,0.2186598922625351,0.24715259853498056,0.37159260944483896,0.31829014217222806,0.24201076988246575
L64121,Dabrafenib,3,0,0.2186598922625351,0.24715259853498114,0.37159260944483896,0.3182901421722282,0.24201076988246575
L64121,Doxorubicin,3,1,0.2882083795228566,0.3389021017609692,0.37159260944483896,0.4100404704210535,0.33635765964156383
L64121,Trametinib,3,0,0.19191054568686872,0.21245801352685967,0.37159260944483896,0.28176239226372507,0.20689386152529982
L64481,Acid,2,0,0.4723002644704608,0.3123280499487586,0.20309992399721635,0.40186828226716226,0.32842203343616394
L64481,Cisplatin,2,0,0.20261025237344546,0.08889650017663632,0.20309992399721635,0.144378263252953,0.0938433968303293
L64481,CoCl2,2,0,0.22668291955083833,0.10414634088636009,0.20309992399721635,0.16425739269609965,0.11001644728128962
L64481,Dabrafenib,2,0,0.22668291955083833,0.10414634088636013,0.20309992399721635,0.1642573926960998,0.11001644728128962
L64481,Doxorubicin,2,0,0.2819646373115759,0.14279558489371302,0.20309992399721635,0.21219919283739097,0.15123647576168636
L64481,Trametinib,2,0,0.19458603455920903,0.08401992822152263,0.20309992399721635,0.13788523793323273,0.08869324830602494
L64673,Acid,0,0,0.4736194759800148,0.283084547091898,0.32497466901733313,0.5599838803301769,0.20535444813141954
L64673,Cisplatin,0,0,0.18583642087064267,0.06912653697676831,0.32497466901733313,0.22490044434823592,0.04468669159057708
L64673,CoCl2,0,0,0.22867007436383363,0.09254994172494373,0.32497466901733313,0.2768196509822543,0.060712353001340875
L64673,Dabrafenib,0,0,0.24473499838108828,0.10210704271472079,0.32497466901733313,0.2962660346715093,0.06737797843904443
L64673,Doxorubicin,0,1,0.2866788719209133,0.1289259711728003,0.32497466901733313,0.34686659343095966,0.08658964583641077
L64673,Trametinib,0,0,0.20368386704128424,0.07854366914430409,0.32497466901733313,0.24653510920280686,0.05106335890406968
L64746,Acid,0,0,0.4736194759800148,0.28466937869202136,0.28677384844367154,0.5125958746838887,0.31754963887122095
L64746,Cisplatin,0,0,0.18583642087064267,0.06962987611271007,0.28677384844367154,0.1934048638267916,0.0776824220450669
L64746,CoCl2,0,0,0.22867007436383363,0.09320675900005541,0.28677384844367154,0.2403074079479493,0.10424980754073122
L64746,Dabrafenib,0,0,0.24473499838108828,0.10282400034002308,0.28677384844367154,0.25810427070021363,0.11510963444850753
L64746,Doxorubicin,0,1,0.2866788719209133,0.1298040178991264,0.28677384844367154,0.30501196321521923,0.14580343370582044
L64746,Trametinib,0,0,0.20368386704128424,0.07910975095779173,0.28677384844367154,0.21284173209132418,0.08833213119342564
L64783,Acid,4,0,0.4785299066468458,0.29897467523817,0.18193723314272767,0.36865132730746203,0.3060763712032004
L64783,Cisplatin,4,0,0.19815483583226198,0.08016901387354933,0.18193723314272767,0.12351757765646147,0.07961456114711199
L64783,CoCl2,4,0,0.22936006970462597,0.09841103684850079,0.18193723314272767,0.1466115287694891,0.0981446568073401
L64783,Dabrafenib,4,0,0.2240101926936385,0.09517437853277874,0.18193723314272767,0.1425730821755191,0.09484323056484467
L64783,Doxorubicin,4,0,0.2891002187573746,0.13760578088210432,0.18193723314272767,0.19400172016126818,0.13860320771649864
L64783,Trametinib,4,0,0.191021945485207,0.07620727108441683,0.18193723314272767,0.11839457778261346,0.07562360977878844
L64990,Acid,4,1,0.4785299066468458,0.8886193898266045,0.29128342879049485,0.5276699231323013,0.8673985102483854
L64990,Cisplatin,4,0,0.19815483583226198,0.6198350208259142,0.29128342879049485,0.2123641637207846,0.5619505192901636
L64990,CoCl2,4,1,0.22936006970462597,0.6712612703878418,0.29128342879049485,0.24738117017064054,0.6174327751282047
L64990,Dabrafenib,4,0,0.2240101926936385,0.6630396281114798,0.29128342879049485,0.24135202066766448,0.6084483589223065
L64990,Doxorubicin,4,1,0.2891002187573746,0.7490555104123359,0.29128342879049485,0.31530896361515626,0.7046910622625338
L64990,Trametinib,4,0,0.191021945485207,0.6067974204960449,0.29128342879049485,0.2044155970979544,0.5481816908532692
L65002,Acid,2,0,0.4723002644704608,0.49141907427794224,0.3147175534694671,0.5548644902316981,0.42228558829521223
L65002,Cisplatin,2,0,0.20261025237344546,0.17189544994185627,0.3147175534694671,0.23842026954160286,0.13404563533227012
L65002,CoCl2,2,0,0.22668291955083833,0.19828476333443998,0.3147175534694671,0.2672041396744074,0.1559547411649585
L65002,Dabrafenib,2,0,0.22668291955083833,0.19828476333444006,0.3147175534694671,0.26720413967440754,0.1559547411649585
L65002,Doxorubicin,2,0,0.2819646373115759,0.2616652057913922,0.3147175534694671,0.3332131469416429,0.2103190893979122
L65002,Trametinib,2,0,0.19458603455920903,0.1632817934473473,0.3147175534694671,0.2288290454066957,0.1269983936336476
L65036,Acid,0,0,0.4736194759800148,0.28466937869202136,0.2343729881765092,0.44175743686539154,0.23667542972891517
L65036,Cisplatin,0,0,0.18583642087064267,0.06962987611271007,0.2343729881765092,0.152844538560239,0.053141143465179584
L65036,CoCl2,0,0,0.22867007436383363,0.09320675900005541,0.2343729881765092,0.1922553288893947,0.07197034478378354
L65036,Dabrafenib,0,0,0.24473499838108828,0.10282400034002308,0.2343729881765092,0.20746535857345708,0.07976702192901802
L65036,Doxorubicin,0,1,0.2866788719209133,0.1298040178991264,0.2343729881765092,0.24824945925803094,0.10212439142208113
L65036,Trametinib,0,0,0.20368386704128424,0.07910975095779173,0.2343729881765092,0.16905952819709422,0.060647648196194386
L65794,Acid,4,1,0.4785299066468458,0.5848915139737458,0.24275144333684204,0.4624999903579393,0.4890871196542909
L65794,Cisplatin,4,1,0.19815483583226198,0.22357011985481173,0.24275144333684204,0.17195873999007144,0.15806097378367895
L65794,CoCl2,4,0,0.22936006970462597,0.26504023076108213,0.24275144333684204,0.20202212034717565,0.19105913218496204
L65794,Dabrafenib,4,1,0.2240101926936385,0.2578908613459247,0.24275144333684204,0.19680937313362407,0.18527430554458243
L65794,Doxorubicin,4,0,0.2891002187573746,0.34519049595410295,0.24275144333684204,0.2618278516629823,0.25882756932563955
L65794,Trametinib,4,0,0.191021945485207,0.2141718800980559,0.24275144333684204,0.16520529657006816,0.15078185166067515
L65984,Acid,2,0,0.4723002644704608,0.2807695161874157,0.30470018718770675,0.5425307148638571,0.3275660468830699
L65984,Cisplatin,2,0,0.20261025237344546,0.07737396318390978,0.30470018718770675,0.2294940755952111,0.09351367325562138
L65984,CoCl2,2,0,0.22668291955083833,0.09084424576363263,0.30470018718770675,0.25756476370565373,0.10963677415959304
L65984,Dabrafenib,2,0,0.22668291955083833,0.09084424576363272,0.30470018718770675,0.2575647637056539,0.10963677415959304
L65984,Doxorubicin,2,0,0.2819646373115759,0.1252471706812583,0.30470018718770675,0.32223963968828706,0.15073864361847325
L65984,Trametinib,2,0,0.19458603455920903,0.07307878074846619,0.30470018718770675,0.22015813180899954,0.08837985515801014
L66014,Acid,4,1,0.4785299066468458,0.4343535892129345,0.2806773008889607,0.5141524621016954,0.47972767357941176
L66014,Cisplatin,4,0,0.19815483583226198,0.1356408285446726,0.2806773008889607,0.2034448827852615,0.15313751003026296
L66014,CoCl2,4,0,0.22936006970462597,0.16425123627085533,0.2806773008889607,0.23743452656821967,0.18533406546906742
L66014,Dabrafenib,4,0,0.2240101926936385,0.15923158911457905,0.2806773008889607,0.23157320592485875,0.17968407742845527
L66014,Doxorubicin,4,0,0.2891002187573746,0.2231774654903519,0.2806773008889607,0.3037333318817213,0.25170367711575814
L66014,Trametinib,4,0,0.191021945485207,0.1293232217737924,0.2806773008889607,0.1957471880361074,0.14604579545101573
L66057,Acid,4,0,0.4785299066468458,0.29897467523817,0.24424954445975577,0.4644849835368191,0.25926120372838385
L66057,Cisplatin,4,0,0.19815483583226198,0.08016901387354933,0.24424954445975577,0.17309834343501854,0.06423114537467262
L66057,CoCl2,4,0,0.22936006970462597,0.09841103684850079,0.24424954445975577,0.20331204046421336,0.07949001780024625
L66057,Dabrafenib,4,0,0.2240101926936385,0.09517437853277874,0.24424954445975577,0.19807427129920477,0.07676269165995084
L66057,Doxorubicin,4,0,0.2891002187573746,0.13760578088210432,0.24424954445975577,0.26337359989733006,0.11322394959155907
L66057,Trametinib,4,0,0.191021945485207,0.07620727108441683,0.24424954445975577,0.16630913280970838,0.06096026454100541
L66204,Acid,2,0,0.4723002644704608,0.5766110902145227,0.32246094002282416,0.5640227732787123,0.586922317273307
L66204,Cisplatin,2,0,0.20261025237344546,0.2263479084673042,0.32246094002282416,0.2452329719662862,0.2312978519619635
L66204,CoCl2,2,0,0.22668291955083833,0.25848737101711444,0.32246094002282416,0.2745428253631363,0.2642517706828619
L66204,Dabrafenib,2,0,0.22668291955083833,0.25848737101711455,0.32246094002282416,0.27454282536313646,0.26425177068286193
L66204,Doxorubicin,2,0,0.2819646373115759,0.33311549810988067,0.32246094002282416,0.34151983970718736,0.341110699130888
L66204,Trametinib,2,0,0.19458603455920903,0.21571643279913374,0.32246094002282416,0.23545241507468997,0.2204392728962345
L66476,Acid,1,1,0.47587273821028014,0.4158230698941236,0.3410824180755739,0.5797892179271468,0.5200809178590758
L66476,Cisplatin,1,0,0.19458719593808257,0.12783116011857792,0.3410824180755739,0.24679379661949258,0.17115021646953055
L66476,CoCl2,1,0,0.23560044533301658,0.16441393610034288,0.3410824180755739,0.2980980325176164,0.2185311934980368
L66476,Dabrafenib,1,1,0.23203384804524899,0.16111678970316778,0.3410824180755739,0.2936503521608841,0.21429606787008124
L66476,Doxorubicin,1,0,0.29979943088858513,0.2270276463322885,0.3410824180755739,0.37751501442244273,0.29775575963179557
L66476,Trametinib,1,0,0.19726215106258552,0.1301330671248022,0.3410824180755739,0.2501485102594586,0.17414613860519962
L66506,Acid,0,0,0.4736194759800148,0.4298468745140477,0.18991835368183532,0.37378415466333703,0.42998405849580223
L66506,Cisplatin,0,0,0.18583642087064267,0.12417784540581833,0.18991835368183532,0.1197871969722394,0.12013830025942974
L66506,CoCl2,0,0,0.22867007436383363,0.16298910354354232,0.18991835368183532,0.15220563209413787,0.15872678236408624
L66506,Dabrafenib,0,0,0.24473499838108828,0.17839013043284646,0.18991835368183532,0.16489399957925585,0.1741581798719459
L66506,Doxorubicin,0,0,0.2866788719209133,0.22032864646066275,0.18991835368183532,0.19941503641930472,0.21674062833962368
L66506,Trametinib,0,0,0.20368386704128424,0.13996698092727364,0.18991835368183532,0.13304596922393586,0.13575173103308583
L66564,Acid,1,1,0.47587273821028014,0.7239480205667467,0.39499866250996457,0.6377985353203436,0.7511246061397493
L66564,Cisplatin,1,0,0.19458719593808257,0.3506465956259816,0.39499866250996457,0.2948648896406789,0.3651118739097466
L66564,CoCl2,1,1,0.23560044533301658,0.4202684092817095,0.39499866250996457,0.35149877876115665,0.4378249379209484
L66564,Dabrafenib,1,0,0.23203384804524899,0.4143848908102248,0.39499866250996457,0.34664783904274715,0.43168757822982545
L66564,Doxorubicin,1,1,0.29979943088858513,0.5197155163397339,0.39499866250996457,0.43629917457947986,0.5414656943520737
L66564,Trametinib,1,0,0.19726215106258552,0.3553261864313142,0.39499866250996457,0.2986139818656991,0.3699874398011129
L66947,Acid,2,0,0.4723002644704608,0.28798107904013687,0.044237776371596205,0.10030437376923593,0.2028004170730518
L66947,Cisplatin,2,0,0.20261025237344546,0.07994198058564067,0.044237776371596205,0.027237313619642385,0.051118530408822735
L66947,CoCl2,2,1,0.22668291955083833,0.0938138784504659,0.044237776371596205,0.03158291333291925,0.06041929581475016
L66947,Dabrafenib,2,0,0.22668291955083833,0.09381387845046599,0.044237776371596205,0.03158291333291928,0.06041929581475019
L66947,Doxorubicin,2,0,0.2819646373115759,0.12918161513286344,0.044237776371596205,0.042783361952645295,0.08482786988695286
L66947,Trametinib,2,0,0.19458603455920903,0.07551591043043948,0.044237776371596205,0.025853209130845024,0.04818844162005359
L67284,Acid,3,1,0.47049894201675735,0.6961890807098071,0.41487406425099954,0.6632619725810109,0.7549055834755773
L67284,Cisplatin,3,0,0.1901270509498604,0.3215548243793495,0.41487406425099954,0.31856836412688216,0.37214886094277533
L67284,CoCl2,3,0,0.2186598922625351,0.3689930412355336,0.41487406425099954,0.360294826206455,0.42388845870677416
L67284,Dabrafenib,3,0,0.2186598922625351,0.36899304123553434,0.41487406425099954,0.360294826206455,0.42388845870677405
L67284,Doxorubicin,3,0,0.2882083795228566,0.4772973307951835,0.41487406425099954,0.4560531826824531,0.5387441007935422
L67284,Trametinib,3,0,0.19191054568686872,0.3245685728474314,0.41487406425099954,0.32121793789630776,0.3754525682062157
L67792,Acid,4,0,0.4785299066468458,0.40620275718381477,0.29158893135204733,0.5279188096799405,0.3663530964479746
L67792,Cisplatin,4,0,0.19815483583226198,0.12265193975772988,0.29158893135204733,0.21253124852237884,0.10183842189406671
L67792,CoCl2,4,0,0.22936006970462597,0.14899489279662376,0.29158893135204733,0.24756714611648883,0.1248394715620816
L67792,Dabrafenib,4,0,0.2240101926936385,0.1443609557083698,0.29158893135204733,0.2415349186510464,0.12076031533967095
L67792,Doxorubicin,4,1,0.2891002187573746,0.20378237673848631,0.29158893135204733,0.31552459727277593,0.174177205716577
L67792,Trametinib,4,0,0.191021945485207,0.11685751411523455,0.29158893135204733,0.2045780524360505,0.0968506530425421
L67907,Acid,4,0,0.4785299066468458,0.5255779237450564,0.2486973827882828,0.47088219703765843,0.3086712406155311
L67907,Cisplatin,4,0,0.19815483583226198,0.18460313531992736,0.2486973827882828,0.1768073804921658,0.0805122782904046
L67907,CoCl2,4,0,0.22936006970462597,0.2209016798175546,0.2486973827882828,0.20750601574055216,0.09922878899115944
L67907,Dabrafenib,4,0,0.2240101926936385,0.21459529197880728,0.2486973827882828,0.20218762097283557,0.09589477201862401
L67907,Doxorubicin,4,0,0.2891002187573746,0.293025836707728,0.2486973827882828,0.26838915684817405,0.14006484651701442
L67907,Trametinib,4,0,0.191021945485207,0.17647064883638314,0.2486973827882828,0.1699025856761816,0.07648006518930571
L67920,Acid,1,0,0.47587273821028014,0.2838807297763159,0.12899606532138655,0.2700306661751027,0.14195855363497456
L67920,Cisplatin,1,0,0.19458719593808257,0.07546505119145054,0.12899606532138655,0.08075290355253001,0.0305613376202558
L67920,CoCl2,1,0,0.23560044533301658,0.09875860442751293,0.12899606532138655,0.10222469724879907,0.04094453228618579
L67920,Dabrafenib,1,0,0.23203384804524899,0.0966258507238606,0.12899606532138655,0.10028194691044583,0.039974977397308355
L67920,Doxorubicin,1,0,0.29979943088858513,0.14057529225993384,0.12899606532138655,0.13985626001819437,0.06079696119546374
L67920,Trametinib,1,0,0.19726215106258552,0.07690713164142415,0.12899606532138655,0.08209659973151301,0.031188906395614016
L68231,Acid,0,1,0.4736194759800148,0.782353401360731,0.3433719664317895,0.5807341262226323,0.8133626520447272
L68231,Cisplatin,0,1,0.18583642087064267,0.4033470097711745,0.3433719664317895,0.24000674960375804,0.4409776395928885
L68231,CoCl2,0,0,0.22867007436383363,0.48144754744040785,0.3433719664317895,0.29409012980950716,0.521535105556374
L68231,Dabrafenib,0,0,0.24473499838108828,0.508653403218727,0.3433719664317895,0.3142225988373283,0.5492118025112628
L68231,Doxorubicin,0,1,0.2866788719209133,0.5739920736147943,0.3433719664317895,0.36629372538315375,0.6151857097339326
L68231,Trametinib,0,0,0.20368386704128424,0.43692423355461923,0.3433719664317895,0.2626022569646291,0.4757424302819878
L68277,Acid,4,1,0.4785299066468458,0.7213999091321578,0.3050102198272576,0.5449797757281803,0.7265855570422204
L68277,Cisplatin,4,1,0.19815483583226198,0.34604913014072036,0.3050102198272576,0.22424120507965595,0.34260637266002414
L68277,CoCl2,4,1,0.22936006970462597,0.3985754288675302,0.3050102198272576,0.26056874009117414,0.3960103052145867
L68277,Dabrafenib,4,1,0.2240101926936385,0.38973409508927953,0.3050102198272576,0.2543267947870342,0.38698865184704284
L68277,Doxorubicin,4,1,0.2891002187573746,0.4920711238114417,0.3050102198272576,0.33052738012547844,0.49223930656657644
L68277,Trametinib,4,1,0.191021945485207,0.33371516011583363,0.3050102198272576,0.21596998773857534,0.330161203023424
L68311,Acid,2,1,0.4723002644704608,0.8302982382512155,0.30047431797802177,0.5371090424751264,0.824425909711028
L68311,Cisplatin,2,0,0.20261025237344546,0.5124515518361374,0.30047431797802177,0.22565757937822278,0.4985930198540764
L68311,CoCl2,2,0,0.22668291955083833,0.5560188763684716,0.30047431797802177,0.2534133413700949,0.5427413577428922
L68311,Dabrafenib,2,0,0.22668291955083833,0.5560188763684718,0.30047431797802177,0.253413341370095,0.5427413577428922
L68311,Doxorubicin,2,1,0.2819646373115759,0.6421568789756329,0.30047431797802177,0.3174915684311335,0.6311191240791219
L68311,Trametinib,2,0,0.19458603455920903,0.49701494503283594,0.30047431797802177,0.21643386632272105,0.483071725759847
L68739,Acid,2,0,0.4723002644704608,0.28798107904013687,0.1599585993079435,0.33053300660101964,0.28069834988326137
L68739,Cisplatin,2,0,0.20261025237344546,0.07994198058564067,0.1599585993079435,0.11031962600671219,0.07633243390938878
L68739,CoCl2,2,0,0.22668291955083833,0.0938138784504659,0.1599585993079435,0.12620097326956717,0.08978665469295387
L68739,Dabrafenib,2,0,0.22668291955083833,0.09381387845046599,0.1599585993079435,0.12620097326956728,0.08978665469295387
L68739,Doxorubicin,2,0,0.2819646373115759,0.12918161513286344,0.1599585993079435,0.1652312712211041,0.12448735023073697
L68739,Trametinib,2,0,0.19458603455920903,0.07551591043043948,0.1599585993079435,0.10517002589456267,0.07206686226228465
L68749,Acid,0,0,0.4736194759800148,0.2913335192140022,0.14340637277634966,0.29509687012521546,0.26963723606915785
L68749,Cisplatin,0,0,0.18583642087064267,0.07176496068223485,0.14340637277634966,0.08713041611884179,0.06263967931629275
L68749,CoCl2,0,0,0.22867007436383363,0.09599020016883097,0.14340637277634966,0.11183372805868948,0.08453397142740998
L68749,Dabrafenib,0,1,0.24473499838108828,0.10586111354471528,0.14340637277634966,0.12163943820772273,0.09355448268726
L68749,Doxorubicin,0,0,0.2866788719209133,0.13351944255669992,0.14340637277634966,0.14871762607827044,0.11927536707524947
L68749,Trametinib,0,0,0.20368386704128424,0.08151005317126969,0.14340637277634966,0.09717358769444356,0.07138675212173774
L68970,Acid,3,1,0.47049894201675735,0.2800284500633928,0.1017338365339982,0.22311603153518247,0.12389494842851488
L68970,Cisplatin,3,0,0.1901270509498604,0.07445610040842693,0.1017338365339982,0.0638151293872589,0.02649336473639883
L68970,CoCl2,3,0,0.2186598922625351,0.09029195479406704,0.1017338365339982,0.07588983238795896,0.032677913255809106
L68970,Dabrafenib,3,0,0.2186598922625351,0.09029195479406729,0.1017338365339982,0.07588983238795896,0.03267791325580909
L68970,Doxorubicin,3,0,0.2882083795228566,0.13418992647207914,0.1017338365339982,0.10893112913948856,0.05089699450422191
L68970,Trametinib,3,0,0.19191054568686872,0.07541135591620717,0.1017338365339982,0.06454658643975855,0.02685982927515955
L69200,Acid,3,0,0.47049894201675735,0.4163118584108475,0.5540381080404593,0.7810894245428257,0.5948071959362499
L69200,Cisplatin,3,0,0.1901270509498604,0.1285563836819864,0.5540381080404593,0.4585460519331632,0.22027164907487937
L69200,CoCl2,3,0,0.2186598922625351,0.1539843269289207,0.5540381080404593,0.5050190311522407,0.25962744441033025
L69200,Dabrafenib,3,0,0.2186598922625351,0.1539843269289211,0.5540381080404593,0.5050190311522407,0.25962744441033025
L69200,Doxorubicin,3,0,0.2882083795228566,0.22131473402277402,0.5540381080404593,0.6029852967096597,0.3576020557413066
L69200,Trametinib,3,0,0.19191054568686872,0.13010816175890078,0.5540381080404593,0.46157125276509764,0.22270533051386143
L69282,Acid,3,1,0.47049894201675735,0.2800284500633928,0.1899304372298248,0.381467950717107,0.19254686323008388
L69282,Cisplatin,3,0,0.1901270509498604,0.07445610040842693,0.1899304372298248,0.12768928996935575,0.043876685988291704
L69282,CoCl2,3,1,0.2186598922625351,0.09029195479406704,0.1899304372298248,0.14991451302671685,0.05389450454286787
L69282,Dabrafenib,3,0,0.2186598922625351,0.09029195479406729,0.1899304372298248,0.14991451302671685,0.05389450454286787
L69282,Doxorubicin,3,0,0.2882083795228566,0.13418992647207914,0.1899304372298248,0.20793317636078187,0.08292847955943737
L69282,Trametinib,3,0,0.19191054568686872,0.07541135591620717,0.1899304372298248,0.12905195695190058,0.04447261755696299
L69904,Acid,4,1,0.4785299066468458,0.6463925799308823,0.32728516030318555,0.5716632013654912,0.6504830761671643
L69904,Cisplatin,4,1,0.19815483583226198,0.271970491386302,0.32728516030318555,0.2436288991162975,0.26739005054735876
L69904,CoCl2,4,0,0.22936006970462597,0.31873292014909727,0.32728516030318555,0.2819557147438807,0.31468184094428076
L69904,Dabrafenib,4,0,0.2240101926936385,0.3107475807766089,0.32728516030318555,0.2753922526308338,0.30657253178289057
L69904,Doxorubicin,4,0,0.2891002187573746,0.4061474692341958,0.32728516030318555,0.3549004369239553,0.40437961182596616
L69904,Trametinib,4,0,0.191021945485207,0.26122216519653346,0.32728516030318555,0.23485906115882008,0.25661059826761234
L70348,Acid,3,1,0.47049894201675735,0.441250310253221,0.380880384789012,0.6297995255833555,0.5355622670617299
L70348,Cisplatin,3,0,0.1901270509498604,0.14040374340859377,0.380880384789012,0.28764142578382146,0.18161130670039358
L70348,CoCl2,3,0,0.2186598922625351,0.16772402813326753,0.380880384789012,0.3272624895102811,0.2159729335618935
L70348,Dabrafenib,3,1,0.2186598922625351,0.16772402813326798,0.380880384789012,0.3272624895102811,0.21597293356189343
L70348,Doxorubicin,3,0,0.2882083795228566,0.2393624197242214,0.380880384789012,0.4200057087043076,0.3042434088320721
L70348,Trametinib,3,1,0.19191054568686872,0.14207521350441343,0.380880384789012,0.29014329805155836,0.18371848982585498
L70542,Acid,1,1,0.47587273821028014,0.4006161480198365,0.5484174133602642,0.7718507444678727,0.6332854232135787
L70542,Cisplatin,1,0,0.19458719593808257,0.12097524340804745,0.5484174133602642,0.445491764475175,0.24758635425263972
L70542,CoCl2,1,0,0.23560044533301658,0.15594680782634118,0.5484174133602642,0.5101265230645784,0.3082579982630418
L70542,Dabrafenib,1,1,0.23203384804524899,0.15278841257359338,0.5484174133602642,0.5047904515687879,0.3029581044391146
L70542,Doxorubicin,1,0,0.29979943088858513,0.2161701867667327,0.5484174133602642,0.5979122873185387,0.40322697978990446
L70542,Trametinib,1,0,0.19726215106258552,0.12317112828998084,0.5484174133602642,0.44993398840738735,0.25151425138745814
L70669,Acid,3,1,0.47049894201675735,0.9703824369474867,0.36218420152821207,0.6097584251285343,0.9686284877932525
L70669,Cisplatin,3,1,0.1901270509498604,0.8714086339228205,0.36218420152821207,0.27053167952408236,0.8559464335785847
L70669,CoCl2,3,1,0.2186598922625351,0.8931728354034577,0.36218420152821207,0.30881766358610957,0.8806080439786028
L70669,Dabrafenib,3,1,0.2186598922625351,0.893172835403458,0.36218420152821207,0.30881766358610957,0.8806080439786028
L70669,Doxorubicin,3,1,0.2882083795228566,0.9288550799805873,0.36218420152821207,0.3994373708390228,0.9213128242306362
L70669,Trametinib,3,1,0.19191054568686872,0.8729449637134143,0.36218420152821207,0.27294175335393234,0.8576779956934492
L70717,Acid,1,0,0.47587273821028014,0.2838807297763159,0.22409350115608423,0.42722463546159184,0.25573901666632304
L70717,Cisplatin,1,1,0.19458719593808257,0.07546505119145054,0.22409350115608423,0.15047534651800784,0.06145079528164526
L70717,CoCl2,1,0,0.23560044533301658,0.09875860442751293,0.22409350115608423,0.186720320970686,0.08144695788240794
L70717,Dabrafenib,1,0,0.23203384804524899,0.0966258507238606,0.22409350115608423,0.18349997513836472,0.07959791751103892
L70717,Doxorubicin,1,1,0.29979943088858513,0.14057529225993384,0.22409350115608423,0.24690253478270632,0.118510773143854
L70717,Trametinib,1,0,0.19726215106258552,0.07690713164142415,0.22409350115608423,0.15278636938777396,0.06267166442991647
L71065,Acid,4,0,0.4785299066468458,0.28113031182063863,0.2891696433136936,0.525141688404823,0.27346808040010523
L71065,Cisplatin,4,0,0.19815483583226198,0.0740054563390073,0.2891696433136936,0.210672830060855,0.06874265362712371
L71065,CoCl2,4,0,0.22936006970462597,0.09098371995446658,0.2891696433136936,0.2454978762080252,0.08497596312432332
L71065,Dabrafenib,4,0,0.2240101926936385,0.08796750590531295,0.2891696433136936,0.23950001993441036,0.08207719558339062
L71065,Doxorubicin,4,1,0.2891002187573746,0.12763912778414688,0.2891696433136936,0.3131236897927477,0.12073266454192925
L71065,Trametinib,4,0,0.191021945485207,0.07032501345783615,0.2891696433136936,0.20277127089111371,0.06525805219085737
L7120,Acid,3,1,0.47049894201675735,0.6720536619404234,0.2819738100900818,0.5150061691754508,0.6219636948472371
L7120,Cisplatin,3,0,0.1901270509498604,0.29768143828033244,0.2819738100900818,0.20130131246155217,0.24047687267025797
L7120,CoCl2,3,0,0.2186598922625351,0.3433802467394844,0.2819738100900818,0.2329180759092862,0.2821364624026108
L7120,Dabrafenib,3,0,0.2186598922625351,0.3433802467394852,0.2819738100900818,0.2329180759092862,0.2821364624026107
L7120,Doxorubicin,3,0,0.2882083795228566,0.44952236518311844,0.2819738100900818,0.3112966903234033,0.3841973978677224
L7120,Trametinib,3,0,0.19191054568686872,0.30057056353354117,0.2819738100900818,0.2032664941160547,0.24306420251041774
L71758,Acid,0,0,0.4736194759800148,0.4149805867907848,0.19495631622596968,0.38225228294615105,0.3471925890556127
L71758,Cisplatin,0,0,0.18583642087064267,0.11770077676036118,0.19495631622596968,0.12363709989607337,0.08781524126292208
L71758,CoCl2,0,1,0.22867007436383363,0.1548455655223088,0.19495631622596968,0.15691171065018394,0.11740691755317274
L71758,Dabrafenib,0,0,0.24473499838108828,0.16963304954505068,0.19495631622596968,0.16991376539284758,0.12943928062646626
L71758,Doxorubicin,0,0,0.2866788719209133,0.21003912850205728,0.19495631622596968,0.205227445279352,0.1632491434426524
L71758,Trametinib,0,0,0.20368386704128424,0.13279122361587653,0.19495631622596968,0.13725555425183125,0.09970392019140244
L72050,Acid,0,1,0.4736194759800148,0.7073984335125539,0.3489897692732099,0.5870314129430837,0.7317903710408614
L72050,Cisplatin,0,0,0.18583642087064267,0.3125574159319479,0.3489897692732099,0.24476627809416146,0.3305984208802614
L72050,CoCl2,0,0,0.22867007436383363,0.38440429063301373,0.3489897692732099,0.29949951603525,0.405622747230869
L72050,Dabrafenib,0,0,0.24473499838108828,0.41046712909485383,0.3489897692732099,0.3198345141513641,0.4327112289522361
L72050,Doxorubicin,0,1,0.2866788719209133,0.4753963710578226,0.3489897692732099,0.3723307016368396,0.5002197245264292
L72050,Trametinib,0,0,0.20368386704128424,0.3429205635195612,0.3489897692732099,0.2676520667174302,0.36230101781584845
L72250,Acid,1,0,0.47587273821028014,0.2838807297763159,0.22366876561287288,0.4268017766287733,0.21047473318642834
L72250,Cisplatin,1,0,0.19458719593808257,0.07546505119145054,0.22366876561287288,0.15025455190044332,0.048340829114883
L72250,CoCl2,1,0,0.23560044533301658,0.09875860442751293,0.22366876561287288,0.1864580164119664,0.0643635453566884
L72250,Dabrafenib,1,1,0.23203384804524899,0.0966258507238606,0.22366876561287288,0.18324117522386807,0.0628757916235792
L72250,Doxorubicin,1,0,0.29979943088858513,0.14057529225993384,0.22366876561287288,0.24658131948820455,0.09445265695336925
L72250,Trametinib,1,0,0.19726215106258552,0.07690713164142415,0.22366876561287288,0.15256279274923612,0.049314922596598414
L72287,Acid,1,0,0.47587273821028014,0.5091537836307407,0.21132824845987014,0.40832218688093347,0.42534506937194116
L72287,Cisplatin,1,0,0.19458719593808257,0.17599667985958187,0.21132824845987014,0.1408074420143855,0.12360421201493153
L72287,CoCl2,1,0,0.23560044533301658,0.22284162612133596,0.21132824845987014,0.1752039767662753,0.16036937155258976
L72287,Dabrafenib,1,0,0.23203384804524899,0.21867941902720708,0.21132824845987014,0.17214021160705192,0.15703491589127763
L72287,Doxorubicin,1,0,0.29979943088858513,0.2997248977938739,0.21132824845987014,0.2327365572753023,0.22456767817653614
L72287,Trametinib,1,0,0.19726215106258552,0.17898792661980484,0.21132824845987014,0.14299497662597252,0.12589427328079417
L72383,Acid,2,0,0.4723002644704608,0.3123280499487586,0.18797075408789016,0.3772124413229689,0.33535184568182463
L72383,Cisplatin,2,0,0.20261025237344546,0.08889650017663632,0.18797075408789016,0.13203297598929783,0.09653500865396396
L72383,CoCl2,2,0,0.22668291955083833,0.10414634088636009,0.18797075408789016,0.15051131853520033,0.11311402905902983
L72383,Dabrafenib,2,0,0.22668291955083833,0.10414634088636013,0.18797075408789016,0.15051131853520042,0.11311402905902983
L72383,Doxorubicin,2,0,0.2819646373115759,0.14279558489371302,0.18797075408789016,0.1953789888746633,0.15529212577898902
L72383,Trametinib,2,0,0.19458603455920903,0.08401992822152263,0.18797075408789016,0.12601337925193098,0.09125201918264544
L72864,Acid,3,0,0.47049894201675735,0.6593276862239182,0.35102816864103337,0.5977940259547458,0.6791470960040185
L72864,Cisplatin,3,0,0.1901270509498604,0.28586511671885145,0.35102816864103337,0.26077551672780613,0.28944041091283684
L72864,CoCl2,3,0,0.2186598922625351,0.3306038371802819,0.35102816864103337,0.2982453014788751,0.3358317646359179
L72864,Dabrafenib,3,1,0.2186598922625351,0.33060383718028263,0.35102816864103337,0.2982453014788751,0.3358317646359179
L72864,Doxorubicin,3,1,0.2882083795228566,0.43541549875501123,0.35102816864103337,0.38750194339635785,0.4452685586031746
L72864,Trametinib,3,1,0.19191054568686872,0.28868669953066095,0.35102816864103337,0.26313002753041975,0.29235177169200816
L73196,Acid,2,0,0.4723002644704608,0.39649715616030917,0.22394927157294767,0.43329009172652194,0.3295911502951877
L73196,Cisplatin,2,0,0.20261025237344546,0.1236828129632373,0.22394927157294767,0.16108933045153856,0.09429470845863332
L73196,CoCl2,2,0,0.22668291955083833,0.1439572306507918,0.22394927157294767,0.18277785010241573,0.11053605053968091
L73196,Dabrafenib,2,0,0.22668291955083833,0.14395723065079188,0.22394927157294767,0.18277785010241585,0.11053605053968095
L73196,Doxorubicin,2,0,0.2819646373115759,0.19417819921724852,0.22394927157294767,0.23460777748240633,0.15191752817276877
L73196,Trametinib,2,0,0.19458603455920903,0.1171433286036891,0.22394927157294767,0.1539800180516564,0.0891222278310613
L73244,Acid,0,1,0.4736194759800148,0.4455645559583249,0.15882770125696774,0.3222635031996169,0.4693434955519582
L73244,Cisplatin,0,0,0.18583642087064267,0.13129229841335838,0.15882770125696774,0.0978081484236628,0.13800197432155212
L73244,CoCl2,0,0,0.22867007436383363,0.1718907416533239,0.15882770125696774,0.12512387274481537,0.18114696807919545
L73244,Dabrafenib,0,0,0.24473499838108828,0.18794402648000288,0.15882770125696774,0.13591655235663255,0.1982444139943283
L73244,Doxorubicin,0,0,0.2866788719209133,0.2314957606532137,0.15882770125696774,0.165573865166004,0.24496914512742732
L73244,Trametinib,0,0,0.20368386704128424,0.14783334162401535,0.15882770125696774,0.10893522688407026,0.15552663416237011
L73528,Acid,0,0,0.4736194759800148,0.4071129074576573,0.24262406185791863,0.4529145664544841,0.4118675994512238
L73528,Cisplatin,0,0,0.18583642087064267,0.11436743547907993,0.24262406185791863,0.15878025084153147,0.11250001818560336
L73528,CoCl2,0,1,0.22867007436383363,0.15063987301675968,0.24262406185791863,0.1993613808258098,0.14905069554251657
L73528,Dabrafenib,0,0,0.24473499838108828,0.16510418188569034,0.24262406185791863,0.21498396883470092,0.16372446108083547
L73528,Doxorubicin,0,0,0.2866788719209133,0.20469742880520056,0.24262406185791863,0.2567672430058191,0.20438718712246517
L73528,Trametinib,0,0,0.20368386704128424,0.12909304394549506,0.24262406185791863,0.17549450026110747,0.12726434507931594
L73592,Acid,3,1,0.47049894201675735,0.6530145317000849,0.3135707176827619,0.5549446933229852,0.6850177239662055
L73592,Cisplatin,3,1,0.1901270509498604,0.28018686356610406,0.3135707176827619,0.2283672367670272,0.2950400265691376
L73592,CoCl2,3,0,0.2186598922625351,0.32444065199111494,0.3135707176827619,0.2628360961883879,0.3418970356677015
L73592,Dabrafenib,3,0,0.2186598922625351,0.32444065199111566,0.3135707176827619,0.2628360961883879,0.34189703566770147
L73592,Doxorubicin,3,0,0.2882083795228566,0.42854929837154493,0.3135707176827619,0.34673163260582757,0.451965317562901
L73592,Trametinib,3,0,0.19191054568686872,0.2829746083626866,0.3135707176827619,0.23052038499817293,0.2979840911324753
L73599,Acid,2,1,0.4723002644704608,0.28798107904013687,0.1379679326539776,0.29156429413091517,0.31282599883195883
L73599,Cisplatin,2,0,0.20261025237344546,0.07994198058564067,0.1379679326539776,0.09368032923249443,0.08792849156382211
L73599,CoCl2,2,0,0.22668291955083833,0.0938138784504659,0.1379679326539776,0.10745563430974872,0.103198254986826
L73599,Dabrafenib,2,1,0.22668291955083833,0.09381387845046599,0.1379679326539776,0.1074556343097488,0.103198254986826
L73599,Doxorubicin,2,1,0.2819646373115759,0.12918161513286344,0.1379679326539776,0.14162820281980487,0.14227207460674296
L73599,Trametinib,2,1,0.19458603455920903,0.07551591043043948,0.1379679326539776,0.08922953467191111,0.08307319526847275
L74009,Acid,1,0,0.47587273821028014,0.5172358209359385,0.39292041231498726,0.6357114168252752,0.5496278174211641
L74009,Cisplatin,1,0,0.19458719593808257,0.18073761840525696,0.39292041231498726,0.29299220221153877,0.18866667106496882
L74009,CoCl2,1,1,0.23560044533301658,0.22849453729869446,0.39292041231498726,0.3494446574106784,0.2394956955835582
L74009,Dabrafenib,1,0,0.23203384804524899,0.22425721333195514,0.39292041231498726,0.3446070020265224,0.2349764446857709
L74009,Doxorubicin,1,1,0.29979943088858513,0.3065588084052791,0.39292041231498726,0.43408120011791096,0.32317745023529554
L74009,Trametinib,1,0,0.19726215106258552,0.1837914698511143,0.39292041231498726,0.29672750362454053,0.19189822280522303
L74026,Acid,0,1,0.4736194759800148,0.28466937869202136,0.15613912615607653,0.3174733328983279,0.2625149918618455
L74026,Cisplatin,0,0,0.18583642087064267,0.06962987611271007,0.15613912615607653,0.09588230838927833,0.06053194755736999
L74026,CoCl2,0,0,0.22867007436383363,0.09320675900005541,0.15613912615607653,0.12273335484104486,0.08175378308360644
L74026,Dabrafenib,0,0,0.24473499838108828,0.10282400034002308,0.15613912615607653,0.13335126712049844,0.09050695414290552
L74026,Doxorubicin,0,0,0.2866788719209133,0.1298040178991264,0.15613912615607653,0.16255413082866582,0.11549674030334024
L74026,Trametinib,0,0,0.20368386704128424,0.07910975095779173,0.15613912615607653,0.10681623463315149,0.06900636202796251
L74036,Acid,2,0,0.4723002644704608,0.2807695161874157,0.0980201050544142,0.215128823111164,0.22760873264696085
L74036,Cisplatin,2,0,0.20261025237344546,0.07737396318390978,0.0980201050544142,0.0644052268238749,0.058738961167598455
L74036,CoCl2,2,0,0.22668291955083833,0.09084424576363263,0.0980201050544142,0.07422831432607964,0.06932492933030247
L74036,Dabrafenib,2,1,0.22668291955083833,0.09084424576363272,0.0980201050544142,0.0742283143260797,0.06932492933030247
L74036,Doxorubicin,2,0,0.2819646373115759,0.1252471706812583,0.0980201050544142,0.09900620814261847,0.09695998811555746
L74036,Trametinib,2,1,0.19458603455920903,0.07307878074846619,0.0980201050544142,0.06125130691237299,0.05539757427669814
L7412,Acid,3,1,0.47049894201675735,0.6961890807098071,0.2967481086370408,0.5328791445552828,0.636915983189235
L7412,Cisplatin,3,0,0.1901270509498604,0.3215548243793495,0.2967481086370408,0.21307026283871056,0.2523807727987073
L7412,CoCl2,3,1,0.2186598922625351,0.3689930412355336,0.2967481086370408,0.24596623241213045,0.2953007845579554
L7412,Dabrafenib,3,0,0.2186598922625351,0.36899304123553434,0.2967481086370408,0.2459662324121305,0.29530078455795533
L7412,Doxorubicin,3,0,0.2882083795228566,0.4772973307951835,0.2967481086370408,0.3268646630246469,0.3994738272320161
L7412,Trametinib,3,0,0.19191054568686872,0.3245685728474314,0.2967481086370408,0.2151193925660545,0.2550531698239267
L74748,Acid,3,1,0.47049894201675735,0.39977177328716923,0.20137855531181073,0.39959841165273113,0.4106236957488738
L74748,Cisplatin,3,0,0.1901270509498604,0.12107732641015342,0.20137855531181073,0.13641833714671747,0.11822513994144912
L74748,CoCl2,3,1,0.2186598922625351,0.14527255064875266,0.20137855531181073,0.15988443288135365,0.1426847847796879
L74748,Dabrafenib,3,1,0.2186598922625351,0.14527255064875302,0.20137855531181073,0.15988443288135365,0.1426847847796879
L74748,Doxorubicin,3,1,0.2882083795228566,0.20973805639098703,0.20137855531181073,0.22075956005236594,0.20898588088077777
L74748,Trametinib,3,1,0.19191054568686872,0.12255152216451416,0.20137855531181073,0.13785943623687805,0.11970444513808573
L74841,Acid,4,1,0.4785299066468458,0.4912563503011584,0.2895679856145032,0.5257530757851376,0.42209646581181615
L74841,Cisplatin,4,0,0.19815483583226198,0.16481276158045635,0.2895679856145032,0.21108084539123437,0.12529219194238955
L74841,CoCl2,4,0,0.22936006970462597,0.19816564360166347,0.2895679856145032,0.24595232190705663,0.15268992627079703
L74841,Dabrafenib,4,1,0.2240101926936385,0.19234808527108072,0.2895679856145032,0.2399468937862143,0.14785449429731815
L74841,Doxorubicin,4,1,0.2891002187573746,0.26539520945006895,0.2895679856145032,0.3136512793679528,0.21038839912520355
L74841,Trametinib,4,1,0.191021945485207,0.1573838392867988,0.2895679856145032,0.20316792200973882,0.11930831035138696
L75392,Acid,4,1,0.4785299066468458,0.9298972552912581,0.43333705257555244,0.6826995728414439,0.9487316558513523
L75392,Cisplatin,4,1,0.19815483583226198,0.73051645643083,0.43333705257555244,0.34179161796133106,0.7839752102776707
L75392,CoCl2,4,1,0.22936006970462597,0.7724665656603267,0.43333705257555244,0.38764657234534766,0.820327530851842
L75392,Dabrafenib,4,1,0.2240101926936385,0.765893292106773,0.43333705257555244,0.37992457629688897,0.81467782536046
L75392,Doxorubicin,4,1,0.2891002187573746,0.8322946195048915,0.43333705257555244,0.4700355168176089,0.8709786697679318
L75392,Trametinib,4,1,0.191021945485207,0.7195572419027761,0.43333705257555244,0.33103473853800436,0.774383218090695
L75467,Acid,1,0,0.47587273821028014,0.2846492613888907,0.2719742205158242,0.494607545546314,0.237646291696533
L75467,Cisplatin,1,0,0.19458719593808257,0.07572901961696576,0.2719742205158242,0.18857981271323315,0.056067865030946976
L75467,CoCl2,1,0,0.23560044533301658,0.09909531796825004,0.2719742205158242,0.23150187095511618,0.07445136405149949
L75467,Dabrafenib,1,0,0.23203384804524899,0.0969560750019377,0.2719742205158242,0.22772544515076187,0.07274856222372572
L75467,Doxorubicin,1,0,0.29979943088858513,0.14103226746692055,0.2719742205158242,0.30077964950241776,0.1087084710298644
L75467,Trametinib,1,0,0.19726215106258552,0.07717572323658099,0.2719742205158242,0.19134423790707153,0.05718830565121414
L75591,Acid,0,0,0.4736194759800148,0.5478487846568613,0.2231311930570607,0.4247954067675915,0.5110145271895747
L75591,Cisplatin,0,0,0.18583642087064267,0.18558006591401013,0.2231311930570607,0.144112041337922,0.15907325615783446
L75591,CoCl2,0,0,0.22867007436383363,0.23835939932972935,0.2231311930570607,0.18175425396664965,0.20722230821533894
L75591,Dabrafenib,0,0,0.24473499838108828,0.25868122594336856,0.2231311930570607,0.1963354390694583,0.22610130005270437
L75591,Doxorubicin,0,0,0.2866788719209133,0.31232035738770825,0.2231311930570607,0.23558196100887283,0.2771223080457579
L75591,Trametinib,0,0,0.20368386704128424,0.20732828956532265,0.2231311930570607,0.15957512152692582,0.1787189474338718
L75819,Acid,1,1,0.47587273821028014,0.4158230698941236,0.28875864559050163,0.516690559396282,0.4924993433826781
L75819,Cisplatin,1,0,0.19458719593808257,0.12783116011857792,0.28875864559050163,0.20247334692896848,0.15605628187986648
L75819,CoCl2,1,1,0.23560044533301658,0.16441393610034288,0.28875864559050163,0.24759275128999092,0.2002683134188999
L75819,Dabrafenib,1,1,0.23203384804524899,0.16111678970316778,0.28875864559050163,0.24363705540811392,0.19629821653035787
L75819,Doxorubicin,1,1,0.29979943088858513,0.2270276463322885,0.28875864559050163,0.3196827168648737,0.2752036221026767
L75819,Trametinib,1,0,0.19726215106258552,0.1301330671248022,0.28875864559050163,0.20538988672556036,0.1588386234456895
L76201,Acid,2,1,0.4723002644704608,0.6273557745712395,0.3181385208984755,0.5586430259020291,0.6049406324924604
L76201,Cisplatin,2,0,0.20261025237344546,0.26560510685062694,0.3181385208984755,0.24121159490224212,0.24487048900432093
L76201,CoCl2,2,0,0.22668291955083833,0.30114896802722685,0.3181385208984755,0.27021288876543526,0.2790561612302051
L76201,Dabrafenib,2,0,0.22668291955083833,0.301148968027227,0.3181385208984755,0.2702128887654355,0.2790561612302051
L76201,Doxorubicin,2,0,0.2819646373115759,0.3817528716936954,0.3181385208984755,0.336623730239864,0.3581251101787771
L76201,Trametinib,2,0,0.19458603455920903,0.2537344774384291,0.3181385208984755,0.23154222012436831,0.23356833200355137
L76358,Acid,0,0,0.4736194759800148,0.283084547091898,0.1781741850053751,0.35492401221493197,0.36591517020749476
L76358,Cisplatin,0,0,0.18583642087064267,0.06912653697676831,0.1781741850053751,0.11146190137982333,0.09457714932988077
L76358,CoCl2,0,0,0.22867007436383363,0.09254994172494373,0.1781741850053751,0.1419906895296397,0.12613235597062405
L76358,Dabrafenib,0,0,0.24473499838108828,0.10210704271472079,0.1781741850053751,0.15398217002266512,0.13891819101145322
L76358,Doxorubicin,0,0,0.2866788719209133,0.1289259711728003,0.1781741850053751,0.1867295803963958,0.17470709378274935
L76358,Trametinib,0,0,0.20368386704128424,0.07854366914430409,0.1781741850053751,0.1239289206013039,0.10727361754442567
L76557,Acid,4,0,0.4785299066468458,0.29897467523817,0.350559205291713,0.598492403544413,0.319262863235612
L76557,Cisplatin,4,0,0.19815483583226198,0.08016901387354933,0.350559205291713,0.26457208128023646,0.0842287941264664
L76557,CoCl2,4,1,0.22936006970462597,0.09841103684850079,0.350559205291713,0.30486562670665934,0.10371182518428107
L76557,Dabrafenib,4,0,0.2240101926936385,0.09517437853277874,0.350559205291713,0.2979901826191788,0.10024394415201067
L76557,Doxorubicin,4,0,0.2891002187573746,0.13760578088210432,0.350559205291713,0.3805957815887797,0.1460935831802461
L76557,Trametinib,4,0,0.191021945485207,0.07620727108441683,0.350559205291713,0.2553028216105201,0.0800266502751432
L76568,Acid,0,1,0.4736194759800148,0.8429358374434229,0.31665989222003493,0.5498690357376214,0.8030145372119961
L76568,Cisplatin,0,0,0.18583642087064267,0.5023160068357089,0.31665989222003493,0.21784166196822782,0.4245892074372075
L76568,CoCl2,0,1,0.22867007436383363,0.5809218034571694,0.31665989222003493,0.2686962192422543,0.5048565903341535
L76568,Dabrafenib,0,0,0.24473499838108828,0.6071670720323851,0.31665989222003493,0.28779904131927925,0.5326334914153273
L76568,Doxorubicin,0,1,0.2866788719209133,0.6679571856781196,0.31665989222003493,0.33764732263998115,0.5992633230477518
L76568,Trametinib,0,0,0.20368386704128424,0.5367207981705631,0.31665989222003493,0.23900667912273826,0.4591231143116755
L76646,Acid,2,0,0.4723002644704608,0.41824820551231073,0.14694901659293677,0.3071214202485339,0.2499446821671374
L76646,Cisplatin,2,0,0.20261025237344546,0.13378550711129356,0.14694901659293677,0.10017184157300577,0.06591746141089794
L76646,CoCl2,2,0,0.22668291955083833,0.15542226908653953,0.14694901659293677,0.11478080775815996,0.07769036159429678
L76646,Dabrafenib,2,0,0.22668291955083833,0.15542226908653958,0.14694901659293677,0.11478080775816005,0.07769036159429678
L76646,Doxorubicin,2,0,0.2819646373115759,0.20866797340549004,0.14694901659293677,0.1508890788414759,0.10827218798735849
L76646,Trametinib,2,0,0.19458603455920903,0.1267891472075863,0.14694901659293677,0.09544511169122925,0.06219470516905794
L76856,Acid,4,0,0.4785299066468458,0.5241185194099061,0.23397927018670642,0.4495436265448353,0.5674468337941984
L76856,Cisplatin,4,0,0.19815483583226198,0.18372387823148156,0.23397927018670642,0.16464832376713676,0.20462633564558733
L76856,CoCl2,4,0,0.22936006970462597,0.21989615881159788,0.23397927018670642,0.19373265544248114,0.24452251662246452
L76856,Dabrafenib,4,0,0.2240101926936385,0.2136106064624872,0.23397927018670642,0.1886832249877899,0.2375943858409303
L76856,Doxorubicin,4,1,0.2891002187573746,0.29181498108441223,0.23397927018670642,0.2518589379718476,0.3236668693943342
L76856,Trametinib,4,0,0.191021945485207,0.1756217836890304,0.23397927018670642,0.15812715951282874,0.1957012164523885
L76866,Acid,3,0,0.47049894201675735,0.28393797583778135,0.1428291924199541,0.30165971240962725,0.24076970893761065
L76866,Cisplatin,3,0,0.1901270509498604,0.07579774841898737,0.1428291924199541,0.09299261433377723,0.0575177998834131
L76866,CoCl2,3,0,0.2186598922625351,0.09189062358779186,0.1428291924199541,0.10993977342396152,0.07042073378092881
L76866,Dabrafenib,3,0,0.2186598922625351,0.09189062358779211,0.1428291924199541,0.10993977342396156,0.07042073378092881
L76866,Doxorubicin,3,0,0.2882083795228566,0.13644925330968105,0.1428291924199541,0.15531430897718235,0.10734754107934906
L76866,Trametinib,3,0,0.19191054568686872,0.07676878924958747,0.1428291924199541,0.09402491860299717,0.058287709849029694
L76975,Acid,2,0,0.4723002644704608,0.3123280499487586,0.20378557670115283,0.4026440216369003,0.2597320031670653
L76975,Cisplatin,2,0,0.20261025237344546,0.08889650017663632,0.20378557670115283,0.14477726972151697,0.06916313621892647
L76975,CoCl2,2,0,0.22668291955083833,0.10414634088636009,0.20378557670115283,0.164700762281654,0.08146515974343238
L76975,Dabrafenib,2,0,0.22668291955083833,0.10414634088636013,0.20378557670115283,0.16470076228165415,0.08146515974343238
L76975,Doxorubicin,2,0,0.2819646373115759,0.14279558489371302,0.20378557670115283,0.21273902820913157,0.11335027285466857
L76975,Trametinib,2,0,0.19458603455920903,0.08401992822152263,0.20378557670115283,0.13826919996102777,0.06526988561784644
L77171,Acid,0,1,0.4736194759800148,0.283084547091898,0.3129399579209876,0.5452004187563474,0.20906054336704832
L77171,Cisplatin,0,0,0.18583642087064267,0.06912653697676831,0.3129399579209876,0.21464781337799557,0.04565977630614419
L77171,CoCl2,0,0,0.22867007436383363,0.09254994172494373,0.3129399579209876,0.26500939641808635,0.06201175544775985
L77171,Dabrafenib,0,0,0.24473499838108828,0.10210704271472079,0.3129399579209876,0.2839518792954514,0.06880959162578754
L77171,Doxorubicin,0,0,0.2866788719209133,0.1289259711728003,0.3129399579209876,0.33344579029903787,0.0883907710096939
L77171,Trametinib,0,0,0.20368386704128424,0.07854366914430409,0.3129399579209876,0.2355959917118193,0.05216771744654955
L77190,Acid,2,1,0.4723002644704608,0.6577789189401924,0.3271110581281097,0.56948051086385,0.666075466208684
L77190,Cisplatin,2,0,0.20261025237344546,0.2922432459935012,0.3271110581281097,0.2493703743176202,0.29697048139507953
L77190,CoCl2,2,0,0.22668291955083833,0.32975125933487776,0.3271110581281097,0.27899193813564926,0.3352009743782931
L77190,Dabrafenib,2,1,0.22668291955083833,0.3297512593348779,0.3271110581281097,0.2789919381356495,0.3352009743782931
L77190,Doxorubicin,2,1,0.2819646373115759,0.41348123457756436,0.3271110581281097,0.34653587842559164,0.4208908758834725
L77190,Trametinib,2,1,0.19458603455920903,0.2796354029925868,0.3271110581281097,0.23947716224735446,0.28416854972811956
L77253,Acid,4,0,0.4785299066468458,0.29897467523817,0.10618167302388781,0.23135442962835248,0.29289586190678013
L77253,Cisplatin,4,0,0.19815483583226198,0.08016901387354933,0.10618167302388781,0.06772292689232125,0.0751302878615055
L77253,CoCl2,4,0,0.22936006970462597,0.09841103684850079,0.10618167302388781,0.08135327523846665,0.09272182501236201
L77253,Dabrafenib,4,0,0.2240101926936385,0.09517437853277874,0.10618167302388781,0.07894609172696086,0.08958469399810459
L77253,Doxorubicin,4,0,0.2891002187573746,0.13760578088210432,0.10618167302388781,0.11037791403463142,0.13127028739263877
L77253,Trametinib,4,0,0.191021945485207,0.07620727108441683,0.10618167302388781,0.06474312111934268,0.07134670068754466
L77289,Acid,4,0,0.4785299066468458,0.29897467523817,0.18110462002478472,0.36747432267231883,0.22035031495394544
L77289,Cisplatin,4,0,0.19815483583226198,0.08016901387354933,0.18110462002478472,0.12297077950194499,0.05251589132171126
L77289,CoCl2,4,0,0.22936006970462597,0.09841103684850079,0.18110462002478472,0.1459795236200216,0.06518553606544311
L77289,Dabrafenib,4,1,0.2240101926936385,0.09517437853277874,0.18110462002478472,0.14195558991929905,0.06291545612649019
L77289,Doxorubicin,4,0,0.2891002187573746,0.13760578088210432,0.18110462002478472,0.1932116795905381,0.09346531937728055
L77289,Trametinib,4,0,0.191021945485207,0.07620727108441683,0.18110462002478472,0.11786740874863659,0.04980983796116778
L77443,Acid,2,1,0.4723002644704608,0.8512748329493367,0.4027620255940431,0.6512962678111655,0.8909299278572936
L77443,Cisplatin,2,0,0.20261025237344546,0.5514940357876397,0.4027620255940431,0.31930597169546415,0.6336763606623121
L77443,CoCl2,2,0,0.22668291955083833,0.5943343481974431,0.4027620255940431,0.3533245693277234,0.6737143057842281
L77443,Dabrafenib,2,0,0.22668291955083833,0.5943343481974432,0.4027620255940431,0.3533245693277236,0.6737143057842281
L77443,Doxorubicin,2,1,0.2819646373115759,0.677352296577176,0.4027620255940431,0.42817738726435683,0.7485078570756885
L77443,Trametinib,2,1,0.19458603455920903,0.5361747267461492,0.4027620255940431,0.3077758473568023,0.6191424835591048
L77600,Acid,4,0,0.4785299066468458,0.2968821351175162,0.23252743080785157,0.44766795091687595,0.24558798795962514
L77600,Cisplatin,4,0,0.19815483583226198,0.07943437728876447,0.23252743080785157,0.16360803763039453,0.06001035996238898
L77600,CoCl2,4,0,0.22936006970462597,0.09752696145749848,0.23252743080785157,0.19255096534120003,0.07434619827427663
L77600,Dabrafenib,4,0,0.2240101926936385,0.09431633792632509,0.23252743080785157,0.18752517087717013,0.07178159569093003
L77600,Doxorubicin,4,0,0.2891002187573746,0.13642287806611342,0.23252743080785157,0.2504328261717636,0.10614892413497863
L77600,Trametinib,4,0,0.191021945485207,0.07550595825322452,0.23252743080785157,0.15712032591994488,0.056941337789957865
L77622,Acid,4,1,0.4785299066468458,0.5725229038376216,0.3966431827804288,0.647294116008168,0.700529390862755
L77622,Cisplatin,4,0,0.19815483583226198,0.2148869421361153,0.3966431827804288,0.30696220166997323,0.3144819321781886
L77622,CoCl2,4,1,0.22936006970462597,0.2552759579467439,0.3966431827804288,0.3506336302551536,0.36594228544356
L77622,Dabrafenib,4,0,0.2240101926936385,0.2483009926897347,0.3966431827804288,0.3432356658651489,0.3572005179994397
L77622,Doxorubicin,4,1,0.2891002187573746,0.33381457178378915,0.3966431827804288,0.43068882239607287,0.460434713750204
L77622,Trametinib,4,1,0.191021945485207,0.20575698741763082,0.3966431827804288,0.29680718472230205,0.3025881464725983
L7778,Acid,4,0,0.4785299066468458,0.28113031182063863,0.2966053386233924,0.5346939096391101,0.28941913095864985
L7778,Cisplatin,4,0,0.19815483583226198,0.0740054563390073,0.2966053386233924,0.21712034969006588,0.07396807587980224
L7778,CoCl2,4,0,0.22936006970462597,0.09098371995446658,0.2966053386233924,0.2526700248327106,0.0913143523232787
L7778,Dabrafenib,4,0,0.2240101926936385,0.08796750590531295,0.2966053386233924,0.24655420270500242,0.08822021105067399
L7778,Doxorubicin,4,0,0.2891002187573746,0.12763912778414688,0.2966053386233924,0.32142984080006776,0.12936109875569768
L7778,Trametinib,4,0,0.191021945485207,0.07032501345783615,0.2966053386233924,0.20904101084856735,0.07023857312817379
L7798,Acid,1,0,0.47587273821028014,0.2846492613888907,0.11905779341144876,0.2514842961921045,0.1855255226419619
L7798,Cisplatin,1,0,0.19458719593808257,0.07572901961696576,0.11905779341144876,0.07389067276142829,0.04159801542389873
L7798,CoCl2,1,0,0.23560044533301658,0.09909531796825004,0.11905779341144876,0.09372386804338967,0.055516182478052165
L7798,Dabrafenib,1,0,0.23203384804524899,0.0969560750019377,0.11905779341144876,0.09192613124708013,0.05422108291606246
L7798,Doxorubicin,1,0,0.29979943088858513,0.14103226746692055,0.11905779341144876,0.12867457609332478,0.08183100609165722
L7798,Trametinib,1,0,0.19726215106258552,0.07717572323658099,0.11905779341144876,0.0751295164055932,0.0424422972311249
L78432,Acid,4,1,0.4785299066468458,0.603377706274929,0.2713703737017917,0.5017881219994399,0.6019725107982246
L78432,Cisplatin,4,0,0.19815483583226198,0.23716081827618962,0.2713703737017917,0.19554513183105973,0.22875093646837108
L78432,CoCl2,4,0,0.22936006970462597,0.2802419722432277,0.2713703737017917,0.22859371796058334,0.27174370393524905
L78432,Dabrafenib,4,0,0.2240101926936385,0.27283476586360034,0.2713703737017917,0.2228868522109779,0.2643141450147155
L78432,Doxorubicin,4,1,0.2891002187573746,0.3627205701675863,0.2713703737017917,0.2933736304354697,0.35555213196171803
L78432,Trametinib,4,0,0.191021945485207,0.22735856020262676,0.2713703737017917,0.18807576411270396,0.21906339111729725
L78498,Acid,3,0,0.47049894201675735,0.2800284500633928,0.2052381306579347,0.4062564438788756,0.26241927024882045
L78498,Cisplatin,3,0,0.1901270509498604,0.07445610040842693,0.2052381306579347,0.13971170313957385,0.06408043837094998
L78498,CoCl2,3,0,0.2186598922625351,0.09029195479406704,0.2052381306579347,0.16363696347660506,0.0783332056379465
L78498,Dabrafenib,3,0,0.2186598922625351,0.09029195479406729,0.2052381306579347,0.16363696347660506,0.0783332056379465
L78498,Doxorubicin,3,0,0.2882083795228566,0.13418992647207914,0.2052381306579347,0.22555724879837177,0.11887850433835351
L78498,Trametinib,3,0,0.19191054568686872,0.07541135591620717,0.2052381306579347,0.14118190506284659,0.06493214110345935
L78561,Acid,2,1,0.4723002644704608,0.7359388943939985,0.20573494710064413,0.4054730932866924,0.7121891323317974
L78561,Cisplatin,2,0,0.20261025237344546,0.374500042821323,0.20573494710064413,0.1462380616108409,0.3438431796852986
L78561,CoCl2,2,1,0.22668291955083833,0.4163547582113645,0.20573494710064413,0.16632348513910494,0.3848050180675423
L78561,Dabrafenib,2,1,0.22668291955083833,0.4163547582113646,0.20573494710064413,0.16632348513910508,0.3848050180675423
L78561,Doxorubicin,2,1,0.2819646373115759,0.505490304657817,0.20573494710064413,0.21471338910549298,0.47413178441109216
L78561,Trametinib,2,1,0.19458603455920903,0.36014929703192067,0.20573494710064413,0.1396750504772842,0.32996901818983787
L78888,Acid,4,1,0.4785299066468458,0.28113031182063863,0.23026272298719472,0.44396056358526825,0.39415621533132134
L78888,Cisplatin,4,0,0.19815483583226198,0.0740054563390073,0.23026272298719472,0.16156498098426295,0.11315184220936053
L78888,CoCl2,4,0,0.22936006970462597,0.09098371995446658,0.23026272298719472,0.19022868603914753,0.1383146224881901
L78888,Dabrafenib,4,0,0.2240101926936385,0.08796750590531295,0.23026272298719472,0.18524959921980835,0.13386251063225152
L78888,Doxorubicin,4,0,0.2891002187573746,0.12763912778414688,0.23026272298719472,0.24762654564896033,0.19181066134603023
L78888,Trametinib,4,0,0.191021945485207,0.07032501345783615,0.23026272298719472,0.1551432569986944,0.10767640133881058
L79015,Acid,1,0,0.47587273821028014,0.496272946343519,0.28748245544488693,0.5146712214375452,0.4400482677294794
L79015,Cisplatin,1,0,0.19458719593808257,0.1686483425303422,0.28748245544488693,0.20117088756068183,0.13024091019426953
L79015,CoCl2,1,0,0.23560044533301658,0.21404545660383026,0.28748245544488693,0.24608960900183838,0.16860034288884956
L79015,Dabrafenib,1,0,0.23203384804524899,0.21000314790313204,0.28748245544488693,0.24215019937025256,0.16512840399887554
L79015,Doxorubicin,1,0,0.29979943088858513,0.28902256426779427,0.28748245544488693,0.3179268460842986,0.23517074651178
L79015,Trametinib,1,0,0.19726215106258552,0.1715406967515763,0.28748245544488693,0.20407346671210974,0.13263532296251804
L79366,Acid,4,0,0.4785299066468458,0.28113031182063863,0.4375865338705258,0.686869126062524,0.3242887915889614
L79366,Cisplatin,4,0,0.19815483583226198,0.0740054563390073,0.4375865338705258,0.3461504809386064,0.08602230060001931
L79366,CoCl2,4,0,0.22936006970462597,0.09098371995446658,0.4375865338705258,0.3922417343019118,0.10587222747060061
L79366,Dabrafenib,4,0,0.2240101926936385,0.08796750590531295,0.4375865338705258,0.384485675859785,0.10234035603691242
L79366,Doxorubicin,4,0,0.2891002187573746,0.12763912778414688,0.4375865338705258,0.4748499821116589,0.14899007650204976
L79366,Trametinib,4,0,0.191021945485207,0.07032501345783615,0.4375865338705258,0.33532630716004336,0.08173866581535529
L79584,Acid,2,1,0.4723002644704608,0.28798107904013687,0.07936156928791882,0.17662657924884975,0.26086053937765924
L79584,Cisplatin,2,0,0.20261025237344546,0.07994198058564067,0.07936156928791882,0.051121426165748274,0.06954143536495064
L79584,CoCl2,2,0,0.22668291955083833,0.0938138784504659,0.07936156928791882,0.059046333715165156,0.0819048261286028
L79584,Dabrafenib,2,0,0.22668291955083833,0.09381387845046599,0.07936156928791882,0.059046333715165204,0.0819048261286028
L79584,Doxorubicin,2,0,0.2819646373115759,0.12918161513286344,0.07936156928791882,0.07918988364981286,0.11394067647859056
L79584,Trametinib,2,0,0.19458603455920903,0.07551591043043948,0.07936156928791882,0.048584233152210485,0.06562839137161883
L79914,Acid,0,1,0.4736194759800148,0.5243751823080508,0.17704174322950061,0.3526435557215051,0.46214656044360036
L79914,Cisplatin,0,0,0.18583642087064267,0.1717330500471539,0.17704174322950061,0.11047783100741469,0.134597136263155
L79914,CoCl2,0,1,0.22867007436383363,0.2216460319686425,0.17704174322950061,0.14077979230475454,0.17689609080405813
L79914,Dabrafenib,0,0,0.24473499838108828,0.24099379447586905,0.17704174322950061,0.15268720770162114,0.193687221910448
L79914,Doxorubicin,0,0,0.2866788719209133,0.29241200676361256,0.17704174322950061,0.18521951180433485,0.2396589231814592
L79914,Trametinib,0,0,0.20368386704128424,0.19224157781288898,0.17704174322950061,0.12285000004417358,0.15176554598664246
L8006,Acid,4,1,0.4785299066468458,0.5848915139737458,0.39190931472755897,0.6423202146130755,0.6284478672400127
L8006,Cisplatin,4,0,0.19815483583226198,0.22357011985481173,0.39190931472755897,0.3023615812144261,0.2490838549873263
L8006,CoCl2,4,1,0.22936006970462597,0.26504023076108213,0.39190931472755897,0.3457049765950276,0.2944391824097263
L8006,Dabrafenib,4,0,0.2240101926936385,0.2578908613459247,0.39190931472755897,0.3383568169711534,0.28663334423718945
L8006,Doxorubicin,4,0,0.2891002187573746,0.34519049595410295,0.39190931472755897,0.4253720080643514,0.38157963279639806
L8006,Trametinib,4,0,0.191021945485207,0.2141718800980559,0.39190931472755897,0.2922945721196869,0.23880183612436637
L80068,Acid,0,1,0.4736194759800148,0.283084547091898,0.361921199575222,0.6016582594818722,0.24913691615341604
L80068,Cisplatin,0,1,0.18583642087064267,0.06912653697676831,0.361921199575222,0.25615480862757756,0.05665639757923765
L80068,CoCl2,0,0,0.22867007436383363,0.09254994172494373,0.361921199575222,0.31238133898700143,0.0766303360968425
L80068,Dabrafenib,0,0,0.24473499838108828,0.10210704271472079,0.361921199575222,0.3331749729427806,0.08488566279047197
L80068,Doxorubicin,0,0,0.2866788719209133,0.1289259711728003,0.361921199575222,0.386616177540972,0.10850853422819942
L80068,Trametinib,0,0,0.20368386704128424,0.07854366914430409,0.361921199575222,0.279711055653968,0.06462556213656873
L80184,Acid,3,1,0.47049894201675735,0.568516622423299,0.40958530038052177,0.6592622007033341,0.6744441806382954
L80184,Cisplatin,3,0,0.1901270509498604,0.21415663372177118,0.40958530038052177,0.3147046029855262,0.2850387200225911
L80184,CoCl2,3,0,0.2186598922625351,0.2516270724157694,0.40958530038052177,0.35618951693609535,0.3310532693780987
L80184,Dabrafenib,3,1,0.2186598922625351,0.25162707241577004,0.40958530038052177,0.35618951693609535,0.3310532693780987
L80184,Doxorubicin,3,1,0.2882083795228566,0.34427802094065446,0.40958530038052177,0.4516270818881754,0.4399644121426245
L80184,Trametinib,3,1,0.19191054568686872,0.21648499067172494,0.40958530038052177,0.317337006544377,0.28792374647483715
L80217,Acid,4,0,0.4785299066468458,0.4343535892129345,0.529213598215045,0.7639745416367684,0.5835781150607705
L80217,Cisplatin,4,0,0.19815483583226198,0.1356408285446726,0.529213598215045,0.43857893327973013,0.21558400294196448
L80217,CoCl2,4,0,0.22936006970462597,0.16425123627085533,0.529213598215045,0.4877957632948247,0.25692648864188616
L80217,Dabrafenib,4,0,0.2240101926936385,0.15923158911457905,0.529213598215045,0.4796414035790889,0.24976310128099963
L80217,Doxorubicin,4,0,0.2891002187573746,0.2231774654903519,0.529213598215045,0.5716012486651504,0.33828788280864946
L80217,Trametinib,4,0,0.191021945485207,0.1293232217737924,0.529213598215045,0.4267509017440749,0.2063049146219701
L80268,Acid,2,0,0.4723002644704608,0.3123280499487586,0.20207979958024463,0.39948128489898505,0.32101304525902435
L80268,Cisplatin,2,0,0.20261025237344546,0.08889650017663632,0.20207979958024463,0.1431546450672395,0.09100921057325319
L80268,CoCl2,2,0,0.22668291955083833,0.10414634088636009,0.20207979958024463,0.1628973727030603,0.10675135720429556
L80268,Dabrafenib,2,0,0.22668291955083833,0.10414634088636013,0.20207979958024463,0.16289737270306043,0.10675135720429556
L80268,Doxorubicin,2,0,0.2819646373115759,0.14279558489371302,0.20207979958024463,0.21054222416588173,0.14695004117474061
L80268,Trametinib,2,0,0.19458603455920903,0.08401992822152263,0.20207979958024463,0.13670785638743208,0.0859998410997188
L80342,Acid,1,1,0.47587273821028014,0.8882279591727491,0.42194129238214534,0.6644108095919852,0.9147628767161183
L80342,Cisplatin,1,1,0.19458719593808257,0.6206806694353298,0.42194129238214534,0.31980215487570013,0.6715852377149314
L80342,CoCl2,1,1,0.23560044533301658,0.6871792672668982,0.42194129238214534,0.3786536700010436,0.7347026241675658
L80342,Dabrafenib,1,1,0.23203384804524899,0.6819546167461512,0.42194129238214534,0.37364389512294033,0.7298061785197288
L80342,Doxorubicin,1,1,0.29979943088858513,0.7663007228779011,0.42194129238214534,0.46530473362982805,0.8076563759915726
L80342,Trametinib,1,1,0.19726215106258552,0.6254926819796512,0.42194129238214534,0.32372275112196286,0.6761945398256765
L80626,Acid,3,0,0.47049894201675735,0.28393797583778135,0.23192375926440892,0.4474501488173782,0.31256429404911495
L80626,Cisplatin,3,0,0.1901270509498604,0.07579774841898737,0.23192375926440892,0.16121681121489548,0.08045977240022338
L80626,CoCl2,3,0,0.2186598922625351,0.09189062358779186,0.23192375926440892,0.18801989534230318,0.09797426287282449
L80626,Dabrafenib,3,0,0.2186598922625351,0.09189062358779211,0.23192375926440892,0.18801989534230318,0.09797426287282449
L80626,Doxorubicin,3,0,0.2882083795228566,0.13644925330968105,0.23192375926440892,0.25633883640743593,0.1470636314350448
L80626,Trametinib,3,0,0.19191054568686872,0.07676878924958747,0.23192375926440892,0.16287047037931734,0.08151021558416459
L81048,Acid,4,0,0.4785299066468458,0.29897467523817,0.0777392986218048,0.17352238853182134,0.208771052351914
L81048,Cisplatin,4,0,0.19815483583226198,0.08016901387354933,0.0777392986218048,0.048227695676414696,0.04919965760770385
L81048,CoCl2,4,0,0.22936006970462597,0.09841103684850079,0.0777392986218048,0.05817917183730195,0.06112085952034053
L81048,Dabrafenib,4,0,0.2240101926936385,0.09517437853277874,0.0777392986218048,0.05641558274852388,0.05898340013058227
L81048,Doxorubicin,4,0,0.2891002187573746,0.13760578088210432,0.0777392986218048,0.07965280130995672,0.08780287100706985
L81048,Trametinib,4,0,0.191021945485207,0.07620727108441683,0.0777392986218048,0.046063296313528644,0.04665606958063486
L81084,Acid,2,0,0.4723002644704608,0.28798107904013687,0.25599966759946474,0.47894659182580224,0.3441296384696899
L81084,Cisplatin,2,0,0.20261025237344546,0.07994198058564067,0.25599966759946474,0.187556149609019,0.1000023200543968
L81084,CoCl2,2,0,0.22668291955083833,0.0938138784504659,0.25599966759946474,0.21190796002658316,0.11709963891561083
L81084,Dabrafenib,2,0,0.22668291955083833,0.09381387845046599,0.25599966759946474,0.21190796002658327,0.11709963891561086
L81084,Doxorubicin,2,0,0.2819646373115759,0.12918161513286344,0.25599966759946474,0.269276443495334,0.1604949525287781
L81084,Trametinib,2,1,0.19458603455920903,0.07551591043043948,0.25599966759946474,0.17952875010199087,0.0945494359690343
L81421,Acid,0,0,0.4736194759800148,0.6685797891676423,0.23851456082727718,0.44699140633688034,0.5646690308055315
L81421,Cisplatin,0,0,0.18583642087064267,0.27503925150008757,0.23851456082727718,0.15560962450797344,0.19014446133599788
L81421,CoCl2,0,0,0.22867007436383363,0.3425594420653665,0.23851456082727718,0.19556879650332348,0.24495871768109176
L81421,Dabrafenib,0,0,0.24473499838108828,0.3674787801832512,0.23851456082727718,0.21097249909260704,0.2661216171954716
L81421,Doxorubicin,0,0,0.2866788719209133,0.43057449174866014,0.23851456082727718,0.2522266254965295,0.32241113960357326
L81421,Trametinib,0,0,0.20368386704128424,0.30336610808543724,0.23851456082727718,0.17205837861408813,0.21265707655052038
L81641,Acid,0,1,0.4736194759800148,0.2913335192140022,0.24812122677691792,0.4605864443456281,0.24389679797196812
L81641,Cisplatin,0,0,0.18583642087064267,0.07176496068223485,0.24812122677691792,0.16295383745249623,0.05516729095062688
L81641,CoCl2,0,0,0.22867007436383363,0.09599020016883097,0.24812122677691792,0.20434254329604215,0.07465779972866445
L81641,Dabrafenib,0,1,0.24473499838108828,0.10586111354471528,0.24812122677691792,0.22024809220932456,0.08271966331062063
L81641,Doxorubicin,0,0,0.2866788719209133,0.13351944255669992,0.24812122677691792,0.2627120843786936,0.10580945339445387
L81641,Trametinib,0,0,0.20368386704128424,0.08151005317126969,0.24812122677691792,0.18001341135737683,0.06294097608176495
L81738,Acid,0,1,0.4736194759800148,0.8555224028962445,0.4042552693888752,0.6456235809876893,0.8791426379532294
L81738,Cisplatin,0,1,0.18583642087064267,0.5268779335908227,0.4042552693888752,0.2934735096006916,0.5683521639707063
L81738,CoCl2,0,1,0.22867007436383363,0.6046575727248333,0.4042552693888752,0.35399325288299416,0.6453176832516933
L81738,Dabrafenib,0,1,0.24473499838108828,0.6303622012561292,0.4042552693888752,0.3760419924715832,0.6703598468208409
L81738,Doxorubicin,0,1,0.2866788719209133,0.6893990995385204,0.4042552693888752,0.4319055327297075,0.7274037270239113
L81738,Trametinib,0,1,0.20368386704128424,0.5610684686406873,0.4042552693888752,0.3189899033158463,0.6023388646367648
L82032,Acid,4,1,0.4785299066468458,0.8186738240737637,0.36929562746606653,0.6188713285911419,0.7945584154150165
L82032,Cisplatin,4,0,0.19815483583226198,0.4798909864279345,0.36929562746606653,0.2815540915117024,0.43132591459012154
L82032,CoCl2,4,1,0.22936006970462597,0.536079094197724,0.36929562746606653,0.32329699488760405,0.4882872382847186
L82032,Dabrafenib,4,0,0.2240101926936385,0.52685960073942,0.36929562746606653,0.3161949555052814,0.47882996483822765
L82032,Doxorubicin,4,0,0.2891002187573746,0.628141916770434,0.36929562746606653,0.40096467394984797,0.5852133076357825
L82032,Trametinib,4,0,0.191021945485207,0.466187323404311,0.36929562746606653,0.271909844425802,0.41770572484234986
L82077,Acid,4,0,0.4785299066468458,0.6169864058419372,0.2981137468093215,0.5362681798343915,0.6790480964022536
L82077,Cisplatin,4,0,0.19815483583226198,0.24766750871289406,0.2981137468093215,0.21819806588493618,0.2932466666327203
L82077,CoCl2,4,0,0.22936006970462597,0.2919268582579793,0.2981137468093215,0.25386697790300106,0.342970672887739
L82077,Dabrafenib,4,1,0.2240101926936385,0.2843328106110728,0.2981137468093215,0.24773178768959558,0.3344881722991057
L82077,Doxorubicin,4,0,0.2891002187573746,0.3760477037560993,0.2981137468093215,0.3228118237933314,0.43560657663371066
L82077,Trametinib,4,0,0.191021945485207,0.23756622999343838,0.2981137468093215,0.21008938567767207,0.28182582915283605
L82689,Acid,4,1,0.4785299066468458,0.2968821351175162,0.051699225647297904,0.11707232800041052,0.18098013255793652
L82689,Cisplatin,4,0,0.19815483583226198,0.07943437728876447,0.051699225647297904,0.03100900923249818,0.04153528849825052
L82689,CoCl2,4,1,0.22936006970462597,0.09752696145749848,0.051699225647297904,0.03754768520708025,0.05170037510702137
L82689,Dabrafenib,4,0,0.2240101926936385,0.09431633792632509,0.051699225647297904,0.03638533853770172,0.04987485912835719
L82689,Doxorubicin,4,0,0.2891002187573746,0.13642287806611342,0.051699225647297904,0.05182536788149742,0.07459666768052865
L82689,Trametinib,4,0,0.191021945485207,0.07550595825322452,0.051699225647297904,0.029593336108747228,0.03937153507296156
L82788,Acid,3,0,0.47049894201675735,0.5542403741566174,0.22731332530628656,0.4396171381834029,0.6251262240800345
L82788,Cisplatin,3,0,0.1901270509498604,0.2045602184504246,0.22731332530628656,0.1569710847378976,0.24294623314924352
L82788,CoCl2,3,0,0.2186598922625351,0.2408662400775254,0.22731332530628656,0.1832224858042645,0.28487315960418547
L82788,Dabrafenib,3,1,0.2186598922625351,0.2408662400775259,0.22731332530628656,0.1832224858042645,0.28487315960418547
L82788,Doxorubicin,3,1,0.2882083795228566,0.33130906764502804,0.22731332530628656,0.2503356687739666,0.3873898402456421
L82788,Trametinib,3,1,0.19191054568686872,0.20681169893857593,0.22731332530628656,0.15858942797504882,0.2455515418051894
L82823,Acid,1,1,0.47587273821028014,0.778216077458446,0.373120206203037,0.6151510582208449,0.8065600411929911
L82823,Cisplatin,1,1,0.19458719593808257,0.4194508717896902,0.373120206203037,0.275144265448349,0.4427390594275759
L82823,CoCl2,1,1,0.23560044533301658,0.49237523449071485,0.373120206203037,0.32976180874234673,0.5182912837366173
L82823,Dabrafenib,1,0,0.23203384804524899,0.48632907940064585,0.373120206203037,0.3250604874146096,0.5120533584084036
L82823,Doxorubicin,1,1,0.29979943088858513,0.5914766644849926,0.373120206203037,0.4126550269498722,0.6199736901682317
L82823,Trametinib,1,1,0.19726215106258552,0.42444849508995564,0.373120206203037,0.2787417358112835,0.4479198948982872
L82908,Acid,3,0,0.47049894201675735,0.28393797583778135,0.23733607547228724,0.4534295075124297,0.26995516687892995
L82908,Cisplatin,3,0,0.1901270509498604,0.07579774841898737,0.23733607547228724,0.16450999035851815,0.06643364651435965
L82908,CoCl2,3,0,0.2186598922625351,0.09189062358779186,0.23733607547228724,0.19173542829937365,0.08116442408432471
L82908,Dabrafenib,3,0,0.2186598922625351,0.09189062358779211,0.23733607547228724,0.19173542829937365,0.08116442408432471
L82908,Doxorubicin,3,1,0.2882083795228566,0.13644925330968105,0.23733607547228724,0.26097053119455094,0.12297962637122317
L82908,Trametinib,3,0,0.19191054568686872,0.07676878924958747,0.23733607547228724,0.1661907360486767,0.06731437655760884
L82979,Acid,2,1,0.4723002644704608,0.9506677002746932,0.399240439950662,0.6477141439814741,0.9626846981330074
L82979,Cisplatin,2,1,0.20261025237344546,0.805441807611882,0.399240439950662,0.3158956433451753,0.8452822844994383
L82979,CoCl2,2,1,0.22668291955083833,0.8314394352113774,0.399240439950662,0.349737586577438,0.8670449826837392
L82979,Dabrafenib,2,1,0.22668291955083833,0.8314394352113774,0.399240439950662,0.3497375865774382,0.8670449826837392
L82979,Doxorubicin,2,1,0.2819646373115759,0.8760539291748629,0.399240439950662,0.42432912391473604,0.9038468043072734
L82979,Trametinib,2,1,0.19458603455920903,0.7955813127346861,0.399240439950662,0.304433589635268,0.8369840981284338
L83489,Acid,4,1,0.4785299066468458,0.5064317991162951,0.3513455846901427,0.5993202354603214,0.6345450329353354
L83489,Cisplatin,4,0,0.19815483583226198,0.17333991350682212,0.3513455846901427,0.26524316045974444,0.254016723528696
L83489,CoCl2,4,1,0.22936006970462597,0.20798868431001838,0.3513455846901427,0.3055964401256437,0.2999115265640193
L83489,Dabrafenib,4,1,0.2240101926936385,0.20195538268441132,0.3513455846901427,0.2987115968868418,0.29202065674664895
L83489,Doxorubicin,4,1,0.2891002187573746,0.2773978968598879,0.3513455846901427,0.3814085260414041,0.3877814157965918
L83489,Trametinib,4,1,0.191021945485207,0.16560284243178877,0.3513455846901427,0.2559585724355971,0.24359713519900708
L83701,Acid,2,0,0.4723002644704608,0.28798107904013687,0.2574185793390952,0.48125477595169835,0.2864403423937062
L83701,Cisplatin,2,0,0.20261025237344546,0.07994198058564067,0.2574185793390952,0.18896933076358358,0.07834925772578087
L83701,CoCl2,2,0,0.22668291955083833,0.0938138784504659,0.2574185793390952,0.21345641761249046,0.09212350576906897
L83701,Dabrafenib,2,0,0.22668291955083833,0.09381387845046599,0.2574185793390952,0.21345641761249062,0.09212350576906897
L83701,Doxorubicin,2,0,0.2819646373115759,0.12918161513286344,0.2574185793390952,0.2710999009024533,0.12760073636475755
L83701,Trametinib,2,0,0.19458603455920903,0.07551591043043948,0.2574185793390952,0.18089491424099632,0.0739800097389788
L8380,Acid,0,1,0.4736194759800148,0.4328777043248581,0.299650361959607,0.528961705789967,0.5650081230366781
L8380,Cisplatin,0,0,0.18583642087064267,0.12552793042606503,0.299650361959607,0.20384181136914062,0.19035699120421098
L8380,CoCl2,0,0,0.22867007436383363,0.1646818096685305,0.299650361959607,0.25248313481416795,0.24521396399560777
L8380,Dabrafenib,0,0,0.24473499838108828,0.18020834599800858,0.299650361959607,0.27086021831888724,0.26639113499239353
L8380,Doxorubicin,0,0,0.2866788719209133,0.2224585775702799,0.299650361959607,0.3190890864120267,0.3227125968724268
L8380,Trametinib,0,0,0.20368386704128424,0.14146100184460822,0.299650361959607,0.22403623894533614,0.21288815476900816
L8387,Acid,0,1,0.4736194759800148,0.9033224656609091,0.37916239442368077,0.6200566887490798,0.9156462286069188
L8387,Cisplatin,0,1,0.18583642087064267,0.6373142704234052,0.37916239442368077,0.27118050318276576,0.6627125039360123
L8387,CoCl2,0,1,0.22867007436383363,0.7070336965685708,0.37916239442368077,0.3292453484171805,0.7308215255564425
L8387,Dabrafenib,0,0,0.24473499838108828,0.7290645539763554,0.37916239442368077,0.350589189705114,0.7521454168185302
L8387,Doxorubicin,0,0,0.2866788719209133,0.7778917083057192,0.37916239442368077,0.4051266125180188,0.7992741944193806
L8387,Trametinib,0,0,0.20368386704128424,0.6685446842114142,0.37916239442368077,0.2955694736649519,0.6932790870341325
L84010,Acid,3,1,0.47049894201675735,0.8878266048631812,0.3604640464834754,0.6076377450741728,0.8968452344023261
L84010,Cisplatin,3,1,0.1901270509498604,0.6207844721047849,0.3604640464834754,0.2687782134340921,0.6259063363926728
L84010,CoCl2,3,1,0.2186598922625351,0.6688472036615397,0.3604640464834754,0.30692045389050093,0.6749967636796375
L84010,Dabrafenib,3,1,0.2186598922625351,0.6688472036615404,0.3604640464834754,0.30692045389050093,0.6749967636796373
L84010,Doxorubicin,3,1,0.2882083795228566,0.7592627294237478,0.3604640464834754,0.39730345386819266,0.7672756470119041
L84010,Trametinib,3,1,0.19191054568686872,0.6240231862425558,0.3604640464834754,0.27117847332413825,0.6292051853983802
L84024,Acid,0,0,0.4736194759800148,0.2913335192140022,0.24586804512131172,0.4578053572664157,0.17047845239082343
L84024,Cisplatin,0,0,0.18583642087064267,0.07176496068223485,0.24586804512131172,0.16143206029848173,0.03586584025268559
L84024,CoCl2,0,0,0.22867007436383363,0.09599020016883097,0.24586804512131172,0.20252776917769796,0.04889003528497599
L84024,Dabrafenib,0,0,0.24473499838108828,0.10586111354471528,0.24586804512131172,0.21833082185878375,0.054332766240854605
L84024,Doxorubicin,0,0,0.2866788719209133,0.13351944255669992,0.24586804512131172,0.26054867926259034,0.07010441708322097
L84024,Trametinib,0,0,0.20368386704128424,0.08151005317126969,0.24586804512131172,0.17836626823931354,0.04103786755005849
L84060,Acid,4,0,0.4785299066468458,0.5600708095051647,0.28350124897168405,0.517721387414859,0.48405686287221866
L84060,Cisplatin,4,0,0.19815483583226198,0.2064565555289803,0.28350124897168405,0.20577051114815664,0.15539977119274487
L84060,CoCl2,4,0,0.22936006970462597,0.24575703214664701,0.28350124897168405,0.24003161617483798,0.1879663887325414
L84060,Dabrafenib,4,0,0.2240101926936385,0.23895870067093994,0.28350124897168405,0.23412586753137057,0.18225410587328544
L84060,Doxorubicin,4,0,0.2891002187573746,0.32263579483226207,0.28350124897168405,0.30676387993058923,0.2549836129624456
L84060,Trametinib,4,0,0.191021945485207,0.19759463819748185,0.28350124897168405,0.19800669566166818,0.14822162880677894
L8434,Acid,0,1,0.4736194759800148,0.8819963110657196,0.34849855421673237,0.5866097534803607,0.8766619546901944
L8434,Cisplatin,0,1,0.18583642087064267,0.5843118860239561,0.34849855421673237,0.24444494312922202,0.5626656512086561
L8434,CoCl2,0,1,0.22867007436383363,0.6587647063382417,0.34849855421673237,0.29913478651656317,0.6400028761260359
L8434,Dabrafenib,0,0,0.24473499838108828,0.6827968892973839,0.34849855421673237,0.31945631406784053,0.6652256191847612
L8434,Doxorubicin,0,1,0.2866788719209133,0.7369538353402727,0.34849855421673237,0.3719243695904754,0.7227905678846035
L8434,Trametinib,0,0,0.20368386704128424,0.6173661306728109,0.34849855421673237,0.26731132103151817,0.5967824425100321
L84351,Acid,3,1,0.47049894201675735,0.9225343129633349,0.3294480639052065,0.5723918832117801,0.9243062544145715
L84351,Cisplatin,3,1,0.1901270509498604,0.7112449436572764,0.3294480639052065,0.24110938992472974,0.7014871472313082
L84351,CoCl2,3,0,0.2186598922625351,0.7524151005848095,0.3294480639052065,0.27681156310245003,0.7447048825695589
L84351,Dabrafenib,3,1,0.2186598922625351,0.7524151005848101,0.3294480639052065,0.27681156310245003,0.7447048825695588
L84351,Doxorubicin,3,1,0.2882083795228566,0.8259512845869313,0.3294480639052065,0.36297148881008523,0.8223990346859403
L84351,Trametinib,3,0,0.19191054568686872,0.714066926012701,0.3294480639052065,0.24334478950273328,0.7044342364404055
L8437,Acid,0,0,0.4736194759800148,0.283084547091898,0.33766098039709913,0.5743773284724745,0.3303256429938808
L8437,Cisplatin,0,0,0.18583642087064267,0.06912653697676831,0.33766098039709913,0.2352865706361798,0.08196692883184784
L8437,CoCl2,0,0,0.22867007436383363,0.09254994172494373,0.33766098039709913,0.28871036584303117,0.10982513448729356
L8437,Dabrafenib,0,0,0.24473499838108828,0.10210704271472079,0.33766098039709913,0.30863557223030086,0.12118717425463908
L8437,Doxorubicin,0,0,0.2866788719209133,0.1289259711728003,0.33766098039709913,0.3602672364173201,0.15322093473217444
L8437,Trametinib,0,0,0.20368386704128424,0.07854366914430409,0.33766098039709913,0.2575883121716268,0.09314469452463328
L84404,Acid,4,1,0.4785299066468458,0.29897467523817,0.25256960897598646,0.4763064895067298,0.3508915107886675
L84404,Cisplatin,4,0,0.19815483583226198,0.08016901387354933,0.25256960897598646,0.17999649222018443,0.09585171218194372
L84404,CoCl2,4,1,0.22936006970462597,0.09841103684850079,0.25256960897598646,0.21110684487827697,0.11767777334379786
L84404,Dabrafenib,4,0,0.2240101926936385,0.09517437853277874,0.25256960897598646,0.2057201176306951,0.11380219745209633
L84404,Doxorubicin,4,0,0.2891002187573746,0.13760578088210432,0.25256960897598646,0.27268296228753547,0.1647178535783975
L84404,Trametinib,4,0,0.191021945485207,0.07620727108441683,0.25256960897598646,0.17299332684345217,0.09112740674095657
L84720,Acid,0,0,0.4736194759800148,0.2913335192140022,0.1830809205314827,0.362651191969198,0.1720769367117363
L84720,Cisplatin,0,0,0.18583642087064267,0.07176496068223485,0.1830809205314827,0.11483213913202801,0.036257303518944295
L84720,CoCl2,0,0,0.22867007436383363,0.09599020016883097,0.1830809205314827,0.14613220185773798,0.04941636705922922
L84720,Dabrafenib,0,0,0.24473499838108828,0.10586111354471528,0.1830809205314827,0.158408869511589,0.05491430934489533
L84720,Doxorubicin,0,0,0.2866788719209133,0.13351944255669992,0.1830809205314827,0.19188418293630674,0.07084212390725882
L84720,Trametinib,0,0,0.20368386704128424,0.08151005317126969,0.1830809205314827,0.1276219761382299,0.041483352822649984
L84803,Acid,4,0,0.4785299066468458,0.28113031182063863,0.17711166964055097,0.3607105147147456,0.27028582385572464
L84803,Cisplatin,4,0,0.19815483583226198,0.0740054563390073,0.17711166964055097,0.11985459573819819,0.06772066016942656
L84803,CoCl2,4,0,0.22936006970462597,0.09098371995446658,0.17711166964055097,0.14237493159214584,0.08373433004795643
L84803,Dabrafenib,4,1,0.2240101926936385,0.08796750590531295,0.17711166964055097,0.138434252576009,0.08087417449365754
L84803,Doxorubicin,4,0,0.2891002187573746,0.12763912778414688,0.17711166964055097,0.18869850263250232,0.11903653723919086
L84803,Trametinib,4,1,0.191021945485207,0.07032501345783615,0.17711166964055097,0.11486361132796977,0.06428428801821459
L85031,Acid,0,1,0.4736194759800148,0.743846098771416,0.35789654638666785,0.5973204166496673,0.7650132325228999
L85031,Cisplatin,0,1,0.18583642087064267,0.3532196530101217,0.35789654638666785,0.2527275585225584,0.370787238988482
L85031,CoCl2,0,1,0.22867007436383363,0.42858611654162626,0.35789654638666785,0.30851381595659594,0.44881691595058837
L85031,Dabrafenib,0,1,0.24473499838108828,0.4554283463633699,0.35789654638666785,0.3291732495798856,0.4764775845380913
L85031,Doxorubicin,0,1,0.2866788719209133,0.5211821723980097,0.35789654638666785,0.3823406137809785,0.5442632247024524
L85031,Trametinib,0,1,0.20368386704128424,0.38531882847315824,0.35789654638666785,0.27608561199935977,0.4040177083408311
L85759,Acid,2,1,0.4723002644704608,0.3123280499487586,0.09545173387747465,0.20947068261142857,0.25745527182291433
L85759,Cisplatin,2,0,0.20261025237344546,0.08889650017663632,0.09545173387747465,0.06239614491150862,0.0684025180648686
L85759,CoCl2,2,1,0.22668291955083833,0.10414634088636009,0.09545173387747465,0.07193636770958443,0.0805809625991496
L85759,Dabrafenib,2,1,0.22668291955083833,0.10414634088636013,0.09545173387747465,0.0719363677095845,0.08058096259914957
L85759,Doxorubicin,2,0,0.2819646373115759,0.14279558489371302,0.09545173387747465,0.09602855377354667,0.11216226346643325
L85759,Trametinib,2,1,0.19458603455920903,0.08401992822152263,0.09545173387747465,0.05933437017320641,0.06454911421942898
L85766,Acid,3,0,0.47049894201675735,0.4146843208666432,0.16586803938633113,0.3416511323259149,0.30785947407004177
L85766,Cisplatin,3,0,0.1901270509498604,0.1278074763493444,0.16586803938633113,0.10966490859551187,0.07884794143781118
L85766,CoCl2,3,0,0.2186598922625351,0.15311331540748604,0.16586803938633113,0.12921759261029833,0.09604821695017793
L85766,Dabrafenib,3,0,0.2186598922625351,0.15311331540748646,0.16586803938633113,0.1292175926102983,0.09604821695017793
L85766,Doxorubicin,3,1,0.2882083795228566,0.22016197956804173,0.16586803938633113,0.18093113421028445,0.14432696099401213
L85766,Trametinib,3,0,0.19191054568686872,0.12935155634413809,0.16586803938633113,0.11085966950336676,0.07987916934957749
L85780,Acid,4,0,0.4785299066468458,0.28113031182063863,0.2859478743035444,0.5206890000118255,0.24364546344339874
L85780,Cisplatin,4,0,0.19815483583226198,0.0740054563390073,0.2859478743035444,0.20772015573166702,0.05942008290319019
L85780,CoCl2,4,0,0.22936006970462597,0.09098371995446658,0.2859478743035444,0.24220688436186624,0.07362595515906538
L85780,Dabrafenib,4,0,0.2240101926936385,0.08796750590531295,0.2859478743035444,0.2362642541151723,0.07108428971389864
L85780,Doxorubicin,4,0,0.2891002187573746,0.12763912778414688,0.2859478743035444,0.3092977758965548,0.1051555860206871
L85780,Trametinib,4,0,0.191021945485207,0.07032501345783615,0.2859478743035444,0.19990129398198064,0.05637943778783325
L85922,Acid,0,0,0.4736194759800148,0.5836641772922005,0.35154474443763434,0.5901431025998463,0.5983192580664828
L85922,Cisplatin,0,0,0.18583642087064267,0.20864064964762216,0.35154474443763434,0.24714949196743255,0.2123633641608616
L85922,CoCl2,0,0,0.22867007436383363,0.2658376831605884,0.35154474443763434,0.3022024054624306,0.2714360131291792
L85922,Dabrafenib,0,0,0.24473499838108828,0.28761754977470416,0.35154474443763434,0.32263639634692504,0.2939956960359031
L85922,Doxorubicin,0,0,0.2866788719209133,0.3444687262158307,0.35154474443763434,0.37533868993860575,0.35334238838742
L85922,Trametinib,0,0,0.20368386704128424,0.23232044833009902,0.35154474443763434,0.27017839627141904,0.23673764333455438
L85940,Acid,3,1,0.47049894201675735,0.5626436733180362,0.25371221571302993,0.47658664757269115,0.5743103853284817
L85940,Cisplatin,3,0,0.1901270509498604,0.21016135051477408,0.25371221571302993,0.17770920381097197,0.20611590429403684
L85940,CoCl2,3,0,0.2186598922625351,0.24715259853498056,0.25371221571302993,0.20657893257331125,0.24373309659514275
L85940,Dabrafenib,3,0,0.2186598922625351,0.24715259853498114,0.25371221571302993,0.20657893257331125,0.24373309659514264
L85940,Doxorubicin,3,1,0.2882083795228566,0.3389021017609692,0.25371221571302993,0.2793216806661925,0.33845162108666793
L85940,Trametinib,3,1,0.19191054568686872,0.21245801352685967,0.25371221571302993,0.17949583012859793,0.208434993891326
L86391,Acid,4,0,0.4785299066468458,0.29897467523817,0.1108504257592718,0.24076251447443014,0.22988855990933155
L86391,Cisplatin,4,0,0.19815483583226198,0.08016901387354933,0.1108504257592718,0.0710923381964899,0.05530447588946099
L86391,CoCl2,4,0,0.22936006970462597,0.09841103684850079,0.1108504257592718,0.08533875935005798,0.06859816878073403
L86391,Dabrafenib,4,0,0.2240101926936385,0.09517437853277874,0.1108504257592718,0.08282428052876308,0.06621766260768135
L86391,Doxorubicin,4,0,0.2891002187573746,0.13760578088210432,0.1108504257592718,0.11560637116749392,0.09820294271194933
L86391,Trametinib,4,1,0.191021945485207,0.07620727108441683,0.1108504257592718,0.06797508811119066,0.052462687815667514
L86394,Acid,1,1,0.47587273821028014,0.909882586937681,0.3411555812888749,0.579683444616952,0.9057880865867858
L86394,Cisplatin,1,1,0.19458719593808257,0.6752162648324029,0.3411555812888749,0.24671310580196634,0.6468895174348196
L86394,CoCl2,1,1,0.23560044533301658,0.7362173842692386,0.3411555812888749,0.29800720420841464,0.7127228831826109
L86394,Dabrafenib,1,0,0.23203384804524899,0.7314917312054009,0.3411555812888749,0.2935603122449613,0.707582228892313
L86394,Doxorubicin,1,1,0.29979943088858513,0.8064295037322411,0.3411555812888749,0.3774129994909413,0.7899931496910646
L86394,Trametinib,1,0,0.19726215106258552,0.679693469125273,0.3411555812888749,0.2500670867531784,0.6516656490212602
L870,Acid,2,1,0.4723002644704608,0.6038122237619251,0.32419353024920267,0.5659112327960574,0.5638096394409426
L870,Cisplatin,2,0,0.20261025237344546,0.24665161315588735,0.32419353024920267,0.24665793491266624,0.2149037326876973
L870,CoCl2,2,0,0.22668291955083833,0.28062828906711407,0.32419353024920267,0.27607580252193437,0.24627021925135015
L870,Dabrafenib,2,0,0.22668291955083833,0.2806282890671142,0.32419353024920267,0.27607580252193453,0.24627021925135015
L870,Doxorubicin,2,0,0.2819646373115759,0.3585577383085783,0.32419353024920267,0.34324984969588535,0.320175070486223
L870,Trametinib,2,0,0.19458603455920903,0.23535659705343095,0.32419353024920267,0.23683837975411565,0.20460993646815148
L87202,Acid,2,0,0.4723002644704608,0.5292323397866742,0.16380916155262293,0.337315633750556,0.6052679437552019
L87202,Cisplatin,2,0,0.20261025237344546,0.19452632190532285,0.16380916155262293,0.11334850634288064,0.24512386060974467
L87202,CoCl2,2,0,0.22668291955083833,0.2234524304898659,0.16380916155262293,0.12960236609122627,0.27933182059988293
L87202,Dabrafenib,2,0,0.22668291955083833,0.22345243048986602,0.16380916155262293,0.12960236609122633,0.27933182059988293
L87202,Doxorubicin,2,0,0.2819646373115759,0.2919480494610228,0.16380916155262293,0.16948058126990911,0.3584400429242067
L87202,Trametinib,2,0,0.19458603455920903,0.18503202372375924,0.16380916155262293,0.1080746962382003,0.23381363009981151
L87366,Acid,3,1,0.47049894201675735,0.900611504725397,0.37102717655525175,0.618908241958636,0.9140498781723662
L87366,Cisplatin,3,1,0.1901270509498604,0.652078083973927,0.37102717655525175,0.27822028952898986,0.6717607869860867
L87366,CoCl2,3,0,0.2186598922625351,0.6981034206321127,0.37102717655525175,0.3171213455028612,0.7175493492454688
L87366,Dabrafenib,3,1,0.2186598922625351,0.6981034206321133,0.37102717655525175,0.3171213455028612,0.7175493492454688
L87366,Doxorubicin,3,1,0.2882083795228566,0.7831211823513596,0.37102717655525175,0.4087367638978283,0.801302748557421
L87366,Trametinib,3,1,0.19191054568686872,0.6551979799523447,0.37102717655525175,0.280672504123753,0.6748653277821189
L879,Acid,2,1,0.4723002644704608,0.7086011511791896,0.334471294269848,0.5778402329598046,0.7067030358793314
L879,Cisplatin,2,1,0.20261025237344546,0.343141432177816,0.334471294269848,0.255823305816696,0.3378636312805063
L879,CoCl2,2,0,0.22668291955083833,0.38364100741817625,0.334471294269848,0.2859194138626702,0.3785240646522868
L879,Dabrafenib,2,1,0.22668291955083833,0.38364100741817636,0.334471294269848,0.28591941386267045,0.3785240646522868
L879,Doxorubicin,2,0,0.2819646373115759,0.4714300096981398,0.334471294269848,0.3543163182707027,0.4675007914702544
L879,Trametinib,2,0,0.19458603455920903,0.3293596044446457,0.334471294269848,0.2457579049617888,0.3241115666031929
L88206,Acid,1,0,0.47587273821028014,0.2838807297763159,0.03301325950851812,0.07313043630582305,0.13721151060840936
L88206,Cisplatin,1,0,0.19458719593808257,0.07546505119145054,0.03301325950851812,0.01839225283776952,0.029411690185261755
L88206,CoCl2,1,0,0.23560044533301658,0.09875860442751293,0.03301325950851812,0.02371034842886496,0.03942017547711065
L88206,Dabrafenib,1,1,0.23203384804524899,0.0966258507238606,0.03301325950851812,0.023221145655096014,0.03848526843956743
L88206,Doxorubicin,1,0,0.29979943088858513,0.14057529225993384,0.03301325950851812,0.03351782262153487,0.058578646392694035
L88206,Trametinib,1,0,0.19726215106258552,0.07690713164142415,0.03301325950851812,0.018719423300213194,0.030016382219198643
L88295,Acid,3,0,0.47049894201675735,0.2800284500633928,0.10633067107750292,0.23191695248582728,0.27380797908329213
L88295,Cisplatin,3,0,0.1901270509498604,0.07445610040842693,0.10633067107750292,0.06687324190942538,0.06765095694893773
L88295,CoCl2,3,0,0.2186598922625351,0.09029195479406704,0.10633067107750292,0.07947745857261494,0.08262776671997102
L88295,Dabrafenib,3,0,0.2186598922625351,0.09029195479406729,0.10633067107750292,0.07947745857261494,0.08262776671997099
L88295,Doxorubicin,3,0,0.2882083795228566,0.13418992647207914,0.10633067107750292,0.11388825177980029,0.12509423097545824
L88295,Trametinib,3,0,0.19191054568686872,0.07541135591620717,0.10633067107750292,0.06763721897193557,0.06854664028640214
L88421,Acid,3,0,0.47049894201675735,0.28393797583778135,0.1689907677274692,0.3479861001028538,0.18266792178182994
L88421,Cisplatin,3,0,0.1901270509498604,0.07579774841898737,0.1689907677274692,0.1124329561093513,0.04123597442426877
L88421,CoCl2,3,0,0.2186598922625351,0.09189062358779186,0.1689907677274692,0.13240577376431942,0.050682832154963255
L88421,Dabrafenib,3,0,0.2186598922625351,0.09189062358779211,0.1689907677274692,0.1324057737643194,0.050682832154963234
L88421,Doxorubicin,3,0,0.2882083795228566,0.13644925330968105,0.1689907677274692,0.185123986196838,0.07812949844740402
L88421,Trametinib,3,0,0.19191054568686872,0.07676878924958747,0.1689907677274692,0.11365402430594937,0.041797607853344486
L88461,Acid,3,1,0.47049894201675735,0.8721590657326403,0.31535563589354765,0.5565257601894773,0.877134062532552
L88461,Cisplatin,3,0,0.1901270509498604,0.5852428339780672,0.31535563589354765,0.22949765693569885,0.578741116703947
L88461,CoCl2,3,0,0.2186598922625351,0.635162811645983,0.31535563589354765,0.2640787452358366,0.6303656814112046
L88461,Dabrafenib,3,1,0.2186598922625351,0.6351628116459836,0.31535563589354765,0.2640787452358366,0.6303656814112046
L88461,Doxorubicin,3,0,0.2882083795228566,0.7310774750132762,0.31535563589354765,0.3481835800543173,0.7302526035283704
L88461,Trametinib,3,1,0.19191054568686872,0.5885839231888998,0.31535563589354765,0.23165826351446683,0.5821782377861643
L88830,Acid,1,0,0.47587273821028014,0.4172781131200817,0.2126569413340043,0.4101304767144966,0.3081818728611536
L88830,Cisplatin,1,0,0.19458719593808257,0.1285001353508123,0.2126569413340043,0.1417147742684219,0.07824048026639333
L88830,CoCl2,1,0,0.23560044533301658,0.16523808794754982,0.2126569413340043,0.17628747630907388,0.10309987242369238
L88830,Dabrafenib,1,0,0.23203384804524899,0.16192761691258467,0.2126569413340043,0.1732087430633119,0.10081321040115386
L88830,Doxorubicin,1,0,0.29979943088858513,0.22807998864071088,0.2126569413340043,0.2340748774485194,0.14842502396713272
L88830,Trametinib,1,0,0.19726215106258552,0.13081228206688,0.2126569413340043,0.14391404380578238,0.07976656757360531
L88932,Acid,2,1,0.4723002644704608,0.3123280499487586,0.375853230410671,0.6238678804110663,0.3810406603705696
L88932,Cisplatin,2,0,0.20261025237344546,0.08889650017663632,0.375853230410671,0.29406819738277756,0.11533301236708363
L88932,CoCl2,2,0,0.22668291955083833,0.10414634088636009,0.375853230410671,0.3266884362793803,0.13465923767916974
L88932,Dabrafenib,2,1,0.22668291955083833,0.10414634088636013,0.375853230410671,0.32668843627938043,0.1346592376791697
L88932,Doxorubicin,2,0,0.2819646373115759,0.14279558489371302,0.375853230410671,0.3993833641551413,0.18321152731510176
L88932,Trametinib,2,0,0.19458603455920903,0.08401992822152263,0.375853230410671,0.2830704242217167,0.10914556054365453
L89007,Acid,1,0,0.47587273821028014,0.2838807297763159,0.10058325728018208,0.2155031665494972,0.141729375306394
L89007,Cisplatin,1,0,0.19458719593808257,0.07546505119145054,0.10058325728018208,0.061239902460038305,0.03050560552195713
L89007,CoCl2,1,0,0.23560044533301658,0.09875860442751293,0.10058325728018208,0.07796332682311438,0.040870663523830286
L89007,Dabrafenib,1,0,0.23203384804524899,0.0966258507238606,0.10058325728018208,0.07644239734928854,0.03990278504881052
L89007,Doxorubicin,1,0,0.29979943088858513,0.14057529225993384,0.10058325728018208,0.10773542230955761,0.06068954277469419
L89007,Trametinib,1,0,0.19726215106258552,0.07690713164142415,0.10058325728018208,0.06228090839429777,0.03113206660588402
L89382,Acid,2,0,0.4723002644704608,0.41824820551231073,0.2646538883803085,0.4910509288575357,0.3946556756295946
L89382,Cisplatin,2,0,0.20261025237344546,0.13378550711129356,0.2646538883803085,0.19505298879509744,0.12131480400541655
L89382,CoCl2,2,0,0.22668291955083833,0.15542226908653953,0.2646538883803085,0.2201144555252242,0.1414830856704557
L89382,Dabrafenib,2,0,0.22668291955083833,0.15542226908653958,0.2646538883803085,0.22011445552522435,0.1414830856704557
L89382,Doxorubicin,2,0,0.2819646373115759,0.20866797340549004,0.2646538883803085,0.27891833871588584,0.19194999667754845
L89382,Trametinib,2,1,0.19458603455920903,0.1267891472075863,0.2646538883803085,0.1867784905547981,0.11484809894374141
L8950,Acid,3,1,0.47049894201675735,0.4146843208666432,0.1371448748027607,0.29084523205867424,0.3287722860962347
L8950,Cisplatin,3,0,0.1901270509498604,0.1278074763493444,0.1371448748027607,0.08870857889048261,0.08614016509901491
L8950,CoCl2,3,0,0.2186598922625351,0.15311331540748604,0.1371448748027607,0.10496535860834592,0.1047503059257301
L8950,Dabrafenib,3,0,0.2186598922625351,0.15311331540748646,0.1371448748027607,0.10496535860834588,0.1047503059257301
L8950,Doxorubicin,3,0,0.2882083795228566,0.22016197956804173,0.1371448748027607,0.14862968025552772,0.1566451774416407
L8950,Trametinib,3,0,0.19191054568686872,0.12935155634413809,0.1371448748027607,0.08969802949489139,0.08725773140618441
L89642,Acid,0,0,0.4736194759800148,0.2913335192140022,0.2052949345997919,0.39816342356220563,0.37323301811421217
L89642,Cisplatin,0,0,0.18583642087064267,0.07176496068223485,0.2052949345997919,0.13106742024295237,0.09730126727227553
L89642,CoCl2,0,0,0.22867007436383363,0.09599020016883097,0.2052949345997919,0.1659630592493338,0.12963523117450734
L89642,Dabrafenib,0,0,0.24473499838108828,0.10586111354471528,0.2052949345997919,0.17955539569945395,0.14271815603838245
L89642,Doxorubicin,0,0,0.2866788719209133,0.13351944255669992,0.2052949345997919,0.2163506483323301,0.17928220068085723
L89642,Trametinib,0,1,0.20368386704128424,0.08151005317126969,0.2052949345997919,0.14536855365968596,0.11031887599508036
L89723,Acid,1,0,0.47587273821028014,0.2838807297763159,0.09832346740887789,0.2112673687272343,0.14306100073259417
L89723,Cisplatin,1,0,0.19458719593808257,0.07546505119145054,0.09832346740887789,0.059805060205143264,0.03082975999435836
L89723,CoCl2,1,0,0.23560044533301658,0.09875860442751293,0.09832346740887789,0.07616844891853644,0.04130026581954178
L89723,Dabrafenib,1,0,0.23203384804524899,0.0966258507238606,0.09832346740887789,0.07467969839241861,0.04032264142742122
L89723,Doxorubicin,1,0,0.29979943088858513,0.14057529225993384,0.09832346740887789,0.10533343070049876,0.061314149182512705
L89723,Trametinib,1,0,0.19726215106258552,0.07690713164142415,0.09832346740887789,0.06082325581165538,0.03146266186167458
L90423,Acid,4,1,0.4785299066468458,0.42482109229729803,0.24175258472779002,0.4609586125787632,0.30627705254440407
L90423,Cisplatin,4,0,0.19815483583226198,0.13114408101123912,0.24175258472779002,0.17107746091757534,0.07968381129376637
L90423,CoCl2,4,0,0.22936006970462597,0.15898045440298916,0.24175258472779002,0.20102417256001193,0.0982283045818473
L90423,Dabrafenib,4,0,0.2240101926936385,0.15409218731186997,0.24175258472779002,0.19583085599295721,0.0949243607271356
L90423,Doxorubicin,4,1,0.2891002187573746,0.21650561141914318,0.24175258472779002,0.26063096685708376,0.13871603412763683
L90423,Trametinib,4,0,0.191021945485207,0.1250056249684408,0.24175258472779002,0.16435175883780503,0.07568967400295654
L90680,Acid,1,1,0.47587273821028014,0.4006161480198365,0.16997105609029328,0.3422905297554917,0.26915575226103583
L90680,Cisplatin,1,0,0.19458719593808257,0.12097524340804745,0.16997105609029328,0.10999448124068073,0.06557270108341007
L90680,CoCl2,1,0,0.23560044533301658,0.15594680782634118,0.16997105609029328,0.13807360813998387,0.08678611145143558
L90680,Dabrafenib,1,0,0.23203384804524899,0.15278841257359338,0.16997105609029328,0.1355524269470603,0.08482705325932265
L90680,Doxorubicin,1,1,0.29979943088858513,0.2161701867667327,0.16997105609029328,0.18616553102971195,0.12594645682225852
L90680,Trametinib,1,1,0.19726215106258552,0.12317112828998084,0.16997105609029328,0.11176558680611032,0.06686962728559485
L91035,Acid,3,0,0.47049894201675735,0.6713114281727749,0.2624216243555881,0.48886418035969104,0.6375686108608094
L91035,Cisplatin,3,0,0.1901270509498604,0.2969782483061607,0.2624216243555881,0.1850087486903254,0.25291384310055803
L91035,CoCl2,3,0,0.2186598922625351,0.34262176910522496,0.2624216243555881,0.21475462102455892,0.29588863045429875
L91035,Dabrafenib,3,1,0.2186598922625351,0.34262176910522574,0.2624216243555881,0.2147546210245589,0.29588863045429864
L91035,Doxorubicin,3,0,0.2882083795228566,0.44868964401077416,0.2624216243555881,0.28932646439425,0.40015129336613964
L91035,Trametinib,3,0,0.19191054568686872,0.2998634627146495,0.2624216243555881,0.18685208607614875,0.2555899549620784
L91046,Acid,1,1,0.47587273821028014,0.29525690538904675,0.21260390603621765,0.4099312956222128,0.26449648222754457
L91046,Cisplatin,1,1,0.19458719593808257,0.07941543330523236,0.21260390603621765,0.14161465425261174,0.06412836314077601
L91046,CoCl2,1,0,0.23560044533301658,0.10379144962857745,0.21260390603621765,0.17616794446148504,0.08491697852308117
L91046,Dabrafenib,1,0,0.23203384804524899,0.10156225664285312,0.21260390603621765,0.17309086008825791,0.08299627839931242
L91046,Doxorubicin,1,0,0.29979943088858513,0.14739064960258655,0.21260390603621765,0.23392729038852922,0.12334783713643545
L91046,Trametinib,1,0,0.19726215106258552,0.08092639490158116,0.21260390603621765,0.1438126303741254,0.06539872191256221
L91099,Acid,0,0,0.4736194759800148,0.41687445602687223,0.40712079071654145,0.6483610700020989,0.5604709064078327
L91099,Cisplatin,0,0,0.18583642087064267,0.1185127757596139,0.40712079071654145,0.29596488560416256,0.18753131327430997
L91099,CoCl2,0,0,0.22867007436383363,0.15586854988823068,0.40712079071654145,0.35673898564979273,0.24181719254943287
L91099,Dabrafenib,0,0,0.24473499838108828,0.17073399163724073,0.40712079071654145,0.37885844852078,0.2628031515175938
L91099,Doxorubicin,0,1,0.2866788719209133,0.21133556904734843,0.40712079071654145,0.4348487984581096,0.31869557381536906
L91099,Trametinib,0,0,0.20368386704128424,0.13369155432558244,0.40712079071654145,0.3215992950260547,0.20981469421919516
L91183,Acid,1,0,0.47587273821028014,0.2846492613888907,0.1450495346994355,0.29904565350658363,0.2373819840471294
L91183,Cisplatin,1,0,0.19458719593808257,0.07572901961696576,0.1450495346994355,0.09199291998134672,0.05599067487232794
L91183,CoCl2,1,0,0.23560044533301658,0.09909531796825004,0.1450495346994355,0.11607599062339703,0.07435085835175967
L91183,Dabrafenib,1,0,0.23203384804524899,0.0969560750019377,0.1450495346994355,0.11390339852817165,0.07265017478867125
L91183,Doxorubicin,1,1,0.29979943088858513,0.14103226746692055,0.1450495346994355,0.1579097070385339,0.10856714451344963
L91183,Trametinib,1,0,0.19726215106258552,0.07717572323658099,0.1450495346994355,0.09350462117289086,0.057109666278077315
L91412,Acid,3,0,0.47049894201675735,0.2940412912595201,0.19515711506712552,0.3910336580861572,0.4317208114494801
L91412,Cisplatin,3,0,0.1901270509498604,0.07931520225948777,0.19515711506712552,0.13225190561970948,0.12755053932823304
L91412,CoCl2,3,0,0.2186598922625351,0.09607724459137335,0.19515711506712552,0.15513005308689742,0.1536034332281892
L91412,Dabrafenib,3,0,0.2186598922625351,0.09607724459137361,0.19515711506712552,0.15513005308689745,0.1536034332281892
L91412,Doxorubicin,3,0,0.2882083795228566,0.14234777946445465,0.19515711506712552,0.21465750039797166,0.22365450264032682
L91412,Trametinib,3,0,0.19191054568686872,0.08032738842690436,0.19515711506712552,0.13365580319034348,0.1291294419466751
L91803,Acid,3,1,0.47049894201675735,0.585861112093313,0.24132387655587464,0.4588475097833921,0.5958599649259154
L91803,Cisplatin,3,1,0.1901270509498604,0.2263617469596817,0.24132387655587464,0.16753389838145258,0.22102311305808953
L91803,CoCl2,3,0,0.2186598922625351,0.2652468854655212,0.24132387655587464,0.19514288931385362,0.2604683212210495
L91803,Dabrafenib,3,0,0.2186598922625351,0.2652468854655218,0.24132387655587464,0.19514288931385362,0.26046832122104946
L91803,Doxorubicin,3,1,0.2882083795228566,0.3604970261053223,0.24132387655587464,0.2652046943149958,0.3586065547654915
L91803,Trametinib,3,0,0.19191054568686872,0.22878416829031195,0.24132387655587464,0.1692392803295742,0.22346271763984296
L9220,Acid,2,0,0.4723002644704608,0.3123280499487586,0.18431989772566437,0.37167709715144676,0.29684010430981267
L9220,Cisplatin,2,0,0.20261025237344546,0.08889650017663632,0.18431989772566437,0.1293482335481875,0.08206275404828411
L9220,CoCl2,2,0,0.22668291955083833,0.10414634088636009,0.18431989772566437,0.1475146977267873,0.09642155552231828
L9220,Dabrafenib,2,0,0.22668291955083833,0.10414634088636013,0.18431989772566437,0.14751469772678738,0.09642155552231828
L9220,Doxorubicin,2,0,0.2819646373115759,0.14279558489371302,0.18431989772566437,0.19169064680336384,0.1333109402464069
L9220,Trametinib,2,0,0.19458603455920903,0.08401992822152263,0.18431989772566437,0.12343363179901096,0.07750383264616852
L9239,Acid,0,0,0.4736194759800148,0.283084547091898,0.293813459843441,0.521527863983007,0.23707271764519786
L9239,Cisplatin,0,0,0.18583642087064267,0.06912653697676831,0.293813459843441,0.19904632012952833,0.05325184009549802
L9239,CoCl2,0,0,0.22867007436383363,0.09254994172494373,0.293813459843441,0.2468981950523095,0.07211727655293587
L9239,Dabrafenib,0,0,0.24473499838108828,0.10210704271472079,0.293813459843441,0.26501289137989703,0.07992850016348364
L9239,Doxorubicin,0,1,0.2866788719209133,0.1289259711728003,0.293813459843441,0.31264703491684415,0.10232609663267903
L9239,Trametinib,0,0,0.20368386704128424,0.07854366914430409,0.293813459843441,0.21889628285581297,0.06077297777480885
L92515,Acid,3,0,0.47049894201675735,0.5626436733180362,0.2886356192411177,0.5237672530482105,0.5036543535303525
L92515,Cisplatin,3,0,0.1901270509498604,0.21016135051477408,0.2886356192411177,0.2070035330022266,0.16337323770872691
L92515,CoCl2,3,0,0.2186598922625351,0.24715259853498056,0.2886356192411177,0.23924762340268368,0.1951068088296496
L92515,Dabrafenib,3,0,0.2186598922625351,0.24715259853498114,0.2886356192411177,0.23924762340268368,0.1951068088296496
L92515,Doxorubicin,3,1,0.2882083795228566,0.3389021017609692,0.2886356192411177,0.31887077523005336,0.2778716061098837
L92515,Trametinib,3,0,0.19191054568686872,0.21245801352685967,0.2886356192411177,0.20900981449067937,0.16531155448603133
L9253,Acid,3,0,0.47049894201675735,0.2940412912595201,0.24472313804496468,0.4643350257622772,0.2450313682552738
L9253,Cisplatin,3,0,0.1901270509498604,0.07931520225948777,0.24472313804496468,0.17063604286129527,0.05878702350196322
L9253,CoCl2,3,0,0.2186598922625351,0.09607724459137335,0.24472313804496468,0.19863427368834088,0.07195294457216801
L9253,Dabrafenib,3,0,0.2186598922625351,0.09607724459137361,0.24472313804496468,0.19863427368834088,0.07195294457216798
L9253,Doxorubicin,3,0,0.2882083795228566,0.14234777946445465,0.24472313804496468,0.26952981143778765,0.1095884842466158
L9253,Trametinib,3,0,0.19191054568686872,0.08032738842690436,0.24472313804496468,0.1723664642097881,0.059572848912377886
L92536,Acid,1,0,0.47587273821028014,0.29525690538904675,0.043024222886852884,0.09543776644685788,0.07972689072332628
L92536,Cisplatin,1,0,0.19458719593808257,0.07941543330523236,0.043024222886852884,0.02444285531937188,0.01623963043418621
L92536,CoCl2,1,0,0.23560044533301658,0.10379144962857745,0.043024222886852884,0.03145441328231957,0.021866787782964987
L92536,Dabrafenib,1,0,0.23203384804524899,0.10156225664285312,0.043024222886852884,0.030810473841194595,0.02133893692324489
L92536,Doxorubicin,1,0,0.29979943088858513,0.14739064960258655,0.043024222886852884,0.04431970412832119,0.032785366131814764
L92536,Trametinib,1,0,0.19726215106258552,0.08092639490158116,0.043024222886852884,0.024874929401690872,0.01657813604109499
L92556,Acid,0,1,0.4736194759800148,0.4149805867907848,0.42905307260963926,0.6697047476909386,0.42356952503293194
L92556,Cisplatin,0,0,0.18583642087064267,0.11770077676036118,0.42905307260963926,0.3161373548522704,0.11739411080273777
L92556,CoCl2,0,0,0.22867007436383363,0.1548455655223088,0.42905307260963926,0.37882486172439156,0.1552566921966101
L92556,Dabrafenib,0,0,0.24473499838108828,0.16963304954505068,0.42905307260963926,0.4014590921340014,0.17041906828922998
L92556,Doxorubicin,0,0,0.2866788719209133,0.21003912850205728,0.42905307260963926,0.4583249600895702,0.21232233397518704
L92556,Trametinib,0,0,0.20368386704128424,0.13279122361587653,0.42905307260963926,0.3426685647278275,0.13270469099503432
L92779,Acid,2,0,0.4723002644704608,0.2807695161874157,0.29308727463060114,0.528229963610716,0.2787976431563257
L92779,Cisplatin,2,0,0.20261025237344546,0.07737396318390978,0.29308727463060114,0.21948586537214662,0.07566998211266217
L92779,CoCl2,2,0,0.22668291955083833,0.09084424576363263,0.29308727463060114,0.24672438319342196,0.08901869332956082
L92779,Dabrafenib,2,0,0.22668291955083833,0.09084424576363272,0.29308727463060114,0.24672438319342208,0.08901869332956082
L92779,Doxorubicin,2,0,0.2819646373115759,0.1252471706812583,0.29308727463060114,0.3098131107162433,0.12346284621032831
L92779,Trametinib,2,0,0.19458603455920903,0.07307878074846619,0.29308727463060114,0.21044586030655746,0.07143856615274805
L93306,Acid,0,1,0.4736194759800148,0.4071129074576573,0.21455318211599783,0.4117794245487393,0.31137490490246356
L93306,Cisplatin,0,0,0.18583642087064267,0.11436743547907993,0.21455318211599783,0.13763843051705094,0.07565482935344164
L93306,CoCl2,0,0,0.22867007436383363,0.15063987301675968,0.21455318211599783,0.17393335648861474,0.10160516920506982
L93306,Dabrafenib,0,0,0.24473499838108828,0.16510418188569034,0.21455318211599783,0.18803129429436197,0.11222401637357725
L93306,Doxorubicin,0,1,0.2866788719209133,0.20469742880520056,0.21455318211599783,0.2260848325229356,0.14227208112431464
L93306,Trametinib,0,0,0.20368386704128424,0.12909304394549506,0.21455318211599783,0.15253068780291767,0.08605250447430884
L93681,Acid,4,1,0.4785299066468458,0.7014330624671253,0.27157655673338943,0.5018563852098679,0.666755840283659
L93681,Cisplatin,4,1,0.19815483583226198,0.3243753360443517,0.27157655673338943,0.19558808915963777,0.2818062129949761
L93681,CoCl2,4,0,0.22936006970462597,0.3755008347625877,0.27157655673338943,0.22864187193261185,0.3304974776389268
L93681,Dabrafenib,4,0,0.2240101926936385,0.3668591302431027,0.27157655673338943,0.222934151437405,0.32217220126119633
L93681,Doxorubicin,4,1,0.2891002187573746,0.46779387703799125,0.27157655673338943,0.2934302397487362,0.42192787187672776
L93681,Trametinib,4,0,0.191021945485207,0.3124447822785588,0.27157655673338943,0.18811746428017087,0.27066030378075456
L9405,Acid,3,1,0.47049894201675735,0.2940412912595201,0.27711320310319176,0.5086097157825258,0.27443637953637434
L9405,Cisplatin,3,1,0.1901270509498604,0.07931520225948777,0.27711320310319176,0.19721675368528513,0.06785042550339748
L9405,CoCl2,3,0,0.2186598922625351,0.09607724459137335,0.27711320310319176,0.22837542369615274,0.08286746946264444
L9405,Dabrafenib,3,1,0.2186598922625351,0.09607724459137361,0.27711320310319176,0.22837542369615274,0.08286746946264444
L9405,Doxorubicin,3,1,0.2882083795228566,0.14234777946445465,0.27711320310319176,0.30583486833686163,0.12544028319687178
L9405,Trametinib,3,0,0.19191054568686872,0.08032738842690436,0.27711320310319176,0.1991520029577523,0.06874855502609903
L94096,Acid,1,0,0.47587273821028014,0.496272946343519,0.31606681776095147,0.5504065850171641,0.46827137988459017
L94096,Cisplatin,1,0,0.19458719593808257,0.1686483425303422,0.31606681776095147,0.2252411086678866,0.1436930520887697
L94096,CoCl2,1,1,0.23560044533301658,0.21404545660383026,0.31606681776095147,0.27369296617175654,0.18517099062259731
L94096,Dabrafenib,1,0,0.23203384804524899,0.21000314790313204,0.31606681776095147,0.26946962036467015,0.18143228306474968
L94096,Doxorubicin,1,0,0.29979943088858513,0.28902256426779427,0.31606681776095147,0.3498488338121548,0.2562674517531256
L94096,Trametinib,1,0,0.19726215106258552,0.1715406967515763,0.31606681776095147,0.22839168865550522,0.14629317804441688
L94397,Acid,0,0,0.4736194759800148,0.28466937869202136,0.14246526588064595,0.2933865987047632,0.3907003603320076
L94397,Cisplatin,0,0,0.18583642087064267,0.06962987611271007,0.14246526588064595,0.08647757490077758,0.10399769941585556
L94397,CoCl2,0,1,0.22867007436383363,0.09320675900005541,0.14246526588064595,0.11101830274815065,0.13821621759046046
L94397,Dabrafenib,0,1,0.24473499838108828,0.10282400034002308,0.14246526588064595,0.12076223683261113,0.15201389274047275
L94397,Doxorubicin,0,0,0.2866788719209133,0.1298040178991264,0.14246526588064595,0.14767798192030845,0.19043046310755685
L94397,Trametinib,0,1,0.20368386704128424,0.07910975095779173,0.14246526588064595,0.09645344702814057,0.11779429501488715
L95076,Acid,2,1,0.4723002644704608,0.41824820551231073,0.2936640488253799,0.5287057558578548,0.4125108021843817
L95076,Cisplatin,2,0,0.20261025237344546,0.13378550711129356,0.2936640488253799,0.21981313626677076,0.12944785109921586
L95076,CoCl2,2,0,0.22668291955083833,0.15542226908653953,0.2936640488253799,0.24707941187304086,0.15073628223214972
L95076,Dabrafenib,2,0,0.22668291955083833,0.15542226908653958,0.2936640488253799,0.24707941187304094,0.15073628223214974
L95076,Doxorubicin,2,1,0.2819646373115759,0.20866797340549004,0.2936640488253799,0.31022153505666145,0.20372058824346395
L95076,Trametinib,2,0,0.19458603455920903,0.1267891472075863,0.2936640488253799,0.21076329168590877,0.12260810611782705
L95387,Acid,3,0,0.47049894201675735,0.28393797583778135,0.29600582037664097,0.5319018509382853,0.2770560442839
L95387,Cisplatin,3,0,0.1901270509498604,0.07579774841898737,0.29600582037664097,0.21241278531019192,0.0686847762928842
L95387,CoCl2,3,0,0.2186598922625351,0.09189062358779186,0.29600582037664097,0.24523888077004763,0.08386986851568695
L95387,Dabrafenib,3,0,0.2186598922625351,0.09189062358779211,0.29600582037664097,0.24523888077004763,0.08386986851568695
L95387,Doxorubicin,3,0,0.2882083795228566,0.13644925330968105,0.29600582037664097,0.3260015129575607,0.12688641266533557
L95387,Trametinib,3,0,0.19191054568686872,0.07676878924958747,0.29600582037664097,0.21445731516138092,0.06959312548856658
L95404,Acid,3,1,0.47049894201675735,0.2800284500633928,0.18885258007407188,0.3797806265630847,0.25368740174362403
L95404,Cisplatin,3,0,0.1901270509498604,0.07445610040842693,0.18885258007407188,0.1268941996152232,0.06139881821401903
L95404,CoCl2,3,0,0.2186598922625351,0.09029195479406704,0.18885258007407188,0.14900467099918419,0.07510300156590931
L95404,Dabrafenib,3,0,0.2186598922625351,0.09029195479406729,0.18885258007407188,0.14900467099918413,0.07510300156590931
L95404,Doxorubicin,3,0,0.2882083795228566,0.13418992647207914,0.18885258007407188,0.2067568569763584,0.11418348053783037
L95404,Trametinib,3,1,0.19191054568686872,0.07541135591620717,0.18885258007407188,0.12824962908854948,0.06221724849593047
L96449,Acid,2,1,0.4723002644704608,0.8699604674333188,0.387001277669976,0.6351332987449736,0.8759894187797121
L96449,Cisplatin,2,1,0.20261025237344546,0.5896898470713137,0.387001277669976,0.30419462597702496,0.59934412142362
L96449,CoCl2,2,1,0.22668291955083833,0.6313207575401345,0.387001277669976,0.3374012812589344,0.6410086502620589
L96449,Dabrafenib,2,1,0.22668291955083833,0.6313207575401347,0.387001277669976,0.33740128125893465,0.6410086502620589
L96449,Doxorubicin,2,1,0.2819646373115759,0.7104570431893296,0.387001277669976,0.4110248235701893,0.7201854789302344
L96449,Trametinib,2,0,0.19458603455920903,0.5746689924245137,0.387001277669976,0.29297531159116047,0.5843415999167126
L96601,Acid,1,1,0.47587273821028014,0.8297782149322799,0.3768624500935606,0.6191211203825531,0.8618389902681984
L96601,Cisplatin,1,0,0.19458719593808257,0.5009318975437502,0.3768624500935606,0.2785079915954837,0.5430889828108303
L96601,CoCl2,1,1,0.23560044533301658,0.5740156833563176,0.3768624500935606,0.33348605369714823,0.6168112460451719
L96601,Dabrafenib,1,1,0.23203384804524899,0.5680889391151861,0.3768624500935606,0.32875768066905664,0.6108913081762323
L96601,Doxorubicin,1,1,0.29979943088858513,0.6679280528872186,0.3768624500935606,0.41673336213811873,0.7093592465166711
L96601,Trametinib,1,1,0.19726215106258552,0.5060540947970988,0.3768624500935606,0.28213232395556154,0.5482887247370232
L96686,Acid,2,0,0.4723002644704608,0.6620134095718136,0.2795297994325311,0.510645276689985,0.6273731858386781
L96686,Cisplatin,2,0,0.20261025237344546,0.29616102155552804,0.2795297994325311,0.20765521597998673,0.26283409570950217
L96686,CoCl2,2,1,0.22668291955083833,0.3339346178062946,0.2795297994325311,0.23386544990700672,0.29853615251971927
L96686,Dabrafenib,2,0,0.22668291955083833,0.3339346178062947,0.2795297994325311,0.23386544990700686,0.29853615251971927
L96686,Doxorubicin,2,1,0.2819646373115759,0.41806426339365693,0.2795297994325311,0.29495357184688636,0.3802137296762348
L96686,Trametinib,2,0,0.19458603455920903,0.2834518504566971,0.2795297994325311,0.19897826091241155,0.25097838760436375
L96744,Acid,4,1,0.4785299066468458,0.28113031182063863,0.25730485027642735,0.4832208153238248,0.40700475697361416
L96744,Cisplatin,4,0,0.19815483583226198,0.0740054563390073,0.25730485027642735,0.18412171819553197,0.11863400800611995
L96744,CoCl2,4,0,0.22936006970462597,0.09098371995446658,0.25730485027642735,0.21575746682650418,0.14481683985632202
L96744,Dabrafenib,4,0,0.2240101926936385,0.08796750590531295,0.25730485027642735,0.21028370315399345,0.14018948341996115
L96744,Doxorubicin,4,0,0.2891002187573746,0.12763912778414688,0.25730485027642735,0.27821170231919873,0.20024332664491312
L96744,Trametinib,4,0,0.191021945485207,0.07032501345783615,0.25730485027642735,0.1769926948698013,0.11292706391040151
L9682,Acid,1,0,0.47587273821028014,0.4158230698941236,0.31675679965501413,0.5511282827999812,0.42770481647438174
L9682,Cisplatin,1,0,0.19458719593808257,0.12783116011857792,0.31675679965501413,0.22575053111817087,0.12465307183848626
L9682,CoCl2,1,0,0.23560044533301658,0.16441393610034288,0.31675679965501413,0.2742731776536897,0.1616726554437704
L9682,Dabrafenib,1,0,0.23203384804524899,0.16111678970316778,0.31675679965501413,0.27004420747299346,0.158316210966031
L9682,Doxorubicin,1,0,0.29979943088858513,0.2270276463322885,0.31675679965501413,0.35051257792722884,0.22625209938242508
L9682,Trametinib,1,0,0.19726215106258552,0.1301330671248022,0.31675679965501413,0.2289061314081643,0.12695975059993475
L97020,Acid,4,0,0.4785299066468458,0.28113031182063863,0.2508077007133745,0.47349788913477525,0.21110470339722848
L97020,Cisplatin,4,0,0.19815483583226198,0.0740054563390073,0.2508077007133745,0.17834011419519136,0.04986201902695169
L97020,CoCl2,4,0,0.22936006970462597,0.09098371995446658,0.2508077007133745,0.209237231263392,0.06193325866991426
L97020,Dabrafenib,4,0,0.2240101926936385,0.08796750590531295,0.2508077007133745,0.20388588073966066,0.05976919745827475
L97020,Doxorubicin,4,0,0.2891002187573746,0.12763912778414688,0.2508077007133745,0.27045497125039647,0.08893632453070822
L97020,Trametinib,4,0,0.191021945485207,0.07032501345783615,0.2508077007133745,0.1713879243155058,0.04728589040457095
L97246,Acid,0,0,0.4736194759800148,0.4455645559583249,0.22597202940920005,0.42880083717194145,0.4534917812852884
L97246,Cisplatin,0,0,0.18583642087064267,0.13129229841335838,0.22597202940920005,0.14614330861328007,0.1305871633792796
L97246,CoCl2,0,0,0.22867007436383363,0.1718907416533239,0.22597202940920005,0.18420190268087835,0.17187621395887515
L97246,Dabrafenib,0,0,0.24473499838108828,0.18794402648000288,0.22597202940920005,0.1989317102601542,0.18829985990713388
L97246,Doxorubicin,0,0,0.2866788719209133,0.2314957606532137,0.22597202940920005,0.2385431705123686,0.23336294844827568
L97246,Trametinib,0,0,0.20368386704128424,0.14783334162401535,0.22597202940920005,0.16178314349416706,0.1473311635326055
L97495,Acid,0,0,0.4736194759800148,0.283084547091898,0.10479783238229691,0.22379827921275358,0.26000053523280575
L97495,Cisplatin,0,0,0.18583642087064267,0.06912653697676831,0.10479783238229691,0.061681950572545746,0.059795289908317645
L97495,CoCl2,0,0,0.22867007436383363,0.09254994172494373,0.10479783238229691,0.07980081848893249,0.08078106844528965
L97495,Dabrafenib,0,0,0.24473499838108828,0.10210704271472079,0.10479783238229691,0.08707320115251456,0.08944023758186437
L97495,Doxorubicin,0,1,0.2866788719209133,0.1289259711728003,0.10479783238229691,0.10739743539137239,0.11417246727185415
L97495,Trametinib,0,0,0.20368386704128424,0.07854366914430409,0.10479783238229691,0.06901354277311458,0.06817405691450312
L97812,Acid,4,0,0.4785299066468458,0.28113031182063863,0.24544601669226493,0.4661041521003044,0.2605195843279252
L97812,Cisplatin,4,1,0.19815483583226198,0.0740054563390073,0.24544601669226493,0.17403185574952423,0.06462549279144546
L97812,CoCl2,4,0,0.22936006970462597,0.09098371995446658,0.24544601669226493,0.2043682231918834,0.07997004115533386
L97812,Dabrafenib,4,0,0.2240101926936385,0.08796750590531295,0.24544601669226493,0.1991100447037568,0.07722762702600638
L97812,Doxorubicin,4,0,0.2891002187573746,0.12763912778414688,0.24544601669226493,0.2646381533014637,0.11388248241555027
L97812,Trametinib,4,0,0.191021945485207,0.07032501345783615,0.24544601669226493,0.16721343514217835,0.06133584663615234
L97975,Acid,4,0,0.4785299066468458,0.7037365388291277,0.3791815768234237,0.6293957126634692,0.7048402562012972
L97975,Cisplatin,4,0,0.19815483583226198,0.32679588584017943,0.3791815768234237,0.29071770678726083,0.3189473015400936
L97975,CoCl2,4,0,0.22936006970462597,0.3780893951694783,0.3791815768234237,0.3331891341665883,0.370743172658865
L97975,Dabrafenib,4,1,0.2240101926936385,0.3694233582909006,0.3791815768234237,0.3259744672359191,0.3619521880345813
L97975,Doxorubicin,4,1,0.2891002187573746,0.47053929016232615,0.3791815768234237,0.4117871468872152,0.46556502720091586
L97975,Trametinib,4,0,0.191021945485207,0.3148177880315429,0.3791815768234237,0.28088228938314536,0.3069602559001324
L98246,Acid,3,1,0.47049894201675735,0.6947362101766029,0.2967475739923833,0.5330692640815206,0.6425944797110722
L98246,Cisplatin,3,1,0.1901270509498604,0.3200601384407217,0.2967475739923833,0.21319835826888492,0.25705813560275137
L98246,CoCl2,3,0,0.2186598922625351,0.36739725886833424,0.2967475739923833,0.24610791947822452,0.3004539121232241
L98246,Dabrafenib,3,0,0.2186598922625351,0.36739725886833496,0.2967475739923833,0.24610791947822452,0.30045391212322403
L98246,Doxorubicin,3,1,0.2882083795228566,0.47558618289738985,0.2967475739923833,0.32703273969882773,0.40539903928394383
L98246,Trametinib,3,0,0.19191054568686872,0.3230665488959538,0.2967475739923833,0.215248382945295,0.25976285158182616
L98440,Acid,0,0,0.4736194759800148,0.4328777043248581,0.26202530475977415,0.4801400743835737,0.3611591995787368
L98440,Cisplatin,0,0,0.18583642087064267,0.12552793042606503,0.26202530475977415,0.17394649433801676,0.0928315673380869
L98440,CoCl2,0,0,0.22867007436383363,0.1646818096685305,0.26202530475977415,0.217402068613258,0.12388405630772249
L98440,Dabrafenib,0,0,0.24473499838108828,0.18020834599800858,0.26202530475977415,0.23402515271023894,0.13647757845272213
L98440,Doxorubicin,0,0,0.2866788719209133,0.2224585775702799,0.26202530475977415,0.27819769086237245,0.17176313857157086
L98440,Trametinib,0,0,0.20368386704128424,0.14146100184460822,0.26202530475977415,0.19189306011507065,0.1053209590558099
L98471,Acid,2,0,0.4723002644704608,0.6440435851843659,0.309379626863139,0.5483860340359886,0.6240264024404013
L98471,Cisplatin,2,0,0.20261025237344546,0.279897965463132,0.309379626863139,0.2336968008182616,0.2600747006355095
L98471,CoCl2,2,0,0.22668291955083833,0.31653013852961437,0.309379626863139,0.26210667772028484,0.29555221279760735
L98471,Dabrafenib,2,0,0.22668291955083833,0.3165301385296144,0.309379626863139,0.262106677720285,0.29555221279760735
L98471,Doxorubicin,2,0,0.2819646373115759,0.398901008921829,0.309379626863139,0.3274190747068625,0.37685199596851626
L98471,Trametinib,2,1,0.19458603455920903,0.26762132951348405,0.309379626863139,0.224239644881579,0.24830153601984287
L98475,Acid,0,1,0.4736194759800148,0.7466175155196431,0.37205525008368695,0.6125411372131374,0.8390617469355213
L98475,Cisplatin,0,1,0.18583642087064267,0.3565615574047811,0.37205525008368695,0.26494484571981075,0.48551869326884467
L98475,CoCl2,0,1,0.22867007436383363,0.4321646303431189,0.37205525008368695,0.32226489731699964,0.5659749621737431
L98475,Dabrafenib,0,0,0.24473499838108828,0.45905093143234127,0.37205525008368695,0.3433878835612872,0.5930866954732644
L98475,Doxorubicin,0,0,0.2866788719209133,0.5248237239193387,0.37205525008368695,0.39749074551152397,0.6566536949589117
L98475,Trametinib,0,0,0.20368386704128424,0.38878187727069335,0.37205525008368695,0.28899538038920497,0.5205252982389964
L98634,Acid,2,1,0.4723002644704608,0.9403201118589211,0.3904267508258851,0.6385645655923365,0.9318763744148453
L98634,Cisplatin,2,0,0.20261025237344546,0.7719402301229874,0.3904267508258851,0.30734402729427773,0.7433821037805232
L98634,CoCl2,2,1,0.22668291955083833,0.8013101598590029,0.3904267508258851,0.3407261268155894,0.7756742864546329
L98634,Dabrafenib,2,1,0.22668291955083833,0.8013101598590029,0.3904267508258851,0.34072612681558956,0.7756742864546329
L98634,Doxorubicin,2,1,0.2819646373115759,0.8524843811676323,0.3904267508258851,0.41462118998290126,0.8328929913541283
L98634,Trametinib,2,0,0.19458603455920903,0.7608858898742574,0.3904267508258851,0.29605797990858274,0.7313555435305354
L98676,Acid,4,0,0.4785299066468458,0.29897467523817,0.1825275693310271,0.3697902164432121,0.27992197527523055
L98676,Cisplatin,4,0,0.19815483583226198,0.08016901387354933,0.1825275693310271,0.12404796066349524,0.0708360637774856
L98676,CoCl2,4,0,0.22936006970462597,0.09841103684850079,0.1825275693310271,0.1472244199684241,0.08751726606291414
L98676,Dabrafenib,4,1,0.2240101926936385,0.09517437853277874,0.1825275693310271,0.14317192346187171,0.08453981702489778
L98676,Doxorubicin,4,0,0.2891002187573746,0.13760578088210432,0.1825275693310271,0.1947675060861472,0.1241981678876669
L98676,Trametinib,4,1,0.191021945485207,0.07620727108441683,0.1825275693310271,0.11890594701029149,0.06725300970386147
L98757,Acid,1,0,0.47587273821028014,0.2846492613888907,0.2178764165391251,0.4180043390693052,0.26975099458895807
L98757,Cisplatin,1,0,0.19458719593808257,0.07572901961696576,0.2178764165391251,0.1457083993815607,0.06575822569151343
L98757,CoCl2,1,0,0.23560044533301658,0.09909531796825004,0.2178764165391251,0.1810498661997344,0.08702606533044151
L98757,Dabrafenib,1,0,0.23203384804524899,0.0969560750019377,0.2178764165391251,0.17790592473208644,0.08506209509351123
L98757,Doxorubicin,1,0,0.29979943088858513,0.14103226746692055,0.2178764165391251,0.2399436412416307,0.1262797124873639
L98757,Trametinib,1,0,0.19726215106258552,0.07717572323658099,0.2178764165391251,0.1479589617724046,0.0670585579510994
L98949,Acid,4,1,0.4785299066468458,0.49494572928599423,0.3604683275271993,0.6092793726734623,0.4560582815329437
L98949,Cisplatin,4,0,0.19815483583226198,0.16685458738551645,0.3604683275271993,0.27343935949829223,0.14120836415046406
L98949,CoCl2,4,0,0.22936006970462597,0.2005214642009954,0.3604683275271993,0.3145058406783628,0.17140449294705834
L98949,Dabrafenib,4,0,0.2240101926936385,0.19465153504552118,0.3604683275271993,0.30750916320971317,0.1660925772254313
L98949,Doxorubicin,4,1,0.2891002187573746,0.26828285149729947,0.3604683275271993,0.3912827380930769,0.23421996850150173
L98949,Trametinib,4,0,0.191021945485207,0.1593511899788926,0.3604683275271993,0.2639709438618788,0.13458129064741237
L98994,Acid,0,1,0.4736194759800148,0.41687445602687223,0.2796788514538548,0.5031828416997647,0.4231841528159171
L98994,Cisplatin,0,0,0.18583642087064267,0.1185127757596139,0.2796788514538548,0.18759726436629182,0.11723065058680766
L98994,CoCl2,0,0,0.22867007436383363,0.15586854988823068,0.2796788514538548,0.23349912334127945,0.155049773388607
L98994,Dabrafenib,0,1,0.24473499838108828,0.17073399163724073,0.2796788514538548,0.2509583358359976,0.1701960131593418
L98994,Doxorubicin,0,0,0.2866788719209133,0.21133556904734843,0.2796788514538548,0.29708738606417057,0.21205845293191428
L98994,Trametinib,0,0,0.20368386704128424,0.13369155432558244,0.2796788514538548,0.20659997473376654,0.1325231132161864
L99144,Acid,2,1,0.4723002644704608,0.5195328177762818,0.1777827249080536,0.3607119826974664,0.5343792867962488
L99144,Cisplatin,2,0,0.20261025237344546,0.18850482389898363,0.1777827249080536,0.12411998865511842,0.19552217336554087
L99144,CoCl2,2,0,0.22668291955083833,0.2167765121632057,0.1777827249080536,0.14167164835180965,0.22487005586714992
L99144,Dabrafenib,2,0,0.22668291955083833,0.21677651216320581,0.1777827249080536,0.14167164835180976,0.22487005586714992
L99144,Doxorubicin,2,1,0.2819646373115759,0.28397408031445515,0.1777827249080536,0.18447644583872003,0.294865174783855
L99144,Trametinib,2,0,0.19458603455920903,0.1792390197096389,0.1777827249080536,0.11841194050386931,0.1859368770244457
L99360,Acid,1,1,0.47587273821028014,0.5188329190088684,0.2452422095475938,0.4581541725503261,0.5230274398657793
L99360,Cisplatin,1,1,0.19458719593808257,0.18168672553438617,0.2452422095475938,0.16721852121991684,0.17283179309047514
L99360,CoCl2,1,1,0.23560044533301658,0.2296241396079823,0.2452422095475938,0.20651603355882628,0.22055442049055263
L99360,Dabrafenib,1,1,0.23203384804524899,0.2253719870050036,0.2452422095475938,0.20303950907289067,0.2162909371647385
L99360,Doxorubicin,1,1,0.29979943088858513,0.3079203063502099,0.2452422095475938,0.2709529460210592,0.30023067553302163
L99360,Trametinib,1,1,0.19726215106258552,0.18475299720981905,0.2452422095475938,0.16973531077655704,0.17585090552451726
L99829,Acid,4,0,0.4785299066468458,0.49375683024646266,0.21044248306396346,0.41424010887597135,0.34995954756177416
L99829,Cisplatin,4,0,0.19815483583226198,0.16619445483395628,0.21044248306396346,0.14579242502219167,0.09549747414690132
L99829,CoCl2,4,0,0.22936006970462597,0.1997600704590429,0.21044248306396346,0.17223269782113523,0.11725333358447171
L99829,Dabrafenib,4,0,0.2240101926936385,0.19390702392660453,0.21044248306396346,0.16762713589703718,0.11338993969684291
L99829,Doxorubicin,4,0,0.2891002187573746,0.2673502039231125,0.21044248306396346,0.22571414554052002,0.16415531567471953
L99829,Trametinib,4,0,0.191021945485207,0.15871508817194455,0.21044248306396346,0.1398930125465557,0.09078887508648203
L99904,Acid,0,1,0.4736194759800148,0.2913335192140022,0.1675916864659507,0.3372248063157423,0.10624021668102883
L99904,Cisplatin,0,0,0.18583642087064267,0.07176496068223485,0.1675916864659507,0.10394719170827392,0.021063207558858085
L99904,CoCl2,0,0,0.22867007436383363,0.09599020016883097,0.1675916864659507,0.13272519180603437,0.0288730034563148
L99904,Dabrafenib,0,0,0.24473499838108828,0.10586111354471528,0.1675916864659507,0.14406556331981465,0.03216267474500946
L99904,Doxorubicin,0,0,0.2866788719209133,0.13351944255669992,0.16759168646595074,0.17514060067875747,0.04178316289298999
L99904,Trametinib,0,0,0.20368386704128424,0.08151005317126969,0.16759168646595074,0.11568312177404738,0.02415410139891743
L99912,Acid,2,1,0.4723002644704608,0.43322824714162195,0.20220157376853418,0.40006701861237304,0.4239484096607344
L99912,Cisplatin,2,0,0.20261025237344546,0.1410473861614739,0.20220157376853418,0.1434543245544358,0.13483837005941351
L99912,CoCl2,2,1,0.22668291955083833,0.16363672749247593,0.20220157376853418,0.1632305082399369,0.1568535752664016
L99912,Dabrafenib,2,1,0.22668291955083833,0.16363672749247604,0.20220157376853418,0.16323050823993704,0.1568535752664016
L99912,Doxorubicin,2,0,0.2819646373115759,0.2189669938919418,0.20220157376853418,0.2109482425921637,0.21145275343124048
L99912,Trametinib,2,1,0.19458603455920903,0.13372989310967046,0.20220157376853418,0.13699619793707482,0.12775560020362675
