clone_id,treatment,outer_fold,y,pred_W0,pred_W1,pred_W2,pred_W3,pred_W4
L100615,Doxorubicin,0,0.6931471805599453,1.0906169960232415,1.1559256838623517,1.3317283863108194,1.1658358588562903,1.0779544310178166
L100688,Acid,1,1.0986122886681098,1.4447324299693032,1.2332360824050952,1.280592803149146,1.4658642241824356,1.2971751200952641
L100688,Dabrafenib,1,1.0986122886681098,1.3466064801566926,1.1661393903665755,1.280592803149146,1.3291410863539916,1.1312057531657576
L100688,Trametinib,1,1.791759469228055,1.4489731040578087,1.2768368661786287,1.280592803149146,1.4245498073605947,1.232599992389174
L100814,Acid,0,3.2188758248682006,1.4276384785961345,2.051190934573138,1.318477108259227,1.4705995635399414,2.1797248683952266
L100814,Cisplatin,0,1.3862943611198906,0.9726711059332541,1.552378586318856,1.318477108259227,1.015407562082002,1.7212050240216805
L100814,Dabrafenib,0,2.302585092994046,1.3293740847986915,1.96608141465114,1.318477108259227,1.3633539201244842,2.049630369017611
L100814,Doxorubicin,0,2.3978952727983707,1.0906169960232415,1.6900891381669396,1.318477108259227,1.1614422319290327,1.8189818206298591
L100814,Trametinib,0,1.3862943611198906,1.4533565151718433,2.109399474821699,1.318477108259227,1.4782296274145934,2.170004550893153
L101216,Acid,1,0.6931471805599453,1.4447324299693032,1.2529212641580405,1.3932418806879885,1.5542749987060671,1.2674594504832966
L101216,Doxorubicin,1,0.6931471805599453,1.0695168105300787,0.8929264534181665,1.3932418806879885,1.2061017623076866,0.8748028635739737
L101260,Acid,4,0.6931471805599453,1.4591012200707234,1.4354130042465354,1.213032645439487,1.4038155950979434,1.6038248179596026
L101260,Dabrafenib,4,1.0986122886681098,1.315199596110756,1.3329227106598207,1.213032645439487,1.2332094458993694,1.3614348509844767
L101260,Doxorubicin,4,0.6931471805599453,1.104008862881897,1.1021401995511677,1.213032645439487,1.0791759509517407,1.2477235117640468
L101260,Trametinib,4,1.0986122886681098,1.39400845125062,1.4154511934471863,1.213032645439487,1.3144518096926925,1.459366983089938
L102089,Acid,0,1.3862943611198906,1.4276384785961345,1.1375271662912814,1.2245707314765504,1.3636793258080717,1.1326818860827248
L102089,Doxorubicin,0,0.6931471805599453,1.0906169960232415,0.7764253698850829,1.2245707314765504,1.054521994197163,0.7719388383173573
L102444,Acid,2,1.3862943611198906,1.4245281818738489,1.5329552166811091,1.23746254068881,1.4100559382013775,1.5423196172093532
L102444,CoCl2,2,1.3862943611198906,1.070769265548892,1.0929405902671843,1.23746254068881,1.0868972637773024,1.1016483640052286
L102484,Acid,2,2.1972245773362196,1.4245281818738489,1.1470784836126513,1.0760214832078625,1.2582104250953876,1.1618113998902415
L102484,Dabrafenib,2,1.791759469228055,1.272899240139292,1.0105356918907733,1.0760214832078625,1.1135240014573102,0.9693928760588817
L102484,Trametinib,2,0.6931471805599453,1.3613179452904967,1.1117292685943543,1.0760214832078625,1.1992095206929139,1.0632517503636525
L10299,Acid,3,2.8903717578961645,1.4294052202142031,1.95963715968222,1.3190721304736193,1.4819696947066094,1.9569494125323859
L10299,Cisplatin,3,1.6094379124341003,0.9434888376032666,1.4593304090231307,1.3190721304736193,1.0051704758613307,1.4497991347293784
L10299,CoCl2,3,1.0986122886681098,1.1229493612824308,1.5929368630208094,1.3190721304736193,1.2125828977808462,1.5789070981495366
L10299,Doxorubicin,3,0.6931471805599453,1.059425212089834,1.6166165709714841,1.3190721304736193,1.1417850520711326,1.5897283428066946
L103561,Dabrafenib,1,0.6931471805599453,1.3466064801566926,1.26415612922121,1.1775468385873242,1.2276640254303919,1.1161565072391033
L103561,Trametinib,1,2.0794415416798357,1.4489731040578087,1.374853605033263,1.1775468385873242,1.323072746436995,1.2175507464625195
L104099,Acid,4,2.70805020110221,1.4591012200707234,2.0368100317929754,1.1739051749818024,1.378358677280064,2.112874428003233
L104099,Cisplatin,4,1.3862943611198906,0.9536217875497237,1.508507108727996,1.1739051749818024,0.8792680281325996,1.5701976323508078
L104099,CoCl2,4,0.6931471805599453,1.1105827756120363,1.6293468960458535,1.1739051749818024,1.0521315073853152,1.6974605378589704
L104099,Dabrafenib,4,2.0794415416798357,1.315199596110756,1.934319738206261,1.1739051749818024,1.20775252808149,1.870484461028107
L104099,Doxorubicin,4,3.1780538303479458,1.104008862881897,1.703537227097608,1.1739051749818024,1.053719033133861,1.7567731218076774
L104099,Trametinib,4,1.6094379124341003,1.39400845125062,2.0168482209936265,1.1739051749818024,1.288994891874813,1.9684165931335686
L10419,Acid,2,2.0794415416798357,1.4245281818738489,1.6001742160062424,1.2980407255237836,1.466327497961547,1.6493522885483842
L10419,CoCl2,2,0.6931471805599453,1.070769265548892,1.1601595895923176,1.2980407255237836,1.1431688235374722,1.2086810353442596
L10419,Doxorubicin,2,0.6931471805599453,1.1003288977324217,1.2620137452596798,1.2980407255237836,1.1820906711930124,1.298198064726043
L104690,Acid,4,1.6094379124341003,1.4591012200707234,1.5992415016570938,1.3770814963960625,1.5419410066904133,1.635099687809292
L104690,Doxorubicin,4,1.0986122886681098,1.104008862881897,1.265968696961726,1.3770814963960625,1.2173013625442106,1.2789983816137365
L104947,Acid,4,1.3862943611198906,1.4591012200707234,1.6236667762826735,1.2596699580420647,1.4457088052319207,1.7828700897133984
L104947,Cisplatin,4,0.6931471805599453,0.9536217875497237,1.0953638532176941,1.2596699580420647,0.9466181560844564,1.2401932940609732
L104947,CoCl2,4,0.6931471805599453,1.1105827756120363,1.2162036405355514,1.2596699580420647,1.119481635337172,1.3674561995691359
L104947,Dabrafenib,4,0.6931471805599453,1.315199596110756,1.5211764826959588,1.2596699580420647,1.2751026560333467,1.5404801227382723
L104947,Trametinib,4,0.6931471805599453,1.39400845125062,1.6037049654833246,1.2596699580420647,1.3563450198266698,1.6384122548437339
L105502,Acid,1,0.6931471805599453,1.4447324299693032,1.1550855770045112,1.2079899539903578,1.389825936395563,0.9883646022678787
L105849,Acid,3,1.0986122886681098,1.4294052202142031,1.1387022448511785,1.2288283903502797,1.4227993397867036,1.0631536495336253
L105849,Trametinib,3,0.6931471805599453,1.3477797900478352,1.1149400206970628,1.2288283903502797,1.326434829894281,0.9490313355749016
L106015,Acid,2,2.4849066497880004,1.4245281818738489,1.3732545811776262,1.2125688318124108,1.385333322697071,1.4153178020043116
L106015,CoCl2,2,1.791759469228055,1.070769265548892,0.9332399547637014,1.2125688318124108,1.062174648272996,0.9746465488001868
L106015,Dabrafenib,2,1.0986122886681098,1.272899240139292,1.2367117894557482,1.2125688318124108,1.2406468990589934,1.2228992781729517
L106015,Doxorubicin,2,0.6931471805599453,1.1003288977324217,1.0350941104310636,1.2125688318124108,1.1010964959285363,1.06416357818197
L106119,Acid,1,2.302585092994046,1.4447324299693032,1.2492600724945802,1.468273633026232,1.6320155011896933,1.1138154346449105
L106119,Cisplatin,1,0.6931471805599453,0.9853221182635075,0.7330645771947486,1.468273633026232,1.1613299776458221,0.586330563237642
L106945,Acid,4,0.6931471805599453,1.4591012200707234,1.421872476731589,1.2950228616561976,1.4647496777796472,1.4307679817535488
L10717,Acid,0,2.1972245773362196,1.4276384785961345,1.6070939505697113,1.2317571357245978,1.3792583996994943,1.7385433190666895
L10717,Cisplatin,0,0.6931471805599453,0.9726711059332541,1.1082816023154292,1.2317571357245978,0.9240663982415549,1.2800234746931431
L10717,CoCl2,0,2.0794415416798357,1.1370030390709425,1.2167073436918996,1.2317571357245978,1.1075552440480232,1.3873435227551383
L10717,Dabrafenib,0,2.3978952727983707,1.3293740847986915,1.5219844306477133,1.2317571357245978,1.2720127562840369,1.608448819689074
L10717,Doxorubicin,0,1.6094379124341003,1.0906169960232415,1.2459921541635128,1.2317571357245978,1.0701010680885856,1.377800271301322
L10717,Trametinib,0,2.833213344056216,1.4533565151718433,1.6653024908182725,1.2317571357245978,1.3868884635741463,1.7288230015646158
L107403,Acid,0,0.6931471805599453,1.4276384785961345,1.3943707835854016,1.1615658898912196,1.323229020552468,1.3839905061868945
L107403,Cisplatin,0,1.0986122886681098,0.9726711059332541,0.8955584353311193,1.1615658898912196,0.8680370190945286,0.9254706618133484
L107403,CoCl2,0,0.6931471805599453,1.1370030390709425,1.0039841767075899,1.1615658898912196,1.0515258649009969,1.0327907098753435
L107403,Doxorubicin,0,2.1972245773362196,1.0906169960232415,1.033268987179203,1.1615658898912196,1.0140716889415593,1.0232474584215272
L107403,Trametinib,0,0.6931471805599453,1.4533565151718433,1.4525793238339626,1.1615658898912196,1.33085908442712,1.374270188684821
L107467,Acid,4,0.6931471805599453,1.4591012200707234,1.9985958482600754,1.2666066180965954,1.4507902112042588,2.0827123554560885
L107467,CoCl2,4,1.3862943611198906,1.1105827756120363,1.5911327125129533,1.2666066180965954,1.12456304130951,1.6672984653118261
L107467,Doxorubicin,4,0.6931471805599453,1.104008862881897,1.6653230435647077,1.2666066180965954,1.126150567058056,1.726611049260533
L107578,Acid,2,1.6094379124341003,1.4245281818738489,1.432644220774092,1.3400361501206768,1.4892003386843637,1.3863821560139842
L107578,Doxorubicin,2,1.0986122886681098,1.1003288977324217,1.0944837500275293,1.3400361501206768,1.204963511915829,1.0352279321916427
L108076,CoCl2,1,0.6931471805599453,1.1088793216866093,0.7652392909132006,1.204454966180415,1.059406583656062,0.6905347010542711
L109007,Acid,1,1.6094379124341003,1.4447324299693032,1.2529212641580405,1.2627317180981767,1.4305638151439484,1.2978136605118977
L109019,Acid,3,2.3978952727983707,1.4294052202142031,1.6532576698308978,1.2822201638279116,1.457600880386195,1.616413860683084
L109019,Cisplatin,3,1.0986122886681098,0.9434888376032666,1.1529509191718086,1.2822201638279116,0.9808016615409163,1.1092635828800765
L109019,CoCl2,3,1.0986122886681098,1.1229493612824308,1.2865573731694873,1.2822201638279116,1.1882140834604318,1.2383715463002347
L109019,Doxorubicin,3,2.302585092994046,1.059425212089834,1.310237081120162,1.2822201638279116,1.1174162377507182,1.2491927909573928
L109108,Acid,1,1.0986122886681098,1.4447324299693032,1.1550855770045112,1.4414454419467488,1.6363021185105038,1.4820882399674251
L109108,CoCl2,1,2.3978952727983707,1.1088793216866093,0.7652392909132006,1.4414454419467488,1.3270582573900198,1.0937370776078859
L109108,Dabrafenib,1,1.3862943611198906,1.3466064801566926,1.0879888849659918,1.4414454419467488,1.4995789806820599,1.3161188730379185
L109108,Trametinib,1,1.0986122886681098,1.4489731040578087,1.1986863607780447,1.4414454419467488,1.5949877016886629,1.417513112261335
L109168,Acid,2,1.0986122886681098,1.4245281818738489,1.273811906466851,1.1650495077175727,1.353170977979834,1.19244672660596
L109193,Acid,2,1.6094379124341003,1.4245281818738489,1.544749222064379,1.2717013133595576,1.4496978488818304,1.4371892227816887
L109193,CoCl2,2,1.0986122886681098,1.070769265548892,1.1047345956504542,1.2717013133595576,1.1265391744577555,0.9965179695775639
L109193,Doxorubicin,2,0.6931471805599453,1.1003288977324217,1.2065887513178164,1.2717013133595576,1.1654610221132957,1.0860349989593472
L109560,Acid,4,0.6931471805599453,1.4591012200707234,1.3110309963086193,1.2675771397117759,1.4437377150883703,1.344257612701236
L109560,Cisplatin,4,0.6931471805599453,0.9536217875497237,0.7827280732436397,1.2675771397117759,0.9446470659409062,0.8015808170488108
L109676,Acid,2,0.6931471805599453,1.4245281818738489,1.3612326269173352,1.1850628737142808,1.381952406219958,1.2242676617179242
L109676,CoCl2,2,1.0986122886681098,1.070769265548892,0.9212180005034103,1.1850628737142808,1.058793731795883,0.7835964085137995
L109676,Doxorubicin,2,0.6931471805599453,1.1003288977324217,1.0230721561707725,1.1850628737142808,1.0977155794514233,0.8731134378955828
L109808,Acid,1,1.3862943611198906,1.4447324299693032,1.4555165495589786,1.3085277881150603,1.4885308954083272,1.394702810485579
L109808,Cisplatin,1,0.6931471805599453,0.9853221182635075,0.9393210542591469,1.3085277881150603,1.017845371864456,0.8672179390783104
L109808,Dabrafenib,1,1.0986122886681098,1.3466064801566926,1.388419857520459,1.3085277881150603,1.3518077575798833,1.2287334435560724
L109937,Acid,1,1.3862943611198906,1.4447324299693032,1.392584222246905,1.397239437615614,1.5706029865775668,1.527465926436897
L109937,Dabrafenib,1,2.4849066497880004,1.3466064801566926,1.3254875302083853,1.397239437615614,1.4338798487491229,1.3614965595073905
L109937,Trametinib,1,2.0794415416798357,1.4489731040578087,1.4361850060204384,1.397239437615614,1.529288569755726,1.4628907987308069
L11049,Acid,3,0.6931471805599453,1.4294052202142031,1.3458757313507974,1.168803186664555,1.3586447327534792,1.2729154680346682
L11049,CoCl2,3,0.6931471805599453,1.1229493612824308,0.9791754346893868,1.168803186664555,1.089257935827716,0.8948731536518189
L110835,Acid,1,0.6931471805599453,1.4447324299693032,1.1550855770045112,1.261226924585324,1.430536989358786,1.062207220674575
L110835,Trametinib,1,1.0986122886681098,1.4489731040578087,1.1986863607780447,1.261226924585324,1.3892225725369451,0.9976320929684848
L110895,Doxorubicin,0,0.6931471805599453,1.0906169960232415,0.7764253698850829,1.175145825031506,1.0151524600833168,0.7090589735901894
L111734,Acid,1,1.791759469228055,1.4447324299693032,1.2332360824050952,1.3824145500785163,1.5618035424542382,1.1131674172442265
L112164,Acid,2,2.995732273553991,1.4245281818738489,2.1734193961655777,1.210354414762313,1.3832700864168452,2.1989920437093278
L112164,Doxorubicin,2,1.9459101490553132,1.1003288977324217,1.8352589254190148,1.210354414762313,1.0990332596483108,1.8478378198869863
L112164,Trametinib,2,0.6931471805599453,1.3613179452904967,2.13807018114728,1.210354414762313,1.3242691820143715,2.1004323941827385
L112548,Acid,0,0.6931471805599453,1.4276384785961345,1.9638751327224786,1.3324716515216883,1.4843530278865396,1.9409272889783833
L112548,CoCl2,0,0.6931471805599453,1.1370030390709425,1.5734885258446667,1.3324716515216883,1.2126498722350687,1.5897274926668323
L112548,Dabrafenib,0,0.6931471805599453,1.3293740847986915,1.8787656128004804,1.3324716515216883,1.3771073844710824,1.810832789600768
L112548,Doxorubicin,0,1.6094379124341003,1.0906169960232415,1.6027733363162802,1.3324716515216883,1.175195696275631,1.580184241213016
L112548,Trametinib,0,0.6931471805599453,1.4533565151718433,2.0220836729710396,1.3324716515216883,1.4919830917611916,1.9312069714763098
L112980,Acid,0,1.0986122886681098,1.4276384785961345,1.1375271662912814,1.2055666123347897,1.3590476289144446,1.2368913690217522
L112980,Cisplatin,0,0.6931471805599453,0.9726711059332541,0.6387148180369993,1.2055666123347897,0.9038556274565053,0.778371524648206
L112980,Dabrafenib,0,1.0986122886681098,1.3293740847986915,1.0524176463692831,1.2055666123347897,1.2518019854989872,1.1067968696441368
L113046,Acid,4,0.6931471805599453,1.4591012200707234,1.2918670680060407,1.1004961976149048,1.3067122175930548,1.3146755066005824
L113265,Acid,4,0.6931471805599453,1.4591012200707234,1.2918670680060407,1.3727753784412675,1.5602167863790972,1.0826891453971539
L113271,Acid,4,3.6888794541139363,1.4591012200707234,1.690761669568942,1.2553927073682554,1.440227741392849,1.7083062295227573
L113271,Cisplatin,4,0.6931471805599453,0.9536217875497237,1.1624587465039624,1.2553927073682554,0.9411370922453849,1.1656294338703321
L113271,CoCl2,4,1.791759469228055,1.1105827756120363,1.28329853382182,1.2553927073682554,1.1140005714981003,1.2928923393784948
L113271,Dabrafenib,4,2.4849066497880004,1.315199596110756,1.5882713759822271,1.2553927073682554,1.2696215921942753,1.4659162625476312
L113271,Doxorubicin,4,0.6931471805599453,1.104008862881897,1.3574888648735741,1.2553927073682554,1.1155880972466463,1.3522049233272015
L113271,Trametinib,4,2.302585092994046,1.39400845125062,1.670799858769593,1.2553927073682554,1.3508639559875981,1.5638483946530928
L11328,Cisplatin,2,0.6931471805599453,0.9540993104414771,0.711721203719665,1.1197592048164886,0.8319948151313336,0.7012611226470906
L113521,Acid,1,0.6931471805599453,1.4447324299693032,1.142665610132116,1.2121263683014194,1.3806939326898602,0.9790212112978608
L113521,CoCl2,1,0.6931471805599453,1.1088793216866093,0.7528193240408056,1.2121263683014194,1.0714500715693762,0.5906700489383215
L113521,Trametinib,1,0.6931471805599453,1.4489731040578087,1.1862663939056497,1.2121263683014194,1.3393795158680193,0.9144460835917707
L113820,Acid,1,0.6931471805599453,1.4447324299693032,1.5771699556005359,1.348100885501461,1.5141174218965179,1.496951987188838
L113820,Doxorubicin,1,1.0986122886681098,1.0695168105300787,1.2171751448606618,1.348100885501461,1.1659441854981374,1.1042954002795153
L114035,Acid,3,1.3862943611198906,1.4294052202142031,1.375456895646846,1.1666492861918687,1.3572079466752105,1.3711803305988477
L114118,Acid,2,3.332204510175204,1.4245281818738489,1.8976115600176844,1.3197735468311178,1.4736083235706134,1.9874821403258491
L114118,Cisplatin,2,0.6931471805599453,0.9540993104414771,1.3621697625577776,1.3197735468311178,1.0062477947528938,1.4553812054082729
L114118,Dabrafenib,2,2.0794415416798357,1.272899240139292,1.7610687682958064,1.3197735468311178,1.328921899932536,1.7950636164944893
L114118,Doxorubicin,2,1.9459101490553132,1.1003288977324217,1.5594510892711217,1.3197735468311178,1.1893714968020788,1.6363279165035076
L114118,Trametinib,2,0.6931471805599453,1.3613179452904967,1.8622623449993874,1.3197735468311178,1.4146074191681397,1.8889224907992601
L114452,Acid,2,1.9459101490553132,1.4245281818738489,1.5806916926578585,1.3373319427354726,1.4948071954784954,1.560118903906795
L114452,Dabrafenib,2,0.6931471805599453,1.272899240139292,1.4441489009359803,1.3373319427354726,1.3501207718404178,1.3677003800754353
L114452,Doxorubicin,2,0.6931471805599453,1.1003288977324217,1.2425312219112956,1.3373319427354726,1.2105703687099607,1.2089646800844536
L11473,Acid,2,2.302585092994046,1.4245281818738489,1.7916544096079572,1.349445000177874,1.5093742656648048,1.8319913531099106
L11473,Cisplatin,2,0.6931471805599453,0.9540993104414771,1.2562126121480501,1.349445000177874,1.0420137368470854,1.2998904181923343
L11473,CoCl2,2,1.6094379124341003,1.070769265548892,1.351639783194032,1.349445000177874,1.18621559124073,1.3913200999057858
L11473,Dabrafenib,2,1.3862943611198906,1.272899240139292,1.655111617886079,1.349445000177874,1.3646878420267274,1.6395728292785507
L11473,Doxorubicin,2,0.6931471805599453,1.1003288977324217,1.4534939388613943,1.349445000177874,1.2251374388962704,1.480837129287569
L11473,Trametinib,2,1.3862943611198906,1.3613179452904967,1.75630519458966,1.349445000177874,1.4503733612623313,1.7334317035833215
L11519,Acid,2,0.6931471805599453,1.4245281818738489,1.1373793471125455,1.199143360705447,1.3804316471877958,1.0563277535359115
L115717,Acid,2,1.0986122886681098,1.4245281818738489,1.7934080006609576,1.3223092930523963,1.4810312502347995,1.846078870128181
L115717,Cisplatin,2,0.6931471805599453,0.9540993104414771,1.2579662032010508,1.3223092930523963,1.0136707214170801,1.3139779352106047
L115717,Doxorubicin,2,0.6931471805599453,1.1003288977324217,1.455247529914395,1.3223092930523963,1.1967944234662649,1.4949246463058394
L115717,Trametinib,2,2.0794415416798357,1.3613179452904967,1.7580587856426606,1.3223092930523963,1.4220303458323258,1.747519220601592
L115891,Trametinib,1,0.6931471805599453,1.4489731040578087,1.2768368661786287,0.9434582464027812,1.1059047941116633,1.3118332685519187
L116006,Acid,3,1.0986122886681098,1.4294052202142031,1.178511570263427,1.1983763948052728,1.3741728145989984,1.094048893906053
L116006,CoCl2,3,0.6931471805599453,1.1229493612824308,0.8118112736020163,1.1983763948052728,1.1047860176732351,0.7160065795232038
L116152,Acid,1,2.4849066497880004,1.4447324299693032,1.7324943040017398,1.2087780110933422,1.4049800872938965,1.6796193418758298
L116152,CoCl2,1,0.6931471805599453,1.1088793216866093,1.3426480179104294,1.2087780110933422,1.0957362261734125,1.2912681795162906
L116152,Doxorubicin,1,1.3862943611198906,1.0695168105300787,1.3724994932618657,1.2087780110933422,1.056806850895516,1.286962754966507
L116189,Acid,3,1.3862943611198906,1.4294052202142031,1.8531487283975125,1.2916371564862756,1.4696937000783745,1.8681050977719602
L116189,CoCl2,3,0.6931471805599453,1.1229493612824308,1.486448431736102,1.2916371564862756,1.2003069031526112,1.490062783389111
L116189,Doxorubicin,3,0.6931471805599453,1.059425212089834,1.5101281396867767,1.2916371564862756,1.1295090574428976,1.500884028046269
L116200,Acid,4,4.007333185232471,1.4591012200707234,1.47777449258747,1.250546327834466,1.4319321718672495,1.5619595005099849
L116200,Doxorubicin,4,0.6931471805599453,1.104008862881897,1.1445016878921024,1.250546327834466,1.1072925277210468,1.2058581943144293
L116200,Trametinib,4,1.9459101490553132,1.39400845125062,1.457812681788121,1.250546327834466,1.3425683864619986,1.4175016656403205
L116287,Acid,0,1.791759469228055,1.4276384785961345,1.7775238984687718,1.3279577351963676,1.472197552024564,1.8699658233032037
L116287,Doxorubicin,0,2.302585092994046,1.0906169960232415,1.4164221020625734,1.3279577351963676,1.1630402204136554,1.5092227755378365
L116375,Acid,3,1.6094379124341003,1.4294052202142031,1.1967311464578978,1.1085220662062312,1.3037232922754947,1.141518246889309
L116375,CoCl2,3,1.6094379124341003,1.1229493612824308,0.8300308497964871,1.1085220662062312,1.0343364953497314,0.7634759325064598
L116375,Dabrafenib,3,1.9459101490553132,1.2955998343662156,1.1119800665777453,1.1085220662062312,1.1451511161330705,0.9664740230316744
L116375,Trametinib,3,2.302585092994046,1.3477797900478352,1.1729689223037822,1.1085220662062312,1.2073587823830718,1.027395932930585
L117154,Acid,4,1.3862943611198906,1.4591012200707234,1.6199833724618382,1.2768328048141397,1.4629646163524408,1.6781388247288263
L117154,Dabrafenib,4,3.091042453358316,1.315199596110756,1.5174930788751235,1.2768328048141397,1.292358467153867,1.4357488577537003
L117154,Trametinib,4,4.110873864173311,1.39400845125062,1.6000215616624893,1.2768328048141397,1.3736008309471899,1.533680989859162
L117526,Acid,3,2.1972245773362196,1.4294052202142031,1.5930213738280217,1.2552216179578977,1.434704629555554,1.6581778895442107
L117526,CoCl2,3,1.3862943611198906,1.1229493612824308,1.226321077166611,1.2552216179578977,1.1653178326297908,1.2801355751613617
L117526,Trametinib,3,0.6931471805599453,1.3477797900478352,1.5692591496739061,1.2552216179578977,1.3383401196631313,1.544055575585487
L117646,Acid,0,1.0986122886681098,1.4276384785961345,1.2282943587357158,1.262049080885622,1.4058377698764137,1.224940013993467
L117889,Doxorubicin,3,0.6931471805599453,1.059425212089834,0.853710557747162,1.1557248531478814,1.0013786399407332,0.7639916700149582
L118217,Acid,4,0.6931471805599453,1.4591012200707234,1.242562369285858,1.3130476365894854,1.4782814321300757,1.2361271897644424
L118217,Dabrafenib,4,3.9318256327243257,1.315199596110756,1.1400720756991432,1.3130476365894854,1.307675282931502,0.9937372227893164
L118217,Trametinib,4,4.23410650459726,1.39400845125062,1.222600558486509,1.3130476365894854,1.3889176467248248,1.091669354894778
L118399,CoCl2,3,0.6931471805599453,1.1229493612824308,0.9159116683987355,1.3569640862532617,1.244835118531197,0.7879621569799478
L118470,Acid,1,0.6931471805599453,1.4447324299693032,1.1153796992418263,1.2432755003472962,1.4072197889200104,1.1088771150657206
L118613,Acid,2,1.0986122886681098,1.4245281818738489,1.516742138426119,1.1621389642524023,1.3387494853208741,1.5549658722243167
L118613,Cisplatin,2,1.0986122886681098,0.9540993104414771,0.9813003409662122,1.1621389642524023,0.8713889565031544,1.0228649373067404
L118613,CoCl2,2,0.6931471805599453,1.070769265548892,1.0767275120121942,1.1621389642524023,1.015590810896799,1.114294619020192
L118613,Dabrafenib,2,1.3862943611198906,1.272899240139292,1.380199346704241,1.1621389642524023,1.1940630616827967,1.3625473483929569
L118750,CoCl2,0,0.6931471805599453,1.1370030390709425,0.7471405594134696,1.423011596350017,1.277483966878242,0.9613619132046758
L118750,Dabrafenib,0,2.302585092994046,1.3293740847986915,1.0524176463692831,1.423011596350017,1.4419414791142557,1.1824672101386113
L118750,Trametinib,0,2.8903717578961645,1.4533565151718433,1.1957357065398426,1.423011596350017,1.556817186404365,1.3028413920141533
L119834,Acid,0,1.6094379124341003,1.4276384785961345,1.5274405315750992,1.1971076637687978,1.3564920702527516,1.4614509086397014
L119834,Cisplatin,0,0.6931471805599453,0.9726711059332541,1.028628183320817,1.1971076637687978,0.9013000687948125,1.0029310642661553
L119834,CoCl2,0,0.6931471805599453,1.1370030390709425,1.1370539246972875,1.1971076637687978,1.0847889146012808,1.1102511123281504
L119834,Dabrafenib,0,1.3862943611198906,1.3293740847986915,1.4423310116531012,1.1971076637687978,1.2492464268372945,1.331356409262086
L119834,Doxorubicin,0,1.0986122886681098,1.0906169960232415,1.1663387351689007,1.1971076637687978,1.047334738641843,1.1007078608743341
L120471,Cisplatin,1,0.6931471805599453,0.9853221182635075,0.7170405871052635,1.2980753214079381,1.0054118522366902,0.5969127308886071
L120471,Doxorubicin,1,1.0986122886681098,1.0695168105300787,0.8732412716652211,1.2980753214079381,1.1279241393821808,0.731741015386553
L121505,Cisplatin,4,0.6931471805599453,0.9536217875497237,0.6629941902922412,1.2450668080972125,0.9249299498959426,0.8580586995291164
L121505,Dabrafenib,4,0.6931471805599453,1.315199596110756,1.088806819770506,1.2450668080972125,1.253414449844833,1.1583455282064157
L121505,Trametinib,4,0.6931471805599453,1.39400845125062,1.1713353025578717,1.2450668080972125,1.334656813638156,1.256277660311877
L121689,Acid,3,2.1972245773362196,1.4294052202142031,1.4521835205436735,1.2531533245124316,1.4236826692263327,1.4625826092717171
L121689,Cisplatin,3,0.6931471805599453,0.9434888376032666,0.9518767698845843,1.2531533245124316,0.9468834503810541,0.9554323314687098
L121689,CoCl2,3,1.0986122886681098,1.1229493612824308,1.085483223882263,1.2531533245124316,1.1542958723005696,1.084540294888868
L121689,Dabrafenib,3,1.3862943611198906,1.2955998343662156,1.367432440663521,1.2531533245124316,1.2651104930839088,1.2875383854140825
L122300,Acid,3,0.6931471805599453,1.4294052202142031,1.375456895646846,1.3797108779502616,1.5489702148285,1.2856847328503784
L122300,CoCl2,3,0.6931471805599453,1.1229493612824308,1.0087565989854355,1.3797108779502616,1.279583417902737,0.9076424184675292
L122300,Doxorubicin,3,1.0986122886681098,1.059425212089834,1.0324363069361102,1.3797108779502616,1.2087855721930234,0.9184636631246872
L12301,Acid,0,0.6931471805599453,1.4276384785961345,1.3664709616457045,1.3293383159899863,1.4778319303690235,1.3226655961937004
L123566,CoCl2,3,0.6931471805599453,1.1229493612824308,0.7720019481897679,1.4272724368858734,1.3334117966915398,0.7034911307126908
L123566,Dabrafenib,3,0.6931471805599453,1.2955998343662156,1.053951164971026,1.4272724368858734,1.444226417474879,0.9064892212379053
L123566,Doxorubicin,3,0.6931471805599453,1.059425212089834,0.7956816561404426,1.4272724368858734,1.2626139509818262,0.7143123753698488
L123566,Trametinib,3,1.3862943611198906,1.3477797900478352,1.1149400206970628,1.4272724368858734,1.5064340837248802,0.9674111311368161
L123574,Acid,4,2.5649493574615367,1.4591012200707234,1.9253351631955922,1.342404459283797,1.5168065830590831,2.0471366773213164
L123574,Cisplatin,4,2.302585092994046,0.9536217875497237,1.3970322401306126,1.342404459283797,1.0177159339116189,1.5044598816688912
L123574,Dabrafenib,4,0.6931471805599453,1.315199596110756,1.8228448696088773,1.342404459283797,1.3462004338605094,1.8047467103461903
L123574,Doxorubicin,4,2.5649493574615367,1.104008862881897,1.5920623585002243,1.342404459283797,1.1921669389128804,1.6910353711257606
L124049,Acid,3,1.0986122886681098,1.4294052202142031,1.306066405938549,1.2698641454482333,1.442537608470945,1.2572030677509887
L124049,CoCl2,3,1.0986122886681098,1.1229493612824308,0.9393661092771384,1.2698641454482333,1.1731508115451819,0.8791607533681396
L124052,Acid,4,2.995732273553991,1.4591012200707234,2.3614245461994696,1.3242168959650964,1.5045712595711762,2.3736232089905984
L124052,CoCl2,4,1.791759469228055,1.1105827756120363,1.9539614104523477,1.3242168959650964,1.1783440896764275,1.9582093188463359
L124052,Dabrafenib,4,2.3978952727983707,1.315199596110756,2.2589342526127547,1.3242168959650964,1.3339651103726025,2.1312332420154725
L124052,Doxorubicin,4,1.0986122886681098,1.104008862881897,2.028151741504102,1.3242168959650964,1.1799316154249735,2.0175219027950426
L124481,Cisplatin,3,0.6931471805599453,0.9434888376032666,0.6964243957988085,1.1835049459460782,0.8923395722747763,0.647669540110885
L124669,Dabrafenib,3,0.6931471805599453,1.2955998343662156,1.053951164971026,1.0060755606639369,1.0426948883398865,1.002404404043762
L125192,Cisplatin,1,0.6931471805599453,0.9853221182635075,0.6264701148322847,1.2498918950358995,0.9487920911347787,0.5262141655669325
L126247,Acid,1,1.6094379124341003,1.4447324299693032,1.5658452793790847,1.29266196605401,1.4643013331840335,1.7112207350884552
L126247,CoCl2,1,0.6931471805599453,1.1088793216866093,1.1759989932877741,1.29266196605401,1.1550574720635496,1.322869572728916
L126247,Doxorubicin,1,1.6094379124341003,1.0695168105300787,1.2058504686392106,1.29266196605401,1.116128096785653,1.3185641481791324
L126247,Trametinib,1,1.3862943611198906,1.4489731040578087,1.6094460631526182,1.29266196605401,1.4229869163621927,1.6466456073823652
L126445,Acid,4,1.6094379124341003,1.4591012200707234,1.323521674831369,1.2898687543557115,1.4666595766274115,1.3734673936414379
L126735,Acid,1,0.6931471805599453,1.4447324299693032,1.5569243071407217,1.3291447091674389,1.5136961181483135,1.6581968221817416
L126735,CoCl2,1,2.3978952727983707,1.1088793216866093,1.1670780210494112,1.3291447091674389,1.2044522570278295,1.2698456598222023
L126735,Dabrafenib,1,1.6094379124341003,1.3466064801566926,1.489827615102202,1.3291447091674389,1.3769729803198696,1.4922274552522352
L127323,Acid,0,2.4849066497880004,1.4276384785961345,1.2850247038215517,1.3137295422411726,1.456092932349145,1.2643995453360388
L127323,Dabrafenib,0,1.9459101490553132,1.3293740847986915,1.1999151838995537,1.3137295422411726,1.3488472889336875,1.1343050459584236
L127323,Doxorubicin,0,0.6931471805599453,1.0906169960232415,0.9239229074153533,1.3137295422411726,1.146935600738236,0.9036564975706716
L127323,Trametinib,0,2.4849066497880004,1.4533565151718433,1.343233244070113,1.3137295422411726,1.4637229962237968,1.2546792278339653
L128433,Dabrafenib,0,3.1354942159291497,1.3293740847986915,1.0812481695154221,1.6916683650218816,1.702842968571246,1.552648715363281
L128433,Trametinib,0,2.1972245773362196,1.4533565151718433,1.2245662296859816,1.6916683650218816,1.8177186758613553,1.6730228972388228
L128570,Cisplatin,1,0.6931471805599453,0.9853221182635075,0.7727704549574336,1.3605881106861446,1.054216480272726,0.8065294820912793
L128570,Trametinib,1,0.6931471805599453,1.4489731040578087,1.3325667340307987,1.3605881106861446,1.4835875869947563,1.2694392257924578
L12904,Acid,3,0.6931471805599453,1.4294052202142031,1.8562560796447733,1.339995122234708,1.5065681240505044,1.8758320024251476
L12904,CoCl2,3,0.6931471805599453,1.1229493612824308,1.4895557829833628,1.339995122234708,1.2371813271247412,1.4977896880422983
L12904,Doxorubicin,3,0.6931471805599453,1.059425212089834,1.5132354909340375,1.339995122234708,1.1663834814150276,1.5086109326994563
L129163,Doxorubicin,3,1.0986122886681098,1.059425212089834,0.8997820509371618,1.2885274441361514,1.119740458699649,0.903713276609067
L129221,Acid,3,1.0986122886681098,1.4294052202142031,1.1279422358880093,1.155464454164948,1.3485213096805524,1.1321071938514673
L129221,CoCl2,3,1.3862943611198906,1.1229493612824308,0.7612419392265988,1.155464454164948,1.079134512754789,0.7540648794686182
L129541,Doxorubicin,2,0.6931471805599453,1.1003288977324217,0.9453505722203941,1.167541373567857,1.0700480610167529,0.7885215678118807
L12989,Acid,3,3.2188758248682006,1.4294052202142031,1.9126577306346437,1.1495619469495926,1.3399023436693027,1.9696232431175615
L12989,Cisplatin,3,1.6094379124341003,0.9434888376032666,1.4123509799755545,1.1495619469495926,0.863103124824024,1.4624729653145543
L12989,CoCl2,3,1.9459101490553132,1.1229493612824308,1.5459574339732332,1.1495619469495926,1.0705155467435394,1.5915809287347125
L12989,Dabrafenib,3,1.3862943611198906,1.2955998343662156,1.8279066507544912,1.1495619469495926,1.1813301675268786,1.7945790192599271
L12989,Doxorubicin,3,2.6390573296152584,1.059425212089834,1.569637141923908,1.1495619469495926,0.9997177010338258,1.6024021733918705
L12989,Trametinib,3,1.6094379124341003,1.3477797900478352,1.888895506480528,1.1495619469495926,1.2435378337768799,1.8555009291588378
L129976,Doxorubicin,2,0.6931471805599453,1.1003288977324217,0.8078338942579616,0.9817252146198672,0.8776327849560441,0.873452288689673
L130314,Acid,4,1.0986122886681098,1.4591012200707234,1.2259287290852487,1.1199794205176425,1.3125347544976773,1.2826570207412196
L130314,Cisplatin,4,0.6931471805599453,0.9536217875497237,0.6976258060202691,1.1199794205176425,0.8134441053502133,0.7399802250887944
L130314,CoCl2,4,1.3862943611198906,1.1105827756120363,0.8184655933381266,1.1199794205176425,0.9863075846029288,0.867243130596957
L130334,Acid,2,3.1354942159291497,1.4245281818738489,1.8459142052079602,1.2808070329705301,1.4480571306939376,1.9056455965801424
L130334,Cisplatin,2,0.6931471805599453,0.9540993104414771,1.3104724077480534,1.2808070329705301,0.980696601876218,1.3735446616625664
L130334,CoCl2,2,2.5649493574615367,1.070769265548892,1.4058995787940354,1.2808070329705301,1.1248984562698627,1.4649743433760178
L130334,Dabrafenib,2,1.9459101490553132,1.272899240139292,1.7093714134860822,1.2808070329705301,1.3033707070558602,1.7132270727487828
L130334,Trametinib,2,1.9459101490553132,1.3613179452904967,1.810564990189663,1.2808070329705301,1.3890562262914639,1.8070859470535534
L131195,Acid,3,0.6931471805599453,1.4294052202142031,1.1279422358880093,1.1049386044106417,1.2952218137612057,1.1246060403331433
L131755,Acid,3,0.6931471805599453,1.4294052202142031,1.7067802920089115,1.3145079172461942,1.483681694478313,1.7446806035574332
L131897,Acid,4,2.4849066497880004,1.4591012200707234,1.8428302726735102,1.310285878900297,1.4915641381211413,2.0071093405847287
L131897,Cisplatin,4,1.791759469228055,0.9536217875497237,1.3145273496085306,1.310285878900297,0.992473488973677,1.4644325449323037
L131897,Doxorubicin,4,1.0986122886681098,1.104008862881897,1.5095574679781425,1.310285878900297,1.1669244939749386,1.651008034389173
L132063,Cisplatin,2,0.6931471805599453,0.9540993104414771,1.0607069131881675,1.3995088277073267,1.0829456145682228,1.0317092061824227
L132173,Dabrafenib,1,1.0986122886681098,1.3466064801566926,1.363422666615472,1.3079620050321923,1.3408654334065704,1.229999135776126
L132236,Cisplatin,4,0.6931471805599453,0.9536217875497237,0.6201619270436888,1.1080809255658717,0.8201058041100264,0.6007125357749993
L132329,Acid,4,1.3862943611198906,1.4591012200707234,1.3110309963086193,1.3993799798431141,1.5801058048016745,1.3099532286520048
L132385,CoCl2,3,0.6931471805599453,1.1229493612824308,0.8118112736020163,1.0705108162102317,1.005154472727247,0.9692370958808971
L132506,Dabrafenib,1,2.833213344056216,1.3466064801566926,1.194583347328456,1.1186670172052244,1.1629583422202225,1.2110136909374014
L132506,Trametinib,1,2.5649493574615367,1.4489731040578087,1.3052808231405089,1.1186670172052244,1.2583670632268258,1.312407930160818
L133077,Acid,1,1.3862943611198906,1.4447324299693032,1.1550855770045112,1.2853146273597624,1.4486297917678785,0.9559026353530986
L133077,Cisplatin,1,0.6931471805599453,0.9853221182635075,0.6388900817046798,1.2853146273597624,0.9779442682240075,0.42841776394583
L133077,Dabrafenib,1,0.6931471805599453,1.3466064801566926,1.0879888849659918,1.2853146273597624,1.3119066539394346,0.7899332684235921
L133458,Acid,3,0.6931471805599453,1.4294052202142031,1.1967311464578978,1.2734915326194431,1.4578392142359085,1.2692110019857883
L133458,Cisplatin,3,0.6931471805599453,0.9434888376032666,0.6964243957988085,1.2734915326194431,0.9810399953906298,0.7620607241827808
L133458,Dabrafenib,3,4.356708826689592,1.2955998343662156,1.1119800665777453,1.2734915326194431,1.2992670380934843,1.0941667781281537
L133458,Doxorubicin,3,0.6931471805599453,1.059425212089834,0.853710557747162,1.2734915326194431,1.1176545716004316,0.901989932260097
L133458,Trametinib,3,4.454347296253507,1.3477797900478352,1.1729689223037822,1.2734915326194431,1.3614747043434856,1.1550886880270643
L133480,Dabrafenib,1,0.6931471805599453,1.3466064801566926,1.0755689180935966,1.24617166539653,1.2967089146970427,1.2393541745166563
L135014,Acid,4,0.6931471805599453,1.4591012200707234,1.5949354344220548,1.2903576730228528,1.4812693921477407,1.6052479728472067
L135446,Acid,3,1.0986122886681098,1.4294052202142031,1.4960476193375165,1.3326736910897996,1.4938577128095805,1.4709369286595169
L135446,CoCl2,3,0.6931471805599453,1.1229493612824308,1.129347322676106,1.3326736910897996,1.2244709158838174,1.0928946142766678
L135446,Dabrafenib,3,0.6931471805599453,1.2955998343662156,1.411296539457364,1.3326736910897996,1.3352855366671565,1.2958927048018822
L135513,Acid,1,2.4849066497880004,1.4447324299693032,1.3869826891118995,1.344756701897452,1.5100562898359327,1.2919313548646782
L135513,Doxorubicin,1,0.6931471805599453,1.0695168105300787,1.0269878783720254,1.344756701897452,1.1618830534375522,0.8992747679553557
L135540,Cisplatin,3,0.6931471805599453,0.9434888376032666,0.7823052144010569,1.4208825165603032,1.0989412392347244,0.639016362810196
L135657,Acid,4,0.6931471805599453,1.4591012200707234,1.1484648501086683,1.2258860486424006,1.4239534729768142,0.9757429434005269
L135709,Acid,3,1.3862943611198906,1.4294052202142031,1.2670576731533372,1.3440174127345057,1.5131806411498077,1.538440525876811
L135709,Dabrafenib,3,0.6931471805599453,1.2955998343662156,1.1823065932731847,1.3440174127345057,1.3546084650073837,1.3633963020191764
L135709,Trametinib,3,1.3862943611198906,1.3477797900478352,1.2432954489992216,1.3440174127345057,1.416816131257385,1.424318211918087
L135998,Acid,4,2.0794415416798357,1.4591012200707234,1.3110309963086193,1.2932001030382456,1.4853604104971592,1.2528996273881878
L135998,Dabrafenib,4,0.6931471805599453,1.315199596110756,1.2085407027219044,1.2932001030382456,1.3147542612985852,1.0105096604130617
L13633,Acid,4,3.332204510175204,1.4591012200707234,1.816762900434604,1.231848051824379,1.4240787524269074,1.8573317169946792
L13633,Dabrafenib,4,0.6931471805599453,1.315199596110756,1.714272606847889,1.231848051824379,1.2534726032283334,1.6149417500195533
L13633,Doxorubicin,4,1.0986122886681098,1.104008862881897,1.483490095739236,1.231848051824379,1.0994391082807047,1.5012304107991237
L13633,Trametinib,4,1.0986122886681098,1.39400845125062,1.7968010896352549,1.231848051824379,1.3347149670216565,1.712873882125015
L13712,Acid,3,2.302585092994046,1.4294052202142031,1.5400860411551152,1.3055345220536578,1.4728538194068164,1.4537685528162212
L13712,CoCl2,3,1.9459101490553132,1.1229493612824308,1.1733857444937046,1.3055345220536578,1.2034670224810533,1.0757262384333721
L13717,Dabrafenib,0,0.6931471805599453,1.3293740847986915,1.0812481695154221,1.2321857190318886,1.2745853326937553,1.0057165925926488
L137611,Acid,4,2.995732273553991,1.4591012200707234,2.4164223012969686,1.2422173973708974,1.437542717579163,2.41481369607925
L137611,Cisplatin,4,1.6094379124341003,0.9536217875497237,1.8881193782319892,1.2422173973708974,0.9384520684316988,1.872136900426825
L137611,CoCl2,4,2.4849066497880004,1.1105827756120363,2.0089591655498467,1.2422173973708974,1.1113155476844145,1.9993998059349876
L137611,Dabrafenib,4,1.6094379124341003,1.315199596110756,2.313932007710254,1.2422173973708974,1.2669365683805893,2.172423729104124
L137611,Doxorubicin,4,2.3978952727983707,1.104008862881897,2.0831494966016013,1.2422173973708974,1.1129030734329604,2.058712389883694
L137611,Trametinib,4,1.3862943611198906,1.39400845125062,2.3964604904976197,1.2422173973708974,1.3481789321739122,2.2703558612095858
L137746,Dabrafenib,2,1.0986122886681098,1.272899240139292,1.1106202094576938,1.354112774136944,1.3698696706196467,1.3432097045916127
L137746,Trametinib,2,1.3862943611198906,1.3613179452904967,1.2118137861612748,1.354112774136944,1.4555551898552506,1.4370685788963835
L138125,Acid,4,1.791759469228055,1.4591012200707234,1.509621135839892,1.3376221671659598,1.51651618973775,1.524350768799225
L138125,Cisplatin,4,0.6931471805599453,0.9536217875497237,0.9813182127749124,1.3376221671659598,1.0174255405902857,0.9816739731467999
L138125,CoCl2,4,1.6094379124341003,1.1105827756120363,1.10215800009277,1.3376221671659598,1.1902890198430012,1.1089368786549625
L138125,Doxorubicin,4,0.6931471805599453,1.104008862881897,1.1763483311445242,1.3376221671659598,1.191876545591547,1.1682494626036695
L13818,Acid,3,3.2188758248682006,1.4294052202142031,2.15402300664356,1.3998141792159602,1.5559797211589343,2.1971912876485016
L13818,Cisplatin,3,1.0986122886681098,0.9434888376032666,1.6537162559844707,1.3998141792159602,1.0791805023136558,1.6900410098454945
L13818,CoCl2,3,0.6931471805599453,1.1229493612824308,1.7873227099821494,1.3998141792159602,1.2865929242331713,1.8191489732656527
L13818,Dabrafenib,3,0.6931471805599453,1.2955998343662156,2.0692719267634074,1.3998141792159602,1.3974075450165104,2.022147063790867
L13818,Doxorubicin,3,1.0986122886681098,1.059425212089834,1.8110024179328241,1.3998141792159602,1.2157950785234575,1.8299702179228108
L138440,Acid,2,1.0986122886681098,1.4245281818738489,1.273811906466851,1.262373898063128,1.4300380301693008,1.3628772760203718
L138458,Acid,1,1.0986122886681098,1.4447324299693032,1.1550855770045112,1.2426204058554542,1.4183023316755117,1.2439505411560523
L138906,Acid,2,2.5649493574615367,1.4245281818738489,1.700564545312086,1.2236309685976479,1.4047039374850896,1.654009158948363
L138906,CoCl2,2,0.6931471805599453,1.070769265548892,1.2605499188981608,1.2236309685976479,1.0815452630610147,1.2133379057442382
L138906,Doxorubicin,2,1.0986122886681098,1.1003288977324217,1.3624040745655233,1.2236309685976479,1.120467110716555,1.3028549351260215
L139032,Acid,0,1.791759469228055,1.4276384785961345,1.2926947066593124,1.2828144253792093,1.4385791080034016,1.177050086643324
L139081,CoCl2,4,0.6931471805599453,1.1105827756120363,1.1254015708022536,1.2196435372703076,1.089652147125227,1.1966974138154334
L139081,Dabrafenib,4,3.258096538021482,1.315199596110756,1.4303744129626608,1.2196435372703076,1.2452731678214017,1.36972133698457
L139081,Doxorubicin,4,0.6931471805599453,1.104008862881897,1.1995919018540078,1.2196435372703076,1.091239672873773,1.2560099977641404
L139081,Trametinib,4,2.6390573296152584,1.39400845125062,1.5129028957500266,1.2196435372703076,1.3265155316147248,1.4676534690900316
L139209,Acid,1,2.5649493574615367,1.4447324299693032,1.3869826891118995,1.2719766454475363,1.4532017449200252,1.3421769000557304
L139209,Doxorubicin,1,0.6931471805599453,1.0695168105300787,1.0269878783720254,1.2719766454475363,1.1050285085216447,0.9495203131464076
L139209,Trametinib,1,0.6931471805599453,1.4489731040578087,1.430583472885433,1.2719766454475363,1.4118873280981843,1.2776017723496402
L139492,CoCl2,4,0.6931471805599453,1.1105827756120363,0.7410017143615463,1.0808925564703304,0.9668151342221467,0.7185396968755576
L139565,Acid,3,2.1972245773362196,1.4294052202142031,1.809110306579914,1.3204141122431912,1.481977942909875,1.8928050512966754
L139565,Cisplatin,3,1.3862943611198906,0.9434888376032666,1.3088035559208246,1.3204141122431912,1.0051787240645962,1.385654773493668
L139713,Acid,0,1.3862943611198906,1.4276384785961345,1.9185895799979573,1.3516500937774982,1.513515345309572,1.823542024667332
L139713,Cisplatin,0,0.6931471805599453,0.9726711059332541,1.4197772317436752,1.3516500937774982,1.0583233438516328,1.3650221802937859
L139713,CoCl2,0,1.791759469228055,1.1370030390709425,1.5282029731201456,1.3516500937774982,1.2418121896581011,1.472342228355781
L139713,Doxorubicin,0,1.3862943611198906,1.0906169960232415,1.5574877835917589,1.3516500937774982,1.2043580136986634,1.4627989769019647
L139716,Trametinib,0,0.6931471805599453,1.4533565151718433,1.2865028989842768,1.3601231731597845,1.5157866401283124,1.0970092294191438
L140054,Acid,2,2.302585092994046,1.4245281818738489,1.483641295127698,1.2743480664348563,1.4432787253444788,1.5068806379890998
L140054,Cisplatin,2,0.6931471805599453,0.9540993104414771,0.9481994976677912,1.2743480664348563,0.9759181965267592,0.9747797030715235
L140054,CoCl2,2,1.0986122886681098,1.070769265548892,1.0436266687137732,1.2743480664348563,1.120120050920404,1.066209384784975
L140054,Dabrafenib,2,1.9459101490553132,1.272899240139292,1.34709850340582,1.2743480664348563,1.2985923017064014,1.31446211415774
L140054,Doxorubicin,2,0.6931471805599453,1.1003288977324217,1.1454808243811354,1.2743480664348563,1.159041898575944,1.1557264141667583
L140520,CoCl2,0,0.6931471805599453,1.1370030390709425,0.7471405594134696,1.0679149849686054,0.9483584171437898,0.8049499291059997
L140686,CoCl2,2,1.0986122886681098,1.070769265548892,0.7070638571987264,1.1166932515014558,0.9833793857515647,0.4306832902018032
L140686,Doxorubicin,2,1.0986122886681098,1.1003288977324217,0.8089180128660887,1.1166932515014558,1.0223012334071049,0.5202003195835863
L141027,Acid,1,1.791759469228055,1.4447324299693032,1.4156534146360968,1.2543639442958905,1.4243152436407251,1.4661851932685745
L141176,Acid,4,1.0986122886681098,1.4591012200707234,1.2938162601552212,1.318700501531449,1.4958652263987162,1.2169071754372043
L14194,Acid,0,1.0986122886681098,1.4276384785961345,1.133537483992264,1.4181513955109626,1.566134873634747,1.151070168761218
L142069,Acid,0,1.3862943611198906,1.4276384785961345,1.3664709616457045,1.2970662595519757,1.4409305102975176,1.3877126756774736
L142069,CoCl2,0,0.6931471805599453,1.1370030390709425,0.9760843547678928,1.2970662595519757,1.1692273546460468,1.0365128793659226
L142069,Dabrafenib,0,0.6931471805599453,1.3293740847986915,1.2813614417237065,1.2970662595519757,1.3336848668820604,1.2576181762998584
L142131,Trametinib,0,0.6931471805599453,1.4533565151718433,1.314402720923974,1.4022359263670932,1.5493873082929324,1.3004937778139487
L142448,Acid,3,0.6931471805599453,1.4294052202142031,1.3123606076894265,1.26377034734704,1.4328666107041812,1.2748330424077954
L143819,Acid,4,0.6931471805599453,1.4591012200707234,1.3891900531527417,1.3610227544259448,1.5424424325754733,1.0894828018003018
L143819,Cisplatin,4,0.6931471805599453,0.9536217875497237,0.8608871300877621,1.3610227544259448,1.043351783428009,0.5468060061478766
L144044,CoCl2,0,0.6931471805599453,1.1370030390709425,0.7759710825596087,1.1546090322816938,1.0333643436202493,0.9902703172734579
L144132,Doxorubicin,3,0.6931471805599453,1.059425212089834,1.171157549376009,1.1823324383177547,1.0350816282359885,1.1771391859815084
L144132,Trametinib,3,0.6931471805599453,1.3477797900478352,1.4904159139326292,1.1823324383177547,1.2789017609790427,1.4302379417484756
L144495,Acid,4,1.0986122886681098,1.4591012200707234,1.5008805682597095,1.3589098956826258,1.5309367984244178,1.4967282721993351
L144579,Acid,0,0.6931471805599453,1.4276384785961345,1.1375271662912814,1.3322555344624736,1.4962885950594143,1.1389997493680264
L144579,CoCl2,0,0.6931471805599453,1.1370030390709425,0.7471405594134696,1.3322555344624736,1.2245854394079432,0.7877999530564754
L144579,Trametinib,0,0.6931471805599453,1.4533565151718433,1.1957357065398426,1.3322555344624736,1.5039186589340663,1.129279431865953
L145010,Acid,0,1.791759469228055,1.4276384785961345,1.545858003414689,1.2888412501136757,1.4438262323679176,1.4741773574058357
L145010,Cisplatin,0,1.0986122886681098,0.9726711059332541,1.0470456551604068,1.2888412501136757,0.9886342309099783,1.0156575130322896
L145010,Doxorubicin,0,1.0986122886681098,1.0906169960232415,1.1847562070084905,1.2888412501136757,1.134668900757009,1.1134343096404682
L145073,Acid,1,3.9318256327243257,1.4447324299693032,2.084021521044626,1.3226366832188896,1.4943439778517393,2.0754867537577324
L145073,CoCl2,1,0.6931471805599453,1.1088793216866093,1.6941752349533152,1.3226366832188896,1.1851001167312554,1.6871355913981934
L145077,Acid,0,1.0986122886681098,1.4276384785961345,1.3313169416658324,1.2663022819022194,1.41833575729819,1.3212236737278975
L145077,Cisplatin,0,0.6931471805599453,0.9726711059332541,0.8325045934115503,1.2663022819022194,0.9631437558402508,0.8627038293543513
L145263,Acid,4,2.302585092994046,1.4591012200707234,2.185881654617094,1.3322254590919853,1.5039130961323275,2.2802812273915007
L145263,Doxorubicin,4,1.0986122886681098,1.104008862881897,1.8526088499217266,1.3322254590919853,1.1792734519861248,1.9241799211959452
L145281,Acid,4,0.6931471805599453,1.4591012200707234,1.3110309963086193,1.2885017825398901,1.4717042668464073,1.2306438500879557
L145281,Doxorubicin,4,1.0986122886681098,1.104008862881897,0.9777581916132514,1.2885017825398901,1.1470646227002044,0.8745425438923999
L145460,Acid,2,1.0986122886681098,1.4245281818738489,1.1470784836126513,1.231224705147787,1.3898958293661403,1.1225527996471165
L146674,Acid,3,1.791759469228055,1.4294052202142031,1.5638075026314597,1.4187941153593042,1.6056762275691325,1.937063856002036
L146674,CoCl2,3,1.0986122886681098,1.1229493612824308,1.1971072059700492,1.4187941153593042,1.3362894306433695,1.5590215416191868
L146674,Dabrafenib,3,1.791759469228055,1.2955998343662156,1.4790564227513074,1.4187941153593042,1.4471040514267086,1.7620196321444013
L146674,Trametinib,3,2.302585092994046,1.3477797900478352,1.5400452784773442,1.4187941153593042,1.50931171767671,1.8229415420433122
L146976,Acid,2,1.0986122886681098,1.4245281818738489,1.5253982101670467,1.1754620325434677,1.3559372960745242,1.5651424382843613
L146976,Cisplatin,2,0.6931471805599453,0.9540993104414771,0.9899564127071399,1.1754620325434677,0.8885767672568046,1.033041503366785
L146976,CoCl2,2,0.6931471805599453,1.070769265548892,1.0853835837531218,1.1754620325434677,1.0327786216504493,1.1244711850802365
L146976,Dabrafenib,2,2.1972245773362196,1.272899240139292,1.3888554184451687,1.1754620325434677,1.2112508724364468,1.3727239144530012
L146976,Doxorubicin,2,1.0986122886681098,1.1003288977324217,1.187237739420484,1.1754620325434677,1.0717004693059895,1.2139882144620198
L146976,Trametinib,2,0.6931471805599453,1.3613179452904967,1.4900489951487497,1.1754620325434677,1.2969363916720504,1.466582788757772
L147347,Acid,1,2.1972245773362196,1.4447324299693032,1.99881131603522,1.2713334450288132,1.4456056838945488,2.0236066209793524
L147347,Cisplatin,1,0.6931471805599453,0.9853221182635075,1.4826158207353886,1.2713334450288132,0.9749201603506779,1.4961217495720838
L147347,CoCl2,1,2.8903717578961645,1.1088793216866093,1.6089650299439096,1.2713334450288132,1.1363618227740648,1.6352554586198131
L147347,Doxorubicin,1,0.6931471805599453,1.0695168105300787,1.6388165052953458,1.2713334450288132,1.0974324474961683,1.6309500340700296
L148876,Cisplatin,2,0.6931471805599453,0.9540993104414771,0.9403082148516348,1.6624450341964958,1.3198642405794492,1.3713543604790848
L148876,Dabrafenib,2,4.812184355372417,1.272899240139292,1.3392072205896637,1.6624450341964958,1.6425383457590912,1.7110367715653012
L148876,Doxorubicin,2,1.3862943611198906,1.1003288977324217,1.137589541564979,1.6624450341964958,1.5029879426286339,1.5523010715743193
L148876,Trametinib,2,5.2574953720277815,1.3613179452904967,1.4404007972932447,1.6624450341964958,1.7282238649946948,1.8048956458700718
L149354,Acid,1,1.791759469228055,1.4447324299693032,1.7009193686037243,1.3586131397108474,1.5177170022002018,1.684567100481836
L149376,Acid,0,1.0986122886681098,1.4276384785961345,1.559183412259381,1.1718835890358206,1.3287564340260118,1.480070580540151
L149376,Cisplatin,0,0.6931471805599453,0.9726711059332541,1.060371064005099,1.1718835890358206,0.8735644325680726,1.021550736166605
L14939,Doxorubicin,1,0.6931471805599453,1.0695168105300787,0.8732412716652211,1.304300958019559,1.1236666225309984,0.9412605988978253
L149612,Acid,4,2.70805020110221,1.4591012200707234,2.0376206146251326,1.345116241724546,1.5256178647254592,2.060152340592137
L149612,Cisplatin,4,1.0986122886681098,0.9536217875497237,1.509317691560153,1.345116241724546,1.0265272155779952,1.5174755449397117
L149612,CoCl2,4,1.3862943611198906,1.1105827756120363,1.6301574788780104,1.345116241724546,1.1993906948307107,1.6447384504478744
L149612,Dabrafenib,4,1.0986122886681098,1.315199596110756,1.9351303210384176,1.345116241724546,1.3550117155268855,1.817762373617011
L149612,Doxorubicin,4,1.0986122886681098,1.104008862881897,1.7043478099297649,1.345116241724546,1.2009782205792565,1.7040510343965813
L15037,Acid,4,1.3862943611198906,1.4591012200707234,1.1484648501086683,1.291976721077428,1.471512341702294,1.0162551708758474
L150552,Dabrafenib,1,0.6931471805599453,1.3466064801566926,1.0755689180935966,1.4045880601468892,1.458253385067894,1.482253683874362
L150587,Dabrafenib,3,0.6931471805599453,1.2955998343662156,1.2086208941431629,1.2524067338258835,1.2658746700472134,1.1098882997612352
L150868,Acid,3,2.302585092994046,1.4294052202142031,1.3725969036923027,1.2629734844920142,1.4417680472678325,1.2999788562237906
L150868,CoCl2,3,0.6931471805599453,1.1229493612824308,1.005896607030892,1.2629734844920142,1.1723812503420692,0.9219365418409414
L151380,Acid,4,0.6931471805599453,1.4591012200707234,1.7795979023935273,1.2624454851330469,1.4546429770353724,1.7625413100067884
L151380,Cisplatin,4,0.6931471805599453,0.9536217875497237,1.2512949793285477,1.2624454851330469,0.955552327887908,1.2198645143543634
L151380,CoCl2,4,0.6931471805599453,1.1105827756120363,1.3721347666464054,1.2624454851330469,1.1284158071406236,1.347127419862526
L151380,Dabrafenib,4,0.6931471805599453,1.315199596110756,1.6771076088068126,1.2624454851330469,1.2840368278367984,1.5201513430316624
L151380,Doxorubicin,4,1.0986122886681098,1.104008862881897,1.4463250976981596,1.2624454851330469,1.1300033328891694,1.4064400038112328
L152572,Acid,3,1.3862943611198906,1.4294052202142031,1.3919472245407973,1.177413265246832,1.3540378328939167,1.239055631432424
L152572,CoCl2,3,1.3862943611198906,1.1229493612824308,1.0252469278793868,1.177413265246832,1.0846510359681534,0.8610133170495746
L152572,Doxorubicin,3,0.6931471805599453,1.059425212089834,1.0489266358300615,1.177413265246832,1.0138531902584398,0.8718345617067327
L152903,Acid,2,3.7612001156935624,1.4245281818738489,2.1566444604057553,1.2401358058399972,1.4086918691481294,2.1605802742359614
L152903,Cisplatin,2,1.0986122886681098,0.9540993104414771,1.6212026629458485,1.2401358058399972,0.9413313403304099,1.6284793393183852
L152903,CoCl2,2,1.0986122886681098,1.070769265548892,1.7166298339918304,1.2401358058399972,1.0855331947240545,1.7199090210318366
L152903,Dabrafenib,2,2.3978952727983707,1.272899240139292,2.0201016686838775,1.2401358058399972,1.264005445510052,1.9681617504046018
L152903,Doxorubicin,2,1.791759469228055,1.1003288977324217,1.8184839896591927,1.2401358058399972,1.1244550423795947,1.8094260504136201
L152903,Trametinib,2,1.0986122886681098,1.3613179452904967,2.1212952453874583,1.2401358058399972,1.3496909647456556,2.0620206247093726
L152911,Acid,4,1.791759469228055,1.4591012200707234,1.1293009218060899,1.201130216137648,1.3801994240018312,1.2304562831151358
L152911,CoCl2,4,1.3862943611198906,1.1105827756120363,0.7218377860589678,1.201130216137648,1.0539722541070824,0.8150423929708732
L152911,Doxorubicin,4,0.6931471805599453,1.104008862881897,0.796028117110722,1.201130216137648,1.0555597798556282,0.8743549769195802
L153469,Acid,3,2.0794415416798357,1.4294052202142031,1.5608232787176848,1.3003175655695207,1.461460866942371,1.6954259974987393
L153469,Cisplatin,3,1.0986122886681098,0.9434888376032666,1.0605165280585955,1.3003175655695207,0.9846616480970922,1.1882757196957319
L153469,Dabrafenib,3,2.0794415416798357,1.2955998343662156,1.4760721988375323,1.3003175655695207,1.3028886907999468,1.5203817736411047
L153469,Trametinib,3,3.044522437723423,1.3477797900478352,1.537061054563569,1.3003175655695207,1.3650963570499481,1.5813036835400154
L153570,Doxorubicin,4,0.6931471805599453,1.104008862881897,0.796028117110722,1.3238333640716553,1.1633462378622434,0.7744747061252413
L15407,Acid,3,2.5649493574615367,1.4294052202142031,1.964003963588572,1.3233658452149955,1.4912811923082299,1.9787840287362728
L15407,CoCl2,3,1.6094379124341003,1.1229493612824308,1.5973036669271614,1.3233658452149955,1.2218943953824666,1.6007417143534237
L15407,Dabrafenib,3,0.6931471805599453,1.2955998343662156,1.8792528837084195,1.3233658452149955,1.3327090161658057,1.8037398048786382
L15407,Doxorubicin,3,1.3862943611198906,1.059425212089834,1.6209833748778362,1.3233658452149955,1.151096549672753,1.6115629590105816
L15407,Trametinib,3,1.0986122886681098,1.3477797900478352,1.9402417394344562,1.3233658452149955,1.394916682415807,1.864661714777549
L154401,Acid,3,1.0986122886681098,1.4294052202142031,1.6036168280437084,1.257045473450799,1.4392183233594933,1.6552847105975521
L154401,CoCl2,3,1.3862943611198906,1.1229493612824308,1.2369165313822976,1.257045473450799,1.16983152643373,1.2772423962147028
L154401,Dabrafenib,3,1.0986122886681098,1.2955998343662156,1.518865748163556,1.257045473450799,1.2806461472170692,1.4802404867399175
L154401,Trametinib,3,2.1972245773362196,1.3477797900478352,1.5798546038895926,1.257045473450799,1.3428538134670704,1.5411623966388281
L155295,CoCl2,4,1.0986122886681098,1.1105827756120363,0.7838339776100987,1.1071217257896286,0.9659953455825276,0.8563401470416834
L155295,Doxorubicin,4,1.0986122886681098,1.104008862881897,0.858024308661853,1.1071217257896286,0.9675828713310736,0.9156527309903904
L15582,Acid,1,1.0986122886681098,1.4447324299693032,1.142665610132116,1.1807690868154495,1.3408069958593773,1.0288155540530917
L15582,Cisplatin,1,1.3862943611198906,0.9853221182635075,0.6264701148322847,1.1807690868154495,0.8701214723155062,0.501330682645823
L155963,Acid,0,2.8903717578961645,1.4276384785961345,1.7477687911431141,1.227036757110797,1.3848703277652958,1.7512619969389713
L155963,Cisplatin,0,0.6931471805599453,0.9726711059332541,1.248956442888832,1.227036757110797,0.9296783263073565,1.2927421525654252
L155963,CoCl2,0,1.791759469228055,1.1370030390709425,1.3573821842653024,1.227036757110797,1.1131671721138248,1.4000622006274204
L155963,Doxorubicin,0,1.3862943611198906,1.0906169960232415,1.3866669947369157,1.227036757110797,1.0757129961543872,1.390518949173604
L157880,Acid,2,0.6931471805599453,1.4245281818738489,1.1470784836126513,1.1585306136290472,1.3328831828123129,1.1071624721920497
L157880,CoCl2,2,1.0986122886681098,1.070769265548892,0.7070638571987264,1.1585306136290472,1.009724508388238,0.666491218987925
L157880,Dabrafenib,2,0.6931471805599453,1.272899240139292,1.0105356918907733,1.1585306136290472,1.1881967591742355,0.91474394836069
L157880,Trametinib,2,0.6931471805599453,1.3613179452904967,1.1117292685943543,1.1585306136290472,1.2738822784098391,1.0086028226654606
L15809,Acid,2,2.9444389791664403,1.4245281818738489,1.9045669371163878,1.2137742074800748,1.4003310810699197,1.9105792998482727
L15809,CoCl2,2,1.3862943611198906,1.070769265548892,1.464552310702463,1.2137742074800748,1.0771724066458448,1.4699080466441479
L15809,Doxorubicin,2,1.0986122886681098,1.1003288977324217,1.5664064663698252,1.2137742074800748,1.116094254301385,1.5594250760259312
L158461,Acid,4,1.0986122886681098,1.4591012200707234,1.1484648501086683,1.142621107148034,1.3335584645324863,1.1889209409758652
L158461,Dabrafenib,4,1.0986122886681098,1.315199596110756,1.0459745565219536,1.142621107148034,1.1629523153339123,0.9465309740007393
L158461,Trametinib,4,0.6931471805599453,1.39400845125062,1.1285030393093194,1.142621107148034,1.2441946791272354,1.0444631061062009
L159186,CoCl2,3,0.6931471805599453,1.1229493612824308,0.8118112736020163,1.1472114738558525,1.0621629138329063,0.7415307485478273
L159186,Dabrafenib,3,0.6931471805599453,1.2955998343662156,1.0937604903832745,1.1472114738558525,1.1729775346162454,0.9445288390730419
L159393,Doxorubicin,0,0.6931471805599453,1.0906169960232415,1.0222339401561706,1.395373444877429,1.2263419518066063,1.045296658969717
L159393,Trametinib,0,0.6931471805599453,1.4533565151718433,1.4415442768109303,1.395373444877429,1.543129347292167,1.3963193892330108
L159660,Acid,1,2.5649493574615367,1.4447324299693032,1.5656830823496566,1.2790684992606027,1.450822959484234,1.615873002129699
L159660,Dabrafenib,1,1.0986122886681098,1.3466064801566926,1.498586390311137,1.2790684992606027,1.31409982165579,1.4499036352001926
L159660,Doxorubicin,1,0.6931471805599453,1.0695168105300787,1.2056882716097825,1.2790684992606027,1.1026497230858534,1.2232164152203762
L159831,Acid,2,0.6931471805599453,1.4245281818738489,1.1373793471125455,1.122738146969249,1.311041497007837,1.2015565593530215
L159831,Dabrafenib,2,0.6931471805599453,1.272899240139292,1.0008365553906673,1.122738146969249,1.1663550733697596,1.0091380355216617
L159831,Trametinib,2,0.6931471805599453,1.3613179452904967,1.1020301320942483,1.122738146969249,1.2520405926053635,1.1029969098264325
L16013,Dabrafenib,4,2.8903717578961645,1.315199596110756,1.0459745565219536,1.1772296085011174,1.1867738778903978,1.0602463492395362
L16013,Trametinib,4,2.0794415416798357,1.39400845125062,1.1285030393093194,1.1772296085011174,1.2680162416837206,1.158178481344998
L160197,Doxorubicin,1,0.6931471805599453,1.0695168105300787,0.7950907662646371,1.3378076619337467,1.173577621301349,1.2175864240231011
L160952,Acid,4,0.6931471805599453,1.4591012200707234,1.36655475238812,1.4303799951563931,1.6057849697201416,1.2915673673640478
L160952,Cisplatin,4,1.0986122886681098,0.9536217875497237,0.8382518293231405,1.4303799951563931,1.1066943205726774,0.7488905717116225
L160952,Dabrafenib,4,0.6931471805599453,1.315199596110756,1.2640644588014052,1.4303799951563931,1.4351788205215679,1.0491774003889218
L160952,Trametinib,4,1.0986122886681098,1.39400845125062,1.346592941588771,1.4303799951563931,1.5164211843148907,1.1471095324943832
L161079,Acid,2,0.6931471805599453,1.4245281818738489,1.3612326269173352,1.3074743840559098,1.474447471695756,1.3861794705715311
L161079,Cisplatin,2,0.6931471805599453,0.9540993104414771,0.8257908294574283,1.3074743840559098,1.0070869428780365,0.8540785356539549
L161079,Doxorubicin,2,0.6931471805599453,1.1003288977324217,1.0230721561707725,1.3074743840559098,1.1902106449272214,1.0350252467491896
L161593,Acid,2,1.0986122886681098,1.4245281818738489,1.1373793471125455,1.0445366726302783,1.2219511511782755,1.0521619835934932
L16178,Acid,0,3.7612001156935624,1.4276384785961345,1.7241724041404316,1.2740581907369888,1.414189016891496,1.8018220373776614
L16178,Cisplatin,0,0.6931471805599453,0.9726711059332541,1.2253600558861493,1.2740581907369888,0.9589970154335565,1.3433021930041151
L16178,Dabrafenib,0,0.6931471805599453,1.3293740847986915,1.6390628842184334,1.2740581907369888,1.3069433734760385,1.671727538000046
L16178,Doxorubicin,0,2.0794415416798357,1.0906169960232415,1.3630706077342332,1.2740581907369888,1.1050316852805873,1.441078989612294
L161943,Acid,4,1.6094379124341003,1.4591012200707234,1.3832987136339001,1.3093631880580971,1.4929986586194666,1.2469698509856748
L161943,Trametinib,4,0.6931471805599453,1.39400845125062,1.363336902834551,1.3093631880580971,1.4036348732142157,1.1025120161160102
L161977,Acid,0,3.784189633918261,1.4276384785961345,1.9085688122687823,1.2881324353762282,1.4371609187378467,1.9470330581055646
L161977,Cisplatin,0,1.0986122886681098,0.9726711059332541,1.4097564640145002,1.2881324353762282,0.9819689172799073,1.4885132137320185
L161977,CoCl2,0,0.6931471805599453,1.1370030390709425,1.5181822053909706,1.2881324353762282,1.1654577630863758,1.5958332617940136
L162222,Dabrafenib,1,0.6931471805599453,1.3466064801566926,1.0879888849659918,1.1277748912574854,1.1748488618746653,0.917477040291957
L16238,Acid,3,1.6094379124341003,1.4294052202142031,1.3877877740476734,1.275552406724614,1.4525534910647981,1.3214924901132759
L16238,CoCl2,3,1.9459101490553132,1.1229493612824308,1.0210874773862628,1.275552406724614,1.1831666941390349,0.9434501757304267
L16238,Doxorubicin,3,1.6094379124341003,1.059425212089834,1.0447671853369376,1.275552406724614,1.1123688484293213,0.9542714203875846
L16242,Acid,1,2.0794415416798357,1.4447324299693032,1.2974968551458075,1.3364765557511888,1.5115942500470603,1.1612245527145348
L16242,Cisplatin,1,1.0986122886681098,0.9853221182635075,0.781301359845976,1.3364765557511888,1.040908726503189,0.6337396813072662
L16242,CoCl2,1,1.0986122886681098,1.1088793216866093,0.907650569054497,1.3364765557511888,1.2023503889265763,0.7728733903549956
L162604,Acid,0,3.58351893845611,1.4276384785961345,1.8681268444613457,1.2840144967823597,1.4366391255771702,1.8648804391406113
L162604,Cisplatin,0,1.0986122886681098,0.9726711059332541,1.3693144962070636,1.2840144967823597,0.9814471241192311,1.4063605947670652
L162604,CoCl2,0,1.9459101490553132,1.1370030390709425,1.477740237583534,1.2840144967823597,1.1649359699256994,1.5136806428290603
L162604,Doxorubicin,0,0.6931471805599453,1.0906169960232415,1.5070250480551473,1.2840144967823597,1.1274817939662616,1.504137391375244
L162604,Trametinib,0,1.6094379124341003,1.4533565151718433,1.926335384709907,1.2840144967823597,1.4442691894518223,1.8551601216385378
L16294,Acid,1,1.791759469228055,1.4447324299693032,1.5208630623646533,1.3825705633581338,1.5459274043208575,1.5605665082364657
L163387,Trametinib,3,2.0794415416798357,1.3477797900478352,1.1041800117338938,1.2200548108534472,1.3122206752999908,1.0995469815298784
L16358,Acid,2,1.3862943611198906,1.4245281818738489,1.1470784836126513,1.254170087382322,1.4254489004123916,1.0410753306566134
L164293,Acid,4,0.6931471805599453,1.4591012200707234,1.1912971133572208,1.302433916815952,1.4774006257233607,1.2080745021379564
L16438,Acid,1,2.6390573296152584,1.4447324299693032,1.6609662155478804,1.2744221788635317,1.4364804651136962,1.8435619241027794
L16438,Cisplatin,1,0.6931471805599453,0.9853221182635075,1.1447707202480486,1.2744221788635317,0.9657949415698251,1.3160770526955106
L16438,Dabrafenib,1,0.6931471805599453,1.3466064801566926,1.5938695235093607,1.2744221788635317,1.2997573272852523,1.6775925571732728
L164771,Acid,2,2.0794415416798357,1.4245281818738489,2.0373751905132904,1.2094826057138661,1.394087529710122,2.104058308000644
L164771,Cisplatin,2,1.6094379124341003,0.9540993104414771,1.5019333930533838,1.2094826057138661,0.9267270008924025,1.5719573730830674
L164771,CoCl2,2,1.791759469228055,1.070769265548892,1.5973605640993656,1.2094826057138661,1.070928855286047,1.663387054796519
L164771,Dabrafenib,2,0.6931471805599453,1.272899240139292,1.9008323987914126,1.2094826057138661,1.2494011060720447,1.9116397841692838
L164771,Doxorubicin,2,1.9459101490553132,1.1003288977324217,1.699214719766728,1.2094826057138661,1.1098507029415874,1.7529040841783021
L165027,Acid,0,0.6931471805599453,1.4276384785961345,1.2926947066593124,1.2533498625703086,1.4055293032924858,1.2246655617502806
L165027,Cisplatin,0,0.6931471805599453,0.9726711059332541,0.7938823584050303,1.2533498625703086,0.9503373018345465,0.7661457173767344
L165027,Trametinib,0,0.6931471805599453,1.4533565151718433,1.3509032469078737,1.2533498625703086,1.4131593671671379,1.214945244248207
L165042,Acid,0,1.6094379124341003,1.4276384785961345,1.453973638348981,1.2688640753311586,1.434654183836687,1.3024720613640075
L165042,CoCl2,0,0.6931471805599453,1.1370030390709425,1.0635870314711693,1.2688640753311586,1.1629510281852162,0.9512722650524565
L165042,Dabrafenib,0,0.6931471805599453,1.3293740847986915,1.3688641184269827,1.2688640753311586,1.32740854042123,1.1723775619863923
L165042,Doxorubicin,0,0.6931471805599453,1.0906169960232415,1.0928718419427825,1.2688640753311586,1.1254968522257784,0.9417290135986403
L165149,Acid,2,1.0986122886681098,1.4245281818738489,1.62143394850951,1.2668597602730782,1.439036669164252,1.6163316968853
L165149,Cisplatin,2,1.0986122886681098,0.9540993104414771,1.0859921510496031,1.2668597602730782,0.9716761403465324,1.0842307619677238
L165149,Dabrafenib,2,1.0986122886681098,1.272899240139292,1.484891156787632,1.2668597602730782,1.2943502455261746,1.4239131730539403
L165149,Doxorubicin,2,1.3862943611198906,1.1003288977324217,1.2832734777629473,1.2668597602730782,1.1547998423957173,1.2651774730629586
L165149,Trametinib,2,1.0986122886681098,1.3613179452904967,1.5860847334912127,1.2668597602730782,1.3800357647617782,1.517772047358711
L165222,Acid,0,1.791759469228055,1.4276384785961345,1.6058904315399345,1.2362181053499781,1.3971779262605575,1.458146610021454
L165222,Trametinib,0,0.6931471805599453,1.4533565151718433,1.6640989717884955,1.2362181053499781,1.4048079901352093,1.4484262925193803
L165407,Acid,1,1.0986122886681098,1.4447324299693032,1.4016150743922984,1.3387118411503034,1.4883052784636843,1.519983005526237
L165826,Acid,1,1.3862943611198906,1.4447324299693032,1.5226338037202516,1.2702545958018896,1.4456196769174738,1.4881694735303919
L165826,Cisplatin,1,1.0986122886681098,0.9853221182635075,1.00643830842042,1.2702545958018896,0.9749341533736029,0.9606846021231232
L165826,CoCl2,1,0.6931471805599453,1.1088793216866093,1.132787517628941,1.2702545958018896,1.13637581579699,1.0998183111708526
L165861,Acid,4,0.6931471805599453,1.4591012200707234,1.5008805682597095,1.2527563197936205,1.4431510307287552,1.4243522183262531
L165958,Doxorubicin,2,0.6931471805599453,1.1003288977324217,0.8089180128660887,1.3476191164776612,1.2082040222947086,0.877722030594578
L16603,Acid,0,2.4849066497880004,1.4276384785961345,1.6451575886314127,1.2871989614342136,1.4386276464146055,1.6263654960456848
L16603,Cisplatin,0,0.6931471805599453,0.9726711059332541,1.1463452403771304,1.2871989614342136,0.9834356449566661,1.1678456516721387
L16603,CoCl2,0,1.0986122886681098,1.1370030390709425,1.2547709817536008,1.2871989614342136,1.1669244907631346,1.2751656997341339
L16603,Dabrafenib,0,1.0986122886681098,1.3293740847986915,1.5600480687094145,1.2871989614342136,1.3313820029991483,1.4962709966680696
L166657,Acid,3,0.6931471805599453,1.4294052202142031,1.8964023883655081,1.1920494010099905,1.3720197672172254,1.9377992432658697
L166657,Cisplatin,3,1.6094379124341003,0.9434888376032666,1.3960956377064189,1.1920494010099905,0.8952205483719468,1.4306489654628622
L166657,Doxorubicin,3,1.9459101490553132,1.059425212089834,1.5533817996547723,1.1920494010099905,1.0318351245817485,1.5705781735401785
L166707,Acid,1,3.9889840465642745,1.4447324299693032,2.2519407838991308,1.329442850441178,1.4909280458345406,2.343251158654966
L166707,Cisplatin,1,1.0986122886681098,0.9853221182635075,1.7357452885992992,1.329442850441178,1.0202425222906695,1.8157662872476976
L166707,Doxorubicin,1,3.367295829986474,1.0695168105300787,1.891945973159257,1.329442850441178,1.1427548094361601,1.9505945717456434
L167106,Acid,1,2.833213344056216,1.4447324299693032,2.1697605055500855,1.260628930654068,1.4356432371600032,2.2373742382841577
L167106,Cisplatin,1,1.791759469228055,0.9853221182635075,1.6535650102502537,1.260628930654068,0.964957713616132,1.7098893668768889
L167106,CoCl2,1,0.6931471805599453,1.1088793216866093,1.7799142194587747,1.260628930654068,1.1263993760395192,1.8490230759246182
L167106,Dabrafenib,1,0.6931471805599453,1.3466064801566926,2.1026638135115654,1.260628930654068,1.2989200993315593,2.071404871354651
L167106,Doxorubicin,1,1.3862943611198906,1.0695168105300787,1.8097656948102112,1.260628930654068,1.0874700007616227,1.8447176513748347
L167106,Trametinib,1,0.6931471805599453,1.4489731040578087,2.2133612893236188,1.260628930654068,1.3943288203381623,2.1727991105780675
L167129,Acid,1,1.3862943611198906,1.4447324299693032,1.3869826891118995,1.376743771781724,1.5471802799286143,1.3125538281529683
L167176,Acid,3,0.6931471805599453,1.4294052202142031,1.4584777222945509,1.236290369841347,1.407234651839243,1.4242300181394352
L16764,Acid,4,0.6931471805599453,1.4591012200707234,1.3213025220827692,1.4548598570370113,1.6356523172622341,1.885235761890638
L16764,Dabrafenib,4,5.662960480135946,1.315199596110756,1.2188122284960543,1.4548598570370113,1.4650461680636602,1.642845794915512
L16764,Doxorubicin,4,0.6931471805599453,1.104008862881897,0.9880297173874013,1.4548598570370113,1.3110126731160312,1.5291344556950823
L16764,Trametinib,4,6.655440350367647,1.39400845125062,1.30134071128342,1.4548598570370113,1.5462885318569832,1.7407779270209736
L1679,Acid,1,1.0986122886681098,1.4447324299693032,1.288965950257265,1.2001095033022362,1.4016428996978278,1.4735937123294536
L167950,Acid,3,4.762173934797756,1.4294052202142031,2.375574436900398,1.2842254242858258,1.4545540408751751,2.3628447923540223
L167950,Cisplatin,3,2.6390573296152584,0.9434888376032666,1.875267686241309,1.2842254242858258,0.9777548220298966,1.8556945145510153
L167950,CoCl2,3,1.791759469228055,1.1229493612824308,2.0088741402389876,1.2842254242858258,1.185167243949412,1.9848024779711735
L167950,Dabrafenib,3,0.6931471805599453,1.2955998343662156,2.290823357020246,1.2842254242858258,1.2959818647327512,2.187800568496388
L167950,Doxorubicin,3,1.791759469228055,1.059425212089834,2.0325538481896626,1.2842254242858258,1.1143693982396985,1.9956237226283315
L167969,Acid,1,1.9459101490553132,1.4447324299693032,1.3312528212597294,1.2533310446838308,1.425876602956975,1.2494134055382307
L167969,CoCl2,1,0.6931471805599453,1.1088793216866093,0.941406535168419,1.2533310446838308,1.116632741836491,0.8610622431786915
L168572,Acid,3,1.0986122886681098,1.4294052202142031,1.2670576731533372,1.1837468351792362,1.3672341983951322,1.1627989406132038
L168572,CoCl2,3,0.6931471805599453,1.1229493612824308,0.9003573764919266,1.1837468351792362,1.0978474014693689,0.7847566262303547
L16871,Acid,0,2.4849066497880004,1.4276384785961345,1.423577835372334,1.1856456711968058,1.3428459173923886,1.4805857767463593
L16871,Cisplatin,0,1.3862943611198906,0.9726711059332541,0.924765487118052,1.1856456711968058,0.8876539159344493,1.0220659323728132
L16871,Dabrafenib,0,0.6931471805599453,1.3293740847986915,1.338468315450336,1.1856456711968058,1.2356002739769314,1.350491277368744
L168951,Acid,2,2.302585092994046,1.4245281818738489,1.605213678416092,1.3694713799634692,1.5248912936410395,1.6756079463238298
L168951,Dabrafenib,2,1.9459101490553132,1.272899240139292,1.468670886694214,1.3694713799634692,1.380204870002962,1.48318942249247
L168951,Trametinib,2,1.0986122886681098,1.3613179452904967,1.5698644633977947,1.3694713799634692,1.4658903892385657,1.5770482967972408
L169592,Acid,0,2.302585092994046,1.4276384785961345,1.3333837418985877,1.2426633138411,1.397507065537824,1.366222029291557
L169592,CoCl2,0,0.6931471805599453,1.1370030390709425,0.942997135020776,1.2426633138411,1.125803909886353,1.015022232980006
L169857,Acid,1,0.6931471805599453,1.4447324299693032,1.548996988612728,1.2692141624352131,1.4494546385857738,1.5804577895980787
L169881,Cisplatin,3,0.6931471805599453,0.9434888376032666,0.6782048196043378,1.177706909521348,0.8755811870730537,0.6270971557892093
L169881,Trametinib,3,1.0986122886681098,1.3477797900478352,1.1547493461093112,1.177706909521348,1.2560158960259096,1.0201251196334928
L170436,Doxorubicin,1,0.6931471805599453,1.0695168105300787,0.9712580105198554,1.2218007156203616,1.0598425829917328,1.0139981958747335
L170734,Acid,4,1.3862943611198906,1.4591012200707234,1.2918670680060407,1.0918024022955317,1.300008246571982,1.2247903861303169
L170734,CoCl2,4,0.6931471805599453,1.1105827756120363,0.8844039322589187,1.0918024022955317,0.9737810766772332,0.8093764959860543
L170734,Dabrafenib,4,0.6931471805599453,1.315199596110756,1.1893767744193258,1.0918024022955317,1.129402097373408,0.9824004191551909
L170734,Doxorubicin,4,0.6931471805599453,1.104008862881897,0.9585942633106729,1.0918024022955317,0.9753686024257792,0.8686890799347613
L171625,Acid,4,1.3862943611198906,1.4591012200707234,1.1484648501086683,1.2295748326826312,1.4222660128342346,0.9647773725717937
L171625,Dabrafenib,4,1.0986122886681098,1.315199596110756,1.0459745565219536,1.2295748326826312,1.2516598636356608,0.7223874055966677
L171792,Acid,2,1.0986122886681098,1.4245281818738489,1.1459943650045243,1.3335618029843552,1.4866180706360517,1.1117930786169794
L172542,Acid,2,1.9459101490553132,1.4245281818738489,1.6376470267645,1.2647539303549016,1.437202386820367,1.5983075437032765
L172542,Doxorubicin,2,1.0986122886681098,1.1003288977324217,1.2994865560179374,1.2647539303549016,1.1529655600518323,1.247153319880935
L172601,Cisplatin,0,0.6931471805599453,0.9726711059332541,0.8676586133914224,1.1523840265817347,0.8603327951104079,0.8043716251912054
L172601,Trametinib,0,1.3862943611198906,1.4533565151718433,1.4246795018942657,1.1523840265817347,1.3231548604429992,1.2531711520626778
L172925,Acid,1,2.3978952727983707,1.4447324299693032,1.5172590391475633,1.2659878867907173,1.4247853377080157,1.5868732700481571
L172925,Doxorubicin,1,0.6931471805599453,1.0695168105300787,1.1572642284076893,1.2659878867907173,1.0766121013096352,1.1942166831388343
L172925,Trametinib,1,0.6931471805599453,1.4489731040578087,1.5608598229210968,1.2659878867907173,1.383470920886175,1.5222981423420672
L172946,Acid,1,1.0986122886681098,1.4447324299693032,1.3869826891118995,1.2604565675894175,1.4421834305650116,1.5714935614549919
L172946,Dabrafenib,1,1.0986122886681098,1.3466064801566926,1.3198859970733798,1.2604565675894175,1.3054602927365677,1.4055241945254855
L172946,Trametinib,1,0.6931471805599453,1.4489731040578087,1.430583472885433,1.2604565675894175,1.4008690137431707,1.5069184337489019
L173031,Acid,0,3.091042453358316,1.4276384785961345,2.0126831027256795,1.2492083205128917,1.4090113289622213,2.021179352064853
L173031,Cisplatin,0,1.3862943611198906,0.9726711059332541,1.5138707544713976,1.2492083205128917,0.953819327504282,1.5626595076913066
L173031,CoCl2,0,1.9459101490553132,1.1370030390709425,1.622296495847868,1.2492083205128917,1.1373081733107504,1.6699795557533017
L173031,Dabrafenib,0,2.4849066497880004,1.3293740847986915,1.9275735828036817,1.2492083205128917,1.301765685546764,1.8910848526872375
L173031,Doxorubicin,0,2.1972245773362196,1.0906169960232415,1.6515813063194813,1.2492083205128917,1.0998539973513126,1.6604363042994854
L173031,Trametinib,0,1.6094379124341003,1.4533565151718433,2.070891642974241,1.2492083205128917,1.4166413928368733,2.011459034562779
L173296,Acid,1,5.568344503761097,1.4447324299693032,2.713328444902755,1.3423142346206303,1.5144423353455398,2.8258693922096905
L173296,Cisplatin,1,1.9459101490553132,0.9853221182635075,2.1971329496029233,1.3423142346206303,1.0437568118016687,2.2983845208024216
L173296,CoCl2,1,2.3978952727983707,1.1088793216866093,2.3234821588114443,1.3423142346206303,1.2051984742250559,2.437518229850151
L173296,Dabrafenib,1,3.4657359027997265,1.3466064801566926,2.646231752864235,1.3423142346206303,1.377719197517096,2.6599000252801837
L173296,Doxorubicin,1,2.6390573296152584,1.0695168105300787,2.353333634162881,1.3423142346206303,1.1662690989471594,2.4332128053003674
L173296,Trametinib,1,1.791759469228055,1.4489731040578087,2.756929228676288,1.3423142346206303,1.473127918523699,2.7612942645036003
L173303,CoCl2,0,1.0986122886681098,1.1370030390709425,0.8379077518579041,1.1074088574771532,0.9963953234692151,0.7102157398369697
L173303,Doxorubicin,0,1.6094379124341003,1.0906169960232415,0.8671925623295174,1.1074088574771532,0.9589411475097773,0.7006724883831534
L173735,Acid,2,2.0794415416798357,1.4245281818738489,1.1470784836126513,1.2221488905201698,1.4053759912023762,1.111443520396715
L173735,Cisplatin,2,0.6931471805599453,0.9540993104414771,0.6116366861527445,1.2221488905201698,0.9380154623846567,0.5793425854791387
L173885,Acid,3,0.6931471805599453,1.4294052202142031,1.3458757313507974,1.2585254887357948,1.4321509592916204,1.338119711100282
L173885,CoCl2,3,0.6931471805599453,1.1229493612824308,0.9791754346893868,1.2585254887357948,1.1627641623658573,0.9600773967174328
L173885,Dabrafenib,3,2.1972245773362196,1.2955998343662156,1.2611246514706451,1.2585254887357948,1.2735787831491963,1.1630754872426474
L173885,Doxorubicin,3,1.791759469228055,1.059425212089834,1.0028551426400616,1.2585254887357948,1.0919663166561435,0.9708986413745908
L173885,Trametinib,3,1.9459101490553132,1.3477797900478352,1.3221135071966819,1.2585254887357948,1.3357864493991976,1.223997397141558
L17420,Acid,0,1.791759469228055,1.4276384785961345,1.7970756263806975,1.2917339362433915,1.4474003405080307,1.833215538440532
L17420,Cisplatin,0,0.6931471805599453,0.9726711059332541,1.2982632781264154,1.2917339362433915,0.9922083390500914,1.3746956940669859
L17420,Dabrafenib,0,1.3862943611198906,1.3293740847986915,1.7119661064586995,1.2917339362433915,1.3401546970925735,1.7031210390629166
L174555,Acid,0,1.0986122886681098,1.4276384785961345,1.1663576894374204,1.2581507017835705,1.405001486142812,1.1745201756620294
L174555,Dabrafenib,0,1.0986122886681098,1.3293740847986915,1.0812481695154221,1.2581507017835705,1.2977558427273548,1.044425676284414
L174555,Doxorubicin,0,0.6931471805599453,1.0906169960232415,0.8052558930312219,1.2581507017835705,1.0958441545319033,0.8137771278966619
L175598,CoCl2,3,1.0986122886681098,1.1229493612824308,0.8300308497964871,1.1195164149164387,1.0448800854068803,0.7871573204093445
L175598,Doxorubicin,3,0.6931471805599453,1.059425212089834,0.853710557747162,1.1195164149164387,0.9740822396971668,0.7979785650665026
L175598,Trametinib,3,0.6931471805599453,1.3477797900478352,1.1729689223037822,1.1195164149164387,1.217902372440221,1.0510773208334698
L176569,Acid,4,0.6931471805599453,1.4591012200707234,1.1484648501086683,1.2431214625389184,1.432307039218418,1.1070996135245468
L176645,Doxorubicin,0,0.6931471805599453,1.0906169960232415,0.97254895979435,1.4348662391243912,1.2606313483474492,0.9694002878631723
L177128,Acid,3,3.258096538021482,1.4294052202142031,1.928452271456798,1.3241193898229315,1.4944342234332757,2.031410376105031
L177128,Dabrafenib,3,2.9444389791664403,1.2955998343662156,1.8437011915766455,1.3241193898229315,1.3358620472908516,1.856366152247396
L177128,Doxorubicin,3,1.791759469228055,1.059425212089834,1.5854316827460622,1.3241193898229315,1.1542495807977988,1.6641893063793394
L177128,Trametinib,3,4.532599493153256,1.3477797900478352,1.9046900473026822,1.3241193898229315,1.3980697135408529,1.9172880621463069
L177252,Doxorubicin,2,0.6931471805599453,1.1003288977324217,0.8089180128660887,1.2020022547162335,1.0773565073455726,0.7718418620042068
L177375,Acid,3,2.4849066497880004,1.4294052202142031,1.5593416954191681,1.2171118513967172,1.39265246751005,1.6144933009138416
L177375,Dabrafenib,3,2.9444389791664403,1.2955998343662156,1.4745906155390158,1.2171118513967172,1.2340802913676259,1.439449077056207
L177375,Trametinib,3,3.4657359027997265,1.3477797900478352,1.5355794712650526,1.2171118513967172,1.2962879576176272,1.5003709869551178
L177976,Dabrafenib,2,2.3978952727983707,1.272899240139292,1.0008365553906673,1.1176653717005578,1.138026228790289,0.9418459463272815
L177976,Trametinib,2,2.995732273553991,1.3613179452904967,1.1020301320942483,1.1176653717005578,1.2237117480258926,1.0357048206320523
L178651,Acid,1,2.1972245773362196,1.4447324299693032,1.8174632431397133,1.3505743780392632,1.5160547969258171,2.0314426175280182
L178651,Cisplatin,1,0.6931471805599453,0.9853221182635075,1.3012677478398817,1.3505743780392632,1.045369273381946,1.5039577461207494
L178651,Dabrafenib,1,1.3862943611198906,1.3466064801566926,1.7503665511011939,1.3505743780392632,1.3793316590973732,1.8654732505985117
L178651,Doxorubicin,1,0.6931471805599453,1.0695168105300787,1.4574684323998393,1.3505743780392632,1.1678815605274364,1.6387860306186954
L178651,Trametinib,1,0.6931471805599453,1.4489731040578087,1.861064026913247,1.3505743780392632,1.4747403801039762,1.966867489821928
L17873,Acid,0,1.0986122886681098,1.4276384785961345,1.9359447762680229,1.298822184117416,1.4539703077875337,1.92770722366954
L17873,Cisplatin,0,1.0986122886681098,0.9726711059332541,1.4371324280137405,1.298822184117416,0.9987783063295943,1.469187379295994
L17873,CoCl2,0,0.6931471805599453,1.1370030390709425,1.545558169390211,1.298822184117416,1.1822671521360626,1.576507427357989
L17906,Acid,1,0.6931471805599453,1.4447324299693032,1.3473413828821037,1.288373780216599,1.4792365607373266,1.1276839174554423
L179168,Dabrafenib,2,1.3862943611198906,1.272899240139292,1.1106202094576938,1.3128184353654726,1.3487544376530727,1.1470033501246641
L179382,Dabrafenib,0,0.6931471805599453,1.3293740847986915,1.0524176463692831,1.1386903684679988,1.1952251022033584,1.282731322388671
L179382,Trametinib,0,0.6931471805599453,1.4533565151718433,1.1957357065398426,1.1386903684679988,1.3101008094934676,1.4031055042642127
L179636,Acid,1,2.6390573296152584,1.4447324299693032,1.5458602532696404,1.3389178698021882,1.5034254261776667,1.5695238433869347
L180119,Acid,1,1.3862943611198906,1.4447324299693032,1.7924371784055686,1.3043777963632932,1.4766221228234417,1.825719502606911
L180119,CoCl2,1,0.6931471805599453,1.1088793216866093,1.402590892314258,1.3043777963632932,1.1673782617029578,1.4373683402473718
L180119,Dabrafenib,1,0.6931471805599453,1.3466064801566926,1.725340486367049,1.3043777963632932,1.3398989849949978,1.6597501356774045
L180119,Doxorubicin,1,1.3862943611198906,1.0695168105300787,1.4324423676656945,1.3043777963632932,1.128448886425061,1.4330629156975883
L181437,Acid,0,0.6931471805599453,1.4276384785961345,1.578215186948092,1.2641963291838445,1.4234095865385739,1.530598736859645
L181437,Cisplatin,0,0.6931471805599453,0.9726711059332541,1.07940283869381,1.2641963291838445,0.9682175850806345,1.0720788924860989
L181437,CoCl2,0,1.3862943611198906,1.1370030390709425,1.1878285800702804,1.2641963291838445,1.1517064308871028,1.179398940548094
L181765,Acid,4,1.0986122886681098,1.4591012200707234,1.1293009218060899,1.5825255119925075,1.7542008752684235,1.865208559166453
L181765,Doxorubicin,4,1.0986122886681098,1.104008862881897,0.796028117110722,1.5825255119925075,1.4295612311222208,1.5091072529708973
L183358,Acid,0,3.295836866004329,1.4276384785961345,1.8503969718813638,1.283218737209396,1.4413250092873495,1.802372891275836
L183358,Cisplatin,0,0.6931471805599453,0.9726711059332541,1.3515846236270816,1.283218737209396,0.9861330078294102,1.34385304690229
L183358,CoCl2,0,1.791759469228055,1.1370030390709425,1.460010365003552,1.283218737209396,1.1696218536358787,1.4511730949642851
L183358,Doxorubicin,0,1.6094379124341003,1.0906169960232415,1.4892951754751653,1.283218737209396,1.1321676776764409,1.4416298435104689
L183531,Acid,2,1.0986122886681098,1.4245281818738489,1.369847644809314,1.1380464259495096,1.3147518911253322,1.4304379806748486
L183531,Cisplatin,2,1.0986122886681098,0.9540993104414771,0.8344058473494073,1.1380464259495096,0.8473913623076126,0.8983370457572725
L183531,Dabrafenib,2,0.6931471805599453,1.272899240139292,1.233304853087436,1.1380464259495096,1.1700654674872548,1.2380194568434888
L183654,Acid,3,4.406719247264253,1.4294052202142031,2.355773912742767,1.3474477075608127,1.5095036259834214,2.439746022205525
L183654,Cisplatin,3,0.6931471805599453,0.9434888376032666,1.8554671620836778,1.3474477075608127,1.0327044071381426,1.9325957444025177
L183654,CoCl2,3,0.6931471805599453,1.1229493612824308,1.9890736160813565,1.3474477075608127,1.240116829057658,2.061703707822676
L183654,Doxorubicin,3,1.0986122886681098,1.059425212089834,2.0127533240320314,1.3474477075608127,1.1693189833479445,2.072524952479834
L18366,Cisplatin,1,1.6094379124341003,0.9853221182635075,0.7990960912910594,1.3705694333376488,1.071874665120181,0.8720856709402802
L18366,Dabrafenib,1,3.6888794541139363,1.3466064801566926,1.2481948945523713,1.3705694333376488,1.4058370508356082,1.2336011754180425
L18366,Doxorubicin,1,1.3862943611198906,1.0695168105300787,0.9552967758510169,1.3705694333376488,1.1943869522656714,1.0069139554382263
L18366,Trametinib,1,2.833213344056216,1.4489731040578087,1.3588923703644245,1.3705694333376488,1.5012457718422112,1.3349954146414589
L183665,Acid,2,1.0986122886681098,1.4245281818738489,1.3544748771672703,1.269798067549081,1.4311115266466916,1.408516895916171
L183665,CoCl2,2,1.3862943611198906,1.070769265548892,0.9144602507533455,1.269798067549081,1.1079528522226165,0.967845642712046
L183665,Dabrafenib,2,0.6931471805599453,1.272899240139292,1.2179320854453923,1.269798067549081,1.286425103008614,1.216098372084811
L183665,Doxorubicin,2,1.0986122886681098,1.1003288977324217,1.0163144064207077,1.269798067549081,1.146874699878157,1.0573626720938294
L184246,Acid,4,0.6931471805599453,1.4591012200707234,1.2490348047574882,1.2160789164828991,1.4068740974671916,1.3840791917897761
L184246,Doxorubicin,4,0.6931471805599453,1.104008862881897,0.9157620000621205,1.2160789164828991,1.0822344533209889,1.0279778855942203
L184246,Trametinib,4,0.6931471805599453,1.39400845125062,1.2290729939581393,1.2160789164828991,1.3175103120619407,1.2396213569201116
L184957,Acid,1,1.0986122886681098,1.4447324299693032,1.142665610132116,1.3188599181660967,1.4972824550347525,0.8044460437531561
L185195,Acid,1,1.6094379124341003,1.4447324299693032,1.6522671925014338,1.2899487383632162,1.468158710780542,1.6335345537619128
L185195,Cisplatin,1,0.6931471805599453,0.9853221182635075,1.1360716972016025,1.2899487383632162,0.997473187236671,1.1060496823546442
L185195,CoCl2,1,0.6931471805599453,1.1088793216866093,1.2624209064101235,1.2899487383632162,1.158914849660058,1.2451833914023736
L185195,Dabrafenib,1,1.0986122886681098,1.3466064801566926,1.5851705004629144,1.2899487383632162,1.3314355729520981,1.4675651868324064
L185210,CoCl2,2,0.6931471805599453,1.070769265548892,0.6973647206986204,1.2209922732361997,1.045348306742833,0.6715832556964987
L185210,Trametinib,2,0.6931471805599453,1.3613179452904967,1.1020301320942483,1.2209922732361997,1.3095060767644344,1.0136948593740345
L185259,Acid,1,1.3862943611198906,1.4447324299693032,1.6961724368753017,1.1552406778111197,1.330823746116597,1.7294331415193516
L185259,Doxorubicin,1,0.6931471805599453,1.0695168105300787,1.3361776261354277,1.1552406778111197,0.9826505097182167,1.3367765546100288
L185317,Trametinib,4,0.6931471805599453,1.39400845125062,1.1285030393093194,1.0642475790963821,1.185768207951222,1.1704078537700062
L185762,Acid,1,1.9459101490553132,1.4447324299693032,1.4305193586539915,1.3503479927747122,1.509179555375758,1.3969047808069037
L185762,CoCl2,1,1.0986122886681098,1.1088793216866093,1.040673072562681,1.3503479927747122,1.1999356942552741,1.0085536184473645
L185762,Doxorubicin,1,1.3862943611198906,1.0695168105300787,1.0705245479141174,1.3503479927747122,1.1610063189773776,1.004248193897581
L186030,Acid,0,1.3862943611198906,1.4276384785961345,1.1375271662912814,1.2050486264470415,1.3523944507451473,1.0814105789967203
L186030,Cisplatin,0,2.833213344056216,0.9726711059332541,0.6387148180369993,1.2050486264470415,0.897202449287208,0.622890734623174
L186064,Acid,3,0.6931471805599453,1.4294052202142031,1.1279422358880093,1.22365456262347,1.4069433312972979,1.1600242337836333
L186064,Dabrafenib,3,1.3862943611198906,1.2955998343662156,1.043191156007857,1.22365456262347,1.2483711551548737,0.9849800099259987
L186861,Acid,1,0.6931471805599453,1.4447324299693032,1.3312528212597294,1.4458385580676894,1.608717839411896,1.2747828725735313
L187096,Acid,2,2.3978952727983707,1.4245281818738489,2.0449394695220344,1.3117766603947956,1.475245930447081,2.131700625691334
L187096,Cisplatin,2,1.0986122886681098,0.9540993104414771,1.5094976720621276,1.3117766603947956,1.0078854016293615,1.5995996907737577
L187096,CoCl2,2,0.6931471805599453,1.070769265548892,1.6049248431081096,1.3117766603947956,1.1520872560230062,1.6910293724872092
L187096,Dabrafenib,2,3.5263605246161616,1.272899240139292,1.9083966778001564,1.3117766603947956,1.3305595068090037,1.9392821018599742
L187096,Doxorubicin,2,0.6931471805599453,1.1003288977324217,1.7067789987754718,1.3117766603947956,1.1910091036785464,1.7805464018689925
L187096,Trametinib,2,2.4849066497880004,1.3613179452904967,2.0095902545037374,1.3117766603947956,1.4162450260446073,2.033140976164745
L187200,Acid,0,1.0986122886681098,1.4276384785961345,1.289014386120569,1.333507201729918,1.4925078498598312,1.2313211718395163
L187200,Cisplatin,0,0.6931471805599453,0.9726711059332541,0.7902020378662867,1.333507201729918,1.0373158484018918,0.7728013274659702
L187340,Cisplatin,4,0.6931471805599453,0.9536217875497237,0.6009979987411102,1.4389904745297644,1.111652969392708,0.42474413073146566
L187689,Acid,2,1.3862943611198906,1.4245281818738489,1.1470784836126513,1.2852298322419582,1.4589433678172326,1.3149538447992406
L187689,Cisplatin,2,4.48863636973214,0.9540993104414771,0.6116366861527445,1.2852298322419582,0.9915828389995128,0.7828529098816644
L187689,Doxorubicin,2,0.6931471805599453,1.1003288977324217,0.8089180128660887,1.2852298322419582,1.1747065410486979,0.9637996209768991
L187689,Trametinib,2,0.6931471805599453,1.3613179452904967,1.1117292685943543,1.2852298322419582,1.3999424634147588,1.2163941952726516
L187885,Acid,0,3.970291913552122,1.4276384785961345,2.2101921827289033,1.3023569573863711,1.454149355261209,2.2358883015557787
L187885,Cisplatin,0,2.0794415416798357,0.9726711059332541,1.7113798344746214,1.3023569573863711,0.9989573538032699,1.7773684571822328
L187885,CoCl2,0,2.302585092994046,1.1370030390709425,1.8198055758510918,1.3023569573863711,1.1824461996097382,1.884688505244228
L187885,Doxorubicin,0,1.3862943611198906,1.0906169960232415,1.849090386322705,1.3023569573863711,1.1449920236503004,1.8751452537904116
L188027,Acid,1,1.6094379124341003,1.4447324299693032,1.7980440590055329,1.2924162521759281,1.4640424780629506,1.7711546243780536
L188027,CoCl2,1,1.0986122886681098,1.1088793216866093,1.4081977729142225,1.2924162521759281,1.1547986169424667,1.3828034620185143
L188027,Dabrafenib,1,1.6094379124341003,1.3466064801566926,1.7309473669670135,1.2924162521759281,1.3273193402345067,1.6051852574485472
L188153,Acid,3,1.6094379124341003,1.4294052202142031,1.5463802429059927,1.2047583476434873,1.377813677865781,1.6180546776079565
L188153,CoCl2,3,0.6931471805599453,1.1229493612824308,1.179679946244582,1.2047583476434873,1.108426880940018,1.2400123632251074
L188153,Dabrafenib,3,0.6931471805599453,1.2955998343662156,1.4616291630258402,1.2047583476434873,1.219241501723357,1.4430104537503219
L188533,Dabrafenib,4,0.6931471805599453,1.315199596110756,1.0459745565219536,1.352174224462961,1.364924724387738,0.9105130829873587
L188546,Doxorubicin,1,0.6931471805599453,1.0695168105300787,0.782670799392242,1.1633297332987502,0.9906139303348892,0.5940694735506148
L189320,Acid,0,0.6931471805599453,1.4276384785961345,1.2926947066593124,1.2481135962526364,1.4052307338826369,1.227912898392059
L189320,CoCl2,0,1.0986122886681098,1.1370030390709425,0.9023080997815007,1.2481135962526364,1.133527578231166,0.8767131020805081
L189320,Doxorubicin,0,0.6931471805599453,1.0906169960232415,0.931592910253114,1.2481135962526364,1.0960734022717282,0.8671698506266917
L189345,Acid,1,3.8501476017100584,1.4447324299693032,1.7870855884004924,1.3610079954146261,1.5349043029426366,1.8586389948593327
L189345,CoCl2,1,1.0986122886681098,1.1088793216866093,1.3972393023091818,1.3610079954146261,1.2256604418221526,1.4702878324997934
L189345,Dabrafenib,1,1.9459101490553132,1.3466064801566926,1.719988896361973,1.3610079954146261,1.3981811651141927,1.6926696279298263
L189345,Doxorubicin,1,1.3862943611198906,1.0695168105300787,1.4270907776606183,1.3610079954146261,1.186731066544256,1.4659824079500101
L189345,Trametinib,1,1.791759469228055,1.4489731040578087,1.8306863721740259,1.3610079954146261,1.4935898861207957,1.7940638671532425
L189778,Dabrafenib,2,0.6931471805599453,1.272899240139292,1.0105356918907733,1.0745743508797985,1.1016023482050246,1.0405798054019444
L189778,Trametinib,2,0.6931471805599453,1.3613179452904967,1.1117292685943543,1.0745743508797985,1.1872878674406282,1.1344386797067152
L190678,Acid,0,1.6094379124341003,1.4276384785961345,1.383335736562369,1.3233804802502795,1.4716194655849497,1.300066024843156
L190863,Dabrafenib,1,1.6094379124341003,1.3466064801566926,1.26415612922121,1.275506442481516,1.3087890258861026,1.2986825437927276
L190863,Trametinib,1,0.6931471805599453,1.4489731040578087,1.374853605033263,1.275506442481516,1.4041977468927056,1.4000767830161438
L191293,Acid,2,0.6931471805599453,1.4245281818738489,1.6577819902968949,1.3017412896025737,1.4606716450959498,1.6166801194832698
L191293,Doxorubicin,2,1.0986122886681098,1.1003288977324217,1.3196215195503322,1.3017412896025737,1.1764348183274151,1.2655258956609283
L191539,Acid,3,2.0794415416798357,1.4294052202142031,1.5052061322737087,1.2020235909202908,1.3729240258744908,1.4837128556163828
L191539,Cisplatin,3,1.0986122886681098,0.9434888376032666,1.0048993816146197,1.2020235909202908,0.8961248070292122,0.9765625778133754
L191539,CoCl2,3,0.6931471805599453,1.1229493612824308,1.1385058356122981,1.2020235909202908,1.1035372289487275,1.1056705412335335
L191539,Doxorubicin,3,2.3978952727983707,1.059425212089834,1.1621855435629729,1.2020235909202908,1.032739383239014,1.1164917858906915
L192225,Acid,0,3.091042453358316,1.4276384785961345,1.4534988378905378,1.3872082759548108,1.5268807605422223,1.4075352874736513
L192225,CoCl2,0,1.3862943611198906,1.1370030390709425,1.0631122310127261,1.3872082759548108,1.2551776048907515,1.0563354911621003
L192342,Acid,4,1.0986122886681098,1.4591012200707234,1.4354130042465354,1.24636389552174,1.4217205462640627,1.5834882816665738
L192342,Cisplatin,4,0.6931471805599453,0.9536217875497237,0.9071100811815559,1.24636389552174,0.9226298971165985,1.0408114860141486
L192342,CoCl2,4,1.3862943611198906,1.1105827756120363,1.0279498684994133,1.24636389552174,1.095493376369314,1.1680743915223113
L192342,Doxorubicin,4,2.1972245773362196,1.104008862881897,1.1021401995511677,1.24636389552174,1.09708090211786,1.2273869754710183
L192342,Trametinib,4,0.6931471805599453,1.39400845125062,1.4154511934471863,1.24636389552174,1.3323567608588118,1.4390304467969095
L19237,Acid,0,0.6931471805599453,1.4276384785961345,1.3313169416658324,1.3794266287563601,1.517788156310397,1.2185844124566323
L192380,Acid,4,0.6931471805599453,1.4591012200707234,1.2938162601552212,1.2326522380618108,1.4218624031487872,1.2450154735113659
L192531,Acid,1,1.9459101490553132,1.4447324299693032,1.7714206333536666,1.2871132449090121,1.4633923926799322,1.7605234233218707
L192531,Cisplatin,1,0.6931471805599453,0.9853221182635075,1.255225138053835,1.2871132449090121,0.992706869136061,1.233038551914602
L192531,CoCl2,1,1.791759469228055,1.1088793216866093,1.381574347262356,1.2871132449090121,1.1541485315594482,1.3721722609623315
L192615,Acid,2,1.791759469228055,1.4245281818738489,1.4333256506090597,1.3361890785312058,1.4974574643248157,1.396747224115619
L192615,Doxorubicin,2,2.0794415416798357,1.1003288977324217,1.095165179862497,1.3361890785312058,1.2132206375562813,1.0455930002932772
L192716,Doxorubicin,2,0.6931471805599453,1.1003288977324217,0.8078338942579616,0.9693999161436223,0.8856760784164293,0.7552132233215615
L192964,Acid,0,1.3862943611198906,1.4276384785961345,1.2561941806754127,1.1904577780794894,1.3458295868977244,1.1913464975502939
L192964,CoCl2,0,1.0986122886681098,1.1370030390709425,0.865807573797601,1.1904577780794894,1.0741264312462535,0.8401467012387429
L193060,Acid,0,0.6931471805599453,1.4276384785961345,1.423577835372334,1.2252494103030018,1.3672436484910286,1.4395649907874712
L193060,CoCl2,0,0.6931471805599453,1.1370030390709425,1.0331912284945224,1.2252494103030018,1.0955404928395578,1.0883651944759203
L193060,Doxorubicin,0,0.6931471805599453,1.0906169960232415,1.0624760389661358,1.2252494103030018,1.05808631688012,1.078821943022104
L193176,Cisplatin,1,0.6931471805599453,0.9853221182635075,0.7727704549574336,1.206716403500429,0.9194155683876459,0.6409246624880075
L193296,Acid,2,1.0986122886681098,1.4245281818738489,1.274896025074978,1.3978325771045426,1.5518344133357238,1.2405596313729383
L193373,Acid,2,1.0986122886681098,1.4245281818738489,1.4480169884161356,1.3282207400018768,1.4907614649011431,1.445965915468671
L193808,Acid,0,1.0986122886681098,1.4276384785961345,1.1375271662912814,1.3170187497729076,1.4754514732026098,1.093066622330248
L194064,Acid,1,2.5649493574615367,1.4447324299693032,1.288965950257265,1.2937386878487056,1.470115094159069,1.2691794371893208
L194064,Dabrafenib,1,0.6931471805599453,1.3466064801566926,1.2218692582187456,1.2937386878487056,1.3333919563306251,1.1032100702598142
L194069,Acid,2,0.6931471805599453,1.4245281818738489,1.3181740964827648,1.175956974708498,1.369480963530271,1.3866242378986042
L194420,Cisplatin,1,0.6931471805599453,0.9853221182635075,0.6264701148322847,1.2094472011155328,0.9230130272160417,0.5469398331205919
L19489,Acid,0,2.995732273553991,1.4276384785961345,2.0494124625248547,1.3485521480718339,1.500702594296075,2.0156997772862617
L19489,CoCl2,0,1.3862943611198906,1.1370030390709425,1.659025855647043,1.3485521480718339,1.228999438644604,1.6644999809747107
L19489,Doxorubicin,0,1.3862943611198906,1.0906169960232415,1.6883106661186562,1.3485521480718339,1.1915452626851661,1.6549567295208945
L195450,Acid,0,0.6931471805599453,1.4276384785961345,1.3664709616457045,1.3982989912132746,1.5461210918481754,1.3113639176108993
L195483,Acid,2,2.5649493574615367,1.4245281818738489,1.62143394850951,1.3769008154420983,1.5334947478203285,1.71815494969377
L195483,Cisplatin,2,1.3862943611198906,0.9540993104414771,1.0859921510496031,1.3769008154420983,1.0661342190026089,1.1860540147761935
L195483,Dabrafenib,2,2.0794415416798357,1.272899240139292,1.484891156787632,1.3769008154420983,1.3888083241822509,1.52573642586241
L195483,Trametinib,2,1.3862943611198906,1.3613179452904967,1.5860847334912127,1.3769008154420983,1.4744938434178547,1.6195953001671808
L196307,Acid,3,0.6931471805599453,1.4294052202142031,1.1387022448511785,1.0348539730590522,1.227788485331414,1.1464701984842287
L196405,Acid,1,1.0986122886681098,1.4447324299693032,1.5771699556005359,1.21843850015918,1.391650960070046,1.5517644106237087
L196405,Doxorubicin,1,0.6931471805599453,1.0695168105300787,1.2171751448606618,1.21843850015918,1.0434777236716655,1.159107823714386
L196691,Acid,2,1.0986122886681098,1.4245281818738489,1.3181740964827648,1.2024569043983093,1.3761614927257952,1.450349738793055
L196691,Dabrafenib,2,0.6931471805599453,1.272899240139292,1.1816313047608868,1.2024569043983093,1.2314750690877179,1.2579312149616952
L196691,Doxorubicin,2,1.3862943611198906,1.1003288977324217,0.9800136257362022,1.2024569043983093,1.0919246659572606,1.0991955149707135
L196731,Dabrafenib,4,0.6931471805599453,1.315199596110756,1.0930643277724381,1.3288763459120136,1.3436222117240686,1.0710877096375429
L196731,Trametinib,4,0.6931471805599453,1.39400845125062,1.175592810559804,1.3288763459120136,1.4248645755173917,1.1690198417430042
L19695,Doxorubicin,4,0.6931471805599453,1.104008862881897,0.8151920454133006,1.2541214642689251,1.1436700815939025,0.7781131527398601
L196980,Acid,3,2.9444389791664403,1.4294052202142031,2.2487729060390325,1.3643533623023498,1.526101996706599,2.286115052133494
L196980,Cisplatin,3,1.0986122886681098,0.9434888376032666,1.7484661553799432,1.3643533623023498,1.0493027778613202,1.7789647743304866
L196980,Dabrafenib,3,1.0986122886681098,1.2955998343662156,2.16402182615888,1.3643533623023498,1.3675298205641748,2.1110708282758592
L196980,Doxorubicin,3,1.9459101490553132,1.059425212089834,1.9057523173282964,1.3643533623023498,1.185917354071122,1.9188939824078028
L196980,Trametinib,3,0.6931471805599453,1.3477797900478352,2.2250106818849167,1.3643533623023498,1.4297374868141763,2.17199273817477
L197013,Doxorubicin,1,0.6931471805599453,1.0695168105300787,0.7950907662646371,1.2984948704622972,1.1374140087117914,0.49538952751288823
L197414,Acid,1,2.6390573296152584,1.4447324299693032,1.8590163845179608,1.2823962830005162,1.451966753660207,2.017723171682217
L197414,Cisplatin,1,1.0986122886681098,0.9853221182635075,1.3428208892181293,1.2823962830005162,0.9812812301163358,1.4902383002749484
L197414,CoCl2,1,1.0986122886681098,1.1088793216866093,1.4691700984266503,1.2823962830005162,1.142722892539723,1.6293720093226778
L197414,Doxorubicin,1,0.6931471805599453,1.0695168105300787,1.4990215737780868,1.2823962830005162,1.1037935172618265,1.6250665847728945
L197414,Trametinib,1,2.995732273553991,1.4489731040578087,1.9026171682914943,1.2823962830005162,1.410652336838366,1.9531480439761268
L197628,Acid,3,0.6931471805599453,1.4294052202142031,1.178511570263427,1.2473945981198322,1.4066958999876629,1.1159534978737202
L197845,Cisplatin,1,0.6931471805599453,0.9853221182635075,0.7727704549574336,1.3408381194557268,1.0480834194425723,0.597654317975151
L197845,CoCl2,1,0.6931471805599453,1.1088793216866093,0.8991196641659546,1.3408381194557268,1.2095250818659595,0.7367880270228805
L197925,Cisplatin,0,0.6931471805599453,0.9726711059332541,0.8955584353311193,1.0799204764993633,0.7998361612774044,0.7214768868616429
L197925,CoCl2,0,0.6931471805599453,1.1370030390709425,1.0039841767075899,1.0799204764993633,0.9833250070838728,0.828796934923638
L198322,Acid,3,3.1354942159291497,1.4294052202142031,1.6441864359518343,1.3083102145670482,1.472033425858276,1.716658484907752
L198322,Cisplatin,3,0.6931471805599453,0.9434888376032666,1.143879685292745,1.3083102145670482,0.9952342070129971,1.2095082071047445
L198322,Doxorubicin,3,0.6931471805599453,1.059425212089834,1.3011658472410985,1.3083102145670482,1.131848783222799,1.3494374151820607
L198433,Acid,3,1.0986122886681098,1.4294052202142031,1.2833949245422804,1.2086195713903172,1.3944268718202828,1.564090130560714
L198433,Cisplatin,3,0.6931471805599453,0.9434888376032666,0.7830881738831912,1.2086195713903172,0.9176276529750043,1.0569398527577065
L198433,Dabrafenib,3,0.6931471805599453,1.2955998343662156,1.198643844662128,1.2086195713903172,1.2358546956778589,1.3890459067030794
L198763,Doxorubicin,3,1.0986122886681098,1.059425212089834,0.8354909815526911,0.7861822080657745,0.6642882551456119,0.8856075975774407
L198915,Trametinib,1,0.6931471805599453,1.4489731040578087,1.2768368661786287,1.2577551510976719,1.3917682445048285,1.1059074482852633
L199024,Acid,0,3.2188758248682006,1.4276384785961345,2.012915966537748,1.2960460422625526,1.4392782435316949,2.10699836418382
L199024,Cisplatin,0,1.0986122886681098,0.9726711059332541,1.5141036182834657,1.2960460422625526,0.9840862420737555,1.648478519810274
L199024,Doxorubicin,0,0.6931471805599453,1.0906169960232415,1.6518141701315494,1.2960460422625526,1.1301209119207862,1.7462553164184529
L199957,Dabrafenib,4,1.6094379124341003,1.315199596110756,1.088806819770506,1.3292865114684824,1.3605186019433595,1.550039762859026
L199957,Trametinib,4,0.6931471805599453,1.39400845125062,1.1713353025578717,1.3292865114684824,1.4417609657366823,1.6479718949644875
L200082,Acid,2,0.6931471805599453,1.4245281818738489,1.1470784836126513,1.2605915452472927,1.4317039809006278,1.2119444177401344
L200082,Dabrafenib,2,0.6931471805599453,1.272899240139292,1.0105356918907733,1.2605915452472927,1.2870175572625504,1.0195258939087746
L200082,Doxorubicin,2,1.0986122886681098,1.1003288977324217,0.8089180128660887,1.2605915452472927,1.147467154132093,0.860790193917793
L200891,Dabrafenib,2,0.6931471805599453,1.272899240139292,1.0105356918907733,1.1591921104664853,1.1734156868677081,1.031865818939957
L200891,Doxorubicin,2,0.6931471805599453,1.1003288977324217,0.8089180128660887,1.1591921104664853,1.033865283737251,0.8731301189489753
L200891,Trametinib,2,1.0986122886681098,1.3613179452904967,1.1117292685943543,1.1591921104664853,1.2591012061033118,1.1257246932447278
L20109,Dabrafenib,1,1.3862943611198906,1.3466064801566926,1.1661393903665755,1.201569810729739,1.2434081092367064,1.1656335139213603
L20109,Trametinib,1,2.302585092994046,1.4489731040578087,1.2768368661786287,1.201569810729739,1.3388168302433094,1.267027753144777
L202432,Acid,4,0.6931471805599453,1.4591012200707234,1.1484648501086683,1.107568625650009,1.2975791713591116,1.16364921784783
L202454,Dabrafenib,4,1.0986122886681098,1.315199596110756,1.0459745565219536,1.51208525466197,1.5187456809561428,1.5036379860641196
L202454,Trametinib,4,2.6390573296152584,1.39400845125062,1.1285030393093194,1.51208525466197,1.5999880447494659,1.6015701181695812
L202607,Acid,0,1.0986122886681098,1.4276384785961345,1.133537483992264,1.2651419264711912,1.3948039675512547,1.1185109983310113
L202607,CoCl2,0,0.6931471805599453,1.1370030390709425,0.7431508771144524,1.2651419264711912,1.1231008118997838,0.7673112020194602
L202607,Doxorubicin,0,1.0986122886681098,1.0906169960232415,0.7724356875860657,1.2651419264711912,1.085646635940346,0.7577679505656438
L202688,Acid,1,0.6931471805599453,1.4447324299693032,1.2332360824050952,1.1906654388559474,1.3737806385679638,1.442189784909353
L202775,Acid,0,1.0986122886681098,1.4276384785961345,1.559183412259381,1.3709149045050073,1.5093365080394436,1.5889134036388703
L202775,Cisplatin,0,0.6931471805599453,0.9726711059332541,1.060371064005099,1.3709149045050073,1.0541445065815043,1.130393559265324
L202775,CoCl2,0,0.6931471805599453,1.1370030390709425,1.1687968053815694,1.3709149045050073,1.2376333523879728,1.2377136073273194
L204032,Acid,4,1.6094379124341003,1.4591012200707234,1.4646151210147722,1.2763070947830621,1.4701571073110962,1.2124114600484397
L204032,Doxorubicin,4,0.6931471805599453,1.104008862881897,1.1313423163194043,1.2763070947830621,1.1455174631648934,0.8563101538528839
L204050,Acid,0,0.6931471805599453,1.4276384785961345,1.1375271662912814,1.3429930632951765,1.4920442255756983,1.2406283672982095
L204050,Doxorubicin,0,1.6094379124341003,1.0906169960232415,0.7764253698850829,1.3429930632951765,1.1828868939647896,0.879885319532842
L204112,Acid,1,2.302585092994046,1.4447324299693032,1.6552016683457258,1.3030741547428406,1.483374070994342,1.549220608400524
L204112,CoCl2,1,1.3862943611198906,1.1088793216866093,1.2653553822544152,1.3030741547428406,1.174130209873858,1.160869446040985
L204112,Dabrafenib,1,0.6931471805599453,1.3466064801566926,1.5881049763072064,1.3030741547428406,1.346650933165898,1.3832512414710176
L204285,Acid,3,2.833213344056216,1.4294052202142031,1.9559873457172325,1.2356487292190055,1.4124855905320022,1.9202815885756963
L204285,Cisplatin,3,1.0986122886681098,0.9434888376032666,1.4556805950581433,1.2356487292190055,0.9356863716867236,1.413131310772689
L204285,CoCl2,3,1.6094379124341003,1.1229493612824308,1.5892870490558217,1.2356487292190055,1.1430987936062391,1.5422392741928472
L204285,Dabrafenib,3,2.833213344056216,1.2955998343662156,1.87123626583708,1.2356487292190055,1.253913414389578,1.745237364718062
L204285,Doxorubicin,3,1.6094379124341003,1.059425212089834,1.6129667570064967,1.2356487292190055,1.0723009478965255,1.5530605188500053
L204285,Trametinib,3,2.6390573296152584,1.3477797900478352,1.9322251215631168,1.2356487292190055,1.3161210806395796,1.8061592746169726
L204569,Acid,1,2.70805020110221,1.4447324299693032,1.2492600724945802,1.240881509275965,1.4247507235852621,1.2159413390171288
L204569,Cisplatin,1,0.6931471805599453,0.9853221182635075,0.7330645771947486,1.240881509275965,0.954065200041391,0.6884564676098601
L204569,Dabrafenib,1,1.3862943611198906,1.3466064801566926,1.1821633804560607,1.240881509275965,1.2880275857568182,1.0499719720876222
L205402,Acid,2,0.6931471805599453,1.4245281818738489,1.47638418104363,1.223036534182536,1.408906018259586,1.4426162059592174
L205402,Cisplatin,2,0.6931471805599453,0.9540993104414771,0.9409423835837232,1.223036534182536,0.9415454894418666,0.910515271041641
L205642,Acid,0,1.791759469228055,1.4276384785961345,1.133537483992264,1.302788401775881,1.4484618083832304,1.077876116226447
L205642,CoCl2,0,0.6931471805599453,1.1370030390709425,0.7431508771144524,1.302788401775881,1.1767586527317593,0.7266763199148959
L205642,Trametinib,0,2.3978952727983707,1.4533565151718433,1.1917460242408253,1.302788401775881,1.4560918722578822,1.0681557987243733
L205676,Acid,0,1.6094379124341003,1.4276384785961345,1.7448285325570845,1.34398564703711,1.4992697979506158,1.6077510446586676
L205676,Cisplatin,0,1.6094379124341003,0.9726711059332541,1.2460161843028024,1.34398564703711,1.0440777964926764,1.1492312002851215
L205676,Dabrafenib,0,0.6931471805599453,1.3293740847986915,1.6597190126350863,1.34398564703711,1.3920241545351586,1.4776565452810522
L20571,Acid,4,2.6390573296152584,1.4591012200707234,1.5657264051734603,1.3443438565704227,1.5323067019203753,1.4894409040793766
L20571,CoCl2,4,0.6931471805599453,1.1105827756120363,1.1582632694263384,1.3443438565704227,1.2060795320256266,1.074027013935114
L20571,Dabrafenib,4,0.6931471805599453,1.315199596110756,1.4632361115867456,1.3443438565704227,1.3617005527218013,1.2470509371042506
L20571,Trametinib,4,0.6931471805599453,1.39400845125062,1.5457645943741114,1.3443438565704227,1.4429429165151244,1.3449830692097122
L20588,Cisplatin,3,0.6931471805599453,0.9434888376032666,0.7765748944702748,1.3094770041101589,1.0017255448128313,0.8091353407576174
L206297,Acid,0,1.3862943611198906,1.4276384785961345,1.4360971422145665,1.292557156140245,1.4261074978125494,1.5738314190482179
L206297,Cisplatin,0,0.6931471805599453,0.9726711059332541,0.9372847939602844,1.292557156140245,0.97091549635461,1.1153115746746716
L206297,Doxorubicin,0,1.0986122886681098,1.0906169960232415,1.074995345808368,1.292557156140245,1.1169501662016408,1.2130883712828504
L20635,Acid,1,1.791759469228055,1.4447324299693032,1.2492600724945802,1.2238457385860877,1.3826987989821267,1.2732480307634597
L20635,CoCl2,1,0.6931471805599453,1.1088793216866093,0.8594137864032697,1.2238457385860877,1.0734549378616427,0.8848968684039205
L20635,Doxorubicin,1,6.359573868672378,1.0695168105300787,0.8892652617547061,1.2238457385860877,1.0345255625837462,0.880591443854137
L206761,Acid,0,3.091042453358316,1.4276384785961345,1.862728249596116,1.3464920999293921,1.4828245748535076,1.9059192538988943
L206761,CoCl2,0,0.6931471805599453,1.1370030390709425,1.472341642718304,1.3464920999293921,1.2111214192020365,1.554719457587343
L206761,Trametinib,0,0.6931471805599453,1.4533565151718433,1.920936789844677,1.3464920999293921,1.4904546387281594,1.8961989363968206
L207012,Acid,4,1.791759469228055,1.4591012200707234,1.2490348047574882,1.2262999942943922,1.3910208454614357,1.3155664745986353
L207012,Doxorubicin,4,0.6931471805599453,1.104008862881897,0.9157620000621205,1.2262999942943922,1.066381201315233,0.9594651684030797
L207711,Acid,0,0.6931471805599453,1.4276384785961345,1.4961295703398119,1.2513664772130628,1.406334422514052,1.4177481591274173
L207711,CoCl2,0,0.6931471805599453,1.1370030390709425,1.1057429634620002,1.2513664772130628,1.134631266862581,1.0665483628158663
L208068,Acid,4,1.6094379124341003,1.4591012200707234,1.3110309963086193,1.2645010595714399,1.437607293936487,1.2731614755771525
L208093,CoCl2,1,1.0986122886681098,1.1088793216866093,0.7255334131505158,0.9823091440443017,0.8700233507193755,0.7614353146372227
L208093,Trametinib,1,0.6931471805599453,1.4489731040578087,1.1589804830153598,0.9823091440443017,1.1379527950180188,1.0852113492906719
L208166,Acid,4,0.6931471805599453,1.4591012200707234,1.1484648501086683,1.1158487187070099,1.3202251544810935,1.0882441547509552
L208166,Doxorubicin,4,0.6931471805599453,1.104008862881897,0.8151920454133006,1.1158487187070099,0.9955855103348906,0.7321428485553996
L20830,Acid,1,0.6931471805599453,1.4447324299693032,1.142665610132116,1.170810851587611,1.3267889876555008,1.1609131742484795
L208666,Acid,4,0.6931471805599453,1.4591012200707234,1.1484648501086683,1.3791365355341165,1.5602011665979274,1.016468159795853
L209664,Dabrafenib,4,0.6931471805599453,1.315199596110756,1.0459745565219536,1.1073266590712347,1.1323443559919366,0.9975278920360457
L210001,Cisplatin,4,0.6931471805599453,0.9536217875497237,0.7655133370902416,1.0367422981884935,0.7380571090976038,0.8799220446194612
L210001,CoCl2,4,0.6931471805599453,1.1105827756120363,0.8863531244080992,1.0367422981884935,0.9109205883503193,1.007184950127624
L210499,Acid,1,1.9459101490553132,1.4447324299693032,1.5940970359208677,1.3399798125681295,1.5161723906613898,1.6414780503611683
L210499,Cisplatin,1,7.934513463882263,0.9853221182635075,1.0779015406210362,1.3399798125681295,1.0454868671175186,1.1139931789538997
L210499,Dabrafenib,1,3.367295829986474,1.3466064801566926,1.527000343882348,1.3399798125681295,1.3794492528329458,1.475508683431662
L210499,Trametinib,1,2.1972245773362196,1.4489731040578087,1.6376978196944012,1.3399798125681295,1.474857973839549,1.5769029226550781
L210749,Acid,2,2.3978952727983707,1.4245281818738489,1.8524279663695715,1.3700592304710608,1.5247674472018105,1.8801523407455307
L210749,CoCl2,2,1.3862943611198906,1.070769265548892,1.4124133399556467,1.3700592304710608,1.2016087727777354,1.439481087541406
L210870,Cisplatin,2,0.6931471805599453,0.9540993104414771,0.6105525675446175,1.1920852187928996,0.8796657357589676,0.6748028918202862
L211180,Acid,0,2.70805020110221,1.4276384785961345,1.5754040406294942,1.3026145839630876,1.45664304800915,1.4467510532369265
L211180,Cisplatin,0,0.6931471805599453,0.9726711059332541,1.0765916923752121,1.3026145839630876,1.0014510465512105,0.9882312088633805
L211180,CoCl2,0,2.1972245773362196,1.1370030390709425,1.1850174337516826,1.3026145839630876,1.184939892357679,1.0955512569253756
L211180,Trametinib,0,0.6931471805599453,1.4533565151718433,1.6336125808780555,1.3026145839630876,1.464273111883802,1.437030735734853
L21123,Doxorubicin,1,0.6931471805599453,1.0695168105300787,0.8892652617547061,1.247662066566882,1.0925215646967983,0.7545183052047937
L21177,Acid,0,0.6931471805599453,1.4276384785961345,1.527749893335373,1.1606842876233405,1.3289117435316202,1.4247871414729385
L21177,Cisplatin,0,0.6931471805599453,0.9726711059332541,1.028937545081091,1.1606842876233405,0.873719742073681,0.9662672970993924
L21177,CoCl2,0,1.0986122886681098,1.1370030390709425,1.1373632864575614,1.1606842876233405,1.0572085878801494,1.0735873451613878
L211840,Acid,1,1.0986122886681098,1.4447324299693032,1.5208630623646533,1.3062617261348701,1.47520426503488,1.5329992936912562
L211840,Doxorubicin,1,0.6931471805599453,1.0695168105300787,1.1608682516247792,1.3062617261348701,1.1270310286364995,1.1403427067819336
L212210,Cisplatin,2,2.4849066497880004,0.9540993104414771,1.0854514177402497,1.2643390415839435,0.9692217086234227,1.104293029244628
L212210,Doxorubicin,2,0.6931471805599453,1.1003288977324217,1.2827327444535939,1.2643390415839435,1.1523454106726077,1.2852397403398628
L212295,CoCl2,0,0.6931471805599453,1.1370030390709425,0.7431508771144524,1.2805624555287602,1.1654098643528439,0.6331929350175564
L212486,Doxorubicin,4,1.0986122886681098,1.104008862881897,0.858024308661853,1.0398518663320475,0.9238228304586249,0.905125775428908
L212617,CoCl2,1,0.6931471805599453,1.1088793216866093,1.346032028546676,1.2804055880736336,1.1417867072938201,1.3612046508136622
L212617,Dabrafenib,1,0.6931471805599453,1.3466064801566926,1.668781622599467,1.2804055880736336,1.3143074305858604,1.5835864462436948
L212632,Cisplatin,0,0.6931471805599453,0.9726711059332541,0.6387148180369993,1.1618670288127384,0.8492039272514786,0.6979598753255125
L212764,CoCl2,1,1.9459101490553132,1.1088793216866093,0.7652392909132006,1.5546599713697078,1.4302058818743326,1.305334217143824
L212764,Dabrafenib,1,1.0986122886681098,1.3466064801566926,1.0879888849659918,1.5546599713697078,1.6027266051663729,1.527716012573857
L212764,Trametinib,1,0.6931471805599453,1.4489731040578087,1.1986863607780447,1.5546599713697078,1.698135326172976,1.629110251797273
L212929,Acid,4,3.044522437723423,1.4591012200707234,2.0263491889582577,1.2810435191523164,1.4704443541675514,1.9936177999545608
L212929,Dabrafenib,4,2.1972245773362196,1.315199596110756,1.9238588953715428,1.2810435191523164,1.2998382049689774,1.7512278329794349
L212929,Doxorubicin,4,0.6931471805599453,1.104008862881897,1.6930763842628898,1.2810435191523164,1.1458047100213484,1.6375164937590052
L212929,Trametinib,4,2.833213344056216,1.39400845125062,2.0063873781589083,1.2810435191523164,1.3810805687623005,1.8491599650848964
L213774,Acid,0,1.6094379124341003,1.4276384785961345,1.1375271662912814,1.1757895143017434,1.3387663583809915,1.101236145497412
L213986,Acid,3,1.6094379124341003,1.4294052202142031,1.3916547698321236,1.264523371696396,1.4389766143521832,1.4626535137900458
L213986,Cisplatin,3,0.6931471805599453,0.9434888376032666,0.8913480191730343,1.264523371696396,0.9621773955069044,0.9555032359870385
L213986,CoCl2,3,1.0986122886681098,1.1229493612824308,1.024954473170713,1.264523371696396,1.1695898174264199,1.0846111994071967
L213986,Dabrafenib,3,1.6094379124341003,1.2955998343662156,1.306903689951971,1.264523371696396,1.280404438209759,1.2876092899324112
L213986,Doxorubicin,3,0.6931471805599453,1.059425212089834,1.0486341811213877,1.264523371696396,1.0987919717167063,1.0954324440643548
L213986,Trametinib,3,2.302585092994046,1.3477797900478352,1.3678925456780078,1.264523371696396,1.3426121044597603,1.348531199831322
L214973,Acid,2,2.70805020110221,1.4245281818738489,2.130070323436069,1.2133590869514683,1.3950915038782865,2.134063594212254
L214973,Cisplatin,2,1.791759469228055,0.9540993104414771,1.5946285259761621,1.2133590869514683,0.927730975060567,1.6019626592946778
L214973,CoCl2,2,1.0986122886681098,1.070769265548892,1.690055697022144,1.2133590869514683,1.0719328294542116,1.6933923410081293
L214973,Dabrafenib,2,2.0794415416798357,1.272899240139292,1.993527531714191,1.2133590869514683,1.2504050802402091,1.9416450703808943
L214973,Trametinib,2,2.5649493574615367,1.3613179452904967,2.094721108417772,1.2133590869514683,1.3360905994758128,2.035503944685665
L215425,Dabrafenib,4,0.6931471805599453,1.315199596110756,1.0459745565219536,1.3283273325130514,1.3380063954368209,0.8027262846103687
L215992,Acid,0,0.6931471805599453,1.4276384785961345,1.5170274802685502,1.344426276842235,1.4912242701858014,1.6003450096806482
L216346,Dabrafenib,3,0.6931471805599453,1.2955998343662156,1.4790564227513074,1.1530205457141842,1.1862844658224763,1.4279089645233995
L216554,Acid,2,0.6931471805599453,1.4245281818738489,1.1470784836126513,1.1495402731174298,1.3277081278077227,1.11836612701154
L216554,Doxorubicin,2,0.6931471805599453,1.1003288977324217,0.8089180128660887,1.1495402731174298,1.043471301039188,0.7672119031891985
L216702,Acid,2,3.295836866004329,1.4245281818738489,2.1050830819838193,1.3077713715183326,1.4705743858875746,2.1406762322338633
L216702,CoCl2,2,1.6094379124341003,1.070769265548892,1.6650684555698942,1.3077713715183326,1.1474157114634997,1.7000049790297382
L216702,Doxorubicin,2,0.6931471805599453,1.1003288977324217,1.7669226112372565,1.3077713715183326,1.18633755911904,1.7895220084115215
L21716,Acid,4,1.6094379124341003,1.4591012200707234,1.36655475238812,1.2220051619263266,1.406484283987517,1.4261322154922178
L21716,CoCl2,4,0.6931471805599453,1.1105827756120363,0.959091616640998,1.2220051619263266,1.0802571140927681,1.010718325347955
L21716,Dabrafenib,4,2.5649493574615367,1.315199596110756,1.2640644588014052,1.2220051619263266,1.235878134788943,1.1837422485170916
L21716,Doxorubicin,4,1.0986122886681098,1.104008862881897,1.0332819476927522,1.2220051619263266,1.081844639841314,1.070030909296662
L21716,Trametinib,4,1.3862943611198906,1.39400845125062,1.346592941588771,1.2220051619263266,1.317120498582266,1.2816743806225532
L217371,Acid,2,0.6931471805599453,1.4245281818738489,1.39758066870472,1.2057742726282528,1.370124301884281,1.4043613986458472
L217371,CoCl2,2,1.0986122886681098,1.070769265548892,0.9575660422907952,1.2057742726282528,1.0469656274602062,0.9636901454417225
L217371,Dabrafenib,2,0.6931471805599453,1.272899240139292,1.261037876982842,1.2057742726282528,1.2254378782462036,1.2119428748144874
L21782,Acid,2,1.0986122886681098,1.4245281818738489,1.49307567373783,1.1470326901704495,1.3323164784027688,1.5060371571092444
L21782,CoCl2,2,0.6931471805599453,1.070769265548892,1.053061047323905,1.1470326901704495,1.009157803978694,1.0653659039051195
L21782,Trametinib,2,1.9459101490553132,1.3613179452904967,1.4577264587195329,1.1470326901704495,1.273315574000295,1.4074775075826553
L218300,Acid,0,1.791759469228055,1.4276384785961345,1.3943707835854016,1.2567308902142496,1.4022824525001827,1.3483183854745668
L218300,Cisplatin,0,0.6931471805599453,0.9726711059332541,0.8955584353311193,1.2567308902142496,0.9470904510422434,0.8897985411010206
L218300,Dabrafenib,0,0.6931471805599453,1.3293740847986915,1.3092612636634033,1.2567308902142496,1.2950368090847255,1.2182238860969514
L218300,Trametinib,0,0.6931471805599453,1.4533565151718433,1.4525793238339626,1.2567308902142496,1.4099125163748347,1.3385980679724931
L218518,Acid,2,1.0986122886681098,1.4245281818738489,1.4563089816759134,1.2359209002397218,1.414106455053768,1.4835806848530781
L218518,Cisplatin,2,0.6931471805599453,0.9540993104414771,0.9208671842160067,1.2359209002397218,0.9467459262360485,0.9514797499355019
L218518,CoCl2,2,0.6931471805599453,1.070769265548892,1.0162943552619885,1.2359209002397218,1.0909477806296932,1.0429094316489533
L219307,Acid,3,3.713572066704308,1.4294052202142031,2.69932550837175,1.3699798021068494,1.5284069487463812,2.8534945744484004
L219307,Dabrafenib,3,1.791759469228055,1.2955998343662156,2.614574428491598,1.3699798021068494,1.3698347726039573,2.678450350590766
L219307,Doxorubicin,3,2.70805020110221,1.059425212089834,2.356304919661014,1.3699798021068494,1.1882223061109043,2.4862735047227096
L219307,Trametinib,3,2.0794415416798357,1.3477797900478352,2.6755632842176342,1.3699798021068494,1.4320424388539585,2.7393722604896764
L220288,Acid,4,0.6931471805599453,1.4591012200707234,1.1293009218060899,1.368081973350867,1.5327381849927182,1.1378627677213506
L22093,Acid,4,0.6931471805599453,1.4591012200707234,1.2259287290852487,1.23327948690341,1.430684892421314,1.307025599877409
L221726,Acid,1,1.3862943611198906,1.4447324299693032,1.3509380030126747,1.3788330392038788,1.545493713428715,1.2800913844471609
L221726,Cisplatin,1,0.6931471805599453,0.9853221182635075,0.8347425077128432,1.3788330392038788,1.0748081898848438,0.7526065130398922
L221726,Doxorubicin,1,0.6931471805599453,1.0695168105300787,0.9909431922728007,1.3788330392038788,1.1973204770303345,0.8874347975378383
L221983,Acid,3,1.9459101490553132,1.4294052202142031,1.4521835205436735,1.3464604681875096,1.507853161011924,1.449449668268386
L221983,Cisplatin,3,0.6931471805599453,0.9434888376032666,0.9518767698845843,1.3464604681875096,1.0310539421666451,0.9422993904653786
L221983,Dabrafenib,3,1.3862943611198906,1.2955998343662156,1.367432440663521,1.3464604681875096,1.3492809848694998,1.2744054444107513
L222674,Dabrafenib,1,1.0986122886681098,1.3466064801566926,1.0879888849659918,1.1764627047385017,1.208341463506462,1.0905996043826336
L22281,Doxorubicin,0,0.6931471805599453,1.0906169960232415,0.7764253698850829,1.2903666812881693,1.1439412226392989,0.6096386471822074
L22281,Trametinib,0,0.6931471805599453,1.4533565151718433,1.1957357065398426,1.2903666812881693,1.4607286181248598,0.9606613774455012
L222867,Acid,4,2.6390573296152584,1.4591012200707234,2.1893135842493043,1.3107743325651362,1.4900368901418362,2.2461172854184093
L222867,Cisplatin,4,1.3862943611198906,0.9536217875497237,1.6610106611843247,1.3107743325651362,0.9909462409943719,1.7034404897659838
L222867,CoCl2,4,2.8903717578961645,1.1105827756120363,1.7818504485021824,1.3107743325651362,1.1638097202470874,1.8307033952741465
L222867,Dabrafenib,4,0.6931471805599453,1.315199596110756,2.08682329066259,1.3107743325651362,1.3194307409432622,2.003727318443283
L222867,Doxorubicin,4,1.3862943611198906,1.104008862881897,1.8560407795539366,1.3107743325651362,1.1653972459956332,1.8900159792228535
L223068,Acid,0,6.142037405587356,1.4276384785961345,2.089719419375273,1.265125924213255,1.428878015703254,2.0607740589210763
L223068,Cisplatin,0,1.0986122886681098,0.9726711059332541,1.5909070711209905,1.265125924213255,0.9736860142453145,1.6022542145475298
L223068,CoCl2,0,1.791759469228055,1.1370030390709425,1.699332812497461,1.265125924213255,1.1571748600517828,1.7095742626095252
L223068,Dabrafenib,0,2.6390573296152584,1.3293740847986915,2.004609899453275,1.265125924213255,1.3216323722877965,1.9306795595434607
L223068,Doxorubicin,0,2.5649493574615367,1.0906169960232415,1.7286176229690742,1.265125924213255,1.119720684092345,1.7000310111557086
L223068,Trametinib,0,2.302585092994046,1.4533565151718433,2.147927959623834,1.265125924213255,1.4365080795779057,2.0510537414190027
L223157,CoCl2,0,0.6931471805599453,1.1370030390709425,0.8379077518579041,1.2980313655116753,1.1667461150306329,0.7805368220131506
L22366,Acid,2,2.772588722239781,1.4245281818738489,1.4247106327170809,1.3395125242419355,1.4996225322207437,1.5612711323587989
L22366,Dabrafenib,2,2.70805020110221,1.272899240139292,1.2881678409952029,1.3395125242419355,1.3549361085826663,1.368852608527439
L22366,Trametinib,2,2.0794415416798357,1.3613179452904967,1.3893614176987839,1.3395125242419355,1.44062162781827,1.4627114828322099
L223859,Cisplatin,1,1.3862943611198906,0.9853221182635075,0.7330645771947486,1.1454149018763529,0.876341190475879,0.8382279060840967
L223859,Doxorubicin,1,0.6931471805599453,1.0695168105300787,0.8892652617547061,1.1454149018763529,0.9988534776213697,0.9730561905820427
L223983,Acid,3,1.0986122886681098,1.4294052202142031,1.1967311464578978,1.3058103120117734,1.4820690782903094,1.2280425413867548
L224455,Trametinib,0,0.6931471805599453,1.4533565151718433,1.2245662296859816,1.150821429138873,1.3060058855170358,1.04067337713674
L224816,Acid,2,1.3862943611198906,1.4245281818738489,1.8736121884363184,1.335028723048526,1.4919351110783354,1.900518428676874
L22635,Acid,3,1.6094379124341003,1.4294052202142031,1.178511570263427,1.2526861558037912,1.4177999198998956,1.140191193283722
L22635,Cisplatin,3,0.6931471805599453,0.9434888376032666,0.6782048196043378,1.2526861558037912,0.941000701054617,0.6330409154807146
L22635,Dabrafenib,3,3.9318256327243257,1.2955998343662156,1.0937604903832745,1.2526861558037912,1.2592277437574715,0.9651469694260874
L22635,Doxorubicin,3,0.6931471805599453,1.059425212089834,0.8354909815526911,1.2526861558037912,1.0776152772644187,0.7729701235580309
L22635,Trametinib,3,4.61512051684126,1.3477797900478352,1.1547493461093112,1.2526861558037912,1.321435410007473,1.0260688793249981
L227050,Acid,3,1.3862943611198906,1.4294052202142031,1.45720725872991,1.2361130147106663,1.4133267374733944,1.4318473536050853
L227050,Cisplatin,3,1.0986122886681098,0.9434888376032666,0.9569005080708208,1.2361130147106663,0.9365275186281157,0.9246970758020778
L227050,Dabrafenib,3,2.772588722239781,1.2955998343662156,1.3724561788497576,1.2361130147106663,1.2547545613309703,1.2568031297474507
L227050,Trametinib,3,0.6931471805599453,1.3477797900478352,1.4334450345757943,1.2361130147106663,1.3169622275809716,1.3177250396463613
L227359,Acid,0,3.091042453358316,1.4276384785961345,1.9713884317256536,1.2997035066392788,1.4382464169475526,2.0636073455109982
L227359,Dabrafenib,0,1.0986122886681098,1.3293740847986915,1.8862789118036556,1.2997035066392788,1.3310007735320954,1.933512846133383
L227359,Doxorubicin,0,0.6931471805599453,1.0906169960232415,1.6102866353194552,1.2997035066392788,1.129089085336644,1.702864297745631
L227502,Acid,2,2.0794415416798357,1.4245281818738489,1.7599465107844947,1.3663404966136872,1.5283424174416809,1.7710809721129324
L227671,Acid,2,0.6931471805599453,1.4245281818738489,1.274896025074978,1.4537256630330608,1.6224099695791294,1.2366056839080513
L227671,Dabrafenib,2,0.6931471805599453,1.272899240139292,1.1383532333531,1.4537256630330608,1.477723545941052,1.0441871600766914
L227671,Trametinib,2,0.6931471805599453,1.3613179452904967,1.2395468100566809,1.4537256630330608,1.5634090651766557,1.1380460343814622
L227801,Acid,4,0.6931471805599453,1.4591012200707234,1.1484648501086683,1.0876893187088772,1.300981083698764,1.0450850337585562
L227975,Acid,1,1.0986122886681098,1.4447324299693032,1.6957646166118794,1.3433737623672983,1.509245429876795,1.5979238960353253
L227975,Cisplatin,1,0.6931471805599453,0.9853221182635075,1.1795691213120478,1.3433737623672983,1.038559906332924,1.0704390246280566
L227975,Dabrafenib,1,0.6931471805599453,1.3466064801566926,1.6286679245733597,1.3433737623672983,1.3725222920483513,1.4319545291058189
L22805,Acid,0,0.6931471805599453,1.4276384785961345,1.1663576894374204,1.0030518848189809,1.165619699788452,1.074609885869225
L228088,Acid,1,0.6931471805599453,1.4447324299693032,1.2974968551458075,1.2916081233180399,1.4647514938522241,1.375102854496806
L228088,Cisplatin,1,0.6931471805599453,0.9853221182635075,0.781301359845976,1.2916081233180399,0.994065970308353,0.8476179830895374
L228088,Doxorubicin,1,0.6931471805599453,1.0695168105300787,0.9375020444059334,1.2916081233180399,1.1165782574538436,0.9824462675874832
L228182,Acid,0,0.6931471805599453,1.4276384785961345,1.7025314766600028,1.2901284550713916,1.4391196697244253,1.7635572993702278
L228182,Cisplatin,0,1.6094379124341003,0.9726711059332541,1.2037191284057207,1.2901284550713916,0.9839276682664859,1.3050374549966817
L228182,Dabrafenib,0,1.0986122886681098,1.3293740847986915,1.6174219567380048,1.2901284550713916,1.3318740263089681,1.6334627999926123
L228182,Doxorubicin,0,1.3862943611198906,1.0906169960232415,1.3414296802538044,1.2901284550713916,1.1299623381135167,1.4028142516048603
L228345,Acid,2,1.0986122886681098,1.4245281818738489,1.1470784836126513,1.128416994866159,1.2978075061553138,1.2368009442355146
L228798,Acid,0,0.6931471805599453,1.4276384785961345,1.1375271662912814,1.2127548344822843,1.3616107894033862,1.0315843134338656
L229019,Dabrafenib,0,2.5649493574615367,1.3293740847986915,1.1710846607534147,1.7229787125425235,1.7307395527625986,1.7480277606861918
L229064,Acid,4,1.6094379124341003,1.4591012200707234,1.1293009218060899,1.2766408930074329,1.4499808717231017,1.168937990981925
L229064,Doxorubicin,4,1.0986122886681098,1.104008862881897,0.796028117110722,1.2766408930074329,1.125341227576899,0.8128366847863695
L229096,Acid,4,1.6094379124341003,1.4591012200707234,1.5733515390626778,1.2528431947296788,1.442439684197019,1.5372485414091968
L229096,Cisplatin,4,1.0986122886681098,0.9536217875497237,1.0450486159976982,1.2528431947296788,0.9433490350495549,0.9945717457567717
L229096,Trametinib,4,0.6931471805599453,1.39400845125062,1.5533897282633287,1.2528431947296788,1.3530758987917682,1.3927907065395324
L229114,Cisplatin,2,1.0986122886681098,0.9540993104414771,0.6105525675446175,0.923836416499992,0.658588964129426,0.6813125658585693
L229114,Doxorubicin,2,0.6931471805599453,1.1003288977324217,0.8078338942579616,0.923836416499992,0.8417126661786108,0.862259276953804
L229177,Acid,1,1.3862943611198906,1.4447324299693032,1.1550855770045112,1.2253184576573557,1.4097178452020207,1.040849272496764
L229177,CoCl2,1,0.6931471805599453,1.1088793216866093,0.7652392909132006,1.2253184576573557,1.1004739840815367,0.6524981101372247
L229177,Doxorubicin,1,1.3862943611198906,1.0695168105300787,0.7950907662646371,1.2253184576573557,1.0615446088036402,0.6481926855874411
L229269,Acid,2,2.833213344056216,1.4245281818738489,1.66788381557016,1.2201164041250814,1.387481472613862,1.6790460650122554
L229494,Acid,1,2.1972245773362196,1.4447324299693032,1.5357018254473997,1.3417013551665662,1.5129393958882749,1.531936955248473
L229494,CoCl2,1,2.3978952727983707,1.1088793216866093,1.1458555393560892,1.3417013551665662,1.203695534767791,1.1435857928889337
L229764,Acid,2,0.6931471805599453,1.4245281818738489,1.2835110429669567,1.2533007028562437,1.418073448625685,1.1859056307277327
L229874,Acid,1,1.6094379124341003,1.4447324299693032,2.263961315827447,1.2097704381697858,1.3932383499330117,2.206505691525781
L229874,CoCl2,1,0.6931471805599453,1.1088793216866093,1.8741150297361366,1.2097704381697858,1.0839944888125277,1.8181545291662418
L229874,Doxorubicin,1,1.0986122886681098,1.0695168105300787,1.9039665050875731,1.2097704381697858,1.0450651135346312,1.8138491046164584
L23022,Acid,1,0.6931471805599453,1.4447324299693032,1.315291586590891,1.264420823557814,1.433660534361921,1.2650355457898956
L23022,CoCl2,1,0.6931471805599453,1.1088793216866093,0.9254453004995804,1.264420823557814,1.1244166732414371,0.8766843834303565
L230614,Doxorubicin,1,1.6094379124341003,1.0695168105300787,0.7950907662646371,1.1682941069129738,1.003152244474875,0.6362132675314989
L230913,Acid,1,1.9459101490553132,1.4447324299693032,2.157090444605789,1.2452687269045863,1.4231359318051153,2.1421964577378914
L230913,CoCl2,1,2.0794415416798357,1.1088793216866093,1.7672441585144785,1.2452687269045863,1.1138920706846314,1.7538452953783523
L230913,Dabrafenib,1,0.6931471805599453,1.3466064801566926,2.0899937525672696,1.2452687269045863,1.2864127939766714,1.976227090808385
L230913,Doxorubicin,1,1.3862943611198906,1.0695168105300787,1.797095633865915,1.2452687269045863,1.0749626954067348,1.7495398708285688
L230913,Trametinib,1,1.0986122886681098,1.4489731040578087,2.2006912283793225,1.2452687269045863,1.3818215149832744,2.0776213300318016
L231007,Acid,2,2.4849066497880004,1.4245281818738489,2.1746153996513318,1.313285065733574,1.4709793943611664,2.1858266387175744
L231007,Cisplatin,2,1.0986122886681098,0.9540993104414771,1.6391736021914247,1.313285065733574,1.0036188655434468,1.653725703799998
L231007,CoCl2,2,0.6931471805599453,1.070769265548892,1.734600773237407,1.313285065733574,1.1478207199370916,1.7451553855134496
L231007,Dabrafenib,2,1.791759469228055,1.272899240139292,2.0380726079294536,1.313285065733574,1.326292970723089,1.9934081148862144
L231007,Doxorubicin,2,1.0986122886681098,1.1003288977324217,1.836454928904769,1.313285065733574,1.1867425675926317,1.8346724148952327
L231021,Cisplatin,1,0.6931471805599453,0.9853221182635075,0.6264701148322847,1.265054612426499,0.9676665546959192,0.5034237324821315
L23111,Dabrafenib,1,1.791759469228055,1.3466064801566926,1.311127221864445,1.3861353884628258,1.4273282601217,1.419100152143681
L23111,Trametinib,1,2.4849066497880004,1.4489731040578087,1.421824697676498,1.3861353884628258,1.5227369811283031,1.5204943913670974
L23121,Acid,1,2.9444389791664403,1.4447324299693032,1.7461845091059849,1.349163898005672,1.5165826372780349,1.717954077359399
L23121,Cisplatin,1,0.6931471805599453,0.9853221182635075,1.2299890138061533,1.349163898005672,1.045897113734164,1.1904692059521305
L231446,Acid,0,1.6094379124341003,1.4276384785961345,1.6573313555019897,1.2794291594970892,1.4321671836239556,1.6983312331450902
L231446,Cisplatin,0,1.0986122886681098,0.9726711059332541,1.1585190072477076,1.2794291594970892,0.9769751821660162,1.2398113887715438
L231623,Acid,3,2.4849066497880004,1.4294052202142031,1.7239466510978056,1.246157895746084,1.4254126302168184,1.808956075624749
L231623,Cisplatin,3,1.0986122886681098,0.9434888376032666,1.2236399004387164,1.246157895746084,0.9486134113715399,1.3018057978217414
L231623,Dabrafenib,3,1.0986122886681098,1.2955998343662156,1.6391955712176531,1.246157895746084,1.2668404540743945,1.6339118517671143
L231623,Doxorubicin,3,0.6931471805599453,1.059425212089834,1.3809260623870698,1.246157895746084,1.0852279875813418,1.4417350058990577
L231623,Trametinib,3,2.302585092994046,1.3477797900478352,1.7001844269436899,1.246157895746084,1.3290481203243958,1.694833761666025
L232125,Acid,0,2.0794415416798357,1.4276384785961345,1.940843802955213,1.2945898429210863,1.447180417382225,1.9384521841607634
L232125,Cisplatin,0,0.6931471805599453,0.9726711059332541,1.4420314547009307,1.2945898429210863,0.9919884159242857,1.479932339787217
L232125,Dabrafenib,0,2.4849066497880004,1.3293740847986915,1.8557342830332149,1.2945898429210863,1.3399347739667677,1.808357684783148
L232125,Doxorubicin,0,2.6390573296152584,1.0906169960232415,1.5797420065490146,1.2945898429210863,1.1380230857713163,1.577709136395396
L232125,Trametinib,0,1.9459101490553132,1.4533565151718433,1.9990523432037741,1.2945898429210863,1.454810481256877,1.9287318666586897
L232639,Dabrafenib,2,0.6931471805599453,1.272899240139292,1.0008365553906673,1.1785886284409905,1.2242798654777434,0.9377828326853798
L232813,Trametinib,1,0.6931471805599453,1.4489731040578087,1.2768368661786287,1.3545974484203678,1.4734543022908186,1.0931468555576027
L232959,Cisplatin,4,1.0986122886681098,0.9536217875497237,0.6629941902922412,1.2581510080741998,0.9607979982902418,1.0460808414901321
L232959,Dabrafenib,4,0.6931471805599453,1.315199596110756,1.088806819770506,1.2581510080741998,1.2892824982391322,1.3463676701674314
L233176,Acid,0,2.5649493574615367,1.4276384785961345,1.5481483652363488,1.2320860395628295,1.3945222687153165,1.490420738082766
L233176,Cisplatin,0,0.6931471805599453,0.9726711059332541,1.0493360169820665,1.2320860395628295,0.9393302672573773,1.03190089370922
L233176,Dabrafenib,0,1.3862943611198906,1.3293740847986915,1.4630388453143506,1.2320860395628295,1.2872766252998593,1.360326238705151
L233461,Acid,4,0.6931471805599453,1.4591012200707234,1.3832987136339001,1.2937926020921662,1.4795951302098451,1.3849614749421235
L233461,Cisplatin,4,3.7612001156935624,0.9536217875497237,0.8549957905689206,1.2937926020921662,0.9805044810623809,0.8422846792896983
L233461,CoCl2,4,0.6931471805599453,1.1105827756120363,0.975835577886778,1.2937926020921662,1.1533679603150964,0.969547584797861
L233461,Doxorubicin,4,1.0986122886681098,1.104008862881897,1.0500259089385324,1.2937926020921662,1.1549554860636424,1.028860168746568
L234026,Trametinib,4,3.044522437723423,1.39400845125062,1.1285030393093194,1.166763145721203,1.2596982727668617,1.0325323424769208
L234444,Acid,3,0.6931471805599453,1.4294052202142031,1.766870333253057,1.2921242193681455,1.4622372476939538,1.855618201863137
L234444,Cisplatin,3,0.6931471805599453,0.9434888376032666,1.2665635825939678,1.2921242193681455,0.985438028848675,1.3484679240601298
L234444,Doxorubicin,3,1.3862943611198906,1.059425212089834,1.4238497445423213,1.2921242193681455,1.122052605058477,1.488397132137446
L236978,Doxorubicin,2,0.6931471805599453,1.1003288977324217,0.8089180128660887,1.1277183544127474,1.0331435089628427,0.8761934783787243
L237062,Acid,1,0.6931471805599453,1.4447324299693032,1.1550855770045112,1.2595799057332218,1.427071461224535,0.8974757370896758
L237845,Acid,2,1.3862943611198906,1.4245281818738489,1.709867412471166,1.3362784279487785,1.4964302660040758,1.7259571646348968
L23858,Acid,1,4.04305126783455,1.4447324299693032,2.044956277836857,1.3152539459725556,1.4957959278027502,2.0994513650126856
L23858,CoCl2,1,0.6931471805599453,1.1088793216866093,1.6551099917455465,1.3152539459725556,1.1865520666822662,1.7111002026531463
L23858,Dabrafenib,1,3.4339872044851463,1.3466064801566926,1.9778595857983374,1.3152539459725556,1.3590727899743063,1.9334819980831792
L23858,Doxorubicin,1,1.6094379124341003,1.0695168105300787,1.684961467096983,1.3152539459725556,1.14762269140437,1.706794778103363
L23858,Trametinib,1,3.367295829986474,1.4489731040578087,2.0885570616103903,1.3152539459725556,1.4544815109809095,2.0348762373065954
L239119,Acid,4,1.3862943611198906,1.4591012200707234,1.729117114649243,1.219404081144765,1.4123541182626285,1.6723617872169994
L239119,CoCl2,4,0.6931471805599453,1.1105827756120363,1.3216539789021209,1.219404081144765,1.0861269483678797,1.2569478970727368
L239194,Acid,0,1.0986122886681098,1.4276384785961345,1.1375271662912814,1.2278542790218696,1.3625101760978895,1.1907269448741142
L239194,Doxorubicin,0,0.6931471805599453,1.0906169960232415,0.7764253698850829,1.2278542790218696,1.0533528444869809,0.8299838971087469
L239228,Acid,2,5.093750200806762,1.4245281818738489,2.5491949843676815,1.3377674868263576,1.488791483261671,2.6975051746824015
L239228,CoCl2,2,3.2188758248682006,1.070769265548892,2.1091803579537567,1.3377674868263576,1.165632808837596,2.256833921478276
L239228,Dabrafenib,2,6.1675164908883415,1.272899240139292,2.4126521926458038,1.3377674868263576,1.3441050596235937,2.505086650851041
L239228,Trametinib,2,6.142037405587356,1.3613179452904967,2.513845769349385,1.3377674868263576,1.4297905788591974,2.5989455251558122
L239858,Acid,4,1.0986122886681098,1.4591012200707234,1.3110309963086193,1.365728236749205,1.5382466097816405,1.2495048450069883
L239858,Cisplatin,4,0.6931471805599453,0.9536217875497237,0.7827280732436397,1.365728236749205,1.0391559606341763,0.7068280493545632
L239858,CoCl2,4,0.6931471805599453,1.1105827756120363,0.9035678605614972,1.365728236749205,1.212019439886892,0.8340909548627258
L240104,Acid,3,2.0794415416798357,1.4294052202142031,1.3877877740476734,1.2312332453062633,1.4069768893097665,1.3501223415442056
L240104,CoCl2,3,1.0986122886681098,1.1229493612824308,1.0210874773862628,1.2312332453062633,1.1375900923840034,0.9720800271613563
L240104,Doxorubicin,3,0.6931471805599453,1.059425212089834,1.0447671853369376,1.2312332453062633,1.0667922466742898,0.9829012718185144
L240177,Acid,2,1.0986122886681098,1.4245281818738489,1.3612326269173352,1.3240702957473693,1.4858826115296746,1.31488427803645
L240177,CoCl2,2,1.0986122886681098,1.070769265548892,0.9212180005034103,1.3240702957473693,1.1627239371055995,0.8742130248323254
L240450,Acid,2,0.6931471805599453,1.4245281818738489,1.862780572018488,1.3117887549696294,1.474369562310914,1.921685500547397
L240450,Cisplatin,2,1.0986122886681098,0.9540993104414771,1.327338774558581,1.3117887549696294,1.0070090334931945,1.3895845656298207
L240450,Doxorubicin,2,1.3862943611198906,1.1003288977324217,1.5246201012719252,1.3117887549696294,1.1901327355423794,1.5705312767250554
L240628,Cisplatin,1,0.6931471805599453,0.9853221182635075,0.7727704549574336,1.0643272455868733,0.7881912389709981,0.86458960923956
L240628,Dabrafenib,1,0.6931471805599453,1.3466064801566926,1.2218692582187456,1.0643272455868733,1.1221536246864252,1.2261051137173222
L240953,Acid,1,1.0986122886681098,1.4447324299693032,1.1153796992418263,1.2773313930064492,1.47034420080029,1.4568431642126827
L240953,Dabrafenib,1,0.6931471805599453,1.3466064801566926,1.048283007203307,1.2773313930064492,1.3336210629718461,1.2908737972831763
L241262,Cisplatin,3,0.6931471805599453,0.9434888376032666,0.766750922494248,1.21943192485764,0.9237415505304398,0.6921469418145536
L241540,Acid,2,1.0986122886681098,1.4245281818738489,2.0582678420392826,1.35750362401509,1.5166821068911658,2.0388952527920576
L241540,CoCl2,2,1.3862943611198906,1.070769265548892,1.6182532156253577,1.35750362401509,1.193523432467091,1.598223999587933
L241540,Doxorubicin,2,0.6931471805599453,1.1003288977324217,1.72010737129272,1.35750362401509,1.232445280122631,1.6877410289697163
L241549,Acid,3,3.044522437723423,1.4294052202142031,1.6046458553196534,1.2997443703625564,1.4706016515647826,1.6428474747894526
L241549,CoCl2,3,1.6094379124341003,1.1229493612824308,1.2379455586582426,1.2997443703625564,1.2012148546390193,1.2648051604066035
L241549,Doxorubicin,3,1.0986122886681098,1.059425212089834,1.2616252666089176,1.2997443703625564,1.1304170089293057,1.2756264050637616
L242090,Acid,1,1.0986122886681098,1.4447324299693032,1.288965950257265,1.244726890375826,1.4220898882215454,1.1526542214094744
L242237,Acid,4,3.1780538303479458,1.4591012200707234,1.7352808896673462,1.1757812268784333,1.3710060708660825,1.729006508418503
L242237,CoCl2,4,1.3862943611198906,1.1105827756120363,1.327817753920224,1.1757812268784333,1.0447789009713337,1.3135926182742403
L242237,Dabrafenib,4,0.6931471805599453,1.315199596110756,1.6327905960806313,1.1757812268784333,1.2003999216675085,1.486616541443377
L242237,Doxorubicin,4,2.4849066497880004,1.104008862881897,1.4020080849719783,1.1757812268784333,1.0463664267198798,1.3729052022229473
L242413,Acid,0,1.9459101490553132,1.4276384785961345,1.6082242460746505,1.363954045883345,1.51105686044399,1.5068144749842902
L242834,Acid,4,0.6931471805599453,1.4591012200707234,1.5657264051734603,1.1834330970683837,1.3789633511942057,1.570294729629185
L242834,CoCl2,4,1.3862943611198906,1.1105827756120363,1.1582632694263384,1.1834330970683837,1.0527361812994571,1.1548808394849224
L242935,Doxorubicin,0,1.0986122886681098,1.0906169960232415,0.7724356875860657,0.9969125679067878,0.8372461208091735,1.0298589196128356
L242990,Acid,1,0.6931471805599453,1.4447324299693032,1.142665610132116,1.0816220108800625,1.27836657843105,1.3747864615861245
L242990,Dabrafenib,1,1.6094379124341003,1.3466064801566926,1.0755689180935966,1.0816220108800625,1.1416434406026061,1.2088170946566181
L242990,Doxorubicin,1,1.0986122886681098,1.0695168105300787,0.782670799392242,1.0816220108800625,0.9301933420326696,0.9821298746768019
L242990,Trametinib,1,1.0986122886681098,1.4489731040578087,1.1862663939056497,1.0816220108800625,1.2370521616092092,1.3102113338800345
L244174,Dabrafenib,3,0.6931471805599453,1.2955998343662156,1.1580515597677452,1.3669573778621964,1.367448015402251,0.9291391012034702
L244174,Doxorubicin,3,0.6931471805599453,1.059425212089834,0.8997820509371618,1.3669573778621964,1.185835548909198,0.7369622553354136
L244174,Trametinib,3,0.6931471805599453,1.3477797900478352,1.219040415493782,1.3669573778621964,1.4296556816522523,0.990061011102381
L24429,Cisplatin,4,1.0986122886681098,0.9536217875497237,1.0175619367688715,1.231838493388713,0.9276819576095466,1.045207168823599
L24429,Dabrafenib,4,0.6931471805599453,1.315199596110756,1.4433745662471362,1.231838493388713,1.256166457558437,1.3454939975008986
L24429,Trametinib,4,3.8066624897703196,1.39400845125062,1.525903049034502,1.231838493388713,1.3374088213517599,1.44342612960636
L244486,Acid,2,1.0986122886681098,1.4245281818738489,1.1373793471125455,1.3345169994934092,1.5107035402015083,0.9700341880274388
L244685,CoCl2,3,0.6931471805599453,1.1229493612824308,0.7612419392265988,1.1051277807266215,1.0119912942893805,0.5408765287092299
L244706,Acid,4,3.1780538303479458,1.4591012200707234,1.970306014991317,1.2374325176150907,1.4367358315302987,1.8890593592911173
L244706,Cisplatin,4,0.6931471805599453,0.9536217875497237,1.4420030919263374,1.2374325176150907,0.9376451823828345,1.346382563638692
L244706,CoCl2,4,2.0794415416798357,1.1105827756120363,1.5628428792441948,1.2374325176150907,1.11050866163555,1.4736454691468546
L244706,Dabrafenib,4,1.0986122886681098,1.315199596110756,1.867815721404602,1.2374325176150907,1.2661296823317247,1.6466693923159912
L244706,Doxorubicin,4,1.0986122886681098,1.104008862881897,1.6370332102959493,1.2374325176150907,1.112096187384096,1.5329580530955615
L244706,Trametinib,4,0.6931471805599453,1.39400845125062,1.950344204191968,1.2374325176150907,1.3473720461250478,1.7446015244214528
L244886,Acid,4,2.302585092994046,1.4591012200707234,2.300843953499862,1.3610675116887623,1.537876035965904,2.3087283019095883
L244886,Cisplatin,4,1.3862943611198906,0.9536217875497237,1.7725410304348825,1.3610675116887623,1.0387853868184398,1.7660515062571633
L244886,Doxorubicin,4,1.6094379124341003,1.104008862881897,1.9675711488044945,1.3610675116887623,1.2132363918197013,1.952626995714033
L244940,Acid,0,2.302585092994046,1.4276384785961345,1.2850247038215517,1.3451753912057776,1.498778631644535,1.1291694898988578
L244940,Dabrafenib,0,0.6931471805599453,1.3293740847986915,1.1999151838995537,1.3451753912057776,1.3915329882290777,0.9990749905212425
L244940,Trametinib,0,0.6931471805599453,1.4533565151718433,1.343233244070113,1.3451753912057776,1.5064086955191869,1.1194491723967843
L245078,Acid,3,1.3862943611198906,1.4294052202142031,1.4209268096984373,1.3362045599675954,1.5060633586328598,1.446296875232196
L246037,Acid,2,1.0986122886681098,1.4245281818738489,1.7113622914519162,1.252214589068944,1.420505221446015,1.7397073084073393
L246037,CoCl2,2,1.791759469228055,1.070769265548892,1.2713476650379913,1.252214589068944,1.0973465470219401,1.2990360552032145
L246037,Dabrafenib,2,0.6931471805599453,1.272899240139292,1.5748194997300382,1.252214589068944,1.2758187978079376,1.5472887845759795
L246037,Doxorubicin,2,0.6931471805599453,1.1003288977324217,1.3732018207053536,1.252214589068944,1.1362683946774803,1.3885530845849978
L246311,Acid,3,2.1972245773362196,1.4294052202142031,1.1279422358880093,1.219074565189191,1.387471644306949,1.1353907851387337
L246311,Cisplatin,3,1.0986122886681098,0.9434888376032666,0.6276354852289201,1.219074565189191,0.9106724254616703,0.6282405073357265
L246311,CoCl2,3,1.6094379124341003,1.1229493612824308,0.7612419392265988,1.219074565189191,1.1180848473811857,0.7573484707558846
L246311,Dabrafenib,3,6.133398042996649,1.2955998343662156,1.043191156007857,1.219074565189191,1.2288994681645249,0.9603465612810992
L246311,Doxorubicin,3,1.0986122886681098,1.059425212089834,0.7849216471772735,1.219074565189191,1.0472870016714722,0.7681697154130427
L246311,Trametinib,3,5.472270673671475,1.3477797900478352,1.1041800117338938,1.219074565189191,1.2911071344145262,1.02126847118001
L246615,Dabrafenib,0,2.302585092994046,1.3293740847986915,1.3092612636634033,1.462040945810999,1.4899267159557907,1.2666397001825316
L246615,Trametinib,0,2.0794415416798357,1.4533565151718433,1.4525793238339626,1.462040945810999,1.6048024232459,1.3870138820580733
L246665,Dabrafenib,4,0.6931471805599453,1.315199596110756,1.2085407027219044,1.3764493859410074,1.3806637863991527,1.1584491261492684
L246665,Trametinib,4,1.0986122886681098,1.39400845125062,1.2910691855092702,1.3764493859410074,1.4619061501924757,1.25638125825473
L247066,Acid,2,2.0794415416798357,1.4245281818738489,1.66788381557016,1.2491205433277437,1.4270398762093455,1.6368691464524536
L247066,Dabrafenib,2,0.6931471805599453,1.272899240139292,1.5313410238482819,1.2491205433277437,1.282353452571268,1.4444506226210938
L247066,Doxorubicin,2,1.6094379124341003,1.1003288977324217,1.3297233448235972,1.2491205433277437,1.1428030494408108,1.2857149226301123
L247317,Doxorubicin,0,0.6931471805599453,1.0906169960232415,0.9279125897143704,1.2586555187374426,1.0904576366023868,0.8642201742082194
L247405,Acid,0,1.6094379124341003,1.4276384785961345,1.517958181474992,1.3418065649613322,1.4952200982661235,1.4789461856212742
L247859,Acid,0,0.6931471805599453,1.4276384785961345,1.133537483992264,1.3109412137908425,1.4676226055674158,1.1194224506194332
L247859,Doxorubicin,0,0.6931471805599453,1.0906169960232415,0.7724356875860657,1.3109412137908425,1.158465273956507,0.758679402854066
L247990,Acid,0,2.0794415416798357,1.4276384785961345,1.6769892348222135,1.2475213734374562,1.4025631687654396,1.566624976250123
L247990,Cisplatin,0,0.6931471805599453,0.9726711059332541,1.1781768865679314,1.2475213734374562,0.9473711673075005,1.1081051318765769
L247990,CoCl2,0,0.6931471805599453,1.1370030390709425,1.2866026279444018,1.2475213734374562,1.1308600131139688,1.215425179938572
L248375,Acid,2,0.6931471805599453,1.4245281818738489,1.4343625081143072,1.1378363255430937,1.3040636110684307,1.5099495563366094
L248375,Dabrafenib,2,0.6931471805599453,1.272899240139292,1.2978197163924292,1.1378363255430937,1.1593771874303531,1.3175310325052496
L248375,Doxorubicin,2,0.6931471805599453,1.1003288977324217,1.0962020373677446,1.1378363255430937,1.019826784299896,1.1587953325142681
L248720,Acid,2,0.6931471805599453,1.4245281818738489,1.1373793471125455,1.3055709327290796,1.447101583303162,0.9818295836521811
L248720,Dabrafenib,2,0.6931471805599453,1.272899240139292,1.0008365553906673,1.3055709327290796,1.3024151596650846,0.7894110598208212
L24904,Acid,2,1.0986122886681098,1.4245281818738489,1.1373793471125455,1.2900014646884805,1.4562757655409915,1.153709299421831
L249292,Acid,3,1.6094379124341003,1.4294052202142031,1.45720725872991,1.2545474497759301,1.4264597754056711,1.532255067912502
L249292,Dabrafenib,3,1.0986122886681098,1.2955998343662156,1.3724561788497576,1.2545474497759301,1.267887599263247,1.3572108440548674
L249292,Doxorubicin,3,1.791759469228055,1.059425212089834,1.114186670019174,1.2545474497759301,1.0862751327701943,1.1650339981868107
L249301,Acid,4,0.6931471805599453,1.4591012200707234,1.1912971133572208,1.4807707261090237,1.6452649892587214,1.1813934037832114
L249999,Acid,3,2.3978952727983707,1.4294052202142031,1.9938113326436362,1.289773429484057,1.4615503048831304,1.9757343333729964
L249999,CoCl2,3,2.1972245773362196,1.1229493612824308,1.6271110359822256,1.289773429484057,1.1921635079573671,1.5976920189901473
L249999,Dabrafenib,3,0.6931471805599453,1.2955998343662156,1.9090602527634837,1.289773429484057,1.3029781287407063,1.800690109515362
L249999,Doxorubicin,3,0.6931471805599453,1.059425212089834,1.6507907439329004,1.289773429484057,1.1213656622476535,1.6085132636473052
L250048,Acid,2,0.6931471805599453,1.4245281818738489,1.3612326269173352,1.2807486919954043,1.453998315407052,1.3321488842753861
L25042,CoCl2,4,0.6931471805599453,1.1105827756120363,1.0403738399004312,1.2166374167485245,1.0950525259192307,0.8987873282576231
L251300,Doxorubicin,3,0.6931471805599453,1.059425212089834,0.7956816561404426,1.055310369379871,0.9166335762925649,0.7728467472778546
L25167,Dabrafenib,0,0.6931471805599453,1.3293740847986915,1.298226216640371,1.1854446034288364,1.2417089452354844,1.302180216542993
L251680,Acid,3,2.302585092994046,1.4294052202142031,1.5141781380867447,1.2708845815471501,1.4400508821230542,1.4635923851228636
L251680,CoCl2,3,1.0986122886681098,1.1229493612824308,1.1474778414253342,1.2708845815471501,1.170664085197291,1.0855500707400143
L251680,Dabrafenib,3,0.6931471805599453,1.2955998343662156,1.4294270582065922,1.2708845815471501,1.28147870598063,1.2885481612652288
L251680,Doxorubicin,3,0.6931471805599453,1.059425212089834,1.171157549376009,1.2708845815471501,1.0998662394875773,1.0963713153971724
L251719,Acid,2,3.713572066704308,1.4245281818738489,2.1416148085744684,1.2371212372199345,1.41305702969737,2.136054306734012
L251719,CoCl2,2,0.6931471805599453,1.070769265548892,1.7016001821605435,1.2371212372199345,1.089898355273295,1.6953830535298877
L251719,Dabrafenib,2,1.0986122886681098,1.272899240139292,2.0050720168525906,1.2371212372199345,1.2683706060592925,1.9436357829026525
L251719,Doxorubicin,2,2.1972245773362196,1.1003288977324217,1.8034543378279058,1.2371212372199345,1.1288202029288354,1.7849000829116708
L251893,Cisplatin,2,0.6931471805599453,0.9540993104414771,0.8989207106544005,1.2754724248609413,0.9742966836980594,0.9199630476029733
L251893,Doxorubicin,2,1.0986122886681098,1.1003288977324217,1.0962020373677446,1.2754724248609413,1.1574203857472445,1.1009097586982082
L252275,Acid,0,1.791759469228055,1.4276384785961345,1.7422319594233722,1.3170299427432013,1.4651535212264721,1.6996924949320293
L252275,Doxorubicin,0,1.0986122886681098,1.0906169960232415,1.3811301630171737,1.3170299427432013,1.1559961896155635,1.338949447166662
L252321,Acid,2,2.0794415416798357,1.4245281818738489,1.9741648142171124,1.3107048812799955,1.4836963212182108,1.9830761693550012
L252321,Cisplatin,2,1.0986122886681098,0.9540993104414771,1.4387230167572054,1.3107048812799955,1.0163357924004912,1.450975234437425
L252321,Dabrafenib,2,1.3862943611198906,1.272899240139292,1.8376220224952342,1.3107048812799955,1.3390098975801334,1.7906576455236414
L252770,CoCl2,4,0.6931471805599453,1.1105827756120363,0.7410017143615463,1.1557384335405323,1.0250269460669208,0.9427375148483378
L252770,Dabrafenib,4,0.6931471805599453,1.315199596110756,1.0459745565219536,1.1557384335405323,1.1806479667630956,1.1157614380174743
L253198,Cisplatin,0,0.6931471805599453,0.9726711059332541,1.0042271956436046,1.3364062474525638,1.0370933374824614,0.9269498799298961
L253198,Dabrafenib,0,0.6931471805599453,1.3293740847986915,1.4179300239758887,1.3364062474525638,1.3850396955249433,1.255375224925827
L253198,Doxorubicin,0,0.6931471805599453,1.0906169960232415,1.1419377474916885,1.3364062474525638,1.1831280073294919,1.0247266765380747
L253300,CoCl2,2,0.6931471805599453,1.070769265548892,0.984696006303156,1.2855858105557612,1.1405633583124097,0.9044926847470169
L253300,Doxorubicin,2,0.6931471805599453,1.1003288977324217,1.0865501619705182,1.2855858105557612,1.17948520596795,0.9940097141288001
L254234,Acid,3,2.1972245773362196,1.4294052202142031,1.245537655226999,1.3161404158107408,1.4907140621327284,1.2127252800655248
L254234,Doxorubicin,3,1.0986122886681098,1.059425212089834,0.9025170665162632,1.3161404158107408,1.1505294194972517,0.8455042103398338
L254958,Cisplatin,1,0.6931471805599453,0.9853221182635075,0.7727704549574336,1.242821467300118,0.9674610226823348,0.5472737615235959
L255104,Acid,3,0.6931471805599453,1.4294052202142031,1.1967311464578978,1.4324767331946053,1.5847671015700289,1.083953989246199
L25515,Dabrafenib,1,2.0794415416798357,1.3466064801566926,1.3254875302083853,1.333397423109582,1.364888254617438,1.2915355244898072
L25515,Trametinib,1,3.2188758248682006,1.4489731040578087,1.4361850060204384,1.333397423109582,1.460296975624041,1.3929297637132234
L255305,Acid,2,0.6931471805599453,1.4245281818738489,1.2835110429669567,1.3515537114438834,1.5202109172191385,1.2152298583513617
L255407,Acid,3,0.6931471805599453,1.4294052202142031,1.178511570263427,1.4254515619070718,1.5684391256483314,1.0839184417882464
L255751,Cisplatin,0,0.6931471805599453,0.9726711059332541,0.7294820104814336,1.1282375960672648,0.8473876431945258,0.5979434265770517
L255751,Doxorubicin,0,0.6931471805599453,1.0906169960232415,0.8671925623295174,1.1282375960672648,0.9934223130415564,0.6957202231852305
L256320,Cisplatin,0,0.6931471805599453,0.9726711059332541,0.6387148180369993,1.17132366781351,0.8556248673816922,0.9928662831482163
L257082,Acid,1,1.0986122886681098,1.4447324299693032,1.7601979471876434,1.1863825483934156,1.3719865641848565,1.7832664856517142
L257082,Cisplatin,1,1.0986122886681098,0.9853221182635075,1.2440024518878119,1.1863825483934156,0.9013010406409855,1.2557816142444456
L257082,CoCl2,1,1.0986122886681098,1.1088793216866093,1.3703516610963329,1.1863825483934156,1.0627427030643726,1.394915323292175
L257082,Dabrafenib,1,0.6931471805599453,1.3466064801566926,1.693101255149124,1.1863825483934156,1.2352634263564126,1.6172971187222078
L257082,Doxorubicin,1,1.6094379124341003,1.0695168105300787,1.4002031364477694,1.1863825483934156,1.023813327786476,1.3906098987423916
L257154,Acid,4,3.295836866004329,1.4591012200707234,2.3388211424066645,1.3192762407849945,1.5002838561828935,2.357405273304016
L257154,Cisplatin,4,1.6094379124341003,0.9536217875497237,1.8105182193416849,1.3192762407849945,1.0011932070354295,1.8147284776515904
L257154,CoCl2,4,1.3862943611198906,1.1105827756120363,1.9313580066595424,1.3192762407849945,1.174056686288145,1.941991383159753
L257154,Dabrafenib,4,1.9459101490553132,1.315199596110756,2.2363308488199496,1.3192762407849945,1.3296777069843198,2.11501530632889
L257154,Doxorubicin,4,1.791759469228055,1.104008862881897,2.005548337711297,1.3192762407849945,1.1756442120366908,2.00130396710846
L257154,Trametinib,4,0.6931471805599453,1.39400845125062,2.3188593316073156,1.3192762407849945,1.4109200707776428,2.2129474384343513
L258435,Doxorubicin,2,0.6931471805599453,1.1003288977324217,0.8089180128660887,1.2239776942732834,1.1107831170351543,0.8439232323987926
L258506,Trametinib,1,0.6931471805599453,1.4489731040578087,1.1986863607780447,1.2965553629162765,1.422920729312171,1.0103898624949617
L258524,Cisplatin,0,0.6931471805599453,0.9726711059332541,0.8955584353311193,1.2031769772357217,0.8993674068187437,0.8596117977462677
L258524,Dabrafenib,0,1.3862943611198906,1.3293740847986915,1.3092612636634033,1.2031769772357217,1.2473137648612258,1.1880371427421985
L258524,Trametinib,0,1.9459101490553132,1.4533565151718433,1.4525793238339626,1.2031769772357217,1.362189472151335,1.3084113246177402
L259644,CoCl2,0,0.6931471805599453,1.1370030390709425,0.9760843547678928,1.3046528356198048,1.1727322923833947,0.9813412300712947
L260458,CoCl2,4,0.6931471805599453,1.1105827756120363,1.3925030359486024,1.31217428455229,1.1720300325417727,1.3915789373460805
L260458,Doxorubicin,4,0.6931471805599453,1.104008862881897,1.4666933670003566,1.31217428455229,1.1736175582903186,1.4508915212947873
L260458,Trametinib,4,0.6931471805599453,1.39400845125062,1.7800043608963754,1.31217428455229,1.4088934170312704,1.6625349926206785
L260546,Acid,1,0.6931471805599453,1.4447324299693032,1.2529212641580405,1.4627689209423689,1.6252333548287692,1.1844518897549166
L261918,Acid,0,1.791759469228055,1.4276384785961345,1.2561941806754127,1.233815053380022,1.3784659408239546,1.1610967650199917
L261918,Doxorubicin,0,1.0986122886681098,1.0906169960232415,0.8950923842692142,1.233815053380022,1.069308609213046,0.8003537172546243
L262260,Dabrafenib,2,1.0986122886681098,1.272899240139292,1.1106202094576938,1.2161980060913273,1.2551317274564306,1.040875830572352
L262260,Doxorubicin,2,1.3862943611198906,1.1003288977324217,0.9090025304330092,1.2161980060913273,1.1155813243259733,0.8821401305813703
L262260,Trametinib,2,0.6931471805599453,1.3613179452904967,1.2118137861612748,1.2161980060913273,1.3408172466920343,1.1347347048771228
L262482,Acid,1,0.6931471805599453,1.4447324299693032,1.1153796992418263,1.0810623880747265,1.2890459785840374,1.1992228815632116
L262482,Trametinib,1,0.6931471805599453,1.4489731040578087,1.1589804830153598,1.0810623880747265,1.2477315617621965,1.1346477538571214
L263321,Acid,2,0.6931471805599453,1.4245281818738489,1.1373793471125455,1.2573423197688958,1.440309871338646,1.1585991142069885
L263433,Doxorubicin,3,1.0986122886681098,1.059425212089834,0.8354909815526911,0.9184999096179272,0.7893147074818092,0.9629751023889892
L263517,Acid,2,1.3862943611198906,1.4245281818738489,1.7106663705853509,1.2612835097026271,1.4197458956526354,1.8192193220793245
L263548,Cisplatin,2,0.6931471805599453,0.9540993104414771,0.7394542276150711,1.4107981528915445,1.0834408715832526,0.6741309036835087
L263554,Trametinib,3,1.791759469228055,1.3477797900478352,1.2217754310728832,1.3764417168268424,1.4512536733568964,1.183175131167932
L263788,Doxorubicin,0,1.6094379124341003,1.0906169960232415,1.0544966743681012,1.3952244781493928,1.2223443774509084,1.1731337657735224
L263990,Acid,1,1.3862943611198906,1.4447324299693032,1.4491719598436448,1.2376389496022802,1.4221094991527365,1.380204419412679
L263990,CoCl2,1,0.6931471805599453,1.1088793216866093,1.0593256737523342,1.2376389496022802,1.1128656380322526,0.9918532570531398
L264836,Acid,3,1.0986122886681098,1.4294052202142031,1.2826119650601462,1.290430056894331,1.4585227099892606,1.2424086094140387
L264836,CoCl2,3,0.6931471805599453,1.1229493612824308,0.9159116683987355,1.290430056894331,1.1891359130634973,0.8643662950311896
L264933,Acid,1,0.6931471805599453,1.4447324299693032,1.2332360824050952,1.370377012875675,1.5344278315441517,1.3235874209212921
L264933,Cisplatin,1,0.6931471805599453,0.9853221182635075,0.7170405871052635,1.370377012875675,1.0637423080002806,0.7961025495140236
L264962,Acid,3,1.791759469228055,1.4294052202142031,1.8992697927559976,1.3207432912770196,1.4895188669099833,1.8605586141174884
L264962,CoCl2,3,1.0986122886681098,1.1229493612824308,1.5325694960945868,1.3207432912770196,1.2201320699842202,1.4825162997346393
L264962,Doxorubicin,3,1.3862943611198906,1.059425212089834,1.5562492040452618,1.3207432912770196,1.1493342242745066,1.4933375443917973
L266331,CoCl2,2,8.098946748943339,1.070769265548892,0.8587611970686282,1.2833634439013297,1.1319003430864136,1.3603650385833432
L266331,Dabrafenib,2,5.648974238161206,1.272899240139292,1.162233031760675,1.2833634439013297,1.3103725938724111,1.6086177679561082
L266331,Trametinib,2,4.787491742782046,1.3613179452904967,1.263426608464256,1.2833634439013297,1.3960581131080148,1.702476642260879
L266998,Acid,3,4.736198448394496,1.4294052202142031,1.6046873775115276,1.3506284960970916,1.509804054117431,1.7162122630670198
L266998,Cisplatin,3,1.791759469228055,0.9434888376032666,1.1043806268524385,1.3506284960970916,1.0330048352721521,1.2090619852640123
L266998,CoCl2,3,1.6094379124341003,1.1229493612824308,1.237987080850117,1.3506284960970916,1.2404172571916676,1.3381699486841705
L266998,Dabrafenib,3,3.8501476017100584,1.2955998343662156,1.5199362976313753,1.3506284960970916,1.3512318779750068,1.5411680392093852
L266998,Doxorubicin,3,1.3862943611198906,1.059425212089834,1.2616667888007917,1.3506284960970916,1.169619411481954,1.3489911933413286
L266998,Trametinib,3,3.1780538303479458,1.3477797900478352,1.580925153357412,1.3506284960970916,1.413439544225008,1.6020899491082958
L267278,Acid,1,1.0986122886681098,1.4447324299693032,1.142665610132116,1.2901866732406493,1.4782407848924795,1.2746119600860275
L267278,Dabrafenib,1,1.0986122886681098,1.3466064801566926,1.0755689180935966,1.2901866732406493,1.3415176470640355,1.108642593156521
L267278,Trametinib,1,0.6931471805599453,1.4489731040578087,1.1862663939056497,1.2901866732406493,1.4369263680706386,1.2100368323799375
L267504,Acid,0,0.6931471805599453,1.4276384785961345,1.133537483992264,1.268232046394273,1.4081495871369178,0.9920193573587919
L267510,Dabrafenib,2,0.6931471805599453,1.272899240139292,1.233304853087436,1.349606243252471,1.3650436521754536,1.4831603682383074
L267658,Acid,3,1.3862943611198906,1.4294052202142031,1.9517549119674658,1.3173495274731728,1.4909730153640144,2.011173824317316
L267658,Cisplatin,3,1.3862943611198906,0.9434888376032666,1.4514481613083765,1.3173495274731728,1.0141737965187356,1.5040235465143086
L267658,CoCl2,3,0.6931471805599453,1.1229493612824308,1.585054615306055,1.3173495274731728,1.221586218438251,1.6331315099344668
L267658,Dabrafenib,3,1.9459101490553132,1.2955998343662156,1.8670038320873132,1.3173495274731728,1.3324008392215902,1.8361296004596812
L267658,Doxorubicin,3,2.5649493574615367,1.059425212089834,1.60873432325673,1.3173495274731728,1.1507883727285375,1.6439527545916248
L267658,Trametinib,3,2.3978952727983707,1.3477797900478352,1.92799268781335,1.3173495274731728,1.3946085054715915,1.897051510358592
L267695,Acid,2,2.302585092994046,1.4245281818738489,1.4343625081143072,1.1546622911314646,1.3428241087845276,1.3518105515539114
L267695,CoCl2,2,1.3862943611198906,1.070769265548892,0.9943478817003824,1.1546622911314646,1.0196654343604528,0.9111392983497865
L267695,Trametinib,2,0.6931471805599453,1.3613179452904967,1.3990132930960102,1.1546622911314646,1.2838232043820539,1.2532509020273224
L267807,CoCl2,1,1.0986122886681098,1.1088793216866093,1.0027379361555944,1.3264965878351658,1.1926575176722674,0.9470629887578518
L267807,Trametinib,1,0.6931471805599453,1.4489731040578087,1.4361850060204384,1.3264965878351658,1.4605869619709104,1.270839023411301
L268052,Acid,3,1.0986122886681098,1.4294052202142031,1.1279422358880093,1.208440052406013,1.391237387261542,1.0121252970200214
L268052,Dabrafenib,3,0.6931471805599453,1.2955998343662156,1.043191156007857,1.208440052406013,1.2326652111191179,0.8370810731623868
L268453,Dabrafenib,2,1.0986122886681098,1.272899240139292,1.2179320854453923,1.319185274125664,1.3462918848257073,1.2710056463860924
L268930,Dabrafenib,4,0.6931471805599453,1.315199596110756,1.026810628219375,1.2477784790302184,1.2635836246961927,0.7564264479408931
L269067,Dabrafenib,2,1.3862943611198906,1.272899240139292,1.0008365553906673,1.3029397546803876,1.3117209632548377,1.1746213322493118
L269067,Trametinib,2,2.5649493574615367,1.3613179452904967,1.1020301320942483,1.3029397546803876,1.3974064824904413,1.2684802065540826
L269103,Acid,3,0.6931471805599453,1.4294052202142031,1.1279422358880093,1.183207865392514,1.3629450951606896,1.0729952201738986
L269961,Acid,4,1.6094379124341003,1.4591012200707234,2.0680852403327172,1.2761197380336133,1.4624768063775115,2.013221888278654
L269961,CoCl2,4,1.0986122886681098,1.1105827756120363,1.6606221045855951,1.2761197380336133,1.136249636482763,1.5978079981343916
L269961,Dabrafenib,4,0.6931471805599453,1.315199596110756,1.9655949467460023,1.2761197380336133,1.2918706571789378,1.770831921303528
L269961,Doxorubicin,4,1.3862943611198906,1.104008862881897,1.7348124356373493,1.2761197380336133,1.1378371622313088,1.6571205820830983
L270293,Acid,3,2.6390573296152584,1.4294052202142031,1.3458757313507974,1.207353755652606,1.385251911394372,1.3706308902547994
L270293,CoCl2,3,1.0986122886681098,1.1229493612824308,0.9791754346893868,1.207353755652606,1.115865114468609,0.9925885758719502
L270293,Dabrafenib,3,1.791759469228055,1.2955998343662156,1.2611246514706451,1.207353755652606,1.226679735251948,1.1955866663971648
L270293,Trametinib,3,1.0986122886681098,1.3477797900478352,1.3221135071966819,1.207353755652606,1.2888874015019494,1.2565085762960755
L27072,Doxorubicin,2,0.6931471805599453,1.1003288977324217,0.7992188763659827,1.3693356925847082,1.2404009724309142,1.1613222795558769
L270914,Acid,4,1.3862943611198906,1.4591012200707234,1.2490348047574882,1.2724249864827446,1.4445518078423882,1.3497642382540147
L270914,Cisplatin,4,0.6931471805599453,0.9536217875497237,0.7207318816925086,1.2724249864827446,0.9454611586949242,0.8070874426015895
L270914,Dabrafenib,4,0.6931471805599453,1.315199596110756,1.1465445111707733,1.2724249864827446,1.2739456586438145,1.1073742712788888
L270914,Trametinib,4,1.6094379124341003,1.39400845125062,1.2290729939581393,1.2724249864827446,1.3551880224371375,1.2053064033843504
L271069,Acid,0,1.6094379124341003,1.4276384785961345,1.6890665275202794,1.3049104112007701,1.455595625385693,1.6592523176438503
L271069,Cisplatin,0,1.0986122886681098,0.9726711059332541,1.190254179265997,1.3049104112007701,1.0004036239277536,1.200732473270304
L271069,Doxorubicin,0,0.6931471805599453,1.0906169960232415,1.327964731114081,1.3049104112007701,1.1464382937747843,1.2985092698784828
L271521,Acid,4,2.70805020110221,1.4591012200707234,1.663873953595993,1.236508976990271,1.4259718754194466,1.654219313018226
L271521,Cisplatin,4,0.6931471805599453,0.9536217875497237,1.1355710305310134,1.236508976990271,0.9268812262719823,1.1115425173658007
L271521,CoCl2,4,1.791759469228055,1.1105827756120363,1.256410817848871,1.236508976990271,1.0997447055246978,1.2388054228739633
L271521,Doxorubicin,4,1.0986122886681098,1.104008862881897,1.3306011489006253,1.236508976990271,1.1013322312732439,1.2981180068226703
L271521,Trametinib,4,1.0986122886681098,1.39400845125062,1.643912142796644,1.236508976990271,1.3366080900141957,1.5097614781485615
L271524,Cisplatin,4,0.6931471805599453,0.9536217875497237,0.6201619270436888,1.2911560590781226,0.9830420849165532,0.5432992354875994
L271709,Doxorubicin,0,1.0986122886681098,1.0906169960232415,0.9279125897143704,1.13271322962623,0.9773586820562978,0.9110563737137215
L272178,Doxorubicin,0,1.6094379124341003,1.0906169960232415,0.8052558930312219,1.1686490227666677,1.021849024960944,0.8921359083963005
L272263,Acid,2,1.0986122886681098,1.4245281818738489,1.3612326269173352,1.1286332948433795,1.313504783591296,1.3492672629351856
L272915,Acid,0,1.0986122886681098,1.4276384785961345,1.3503557529515904,1.3166856088338177,1.4622985506492705,1.2528620702201938
L273392,Trametinib,3,0.6931471805599453,1.3477797900478352,1.219040415493782,1.3398355198793874,1.4111877796933427,1.1662553324604048
L273673,Acid,4,0.6931471805599453,1.4591012200707234,1.9049852266516458,1.2869316024367599,1.4741593185888484,1.9286687869634112
L273673,Cisplatin,4,1.3862943611198906,0.9536217875497237,1.3766823035866662,1.2869316024367599,0.9750686694413842,1.385991991310986
L273673,Doxorubicin,4,0.6931471805599453,1.104008862881897,1.5717124219562781,1.2869316024367599,1.1495196744426457,1.5725674807678556
L274645,Cisplatin,0,0.6931471805599453,0.9726711059332541,0.7573818324211306,1.5847997463942032,1.2567861228886452,1.0884538818159923
L274645,CoCl2,0,0.6931471805599453,1.1370030390709425,0.865807573797601,1.5847997463942032,1.4402749686951135,1.1957739298779875
L274645,Doxorubicin,0,0.6931471805599453,1.0906169960232415,0.8950923842692142,1.5847997463942032,1.4028207927356757,1.1862306784241712
L274730,CoCl2,4,0.6931471805599453,1.1105827756120363,0.7218377860589678,1.1432911990936783,1.0100372267594446,0.8950869885628805
L274730,Doxorubicin,4,0.6931471805599453,1.104008862881897,0.796028117110722,1.1432911990936783,1.0116247525079907,0.9543995725115874
L2749,Acid,1,0.6931471805599453,1.4447324299693032,1.5298990186008017,1.2849084423423807,1.4474652941864918,1.5124409918478232
L274951,Acid,3,4.23410650459726,1.4294052202142031,2.199760630773491,1.341610911134477,1.5044558126221443,2.2342118151977948
L274951,CoCl2,3,1.0986122886681098,1.1229493612824308,1.8330603341120804,1.341610911134477,1.2350690156963813,1.8561695008149455
L274951,Dabrafenib,3,1.0986122886681098,1.2955998343662156,2.1150095508933386,1.341610911134477,1.3458836364797202,2.05916759134016
L274951,Doxorubicin,3,1.3862943611198906,1.059425212089834,1.8567400420627551,1.341610911134477,1.1642711699866677,1.8669907454721033
L275000,Doxorubicin,4,0.6931471805599453,1.104008862881897,0.796028117110722,1.3066234073186818,1.153682979822194,0.8132212770139557
L275170,Acid,4,1.0986122886681098,1.4591012200707234,1.2490348047574882,1.2405798604537341,1.4329068597515338,1.277770986092529
L275170,CoCl2,4,0.6931471805599453,1.1105827756120363,0.8415716690103661,1.2405798604537341,1.1066796898567852,0.8623570959482665
L275355,Acid,1,1.9459101490553132,1.4447324299693032,1.6030825796921198,1.2138897947328933,1.3979585052328405,1.6129562468923304
L275355,Cisplatin,1,0.6931471805599453,0.9853221182635075,1.0868870843922882,1.2138897947328933,0.9272729816889695,1.0854713754850618
L275355,CoCl2,1,1.6094379124341003,1.1088793216866093,1.2132362936008092,1.2138897947328933,1.0887146441123567,1.2246050845327914
L275355,Doxorubicin,1,1.791759469228055,1.0695168105300787,1.2430877689522457,1.2138897947328933,1.04978526883446,1.2202996599830078
L275878,Acid,4,2.3978952727983707,1.4591012200707234,1.6003555817319994,1.3378919664336015,1.516746329511128,1.5239295641198556
L275878,Cisplatin,4,2.995732273553991,0.9536217875497237,1.0720526586670198,1.3378919664336015,1.0176556803636638,0.9812527684674303
L276549,CoCl2,1,0.6931471805599453,1.1088793216866093,0.7255334131505158,1.1170290226387132,0.9924051975526043,0.6861893911677394
L27694,Doxorubicin,0,0.6931471805599453,1.0906169960232415,0.8052558930312219,1.325023226263078,1.1661196956313011,0.6457876472866091
L277580,Acid,1,0.6931471805599453,1.4447324299693032,1.142665610132116,1.319987340485743,1.4965114482670152,1.155956154515539
L277580,Cisplatin,1,0.6931471805599453,0.9853221182635075,0.6264701148322847,1.319987340485743,1.025825924723144,0.6284712831082705
L2779,Acid,4,4.02535169073515,1.4591012200707234,2.3748479097623116,1.3257867066736506,1.4971001899748184,2.456030450913424
L2779,Cisplatin,4,1.3862943611198906,0.9536217875497237,1.8465449866973322,1.3257867066736506,0.998009540827354,1.9133536552609987
L2779,Doxorubicin,4,2.1972245773362196,1.104008862881897,2.0415751050669444,1.3257867066736506,1.1724605458286155,2.0999291447178683
L278282,CoCl2,3,0.6931471805599453,1.1229493612824308,0.7720019481897679,1.3166825052386448,1.2189367721078388,0.7706836029889226
L278282,Dabrafenib,3,0.6931471805599453,1.2955998343662156,1.053951164971026,1.3166825052386448,1.3297513928911777,0.9736816935141371
L27849,Cisplatin,1,0.6931471805599453,0.9853221182635075,0.6264701148322847,1.225405741823079,0.9402408467866555,0.6034294445854755
L278604,Acid,2,2.4849066497880004,1.4245281818738489,2.307387826654312,1.3616108227713546,1.51509916748561,2.3887959990333028
L278604,Cisplatin,2,1.6094379124341003,0.9540993104414771,1.7719460291944051,1.3616108227713546,1.0477386386678904,1.8566950641157265
L278604,CoCl2,2,3.295836866004329,1.070769265548892,1.867373200240387,1.3616108227713546,1.1919404930615352,1.948124745829178
L278604,Doxorubicin,2,1.3862943611198906,1.1003288977324217,1.9692273559077496,1.3616108227713546,1.2308623407170753,2.037641775210961
L279030,Acid,2,1.9459101490553132,1.4245281818738489,1.4247106327170809,1.3079658480279528,1.4663124418995914,1.3323272670214736
L279030,CoCl2,2,1.6094379124341003,1.070769265548892,0.984696006303156,1.3079658480279528,1.1431537674755163,0.8916560138173488
L279030,Doxorubicin,2,0.6931471805599453,1.1003288977324217,1.0865501619705182,1.3079658480279528,1.1820756151310567,0.9811730431991321
L279184,Acid,2,2.5649493574615367,1.4245281818738489,1.1470784836126513,1.1490949854509054,1.3331179659404955,1.076925967645213
L279568,CoCl2,2,1.0986122886681098,1.070769265548892,0.9922269055870078,1.3318434046560714,1.1787727612543915,0.9217081867926409
L279568,Doxorubicin,2,1.0986122886681098,1.1003288977324217,1.09408106125437,1.3318434046560714,1.2176946089099316,1.0112252161744242
L280587,Doxorubicin,3,1.0986122886681098,1.059425212089834,0.9630458172278131,1.2864012484442386,1.1153729680849427,0.845715243397916
L281862,Acid,0,0.6931471805599453,1.4276384785961345,1.3336507562005484,1.3228880624276222,1.4740947819872716,1.2366644053507567
L281862,Doxorubicin,0,0.6931471805599453,1.0906169960232415,0.97254895979435,1.3228880624276222,1.164937450376363,0.8759213575853892
L281881,Acid,2,2.6390573296152584,1.4245281818738489,1.893782192635761,1.3353365935002306,1.4916353528460178,1.9104369682546365
L282391,Acid,3,1.6094379124341003,1.4294052202142031,1.6162822649850026,1.2757711368100773,1.4465926042517645,1.5625263006021803
L282391,Dabrafenib,3,1.0986122886681098,1.2955998343662156,1.53153118510485,1.2757711368100773,1.2880204281093404,1.3874820767445457
L282419,Acid,4,1.0986122886681098,1.4591012200707234,1.8559146520634422,1.2694640511716482,1.4558044205637946,1.9327239422269762
L282419,Cisplatin,4,0.6931471805599453,0.9536217875497237,1.3276117289984626,1.2694640511716482,0.9567137714163303,1.3900471465745512
L282419,CoCl2,4,1.3862943611198906,1.1105827756120363,1.44845151631632,1.2694640511716482,1.1295772506690458,1.5173100520827139
L282419,Doxorubicin,4,0.6931471805599453,1.104008862881897,1.5226418473680745,1.2694640511716482,1.1311647764175918,1.5766226360314206
L282925,Cisplatin,4,0.6931471805599453,0.9536217875497237,0.6009979987411102,1.1860698972180472,0.8640435422720015,0.7595055481744655
L282925,CoCl2,4,1.0986122886681098,1.1105827756120363,0.7218377860589678,1.1860698972180472,1.0369070215247174,0.8867684536826281
L283864,Acid,1,1.3862943611198906,1.4447324299693032,1.288965950257265,1.1485950451604479,1.3174825471691356,1.3853507914135499
L2843,CoCl2,4,1.0986122886681098,1.1105827756120363,0.873427090143893,1.2154459289296424,1.0653063876646425,0.9152486891820458
L284309,Acid,0,1.3862943611198906,1.4276384785961345,1.2926947066593124,1.3352882205423853,1.485643494311565,1.1991431516828148
L284309,Doxorubicin,0,0.6931471805599453,1.0906169960232415,0.931592910253114,1.3352882205423853,1.1764861627006562,0.8384001039174476
L284687,Acid,0,1.3862943611198906,1.4276384785961345,1.133537483992264,1.3374107200204763,1.4899873191049147,1.008721457276208
L285082,Acid,0,2.4849066497880004,1.4276384785961345,1.5944840557936857,1.2941905244962293,1.432647576821326,1.70376426442245
L285161,Doxorubicin,4,0.6931471805599453,1.104008862881897,0.8151920454133006,1.0432078958407396,0.903806797046996,0.7893315730467734
L285237,Acid,1,0.6931471805599453,1.4447324299693032,1.9153177849649197,1.2108400110192639,1.4041834926509276,1.8076938587965792
L285237,CoCl2,1,0.6931471805599453,1.1088793216866093,1.525471498873609,1.2108400110192639,1.0949396315304436,1.41934269643704
L286689,Acid,1,0.6931471805599453,1.4447324299693032,1.1153796992418263,1.029568510464038,1.2173482909675328,1.274400703164695
L287148,Acid,3,2.70805020110221,1.4294052202142031,1.178511570263427,1.2460119251321564,1.4231338213080302,1.1543444563832348
L287148,Cisplatin,3,1.6094379124341003,0.9434888376032666,0.6782048196043378,1.2460119251321564,0.9463346024627515,0.6471941785802275
L287148,CoCl2,3,0.6931471805599453,1.1229493612824308,0.8118112736020163,1.2460119251321564,1.153747024382267,0.7763021420003857
L287148,Dabrafenib,3,4.77912349311153,1.2955998343662156,1.0937604903832745,1.2460119251321564,1.264561645165606,0.9793002325256003
L287148,Trametinib,3,4.48863636973214,1.3477797900478352,1.1547493461093112,1.2460119251321564,1.3267693114156074,1.040222142424511
L287522,Trametinib,4,0.6931471805599453,1.39400845125062,1.1285030393093194,1.0843728348178403,1.193555817164388,1.0495462763441317
L287919,Acid,4,0.6931471805599453,1.4591012200707234,1.1484648501086683,1.2583659965368452,1.4401188425531632,1.246688384050879
L287919,CoCl2,4,0.6931471805599453,1.1105827756120363,0.7410017143615463,1.2583659965368452,1.1138916726584145,0.8312744939066162
L287919,Dabrafenib,4,0.6931471805599453,1.315199596110756,1.0459745565219536,1.2583659965368452,1.2695126933545893,1.0042984170757527
L287919,Trametinib,4,0.6931471805599453,1.39400845125062,1.1285030393093194,1.2583659965368452,1.3507550571479123,1.1022305491812143
L288391,Trametinib,4,0.6931471805599453,1.39400845125062,1.2059669182858999,1.310064667707812,1.4094209772101778,1.1731901564739382
L288445,Dabrafenib,3,1.0986122886681098,1.2955998343662156,1.0937604903832745,1.3348712129546072,1.3373480811325646,0.8789258718089156
L288451,Cisplatin,4,0.6931471805599453,0.9536217875497237,0.6009979987411102,1.3516195740393506,1.0396496318393822,0.4621639148240748
L289410,Acid,2,2.4849066497880004,1.4245281818738489,2.3173691800294294,1.282738859021449,1.4522490369586023,2.297981594434288
L289410,CoCl2,2,1.0986122886681098,1.070769265548892,1.8773545536155045,1.282738859021449,1.1290903625345274,1.8573103412301635
L289410,Doxorubicin,2,1.0986122886681098,1.1003288977324217,1.979208709282867,1.282738859021449,1.1680122101900676,1.9468273706119468
L289938,Acid,1,1.0986122886681098,1.4447324299693032,1.7765534949131863,1.2803579064155022,1.452791318734892,1.9891738881267644
L289938,Cisplatin,1,0.6931471805599453,0.9853221182635075,1.2603579996133547,1.2803579064155022,0.9821057951910208,1.4616890167194958
L289938,Dabrafenib,1,0.6931471805599453,1.3466064801566926,1.7094568028746666,1.2803579064155022,1.316068180906448,1.8232045211972578
L289938,Trametinib,1,0.6931471805599453,1.4489731040578087,1.82015427868672,1.2803579064155022,1.411476901913051,1.9245987604206745
L289974,Acid,1,0.6931471805599453,1.4447324299693032,1.1153796992418263,1.1563519281762442,1.3337420276652165,0.9437737844212022
L289974,Cisplatin,1,0.6931471805599453,0.9853221182635075,0.5991842039419948,1.1563519281762442,0.8630565041213455,0.41628891301393356
L29023,Acid,3,1.0986122886681098,1.4294052202142031,1.1279422358880093,1.140741381243868,1.3196276994372989,1.178265518777896
L290279,Acid,2,1.6094379124341003,1.4245281818738489,1.5067301540396583,1.3113376852764214,1.4675288730571932,1.4936229162653427
L290279,Cisplatin,2,0.6931471805599453,0.9540993104414771,0.9712883565797513,1.3113376852764214,1.0001683442394735,0.9615219813477666
L290279,CoCl2,2,1.0986122886681098,1.070769265548892,1.0667155276257334,1.3113376852764214,1.1443701986331183,1.0529516630612181
L290279,Doxorubicin,2,2.302585092994046,1.1003288977324217,1.1685696832930956,1.3113376852764214,1.1832920462886585,1.1424686924430012
L290559,Acid,0,1.0986122886681098,1.4276384785961345,1.1663576894374204,1.3135501475729208,1.4687657258084712,1.1888821012623916
L290603,Acid,1,1.3862943611198906,1.4447324299693032,1.4642753247679134,1.2586125576291647,1.4483852880663635,1.37778890523687
L290603,Cisplatin,1,0.6931471805599453,0.9853221182635075,0.9480798294680819,1.2586125576291647,0.9776997645224924,0.8503040338296013
L290603,CoCl2,1,0.6931471805599453,1.1088793216866093,1.0744290386766029,1.2586125576291647,1.1391414269458795,0.9894377428773308
L290603,Dabrafenib,1,0.6931471805599453,1.3466064801566926,1.3971786327293938,1.2586125576291647,1.3116621502379195,1.2118195383073636
L292026,Acid,3,0.6931471805599453,1.4294052202142031,1.375456895646846,1.252944298537389,1.4285479797122809,1.315356486600391
L292026,Cisplatin,3,1.0986122886681098,0.9434888376032666,0.8751501449877569,1.252944298537389,0.9517487608670023,0.8082062087973836
L292026,CoCl2,3,0.6931471805599453,1.1229493612824308,1.0087565989854355,1.252944298537389,1.1591611827865178,0.9373141722175418
L292268,Acid,4,0.6931471805599453,1.4591012200707234,1.6236667762826735,1.284770437191644,1.473383028475914,1.6102853296985131
L292268,CoCl2,4,3.2188758248682006,1.1105827756120363,1.2162036405355514,1.284770437191644,1.1471558585811652,1.1948714395542506
L292268,Dabrafenib,4,3.2188758248682006,1.315199596110756,1.5211764826959588,1.284770437191644,1.30277687927734,1.3678953627233872
L292296,Cisplatin,3,0.6931471805599453,0.9434888376032666,0.7134786065128551,1.2829512035587534,0.9863358548425466,0.6000084333004682
L292653,Acid,3,0.6931471805599453,1.4294052202142031,1.1967311464578978,1.2882582041127137,1.4582202781605051,1.0942465989116312
L292653,Cisplatin,3,0.6931471805599453,0.9434888376032666,0.6964243957988085,1.2882582041127137,0.9814210593152266,0.5870963211086239
L293016,Acid,2,2.70805020110221,1.4245281818738489,1.4150114962169749,1.2467487371442236,1.420719880997863,1.3769227350902238
L293016,Cisplatin,2,0.6931471805599453,0.9540993104414771,0.8795696987570683,1.2467487371442236,0.9533593521801433,0.8448218001726475
L293016,CoCl2,2,2.833213344056216,1.070769265548892,0.97499686980305,1.2467487371442236,1.097561206573788,0.9362514818860991
L293016,Dabrafenib,2,3.784189633918261,1.272899240139292,1.278468704495097,1.2467487371442236,1.2760334573597856,1.184504211258864
L293016,Doxorubicin,2,2.0794415416798357,1.1003288977324217,1.0768510254704124,1.2467487371442236,1.1364830542293283,1.0257685112678823
L293016,Trametinib,2,2.3978952727983707,1.3613179452904967,1.3796622811986778,1.2467487371442236,1.3617189765953892,1.2783630855636348
L293527,Acid,3,3.713572066704308,1.4294052202142031,2.143903968782811,1.2582166721226387,1.4306079444955033,2.163252046870683
L293527,CoCl2,3,1.0986122886681098,1.1229493612824308,1.7772036721214006,1.2582166721226387,1.16122114756974,1.7852097324878338
L293773,Acid,0,1.0986122886681098,1.4276384785961345,1.2926947066593124,1.3460740668185889,1.4960156364086443,1.377429827670649
L293773,Doxorubicin,0,0.6931471805599453,1.0906169960232415,0.931592910253114,1.3460740668185889,1.1868583047977357,1.0166867799052817
L293998,Acid,2,1.0986122886681098,1.4245281818738489,1.274896025074978,1.3569096497924755,1.5082049318906783,1.365942078104998
L294380,Acid,3,2.0794415416798357,1.4294052202142031,1.351845444419875,1.2415511073994818,1.414036402454378,1.2733466636980257
L294380,Dabrafenib,3,1.0986122886681098,1.2955998343662156,1.2670943645397226,1.2415511073994818,1.2554642263119538,1.098302439840391
L294380,Doxorubicin,3,0.6931471805599453,1.059425212089834,1.0088248557091393,1.2415511073994818,1.073851759818901,0.9061255939723346
L294380,Trametinib,3,0.6931471805599453,1.3477797900478352,1.3280832202657593,1.2415511073994818,1.317671892561955,1.159224349739302
L294541,Acid,2,1.3862943611198906,1.4245281818738489,1.1373793471125455,1.3506431309995472,1.516354455464514,1.2611818516856201
L294541,Cisplatin,2,1.0986122886681098,0.9540993104414771,0.6019375496526387,1.3506431309995472,1.0489939266467945,0.7290809167680439
L294541,Dabrafenib,2,5.293304824724492,1.272899240139292,1.0008365553906673,1.3506431309995472,1.3716680318264365,1.0687633278542603
L294541,Doxorubicin,2,1.0986122886681098,1.1003288977324217,0.7992188763659827,1.3506431309995472,1.2321176286959794,0.9100276278632785
L294541,Trametinib,2,5.568344503761097,1.3613179452904967,1.1020301320942483,1.3506431309995472,1.4573535510620403,1.1626222021590311
L295193,Acid,1,1.6094379124341003,1.4447324299693032,1.493991979828648,1.2801413971443873,1.4480715943925937,1.5183185939943087
L295193,Cisplatin,1,0.6931471805599453,0.9853221182635075,0.9777964845288165,1.2801413971443873,0.9773860708487225,0.9908337225870401
L295193,CoCl2,1,1.3862943611198906,1.1088793216866093,1.1041456937373375,1.2801413971443873,1.1388277332721097,1.1299674316347694
L295193,Dabrafenib,1,0.6931471805599453,1.3466064801566926,1.4268952877901284,1.2801413971443873,1.3113484565641498,1.3523492270648023
L295193,Doxorubicin,1,0.6931471805599453,1.0695168105300787,1.133997169088774,1.2801413971443873,1.0998983579942132,1.125662007084986
L295492,Acid,0,1.0986122886681098,1.4276384785961345,1.7111266174033748,1.244556601986475,1.3947887279118398,1.7646731724114553
L295561,Acid,0,2.0794415416798357,1.4276384785961345,1.4534988378905378,1.3153011848693752,1.4678118550085806,1.4346452321059187
L295561,CoCl2,0,1.0986122886681098,1.1370030390709425,1.0631122310127261,1.3153011848693752,1.1961086993571097,1.0834454357943677
L295561,Dabrafenib,0,3.044522437723423,1.3293740847986915,1.3683893179685396,1.3153011848693752,1.3605662115931234,1.3045507327283032
L295561,Doxorubicin,0,1.791759469228055,1.0906169960232415,1.0923970414843394,1.3153011848693752,1.158654523397672,1.0739021843405514
L295561,Trametinib,0,2.70805020110221,1.4533565151718433,1.5117073781390988,1.3153011848693752,1.4754419188832326,1.4249249146038452
L296189,Acid,1,0.6931471805599453,1.4447324299693032,1.8126432460123483,1.3388001863724153,1.4913016329741742,1.8262371627230554
L296189,Doxorubicin,1,3.258096538021482,1.0695168105300787,1.4526484352724742,1.3388001863724153,1.1431283965757935,1.4335805758137325
L296371,Acid,1,1.791759469228055,1.4447324299693032,1.566077395406361,1.2951300161983224,1.4756187466637505,1.641845436426085
L296371,Dabrafenib,1,1.791759469228055,1.3466064801566926,1.4989807033678413,1.2951300161983224,1.3388956088353066,1.4758760694965787
L296371,Trametinib,1,2.3978952727983707,1.4489731040578087,1.6096781791798944,1.2951300161983224,1.4343043298419098,1.5772703087199949
L296406,Cisplatin,1,0.6931471805599453,0.9853221182635075,0.7727704549574336,1.2302950269592106,0.9407228596718312,0.8309837974478066
L297256,Acid,1,2.833213344056216,1.4447324299693032,1.3880673274187865,1.277929186281681,1.4564367735714883,1.4220611229342188
L297256,Trametinib,1,0.6931471805599453,1.4489731040578087,1.4316681111923202,1.277929186281681,1.4151223567496474,1.3574859952281288
L297967,Doxorubicin,4,0.6931471805599453,1.104008862881897,0.858024308661853,1.1373118713010766,1.0097921125333773,0.7934372617990328
L297967,Trametinib,4,0.6931471805599453,1.39400845125062,1.1713353025578717,1.1373118713010766,1.2450679712743293,1.005080733124924
L298485,Acid,3,1.791759469228055,1.4294052202142031,1.2428026396478977,1.175025426316009,1.3574287714404099,1.2730008669445196
L299027,Trametinib,0,1.3862943611198906,1.4533565151718433,1.2245662296859816,1.2334404204508045,1.3861516091446262,1.1300252053350164
L29912,Acid,3,1.6094379124341003,1.4294052202142031,1.178511570263427,1.42958708031865,1.5952205552331504,1.082752545470335
L29912,Dabrafenib,3,0.6931471805599453,1.2955998343662156,1.0937604903832745,1.42958708031865,1.4366483790907265,0.9077083216127004
L29912,Trametinib,3,0.6931471805599453,1.3477797900478352,1.1547493461093112,1.42958708031865,1.4988560453407278,0.9686302315116112
L300077,Dabrafenib,3,0.6931471805599453,1.2955998343662156,1.043191156007857,1.1529668715938008,1.1833527093664709,1.0034740157023792
L300084,Acid,1,0.6931471805599453,1.4447324299693032,1.2616800393669754,1.3218368017424245,1.498586512003461,1.0231783514389123
L300084,Trametinib,1,0.6931471805599453,1.4489731040578087,1.3052808231405089,1.3218368017424245,1.45727209518162,0.9586032237328221
L302148,Acid,1,0.6931471805599453,1.4447324299693032,1.142665610132116,1.0396822170069289,1.2283590249472445,1.264780357549322
L302148,Dabrafenib,1,2.70805020110221,1.3466064801566926,1.0755689180935966,1.0396822170069289,1.0916358871188008,1.0988109906198154
L302148,Trametinib,1,3.044522437723423,1.4489731040578087,1.1862663939056497,1.0396822170069289,1.1870446081254036,1.200205229843232
L302652,Acid,2,0.6931471805599453,1.4245281818738489,1.4822081682814248,1.333377998375565,1.4977819313721787,1.5574296125130642
L302757,Acid,0,0.6931471805599453,1.4276384785961345,1.133537483992264,1.309369095496649,1.4461860574463041,0.9053121478854034
L302938,Acid,2,0.6931471805599453,1.4245281818738489,1.1459943650045243,1.2204771140588997,1.4059720321748563,1.09540237838855
L303207,Acid,2,1.0986122886681098,1.4245281818738489,1.1470784836126513,1.251003201410965,1.410644614571733,1.1235932999105698
L30334,Acid,2,2.70805020110221,1.4245281818738489,1.39758066870472,1.3379026433106076,1.4913185817736734,1.3745218564290589
L30334,Doxorubicin,2,0.6931471805599453,1.1003288977324217,1.0594201979581575,1.3379026433106076,1.207081755005139,1.0233676326067174
L30334,Trametinib,2,0.6931471805599453,1.3613179452904967,1.362231453686423,1.3379026433106076,1.4323176773711999,1.2759622069024696
L303711,Acid,3,1.0986122886681098,1.4294052202142031,1.7094832736148868,1.2466355159596512,1.4251125518010392,1.756623326003551
L303711,Cisplatin,3,7.343426229147367,0.9434888376032666,1.2091765229557976,1.2466355159596512,0.9483133329557606,1.2494730482005436
L303711,CoCl2,3,1.9459101490553132,1.1229493612824308,1.342782976953476,1.2466355159596512,1.155725754875276,1.3785810116207018
L303711,Doxorubicin,3,2.0794415416798357,1.059425212089834,1.366462684904151,1.2466355159596512,1.0849279091655624,1.3894022562778598
L303910,Acid,0,1.3862943611198906,1.4276384785961345,1.5539093391386354,1.268473586109279,1.4243022295496146,1.4747948735653704
L303910,Cisplatin,0,0.6931471805599453,0.9726711059332541,1.0550969908843533,1.268473586109279,0.9691102280916754,1.0162750291918243
L303910,Doxorubicin,0,0.6931471805599453,1.0906169960232415,1.192807542732437,1.268473586109279,1.115144897938706,1.114051825800003
L303910,Trametinib,0,0.6931471805599453,1.4533565151718433,1.6121178793871966,1.268473586109279,1.4319322934242666,1.4650745560632967
L303918,Acid,0,3.5263605246161616,1.4276384785961345,2.298193936576096,1.263662974170385,1.4243474312289515,2.2554322986371975
L303918,Cisplatin,0,2.4849066497880004,0.9726711059332541,1.799381588321814,1.263662974170385,0.9691554297710121,1.7969124542636512
L303918,CoCl2,0,2.833213344056216,1.1370030390709425,1.9078073296982845,1.263662974170385,1.1526442755774806,1.9042325023256463
L303918,Doxorubicin,0,6.1092475827643655,1.0906169960232415,1.9370921401698977,1.263662974170385,1.1151900996180428,1.89468925087183
L303918,Trametinib,0,0.6931471805599453,1.4533565151718433,2.356402476824657,1.263662974170385,1.4319774951036035,2.245711981135124
L304229,Doxorubicin,0,1.0986122886681098,1.0906169960232415,0.8671925623295174,1.1621862811724748,1.0151997360586804,0.751843067735721
L304427,Acid,2,1.3862943611198906,1.4245281818738489,1.8761004442397617,1.2154843628234018,1.3873646699148046,1.9258321919223398
L304427,CoCl2,2,2.0794415416798357,1.070769265548892,1.4360858178258367,1.2154843628234018,1.0642059954907297,1.485160938718215
L304427,Dabrafenib,2,3.6635616461296463,1.272899240139292,1.7395576525178837,1.2154843628234018,1.2426782462767272,1.73341366809098
L304427,Doxorubicin,2,0.6931471805599453,1.1003288977324217,1.537939973493199,1.2154843628234018,1.1031278431462699,1.5746779680999983
L304427,Trametinib,2,1.0986122886681098,1.3613179452904967,1.8407512292214645,1.2154843628234018,1.3283637655123308,1.8272725423957508
L304696,Acid,2,2.0794415416798357,1.4245281818738489,1.8932844461837484,1.3652829104965059,1.5132921211973622,1.9296516049503976
L304696,Cisplatin,2,1.3862943611198906,0.9540993104414771,1.3578426487238415,1.3652829104965059,1.0459315923796426,1.3975506700328213
L304696,CoCl2,2,1.0986122886681098,1.070769265548892,1.4532698197698235,1.3652829104965059,1.1901334467732874,1.4889803517462727
L305324,Doxorubicin,4,1.0986122886681098,1.104008862881897,0.8151920454133006,1.2626247941394622,1.1158295870795816,0.8680064906952136
L305688,Acid,3,2.5649493574615367,1.4294052202142031,1.8105215697632597,1.2728201810203652,1.4481099905933805,1.7484822712466768
L305688,Cisplatin,3,0.6931471805599453,0.9434888376032666,1.3102148191041705,1.2728201810203652,0.971310771748102,1.2413319934436693
L305688,CoCl2,3,1.6094379124341003,1.1229493612824308,1.4438212731018492,1.2728201810203652,1.1787231936676175,1.3704399568638275
L305688,Dabrafenib,3,0.6931471805599453,1.2955998343662156,1.7257704898831072,1.2728201810203652,1.2895378144509566,1.573438047389042
L305830,Acid,0,2.995732273553991,1.4276384785961345,2.0430906073513033,1.2539549396791916,1.4154083147899057,2.0651964517505323
L305830,Cisplatin,0,1.0986122886681098,0.9726711059332541,1.5442782590970212,1.2539549396791916,0.9602163133319664,1.606676607376986
L305830,CoCl2,0,0.6931471805599453,1.1370030390709425,1.6527040004734916,1.2539549396791916,1.1437051591384348,1.7139966554389812
L305830,Dabrafenib,0,2.772588722239781,1.3293740847986915,1.957981087429305,1.2539549396791916,1.3081626713744485,1.935101952372917
L305830,Doxorubicin,0,1.3862943611198906,1.0906169960232415,1.6819888109451049,1.2539549396791916,1.106250983178997,1.7044534039851649
L305830,Trametinib,0,3.258096538021482,1.4533565151718433,2.1012991475998644,1.2539549396791916,1.4230383786645577,2.0554761342484587
L306326,Acid,4,0.6931471805599453,1.4591012200707234,1.1484648501086683,1.2147150604942416,1.3931204004252031,1.1746323385201785
L306326,Doxorubicin,4,1.0986122886681098,1.104008862881897,0.8151920454133006,1.2147150604942416,1.0684807562790004,0.8185310323246229
L306327,Acid,4,2.0794415416798357,1.4591012200707234,1.1484648501086683,1.1935072495443844,1.380197766098747,1.0676009142516483
L306327,CoCl2,4,0.6931471805599453,1.1105827756120363,0.7410017143615463,1.1935072495443844,1.0539705962039982,0.6521870241073858
L306369,Trametinib,0,1.0986122886681098,1.4533565151718433,1.2865028989842768,1.3801908255109765,1.534425848929063,1.239206642573945
L306454,Trametinib,4,0.6931471805599453,1.39400845125062,1.1285030393093194,1.3976756671781365,1.4713867167155197,0.9199183913425918
L306495,Acid,4,0.6931471805599453,1.4591012200707234,1.455947050613716,1.3527690086477195,1.5297483470354554,1.6234911338883953
L306495,CoCl2,4,0.6931471805599453,1.1105827756120363,1.0484839148665939,1.3527690086477195,1.2035211771407066,1.2080772437441327
L306495,Dabrafenib,4,1.3862943611198906,1.315199596110756,1.353456757027001,1.3527690086477195,1.3591421978368814,1.3811011669132693
L306495,Doxorubicin,4,1.3862943611198906,1.104008862881897,1.1226742459183483,1.3527690086477195,1.2051087028892526,1.2673898276928397
L306495,Trametinib,4,1.3862943611198906,1.39400845125062,1.4359852398143669,1.3527690086477195,1.4403845616302045,1.479033299018731
L30697,Cisplatin,1,0.6931471805599453,0.9853221182635075,0.8746179855914751,1.2915170169072272,1.0039464749563878,0.809932605785539
L30697,Doxorubicin,1,0.6931471805599453,1.0695168105300787,1.0308186701514326,1.2915170169072272,1.1264587621018785,0.9447608902834849
L30726,Acid,2,1.6094379124341003,1.4245281818738489,1.6111317521263588,1.2266077543009999,1.3948763014165326,1.7374024975345312
L30726,Doxorubicin,2,0.6931471805599453,1.1003288977324217,1.272971281379796,1.2266077543009999,1.1106394746479982,1.3862482737121897
L307329,Acid,1,2.6390573296152584,1.4447324299693032,1.8807581702289327,1.3568334313339128,1.5222483815618209,1.9173034946200251
L307329,Doxorubicin,1,0.6931471805599453,1.0695168105300787,1.5207633594890586,1.3568334313339128,1.1740751451634401,1.5246469077107023
L307963,Acid,2,1.791759469228055,1.4245281818738489,1.6490354609538642,1.2476574976035895,1.4089727727095394,1.7514948925866616
L307963,Trametinib,2,1.0986122886681098,1.3613179452904967,1.6136862459355672,1.2476574976035895,1.3499718683070656,1.6529352430600723
L308730,Acid,1,1.0986122886681098,1.4447324299693032,1.602167146505523,1.3361620603403332,1.5046314184195957,1.5667230889609087
L308730,Cisplatin,1,0.6931471805599453,0.9853221182635075,1.0859716512056914,1.3361620603403332,1.0339458948757245,1.03923821755364
L309032,Dabrafenib,3,3.091042453358316,1.2955998343662156,1.0937604903832745,1.3879197765358766,1.4030274453812166,1.4362205183550631
L309032,Trametinib,3,2.0794415416798357,1.3477797900478352,1.1547493461093112,1.3879197765358766,1.465235111631218,1.4971424282539738
L309787,Acid,1,0.6931471805599453,1.4447324299693032,1.142665610132116,1.168244750847372,1.360020973428108,1.308674771100975
L310044,Acid,0,1.0986122886681098,1.4276384785961345,1.2282943587357158,1.2376481484359272,1.3908803036463029,1.3649075141773261
L3102,Doxorubicin,4,0.6931471805599453,1.104008862881897,1.0500259089385324,1.3674025475229807,1.2097408196332708,1.0864991393240686
L310359,Acid,4,1.0986122886681098,1.4591012200707234,1.3110309963086193,1.3940775347274463,1.5709707545849112,1.2339689558713678
L310647,Acid,4,0.6931471805599453,1.4591012200707234,1.2259287290852487,1.2888277673060922,1.4676879698640255,1.1583148172405082
L310983,Doxorubicin,1,0.6931471805599453,1.0695168105300787,0.782670799392242,1.474009912278842,1.3249056146079905,1.2553659963483579
L31111,Acid,3,3.970291913552122,1.4294052202142031,1.9587292238246437,1.2906733050556283,1.4645925525558046,1.9550620588805918
L31111,Cisplatin,3,0.6931471805599453,0.9434888376032666,1.4584224731655544,1.2906733050556283,0.9877933337105259,1.4479117810775843
L31111,Dabrafenib,3,2.302585092994046,1.2955998343662156,1.8739781439444911,1.2906733050556283,1.3060203764133804,1.780017835022957
L31111,Trametinib,3,1.6094379124341003,1.3477797900478352,1.9349669996705279,1.2906733050556283,1.368228042663382,1.8409397449218678
L311233,Dabrafenib,2,0.6931471805599453,1.272899240139292,1.0105356918907733,1.1711394488627782,1.2222262175208691,0.963831970228191
L311233,Trametinib,2,0.6931471805599453,1.3613179452904967,1.1117292685943543,1.1711394488627782,1.3079117367564728,1.0576908445329618
L312082,Acid,1,1.6094379124341003,1.4447324299693032,1.582101385495846,1.341532011642268,1.5125116633707678,1.628441905745503
L312082,Doxorubicin,1,1.3862943611198906,1.0695168105300787,1.2221065747559718,1.341532011642268,1.1643384269723873,1.2357853188361803
L312238,Dabrafenib,2,0.6931471805599453,1.272899240139292,1.261037876982842,1.1774686835625816,1.2156483238800229,1.1614858172062585
L312238,Trametinib,2,1.3862943611198906,1.3613179452904967,1.362231453686423,1.1774686835625816,1.3013338431156265,1.2553446915110293
L312519,Trametinib,1,0.6931471805599453,1.4489731040578087,1.2928608562681139,1.3966430986656353,1.532371493065769,1.4699196209776617
L312932,Acid,3,0.6931471805599453,1.4294052202142031,1.276881645129364,1.304214654233862,1.4803943210057353,1.1672365812511225
L312932,Doxorubicin,3,0.6931471805599453,1.059425212089834,0.933861056418628,1.304214654233862,1.1402096783702584,0.8000155115254313
L31386,Acid,4,0.6931471805599453,1.4591012200707234,1.2938162601552212,1.3301914940267578,1.507178556476206,1.2682062530995761
L31386,Dabrafenib,4,0.6931471805599453,1.315199596110756,1.1913259665685065,1.3301914940267578,1.336572407277632,1.0258162861244502
L31386,Trametinib,4,1.0986122886681098,1.39400845125062,1.2738544493558723,1.3301914940267578,1.417814771070955,1.1237484182299118
L314514,Acid,2,1.9459101490553132,1.4245281818738489,1.978143058472401,1.3524258568038918,1.5153527271126657,1.9567077455189092
L314514,CoCl2,2,1.791759469228055,1.070769265548892,1.538128432058476,1.3524258568038918,1.1921940526885908,1.5160364923147847
L314514,Dabrafenib,2,1.0986122886681098,1.272899240139292,1.841600266750523,1.3524258568038918,1.3706663034745883,1.7642892216875494
L314514,Doxorubicin,2,0.6931471805599453,1.1003288977324217,1.6399825877258383,1.3524258568038918,1.231115900344131,1.6055535216965677
L314603,Acid,2,1.0986122886681098,1.4245281818738489,1.3732545811776262,1.2331598654542224,1.408630083697233,1.3409271786378485
L314603,CoCl2,2,0.6931471805599453,1.070769265548892,0.9332399547637014,1.2331598654542224,1.085471409273158,0.9002559254337238
L314894,Acid,1,3.4657359027997265,1.4447324299693032,2.2391536680984556,1.3597568472532333,1.5275728037751468,2.278497836187202
L314894,Cisplatin,1,2.1972245773362196,0.9853221182635075,1.7229581727986238,1.3597568472532333,1.0568872802312756,1.7510129647799335
L314894,CoCl2,1,3.784189633918261,1.1088793216866093,1.8493073820071448,1.3597568472532333,1.2183289426546628,1.8901466738276629
L314894,Dabrafenib,1,1.0986122886681098,1.3466064801566926,2.1720569760599355,1.3597568472532333,1.390849665946703,2.1125284692576956
L314894,Doxorubicin,1,2.772588722239781,1.0695168105300787,1.8791588573585813,1.3597568472532333,1.1793995673767663,1.8858412492778793
L314894,Trametinib,1,0.6931471805599453,1.4489731040578087,2.282754451871989,1.3597568472532333,1.486258386953306,2.213922708481112
L31510,CoCl2,3,0.6931471805599453,1.1229493612824308,0.7612419392265988,0.9701624008658305,0.9092762458903246,0.7229724443900211
L31510,Dabrafenib,3,0.6931471805599453,1.2955998343662156,1.043191156007857,0.9701624008658305,1.0200908666736637,0.9259705349152356
L31510,Trametinib,3,1.0986122886681098,1.3477797900478352,1.1041800117338938,0.9701624008658305,1.082298532923665,0.9868924448141464
L315594,Acid,2,0.6931471805599453,1.4245281818738489,1.432644220774092,1.3293947504841244,1.505851686372864,1.3633107994820561
L315594,Doxorubicin,2,0.6931471805599453,1.1003288977324217,1.0944837500275293,1.3293947504841244,1.2216148596043293,1.0121565756597146
L3157,Acid,3,1.3862943611198906,1.4294052202142031,1.1279422358880093,1.1720899019367546,1.3661794170692403,1.149626941005697
L3157,Doxorubicin,3,0.6931471805599453,1.059425212089834,0.7849216471772735,1.1720899019367546,1.0259947744337636,0.7824058712800057
L315953,Doxorubicin,3,2.9444389791664403,1.059425212089834,1.1387440961289863,1.2395819243638848,1.0700132632739665,1.1393770351538872
L316034,Trametinib,3,1.0986122886681098,1.3477797900478352,1.1547493461093112,1.4368026028917371,1.4930066563881634,0.995097968943151
L3161,Trametinib,1,0.6931471805599453,1.4489731040578087,1.3052808231405089,1.293360435851792,1.429391154218512,1.201656899024401
L316393,Doxorubicin,1,1.0986122886681098,1.0695168105300787,1.1521094764158444,1.3473689209216746,1.1760210757310627,1.09511361175317
L316533,Acid,2,3.1354942159291497,1.4245281818738489,1.9293875995196152,1.396473721882109,1.5480325433395576,1.9494579450183098
L316533,Cisplatin,2,0.6931471805599453,0.9540993104414771,1.3939458020597084,1.396473721882109,1.080672014521838,1.4173570101007336
L316533,Doxorubicin,2,1.6094379124341003,1.1003288977324217,1.5912271287730526,1.396473721882109,1.263795716571023,1.5983037211959683
L3167,CoCl2,2,1.3862943611198906,1.070769265548892,0.9194997131631949,1.2610841733123042,1.099545408051934,0.9757587025346399
L3167,Doxorubicin,2,1.0986122886681098,1.1003288977324217,1.0213538688305572,1.2610841733123042,1.1384672557074744,1.0652757319164232
L316748,Doxorubicin,4,0.6931471805599453,1.104008862881897,0.8151920454133006,1.1600002485935381,1.0215052951584798,0.8956968637998195
L316821,Acid,0,0.6931471805599453,1.4276384785961345,1.1375271662912814,1.2010520771627258,1.3469523238980678,1.0901003330446908
L316821,CoCl2,0,1.0986122886681098,1.1370030390709425,0.7471405594134696,1.2010520771627258,1.075249168246597,0.7389005367331397
L318033,Acid,2,2.772588722239781,1.4245281818738489,1.8054004935325925,1.229736275291036,1.4073578427324818,1.7445415425608513
L318033,CoCl2,2,0.6931471805599453,1.070769265548892,1.3653858671186676,1.229736275291036,1.084199168308407,1.3038702893567267
L318033,Doxorubicin,2,0.6931471805599453,1.1003288977324217,1.4672400227860298,1.229736275291036,1.123121015963947,1.3933873187385097
L31852,Acid,2,3.871201010907891,1.4245281818738489,2.5637411272229453,1.2884107473770494,1.4568822749501191,2.55272653305063
L31852,Cisplatin,2,2.1972245773362196,0.9540993104414771,2.0282993297630383,1.2884107473770494,0.9895217461323996,2.020625598133054
L31852,CoCl2,2,2.0794415416798357,1.070769265548892,2.1237265008090205,1.2884107473770494,1.1337236005260443,2.1120552798465058
L31852,Doxorubicin,2,2.833213344056216,1.1003288977324217,2.2255806564763825,1.2884107473770494,1.1726454481815844,2.201572309228289
L31856,Acid,4,1.6094379124341003,1.4591012200707234,1.9223868819355068,1.2572921020229884,1.4495728205102567,1.8985386856921562
L31856,Cisplatin,4,1.0986122886681098,0.9536217875497237,1.3940839588705272,1.2572921020229884,0.9504821713627924,1.3558618900397308
L31856,CoCl2,4,1.791759469228055,1.1105827756120363,1.5149237461883847,1.2572921020229884,1.1233456506155082,1.4831247955478934
L31856,Dabrafenib,4,1.3862943611198906,1.315199596110756,1.8198965883487919,1.2572921020229884,1.278966671311683,1.65614871871703
L31856,Trametinib,4,1.0986122886681098,1.39400845125062,1.9024250711361577,1.2572921020229884,1.3602090351050058,1.7540808508224917
L31872,Acid,4,0.6931471805599453,1.4591012200707234,1.2918670680060407,1.4474458010964235,1.6160459391418058,1.2677731629487872
L319115,CoCl2,4,1.0986122886681098,1.1105827756120363,0.7218377860589678,1.4994360555153972,1.3678244276734888,1.4704348030459586
L319115,Dabrafenib,4,2.833213344056216,1.315199596110756,1.026810628219375,1.4994360555153972,1.5234454483696636,1.6434587262150953
L319115,Trametinib,4,2.8903717578961645,1.39400845125062,1.1093391110067408,1.4994360555153972,1.6046878121629866,1.7413908583205568
L319318,Doxorubicin,2,0.6931471805599453,1.1003288977324217,0.7992188763659827,1.328324527771487,1.198333663226811,0.8665469317481803
L319523,Acid,4,0.6931471805599453,1.4591012200707234,1.1912971133572208,1.1571959042861386,1.3526420246725617,1.1798862473270515
L319635,Acid,1,1.0986122886681098,1.4447324299693032,1.5569243071407217,1.1417282397709083,1.3269960958788023,1.6025677755820051
L319635,Dabrafenib,1,0.6931471805599453,1.3466064801566926,1.489827615102202,1.1417282397709083,1.1902729580503584,1.4365984086524985
L319635,Doxorubicin,1,0.6931471805599453,1.0695168105300787,1.1969294964008477,1.1417282397709083,0.9788228594804219,1.2099111886726823
L320444,Acid,2,0.6931471805599453,1.4245281818738489,1.39758066870472,1.3175961498437858,1.4769060212426524,1.5356035908630408
L320444,Cisplatin,2,0.6931471805599453,0.9540993104414771,0.8621388712448134,1.3175961498437858,1.0095454924249327,1.0035026559454643
L320444,Dabrafenib,2,2.0794415416798357,1.272899240139292,1.261037876982842,1.3175961498437858,1.332219597604575,1.3431850670316807
L320444,Doxorubicin,2,1.3862943611198906,1.1003288977324217,1.0594201979581575,1.3175961498437858,1.1926691944741177,1.184449367040699
L320444,Trametinib,2,1.3862943611198906,1.3613179452904967,1.362231453686423,1.3175961498437858,1.4179051168401786,1.4370439413364515
L320454,Acid,4,0.6931471805599453,1.4591012200707234,1.1484648501086683,1.1411643796088693,1.3300461850616707,1.0845141589902019
L320820,Acid,3,3.871201010907891,1.4294052202142031,2.2878098828598517,1.2361702597261908,1.410753651671019,2.3363563308800455
L320820,Cisplatin,3,1.3862943611198906,0.9434888376032666,1.7875031322007624,1.2361702597261908,0.9339544328257404,1.829206053077038
L320820,CoCl2,3,2.4849066497880004,1.1229493612824308,1.9211095861984409,1.2361702597261908,1.141366854745256,1.9583140164971962
L320820,Dabrafenib,3,1.0986122886681098,1.2955998343662156,2.203058802979699,1.2361702597261908,1.252181475528595,2.161312107022411
L320820,Doxorubicin,3,2.1972245773362196,1.059425212089834,1.9447892941491156,1.2361702597261908,1.0705690090355422,1.9691352611543542
L320820,Trametinib,3,0.6931471805599453,1.3477797900478352,2.264047658705736,1.2361702597261908,1.3143891417785964,2.2222340169213215
L321183,Acid,4,1.0986122886681098,1.4591012200707234,1.3110309963086193,1.1833786792573986,1.3664444195567251,1.3338683011121455
L321183,Cisplatin,4,0.6931471805599453,0.9536217875497237,0.7827280732436397,1.1833786792573986,0.867353770409261,0.7911915054597204
L321201,Acid,2,1.0986122886681098,1.4245281818738489,1.1470784836126513,0.9894286674622171,1.1821603573822703,1.139122586685431
L321201,Cisplatin,2,0.6931471805599453,0.9540993104414771,0.6116366861527445,0.9894286674622171,0.7147998285645509,0.6070216517678547
L321201,CoCl2,2,0.6931471805599453,1.070769265548892,0.7070638571987264,0.9894286674622171,0.8590016829581955,0.6984513334813063
L321201,Trametinib,2,0.6931471805599453,1.3613179452904967,1.1117292685943543,0.9894286674622171,1.1231594529797966,1.040562937158842
L321617,CoCl2,1,2.1972245773362196,1.1088793216866093,0.9971364030205889,1.254919344919298,1.1376800375052247,0.7721371322224047
L321617,Doxorubicin,1,0.6931471805599453,1.0695168105300787,1.0269878783720254,1.254919344919298,1.0987506622273282,0.7678317076726212
L321617,Trametinib,1,0.6931471805599453,1.4489731040578087,1.430583472885433,1.254919344919298,1.4056094818038678,1.095913166875854
L322064,Acid,3,0.6931471805599453,1.4294052202142031,1.178511570263427,1.4026081120508564,1.5314036160904898,1.2324988525810696
L322777,Acid,4,3.4965075614664802,1.4591012200707234,2.1064694744736676,1.3035291845633445,1.4762356190065813,2.2221968566053665
L322777,Doxorubicin,4,0.6931471805599453,1.104008862881897,1.7731966697783,1.3035291845633445,1.1515959748603786,1.866095550409811
L32307,Acid,0,1.0986122886681098,1.4276384785961345,1.1663576894374204,1.3547641982875023,1.5082600395529282,1.0687015368940582
L32307,Cisplatin,0,0.6931471805599453,0.9726711059332541,0.6675453411831382,1.3547641982875023,1.0530680380949888,0.6101816925205121
L32307,Dabrafenib,0,0.6931471805599453,1.3293740847986915,1.0812481695154221,1.3547641982875023,1.4010143961374708,0.9386070375164429
L323345,Acid,4,2.0794415416798357,1.4591012200707234,1.280890225891015,1.2223375995707033,1.413788679134854,1.2543767388403761
L323345,Cisplatin,4,1.0986122886681098,0.9536217875497237,0.7525873028260356,1.2223375995707033,0.9146980299873896,0.711699943187951
L323345,Dabrafenib,4,1.0986122886681098,1.315199596110756,1.1783999323043002,1.2223375995707033,1.24318252993628,1.0119867718652502
L323345,Doxorubicin,4,0.6931471805599453,1.104008862881897,0.9476174211956474,1.2223375995707033,1.089149034988651,0.8982754326448206
L323345,Trametinib,4,1.3862943611198906,1.39400845125062,1.2609284150916662,1.2223375995707033,1.324424893729603,1.1099189039707118
L323769,Acid,0,0.6931471805599453,1.4276384785961345,1.284715342061278,1.2929189949308935,1.4523731461239797,1.2295263779207424
L323778,Acid,4,0.6931471805599453,1.4591012200707234,1.1912971133572208,1.246136491659871,1.4140850443602588,1.229458163552869
L323778,Dabrafenib,4,0.6931471805599453,1.315199596110756,1.088806819770506,1.246136491659871,1.243478895161685,0.987068196577743
L324293,Doxorubicin,1,2.1972245773362196,1.0695168105300787,0.782670799392242,1.0052294984039465,0.8641199248676897,0.7431967759011662
L3243,Doxorubicin,0,1.3862943611198906,1.0906169960232415,0.8671925623295174,1.286602581071258,1.1228533142957426,1.0006606179603965
L325741,Acid,0,3.1354942159291497,1.4276384785961345,2.0430906073513033,1.3025993032229866,1.4489637745844963,2.0325706354032542
L325741,CoCl2,0,1.6094379124341003,1.1370030390709425,1.6527040004734916,1.3025993032229866,1.1772606189330252,1.681370839091703
L326124,Cisplatin,1,0.6931471805599453,0.9853221182635075,0.6264701148322847,1.150250627135587,0.8385074024316115,0.8044587570726589
L326420,Acid,3,1.6094379124341003,1.4294052202142031,1.1279422358880093,1.2880390867498879,1.4469466478284834,1.125121591657446
L3265,Acid,4,2.3978952727983707,1.4591012200707234,1.8054999535179874,1.3199532387468174,1.501626854602732,1.7813836067422748
L3265,CoCl2,4,1.6094379124341003,1.1105827756120363,1.3980368177708653,1.3199532387468174,1.1753996847079833,1.3659697165980123
L3265,Dabrafenib,4,1.791759469228055,1.315199596110756,1.7030096599312725,1.3199532387468174,1.3310207054041583,1.5389936397671489
L3265,Doxorubicin,4,1.6094379124341003,1.104008862881897,1.4722271488226195,1.3199532387468174,1.1769872104565293,1.4252823005467192
L3265,Trametinib,4,0.6931471805599453,1.39400845125062,1.7855381427186383,1.3199532387468174,1.4122630691974813,1.6369257718726105
L326812,Dabrafenib,4,0.6931471805599453,1.315199596110756,1.3058636878686054,1.042032941342332,1.071544793425999,1.2564414552230072
L327389,Acid,1,1.3862943611198906,1.4447324299693032,1.3473413828821037,1.2605334914250201,1.4291264917945963,1.4509032652745844
L327389,CoCl2,1,0.6931471805599453,1.1088793216866093,0.9574950967907931,1.2605334914250201,1.1198826306741123,1.062552102915045
L327389,Dabrafenib,1,0.6931471805599453,1.3466064801566926,1.280244690843584,1.2605334914250201,1.2924033539661524,1.2849338983450778
L327389,Trametinib,1,0.6931471805599453,1.4489731040578087,1.3909421666556372,1.2605334914250201,1.3878120749727554,1.3863281375684942
L327712,Dabrafenib,3,0.6931471805599453,1.2955998343662156,1.043191156007857,1.2417058762876438,1.2659988962508133,0.9864123833303773
L328087,Acid,0,1.3862943611198906,1.4276384785961345,1.3664709616457045,1.356308968524121,1.5014570967365808,1.3193360642214784
L328087,Doxorubicin,0,0.6931471805599453,1.0906169960232415,1.005369165239506,1.356308968524121,1.192299765125672,0.9585930164561111
L328087,Trametinib,0,0.6931471805599453,1.4533565151718433,1.4246795018942657,1.356308968524121,1.5090871606112326,1.3096157467194047
L328955,Acid,3,3.044522437723423,1.4294052202142031,2.0981962530806477,1.3441290561402468,1.5088427950099021,2.0994662354520393
L328955,Cisplatin,3,0.6931471805599453,0.9434888376032666,1.5978895024215585,1.3441290561402468,1.0320435761646234,1.5923159576490318
L328955,CoCl2,3,0.6931471805599453,1.1229493612824308,1.731495956419237,1.3441290561402468,1.2394559980841389,1.72142392106919
L328955,Doxorubicin,3,3.4011973816621555,1.059425212089834,1.755175664369912,1.3441290561402468,1.1686581523744253,1.732245165726348
L329364,Acid,0,1.3862943611198906,1.4276384785961345,1.3601474648119714,1.246376349082868,1.3906415270337782,1.3240994708539364
L329364,Cisplatin,0,0.6931471805599453,0.9726711059332541,0.8613351165576891,1.246376349082868,0.9354495255758389,0.8655796264803903
L329364,Dabrafenib,0,2.302585092994046,1.3293740847986915,1.2750379448899731,1.246376349082868,1.283395883618321,1.1940049714763212
L329364,Doxorubicin,0,0.6931471805599453,1.0906169960232415,0.9990456684057729,1.246376349082868,1.0814841954228696,0.9633564230885692
L329364,Trametinib,0,1.3862943611198906,1.4533565151718433,1.4183560050605324,1.246376349082868,1.3982715909084302,1.314379153351863
L329452,Acid,3,1.3862943611198906,1.4294052202142031,1.530668466980696,1.3580031742008478,1.5285079723806647,1.5707228540461537
L329553,Acid,3,1.0986122886681098,1.4294052202142031,1.9660657866310662,1.2753055048999942,1.449806285270853,1.8932509553373444
L329553,Cisplatin,3,1.0986122886681098,0.9434888376032666,1.4657590359719768,1.2753055048999942,0.9730070664255743,1.3861006775343372
L329553,CoCl2,3,2.772588722239781,1.1229493612824308,1.5993654899696554,1.2753055048999942,1.1804194883450898,1.5152086409544954
L329553,Dabrafenib,3,1.6094379124341003,1.2955998343662156,1.8813147067509137,1.2753055048999942,1.291234109128429,1.71820673147971
L329553,Doxorubicin,3,1.6094379124341003,1.059425212089834,1.6230451979203304,1.2753055048999942,1.1096216426353762,1.5260298856116534
L329553,Trametinib,3,2.3978952727983707,1.3477797900478352,1.9423035624769507,1.2753055048999942,1.3534417753784302,1.7791286413786207
L329587,Acid,0,1.6094379124341003,1.4276384785961345,1.409589899001671,1.3626361048441502,1.5185457780564253,1.3326642543286653
L329587,Doxorubicin,0,1.0986122886681098,1.0906169960232415,1.0484881025954726,1.3626361048441502,1.2093884464455167,0.9719212065632981
L329798,Acid,3,0.6931471805599453,1.4294052202142031,1.306066405938549,1.0737643572279072,1.2601241552377482,1.2918728474570418
L329798,Cisplatin,3,0.6931471805599453,0.9434888376032666,0.8057596552794598,1.0737643572279072,0.7833249363924697,0.7847225696540345
L33021,Cisplatin,2,0.6931471805599453,0.9540993104414771,0.8190330797073635,1.163476913255235,0.8745542750572107,0.7826126141157926
L331210,Acid,0,0.6931471805599453,1.4276384785961345,1.7477687911431141,1.2600820550543945,1.4150843081099507,1.6491890656458967
L331210,Cisplatin,0,0.6931471805599453,0.9726711059332541,1.248956442888832,1.2600820550543945,0.9598923066520114,1.1906692212723504
L331210,CoCl2,0,1.0986122886681098,1.1370030390709425,1.3573821842653024,1.2600820550543945,1.1433811524584798,1.2979892693343458
L331535,Acid,2,0.6931471805599453,1.4245281818738489,1.4333256506090597,1.231775447686135,1.4120273485937331,1.5165891836361876
L331535,CoCl2,2,0.6931471805599453,1.070769265548892,0.9933110241951348,1.231775447686135,1.0888686741696583,1.0759179304320627
L33167,Dabrafenib,0,0.6931471805599453,1.3293740847986915,1.048427964070266,1.1841055796673192,1.2347912758157682,0.8990017962867235
L33167,Doxorubicin,0,1.0986122886681098,1.0906169960232415,0.7724356875860657,1.1841055796673192,1.0328795876203167,0.6683532478989715
L33701,Acid,3,3.713572066704308,1.4294052202142031,2.2515716206853913,1.278704657785959,1.4511060325138905,2.321241144933892
L33701,Cisplatin,3,1.6094379124341003,0.9434888376032666,1.7512648700263023,1.278704657785959,0.9743068136686119,1.8140908671308846
L33701,CoCl2,3,1.0986122886681098,1.1229493612824308,1.884871324023981,1.278704657785959,1.1817192355881274,1.9431988305510428
L33701,Dabrafenib,3,1.0986122886681098,1.2955998343662156,2.1668205408052392,1.278704657785959,1.2925338563714666,2.1461969210762573
L33701,Doxorubicin,3,2.1972245773362196,1.059425212089834,1.9085510319746557,1.278704657785959,1.1109213898784138,1.9540200752082009
L33701,Trametinib,3,1.6094379124341003,1.3477797900478352,2.227809396531276,1.278704657785959,1.3547415226214679,2.207118830975168
L34148,Acid,2,1.9459101490553132,1.4245281818738489,1.2471630011795718,1.1457235375791042,1.3185254679261822,1.1903862864059547
L34148,CoCl2,2,1.0986122886681098,1.070769265548892,0.8071483747656469,1.1457235375791042,0.9953667935021073,0.7497150332018299
L34148,Dabrafenib,2,1.0986122886681098,1.272899240139292,1.1106202094576938,1.1457235375791042,1.1738390442881048,0.9979677625745949
L34148,Trametinib,2,1.0986122886681098,1.3613179452904967,1.2118137861612748,1.1457235375791042,1.2595245635237085,1.0918266368793657
L34649,Doxorubicin,3,0.6931471805599453,1.059425212089834,0.7849216471772735,1.2499671465388944,1.089784766170281,0.7441581114460223
L34984,Acid,1,1.3862943611198906,1.4447324299693032,1.2332360824050952,1.3137113145689707,1.4807134039356449,1.1940962989267654
L35089,Acid,1,1.0986122886681098,1.4447324299693032,1.1550855770045112,1.2709915897655923,1.4432144630551218,1.4895376847858781
L35089,Doxorubicin,1,0.6931471805599453,1.0695168105300787,0.7950907662646371,1.2709915897655923,1.0950412266567413,1.0968810978765555
L35389,Acid,4,3.970291913552122,1.4591012200707234,2.5196441444436797,1.288295351581139,1.4849263543142557,2.465903494326784
L35389,Cisplatin,4,0.6931471805599453,0.9536217875497237,1.9913412213786998,1.288295351581139,0.9858357051667914,1.9232266986743585
L35389,CoCl2,4,1.6094379124341003,1.1105827756120363,2.1121810086965573,1.288295351581139,1.1586991844195071,2.050489604182521
L35389,Doxorubicin,4,1.0986122886681098,1.104008862881897,2.1863713397483115,1.288295351581139,1.160286710168053,2.109802188131228
L35441,Acid,1,1.3862943611198906,1.4447324299693032,1.4156534146360968,1.4054055679559239,1.6057510952404241,1.4754763015334111
L35478,Acid,0,0.6931471805599453,1.4276384785961345,1.4471753410568045,1.2908785705630252,1.4422376656011624,1.3146594437487176
L3550,Acid,3,2.772588722239781,1.4294052202142031,1.375456895646846,1.3081339087116959,1.4760677722642446,1.3378411992308785
L3550,Dabrafenib,3,0.6931471805599453,1.2955998343662156,1.2907058157666937,1.3081339087116959,1.3174955961218204,1.162796975373244
L3550,Doxorubicin,3,1.6094379124341003,1.059425212089834,1.0324363069361102,1.3081339087116959,1.1358831296287677,0.9706201295051873
L3550,Trametinib,3,0.6931471805599453,1.3477797900478352,1.3516946714927305,1.3081339087116959,1.3797032623718217,1.2237188852721546
L35837,Acid,1,2.0794415416798357,1.4447324299693032,1.142665610132116,1.285259476367963,1.4567741517197212,0.9321740340186969
L36038,Dabrafenib,0,0.6931471805599453,1.3293740847986915,1.0524176463692831,1.2553685369595509,1.2907998635086282,0.9705088855973664
L36415,Acid,3,2.1972245773362196,1.4294052202142031,1.5826286579643394,1.341974516894708,1.4995330988312403,1.6468894860604837
L36541,Acid,3,0.6931471805599453,1.4294052202142031,1.4521835205436735,1.2781323934307496,1.4576461769045093,1.478818791674117
L36541,CoCl2,3,0.6931471805599453,1.1229493612824308,1.085483223882263,1.2781323934307496,1.188259379978746,1.1007764772912676
L36541,Dabrafenib,3,2.0794415416798357,1.2955998343662156,1.367432440663521,1.2781323934307496,1.2990740007620851,1.3037745678164823
L36541,Doxorubicin,3,0.6931471805599453,1.059425212089834,1.1091629318329377,1.2781323934307496,1.1174615342690324,1.1115977219484257
L36541,Trametinib,3,0.6931471805599453,1.3477797900478352,1.4284212963895577,1.2781323934307496,1.3612816670120864,1.364696477715393
L36981,Dabrafenib,3,0.6931471805599453,1.2955998343662156,1.043191156007857,1.1759078956138413,1.196857798053345,0.9455336750572646
L37950,Acid,1,1.3862943611198906,1.4447324299693032,1.4642753247679134,1.289284596513253,1.455031710533971,1.408681715407644
L37973,Acid,4,3.295836866004329,1.4591012200707234,1.9151026385671224,1.355368088763984,1.5303092172749355,2.018326863722076
L37973,CoCl2,4,1.9459101490553132,1.1105827756120363,1.5076395028200005,1.355368088763984,1.204082047380187,1.6029129735778134
L37973,Dabrafenib,4,1.791759469228055,1.315199596110756,1.8126123449804077,1.355368088763984,1.3597030680763618,1.77593689674695
L37973,Doxorubicin,4,1.3862943611198906,1.104008862881897,1.5818298338717547,1.355368088763984,1.2056695731287328,1.6622255575265203
L38872,Cisplatin,3,0.6931471805599453,0.9434888376032666,0.6383954941920893,1.2035270237905582,0.899182839758376,0.6394564152749989
L39024,Acid,3,1.6094379124341003,1.4294052202142031,1.2428026396478977,0.9957840558343625,1.1795701946555017,1.2262946632306517
L39024,Cisplatin,3,0.6931471805599453,0.9434888376032666,0.7424958889888085,0.9957840558343625,0.7027709758102231,0.7191443854276444
L39024,CoCl2,3,2.0794415416798357,1.1229493612824308,0.8761023429864869,0.9957840558343625,0.9101833977297384,0.8482523488478025
L39024,Dabrafenib,3,0.6931471805599453,1.2955998343662156,1.1580515597677452,0.9957840558343625,1.0209980185130776,1.051250439373017
L39024,Doxorubicin,3,0.6931471805599453,1.059425212089834,0.8997820509371618,0.9957840558343625,0.8393855520200248,0.8590735935049605
L40593,Acid,1,1.0986122886681098,1.4447324299693032,1.288965950257265,1.2540897944609297,1.4259231679207902,1.3348853322805592
L40593,Trametinib,1,0.6931471805599453,1.4489731040578087,1.3325667340307987,1.2540897944609297,1.3846087510989493,1.2703102045744692
L40629,Acid,4,3.713572066704308,1.4591012200707234,2.472011139122441,1.3301678915310562,1.514341284547045,2.581041982424395
L40629,Cisplatin,4,1.3862943611198906,0.9536217875497237,1.9437082160574615,1.3301678915310562,1.0152506353995807,2.03836518677197
L40629,CoCl2,4,1.0986122886681098,1.1105827756120363,2.064548003375319,1.3301678915310562,1.1881141146522964,2.1656280922801328
L40629,Dabrafenib,4,3.8066624897703196,1.315199596110756,2.3695208455357264,1.3301678915310562,1.3437351353484712,2.338652015449269
L40629,Doxorubicin,4,1.791759469228055,1.104008862881897,2.1387383344270736,1.3301678915310562,1.1897016404008423,2.2249406762288393
L40629,Trametinib,4,3.332204510175204,1.39400845125062,2.452049328323092,1.3301678915310562,1.4249774991417943,2.436584147554731
L40787,Dabrafenib,0,0.6931471805599453,1.3293740847986915,1.048427964070266,1.2266424782378784,1.2623092021955888,0.9909450645370557
L40894,Acid,1,0.6931471805599453,1.4447324299693032,1.142665610132116,1.1838370845826698,1.3536375371911737,1.1044745709918877
L40917,Acid,3,0.6931471805599453,1.4294052202142031,1.1279422358880093,1.1606848845327007,1.3568093546618603,1.0912722058476785
L40917,Dabrafenib,3,1.0986122886681098,1.2955998343662156,1.043191156007857,1.1606848845327007,1.1982371785194363,0.9162279819900438
L41113,Acid,3,1.0986122886681098,1.4294052202142031,1.5929953024398313,1.240336434318342,1.4170553744698153,1.6100946155417923
L41113,Doxorubicin,3,1.3862943611198906,1.059425212089834,1.2499747137290955,1.240336434318342,1.0768707318343385,1.2428735458161013
L41699,Acid,3,0.6931471805599453,1.4294052202142031,1.1279422358880093,1.2261411685860153,1.4037395042664513,0.9724339222559043
L41780,Acid,4,2.1972245773362196,1.4591012200707234,1.78557155728519,1.2492084940370638,1.4251301428875425,1.9236594502388598
L41780,Dabrafenib,4,0.6931471805599453,1.315199596110756,1.683081263698475,1.2492084940370638,1.2545239936889687,1.6812694832637338
L41780,Doxorubicin,4,1.6094379124341003,1.104008862881897,1.452298752589822,1.2492084940370638,1.1004904987413398,1.567558144043304
L41799,Dabrafenib,1,0.6931471805599453,1.3466064801566926,1.048283007203307,1.3548749368834156,1.3799402204964977,0.8634400873012413
L4181,Acid,1,0.6931471805599453,1.4447324299693032,1.142665610132116,1.239074192834287,1.414988788985198,1.0402243055084908
L42496,Acid,4,2.1972245773362196,1.4591012200707234,1.1955546213591528,1.3487403939929885,1.5219212979150392,1.222024032650936
L42496,Cisplatin,4,0.6931471805599453,0.9536217875497237,0.6672516982941733,1.3487403939929885,1.022830648767575,0.6793472369985109
L42496,Dabrafenib,4,1.6094379124341003,1.315199596110756,1.0930643277724381,1.3487403939929885,1.3513151487164654,0.97963406567581
L42496,Trametinib,4,1.3862943611198906,1.39400845125062,1.175592810559804,1.3487403939929885,1.4325575125097882,1.0775661977812716
L42533,Acid,3,2.1972245773362196,1.4294052202142031,1.1967311464578978,1.2517168166016126,1.4289721402670374,1.1311893218604943
L42533,Cisplatin,3,0.6931471805599453,0.9434888376032666,0.6964243957988085,1.2517168166016126,0.9521729214217589,0.6240390440574868
L42533,Doxorubicin,3,1.0986122886681098,1.059425212089834,0.853710557747162,1.2517168166016126,1.0887874976315608,0.763968252134803
L42561,Acid,2,0.6931471805599453,1.4245281818738489,1.1373793471125455,1.0946612287028425,1.2716173821391286,1.1815959944983623
L42561,Trametinib,2,0.6931471805599453,1.3613179452904967,1.1020301320942483,1.0946612287028425,1.2126164777366548,1.0830363449717733
L42654,Acid,2,0.6931471805599453,1.4245281818738489,1.47638418104363,1.3169456828849504,1.4695905376766236,1.4693391044379838
L42654,CoCl2,2,0.6931471805599453,1.070769265548892,1.0363695546297051,1.3169456828849504,1.1464318632525488,1.028667851233859
L42654,Doxorubicin,2,0.6931471805599453,1.1003288977324217,1.1382237102970674,1.3169456828849504,1.185353710908089,1.1181848806156423
L43064,CoCl2,0,0.6931471805599453,1.1370030390709425,0.7471405594134696,1.1414699616282897,1.0173543905953042,0.8858410381741826
L43772,Doxorubicin,4,0.6931471805599453,1.104008862881897,0.8151920454133006,0.7346903429728306,0.62328705920015,1.1071223679479443
L44356,Acid,0,0.6931471805599453,1.4276384785961345,1.1375271662912814,1.2750028326456735,1.4260761235273445,1.019680259568382
L44356,Doxorubicin,0,0.6931471805599453,1.0906169960232415,0.7764253698850829,1.2750028326456735,1.1169187919164358,0.6589372118030146
L44509,Acid,3,1.791759469228055,1.4294052202142031,1.5068076283006855,1.286008824833406,1.460010171503388,1.5395482259308464
L44509,CoCl2,3,0.6931471805599453,1.1229493612824308,1.140107331639275,1.286008824833406,1.190623374577625,1.161505911547997
L44532,Acid,0,0.6931471805599453,1.4276384785961345,1.1375271662912814,1.3093227403138894,1.442251854788245,1.1309395363190904
L44532,Doxorubicin,0,0.6931471805599453,1.0906169960232415,0.7764253698850829,1.3093227403138894,1.1330945231773364,0.7701964885537231
L44586,Acid,0,2.0794415416798357,1.4276384785961345,1.6168856624300922,1.4044445819099272,1.5449577918733581,1.570695673662158
L45022,Acid,3,3.6635616461296463,1.4294052202142031,1.8899096866654368,1.319911235540687,1.4813520625874663,1.9606472871709966
L45022,Cisplatin,3,7.447751280047908,0.9434888376032666,1.3896029360063473,1.319911235540687,1.0045528437421876,1.4534970093679893
L45022,Dabrafenib,3,4.90527477843843,1.2955998343662156,1.8051586067852843,1.319911235540687,1.3227798864450422,1.7856030633133622
L45022,Doxorubicin,3,1.0986122886681098,1.059425212089834,1.5468890979547008,1.319911235540687,1.1411674199519894,1.5934262174453055
L45022,Trametinib,3,3.58351893845611,1.3477797900478352,1.866147462511321,1.319911235540687,1.3849875526950435,1.8465249732122728
L46096,Acid,3,1.3862943611198906,1.4294052202142031,1.4960476193375165,1.2715554384833447,1.4452067378519047,1.580762641668654
L46096,Dabrafenib,3,0.6931471805599453,1.2955998343662156,1.411296539457364,1.2715554384833447,1.2866345617094805,1.4057184178110194
L46096,Doxorubicin,3,0.6931471805599453,1.059425212089834,1.1530270306267807,1.2715554384833447,1.1050220952164278,1.2135415719429627
L46096,Trametinib,3,2.833213344056216,1.3477797900478352,1.4722853951834007,1.2715554384833447,1.3488422279594818,1.46664032770993
L46431,Acid,4,2.70805020110221,1.4591012200707234,1.3110309963086193,1.3900872627209344,1.5591593307849565,1.2007643634233536
L46431,Dabrafenib,4,0.6931471805599453,1.315199596110756,1.2085407027219044,1.3900872627209344,1.3885531815863825,0.9583743964482274
L46431,Doxorubicin,4,0.6931471805599453,1.104008862881897,0.9777581916132514,1.3900872627209344,1.2345196866387538,0.8446630572277978
L46767,Doxorubicin,2,0.6931471805599453,1.1003288977324217,0.7992188763659827,1.2710268922491745,1.1471498600482732,0.7435227941131711
L47103,Acid,4,2.302585092994046,1.4591012200707234,1.8853607109508437,1.3075413172073271,1.4979836664369597,1.8022564096520537
L47103,CoCl2,4,1.0986122886681098,1.1105827756120363,1.4778975752037218,1.3075413172073271,1.171756496542211,1.3868425195077911
L47103,Dabrafenib,4,0.6931471805599453,1.315199596110756,1.782870417364129,1.3075413172073271,1.3273775172383857,1.5598664426769278
L47158,Doxorubicin,2,1.6094379124341003,1.1003288977324217,0.8089180128660887,0.902636779286408,0.8222444385500138,0.7267029344733298
L47601,Acid,2,1.0986122886681098,1.4245281818738489,1.544749222064379,1.2221472155880828,1.3991750822231375,1.5986501796661168
L47601,CoCl2,2,0.6931471805599453,1.070769265548892,1.1047345956504542,1.2221472155880828,1.0760164077990624,1.157978926461992
L47601,Trametinib,2,1.9459101490553132,1.3613179452904967,1.509400007046082,1.2221472155880828,1.3401741778206637,1.5000905301395278
L47663,Acid,1,0.6931471805599453,1.4447324299693032,1.2616800393669754,1.1843273111500987,1.3691184542492287,1.340351832355862
L47663,Dabrafenib,1,4.969813299576001,1.3466064801566926,1.194583347328456,1.1843273111500987,1.2323953164207848,1.1743824654263557
L47663,Trametinib,1,4.343805421853684,1.4489731040578087,1.3052808231405089,1.1843273111500987,1.3278040374273878,1.2757767046497719
L47899,Doxorubicin,1,0.6931471805599453,1.0695168105300787,0.7950907662646371,1.3128851415773461,1.135187977414279,0.7496146453956708
L47994,Acid,2,1.3862943611198906,1.4245281818738489,1.49307567373783,1.2289161052240896,1.4023185171027432,1.4821013075425253
L47994,CoCl2,2,1.3862943611198906,1.070769265548892,1.053061047323905,1.2289161052240896,1.0791598426786684,1.0414300543384005
L48487,Acid,1,3.332204510175204,1.4447324299693032,1.6774695969578006,1.2594148277518435,1.4495552541744303,1.6346449379123351
L48487,CoCl2,1,1.3862943611198906,1.1088793216866093,1.28762331086649,1.2594148277518435,1.1403113930539464,1.2462937755527959
L48487,Dabrafenib,1,0.6931471805599453,1.3466064801566926,1.6103729049192812,1.2594148277518435,1.3128321163459864,1.4686755709828287
L4851,Trametinib,3,0.6931471805599453,1.3477797900478352,1.1041800117338938,1.3552138781472807,1.4283969053269117,0.957514844779933
L48583,Acid,2,2.302585092994046,1.4245281818738489,1.3612326269173352,1.3237020144777465,1.4767600121300535,1.3728448858121212
L48583,Dabrafenib,2,0.6931471805599453,1.272899240139292,1.2246898351954572,1.3237020144777465,1.3320735884919759,1.1804263619807611
L48583,Doxorubicin,2,1.0986122886681098,1.1003288977324217,1.0230721561707725,1.3237020144777465,1.1925231853615188,1.0216906619897794
L48945,Acid,1,0.6931471805599453,1.4447324299693032,1.3782239139029646,1.4703044066440636,1.6561892721196614,1.5752607637205223
L49199,Acid,1,1.791759469228055,1.4447324299693032,1.5208630623646533,1.3417887072894752,1.5112355296466573,1.4432055640457608
L49447,CoCl2,3,0.6931471805599453,1.1229493612824308,1.1733857444937046,1.1134190565515,1.0459709557929529,1.2603302995992085
L49447,Doxorubicin,3,2.1972245773362196,1.059425212089834,1.1970654524443793,1.1134190565515,0.9751731100832393,1.2711515442563666
L49447,Trametinib,3,1.0986122886681098,1.3477797900478352,1.5163238170009996,1.1134190565515,1.2189932428262933,1.5242503000233338
L49477,Doxorubicin,4,1.9459101490553132,1.104008862881897,0.8622818166637851,1.1791995193876967,1.0455414603183155,0.7549625398522773
L49732,Acid,3,1.0986122886681098,1.4294052202142031,1.2137853571719444,1.2716413928534074,1.4328290646475328,1.239840754269858
L5045,Acid,3,1.6094379124341003,1.4294052202142031,1.4960476193375165,1.3244551897592192,1.4990476726630315,1.464479821919226
L5045,CoCl2,3,1.0986122886681098,1.1229493612824308,1.129347322676106,1.3244551897592192,1.2296608757372682,1.086437507536377
L50672,Acid,4,2.9444389791664403,1.4591012200707234,1.7745061508173587,1.2933125710758664,1.4742893464837774,1.7581571062752683
L50807,Acid,4,1.3862943611198906,1.4591012200707234,1.4694139585265726,1.2609830713283585,1.438187921995933,1.5337380832068215
L51134,Acid,0,1.3862943611198906,1.4276384785961345,1.7989683431871728,1.2580466749127655,1.4118150696322562,1.7521152480462696
L51134,Cisplatin,0,1.3862943611198906,0.9726711059332541,1.3001559949328905,1.2580466749127655,0.956623068174317,1.2935954036727235
L51134,CoCl2,0,2.70805020110221,1.1370030390709425,1.408581736309361,1.2580466749127655,1.1401119139807854,1.4009154517347187
L51134,Dabrafenib,0,1.9459101490553132,1.3293740847986915,1.7138588232651746,1.2580466749127655,1.304569426216799,1.6220207486686544
L51134,Doxorubicin,0,1.6094379124341003,1.0906169960232415,1.4378665467809744,1.2580466749127655,1.1026577380213476,1.3913722002809024
L51167,CoCl2,2,0.6931471805599453,1.070769265548892,0.7070638571987264,1.1500440573473558,1.0044750698857643,1.0733777777646722
L51167,Dabrafenib,2,1.9459101490553132,1.272899240139292,1.0105356918907733,1.1500440573473558,1.1829473206717618,1.3216305071374372
L51167,Trametinib,2,0.6931471805599453,1.3613179452904967,1.1117292685943543,1.1500440573473558,1.2686328399073656,1.4154893814422078
L51204,Acid,1,2.1972245773362196,1.4447324299693032,1.315291586590891,1.328058459716552,1.5023273841816651,1.401421869760072
L51204,Cisplatin,1,0.6931471805599453,0.9853221182635075,0.7990960912910594,1.328058459716552,1.031641860637794,0.8739369983528034
L51204,Doxorubicin,1,1.6094379124341003,1.0695168105300787,0.9552967758510169,1.328058459716552,1.1541541477832846,1.0087652828507492
L51669,Acid,4,2.6390573296152584,1.4591012200707234,2.066489191769752,1.3793369711017436,1.5510708898686814,2.2486284065347544
L51669,Doxorubicin,4,0.6931471805599453,1.104008862881897,1.7332163870743844,1.3793369711017436,1.2264312457224786,1.8925271003391988
L51669,Trametinib,4,1.0986122886681098,1.39400845125062,2.046527380970403,1.3793369711017436,1.4617071044634304,2.1041705716650903
L52264,Acid,2,1.791759469228055,1.4245281818738489,1.66788381557016,1.2935574542401382,1.4635742863112238,1.5738389175088336
L52264,CoCl2,2,0.6931471805599453,1.070769265548892,1.227869189156235,1.2935574542401382,1.140415611887149,1.1331676643047088
L52264,Doxorubicin,2,1.0986122886681098,1.1003288977324217,1.3297233448235972,1.2935574542401382,1.179337459542689,1.2226846936864921
L52309,Acid,2,1.0986122886681098,1.4245281818738489,1.3612326269173352,1.3089970168820866,1.4962698673499506,1.3303130896114879
L52309,Doxorubicin,2,0.6931471805599453,1.1003288977324217,1.0230721561707725,1.3089970168820866,1.212033040581416,0.9791588657891463
L52385,Doxorubicin,2,1.6094379124341003,1.1003288977324217,0.8089180128660887,1.3245135295671084,1.2095147179668782,0.6934470419927414
L52613,Acid,0,2.995732273553991,1.4276384785961345,1.6731558328959406,1.3270502449634407,1.4778270687280304,1.6313362454014297
L52613,CoCl2,0,0.6931471805599453,1.1370030390709425,1.2827692260181287,1.3270502449634407,1.2061239130765595,1.2801364490898788
L52613,Doxorubicin,0,1.0986122886681098,1.0906169960232415,1.3120540364897422,1.3270502449634407,1.1686697371171217,1.2705931976360625
L52820,Acid,0,2.995732273553991,1.4276384785961345,1.8295182937006174,1.3439892523879653,1.4937586545386625,1.8258336139114153
L52820,Doxorubicin,0,0.6931471805599453,1.0906169960232415,1.468416497294419,1.3439892523879653,1.1846013229277537,1.465090566146048
L52820,Trametinib,0,1.0986122886681098,1.4533565151718433,1.8877268339491784,1.3439892523879653,1.5013887184133146,1.8161132964093418
L53092,Acid,3,2.1972245773362196,1.4294052202142031,1.6099110297945858,1.2745183715384711,1.445144847249241,1.5805363564021586
L53092,CoCl2,3,1.0986122886681098,1.1229493612824308,1.2432107331331752,1.2745183715384711,1.1757580503234777,1.2024940420193095
L54153,Acid,2,3.6888794541139363,1.4245281818738489,2.290546094385135,1.394820905898958,1.547302564229745,2.295216845724884
L54153,Cisplatin,2,1.3862943611198906,0.9540993104414771,1.7551042969252282,1.394820905898958,1.0799420354120257,1.7631159108073078
L54153,Doxorubicin,2,1.9459101490553132,1.1003288977324217,1.9523856236385724,1.394820905898958,1.2630657374612104,1.9440626219025425
L54250,Acid,4,3.8918202981106265,1.4591012200707234,1.9897947043884596,1.3364086088625666,1.5095728678980964,2.082790539798814
L54250,CoCl2,4,1.6094379124341003,1.1105827756120363,1.5823315686413375,1.3364086088625666,1.1833456980033477,1.6673766496545512
L54250,Dabrafenib,4,2.302585092994046,1.315199596110756,1.8873044108017447,1.3364086088625666,1.3389667186995224,1.8404005728236879
L54250,Trametinib,4,1.3862943611198906,1.39400845125062,1.9698328935891105,1.3364086088625666,1.4202090824928455,1.9383327049291494
L54918,Doxorubicin,1,1.0986122886681098,1.0695168105300787,1.0308186701514326,1.31115525985687,1.1299494182892467,1.03390994523392
L5495,Acid,0,3.332204510175204,1.4276384785961345,1.9117357385853948,1.323560639279861,1.4822858848669112,1.8631364309523548
L5495,Cisplatin,0,1.0986122886681098,0.9726711059332541,1.4129233903311127,1.323560639279861,1.027093883408972,1.4046165865788087
L5495,Dabrafenib,0,1.0986122886681098,1.3293740847986915,1.8266262186633968,1.323560639279861,1.375040241451454,1.7330419315747394
L5495,Trametinib,0,1.0986122886681098,1.4533565151718433,1.969944278833956,1.323560639279861,1.4899159487415632,1.8534161134502811
L55,Acid,0,0.6931471805599453,1.4276384785961345,1.5065481691485614,1.391429679574682,1.5358742263992244,1.8125822174069552
L55,CoCl2,0,0.6931471805599453,1.1370030390709425,1.1161615622707497,1.391429679574682,1.2641710707477536,1.4613824210954043
L55,Doxorubicin,0,1.0986122886681098,1.0906169960232415,1.145446372742363,1.391429679574682,1.2267168947883158,1.451839169641588
L55260,Acid,4,2.0794415416798357,1.4591012200707234,1.5011940634912335,1.2320351117544404,1.4250270946514842,1.5856662916922342
L55260,Cisplatin,4,0.6931471805599453,0.9536217875497237,0.9728911404262538,1.2320351117544404,0.9259364455040199,1.042989496039809
L55260,CoCl2,4,1.0986122886681098,1.1105827756120363,1.0937309277441114,1.2320351117544404,1.0987999247567355,1.1702524015479716
L55260,Dabrafenib,4,2.4849066497880004,1.315199596110756,1.3987037699045186,1.2320351117544404,1.2544209454529103,1.3432763247171082
L55260,Trametinib,4,2.6390573296152584,1.39400845125062,1.4812322526918844,1.2320351117544404,1.3356633092462333,1.4412084568225698
L55272,Doxorubicin,4,0.6931471805599453,1.104008862881897,0.858024308661853,1.5733351815392853,1.4423345129146568,1.6072556844773225
L55272,Trametinib,4,1.3862943611198906,1.39400845125062,1.1713353025578717,1.5733351815392853,1.6776103716556086,1.8188991558032137
L55974,Acid,3,3.6375861597263857,1.4294052202142031,1.8755462943888652,1.3419935004876495,1.5030025018403013,1.955255825954771
L55974,Cisplatin,3,0.6931471805599453,0.9434888376032666,1.375239543729776,1.3419935004876495,1.0262032829950227,1.4481055481517637
L55974,Doxorubicin,3,1.6094379124341003,1.059425212089834,1.5325257056781294,1.3419935004876495,1.1628178592048244,1.58803475622908
L56263,CoCl2,3,0.6931471805599453,1.1229493612824308,0.7612419392265988,1.3702493335639412,1.2754615517696488,0.9478503770935572
L56263,Dabrafenib,3,0.6931471805599453,1.2955998343662156,1.043191156007857,1.3702493335639412,1.386276172552988,1.1508484676187718
L56999,Acid,0,4.430816798843313,1.4276384785961345,2.2484826177655375,1.3229915654703222,1.4730931530766544,2.2805288119116573
L56999,Cisplatin,0,1.3862943611198906,0.9726711059332541,1.7496702695112556,1.3229915654703222,1.017901151618715,1.8220089675381113
L56999,CoCl2,0,0.6931471805599453,1.1370030390709425,1.858096010887726,1.3229915654703222,1.2013899974251836,1.9293290156001064
L56999,Doxorubicin,0,2.0794415416798357,1.0906169960232415,1.8873808213593393,1.3229915654703222,1.1639358214657456,1.9197857641462899
L56999,Trametinib,0,0.6931471805599453,1.4533565151718433,2.306691158014099,1.3229915654703222,1.4807232169513065,2.2708084944095837
L57101,Acid,0,1.0986122886681098,1.4276384785961345,1.545858003414689,1.2525449030430418,1.401859649983271,1.5842192599135343
L57101,Doxorubicin,0,2.302585092994046,1.0906169960232415,1.1847562070084905,1.2525449030430418,1.0927023183723623,1.223476212148167
L57740,Acid,1,0.6931471805599453,1.4447324299693032,1.142665610132116,1.0834686603301609,1.261132235494063,1.065183340154089
L57740,Doxorubicin,1,0.6931471805599453,1.0695168105300787,0.782670799392242,1.0834686603301609,0.9129589990956827,0.6725267532447663
L58090,CoCl2,2,0.6931471805599453,1.070769265548892,1.5313767715058022,1.270349705372401,1.1215739215551812,1.5260856206031361
L58090,Dabrafenib,2,1.0986122886681098,1.272899240139292,1.834848606197849,1.270349705372401,1.3000461723411785,1.7743383499759011
L58090,Doxorubicin,2,0.6931471805599453,1.1003288977324217,1.6332309271731644,1.270349705372401,1.1604957692107214,1.6156026499849194
L58090,Trametinib,2,1.0986122886681098,1.3613179452904967,1.93604218290143,1.270349705372401,1.3857316915767823,1.868197224280672
L58986,Doxorubicin,0,1.0986122886681098,1.0906169960232415,0.8052558930312219,1.076990234075921,0.9238424808833592,0.8272066676320413
L5905,CoCl2,4,1.0986122886681098,1.1105827756120363,0.9035678605614972,1.1080984025957659,0.9872663243561335,0.8088148727126707
L5936,Acid,3,0.6931471805599453,1.4294052202142031,1.178511570263427,1.1853124500816348,1.3610641177958418,1.2378526501886171
L59420,Acid,0,3.5553480614894135,1.4276384785961345,2.19063956413688,1.329390973151902,1.4735241793118308,2.303095578782831
L59420,Cisplatin,0,1.9459101490553132,0.9726711059332541,1.6918272158825978,1.329390973151902,1.0183321778538914,1.8445757344092846
L59420,CoCl2,0,0.6931471805599453,1.1370030390709425,1.800252957259068,1.329390973151902,1.20182102366036,1.9518957824712797
L59420,Trametinib,0,1.3862943611198906,1.4533565151718433,2.248848104385441,1.329390973151902,1.4811542431864828,2.293375261280757
L5986,Acid,3,0.6931471805599453,1.4294052202142031,1.1967311464578978,1.0531149258208048,1.2496338341804045,1.119096725220952
L60064,Acid,3,1.0986122886681098,1.4294052202142031,1.1279422358880093,1.1533421646738626,1.3299996869541526,1.057945110796648
L60064,Cisplatin,3,0.6931471805599453,0.9434888376032666,0.6276354852289201,1.1533421646738626,0.853200468108874,0.5507948329936405
L60064,CoCl2,3,1.0986122886681098,1.1229493612824308,0.7612419392265988,1.1533421646738626,1.0606128900283893,0.6799027964137987
L60064,Doxorubicin,3,0.6931471805599453,1.059425212089834,0.7849216471772735,1.1533421646738626,0.9898150443186757,0.6907240410709566
L6043,Acid,1,2.70805020110221,1.4447324299693032,1.8316033061173989,1.3000485421682668,1.4801990680315766,1.8332829031176638
L6043,CoCl2,1,1.0986122886681098,1.1088793216866093,1.4417570200260883,1.3000485421682668,1.1709552069110927,1.4449317407581246
L6043,Doxorubicin,1,1.0986122886681098,1.0695168105300787,1.4716084953775248,1.3000485421682668,1.1320258316331961,1.440626316208341
L6043,Trametinib,1,0.6931471805599453,1.4489731040578087,1.8752040898909326,1.3000485421682668,1.4388846512097357,1.7687077754115736
L60620,Acid,0,0.6931471805599453,1.4276384785961345,1.133537483992264,1.152932129503581,1.323134123613642,1.0761968458307307
L60620,Cisplatin,0,0.6931471805599453,0.9726711059332541,0.6347251357379821,1.152932129503581,0.8679421221557028,0.6176770014571845
L60620,Dabrafenib,0,1.3862943611198906,1.3293740847986915,1.048427964070266,1.152932129503581,1.2158884801981849,0.9461023464531153
L60620,Trametinib,0,0.6931471805599453,1.4533565151718433,1.1917460242408253,1.152932129503581,1.330764187488294,1.066476528328657
L61163,Cisplatin,3,0.6931471805599453,0.9434888376032666,0.9957408686784273,1.2202812479740437,0.9110049258903263,1.0316844949149044
L61163,CoCl2,3,2.995732273553991,1.1229493612824308,1.129347322676106,1.2202812479740437,1.1184173478098418,1.1607924583350626
L61172,Acid,3,2.70805020110221,1.4294052202142031,1.4584777222945509,1.1740901589272994,1.3566812011505793,1.4210696729055619
L61172,Cisplatin,3,0.6931471805599453,0.9434888376032666,0.9581709716354617,1.1740901589272994,0.8798819823053007,0.9139193951025545
L61172,CoCl2,3,1.0986122886681098,1.1229493612824308,1.0917774256331403,1.1740901589272994,1.0872944042248163,1.0430273585227128
L61259,Acid,2,2.0794415416798357,1.4245281818738489,1.4480169884161356,1.3467123108736065,1.5016924295921152,1.3925334343365878
L61259,Cisplatin,2,0.6931471805599453,0.9540993104414771,0.9125751909562287,1.3467123108736065,1.0343319007743959,0.8604324994190117
L62684,Acid,1,2.1972245773362196,1.4447324299693032,2.0092676571098176,1.3141102076744977,1.4919319002769362,2.0643570184545683
L62684,Cisplatin,1,1.6094379124341003,0.9853221182635075,1.4930721618099863,1.3141102076744977,1.021246376733065,1.5368721470472995
L62684,CoCl2,1,0.6931471805599453,1.1088793216866093,1.6194213710185072,1.3141102076744977,1.182688039156452,1.676005856095029
L62684,Doxorubicin,1,0.6931471805599453,1.0695168105300787,1.6492728463699438,1.3141102076744977,1.1437586638785557,1.6717004315452455
L62700,Acid,2,2.772588722239781,1.4245281818738489,1.8235788203806451,1.3125381342258997,1.477819729440919,1.8149628733381296
L62700,CoCl2,2,1.0986122886681098,1.070769265548892,1.3835641939667203,1.3125381342258997,1.1546610550168441,1.3742916201340047
L62700,Trametinib,2,0.6931471805599453,1.3613179452904967,1.7882296053623479,1.3125381342258997,1.4188188250384453,1.7164032238115405
L62936,Acid,0,0.6931471805599453,1.4276384785961345,1.3503557529515904,1.2595273757691694,1.417254754200884,1.1832145985217242
L62936,Trametinib,0,0.6931471805599453,1.4533565151718433,1.4085642932001516,1.2595273757691694,1.424884818075536,1.1734942810196505
L63265,Acid,3,1.791759469228055,1.4294052202142031,1.1279422358880093,1.0318002734884164,1.2241821058167053,1.2245852187396709
L6369,Acid,4,3.8501476017100584,1.4591012200707234,2.37579732876432,1.2703301568897272,1.458115754419833,2.4185756547277735
L6369,Cisplatin,4,0.6931471805599453,0.9536217875497237,1.8474944056993405,1.2703301568897272,0.9590251052723688,1.8758988590753483
L6369,CoCl2,4,2.3978952727983707,1.1105827756120363,1.968334193017198,1.2703301568897272,1.1318885845250843,2.003161764583511
L6369,Dabrafenib,4,1.3862943611198906,1.315199596110756,2.2733070351776052,1.2703301568897272,1.2875096052212593,2.1761856877526475
L6369,Doxorubicin,4,0.6931471805599453,1.104008862881897,2.042524524068952,1.2703301568897272,1.1334761102736304,2.062474348532218
L6369,Trametinib,4,1.0986122886681098,1.39400845125062,2.3558355179649713,1.2703301568897272,1.3687519690145822,2.274117819858109
L64121,Acid,3,1.9459101490553132,1.4294052202142031,1.4521835205436735,1.2657561723610378,1.4347828473700346,1.2663665577591832
L64121,Cisplatin,3,0.6931471805599453,0.9434888376032666,0.9518767698845843,1.2657561723610378,0.9579836285247559,0.7592162799561758
L64121,CoCl2,3,1.6094379124341003,1.1229493612824308,1.085483223882263,1.2657561723610378,1.1653960504442713,0.8883242433763339
L64121,Doxorubicin,3,0.6931471805599453,1.059425212089834,1.1091629318329377,1.2657561723610378,1.0945982047345577,0.8991454880334919
L64673,Doxorubicin,0,0.6931471805599453,1.0906169960232415,0.8052558930312219,1.1891250709459043,1.0448490685382943,0.5365642425461812
L64746,Doxorubicin,0,0.6931471805599453,1.0906169960232415,0.7764253698850829,1.2380446516896848,1.0795613458386266,0.6336849623902856
L64990,Acid,4,3.9512437185814275,1.4591012200707234,2.0394151900772224,1.3275632023726984,1.5060543325982874,2.0628985680209775
L64990,CoCl2,4,0.6931471805599453,1.1105827756120363,1.6319520543301005,1.3275632023726984,1.1798271627035386,1.6474846778767147
L64990,Doxorubicin,4,1.0986122886681098,1.104008862881897,1.7061423853818547,1.3275632023726984,1.1814146884520844,1.7067972618254217
L65036,Doxorubicin,0,1.3862943611198906,1.0906169960232415,0.7764253698850829,1.2710447160785552,1.1067899779517045,0.5663198583559939
L65794,Acid,4,1.6094379124341003,1.4591012200707234,1.4354130042465354,1.3216719641476324,1.503174133500748,1.392189197296439
L65794,Cisplatin,4,1.0986122886681098,0.9536217875497237,0.9071100811815559,1.3216719641476324,1.0040834843532838,0.8495124016440139
L65794,Dabrafenib,4,1.0986122886681098,1.315199596110756,1.3329227106598207,1.3216719641476324,1.332567984302174,1.149799230321313
L66014,Acid,4,0.6931471805599453,1.4591012200707234,1.2259287290852487,1.3114283992440878,1.492343434335254,1.224052063242865
L66476,Acid,1,1.0986122886681098,1.4447324299693032,1.2332360824050952,1.2363891513877843,1.403893303914167,1.2319998824918206
L66476,Dabrafenib,1,0.6931471805599453,1.3466064801566926,1.1661393903665755,1.2363891513877843,1.267170166085723,1.066030515562314
L66564,Acid,1,2.0794415416798357,1.4447324299693032,1.7047555078480905,1.3484679276404639,1.5245365564623885,1.738924688188917
L66564,CoCl2,1,2.1972245773362196,1.1088793216866093,1.31490922175678,1.3484679276404639,1.2152926953419045,1.350573525829378
L66564,Doxorubicin,1,0.6931471805599453,1.0695168105300787,1.3447606971082164,1.3484679276404639,1.176363320064008,1.3462681012795945
L66947,CoCl2,2,0.6931471805599453,1.070769265548892,0.7070638571987264,0.9555493292696791,0.8239972401277542,0.7512487247964558
L67284,Acid,3,0.6931471805599453,1.4294052202142031,1.6659436635028437,1.2896176629748155,1.460420190213665,1.68871531376536
L67792,Doxorubicin,4,0.6931471805599453,1.104008862881897,0.9777581916132514,1.3421785509583237,1.1969841594801827,0.9126655138772892
L68231,Acid,0,1.3862943611198906,1.4276384785961345,1.753225726565465,1.2890555796758334,1.437431434858553,1.7965434798874171
L68231,Cisplatin,0,0.6931471805599453,0.9726711059332541,1.2544133783111828,1.2890555796758334,0.9822394334006137,1.338023635513871
L68231,Doxorubicin,0,1.0986122886681098,1.0906169960232415,1.3921239301592665,1.2890555796758334,1.1282741032476442,1.4358004321220499
L68277,Acid,4,1.0986122886681098,1.4591012200707234,1.5984063895828189,1.2023819260071757,1.404499118711311,1.5159345645976041
L68277,Cisplatin,4,1.0986122886681098,0.9536217875497237,1.0701034665178393,1.2023819260071757,0.9054084695638467,0.9732577689451789
L68277,CoCl2,4,0.6931471805599453,1.1105827756120363,1.1909432538356968,1.2023819260071757,1.0782719488165622,1.1005206744533416
L68277,Dabrafenib,4,0.6931471805599453,1.315199596110756,1.4959160959961042,1.2023819260071757,1.233892969512737,1.273544597622478
L68277,Doxorubicin,4,1.6094379124341003,1.104008862881897,1.2651335848874512,1.2023819260071757,1.079859474565108,1.1598332584020485
L68277,Trametinib,4,0.6931471805599453,1.39400845125062,1.57844457878347,1.2023819260071757,1.31513533330606,1.3714767297279398
L68311,Acid,2,1.3862943611198906,1.4245281818738489,1.8777140511930661,1.2835184941600222,1.4434084980470427,2.0323966027259077
L68311,Doxorubicin,2,0.6931471805599453,1.1003288977324217,1.5395535804465035,1.2835184941600222,1.159171671278508,1.6812423789035664
L68749,Dabrafenib,0,0.6931471805599453,1.3293740847986915,1.048427964070266,1.261254443845918,1.284340408616727,1.1386371167026343
L68970,Acid,3,0.6931471805599453,1.4294052202142031,1.1279422358880093,1.431159067520644,1.5936655965037432,1.1838793630852757
L69282,Acid,3,1.6094379124341003,1.4294052202142031,1.1279422358880093,1.3434447223305013,1.4910065379602182,0.9717270620341921
L69282,CoCl2,3,0.6931471805599453,1.1229493612824308,0.7612419392265988,1.3434447223305013,1.221619741034455,0.5936847476513429
L69904,Acid,4,1.3862943611198906,1.4591012200707234,1.4762435343935028,1.229489502343084,1.407978995511418,1.4774695949622079
L69904,Cisplatin,4,1.0986122886681098,0.9536217875497237,0.9479406113285231,1.229489502343084,0.9088883463639537,0.9347927993097828
L70348,Acid,3,2.1972245773362196,1.4294052202142031,1.2137853571719444,1.1795471176972596,1.3600469742792887,1.1086478968098352
L70348,Dabrafenib,3,2.3978952727983707,1.2955998343662156,1.1290342772917918,1.1795471176972596,1.2014747981368645,0.9336036729522005
L70348,Trametinib,3,0.6931471805599453,1.3477797900478352,1.1900231330178288,1.1795471176972596,1.263682464386866,0.9945255828511113
L70542,Acid,1,1.0986122886681098,1.4447324299693032,1.288965950257265,1.340968440028367,1.506697684010955,1.3037332514662299
L70542,Dabrafenib,1,0.6931471805599453,1.3466064801566926,1.2218692582187456,1.340968440028367,1.369974546182511,1.1377638845367235
L70669,Acid,3,5.438079308923196,1.4294052202142031,2.7537177724867483,1.3902815859485103,1.5498263431364085,2.838377979105511
L70669,Cisplatin,3,1.791759469228055,0.9434888376032666,2.2534110218276586,1.3902815859485103,1.0730271242911298,2.3312277013025033
L70669,CoCl2,3,1.791759469228055,1.1229493612824308,2.3870174758253375,1.3902815859485103,1.2804395462106453,2.4603356647226615
L70669,Dabrafenib,3,2.833213344056216,1.2955998343662156,2.668966692606596,1.3902815859485103,1.3912541669939844,2.663333755247876
L70669,Doxorubicin,3,3.091042453358316,1.059425212089834,2.410697183776012,1.3902815859485103,1.2096417005009317,2.471156909379819
L70669,Trametinib,3,2.3978952727983707,1.3477797900478352,2.7299555483326325,1.3902815859485103,1.4534618332439857,2.724255665146787
L70717,Cisplatin,1,0.6931471805599453,0.9853221182635075,0.6264701148322847,1.326181041466461,1.0189288404254353,0.5293794259438096
L70717,Doxorubicin,1,0.6931471805599453,1.0695168105300787,0.782670799392242,1.326181041466461,1.141441127570926,0.6642077104417556
L71065,Doxorubicin,4,0.6931471805599453,1.104008862881897,0.858024308661853,1.308800478800832,1.1492611022063088,0.80899418608014
L7120,Acid,3,0.6931471805599453,1.4294052202142031,1.5638075026314597,1.3142937017081857,1.4795595959288446,1.527322596657855
L71758,CoCl2,0,0.6931471805599453,1.1370030390709425,0.89463809694374,1.1508375793384762,1.0296028535850454,1.0020253061272526
L72050,Acid,0,2.5649493574615367,1.4276384785961345,1.4961295703398119,1.3703774303644147,1.5016384440171613,1.5276765718031649
L72050,Doxorubicin,0,0.6931471805599453,1.0906169960232415,1.1350277739336134,1.3703774303644147,1.1924811124062527,1.1669335240377974
L72250,Dabrafenib,1,0.6931471805599453,1.3466064801566926,1.0755689180935966,1.2778640660307607,1.3031725670928274,0.8083484232878493
L72864,Dabrafenib,3,3.332204510175204,1.2955998343662156,1.4978775780841869,1.3434320298601243,1.3629012479458604,1.5363311307813792
L72864,Doxorubicin,3,1.3862943611198906,1.059425212089834,1.2396080692536036,1.3434320298601243,1.1812887814528077,1.3441542849133226
L72864,Trametinib,3,3.258096538021482,1.3477797900478352,1.5588664338102238,1.3434320298601243,1.425108914195862,1.5972530406802898
L73244,Acid,0,1.9459101490553132,1.4276384785961345,1.2219708619019825,1.1632660649657318,1.3133874486631925,1.1891874249923189
L73528,CoCl2,0,1.0986122886681098,1.1370030390709425,0.8986277792427572,1.2245652102303415,1.1080304440120767,0.9212052304972015
L73592,Acid,3,0.6931471805599453,1.4294052202142031,1.5175996712369808,1.4193422917921223,1.5893297940205369,1.6705942908747713
L73592,Cisplatin,3,0.6931471805599453,0.9434888376032666,1.0172929205778916,1.4193422917921223,1.112530575175258,1.163444013071764
L73599,Acid,2,0.6931471805599453,1.4245281818738489,1.1470784836126513,1.3979151835499397,1.545537544865938,1.5244269675462183
L73599,Dabrafenib,2,5.755742213586912,1.272899240139292,1.0105356918907733,1.3979151835499397,1.4008511212278607,1.3320084437148585
L73599,Doxorubicin,2,1.3862943611198906,1.1003288977324217,0.8089180128660887,1.3979151835499397,1.2613007180974034,1.1732727437238768
L73599,Trametinib,2,6.317164686747284,1.3613179452904967,1.1117292685943543,1.3979151835499397,1.4865366404634643,1.4258673180196293
L74009,CoCl2,1,0.6931471805599453,1.1088793216866093,0.9254453004995804,1.2456897670911349,1.1088650781210787,0.8031908123440141
L74009,Doxorubicin,1,0.6931471805599453,1.0695168105300787,0.9552967758510169,1.2456897670911349,1.0699357028431822,0.7988853877942306
L74026,Acid,0,0.6931471805599453,1.4276384785961345,1.1375271662912814,1.2483326462100663,1.3813431043655353,1.168068068908687
L74036,Dabrafenib,2,1.0986122886681098,1.272899240139292,1.0008365553906673,1.5246455804477117,1.5334301570899538,1.309751809744614
L74036,Trametinib,2,4.060443010546419,1.3613179452904967,1.1020301320942483,1.5246455804477117,1.6191156763255574,1.4036106840493847
L7412,Acid,3,1.791759469228055,1.4294052202142031,1.6659436635028437,1.3771785172979947,1.5363299052681718,1.6586008028102106
L7412,CoCl2,3,0.6931471805599453,1.1229493612824308,1.2992433668414332,1.3771785172979947,1.2669431083424085,1.2805584884273613
L74748,Acid,3,1.6094379124341003,1.4294052202142031,1.2826119650601462,1.6418326383663593,1.7962306204063032,1.8834610841446007
L74748,CoCl2,3,0.6931471805599453,1.1229493612824308,0.9159116683987355,1.6418326383663593,1.5268438234805402,1.5054187697617514
L74748,Dabrafenib,3,4.852030263919617,1.2955998343662156,1.1978608851799937,1.6418326383663593,1.6376584442638793,1.708416860286966
L74748,Doxorubicin,3,1.0986122886681098,1.059425212089834,0.9395913763494104,1.6418326383663593,1.4560459777708266,1.5162400144189094
L74748,Trametinib,3,1.3862943611198906,1.3477797900478352,1.2588497409060304,1.6418326383663593,1.6998661105138806,1.7693387701858767
L74841,Acid,4,0.6931471805599453,1.4591012200707234,1.3891900531527417,1.3410261598829363,1.538683533895556,1.4985633511272698
L74841,Dabrafenib,4,0.6931471805599453,1.315199596110756,1.2866997595660268,1.3410261598829363,1.368077384696982,1.2561733841521439
L74841,Doxorubicin,4,0.6931471805599453,1.104008862881897,1.0559172484573738,1.3410261598829363,1.214043889749353,1.142462044931714
L74841,Trametinib,4,1.9459101490553132,1.39400845125062,1.3692282423533926,1.3410261598829363,1.449319748490305,1.3541055162576052
L75392,Acid,4,3.9889840465642745,1.4591012200707234,2.4043506152661775,1.2681447999232631,1.4543613561758415,2.481237039533636
L75392,Cisplatin,4,0.6931471805599453,0.9536217875497237,1.8760476922011982,1.2681447999232631,0.9552707070283771,1.9385602438812108
L75392,CoCl2,4,1.9459101490553132,1.1105827756120363,1.9968874795190557,1.2681447999232631,1.1281341862810927,2.0658231493893737
L75392,Dabrafenib,4,1.6094379124341003,1.315199596110756,2.301860321679463,1.2681447999232631,1.2837552069772675,2.23884707255851
L75392,Doxorubicin,4,3.367295829986474,1.104008862881897,2.0710778105708103,1.2681447999232631,1.1297217120296388,2.1251357333380803
L75392,Trametinib,4,0.6931471805599453,1.39400845125062,2.3843888044668287,1.2681447999232631,1.3649975707705906,2.336779204663972
L75819,Acid,1,0.6931471805599453,1.4447324299693032,1.2332360824050952,1.2275214040868594,1.4053388781002112,1.2530378014893786
L75819,CoCl2,1,1.0986122886681098,1.1088793216866093,0.8433897963137846,1.2275214040868594,1.0960950169797274,0.8646866391298393
L75819,Dabrafenib,1,0.6931471805599453,1.3466064801566926,1.1661393903665755,1.2275214040868594,1.2686157402717675,1.087068434559872
L75819,Doxorubicin,1,0.6931471805599453,1.0695168105300787,0.8732412716652211,1.2275214040868594,1.0571656417018307,0.8603812145800559
L76201,Acid,2,1.791759469228055,1.4245281818738489,1.4750262772357192,1.3383105732694984,1.4897967347552334,1.4855418814601757
L76557,CoCl2,4,0.6931471805599453,1.1105827756120363,0.7410017143615463,1.3672929205152078,1.224572701600395,0.6126109162917632
L76568,Acid,0,2.5649493574615367,1.4276384785961345,1.96669703708903,1.2827346109080404,1.4396333630003966,1.8893463113145557
L76568,CoCl2,0,1.0986122886681098,1.1370030390709425,1.576310430211218,1.2827346109080404,1.1679302073489257,1.5381465150030045
L76568,Doxorubicin,0,1.0986122886681098,1.0906169960232415,1.6055952406828313,1.2827346109080404,1.130476031389488,1.5286032635491882
L76856,Doxorubicin,4,1.0986122886681098,1.104008862881897,0.976819537963884,1.1944659973787766,1.063440102248588,1.1463504773391118
L77171,Acid,0,0.6931471805599453,1.4276384785961345,1.1663576894374204,1.3736786667239889,1.5033204617796174,1.000431760009636
L77190,Acid,2,0.6931471805599453,1.4245281818738489,1.4182586140496853,1.2895618898291579,1.4533524769595383,1.4894191541468262
L77190,Dabrafenib,2,1.0986122886681098,1.272899240139292,1.2817158223278073,1.2895618898291579,1.308666053321461,1.2970006303154664
L77190,Doxorubicin,2,1.0986122886681098,1.1003288977324217,1.0800981433031227,1.2895618898291579,1.1691156501910038,1.138264930324485
L77190,Trametinib,2,1.791759469228055,1.3613179452904967,1.3829093990313883,1.2895618898291579,1.3943515725570648,1.3908595046202372
L77289,Dabrafenib,4,0.6931471805599453,1.315199596110756,1.0459745565219536,1.1516669018491363,1.170242606963712,0.733131092388398
L77443,Acid,2,4.442651256490317,1.4245281818738489,1.9562557786243715,1.3466859479764872,1.5021026473414454,1.9778959437117325
L77443,Doxorubicin,2,0.6931471805599453,1.1003288977324217,1.6180953078778089,1.3466859479764872,1.2178658205729107,1.6267417198893912
L77443,Trametinib,2,0.6931471805599453,1.3613179452904967,1.9209065636060745,1.3466859479764872,1.4431017429389716,1.8793362941851435
L77622,Acid,4,1.0986122886681098,1.4591012200707234,1.4758253004382893,1.2370181431141105,1.4274496643930754,1.5716546593761107
L77622,CoCl2,4,1.0986122886681098,1.1105827756120363,1.0683621646911674,1.2370181431141105,1.1012224944983267,1.1562407692318482
L77622,Doxorubicin,4,1.0986122886681098,1.104008862881897,1.1425524957429216,1.2370181431141105,1.1028100202468727,1.2155533531805551
L77622,Trametinib,4,0.6931471805599453,1.39400845125062,1.4558634896389404,1.2370181431141105,1.3380858789878245,1.4271968245064464
L78432,Acid,4,1.6094379124341003,1.4591012200707234,1.3734168126954045,1.2494334281480957,1.4365206620240936,1.411762950588517
L78432,Doxorubicin,4,1.0986122886681098,1.104008862881897,1.0401440080000366,1.2494334281480957,1.1118810178778908,1.0556616443929614
L78561,Acid,2,1.791759469228055,1.4245281818738489,1.6822659000268116,1.142967642264221,1.322421556589322,1.7787217750357402
L78561,CoCl2,2,1.0986122886681098,1.070769265548892,1.2422512736128868,1.142967642264221,0.9992628821652472,1.3380505218316154
L78561,Dabrafenib,2,2.302585092994046,1.272899240139292,1.5457231083049336,1.142967642264221,1.1777351329512447,1.5863032512043804
L78561,Doxorubicin,2,0.6931471805599453,1.1003288977324217,1.344105429280249,1.142967642264221,1.0381847298207876,1.4275675512133987
L78561,Trametinib,2,1.9459101490553132,1.3613179452904967,1.6469166850085144,1.142967642264221,1.2634206521868485,1.6801621255091512
L78888,Acid,4,1.791759469228055,1.4591012200707234,1.1912971133572208,1.227440275943703,1.400748545038716,1.350405994638027
L79584,Acid,2,1.0986122886681098,1.4245281818738489,1.1470784836126513,1.2393879288594847,1.4096563601748646,1.4481041124782568
L79914,Acid,0,1.3862943611198906,1.4276384785961345,1.3601474648119714,1.286093967984782,1.4302606253952481,1.390931894121814
L79914,CoCl2,0,0.6931471805599453,1.1370030390709425,0.9697608579341596,1.286093967984782,1.158557469743777,1.0397320978102629
L8006,Acid,4,1.6094379124341003,1.4591012200707234,1.4354130042465354,1.3879517627757871,1.5601069047557075,1.5013140430062784
L8006,CoCl2,4,2.1972245773362196,1.1105827756120363,1.0279498684994133,1.3879517627757871,1.2338797348609587,1.085900152862016
L80068,Acid,0,2.772588722239781,1.4276384785961345,1.1663576894374204,1.3845470812286649,1.5314098795050863,0.9744106106340982
L80068,Cisplatin,0,0.6931471805599453,0.9726711059332541,0.6675453411831382,1.3845470812286649,1.076217878047147,0.515890766260552
L80184,Acid,3,1.0986122886681098,1.4294052202142031,1.4356931916497222,1.289231815517716,1.461214518296688,1.3883895393621444
L80184,Dabrafenib,3,1.6094379124341003,1.2955998343662156,1.3509421117695697,1.289231815517716,1.302642342154264,1.2133453155045095
L80184,Doxorubicin,3,1.0986122886681098,1.059425212089834,1.0926726029389864,1.289231815517716,1.1210298756612112,1.0211684696364531
L80184,Trametinib,3,0.6931471805599453,1.3477797900478352,1.4119309674956066,1.289231815517716,1.3648500084042654,1.2742672254034204
L80342,Acid,1,2.9444389791664403,1.4447324299693032,2.0926078158840458,1.3198982600022486,1.4918641027253043,2.134447037041432
L80342,Cisplatin,1,1.3862943611198906,0.9853221182635075,1.5764123205842142,1.3198982600022486,1.0211785791814334,1.606962165634163
L80342,CoCl2,1,1.791759469228055,1.1088793216866093,1.7027615297927352,1.3198982600022486,1.1826202416048206,1.7460958746818926
L80342,Dabrafenib,1,1.3862943611198906,1.3466064801566926,2.025511123845526,1.3198982600022486,1.3551409648968606,1.968477670111925
L80342,Doxorubicin,1,1.9459101490553132,1.0695168105300787,1.7326130051441717,1.3198982600022486,1.1436908663269238,1.7417904501321089
L80342,Trametinib,1,1.3862943611198906,1.4489731040578087,2.1362085996575795,1.3198982600022486,1.4505496859034637,2.0698719093353417
L81084,Trametinib,2,0.6931471805599453,1.3613179452904967,1.1117292685943543,1.2375104598295326,1.3364694360626046,1.0167446316088329
L81641,Acid,0,1.0986122886681098,1.4276384785961345,1.133537483992264,1.2673610582635293,1.421610368340194,1.017315728269498
L81641,Dabrafenib,0,0.6931471805599453,1.3293740847986915,1.048427964070266,1.2673610582635293,1.3143647249247365,0.8872212288918827
L81738,Acid,0,3.091042453358316,1.4276384785961345,2.0319579679056567,1.2735762968281719,1.427159206396832,2.003613783807209
L81738,Cisplatin,0,0.6931471805599453,0.9726711059332541,1.5331456196513744,1.2735762968281719,0.9719672049388927,1.5450939394336631
L81738,CoCl2,0,0.6931471805599453,1.1370030390709425,1.6415713610278448,1.2735762968281719,1.155456050745361,1.6524139874956583
L81738,Dabrafenib,0,0.6931471805599453,1.3293740847986915,1.9468484479836585,1.2735762968281719,1.3199135629813747,1.873519284429594
L81738,Doxorubicin,0,1.3862943611198906,1.0906169960232415,1.6708561714994583,1.2735762968281719,1.1180018747859233,1.642870736041842
L81738,Trametinib,0,1.3862943611198906,1.4533565151718433,2.090166508154218,1.2735762968281719,1.434789270271484,1.9938934663051358
L82032,Acid,4,1.6094379124341003,1.4591012200707234,1.9236492331461141,1.3365524243403284,1.5186436153869547,1.8784222318463828
L82032,CoCl2,4,0.6931471805599453,1.1105827756120363,1.5161860973989922,1.3365524243403284,1.192416445492206,1.4630083417021202
L82077,Dabrafenib,4,0.6931471805599453,1.315199596110756,1.2210313812446543,1.1644855851486733,1.1949617280682852,1.1217773486103484
L82689,Acid,4,0.6931471805599453,1.4591012200707234,1.1293009218060899,1.0782489181708244,1.2721201481869948,1.467788617027694
L82689,CoCl2,4,0.6931471805599453,1.1105827756120363,0.7218377860589678,1.0782489181708244,0.9458929782922461,1.0523747268834316
L82788,Dabrafenib,3,1.6094379124341003,1.2955998343662156,1.1823065932731847,1.1099518415646448,1.139852781883185,1.1218721366087205
L82788,Doxorubicin,3,0.6931471805599453,1.059425212089834,0.9240370844426014,1.1099518415646448,0.9582403153901322,0.9296952907406641
L82788,Trametinib,3,1.0986122886681098,1.3477797900478352,1.2432954489992216,1.1099518415646448,1.2020604481331862,1.1827940465076314
L82823,Acid,1,1.6094379124341003,1.4447324299693032,1.7376646672397447,1.1377456066412655,1.3270076921540435,1.7313250428568252
L82823,Cisplatin,1,1.3862943611198906,0.9853221182635075,1.2214691719399131,1.1377456066412655,0.8563221686101724,1.2038401714495566
L82823,CoCl2,1,1.9459101490553132,1.1088793216866093,1.347818381148434,1.1377456066412655,1.0177638310335597,1.342973880497286
L82823,Doxorubicin,1,2.0794415416798357,1.0695168105300787,1.3776698564998706,1.1377456066412655,0.9788344557556631,1.3386684559475026
L82823,Trametinib,1,0.6931471805599453,1.4489731040578087,1.7812654510132782,1.1377456066412655,1.2856932753322028,1.666749915150735
L82908,Doxorubicin,3,1.0986122886681098,1.059425212089834,0.8354909815526911,1.0077915161625868,0.8877675800155036,0.6803106001997561
L82979,Acid,2,5.552959584921617,1.4245281818738489,2.4234850268820503,1.260542399522456,1.4378427511997565,2.471648375337165
L82979,Cisplatin,2,2.302585092994046,0.9540993104414771,1.8880432294221432,1.260542399522456,0.9704822223820369,1.9395474404195885
L82979,CoCl2,2,3.044522437723423,1.070769265548892,1.9834704004681254,1.260542399522456,1.1146840767756816,2.03097712213304
L82979,Dabrafenib,2,0.6931471805599453,1.272899240139292,2.286942235160172,1.260542399522456,1.293156327561679,2.279229851505805
L82979,Doxorubicin,2,3.1354942159291497,1.1003288977324217,2.0853245561354874,1.260542399522456,1.1536059244312218,2.1204941515148232
L82979,Trametinib,2,1.791759469228055,1.3613179452904967,2.3881358118637532,1.260542399522456,1.3788418467972827,2.373088725810576
L83489,Acid,4,1.0986122886681098,1.4591012200707234,1.3832987136339001,1.1456616770961734,1.3392682523426076,1.4165264557747608
L83489,CoCl2,4,1.9459101490553132,1.1105827756120363,0.975835577886778,1.1456616770961734,1.0130410824478588,1.0011125656304982
L83489,Dabrafenib,4,2.3978952727983707,1.315199596110756,1.2808084200471854,1.1456616770961734,1.1686621031440336,1.1741364887996348
L83489,Doxorubicin,4,0.6931471805599453,1.104008862881897,1.0500259089385324,1.1456616770961734,1.0146286081964049,1.060425149579205
L83489,Trametinib,4,1.0986122886681098,1.39400845125062,1.363336902834551,1.1456616770961734,1.2499044669373567,1.2720686209050962
L8380,Acid,0,0.6931471805599453,1.4276384785961345,1.2282943587357158,1.2150606923615366,1.366356109662664,1.2623995903560308
L8387,Acid,0,2.995732273553991,1.4276384785961345,2.174295626345079,1.2505072897141831,1.405637331139674,2.15892600905182
L8387,Cisplatin,0,0.6931471805599453,0.9726711059332541,1.6754832780907964,1.2505072897141831,0.9504453296817346,1.7004061646782733
L8387,CoCl2,0,2.4849066497880004,1.1370030390709425,1.7839090194672669,1.2505072897141831,1.1339341754882029,1.8077262127402687
L84010,Acid,3,2.302585092994046,1.4294052202142031,2.13652753767909,1.269227426744191,1.445930173292371,2.1673777771401976
L84010,Cisplatin,3,1.3862943611198906,0.9434888376032666,1.636220787020001,1.269227426744191,0.9691309544470924,1.6602274993371902
L84010,CoCl2,3,0.6931471805599453,1.1229493612824308,1.7698272410176794,1.269227426744191,1.1765433763666078,1.7893354627573483
L84010,Dabrafenib,3,2.6390573296152584,1.2955998343662156,2.0517764577989377,1.269227426744191,1.287357997149947,1.9923335532825628
L84010,Doxorubicin,3,1.791759469228055,1.059425212089834,1.7935069489683544,1.269227426744191,1.1057455306568942,1.8001567074145064
L84010,Trametinib,3,2.4849066497880004,1.3477797900478352,2.1127653135249744,1.269227426744191,1.3495656633999484,2.0532554631814737
L8434,Acid,0,4.543294782270004,1.4276384785961345,2.0228428904969133,1.2864094994751225,1.435548115168389,1.9729033832208178
L8434,Cisplatin,0,0.6931471805599453,0.9726711059332541,1.5240305422426312,1.2864094994751225,0.9803561137104497,1.5143835388472717
L8434,CoCl2,0,1.3862943611198906,1.1370030390709425,1.6324562836191019,1.2864094994751225,1.1638449595169182,1.6217035869092669
L8434,Doxorubicin,0,1.3862943611198906,1.0906169960232415,1.6617410940907151,1.2864094994751225,1.1263907835574805,1.6121603354554503
L84351,Acid,3,3.258096538021482,1.4294052202142031,2.306931075248362,1.3080811581533252,1.4715572827770562,2.4227749355909864
L84351,Cisplatin,3,0.6931471805599453,0.9434888376032666,1.8066243245892728,1.3080811581533252,0.9947580639317775,1.9156246577879792
L84351,Dabrafenib,3,0.6931471805599453,1.2955998343662156,2.2221799953682098,1.3080811581533252,1.312985106634632,2.247730711733352
L84351,Doxorubicin,3,1.3862943611198906,1.059425212089834,1.963910486537626,1.3080811581533252,1.1313726401415793,2.055553865865295
L84404,Acid,4,0.6931471805599453,1.4591012200707234,1.1484648501086683,1.153119147277106,1.3398734381001138,1.1395117961740018
L84404,CoCl2,4,0.6931471805599453,1.1105827756120363,0.7410017143615463,1.153119147277106,1.013646268205365,0.7240979060297392
L84803,Dabrafenib,4,3.7376696182833684,1.315199596110756,1.088806819770506,1.1652889602384036,1.1710810291258396,1.0239194898675277
L84803,Trametinib,4,1.6094379124341003,1.39400845125062,1.1713353025578717,1.1652889602384036,1.2523233929191624,1.1218516219729893
L85031,Acid,0,2.1972245773362196,1.4276384785961345,1.6504065900185216,1.3822516652306158,1.5297584898718257,1.6892587646719557
L85031,Cisplatin,0,0.6931471805599453,0.9726711059332541,1.1515942417642395,1.3822516652306158,1.0745664884138864,1.2307389202984096
L85031,CoCl2,0,1.0986122886681098,1.1370030390709425,1.26001998314071,1.3822516652306158,1.2580553342203546,1.3380589683604047
L85031,Dabrafenib,0,0.6931471805599453,1.3293740847986915,1.5652970700965234,1.3822516652306158,1.4225128464563683,1.5591642652943403
L85031,Doxorubicin,0,1.0986122886681098,1.0906169960232415,1.2893047936123232,1.3822516652306158,1.2206011582609169,1.3285157169065882
L85031,Trametinib,0,1.0986122886681098,1.4533565151718433,1.708615130267083,1.3822516652306158,1.5373885537464775,1.679538447169882
L85759,Acid,2,1.791759469228055,1.4245281818738489,1.1459943650045243,1.0385700793700097,1.2146421042543705,1.2790923050436205
L85759,CoCl2,2,0.6931471805599453,1.070769265548892,0.7059797385905995,1.0385700793700097,0.8914834298302956,0.8384210518394957
L85759,Dabrafenib,2,3.6109179126442243,1.272899240139292,1.0094515732826461,1.0385700793700097,1.069955680616293,1.0866737812122607
L85759,Trametinib,2,3.367295829986474,1.3613179452904967,1.110645149986227,1.0385700793700097,1.155641199851897,1.1805326555170315
L85766,Doxorubicin,3,1.0986122886681098,1.059425212089834,0.853710557747162,1.2389018886177263,1.067682333966793,0.8875348579577199
L85940,Acid,3,1.0986122886681098,1.4294052202142031,1.4521835205436735,1.216433820370279,1.3915968281516586,1.5173140660881166
L85940,Doxorubicin,3,0.6931471805599453,1.059425212089834,1.1091629318329377,1.216433820370279,1.051412185516182,1.1500929963624253
L85940,Trametinib,3,0.6931471805599453,1.3477797900478352,1.4284212963895577,1.216433820370279,1.295232318259236,1.4031917521293926
L86391,Trametinib,4,0.6931471805599453,1.39400845125062,1.1285030393093194,1.1919915039383928,1.2860896379903501,0.9724740797354483
L86394,Acid,1,2.772588722239781,1.4447324299693032,2.2166054489362796,1.2722900186243677,1.448291792013536,2.2570436008229002
L86394,Cisplatin,1,1.6094379124341003,0.9853221182635075,1.7004099536364479,1.2722900186243677,0.9776062684696651,1.7295587294156318
L86394,CoCl2,1,0.6931471805599453,1.1088793216866093,1.826759162844969,1.2722900186243677,1.1390479308930521,1.8686924384633612
L86394,Doxorubicin,1,2.302585092994046,1.0695168105300787,1.8566106381964054,1.2722900186243677,1.1001185556151556,1.8643870139135776
L870,Acid,2,0.6931471805599453,1.4245281818738489,1.4333256506090597,1.237550991844117,1.4021223096092945,1.448329700035754
L87366,Acid,3,3.4339872044851463,1.4294052202142031,2.1666258664075086,1.3440001192760231,1.5166253720815044,2.2596696275260157
L87366,Cisplatin,3,0.6931471805599453,0.9434888376032666,1.6663191157484194,1.3440001192760231,1.0398261532362256,1.7525193497230085
L87366,Dabrafenib,3,2.4849066497880004,1.2955998343662156,2.081874786527356,1.3440001192760231,1.3580531959390802,2.0846254036683813
L87366,Doxorubicin,3,2.3978952727983707,1.059425212089834,1.8236052776967728,1.3440001192760231,1.1764407294460275,1.8924485578003245
L87366,Trametinib,3,1.6094379124341003,1.3477797900478352,2.142863642253393,1.3440001192760231,1.4202608621890815,2.145547313567292
L879,Acid,2,1.6094379124341003,1.4245281818738489,1.663858310211992,1.2727265684920315,1.4351342270563086,1.699221214217234
L879,Cisplatin,2,0.6931471805599453,0.9540993104414771,1.1284165127520849,1.2727265684920315,0.9677736982385889,1.1671202792996578
L879,Dabrafenib,2,0.6931471805599453,1.272899240139292,1.527315518490114,1.2727265684920315,1.2904478034182312,1.5068026903858742
L88206,Dabrafenib,1,0.6931471805599453,1.3466064801566926,1.0755689180935966,1.3401379659484622,1.3777676390744493,1.5158074085270103
L88461,Acid,3,3.2188758248682006,1.4294052202142031,2.064354134153492,1.250075973850663,1.4238658119744156,2.103846208629786
L88461,Dabrafenib,3,3.1354942159291497,1.2955998343662156,1.9796030542733396,1.250075973850663,1.2652936358319915,1.9288019847721516
L88461,Trametinib,3,2.3978952727983707,1.3477797900478352,2.0405919099993763,1.250075973850663,1.3275013020819928,1.9897238946710623
L88932,Acid,2,0.6931471805599453,1.4245281818738489,1.1459943650045243,1.2310754606319994,1.418337935585273,1.1094159070768286
L88932,Dabrafenib,2,0.6931471805599453,1.272899240139292,1.0094515732826461,1.2310754606319994,1.2736515119471954,0.9169973832454686
L89382,Trametinib,2,0.6931471805599453,1.3613179452904967,1.2118137861612748,1.2380847095616607,1.354186848623229,1.0728425609207588
L8950,Acid,3,0.6931471805599453,1.4294052202142031,1.1967311464578978,1.1115322767372426,1.2966905013063252,1.2475765584039202
L89642,Trametinib,0,1.0986122886681098,1.4533565151718433,1.1917460242408253,1.4503685388751877,1.5712177354562007,1.5476080191012729
L90423,Acid,4,0.6931471805599453,1.4591012200707234,1.2490348047574882,1.2751248209368193,1.4642032457450644,1.1054322613724745
L90423,Doxorubicin,4,0.6931471805599453,1.104008862881897,0.9157620000621205,1.2751248209368193,1.1395636015988617,0.749330955176919
L90680,Acid,1,1.0986122886681098,1.4447324299693032,1.288965950257265,1.204887786776819,1.3719004422653818,1.154031952267769
L90680,Doxorubicin,1,1.791759469228055,1.0695168105300787,0.9289711395173911,1.204887786776819,1.0237272058670013,0.7613753653584461
L90680,Trametinib,1,0.6931471805599453,1.4489731040578087,1.3325667340307987,1.204887786776819,1.3305860254435409,1.0894568245616787
L91035,Dabrafenib,3,0.6931471805599453,1.2955998343662156,1.458336997452006,1.240278516727298,1.256673078186406,1.395011526542848
L91046,Acid,1,1.791759469228055,1.4447324299693032,1.1153796992418263,1.2274582288611287,1.4192166757132771,0.9742577641348817
L91046,Cisplatin,1,0.6931471805599453,0.9853221182635075,0.5991842039419948,1.2274582288611287,0.948531152169406,0.4467728927276131
L91099,Doxorubicin,0,0.6931471805599453,1.0906169960232415,0.8950923842692142,1.2359709936629595,1.0760254245328482,0.8711863381452132
L91183,Doxorubicin,1,2.0794415416798357,1.0695168105300787,0.7950907662646371,1.327097147022945,1.151919388417165,0.944547880366466
L91803,Acid,3,2.302585092994046,1.4294052202142031,1.351845444419875,1.2770578704987685,1.4389693344832353,1.4328244539552581
L91803,Cisplatin,3,0.6931471805599453,0.9434888376032666,0.8515386937607857,1.2770578704987685,0.9621701156379566,0.9256741761522508
L91803,Doxorubicin,3,1.0986122886681098,1.059425212089834,1.0088248557091393,1.2770578704987685,1.0987846918477584,1.065603384229567
L9239,Doxorubicin,0,0.6931471805599453,1.0906169960232415,0.8052558930312219,1.1927129076907934,1.048161645397417,0.7500438196760442
L92515,Doxorubicin,3,0.6931471805599453,1.059425212089834,1.1091629318329377,1.299678605166599,1.1275889363932425,0.9756353033102245
L92556,Acid,0,1.6094379124341003,1.4276384785961345,1.2850247038215517,1.3490978559173716,1.492201104578872,1.1633963868591846
L93306,Acid,0,0.6931471805599453,1.4276384785961345,1.289014386120569,1.2520577513764466,1.4120554093144164,1.2050695115545484
L93306,Doxorubicin,0,0.6931471805599453,1.0906169960232415,0.9279125897143704,1.2520577513764466,1.1028980777035076,0.8443264637891811
L93681,Acid,4,3.367295829986474,1.4591012200707234,1.6718277024750543,1.283325500139494,1.4549826717760055,1.6918168825242645
L93681,Cisplatin,4,1.0986122886681098,0.9536217875497237,1.1435247794100747,1.283325500139494,0.9558920226285411,1.149140086871839
L93681,Doxorubicin,4,2.6390573296152584,1.104008862881897,1.3385548977796866,1.283325500139494,1.1303430276298025,1.335715576328709
L9405,Acid,3,0.6931471805599453,1.4294052202142031,1.1387022448511785,1.3759696458544115,1.5343849161859857,1.0887369236552062
L9405,Cisplatin,3,1.0986122886681098,0.9434888376032666,0.6383954941920893,1.3759696458544115,1.0575856973407072,0.581586645852199
L9405,Dabrafenib,3,0.6931471805599453,1.2955998343662156,1.053951164971026,1.3759696458544115,1.3758127400435618,0.9136926997975716
L9405,Doxorubicin,3,0.6931471805599453,1.059425212089834,0.7956816561404426,1.3759696458544115,1.1942002735505088,0.721515853929515
L94096,CoCl2,1,1.0986122886681098,1.1088793216866093,0.9811124129311038,1.3121309256887967,1.1788067571466438,0.8941343880509283
L94397,CoCl2,0,1.0986122886681098,1.1370030390709425,0.7471405594134696,1.472794885889016,1.3267494409833325,1.2851660808758423
L94397,Dabrafenib,0,0.6931471805599453,1.3293740847986915,1.0524176463692831,1.472794885889016,1.4912069532193462,1.506271377809778
L94397,Trametinib,0,0.6931471805599453,1.4533565151718433,1.1957357065398426,1.472794885889016,1.6060826605094554,1.6266455596853198
L95076,Acid,2,0.6931471805599453,1.4245281818738489,1.2471630011795718,1.2313887799373242,1.4085109472010287,1.2140242770588625
L95076,Doxorubicin,2,1.0986122886681098,1.1003288977324217,0.9090025304330092,1.2313887799373242,1.124274120432494,0.8628700532365211
L95404,Acid,3,0.6931471805599453,1.4294052202142031,1.1279422358880093,1.1256228579125052,1.313540322568745,1.0671911767964584
L95404,Trametinib,3,0.6931471805599453,1.3477797900478352,1.1041800117338938,1.1256228579125052,1.2171758126763221,0.9530688628377345
L96449,Acid,2,3.5553480614894135,1.4245281818738489,1.9357955557713356,1.3272546817431161,1.486037421349482,1.972228503694466
L96449,Cisplatin,2,1.0986122886681098,0.9540993104414771,1.4003537583114287,1.3272546817431161,1.0186768925317624,1.4401275687768897
L96449,CoCl2,2,1.3862943611198906,1.070769265548892,1.4957809293574107,1.3272546817431161,1.1628787469254072,1.5315572504903412
L96449,Dabrafenib,2,0.6931471805599453,1.272899240139292,1.7992527640494576,1.3272546817431161,1.3413509977114046,1.7798099798631062
L96449,Doxorubicin,2,2.70805020110221,1.1003288977324217,1.597635085024773,1.3272546817431161,1.2018005945809473,1.6210742798721245
L96601,Acid,1,1.9459101490553132,1.4447324299693032,1.8090670677079241,1.2750377143322742,1.4619867359980576,1.8222443682167229
L96601,CoCl2,1,0.6931471805599453,1.1088793216866093,1.4192207816166136,1.2750377143322742,1.1527428748775737,1.4338932058571838
L96601,Dabrafenib,1,1.6094379124341003,1.3466064801566926,1.7419703756694045,1.2750377143322742,1.3252635981696137,1.6562750012872165
L96601,Doxorubicin,1,0.6931471805599453,1.0695168105300787,1.44907225696805,1.2750377143322742,1.1138134995996771,1.4295877813074003
L96601,Trametinib,1,2.5649493574615367,1.4489731040578087,1.8526678514814576,1.2750377143322742,1.4206723191762167,1.757669240510633
L96686,CoCl2,2,1.0986122886681098,1.070769265548892,1.0436266687137732,1.3552666093079662,1.192459446064444,0.9520478649102857
L96686,Doxorubicin,2,0.6931471805599453,1.1003288977324217,1.1454808243811354,1.3552666093079662,1.2313812937199844,1.041564894292069
L96744,Acid,4,0.6931471805599453,1.4591012200707234,1.1912971133572208,1.3096320604926974,1.4797870971435936,1.3302394121634908
L97495,Doxorubicin,0,0.6931471805599453,1.0906169960232415,0.8052558930312219,1.0488279519699528,0.8929915929115866,0.7584548362039865
L97812,Cisplatin,4,0.6931471805599453,0.9536217875497237,0.6629941902922412,1.4032680955808337,1.06751694898622,0.6278437492687063
L97975,Dabrafenib,4,0.6931471805599453,1.315199596110756,1.5449121342627596,1.2379446389377047,1.263716312200471,1.3416910965703102
L97975,Doxorubicin,4,0.6931471805599453,1.104008862881897,1.3141296231541069,1.2379446389377047,1.1096828172528421,1.2279797573498805
L98246,Acid,3,1.3862943611198906,1.4294052202142031,1.6451922042304161,1.371402213208525,1.5272892659552788,1.6713382410975597
L98246,Cisplatin,3,1.3862943611198906,0.9434888376032666,1.1448854535713269,1.371402213208525,1.0504900471100003,1.1641879632945522
L98246,Doxorubicin,3,0.6931471805599453,1.059425212089834,1.3021716155196803,1.371402213208525,1.1871046233198022,1.3041171713718684
L98471,Trametinib,2,1.0986122886681098,1.3613179452904967,1.5144394694559313,1.3131744303179067,1.4194514271468264,1.4693366546130937
L98475,Acid,0,2.0794415416798357,1.4276384785961345,1.5314302138741165,1.214540349262969,1.3761574245672559,1.560635982095225
L98475,Cisplatin,0,0.6931471805599453,0.9726711059332541,1.0326178656198344,1.214540349262969,0.9209654231093167,1.1021161377216786
L98475,CoCl2,0,2.833213344056216,1.1370030390709425,1.1410436069963046,1.214540349262969,1.104454268915785,1.209436185783674
L98634,Acid,2,3.5263605246161616,1.4245281818738489,2.36742539905375,1.2997213446261249,1.463319509108661,2.370073919503651
L98634,CoCl2,2,1.3862943611198906,1.070769265548892,1.927410772639825,1.2997213446261249,1.1401608346845862,1.9294026662995265
L98634,Dabrafenib,2,1.0986122886681098,1.272899240139292,2.230882607331872,1.2997213446261249,1.3186330854705837,2.177655395672291
L98634,Doxorubicin,2,1.9459101490553132,1.1003288977324217,2.029264928307187,1.2997213446261249,1.1790826823401264,2.01891969568131
L98676,Dabrafenib,4,3.1780538303479458,1.315199596110756,1.0459745565219536,1.428385018465122,1.429396490211659,1.2008688056921217
L98676,Trametinib,4,1.3862943611198906,1.39400845125062,1.1285030393093194,1.428385018465122,1.510638854004982,1.298800937797583
L98949,Acid,4,1.0986122886681098,1.4591012200707234,1.36655475238812,1.361040543575317,1.529725544994895,1.3408030130699635
L98949,Doxorubicin,4,0.6931471805599453,1.104008862881897,1.0332819476927522,1.361040543575317,1.205085900848692,0.984701706874408
L98994,Acid,0,1.3862943611198906,1.4276384785961345,1.2561941806754127,1.3328248769718414,1.4856166240345283,1.2415270281120823
L98994,Dabrafenib,0,0.6931471805599453,1.3293740847986915,1.1710846607534147,1.3328248769718414,1.3783709806190712,1.1114325287344669
L99144,Acid,2,1.6094379124341003,1.4245281818738489,1.3181740964827648,1.1242024894044198,1.3078274613425207,1.4979451660708003
L99144,Doxorubicin,2,2.0794415416798357,1.1003288977324217,0.9800136257362022,1.1242024894044198,1.0235906345739862,1.1467909422484588
L99360,Acid,1,1.791759469228055,1.4447324299693032,1.2974968551458075,1.2309822607338927,1.404326044343081,1.328887536448847
L99360,Cisplatin,1,0.6931471805599453,0.9853221182635075,0.781301359845976,1.2309822607338927,0.9336405207992099,0.8014026650415785
L99360,CoCl2,1,0.6931471805599453,1.1088793216866093,0.907650569054497,1.2309822607338927,1.095082183222597,0.9405363740893079
L99360,Dabrafenib,1,0.6931471805599453,1.3466064801566926,1.230400163107288,1.2309822607338927,1.267602906514637,1.1629181695193407
L99360,Doxorubicin,1,2.0794415416798357,1.0695168105300787,0.9375020444059334,1.2309822607338927,1.0561528079447005,0.9362309495395243
L99360,Trametinib,1,1.0986122886681098,1.4489731040578087,1.3410976389193412,1.2309822607338927,1.36301162752124,1.2643124087427569
L99904,Acid,0,0.6931471805599453,1.4276384785961345,1.133537483992264,1.367147138884447,1.5166999007385265,0.8645566107743275
L99912,Acid,2,1.791759469228055,1.4245281818738489,1.2835110429669567,1.255791141694019,1.4170386366403958,1.421934317738139
L99912,CoCl2,2,1.0986122886681098,1.070769265548892,0.8434964165530319,1.255791141694019,1.0938799622163207,0.9812630645340142
L99912,Dabrafenib,2,1.9459101490553132,1.272899240139292,1.1469682512450787,1.255791141694019,1.2723522130023182,1.2295157939067791
L99912,Trametinib,2,1.0986122886681098,1.3613179452904967,1.2481618279486597,1.255791141694019,1.358037732237922,1.32337466821155
