{
  "n_members": 5,
  "n_train": 33688,
  "n_val": 4406,
  "n_calib": 4490,
  "val_loss_mean": 5.236766257180012,
  "val_loss_per_member": [
    5.259987886959566,
    5.205248345259477,
    5.288332900187128,
    5.2035177441223395,
    5.226744409371548
  ],
  "temperature": 0.5421672972003214,
  "conformal_q": {
    "0.9": 6.885993957519531
  },
  "nll_before_temp": 0.6951237478542622,
  "nll_after_temp": 0.6324013786256852,
  "ece_before_temp": 0.27704071474383757,
  "ece_after_temp": 0.1398896066927661,
  "conformal_coverage_calib": 0.9002227171492205
}