{
  "schema_version": "1.0",
  "done": {
    "reprogramming:HFF:b0": {
      "n": 943,
      "ts": 1783698174.4127505
    },
    "reprogramming:HFF:b1": {
      "n": 949,
      "ts": 1783698176.1855283
    },
    "reprogramming:HFF:b2": {
      "n": 929,
      "ts": 1783698177.8906503
    },
    "reprogramming:HFF:b3": {
      "n": 945,
      "ts": 1783698179.5914388
    },
    "reprogramming:HFF:b4": {
      "n": 951,
      "ts": 1783698181.426237
    },
    "reprogramming:HFF:b5": {
      "n": 942,
      "ts": 1783698183.20204
    },
    "reprogramming:HFF:b6": {
      "n": 954,
      "ts": 1783698184.919035
    },
    "reprogramming:HFF:b7": {
      "n": 950,
      "ts": 1783698186.7524977
    },
    "reprogramming:HFF:b8": {
      "n": 952,
      "ts": 1783698188.5726516
    },
    "reprogramming:HFF:b9": {
      "n": 945,
      "ts": 1783698190.308997
    },
    "reprogramming:HFF:b10": {
      "n": 954,
      "ts": 1783698192.1536748
    },
    "reprogramming:HFF:b11": {
      "n": 953,
      "ts": 1783698193.8629942
    },
    "reprogramming:HFF:b12": {
      "n": 945,
      "ts": 1783698195.6622045
    },
    "reprogramming:HFF:b13": {
      "n": 945,
      "ts": 1783698197.3732336
    },
    "reprogramming:HFF:b14": {
      "n": 952,
      "ts": 1783698199.187051
    },
    "reprogramming:HFF:b15": {
      "n": 935,
      "ts": 1783698200.8772938
    },
    "reprogramming:HFF:b16": {
      "n": 949,
      "ts": 1783698202.7700963
    },
    "reprogramming:HFF:b17": {
      "n": 953,
      "ts": 1783698204.532557
    },
    "reprogramming:HFF:b18": {
      "n": 924,
      "ts": 1783698206.3369274
    },
    "reprogramming:HFF:b19": {
      "n": 947,
      "ts": 1783698208.2991407
    },
    "reprogramming:HFF:b20": {
      "n": 937,
      "ts": 1783698210.1634598
    },
    "reprogramming:HFF:b21": {
      "n": 944,
      "ts": 1783698212.1328127
    },
    "reprogramming:HFF:b22": {
      "n": 949,
      "ts": 1783698213.9451456
    },
    "reprogramming:HFF:b23": {
      "n": 939,
      "ts": 1783698215.717498
    },
    "reprogramming:HFF:b24": {
      "n": 937,
      "ts": 1783698217.4474819
    },
    "reprogramming:HFF:b25": {
      "n": 934,
      "ts": 1783698219.1929884
    },
    "reprogramming:HFF:b26": {
      "n": 949,
      "ts": 1783698220.962412
    },
    "reprogramming:HFF:b27": {
      "n": 949,
      "ts": 1783698222.6526582
    },
    "reprogramming:HFF:b28": {
      "n": 942,
      "ts": 1783698224.5053763
    },
    "reprogramming:HFF:b29": {
      "n": 945,
      "ts": 1783698226.3887396
    },
    "reprogramming:HFF:b30": {
      "n": 953,
      "ts": 1783698228.2547133
    },
    "reprogramming:HFF:b31": {
      "n": 947,
      "ts": 1783698230.0016515
    },
    "reprogramming:HFF:b32": {
      "n": 928,
      "ts": 1783698231.8887384
    },
    "reprogramming:HFF:b33": {
      "n": 942,
      "ts": 1783698233.6972334
    },
    "reprogramming:HFF:b34": {
      "n": 942,
      "ts": 1783698235.4650612
    },
    "reprogramming:HFF:b35": {
      "n": 940,
      "ts": 1783698237.2314372
    },
    "reprogramming:HFF:b36": {
      "n": 931,
      "ts": 1783698238.9141595
    },
    "reprogramming:HFF:b37": {
      "n": 952,
      "ts": 1783698240.697464
    },
    "reprogramming:HFF:b38": {
      "n": 940,
      "ts": 1783698242.3984363
    },
    "reprogramming:HFF:b39": {
      "n": 942,
      "ts": 1783698244.1987355
    },
    "reprogramming:HFF:b40": {
      "n": 938,
      "ts": 1783698245.923836
    },
    "reprogramming:HFF:b41": {
      "n": 949,
      "ts": 1783698247.6978967
    },
    "reprogramming:HFF:b42": {
      "n": 948,
      "ts": 1783698249.4576395
    },
    "reprogramming:HFF:b43": {
      "n": 943,
      "ts": 1783698251.3025079
    },
    "reprogramming:HFF:b44": {
      "n": 944,
      "ts": 1783698253.0794687
    },
    "reprogramming:N2": {
      "n": 21,
      "ts": 1783698253.3058517
    },
    "reprogramming:N3": {
      "n": 21,
      "ts": 1783698253.4884777
    },
    "reprogramming:O1": {
      "n": 21,
      "ts": 1783698253.6576936
    },
    "reprogramming:O2": {
      "n": 21,
      "ts": 1783698253.8290052
    },
    "reprogramming:Y1": {
      "n": 19,
      "ts": 1783698253.9901726
    },
    "reprogramming:Y2": {
      "n": 21,
      "ts": 1783698254.1725338
    }
  },
  "failed": {}
}