{
  "n_members": 5,
  "n_train": 33690,
  "n_val": 4406,
  "n_calib": 4490,
  "val_loss_mean": 6.895439872447328,
  "val_loss_per_member": [
    6.846857033693623,
    6.883914155739305,
    6.951282286936188,
    6.805866327601782,
    6.9892795582657445
  ],
  "temperature": 0.5459509479258735,
  "conformal_q": {
    "0.9": 8.404747009277344
  },
  "nll_before_temp": 0.6954495250119004,
  "nll_after_temp": 0.6349301262782957,
  "ece_before_temp": 0.27849828353455214,
  "ece_after_temp": 0.1451662427665859,
  "conformal_coverage_calib": 0.9002227171492205
}