{
  "schema_version": "1.0",
  "done": {
    "reprogramming:HFF:b0": {
      "n": 943,
      "ts": 1783624090.0519555
    },
    "reprogramming:HFF:b1": {
      "n": 949,
      "ts": 1783624091.9278371
    },
    "reprogramming:HFF:b2": {
      "n": 929,
      "ts": 1783624093.848803
    },
    "reprogramming:HFF:b3": {
      "n": 945,
      "ts": 1783624095.720482
    },
    "reprogramming:HFF:b4": {
      "n": 951,
      "ts": 1783624097.5917678
    },
    "reprogramming:HFF:b5": {
      "n": 942,
      "ts": 1783624099.5360954
    },
    "reprogramming:HFF:b6": {
      "n": 954,
      "ts": 1783624101.3470619
    },
    "reprogramming:HFF:b7": {
      "n": 950,
      "ts": 1783624103.2007675
    },
    "reprogramming:HFF:b8": {
      "n": 952,
      "ts": 1783624105.10859
    },
    "reprogramming:HFF:b9": {
      "n": 945,
      "ts": 1783624106.9422889
    },
    "reprogramming:HFF:b10": {
      "n": 954,
      "ts": 1783624108.7837265
    },
    "reprogramming:HFF:b11": {
      "n": 953,
      "ts": 1783624110.6264544
    },
    "reprogramming:HFF:b12": {
      "n": 945,
      "ts": 1783624112.4440057
    },
    "reprogramming:HFF:b13": {
      "n": 945,
      "ts": 1783624114.3641112
    },
    "reprogramming:HFF:b14": {
      "n": 952,
      "ts": 1783624116.2098486
    },
    "reprogramming:HFF:b15": {
      "n": 935,
      "ts": 1783624117.9972184
    },
    "reprogramming:HFF:b16": {
      "n": 949,
      "ts": 1783624119.8251762
    },
    "reprogramming:HFF:b17": {
      "n": 953,
      "ts": 1783624121.74002
    },
    "reprogramming:HFF:b18": {
      "n": 924,
      "ts": 1783624123.5039518
    },
    "reprogramming:HFF:b19": {
      "n": 947,
      "ts": 1783624125.362448
    },
    "reprogramming:HFF:b20": {
      "n": 937,
      "ts": 1783624127.178539
    },
    "reprogramming:HFF:b21": {
      "n": 944,
      "ts": 1783624128.9706984
    },
    "reprogramming:HFF:b22": {
      "n": 949,
      "ts": 1783624130.7961595
    },
    "reprogramming:HFF:b23": {
      "n": 939,
      "ts": 1783624132.647322
    },
    "reprogramming:HFF:b24": {
      "n": 937,
      "ts": 1783624134.4700546
    },
    "reprogramming:HFF:b25": {
      "n": 934,
      "ts": 1783624136.2480354
    },
    "reprogramming:HFF:b26": {
      "n": 949,
      "ts": 1783624138.0537033
    },
    "reprogramming:HFF:b27": {
      "n": 949,
      "ts": 1783624139.8628902
    },
    "reprogramming:HFF:b28": {
      "n": 942,
      "ts": 1783624141.7479258
    },
    "reprogramming:HFF:b29": {
      "n": 945,
      "ts": 1783624143.596925
    },
    "reprogramming:HFF:b30": {
      "n": 953,
      "ts": 1783624145.5657086
    },
    "reprogramming:HFF:b31": {
      "n": 947,
      "ts": 1783624147.3713784
    },
    "reprogramming:HFF:b32": {
      "n": 928,
      "ts": 1783624149.1697223
    },
    "reprogramming:HFF:b33": {
      "n": 942,
      "ts": 1783624150.9799995
    },
    "reprogramming:HFF:b34": {
      "n": 942,
      "ts": 1783624152.8304079
    },
    "reprogramming:HFF:b35": {
      "n": 940,
      "ts": 1783624154.5718942
    },
    "reprogramming:HFF:b36": {
      "n": 931,
      "ts": 1783624156.4306402
    },
    "reprogramming:HFF:b37": {
      "n": 952,
      "ts": 1783624158.3238375
    },
    "reprogramming:HFF:b38": {
      "n": 940,
      "ts": 1783624160.172139
    },
    "reprogramming:HFF:b39": {
      "n": 942,
      "ts": 1783624162.0916438
    },
    "reprogramming:HFF:b40": {
      "n": 938,
      "ts": 1783624163.9175577
    },
    "reprogramming:HFF:b41": {
      "n": 949,
      "ts": 1783624165.7493103
    },
    "reprogramming:HFF:b42": {
      "n": 948,
      "ts": 1783624167.5863872
    },
    "reprogramming:HFF:b43": {
      "n": 943,
      "ts": 1783624169.562183
    },
    "reprogramming:HFF:b44": {
      "n": 944,
      "ts": 1783624171.3644881
    },
    "reprogramming:N2": {
      "n": 21,
      "ts": 1783624171.5960503
    },
    "reprogramming:N3": {
      "n": 21,
      "ts": 1783624171.7609913
    },
    "reprogramming:O1": {
      "n": 21,
      "ts": 1783624171.9614031
    },
    "reprogramming:O2": {
      "n": 21,
      "ts": 1783624172.1886725
    },
    "reprogramming:Y1": {
      "n": 19,
      "ts": 1783624172.4031594
    },
    "reprogramming:Y2": {
      "n": 21,
      "ts": 1783624172.6291966
    }
  },
  "failed": {}
}