{
  "schema_version": "1.0",
  "done": {
    "reprogramming:HFF:b0": {
      "n": 943,
      "ts": 1783696570.9890945
    },
    "reprogramming:HFF:b1": {
      "n": 949,
      "ts": 1783696573.3704576
    },
    "reprogramming:HFF:b2": {
      "n": 929,
      "ts": 1783696575.271446
    },
    "reprogramming:HFF:b3": {
      "n": 945,
      "ts": 1783696577.316475
    },
    "reprogramming:HFF:b4": {
      "n": 951,
      "ts": 1783696579.4310749
    },
    "reprogramming:HFF:b5": {
      "n": 942,
      "ts": 1783696581.424907
    },
    "reprogramming:HFF:b6": {
      "n": 954,
      "ts": 1783696583.230367
    },
    "reprogramming:HFF:b7": {
      "n": 950,
      "ts": 1783696585.072351
    },
    "reprogramming:HFF:b8": {
      "n": 952,
      "ts": 1783696586.8721998
    },
    "reprogramming:HFF:b9": {
      "n": 945,
      "ts": 1783696588.622965
    },
    "reprogramming:HFF:b10": {
      "n": 954,
      "ts": 1783696590.4527817
    },
    "reprogramming:HFF:b11": {
      "n": 953,
      "ts": 1783696592.422946
    },
    "reprogramming:HFF:b12": {
      "n": 945,
      "ts": 1783696594.2389197
    },
    "reprogramming:HFF:b13": {
      "n": 945,
      "ts": 1783696596.0264454
    },
    "reprogramming:HFF:b14": {
      "n": 952,
      "ts": 1783696597.849499
    },
    "reprogramming:HFF:b15": {
      "n": 935,
      "ts": 1783696599.6628134
    },
    "reprogramming:HFF:b16": {
      "n": 949,
      "ts": 1783696601.4483385
    },
    "reprogramming:HFF:b17": {
      "n": 953,
      "ts": 1783696603.4257646
    },
    "reprogramming:HFF:b18": {
      "n": 924,
      "ts": 1783696605.3081214
    },
    "reprogramming:HFF:b19": {
      "n": 947,
      "ts": 1783696607.114731
    },
    "reprogramming:HFF:b20": {
      "n": 937,
      "ts": 1783696608.857399
    },
    "reprogramming:HFF:b21": {
      "n": 944,
      "ts": 1783696610.6077557
    },
    "reprogramming:HFF:b22": {
      "n": 949,
      "ts": 1783696612.482111
    },
    "reprogramming:HFF:b23": {
      "n": 939,
      "ts": 1783696614.276003
    },
    "reprogramming:HFF:b24": {
      "n": 937,
      "ts": 1783696616.0335686
    },
    "reprogramming:HFF:b25": {
      "n": 934,
      "ts": 1783696617.9317486
    },
    "reprogramming:HFF:b26": {
      "n": 949,
      "ts": 1783696619.7834044
    },
    "reprogramming:HFF:b27": {
      "n": 949,
      "ts": 1783696621.5817575
    },
    "reprogramming:HFF:b28": {
      "n": 942,
      "ts": 1783696623.451493
    },
    "reprogramming:HFF:b29": {
      "n": 945,
      "ts": 1783696625.270095
    },
    "reprogramming:HFF:b30": {
      "n": 953,
      "ts": 1783696627.0260096
    },
    "reprogramming:HFF:b31": {
      "n": 947,
      "ts": 1783696628.8764305
    },
    "reprogramming:HFF:b32": {
      "n": 928,
      "ts": 1783696630.6527402
    },
    "reprogramming:HFF:b33": {
      "n": 942,
      "ts": 1783696632.626058
    },
    "reprogramming:HFF:b34": {
      "n": 942,
      "ts": 1783696634.573175
    },
    "reprogramming:HFF:b35": {
      "n": 940,
      "ts": 1783696636.3985581
    },
    "reprogramming:HFF:b36": {
      "n": 931,
      "ts": 1783696638.2179832
    },
    "reprogramming:HFF:b37": {
      "n": 952,
      "ts": 1783696639.9747932
    },
    "reprogramming:HFF:b38": {
      "n": 940,
      "ts": 1783696641.7406292
    },
    "reprogramming:HFF:b39": {
      "n": 942,
      "ts": 1783696643.5690482
    },
    "reprogramming:HFF:b40": {
      "n": 938,
      "ts": 1783696645.387813
    },
    "reprogramming:HFF:b41": {
      "n": 949,
      "ts": 1783696647.3525457
    },
    "reprogramming:HFF:b42": {
      "n": 948,
      "ts": 1783696649.2092922
    },
    "reprogramming:HFF:b43": {
      "n": 943,
      "ts": 1783696651.1123366
    },
    "reprogramming:HFF:b44": {
      "n": 944,
      "ts": 1783696652.8631613
    },
    "reprogramming:N2": {
      "n": 21,
      "ts": 1783696653.1174006
    },
    "reprogramming:N3": {
      "n": 21,
      "ts": 1783696653.3937795
    },
    "reprogramming:O1": {
      "n": 21,
      "ts": 1783696653.5837243
    },
    "reprogramming:O2": {
      "n": 21,
      "ts": 1783696653.7824898
    },
    "reprogramming:Y1": {
      "n": 19,
      "ts": 1783696653.9504077
    },
    "reprogramming:Y2": {
      "n": 21,
      "ts": 1783696654.1324062
    }
  },
  "failed": {}
}