{
  "n_members": 5,
  "n_train": 33688,
  "n_val": 4406,
  "n_calib": 4490,
  "val_loss_mean": 7.9455871378569185,
  "val_loss_per_member": [
    7.975750208875022,
    7.935712970607236,
    7.924092586723393,
    7.9198799332433865,
    7.972499989835555
  ],
  "temperature": 0.5453627381325148,
  "conformal_q": {
    "0.9": 9.68368148803711
  },
  "nll_before_temp": 0.6985519328980377,
  "nll_after_temp": 0.6384064763365146,
  "ece_before_temp": 0.2797026790059592,
  "ece_after_temp": 0.14644330357807198,
  "conformal_coverage_calib": 0.9002227171492205
}