{
  "schema_version": "1.0",
  "done": {
    "reprogramming:HFF:b0": {
      "n": 943,
      "ts": 1783355090.46518
    },
    "reprogramming:HFF:b1": {
      "n": 949,
      "ts": 1783355092.281561
    },
    "reprogramming:HFF:b2": {
      "n": 929,
      "ts": 1783355094.439325
    },
    "reprogramming:HFF:b3": {
      "n": 945,
      "ts": 1783355096.1423612
    },
    "reprogramming:HFF:b4": {
      "n": 951,
      "ts": 1783355097.8037763
    },
    "reprogramming:HFF:b5": {
      "n": 942,
      "ts": 1783355099.320378
    },
    "reprogramming:HFF:b6": {
      "n": 954,
      "ts": 1783355100.7977855
    },
    "reprogramming:HFF:b7": {
      "n": 950,
      "ts": 1783355102.3943017
    },
    "reprogramming:HFF:b8": {
      "n": 952,
      "ts": 1783355103.9864614
    },
    "reprogramming:HFF:b9": {
      "n": 945,
      "ts": 1783355105.512463
    },
    "reprogramming:HFF:b10": {
      "n": 954,
      "ts": 1783355107.0865161
    },
    "reprogramming:HFF:b11": {
      "n": 953,
      "ts": 1783355108.6465156
    },
    "reprogramming:HFF:b12": {
      "n": 945,
      "ts": 1783355110.3997025
    },
    "reprogramming:HFF:b13": {
      "n": 945,
      "ts": 1783355112.1085494
    },
    "reprogramming:HFF:b14": {
      "n": 952,
      "ts": 1783355113.9357212
    },
    "reprogramming:HFF:b15": {
      "n": 935,
      "ts": 1783355115.6446087
    },
    "reprogramming:HFF:b16": {
      "n": 949,
      "ts": 1783355117.1277857
    },
    "reprogramming:HFF:b17": {
      "n": 953,
      "ts": 1783355118.5828822
    },
    "reprogramming:HFF:b18": {
      "n": 924,
      "ts": 1783355120.0895889
    },
    "reprogramming:HFF:b19": {
      "n": 947,
      "ts": 1783355121.5352356
    },
    "reprogramming:HFF:b20": {
      "n": 937,
      "ts": 1783355122.9828281
    },
    "reprogramming:HFF:b21": {
      "n": 944,
      "ts": 1783355124.4545176
    },
    "reprogramming:HFF:b22": {
      "n": 949,
      "ts": 1783355126.0824597
    },
    "reprogramming:HFF:b23": {
      "n": 939,
      "ts": 1783355127.8016138
    },
    "reprogramming:HFF:b24": {
      "n": 937,
      "ts": 1783355129.3445067
    },
    "reprogramming:HFF:b25": {
      "n": 934,
      "ts": 1783355130.7905495
    },
    "reprogramming:HFF:b26": {
      "n": 949,
      "ts": 1783355132.2489645
    },
    "reprogramming:HFF:b27": {
      "n": 949,
      "ts": 1783355133.7512126
    },
    "reprogramming:HFF:b28": {
      "n": 942,
      "ts": 1783355135.225311
    },
    "reprogramming:HFF:b29": {
      "n": 945,
      "ts": 1783355136.7088873
    },
    "reprogramming:HFF:b30": {
      "n": 953,
      "ts": 1783355138.176676
    },
    "reprogramming:HFF:b31": {
      "n": 947,
      "ts": 1783355139.6378365
    },
    "reprogramming:HFF:b32": {
      "n": 928,
      "ts": 1783355141.2932708
    },
    "reprogramming:HFF:b33": {
      "n": 942,
      "ts": 1783355142.9295006
    },
    "reprogramming:HFF:b34": {
      "n": 942,
      "ts": 1783355144.606168
    },
    "reprogramming:HFF:b35": {
      "n": 940,
      "ts": 1783355146.0652957
    },
    "reprogramming:HFF:b36": {
      "n": 931,
      "ts": 1783355147.547611
    },
    "reprogramming:HFF:b37": {
      "n": 952,
      "ts": 1783355148.9817927
    },
    "reprogramming:HFF:b38": {
      "n": 940,
      "ts": 1783355150.522773
    },
    "reprogramming:HFF:b39": {
      "n": 942,
      "ts": 1783355152.0268126
    },
    "reprogramming:HFF:b40": {
      "n": 938,
      "ts": 1783355153.6194553
    },
    "reprogramming:HFF:b41": {
      "n": 949,
      "ts": 1783355155.0490046
    },
    "reprogramming:HFF:b42": {
      "n": 948,
      "ts": 1783355156.606987
    },
    "reprogramming:HFF:b43": {
      "n": 943,
      "ts": 1783355158.1134026
    },
    "reprogramming:HFF:b44": {
      "n": 944,
      "ts": 1783355159.683816
    }
  },
  "failed": {}
}