{
  "schema_version": "1.0",
  "done": {
    "reprogramming:HFF:b0": {
      "n": 943,
      "ts": 1783707103.6511247
    },
    "reprogramming:HFF:b1": {
      "n": 949,
      "ts": 1783707105.473901
    },
    "reprogramming:HFF:b2": {
      "n": 929,
      "ts": 1783707107.2764308
    },
    "reprogramming:HFF:b3": {
      "n": 945,
      "ts": 1783707109.1024446
    },
    "reprogramming:HFF:b4": {
      "n": 951,
      "ts": 1783707111.0082505
    },
    "reprogramming:HFF:b5": {
      "n": 942,
      "ts": 1783707112.7806003
    },
    "reprogramming:HFF:b6": {
      "n": 954,
      "ts": 1783707114.5746844
    },
    "reprogramming:HFF:b7": {
      "n": 950,
      "ts": 1783707116.5187247
    },
    "reprogramming:HFF:b8": {
      "n": 952,
      "ts": 1783707118.4417293
    },
    "reprogramming:HFF:b9": {
      "n": 945,
      "ts": 1783707120.4801066
    },
    "reprogramming:HFF:b10": {
      "n": 954,
      "ts": 1783707122.5452209
    },
    "reprogramming:HFF:b11": {
      "n": 953,
      "ts": 1783707124.3815181
    },
    "reprogramming:HFF:b12": {
      "n": 945,
      "ts": 1783707126.2818732
    },
    "reprogramming:HFF:b13": {
      "n": 945,
      "ts": 1783707128.0969338
    },
    "reprogramming:HFF:b14": {
      "n": 952,
      "ts": 1783707129.9496887
    },
    "reprogramming:HFF:b15": {
      "n": 935,
      "ts": 1783707131.840904
    },
    "reprogramming:HFF:b16": {
      "n": 949,
      "ts": 1783707133.6752105
    },
    "reprogramming:HFF:b17": {
      "n": 953,
      "ts": 1783707135.4846172
    },
    "reprogramming:HFF:b18": {
      "n": 924,
      "ts": 1783707137.308358
    },
    "reprogramming:HFF:b19": {
      "n": 947,
      "ts": 1783707139.172983
    },
    "reprogramming:HFF:b20": {
      "n": 937,
      "ts": 1783707141.07234
    },
    "reprogramming:HFF:b21": {
      "n": 944,
      "ts": 1783707142.9187393
    },
    "reprogramming:HFF:b22": {
      "n": 949,
      "ts": 1783707144.761435
    },
    "reprogramming:HFF:b23": {
      "n": 939,
      "ts": 1783707146.6132627
    },
    "reprogramming:HFF:b24": {
      "n": 937,
      "ts": 1783707148.3921244
    },
    "reprogramming:HFF:b25": {
      "n": 934,
      "ts": 1783707150.2622848
    },
    "reprogramming:HFF:b26": {
      "n": 949,
      "ts": 1783707152.0681229
    },
    "reprogramming:HFF:b27": {
      "n": 949,
      "ts": 1783707154.023341
    },
    "reprogramming:HFF:b28": {
      "n": 942,
      "ts": 1783707155.901002
    },
    "reprogramming:HFF:b29": {
      "n": 945,
      "ts": 1783707157.80837
    },
    "reprogramming:HFF:b30": {
      "n": 953,
      "ts": 1783707159.6220827
    },
    "reprogramming:HFF:b31": {
      "n": 947,
      "ts": 1783707161.5195491
    },
    "reprogramming:HFF:b32": {
      "n": 928,
      "ts": 1783707163.343884
    },
    "reprogramming:HFF:b33": {
      "n": 942,
      "ts": 1783707165.185059
    },
    "reprogramming:HFF:b34": {
      "n": 942,
      "ts": 1783707167.0357435
    },
    "reprogramming:HFF:b35": {
      "n": 940,
      "ts": 1783707168.892412
    },
    "reprogramming:HFF:b36": {
      "n": 931,
      "ts": 1783707170.769939
    },
    "reprogramming:HFF:b37": {
      "n": 952,
      "ts": 1783707172.5712903
    },
    "reprogramming:HFF:b38": {
      "n": 940,
      "ts": 1783707174.4666593
    },
    "reprogramming:HFF:b39": {
      "n": 942,
      "ts": 1783707176.3708713
    },
    "reprogramming:HFF:b40": {
      "n": 938,
      "ts": 1783707178.205625
    },
    "reprogramming:HFF:b41": {
      "n": 949,
      "ts": 1783707180.0371768
    },
    "reprogramming:HFF:b42": {
      "n": 948,
      "ts": 1783707182.0125954
    },
    "reprogramming:HFF:b43": {
      "n": 943,
      "ts": 1783707183.8710282
    },
    "reprogramming:HFF:b44": {
      "n": 944,
      "ts": 1783707185.746327
    },
    "reprogramming:N2": {
      "n": 21,
      "ts": 1783707185.9962647
    },
    "reprogramming:N3": {
      "n": 21,
      "ts": 1783707186.1852365
    },
    "reprogramming:O1": {
      "n": 21,
      "ts": 1783707186.449815
    },
    "reprogramming:O2": {
      "n": 21,
      "ts": 1783707186.6407814
    },
    "reprogramming:Y1": {
      "n": 19,
      "ts": 1783707186.9411507
    },
    "reprogramming:Y2": {
      "n": 21,
      "ts": 1783707187.1314056
    }
  },
  "failed": {}
}