clone_id,treatment,n_naive_cells,naive_pooled_fraction,n_post_cells,post_fraction,post_rank,post_rank_fraction,post_tie_size,detected_post,outcome_observation_status,treatment_sample_available,treatment_total_assigned_cells,naive_source_samples,outer_group,outer_fold
L100162,Acid,1,0.00015411,0,0.0,666,0.47537473,736,False,observed_zero,True,7246,Naive1,L100162,2
L100162,Cisplatin,1,0.00015411,0,0.0,273,0.19486081,1129,False,observed_zero,True,6815,Naive1,L100162,2
L100162,CoCl2,1,0.00015411,0,0.0,320,0.22840828,1082,False,observed_zero,True,5134,Naive1,L100162,2
L100162,Dabrafenib,1,0.00015411,0,0.0,322,0.22983583,1080,False,observed_zero,True,6164,Naive1,L100162,2
L100162,Doxorubicin,1,0.00015411,0,0.0,406,0.289793,996,False,observed_zero,True,2832,Naive1,L100162,2
L100162,Trametinib,1,0.00015411,0,0.0,275,0.19628837,1127,False,observed_zero,True,8091,Naive1,L100162,2
L100615,Acid,5,0.00077053,0,0.0,666,0.47537473,736,False,observed_zero,True,7246,Naive1|Naive2|Naive3,L100615,0
L100615,Cisplatin,5,0.00077053,0,0.0,273,0.19486081,1129,False,observed_zero,True,6815,Naive1|Naive2|Naive3,L100615,0
L100615,CoCl2,5,0.00077053,0,0.0,320,0.22840828,1082,False,observed_zero,True,5134,Naive1|Naive2|Naive3,L100615,0
L100615,Dabrafenib,5,0.00077053,0,0.0,322,0.22983583,1080,False,observed_zero,True,6164,Naive1|Naive2|Naive3,L100615,0
L100615,Doxorubicin,5,0.00077053,1,0.00035311,218,0.15560314,188,True,observed_nonzero,True,2832,Naive1|Naive2|Naive3,L100615,0
L100615,Trametinib,5,0.00077053,0,0.0,275,0.19628837,1127,False,observed_zero,True,8091,Naive1|Naive2|Naive3,L100615,0
L100688,Acid,2,0.00030821,2,0.00027601,380,0.27123483,107,True,observed_nonzero,True,7246,Naive3,L100688,1
L100688,Cisplatin,2,0.00030821,0,0.0,273,0.19486081,1129,False,observed_zero,True,6815,Naive3,L100688,1
L100688,CoCl2,2,0.00030821,0,0.0,320,0.22840828,1082,False,observed_zero,True,5134,Naive3,L100688,1
L100688,Dabrafenib,2,0.00030821,2,0.00032446,135,0.09635974,47,True,observed_nonzero,True,6164,Naive3,L100688,1
L100688,Doxorubicin,2,0.00030821,0,0.0,406,0.289793,996,False,observed_zero,True,2832,Naive3,L100688,1
L100688,Trametinib,2,0.00030821,5,0.00061797,85,0.06067095,6,True,observed_nonzero,True,8091,Naive3,L100688,1
L100742,Acid,1,0.00015411,0,0.0,666,0.47537473,736,False,observed_zero,True,7246,Naive3,L100742,0
L100742,Cisplatin,1,0.00015411,0,0.0,273,0.19486081,1129,False,observed_zero,True,6815,Naive3,L100742,0
L100742,CoCl2,1,0.00015411,0,0.0,320,0.22840828,1082,False,observed_zero,True,5134,Naive3,L100742,0
L100742,Dabrafenib,1,0.00015411,0,0.0,322,0.22983583,1080,False,observed_zero,True,6164,Naive3,L100742,0
L100742,Doxorubicin,1,0.00015411,0,0.0,406,0.289793,996,False,observed_zero,True,2832,Naive3,L100742,0
L100742,Trametinib,1,0.00015411,0,0.0,275,0.19628837,1127,False,observed_zero,True,8091,Naive3,L100742,0
L100814,Acid,20,0.00308214,24,0.00331217,59,0.04211278,5,True,observed_nonzero,True,7246,Naive1|Naive2|Naive3,L100814,0
L100814,Cisplatin,20,0.00308214,3,0.00044021,37,0.02640971,23,True,observed_nonzero,True,6815,Naive1|Naive2|Naive3,L100814,0
L100814,CoCl2,20,0.00308214,0,0.0,320,0.22840828,1082,False,observed_zero,True,5134,Naive1|Naive2|Naive3,L100814,0
L100814,Dabrafenib,20,0.00308214,9,0.00146009,62,0.0442541,7,True,observed_nonzero,True,6164,Naive1|Naive2|Naive3,L100814,0
L100814,Doxorubicin,20,0.00308214,10,0.00353107,23,0.01641685,4,True,observed_nonzero,True,2832,Naive1|Naive2|Naive3,L100814,0
L100814,Trametinib,20,0.00308214,3,0.00037078,100,0.07137759,24,True,observed_nonzero,True,8091,Naive1|Naive2|Naive3,L100814,0
L101216,Acid,2,0.00030821,1,0.00013801,487,0.34760885,179,True,observed_nonzero,True,7246,Naive2,L101216,1
L101216,Cisplatin,2,0.00030821,0,0.0,273,0.19486081,1129,False,observed_zero,True,6815,Naive2,L101216,1
L101216,CoCl2,2,0.00030821,0,0.0,320,0.22840828,1082,False,observed_zero,True,5134,Naive2,L101216,1
L101216,Dabrafenib,2,0.00030821,0,0.0,322,0.22983583,1080,False,observed_zero,True,6164,Naive2,L101216,1
L101216,Doxorubicin,2,0.00030821,1,0.00035311,218,0.15560314,188,True,observed_nonzero,True,2832,Naive2,L101216,1
L101216,Trametinib,2,0.00030821,0,0.0,275,0.19628837,1127,False,observed_zero,True,8091,Naive2,L101216,1
L101260,Acid,4,0.00061643,1,0.00013801,487,0.34760885,179,True,observed_nonzero,True,7246,Naive2|Naive3,L101260,4
L101260,Cisplatin,4,0.00061643,0,0.0,273,0.19486081,1129,False,observed_zero,True,6815,Naive2|Naive3,L101260,4
L101260,CoCl2,4,0.00061643,0,0.0,320,0.22840828,1082,False,observed_zero,True,5134,Naive2|Naive3,L101260,4
L101260,Dabrafenib,4,0.00061643,2,0.00032446,135,0.09635974,47,True,observed_nonzero,True,6164,Naive2|Naive3,L101260,4
L101260,Doxorubicin,4,0.00061643,1,0.00035311,218,0.15560314,188,True,observed_nonzero,True,2832,Naive2|Naive3,L101260,4
L101260,Trametinib,4,0.00061643,2,0.00024719,124,0.08850821,37,True,observed_nonzero,True,8091,Naive2|Naive3,L101260,4
L102089,Acid,1,0.00015411,3,0.00041402,318,0.22698073,62,True,observed_nonzero,True,7246,Naive3,L102089,0
L102089,Cisplatin,1,0.00015411,0,0.0,273,0.19486081,1129,False,observed_zero,True,6815,Naive3,L102089,0
L102089,CoCl2,1,0.00015411,0,0.0,320,0.22840828,1082,False,observed_zero,True,5134,Naive3,L102089,0
L102089,Dabrafenib,1,0.00015411,0,0.0,322,0.22983583,1080,False,observed_zero,True,6164,Naive3,L102089,0
L102089,Doxorubicin,1,0.00015411,1,0.00035311,218,0.15560314,188,True,observed_nonzero,True,2832,Naive3,L102089,0
L102089,Trametinib,1,0.00015411,0,0.0,275,0.19628837,1127,False,observed_zero,True,8091,Naive3,L102089,0
L102444,Acid,6,0.00092464,3,0.00041402,318,0.22698073,62,True,observed_nonzero,True,7246,Naive2|Naive3,L102444,2
L102444,Cisplatin,6,0.00092464,0,0.0,273,0.19486081,1129,False,observed_zero,True,6815,Naive2|Naive3,L102444,2
L102444,CoCl2,6,0.00092464,3,0.00058434,80,0.05710207,30,True,observed_nonzero,True,5134,Naive2|Naive3,L102444,2
L102444,Dabrafenib,6,0.00092464,0,0.0,322,0.22983583,1080,False,observed_zero,True,6164,Naive2|Naive3,L102444,2
L102444,Doxorubicin,6,0.00092464,0,0.0,406,0.289793,996,False,observed_zero,True,2832,Naive2|Naive3,L102444,2
L102444,Trametinib,6,0.00092464,0,0.0,275,0.19628837,1127,False,observed_zero,True,8091,Naive2|Naive3,L102444,2
L102484,Acid,1,0.00015411,8,0.00110406,173,0.12348323,19,True,observed_nonzero,True,7246,Naive3,L102484,2
L102484,Cisplatin,1,0.00015411,0,0.0,273,0.19486081,1129,False,observed_zero,True,6815,Naive3,L102484,2
L102484,CoCl2,1,0.00015411,0,0.0,320,0.22840828,1082,False,observed_zero,True,5134,Naive3,L102484,2
L102484,Dabrafenib,1,0.00015411,5,0.00081116,91,0.0649536,9,True,observed_nonzero,True,6164,Naive3,L102484,2
L102484,Doxorubicin,1,0.00015411,0,0.0,406,0.289793,996,False,observed_zero,True,2832,Naive3,L102484,2
L102484,Trametinib,1,0.00015411,1,0.00012359,161,0.11491792,114,True,observed_nonzero,True,8091,Naive3,L102484,2
L10299,Acid,15,0.0023116,17,0.00234612,91,0.0649536,2,True,observed_nonzero,True,7246,Naive1|Naive2|Naive3,L10299,3
L10299,Cisplatin,15,0.0023116,4,0.00058694,23,0.01641685,14,True,observed_nonzero,True,6815,Naive1|Naive2|Naive3,L10299,3
L10299,CoCl2,15,0.0023116,2,0.00038956,110,0.07851535,69,True,observed_nonzero,True,5134,Naive1|Naive2|Naive3,L10299,3
L10299,Dabrafenib,15,0.0023116,0,0.0,322,0.22983583,1080,False,observed_zero,True,6164,Naive1|Naive2|Naive3,L10299,3
L10299,Doxorubicin,15,0.0023116,1,0.00035311,218,0.15560314,188,True,observed_nonzero,True,2832,Naive1|Naive2|Naive3,L10299,3
L10299,Trametinib,15,0.0023116,0,0.0,275,0.19628837,1127,False,observed_zero,True,8091,Naive1|Naive2|Naive3,L10299,3
L103055,Acid,5,0.00077053,0,0.0,666,0.47537473,736,False,observed_zero,True,7246,Naive1|Naive2,L103055,1
L103055,Cisplatin,5,0.00077053,0,0.0,273,0.19486081,1129,False,observed_zero,True,6815,Naive1|Naive2,L103055,1
L103055,CoCl2,5,0.00077053,0,0.0,320,0.22840828,1082,False,observed_zero,True,5134,Naive1|Naive2,L103055,1
L103055,Dabrafenib,5,0.00077053,0,0.0,322,0.22983583,1080,False,observed_zero,True,6164,Naive1|Naive2,L103055,1
L103055,Doxorubicin,5,0.00077053,0,0.0,406,0.289793,996,False,observed_zero,True,2832,Naive1|Naive2,L103055,1
L103055,Trametinib,5,0.00077053,0,0.0,275,0.19628837,1127,False,observed_zero,True,8091,Naive1|Naive2,L103055,1
L103561,Acid,3,0.00046232,0,0.0,666,0.47537473,736,False,observed_zero,True,7246,Naive1|Naive3,L103561,1
L103561,Cisplatin,3,0.00046232,0,0.0,273,0.19486081,1129,False,observed_zero,True,6815,Naive1|Naive3,L103561,1
L103561,CoCl2,3,0.00046232,0,0.0,320,0.22840828,1082,False,observed_zero,True,5134,Naive1|Naive3,L103561,1
L103561,Dabrafenib,3,0.00046232,1,0.00016223,182,0.12990721,140,True,observed_nonzero,True,6164,Naive1|Naive3,L103561,1
L103561,Doxorubicin,3,0.00046232,0,0.0,406,0.289793,996,False,observed_zero,True,2832,Naive1|Naive3,L103561,1
L103561,Trametinib,3,0.00046232,7,0.00086516,67,0.04782298,9,True,observed_nonzero,True,8091,Naive1|Naive3,L103561,1
L103874,Acid,1,0.00015411,0,0.0,666,0.47537473,736,False,observed_zero,True,7246,Naive2,L103874,1
L103874,Cisplatin,1,0.00015411,0,0.0,273,0.19486081,1129,False,observed_zero,True,6815,Naive2,L103874,1
L103874,CoCl2,1,0.00015411,0,0.0,320,0.22840828,1082,False,observed_zero,True,5134,Naive2,L103874,1
L103874,Dabrafenib,1,0.00015411,0,0.0,322,0.22983583,1080,False,observed_zero,True,6164,Naive2,L103874,1
L103874,Doxorubicin,1,0.00015411,0,0.0,406,0.289793,996,False,observed_zero,True,2832,Naive2,L103874,1
L103874,Trametinib,1,0.00015411,0,0.0,275,0.19628837,1127,False,observed_zero,True,8091,Naive2,L103874,1
L104099,Acid,17,0.00261982,14,0.0019321,103,0.07351892,12,True,observed_nonzero,True,7246,Naive1|Naive2|Naive3,L104099,4
L104099,Cisplatin,17,0.00261982,3,0.00044021,37,0.02640971,23,True,observed_nonzero,True,6815,Naive1|Naive2|Naive3,L104099,4
L104099,CoCl2,17,0.00261982,1,0.00019478,179,0.12776588,141,True,observed_nonzero,True,5134,Naive1|Naive2|Naive3,L104099,4
L104099,Dabrafenib,17,0.00261982,7,0.00113563,72,0.05139186,8,True,observed_nonzero,True,6164,Naive1|Naive2|Naive3,L104099,4
L104099,Doxorubicin,17,0.00261982,23,0.00812147,7,0.00499643,1,True,observed_nonzero,True,2832,Naive1|Naive2|Naive3,L104099,4
L104099,Trametinib,17,0.00261982,4,0.00049438,91,0.0649536,9,True,observed_nonzero,True,8091,Naive1|Naive2|Naive3,L104099,4
L10419,Acid,6,0.00092464,7,0.00096605,192,0.13704497,24,True,observed_nonzero,True,7246,Naive1|Naive2|Naive3,L10419,2
L10419,Cisplatin,6,0.00092464,0,0.0,273,0.19486081,1129,False,observed_zero,True,6815,Naive1|Naive2|Naive3,L10419,2
L10419,CoCl2,6,0.00092464,1,0.00019478,179,0.12776588,141,True,observed_nonzero,True,5134,Naive1|Naive2|Naive3,L10419,2
L10419,Dabrafenib,6,0.00092464,0,0.0,322,0.22983583,1080,False,observed_zero,True,6164,Naive1|Naive2|Naive3,L10419,2
L10419,Doxorubicin,6,0.00092464,1,0.00035311,218,0.15560314,188,True,observed_nonzero,True,2832,Naive1|Naive2|Naive3,L10419,2
L10419,Trametinib,6,0.00092464,0,0.0,275,0.19628837,1127,False,observed_zero,True,8091,Naive1|Naive2|Naive3,L10419,2
L10467,Acid,1,0.00015411,0,0.0,666,0.47537473,736,False,observed_zero,True,7246,Naive2,L10467,2
L10467,Cisplatin,1,0.00015411,0,0.0,273,0.19486081,1129,False,observed_zero,True,6815,Naive2,L10467,2
L10467,CoCl2,1,0.00015411,0,0.0,320,0.22840828,1082,False,observed_zero,True,5134,Naive2,L10467,2
L10467,Dabrafenib,1,0.00015411,0,0.0,322,0.22983583,1080,False,observed_zero,True,6164,Naive2,L10467,2
L10467,Doxorubicin,1,0.00015411,0,0.0,406,0.289793,996,False,observed_zero,True,2832,Naive2,L10467,2
L10467,Trametinib,1,0.00015411,0,0.0,275,0.19628837,1127,False,observed_zero,True,8091,Naive2,L10467,2
L104690,Acid,6,0.00092464,4,0.00055203,267,0.19057816,51,True,observed_nonzero,True,7246,Naive2|Naive3,L104690,4
L104690,Cisplatin,6,0.00092464,0,0.0,273,0.19486081,1129,False,observed_zero,True,6815,Naive2|Naive3,L104690,4
L104690,CoCl2,6,0.00092464,0,0.0,320,0.22840828,1082,False,observed_zero,True,5134,Naive2|Naive3,L104690,4
L104690,Dabrafenib,6,0.00092464,0,0.0,322,0.22983583,1080,False,observed_zero,True,6164,Naive2|Naive3,L104690,4
L104690,Doxorubicin,6,0.00092464,2,0.00070621,135,0.09635974,83,True,observed_nonzero,True,2832,Naive2|Naive3,L104690,4
L104690,Trametinib,6,0.00092464,0,0.0,275,0.19628837,1127,False,observed_zero,True,8091,Naive2|Naive3,L104690,4
L104947,Acid,6,0.00092464,3,0.00041402,318,0.22698073,62,True,observed_nonzero,True,7246,Naive1|Naive2|Naive3,L104947,4
L104947,Cisplatin,6,0.00092464,1,0.00014674,110,0.07851535,163,True,observed_nonzero,True,6815,Naive1|Naive2|Naive3,L104947,4
L104947,CoCl2,6,0.00092464,1,0.00019478,179,0.12776588,141,True,observed_nonzero,True,5134,Naive1|Naive2|Naive3,L104947,4
L104947,Dabrafenib,6,0.00092464,1,0.00016223,182,0.12990721,140,True,observed_nonzero,True,6164,Naive1|Naive2|Naive3,L104947,4
L104947,Doxorubicin,6,0.00092464,0,0.0,406,0.289793,996,False,observed_zero,True,2832,Naive1|Naive2|Naive3,L104947,4
L104947,Trametinib,6,0.00092464,1,0.00012359,161,0.11491792,114,True,observed_nonzero,True,8091,Naive1|Naive2|Naive3,L104947,4
L105502,Acid,1,0.00015411,1,0.00013801,487,0.34760885,179,True,observed_nonzero,True,7246,Naive2,L105502,1
L105502,Cisplatin,1,0.00015411,0,0.0,273,0.19486081,1129,False,observed_zero,True,6815,Naive2,L105502,1
L105502,CoCl2,1,0.00015411,0,0.0,320,0.22840828,1082,False,observed_zero,True,5134,Naive2,L105502,1
L105502,Dabrafenib,1,0.00015411,0,0.0,322,0.22983583,1080,False,observed_zero,True,6164,Naive2,L105502,1
L105502,Doxorubicin,1,0.00015411,0,0.0,406,0.289793,996,False,observed_zero,True,2832,Naive2,L105502,1
L105502,Trametinib,1,0.00015411,0,0.0,275,0.19628837,1127,False,observed_zero,True,8091,Naive2,L105502,1
L10551,Acid,2,0.00030821,0,0.0,666,0.47537473,736,False,observed_zero,True,7246,Naive3,L10551,2
L10551,Cisplatin,2,0.00030821,0,0.0,273,0.19486081,1129,False,observed_zero,True,6815,Naive3,L10551,2
L10551,CoCl2,2,0.00030821,0,0.0,320,0.22840828,1082,False,observed_zero,True,5134,Naive3,L10551,2
L10551,Dabrafenib,2,0.00030821,0,0.0,322,0.22983583,1080,False,observed_zero,True,6164,Naive3,L10551,2
L10551,Doxorubicin,2,0.00030821,0,0.0,406,0.289793,996,False,observed_zero,True,2832,Naive3,L10551,2
L10551,Trametinib,2,0.00030821,0,0.0,275,0.19628837,1127,False,observed_zero,True,8091,Naive3,L10551,2
L105784,Acid,3,0.00046232,0,0.0,666,0.47537473,736,False,observed_zero,True,7246,Naive1|Naive3,L105784,1
L105784,Cisplatin,3,0.00046232,0,0.0,273,0.19486081,1129,False,observed_zero,True,6815,Naive1|Naive3,L105784,1
L105784,CoCl2,3,0.00046232,0,0.0,320,0.22840828,1082,False,observed_zero,True,5134,Naive1|Naive3,L105784,1
L105784,Dabrafenib,3,0.00046232,0,0.0,322,0.22983583,1080,False,observed_zero,True,6164,Naive1|Naive3,L105784,1
L105784,Doxorubicin,3,0.00046232,0,0.0,406,0.289793,996,False,observed_zero,True,2832,Naive1|Naive3,L105784,1
L105784,Trametinib,3,0.00046232,0,0.0,275,0.19628837,1127,False,observed_zero,True,8091,Naive1|Naive3,L105784,1
L105849,Acid,1,0.00015411,2,0.00027601,380,0.27123483,107,True,observed_nonzero,True,7246,Naive1,L105849,3
L105849,Cisplatin,1,0.00015411,0,0.0,273,0.19486081,1129,False,observed_zero,True,6815,Naive1,L105849,3
L105849,CoCl2,1,0.00015411,0,0.0,320,0.22840828,1082,False,observed_zero,True,5134,Naive1,L105849,3
L105849,Dabrafenib,1,0.00015411,0,0.0,322,0.22983583,1080,False,observed_zero,True,6164,Naive1,L105849,3
L105849,Doxorubicin,1,0.00015411,0,0.0,406,0.289793,996,False,observed_zero,True,2832,Naive1,L105849,3
L105849,Trametinib,1,0.00015411,1,0.00012359,161,0.11491792,114,True,observed_nonzero,True,8091,Naive1,L105849,3
L106015,Acid,4,0.00061643,11,0.00151808,136,0.09707352,13,True,observed_nonzero,True,7246,Naive3,L106015,2
L106015,Cisplatin,4,0.00061643,0,0.0,273,0.19486081,1129,False,observed_zero,True,6815,Naive3,L106015,2
L106015,CoCl2,4,0.00061643,5,0.0009739,47,0.03354747,16,True,observed_nonzero,True,5134,Naive3,L106015,2
L106015,Dabrafenib,4,0.00061643,2,0.00032446,135,0.09635974,47,True,observed_nonzero,True,6164,Naive3,L106015,2
L106015,Doxorubicin,4,0.00061643,1,0.00035311,218,0.15560314,188,True,observed_nonzero,True,2832,Naive3,L106015,2
L106015,Trametinib,4,0.00061643,0,0.0,275,0.19628837,1127,False,observed_zero,True,8091,Naive3,L106015,2
L106119,Acid,2,0.00030821,9,0.00124206,156,0.11134904,17,True,observed_nonzero,True,7246,Naive1|Naive3,L106119,1
L106119,Cisplatin,2,0.00030821,1,0.00014674,110,0.07851535,163,True,observed_nonzero,True,6815,Naive1|Naive3,L106119,1
L106119,CoCl2,2,0.00030821,0,0.0,320,0.22840828,1082,False,observed_zero,True,5134,Naive1|Naive3,L106119,1
L106119,Dabrafenib,2,0.00030821,0,0.0,322,0.22983583,1080,False,observed_zero,True,6164,Naive1|Naive3,L106119,1
L106119,Doxorubicin,2,0.00030821,0,0.0,406,0.289793,996,False,observed_zero,True,2832,Naive1|Naive3,L106119,1
L106119,Trametinib,2,0.00030821,0,0.0,275,0.19628837,1127,False,observed_zero,True,8091,Naive1|Naive3,L106119,1
L106449,Acid,1,0.00015411,0,0.0,666,0.47537473,736,False,observed_zero,True,7246,Naive3,L106449,2
L106449,Cisplatin,1,0.00015411,0,0.0,273,0.19486081,1129,False,observed_zero,True,6815,Naive3,L106449,2
L106449,CoCl2,1,0.00015411,0,0.0,320,0.22840828,1082,False,observed_zero,True,5134,Naive3,L106449,2
L106449,Dabrafenib,1,0.00015411,0,0.0,322,0.22983583,1080,False,observed_zero,True,6164,Naive3,L106449,2
L106449,Doxorubicin,1,0.00015411,0,0.0,406,0.289793,996,False,observed_zero,True,2832,Naive3,L106449,2
L106449,Trametinib,1,0.00015411,0,0.0,275,0.19628837,1127,False,observed_zero,True,8091,Naive3,L106449,2
L106663,Acid,1,0.00015411,0,0.0,666,0.47537473,736,False,observed_zero,True,7246,Naive3,L106663,3
L106663,Cisplatin,1,0.00015411,0,0.0,273,0.19486081,1129,False,observed_zero,True,6815,Naive3,L106663,3
L106663,CoCl2,1,0.00015411,0,0.0,320,0.22840828,1082,False,observed_zero,True,5134,Naive3,L106663,3
L106663,Dabrafenib,1,0.00015411,0,0.0,322,0.22983583,1080,False,observed_zero,True,6164,Naive3,L106663,3
L106663,Doxorubicin,1,0.00015411,0,0.0,406,0.289793,996,False,observed_zero,True,2832,Naive3,L106663,3
L106663,Trametinib,1,0.00015411,0,0.0,275,0.19628837,1127,False,observed_zero,True,8091,Naive3,L106663,3
L10693,Acid,1,0.00015411,0,0.0,666,0.47537473,736,False,observed_zero,True,7246,Naive1,L10693,4
L10693,Cisplatin,1,0.00015411,0,0.0,273,0.19486081,1129,False,observed_zero,True,6815,Naive1,L10693,4
L10693,CoCl2,1,0.00015411,0,0.0,320,0.22840828,1082,False,observed_zero,True,5134,Naive1,L10693,4
L10693,Dabrafenib,1,0.00015411,0,0.0,322,0.22983583,1080,False,observed_zero,True,6164,Naive1,L10693,4
L10693,Doxorubicin,1,0.00015411,0,0.0,406,0.289793,996,False,observed_zero,True,2832,Naive1,L10693,4
L10693,Trametinib,1,0.00015411,0,0.0,275,0.19628837,1127,False,observed_zero,True,8091,Naive1,L10693,4
L106934,Acid,1,0.00015411,0,0.0,666,0.47537473,736,False,observed_zero,True,7246,Naive2,L106934,3
L106934,Cisplatin,1,0.00015411,0,0.0,273,0.19486081,1129,False,observed_zero,True,6815,Naive2,L106934,3
L106934,CoCl2,1,0.00015411,0,0.0,320,0.22840828,1082,False,observed_zero,True,5134,Naive2,L106934,3
L106934,Dabrafenib,1,0.00015411,0,0.0,322,0.22983583,1080,False,observed_zero,True,6164,Naive2,L106934,3
L106934,Doxorubicin,1,0.00015411,0,0.0,406,0.289793,996,False,observed_zero,True,2832,Naive2,L106934,3
L106934,Trametinib,1,0.00015411,0,0.0,275,0.19628837,1127,False,observed_zero,True,8091,Naive2,L106934,3
L106945,Acid,5,0.00077053,1,0.00013801,487,0.34760885,179,True,observed_nonzero,True,7246,Naive1|Naive3,L106945,4
L106945,Cisplatin,5,0.00077053,0,0.0,273,0.19486081,1129,False,observed_zero,True,6815,Naive1|Naive3,L106945,4
L106945,CoCl2,5,0.00077053,0,0.0,320,0.22840828,1082,False,observed_zero,True,5134,Naive1|Naive3,L106945,4
L106945,Dabrafenib,5,0.00077053,0,0.0,322,0.22983583,1080,False,observed_zero,True,6164,Naive1|Naive3,L106945,4
L106945,Doxorubicin,5,0.00077053,0,0.0,406,0.289793,996,False,observed_zero,True,2832,Naive1|Naive3,L106945,4
L106945,Trametinib,5,0.00077053,0,0.0,275,0.19628837,1127,False,observed_zero,True,8091,Naive1|Naive3,L106945,4
L107042,Acid,1,0.00015411,0,0.0,666,0.47537473,736,False,observed_zero,True,7246,Naive2,L107042,3
L107042,Cisplatin,1,0.00015411,0,0.0,273,0.19486081,1129,False,observed_zero,True,6815,Naive2,L107042,3
L107042,CoCl2,1,0.00015411,0,0.0,320,0.22840828,1082,False,observed_zero,True,5134,Naive2,L107042,3
L107042,Dabrafenib,1,0.00015411,0,0.0,322,0.22983583,1080,False,observed_zero,True,6164,Naive2,L107042,3
L107042,Doxorubicin,1,0.00015411,0,0.0,406,0.289793,996,False,observed_zero,True,2832,Naive2,L107042,3
L107042,Trametinib,1,0.00015411,0,0.0,275,0.19628837,1127,False,observed_zero,True,8091,Naive2,L107042,3
L10717,Acid,7,0.00107875,8,0.00110406,173,0.12348323,19,True,observed_nonzero,True,7246,Naive2|Naive3,L10717,0
L10717,Cisplatin,7,0.00107875,1,0.00014674,110,0.07851535,163,True,observed_nonzero,True,6815,Naive2|Naive3,L10717,0
L10717,CoCl2,7,0.00107875,7,0.00136346,30,0.02141328,6,True,observed_nonzero,True,5134,Naive2|Naive3,L10717,0
L10717,Dabrafenib,7,0.00107875,10,0.00162232,56,0.03997145,6,True,observed_nonzero,True,6164,Naive2|Naive3,L10717,0
L10717,Doxorubicin,7,0.00107875,4,0.00141243,70,0.04996431,26,True,observed_nonzero,True,2832,Naive2|Naive3,L10717,0
L10717,Trametinib,7,0.00107875,16,0.00197751,33,0.0235546,4,True,observed_nonzero,True,8091,Naive2|Naive3,L10717,0
L107403,Acid,3,0.00046232,1,0.00013801,487,0.34760885,179,True,observed_nonzero,True,7246,Naive1|Naive2|Naive3,L107403,0
L107403,Cisplatin,3,0.00046232,2,0.00029347,60,0.04282655,50,True,observed_nonzero,True,6815,Naive1|Naive2|Naive3,L107403,0
L107403,CoCl2,3,0.00046232,1,0.00019478,179,0.12776588,141,True,observed_nonzero,True,5134,Naive1|Naive2|Naive3,L107403,0
L107403,Dabrafenib,3,0.00046232,0,0.0,322,0.22983583,1080,False,observed_zero,True,6164,Naive1|Naive2|Naive3,L107403,0
L107403,Doxorubicin,3,0.00046232,8,0.00282486,32,0.02284083,9,True,observed_nonzero,True,2832,Naive1|Naive2|Naive3,L107403,0
L107403,Trametinib,3,0.00046232,1,0.00012359,161,0.11491792,114,True,observed_nonzero,True,8091,Naive1|Naive2|Naive3,L107403,0
L107467,Acid,17,0.00261982,1,0.00013801,487,0.34760885,179,True,observed_nonzero,True,7246,Naive1|Naive2|Naive3,L107467,4
L107467,Cisplatin,17,0.00261982,0,0.0,273,0.19486081,1129,False,observed_zero,True,6815,Naive1|Naive2|Naive3,L107467,4
L107467,CoCl2,17,0.00261982,3,0.00058434,80,0.05710207,30,True,observed_nonzero,True,5134,Naive1|Naive2|Naive3,L107467,4
L107467,Dabrafenib,17,0.00261982,0,0.0,322,0.22983583,1080,False,observed_zero,True,6164,Naive1|Naive2|Naive3,L107467,4
L107467,Doxorubicin,17,0.00261982,1,0.00035311,218,0.15560314,188,True,observed_nonzero,True,2832,Naive1|Naive2|Naive3,L107467,4
L107467,Trametinib,17,0.00261982,0,0.0,275,0.19628837,1127,False,observed_zero,True,8091,Naive1|Naive2|Naive3,L107467,4
L107482,Acid,1,0.00015411,0,0.0,666,0.47537473,736,False,observed_zero,True,7246,Naive2,L107482,1
L107482,Cisplatin,1,0.00015411,0,0.0,273,0.19486081,1129,False,observed_zero,True,6815,Naive2,L107482,1
L107482,CoCl2,1,0.00015411,0,0.0,320,0.22840828,1082,False,observed_zero,True,5134,Naive2,L107482,1
L107482,Dabrafenib,1,0.00015411,0,0.0,322,0.22983583,1080,False,observed_zero,True,6164,Naive2,L107482,1
L107482,Doxorubicin,1,0.00015411,0,0.0,406,0.289793,996,False,observed_zero,True,2832,Naive2,L107482,1
L107482,Trametinib,1,0.00015411,0,0.0,275,0.19628837,1127,False,observed_zero,True,8091,Naive2,L107482,1
L107483,Acid,2,0.00030821,0,0.0,666,0.47537473,736,False,observed_zero,True,7246,Naive1|Naive2,L107483,0
L107483,Cisplatin,2,0.00030821,0,0.0,273,0.19486081,1129,False,observed_zero,True,6815,Naive1|Naive2,L107483,0
L107483,CoCl2,2,0.00030821,0,0.0,320,0.22840828,1082,False,observed_zero,True,5134,Naive1|Naive2,L107483,0
L107483,Dabrafenib,2,0.00030821,0,0.0,322,0.22983583,1080,False,observed_zero,True,6164,Naive1|Naive2,L107483,0
L107483,Doxorubicin,2,0.00030821,0,0.0,406,0.289793,996,False,observed_zero,True,2832,Naive1|Naive2,L107483,0
L107483,Trametinib,2,0.00030821,0,0.0,275,0.19628837,1127,False,observed_zero,True,8091,Naive1|Naive2,L107483,0
L107578,Acid,4,0.00061643,4,0.00055203,267,0.19057816,51,True,observed_nonzero,True,7246,Naive1|Naive2,L107578,2
L107578,Cisplatin,4,0.00061643,0,0.0,273,0.19486081,1129,False,observed_zero,True,6815,Naive1|Naive2,L107578,2
L107578,CoCl2,4,0.00061643,0,0.0,320,0.22840828,1082,False,observed_zero,True,5134,Naive1|Naive2,L107578,2
L107578,Dabrafenib,4,0.00061643,0,0.0,322,0.22983583,1080,False,observed_zero,True,6164,Naive1|Naive2,L107578,2
L107578,Doxorubicin,4,0.00061643,2,0.00070621,135,0.09635974,83,True,observed_nonzero,True,2832,Naive1|Naive2,L107578,2
L107578,Trametinib,4,0.00061643,0,0.0,275,0.19628837,1127,False,observed_zero,True,8091,Naive1|Naive2,L107578,2
L108005,Acid,1,0.00015411,0,0.0,666,0.47537473,736,False,observed_zero,True,7246,Naive2,L108005,2
L108005,Cisplatin,1,0.00015411,0,0.0,273,0.19486081,1129,False,observed_zero,True,6815,Naive2,L108005,2
L108005,CoCl2,1,0.00015411,0,0.0,320,0.22840828,1082,False,observed_zero,True,5134,Naive2,L108005,2
L108005,Dabrafenib,1,0.00015411,0,0.0,322,0.22983583,1080,False,observed_zero,True,6164,Naive2,L108005,2
L108005,Doxorubicin,1,0.00015411,0,0.0,406,0.289793,996,False,observed_zero,True,2832,Naive2,L108005,2
L108005,Trametinib,1,0.00015411,0,0.0,275,0.19628837,1127,False,observed_zero,True,8091,Naive2,L108005,2
L108076,Acid,1,0.00015411,0,0.0,666,0.47537473,736,False,observed_zero,True,7246,Naive2,L108076,1
L108076,Cisplatin,1,0.00015411,0,0.0,273,0.19486081,1129,False,observed_zero,True,6815,Naive2,L108076,1
L108076,CoCl2,1,0.00015411,1,0.00019478,179,0.12776588,141,True,observed_nonzero,True,5134,Naive2,L108076,1
L108076,Dabrafenib,1,0.00015411,0,0.0,322,0.22983583,1080,False,observed_zero,True,6164,Naive2,L108076,1
L108076,Doxorubicin,1,0.00015411,0,0.0,406,0.289793,996,False,observed_zero,True,2832,Naive2,L108076,1
L108076,Trametinib,1,0.00015411,0,0.0,275,0.19628837,1127,False,observed_zero,True,8091,Naive2,L108076,1
L108181,Acid,1,0.00015411,0,0.0,666,0.47537473,736,False,observed_zero,True,7246,Naive3,L108181,1
L108181,Cisplatin,1,0.00015411,0,0.0,273,0.19486081,1129,False,observed_zero,True,6815,Naive3,L108181,1
L108181,CoCl2,1,0.00015411,0,0.0,320,0.22840828,1082,False,observed_zero,True,5134,Naive3,L108181,1
L108181,Dabrafenib,1,0.00015411,0,0.0,322,0.22983583,1080,False,observed_zero,True,6164,Naive3,L108181,1
L108181,Doxorubicin,1,0.00015411,0,0.0,406,0.289793,996,False,observed_zero,True,2832,Naive3,L108181,1
L108181,Trametinib,1,0.00015411,0,0.0,275,0.19628837,1127,False,observed_zero,True,8091,Naive3,L108181,1
L108266,Acid,1,0.00015411,0,0.0,666,0.47537473,736,False,observed_zero,True,7246,Naive3,L108266,0
L108266,Cisplatin,1,0.00015411,0,0.0,273,0.19486081,1129,False,observed_zero,True,6815,Naive3,L108266,0
L108266,CoCl2,1,0.00015411,0,0.0,320,0.22840828,1082,False,observed_zero,True,5134,Naive3,L108266,0
L108266,Dabrafenib,1,0.00015411,0,0.0,322,0.22983583,1080,False,observed_zero,True,6164,Naive3,L108266,0
L108266,Doxorubicin,1,0.00015411,0,0.0,406,0.289793,996,False,observed_zero,True,2832,Naive3,L108266,0
L108266,Trametinib,1,0.00015411,0,0.0,275,0.19628837,1127,False,observed_zero,True,8091,Naive3,L108266,0
L109007,Acid,2,0.00030821,4,0.00055203,267,0.19057816,51,True,observed_nonzero,True,7246,Naive2,L109007,1
L109007,Cisplatin,2,0.00030821,0,0.0,273,0.19486081,1129,False,observed_zero,True,6815,Naive2,L109007,1
L109007,CoCl2,2,0.00030821,0,0.0,320,0.22840828,1082,False,observed_zero,True,5134,Naive2,L109007,1
L109007,Dabrafenib,2,0.00030821,0,0.0,322,0.22983583,1080,False,observed_zero,True,6164,Naive2,L109007,1
L109007,Doxorubicin,2,0.00030821,0,0.0,406,0.289793,996,False,observed_zero,True,2832,Naive2,L109007,1
L109007,Trametinib,2,0.00030821,0,0.0,275,0.19628837,1127,False,observed_zero,True,8091,Naive2,L109007,1
L109019,Acid,9,0.00138696,10,0.00138007,149,0.10635261,7,True,observed_nonzero,True,7246,Naive2|Naive3,L109019,3
L109019,Cisplatin,9,0.00138696,2,0.00029347,60,0.04282655,50,True,observed_nonzero,True,6815,Naive2|Naive3,L109019,3
L109019,CoCl2,9,0.00138696,2,0.00038956,110,0.07851535,69,True,observed_nonzero,True,5134,Naive2|Naive3,L109019,3
L109019,Dabrafenib,9,0.00138696,0,0.0,322,0.22983583,1080,False,observed_zero,True,6164,Naive2|Naive3,L109019,3
L109019,Doxorubicin,9,0.00138696,9,0.00317797,27,0.01927195,5,True,observed_nonzero,True,2832,Naive2|Naive3,L109019,3
L109019,Trametinib,9,0.00138696,0,0.0,275,0.19628837,1127,False,observed_zero,True,8091,Naive2|Naive3,L109019,3
L109108,Acid,1,0.00015411,2,0.00027601,380,0.27123483,107,True,observed_nonzero,True,7246,Naive2,L109108,1
L109108,Cisplatin,1,0.00015411,0,0.0,273,0.19486081,1129,False,observed_zero,True,6815,Naive2,L109108,1
L109108,CoCl2,1,0.00015411,10,0.0019478,19,0.01356174,5,True,observed_nonzero,True,5134,Naive2,L109108,1
L109108,Dabrafenib,1,0.00015411,3,0.0004867,113,0.08065667,22,True,observed_nonzero,True,6164,Naive2,L109108,1
L109108,Doxorubicin,1,0.00015411,0,0.0,406,0.289793,996,False,observed_zero,True,2832,Naive2,L109108,1
L109108,Trametinib,1,0.00015411,2,0.00024719,124,0.08850821,37,True,observed_nonzero,True,8091,Naive2,L109108,1
L109168,Acid,2,0.00030821,2,0.00027601,380,0.27123483,107,True,observed_nonzero,True,7246,Naive1|Naive2,L109168,2
L109168,Cisplatin,2,0.00030821,0,0.0,273,0.19486081,1129,False,observed_zero,True,6815,Naive1|Naive2,L109168,2
L109168,CoCl2,2,0.00030821,0,0.0,320,0.22840828,1082,False,observed_zero,True,5134,Naive1|Naive2,L109168,2
L109168,Dabrafenib,2,0.00030821,0,0.0,322,0.22983583,1080,False,observed_zero,True,6164,Naive1|Naive2,L109168,2
L109168,Doxorubicin,2,0.00030821,0,0.0,406,0.289793,996,False,observed_zero,True,2832,Naive1|Naive2,L109168,2
L109168,Trametinib,2,0.00030821,0,0.0,275,0.19628837,1127,False,observed_zero,True,8091,Naive1|Naive2,L109168,2
L109193,Acid,5,0.00077053,4,0.00055203,267,0.19057816,51,True,observed_nonzero,True,7246,Naive1|Naive2|Naive3,L109193,2
L109193,Cisplatin,5,0.00077053,0,0.0,273,0.19486081,1129,False,observed_zero,True,6815,Naive1|Naive2|Naive3,L109193,2
L109193,CoCl2,5,0.00077053,2,0.00038956,110,0.07851535,69,True,observed_nonzero,True,5134,Naive1|Naive2|Naive3,L109193,2
L109193,Dabrafenib,5,0.00077053,0,0.0,322,0.22983583,1080,False,observed_zero,True,6164,Naive1|Naive2|Naive3,L109193,2
L109193,Doxorubicin,5,0.00077053,1,0.00035311,218,0.15560314,188,True,observed_nonzero,True,2832,Naive1|Naive2|Naive3,L109193,2
L109193,Trametinib,5,0.00077053,0,0.0,275,0.19628837,1127,False,observed_zero,True,8091,Naive1|Naive2|Naive3,L109193,2
L109560,Acid,2,0.00030821,1,0.00013801,487,0.34760885,179,True,observed_nonzero,True,7246,Naive2|Naive3,L109560,4
L109560,Cisplatin,2,0.00030821,1,0.00014674,110,0.07851535,163,True,observed_nonzero,True,6815,Naive2|Naive3,L109560,4
L109560,CoCl2,2,0.00030821,0,0.0,320,0.22840828,1082,False,observed_zero,True,5134,Naive2|Naive3,L109560,4
L109560,Dabrafenib,2,0.00030821,0,0.0,322,0.22983583,1080,False,observed_zero,True,6164,Naive2|Naive3,L109560,4
L109560,Doxorubicin,2,0.00030821,0,0.0,406,0.289793,996,False,observed_zero,True,2832,Naive2|Naive3,L109560,4
L109560,Trametinib,2,0.00030821,0,0.0,275,0.19628837,1127,False,observed_zero,True,8091,Naive2|Naive3,L109560,4
L109676,Acid,3,0.00046232,1,0.00013801,487,0.34760885,179,True,observed_nonzero,True,7246,Naive2|Naive3,L109676,2
L109676,Cisplatin,3,0.00046232,0,0.0,273,0.19486081,1129,False,observed_zero,True,6815,Naive2|Naive3,L109676,2
L109676,CoCl2,3,0.00046232,2,0.00038956,110,0.07851535,69,True,observed_nonzero,True,5134,Naive2|Naive3,L109676,2
L109676,Dabrafenib,3,0.00046232,0,0.0,322,0.22983583,1080,False,observed_zero,True,6164,Naive2|Naive3,L109676,2
L109676,Doxorubicin,3,0.00046232,1,0.00035311,218,0.15560314,188,True,observed_nonzero,True,2832,Naive2|Naive3,L109676,2
L109676,Trametinib,3,0.00046232,0,0.0,275,0.19628837,1127,False,observed_zero,True,8091,Naive2|Naive3,L109676,2
L109790,Acid,7,0.00107875,0,0.0,666,0.47537473,736,False,observed_zero,True,7246,Naive1|Naive2|Naive3,L109790,0
L109790,Cisplatin,7,0.00107875,0,0.0,273,0.19486081,1129,False,observed_zero,True,6815,Naive1|Naive2|Naive3,L109790,0
L109790,CoCl2,7,0.00107875,0,0.0,320,0.22840828,1082,False,observed_zero,True,5134,Naive1|Naive2|Naive3,L109790,0
L109790,Dabrafenib,7,0.00107875,0,0.0,322,0.22983583,1080,False,observed_zero,True,6164,Naive1|Naive2|Naive3,L109790,0
L109790,Doxorubicin,7,0.00107875,0,0.0,406,0.289793,996,False,observed_zero,True,2832,Naive1|Naive2|Naive3,L109790,0
L109790,Trametinib,7,0.00107875,0,0.0,275,0.19628837,1127,False,observed_zero,True,8091,Naive1|Naive2|Naive3,L109790,0
L109808,Acid,4,0.00061643,3,0.00041402,318,0.22698073,62,True,observed_nonzero,True,7246,Naive2|Naive3,L109808,1
L109808,Cisplatin,4,0.00061643,1,0.00014674,110,0.07851535,163,True,observed_nonzero,True,6815,Naive2|Naive3,L109808,1
L109808,CoCl2,4,0.00061643,0,0.0,320,0.22840828,1082,False,observed_zero,True,5134,Naive2|Naive3,L109808,1
L109808,Dabrafenib,4,0.00061643,2,0.00032446,135,0.09635974,47,True,observed_nonzero,True,6164,Naive2|Naive3,L109808,1
L109808,Doxorubicin,4,0.00061643,0,0.0,406,0.289793,996,False,observed_zero,True,2832,Naive2|Naive3,L109808,1
L109808,Trametinib,4,0.00061643,0,0.0,275,0.19628837,1127,False,observed_zero,True,8091,Naive2|Naive3,L109808,1
L109937,Acid,4,0.00061643,3,0.00041402,318,0.22698073,62,True,observed_nonzero,True,7246,Naive1|Naive3,L109937,1
L109937,Cisplatin,4,0.00061643,0,0.0,273,0.19486081,1129,False,observed_zero,True,6815,Naive1|Naive3,L109937,1
L109937,CoCl2,4,0.00061643,0,0.0,320,0.22840828,1082,False,observed_zero,True,5134,Naive1|Naive3,L109937,1
L109937,Dabrafenib,4,0.00061643,11,0.00178456,50,0.03568879,6,True,observed_nonzero,True,6164,Naive1|Naive3,L109937,1
L109937,Doxorubicin,4,0.00061643,0,0.0,406,0.289793,996,False,observed_zero,True,2832,Naive1|Naive3,L109937,1
L109937,Trametinib,4,0.00061643,7,0.00086516,67,0.04782298,9,True,observed_nonzero,True,8091,Naive1|Naive3,L109937,1
L11049,Acid,3,0.00046232,1,0.00013801,487,0.34760885,179,True,observed_nonzero,True,7246,Naive2|Naive3,L11049,3
L11049,Cisplatin,3,0.00046232,0,0.0,273,0.19486081,1129,False,observed_zero,True,6815,Naive2|Naive3,L11049,3
L11049,CoCl2,3,0.00046232,1,0.00019478,179,0.12776588,141,True,observed_nonzero,True,5134,Naive2|Naive3,L11049,3
L11049,Dabrafenib,3,0.00046232,0,0.0,322,0.22983583,1080,False,observed_zero,True,6164,Naive2|Naive3,L11049,3
L11049,Doxorubicin,3,0.00046232,0,0.0,406,0.289793,996,False,observed_zero,True,2832,Naive2|Naive3,L11049,3
L11049,Trametinib,3,0.00046232,0,0.0,275,0.19628837,1127,False,observed_zero,True,8091,Naive2|Naive3,L11049,3
L110493,Acid,1,0.00015411,0,0.0,666,0.47537473,736,False,observed_zero,True,7246,Naive3,L110493,0
L110493,Cisplatin,1,0.00015411,0,0.0,273,0.19486081,1129,False,observed_zero,True,6815,Naive3,L110493,0
L110493,CoCl2,1,0.00015411,0,0.0,320,0.22840828,1082,False,observed_zero,True,5134,Naive3,L110493,0
L110493,Dabrafenib,1,0.00015411,0,0.0,322,0.22983583,1080,False,observed_zero,True,6164,Naive3,L110493,0
L110493,Doxorubicin,1,0.00015411,0,0.0,406,0.289793,996,False,observed_zero,True,2832,Naive3,L110493,0
L110493,Trametinib,1,0.00015411,0,0.0,275,0.19628837,1127,False,observed_zero,True,8091,Naive3,L110493,0
L110835,Acid,1,0.00015411,1,0.00013801,487,0.34760885,179,True,observed_nonzero,True,7246,Naive2,L110835,1
L110835,Cisplatin,1,0.00015411,0,0.0,273,0.19486081,1129,False,observed_zero,True,6815,Naive2,L110835,1
L110835,CoCl2,1,0.00015411,0,0.0,320,0.22840828,1082,False,observed_zero,True,5134,Naive2,L110835,1
L110835,Dabrafenib,1,0.00015411,0,0.0,322,0.22983583,1080,False,observed_zero,True,6164,Naive2,L110835,1
L110835,Doxorubicin,1,0.00015411,0,0.0,406,0.289793,996,False,observed_zero,True,2832,Naive2,L110835,1
L110835,Trametinib,1,0.00015411,2,0.00024719,124,0.08850821,37,True,observed_nonzero,True,8091,Naive2,L110835,1
L110895,Acid,1,0.00015411,0,0.0,666,0.47537473,736,False,observed_zero,True,7246,Naive3,L110895,0
L110895,Cisplatin,1,0.00015411,0,0.0,273,0.19486081,1129,False,observed_zero,True,6815,Naive3,L110895,0
L110895,CoCl2,1,0.00015411,0,0.0,320,0.22840828,1082,False,observed_zero,True,5134,Naive3,L110895,0
L110895,Dabrafenib,1,0.00015411,0,0.0,322,0.22983583,1080,False,observed_zero,True,6164,Naive3,L110895,0
L110895,Doxorubicin,1,0.00015411,1,0.00035311,218,0.15560314,188,True,observed_nonzero,True,2832,Naive3,L110895,0
L110895,Trametinib,1,0.00015411,0,0.0,275,0.19628837,1127,False,observed_zero,True,8091,Naive3,L110895,0
L111615,Acid,1,0.00015411,0,0.0,666,0.47537473,736,False,observed_zero,True,7246,Naive1,L111615,0
L111615,Cisplatin,1,0.00015411,0,0.0,273,0.19486081,1129,False,observed_zero,True,6815,Naive1,L111615,0
L111615,CoCl2,1,0.00015411,0,0.0,320,0.22840828,1082,False,observed_zero,True,5134,Naive1,L111615,0
L111615,Dabrafenib,1,0.00015411,0,0.0,322,0.22983583,1080,False,observed_zero,True,6164,Naive1,L111615,0
L111615,Doxorubicin,1,0.00015411,0,0.0,406,0.289793,996,False,observed_zero,True,2832,Naive1,L111615,0
L111615,Trametinib,1,0.00015411,0,0.0,275,0.19628837,1127,False,observed_zero,True,8091,Naive1,L111615,0
L111734,Acid,2,0.00030821,5,0.00069004,232,0.165596,35,True,observed_nonzero,True,7246,Naive3,L111734,1
L111734,Cisplatin,2,0.00030821,0,0.0,273,0.19486081,1129,False,observed_zero,True,6815,Naive3,L111734,1
L111734,CoCl2,2,0.00030821,0,0.0,320,0.22840828,1082,False,observed_zero,True,5134,Naive3,L111734,1
L111734,Dabrafenib,2,0.00030821,0,0.0,322,0.22983583,1080,False,observed_zero,True,6164,Naive3,L111734,1
L111734,Doxorubicin,2,0.00030821,0,0.0,406,0.289793,996,False,observed_zero,True,2832,Naive3,L111734,1
L111734,Trametinib,2,0.00030821,0,0.0,275,0.19628837,1127,False,observed_zero,True,8091,Naive3,L111734,1
L112164,Acid,24,0.00369857,19,0.00262214,78,0.05567452,8,True,observed_nonzero,True,7246,Naive1|Naive2|Naive3,L112164,2
L112164,Cisplatin,24,0.00369857,0,0.0,273,0.19486081,1129,False,observed_zero,True,6815,Naive1|Naive2|Naive3,L112164,2
L112164,CoCl2,24,0.00369857,0,0.0,320,0.22840828,1082,False,observed_zero,True,5134,Naive1|Naive2|Naive3,L112164,2
L112164,Dabrafenib,24,0.00369857,0,0.0,322,0.22983583,1080,False,observed_zero,True,6164,Naive1|Naive2|Naive3,L112164,2
L112164,Doxorubicin,24,0.00369857,6,0.00211864,50,0.03568879,9,True,observed_nonzero,True,2832,Naive1|Naive2|Naive3,L112164,2
L112164,Trametinib,24,0.00369857,1,0.00012359,161,0.11491792,114,True,observed_nonzero,True,8091,Naive1|Naive2|Naive3,L112164,2
L112548,Acid,17,0.00261982,1,0.00013801,487,0.34760885,179,True,observed_nonzero,True,7246,Naive1|Naive2|Naive3,L112548,0
L112548,Cisplatin,17,0.00261982,0,0.0,273,0.19486081,1129,False,observed_zero,True,6815,Naive1|Naive2|Naive3,L112548,0
L112548,CoCl2,17,0.00261982,1,0.00019478,179,0.12776588,141,True,observed_nonzero,True,5134,Naive1|Naive2|Naive3,L112548,0
L112548,Dabrafenib,17,0.00261982,1,0.00016223,182,0.12990721,140,True,observed_nonzero,True,6164,Naive1|Naive2|Naive3,L112548,0
L112548,Doxorubicin,17,0.00261982,4,0.00141243,70,0.04996431,26,True,observed_nonzero,True,2832,Naive1|Naive2|Naive3,L112548,0
L112548,Trametinib,17,0.00261982,1,0.00012359,161,0.11491792,114,True,observed_nonzero,True,8091,Naive1|Naive2|Naive3,L112548,0
L112736,Acid,1,0.00015411,0,0.0,666,0.47537473,736,False,observed_zero,True,7246,Naive1,L112736,0
L112736,Cisplatin,1,0.00015411,0,0.0,273,0.19486081,1129,False,observed_zero,True,6815,Naive1,L112736,0
L112736,CoCl2,1,0.00015411,0,0.0,320,0.22840828,1082,False,observed_zero,True,5134,Naive1,L112736,0
L112736,Dabrafenib,1,0.00015411,0,0.0,322,0.22983583,1080,False,observed_zero,True,6164,Naive1,L112736,0
L112736,Doxorubicin,1,0.00015411,0,0.0,406,0.289793,996,False,observed_zero,True,2832,Naive1,L112736,0
L112736,Trametinib,1,0.00015411,0,0.0,275,0.19628837,1127,False,observed_zero,True,8091,Naive1,L112736,0
L112980,Acid,1,0.00015411,2,0.00027601,380,0.27123483,107,True,observed_nonzero,True,7246,Naive3,L112980,0
L112980,Cisplatin,1,0.00015411,1,0.00014674,110,0.07851535,163,True,observed_nonzero,True,6815,Naive3,L112980,0
L112980,CoCl2,1,0.00015411,0,0.0,320,0.22840828,1082,False,observed_zero,True,5134,Naive3,L112980,0
L112980,Dabrafenib,1,0.00015411,2,0.00032446,135,0.09635974,47,True,observed_nonzero,True,6164,Naive3,L112980,0
L112980,Doxorubicin,1,0.00015411,0,0.0,406,0.289793,996,False,observed_zero,True,2832,Naive3,L112980,0
L112980,Trametinib,1,0.00015411,0,0.0,275,0.19628837,1127,False,observed_zero,True,8091,Naive3,L112980,0
L113046,Acid,2,0.00030821,1,0.00013801,487,0.34760885,179,True,observed_nonzero,True,7246,Naive1|Naive2,L113046,4
L113046,Cisplatin,2,0.00030821,0,0.0,273,0.19486081,1129,False,observed_zero,True,6815,Naive1|Naive2,L113046,4
L113046,CoCl2,2,0.00030821,0,0.0,320,0.22840828,1082,False,observed_zero,True,5134,Naive1|Naive2,L113046,4
L113046,Dabrafenib,2,0.00030821,0,0.0,322,0.22983583,1080,False,observed_zero,True,6164,Naive1|Naive2,L113046,4
L113046,Doxorubicin,2,0.00030821,0,0.0,406,0.289793,996,False,observed_zero,True,2832,Naive1|Naive2,L113046,4
L113046,Trametinib,2,0.00030821,0,0.0,275,0.19628837,1127,False,observed_zero,True,8091,Naive1|Naive2,L113046,4
L113265,Acid,2,0.00030821,1,0.00013801,487,0.34760885,179,True,observed_nonzero,True,7246,Naive1|Naive2,L113265,4
L113265,Cisplatin,2,0.00030821,0,0.0,273,0.19486081,1129,False,observed_zero,True,6815,Naive1|Naive2,L113265,4
L113265,CoCl2,2,0.00030821,0,0.0,320,0.22840828,1082,False,observed_zero,True,5134,Naive1|Naive2,L113265,4
L113265,Dabrafenib,2,0.00030821,0,0.0,322,0.22983583,1080,False,observed_zero,True,6164,Naive1|Naive2,L113265,4
L113265,Doxorubicin,2,0.00030821,0,0.0,406,0.289793,996,False,observed_zero,True,2832,Naive1|Naive2,L113265,4
L113265,Trametinib,2,0.00030821,0,0.0,275,0.19628837,1127,False,observed_zero,True,8091,Naive1|Naive2,L113265,4
L113271,Acid,9,0.00138696,39,0.00538228,36,0.02569593,2,True,observed_nonzero,True,7246,Naive1|Naive2|Naive3,L113271,4
L113271,Cisplatin,9,0.00138696,1,0.00014674,110,0.07851535,163,True,observed_nonzero,True,6815,Naive1|Naive2|Naive3,L113271,4
L113271,CoCl2,9,0.00138696,5,0.0009739,47,0.03354747,16,True,observed_nonzero,True,5134,Naive1|Naive2|Naive3,L113271,4
L113271,Dabrafenib,9,0.00138696,11,0.00178456,50,0.03568879,6,True,observed_nonzero,True,6164,Naive1|Naive2|Naive3,L113271,4
L113271,Doxorubicin,9,0.00138696,1,0.00035311,218,0.15560314,188,True,observed_nonzero,True,2832,Naive1|Naive2|Naive3,L113271,4
L113271,Trametinib,9,0.00138696,9,0.00111235,57,0.04068522,7,True,observed_nonzero,True,8091,Naive1|Naive2|Naive3,L113271,4
L11328,Acid,2,0.00030821,0,0.0,666,0.47537473,736,False,observed_zero,True,7246,Naive3,L11328,2
L11328,Cisplatin,2,0.00030821,1,0.00014674,110,0.07851535,163,True,observed_nonzero,True,6815,Naive3,L11328,2
L11328,CoCl2,2,0.00030821,0,0.0,320,0.22840828,1082,False,observed_zero,True,5134,Naive3,L11328,2
L11328,Dabrafenib,2,0.00030821,0,0.0,322,0.22983583,1080,False,observed_zero,True,6164,Naive3,L11328,2
L11328,Doxorubicin,2,0.00030821,0,0.0,406,0.289793,996,False,observed_zero,True,2832,Naive3,L11328,2
L11328,Trametinib,2,0.00030821,0,0.0,275,0.19628837,1127,False,observed_zero,True,8091,Naive3,L11328,2
L113521,Acid,1,0.00015411,1,0.00013801,487,0.34760885,179,True,observed_nonzero,True,7246,Naive3,L113521,1
L113521,Cisplatin,1,0.00015411,0,0.0,273,0.19486081,1129,False,observed_zero,True,6815,Naive3,L113521,1
L113521,CoCl2,1,0.00015411,1,0.00019478,179,0.12776588,141,True,observed_nonzero,True,5134,Naive3,L113521,1
L113521,Dabrafenib,1,0.00015411,0,0.0,322,0.22983583,1080,False,observed_zero,True,6164,Naive3,L113521,1
L113521,Doxorubicin,1,0.00015411,0,0.0,406,0.289793,996,False,observed_zero,True,2832,Naive3,L113521,1
L113521,Trametinib,1,0.00015411,1,0.00012359,161,0.11491792,114,True,observed_nonzero,True,8091,Naive3,L113521,1
L113556,Acid,1,0.00015411,0,0.0,666,0.47537473,736,False,observed_zero,True,7246,Naive2,L113556,3
L113556,Cisplatin,1,0.00015411,0,0.0,273,0.19486081,1129,False,observed_zero,True,6815,Naive2,L113556,3
L113556,CoCl2,1,0.00015411,0,0.0,320,0.22840828,1082,False,observed_zero,True,5134,Naive2,L113556,3
L113556,Dabrafenib,1,0.00015411,0,0.0,322,0.22983583,1080,False,observed_zero,True,6164,Naive2,L113556,3
L113556,Doxorubicin,1,0.00015411,0,0.0,406,0.289793,996,False,observed_zero,True,2832,Naive2,L113556,3
L113556,Trametinib,1,0.00015411,0,0.0,275,0.19628837,1127,False,observed_zero,True,8091,Naive2,L113556,3
L113820,Acid,6,0.00092464,1,0.00013801,487,0.34760885,179,True,observed_nonzero,True,7246,Naive1|Naive2|Naive3,L113820,1
L113820,Cisplatin,6,0.00092464,0,0.0,273,0.19486081,1129,False,observed_zero,True,6815,Naive1|Naive2|Naive3,L113820,1
L113820,CoCl2,6,0.00092464,0,0.0,320,0.22840828,1082,False,observed_zero,True,5134,Naive1|Naive2|Naive3,L113820,1
L113820,Dabrafenib,6,0.00092464,0,0.0,322,0.22983583,1080,False,observed_zero,True,6164,Naive1|Naive2|Naive3,L113820,1
L113820,Doxorubicin,6,0.00092464,2,0.00070621,135,0.09635974,83,True,observed_nonzero,True,2832,Naive1|Naive2|Naive3,L113820,1
L113820,Trametinib,6,0.00092464,0,0.0,275,0.19628837,1127,False,observed_zero,True,8091,Naive1|Naive2|Naive3,L113820,1
L114035,Acid,3,0.00046232,3,0.00041402,318,0.22698073,62,True,observed_nonzero,True,7246,Naive2|Naive3,L114035,3
L114035,Cisplatin,3,0.00046232,0,0.0,273,0.19486081,1129,False,observed_zero,True,6815,Naive2|Naive3,L114035,3
L114035,CoCl2,3,0.00046232,0,0.0,320,0.22840828,1082,False,observed_zero,True,5134,Naive2|Naive3,L114035,3
L114035,Dabrafenib,3,0.00046232,0,0.0,322,0.22983583,1080,False,observed_zero,True,6164,Naive2|Naive3,L114035,3
L114035,Doxorubicin,3,0.00046232,0,0.0,406,0.289793,996,False,observed_zero,True,2832,Naive2|Naive3,L114035,3
L114035,Trametinib,3,0.00046232,0,0.0,275,0.19628837,1127,False,observed_zero,True,8091,Naive2|Naive3,L114035,3
L114118,Acid,13,0.00200339,27,0.00372619,49,0.03497502,4,True,observed_nonzero,True,7246,Naive1|Naive2|Naive3,L114118,2
L114118,Cisplatin,13,0.00200339,1,0.00014674,110,0.07851535,163,True,observed_nonzero,True,6815,Naive1|Naive2|Naive3,L114118,2
L114118,CoCl2,13,0.00200339,0,0.0,320,0.22840828,1082,False,observed_zero,True,5134,Naive1|Naive2|Naive3,L114118,2
L114118,Dabrafenib,13,0.00200339,7,0.00113563,72,0.05139186,8,True,observed_nonzero,True,6164,Naive1|Naive2|Naive3,L114118,2
L114118,Doxorubicin,13,0.00200339,6,0.00211864,50,0.03568879,9,True,observed_nonzero,True,2832,Naive1|Naive2|Naive3,L114118,2
L114118,Trametinib,13,0.00200339,1,0.00012359,161,0.11491792,114,True,observed_nonzero,True,8091,Naive1|Naive2|Naive3,L114118,2
L114326,Acid,3,0.00046232,0,0.0,666,0.47537473,736,False,observed_zero,True,7246,Naive2|Naive3,L114326,3
L114326,Cisplatin,3,0.00046232,0,0.0,273,0.19486081,1129,False,observed_zero,True,6815,Naive2|Naive3,L114326,3
L114326,CoCl2,3,0.00046232,0,0.0,320,0.22840828,1082,False,observed_zero,True,5134,Naive2|Naive3,L114326,3
L114326,Dabrafenib,3,0.00046232,0,0.0,322,0.22983583,1080,False,observed_zero,True,6164,Naive2|Naive3,L114326,3
L114326,Doxorubicin,3,0.00046232,0,0.0,406,0.289793,996,False,observed_zero,True,2832,Naive2|Naive3,L114326,3
L114326,Trametinib,3,0.00046232,0,0.0,275,0.19628837,1127,False,observed_zero,True,8091,Naive2|Naive3,L114326,3
L114452,Acid,6,0.00092464,6,0.00082804,216,0.15417559,16,True,observed_nonzero,True,7246,Naive1|Naive2|Naive3,L114452,2
L114452,Cisplatin,6,0.00092464,0,0.0,273,0.19486081,1129,False,observed_zero,True,6815,Naive1|Naive2|Naive3,L114452,2
L114452,CoCl2,6,0.00092464,0,0.0,320,0.22840828,1082,False,observed_zero,True,5134,Naive1|Naive2|Naive3,L114452,2
L114452,Dabrafenib,6,0.00092464,1,0.00016223,182,0.12990721,140,True,observed_nonzero,True,6164,Naive1|Naive2|Naive3,L114452,2
L114452,Doxorubicin,6,0.00092464,1,0.00035311,218,0.15560314,188,True,observed_nonzero,True,2832,Naive1|Naive2|Naive3,L114452,2
L114452,Trametinib,6,0.00092464,0,0.0,275,0.19628837,1127,False,observed_zero,True,8091,Naive1|Naive2|Naive3,L114452,2
L11473,Acid,12,0.00184928,9,0.00124206,156,0.11134904,17,True,observed_nonzero,True,7246,Naive1|Naive2|Naive3,L11473,2
L11473,Cisplatin,12,0.00184928,1,0.00014674,110,0.07851535,163,True,observed_nonzero,True,6815,Naive1|Naive2|Naive3,L11473,2
L11473,CoCl2,12,0.00184928,4,0.00077912,63,0.04496788,17,True,observed_nonzero,True,5134,Naive1|Naive2|Naive3,L11473,2
L11473,Dabrafenib,12,0.00184928,3,0.0004867,113,0.08065667,22,True,observed_nonzero,True,6164,Naive1|Naive2|Naive3,L11473,2
L11473,Doxorubicin,12,0.00184928,1,0.00035311,218,0.15560314,188,True,observed_nonzero,True,2832,Naive1|Naive2|Naive3,L11473,2
L11473,Trametinib,12,0.00184928,3,0.00037078,100,0.07137759,24,True,observed_nonzero,True,8091,Naive1|Naive2|Naive3,L11473,2
L11519,Acid,1,0.00015411,1,0.00013801,487,0.34760885,179,True,observed_nonzero,True,7246,Naive2,L11519,2
L11519,Cisplatin,1,0.00015411,0,0.0,273,0.19486081,1129,False,observed_zero,True,6815,Naive2,L11519,2
L11519,CoCl2,1,0.00015411,0,0.0,320,0.22840828,1082,False,observed_zero,True,5134,Naive2,L11519,2
L11519,Dabrafenib,1,0.00015411,0,0.0,322,0.22983583,1080,False,observed_zero,True,6164,Naive2,L11519,2
L11519,Doxorubicin,1,0.00015411,0,0.0,406,0.289793,996,False,observed_zero,True,2832,Naive2,L11519,2
L11519,Trametinib,1,0.00015411,0,0.0,275,0.19628837,1127,False,observed_zero,True,8091,Naive2,L11519,2
L115333,Acid,1,0.00015411,0,0.0,666,0.47537473,736,False,observed_zero,True,7246,Naive3,L115333,0
L115333,Cisplatin,1,0.00015411,0,0.0,273,0.19486081,1129,False,observed_zero,True,6815,Naive3,L115333,0
L115333,CoCl2,1,0.00015411,0,0.0,320,0.22840828,1082,False,observed_zero,True,5134,Naive3,L115333,0
L115333,Dabrafenib,1,0.00015411,0,0.0,322,0.22983583,1080,False,observed_zero,True,6164,Naive3,L115333,0
L115333,Doxorubicin,1,0.00015411,0,0.0,406,0.289793,996,False,observed_zero,True,2832,Naive3,L115333,0
L115333,Trametinib,1,0.00015411,0,0.0,275,0.19628837,1127,False,observed_zero,True,8091,Naive3,L115333,0
L115623,Acid,1,0.00015411,0,0.0,666,0.47537473,736,False,observed_zero,True,7246,Naive2,L115623,2
L115623,Cisplatin,1,0.00015411,0,0.0,273,0.19486081,1129,False,observed_zero,True,6815,Naive2,L115623,2
L115623,CoCl2,1,0.00015411,0,0.0,320,0.22840828,1082,False,observed_zero,True,5134,Naive2,L115623,2
L115623,Dabrafenib,1,0.00015411,0,0.0,322,0.22983583,1080,False,observed_zero,True,6164,Naive2,L115623,2
L115623,Doxorubicin,1,0.00015411,0,0.0,406,0.289793,996,False,observed_zero,True,2832,Naive2,L115623,2
L115623,Trametinib,1,0.00015411,0,0.0,275,0.19628837,1127,False,observed_zero,True,8091,Naive2,L115623,2
L115630,Acid,1,0.00015411,0,0.0,666,0.47537473,736,False,observed_zero,True,7246,Naive3,L115630,3
L115630,Cisplatin,1,0.00015411,0,0.0,273,0.19486081,1129,False,observed_zero,True,6815,Naive3,L115630,3
L115630,CoCl2,1,0.00015411,0,0.0,320,0.22840828,1082,False,observed_zero,True,5134,Naive3,L115630,3
L115630,Dabrafenib,1,0.00015411,0,0.0,322,0.22983583,1080,False,observed_zero,True,6164,Naive3,L115630,3
L115630,Doxorubicin,1,0.00015411,0,0.0,406,0.289793,996,False,observed_zero,True,2832,Naive3,L115630,3
L115630,Trametinib,1,0.00015411,0,0.0,275,0.19628837,1127,False,observed_zero,True,8091,Naive3,L115630,3
L115717,Acid,10,0.00154107,2,0.00027601,380,0.27123483,107,True,observed_nonzero,True,7246,Naive1|Naive2|Naive3,L115717,2
L115717,Cisplatin,10,0.00154107,1,0.00014674,110,0.07851535,163,True,observed_nonzero,True,6815,Naive1|Naive2|Naive3,L115717,2
L115717,CoCl2,10,0.00154107,0,0.0,320,0.22840828,1082,False,observed_zero,True,5134,Naive1|Naive2|Naive3,L115717,2
L115717,Dabrafenib,10,0.00154107,0,0.0,322,0.22983583,1080,False,observed_zero,True,6164,Naive1|Naive2|Naive3,L115717,2
L115717,Doxorubicin,10,0.00154107,1,0.00035311,218,0.15560314,188,True,observed_nonzero,True,2832,Naive1|Naive2|Naive3,L115717,2
L115717,Trametinib,10,0.00154107,7,0.00086516,67,0.04782298,9,True,observed_nonzero,True,8091,Naive1|Naive2|Naive3,L115717,2
L11587,Acid,1,0.00015411,0,0.0,666,0.47537473,736,False,observed_zero,True,7246,Naive3,L11587,4
L11587,Cisplatin,1,0.00015411,0,0.0,273,0.19486081,1129,False,observed_zero,True,6815,Naive3,L11587,4
L11587,CoCl2,1,0.00015411,0,0.0,320,0.22840828,1082,False,observed_zero,True,5134,Naive3,L11587,4
L11587,Dabrafenib,1,0.00015411,0,0.0,322,0.22983583,1080,False,observed_zero,True,6164,Naive3,L11587,4
L11587,Doxorubicin,1,0.00015411,0,0.0,406,0.289793,996,False,observed_zero,True,2832,Naive3,L11587,4
L11587,Trametinib,1,0.00015411,0,0.0,275,0.19628837,1127,False,observed_zero,True,8091,Naive3,L11587,4
L115891,Acid,2,0.00030821,0,0.0,666,0.47537473,736,False,observed_zero,True,7246,Naive3,L115891,1
L115891,Cisplatin,2,0.00030821,0,0.0,273,0.19486081,1129,False,observed_zero,True,6815,Naive3,L115891,1
L115891,CoCl2,2,0.00030821,0,0.0,320,0.22840828,1082,False,observed_zero,True,5134,Naive3,L115891,1
L115891,Dabrafenib,2,0.00030821,0,0.0,322,0.22983583,1080,False,observed_zero,True,6164,Naive3,L115891,1
L115891,Doxorubicin,2,0.00030821,0,0.0,406,0.289793,996,False,observed_zero,True,2832,Naive3,L115891,1
L115891,Trametinib,2,0.00030821,1,0.00012359,161,0.11491792,114,True,observed_nonzero,True,8091,Naive3,L115891,1
L115936,Acid,4,0.00061643,0,0.0,666,0.47537473,736,False,observed_zero,True,7246,Naive1|Naive3,L115936,1
L115936,Cisplatin,4,0.00061643,0,0.0,273,0.19486081,1129,False,observed_zero,True,6815,Naive1|Naive3,L115936,1
L115936,CoCl2,4,0.00061643,0,0.0,320,0.22840828,1082,False,observed_zero,True,5134,Naive1|Naive3,L115936,1
L115936,Dabrafenib,4,0.00061643,0,0.0,322,0.22983583,1080,False,observed_zero,True,6164,Naive1|Naive3,L115936,1
L115936,Doxorubicin,4,0.00061643,0,0.0,406,0.289793,996,False,observed_zero,True,2832,Naive1|Naive3,L115936,1
L115936,Trametinib,4,0.00061643,0,0.0,275,0.19628837,1127,False,observed_zero,True,8091,Naive1|Naive3,L115936,1
L116006,Acid,1,0.00015411,2,0.00027601,380,0.27123483,107,True,observed_nonzero,True,7246,Naive2,L116006,3
L116006,Cisplatin,1,0.00015411,0,0.0,273,0.19486081,1129,False,observed_zero,True,6815,Naive2,L116006,3
L116006,CoCl2,1,0.00015411,1,0.00019478,179,0.12776588,141,True,observed_nonzero,True,5134,Naive2,L116006,3
L116006,Dabrafenib,1,0.00015411,0,0.0,322,0.22983583,1080,False,observed_zero,True,6164,Naive2,L116006,3
L116006,Doxorubicin,1,0.00015411,0,0.0,406,0.289793,996,False,observed_zero,True,2832,Naive2,L116006,3
L116006,Trametinib,1,0.00015411,0,0.0,275,0.19628837,1127,False,observed_zero,True,8091,Naive2,L116006,3
L116152,Acid,9,0.00138696,11,0.00151808,136,0.09707352,13,True,observed_nonzero,True,7246,Naive1|Naive2|Naive3,L116152,1
L116152,Cisplatin,9,0.00138696,0,0.0,273,0.19486081,1129,False,observed_zero,True,6815,Naive1|Naive2|Naive3,L116152,1
L116152,CoCl2,9,0.00138696,1,0.00019478,179,0.12776588,141,True,observed_nonzero,True,5134,Naive1|Naive2|Naive3,L116152,1
L116152,Dabrafenib,9,0.00138696,0,0.0,322,0.22983583,1080,False,observed_zero,True,6164,Naive1|Naive2|Naive3,L116152,1
L116152,Doxorubicin,9,0.00138696,3,0.00105932,96,0.06852248,39,True,observed_nonzero,True,2832,Naive1|Naive2|Naive3,L116152,1
L116152,Trametinib,9,0.00138696,0,0.0,275,0.19628837,1127,False,observed_zero,True,8091,Naive1|Naive2|Naive3,L116152,1
L116189,Acid,12,0.00184928,3,0.00041402,318,0.22698073,62,True,observed_nonzero,True,7246,Naive1|Naive2|Naive3,L116189,3
L116189,Cisplatin,12,0.00184928,0,0.0,273,0.19486081,1129,False,observed_zero,True,6815,Naive1|Naive2|Naive3,L116189,3
L116189,CoCl2,12,0.00184928,1,0.00019478,179,0.12776588,141,True,observed_nonzero,True,5134,Naive1|Naive2|Naive3,L116189,3
L116189,Dabrafenib,12,0.00184928,0,0.0,322,0.22983583,1080,False,observed_zero,True,6164,Naive1|Naive2|Naive3,L116189,3
L116189,Doxorubicin,12,0.00184928,1,0.00035311,218,0.15560314,188,True,observed_nonzero,True,2832,Naive1|Naive2|Naive3,L116189,3
L116189,Trametinib,12,0.00184928,0,0.0,275,0.19628837,1127,False,observed_zero,True,8091,Naive1|Naive2|Naive3,L116189,3
L116200,Acid,4,0.00061643,54,0.00745239,15,0.01070664,1,True,observed_nonzero,True,7246,Naive2|Naive3,L116200,4
L116200,Cisplatin,4,0.00061643,0,0.0,273,0.19486081,1129,False,observed_zero,True,6815,Naive2|Naive3,L116200,4
L116200,CoCl2,4,0.00061643,0,0.0,320,0.22840828,1082,False,observed_zero,True,5134,Naive2|Naive3,L116200,4
L116200,Dabrafenib,4,0.00061643,0,0.0,322,0.22983583,1080,False,observed_zero,True,6164,Naive2|Naive3,L116200,4
L116200,Doxorubicin,4,0.00061643,1,0.00035311,218,0.15560314,188,True,observed_nonzero,True,2832,Naive2|Naive3,L116200,4
L116200,Trametinib,4,0.00061643,6,0.00074156,76,0.05424697,9,True,observed_nonzero,True,8091,Naive2|Naive3,L116200,4
L116215,Acid,1,0.00015411,0,0.0,666,0.47537473,736,False,observed_zero,True,7246,Naive1,L116215,4
L116215,Cisplatin,1,0.00015411,0,0.0,273,0.19486081,1129,False,observed_zero,True,6815,Naive1,L116215,4
L116215,CoCl2,1,0.00015411,0,0.0,320,0.22840828,1082,False,observed_zero,True,5134,Naive1,L116215,4
L116215,Dabrafenib,1,0.00015411,0,0.0,322,0.22983583,1080,False,observed_zero,True,6164,Naive1,L116215,4
L116215,Doxorubicin,1,0.00015411,0,0.0,406,0.289793,996,False,observed_zero,True,2832,Naive1,L116215,4
L116215,Trametinib,1,0.00015411,0,0.0,275,0.19628837,1127,False,observed_zero,True,8091,Naive1,L116215,4
L116287,Acid,12,0.00184928,5,0.00069004,232,0.165596,35,True,observed_nonzero,True,7246,Naive1|Naive2,L116287,0
L116287,Cisplatin,12,0.00184928,0,0.0,273,0.19486081,1129,False,observed_zero,True,6815,Naive1|Naive2,L116287,0
L116287,CoCl2,12,0.00184928,0,0.0,320,0.22840828,1082,False,observed_zero,True,5134,Naive1|Naive2,L116287,0
L116287,Dabrafenib,12,0.00184928,0,0.0,322,0.22983583,1080,False,observed_zero,True,6164,Naive1|Naive2,L116287,0
L116287,Doxorubicin,12,0.00184928,9,0.00317797,27,0.01927195,5,True,observed_nonzero,True,2832,Naive1|Naive2,L116287,0
L116287,Trametinib,12,0.00184928,0,0.0,275,0.19628837,1127,False,observed_zero,True,8091,Naive1|Naive2,L116287,0
L116375,Acid,2,0.00030821,4,0.00055203,267,0.19057816,51,True,observed_nonzero,True,7246,Naive3,L116375,3
L116375,Cisplatin,2,0.00030821,0,0.0,273,0.19486081,1129,False,observed_zero,True,6815,Naive3,L116375,3
L116375,CoCl2,2,0.00030821,4,0.00077912,63,0.04496788,17,True,observed_nonzero,True,5134,Naive3,L116375,3
L116375,Dabrafenib,2,0.00030821,6,0.00097339,80,0.05710207,11,True,observed_nonzero,True,6164,Naive3,L116375,3
L116375,Doxorubicin,2,0.00030821,0,0.0,406,0.289793,996,False,observed_zero,True,2832,Naive3,L116375,3
L116375,Trametinib,2,0.00030821,9,0.00111235,57,0.04068522,7,True,observed_nonzero,True,8091,Naive3,L116375,3
L116548,Acid,1,0.00015411,0,0.0,666,0.47537473,736,False,observed_zero,True,7246,Naive2,L116548,0
L116548,Cisplatin,1,0.00015411,0,0.0,273,0.19486081,1129,False,observed_zero,True,6815,Naive2,L116548,0
L116548,CoCl2,1,0.00015411,0,0.0,320,0.22840828,1082,False,observed_zero,True,5134,Naive2,L116548,0
L116548,Dabrafenib,1,0.00015411,0,0.0,322,0.22983583,1080,False,observed_zero,True,6164,Naive2,L116548,0
L116548,Doxorubicin,1,0.00015411,0,0.0,406,0.289793,996,False,observed_zero,True,2832,Naive2,L116548,0
L116548,Trametinib,1,0.00015411,0,0.0,275,0.19628837,1127,False,observed_zero,True,8091,Naive2,L116548,0
L117154,Acid,7,0.00107875,3,0.00041402,318,0.22698073,62,True,observed_nonzero,True,7246,Naive1|Naive2|Naive3,L117154,4
L117154,Cisplatin,7,0.00107875,0,0.0,273,0.19486081,1129,False,observed_zero,True,6815,Naive1|Naive2|Naive3,L117154,4
L117154,CoCl2,7,0.00107875,0,0.0,320,0.22840828,1082,False,observed_zero,True,5134,Naive1|Naive2|Naive3,L117154,4
L117154,Dabrafenib,7,0.00107875,21,0.00340688,32,0.02284083,2,True,observed_nonzero,True,6164,Naive1|Naive2|Naive3,L117154,4
L117154,Doxorubicin,7,0.00107875,0,0.0,406,0.289793,996,False,observed_zero,True,2832,Naive1|Naive2|Naive3,L117154,4
L117154,Trametinib,7,0.00107875,60,0.00741565,14,0.00999286,1,True,observed_nonzero,True,8091,Naive1|Naive2|Naive3,L117154,4
L117526,Acid,7,0.00107875,8,0.00110406,173,0.12348323,19,True,observed_nonzero,True,7246,Naive2|Naive3,L117526,3
L117526,Cisplatin,7,0.00107875,0,0.0,273,0.19486081,1129,False,observed_zero,True,6815,Naive2|Naive3,L117526,3
L117526,CoCl2,7,0.00107875,3,0.00058434,80,0.05710207,30,True,observed_nonzero,True,5134,Naive2|Naive3,L117526,3
L117526,Dabrafenib,7,0.00107875,0,0.0,322,0.22983583,1080,False,observed_zero,True,6164,Naive2|Naive3,L117526,3
L117526,Doxorubicin,7,0.00107875,0,0.0,406,0.289793,996,False,observed_zero,True,2832,Naive2|Naive3,L117526,3
L117526,Trametinib,7,0.00107875,1,0.00012359,161,0.11491792,114,True,observed_nonzero,True,8091,Naive2|Naive3,L117526,3
L117620,Acid,1,0.00015411,0,0.0,666,0.47537473,736,False,observed_zero,True,7246,Naive2,L117620,0
L117620,Cisplatin,1,0.00015411,0,0.0,273,0.19486081,1129,False,observed_zero,True,6815,Naive2,L117620,0
L117620,CoCl2,1,0.00015411,0,0.0,320,0.22840828,1082,False,observed_zero,True,5134,Naive2,L117620,0
L117620,Dabrafenib,1,0.00015411,0,0.0,322,0.22983583,1080,False,observed_zero,True,6164,Naive2,L117620,0
L117620,Doxorubicin,1,0.00015411,0,0.0,406,0.289793,996,False,observed_zero,True,2832,Naive2,L117620,0
L117620,Trametinib,1,0.00015411,0,0.0,275,0.19628837,1127,False,observed_zero,True,8091,Naive2,L117620,0
L117646,Acid,2,0.00030821,2,0.00027601,380,0.27123483,107,True,observed_nonzero,True,7246,Naive3,L117646,0
L117646,Cisplatin,2,0.00030821,0,0.0,273,0.19486081,1129,False,observed_zero,True,6815,Naive3,L117646,0
L117646,CoCl2,2,0.00030821,0,0.0,320,0.22840828,1082,False,observed_zero,True,5134,Naive3,L117646,0
L117646,Dabrafenib,2,0.00030821,0,0.0,322,0.22983583,1080,False,observed_zero,True,6164,Naive3,L117646,0
L117646,Doxorubicin,2,0.00030821,0,0.0,406,0.289793,996,False,observed_zero,True,2832,Naive3,L117646,0
L117646,Trametinib,2,0.00030821,0,0.0,275,0.19628837,1127,False,observed_zero,True,8091,Naive3,L117646,0
L117889,Acid,2,0.00030821,0,0.0,666,0.47537473,736,False,observed_zero,True,7246,Naive3,L117889,3
L117889,Cisplatin,2,0.00030821,0,0.0,273,0.19486081,1129,False,observed_zero,True,6815,Naive3,L117889,3
L117889,CoCl2,2,0.00030821,0,0.0,320,0.22840828,1082,False,observed_zero,True,5134,Naive3,L117889,3
L117889,Dabrafenib,2,0.00030821,0,0.0,322,0.22983583,1080,False,observed_zero,True,6164,Naive3,L117889,3
L117889,Doxorubicin,2,0.00030821,1,0.00035311,218,0.15560314,188,True,observed_nonzero,True,2832,Naive3,L117889,3
L117889,Trametinib,2,0.00030821,0,0.0,275,0.19628837,1127,False,observed_zero,True,8091,Naive3,L117889,3
L117984,Acid,2,0.00030821,0,0.0,666,0.47537473,736,False,observed_zero,True,7246,Naive3,L117984,1
L117984,Cisplatin,2,0.00030821,0,0.0,273,0.19486081,1129,False,observed_zero,True,6815,Naive3,L117984,1
L117984,CoCl2,2,0.00030821,0,0.0,320,0.22840828,1082,False,observed_zero,True,5134,Naive3,L117984,1
L117984,Dabrafenib,2,0.00030821,0,0.0,322,0.22983583,1080,False,observed_zero,True,6164,Naive3,L117984,1
L117984,Doxorubicin,2,0.00030821,0,0.0,406,0.289793,996,False,observed_zero,True,2832,Naive3,L117984,1
L117984,Trametinib,2,0.00030821,0,0.0,275,0.19628837,1127,False,observed_zero,True,8091,Naive3,L117984,1
L118217,Acid,3,0.00046232,1,0.00013801,487,0.34760885,179,True,observed_nonzero,True,7246,Naive1,L118217,4
L118217,Cisplatin,3,0.00046232,0,0.0,273,0.19486081,1129,False,observed_zero,True,6815,Naive1,L118217,4
L118217,CoCl2,3,0.00046232,0,0.0,320,0.22840828,1082,False,observed_zero,True,5134,Naive1,L118217,4
L118217,Dabrafenib,3,0.00046232,50,0.00811162,13,0.00927909,2,True,observed_nonzero,True,6164,Naive1,L118217,4
L118217,Doxorubicin,3,0.00046232,0,0.0,406,0.289793,996,False,observed_zero,True,2832,Naive1,L118217,4
L118217,Trametinib,3,0.00046232,68,0.0084044,13,0.00927909,1,True,observed_nonzero,True,8091,Naive1,L118217,4
L118229,Acid,1,0.00015411,0,0.0,666,0.47537473,736,False,observed_zero,True,7246,Naive2,L118229,0
L118229,Cisplatin,1,0.00015411,0,0.0,273,0.19486081,1129,False,observed_zero,True,6815,Naive2,L118229,0
L118229,CoCl2,1,0.00015411,0,0.0,320,0.22840828,1082,False,observed_zero,True,5134,Naive2,L118229,0
L118229,Dabrafenib,1,0.00015411,0,0.0,322,0.22983583,1080,False,observed_zero,True,6164,Naive2,L118229,0
L118229,Doxorubicin,1,0.00015411,0,0.0,406,0.289793,996,False,observed_zero,True,2832,Naive2,L118229,0
L118229,Trametinib,1,0.00015411,0,0.0,275,0.19628837,1127,False,observed_zero,True,8091,Naive2,L118229,0
L118399,Acid,2,0.00030821,0,0.0,666,0.47537473,736,False,observed_zero,True,7246,Naive2|Naive3,L118399,3
L118399,Cisplatin,2,0.00030821,0,0.0,273,0.19486081,1129,False,observed_zero,True,6815,Naive2|Naive3,L118399,3
L118399,CoCl2,2,0.00030821,1,0.00019478,179,0.12776588,141,True,observed_nonzero,True,5134,Naive2|Naive3,L118399,3
L118399,Dabrafenib,2,0.00030821,0,0.0,322,0.22983583,1080,False,observed_zero,True,6164,Naive2|Naive3,L118399,3
L118399,Doxorubicin,2,0.00030821,0,0.0,406,0.289793,996,False,observed_zero,True,2832,Naive2|Naive3,L118399,3
L118399,Trametinib,2,0.00030821,0,0.0,275,0.19628837,1127,False,observed_zero,True,8091,Naive2|Naive3,L118399,3
L118470,Acid,1,0.00015411,1,0.00013801,487,0.34760885,179,True,observed_nonzero,True,7246,Naive1,L118470,1
L118470,Cisplatin,1,0.00015411,0,0.0,273,0.19486081,1129,False,observed_zero,True,6815,Naive1,L118470,1
L118470,CoCl2,1,0.00015411,0,0.0,320,0.22840828,1082,False,observed_zero,True,5134,Naive1,L118470,1
L118470,Dabrafenib,1,0.00015411,0,0.0,322,0.22983583,1080,False,observed_zero,True,6164,Naive1,L118470,1
L118470,Doxorubicin,1,0.00015411,0,0.0,406,0.289793,996,False,observed_zero,True,2832,Naive1,L118470,1
L118470,Trametinib,1,0.00015411,0,0.0,275,0.19628837,1127,False,observed_zero,True,8091,Naive1,L118470,1
L118613,Acid,6,0.00092464,2,0.00027601,380,0.27123483,107,True,observed_nonzero,True,7246,Naive2|Naive3,L118613,2
L118613,Cisplatin,6,0.00092464,2,0.00029347,60,0.04282655,50,True,observed_nonzero,True,6815,Naive2|Naive3,L118613,2
L118613,CoCl2,6,0.00092464,1,0.00019478,179,0.12776588,141,True,observed_nonzero,True,5134,Naive2|Naive3,L118613,2
L118613,Dabrafenib,6,0.00092464,3,0.0004867,113,0.08065667,22,True,observed_nonzero,True,6164,Naive2|Naive3,L118613,2
L118613,Doxorubicin,6,0.00092464,0,0.0,406,0.289793,996,False,observed_zero,True,2832,Naive2|Naive3,L118613,2
L118613,Trametinib,6,0.00092464,0,0.0,275,0.19628837,1127,False,observed_zero,True,8091,Naive2|Naive3,L118613,2
L118637,Acid,2,0.00030821,0,0.0,666,0.47537473,736,False,observed_zero,True,7246,Naive3,L118637,1
L118637,Cisplatin,2,0.00030821,0,0.0,273,0.19486081,1129,False,observed_zero,True,6815,Naive3,L118637,1
L118637,CoCl2,2,0.00030821,0,0.0,320,0.22840828,1082,False,observed_zero,True,5134,Naive3,L118637,1
L118637,Dabrafenib,2,0.00030821,0,0.0,322,0.22983583,1080,False,observed_zero,True,6164,Naive3,L118637,1
L118637,Doxorubicin,2,0.00030821,0,0.0,406,0.289793,996,False,observed_zero,True,2832,Naive3,L118637,1
L118637,Trametinib,2,0.00030821,0,0.0,275,0.19628837,1127,False,observed_zero,True,8091,Naive3,L118637,1
L118750,Acid,1,0.00015411,0,0.0,666,0.47537473,736,False,observed_zero,True,7246,Naive3,L118750,0
L118750,Cisplatin,1,0.00015411,0,0.0,273,0.19486081,1129,False,observed_zero,True,6815,Naive3,L118750,0
L118750,CoCl2,1,0.00015411,1,0.00019478,179,0.12776588,141,True,observed_nonzero,True,5134,Naive3,L118750,0
L118750,Dabrafenib,1,0.00015411,9,0.00146009,62,0.0442541,7,True,observed_nonzero,True,6164,Naive3,L118750,0
L118750,Doxorubicin,1,0.00015411,0,0.0,406,0.289793,996,False,observed_zero,True,2832,Naive3,L118750,0
L118750,Trametinib,1,0.00015411,17,0.0021011,31,0.02212705,2,True,observed_nonzero,True,8091,Naive3,L118750,0
L11899,Acid,2,0.00030821,0,0.0,666,0.47537473,736,False,observed_zero,True,7246,Naive3,L11899,1
L11899,Cisplatin,2,0.00030821,0,0.0,273,0.19486081,1129,False,observed_zero,True,6815,Naive3,L11899,1
L11899,CoCl2,2,0.00030821,0,0.0,320,0.22840828,1082,False,observed_zero,True,5134,Naive3,L11899,1
L11899,Dabrafenib,2,0.00030821,0,0.0,322,0.22983583,1080,False,observed_zero,True,6164,Naive3,L11899,1
L11899,Doxorubicin,2,0.00030821,0,0.0,406,0.289793,996,False,observed_zero,True,2832,Naive3,L11899,1
L11899,Trametinib,2,0.00030821,0,0.0,275,0.19628837,1127,False,observed_zero,True,8091,Naive3,L11899,1
L119834,Acid,7,0.00107875,4,0.00055203,267,0.19057816,51,True,observed_nonzero,True,7246,Naive1|Naive3,L119834,0
L119834,Cisplatin,7,0.00107875,1,0.00014674,110,0.07851535,163,True,observed_nonzero,True,6815,Naive1|Naive3,L119834,0
L119834,CoCl2,7,0.00107875,1,0.00019478,179,0.12776588,141,True,observed_nonzero,True,5134,Naive1|Naive3,L119834,0
L119834,Dabrafenib,7,0.00107875,3,0.0004867,113,0.08065667,22,True,observed_nonzero,True,6164,Naive1|Naive3,L119834,0
L119834,Doxorubicin,7,0.00107875,2,0.00070621,135,0.09635974,83,True,observed_nonzero,True,2832,Naive1|Naive3,L119834,0
L119834,Trametinib,7,0.00107875,0,0.0,275,0.19628837,1127,False,observed_zero,True,8091,Naive1|Naive3,L119834,0
L120471,Acid,2,0.00030821,0,0.0,666,0.47537473,736,False,observed_zero,True,7246,Naive3,L120471,1
L120471,Cisplatin,2,0.00030821,1,0.00014674,110,0.07851535,163,True,observed_nonzero,True,6815,Naive3,L120471,1
L120471,CoCl2,2,0.00030821,0,0.0,320,0.22840828,1082,False,observed_zero,True,5134,Naive3,L120471,1
L120471,Dabrafenib,2,0.00030821,0,0.0,322,0.22983583,1080,False,observed_zero,True,6164,Naive3,L120471,1
L120471,Doxorubicin,2,0.00030821,2,0.00070621,135,0.09635974,83,True,observed_nonzero,True,2832,Naive3,L120471,1
L120471,Trametinib,2,0.00030821,0,0.0,275,0.19628837,1127,False,observed_zero,True,8091,Naive3,L120471,1
L121449,Acid,1,0.00015411,0,0.0,666,0.47537473,736,False,observed_zero,True,7246,Naive3,L121449,0
L121449,Cisplatin,1,0.00015411,0,0.0,273,0.19486081,1129,False,observed_zero,True,6815,Naive3,L121449,0
L121449,CoCl2,1,0.00015411,0,0.0,320,0.22840828,1082,False,observed_zero,True,5134,Naive3,L121449,0
L121449,Dabrafenib,1,0.00015411,0,0.0,322,0.22983583,1080,False,observed_zero,True,6164,Naive3,L121449,0
L121449,Doxorubicin,1,0.00015411,0,0.0,406,0.289793,996,False,observed_zero,True,2832,Naive3,L121449,0
L121449,Trametinib,1,0.00015411,0,0.0,275,0.19628837,1127,False,observed_zero,True,8091,Naive3,L121449,0
L121505,Acid,1,0.00015411,0,0.0,666,0.47537473,736,False,observed_zero,True,7246,Naive2,L121505,4
L121505,Cisplatin,1,0.00015411,1,0.00014674,110,0.07851535,163,True,observed_nonzero,True,6815,Naive2,L121505,4
L121505,CoCl2,1,0.00015411,0,0.0,320,0.22840828,1082,False,observed_zero,True,5134,Naive2,L121505,4
L121505,Dabrafenib,1,0.00015411,1,0.00016223,182,0.12990721,140,True,observed_nonzero,True,6164,Naive2,L121505,4
L121505,Doxorubicin,1,0.00015411,0,0.0,406,0.289793,996,False,observed_zero,True,2832,Naive2,L121505,4
L121505,Trametinib,1,0.00015411,1,0.00012359,161,0.11491792,114,True,observed_nonzero,True,8091,Naive2,L121505,4
L121689,Acid,4,0.00061643,8,0.00110406,173,0.12348323,19,True,observed_nonzero,True,7246,Naive1|Naive2|Naive3,L121689,3
L121689,Cisplatin,4,0.00061643,1,0.00014674,110,0.07851535,163,True,observed_nonzero,True,6815,Naive1|Naive2|Naive3,L121689,3
L121689,CoCl2,4,0.00061643,2,0.00038956,110,0.07851535,69,True,observed_nonzero,True,5134,Naive1|Naive2|Naive3,L121689,3
L121689,Dabrafenib,4,0.00061643,3,0.0004867,113,0.08065667,22,True,observed_nonzero,True,6164,Naive1|Naive2|Naive3,L121689,3
L121689,Doxorubicin,4,0.00061643,0,0.0,406,0.289793,996,False,observed_zero,True,2832,Naive1|Naive2|Naive3,L121689,3
L121689,Trametinib,4,0.00061643,0,0.0,275,0.19628837,1127,False,observed_zero,True,8091,Naive1|Naive2|Naive3,L121689,3
L122300,Acid,3,0.00046232,1,0.00013801,487,0.34760885,179,True,observed_nonzero,True,7246,Naive2|Naive3,L122300,3
L122300,Cisplatin,3,0.00046232,0,0.0,273,0.19486081,1129,False,observed_zero,True,6815,Naive2|Naive3,L122300,3
L122300,CoCl2,3,0.00046232,1,0.00019478,179,0.12776588,141,True,observed_nonzero,True,5134,Naive2|Naive3,L122300,3
L122300,Dabrafenib,3,0.00046232,0,0.0,322,0.22983583,1080,False,observed_zero,True,6164,Naive2|Naive3,L122300,3
L122300,Doxorubicin,3,0.00046232,2,0.00070621,135,0.09635974,83,True,observed_nonzero,True,2832,Naive2|Naive3,L122300,3
L122300,Trametinib,3,0.00046232,0,0.0,275,0.19628837,1127,False,observed_zero,True,8091,Naive2|Naive3,L122300,3
L122873,Acid,1,0.00015411,0,0.0,666,0.47537473,736,False,observed_zero,True,7246,Naive3,L122873,4
L122873,Cisplatin,1,0.00015411,0,0.0,273,0.19486081,1129,False,observed_zero,True,6815,Naive3,L122873,4
L122873,CoCl2,1,0.00015411,0,0.0,320,0.22840828,1082,False,observed_zero,True,5134,Naive3,L122873,4
L122873,Dabrafenib,1,0.00015411,0,0.0,322,0.22983583,1080,False,observed_zero,True,6164,Naive3,L122873,4
L122873,Doxorubicin,1,0.00015411,0,0.0,406,0.289793,996,False,observed_zero,True,2832,Naive3,L122873,4
L122873,Trametinib,1,0.00015411,0,0.0,275,0.19628837,1127,False,observed_zero,True,8091,Naive3,L122873,4
L12301,Acid,3,0.00046232,1,0.00013801,487,0.34760885,179,True,observed_nonzero,True,7246,Naive2|Naive3,L12301,0
L12301,Cisplatin,3,0.00046232,0,0.0,273,0.19486081,1129,False,observed_zero,True,6815,Naive2|Naive3,L12301,0
L12301,CoCl2,3,0.00046232,0,0.0,320,0.22840828,1082,False,observed_zero,True,5134,Naive2|Naive3,L12301,0
L12301,Dabrafenib,3,0.00046232,0,0.0,322,0.22983583,1080,False,observed_zero,True,6164,Naive2|Naive3,L12301,0
L12301,Doxorubicin,3,0.00046232,0,0.0,406,0.289793,996,False,observed_zero,True,2832,Naive2|Naive3,L12301,0
L12301,Trametinib,3,0.00046232,0,0.0,275,0.19628837,1127,False,observed_zero,True,8091,Naive2|Naive3,L12301,0
L123461,Acid,2,0.00030821,0,0.0,666,0.47537473,736,False,observed_zero,True,7246,Naive2,L123461,3
L123461,Cisplatin,2,0.00030821,0,0.0,273,0.19486081,1129,False,observed_zero,True,6815,Naive2,L123461,3
L123461,CoCl2,2,0.00030821,0,0.0,320,0.22840828,1082,False,observed_zero,True,5134,Naive2,L123461,3
L123461,Dabrafenib,2,0.00030821,0,0.0,322,0.22983583,1080,False,observed_zero,True,6164,Naive2,L123461,3
L123461,Doxorubicin,2,0.00030821,0,0.0,406,0.289793,996,False,observed_zero,True,2832,Naive2,L123461,3
L123461,Trametinib,2,0.00030821,0,0.0,275,0.19628837,1127,False,observed_zero,True,8091,Naive2,L123461,3
L123566,Acid,1,0.00015411,0,0.0,666,0.47537473,736,False,observed_zero,True,7246,Naive1,L123566,3
L123566,Cisplatin,1,0.00015411,0,0.0,273,0.19486081,1129,False,observed_zero,True,6815,Naive1,L123566,3
L123566,CoCl2,1,0.00015411,1,0.00019478,179,0.12776588,141,True,observed_nonzero,True,5134,Naive1,L123566,3
L123566,Dabrafenib,1,0.00015411,1,0.00016223,182,0.12990721,140,True,observed_nonzero,True,6164,Naive1,L123566,3
L123566,Doxorubicin,1,0.00015411,1,0.00035311,218,0.15560314,188,True,observed_nonzero,True,2832,Naive1,L123566,3
L123566,Trametinib,1,0.00015411,3,0.00037078,100,0.07137759,24,True,observed_nonzero,True,8091,Naive1,L123566,3
L123574,Acid,14,0.0021575,12,0.00165609,124,0.08850821,12,True,observed_nonzero,True,7246,Naive1|Naive2|Naive3,L123574,4
L123574,Cisplatin,14,0.0021575,9,0.00132062,11,0.00785153,2,True,observed_nonzero,True,6815,Naive1|Naive2|Naive3,L123574,4
L123574,CoCl2,14,0.0021575,0,0.0,320,0.22840828,1082,False,observed_zero,True,5134,Naive1|Naive2|Naive3,L123574,4
L123574,Dabrafenib,14,0.0021575,1,0.00016223,182,0.12990721,140,True,observed_nonzero,True,6164,Naive1|Naive2|Naive3,L123574,4
L123574,Doxorubicin,14,0.0021575,12,0.00423729,19,0.01356174,3,True,observed_nonzero,True,2832,Naive1|Naive2|Naive3,L123574,4
L123574,Trametinib,14,0.0021575,0,0.0,275,0.19628837,1127,False,observed_zero,True,8091,Naive1|Naive2|Naive3,L123574,4
L124049,Acid,3,0.00046232,2,0.00027601,380,0.27123483,107,True,observed_nonzero,True,7246,Naive1|Naive3,L124049,3
L124049,Cisplatin,3,0.00046232,0,0.0,273,0.19486081,1129,False,observed_zero,True,6815,Naive1|Naive3,L124049,3
L124049,CoCl2,3,0.00046232,2,0.00038956,110,0.07851535,69,True,observed_nonzero,True,5134,Naive1|Naive3,L124049,3
L124049,Dabrafenib,3,0.00046232,0,0.0,322,0.22983583,1080,False,observed_zero,True,6164,Naive1|Naive3,L124049,3
L124049,Doxorubicin,3,0.00046232,0,0.0,406,0.289793,996,False,observed_zero,True,2832,Naive1|Naive3,L124049,3
L124049,Trametinib,3,0.00046232,0,0.0,275,0.19628837,1127,False,observed_zero,True,8091,Naive1|Naive3,L124049,3
L124052,Acid,35,0.00539374,19,0.00262214,78,0.05567452,8,True,observed_nonzero,True,7246,Naive1|Naive2|Naive3,L124052,4
L124052,Cisplatin,35,0.00539374,0,0.0,273,0.19486081,1129,False,observed_zero,True,6815,Naive1|Naive2|Naive3,L124052,4
L124052,CoCl2,35,0.00539374,5,0.0009739,47,0.03354747,16,True,observed_nonzero,True,5134,Naive1|Naive2|Naive3,L124052,4
L124052,Dabrafenib,35,0.00539374,10,0.00162232,56,0.03997145,6,True,observed_nonzero,True,6164,Naive1|Naive2|Naive3,L124052,4
L124052,Doxorubicin,35,0.00539374,2,0.00070621,135,0.09635974,83,True,observed_nonzero,True,2832,Naive1|Naive2|Naive3,L124052,4
L124052,Trametinib,35,0.00539374,0,0.0,275,0.19628837,1127,False,observed_zero,True,8091,Naive1|Naive2|Naive3,L124052,4
L124157,Acid,1,0.00015411,0,0.0,666,0.47537473,736,False,observed_zero,True,7246,Naive3,L124157,4
L124157,Cisplatin,1,0.00015411,0,0.0,273,0.19486081,1129,False,observed_zero,True,6815,Naive3,L124157,4
L124157,CoCl2,1,0.00015411,0,0.0,320,0.22840828,1082,False,observed_zero,True,5134,Naive3,L124157,4
L124157,Dabrafenib,1,0.00015411,0,0.0,322,0.22983583,1080,False,observed_zero,True,6164,Naive3,L124157,4
L124157,Doxorubicin,1,0.00015411,0,0.0,406,0.289793,996,False,observed_zero,True,2832,Naive3,L124157,4
L124157,Trametinib,1,0.00015411,0,0.0,275,0.19628837,1127,False,observed_zero,True,8091,Naive3,L124157,4
L124481,Acid,2,0.00030821,0,0.0,666,0.47537473,736,False,observed_zero,True,7246,Naive3,L124481,3
L124481,Cisplatin,2,0.00030821,1,0.00014674,110,0.07851535,163,True,observed_nonzero,True,6815,Naive3,L124481,3
L124481,CoCl2,2,0.00030821,0,0.0,320,0.22840828,1082,False,observed_zero,True,5134,Naive3,L124481,3
L124481,Dabrafenib,2,0.00030821,0,0.0,322,0.22983583,1080,False,observed_zero,True,6164,Naive3,L124481,3
L124481,Doxorubicin,2,0.00030821,0,0.0,406,0.289793,996,False,observed_zero,True,2832,Naive3,L124481,3
L124481,Trametinib,2,0.00030821,0,0.0,275,0.19628837,1127,False,observed_zero,True,8091,Naive3,L124481,3
L124669,Acid,1,0.00015411,0,0.0,666,0.47537473,736,False,observed_zero,True,7246,Naive1,L124669,3
L124669,Cisplatin,1,0.00015411,0,0.0,273,0.19486081,1129,False,observed_zero,True,6815,Naive1,L124669,3
L124669,CoCl2,1,0.00015411,0,0.0,320,0.22840828,1082,False,observed_zero,True,5134,Naive1,L124669,3
L124669,Dabrafenib,1,0.00015411,1,0.00016223,182,0.12990721,140,True,observed_nonzero,True,6164,Naive1,L124669,3
L124669,Doxorubicin,1,0.00015411,0,0.0,406,0.289793,996,False,observed_zero,True,2832,Naive1,L124669,3
L124669,Trametinib,1,0.00015411,0,0.0,275,0.19628837,1127,False,observed_zero,True,8091,Naive1,L124669,3
L125192,Acid,1,0.00015411,0,0.0,666,0.47537473,736,False,observed_zero,True,7246,Naive3,L125192,1
L125192,Cisplatin,1,0.00015411,1,0.00014674,110,0.07851535,163,True,observed_nonzero,True,6815,Naive3,L125192,1
L125192,CoCl2,1,0.00015411,0,0.0,320,0.22840828,1082,False,observed_zero,True,5134,Naive3,L125192,1
L125192,Dabrafenib,1,0.00015411,0,0.0,322,0.22983583,1080,False,observed_zero,True,6164,Naive3,L125192,1
L125192,Doxorubicin,1,0.00015411,0,0.0,406,0.289793,996,False,observed_zero,True,2832,Naive3,L125192,1
L125192,Trametinib,1,0.00015411,0,0.0,275,0.19628837,1127,False,observed_zero,True,8091,Naive3,L125192,1
L125495,Acid,1,0.00015411,0,0.0,666,0.47537473,736,False,observed_zero,True,7246,Naive1,L125495,3
L125495,Cisplatin,1,0.00015411,0,0.0,273,0.19486081,1129,False,observed_zero,True,6815,Naive1,L125495,3
L125495,CoCl2,1,0.00015411,0,0.0,320,0.22840828,1082,False,observed_zero,True,5134,Naive1,L125495,3
L125495,Dabrafenib,1,0.00015411,0,0.0,322,0.22983583,1080,False,observed_zero,True,6164,Naive1,L125495,3
L125495,Doxorubicin,1,0.00015411,0,0.0,406,0.289793,996,False,observed_zero,True,2832,Naive1,L125495,3
L125495,Trametinib,1,0.00015411,0,0.0,275,0.19628837,1127,False,observed_zero,True,8091,Naive1,L125495,3
L126049,Acid,1,0.00015411,0,0.0,666,0.47537473,736,False,observed_zero,True,7246,Naive3,L126049,3
L126049,Cisplatin,1,0.00015411,0,0.0,273,0.19486081,1129,False,observed_zero,True,6815,Naive3,L126049,3
L126049,CoCl2,1,0.00015411,0,0.0,320,0.22840828,1082,False,observed_zero,True,5134,Naive3,L126049,3
L126049,Dabrafenib,1,0.00015411,0,0.0,322,0.22983583,1080,False,observed_zero,True,6164,Naive3,L126049,3
L126049,Doxorubicin,1,0.00015411,0,0.0,406,0.289793,996,False,observed_zero,True,2832,Naive3,L126049,3
L126049,Trametinib,1,0.00015411,0,0.0,275,0.19628837,1127,False,observed_zero,True,8091,Naive3,L126049,3
L126247,Acid,6,0.00092464,4,0.00055203,267,0.19057816,51,True,observed_nonzero,True,7246,Naive1|Naive2|Naive3,L126247,1
L126247,Cisplatin,6,0.00092464,0,0.0,273,0.19486081,1129,False,observed_zero,True,6815,Naive1|Naive2|Naive3,L126247,1
L126247,CoCl2,6,0.00092464,1,0.00019478,179,0.12776588,141,True,observed_nonzero,True,5134,Naive1|Naive2|Naive3,L126247,1
L126247,Dabrafenib,6,0.00092464,0,0.0,322,0.22983583,1080,False,observed_zero,True,6164,Naive1|Naive2|Naive3,L126247,1
L126247,Doxorubicin,6,0.00092464,4,0.00141243,70,0.04996431,26,True,observed_nonzero,True,2832,Naive1|Naive2|Naive3,L126247,1
L126247,Trametinib,6,0.00092464,3,0.00037078,100,0.07137759,24,True,observed_nonzero,True,8091,Naive1|Naive2|Naive3,L126247,1
L126445,Acid,4,0.00061643,4,0.00055203,267,0.19057816,51,True,observed_nonzero,True,7246,Naive3,L126445,4
L126445,Cisplatin,4,0.00061643,0,0.0,273,0.19486081,1129,False,observed_zero,True,6815,Naive3,L126445,4
L126445,CoCl2,4,0.00061643,0,0.0,320,0.22840828,1082,False,observed_zero,True,5134,Naive3,L126445,4
L126445,Dabrafenib,4,0.00061643,0,0.0,322,0.22983583,1080,False,observed_zero,True,6164,Naive3,L126445,4
L126445,Doxorubicin,4,0.00061643,0,0.0,406,0.289793,996,False,observed_zero,True,2832,Naive3,L126445,4
L126445,Trametinib,4,0.00061643,0,0.0,275,0.19628837,1127,False,observed_zero,True,8091,Naive3,L126445,4
L126645,Acid,1,0.00015411,0,0.0,666,0.47537473,736,False,observed_zero,True,7246,Naive1,L126645,4
L126645,Cisplatin,1,0.00015411,0,0.0,273,0.19486081,1129,False,observed_zero,True,6815,Naive1,L126645,4
L126645,CoCl2,1,0.00015411,0,0.0,320,0.22840828,1082,False,observed_zero,True,5134,Naive1,L126645,4
L126645,Dabrafenib,1,0.00015411,0,0.0,322,0.22983583,1080,False,observed_zero,True,6164,Naive1,L126645,4
L126645,Doxorubicin,1,0.00015411,0,0.0,406,0.289793,996,False,observed_zero,True,2832,Naive1,L126645,4
L126645,Trametinib,1,0.00015411,0,0.0,275,0.19628837,1127,False,observed_zero,True,8091,Naive1,L126645,4
L126735,Acid,6,0.00092464,1,0.00013801,487,0.34760885,179,True,observed_nonzero,True,7246,Naive2|Naive3,L126735,1
L126735,Cisplatin,6,0.00092464,0,0.0,273,0.19486081,1129,False,observed_zero,True,6815,Naive2|Naive3,L126735,1
L126735,CoCl2,6,0.00092464,10,0.0019478,19,0.01356174,5,True,observed_nonzero,True,5134,Naive2|Naive3,L126735,1
L126735,Dabrafenib,6,0.00092464,4,0.00064893,100,0.07137759,13,True,observed_nonzero,True,6164,Naive2|Naive3,L126735,1
L126735,Doxorubicin,6,0.00092464,0,0.0,406,0.289793,996,False,observed_zero,True,2832,Naive2|Naive3,L126735,1
L126735,Trametinib,6,0.00092464,0,0.0,275,0.19628837,1127,False,observed_zero,True,8091,Naive2|Naive3,L126735,1
L126892,Acid,2,0.00030821,0,0.0,666,0.47537473,736,False,observed_zero,True,7246,Naive3,L126892,0
L126892,Cisplatin,2,0.00030821,0,0.0,273,0.19486081,1129,False,observed_zero,True,6815,Naive3,L126892,0
L126892,CoCl2,2,0.00030821,0,0.0,320,0.22840828,1082,False,observed_zero,True,5134,Naive3,L126892,0
L126892,Dabrafenib,2,0.00030821,0,0.0,322,0.22983583,1080,False,observed_zero,True,6164,Naive3,L126892,0
L126892,Doxorubicin,2,0.00030821,0,0.0,406,0.289793,996,False,observed_zero,True,2832,Naive3,L126892,0
L126892,Trametinib,2,0.00030821,0,0.0,275,0.19628837,1127,False,observed_zero,True,8091,Naive3,L126892,0
L126909,Acid,1,0.00015411,0,0.0,666,0.47537473,736,False,observed_zero,True,7246,Naive3,L126909,3
L126909,Cisplatin,1,0.00015411,0,0.0,273,0.19486081,1129,False,observed_zero,True,6815,Naive3,L126909,3
L126909,CoCl2,1,0.00015411,0,0.0,320,0.22840828,1082,False,observed_zero,True,5134,Naive3,L126909,3
L126909,Dabrafenib,1,0.00015411,0,0.0,322,0.22983583,1080,False,observed_zero,True,6164,Naive3,L126909,3
L126909,Doxorubicin,1,0.00015411,0,0.0,406,0.289793,996,False,observed_zero,True,2832,Naive3,L126909,3
L126909,Trametinib,1,0.00015411,0,0.0,275,0.19628837,1127,False,observed_zero,True,8091,Naive3,L126909,3
L127213,Acid,2,0.00030821,0,0.0,666,0.47537473,736,False,observed_zero,True,7246,Naive3,L127213,0
L127213,Cisplatin,2,0.00030821,0,0.0,273,0.19486081,1129,False,observed_zero,True,6815,Naive3,L127213,0
L127213,CoCl2,2,0.00030821,0,0.0,320,0.22840828,1082,False,observed_zero,True,5134,Naive3,L127213,0
L127213,Dabrafenib,2,0.00030821,0,0.0,322,0.22983583,1080,False,observed_zero,True,6164,Naive3,L127213,0
L127213,Doxorubicin,2,0.00030821,0,0.0,406,0.289793,996,False,observed_zero,True,2832,Naive3,L127213,0
L127213,Trametinib,2,0.00030821,0,0.0,275,0.19628837,1127,False,observed_zero,True,8091,Naive3,L127213,0
L127323,Acid,2,0.00030821,11,0.00151808,136,0.09707352,13,True,observed_nonzero,True,7246,Naive1|Naive2,L127323,0
L127323,Cisplatin,2,0.00030821,0,0.0,273,0.19486081,1129,False,observed_zero,True,6815,Naive1|Naive2,L127323,0
L127323,CoCl2,2,0.00030821,0,0.0,320,0.22840828,1082,False,observed_zero,True,5134,Naive1|Naive2,L127323,0
L127323,Dabrafenib,2,0.00030821,6,0.00097339,80,0.05710207,11,True,observed_nonzero,True,6164,Naive1|Naive2,L127323,0
L127323,Doxorubicin,2,0.00030821,1,0.00035311,218,0.15560314,188,True,observed_nonzero,True,2832,Naive1|Naive2,L127323,0
L127323,Trametinib,2,0.00030821,11,0.00135954,46,0.03283369,4,True,observed_nonzero,True,8091,Naive1|Naive2,L127323,0
L127688,Acid,3,0.00046232,0,0.0,666,0.47537473,736,False,observed_zero,True,7246,Naive2|Naive3,L127688,1
L127688,Cisplatin,3,0.00046232,0,0.0,273,0.19486081,1129,False,observed_zero,True,6815,Naive2|Naive3,L127688,1
L127688,CoCl2,3,0.00046232,0,0.0,320,0.22840828,1082,False,observed_zero,True,5134,Naive2|Naive3,L127688,1
L127688,Dabrafenib,3,0.00046232,0,0.0,322,0.22983583,1080,False,observed_zero,True,6164,Naive2|Naive3,L127688,1
L127688,Doxorubicin,3,0.00046232,0,0.0,406,0.289793,996,False,observed_zero,True,2832,Naive2|Naive3,L127688,1
L127688,Trametinib,3,0.00046232,0,0.0,275,0.19628837,1127,False,observed_zero,True,8091,Naive2|Naive3,L127688,1
L128433,Acid,1,0.00015411,0,0.0,666,0.47537473,736,False,observed_zero,True,7246,Naive2,L128433,0
L128433,Cisplatin,1,0.00015411,0,0.0,273,0.19486081,1129,False,observed_zero,True,6815,Naive2,L128433,0
L128433,CoCl2,1,0.00015411,0,0.0,320,0.22840828,1082,False,observed_zero,True,5134,Naive2,L128433,0
L128433,Dabrafenib,1,0.00015411,22,0.00356911,30,0.02141328,2,True,observed_nonzero,True,6164,Naive2,L128433,0
L128433,Doxorubicin,1,0.00015411,0,0.0,406,0.289793,996,False,observed_zero,True,2832,Naive2,L128433,0
L128433,Trametinib,1,0.00015411,8,0.00098875,64,0.04568166,3,True,observed_nonzero,True,8091,Naive2,L128433,0
L128570,Acid,2,0.00030821,0,0.0,666,0.47537473,736,False,observed_zero,True,7246,Naive2|Naive3,L128570,1
L128570,Cisplatin,2,0.00030821,1,0.00014674,110,0.07851535,163,True,observed_nonzero,True,6815,Naive2|Naive3,L128570,1
L128570,CoCl2,2,0.00030821,0,0.0,320,0.22840828,1082,False,observed_zero,True,5134,Naive2|Naive3,L128570,1
L128570,Dabrafenib,2,0.00030821,0,0.0,322,0.22983583,1080,False,observed_zero,True,6164,Naive2|Naive3,L128570,1
L128570,Doxorubicin,2,0.00030821,0,0.0,406,0.289793,996,False,observed_zero,True,2832,Naive2|Naive3,L128570,1
L128570,Trametinib,2,0.00030821,1,0.00012359,161,0.11491792,114,True,observed_nonzero,True,8091,Naive2|Naive3,L128570,1
L128910,Acid,1,0.00015411,0,0.0,666,0.47537473,736,False,observed_zero,True,7246,Naive2,L128910,2
L128910,Cisplatin,1,0.00015411,0,0.0,273,0.19486081,1129,False,observed_zero,True,6815,Naive2,L128910,2
L128910,CoCl2,1,0.00015411,0,0.0,320,0.22840828,1082,False,observed_zero,True,5134,Naive2,L128910,2
L128910,Dabrafenib,1,0.00015411,0,0.0,322,0.22983583,1080,False,observed_zero,True,6164,Naive2,L128910,2
L128910,Doxorubicin,1,0.00015411,0,0.0,406,0.289793,996,False,observed_zero,True,2832,Naive2,L128910,2
L128910,Trametinib,1,0.00015411,0,0.0,275,0.19628837,1127,False,observed_zero,True,8091,Naive2,L128910,2
L12904,Acid,13,0.00200339,1,0.00013801,487,0.34760885,179,True,observed_nonzero,True,7246,Naive1|Naive2|Naive3,L12904,3
L12904,Cisplatin,13,0.00200339,0,0.0,273,0.19486081,1129,False,observed_zero,True,6815,Naive1|Naive2|Naive3,L12904,3
L12904,CoCl2,13,0.00200339,1,0.00019478,179,0.12776588,141,True,observed_nonzero,True,5134,Naive1|Naive2|Naive3,L12904,3
L12904,Dabrafenib,13,0.00200339,0,0.0,322,0.22983583,1080,False,observed_zero,True,6164,Naive1|Naive2|Naive3,L12904,3
L12904,Doxorubicin,13,0.00200339,1,0.00035311,218,0.15560314,188,True,observed_nonzero,True,2832,Naive1|Naive2|Naive3,L12904,3
L12904,Trametinib,13,0.00200339,0,0.0,275,0.19628837,1127,False,observed_zero,True,8091,Naive1|Naive2|Naive3,L12904,3
L129056,Acid,8,0.00123286,0,0.0,666,0.47537473,736,False,observed_zero,True,7246,Naive1|Naive3,L129056,3
L129056,Cisplatin,8,0.00123286,0,0.0,273,0.19486081,1129,False,observed_zero,True,6815,Naive1|Naive3,L129056,3
L129056,CoCl2,8,0.00123286,0,0.0,320,0.22840828,1082,False,observed_zero,True,5134,Naive1|Naive3,L129056,3
L129056,Dabrafenib,8,0.00123286,0,0.0,322,0.22983583,1080,False,observed_zero,True,6164,Naive1|Naive3,L129056,3
L129056,Doxorubicin,8,0.00123286,0,0.0,406,0.289793,996,False,observed_zero,True,2832,Naive1|Naive3,L129056,3
L129056,Trametinib,8,0.00123286,0,0.0,275,0.19628837,1127,False,observed_zero,True,8091,Naive1|Naive3,L129056,3
L12916,Acid,1,0.00015411,0,0.0,666,0.47537473,736,False,observed_zero,True,7246,Naive3,L12916,0
L12916,Cisplatin,1,0.00015411,0,0.0,273,0.19486081,1129,False,observed_zero,True,6815,Naive3,L12916,0
L12916,CoCl2,1,0.00015411,0,0.0,320,0.22840828,1082,False,observed_zero,True,5134,Naive3,L12916,0
L12916,Dabrafenib,1,0.00015411,0,0.0,322,0.22983583,1080,False,observed_zero,True,6164,Naive3,L12916,0
L12916,Doxorubicin,1,0.00015411,0,0.0,406,0.289793,996,False,observed_zero,True,2832,Naive3,L12916,0
L12916,Trametinib,1,0.00015411,0,0.0,275,0.19628837,1127,False,observed_zero,True,8091,Naive3,L12916,0
L129163,Acid,2,0.00030821,0,0.0,666,0.47537473,736,False,observed_zero,True,7246,Naive1|Naive3,L129163,3
L129163,Cisplatin,2,0.00030821,0,0.0,273,0.19486081,1129,False,observed_zero,True,6815,Naive1|Naive3,L129163,3
L129163,CoCl2,2,0.00030821,0,0.0,320,0.22840828,1082,False,observed_zero,True,5134,Naive1|Naive3,L129163,3
L129163,Dabrafenib,2,0.00030821,0,0.0,322,0.22983583,1080,False,observed_zero,True,6164,Naive1|Naive3,L129163,3
L129163,Doxorubicin,2,0.00030821,2,0.00070621,135,0.09635974,83,True,observed_nonzero,True,2832,Naive1|Naive3,L129163,3
L129163,Trametinib,2,0.00030821,0,0.0,275,0.19628837,1127,False,observed_zero,True,8091,Naive1|Naive3,L129163,3
L129221,Acid,1,0.00015411,2,0.00027601,380,0.27123483,107,True,observed_nonzero,True,7246,Naive3,L129221,3
L129221,Cisplatin,1,0.00015411,0,0.0,273,0.19486081,1129,False,observed_zero,True,6815,Naive3,L129221,3
L129221,CoCl2,1,0.00015411,3,0.00058434,80,0.05710207,30,True,observed_nonzero,True,5134,Naive3,L129221,3
L129221,Dabrafenib,1,0.00015411,0,0.0,322,0.22983583,1080,False,observed_zero,True,6164,Naive3,L129221,3
L129221,Doxorubicin,1,0.00015411,0,0.0,406,0.289793,996,False,observed_zero,True,2832,Naive3,L129221,3
L129221,Trametinib,1,0.00015411,0,0.0,275,0.19628837,1127,False,observed_zero,True,8091,Naive3,L129221,3
L129285,Acid,2,0.00030821,0,0.0,666,0.47537473,736,False,observed_zero,True,7246,Naive2|Naive3,L129285,2
L129285,Cisplatin,2,0.00030821,0,0.0,273,0.19486081,1129,False,observed_zero,True,6815,Naive2|Naive3,L129285,2
L129285,CoCl2,2,0.00030821,0,0.0,320,0.22840828,1082,False,observed_zero,True,5134,Naive2|Naive3,L129285,2
L129285,Dabrafenib,2,0.00030821,0,0.0,322,0.22983583,1080,False,observed_zero,True,6164,Naive2|Naive3,L129285,2
L129285,Doxorubicin,2,0.00030821,0,0.0,406,0.289793,996,False,observed_zero,True,2832,Naive2|Naive3,L129285,2
L129285,Trametinib,2,0.00030821,0,0.0,275,0.19628837,1127,False,observed_zero,True,8091,Naive2|Naive3,L129285,2
L129541,Acid,2,0.00030821,0,0.0,666,0.47537473,736,False,observed_zero,True,7246,Naive1|Naive3,L129541,2
L129541,Cisplatin,2,0.00030821,0,0.0,273,0.19486081,1129,False,observed_zero,True,6815,Naive1|Naive3,L129541,2
L129541,CoCl2,2,0.00030821,0,0.0,320,0.22840828,1082,False,observed_zero,True,5134,Naive1|Naive3,L129541,2
L129541,Dabrafenib,2,0.00030821,0,0.0,322,0.22983583,1080,False,observed_zero,True,6164,Naive1|Naive3,L129541,2
L129541,Doxorubicin,2,0.00030821,1,0.00035311,218,0.15560314,188,True,observed_nonzero,True,2832,Naive1|Naive3,L129541,2
L129541,Trametinib,2,0.00030821,0,0.0,275,0.19628837,1127,False,observed_zero,True,8091,Naive1|Naive3,L129541,2
L12989,Acid,15,0.0023116,24,0.00331217,59,0.04211278,5,True,observed_nonzero,True,7246,Naive1|Naive2|Naive3,L12989,3
L12989,Cisplatin,15,0.0023116,4,0.00058694,23,0.01641685,14,True,observed_nonzero,True,6815,Naive1|Naive2|Naive3,L12989,3
L12989,CoCl2,15,0.0023116,6,0.00116868,36,0.02569593,11,True,observed_nonzero,True,5134,Naive1|Naive2|Naive3,L12989,3
L12989,Dabrafenib,15,0.0023116,3,0.0004867,113,0.08065667,22,True,observed_nonzero,True,6164,Naive1|Naive2|Naive3,L12989,3
L12989,Doxorubicin,15,0.0023116,13,0.0045904,15,0.01070664,4,True,observed_nonzero,True,2832,Naive1|Naive2|Naive3,L12989,3
L12989,Trametinib,15,0.0023116,4,0.00049438,91,0.0649536,9,True,observed_nonzero,True,8091,Naive1|Naive2|Naive3,L12989,3
L129963,Acid,1,0.00015411,0,0.0,666,0.47537473,736,False,observed_zero,True,7246,Naive2,L129963,0
L129963,Cisplatin,1,0.00015411,0,0.0,273,0.19486081,1129,False,observed_zero,True,6815,Naive2,L129963,0
L129963,CoCl2,1,0.00015411,0,0.0,320,0.22840828,1082,False,observed_zero,True,5134,Naive2,L129963,0
L129963,Dabrafenib,1,0.00015411,0,0.0,322,0.22983583,1080,False,observed_zero,True,6164,Naive2,L129963,0
L129963,Doxorubicin,1,0.00015411,0,0.0,406,0.289793,996,False,observed_zero,True,2832,Naive2,L129963,0
L129963,Trametinib,1,0.00015411,0,0.0,275,0.19628837,1127,False,observed_zero,True,8091,Naive2,L129963,0
L129976,Acid,1,0.00015411,0,0.0,666,0.47537473,736,False,observed_zero,True,7246,Naive1,L129976,2
L129976,Cisplatin,1,0.00015411,0,0.0,273,0.19486081,1129,False,observed_zero,True,6815,Naive1,L129976,2
L129976,CoCl2,1,0.00015411,0,0.0,320,0.22840828,1082,False,observed_zero,True,5134,Naive1,L129976,2
L129976,Dabrafenib,1,0.00015411,0,0.0,322,0.22983583,1080,False,observed_zero,True,6164,Naive1,L129976,2
L129976,Doxorubicin,1,0.00015411,1,0.00035311,218,0.15560314,188,True,observed_nonzero,True,2832,Naive1,L129976,2
L129976,Trametinib,1,0.00015411,0,0.0,275,0.19628837,1127,False,observed_zero,True,8091,Naive1,L129976,2
L130314,Acid,2,0.00030821,2,0.00027601,380,0.27123483,107,True,observed_nonzero,True,7246,Naive3,L130314,4
L130314,Cisplatin,2,0.00030821,1,0.00014674,110,0.07851535,163,True,observed_nonzero,True,6815,Naive3,L130314,4
L130314,CoCl2,2,0.00030821,3,0.00058434,80,0.05710207,30,True,observed_nonzero,True,5134,Naive3,L130314,4
L130314,Dabrafenib,2,0.00030821,0,0.0,322,0.22983583,1080,False,observed_zero,True,6164,Naive3,L130314,4
L130314,Doxorubicin,2,0.00030821,0,0.0,406,0.289793,996,False,observed_zero,True,2832,Naive3,L130314,4
L130314,Trametinib,2,0.00030821,0,0.0,275,0.19628837,1127,False,observed_zero,True,8091,Naive3,L130314,4
L130334,Acid,13,0.00200339,22,0.00303616,66,0.04710921,4,True,observed_nonzero,True,7246,Naive1|Naive2|Naive3,L130334,2
L130334,Cisplatin,13,0.00200339,1,0.00014674,110,0.07851535,163,True,observed_nonzero,True,6815,Naive1|Naive2|Naive3,L130334,2
L130334,CoCl2,13,0.00200339,12,0.00233736,15,0.01070664,1,True,observed_nonzero,True,5134,Naive1|Naive2|Naive3,L130334,2
L130334,Dabrafenib,13,0.00200339,6,0.00097339,80,0.05710207,11,True,observed_nonzero,True,6164,Naive1|Naive2|Naive3,L130334,2
L130334,Doxorubicin,13,0.00200339,0,0.0,406,0.289793,996,False,observed_zero,True,2832,Naive1|Naive2|Naive3,L130334,2
L130334,Trametinib,13,0.00200339,6,0.00074156,76,0.05424697,9,True,observed_nonzero,True,8091,Naive1|Naive2|Naive3,L130334,2
L130771,Acid,2,0.00030821,0,0.0,666,0.47537473,736,False,observed_zero,True,7246,Naive3,L130771,2
L130771,Cisplatin,2,0.00030821,0,0.0,273,0.19486081,1129,False,observed_zero,True,6815,Naive3,L130771,2
L130771,CoCl2,2,0.00030821,0,0.0,320,0.22840828,1082,False,observed_zero,True,5134,Naive3,L130771,2
L130771,Dabrafenib,2,0.00030821,0,0.0,322,0.22983583,1080,False,observed_zero,True,6164,Naive3,L130771,2
L130771,Doxorubicin,2,0.00030821,0,0.0,406,0.289793,996,False,observed_zero,True,2832,Naive3,L130771,2
L130771,Trametinib,2,0.00030821,0,0.0,275,0.19628837,1127,False,observed_zero,True,8091,Naive3,L130771,2
L131040,Acid,1,0.00015411,0,0.0,666,0.47537473,736,False,observed_zero,True,7246,Naive3,L131040,1
L131040,Cisplatin,1,0.00015411,0,0.0,273,0.19486081,1129,False,observed_zero,True,6815,Naive3,L131040,1
L131040,CoCl2,1,0.00015411,0,0.0,320,0.22840828,1082,False,observed_zero,True,5134,Naive3,L131040,1
L131040,Dabrafenib,1,0.00015411,0,0.0,322,0.22983583,1080,False,observed_zero,True,6164,Naive3,L131040,1
L131040,Doxorubicin,1,0.00015411,0,0.0,406,0.289793,996,False,observed_zero,True,2832,Naive3,L131040,1
L131040,Trametinib,1,0.00015411,0,0.0,275,0.19628837,1127,False,observed_zero,True,8091,Naive3,L131040,1
L131195,Acid,1,0.00015411,1,0.00013801,487,0.34760885,179,True,observed_nonzero,True,7246,Naive3,L131195,3
L131195,Cisplatin,1,0.00015411,0,0.0,273,0.19486081,1129,False,observed_zero,True,6815,Naive3,L131195,3
L131195,CoCl2,1,0.00015411,0,0.0,320,0.22840828,1082,False,observed_zero,True,5134,Naive3,L131195,3
L131195,Dabrafenib,1,0.00015411,0,0.0,322,0.22983583,1080,False,observed_zero,True,6164,Naive3,L131195,3
L131195,Doxorubicin,1,0.00015411,0,0.0,406,0.289793,996,False,observed_zero,True,2832,Naive3,L131195,3
L131195,Trametinib,1,0.00015411,0,0.0,275,0.19628837,1127,False,observed_zero,True,8091,Naive3,L131195,3
L131755,Acid,8,0.00123286,1,0.00013801,487,0.34760885,179,True,observed_nonzero,True,7246,Naive1|Naive2|Naive3,L131755,3
L131755,Cisplatin,8,0.00123286,0,0.0,273,0.19486081,1129,False,observed_zero,True,6815,Naive1|Naive2|Naive3,L131755,3
L131755,CoCl2,8,0.00123286,0,0.0,320,0.22840828,1082,False,observed_zero,True,5134,Naive1|Naive2|Naive3,L131755,3
L131755,Dabrafenib,8,0.00123286,0,0.0,322,0.22983583,1080,False,observed_zero,True,6164,Naive1|Naive2|Naive3,L131755,3
L131755,Doxorubicin,8,0.00123286,0,0.0,406,0.289793,996,False,observed_zero,True,2832,Naive1|Naive2|Naive3,L131755,3
L131755,Trametinib,8,0.00123286,0,0.0,275,0.19628837,1127,False,observed_zero,True,8091,Naive1|Naive2|Naive3,L131755,3
L131897,Acid,13,0.00200339,11,0.00151808,136,0.09707352,13,True,observed_nonzero,True,7246,Naive1|Naive2|Naive3,L131897,4
L131897,Cisplatin,13,0.00200339,5,0.00073368,18,0.01284797,5,True,observed_nonzero,True,6815,Naive1|Naive2|Naive3,L131897,4
L131897,CoCl2,13,0.00200339,0,0.0,320,0.22840828,1082,False,observed_zero,True,5134,Naive1|Naive2|Naive3,L131897,4
L131897,Dabrafenib,13,0.00200339,0,0.0,322,0.22983583,1080,False,observed_zero,True,6164,Naive1|Naive2|Naive3,L131897,4
L131897,Doxorubicin,13,0.00200339,2,0.00070621,135,0.09635974,83,True,observed_nonzero,True,2832,Naive1|Naive2|Naive3,L131897,4
L131897,Trametinib,13,0.00200339,0,0.0,275,0.19628837,1127,False,observed_zero,True,8091,Naive1|Naive2|Naive3,L131897,4
L132063,Acid,6,0.00092464,0,0.0,666,0.47537473,736,False,observed_zero,True,7246,Naive1|Naive2|Naive3,L132063,2
L132063,Cisplatin,6,0.00092464,1,0.00014674,110,0.07851535,163,True,observed_nonzero,True,6815,Naive1|Naive2|Naive3,L132063,2
L132063,CoCl2,6,0.00092464,0,0.0,320,0.22840828,1082,False,observed_zero,True,5134,Naive1|Naive2|Naive3,L132063,2
L132063,Dabrafenib,6,0.00092464,0,0.0,322,0.22983583,1080,False,observed_zero,True,6164,Naive1|Naive2|Naive3,L132063,2
L132063,Doxorubicin,6,0.00092464,0,0.0,406,0.289793,996,False,observed_zero,True,2832,Naive1|Naive2|Naive3,L132063,2
L132063,Trametinib,6,0.00092464,0,0.0,275,0.19628837,1127,False,observed_zero,True,8091,Naive1|Naive2|Naive3,L132063,2
L132173,Acid,4,0.00061643,0,0.0,666,0.47537473,736,False,observed_zero,True,7246,Naive2|Naive3,L132173,1
L132173,Cisplatin,4,0.00061643,0,0.0,273,0.19486081,1129,False,observed_zero,True,6815,Naive2|Naive3,L132173,1
L132173,CoCl2,4,0.00061643,0,0.0,320,0.22840828,1082,False,observed_zero,True,5134,Naive2|Naive3,L132173,1
L132173,Dabrafenib,4,0.00061643,2,0.00032446,135,0.09635974,47,True,observed_nonzero,True,6164,Naive2|Naive3,L132173,1
L132173,Doxorubicin,4,0.00061643,0,0.0,406,0.289793,996,False,observed_zero,True,2832,Naive2|Naive3,L132173,1
L132173,Trametinib,4,0.00061643,0,0.0,275,0.19628837,1127,False,observed_zero,True,8091,Naive2|Naive3,L132173,1
L132236,Acid,1,0.00015411,0,0.0,666,0.47537473,736,False,observed_zero,True,7246,Naive3,L132236,4
L132236,Cisplatin,1,0.00015411,1,0.00014674,110,0.07851535,163,True,observed_nonzero,True,6815,Naive3,L132236,4
L132236,CoCl2,1,0.00015411,0,0.0,320,0.22840828,1082,False,observed_zero,True,5134,Naive3,L132236,4
L132236,Dabrafenib,1,0.00015411,0,0.0,322,0.22983583,1080,False,observed_zero,True,6164,Naive3,L132236,4
L132236,Doxorubicin,1,0.00015411,0,0.0,406,0.289793,996,False,observed_zero,True,2832,Naive3,L132236,4
L132236,Trametinib,1,0.00015411,0,0.0,275,0.19628837,1127,False,observed_zero,True,8091,Naive3,L132236,4
L1323,Acid,1,0.00015411,0,0.0,666,0.47537473,736,False,observed_zero,True,7246,Naive3,L1323,2
L1323,Cisplatin,1,0.00015411,0,0.0,273,0.19486081,1129,False,observed_zero,True,6815,Naive3,L1323,2
L1323,CoCl2,1,0.00015411,0,0.0,320,0.22840828,1082,False,observed_zero,True,5134,Naive3,L1323,2
L1323,Dabrafenib,1,0.00015411,0,0.0,322,0.22983583,1080,False,observed_zero,True,6164,Naive3,L1323,2
L1323,Doxorubicin,1,0.00015411,0,0.0,406,0.289793,996,False,observed_zero,True,2832,Naive3,L1323,2
L1323,Trametinib,1,0.00015411,0,0.0,275,0.19628837,1127,False,observed_zero,True,8091,Naive3,L1323,2
L132329,Acid,2,0.00030821,3,0.00041402,318,0.22698073,62,True,observed_nonzero,True,7246,Naive2|Naive3,L132329,4
L132329,Cisplatin,2,0.00030821,0,0.0,273,0.19486081,1129,False,observed_zero,True,6815,Naive2|Naive3,L132329,4
L132329,CoCl2,2,0.00030821,0,0.0,320,0.22840828,1082,False,observed_zero,True,5134,Naive2|Naive3,L132329,4
L132329,Dabrafenib,2,0.00030821,0,0.0,322,0.22983583,1080,False,observed_zero,True,6164,Naive2|Naive3,L132329,4
L132329,Doxorubicin,2,0.00030821,0,0.0,406,0.289793,996,False,observed_zero,True,2832,Naive2|Naive3,L132329,4
L132329,Trametinib,2,0.00030821,0,0.0,275,0.19628837,1127,False,observed_zero,True,8091,Naive2|Naive3,L132329,4
L132364,Acid,1,0.00015411,0,0.0,666,0.47537473,736,False,observed_zero,True,7246,Naive3,L132364,0
L132364,Cisplatin,1,0.00015411,0,0.0,273,0.19486081,1129,False,observed_zero,True,6815,Naive3,L132364,0
L132364,CoCl2,1,0.00015411,0,0.0,320,0.22840828,1082,False,observed_zero,True,5134,Naive3,L132364,0
L132364,Dabrafenib,1,0.00015411,0,0.0,322,0.22983583,1080,False,observed_zero,True,6164,Naive3,L132364,0
L132364,Doxorubicin,1,0.00015411,0,0.0,406,0.289793,996,False,observed_zero,True,2832,Naive3,L132364,0
L132364,Trametinib,1,0.00015411,0,0.0,275,0.19628837,1127,False,observed_zero,True,8091,Naive3,L132364,0
L132385,Acid,1,0.00015411,0,0.0,666,0.47537473,736,False,observed_zero,True,7246,Naive2,L132385,3
L132385,Cisplatin,1,0.00015411,0,0.0,273,0.19486081,1129,False,observed_zero,True,6815,Naive2,L132385,3
L132385,CoCl2,1,0.00015411,1,0.00019478,179,0.12776588,141,True,observed_nonzero,True,5134,Naive2,L132385,3
L132385,Dabrafenib,1,0.00015411,0,0.0,322,0.22983583,1080,False,observed_zero,True,6164,Naive2,L132385,3
L132385,Doxorubicin,1,0.00015411,0,0.0,406,0.289793,996,False,observed_zero,True,2832,Naive2,L132385,3
L132385,Trametinib,1,0.00015411,0,0.0,275,0.19628837,1127,False,observed_zero,True,8091,Naive2,L132385,3
L132506,Acid,2,0.00030821,0,0.0,666,0.47537473,736,False,observed_zero,True,7246,Naive1|Naive2,L132506,1
L132506,Cisplatin,2,0.00030821,0,0.0,273,0.19486081,1129,False,observed_zero,True,6815,Naive1|Naive2,L132506,1
L132506,CoCl2,2,0.00030821,0,0.0,320,0.22840828,1082,False,observed_zero,True,5134,Naive1|Naive2,L132506,1
L132506,Dabrafenib,2,0.00030821,16,0.00259572,38,0.02712348,4,True,observed_nonzero,True,6164,Naive1|Naive2,L132506,1
L132506,Doxorubicin,2,0.00030821,0,0.0,406,0.289793,996,False,observed_zero,True,2832,Naive1|Naive2,L132506,1
L132506,Trametinib,2,0.00030821,12,0.00148313,42,0.02997859,4,True,observed_nonzero,True,8091,Naive1|Naive2,L132506,1
L132926,Acid,1,0.00015411,0,0.0,666,0.47537473,736,False,observed_zero,True,7246,Naive3,L132926,1
L132926,Cisplatin,1,0.00015411,0,0.0,273,0.19486081,1129,False,observed_zero,True,6815,Naive3,L132926,1
L132926,CoCl2,1,0.00015411,0,0.0,320,0.22840828,1082,False,observed_zero,True,5134,Naive3,L132926,1
L132926,Dabrafenib,1,0.00015411,0,0.0,322,0.22983583,1080,False,observed_zero,True,6164,Naive3,L132926,1
L132926,Doxorubicin,1,0.00015411,0,0.0,406,0.289793,996,False,observed_zero,True,2832,Naive3,L132926,1
L132926,Trametinib,1,0.00015411,0,0.0,275,0.19628837,1127,False,observed_zero,True,8091,Naive3,L132926,1
L133025,Acid,1,0.00015411,0,0.0,666,0.47537473,736,False,observed_zero,True,7246,Naive2,L133025,1
L133025,Cisplatin,1,0.00015411,0,0.0,273,0.19486081,1129,False,observed_zero,True,6815,Naive2,L133025,1
L133025,CoCl2,1,0.00015411,0,0.0,320,0.22840828,1082,False,observed_zero,True,5134,Naive2,L133025,1
L133025,Dabrafenib,1,0.00015411,0,0.0,322,0.22983583,1080,False,observed_zero,True,6164,Naive2,L133025,1
L133025,Doxorubicin,1,0.00015411,0,0.0,406,0.289793,996,False,observed_zero,True,2832,Naive2,L133025,1
L133025,Trametinib,1,0.00015411,0,0.0,275,0.19628837,1127,False,observed_zero,True,8091,Naive2,L133025,1
L133077,Acid,1,0.00015411,3,0.00041402,318,0.22698073,62,True,observed_nonzero,True,7246,Naive2,L133077,1
L133077,Cisplatin,1,0.00015411,1,0.00014674,110,0.07851535,163,True,observed_nonzero,True,6815,Naive2,L133077,1
L133077,CoCl2,1,0.00015411,0,0.0,320,0.22840828,1082,False,observed_zero,True,5134,Naive2,L133077,1
L133077,Dabrafenib,1,0.00015411,1,0.00016223,182,0.12990721,140,True,observed_nonzero,True,6164,Naive2,L133077,1
L133077,Doxorubicin,1,0.00015411,0,0.0,406,0.289793,996,False,observed_zero,True,2832,Naive2,L133077,1
L133077,Trametinib,1,0.00015411,0,0.0,275,0.19628837,1127,False,observed_zero,True,8091,Naive2,L133077,1
L133458,Acid,2,0.00030821,1,0.00013801,487,0.34760885,179,True,observed_nonzero,True,7246,Naive3,L133458,3
L133458,Cisplatin,2,0.00030821,1,0.00014674,110,0.07851535,163,True,observed_nonzero,True,6815,Naive3,L133458,3
L133458,CoCl2,2,0.00030821,0,0.0,320,0.22840828,1082,False,observed_zero,True,5134,Naive3,L133458,3
L133458,Dabrafenib,2,0.00030821,77,0.01249189,12,0.00856531,1,True,observed_nonzero,True,6164,Naive3,L133458,3
L133458,Doxorubicin,2,0.00030821,1,0.00035311,218,0.15560314,188,True,observed_nonzero,True,2832,Naive3,L133458,3
L133458,Trametinib,2,0.00030821,85,0.0105055,11,0.00785153,1,True,observed_nonzero,True,8091,Naive3,L133458,3
L133480,Acid,1,0.00015411,0,0.0,666,0.47537473,736,False,observed_zero,True,7246,Naive3,L133480,1
L133480,Cisplatin,1,0.00015411,0,0.0,273,0.19486081,1129,False,observed_zero,True,6815,Naive3,L133480,1
L133480,CoCl2,1,0.00015411,0,0.0,320,0.22840828,1082,False,observed_zero,True,5134,Naive3,L133480,1
L133480,Dabrafenib,1,0.00015411,1,0.00016223,182,0.12990721,140,True,observed_nonzero,True,6164,Naive3,L133480,1
L133480,Doxorubicin,1,0.00015411,0,0.0,406,0.289793,996,False,observed_zero,True,2832,Naive3,L133480,1
L133480,Trametinib,1,0.00015411,0,0.0,275,0.19628837,1127,False,observed_zero,True,8091,Naive3,L133480,1
L134289,Acid,1,0.00015411,0,0.0,666,0.47537473,736,False,observed_zero,True,7246,Naive2,L134289,3
L134289,Cisplatin,1,0.00015411,0,0.0,273,0.19486081,1129,False,observed_zero,True,6815,Naive2,L134289,3
L134289,CoCl2,1,0.00015411,0,0.0,320,0.22840828,1082,False,observed_zero,True,5134,Naive2,L134289,3
L134289,Dabrafenib,1,0.00015411,0,0.0,322,0.22983583,1080,False,observed_zero,True,6164,Naive2,L134289,3
L134289,Doxorubicin,1,0.00015411,0,0.0,406,0.289793,996,False,observed_zero,True,2832,Naive2,L134289,3
L134289,Trametinib,1,0.00015411,0,0.0,275,0.19628837,1127,False,observed_zero,True,8091,Naive2,L134289,3
L134452,Acid,1,0.00015411,0,0.0,666,0.47537473,736,False,observed_zero,True,7246,Naive3,L134452,0
L134452,Cisplatin,1,0.00015411,0,0.0,273,0.19486081,1129,False,observed_zero,True,6815,Naive3,L134452,0
L134452,CoCl2,1,0.00015411,0,0.0,320,0.22840828,1082,False,observed_zero,True,5134,Naive3,L134452,0
L134452,Dabrafenib,1,0.00015411,0,0.0,322,0.22983583,1080,False,observed_zero,True,6164,Naive3,L134452,0
L134452,Doxorubicin,1,0.00015411,0,0.0,406,0.289793,996,False,observed_zero,True,2832,Naive3,L134452,0
L134452,Trametinib,1,0.00015411,0,0.0,275,0.19628837,1127,False,observed_zero,True,8091,Naive3,L134452,0
L135014,Acid,6,0.00092464,1,0.00013801,487,0.34760885,179,True,observed_nonzero,True,7246,Naive2|Naive3,L135014,4
L135014,Cisplatin,6,0.00092464,0,0.0,273,0.19486081,1129,False,observed_zero,True,6815,Naive2|Naive3,L135014,4
L135014,CoCl2,6,0.00092464,0,0.0,320,0.22840828,1082,False,observed_zero,True,5134,Naive2|Naive3,L135014,4
L135014,Dabrafenib,6,0.00092464,0,0.0,322,0.22983583,1080,False,observed_zero,True,6164,Naive2|Naive3,L135014,4
L135014,Doxorubicin,6,0.00092464,0,0.0,406,0.289793,996,False,observed_zero,True,2832,Naive2|Naive3,L135014,4
L135014,Trametinib,6,0.00092464,0,0.0,275,0.19628837,1127,False,observed_zero,True,8091,Naive2|Naive3,L135014,4
L135446,Acid,5,0.00077053,2,0.00027601,380,0.27123483,107,True,observed_nonzero,True,7246,Naive1|Naive2|Naive3,L135446,3
L135446,Cisplatin,5,0.00077053,0,0.0,273,0.19486081,1129,False,observed_zero,True,6815,Naive1|Naive2|Naive3,L135446,3
L135446,CoCl2,5,0.00077053,1,0.00019478,179,0.12776588,141,True,observed_nonzero,True,5134,Naive1|Naive2|Naive3,L135446,3
L135446,Dabrafenib,5,0.00077053,1,0.00016223,182,0.12990721,140,True,observed_nonzero,True,6164,Naive1|Naive2|Naive3,L135446,3
L135446,Doxorubicin,5,0.00077053,0,0.0,406,0.289793,996,False,observed_zero,True,2832,Naive1|Naive2|Naive3,L135446,3
L135446,Trametinib,5,0.00077053,0,0.0,275,0.19628837,1127,False,observed_zero,True,8091,Naive1|Naive2|Naive3,L135446,3
L135513,Acid,3,0.00046232,11,0.00151808,136,0.09707352,13,True,observed_nonzero,True,7246,Naive1|Naive2|Naive3,L135513,1
L135513,Cisplatin,3,0.00046232,0,0.0,273,0.19486081,1129,False,observed_zero,True,6815,Naive1|Naive2|Naive3,L135513,1
L135513,CoCl2,3,0.00046232,0,0.0,320,0.22840828,1082,False,observed_zero,True,5134,Naive1|Naive2|Naive3,L135513,1
L135513,Dabrafenib,3,0.00046232,0,0.0,322,0.22983583,1080,False,observed_zero,True,6164,Naive1|Naive2|Naive3,L135513,1
L135513,Doxorubicin,3,0.00046232,1,0.00035311,218,0.15560314,188,True,observed_nonzero,True,2832,Naive1|Naive2|Naive3,L135513,1
L135513,Trametinib,3,0.00046232,0,0.0,275,0.19628837,1127,False,observed_zero,True,8091,Naive1|Naive2|Naive3,L135513,1
L135540,Acid,2,0.00030821,0,0.0,666,0.47537473,736,False,observed_zero,True,7246,Naive2|Naive3,L135540,3
L135540,Cisplatin,2,0.00030821,1,0.00014674,110,0.07851535,163,True,observed_nonzero,True,6815,Naive2|Naive3,L135540,3
L135540,CoCl2,2,0.00030821,0,0.0,320,0.22840828,1082,False,observed_zero,True,5134,Naive2|Naive3,L135540,3
L135540,Dabrafenib,2,0.00030821,0,0.0,322,0.22983583,1080,False,observed_zero,True,6164,Naive2|Naive3,L135540,3
L135540,Doxorubicin,2,0.00030821,0,0.0,406,0.289793,996,False,observed_zero,True,2832,Naive2|Naive3,L135540,3
L135540,Trametinib,2,0.00030821,0,0.0,275,0.19628837,1127,False,observed_zero,True,8091,Naive2|Naive3,L135540,3
L135657,Acid,1,0.00015411,1,0.00013801,487,0.34760885,179,True,observed_nonzero,True,7246,Naive3,L135657,4
L135657,Cisplatin,1,0.00015411,0,0.0,273,0.19486081,1129,False,observed_zero,True,6815,Naive3,L135657,4
L135657,CoCl2,1,0.00015411,0,0.0,320,0.22840828,1082,False,observed_zero,True,5134,Naive3,L135657,4
L135657,Dabrafenib,1,0.00015411,0,0.0,322,0.22983583,1080,False,observed_zero,True,6164,Naive3,L135657,4
L135657,Doxorubicin,1,0.00015411,0,0.0,406,0.289793,996,False,observed_zero,True,2832,Naive3,L135657,4
L135657,Trametinib,1,0.00015411,0,0.0,275,0.19628837,1127,False,observed_zero,True,8091,Naive3,L135657,4
L135709,Acid,3,0.00046232,3,0.00041402,318,0.22698073,62,True,observed_nonzero,True,7246,Naive1,L135709,3
L135709,Cisplatin,3,0.00046232,0,0.0,273,0.19486081,1129,False,observed_zero,True,6815,Naive1,L135709,3
L135709,CoCl2,3,0.00046232,0,0.0,320,0.22840828,1082,False,observed_zero,True,5134,Naive1,L135709,3
L135709,Dabrafenib,3,0.00046232,1,0.00016223,182,0.12990721,140,True,observed_nonzero,True,6164,Naive1,L135709,3
L135709,Doxorubicin,3,0.00046232,0,0.0,406,0.289793,996,False,observed_zero,True,2832,Naive1,L135709,3
L135709,Trametinib,3,0.00046232,3,0.00037078,100,0.07137759,24,True,observed_nonzero,True,8091,Naive1,L135709,3
L135998,Acid,2,0.00030821,7,0.00096605,192,0.13704497,24,True,observed_nonzero,True,7246,Naive2|Naive3,L135998,4
L135998,Cisplatin,2,0.00030821,0,0.0,273,0.19486081,1129,False,observed_zero,True,6815,Naive2|Naive3,L135998,4
L135998,CoCl2,2,0.00030821,0,0.0,320,0.22840828,1082,False,observed_zero,True,5134,Naive2|Naive3,L135998,4
L135998,Dabrafenib,2,0.00030821,1,0.00016223,182,0.12990721,140,True,observed_nonzero,True,6164,Naive2|Naive3,L135998,4
L135998,Doxorubicin,2,0.00030821,0,0.0,406,0.289793,996,False,observed_zero,True,2832,Naive2|Naive3,L135998,4
L135998,Trametinib,2,0.00030821,0,0.0,275,0.19628837,1127,False,observed_zero,True,8091,Naive2|Naive3,L135998,4
L136317,Acid,2,0.00030821,0,0.0,666,0.47537473,736,False,observed_zero,True,7246,Naive2,L136317,0
L136317,Cisplatin,2,0.00030821,0,0.0,273,0.19486081,1129,False,observed_zero,True,6815,Naive2,L136317,0
L136317,CoCl2,2,0.00030821,0,0.0,320,0.22840828,1082,False,observed_zero,True,5134,Naive2,L136317,0
L136317,Dabrafenib,2,0.00030821,0,0.0,322,0.22983583,1080,False,observed_zero,True,6164,Naive2,L136317,0
L136317,Doxorubicin,2,0.00030821,0,0.0,406,0.289793,996,False,observed_zero,True,2832,Naive2,L136317,0
L136317,Trametinib,2,0.00030821,0,0.0,275,0.19628837,1127,False,observed_zero,True,8091,Naive2,L136317,0
L13633,Acid,14,0.0021575,27,0.00372619,49,0.03497502,4,True,observed_nonzero,True,7246,Naive1|Naive2|Naive3,L13633,4
L13633,Cisplatin,14,0.0021575,0,0.0,273,0.19486081,1129,False,observed_zero,True,6815,Naive1|Naive2|Naive3,L13633,4
L13633,CoCl2,14,0.0021575,0,0.0,320,0.22840828,1082,False,observed_zero,True,5134,Naive1|Naive2|Naive3,L13633,4
L13633,Dabrafenib,14,0.0021575,1,0.00016223,182,0.12990721,140,True,observed_nonzero,True,6164,Naive1|Naive2|Naive3,L13633,4
L13633,Doxorubicin,14,0.0021575,2,0.00070621,135,0.09635974,83,True,observed_nonzero,True,2832,Naive1|Naive2|Naive3,L13633,4
L13633,Trametinib,14,0.0021575,2,0.00024719,124,0.08850821,37,True,observed_nonzero,True,8091,Naive1|Naive2|Naive3,L13633,4
L136444,Acid,1,0.00015411,0,0.0,666,0.47537473,736,False,observed_zero,True,7246,Naive2,L136444,0
L136444,Cisplatin,1,0.00015411,0,0.0,273,0.19486081,1129,False,observed_zero,True,6815,Naive2,L136444,0
L136444,CoCl2,1,0.00015411,0,0.0,320,0.22840828,1082,False,observed_zero,True,5134,Naive2,L136444,0
L136444,Dabrafenib,1,0.00015411,0,0.0,322,0.22983583,1080,False,observed_zero,True,6164,Naive2,L136444,0
L136444,Doxorubicin,1,0.00015411,0,0.0,406,0.289793,996,False,observed_zero,True,2832,Naive2,L136444,0
L136444,Trametinib,1,0.00015411,0,0.0,275,0.19628837,1127,False,observed_zero,True,8091,Naive2,L136444,0
L136970,Acid,2,0.00030821,0,0.0,666,0.47537473,736,False,observed_zero,True,7246,Naive2|Naive3,L136970,4
L136970,Cisplatin,2,0.00030821,0,0.0,273,0.19486081,1129,False,observed_zero,True,6815,Naive2|Naive3,L136970,4
L136970,CoCl2,2,0.00030821,0,0.0,320,0.22840828,1082,False,observed_zero,True,5134,Naive2|Naive3,L136970,4
L136970,Dabrafenib,2,0.00030821,0,0.0,322,0.22983583,1080,False,observed_zero,True,6164,Naive2|Naive3,L136970,4
L136970,Doxorubicin,2,0.00030821,0,0.0,406,0.289793,996,False,observed_zero,True,2832,Naive2|Naive3,L136970,4
L136970,Trametinib,2,0.00030821,0,0.0,275,0.19628837,1127,False,observed_zero,True,8091,Naive2|Naive3,L136970,4
L13712,Acid,5,0.00077053,9,0.00124206,156,0.11134904,17,True,observed_nonzero,True,7246,Naive1|Naive2|Naive3,L13712,3
L13712,Cisplatin,5,0.00077053,0,0.0,273,0.19486081,1129,False,observed_zero,True,6815,Naive1|Naive2|Naive3,L13712,3
L13712,CoCl2,5,0.00077053,6,0.00116868,36,0.02569593,11,True,observed_nonzero,True,5134,Naive1|Naive2|Naive3,L13712,3
L13712,Dabrafenib,5,0.00077053,0,0.0,322,0.22983583,1080,False,observed_zero,True,6164,Naive1|Naive2|Naive3,L13712,3
L13712,Doxorubicin,5,0.00077053,0,0.0,406,0.289793,996,False,observed_zero,True,2832,Naive1|Naive2|Naive3,L13712,3
L13712,Trametinib,5,0.00077053,0,0.0,275,0.19628837,1127,False,observed_zero,True,8091,Naive1|Naive2|Naive3,L13712,3
L137162,Acid,1,0.00015411,0,0.0,666,0.47537473,736,False,observed_zero,True,7246,Naive1,L137162,0
L137162,Cisplatin,1,0.00015411,0,0.0,273,0.19486081,1129,False,observed_zero,True,6815,Naive1,L137162,0
L137162,CoCl2,1,0.00015411,0,0.0,320,0.22840828,1082,False,observed_zero,True,5134,Naive1,L137162,0
L137162,Dabrafenib,1,0.00015411,0,0.0,322,0.22983583,1080,False,observed_zero,True,6164,Naive1,L137162,0
L137162,Doxorubicin,1,0.00015411,0,0.0,406,0.289793,996,False,observed_zero,True,2832,Naive1,L137162,0
L137162,Trametinib,1,0.00015411,0,0.0,275,0.19628837,1127,False,observed_zero,True,8091,Naive1,L137162,0
L13717,Acid,1,0.00015411,0,0.0,666,0.47537473,736,False,observed_zero,True,7246,Naive2,L13717,0
L13717,Cisplatin,1,0.00015411,0,0.0,273,0.19486081,1129,False,observed_zero,True,6815,Naive2,L13717,0
L13717,CoCl2,1,0.00015411,0,0.0,320,0.22840828,1082,False,observed_zero,True,5134,Naive2,L13717,0
L13717,Dabrafenib,1,0.00015411,1,0.00016223,182,0.12990721,140,True,observed_nonzero,True,6164,Naive2,L13717,0
L13717,Doxorubicin,1,0.00015411,0,0.0,406,0.289793,996,False,observed_zero,True,2832,Naive2,L13717,0
L13717,Trametinib,1,0.00015411,0,0.0,275,0.19628837,1127,False,observed_zero,True,8091,Naive2,L13717,0
L137611,Acid,39,0.00601017,19,0.00262214,78,0.05567452,8,True,observed_nonzero,True,7246,Naive1|Naive2|Naive3,L137611,4
L137611,Cisplatin,39,0.00601017,4,0.00058694,23,0.01641685,14,True,observed_nonzero,True,6815,Naive1|Naive2|Naive3,L137611,4
L137611,CoCl2,39,0.00601017,11,0.00214258,16,0.01142041,3,True,observed_nonzero,True,5134,Naive1|Naive2|Naive3,L137611,4
L137611,Dabrafenib,39,0.00601017,4,0.00064893,100,0.07137759,13,True,observed_nonzero,True,6164,Naive1|Naive2|Naive3,L137611,4
L137611,Doxorubicin,39,0.00601017,10,0.00353107,23,0.01641685,4,True,observed_nonzero,True,2832,Naive1|Naive2|Naive3,L137611,4
L137611,Trametinib,39,0.00601017,3,0.00037078,100,0.07137759,24,True,observed_nonzero,True,8091,Naive1|Naive2|Naive3,L137611,4
L137746,Acid,2,0.00030821,0,0.0,666,0.47537473,736,False,observed_zero,True,7246,Naive3,L137746,2
L137746,Cisplatin,2,0.00030821,0,0.0,273,0.19486081,1129,False,observed_zero,True,6815,Naive3,L137746,2
L137746,CoCl2,2,0.00030821,0,0.0,320,0.22840828,1082,False,observed_zero,True,5134,Naive3,L137746,2
L137746,Dabrafenib,2,0.00030821,2,0.00032446,135,0.09635974,47,True,observed_nonzero,True,6164,Naive3,L137746,2
L137746,Doxorubicin,2,0.00030821,0,0.0,406,0.289793,996,False,observed_zero,True,2832,Naive3,L137746,2
L137746,Trametinib,2,0.00030821,3,0.00037078,100,0.07137759,24,True,observed_nonzero,True,8091,Naive3,L137746,2
L13780,Acid,1,0.00015411,0,0.0,666,0.47537473,736,False,observed_zero,True,7246,Naive3,L13780,1
L13780,Cisplatin,1,0.00015411,0,0.0,273,0.19486081,1129,False,observed_zero,True,6815,Naive3,L13780,1
L13780,CoCl2,1,0.00015411,0,0.0,320,0.22840828,1082,False,observed_zero,True,5134,Naive3,L13780,1
L13780,Dabrafenib,1,0.00015411,0,0.0,322,0.22983583,1080,False,observed_zero,True,6164,Naive3,L13780,1
L13780,Doxorubicin,1,0.00015411,0,0.0,406,0.289793,996,False,observed_zero,True,2832,Naive3,L13780,1
L13780,Trametinib,1,0.00015411,0,0.0,275,0.19628837,1127,False,observed_zero,True,8091,Naive3,L13780,1
L138125,Acid,7,0.00107875,5,0.00069004,232,0.165596,35,True,observed_nonzero,True,7246,Naive1|Naive3,L138125,4
L138125,Cisplatin,7,0.00107875,1,0.00014674,110,0.07851535,163,True,observed_nonzero,True,6815,Naive1|Naive3,L138125,4
L138125,CoCl2,7,0.00107875,4,0.00077912,63,0.04496788,17,True,observed_nonzero,True,5134,Naive1|Naive3,L138125,4
L138125,Dabrafenib,7,0.00107875,0,0.0,322,0.22983583,1080,False,observed_zero,True,6164,Naive1|Naive3,L138125,4
L138125,Doxorubicin,7,0.00107875,1,0.00035311,218,0.15560314,188,True,observed_nonzero,True,2832,Naive1|Naive3,L138125,4
L138125,Trametinib,7,0.00107875,0,0.0,275,0.19628837,1127,False,observed_zero,True,8091,Naive1|Naive3,L138125,4
L13818,Acid,25,0.00385267,24,0.00331217,59,0.04211278,5,True,observed_nonzero,True,7246,Naive1|Naive2|Naive3,L13818,3
L13818,Cisplatin,25,0.00385267,2,0.00029347,60,0.04282655,50,True,observed_nonzero,True,6815,Naive1|Naive2|Naive3,L13818,3
L13818,CoCl2,25,0.00385267,1,0.00019478,179,0.12776588,141,True,observed_nonzero,True,5134,Naive1|Naive2|Naive3,L13818,3
L13818,Dabrafenib,25,0.00385267,1,0.00016223,182,0.12990721,140,True,observed_nonzero,True,6164,Naive1|Naive2|Naive3,L13818,3
L13818,Doxorubicin,25,0.00385267,2,0.00070621,135,0.09635974,83,True,observed_nonzero,True,2832,Naive1|Naive2|Naive3,L13818,3
L13818,Trametinib,25,0.00385267,0,0.0,275,0.19628837,1127,False,observed_zero,True,8091,Naive1|Naive2|Naive3,L13818,3
L138181,Acid,2,0.00030821,0,0.0,666,0.47537473,736,False,observed_zero,True,7246,Naive3,L138181,0
L138181,Cisplatin,2,0.00030821,0,0.0,273,0.19486081,1129,False,observed_zero,True,6815,Naive3,L138181,0
L138181,CoCl2,2,0.00030821,0,0.0,320,0.22840828,1082,False,observed_zero,True,5134,Naive3,L138181,0
L138181,Dabrafenib,2,0.00030821,0,0.0,322,0.22983583,1080,False,observed_zero,True,6164,Naive3,L138181,0
L138181,Doxorubicin,2,0.00030821,0,0.0,406,0.289793,996,False,observed_zero,True,2832,Naive3,L138181,0
L138181,Trametinib,2,0.00030821,0,0.0,275,0.19628837,1127,False,observed_zero,True,8091,Naive3,L138181,0
L138440,Acid,2,0.00030821,2,0.00027601,380,0.27123483,107,True,observed_nonzero,True,7246,Naive1|Naive2,L138440,2
L138440,Cisplatin,2,0.00030821,0,0.0,273,0.19486081,1129,False,observed_zero,True,6815,Naive1|Naive2,L138440,2
L138440,CoCl2,2,0.00030821,0,0.0,320,0.22840828,1082,False,observed_zero,True,5134,Naive1|Naive2,L138440,2
L138440,Dabrafenib,2,0.00030821,0,0.0,322,0.22983583,1080,False,observed_zero,True,6164,Naive1|Naive2,L138440,2
L138440,Doxorubicin,2,0.00030821,0,0.0,406,0.289793,996,False,observed_zero,True,2832,Naive1|Naive2,L138440,2
L138440,Trametinib,2,0.00030821,0,0.0,275,0.19628837,1127,False,observed_zero,True,8091,Naive1|Naive2,L138440,2
L138458,Acid,1,0.00015411,2,0.00027601,380,0.27123483,107,True,observed_nonzero,True,7246,Naive2,L138458,1
L138458,Cisplatin,1,0.00015411,0,0.0,273,0.19486081,1129,False,observed_zero,True,6815,Naive2,L138458,1
L138458,CoCl2,1,0.00015411,0,0.0,320,0.22840828,1082,False,observed_zero,True,5134,Naive2,L138458,1
L138458,Dabrafenib,1,0.00015411,0,0.0,322,0.22983583,1080,False,observed_zero,True,6164,Naive2,L138458,1
L138458,Doxorubicin,1,0.00015411,0,0.0,406,0.289793,996,False,observed_zero,True,2832,Naive2,L138458,1
L138458,Trametinib,1,0.00015411,0,0.0,275,0.19628837,1127,False,observed_zero,True,8091,Naive2,L138458,1
L138589,Acid,2,0.00030821,0,0.0,666,0.47537473,736,False,observed_zero,True,7246,Naive3,L138589,2
L138589,Cisplatin,2,0.00030821,0,0.0,273,0.19486081,1129,False,observed_zero,True,6815,Naive3,L138589,2
L138589,CoCl2,2,0.00030821,0,0.0,320,0.22840828,1082,False,observed_zero,True,5134,Naive3,L138589,2
L138589,Dabrafenib,2,0.00030821,0,0.0,322,0.22983583,1080,False,observed_zero,True,6164,Naive3,L138589,2
L138589,Doxorubicin,2,0.00030821,0,0.0,406,0.289793,996,False,observed_zero,True,2832,Naive3,L138589,2
L138589,Trametinib,2,0.00030821,0,0.0,275,0.19628837,1127,False,observed_zero,True,8091,Naive3,L138589,2
L138906,Acid,8,0.00123286,12,0.00165609,124,0.08850821,12,True,observed_nonzero,True,7246,Naive1|Naive2|Naive3,L138906,2
L138906,Cisplatin,8,0.00123286,0,0.0,273,0.19486081,1129,False,observed_zero,True,6815,Naive1|Naive2|Naive3,L138906,2
L138906,CoCl2,8,0.00123286,1,0.00019478,179,0.12776588,141,True,observed_nonzero,True,5134,Naive1|Naive2|Naive3,L138906,2
L138906,Dabrafenib,8,0.00123286,0,0.0,322,0.22983583,1080,False,observed_zero,True,6164,Naive1|Naive2|Naive3,L138906,2
L138906,Doxorubicin,8,0.00123286,2,0.00070621,135,0.09635974,83,True,observed_nonzero,True,2832,Naive1|Naive2|Naive3,L138906,2
L138906,Trametinib,8,0.00123286,0,0.0,275,0.19628837,1127,False,observed_zero,True,8091,Naive1|Naive2|Naive3,L138906,2
L139032,Acid,3,0.00046232,5,0.00069004,232,0.165596,35,True,observed_nonzero,True,7246,Naive3,L139032,0
L139032,Cisplatin,3,0.00046232,0,0.0,273,0.19486081,1129,False,observed_zero,True,6815,Naive3,L139032,0
L139032,CoCl2,3,0.00046232,0,0.0,320,0.22840828,1082,False,observed_zero,True,5134,Naive3,L139032,0
L139032,Dabrafenib,3,0.00046232,0,0.0,322,0.22983583,1080,False,observed_zero,True,6164,Naive3,L139032,0
L139032,Doxorubicin,3,0.00046232,0,0.0,406,0.289793,996,False,observed_zero,True,2832,Naive3,L139032,0
L139032,Trametinib,3,0.00046232,0,0.0,275,0.19628837,1127,False,observed_zero,True,8091,Naive3,L139032,0
L139081,Acid,5,0.00077053,0,0.0,666,0.47537473,736,False,observed_zero,True,7246,Naive2|Naive3,L139081,4
L139081,Cisplatin,5,0.00077053,0,0.0,273,0.19486081,1129,False,observed_zero,True,6815,Naive2|Naive3,L139081,4
L139081,CoCl2,5,0.00077053,1,0.00019478,179,0.12776588,141,True,observed_nonzero,True,5134,Naive2|Naive3,L139081,4
L139081,Dabrafenib,5,0.00077053,25,0.00405581,27,0.01927195,1,True,observed_nonzero,True,6164,Naive2|Naive3,L139081,4
L139081,Doxorubicin,5,0.00077053,1,0.00035311,218,0.15560314,188,True,observed_nonzero,True,2832,Naive2|Naive3,L139081,4
L139081,Trametinib,5,0.00077053,13,0.00160672,38,0.02712348,4,True,observed_nonzero,True,8091,Naive2|Naive3,L139081,4
L139209,Acid,3,0.00046232,12,0.00165609,124,0.08850821,12,True,observed_nonzero,True,7246,Naive1|Naive2|Naive3,L139209,1
L139209,Cisplatin,3,0.00046232,0,0.0,273,0.19486081,1129,False,observed_zero,True,6815,Naive1|Naive2|Naive3,L139209,1
L139209,CoCl2,3,0.00046232,0,0.0,320,0.22840828,1082,False,observed_zero,True,5134,Naive1|Naive2|Naive3,L139209,1
L139209,Dabrafenib,3,0.00046232,0,0.0,322,0.22983583,1080,False,observed_zero,True,6164,Naive1|Naive2|Naive3,L139209,1
L139209,Doxorubicin,3,0.00046232,1,0.00035311,218,0.15560314,188,True,observed_nonzero,True,2832,Naive1|Naive2|Naive3,L139209,1
L139209,Trametinib,3,0.00046232,1,0.00012359,161,0.11491792,114,True,observed_nonzero,True,8091,Naive1|Naive2|Naive3,L139209,1
L139492,Acid,1,0.00015411,0,0.0,666,0.47537473,736,False,observed_zero,True,7246,Naive3,L139492,4
L139492,Cisplatin,1,0.00015411,0,0.0,273,0.19486081,1129,False,observed_zero,True,6815,Naive3,L139492,4
L139492,CoCl2,1,0.00015411,1,0.00019478,179,0.12776588,141,True,observed_nonzero,True,5134,Naive3,L139492,4
L139492,Dabrafenib,1,0.00015411,0,0.0,322,0.22983583,1080,False,observed_zero,True,6164,Naive3,L139492,4
L139492,Doxorubicin,1,0.00015411,0,0.0,406,0.289793,996,False,observed_zero,True,2832,Naive3,L139492,4
L139492,Trametinib,1,0.00015411,0,0.0,275,0.19628837,1127,False,observed_zero,True,8091,Naive3,L139492,4
L139565,Acid,12,0.00184928,8,0.00110406,173,0.12348323,19,True,observed_nonzero,True,7246,Naive1|Naive2|Naive3,L139565,3
L139565,Cisplatin,12,0.00184928,3,0.00044021,37,0.02640971,23,True,observed_nonzero,True,6815,Naive1|Naive2|Naive3,L139565,3
L139565,CoCl2,12,0.00184928,0,0.0,320,0.22840828,1082,False,observed_zero,True,5134,Naive1|Naive2|Naive3,L139565,3
L139565,Dabrafenib,12,0.00184928,0,0.0,322,0.22983583,1080,False,observed_zero,True,6164,Naive1|Naive2|Naive3,L139565,3
L139565,Doxorubicin,12,0.00184928,0,0.0,406,0.289793,996,False,observed_zero,True,2832,Naive1|Naive2|Naive3,L139565,3
L139565,Trametinib,12,0.00184928,0,0.0,275,0.19628837,1127,False,observed_zero,True,8091,Naive1|Naive2|Naive3,L139565,3
L139672,Acid,1,0.00015411,0,0.0,666,0.47537473,736,False,observed_zero,True,7246,Naive1,L139672,2
L139672,Cisplatin,1,0.00015411,0,0.0,273,0.19486081,1129,False,observed_zero,True,6815,Naive1,L139672,2
L139672,CoCl2,1,0.00015411,0,0.0,320,0.22840828,1082,False,observed_zero,True,5134,Naive1,L139672,2
L139672,Dabrafenib,1,0.00015411,0,0.0,322,0.22983583,1080,False,observed_zero,True,6164,Naive1,L139672,2
L139672,Doxorubicin,1,0.00015411,0,0.0,406,0.289793,996,False,observed_zero,True,2832,Naive1,L139672,2
L139672,Trametinib,1,0.00015411,0,0.0,275,0.19628837,1127,False,observed_zero,True,8091,Naive1,L139672,2
L139713,Acid,14,0.0021575,3,0.00041402,318,0.22698073,62,True,observed_nonzero,True,7246,Naive1|Naive2|Naive3,L139713,0
L139713,Cisplatin,14,0.0021575,1,0.00014674,110,0.07851535,163,True,observed_nonzero,True,6815,Naive1|Naive2|Naive3,L139713,0
L139713,CoCl2,14,0.0021575,5,0.0009739,47,0.03354747,16,True,observed_nonzero,True,5134,Naive1|Naive2|Naive3,L139713,0
L139713,Dabrafenib,14,0.0021575,0,0.0,322,0.22983583,1080,False,observed_zero,True,6164,Naive1|Naive2|Naive3,L139713,0
L139713,Doxorubicin,14,0.0021575,3,0.00105932,96,0.06852248,39,True,observed_nonzero,True,2832,Naive1|Naive2|Naive3,L139713,0
L139713,Trametinib,14,0.0021575,0,0.0,275,0.19628837,1127,False,observed_zero,True,8091,Naive1|Naive2|Naive3,L139713,0
L139716,Acid,2,0.00030821,0,0.0,666,0.47537473,736,False,observed_zero,True,7246,Naive3,L139716,0
L139716,Cisplatin,2,0.00030821,0,0.0,273,0.19486081,1129,False,observed_zero,True,6815,Naive3,L139716,0
L139716,CoCl2,2,0.00030821,0,0.0,320,0.22840828,1082,False,observed_zero,True,5134,Naive3,L139716,0
L139716,Dabrafenib,2,0.00030821,0,0.0,322,0.22983583,1080,False,observed_zero,True,6164,Naive3,L139716,0
L139716,Doxorubicin,2,0.00030821,0,0.0,406,0.289793,996,False,observed_zero,True,2832,Naive3,L139716,0
L139716,Trametinib,2,0.00030821,1,0.00012359,161,0.11491792,114,True,observed_nonzero,True,8091,Naive3,L139716,0
L139972,Acid,1,0.00015411,0,0.0,666,0.47537473,736,False,observed_zero,True,7246,Naive2,L139972,3
L139972,Cisplatin,1,0.00015411,0,0.0,273,0.19486081,1129,False,observed_zero,True,6815,Naive2,L139972,3
L139972,CoCl2,1,0.00015411,0,0.0,320,0.22840828,1082,False,observed_zero,True,5134,Naive2,L139972,3
L139972,Dabrafenib,1,0.00015411,0,0.0,322,0.22983583,1080,False,observed_zero,True,6164,Naive2,L139972,3
L139972,Doxorubicin,1,0.00015411,0,0.0,406,0.289793,996,False,observed_zero,True,2832,Naive2,L139972,3
L139972,Trametinib,1,0.00015411,0,0.0,275,0.19628837,1127,False,observed_zero,True,8091,Naive2,L139972,3
L140054,Acid,5,0.00077053,9,0.00124206,156,0.11134904,17,True,observed_nonzero,True,7246,Naive1|Naive3,L140054,2
L140054,Cisplatin,5,0.00077053,1,0.00014674,110,0.07851535,163,True,observed_nonzero,True,6815,Naive1|Naive3,L140054,2
L140054,CoCl2,5,0.00077053,2,0.00038956,110,0.07851535,69,True,observed_nonzero,True,5134,Naive1|Naive3,L140054,2
L140054,Dabrafenib,5,0.00077053,6,0.00097339,80,0.05710207,11,True,observed_nonzero,True,6164,Naive1|Naive3,L140054,2
L140054,Doxorubicin,5,0.00077053,1,0.00035311,218,0.15560314,188,True,observed_nonzero,True,2832,Naive1|Naive3,L140054,2
L140054,Trametinib,5,0.00077053,0,0.0,275,0.19628837,1127,False,observed_zero,True,8091,Naive1|Naive3,L140054,2
L140099,Acid,1,0.00015411,0,0.0,666,0.47537473,736,False,observed_zero,True,7246,Naive3,L140099,4
L140099,Cisplatin,1,0.00015411,0,0.0,273,0.19486081,1129,False,observed_zero,True,6815,Naive3,L140099,4
L140099,CoCl2,1,0.00015411,0,0.0,320,0.22840828,1082,False,observed_zero,True,5134,Naive3,L140099,4
L140099,Dabrafenib,1,0.00015411,0,0.0,322,0.22983583,1080,False,observed_zero,True,6164,Naive3,L140099,4
L140099,Doxorubicin,1,0.00015411,0,0.0,406,0.289793,996,False,observed_zero,True,2832,Naive3,L140099,4
L140099,Trametinib,1,0.00015411,0,0.0,275,0.19628837,1127,False,observed_zero,True,8091,Naive3,L140099,4
L140100,Acid,1,0.00015411,0,0.0,666,0.47537473,736,False,observed_zero,True,7246,Naive3,L140100,1
L140100,Cisplatin,1,0.00015411,0,0.0,273,0.19486081,1129,False,observed_zero,True,6815,Naive3,L140100,1
L140100,CoCl2,1,0.00015411,0,0.0,320,0.22840828,1082,False,observed_zero,True,5134,Naive3,L140100,1
L140100,Dabrafenib,1,0.00015411,0,0.0,322,0.22983583,1080,False,observed_zero,True,6164,Naive3,L140100,1
L140100,Doxorubicin,1,0.00015411,0,0.0,406,0.289793,996,False,observed_zero,True,2832,Naive3,L140100,1
L140100,Trametinib,1,0.00015411,0,0.0,275,0.19628837,1127,False,observed_zero,True,8091,Naive3,L140100,1
L140520,Acid,1,0.00015411,0,0.0,666,0.47537473,736,False,observed_zero,True,7246,Naive3,L140520,0
L140520,Cisplatin,1,0.00015411,0,0.0,273,0.19486081,1129,False,observed_zero,True,6815,Naive3,L140520,0
L140520,CoCl2,1,0.00015411,1,0.00019478,179,0.12776588,141,True,observed_nonzero,True,5134,Naive3,L140520,0
L140520,Dabrafenib,1,0.00015411,0,0.0,322,0.22983583,1080,False,observed_zero,True,6164,Naive3,L140520,0
L140520,Doxorubicin,1,0.00015411,0,0.0,406,0.289793,996,False,observed_zero,True,2832,Naive3,L140520,0
L140520,Trametinib,1,0.00015411,0,0.0,275,0.19628837,1127,False,observed_zero,True,8091,Naive3,L140520,0
L140686,Acid,1,0.00015411,0,0.0,666,0.47537473,736,False,observed_zero,True,7246,Naive3,L140686,2
L140686,Cisplatin,1,0.00015411,0,0.0,273,0.19486081,1129,False,observed_zero,True,6815,Naive3,L140686,2
L140686,CoCl2,1,0.00015411,2,0.00038956,110,0.07851535,69,True,observed_nonzero,True,5134,Naive3,L140686,2
L140686,Dabrafenib,1,0.00015411,0,0.0,322,0.22983583,1080,False,observed_zero,True,6164,Naive3,L140686,2
L140686,Doxorubicin,1,0.00015411,2,0.00070621,135,0.09635974,83,True,observed_nonzero,True,2832,Naive3,L140686,2
L140686,Trametinib,1,0.00015411,0,0.0,275,0.19628837,1127,False,observed_zero,True,8091,Naive3,L140686,2
L141027,Acid,4,0.00061643,5,0.00069004,232,0.165596,35,True,observed_nonzero,True,7246,Naive1|Naive2,L141027,1
L141027,Cisplatin,4,0.00061643,0,0.0,273,0.19486081,1129,False,observed_zero,True,6815,Naive1|Naive2,L141027,1
L141027,CoCl2,4,0.00061643,0,0.0,320,0.22840828,1082,False,observed_zero,True,5134,Naive1|Naive2,L141027,1
L141027,Dabrafenib,4,0.00061643,0,0.0,322,0.22983583,1080,False,observed_zero,True,6164,Naive1|Naive2,L141027,1
L141027,Doxorubicin,4,0.00061643,0,0.0,406,0.289793,996,False,observed_zero,True,2832,Naive1|Naive2,L141027,1
L141027,Trametinib,4,0.00061643,0,0.0,275,0.19628837,1127,False,observed_zero,True,8091,Naive1|Naive2,L141027,1
L141173,Acid,1,0.00015411,0,0.0,666,0.47537473,736,False,observed_zero,True,7246,Naive2,L141173,3
L141173,Cisplatin,1,0.00015411,0,0.0,273,0.19486081,1129,False,observed_zero,True,6815,Naive2,L141173,3
L141173,CoCl2,1,0.00015411,0,0.0,320,0.22840828,1082,False,observed_zero,True,5134,Naive2,L141173,3
L141173,Dabrafenib,1,0.00015411,0,0.0,322,0.22983583,1080,False,observed_zero,True,6164,Naive2,L141173,3
L141173,Doxorubicin,1,0.00015411,0,0.0,406,0.289793,996,False,observed_zero,True,2832,Naive2,L141173,3
L141173,Trametinib,1,0.00015411,0,0.0,275,0.19628837,1127,False,observed_zero,True,8091,Naive2,L141173,3
L141176,Acid,2,0.00030821,2,0.00027601,380,0.27123483,107,True,observed_nonzero,True,7246,Naive2,L141176,4
L141176,Cisplatin,2,0.00030821,0,0.0,273,0.19486081,1129,False,observed_zero,True,6815,Naive2,L141176,4
L141176,CoCl2,2,0.00030821,0,0.0,320,0.22840828,1082,False,observed_zero,True,5134,Naive2,L141176,4
L141176,Dabrafenib,2,0.00030821,0,0.0,322,0.22983583,1080,False,observed_zero,True,6164,Naive2,L141176,4
L141176,Doxorubicin,2,0.00030821,0,0.0,406,0.289793,996,False,observed_zero,True,2832,Naive2,L141176,4
L141176,Trametinib,2,0.00030821,0,0.0,275,0.19628837,1127,False,observed_zero,True,8091,Naive2,L141176,4
L14194,Acid,1,0.00015411,2,0.00027601,380,0.27123483,107,True,observed_nonzero,True,7246,Naive1,L14194,0
L14194,Cisplatin,1,0.00015411,0,0.0,273,0.19486081,1129,False,observed_zero,True,6815,Naive1,L14194,0
L14194,CoCl2,1,0.00015411,0,0.0,320,0.22840828,1082,False,observed_zero,True,5134,Naive1,L14194,0
L14194,Dabrafenib,1,0.00015411,0,0.0,322,0.22983583,1080,False,observed_zero,True,6164,Naive1,L14194,0
L14194,Doxorubicin,1,0.00015411,0,0.0,406,0.289793,996,False,observed_zero,True,2832,Naive1,L14194,0
L14194,Trametinib,1,0.00015411,0,0.0,275,0.19628837,1127,False,observed_zero,True,8091,Naive1,L14194,0
L142069,Acid,3,0.00046232,3,0.00041402,318,0.22698073,62,True,observed_nonzero,True,7246,Naive2|Naive3,L142069,0
L142069,Cisplatin,3,0.00046232,0,0.0,273,0.19486081,1129,False,observed_zero,True,6815,Naive2|Naive3,L142069,0
L142069,CoCl2,3,0.00046232,1,0.00019478,179,0.12776588,141,True,observed_nonzero,True,5134,Naive2|Naive3,L142069,0
L142069,Dabrafenib,3,0.00046232,1,0.00016223,182,0.12990721,140,True,observed_nonzero,True,6164,Naive2|Naive3,L142069,0
L142069,Doxorubicin,3,0.00046232,0,0.0,406,0.289793,996,False,observed_zero,True,2832,Naive2|Naive3,L142069,0
L142069,Trametinib,3,0.00046232,0,0.0,275,0.19628837,1127,False,observed_zero,True,8091,Naive2|Naive3,L142069,0
L142131,Acid,2,0.00030821,0,0.0,666,0.47537473,736,False,observed_zero,True,7246,Naive1|Naive3,L142131,0
L142131,Cisplatin,2,0.00030821,0,0.0,273,0.19486081,1129,False,observed_zero,True,6815,Naive1|Naive3,L142131,0
L142131,CoCl2,2,0.00030821,0,0.0,320,0.22840828,1082,False,observed_zero,True,5134,Naive1|Naive3,L142131,0
L142131,Dabrafenib,2,0.00030821,0,0.0,322,0.22983583,1080,False,observed_zero,True,6164,Naive1|Naive3,L142131,0
L142131,Doxorubicin,2,0.00030821,0,0.0,406,0.289793,996,False,observed_zero,True,2832,Naive1|Naive3,L142131,0
L142131,Trametinib,2,0.00030821,1,0.00012359,161,0.11491792,114,True,observed_nonzero,True,8091,Naive1|Naive3,L142131,0
L142448,Acid,3,0.00046232,1,0.00013801,487,0.34760885,179,True,observed_nonzero,True,7246,Naive1|Naive3,L142448,3
L142448,Cisplatin,3,0.00046232,0,0.0,273,0.19486081,1129,False,observed_zero,True,6815,Naive1|Naive3,L142448,3
L142448,CoCl2,3,0.00046232,0,0.0,320,0.22840828,1082,False,observed_zero,True,5134,Naive1|Naive3,L142448,3
L142448,Dabrafenib,3,0.00046232,0,0.0,322,0.22983583,1080,False,observed_zero,True,6164,Naive1|Naive3,L142448,3
L142448,Doxorubicin,3,0.00046232,0,0.0,406,0.289793,996,False,observed_zero,True,2832,Naive1|Naive3,L142448,3
L142448,Trametinib,3,0.00046232,0,0.0,275,0.19628837,1127,False,observed_zero,True,8091,Naive1|Naive3,L142448,3
L143061,Acid,2,0.00030821,0,0.0,666,0.47537473,736,False,observed_zero,True,7246,Naive3,L143061,0
L143061,Cisplatin,2,0.00030821,0,0.0,273,0.19486081,1129,False,observed_zero,True,6815,Naive3,L143061,0
L143061,CoCl2,2,0.00030821,0,0.0,320,0.22840828,1082,False,observed_zero,True,5134,Naive3,L143061,0
L143061,Dabrafenib,2,0.00030821,0,0.0,322,0.22983583,1080,False,observed_zero,True,6164,Naive3,L143061,0
L143061,Doxorubicin,2,0.00030821,0,0.0,406,0.289793,996,False,observed_zero,True,2832,Naive3,L143061,0
L143061,Trametinib,2,0.00030821,0,0.0,275,0.19628837,1127,False,observed_zero,True,8091,Naive3,L143061,0
L143472,Acid,1,0.00015411,0,0.0,666,0.47537473,736,False,observed_zero,True,7246,Naive3,L143472,2
L143472,Cisplatin,1,0.00015411,0,0.0,273,0.19486081,1129,False,observed_zero,True,6815,Naive3,L143472,2
L143472,CoCl2,1,0.00015411,0,0.0,320,0.22840828,1082,False,observed_zero,True,5134,Naive3,L143472,2
L143472,Dabrafenib,1,0.00015411,0,0.0,322,0.22983583,1080,False,observed_zero,True,6164,Naive3,L143472,2
L143472,Doxorubicin,1,0.00015411,0,0.0,406,0.289793,996,False,observed_zero,True,2832,Naive3,L143472,2
L143472,Trametinib,1,0.00015411,0,0.0,275,0.19628837,1127,False,observed_zero,True,8091,Naive3,L143472,2
L143620,Acid,1,0.00015411,0,0.0,666,0.47537473,736,False,observed_zero,True,7246,Naive3,L143620,2
L143620,Cisplatin,1,0.00015411,0,0.0,273,0.19486081,1129,False,observed_zero,True,6815,Naive3,L143620,2
L143620,CoCl2,1,0.00015411,0,0.0,320,0.22840828,1082,False,observed_zero,True,5134,Naive3,L143620,2
L143620,Dabrafenib,1,0.00015411,0,0.0,322,0.22983583,1080,False,observed_zero,True,6164,Naive3,L143620,2
L143620,Doxorubicin,1,0.00015411,0,0.0,406,0.289793,996,False,observed_zero,True,2832,Naive3,L143620,2
L143620,Trametinib,1,0.00015411,0,0.0,275,0.19628837,1127,False,observed_zero,True,8091,Naive3,L143620,2
L143819,Acid,3,0.00046232,1,0.00013801,487,0.34760885,179,True,observed_nonzero,True,7246,Naive1|Naive2,L143819,4
L143819,Cisplatin,3,0.00046232,1,0.00014674,110,0.07851535,163,True,observed_nonzero,True,6815,Naive1|Naive2,L143819,4
L143819,CoCl2,3,0.00046232,0,0.0,320,0.22840828,1082,False,observed_zero,True,5134,Naive1|Naive2,L143819,4
L143819,Dabrafenib,3,0.00046232,0,0.0,322,0.22983583,1080,False,observed_zero,True,6164,Naive1|Naive2,L143819,4
L143819,Doxorubicin,3,0.00046232,0,0.0,406,0.289793,996,False,observed_zero,True,2832,Naive1|Naive2,L143819,4
L143819,Trametinib,3,0.00046232,0,0.0,275,0.19628837,1127,False,observed_zero,True,8091,Naive1|Naive2,L143819,4
L144044,Acid,1,0.00015411,0,0.0,666,0.47537473,736,False,observed_zero,True,7246,Naive2,L144044,0
L144044,Cisplatin,1,0.00015411,0,0.0,273,0.19486081,1129,False,observed_zero,True,6815,Naive2,L144044,0
L144044,CoCl2,1,0.00015411,1,0.00019478,179,0.12776588,141,True,observed_nonzero,True,5134,Naive2,L144044,0
L144044,Dabrafenib,1,0.00015411,0,0.0,322,0.22983583,1080,False,observed_zero,True,6164,Naive2,L144044,0
L144044,Doxorubicin,1,0.00015411,0,0.0,406,0.289793,996,False,observed_zero,True,2832,Naive2,L144044,0
L144044,Trametinib,1,0.00015411,0,0.0,275,0.19628837,1127,False,observed_zero,True,8091,Naive2,L144044,0
L144132,Acid,6,0.00092464,0,0.0,666,0.47537473,736,False,observed_zero,True,7246,Naive2|Naive3,L144132,3
L144132,Cisplatin,6,0.00092464,0,0.0,273,0.19486081,1129,False,observed_zero,True,6815,Naive2|Naive3,L144132,3
L144132,CoCl2,6,0.00092464,0,0.0,320,0.22840828,1082,False,observed_zero,True,5134,Naive2|Naive3,L144132,3
L144132,Dabrafenib,6,0.00092464,0,0.0,322,0.22983583,1080,False,observed_zero,True,6164,Naive2|Naive3,L144132,3
L144132,Doxorubicin,6,0.00092464,1,0.00035311,218,0.15560314,188,True,observed_nonzero,True,2832,Naive2|Naive3,L144132,3
L144132,Trametinib,6,0.00092464,1,0.00012359,161,0.11491792,114,True,observed_nonzero,True,8091,Naive2|Naive3,L144132,3
L144495,Acid,4,0.00061643,2,0.00027601,380,0.27123483,107,True,observed_nonzero,True,7246,Naive1|Naive2|Naive3,L144495,4
L144495,Cisplatin,4,0.00061643,0,0.0,273,0.19486081,1129,False,observed_zero,True,6815,Naive1|Naive2|Naive3,L144495,4
L144495,CoCl2,4,0.00061643,0,0.0,320,0.22840828,1082,False,observed_zero,True,5134,Naive1|Naive2|Naive3,L144495,4
L144495,Dabrafenib,4,0.00061643,0,0.0,322,0.22983583,1080,False,observed_zero,True,6164,Naive1|Naive2|Naive3,L144495,4
L144495,Doxorubicin,4,0.00061643,0,0.0,406,0.289793,996,False,observed_zero,True,2832,Naive1|Naive2|Naive3,L144495,4
L144495,Trametinib,4,0.00061643,0,0.0,275,0.19628837,1127,False,observed_zero,True,8091,Naive1|Naive2|Naive3,L144495,4
L144579,Acid,1,0.00015411,1,0.00013801,487,0.34760885,179,True,observed_nonzero,True,7246,Naive3,L144579,0
L144579,Cisplatin,1,0.00015411,0,0.0,273,0.19486081,1129,False,observed_zero,True,6815,Naive3,L144579,0
L144579,CoCl2,1,0.00015411,1,0.00019478,179,0.12776588,141,True,observed_nonzero,True,5134,Naive3,L144579,0
L144579,Dabrafenib,1,0.00015411,0,0.0,322,0.22983583,1080,False,observed_zero,True,6164,Naive3,L144579,0
L144579,Doxorubicin,1,0.00015411,0,0.0,406,0.289793,996,False,observed_zero,True,2832,Naive3,L144579,0
L144579,Trametinib,1,0.00015411,1,0.00012359,161,0.11491792,114,True,observed_nonzero,True,8091,Naive3,L144579,0
L145010,Acid,5,0.00077053,5,0.00069004,232,0.165596,35,True,observed_nonzero,True,7246,Naive1|Naive2|Naive3,L145010,0
L145010,Cisplatin,5,0.00077053,2,0.00029347,60,0.04282655,50,True,observed_nonzero,True,6815,Naive1|Naive2|Naive3,L145010,0
L145010,CoCl2,5,0.00077053,0,0.0,320,0.22840828,1082,False,observed_zero,True,5134,Naive1|Naive2|Naive3,L145010,0
L145010,Dabrafenib,5,0.00077053,0,0.0,322,0.22983583,1080,False,observed_zero,True,6164,Naive1|Naive2|Naive3,L145010,0
L145010,Doxorubicin,5,0.00077053,2,0.00070621,135,0.09635974,83,True,observed_nonzero,True,2832,Naive1|Naive2|Naive3,L145010,0
L145010,Trametinib,5,0.00077053,0,0.0,275,0.19628837,1127,False,observed_zero,True,8091,Naive1|Naive2|Naive3,L145010,0
L145073,Acid,20,0.00308214,50,0.00690036,22,0.01570307,1,True,observed_nonzero,True,7246,Naive1|Naive2|Naive3,L145073,1
L145073,Cisplatin,20,0.00308214,0,0.0,273,0.19486081,1129,False,observed_zero,True,6815,Naive1|Naive2|Naive3,L145073,1
L145073,CoCl2,20,0.00308214,1,0.00019478,179,0.12776588,141,True,observed_nonzero,True,5134,Naive1|Naive2|Naive3,L145073,1
L145073,Dabrafenib,20,0.00308214,0,0.0,322,0.22983583,1080,False,observed_zero,True,6164,Naive1|Naive2|Naive3,L145073,1
L145073,Doxorubicin,20,0.00308214,0,0.0,406,0.289793,996,False,observed_zero,True,2832,Naive1|Naive2|Naive3,L145073,1
L145073,Trametinib,20,0.00308214,0,0.0,275,0.19628837,1127,False,observed_zero,True,8091,Naive1|Naive2|Naive3,L145073,1
L145077,Acid,3,0.00046232,2,0.00027601,380,0.27123483,107,True,observed_nonzero,True,7246,Naive1|Naive3,L145077,0
L145077,Cisplatin,3,0.00046232,1,0.00014674,110,0.07851535,163,True,observed_nonzero,True,6815,Naive1|Naive3,L145077,0
L145077,CoCl2,3,0.00046232,0,0.0,320,0.22840828,1082,False,observed_zero,True,5134,Naive1|Naive3,L145077,0
L145077,Dabrafenib,3,0.00046232,0,0.0,322,0.22983583,1080,False,observed_zero,True,6164,Naive1|Naive3,L145077,0
L145077,Doxorubicin,3,0.00046232,0,0.0,406,0.289793,996,False,observed_zero,True,2832,Naive1|Naive3,L145077,0
L145077,Trametinib,3,0.00046232,0,0.0,275,0.19628837,1127,False,observed_zero,True,8091,Naive1|Naive3,L145077,0
L145263,Acid,27,0.00416089,9,0.00124206,156,0.11134904,17,True,observed_nonzero,True,7246,Naive1|Naive2|Naive3,L145263,4
L145263,Cisplatin,27,0.00416089,0,0.0,273,0.19486081,1129,False,observed_zero,True,6815,Naive1|Naive2|Naive3,L145263,4
L145263,CoCl2,27,0.00416089,0,0.0,320,0.22840828,1082,False,observed_zero,True,5134,Naive1|Naive2|Naive3,L145263,4
L145263,Dabrafenib,27,0.00416089,0,0.0,322,0.22983583,1080,False,observed_zero,True,6164,Naive1|Naive2|Naive3,L145263,4
L145263,Doxorubicin,27,0.00416089,2,0.00070621,135,0.09635974,83,True,observed_nonzero,True,2832,Naive1|Naive2|Naive3,L145263,4
L145263,Trametinib,27,0.00416089,0,0.0,275,0.19628837,1127,False,observed_zero,True,8091,Naive1|Naive2|Naive3,L145263,4
L145281,Acid,2,0.00030821,1,0.00013801,487,0.34760885,179,True,observed_nonzero,True,7246,Naive2|Naive3,L145281,4
L145281,Cisplatin,2,0.00030821,0,0.0,273,0.19486081,1129,False,observed_zero,True,6815,Naive2|Naive3,L145281,4
L145281,CoCl2,2,0.00030821,0,0.0,320,0.22840828,1082,False,observed_zero,True,5134,Naive2|Naive3,L145281,4
L145281,Dabrafenib,2,0.00030821,0,0.0,322,0.22983583,1080,False,observed_zero,True,6164,Naive2|Naive3,L145281,4
L145281,Doxorubicin,2,0.00030821,2,0.00070621,135,0.09635974,83,True,observed_nonzero,True,2832,Naive2|Naive3,L145281,4
L145281,Trametinib,2,0.00030821,0,0.0,275,0.19628837,1127,False,observed_zero,True,8091,Naive2|Naive3,L145281,4
L145460,Acid,1,0.00015411,2,0.00027601,380,0.27123483,107,True,observed_nonzero,True,7246,Naive3,L145460,2
L145460,Cisplatin,1,0.00015411,0,0.0,273,0.19486081,1129,False,observed_zero,True,6815,Naive3,L145460,2
L145460,CoCl2,1,0.00015411,0,0.0,320,0.22840828,1082,False,observed_zero,True,5134,Naive3,L145460,2
L145460,Dabrafenib,1,0.00015411,0,0.0,322,0.22983583,1080,False,observed_zero,True,6164,Naive3,L145460,2
L145460,Doxorubicin,1,0.00015411,0,0.0,406,0.289793,996,False,observed_zero,True,2832,Naive3,L145460,2
L145460,Trametinib,1,0.00015411,0,0.0,275,0.19628837,1127,False,observed_zero,True,8091,Naive3,L145460,2
L146674,Acid,6,0.00092464,5,0.00069004,232,0.165596,35,True,observed_nonzero,True,7246,Naive1|Naive2|Naive3,L146674,3
L146674,Cisplatin,6,0.00092464,0,0.0,273,0.19486081,1129,False,observed_zero,True,6815,Naive1|Naive2|Naive3,L146674,3
L146674,CoCl2,6,0.00092464,2,0.00038956,110,0.07851535,69,True,observed_nonzero,True,5134,Naive1|Naive2|Naive3,L146674,3
L146674,Dabrafenib,6,0.00092464,5,0.00081116,91,0.0649536,9,True,observed_nonzero,True,6164,Naive1|Naive2|Naive3,L146674,3
L146674,Doxorubicin,6,0.00092464,0,0.0,406,0.289793,996,False,observed_zero,True,2832,Naive1|Naive2|Naive3,L146674,3
L146674,Trametinib,6,0.00092464,9,0.00111235,57,0.04068522,7,True,observed_nonzero,True,8091,Naive1|Naive2|Naive3,L146674,3
L146976,Acid,5,0.00077053,2,0.00027601,380,0.27123483,107,True,observed_nonzero,True,7246,Naive1|Naive2|Naive3,L146976,2
L146976,Cisplatin,5,0.00077053,1,0.00014674,110,0.07851535,163,True,observed_nonzero,True,6815,Naive1|Naive2|Naive3,L146976,2
L146976,CoCl2,5,0.00077053,1,0.00019478,179,0.12776588,141,True,observed_nonzero,True,5134,Naive1|Naive2|Naive3,L146976,2
L146976,Dabrafenib,5,0.00077053,8,0.00129786,69,0.04925054,3,True,observed_nonzero,True,6164,Naive1|Naive2|Naive3,L146976,2
L146976,Doxorubicin,5,0.00077053,2,0.00070621,135,0.09635974,83,True,observed_nonzero,True,2832,Naive1|Naive2|Naive3,L146976,2
L146976,Trametinib,5,0.00077053,1,0.00012359,161,0.11491792,114,True,observed_nonzero,True,8091,Naive1|Naive2|Naive3,L146976,2
L147347,Acid,18,0.00277393,8,0.00110406,173,0.12348323,19,True,observed_nonzero,True,7246,Naive1|Naive2|Naive3,L147347,1
L147347,Cisplatin,18,0.00277393,1,0.00014674,110,0.07851535,163,True,observed_nonzero,True,6815,Naive1|Naive2|Naive3,L147347,1
L147347,CoCl2,18,0.00277393,17,0.00331126,8,0.00571021,2,True,observed_nonzero,True,5134,Naive1|Naive2|Naive3,L147347,1
L147347,Dabrafenib,18,0.00277393,0,0.0,322,0.22983583,1080,False,observed_zero,True,6164,Naive1|Naive2|Naive3,L147347,1
L147347,Doxorubicin,18,0.00277393,1,0.00035311,218,0.15560314,188,True,observed_nonzero,True,2832,Naive1|Naive2|Naive3,L147347,1
L147347,Trametinib,18,0.00277393,0,0.0,275,0.19628837,1127,False,observed_zero,True,8091,Naive1|Naive2|Naive3,L147347,1
L148401,Acid,3,0.00046232,0,0.0,666,0.47537473,736,False,observed_zero,True,7246,Naive1|Naive2|Naive3,L148401,4
L148401,Cisplatin,3,0.00046232,0,0.0,273,0.19486081,1129,False,observed_zero,True,6815,Naive1|Naive2|Naive3,L148401,4
L148401,CoCl2,3,0.00046232,0,0.0,320,0.22840828,1082,False,observed_zero,True,5134,Naive1|Naive2|Naive3,L148401,4
L148401,Dabrafenib,3,0.00046232,0,0.0,322,0.22983583,1080,False,observed_zero,True,6164,Naive1|Naive2|Naive3,L148401,4
L148401,Doxorubicin,3,0.00046232,0,0.0,406,0.289793,996,False,observed_zero,True,2832,Naive1|Naive2|Naive3,L148401,4
L148401,Trametinib,3,0.00046232,0,0.0,275,0.19628837,1127,False,observed_zero,True,8091,Naive1|Naive2|Naive3,L148401,4
L148876,Acid,4,0.00061643,0,0.0,666,0.47537473,736,False,observed_zero,True,7246,Naive1|Naive2|Naive3,L148876,2
L148876,Cisplatin,4,0.00061643,1,0.00014674,110,0.07851535,163,True,observed_nonzero,True,6815,Naive1|Naive2|Naive3,L148876,2
L148876,CoCl2,4,0.00061643,0,0.0,320,0.22840828,1082,False,observed_zero,True,5134,Naive1|Naive2|Naive3,L148876,2
L148876,Dabrafenib,4,0.00061643,122,0.01979234,10,0.00713776,1,True,observed_nonzero,True,6164,Naive1|Naive2|Naive3,L148876,2
L148876,Doxorubicin,4,0.00061643,3,0.00105932,96,0.06852248,39,True,observed_nonzero,True,2832,Naive1|Naive2|Naive3,L148876,2
L148876,Trametinib,4,0.00061643,191,0.02360648,6,0.00428266,1,True,observed_nonzero,True,8091,Naive1|Naive2|Naive3,L148876,2
L149284,Acid,1,0.00015411,0,0.0,666,0.47537473,736,False,observed_zero,True,7246,Naive3,L149284,4
L149284,Cisplatin,1,0.00015411,0,0.0,273,0.19486081,1129,False,observed_zero,True,6815,Naive3,L149284,4
L149284,CoCl2,1,0.00015411,0,0.0,320,0.22840828,1082,False,observed_zero,True,5134,Naive3,L149284,4
L149284,Dabrafenib,1,0.00015411,0,0.0,322,0.22983583,1080,False,observed_zero,True,6164,Naive3,L149284,4
L149284,Doxorubicin,1,0.00015411,0,0.0,406,0.289793,996,False,observed_zero,True,2832,Naive3,L149284,4
L149284,Trametinib,1,0.00015411,0,0.0,275,0.19628837,1127,False,observed_zero,True,8091,Naive3,L149284,4
L149354,Acid,8,0.00123286,5,0.00069004,232,0.165596,35,True,observed_nonzero,True,7246,Naive1|Naive2|Naive3,L149354,1
L149354,Cisplatin,8,0.00123286,0,0.0,273,0.19486081,1129,False,observed_zero,True,6815,Naive1|Naive2|Naive3,L149354,1
L149354,CoCl2,8,0.00123286,0,0.0,320,0.22840828,1082,False,observed_zero,True,5134,Naive1|Naive2|Naive3,L149354,1
L149354,Dabrafenib,8,0.00123286,0,0.0,322,0.22983583,1080,False,observed_zero,True,6164,Naive1|Naive2|Naive3,L149354,1
L149354,Doxorubicin,8,0.00123286,0,0.0,406,0.289793,996,False,observed_zero,True,2832,Naive1|Naive2|Naive3,L149354,1
L149354,Trametinib,8,0.00123286,0,0.0,275,0.19628837,1127,False,observed_zero,True,8091,Naive1|Naive2|Naive3,L149354,1
L149376,Acid,6,0.00092464,2,0.00027601,380,0.27123483,107,True,observed_nonzero,True,7246,Naive1|Naive2|Naive3,L149376,0
L149376,Cisplatin,6,0.00092464,1,0.00014674,110,0.07851535,163,True,observed_nonzero,True,6815,Naive1|Naive2|Naive3,L149376,0
L149376,CoCl2,6,0.00092464,0,0.0,320,0.22840828,1082,False,observed_zero,True,5134,Naive1|Naive2|Naive3,L149376,0
L149376,Dabrafenib,6,0.00092464,0,0.0,322,0.22983583,1080,False,observed_zero,True,6164,Naive1|Naive2|Naive3,L149376,0
L149376,Doxorubicin,6,0.00092464,0,0.0,406,0.289793,996,False,observed_zero,True,2832,Naive1|Naive2|Naive3,L149376,0
L149376,Trametinib,6,0.00092464,0,0.0,275,0.19628837,1127,False,observed_zero,True,8091,Naive1|Naive2|Naive3,L149376,0
L14939,Acid,2,0.00030821,0,0.0,666,0.47537473,736,False,observed_zero,True,7246,Naive3,L14939,1
L14939,Cisplatin,2,0.00030821,0,0.0,273,0.19486081,1129,False,observed_zero,True,6815,Naive3,L14939,1
L14939,CoCl2,2,0.00030821,0,0.0,320,0.22840828,1082,False,observed_zero,True,5134,Naive3,L14939,1
L14939,Dabrafenib,2,0.00030821,0,0.0,322,0.22983583,1080,False,observed_zero,True,6164,Naive3,L14939,1
L14939,Doxorubicin,2,0.00030821,1,0.00035311,218,0.15560314,188,True,observed_nonzero,True,2832,Naive3,L14939,1
L14939,Trametinib,2,0.00030821,0,0.0,275,0.19628837,1127,False,observed_zero,True,8091,Naive3,L14939,1
L149612,Acid,18,0.00277393,14,0.0019321,103,0.07351892,12,True,observed_nonzero,True,7246,Naive1|Naive2|Naive3,L149612,4
L149612,Cisplatin,18,0.00277393,2,0.00029347,60,0.04282655,50,True,observed_nonzero,True,6815,Naive1|Naive2|Naive3,L149612,4
L149612,CoCl2,18,0.00277393,3,0.00058434,80,0.05710207,30,True,observed_nonzero,True,5134,Naive1|Naive2|Naive3,L149612,4
L149612,Dabrafenib,18,0.00277393,2,0.00032446,135,0.09635974,47,True,observed_nonzero,True,6164,Naive1|Naive2|Naive3,L149612,4
L149612,Doxorubicin,18,0.00277393,2,0.00070621,135,0.09635974,83,True,observed_nonzero,True,2832,Naive1|Naive2|Naive3,L149612,4
L149612,Trametinib,18,0.00277393,0,0.0,275,0.19628837,1127,False,observed_zero,True,8091,Naive1|Naive2|Naive3,L149612,4
L150059,Acid,2,0.00030821,0,0.0,666,0.47537473,736,False,observed_zero,True,7246,Naive1|Naive2,L150059,2
L150059,Cisplatin,2,0.00030821,0,0.0,273,0.19486081,1129,False,observed_zero,True,6815,Naive1|Naive2,L150059,2
L150059,CoCl2,2,0.00030821,0,0.0,320,0.22840828,1082,False,observed_zero,True,5134,Naive1|Naive2,L150059,2
L150059,Dabrafenib,2,0.00030821,0,0.0,322,0.22983583,1080,False,observed_zero,True,6164,Naive1|Naive2,L150059,2
L150059,Doxorubicin,2,0.00030821,0,0.0,406,0.289793,996,False,observed_zero,True,2832,Naive1|Naive2,L150059,2
L150059,Trametinib,2,0.00030821,0,0.0,275,0.19628837,1127,False,observed_zero,True,8091,Naive1|Naive2,L150059,2
L15037,Acid,1,0.00015411,3,0.00041402,318,0.22698073,62,True,observed_nonzero,True,7246,Naive3,L15037,4
L15037,Cisplatin,1,0.00015411,0,0.0,273,0.19486081,1129,False,observed_zero,True,6815,Naive3,L15037,4
L15037,CoCl2,1,0.00015411,0,0.0,320,0.22840828,1082,False,observed_zero,True,5134,Naive3,L15037,4
L15037,Dabrafenib,1,0.00015411,0,0.0,322,0.22983583,1080,False,observed_zero,True,6164,Naive3,L15037,4
L15037,Doxorubicin,1,0.00015411,0,0.0,406,0.289793,996,False,observed_zero,True,2832,Naive3,L15037,4
L15037,Trametinib,1,0.00015411,0,0.0,275,0.19628837,1127,False,observed_zero,True,8091,Naive3,L15037,4
L150552,Acid,1,0.00015411,0,0.0,666,0.47537473,736,False,observed_zero,True,7246,Naive3,L150552,1
L150552,Cisplatin,1,0.00015411,0,0.0,273,0.19486081,1129,False,observed_zero,True,6815,Naive3,L150552,1
L150552,CoCl2,1,0.00015411,0,0.0,320,0.22840828,1082,False,observed_zero,True,5134,Naive3,L150552,1
L150552,Dabrafenib,1,0.00015411,1,0.00016223,182,0.12990721,140,True,observed_nonzero,True,6164,Naive3,L150552,1
L150552,Doxorubicin,1,0.00015411,0,0.0,406,0.289793,996,False,observed_zero,True,2832,Naive3,L150552,1
L150552,Trametinib,1,0.00015411,0,0.0,275,0.19628837,1127,False,observed_zero,True,8091,Naive3,L150552,1
L150587,Acid,2,0.00030821,0,0.0,666,0.47537473,736,False,observed_zero,True,7246,Naive1|Naive2,L150587,3
L150587,Cisplatin,2,0.00030821,0,0.0,273,0.19486081,1129,False,observed_zero,True,6815,Naive1|Naive2,L150587,3
L150587,CoCl2,2,0.00030821,0,0.0,320,0.22840828,1082,False,observed_zero,True,5134,Naive1|Naive2,L150587,3
L150587,Dabrafenib,2,0.00030821,1,0.00016223,182,0.12990721,140,True,observed_nonzero,True,6164,Naive1|Naive2,L150587,3
L150587,Doxorubicin,2,0.00030821,0,0.0,406,0.289793,996,False,observed_zero,True,2832,Naive1|Naive2,L150587,3
L150587,Trametinib,2,0.00030821,0,0.0,275,0.19628837,1127,False,observed_zero,True,8091,Naive1|Naive2,L150587,3
L150868,Acid,4,0.00061643,9,0.00124206,156,0.11134904,17,True,observed_nonzero,True,7246,Naive1|Naive3,L150868,3
L150868,Cisplatin,4,0.00061643,0,0.0,273,0.19486081,1129,False,observed_zero,True,6815,Naive1|Naive3,L150868,3
L150868,CoCl2,4,0.00061643,1,0.00019478,179,0.12776588,141,True,observed_nonzero,True,5134,Naive1|Naive3,L150868,3
L150868,Dabrafenib,4,0.00061643,0,0.0,322,0.22983583,1080,False,observed_zero,True,6164,Naive1|Naive3,L150868,3
L150868,Doxorubicin,4,0.00061643,0,0.0,406,0.289793,996,False,observed_zero,True,2832,Naive1|Naive3,L150868,3
L150868,Trametinib,4,0.00061643,0,0.0,275,0.19628837,1127,False,observed_zero,True,8091,Naive1|Naive3,L150868,3
L151380,Acid,10,0.00154107,1,0.00013801,487,0.34760885,179,True,observed_nonzero,True,7246,Naive1|Naive2|Naive3,L151380,4
L151380,Cisplatin,10,0.00154107,1,0.00014674,110,0.07851535,163,True,observed_nonzero,True,6815,Naive1|Naive2|Naive3,L151380,4
L151380,CoCl2,10,0.00154107,1,0.00019478,179,0.12776588,141,True,observed_nonzero,True,5134,Naive1|Naive2|Naive3,L151380,4
L151380,Dabrafenib,10,0.00154107,1,0.00016223,182,0.12990721,140,True,observed_nonzero,True,6164,Naive1|Naive2|Naive3,L151380,4
L151380,Doxorubicin,10,0.00154107,2,0.00070621,135,0.09635974,83,True,observed_nonzero,True,2832,Naive1|Naive2|Naive3,L151380,4
L151380,Trametinib,10,0.00154107,0,0.0,275,0.19628837,1127,False,observed_zero,True,8091,Naive1|Naive2|Naive3,L151380,4
L151909,Acid,1,0.00015411,0,0.0,666,0.47537473,736,False,observed_zero,True,7246,Naive2,L151909,1
L151909,Cisplatin,1,0.00015411,0,0.0,273,0.19486081,1129,False,observed_zero,True,6815,Naive2,L151909,1
L151909,CoCl2,1,0.00015411,0,0.0,320,0.22840828,1082,False,observed_zero,True,5134,Naive2,L151909,1
L151909,Dabrafenib,1,0.00015411,0,0.0,322,0.22983583,1080,False,observed_zero,True,6164,Naive2,L151909,1
L151909,Doxorubicin,1,0.00015411,0,0.0,406,0.289793,996,False,observed_zero,True,2832,Naive2,L151909,1
L151909,Trametinib,1,0.00015411,0,0.0,275,0.19628837,1127,False,observed_zero,True,8091,Naive2,L151909,1
L151921,Acid,1,0.00015411,0,0.0,666,0.47537473,736,False,observed_zero,True,7246,Naive3,L151921,2
L151921,Cisplatin,1,0.00015411,0,0.0,273,0.19486081,1129,False,observed_zero,True,6815,Naive3,L151921,2
L151921,CoCl2,1,0.00015411,0,0.0,320,0.22840828,1082,False,observed_zero,True,5134,Naive3,L151921,2
L151921,Dabrafenib,1,0.00015411,0,0.0,322,0.22983583,1080,False,observed_zero,True,6164,Naive3,L151921,2
L151921,Doxorubicin,1,0.00015411,0,0.0,406,0.289793,996,False,observed_zero,True,2832,Naive3,L151921,2
L151921,Trametinib,1,0.00015411,0,0.0,275,0.19628837,1127,False,observed_zero,True,8091,Naive3,L151921,2
L152330,Acid,4,0.00061643,0,0.0,666,0.47537473,736,False,observed_zero,True,7246,Naive1,L152330,3
L152330,Cisplatin,4,0.00061643,0,0.0,273,0.19486081,1129,False,observed_zero,True,6815,Naive1,L152330,3
L152330,CoCl2,4,0.00061643,0,0.0,320,0.22840828,1082,False,observed_zero,True,5134,Naive1,L152330,3
L152330,Dabrafenib,4,0.00061643,0,0.0,322,0.22983583,1080,False,observed_zero,True,6164,Naive1,L152330,3
L152330,Doxorubicin,4,0.00061643,0,0.0,406,0.289793,996,False,observed_zero,True,2832,Naive1,L152330,3
L152330,Trametinib,4,0.00061643,0,0.0,275,0.19628837,1127,False,observed_zero,True,8091,Naive1,L152330,3
L152456,Acid,1,0.00015411,0,0.0,666,0.47537473,736,False,observed_zero,True,7246,Naive3,L152456,4
L152456,Cisplatin,1,0.00015411,0,0.0,273,0.19486081,1129,False,observed_zero,True,6815,Naive3,L152456,4
L152456,CoCl2,1,0.00015411,0,0.0,320,0.22840828,1082,False,observed_zero,True,5134,Naive3,L152456,4
L152456,Dabrafenib,1,0.00015411,0,0.0,322,0.22983583,1080,False,observed_zero,True,6164,Naive3,L152456,4
L152456,Doxorubicin,1,0.00015411,0,0.0,406,0.289793,996,False,observed_zero,True,2832,Naive3,L152456,4
L152456,Trametinib,1,0.00015411,0,0.0,275,0.19628837,1127,False,observed_zero,True,8091,Naive3,L152456,4
L152572,Acid,3,0.00046232,3,0.00041402,318,0.22698073,62,True,observed_nonzero,True,7246,Naive1|Naive2|Naive3,L152572,3
L152572,Cisplatin,3,0.00046232,0,0.0,273,0.19486081,1129,False,observed_zero,True,6815,Naive1|Naive2|Naive3,L152572,3
L152572,CoCl2,3,0.00046232,3,0.00058434,80,0.05710207,30,True,observed_nonzero,True,5134,Naive1|Naive2|Naive3,L152572,3
L152572,Dabrafenib,3,0.00046232,0,0.0,322,0.22983583,1080,False,observed_zero,True,6164,Naive1|Naive2|Naive3,L152572,3
L152572,Doxorubicin,3,0.00046232,1,0.00035311,218,0.15560314,188,True,observed_nonzero,True,2832,Naive1|Naive2|Naive3,L152572,3
L152572,Trametinib,3,0.00046232,0,0.0,275,0.19628837,1127,False,observed_zero,True,8091,Naive1|Naive2|Naive3,L152572,3
L152903,Acid,25,0.00385267,42,0.0057963,29,0.0206995,2,True,observed_nonzero,True,7246,Naive1|Naive2|Naive3,L152903,2
L152903,Cisplatin,25,0.00385267,2,0.00029347,60,0.04282655,50,True,observed_nonzero,True,6815,Naive1|Naive2|Naive3,L152903,2
L152903,CoCl2,25,0.00385267,2,0.00038956,110,0.07851535,69,True,observed_nonzero,True,5134,Naive1|Naive2|Naive3,L152903,2
L152903,Dabrafenib,25,0.00385267,10,0.00162232,56,0.03997145,6,True,observed_nonzero,True,6164,Naive1|Naive2|Naive3,L152903,2
L152903,Doxorubicin,25,0.00385267,5,0.00176554,59,0.04211278,11,True,observed_nonzero,True,2832,Naive1|Naive2|Naive3,L152903,2
L152903,Trametinib,25,0.00385267,2,0.00024719,124,0.08850821,37,True,observed_nonzero,True,8091,Naive1|Naive2|Naive3,L152903,2
L152911,Acid,1,0.00015411,5,0.00069004,232,0.165596,35,True,observed_nonzero,True,7246,Naive1,L152911,4
L152911,Cisplatin,1,0.00015411,0,0.0,273,0.19486081,1129,False,observed_zero,True,6815,Naive1,L152911,4
L152911,CoCl2,1,0.00015411,3,0.00058434,80,0.05710207,30,True,observed_nonzero,True,5134,Naive1,L152911,4
L152911,Dabrafenib,1,0.00015411,0,0.0,322,0.22983583,1080,False,observed_zero,True,6164,Naive1,L152911,4
L152911,Doxorubicin,1,0.00015411,1,0.00035311,218,0.15560314,188,True,observed_nonzero,True,2832,Naive1,L152911,4
L152911,Trametinib,1,0.00015411,0,0.0,275,0.19628837,1127,False,observed_zero,True,8091,Naive1,L152911,4
L153469,Acid,9,0.00138696,7,0.00096605,192,0.13704497,24,True,observed_nonzero,True,7246,Naive1|Naive3,L153469,3
L153469,Cisplatin,9,0.00138696,2,0.00029347,60,0.04282655,50,True,observed_nonzero,True,6815,Naive1|Naive3,L153469,3
L153469,CoCl2,9,0.00138696,0,0.0,320,0.22840828,1082,False,observed_zero,True,5134,Naive1|Naive3,L153469,3
L153469,Dabrafenib,9,0.00138696,7,0.00113563,72,0.05139186,8,True,observed_nonzero,True,6164,Naive1|Naive3,L153469,3
L153469,Doxorubicin,9,0.00138696,0,0.0,406,0.289793,996,False,observed_zero,True,2832,Naive1|Naive3,L153469,3
L153469,Trametinib,9,0.00138696,20,0.00247188,26,0.01855817,3,True,observed_nonzero,True,8091,Naive1|Naive3,L153469,3
L153570,Acid,1,0.00015411,0,0.0,666,0.47537473,736,False,observed_zero,True,7246,Naive1,L153570,4
L153570,Cisplatin,1,0.00015411,0,0.0,273,0.19486081,1129,False,observed_zero,True,6815,Naive1,L153570,4
L153570,CoCl2,1,0.00015411,0,0.0,320,0.22840828,1082,False,observed_zero,True,5134,Naive1,L153570,4
L153570,Dabrafenib,1,0.00015411,0,0.0,322,0.22983583,1080,False,observed_zero,True,6164,Naive1,L153570,4
L153570,Doxorubicin,1,0.00015411,1,0.00035311,218,0.15560314,188,True,observed_nonzero,True,2832,Naive1,L153570,4
L153570,Trametinib,1,0.00015411,0,0.0,275,0.19628837,1127,False,observed_zero,True,8091,Naive1,L153570,4
L15407,Acid,16,0.00246571,12,0.00165609,124,0.08850821,12,True,observed_nonzero,True,7246,Naive1|Naive2|Naive3,L15407,3
L15407,Cisplatin,16,0.00246571,0,0.0,273,0.19486081,1129,False,observed_zero,True,6815,Naive1|Naive2|Naive3,L15407,3
L15407,CoCl2,16,0.00246571,4,0.00077912,63,0.04496788,17,True,observed_nonzero,True,5134,Naive1|Naive2|Naive3,L15407,3
L15407,Dabrafenib,16,0.00246571,1,0.00016223,182,0.12990721,140,True,observed_nonzero,True,6164,Naive1|Naive2|Naive3,L15407,3
L15407,Doxorubicin,16,0.00246571,3,0.00105932,96,0.06852248,39,True,observed_nonzero,True,2832,Naive1|Naive2|Naive3,L15407,3
L15407,Trametinib,16,0.00246571,2,0.00024719,124,0.08850821,37,True,observed_nonzero,True,8091,Naive1|Naive2|Naive3,L15407,3
L154362,Acid,2,0.00030821,0,0.0,666,0.47537473,736,False,observed_zero,True,7246,Naive2|Naive3,L154362,2
L154362,Cisplatin,2,0.00030821,0,0.0,273,0.19486081,1129,False,observed_zero,True,6815,Naive2|Naive3,L154362,2
L154362,CoCl2,2,0.00030821,0,0.0,320,0.22840828,1082,False,observed_zero,True,5134,Naive2|Naive3,L154362,2
L154362,Dabrafenib,2,0.00030821,0,0.0,322,0.22983583,1080,False,observed_zero,True,6164,Naive2|Naive3,L154362,2
L154362,Doxorubicin,2,0.00030821,0,0.0,406,0.289793,996,False,observed_zero,True,2832,Naive2|Naive3,L154362,2
L154362,Trametinib,2,0.00030821,0,0.0,275,0.19628837,1127,False,observed_zero,True,8091,Naive2|Naive3,L154362,2
L154401,Acid,6,0.00092464,2,0.00027601,380,0.27123483,107,True,observed_nonzero,True,7246,Naive1|Naive2|Naive3,L154401,3
L154401,Cisplatin,6,0.00092464,0,0.0,273,0.19486081,1129,False,observed_zero,True,6815,Naive1|Naive2|Naive3,L154401,3
L154401,CoCl2,6,0.00092464,3,0.00058434,80,0.05710207,30,True,observed_nonzero,True,5134,Naive1|Naive2|Naive3,L154401,3
L154401,Dabrafenib,6,0.00092464,2,0.00032446,135,0.09635974,47,True,observed_nonzero,True,6164,Naive1|Naive2|Naive3,L154401,3
L154401,Doxorubicin,6,0.00092464,0,0.0,406,0.289793,996,False,observed_zero,True,2832,Naive1|Naive2|Naive3,L154401,3
L154401,Trametinib,6,0.00092464,8,0.00098875,64,0.04568166,3,True,observed_nonzero,True,8091,Naive1|Naive2|Naive3,L154401,3
L155295,Acid,1,0.00015411,0,0.0,666,0.47537473,736,False,observed_zero,True,7246,Naive2,L155295,4
L155295,Cisplatin,1,0.00015411,0,0.0,273,0.19486081,1129,False,observed_zero,True,6815,Naive2,L155295,4
L155295,CoCl2,1,0.00015411,2,0.00038956,110,0.07851535,69,True,observed_nonzero,True,5134,Naive2,L155295,4
L155295,Dabrafenib,1,0.00015411,0,0.0,322,0.22983583,1080,False,observed_zero,True,6164,Naive2,L155295,4
L155295,Doxorubicin,1,0.00015411,2,0.00070621,135,0.09635974,83,True,observed_nonzero,True,2832,Naive2,L155295,4
L155295,Trametinib,1,0.00015411,0,0.0,275,0.19628837,1127,False,observed_zero,True,8091,Naive2,L155295,4
L155592,Acid,1,0.00015411,0,0.0,666,0.47537473,736,False,observed_zero,True,7246,Naive2,L155592,3
L155592,Cisplatin,1,0.00015411,0,0.0,273,0.19486081,1129,False,observed_zero,True,6815,Naive2,L155592,3
L155592,CoCl2,1,0.00015411,0,0.0,320,0.22840828,1082,False,observed_zero,True,5134,Naive2,L155592,3
L155592,Dabrafenib,1,0.00015411,0,0.0,322,0.22983583,1080,False,observed_zero,True,6164,Naive2,L155592,3
L155592,Doxorubicin,1,0.00015411,0,0.0,406,0.289793,996,False,observed_zero,True,2832,Naive2,L155592,3
L155592,Trametinib,1,0.00015411,0,0.0,275,0.19628837,1127,False,observed_zero,True,8091,Naive2,L155592,3
L15582,Acid,1,0.00015411,2,0.00027601,380,0.27123483,107,True,observed_nonzero,True,7246,Naive3,L15582,1
L15582,Cisplatin,1,0.00015411,3,0.00044021,37,0.02640971,23,True,observed_nonzero,True,6815,Naive3,L15582,1
L15582,CoCl2,1,0.00015411,0,0.0,320,0.22840828,1082,False,observed_zero,True,5134,Naive3,L15582,1
L15582,Dabrafenib,1,0.00015411,0,0.0,322,0.22983583,1080,False,observed_zero,True,6164,Naive3,L15582,1
L15582,Doxorubicin,1,0.00015411,0,0.0,406,0.289793,996,False,observed_zero,True,2832,Naive3,L15582,1
L15582,Trametinib,1,0.00015411,0,0.0,275,0.19628837,1127,False,observed_zero,True,8091,Naive3,L15582,1
L155963,Acid,9,0.00138696,17,0.00234612,91,0.0649536,2,True,observed_nonzero,True,7246,Naive1|Naive2|Naive3,L155963,0
L155963,Cisplatin,9,0.00138696,1,0.00014674,110,0.07851535,163,True,observed_nonzero,True,6815,Naive1|Naive2|Naive3,L155963,0
L155963,CoCl2,9,0.00138696,5,0.0009739,47,0.03354747,16,True,observed_nonzero,True,5134,Naive1|Naive2|Naive3,L155963,0
L155963,Dabrafenib,9,0.00138696,0,0.0,322,0.22983583,1080,False,observed_zero,True,6164,Naive1|Naive2|Naive3,L155963,0
L155963,Doxorubicin,9,0.00138696,3,0.00105932,96,0.06852248,39,True,observed_nonzero,True,2832,Naive1|Naive2|Naive3,L155963,0
L155963,Trametinib,9,0.00138696,0,0.0,275,0.19628837,1127,False,observed_zero,True,8091,Naive1|Naive2|Naive3,L155963,0
L156142,Acid,2,0.00030821,0,0.0,666,0.47537473,736,False,observed_zero,True,7246,Naive3,L156142,4
L156142,Cisplatin,2,0.00030821,0,0.0,273,0.19486081,1129,False,observed_zero,True,6815,Naive3,L156142,4
L156142,CoCl2,2,0.00030821,0,0.0,320,0.22840828,1082,False,observed_zero,True,5134,Naive3,L156142,4
L156142,Dabrafenib,2,0.00030821,0,0.0,322,0.22983583,1080,False,observed_zero,True,6164,Naive3,L156142,4
L156142,Doxorubicin,2,0.00030821,0,0.0,406,0.289793,996,False,observed_zero,True,2832,Naive3,L156142,4
L156142,Trametinib,2,0.00030821,0,0.0,275,0.19628837,1127,False,observed_zero,True,8091,Naive3,L156142,4
L156620,Acid,1,0.00015411,0,0.0,666,0.47537473,736,False,observed_zero,True,7246,Naive2,L156620,2
L156620,Cisplatin,1,0.00015411,0,0.0,273,0.19486081,1129,False,observed_zero,True,6815,Naive2,L156620,2
L156620,CoCl2,1,0.00015411,0,0.0,320,0.22840828,1082,False,observed_zero,True,5134,Naive2,L156620,2
L156620,Dabrafenib,1,0.00015411,0,0.0,322,0.22983583,1080,False,observed_zero,True,6164,Naive2,L156620,2
L156620,Doxorubicin,1,0.00015411,0,0.0,406,0.289793,996,False,observed_zero,True,2832,Naive2,L156620,2
L156620,Trametinib,1,0.00015411,0,0.0,275,0.19628837,1127,False,observed_zero,True,8091,Naive2,L156620,2
L157880,Acid,1,0.00015411,1,0.00013801,487,0.34760885,179,True,observed_nonzero,True,7246,Naive3,L157880,2
L157880,Cisplatin,1,0.00015411,0,0.0,273,0.19486081,1129,False,observed_zero,True,6815,Naive3,L157880,2
L157880,CoCl2,1,0.00015411,2,0.00038956,110,0.07851535,69,True,observed_nonzero,True,5134,Naive3,L157880,2
L157880,Dabrafenib,1,0.00015411,1,0.00016223,182,0.12990721,140,True,observed_nonzero,True,6164,Naive3,L157880,2
L157880,Doxorubicin,1,0.00015411,0,0.0,406,0.289793,996,False,observed_zero,True,2832,Naive3,L157880,2
L157880,Trametinib,1,0.00015411,1,0.00012359,161,0.11491792,114,True,observed_nonzero,True,8091,Naive3,L157880,2
L15809,Acid,13,0.00200339,18,0.00248413,86,0.06138473,5,True,observed_nonzero,True,7246,Naive1|Naive2|Naive3,L15809,2
L15809,Cisplatin,13,0.00200339,0,0.0,273,0.19486081,1129,False,observed_zero,True,6815,Naive1|Naive2|Naive3,L15809,2
L15809,CoCl2,13,0.00200339,3,0.00058434,80,0.05710207,30,True,observed_nonzero,True,5134,Naive1|Naive2|Naive3,L15809,2
L15809,Dabrafenib,13,0.00200339,0,0.0,322,0.22983583,1080,False,observed_zero,True,6164,Naive1|Naive2|Naive3,L15809,2
L15809,Doxorubicin,13,0.00200339,2,0.00070621,135,0.09635974,83,True,observed_nonzero,True,2832,Naive1|Naive2|Naive3,L15809,2
L15809,Trametinib,13,0.00200339,0,0.0,275,0.19628837,1127,False,observed_zero,True,8091,Naive1|Naive2|Naive3,L15809,2
L158461,Acid,1,0.00015411,2,0.00027601,380,0.27123483,107,True,observed_nonzero,True,7246,Naive3,L158461,4
L158461,Cisplatin,1,0.00015411,0,0.0,273,0.19486081,1129,False,observed_zero,True,6815,Naive3,L158461,4
L158461,CoCl2,1,0.00015411,0,0.0,320,0.22840828,1082,False,observed_zero,True,5134,Naive3,L158461,4
L158461,Dabrafenib,1,0.00015411,2,0.00032446,135,0.09635974,47,True,observed_nonzero,True,6164,Naive3,L158461,4
L158461,Doxorubicin,1,0.00015411,0,0.0,406,0.289793,996,False,observed_zero,True,2832,Naive3,L158461,4
L158461,Trametinib,1,0.00015411,1,0.00012359,161,0.11491792,114,True,observed_nonzero,True,8091,Naive3,L158461,4
L15899,Acid,1,0.00015411,0,0.0,666,0.47537473,736,False,observed_zero,True,7246,Naive3,L15899,3
L15899,Cisplatin,1,0.00015411,0,0.0,273,0.19486081,1129,False,observed_zero,True,6815,Naive3,L15899,3
L15899,CoCl2,1,0.00015411,0,0.0,320,0.22840828,1082,False,observed_zero,True,5134,Naive3,L15899,3
L15899,Dabrafenib,1,0.00015411,0,0.0,322,0.22983583,1080,False,observed_zero,True,6164,Naive3,L15899,3
L15899,Doxorubicin,1,0.00015411,0,0.0,406,0.289793,996,False,observed_zero,True,2832,Naive3,L15899,3
L15899,Trametinib,1,0.00015411,0,0.0,275,0.19628837,1127,False,observed_zero,True,8091,Naive3,L15899,3
L159186,Acid,1,0.00015411,0,0.0,666,0.47537473,736,False,observed_zero,True,7246,Naive2,L159186,3
L159186,Cisplatin,1,0.00015411,0,0.0,273,0.19486081,1129,False,observed_zero,True,6815,Naive2,L159186,3
L159186,CoCl2,1,0.00015411,1,0.00019478,179,0.12776588,141,True,observed_nonzero,True,5134,Naive2,L159186,3
L159186,Dabrafenib,1,0.00015411,1,0.00016223,182,0.12990721,140,True,observed_nonzero,True,6164,Naive2,L159186,3
L159186,Doxorubicin,1,0.00015411,0,0.0,406,0.289793,996,False,observed_zero,True,2832,Naive2,L159186,3
L159186,Trametinib,1,0.00015411,0,0.0,275,0.19628837,1127,False,observed_zero,True,8091,Naive2,L159186,3
L159393,Acid,3,0.00046232,0,0.0,666,0.47537473,736,False,observed_zero,True,7246,Naive2|Naive3,L159393,0
L159393,Cisplatin,3,0.00046232,0,0.0,273,0.19486081,1129,False,observed_zero,True,6815,Naive2|Naive3,L159393,0
L159393,CoCl2,3,0.00046232,0,0.0,320,0.22840828,1082,False,observed_zero,True,5134,Naive2|Naive3,L159393,0
L159393,Dabrafenib,3,0.00046232,0,0.0,322,0.22983583,1080,False,observed_zero,True,6164,Naive2|Naive3,L159393,0
L159393,Doxorubicin,3,0.00046232,1,0.00035311,218,0.15560314,188,True,observed_nonzero,True,2832,Naive2|Naive3,L159393,0
L159393,Trametinib,3,0.00046232,1,0.00012359,161,0.11491792,114,True,observed_nonzero,True,8091,Naive2|Naive3,L159393,0
L159660,Acid,6,0.00092464,12,0.00165609,124,0.08850821,12,True,observed_nonzero,True,7246,Naive1|Naive2|Naive3,L159660,1
L159660,Cisplatin,6,0.00092464,0,0.0,273,0.19486081,1129,False,observed_zero,True,6815,Naive1|Naive2|Naive3,L159660,1
L159660,CoCl2,6,0.00092464,0,0.0,320,0.22840828,1082,False,observed_zero,True,5134,Naive1|Naive2|Naive3,L159660,1
L159660,Dabrafenib,6,0.00092464,2,0.00032446,135,0.09635974,47,True,observed_nonzero,True,6164,Naive1|Naive2|Naive3,L159660,1
L159660,Doxorubicin,6,0.00092464,1,0.00035311,218,0.15560314,188,True,observed_nonzero,True,2832,Naive1|Naive2|Naive3,L159660,1
L159660,Trametinib,6,0.00092464,0,0.0,275,0.19628837,1127,False,observed_zero,True,8091,Naive1|Naive2|Naive3,L159660,1
L159831,Acid,1,0.00015411,1,0.00013801,487,0.34760885,179,True,observed_nonzero,True,7246,Naive2,L159831,2
L159831,Cisplatin,1,0.00015411,0,0.0,273,0.19486081,1129,False,observed_zero,True,6815,Naive2,L159831,2
L159831,CoCl2,1,0.00015411,0,0.0,320,0.22840828,1082,False,observed_zero,True,5134,Naive2,L159831,2
L159831,Dabrafenib,1,0.00015411,1,0.00016223,182,0.12990721,140,True,observed_nonzero,True,6164,Naive2,L159831,2
L159831,Doxorubicin,1,0.00015411,0,0.0,406,0.289793,996,False,observed_zero,True,2832,Naive2,L159831,2
L159831,Trametinib,1,0.00015411,1,0.00012359,161,0.11491792,114,True,observed_nonzero,True,8091,Naive2,L159831,2
L16013,Acid,1,0.00015411,0,0.0,666,0.47537473,736,False,observed_zero,True,7246,Naive3,L16013,4
L16013,Cisplatin,1,0.00015411,0,0.0,273,0.19486081,1129,False,observed_zero,True,6815,Naive3,L16013,4
L16013,CoCl2,1,0.00015411,0,0.0,320,0.22840828,1082,False,observed_zero,True,5134,Naive3,L16013,4
L16013,Dabrafenib,1,0.00015411,17,0.00275795,37,0.02640971,1,True,observed_nonzero,True,6164,Naive3,L16013,4
L16013,Doxorubicin,1,0.00015411,0,0.0,406,0.289793,996,False,observed_zero,True,2832,Naive3,L16013,4
L16013,Trametinib,1,0.00015411,7,0.00086516,67,0.04782298,9,True,observed_nonzero,True,8091,Naive3,L16013,4
L160197,Acid,1,0.00015411,0,0.0,666,0.47537473,736,False,observed_zero,True,7246,Naive2,L160197,1
L160197,Cisplatin,1,0.00015411,0,0.0,273,0.19486081,1129,False,observed_zero,True,6815,Naive2,L160197,1
L160197,CoCl2,1,0.00015411,0,0.0,320,0.22840828,1082,False,observed_zero,True,5134,Naive2,L160197,1
L160197,Dabrafenib,1,0.00015411,0,0.0,322,0.22983583,1080,False,observed_zero,True,6164,Naive2,L160197,1
L160197,Doxorubicin,1,0.00015411,1,0.00035311,218,0.15560314,188,True,observed_nonzero,True,2832,Naive2,L160197,1
L160197,Trametinib,1,0.00015411,0,0.0,275,0.19628837,1127,False,observed_zero,True,8091,Naive2,L160197,1
L160551,Acid,1,0.00015411,0,0.0,666,0.47537473,736,False,observed_zero,True,7246,Naive3,L160551,2
L160551,Cisplatin,1,0.00015411,0,0.0,273,0.19486081,1129,False,observed_zero,True,6815,Naive3,L160551,2
L160551,CoCl2,1,0.00015411,0,0.0,320,0.22840828,1082,False,observed_zero,True,5134,Naive3,L160551,2
L160551,Dabrafenib,1,0.00015411,0,0.0,322,0.22983583,1080,False,observed_zero,True,6164,Naive3,L160551,2
L160551,Doxorubicin,1,0.00015411,0,0.0,406,0.289793,996,False,observed_zero,True,2832,Naive3,L160551,2
L160551,Trametinib,1,0.00015411,0,0.0,275,0.19628837,1127,False,observed_zero,True,8091,Naive3,L160551,2
L160569,Acid,1,0.00015411,0,0.0,666,0.47537473,736,False,observed_zero,True,7246,Naive1,L160569,0
L160569,Cisplatin,1,0.00015411,0,0.0,273,0.19486081,1129,False,observed_zero,True,6815,Naive1,L160569,0
L160569,CoCl2,1,0.00015411,0,0.0,320,0.22840828,1082,False,observed_zero,True,5134,Naive1,L160569,0
L160569,Dabrafenib,1,0.00015411,0,0.0,322,0.22983583,1080,False,observed_zero,True,6164,Naive1,L160569,0
L160569,Doxorubicin,1,0.00015411,0,0.0,406,0.289793,996,False,observed_zero,True,2832,Naive1,L160569,0
L160569,Trametinib,1,0.00015411,0,0.0,275,0.19628837,1127,False,observed_zero,True,8091,Naive1,L160569,0
L160952,Acid,3,0.00046232,1,0.00013801,487,0.34760885,179,True,observed_nonzero,True,7246,Naive2,L160952,4
L160952,Cisplatin,3,0.00046232,2,0.00029347,60,0.04282655,50,True,observed_nonzero,True,6815,Naive2,L160952,4
L160952,CoCl2,3,0.00046232,0,0.0,320,0.22840828,1082,False,observed_zero,True,5134,Naive2,L160952,4
L160952,Dabrafenib,3,0.00046232,1,0.00016223,182,0.12990721,140,True,observed_nonzero,True,6164,Naive2,L160952,4
L160952,Doxorubicin,3,0.00046232,0,0.0,406,0.289793,996,False,observed_zero,True,2832,Naive2,L160952,4
L160952,Trametinib,3,0.00046232,2,0.00024719,124,0.08850821,37,True,observed_nonzero,True,8091,Naive2,L160952,4
L161079,Acid,3,0.00046232,1,0.00013801,487,0.34760885,179,True,observed_nonzero,True,7246,Naive2|Naive3,L161079,2
L161079,Cisplatin,3,0.00046232,1,0.00014674,110,0.07851535,163,True,observed_nonzero,True,6815,Naive2|Naive3,L161079,2
L161079,CoCl2,3,0.00046232,0,0.0,320,0.22840828,1082,False,observed_zero,True,5134,Naive2|Naive3,L161079,2
L161079,Dabrafenib,3,0.00046232,0,0.0,322,0.22983583,1080,False,observed_zero,True,6164,Naive2|Naive3,L161079,2
L161079,Doxorubicin,3,0.00046232,1,0.00035311,218,0.15560314,188,True,observed_nonzero,True,2832,Naive2|Naive3,L161079,2
L161079,Trametinib,3,0.00046232,0,0.0,275,0.19628837,1127,False,observed_zero,True,8091,Naive2|Naive3,L161079,2
L161593,Acid,1,0.00015411,2,0.00027601,380,0.27123483,107,True,observed_nonzero,True,7246,Naive2,L161593,2
L161593,Cisplatin,1,0.00015411,0,0.0,273,0.19486081,1129,False,observed_zero,True,6815,Naive2,L161593,2
L161593,CoCl2,1,0.00015411,0,0.0,320,0.22840828,1082,False,observed_zero,True,5134,Naive2,L161593,2
L161593,Dabrafenib,1,0.00015411,0,0.0,322,0.22983583,1080,False,observed_zero,True,6164,Naive2,L161593,2
L161593,Doxorubicin,1,0.00015411,0,0.0,406,0.289793,996,False,observed_zero,True,2832,Naive2,L161593,2
L161593,Trametinib,1,0.00015411,0,0.0,275,0.19628837,1127,False,observed_zero,True,8091,Naive2,L161593,2
L161723,Acid,2,0.00030821,0,0.0,666,0.47537473,736,False,observed_zero,True,7246,Naive3,L161723,0
L161723,Cisplatin,2,0.00030821,0,0.0,273,0.19486081,1129,False,observed_zero,True,6815,Naive3,L161723,0
L161723,CoCl2,2,0.00030821,0,0.0,320,0.22840828,1082,False,observed_zero,True,5134,Naive3,L161723,0
L161723,Dabrafenib,2,0.00030821,0,0.0,322,0.22983583,1080,False,observed_zero,True,6164,Naive3,L161723,0
L161723,Doxorubicin,2,0.00030821,0,0.0,406,0.289793,996,False,observed_zero,True,2832,Naive3,L161723,0
L161723,Trametinib,2,0.00030821,0,0.0,275,0.19628837,1127,False,observed_zero,True,8091,Naive3,L161723,0
L16178,Acid,10,0.00154107,42,0.0057963,29,0.0206995,2,True,observed_nonzero,True,7246,Naive1|Naive2|Naive3,L16178,0
L16178,Cisplatin,10,0.00154107,1,0.00014674,110,0.07851535,163,True,observed_nonzero,True,6815,Naive1|Naive2|Naive3,L16178,0
L16178,CoCl2,10,0.00154107,0,0.0,320,0.22840828,1082,False,observed_zero,True,5134,Naive1|Naive2|Naive3,L16178,0
L16178,Dabrafenib,10,0.00154107,1,0.00016223,182,0.12990721,140,True,observed_nonzero,True,6164,Naive1|Naive2|Naive3,L16178,0
L16178,Doxorubicin,10,0.00154107,7,0.00247175,41,0.02926481,9,True,observed_nonzero,True,2832,Naive1|Naive2|Naive3,L16178,0
L16178,Trametinib,10,0.00154107,0,0.0,275,0.19628837,1127,False,observed_zero,True,8091,Naive1|Naive2|Naive3,L16178,0
L161943,Acid,3,0.00046232,4,0.00055203,267,0.19057816,51,True,observed_nonzero,True,7246,Naive2|Naive3,L161943,4
L161943,Cisplatin,3,0.00046232,0,0.0,273,0.19486081,1129,False,observed_zero,True,6815,Naive2|Naive3,L161943,4
L161943,CoCl2,3,0.00046232,0,0.0,320,0.22840828,1082,False,observed_zero,True,5134,Naive2|Naive3,L161943,4
L161943,Dabrafenib,3,0.00046232,0,0.0,322,0.22983583,1080,False,observed_zero,True,6164,Naive2|Naive3,L161943,4
L161943,Doxorubicin,3,0.00046232,0,0.0,406,0.289793,996,False,observed_zero,True,2832,Naive2|Naive3,L161943,4
L161943,Trametinib,3,0.00046232,1,0.00012359,161,0.11491792,114,True,observed_nonzero,True,8091,Naive2|Naive3,L161943,4
L161977,Acid,20,0.00308214,43,0.00593431,28,0.01998572,1,True,observed_nonzero,True,7246,Naive1|Naive2|Naive3,L161977,0
L161977,Cisplatin,20,0.00308214,2,0.00029347,60,0.04282655,50,True,observed_nonzero,True,6815,Naive1|Naive2|Naive3,L161977,0
L161977,CoCl2,20,0.00308214,1,0.00019478,179,0.12776588,141,True,observed_nonzero,True,5134,Naive1|Naive2|Naive3,L161977,0
L161977,Dabrafenib,20,0.00308214,0,0.0,322,0.22983583,1080,False,observed_zero,True,6164,Naive1|Naive2|Naive3,L161977,0
L161977,Doxorubicin,20,0.00308214,0,0.0,406,0.289793,996,False,observed_zero,True,2832,Naive1|Naive2|Naive3,L161977,0
L161977,Trametinib,20,0.00308214,0,0.0,275,0.19628837,1127,False,observed_zero,True,8091,Naive1|Naive2|Naive3,L161977,0
L162222,Acid,1,0.00015411,0,0.0,666,0.47537473,736,False,observed_zero,True,7246,Naive2,L162222,1
L162222,Cisplatin,1,0.00015411,0,0.0,273,0.19486081,1129,False,observed_zero,True,6815,Naive2,L162222,1
L162222,CoCl2,1,0.00015411,0,0.0,320,0.22840828,1082,False,observed_zero,True,5134,Naive2,L162222,1
L162222,Dabrafenib,1,0.00015411,1,0.00016223,182,0.12990721,140,True,observed_nonzero,True,6164,Naive2,L162222,1
L162222,Doxorubicin,1,0.00015411,0,0.0,406,0.289793,996,False,observed_zero,True,2832,Naive2,L162222,1
L162222,Trametinib,1,0.00015411,0,0.0,275,0.19628837,1127,False,observed_zero,True,8091,Naive2,L162222,1
L162367,Acid,1,0.00015411,0,0.0,666,0.47537473,736,False,observed_zero,True,7246,Naive3,L162367,3
L162367,Cisplatin,1,0.00015411,0,0.0,273,0.19486081,1129,False,observed_zero,True,6815,Naive3,L162367,3
L162367,CoCl2,1,0.00015411,0,0.0,320,0.22840828,1082,False,observed_zero,True,5134,Naive3,L162367,3
L162367,Dabrafenib,1,0.00015411,0,0.0,322,0.22983583,1080,False,observed_zero,True,6164,Naive3,L162367,3
L162367,Doxorubicin,1,0.00015411,0,0.0,406,0.289793,996,False,observed_zero,True,2832,Naive3,L162367,3
L162367,Trametinib,1,0.00015411,0,0.0,275,0.19628837,1127,False,observed_zero,True,8091,Naive3,L162367,3
L16238,Acid,5,0.00077053,4,0.00055203,267,0.19057816,51,True,observed_nonzero,True,7246,Naive1|Naive3,L16238,3
L16238,Cisplatin,5,0.00077053,0,0.0,273,0.19486081,1129,False,observed_zero,True,6815,Naive1|Naive3,L16238,3
L16238,CoCl2,5,0.00077053,6,0.00116868,36,0.02569593,11,True,observed_nonzero,True,5134,Naive1|Naive3,L16238,3
L16238,Dabrafenib,5,0.00077053,0,0.0,322,0.22983583,1080,False,observed_zero,True,6164,Naive1|Naive3,L16238,3
L16238,Doxorubicin,5,0.00077053,4,0.00141243,70,0.04996431,26,True,observed_nonzero,True,2832,Naive1|Naive3,L16238,3
L16238,Trametinib,5,0.00077053,0,0.0,275,0.19628837,1127,False,observed_zero,True,8091,Naive1|Naive3,L16238,3
L16242,Acid,3,0.00046232,7,0.00096605,192,0.13704497,24,True,observed_nonzero,True,7246,Naive3,L16242,1
L16242,Cisplatin,3,0.00046232,2,0.00029347,60,0.04282655,50,True,observed_nonzero,True,6815,Naive3,L16242,1
L16242,CoCl2,3,0.00046232,2,0.00038956,110,0.07851535,69,True,observed_nonzero,True,5134,Naive3,L16242,1
L16242,Dabrafenib,3,0.00046232,0,0.0,322,0.22983583,1080,False,observed_zero,True,6164,Naive3,L16242,1
L16242,Doxorubicin,3,0.00046232,0,0.0,406,0.289793,996,False,observed_zero,True,2832,Naive3,L16242,1
L16242,Trametinib,3,0.00046232,0,0.0,275,0.19628837,1127,False,observed_zero,True,8091,Naive3,L16242,1
L162604,Acid,13,0.00200339,35,0.00483025,40,0.02855103,1,True,observed_nonzero,True,7246,Naive1|Naive2|Naive3,L162604,0
L162604,Cisplatin,13,0.00200339,2,0.00029347,60,0.04282655,50,True,observed_nonzero,True,6815,Naive1|Naive2|Naive3,L162604,0
L162604,CoCl2,13,0.00200339,6,0.00116868,36,0.02569593,11,True,observed_nonzero,True,5134,Naive1|Naive2|Naive3,L162604,0
L162604,Dabrafenib,13,0.00200339,0,0.0,322,0.22983583,1080,False,observed_zero,True,6164,Naive1|Naive2|Naive3,L162604,0
L162604,Doxorubicin,13,0.00200339,1,0.00035311,218,0.15560314,188,True,observed_nonzero,True,2832,Naive1|Naive2|Naive3,L162604,0
L162604,Trametinib,13,0.00200339,4,0.00049438,91,0.0649536,9,True,observed_nonzero,True,8091,Naive1|Naive2|Naive3,L162604,0
L16294,Acid,5,0.00077053,5,0.00069004,232,0.165596,35,True,observed_nonzero,True,7246,Naive1|Naive2|Naive3,L16294,1
L16294,Cisplatin,5,0.00077053,0,0.0,273,0.19486081,1129,False,observed_zero,True,6815,Naive1|Naive2|Naive3,L16294,1
L16294,CoCl2,5,0.00077053,0,0.0,320,0.22840828,1082,False,observed_zero,True,5134,Naive1|Naive2|Naive3,L16294,1
L16294,Dabrafenib,5,0.00077053,0,0.0,322,0.22983583,1080,False,observed_zero,True,6164,Naive1|Naive2|Naive3,L16294,1
L16294,Doxorubicin,5,0.00077053,0,0.0,406,0.289793,996,False,observed_zero,True,2832,Naive1|Naive2|Naive3,L16294,1
L16294,Trametinib,5,0.00077053,0,0.0,275,0.19628837,1127,False,observed_zero,True,8091,Naive1|Naive2|Naive3,L16294,1
L163387,Acid,1,0.00015411,0,0.0,666,0.47537473,736,False,observed_zero,True,7246,Naive3,L163387,3
L163387,Cisplatin,1,0.00015411,0,0.0,273,0.19486081,1129,False,observed_zero,True,6815,Naive3,L163387,3
L163387,CoCl2,1,0.00015411,0,0.0,320,0.22840828,1082,False,observed_zero,True,5134,Naive3,L163387,3
L163387,Dabrafenib,1,0.00015411,0,0.0,322,0.22983583,1080,False,observed_zero,True,6164,Naive3,L163387,3
L163387,Doxorubicin,1,0.00015411,0,0.0,406,0.289793,996,False,observed_zero,True,2832,Naive3,L163387,3
L163387,Trametinib,1,0.00015411,7,0.00086516,67,0.04782298,9,True,observed_nonzero,True,8091,Naive3,L163387,3
L16358,Acid,1,0.00015411,3,0.00041402,318,0.22698073,62,True,observed_nonzero,True,7246,Naive3,L16358,2
L16358,Cisplatin,1,0.00015411,0,0.0,273,0.19486081,1129,False,observed_zero,True,6815,Naive3,L16358,2
L16358,CoCl2,1,0.00015411,0,0.0,320,0.22840828,1082,False,observed_zero,True,5134,Naive3,L16358,2
L16358,Dabrafenib,1,0.00015411,0,0.0,322,0.22983583,1080,False,observed_zero,True,6164,Naive3,L16358,2
L16358,Doxorubicin,1,0.00015411,0,0.0,406,0.289793,996,False,observed_zero,True,2832,Naive3,L16358,2
L16358,Trametinib,1,0.00015411,0,0.0,275,0.19628837,1127,False,observed_zero,True,8091,Naive3,L16358,2
L163616,Acid,1,0.00015411,0,0.0,666,0.47537473,736,False,observed_zero,True,7246,Naive3,L163616,2
L163616,Cisplatin,1,0.00015411,0,0.0,273,0.19486081,1129,False,observed_zero,True,6815,Naive3,L163616,2
L163616,CoCl2,1,0.00015411,0,0.0,320,0.22840828,1082,False,observed_zero,True,5134,Naive3,L163616,2
L163616,Dabrafenib,1,0.00015411,0,0.0,322,0.22983583,1080,False,observed_zero,True,6164,Naive3,L163616,2
L163616,Doxorubicin,1,0.00015411,0,0.0,406,0.289793,996,False,observed_zero,True,2832,Naive3,L163616,2
L163616,Trametinib,1,0.00015411,0,0.0,275,0.19628837,1127,False,observed_zero,True,8091,Naive3,L163616,2
L163721,Acid,1,0.00015411,0,0.0,666,0.47537473,736,False,observed_zero,True,7246,Naive3,L163721,1
L163721,Cisplatin,1,0.00015411,0,0.0,273,0.19486081,1129,False,observed_zero,True,6815,Naive3,L163721,1
L163721,CoCl2,1,0.00015411,0,0.0,320,0.22840828,1082,False,observed_zero,True,5134,Naive3,L163721,1
L163721,Dabrafenib,1,0.00015411,0,0.0,322,0.22983583,1080,False,observed_zero,True,6164,Naive3,L163721,1
L163721,Doxorubicin,1,0.00015411,0,0.0,406,0.289793,996,False,observed_zero,True,2832,Naive3,L163721,1
L163721,Trametinib,1,0.00015411,0,0.0,275,0.19628837,1127,False,observed_zero,True,8091,Naive3,L163721,1
L164293,Acid,1,0.00015411,1,0.00013801,487,0.34760885,179,True,observed_nonzero,True,7246,Naive2,L164293,4
L164293,Cisplatin,1,0.00015411,0,0.0,273,0.19486081,1129,False,observed_zero,True,6815,Naive2,L164293,4
L164293,CoCl2,1,0.00015411,0,0.0,320,0.22840828,1082,False,observed_zero,True,5134,Naive2,L164293,4
L164293,Dabrafenib,1,0.00015411,0,0.0,322,0.22983583,1080,False,observed_zero,True,6164,Naive2,L164293,4
L164293,Doxorubicin,1,0.00015411,0,0.0,406,0.289793,996,False,observed_zero,True,2832,Naive2,L164293,4
L164293,Trametinib,1,0.00015411,0,0.0,275,0.19628837,1127,False,observed_zero,True,8091,Naive2,L164293,4
L164299,Acid,1,0.00015411,0,0.0,666,0.47537473,736,False,observed_zero,True,7246,Naive2,L164299,4
L164299,Cisplatin,1,0.00015411,0,0.0,273,0.19486081,1129,False,observed_zero,True,6815,Naive2,L164299,4
L164299,CoCl2,1,0.00015411,0,0.0,320,0.22840828,1082,False,observed_zero,True,5134,Naive2,L164299,4
L164299,Dabrafenib,1,0.00015411,0,0.0,322,0.22983583,1080,False,observed_zero,True,6164,Naive2,L164299,4
L164299,Doxorubicin,1,0.00015411,0,0.0,406,0.289793,996,False,observed_zero,True,2832,Naive2,L164299,4
L164299,Trametinib,1,0.00015411,0,0.0,275,0.19628837,1127,False,observed_zero,True,8091,Naive2,L164299,4
L16438,Acid,11,0.00169518,13,0.00179409,115,0.08208423,9,True,observed_nonzero,True,7246,Naive1|Naive3,L16438,1
L16438,Cisplatin,11,0.00169518,1,0.00014674,110,0.07851535,163,True,observed_nonzero,True,6815,Naive1|Naive3,L16438,1
L16438,CoCl2,11,0.00169518,0,0.0,320,0.22840828,1082,False,observed_zero,True,5134,Naive1|Naive3,L16438,1
L16438,Dabrafenib,11,0.00169518,1,0.00016223,182,0.12990721,140,True,observed_nonzero,True,6164,Naive1|Naive3,L16438,1
L16438,Doxorubicin,11,0.00169518,0,0.0,406,0.289793,996,False,observed_zero,True,2832,Naive1|Naive3,L16438,1
L16438,Trametinib,11,0.00169518,0,0.0,275,0.19628837,1127,False,observed_zero,True,8091,Naive1|Naive3,L16438,1
L164614,Acid,8,0.00123286,0,0.0,666,0.47537473,736,False,observed_zero,True,7246,Naive1|Naive2|Naive3,L164614,3
L164614,Cisplatin,8,0.00123286,0,0.0,273,0.19486081,1129,False,observed_zero,True,6815,Naive1|Naive2|Naive3,L164614,3
L164614,CoCl2,8,0.00123286,0,0.0,320,0.22840828,1082,False,observed_zero,True,5134,Naive1|Naive2|Naive3,L164614,3
L164614,Dabrafenib,8,0.00123286,0,0.0,322,0.22983583,1080,False,observed_zero,True,6164,Naive1|Naive2|Naive3,L164614,3
L164614,Doxorubicin,8,0.00123286,0,0.0,406,0.289793,996,False,observed_zero,True,2832,Naive1|Naive2|Naive3,L164614,3
L164614,Trametinib,8,0.00123286,0,0.0,275,0.19628837,1127,False,observed_zero,True,8091,Naive1|Naive2|Naive3,L164614,3
L164617,Acid,2,0.00030821,0,0.0,666,0.47537473,736,False,observed_zero,True,7246,Naive1|Naive3,L164617,1
L164617,Cisplatin,2,0.00030821,0,0.0,273,0.19486081,1129,False,observed_zero,True,6815,Naive1|Naive3,L164617,1
L164617,CoCl2,2,0.00030821,0,0.0,320,0.22840828,1082,False,observed_zero,True,5134,Naive1|Naive3,L164617,1
L164617,Dabrafenib,2,0.00030821,0,0.0,322,0.22983583,1080,False,observed_zero,True,6164,Naive1|Naive3,L164617,1
L164617,Doxorubicin,2,0.00030821,0,0.0,406,0.289793,996,False,observed_zero,True,2832,Naive1|Naive3,L164617,1
L164617,Trametinib,2,0.00030821,0,0.0,275,0.19628837,1127,False,observed_zero,True,8091,Naive1|Naive3,L164617,1
L164771,Acid,20,0.00308214,7,0.00096605,192,0.13704497,24,True,observed_nonzero,True,7246,Naive1|Naive2|Naive3,L164771,2
L164771,Cisplatin,20,0.00308214,4,0.00058694,23,0.01641685,14,True,observed_nonzero,True,6815,Naive1|Naive2|Naive3,L164771,2
L164771,CoCl2,20,0.00308214,5,0.0009739,47,0.03354747,16,True,observed_nonzero,True,5134,Naive1|Naive2|Naive3,L164771,2
L164771,Dabrafenib,20,0.00308214,1,0.00016223,182,0.12990721,140,True,observed_nonzero,True,6164,Naive1|Naive2|Naive3,L164771,2
L164771,Doxorubicin,20,0.00308214,6,0.00211864,50,0.03568879,9,True,observed_nonzero,True,2832,Naive1|Naive2|Naive3,L164771,2
L164771,Trametinib,20,0.00308214,0,0.0,275,0.19628837,1127,False,observed_zero,True,8091,Naive1|Naive2|Naive3,L164771,2
L165027,Acid,3,0.00046232,1,0.00013801,487,0.34760885,179,True,observed_nonzero,True,7246,Naive3,L165027,0
L165027,Cisplatin,3,0.00046232,1,0.00014674,110,0.07851535,163,True,observed_nonzero,True,6815,Naive3,L165027,0
L165027,CoCl2,3,0.00046232,0,0.0,320,0.22840828,1082,False,observed_zero,True,5134,Naive3,L165027,0
L165027,Dabrafenib,3,0.00046232,0,0.0,322,0.22983583,1080,False,observed_zero,True,6164,Naive3,L165027,0
L165027,Doxorubicin,3,0.00046232,0,0.0,406,0.289793,996,False,observed_zero,True,2832,Naive3,L165027,0
L165027,Trametinib,3,0.00046232,1,0.00012359,161,0.11491792,114,True,observed_nonzero,True,8091,Naive3,L165027,0
L165042,Acid,5,0.00077053,4,0.00055203,267,0.19057816,51,True,observed_nonzero,True,7246,Naive1|Naive3,L165042,0
L165042,Cisplatin,5,0.00077053,0,0.0,273,0.19486081,1129,False,observed_zero,True,6815,Naive1|Naive3,L165042,0
L165042,CoCl2,5,0.00077053,1,0.00019478,179,0.12776588,141,True,observed_nonzero,True,5134,Naive1|Naive3,L165042,0
L165042,Dabrafenib,5,0.00077053,1,0.00016223,182,0.12990721,140,True,observed_nonzero,True,6164,Naive1|Naive3,L165042,0
L165042,Doxorubicin,5,0.00077053,1,0.00035311,218,0.15560314,188,True,observed_nonzero,True,2832,Naive1|Naive3,L165042,0
L165042,Trametinib,5,0.00077053,0,0.0,275,0.19628837,1127,False,observed_zero,True,8091,Naive1|Naive3,L165042,0
L165149,Acid,7,0.00107875,2,0.00027601,380,0.27123483,107,True,observed_nonzero,True,7246,Naive1|Naive2|Naive3,L165149,2
L165149,Cisplatin,7,0.00107875,2,0.00029347,60,0.04282655,50,True,observed_nonzero,True,6815,Naive1|Naive2|Naive3,L165149,2
L165149,CoCl2,7,0.00107875,0,0.0,320,0.22840828,1082,False,observed_zero,True,5134,Naive1|Naive2|Naive3,L165149,2
L165149,Dabrafenib,7,0.00107875,2,0.00032446,135,0.09635974,47,True,observed_nonzero,True,6164,Naive1|Naive2|Naive3,L165149,2
L165149,Doxorubicin,7,0.00107875,3,0.00105932,96,0.06852248,39,True,observed_nonzero,True,2832,Naive1|Naive2|Naive3,L165149,2
L165149,Trametinib,7,0.00107875,2,0.00024719,124,0.08850821,37,True,observed_nonzero,True,8091,Naive1|Naive2|Naive3,L165149,2
L165222,Acid,6,0.00092464,5,0.00069004,232,0.165596,35,True,observed_nonzero,True,7246,Naive1|Naive2|Naive3,L165222,0
L165222,Cisplatin,6,0.00092464,0,0.0,273,0.19486081,1129,False,observed_zero,True,6815,Naive1|Naive2|Naive3,L165222,0
L165222,CoCl2,6,0.00092464,0,0.0,320,0.22840828,1082,False,observed_zero,True,5134,Naive1|Naive2|Naive3,L165222,0
L165222,Dabrafenib,6,0.00092464,0,0.0,322,0.22983583,1080,False,observed_zero,True,6164,Naive1|Naive2|Naive3,L165222,0
L165222,Doxorubicin,6,0.00092464,0,0.0,406,0.289793,996,False,observed_zero,True,2832,Naive1|Naive2|Naive3,L165222,0
L165222,Trametinib,6,0.00092464,1,0.00012359,161,0.11491792,114,True,observed_nonzero,True,8091,Naive1|Naive2|Naive3,L165222,0
L165407,Acid,5,0.00077053,2,0.00027601,380,0.27123483,107,True,observed_nonzero,True,7246,Naive1|Naive3,L165407,1
L165407,Cisplatin,5,0.00077053,0,0.0,273,0.19486081,1129,False,observed_zero,True,6815,Naive1|Naive3,L165407,1
L165407,CoCl2,5,0.00077053,0,0.0,320,0.22840828,1082,False,observed_zero,True,5134,Naive1|Naive3,L165407,1
L165407,Dabrafenib,5,0.00077053,0,0.0,322,0.22983583,1080,False,observed_zero,True,6164,Naive1|Naive3,L165407,1
L165407,Doxorubicin,5,0.00077053,0,0.0,406,0.289793,996,False,observed_zero,True,2832,Naive1|Naive3,L165407,1
L165407,Trametinib,5,0.00077053,0,0.0,275,0.19628837,1127,False,observed_zero,True,8091,Naive1|Naive3,L165407,1
L165643,Acid,2,0.00030821,0,0.0,666,0.47537473,736,False,observed_zero,True,7246,Naive3,L165643,0
L165643,Cisplatin,2,0.00030821,0,0.0,273,0.19486081,1129,False,observed_zero,True,6815,Naive3,L165643,0
L165643,CoCl2,2,0.00030821,0,0.0,320,0.22840828,1082,False,observed_zero,True,5134,Naive3,L165643,0
L165643,Dabrafenib,2,0.00030821,0,0.0,322,0.22983583,1080,False,observed_zero,True,6164,Naive3,L165643,0
L165643,Doxorubicin,2,0.00030821,0,0.0,406,0.289793,996,False,observed_zero,True,2832,Naive3,L165643,0
L165643,Trametinib,2,0.00030821,0,0.0,275,0.19628837,1127,False,observed_zero,True,8091,Naive3,L165643,0
L165826,Acid,5,0.00077053,3,0.00041402,318,0.22698073,62,True,observed_nonzero,True,7246,Naive1|Naive2|Naive3,L165826,1
L165826,Cisplatin,5,0.00077053,2,0.00029347,60,0.04282655,50,True,observed_nonzero,True,6815,Naive1|Naive2|Naive3,L165826,1
L165826,CoCl2,5,0.00077053,1,0.00019478,179,0.12776588,141,True,observed_nonzero,True,5134,Naive1|Naive2|Naive3,L165826,1
L165826,Dabrafenib,5,0.00077053,0,0.0,322,0.22983583,1080,False,observed_zero,True,6164,Naive1|Naive2|Naive3,L165826,1
L165826,Doxorubicin,5,0.00077053,0,0.0,406,0.289793,996,False,observed_zero,True,2832,Naive1|Naive2|Naive3,L165826,1
L165826,Trametinib,5,0.00077053,0,0.0,275,0.19628837,1127,False,observed_zero,True,8091,Naive1|Naive2|Naive3,L165826,1
L165861,Acid,4,0.00061643,1,0.00013801,487,0.34760885,179,True,observed_nonzero,True,7246,Naive1|Naive2|Naive3,L165861,4
L165861,Cisplatin,4,0.00061643,0,0.0,273,0.19486081,1129,False,observed_zero,True,6815,Naive1|Naive2|Naive3,L165861,4
L165861,CoCl2,4,0.00061643,0,0.0,320,0.22840828,1082,False,observed_zero,True,5134,Naive1|Naive2|Naive3,L165861,4
L165861,Dabrafenib,4,0.00061643,0,0.0,322,0.22983583,1080,False,observed_zero,True,6164,Naive1|Naive2|Naive3,L165861,4
L165861,Doxorubicin,4,0.00061643,0,0.0,406,0.289793,996,False,observed_zero,True,2832,Naive1|Naive2|Naive3,L165861,4
L165861,Trametinib,4,0.00061643,0,0.0,275,0.19628837,1127,False,observed_zero,True,8091,Naive1|Naive2|Naive3,L165861,4
L165929,Acid,7,0.00107875,0,0.0,666,0.47537473,736,False,observed_zero,True,7246,Naive1|Naive2|Naive3,L165929,3
L165929,Cisplatin,7,0.00107875,0,0.0,273,0.19486081,1129,False,observed_zero,True,6815,Naive1|Naive2|Naive3,L165929,3
L165929,CoCl2,7,0.00107875,0,0.0,320,0.22840828,1082,False,observed_zero,True,5134,Naive1|Naive2|Naive3,L165929,3
L165929,Dabrafenib,7,0.00107875,0,0.0,322,0.22983583,1080,False,observed_zero,True,6164,Naive1|Naive2|Naive3,L165929,3
L165929,Doxorubicin,7,0.00107875,0,0.0,406,0.289793,996,False,observed_zero,True,2832,Naive1|Naive2|Naive3,L165929,3
L165929,Trametinib,7,0.00107875,0,0.0,275,0.19628837,1127,False,observed_zero,True,8091,Naive1|Naive2|Naive3,L165929,3
L165958,Acid,1,0.00015411,0,0.0,666,0.47537473,736,False,observed_zero,True,7246,Naive3,L165958,2
L165958,Cisplatin,1,0.00015411,0,0.0,273,0.19486081,1129,False,observed_zero,True,6815,Naive3,L165958,2
L165958,CoCl2,1,0.00015411,0,0.0,320,0.22840828,1082,False,observed_zero,True,5134,Naive3,L165958,2
L165958,Dabrafenib,1,0.00015411,0,0.0,322,0.22983583,1080,False,observed_zero,True,6164,Naive3,L165958,2
L165958,Doxorubicin,1,0.00015411,1,0.00035311,218,0.15560314,188,True,observed_nonzero,True,2832,Naive3,L165958,2
L165958,Trametinib,1,0.00015411,0,0.0,275,0.19628837,1127,False,observed_zero,True,8091,Naive3,L165958,2
L16603,Acid,8,0.00123286,11,0.00151808,136,0.09707352,13,True,observed_nonzero,True,7246,Naive1|Naive2,L16603,0
L16603,Cisplatin,8,0.00123286,1,0.00014674,110,0.07851535,163,True,observed_nonzero,True,6815,Naive1|Naive2,L16603,0
L16603,CoCl2,8,0.00123286,2,0.00038956,110,0.07851535,69,True,observed_nonzero,True,5134,Naive1|Naive2,L16603,0
L16603,Dabrafenib,8,0.00123286,2,0.00032446,135,0.09635974,47,True,observed_nonzero,True,6164,Naive1|Naive2,L16603,0
L16603,Doxorubicin,8,0.00123286,0,0.0,406,0.289793,996,False,observed_zero,True,2832,Naive1|Naive2,L16603,0
L16603,Trametinib,8,0.00123286,0,0.0,275,0.19628837,1127,False,observed_zero,True,8091,Naive1|Naive2,L16603,0
L166056,Acid,1,0.00015411,0,0.0,666,0.47537473,736,False,observed_zero,True,7246,Naive2,L166056,4
L166056,Cisplatin,1,0.00015411,0,0.0,273,0.19486081,1129,False,observed_zero,True,6815,Naive2,L166056,4
L166056,CoCl2,1,0.00015411,0,0.0,320,0.22840828,1082,False,observed_zero,True,5134,Naive2,L166056,4
L166056,Dabrafenib,1,0.00015411,0,0.0,322,0.22983583,1080,False,observed_zero,True,6164,Naive2,L166056,4
L166056,Doxorubicin,1,0.00015411,0,0.0,406,0.289793,996,False,observed_zero,True,2832,Naive2,L166056,4
L166056,Trametinib,1,0.00015411,0,0.0,275,0.19628837,1127,False,observed_zero,True,8091,Naive2,L166056,4
L166268,Acid,1,0.00015411,0,0.0,666,0.47537473,736,False,observed_zero,True,7246,Naive3,L166268,2
L166268,Cisplatin,1,0.00015411,0,0.0,273,0.19486081,1129,False,observed_zero,True,6815,Naive3,L166268,2
L166268,CoCl2,1,0.00015411,0,0.0,320,0.22840828,1082,False,observed_zero,True,5134,Naive3,L166268,2
L166268,Dabrafenib,1,0.00015411,0,0.0,322,0.22983583,1080,False,observed_zero,True,6164,Naive3,L166268,2
L166268,Doxorubicin,1,0.00015411,0,0.0,406,0.289793,996,False,observed_zero,True,2832,Naive3,L166268,2
L166268,Trametinib,1,0.00015411,0,0.0,275,0.19628837,1127,False,observed_zero,True,8091,Naive3,L166268,2
L166291,Acid,1,0.00015411,0,0.0,666,0.47537473,736,False,observed_zero,True,7246,Naive2,L166291,2
L166291,Cisplatin,1,0.00015411,0,0.0,273,0.19486081,1129,False,observed_zero,True,6815,Naive2,L166291,2
L166291,CoCl2,1,0.00015411,0,0.0,320,0.22840828,1082,False,observed_zero,True,5134,Naive2,L166291,2
L166291,Dabrafenib,1,0.00015411,0,0.0,322,0.22983583,1080,False,observed_zero,True,6164,Naive2,L166291,2
L166291,Doxorubicin,1,0.00015411,0,0.0,406,0.289793,996,False,observed_zero,True,2832,Naive2,L166291,2
L166291,Trametinib,1,0.00015411,0,0.0,275,0.19628837,1127,False,observed_zero,True,8091,Naive2,L166291,2
L166312,Acid,2,0.00030821,0,0.0,666,0.47537473,736,False,observed_zero,True,7246,Naive1,L166312,1
L166312,Cisplatin,2,0.00030821,0,0.0,273,0.19486081,1129,False,observed_zero,True,6815,Naive1,L166312,1
L166312,CoCl2,2,0.00030821,0,0.0,320,0.22840828,1082,False,observed_zero,True,5134,Naive1,L166312,1
L166312,Dabrafenib,2,0.00030821,0,0.0,322,0.22983583,1080,False,observed_zero,True,6164,Naive1,L166312,1
L166312,Doxorubicin,2,0.00030821,0,0.0,406,0.289793,996,False,observed_zero,True,2832,Naive1,L166312,1
L166312,Trametinib,2,0.00030821,0,0.0,275,0.19628837,1127,False,observed_zero,True,8091,Naive1,L166312,1
L166554,Acid,1,0.00015411,0,0.0,666,0.47537473,736,False,observed_zero,True,7246,Naive2,L166554,0
L166554,Cisplatin,1,0.00015411,0,0.0,273,0.19486081,1129,False,observed_zero,True,6815,Naive2,L166554,0
L166554,CoCl2,1,0.00015411,0,0.0,320,0.22840828,1082,False,observed_zero,True,5134,Naive2,L166554,0
L166554,Dabrafenib,1,0.00015411,0,0.0,322,0.22983583,1080,False,observed_zero,True,6164,Naive2,L166554,0
L166554,Doxorubicin,1,0.00015411,0,0.0,406,0.289793,996,False,observed_zero,True,2832,Naive2,L166554,0
L166554,Trametinib,1,0.00015411,0,0.0,275,0.19628837,1127,False,observed_zero,True,8091,Naive2,L166554,0
L166657,Acid,13,0.00200339,1,0.00013801,487,0.34760885,179,True,observed_nonzero,True,7246,Naive1|Naive2|Naive3,L166657,3
L166657,Cisplatin,13,0.00200339,4,0.00058694,23,0.01641685,14,True,observed_nonzero,True,6815,Naive1|Naive2|Naive3,L166657,3
L166657,CoCl2,13,0.00200339,0,0.0,320,0.22840828,1082,False,observed_zero,True,5134,Naive1|Naive2|Naive3,L166657,3
L166657,Dabrafenib,13,0.00200339,0,0.0,322,0.22983583,1080,False,observed_zero,True,6164,Naive1|Naive2|Naive3,L166657,3
L166657,Doxorubicin,13,0.00200339,6,0.00211864,50,0.03568879,9,True,observed_nonzero,True,2832,Naive1|Naive2|Naive3,L166657,3
L166657,Trametinib,13,0.00200339,0,0.0,275,0.19628837,1127,False,observed_zero,True,8091,Naive1|Naive2|Naive3,L166657,3
L166707,Acid,29,0.0044691,53,0.00731438,16,0.01142041,2,True,observed_nonzero,True,7246,Naive1|Naive2|Naive3,L166707,1
L166707,Cisplatin,29,0.0044691,2,0.00029347,60,0.04282655,50,True,observed_nonzero,True,6815,Naive1|Naive2|Naive3,L166707,1
L166707,CoCl2,29,0.0044691,0,0.0,320,0.22840828,1082,False,observed_zero,True,5134,Naive1|Naive2|Naive3,L166707,1
L166707,Dabrafenib,29,0.0044691,0,0.0,322,0.22983583,1080,False,observed_zero,True,6164,Naive1|Naive2|Naive3,L166707,1
L166707,Doxorubicin,29,0.0044691,28,0.00988701,4,0.0028551,2,True,observed_nonzero,True,2832,Naive1|Naive2|Naive3,L166707,1
L166707,Trametinib,29,0.0044691,0,0.0,275,0.19628837,1127,False,observed_zero,True,8091,Naive1|Naive2|Naive3,L166707,1
L167106,Acid,24,0.00369857,16,0.00220811,93,0.06638116,4,True,observed_nonzero,True,7246,Naive1|Naive2|Naive3,L167106,1
L167106,Cisplatin,24,0.00369857,5,0.00073368,18,0.01284797,5,True,observed_nonzero,True,6815,Naive1|Naive2|Naive3,L167106,1
L167106,CoCl2,24,0.00369857,1,0.00019478,179,0.12776588,141,True,observed_nonzero,True,5134,Naive1|Naive2|Naive3,L167106,1
L167106,Dabrafenib,24,0.00369857,1,0.00016223,182,0.12990721,140,True,observed_nonzero,True,6164,Naive1|Naive2|Naive3,L167106,1
L167106,Doxorubicin,24,0.00369857,3,0.00105932,96,0.06852248,39,True,observed_nonzero,True,2832,Naive1|Naive2|Naive3,L167106,1
L167106,Trametinib,24,0.00369857,1,0.00012359,161,0.11491792,114,True,observed_nonzero,True,8091,Naive1|Naive2|Naive3,L167106,1
L167129,Acid,3,0.00046232,3,0.00041402,318,0.22698073,62,True,observed_nonzero,True,7246,Naive1|Naive2|Naive3,L167129,1
L167129,Cisplatin,3,0.00046232,0,0.0,273,0.19486081,1129,False,observed_zero,True,6815,Naive1|Naive2|Naive3,L167129,1
L167129,CoCl2,3,0.00046232,0,0.0,320,0.22840828,1082,False,observed_zero,True,5134,Naive1|Naive2|Naive3,L167129,1
L167129,Dabrafenib,3,0.00046232,0,0.0,322,0.22983583,1080,False,observed_zero,True,6164,Naive1|Naive2|Naive3,L167129,1
L167129,Doxorubicin,3,0.00046232,0,0.0,406,0.289793,996,False,observed_zero,True,2832,Naive1|Naive2|Naive3,L167129,1
L167129,Trametinib,3,0.00046232,0,0.0,275,0.19628837,1127,False,observed_zero,True,8091,Naive1|Naive2|Naive3,L167129,1
L167176,Acid,4,0.00061643,1,0.00013801,487,0.34760885,179,True,observed_nonzero,True,7246,Naive1|Naive2|Naive3,L167176,3
L167176,Cisplatin,4,0.00061643,0,0.0,273,0.19486081,1129,False,observed_zero,True,6815,Naive1|Naive2|Naive3,L167176,3
L167176,CoCl2,4,0.00061643,0,0.0,320,0.22840828,1082,False,observed_zero,True,5134,Naive1|Naive2|Naive3,L167176,3
L167176,Dabrafenib,4,0.00061643,0,0.0,322,0.22983583,1080,False,observed_zero,True,6164,Naive1|Naive2|Naive3,L167176,3
L167176,Doxorubicin,4,0.00061643,0,0.0,406,0.289793,996,False,observed_zero,True,2832,Naive1|Naive2|Naive3,L167176,3
L167176,Trametinib,4,0.00061643,0,0.0,275,0.19628837,1127,False,observed_zero,True,8091,Naive1|Naive2|Naive3,L167176,3
L16764,Acid,3,0.00046232,1,0.00013801,487,0.34760885,179,True,observed_nonzero,True,7246,Naive1|Naive3,L16764,4
L16764,Cisplatin,3,0.00046232,0,0.0,273,0.19486081,1129,False,observed_zero,True,6815,Naive1|Naive3,L16764,4
L16764,CoCl2,3,0.00046232,0,0.0,320,0.22840828,1082,False,observed_zero,True,5134,Naive1|Naive3,L16764,4
L16764,Dabrafenib,3,0.00046232,287,0.04656067,4,0.0028551,1,True,observed_nonzero,True,6164,Naive1|Naive3,L16764,4
L16764,Doxorubicin,3,0.00046232,1,0.00035311,218,0.15560314,188,True,observed_nonzero,True,2832,Naive1|Naive3,L16764,4
L16764,Trametinib,3,0.00046232,776,0.09590903,1,0.00071378,1,True,observed_nonzero,True,8091,Naive1|Naive3,L16764,4
L167670,Acid,5,0.00077053,0,0.0,666,0.47537473,736,False,observed_zero,True,7246,Naive3,L167670,2
L167670,Cisplatin,5,0.00077053,0,0.0,273,0.19486081,1129,False,observed_zero,True,6815,Naive3,L167670,2
L167670,CoCl2,5,0.00077053,0,0.0,320,0.22840828,1082,False,observed_zero,True,5134,Naive3,L167670,2
L167670,Dabrafenib,5,0.00077053,0,0.0,322,0.22983583,1080,False,observed_zero,True,6164,Naive3,L167670,2
L167670,Doxorubicin,5,0.00077053,0,0.0,406,0.289793,996,False,observed_zero,True,2832,Naive3,L167670,2
L167670,Trametinib,5,0.00077053,0,0.0,275,0.19628837,1127,False,observed_zero,True,8091,Naive3,L167670,2
L1679,Acid,2,0.00030821,2,0.00027601,380,0.27123483,107,True,observed_nonzero,True,7246,Naive2|Naive3,L1679,1
L1679,Cisplatin,2,0.00030821,0,0.0,273,0.19486081,1129,False,observed_zero,True,6815,Naive2|Naive3,L1679,1
L1679,CoCl2,2,0.00030821,0,0.0,320,0.22840828,1082,False,observed_zero,True,5134,Naive2|Naive3,L1679,1
L1679,Dabrafenib,2,0.00030821,0,0.0,322,0.22983583,1080,False,observed_zero,True,6164,Naive2|Naive3,L1679,1
L1679,Doxorubicin,2,0.00030821,0,0.0,406,0.289793,996,False,observed_zero,True,2832,Naive2|Naive3,L1679,1
L1679,Trametinib,2,0.00030821,0,0.0,275,0.19628837,1127,False,observed_zero,True,8091,Naive2|Naive3,L1679,1
L167950,Acid,38,0.00585606,116,0.01600883,6,0.00428266,1,True,observed_nonzero,True,7246,Naive1|Naive2|Naive3,L167950,3
L167950,Cisplatin,38,0.00585606,13,0.00190756,8,0.00571021,1,True,observed_nonzero,True,6815,Naive1|Naive2|Naive3,L167950,3
L167950,CoCl2,38,0.00585606,5,0.0009739,47,0.03354747,16,True,observed_nonzero,True,5134,Naive1|Naive2|Naive3,L167950,3
L167950,Dabrafenib,38,0.00585606,1,0.00016223,182,0.12990721,140,True,observed_nonzero,True,6164,Naive1|Naive2|Naive3,L167950,3
L167950,Doxorubicin,38,0.00585606,5,0.00176554,59,0.04211278,11,True,observed_nonzero,True,2832,Naive1|Naive2|Naive3,L167950,3
L167950,Trametinib,38,0.00585606,0,0.0,275,0.19628837,1127,False,observed_zero,True,8091,Naive1|Naive2|Naive3,L167950,3
L167969,Acid,3,0.00046232,6,0.00082804,216,0.15417559,16,True,observed_nonzero,True,7246,Naive1|Naive3,L167969,1
L167969,Cisplatin,3,0.00046232,0,0.0,273,0.19486081,1129,False,observed_zero,True,6815,Naive1|Naive3,L167969,1
L167969,CoCl2,3,0.00046232,1,0.00019478,179,0.12776588,141,True,observed_nonzero,True,5134,Naive1|Naive3,L167969,1
L167969,Dabrafenib,3,0.00046232,0,0.0,322,0.22983583,1080,False,observed_zero,True,6164,Naive1|Naive3,L167969,1
L167969,Doxorubicin,3,0.00046232,0,0.0,406,0.289793,996,False,observed_zero,True,2832,Naive1|Naive3,L167969,1
L167969,Trametinib,3,0.00046232,0,0.0,275,0.19628837,1127,False,observed_zero,True,8091,Naive1|Naive3,L167969,1
L168572,Acid,3,0.00046232,2,0.00027601,380,0.27123483,107,True,observed_nonzero,True,7246,Naive1,L168572,3
L168572,Cisplatin,3,0.00046232,0,0.0,273,0.19486081,1129,False,observed_zero,True,6815,Naive1,L168572,3
L168572,CoCl2,3,0.00046232,1,0.00019478,179,0.12776588,141,True,observed_nonzero,True,5134,Naive1,L168572,3
L168572,Dabrafenib,3,0.00046232,0,0.0,322,0.22983583,1080,False,observed_zero,True,6164,Naive1,L168572,3
L168572,Doxorubicin,3,0.00046232,0,0.0,406,0.289793,996,False,observed_zero,True,2832,Naive1,L168572,3
L168572,Trametinib,3,0.00046232,0,0.0,275,0.19628837,1127,False,observed_zero,True,8091,Naive1,L168572,3
L168584,Acid,1,0.00015411,0,0.0,666,0.47537473,736,False,observed_zero,True,7246,Naive2,L168584,4
L168584,Cisplatin,1,0.00015411,0,0.0,273,0.19486081,1129,False,observed_zero,True,6815,Naive2,L168584,4
L168584,CoCl2,1,0.00015411,0,0.0,320,0.22840828,1082,False,observed_zero,True,5134,Naive2,L168584,4
L168584,Dabrafenib,1,0.00015411,0,0.0,322,0.22983583,1080,False,observed_zero,True,6164,Naive2,L168584,4
L168584,Doxorubicin,1,0.00015411,0,0.0,406,0.289793,996,False,observed_zero,True,2832,Naive2,L168584,4
L168584,Trametinib,1,0.00015411,0,0.0,275,0.19628837,1127,False,observed_zero,True,8091,Naive2,L168584,4
L168675,Acid,1,0.00015411,0,0.0,666,0.47537473,736,False,observed_zero,True,7246,Naive3,L168675,1
L168675,Cisplatin,1,0.00015411,0,0.0,273,0.19486081,1129,False,observed_zero,True,6815,Naive3,L168675,1
L168675,CoCl2,1,0.00015411,0,0.0,320,0.22840828,1082,False,observed_zero,True,5134,Naive3,L168675,1
L168675,Dabrafenib,1,0.00015411,0,0.0,322,0.22983583,1080,False,observed_zero,True,6164,Naive3,L168675,1
L168675,Doxorubicin,1,0.00015411,0,0.0,406,0.289793,996,False,observed_zero,True,2832,Naive3,L168675,1
L168675,Trametinib,1,0.00015411,0,0.0,275,0.19628837,1127,False,observed_zero,True,8091,Naive3,L168675,1
L16871,Acid,4,0.00061643,11,0.00151808,136,0.09707352,13,True,observed_nonzero,True,7246,Naive2|Naive3,L16871,0
L16871,Cisplatin,4,0.00061643,3,0.00044021,37,0.02640971,23,True,observed_nonzero,True,6815,Naive2|Naive3,L16871,0
L16871,CoCl2,4,0.00061643,0,0.0,320,0.22840828,1082,False,observed_zero,True,5134,Naive2|Naive3,L16871,0
L16871,Dabrafenib,4,0.00061643,1,0.00016223,182,0.12990721,140,True,observed_nonzero,True,6164,Naive2|Naive3,L16871,0
L16871,Doxorubicin,4,0.00061643,0,0.0,406,0.289793,996,False,observed_zero,True,2832,Naive2|Naive3,L16871,0
L16871,Trametinib,4,0.00061643,0,0.0,275,0.19628837,1127,False,observed_zero,True,8091,Naive2|Naive3,L16871,0
L168951,Acid,6,0.00092464,9,0.00124206,156,0.11134904,17,True,observed_nonzero,True,7246,Naive1|Naive2|Naive3,L168951,2
L168951,Cisplatin,6,0.00092464,0,0.0,273,0.19486081,1129,False,observed_zero,True,6815,Naive1|Naive2|Naive3,L168951,2
L168951,CoCl2,6,0.00092464,0,0.0,320,0.22840828,1082,False,observed_zero,True,5134,Naive1|Naive2|Naive3,L168951,2
L168951,Dabrafenib,6,0.00092464,6,0.00097339,80,0.05710207,11,True,observed_nonzero,True,6164,Naive1|Naive2|Naive3,L168951,2
L168951,Doxorubicin,6,0.00092464,0,0.0,406,0.289793,996,False,observed_zero,True,2832,Naive1|Naive2|Naive3,L168951,2
L168951,Trametinib,6,0.00092464,2,0.00024719,124,0.08850821,37,True,observed_nonzero,True,8091,Naive1|Naive2|Naive3,L168951,2
L169099,Acid,1,0.00015411,0,0.0,666,0.47537473,736,False,observed_zero,True,7246,Naive3,L169099,1
L169099,Cisplatin,1,0.00015411,0,0.0,273,0.19486081,1129,False,observed_zero,True,6815,Naive3,L169099,1
L169099,CoCl2,1,0.00015411,0,0.0,320,0.22840828,1082,False,observed_zero,True,5134,Naive3,L169099,1
L169099,Dabrafenib,1,0.00015411,0,0.0,322,0.22983583,1080,False,observed_zero,True,6164,Naive3,L169099,1
L169099,Doxorubicin,1,0.00015411,0,0.0,406,0.289793,996,False,observed_zero,True,2832,Naive3,L169099,1
L169099,Trametinib,1,0.00015411,0,0.0,275,0.19628837,1127,False,observed_zero,True,8091,Naive3,L169099,1
L169592,Acid,4,0.00061643,9,0.00124206,156,0.11134904,17,True,observed_nonzero,True,7246,Naive1,L169592,0
L169592,Cisplatin,4,0.00061643,0,0.0,273,0.19486081,1129,False,observed_zero,True,6815,Naive1,L169592,0
L169592,CoCl2,4,0.00061643,1,0.00019478,179,0.12776588,141,True,observed_nonzero,True,5134,Naive1,L169592,0
L169592,Dabrafenib,4,0.00061643,0,0.0,322,0.22983583,1080,False,observed_zero,True,6164,Naive1,L169592,0
L169592,Doxorubicin,4,0.00061643,0,0.0,406,0.289793,996,False,observed_zero,True,2832,Naive1,L169592,0
L169592,Trametinib,4,0.00061643,0,0.0,275,0.19628837,1127,False,observed_zero,True,8091,Naive1,L169592,0
L169857,Acid,7,0.00107875,1,0.00013801,487,0.34760885,179,True,observed_nonzero,True,7246,Naive2|Naive3,L169857,1
L169857,Cisplatin,7,0.00107875,0,0.0,273,0.19486081,1129,False,observed_zero,True,6815,Naive2|Naive3,L169857,1
L169857,CoCl2,7,0.00107875,0,0.0,320,0.22840828,1082,False,observed_zero,True,5134,Naive2|Naive3,L169857,1
L169857,Dabrafenib,7,0.00107875,0,0.0,322,0.22983583,1080,False,observed_zero,True,6164,Naive2|Naive3,L169857,1
L169857,Doxorubicin,7,0.00107875,0,0.0,406,0.289793,996,False,observed_zero,True,2832,Naive2|Naive3,L169857,1
L169857,Trametinib,7,0.00107875,0,0.0,275,0.19628837,1127,False,observed_zero,True,8091,Naive2|Naive3,L169857,1
L169881,Acid,1,0.00015411,0,0.0,666,0.47537473,736,False,observed_zero,True,7246,Naive2,L169881,3
L169881,Cisplatin,1,0.00015411,1,0.00014674,110,0.07851535,163,True,observed_nonzero,True,6815,Naive2,L169881,3
L169881,CoCl2,1,0.00015411,0,0.0,320,0.22840828,1082,False,observed_zero,True,5134,Naive2,L169881,3
L169881,Dabrafenib,1,0.00015411,0,0.0,322,0.22983583,1080,False,observed_zero,True,6164,Naive2,L169881,3
L169881,Doxorubicin,1,0.00015411,0,0.0,406,0.289793,996,False,observed_zero,True,2832,Naive2,L169881,3
L169881,Trametinib,1,0.00015411,2,0.00024719,124,0.08850821,37,True,observed_nonzero,True,8091,Naive2,L169881,3
L169888,Acid,1,0.00015411,0,0.0,666,0.47537473,736,False,observed_zero,True,7246,Naive3,L169888,2
L169888,Cisplatin,1,0.00015411,0,0.0,273,0.19486081,1129,False,observed_zero,True,6815,Naive3,L169888,2
L169888,CoCl2,1,0.00015411,0,0.0,320,0.22840828,1082,False,observed_zero,True,5134,Naive3,L169888,2
L169888,Dabrafenib,1,0.00015411,0,0.0,322,0.22983583,1080,False,observed_zero,True,6164,Naive3,L169888,2
L169888,Doxorubicin,1,0.00015411,0,0.0,406,0.289793,996,False,observed_zero,True,2832,Naive3,L169888,2
L169888,Trametinib,1,0.00015411,0,0.0,275,0.19628837,1127,False,observed_zero,True,8091,Naive3,L169888,2
L170436,Acid,3,0.00046232,0,0.0,666,0.47537473,736,False,observed_zero,True,7246,Naive1|Naive3,L170436,1
L170436,Cisplatin,3,0.00046232,0,0.0,273,0.19486081,1129,False,observed_zero,True,6815,Naive1|Naive3,L170436,1
L170436,CoCl2,3,0.00046232,0,0.0,320,0.22840828,1082,False,observed_zero,True,5134,Naive1|Naive3,L170436,1
L170436,Dabrafenib,3,0.00046232,0,0.0,322,0.22983583,1080,False,observed_zero,True,6164,Naive1|Naive3,L170436,1
L170436,Doxorubicin,3,0.00046232,1,0.00035311,218,0.15560314,188,True,observed_nonzero,True,2832,Naive1|Naive3,L170436,1
L170436,Trametinib,3,0.00046232,0,0.0,275,0.19628837,1127,False,observed_zero,True,8091,Naive1|Naive3,L170436,1
L170734,Acid,2,0.00030821,3,0.00041402,318,0.22698073,62,True,observed_nonzero,True,7246,Naive1|Naive2,L170734,4
L170734,Cisplatin,2,0.00030821,0,0.0,273,0.19486081,1129,False,observed_zero,True,6815,Naive1|Naive2,L170734,4
L170734,CoCl2,2,0.00030821,1,0.00019478,179,0.12776588,141,True,observed_nonzero,True,5134,Naive1|Naive2,L170734,4
L170734,Dabrafenib,2,0.00030821,1,0.00016223,182,0.12990721,140,True,observed_nonzero,True,6164,Naive1|Naive2,L170734,4
L170734,Doxorubicin,2,0.00030821,1,0.00035311,218,0.15560314,188,True,observed_nonzero,True,2832,Naive1|Naive2,L170734,4
L170734,Trametinib,2,0.00030821,0,0.0,275,0.19628837,1127,False,observed_zero,True,8091,Naive1|Naive2,L170734,4
L171615,Acid,1,0.00015411,0,0.0,666,0.47537473,736,False,observed_zero,True,7246,Naive1,L171615,0
L171615,Cisplatin,1,0.00015411,0,0.0,273,0.19486081,1129,False,observed_zero,True,6815,Naive1,L171615,0
L171615,CoCl2,1,0.00015411,0,0.0,320,0.22840828,1082,False,observed_zero,True,5134,Naive1,L171615,0
L171615,Dabrafenib,1,0.00015411,0,0.0,322,0.22983583,1080,False,observed_zero,True,6164,Naive1,L171615,0
L171615,Doxorubicin,1,0.00015411,0,0.0,406,0.289793,996,False,observed_zero,True,2832,Naive1,L171615,0
L171615,Trametinib,1,0.00015411,0,0.0,275,0.19628837,1127,False,observed_zero,True,8091,Naive1,L171615,0
L171625,Acid,1,0.00015411,3,0.00041402,318,0.22698073,62,True,observed_nonzero,True,7246,Naive3,L171625,4
L171625,Cisplatin,1,0.00015411,0,0.0,273,0.19486081,1129,False,observed_zero,True,6815,Naive3,L171625,4
L171625,CoCl2,1,0.00015411,0,0.0,320,0.22840828,1082,False,observed_zero,True,5134,Naive3,L171625,4
L171625,Dabrafenib,1,0.00015411,2,0.00032446,135,0.09635974,47,True,observed_nonzero,True,6164,Naive3,L171625,4
L171625,Doxorubicin,1,0.00015411,0,0.0,406,0.289793,996,False,observed_zero,True,2832,Naive3,L171625,4
L171625,Trametinib,1,0.00015411,0,0.0,275,0.19628837,1127,False,observed_zero,True,8091,Naive3,L171625,4
L171792,Acid,1,0.00015411,2,0.00027601,380,0.27123483,107,True,observed_nonzero,True,7246,Naive1,L171792,2
L171792,Cisplatin,1,0.00015411,0,0.0,273,0.19486081,1129,False,observed_zero,True,6815,Naive1,L171792,2
L171792,CoCl2,1,0.00015411,0,0.0,320,0.22840828,1082,False,observed_zero,True,5134,Naive1,L171792,2
L171792,Dabrafenib,1,0.00015411,0,0.0,322,0.22983583,1080,False,observed_zero,True,6164,Naive1,L171792,2
L171792,Doxorubicin,1,0.00015411,0,0.0,406,0.289793,996,False,observed_zero,True,2832,Naive1,L171792,2
L171792,Trametinib,1,0.00015411,0,0.0,275,0.19628837,1127,False,observed_zero,True,8091,Naive1,L171792,2
L171852,Acid,1,0.00015411,0,0.0,666,0.47537473,736,False,observed_zero,True,7246,Naive1,L171852,4
L171852,Cisplatin,1,0.00015411,0,0.0,273,0.19486081,1129,False,observed_zero,True,6815,Naive1,L171852,4
L171852,CoCl2,1,0.00015411,0,0.0,320,0.22840828,1082,False,observed_zero,True,5134,Naive1,L171852,4
L171852,Dabrafenib,1,0.00015411,0,0.0,322,0.22983583,1080,False,observed_zero,True,6164,Naive1,L171852,4
L171852,Doxorubicin,1,0.00015411,0,0.0,406,0.289793,996,False,observed_zero,True,2832,Naive1,L171852,4
L171852,Trametinib,1,0.00015411,0,0.0,275,0.19628837,1127,False,observed_zero,True,8091,Naive1,L171852,4
L172050,Acid,1,0.00015411,0,0.0,666,0.47537473,736,False,observed_zero,True,7246,Naive3,L172050,2
L172050,Cisplatin,1,0.00015411,0,0.0,273,0.19486081,1129,False,observed_zero,True,6815,Naive3,L172050,2
L172050,CoCl2,1,0.00015411,0,0.0,320,0.22840828,1082,False,observed_zero,True,5134,Naive3,L172050,2
L172050,Dabrafenib,1,0.00015411,0,0.0,322,0.22983583,1080,False,observed_zero,True,6164,Naive3,L172050,2
L172050,Doxorubicin,1,0.00015411,0,0.0,406,0.289793,996,False,observed_zero,True,2832,Naive3,L172050,2
L172050,Trametinib,1,0.00015411,0,0.0,275,0.19628837,1127,False,observed_zero,True,8091,Naive3,L172050,2
L172542,Acid,7,0.00107875,6,0.00082804,216,0.15417559,16,True,observed_nonzero,True,7246,Naive1|Naive2|Naive3,L172542,2
L172542,Cisplatin,7,0.00107875,0,0.0,273,0.19486081,1129,False,observed_zero,True,6815,Naive1|Naive2|Naive3,L172542,2
L172542,CoCl2,7,0.00107875,0,0.0,320,0.22840828,1082,False,observed_zero,True,5134,Naive1|Naive2|Naive3,L172542,2
L172542,Dabrafenib,7,0.00107875,0,0.0,322,0.22983583,1080,False,observed_zero,True,6164,Naive1|Naive2|Naive3,L172542,2
L172542,Doxorubicin,7,0.00107875,2,0.00070621,135,0.09635974,83,True,observed_nonzero,True,2832,Naive1|Naive2|Naive3,L172542,2
L172542,Trametinib,7,0.00107875,0,0.0,275,0.19628837,1127,False,observed_zero,True,8091,Naive1|Naive2|Naive3,L172542,2
L172601,Acid,3,0.00046232,0,0.0,666,0.47537473,736,False,observed_zero,True,7246,Naive2|Naive3,L172601,0
L172601,Cisplatin,3,0.00046232,1,0.00014674,110,0.07851535,163,True,observed_nonzero,True,6815,Naive2|Naive3,L172601,0
L172601,CoCl2,3,0.00046232,0,0.0,320,0.22840828,1082,False,observed_zero,True,5134,Naive2|Naive3,L172601,0
L172601,Dabrafenib,3,0.00046232,0,0.0,322,0.22983583,1080,False,observed_zero,True,6164,Naive2|Naive3,L172601,0
L172601,Doxorubicin,3,0.00046232,0,0.0,406,0.289793,996,False,observed_zero,True,2832,Naive2|Naive3,L172601,0
L172601,Trametinib,3,0.00046232,3,0.00037078,100,0.07137759,24,True,observed_nonzero,True,8091,Naive2|Naive3,L172601,0
L172795,Acid,1,0.00015411,0,0.0,666,0.47537473,736,False,observed_zero,True,7246,Naive2,L172795,0
L172795,Cisplatin,1,0.00015411,0,0.0,273,0.19486081,1129,False,observed_zero,True,6815,Naive2,L172795,0
L172795,CoCl2,1,0.00015411,0,0.0,320,0.22840828,1082,False,observed_zero,True,5134,Naive2,L172795,0
L172795,Dabrafenib,1,0.00015411,0,0.0,322,0.22983583,1080,False,observed_zero,True,6164,Naive2,L172795,0
L172795,Doxorubicin,1,0.00015411,0,0.0,406,0.289793,996,False,observed_zero,True,2832,Naive2,L172795,0
L172795,Trametinib,1,0.00015411,0,0.0,275,0.19628837,1127,False,observed_zero,True,8091,Naive2,L172795,0
L172925,Acid,5,0.00077053,10,0.00138007,149,0.10635261,7,True,observed_nonzero,True,7246,Naive2|Naive3,L172925,1
L172925,Cisplatin,5,0.00077053,0,0.0,273,0.19486081,1129,False,observed_zero,True,6815,Naive2|Naive3,L172925,1
L172925,CoCl2,5,0.00077053,0,0.0,320,0.22840828,1082,False,observed_zero,True,5134,Naive2|Naive3,L172925,1
L172925,Dabrafenib,5,0.00077053,0,0.0,322,0.22983583,1080,False,observed_zero,True,6164,Naive2|Naive3,L172925,1
L172925,Doxorubicin,5,0.00077053,1,0.00035311,218,0.15560314,188,True,observed_nonzero,True,2832,Naive2|Naive3,L172925,1
L172925,Trametinib,5,0.00077053,1,0.00012359,161,0.11491792,114,True,observed_nonzero,True,8091,Naive2|Naive3,L172925,1
L172946,Acid,3,0.00046232,2,0.00027601,380,0.27123483,107,True,observed_nonzero,True,7246,Naive1|Naive2|Naive3,L172946,1
L172946,Cisplatin,3,0.00046232,0,0.0,273,0.19486081,1129,False,observed_zero,True,6815,Naive1|Naive2|Naive3,L172946,1
L172946,CoCl2,3,0.00046232,0,0.0,320,0.22840828,1082,False,observed_zero,True,5134,Naive1|Naive2|Naive3,L172946,1
L172946,Dabrafenib,3,0.00046232,2,0.00032446,135,0.09635974,47,True,observed_nonzero,True,6164,Naive1|Naive2|Naive3,L172946,1
L172946,Doxorubicin,3,0.00046232,0,0.0,406,0.289793,996,False,observed_zero,True,2832,Naive1|Naive2|Naive3,L172946,1
L172946,Trametinib,3,0.00046232,1,0.00012359,161,0.11491792,114,True,observed_nonzero,True,8091,Naive1|Naive2|Naive3,L172946,1
L173031,Acid,18,0.00277393,21,0.00289815,70,0.04996431,5,True,observed_nonzero,True,7246,Naive1|Naive2|Naive3,L173031,0
L173031,Cisplatin,18,0.00277393,3,0.00044021,37,0.02640971,23,True,observed_nonzero,True,6815,Naive1|Naive2|Naive3,L173031,0
L173031,CoCl2,18,0.00277393,6,0.00116868,36,0.02569593,11,True,observed_nonzero,True,5134,Naive1|Naive2|Naive3,L173031,0
L173031,Dabrafenib,18,0.00277393,11,0.00178456,50,0.03568879,6,True,observed_nonzero,True,6164,Naive1|Naive2|Naive3,L173031,0
L173031,Doxorubicin,18,0.00277393,8,0.00282486,32,0.02284083,9,True,observed_nonzero,True,2832,Naive1|Naive2|Naive3,L173031,0
L173031,Trametinib,18,0.00277393,4,0.00049438,91,0.0649536,9,True,observed_nonzero,True,8091,Naive1|Naive2|Naive3,L173031,0
L173168,Acid,2,0.00030821,0,0.0,666,0.47537473,736,False,observed_zero,True,7246,Naive3,L173168,1
L173168,Cisplatin,2,0.00030821,0,0.0,273,0.19486081,1129,False,observed_zero,True,6815,Naive3,L173168,1
L173168,CoCl2,2,0.00030821,0,0.0,320,0.22840828,1082,False,observed_zero,True,5134,Naive3,L173168,1
L173168,Dabrafenib,2,0.00030821,0,0.0,322,0.22983583,1080,False,observed_zero,True,6164,Naive3,L173168,1
L173168,Doxorubicin,2,0.00030821,0,0.0,406,0.289793,996,False,observed_zero,True,2832,Naive3,L173168,1
L173168,Trametinib,2,0.00030821,0,0.0,275,0.19628837,1127,False,observed_zero,True,8091,Naive3,L173168,1
L173296,Acid,80,0.01232856,261,0.03601987,2,0.00142755,1,True,observed_nonzero,True,7246,Naive1|Naive2|Naive3,L173296,1
L173296,Cisplatin,80,0.01232856,6,0.00088041,16,0.01142041,2,True,observed_nonzero,True,6815,Naive1|Naive2|Naive3,L173296,1
L173296,CoCl2,80,0.01232856,10,0.0019478,19,0.01356174,5,True,observed_nonzero,True,5134,Naive1|Naive2|Naive3,L173296,1
L173296,Dabrafenib,80,0.01232856,31,0.0050292,23,0.01641685,1,True,observed_nonzero,True,6164,Naive1|Naive2|Naive3,L173296,1
L173296,Doxorubicin,80,0.01232856,13,0.0045904,15,0.01070664,4,True,observed_nonzero,True,2832,Naive1|Naive2|Naive3,L173296,1
L173296,Trametinib,80,0.01232856,5,0.00061797,85,0.06067095,6,True,observed_nonzero,True,8091,Naive1|Naive2|Naive3,L173296,1
L173303,Acid,2,0.00030821,0,0.0,666,0.47537473,736,False,observed_zero,True,7246,Naive3,L173303,0
L173303,Cisplatin,2,0.00030821,0,0.0,273,0.19486081,1129,False,observed_zero,True,6815,Naive3,L173303,0
L173303,CoCl2,2,0.00030821,2,0.00038956,110,0.07851535,69,True,observed_nonzero,True,5134,Naive3,L173303,0
L173303,Dabrafenib,2,0.00030821,0,0.0,322,0.22983583,1080,False,observed_zero,True,6164,Naive3,L173303,0
L173303,Doxorubicin,2,0.00030821,4,0.00141243,70,0.04996431,26,True,observed_nonzero,True,2832,Naive3,L173303,0
L173303,Trametinib,2,0.00030821,0,0.0,275,0.19628837,1127,False,observed_zero,True,8091,Naive3,L173303,0
L173547,Acid,1,0.00015411,0,0.0,666,0.47537473,736,False,observed_zero,True,7246,Naive1,L173547,0
L173547,Cisplatin,1,0.00015411,0,0.0,273,0.19486081,1129,False,observed_zero,True,6815,Naive1,L173547,0
L173547,CoCl2,1,0.00015411,0,0.0,320,0.22840828,1082,False,observed_zero,True,5134,Naive1,L173547,0
L173547,Dabrafenib,1,0.00015411,0,0.0,322,0.22983583,1080,False,observed_zero,True,6164,Naive1,L173547,0
L173547,Doxorubicin,1,0.00015411,0,0.0,406,0.289793,996,False,observed_zero,True,2832,Naive1,L173547,0
L173547,Trametinib,1,0.00015411,0,0.0,275,0.19628837,1127,False,observed_zero,True,8091,Naive1,L173547,0
L173735,Acid,1,0.00015411,7,0.00096605,192,0.13704497,24,True,observed_nonzero,True,7246,Naive3,L173735,2
L173735,Cisplatin,1,0.00015411,1,0.00014674,110,0.07851535,163,True,observed_nonzero,True,6815,Naive3,L173735,2
L173735,CoCl2,1,0.00015411,0,0.0,320,0.22840828,1082,False,observed_zero,True,5134,Naive3,L173735,2
L173735,Dabrafenib,1,0.00015411,0,0.0,322,0.22983583,1080,False,observed_zero,True,6164,Naive3,L173735,2
L173735,Doxorubicin,1,0.00015411,0,0.0,406,0.289793,996,False,observed_zero,True,2832,Naive3,L173735,2
L173735,Trametinib,1,0.00015411,0,0.0,275,0.19628837,1127,False,observed_zero,True,8091,Naive3,L173735,2
L173885,Acid,3,0.00046232,1,0.00013801,487,0.34760885,179,True,observed_nonzero,True,7246,Naive2|Naive3,L173885,3
L173885,Cisplatin,3,0.00046232,0,0.0,273,0.19486081,1129,False,observed_zero,True,6815,Naive2|Naive3,L173885,3
L173885,CoCl2,3,0.00046232,1,0.00019478,179,0.12776588,141,True,observed_nonzero,True,5134,Naive2|Naive3,L173885,3
L173885,Dabrafenib,3,0.00046232,8,0.00129786,69,0.04925054,3,True,observed_nonzero,True,6164,Naive2|Naive3,L173885,3
L173885,Doxorubicin,3,0.00046232,5,0.00176554,59,0.04211278,11,True,observed_nonzero,True,2832,Naive2|Naive3,L173885,3
L173885,Trametinib,3,0.00046232,6,0.00074156,76,0.05424697,9,True,observed_nonzero,True,8091,Naive2|Naive3,L173885,3
L173896,Acid,2,0.00030821,0,0.0,666,0.47537473,736,False,observed_zero,True,7246,Naive3,L173896,0
L173896,Cisplatin,2,0.00030821,0,0.0,273,0.19486081,1129,False,observed_zero,True,6815,Naive3,L173896,0
L173896,CoCl2,2,0.00030821,0,0.0,320,0.22840828,1082,False,observed_zero,True,5134,Naive3,L173896,0
L173896,Dabrafenib,2,0.00030821,0,0.0,322,0.22983583,1080,False,observed_zero,True,6164,Naive3,L173896,0
L173896,Doxorubicin,2,0.00030821,0,0.0,406,0.289793,996,False,observed_zero,True,2832,Naive3,L173896,0
L173896,Trametinib,2,0.00030821,0,0.0,275,0.19628837,1127,False,observed_zero,True,8091,Naive3,L173896,0
L174071,Acid,1,0.00015411,0,0.0,666,0.47537473,736,False,observed_zero,True,7246,Naive3,L174071,3
L174071,Cisplatin,1,0.00015411,0,0.0,273,0.19486081,1129,False,observed_zero,True,6815,Naive3,L174071,3
L174071,CoCl2,1,0.00015411,0,0.0,320,0.22840828,1082,False,observed_zero,True,5134,Naive3,L174071,3
L174071,Dabrafenib,1,0.00015411,0,0.0,322,0.22983583,1080,False,observed_zero,True,6164,Naive3,L174071,3
L174071,Doxorubicin,1,0.00015411,0,0.0,406,0.289793,996,False,observed_zero,True,2832,Naive3,L174071,3
L174071,Trametinib,1,0.00015411,0,0.0,275,0.19628837,1127,False,observed_zero,True,8091,Naive3,L174071,3
L17420,Acid,11,0.00169518,5,0.00069004,232,0.165596,35,True,observed_nonzero,True,7246,Naive1|Naive2|Naive3,L17420,0
L17420,Cisplatin,11,0.00169518,1,0.00014674,110,0.07851535,163,True,observed_nonzero,True,6815,Naive1|Naive2|Naive3,L17420,0
L17420,CoCl2,11,0.00169518,0,0.0,320,0.22840828,1082,False,observed_zero,True,5134,Naive1|Naive2|Naive3,L17420,0
L17420,Dabrafenib,11,0.00169518,3,0.0004867,113,0.08065667,22,True,observed_nonzero,True,6164,Naive1|Naive2|Naive3,L17420,0
L17420,Doxorubicin,11,0.00169518,0,0.0,406,0.289793,996,False,observed_zero,True,2832,Naive1|Naive2|Naive3,L17420,0
L17420,Trametinib,11,0.00169518,0,0.0,275,0.19628837,1127,False,observed_zero,True,8091,Naive1|Naive2|Naive3,L17420,0
L174555,Acid,1,0.00015411,2,0.00027601,380,0.27123483,107,True,observed_nonzero,True,7246,Naive2,L174555,0
L174555,Cisplatin,1,0.00015411,0,0.0,273,0.19486081,1129,False,observed_zero,True,6815,Naive2,L174555,0
L174555,CoCl2,1,0.00015411,0,0.0,320,0.22840828,1082,False,observed_zero,True,5134,Naive2,L174555,0
L174555,Dabrafenib,1,0.00015411,2,0.00032446,135,0.09635974,47,True,observed_nonzero,True,6164,Naive2,L174555,0
L174555,Doxorubicin,1,0.00015411,1,0.00035311,218,0.15560314,188,True,observed_nonzero,True,2832,Naive2,L174555,0
L174555,Trametinib,1,0.00015411,0,0.0,275,0.19628837,1127,False,observed_zero,True,8091,Naive2,L174555,0
L174623,Acid,2,0.00030821,0,0.0,666,0.47537473,736,False,observed_zero,True,7246,Naive1|Naive3,L174623,0
L174623,Cisplatin,2,0.00030821,0,0.0,273,0.19486081,1129,False,observed_zero,True,6815,Naive1|Naive3,L174623,0
L174623,CoCl2,2,0.00030821,0,0.0,320,0.22840828,1082,False,observed_zero,True,5134,Naive1|Naive3,L174623,0
L174623,Dabrafenib,2,0.00030821,0,0.0,322,0.22983583,1080,False,observed_zero,True,6164,Naive1|Naive3,L174623,0
L174623,Doxorubicin,2,0.00030821,0,0.0,406,0.289793,996,False,observed_zero,True,2832,Naive1|Naive3,L174623,0
L174623,Trametinib,2,0.00030821,0,0.0,275,0.19628837,1127,False,observed_zero,True,8091,Naive1|Naive3,L174623,0
L174664,Acid,3,0.00046232,0,0.0,666,0.47537473,736,False,observed_zero,True,7246,Naive2|Naive3,L174664,0
L174664,Cisplatin,3,0.00046232,0,0.0,273,0.19486081,1129,False,observed_zero,True,6815,Naive2|Naive3,L174664,0
L174664,CoCl2,3,0.00046232,0,0.0,320,0.22840828,1082,False,observed_zero,True,5134,Naive2|Naive3,L174664,0
L174664,Dabrafenib,3,0.00046232,0,0.0,322,0.22983583,1080,False,observed_zero,True,6164,Naive2|Naive3,L174664,0
L174664,Doxorubicin,3,0.00046232,0,0.0,406,0.289793,996,False,observed_zero,True,2832,Naive2|Naive3,L174664,0
L174664,Trametinib,3,0.00046232,0,0.0,275,0.19628837,1127,False,observed_zero,True,8091,Naive2|Naive3,L174664,0
L175009,Acid,1,0.00015411,0,0.0,666,0.47537473,736,False,observed_zero,True,7246,Naive3,L175009,0
L175009,Cisplatin,1,0.00015411,0,0.0,273,0.19486081,1129,False,observed_zero,True,6815,Naive3,L175009,0
L175009,CoCl2,1,0.00015411,0,0.0,320,0.22840828,1082,False,observed_zero,True,5134,Naive3,L175009,0
L175009,Dabrafenib,1,0.00015411,0,0.0,322,0.22983583,1080,False,observed_zero,True,6164,Naive3,L175009,0
L175009,Doxorubicin,1,0.00015411,0,0.0,406,0.289793,996,False,observed_zero,True,2832,Naive3,L175009,0
L175009,Trametinib,1,0.00015411,0,0.0,275,0.19628837,1127,False,observed_zero,True,8091,Naive3,L175009,0
L175598,Acid,2,0.00030821,0,0.0,666,0.47537473,736,False,observed_zero,True,7246,Naive3,L175598,3
L175598,Cisplatin,2,0.00030821,0,0.0,273,0.19486081,1129,False,observed_zero,True,6815,Naive3,L175598,3
L175598,CoCl2,2,0.00030821,2,0.00038956,110,0.07851535,69,True,observed_nonzero,True,5134,Naive3,L175598,3
L175598,Dabrafenib,2,0.00030821,0,0.0,322,0.22983583,1080,False,observed_zero,True,6164,Naive3,L175598,3
L175598,Doxorubicin,2,0.00030821,1,0.00035311,218,0.15560314,188,True,observed_nonzero,True,2832,Naive3,L175598,3
L175598,Trametinib,2,0.00030821,1,0.00012359,161,0.11491792,114,True,observed_nonzero,True,8091,Naive3,L175598,3
L176569,Acid,1,0.00015411,1,0.00013801,487,0.34760885,179,True,observed_nonzero,True,7246,Naive3,L176569,4
L176569,Cisplatin,1,0.00015411,0,0.0,273,0.19486081,1129,False,observed_zero,True,6815,Naive3,L176569,4
L176569,CoCl2,1,0.00015411,0,0.0,320,0.22840828,1082,False,observed_zero,True,5134,Naive3,L176569,4
L176569,Dabrafenib,1,0.00015411,0,0.0,322,0.22983583,1080,False,observed_zero,True,6164,Naive3,L176569,4
L176569,Doxorubicin,1,0.00015411,0,0.0,406,0.289793,996,False,observed_zero,True,2832,Naive3,L176569,4
L176569,Trametinib,1,0.00015411,0,0.0,275,0.19628837,1127,False,observed_zero,True,8091,Naive3,L176569,4
L176645,Acid,3,0.00046232,0,0.0,666,0.47537473,736,False,observed_zero,True,7246,Naive1|Naive3,L176645,0
L176645,Cisplatin,3,0.00046232,0,0.0,273,0.19486081,1129,False,observed_zero,True,6815,Naive1|Naive3,L176645,0
L176645,CoCl2,3,0.00046232,0,0.0,320,0.22840828,1082,False,observed_zero,True,5134,Naive1|Naive3,L176645,0
L176645,Dabrafenib,3,0.00046232,0,0.0,322,0.22983583,1080,False,observed_zero,True,6164,Naive1|Naive3,L176645,0
L176645,Doxorubicin,3,0.00046232,1,0.00035311,218,0.15560314,188,True,observed_nonzero,True,2832,Naive1|Naive3,L176645,0
L176645,Trametinib,3,0.00046232,0,0.0,275,0.19628837,1127,False,observed_zero,True,8091,Naive1|Naive3,L176645,0
L177039,Acid,1,0.00015411,0,0.0,666,0.47537473,736,False,observed_zero,True,7246,Naive3,L177039,3
L177039,Cisplatin,1,0.00015411,0,0.0,273,0.19486081,1129,False,observed_zero,True,6815,Naive3,L177039,3
L177039,CoCl2,1,0.00015411,0,0.0,320,0.22840828,1082,False,observed_zero,True,5134,Naive3,L177039,3
L177039,Dabrafenib,1,0.00015411,0,0.0,322,0.22983583,1080,False,observed_zero,True,6164,Naive3,L177039,3
L177039,Doxorubicin,1,0.00015411,0,0.0,406,0.289793,996,False,observed_zero,True,2832,Naive3,L177039,3
L177039,Trametinib,1,0.00015411,0,0.0,275,0.19628837,1127,False,observed_zero,True,8091,Naive3,L177039,3
L177128,Acid,19,0.00292803,25,0.00345018,57,0.04068522,2,True,observed_nonzero,True,7246,Naive1|Naive2|Naive3,L177128,3
L177128,Cisplatin,19,0.00292803,0,0.0,273,0.19486081,1129,False,observed_zero,True,6815,Naive1|Naive2|Naive3,L177128,3
L177128,CoCl2,19,0.00292803,0,0.0,320,0.22840828,1082,False,observed_zero,True,5134,Naive1|Naive2|Naive3,L177128,3
L177128,Dabrafenib,19,0.00292803,18,0.00292018,35,0.02498216,2,True,observed_nonzero,True,6164,Naive1|Naive2|Naive3,L177128,3
L177128,Doxorubicin,19,0.00292803,5,0.00176554,59,0.04211278,11,True,observed_nonzero,True,2832,Naive1|Naive2|Naive3,L177128,3
L177128,Trametinib,19,0.00292803,92,0.01137066,9,0.00642398,1,True,observed_nonzero,True,8091,Naive1|Naive2|Naive3,L177128,3
L177238,Acid,1,0.00015411,0,0.0,666,0.47537473,736,False,observed_zero,True,7246,Naive3,L177238,4
L177238,Cisplatin,1,0.00015411,0,0.0,273,0.19486081,1129,False,observed_zero,True,6815,Naive3,L177238,4
L177238,CoCl2,1,0.00015411,0,0.0,320,0.22840828,1082,False,observed_zero,True,5134,Naive3,L177238,4
L177238,Dabrafenib,1,0.00015411,0,0.0,322,0.22983583,1080,False,observed_zero,True,6164,Naive3,L177238,4
L177238,Doxorubicin,1,0.00015411,0,0.0,406,0.289793,996,False,observed_zero,True,2832,Naive3,L177238,4
L177238,Trametinib,1,0.00015411,0,0.0,275,0.19628837,1127,False,observed_zero,True,8091,Naive3,L177238,4
L177252,Acid,1,0.00015411,0,0.0,666,0.47537473,736,False,observed_zero,True,7246,Naive3,L177252,2
L177252,Cisplatin,1,0.00015411,0,0.0,273,0.19486081,1129,False,observed_zero,True,6815,Naive3,L177252,2
L177252,CoCl2,1,0.00015411,0,0.0,320,0.22840828,1082,False,observed_zero,True,5134,Naive3,L177252,2
L177252,Dabrafenib,1,0.00015411,0,0.0,322,0.22983583,1080,False,observed_zero,True,6164,Naive3,L177252,2
L177252,Doxorubicin,1,0.00015411,1,0.00035311,218,0.15560314,188,True,observed_nonzero,True,2832,Naive3,L177252,2
L177252,Trametinib,1,0.00015411,0,0.0,275,0.19628837,1127,False,observed_zero,True,8091,Naive3,L177252,2
L177271,Acid,1,0.00015411,0,0.0,666,0.47537473,736,False,observed_zero,True,7246,Naive1,L177271,0
L177271,Cisplatin,1,0.00015411,0,0.0,273,0.19486081,1129,False,observed_zero,True,6815,Naive1,L177271,0
L177271,CoCl2,1,0.00015411,0,0.0,320,0.22840828,1082,False,observed_zero,True,5134,Naive1,L177271,0
L177271,Dabrafenib,1,0.00015411,0,0.0,322,0.22983583,1080,False,observed_zero,True,6164,Naive1,L177271,0
L177271,Doxorubicin,1,0.00015411,0,0.0,406,0.289793,996,False,observed_zero,True,2832,Naive1,L177271,0
L177271,Trametinib,1,0.00015411,0,0.0,275,0.19628837,1127,False,observed_zero,True,8091,Naive1,L177271,0
L177312,Acid,1,0.00015411,0,0.0,666,0.47537473,736,False,observed_zero,True,7246,Naive1,L177312,1
L177312,Cisplatin,1,0.00015411,0,0.0,273,0.19486081,1129,False,observed_zero,True,6815,Naive1,L177312,1
L177312,CoCl2,1,0.00015411,0,0.0,320,0.22840828,1082,False,observed_zero,True,5134,Naive1,L177312,1
L177312,Dabrafenib,1,0.00015411,0,0.0,322,0.22983583,1080,False,observed_zero,True,6164,Naive1,L177312,1
L177312,Doxorubicin,1,0.00015411,0,0.0,406,0.289793,996,False,observed_zero,True,2832,Naive1,L177312,1
L177312,Trametinib,1,0.00015411,0,0.0,275,0.19628837,1127,False,observed_zero,True,8091,Naive1,L177312,1
L177336,Acid,1,0.00015411,0,0.0,666,0.47537473,736,False,observed_zero,True,7246,Naive3,L177336,4
L177336,Cisplatin,1,0.00015411,0,0.0,273,0.19486081,1129,False,observed_zero,True,6815,Naive3,L177336,4
L177336,CoCl2,1,0.00015411,0,0.0,320,0.22840828,1082,False,observed_zero,True,5134,Naive3,L177336,4
L177336,Dabrafenib,1,0.00015411,0,0.0,322,0.22983583,1080,False,observed_zero,True,6164,Naive3,L177336,4
L177336,Doxorubicin,1,0.00015411,0,0.0,406,0.289793,996,False,observed_zero,True,2832,Naive3,L177336,4
L177336,Trametinib,1,0.00015411,0,0.0,275,0.19628837,1127,False,observed_zero,True,8091,Naive3,L177336,4
L177375,Acid,6,0.00092464,11,0.00151808,136,0.09707352,13,True,observed_nonzero,True,7246,Naive1|Naive2|Naive3,L177375,3
L177375,Cisplatin,6,0.00092464,0,0.0,273,0.19486081,1129,False,observed_zero,True,6815,Naive1|Naive2|Naive3,L177375,3
L177375,CoCl2,6,0.00092464,0,0.0,320,0.22840828,1082,False,observed_zero,True,5134,Naive1|Naive2|Naive3,L177375,3
L177375,Dabrafenib,6,0.00092464,18,0.00292018,35,0.02498216,2,True,observed_nonzero,True,6164,Naive1|Naive2|Naive3,L177375,3
L177375,Doxorubicin,6,0.00092464,0,0.0,406,0.289793,996,False,observed_zero,True,2832,Naive1|Naive2|Naive3,L177375,3
L177375,Trametinib,6,0.00092464,31,0.00383142,18,0.01284797,1,True,observed_nonzero,True,8091,Naive1|Naive2|Naive3,L177375,3
L177976,Acid,1,0.00015411,0,0.0,666,0.47537473,736,False,observed_zero,True,7246,Naive2,L177976,2
L177976,Cisplatin,1,0.00015411,0,0.0,273,0.19486081,1129,False,observed_zero,True,6815,Naive2,L177976,2
L177976,CoCl2,1,0.00015411,0,0.0,320,0.22840828,1082,False,observed_zero,True,5134,Naive2,L177976,2
L177976,Dabrafenib,1,0.00015411,10,0.00162232,56,0.03997145,6,True,observed_nonzero,True,6164,Naive2,L177976,2
L177976,Doxorubicin,1,0.00015411,0,0.0,406,0.289793,996,False,observed_zero,True,2832,Naive2,L177976,2
L177976,Trametinib,1,0.00015411,19,0.00234829,29,0.0206995,2,True,observed_nonzero,True,8091,Naive2,L177976,2
L178651,Acid,11,0.00169518,8,0.00110406,173,0.12348323,19,True,observed_nonzero,True,7246,Naive1|Naive2|Naive3,L178651,1
L178651,Cisplatin,11,0.00169518,1,0.00014674,110,0.07851535,163,True,observed_nonzero,True,6815,Naive1|Naive2|Naive3,L178651,1
L178651,CoCl2,11,0.00169518,0,0.0,320,0.22840828,1082,False,observed_zero,True,5134,Naive1|Naive2|Naive3,L178651,1
L178651,Dabrafenib,11,0.00169518,3,0.0004867,113,0.08065667,22,True,observed_nonzero,True,6164,Naive1|Naive2|Naive3,L178651,1
L178651,Doxorubicin,11,0.00169518,1,0.00035311,218,0.15560314,188,True,observed_nonzero,True,2832,Naive1|Naive2|Naive3,L178651,1
L178651,Trametinib,11,0.00169518,1,0.00012359,161,0.11491792,114,True,observed_nonzero,True,8091,Naive1|Naive2|Naive3,L178651,1
L17873,Acid,16,0.00246571,2,0.00027601,380,0.27123483,107,True,observed_nonzero,True,7246,Naive1|Naive2|Naive3,L17873,0
L17873,Cisplatin,16,0.00246571,2,0.00029347,60,0.04282655,50,True,observed_nonzero,True,6815,Naive1|Naive2|Naive3,L17873,0
L17873,CoCl2,16,0.00246571,1,0.00019478,179,0.12776588,141,True,observed_nonzero,True,5134,Naive1|Naive2|Naive3,L17873,0
L17873,Dabrafenib,16,0.00246571,0,0.0,322,0.22983583,1080,False,observed_zero,True,6164,Naive1|Naive2|Naive3,L17873,0
L17873,Doxorubicin,16,0.00246571,0,0.0,406,0.289793,996,False,observed_zero,True,2832,Naive1|Naive2|Naive3,L17873,0
L17873,Trametinib,16,0.00246571,0,0.0,275,0.19628837,1127,False,observed_zero,True,8091,Naive1|Naive2|Naive3,L17873,0
L17895,Acid,2,0.00030821,0,0.0,666,0.47537473,736,False,observed_zero,True,7246,Naive1|Naive2,L17895,4
L17895,Cisplatin,2,0.00030821,0,0.0,273,0.19486081,1129,False,observed_zero,True,6815,Naive1|Naive2,L17895,4
L17895,CoCl2,2,0.00030821,0,0.0,320,0.22840828,1082,False,observed_zero,True,5134,Naive1|Naive2,L17895,4
L17895,Dabrafenib,2,0.00030821,0,0.0,322,0.22983583,1080,False,observed_zero,True,6164,Naive1|Naive2,L17895,4
L17895,Doxorubicin,2,0.00030821,0,0.0,406,0.289793,996,False,observed_zero,True,2832,Naive1|Naive2,L17895,4
L17895,Trametinib,2,0.00030821,0,0.0,275,0.19628837,1127,False,observed_zero,True,8091,Naive1|Naive2,L17895,4
L17906,Acid,4,0.00061643,1,0.00013801,487,0.34760885,179,True,observed_nonzero,True,7246,Naive3,L17906,1
L17906,Cisplatin,4,0.00061643,0,0.0,273,0.19486081,1129,False,observed_zero,True,6815,Naive3,L17906,1
L17906,CoCl2,4,0.00061643,0,0.0,320,0.22840828,1082,False,observed_zero,True,5134,Naive3,L17906,1
L17906,Dabrafenib,4,0.00061643,0,0.0,322,0.22983583,1080,False,observed_zero,True,6164,Naive3,L17906,1
L17906,Doxorubicin,4,0.00061643,0,0.0,406,0.289793,996,False,observed_zero,True,2832,Naive3,L17906,1
L17906,Trametinib,4,0.00061643,0,0.0,275,0.19628837,1127,False,observed_zero,True,8091,Naive3,L17906,1
L179110,Acid,1,0.00015411,0,0.0,666,0.47537473,736,False,observed_zero,True,7246,Naive1,L179110,2
L179110,Cisplatin,1,0.00015411,0,0.0,273,0.19486081,1129,False,observed_zero,True,6815,Naive1,L179110,2
L179110,CoCl2,1,0.00015411,0,0.0,320,0.22840828,1082,False,observed_zero,True,5134,Naive1,L179110,2
L179110,Dabrafenib,1,0.00015411,0,0.0,322,0.22983583,1080,False,observed_zero,True,6164,Naive1,L179110,2
L179110,Doxorubicin,1,0.00015411,0,0.0,406,0.289793,996,False,observed_zero,True,2832,Naive1,L179110,2
L179110,Trametinib,1,0.00015411,0,0.0,275,0.19628837,1127,False,observed_zero,True,8091,Naive1,L179110,2
L179168,Acid,2,0.00030821,0,0.0,666,0.47537473,736,False,observed_zero,True,7246,Naive3,L179168,2
L179168,Cisplatin,2,0.00030821,0,0.0,273,0.19486081,1129,False,observed_zero,True,6815,Naive3,L179168,2
L179168,CoCl2,2,0.00030821,0,0.0,320,0.22840828,1082,False,observed_zero,True,5134,Naive3,L179168,2
L179168,Dabrafenib,2,0.00030821,3,0.0004867,113,0.08065667,22,True,observed_nonzero,True,6164,Naive3,L179168,2
L179168,Doxorubicin,2,0.00030821,0,0.0,406,0.289793,996,False,observed_zero,True,2832,Naive3,L179168,2
L179168,Trametinib,2,0.00030821,0,0.0,275,0.19628837,1127,False,observed_zero,True,8091,Naive3,L179168,2
L17919,Acid,2,0.00030821,0,0.0,666,0.47537473,736,False,observed_zero,True,7246,Naive3,L17919,0
L17919,Cisplatin,2,0.00030821,0,0.0,273,0.19486081,1129,False,observed_zero,True,6815,Naive3,L17919,0
L17919,CoCl2,2,0.00030821,0,0.0,320,0.22840828,1082,False,observed_zero,True,5134,Naive3,L17919,0
L17919,Dabrafenib,2,0.00030821,0,0.0,322,0.22983583,1080,False,observed_zero,True,6164,Naive3,L17919,0
L17919,Doxorubicin,2,0.00030821,0,0.0,406,0.289793,996,False,observed_zero,True,2832,Naive3,L17919,0
L17919,Trametinib,2,0.00030821,0,0.0,275,0.19628837,1127,False,observed_zero,True,8091,Naive3,L17919,0
L179303,Acid,5,0.00077053,0,0.0,666,0.47537473,736,False,observed_zero,True,7246,Naive2|Naive3,L179303,3
L179303,Cisplatin,5,0.00077053,0,0.0,273,0.19486081,1129,False,observed_zero,True,6815,Naive2|Naive3,L179303,3
L179303,CoCl2,5,0.00077053,0,0.0,320,0.22840828,1082,False,observed_zero,True,5134,Naive2|Naive3,L179303,3
L179303,Dabrafenib,5,0.00077053,0,0.0,322,0.22983583,1080,False,observed_zero,True,6164,Naive2|Naive3,L179303,3
L179303,Doxorubicin,5,0.00077053,0,0.0,406,0.289793,996,False,observed_zero,True,2832,Naive2|Naive3,L179303,3
L179303,Trametinib,5,0.00077053,0,0.0,275,0.19628837,1127,False,observed_zero,True,8091,Naive2|Naive3,L179303,3
L179382,Acid,1,0.00015411,0,0.0,666,0.47537473,736,False,observed_zero,True,7246,Naive3,L179382,0
L179382,Cisplatin,1,0.00015411,0,0.0,273,0.19486081,1129,False,observed_zero,True,6815,Naive3,L179382,0
L179382,CoCl2,1,0.00015411,0,0.0,320,0.22840828,1082,False,observed_zero,True,5134,Naive3,L179382,0
L179382,Dabrafenib,1,0.00015411,1,0.00016223,182,0.12990721,140,True,observed_nonzero,True,6164,Naive3,L179382,0
L179382,Doxorubicin,1,0.00015411,0,0.0,406,0.289793,996,False,observed_zero,True,2832,Naive3,L179382,0
L179382,Trametinib,1,0.00015411,1,0.00012359,161,0.11491792,114,True,observed_nonzero,True,8091,Naive3,L179382,0
L179445,Acid,7,0.00107875,0,0.0,666,0.47537473,736,False,observed_zero,True,7246,Naive2,L179445,0
L179445,Cisplatin,7,0.00107875,0,0.0,273,0.19486081,1129,False,observed_zero,True,6815,Naive2,L179445,0
L179445,CoCl2,7,0.00107875,0,0.0,320,0.22840828,1082,False,observed_zero,True,5134,Naive2,L179445,0
L179445,Dabrafenib,7,0.00107875,0,0.0,322,0.22983583,1080,False,observed_zero,True,6164,Naive2,L179445,0
L179445,Doxorubicin,7,0.00107875,0,0.0,406,0.289793,996,False,observed_zero,True,2832,Naive2,L179445,0
L179445,Trametinib,7,0.00107875,0,0.0,275,0.19628837,1127,False,observed_zero,True,8091,Naive2,L179445,0
L179636,Acid,5,0.00077053,13,0.00179409,115,0.08208423,9,True,observed_nonzero,True,7246,Naive1|Naive2|Naive3,L179636,1
L179636,Cisplatin,5,0.00077053,0,0.0,273,0.19486081,1129,False,observed_zero,True,6815,Naive1|Naive2|Naive3,L179636,1
L179636,CoCl2,5,0.00077053,0,0.0,320,0.22840828,1082,False,observed_zero,True,5134,Naive1|Naive2|Naive3,L179636,1
L179636,Dabrafenib,5,0.00077053,0,0.0,322,0.22983583,1080,False,observed_zero,True,6164,Naive1|Naive2|Naive3,L179636,1
L179636,Doxorubicin,5,0.00077053,0,0.0,406,0.289793,996,False,observed_zero,True,2832,Naive1|Naive2|Naive3,L179636,1
L179636,Trametinib,5,0.00077053,0,0.0,275,0.19628837,1127,False,observed_zero,True,8091,Naive1|Naive2|Naive3,L179636,1
L179761,Acid,1,0.00015411,0,0.0,666,0.47537473,736,False,observed_zero,True,7246,Naive3,L179761,2
L179761,Cisplatin,1,0.00015411,0,0.0,273,0.19486081,1129,False,observed_zero,True,6815,Naive3,L179761,2
L179761,CoCl2,1,0.00015411,0,0.0,320,0.22840828,1082,False,observed_zero,True,5134,Naive3,L179761,2
L179761,Dabrafenib,1,0.00015411,0,0.0,322,0.22983583,1080,False,observed_zero,True,6164,Naive3,L179761,2
L179761,Doxorubicin,1,0.00015411,0,0.0,406,0.289793,996,False,observed_zero,True,2832,Naive3,L179761,2
L179761,Trametinib,1,0.00015411,0,0.0,275,0.19628837,1127,False,observed_zero,True,8091,Naive3,L179761,2
L179846,Acid,2,0.00030821,0,0.0,666,0.47537473,736,False,observed_zero,True,7246,Naive1|Naive3,L179846,1
L179846,Cisplatin,2,0.00030821,0,0.0,273,0.19486081,1129,False,observed_zero,True,6815,Naive1|Naive3,L179846,1
L179846,CoCl2,2,0.00030821,0,0.0,320,0.22840828,1082,False,observed_zero,True,5134,Naive1|Naive3,L179846,1
L179846,Dabrafenib,2,0.00030821,0,0.0,322,0.22983583,1080,False,observed_zero,True,6164,Naive1|Naive3,L179846,1
L179846,Doxorubicin,2,0.00030821,0,0.0,406,0.289793,996,False,observed_zero,True,2832,Naive1|Naive3,L179846,1
L179846,Trametinib,2,0.00030821,0,0.0,275,0.19628837,1127,False,observed_zero,True,8091,Naive1|Naive3,L179846,1
L180119,Acid,10,0.00154107,3,0.00041402,318,0.22698073,62,True,observed_nonzero,True,7246,Naive1|Naive2|Naive3,L180119,1
L180119,Cisplatin,10,0.00154107,0,0.0,273,0.19486081,1129,False,observed_zero,True,6815,Naive1|Naive2|Naive3,L180119,1
L180119,CoCl2,10,0.00154107,1,0.00019478,179,0.12776588,141,True,observed_nonzero,True,5134,Naive1|Naive2|Naive3,L180119,1
L180119,Dabrafenib,10,0.00154107,1,0.00016223,182,0.12990721,140,True,observed_nonzero,True,6164,Naive1|Naive2|Naive3,L180119,1
L180119,Doxorubicin,10,0.00154107,3,0.00105932,96,0.06852248,39,True,observed_nonzero,True,2832,Naive1|Naive2|Naive3,L180119,1
L180119,Trametinib,10,0.00154107,0,0.0,275,0.19628837,1127,False,observed_zero,True,8091,Naive1|Naive2|Naive3,L180119,1
L180143,Acid,1,0.00015411,0,0.0,666,0.47537473,736,False,observed_zero,True,7246,Naive3,L180143,0
L180143,Cisplatin,1,0.00015411,0,0.0,273,0.19486081,1129,False,observed_zero,True,6815,Naive3,L180143,0
L180143,CoCl2,1,0.00015411,0,0.0,320,0.22840828,1082,False,observed_zero,True,5134,Naive3,L180143,0
L180143,Dabrafenib,1,0.00015411,0,0.0,322,0.22983583,1080,False,observed_zero,True,6164,Naive3,L180143,0
L180143,Doxorubicin,1,0.00015411,0,0.0,406,0.289793,996,False,observed_zero,True,2832,Naive3,L180143,0
L180143,Trametinib,1,0.00015411,0,0.0,275,0.19628837,1127,False,observed_zero,True,8091,Naive3,L180143,0
L181437,Acid,8,0.00123286,1,0.00013801,487,0.34760885,179,True,observed_nonzero,True,7246,Naive1|Naive3,L181437,0
L181437,Cisplatin,8,0.00123286,1,0.00014674,110,0.07851535,163,True,observed_nonzero,True,6815,Naive1|Naive3,L181437,0
L181437,CoCl2,8,0.00123286,3,0.00058434,80,0.05710207,30,True,observed_nonzero,True,5134,Naive1|Naive3,L181437,0
L181437,Dabrafenib,8,0.00123286,0,0.0,322,0.22983583,1080,False,observed_zero,True,6164,Naive1|Naive3,L181437,0
L181437,Doxorubicin,8,0.00123286,0,0.0,406,0.289793,996,False,observed_zero,True,2832,Naive1|Naive3,L181437,0
L181437,Trametinib,8,0.00123286,0,0.0,275,0.19628837,1127,False,observed_zero,True,8091,Naive1|Naive3,L181437,0
L181765,Acid,1,0.00015411,2,0.00027601,380,0.27123483,107,True,observed_nonzero,True,7246,Naive1,L181765,4
L181765,Cisplatin,1,0.00015411,0,0.0,273,0.19486081,1129,False,observed_zero,True,6815,Naive1,L181765,4
L181765,CoCl2,1,0.00015411,0,0.0,320,0.22840828,1082,False,observed_zero,True,5134,Naive1,L181765,4
L181765,Dabrafenib,1,0.00015411,0,0.0,322,0.22983583,1080,False,observed_zero,True,6164,Naive1,L181765,4
L181765,Doxorubicin,1,0.00015411,2,0.00070621,135,0.09635974,83,True,observed_nonzero,True,2832,Naive1,L181765,4
L181765,Trametinib,1,0.00015411,0,0.0,275,0.19628837,1127,False,observed_zero,True,8091,Naive1,L181765,4
L182194,Acid,4,0.00061643,0,0.0,666,0.47537473,736,False,observed_zero,True,7246,Naive1|Naive2|Naive3,L182194,2
L182194,Cisplatin,4,0.00061643,0,0.0,273,0.19486081,1129,False,observed_zero,True,6815,Naive1|Naive2|Naive3,L182194,2
L182194,CoCl2,4,0.00061643,0,0.0,320,0.22840828,1082,False,observed_zero,True,5134,Naive1|Naive2|Naive3,L182194,2
L182194,Dabrafenib,4,0.00061643,0,0.0,322,0.22983583,1080,False,observed_zero,True,6164,Naive1|Naive2|Naive3,L182194,2
L182194,Doxorubicin,4,0.00061643,0,0.0,406,0.289793,996,False,observed_zero,True,2832,Naive1|Naive2|Naive3,L182194,2
L182194,Trametinib,4,0.00061643,0,0.0,275,0.19628837,1127,False,observed_zero,True,8091,Naive1|Naive2|Naive3,L182194,2
L183297,Acid,1,0.00015411,0,0.0,666,0.47537473,736,False,observed_zero,True,7246,Naive3,L183297,4
L183297,Cisplatin,1,0.00015411,0,0.0,273,0.19486081,1129,False,observed_zero,True,6815,Naive3,L183297,4
L183297,CoCl2,1,0.00015411,0,0.0,320,0.22840828,1082,False,observed_zero,True,5134,Naive3,L183297,4
L183297,Dabrafenib,1,0.00015411,0,0.0,322,0.22983583,1080,False,observed_zero,True,6164,Naive3,L183297,4
L183297,Doxorubicin,1,0.00015411,0,0.0,406,0.289793,996,False,observed_zero,True,2832,Naive3,L183297,4
L183297,Trametinib,1,0.00015411,0,0.0,275,0.19628837,1127,False,observed_zero,True,8091,Naive3,L183297,4
L183358,Acid,15,0.0023116,26,0.00358819,53,0.03783012,4,True,observed_nonzero,True,7246,Naive1|Naive2|Naive3,L183358,0
L183358,Cisplatin,15,0.0023116,1,0.00014674,110,0.07851535,163,True,observed_nonzero,True,6815,Naive1|Naive2|Naive3,L183358,0
L183358,CoCl2,15,0.0023116,5,0.0009739,47,0.03354747,16,True,observed_nonzero,True,5134,Naive1|Naive2|Naive3,L183358,0
L183358,Dabrafenib,15,0.0023116,0,0.0,322,0.22983583,1080,False,observed_zero,True,6164,Naive1|Naive2|Naive3,L183358,0
L183358,Doxorubicin,15,0.0023116,4,0.00141243,70,0.04996431,26,True,observed_nonzero,True,2832,Naive1|Naive2|Naive3,L183358,0
L183358,Trametinib,15,0.0023116,0,0.0,275,0.19628837,1127,False,observed_zero,True,8091,Naive1|Naive2|Naive3,L183358,0
L183531,Acid,3,0.00046232,2,0.00027601,380,0.27123483,107,True,observed_nonzero,True,7246,Naive1|Naive3,L183531,2
L183531,Cisplatin,3,0.00046232,2,0.00029347,60,0.04282655,50,True,observed_nonzero,True,6815,Naive1|Naive3,L183531,2
L183531,CoCl2,3,0.00046232,0,0.0,320,0.22840828,1082,False,observed_zero,True,5134,Naive1|Naive3,L183531,2
L183531,Dabrafenib,3,0.00046232,1,0.00016223,182,0.12990721,140,True,observed_nonzero,True,6164,Naive1|Naive3,L183531,2
L183531,Doxorubicin,3,0.00046232,0,0.0,406,0.289793,996,False,observed_zero,True,2832,Naive1|Naive3,L183531,2
L183531,Trametinib,3,0.00046232,0,0.0,275,0.19628837,1127,False,observed_zero,True,8091,Naive1|Naive3,L183531,2
L183654,Acid,39,0.00601017,81,0.01117858,11,0.00785153,1,True,observed_nonzero,True,7246,Naive1|Naive2|Naive3,L183654,3
L183654,Cisplatin,39,0.00601017,1,0.00014674,110,0.07851535,163,True,observed_nonzero,True,6815,Naive1|Naive2|Naive3,L183654,3
L183654,CoCl2,39,0.00601017,1,0.00019478,179,0.12776588,141,True,observed_nonzero,True,5134,Naive1|Naive2|Naive3,L183654,3
L183654,Dabrafenib,39,0.00601017,0,0.0,322,0.22983583,1080,False,observed_zero,True,6164,Naive1|Naive2|Naive3,L183654,3
L183654,Doxorubicin,39,0.00601017,2,0.00070621,135,0.09635974,83,True,observed_nonzero,True,2832,Naive1|Naive2|Naive3,L183654,3
L183654,Trametinib,39,0.00601017,0,0.0,275,0.19628837,1127,False,observed_zero,True,8091,Naive1|Naive2|Naive3,L183654,3
L18366,Acid,3,0.00046232,0,0.0,666,0.47537473,736,False,observed_zero,True,7246,Naive1|Naive3,L18366,1
L18366,Cisplatin,3,0.00046232,4,0.00058694,23,0.01641685,14,True,observed_nonzero,True,6815,Naive1|Naive3,L18366,1
L18366,CoCl2,3,0.00046232,0,0.0,320,0.22840828,1082,False,observed_zero,True,5134,Naive1|Naive3,L18366,1
L18366,Dabrafenib,3,0.00046232,39,0.00632706,19,0.01356174,1,True,observed_nonzero,True,6164,Naive1|Naive3,L18366,1
L18366,Doxorubicin,3,0.00046232,3,0.00105932,96,0.06852248,39,True,observed_nonzero,True,2832,Naive1|Naive3,L18366,1
L18366,Trametinib,3,0.00046232,16,0.00197751,33,0.0235546,4,True,observed_nonzero,True,8091,Naive1|Naive3,L18366,1
L183665,Acid,3,0.00046232,2,0.00027601,380,0.27123483,107,True,observed_nonzero,True,7246,Naive1|Naive2,L183665,2
L183665,Cisplatin,3,0.00046232,0,0.0,273,0.19486081,1129,False,observed_zero,True,6815,Naive1|Naive2,L183665,2
L183665,CoCl2,3,0.00046232,3,0.00058434,80,0.05710207,30,True,observed_nonzero,True,5134,Naive1|Naive2,L183665,2
L183665,Dabrafenib,3,0.00046232,1,0.00016223,182,0.12990721,140,True,observed_nonzero,True,6164,Naive1|Naive2,L183665,2
L183665,Doxorubicin,3,0.00046232,2,0.00070621,135,0.09635974,83,True,observed_nonzero,True,2832,Naive1|Naive2,L183665,2
L183665,Trametinib,3,0.00046232,0,0.0,275,0.19628837,1127,False,observed_zero,True,8091,Naive1|Naive2,L183665,2
L183696,Acid,1,0.00015411,0,0.0,666,0.47537473,736,False,observed_zero,True,7246,Naive2,L183696,3
L183696,Cisplatin,1,0.00015411,0,0.0,273,0.19486081,1129,False,observed_zero,True,6815,Naive2,L183696,3
L183696,CoCl2,1,0.00015411,0,0.0,320,0.22840828,1082,False,observed_zero,True,5134,Naive2,L183696,3
L183696,Dabrafenib,1,0.00015411,0,0.0,322,0.22983583,1080,False,observed_zero,True,6164,Naive2,L183696,3
L183696,Doxorubicin,1,0.00015411,0,0.0,406,0.289793,996,False,observed_zero,True,2832,Naive2,L183696,3
L183696,Trametinib,1,0.00015411,0,0.0,275,0.19628837,1127,False,observed_zero,True,8091,Naive2,L183696,3
L18385,Acid,1,0.00015411,0,0.0,666,0.47537473,736,False,observed_zero,True,7246,Naive2,L18385,4
L18385,Cisplatin,1,0.00015411,0,0.0,273,0.19486081,1129,False,observed_zero,True,6815,Naive2,L18385,4
L18385,CoCl2,1,0.00015411,0,0.0,320,0.22840828,1082,False,observed_zero,True,5134,Naive2,L18385,4
L18385,Dabrafenib,1,0.00015411,0,0.0,322,0.22983583,1080,False,observed_zero,True,6164,Naive2,L18385,4
L18385,Doxorubicin,1,0.00015411,0,0.0,406,0.289793,996,False,observed_zero,True,2832,Naive2,L18385,4
L18385,Trametinib,1,0.00015411,0,0.0,275,0.19628837,1127,False,observed_zero,True,8091,Naive2,L18385,4
L183961,Acid,1,0.00015411,0,0.0,666,0.47537473,736,False,observed_zero,True,7246,Naive3,L183961,0
L183961,Cisplatin,1,0.00015411,0,0.0,273,0.19486081,1129,False,observed_zero,True,6815,Naive3,L183961,0
L183961,CoCl2,1,0.00015411,0,0.0,320,0.22840828,1082,False,observed_zero,True,5134,Naive3,L183961,0
L183961,Dabrafenib,1,0.00015411,0,0.0,322,0.22983583,1080,False,observed_zero,True,6164,Naive3,L183961,0
L183961,Doxorubicin,1,0.00015411,0,0.0,406,0.289793,996,False,observed_zero,True,2832,Naive3,L183961,0
L183961,Trametinib,1,0.00015411,0,0.0,275,0.19628837,1127,False,observed_zero,True,8091,Naive3,L183961,0
L184246,Acid,2,0.00030821,1,0.00013801,487,0.34760885,179,True,observed_nonzero,True,7246,Naive1|Naive3,L184246,4
L184246,Cisplatin,2,0.00030821,0,0.0,273,0.19486081,1129,False,observed_zero,True,6815,Naive1|Naive3,L184246,4
L184246,CoCl2,2,0.00030821,0,0.0,320,0.22840828,1082,False,observed_zero,True,5134,Naive1|Naive3,L184246,4
L184246,Dabrafenib,2,0.00030821,0,0.0,322,0.22983583,1080,False,observed_zero,True,6164,Naive1|Naive3,L184246,4
L184246,Doxorubicin,2,0.00030821,1,0.00035311,218,0.15560314,188,True,observed_nonzero,True,2832,Naive1|Naive3,L184246,4
L184246,Trametinib,2,0.00030821,1,0.00012359,161,0.11491792,114,True,observed_nonzero,True,8091,Naive1|Naive3,L184246,4
L184957,Acid,1,0.00015411,2,0.00027601,380,0.27123483,107,True,observed_nonzero,True,7246,Naive3,L184957,1
L184957,Cisplatin,1,0.00015411,0,0.0,273,0.19486081,1129,False,observed_zero,True,6815,Naive3,L184957,1
L184957,CoCl2,1,0.00015411,0,0.0,320,0.22840828,1082,False,observed_zero,True,5134,Naive3,L184957,1
L184957,Dabrafenib,1,0.00015411,0,0.0,322,0.22983583,1080,False,observed_zero,True,6164,Naive3,L184957,1
L184957,Doxorubicin,1,0.00015411,0,0.0,406,0.289793,996,False,observed_zero,True,2832,Naive3,L184957,1
L184957,Trametinib,1,0.00015411,0,0.0,275,0.19628837,1127,False,observed_zero,True,8091,Naive3,L184957,1
L185195,Acid,8,0.00123286,4,0.00055203,267,0.19057816,51,True,observed_nonzero,True,7246,Naive1|Naive2|Naive3,L185195,1
L185195,Cisplatin,8,0.00123286,1,0.00014674,110,0.07851535,163,True,observed_nonzero,True,6815,Naive1|Naive2|Naive3,L185195,1
L185195,CoCl2,8,0.00123286,1,0.00019478,179,0.12776588,141,True,observed_nonzero,True,5134,Naive1|Naive2|Naive3,L185195,1
L185195,Dabrafenib,8,0.00123286,2,0.00032446,135,0.09635974,47,True,observed_nonzero,True,6164,Naive1|Naive2|Naive3,L185195,1
L185195,Doxorubicin,8,0.00123286,0,0.0,406,0.289793,996,False,observed_zero,True,2832,Naive1|Naive2|Naive3,L185195,1
L185195,Trametinib,8,0.00123286,0,0.0,275,0.19628837,1127,False,observed_zero,True,8091,Naive1|Naive2|Naive3,L185195,1
L185210,Acid,1,0.00015411,0,0.0,666,0.47537473,736,False,observed_zero,True,7246,Naive2,L185210,2
L185210,Cisplatin,1,0.00015411,0,0.0,273,0.19486081,1129,False,observed_zero,True,6815,Naive2,L185210,2
L185210,CoCl2,1,0.00015411,1,0.00019478,179,0.12776588,141,True,observed_nonzero,True,5134,Naive2,L185210,2
L185210,Dabrafenib,1,0.00015411,0,0.0,322,0.22983583,1080,False,observed_zero,True,6164,Naive2,L185210,2
L185210,Doxorubicin,1,0.00015411,0,0.0,406,0.289793,996,False,observed_zero,True,2832,Naive2,L185210,2
L185210,Trametinib,1,0.00015411,1,0.00012359,161,0.11491792,114,True,observed_nonzero,True,8091,Naive2,L185210,2
L185259,Acid,9,0.00138696,3,0.00041402,318,0.22698073,62,True,observed_nonzero,True,7246,Naive1|Naive2|Naive3,L185259,1
L185259,Cisplatin,9,0.00138696,0,0.0,273,0.19486081,1129,False,observed_zero,True,6815,Naive1|Naive2|Naive3,L185259,1
L185259,CoCl2,9,0.00138696,0,0.0,320,0.22840828,1082,False,observed_zero,True,5134,Naive1|Naive2|Naive3,L185259,1
L185259,Dabrafenib,9,0.00138696,0,0.0,322,0.22983583,1080,False,observed_zero,True,6164,Naive1|Naive2|Naive3,L185259,1
L185259,Doxorubicin,9,0.00138696,1,0.00035311,218,0.15560314,188,True,observed_nonzero,True,2832,Naive1|Naive2|Naive3,L185259,1
L185259,Trametinib,9,0.00138696,0,0.0,275,0.19628837,1127,False,observed_zero,True,8091,Naive1|Naive2|Naive3,L185259,1
L185317,Acid,1,0.00015411,0,0.0,666,0.47537473,736,False,observed_zero,True,7246,Naive3,L185317,4
L185317,Cisplatin,1,0.00015411,0,0.0,273,0.19486081,1129,False,observed_zero,True,6815,Naive3,L185317,4
L185317,CoCl2,1,0.00015411,0,0.0,320,0.22840828,1082,False,observed_zero,True,5134,Naive3,L185317,4
L185317,Dabrafenib,1,0.00015411,0,0.0,322,0.22983583,1080,False,observed_zero,True,6164,Naive3,L185317,4
L185317,Doxorubicin,1,0.00015411,0,0.0,406,0.289793,996,False,observed_zero,True,2832,Naive3,L185317,4
L185317,Trametinib,1,0.00015411,1,0.00012359,161,0.11491792,114,True,observed_nonzero,True,8091,Naive3,L185317,4
L185721,Acid,1,0.00015411,0,0.0,666,0.47537473,736,False,observed_zero,True,7246,Naive3,L185721,2
L185721,Cisplatin,1,0.00015411,0,0.0,273,0.19486081,1129,False,observed_zero,True,6815,Naive3,L185721,2
L185721,CoCl2,1,0.00015411,0,0.0,320,0.22840828,1082,False,observed_zero,True,5134,Naive3,L185721,2
L185721,Dabrafenib,1,0.00015411,0,0.0,322,0.22983583,1080,False,observed_zero,True,6164,Naive3,L185721,2
L185721,Doxorubicin,1,0.00015411,0,0.0,406,0.289793,996,False,observed_zero,True,2832,Naive3,L185721,2
L185721,Trametinib,1,0.00015411,0,0.0,275,0.19628837,1127,False,observed_zero,True,8091,Naive3,L185721,2
L185762,Acid,4,0.00061643,6,0.00082804,216,0.15417559,16,True,observed_nonzero,True,7246,Naive2|Naive3,L185762,1
L185762,Cisplatin,4,0.00061643,0,0.0,273,0.19486081,1129,False,observed_zero,True,6815,Naive2|Naive3,L185762,1
L185762,CoCl2,4,0.00061643,2,0.00038956,110,0.07851535,69,True,observed_nonzero,True,5134,Naive2|Naive3,L185762,1
L185762,Dabrafenib,4,0.00061643,0,0.0,322,0.22983583,1080,False,observed_zero,True,6164,Naive2|Naive3,L185762,1
L185762,Doxorubicin,4,0.00061643,3,0.00105932,96,0.06852248,39,True,observed_nonzero,True,2832,Naive2|Naive3,L185762,1
L185762,Trametinib,4,0.00061643,0,0.0,275,0.19628837,1127,False,observed_zero,True,8091,Naive2|Naive3,L185762,1
L18598,Acid,1,0.00015411,0,0.0,666,0.47537473,736,False,observed_zero,True,7246,Naive3,L18598,0
L18598,Cisplatin,1,0.00015411,0,0.0,273,0.19486081,1129,False,observed_zero,True,6815,Naive3,L18598,0
L18598,CoCl2,1,0.00015411,0,0.0,320,0.22840828,1082,False,observed_zero,True,5134,Naive3,L18598,0
L18598,Dabrafenib,1,0.00015411,0,0.0,322,0.22983583,1080,False,observed_zero,True,6164,Naive3,L18598,0
L18598,Doxorubicin,1,0.00015411,0,0.0,406,0.289793,996,False,observed_zero,True,2832,Naive3,L18598,0
L18598,Trametinib,1,0.00015411,0,0.0,275,0.19628837,1127,False,observed_zero,True,8091,Naive3,L18598,0
L186030,Acid,1,0.00015411,3,0.00041402,318,0.22698073,62,True,observed_nonzero,True,7246,Naive3,L186030,0
L186030,Cisplatin,1,0.00015411,16,0.00234776,7,0.00499643,1,True,observed_nonzero,True,6815,Naive3,L186030,0
L186030,CoCl2,1,0.00015411,0,0.0,320,0.22840828,1082,False,observed_zero,True,5134,Naive3,L186030,0
L186030,Dabrafenib,1,0.00015411,0,0.0,322,0.22983583,1080,False,observed_zero,True,6164,Naive3,L186030,0
L186030,Doxorubicin,1,0.00015411,0,0.0,406,0.289793,996,False,observed_zero,True,2832,Naive3,L186030,0
L186030,Trametinib,1,0.00015411,0,0.0,275,0.19628837,1127,False,observed_zero,True,8091,Naive3,L186030,0
L186064,Acid,1,0.00015411,1,0.00013801,487,0.34760885,179,True,observed_nonzero,True,7246,Naive3,L186064,3
L186064,Cisplatin,1,0.00015411,0,0.0,273,0.19486081,1129,False,observed_zero,True,6815,Naive3,L186064,3
L186064,CoCl2,1,0.00015411,0,0.0,320,0.22840828,1082,False,observed_zero,True,5134,Naive3,L186064,3
L186064,Dabrafenib,1,0.00015411,3,0.0004867,113,0.08065667,22,True,observed_nonzero,True,6164,Naive3,L186064,3
L186064,Doxorubicin,1,0.00015411,0,0.0,406,0.289793,996,False,observed_zero,True,2832,Naive3,L186064,3
L186064,Trametinib,1,0.00015411,0,0.0,275,0.19628837,1127,False,observed_zero,True,8091,Naive3,L186064,3
L186861,Acid,3,0.00046232,1,0.00013801,487,0.34760885,179,True,observed_nonzero,True,7246,Naive1|Naive3,L186861,1
L186861,Cisplatin,3,0.00046232,0,0.0,273,0.19486081,1129,False,observed_zero,True,6815,Naive1|Naive3,L186861,1
L186861,CoCl2,3,0.00046232,0,0.0,320,0.22840828,1082,False,observed_zero,True,5134,Naive1|Naive3,L186861,1
L186861,Dabrafenib,3,0.00046232,0,0.0,322,0.22983583,1080,False,observed_zero,True,6164,Naive1|Naive3,L186861,1
L186861,Doxorubicin,3,0.00046232,0,0.0,406,0.289793,996,False,observed_zero,True,2832,Naive1|Naive3,L186861,1
L186861,Trametinib,3,0.00046232,0,0.0,275,0.19628837,1127,False,observed_zero,True,8091,Naive1|Naive3,L186861,1
L186916,Acid,1,0.00015411,0,0.0,666,0.47537473,736,False,observed_zero,True,7246,Naive3,L186916,1
L186916,Cisplatin,1,0.00015411,0,0.0,273,0.19486081,1129,False,observed_zero,True,6815,Naive3,L186916,1
L186916,CoCl2,1,0.00015411,0,0.0,320,0.22840828,1082,False,observed_zero,True,5134,Naive3,L186916,1
L186916,Dabrafenib,1,0.00015411,0,0.0,322,0.22983583,1080,False,observed_zero,True,6164,Naive3,L186916,1
L186916,Doxorubicin,1,0.00015411,0,0.0,406,0.289793,996,False,observed_zero,True,2832,Naive3,L186916,1
L186916,Trametinib,1,0.00015411,0,0.0,275,0.19628837,1127,False,observed_zero,True,8091,Naive3,L186916,1
L186949,Acid,1,0.00015411,0,0.0,666,0.47537473,736,False,observed_zero,True,7246,Naive2,L186949,2
L186949,Cisplatin,1,0.00015411,0,0.0,273,0.19486081,1129,False,observed_zero,True,6815,Naive2,L186949,2
L186949,CoCl2,1,0.00015411,0,0.0,320,0.22840828,1082,False,observed_zero,True,5134,Naive2,L186949,2
L186949,Dabrafenib,1,0.00015411,0,0.0,322,0.22983583,1080,False,observed_zero,True,6164,Naive2,L186949,2
L186949,Doxorubicin,1,0.00015411,0,0.0,406,0.289793,996,False,observed_zero,True,2832,Naive2,L186949,2
L186949,Trametinib,1,0.00015411,0,0.0,275,0.19628837,1127,False,observed_zero,True,8091,Naive2,L186949,2
L187096,Acid,19,0.00292803,10,0.00138007,149,0.10635261,7,True,observed_nonzero,True,7246,Naive1|Naive2|Naive3,L187096,2
L187096,Cisplatin,19,0.00292803,2,0.00029347,60,0.04282655,50,True,observed_nonzero,True,6815,Naive1|Naive2|Naive3,L187096,2
L187096,CoCl2,19,0.00292803,1,0.00019478,179,0.12776588,141,True,observed_nonzero,True,5134,Naive1|Naive2|Naive3,L187096,2
L187096,Dabrafenib,19,0.00292803,33,0.00535367,22,0.01570307,1,True,observed_nonzero,True,6164,Naive1|Naive2|Naive3,L187096,2
L187096,Doxorubicin,19,0.00292803,1,0.00035311,218,0.15560314,188,True,observed_nonzero,True,2832,Naive1|Naive2|Naive3,L187096,2
L187096,Trametinib,19,0.00292803,11,0.00135954,46,0.03283369,4,True,observed_nonzero,True,8091,Naive1|Naive2|Naive3,L187096,2
L187200,Acid,2,0.00030821,2,0.00027601,380,0.27123483,107,True,observed_nonzero,True,7246,Naive2|Naive3,L187200,0
L187200,Cisplatin,2,0.00030821,1,0.00014674,110,0.07851535,163,True,observed_nonzero,True,6815,Naive2|Naive3,L187200,0
L187200,CoCl2,2,0.00030821,0,0.0,320,0.22840828,1082,False,observed_zero,True,5134,Naive2|Naive3,L187200,0
L187200,Dabrafenib,2,0.00030821,0,0.0,322,0.22983583,1080,False,observed_zero,True,6164,Naive2|Naive3,L187200,0
L187200,Doxorubicin,2,0.00030821,0,0.0,406,0.289793,996,False,observed_zero,True,2832,Naive2|Naive3,L187200,0
L187200,Trametinib,2,0.00030821,0,0.0,275,0.19628837,1127,False,observed_zero,True,8091,Naive2|Naive3,L187200,0
L187340,Acid,1,0.00015411,0,0.0,666,0.47537473,736,False,observed_zero,True,7246,Naive1,L187340,4
L187340,Cisplatin,1,0.00015411,1,0.00014674,110,0.07851535,163,True,observed_nonzero,True,6815,Naive1,L187340,4
L187340,CoCl2,1,0.00015411,0,0.0,320,0.22840828,1082,False,observed_zero,True,5134,Naive1,L187340,4
L187340,Dabrafenib,1,0.00015411,0,0.0,322,0.22983583,1080,False,observed_zero,True,6164,Naive1,L187340,4
L187340,Doxorubicin,1,0.00015411,0,0.0,406,0.289793,996,False,observed_zero,True,2832,Naive1,L187340,4
L187340,Trametinib,1,0.00015411,0,0.0,275,0.19628837,1127,False,observed_zero,True,8091,Naive1,L187340,4
L187689,Acid,1,0.00015411,3,0.00041402,318,0.22698073,62,True,observed_nonzero,True,7246,Naive3,L187689,2
L187689,Cisplatin,1,0.00015411,88,0.01291269,4,0.0028551,1,True,observed_nonzero,True,6815,Naive3,L187689,2
L187689,CoCl2,1,0.00015411,0,0.0,320,0.22840828,1082,False,observed_zero,True,5134,Naive3,L187689,2
L187689,Dabrafenib,1,0.00015411,0,0.0,322,0.22983583,1080,False,observed_zero,True,6164,Naive3,L187689,2
L187689,Doxorubicin,1,0.00015411,1,0.00035311,218,0.15560314,188,True,observed_nonzero,True,2832,Naive3,L187689,2
L187689,Trametinib,1,0.00015411,1,0.00012359,161,0.11491792,114,True,observed_nonzero,True,8091,Naive3,L187689,2
L187885,Acid,31,0.00477732,52,0.00717637,18,0.01284797,3,True,observed_nonzero,True,7246,Naive1|Naive2|Naive3,L187885,0
L187885,Cisplatin,31,0.00477732,7,0.00102715,15,0.01070664,1,True,observed_nonzero,True,6815,Naive1|Naive2|Naive3,L187885,0
L187885,CoCl2,31,0.00477732,9,0.00175302,24,0.01713062,1,True,observed_nonzero,True,5134,Naive1|Naive2|Naive3,L187885,0
L187885,Dabrafenib,31,0.00477732,0,0.0,322,0.22983583,1080,False,observed_zero,True,6164,Naive1|Naive2|Naive3,L187885,0
L187885,Doxorubicin,31,0.00477732,3,0.00105932,96,0.06852248,39,True,observed_nonzero,True,2832,Naive1|Naive2|Naive3,L187885,0
L187885,Trametinib,31,0.00477732,0,0.0,275,0.19628837,1127,False,observed_zero,True,8091,Naive1|Naive2|Naive3,L187885,0
L187905,Acid,1,0.00015411,0,0.0,666,0.47537473,736,False,observed_zero,True,7246,Naive2,L187905,0
L187905,Cisplatin,1,0.00015411,0,0.0,273,0.19486081,1129,False,observed_zero,True,6815,Naive2,L187905,0
L187905,CoCl2,1,0.00015411,0,0.0,320,0.22840828,1082,False,observed_zero,True,5134,Naive2,L187905,0
L187905,Dabrafenib,1,0.00015411,0,0.0,322,0.22983583,1080,False,observed_zero,True,6164,Naive2,L187905,0
L187905,Doxorubicin,1,0.00015411,0,0.0,406,0.289793,996,False,observed_zero,True,2832,Naive2,L187905,0
L187905,Trametinib,1,0.00015411,0,0.0,275,0.19628837,1127,False,observed_zero,True,8091,Naive2,L187905,0
L188027,Acid,10,0.00154107,4,0.00055203,267,0.19057816,51,True,observed_nonzero,True,7246,Naive1|Naive2|Naive3,L188027,1
L188027,Cisplatin,10,0.00154107,0,0.0,273,0.19486081,1129,False,observed_zero,True,6815,Naive1|Naive2|Naive3,L188027,1
L188027,CoCl2,10,0.00154107,2,0.00038956,110,0.07851535,69,True,observed_nonzero,True,5134,Naive1|Naive2|Naive3,L188027,1
L188027,Dabrafenib,10,0.00154107,4,0.00064893,100,0.07137759,13,True,observed_nonzero,True,6164,Naive1|Naive2|Naive3,L188027,1
L188027,Doxorubicin,10,0.00154107,0,0.0,406,0.289793,996,False,observed_zero,True,2832,Naive1|Naive2|Naive3,L188027,1
L188027,Trametinib,10,0.00154107,0,0.0,275,0.19628837,1127,False,observed_zero,True,8091,Naive1|Naive2|Naive3,L188027,1
L188153,Acid,5,0.00077053,4,0.00055203,267,0.19057816,51,True,observed_nonzero,True,7246,Naive1|Naive2|Naive3,L188153,3
L188153,Cisplatin,5,0.00077053,0,0.0,273,0.19486081,1129,False,observed_zero,True,6815,Naive1|Naive2|Naive3,L188153,3
L188153,CoCl2,5,0.00077053,1,0.00019478,179,0.12776588,141,True,observed_nonzero,True,5134,Naive1|Naive2|Naive3,L188153,3
L188153,Dabrafenib,5,0.00077053,1,0.00016223,182,0.12990721,140,True,observed_nonzero,True,6164,Naive1|Naive2|Naive3,L188153,3
L188153,Doxorubicin,5,0.00077053,0,0.0,406,0.289793,996,False,observed_zero,True,2832,Naive1|Naive2|Naive3,L188153,3
L188153,Trametinib,5,0.00077053,0,0.0,275,0.19628837,1127,False,observed_zero,True,8091,Naive1|Naive2|Naive3,L188153,3
L188533,Acid,1,0.00015411,0,0.0,666,0.47537473,736,False,observed_zero,True,7246,Naive3,L188533,4
L188533,Cisplatin,1,0.00015411,0,0.0,273,0.19486081,1129,False,observed_zero,True,6815,Naive3,L188533,4
L188533,CoCl2,1,0.00015411,0,0.0,320,0.22840828,1082,False,observed_zero,True,5134,Naive3,L188533,4
L188533,Dabrafenib,1,0.00015411,1,0.00016223,182,0.12990721,140,True,observed_nonzero,True,6164,Naive3,L188533,4
L188533,Doxorubicin,1,0.00015411,0,0.0,406,0.289793,996,False,observed_zero,True,2832,Naive3,L188533,4
L188533,Trametinib,1,0.00015411,0,0.0,275,0.19628837,1127,False,observed_zero,True,8091,Naive3,L188533,4
L188546,Acid,1,0.00015411,0,0.0,666,0.47537473,736,False,observed_zero,True,7246,Naive3,L188546,1
L188546,Cisplatin,1,0.00015411,0,0.0,273,0.19486081,1129,False,observed_zero,True,6815,Naive3,L188546,1
L188546,CoCl2,1,0.00015411,0,0.0,320,0.22840828,1082,False,observed_zero,True,5134,Naive3,L188546,1
L188546,Dabrafenib,1,0.00015411,0,0.0,322,0.22983583,1080,False,observed_zero,True,6164,Naive3,L188546,1
L188546,Doxorubicin,1,0.00015411,1,0.00035311,218,0.15560314,188,True,observed_nonzero,True,2832,Naive3,L188546,1
L188546,Trametinib,1,0.00015411,0,0.0,275,0.19628837,1127,False,observed_zero,True,8091,Naive3,L188546,1
L188846,Acid,2,0.00030821,0,0.0,666,0.47537473,736,False,observed_zero,True,7246,Naive2|Naive3,L188846,4
L188846,Cisplatin,2,0.00030821,0,0.0,273,0.19486081,1129,False,observed_zero,True,6815,Naive2|Naive3,L188846,4
L188846,CoCl2,2,0.00030821,0,0.0,320,0.22840828,1082,False,observed_zero,True,5134,Naive2|Naive3,L188846,4
L188846,Dabrafenib,2,0.00030821,0,0.0,322,0.22983583,1080,False,observed_zero,True,6164,Naive2|Naive3,L188846,4
L188846,Doxorubicin,2,0.00030821,0,0.0,406,0.289793,996,False,observed_zero,True,2832,Naive2|Naive3,L188846,4
L188846,Trametinib,2,0.00030821,0,0.0,275,0.19628837,1127,False,observed_zero,True,8091,Naive2|Naive3,L188846,4
L189320,Acid,3,0.00046232,1,0.00013801,487,0.34760885,179,True,observed_nonzero,True,7246,Naive3,L189320,0
L189320,Cisplatin,3,0.00046232,0,0.0,273,0.19486081,1129,False,observed_zero,True,6815,Naive3,L189320,0
L189320,CoCl2,3,0.00046232,2,0.00038956,110,0.07851535,69,True,observed_nonzero,True,5134,Naive3,L189320,0
L189320,Dabrafenib,3,0.00046232,0,0.0,322,0.22983583,1080,False,observed_zero,True,6164,Naive3,L189320,0
L189320,Doxorubicin,3,0.00046232,1,0.00035311,218,0.15560314,188,True,observed_nonzero,True,2832,Naive3,L189320,0
L189320,Trametinib,3,0.00046232,0,0.0,275,0.19628837,1127,False,observed_zero,True,8091,Naive3,L189320,0
L189345,Acid,12,0.00184928,46,0.00634833,26,0.01855817,2,True,observed_nonzero,True,7246,Naive2|Naive3,L189345,1
L189345,Cisplatin,12,0.00184928,0,0.0,273,0.19486081,1129,False,observed_zero,True,6815,Naive2|Naive3,L189345,1
L189345,CoCl2,12,0.00184928,2,0.00038956,110,0.07851535,69,True,observed_nonzero,True,5134,Naive2|Naive3,L189345,1
L189345,Dabrafenib,12,0.00184928,6,0.00097339,80,0.05710207,11,True,observed_nonzero,True,6164,Naive2|Naive3,L189345,1
L189345,Doxorubicin,12,0.00184928,3,0.00105932,96,0.06852248,39,True,observed_nonzero,True,2832,Naive2|Naive3,L189345,1
L189345,Trametinib,12,0.00184928,5,0.00061797,85,0.06067095,6,True,observed_nonzero,True,8091,Naive2|Naive3,L189345,1
L189778,Acid,1,0.00015411,0,0.0,666,0.47537473,736,False,observed_zero,True,7246,Naive3,L189778,2
L189778,Cisplatin,1,0.00015411,0,0.0,273,0.19486081,1129,False,observed_zero,True,6815,Naive3,L189778,2
L189778,CoCl2,1,0.00015411,0,0.0,320,0.22840828,1082,False,observed_zero,True,5134,Naive3,L189778,2
L189778,Dabrafenib,1,0.00015411,1,0.00016223,182,0.12990721,140,True,observed_nonzero,True,6164,Naive3,L189778,2
L189778,Doxorubicin,1,0.00015411,0,0.0,406,0.289793,996,False,observed_zero,True,2832,Naive3,L189778,2
L189778,Trametinib,1,0.00015411,1,0.00012359,161,0.11491792,114,True,observed_nonzero,True,8091,Naive3,L189778,2
L190318,Acid,12,0.00184928,0,0.0,666,0.47537473,736,False,observed_zero,True,7246,Naive1|Naive2|Naive3,L190318,2
L190318,Cisplatin,12,0.00184928,0,0.0,273,0.19486081,1129,False,observed_zero,True,6815,Naive1|Naive2|Naive3,L190318,2
L190318,CoCl2,12,0.00184928,0,0.0,320,0.22840828,1082,False,observed_zero,True,5134,Naive1|Naive2|Naive3,L190318,2
L190318,Dabrafenib,12,0.00184928,0,0.0,322,0.22983583,1080,False,observed_zero,True,6164,Naive1|Naive2|Naive3,L190318,2
L190318,Doxorubicin,12,0.00184928,0,0.0,406,0.289793,996,False,observed_zero,True,2832,Naive1|Naive2|Naive3,L190318,2
L190318,Trametinib,12,0.00184928,0,0.0,275,0.19628837,1127,False,observed_zero,True,8091,Naive1|Naive2|Naive3,L190318,2
L190678,Acid,3,0.00046232,4,0.00055203,267,0.19057816,51,True,observed_nonzero,True,7246,Naive2|Naive3,L190678,0
L190678,Cisplatin,3,0.00046232,0,0.0,273,0.19486081,1129,False,observed_zero,True,6815,Naive2|Naive3,L190678,0
L190678,CoCl2,3,0.00046232,0,0.0,320,0.22840828,1082,False,observed_zero,True,5134,Naive2|Naive3,L190678,0
L190678,Dabrafenib,3,0.00046232,0,0.0,322,0.22983583,1080,False,observed_zero,True,6164,Naive2|Naive3,L190678,0
L190678,Doxorubicin,3,0.00046232,0,0.0,406,0.289793,996,False,observed_zero,True,2832,Naive2|Naive3,L190678,0
L190678,Trametinib,3,0.00046232,0,0.0,275,0.19628837,1127,False,observed_zero,True,8091,Naive2|Naive3,L190678,0
L190825,Acid,1,0.00015411,0,0.0,666,0.47537473,736,False,observed_zero,True,7246,Naive2,L190825,1
L190825,Cisplatin,1,0.00015411,0,0.0,273,0.19486081,1129,False,observed_zero,True,6815,Naive2,L190825,1
L190825,CoCl2,1,0.00015411,0,0.0,320,0.22840828,1082,False,observed_zero,True,5134,Naive2,L190825,1
L190825,Dabrafenib,1,0.00015411,0,0.0,322,0.22983583,1080,False,observed_zero,True,6164,Naive2,L190825,1
L190825,Doxorubicin,1,0.00015411,0,0.0,406,0.289793,996,False,observed_zero,True,2832,Naive2,L190825,1
L190825,Trametinib,1,0.00015411,0,0.0,275,0.19628837,1127,False,observed_zero,True,8091,Naive2,L190825,1
L190835,Acid,4,0.00061643,0,0.0,666,0.47537473,736,False,observed_zero,True,7246,Naive2|Naive3,L190835,3
L190835,Cisplatin,4,0.00061643,0,0.0,273,0.19486081,1129,False,observed_zero,True,6815,Naive2|Naive3,L190835,3
L190835,CoCl2,4,0.00061643,0,0.0,320,0.22840828,1082,False,observed_zero,True,5134,Naive2|Naive3,L190835,3
L190835,Dabrafenib,4,0.00061643,0,0.0,322,0.22983583,1080,False,observed_zero,True,6164,Naive2|Naive3,L190835,3
L190835,Doxorubicin,4,0.00061643,0,0.0,406,0.289793,996,False,observed_zero,True,2832,Naive2|Naive3,L190835,3
L190835,Trametinib,4,0.00061643,0,0.0,275,0.19628837,1127,False,observed_zero,True,8091,Naive2|Naive3,L190835,3
L190863,Acid,3,0.00046232,0,0.0,666,0.47537473,736,False,observed_zero,True,7246,Naive1|Naive3,L190863,1
L190863,Cisplatin,3,0.00046232,0,0.0,273,0.19486081,1129,False,observed_zero,True,6815,Naive1|Naive3,L190863,1
L190863,CoCl2,3,0.00046232,0,0.0,320,0.22840828,1082,False,observed_zero,True,5134,Naive1|Naive3,L190863,1
L190863,Dabrafenib,3,0.00046232,4,0.00064893,100,0.07137759,13,True,observed_nonzero,True,6164,Naive1|Naive3,L190863,1
L190863,Doxorubicin,3,0.00046232,0,0.0,406,0.289793,996,False,observed_zero,True,2832,Naive1|Naive3,L190863,1
L190863,Trametinib,3,0.00046232,1,0.00012359,161,0.11491792,114,True,observed_nonzero,True,8091,Naive1|Naive3,L190863,1
L191293,Acid,7,0.00107875,1,0.00013801,487,0.34760885,179,True,observed_nonzero,True,7246,Naive1|Naive2|Naive3,L191293,2
L191293,Cisplatin,7,0.00107875,0,0.0,273,0.19486081,1129,False,observed_zero,True,6815,Naive1|Naive2|Naive3,L191293,2
L191293,CoCl2,7,0.00107875,0,0.0,320,0.22840828,1082,False,observed_zero,True,5134,Naive1|Naive2|Naive3,L191293,2
L191293,Dabrafenib,7,0.00107875,0,0.0,322,0.22983583,1080,False,observed_zero,True,6164,Naive1|Naive2|Naive3,L191293,2
L191293,Doxorubicin,7,0.00107875,2,0.00070621,135,0.09635974,83,True,observed_nonzero,True,2832,Naive1|Naive2|Naive3,L191293,2
L191293,Trametinib,7,0.00107875,0,0.0,275,0.19628837,1127,False,observed_zero,True,8091,Naive1|Naive2|Naive3,L191293,2
L191369,Acid,1,0.00015411,0,0.0,666,0.47537473,736,False,observed_zero,True,7246,Naive3,L191369,4
L191369,Cisplatin,1,0.00015411,0,0.0,273,0.19486081,1129,False,observed_zero,True,6815,Naive3,L191369,4
L191369,CoCl2,1,0.00015411,0,0.0,320,0.22840828,1082,False,observed_zero,True,5134,Naive3,L191369,4
L191369,Dabrafenib,1,0.00015411,0,0.0,322,0.22983583,1080,False,observed_zero,True,6164,Naive3,L191369,4
L191369,Doxorubicin,1,0.00015411,0,0.0,406,0.289793,996,False,observed_zero,True,2832,Naive3,L191369,4
L191369,Trametinib,1,0.00015411,0,0.0,275,0.19628837,1127,False,observed_zero,True,8091,Naive3,L191369,4
L191539,Acid,5,0.00077053,7,0.00096605,192,0.13704497,24,True,observed_nonzero,True,7246,Naive1|Naive2,L191539,3
L191539,Cisplatin,5,0.00077053,2,0.00029347,60,0.04282655,50,True,observed_nonzero,True,6815,Naive1|Naive2,L191539,3
L191539,CoCl2,5,0.00077053,1,0.00019478,179,0.12776588,141,True,observed_nonzero,True,5134,Naive1|Naive2,L191539,3
L191539,Dabrafenib,5,0.00077053,0,0.0,322,0.22983583,1080,False,observed_zero,True,6164,Naive1|Naive2,L191539,3
L191539,Doxorubicin,5,0.00077053,10,0.00353107,23,0.01641685,4,True,observed_nonzero,True,2832,Naive1|Naive2,L191539,3
L191539,Trametinib,5,0.00077053,0,0.0,275,0.19628837,1127,False,observed_zero,True,8091,Naive1|Naive2,L191539,3
L192225,Acid,4,0.00061643,21,0.00289815,70,0.04996431,5,True,observed_nonzero,True,7246,Naive2|Naive3,L192225,0
L192225,Cisplatin,4,0.00061643,0,0.0,273,0.19486081,1129,False,observed_zero,True,6815,Naive2|Naive3,L192225,0
L192225,CoCl2,4,0.00061643,3,0.00058434,80,0.05710207,30,True,observed_nonzero,True,5134,Naive2|Naive3,L192225,0
L192225,Dabrafenib,4,0.00061643,0,0.0,322,0.22983583,1080,False,observed_zero,True,6164,Naive2|Naive3,L192225,0
L192225,Doxorubicin,4,0.00061643,0,0.0,406,0.289793,996,False,observed_zero,True,2832,Naive2|Naive3,L192225,0
L192225,Trametinib,4,0.00061643,0,0.0,275,0.19628837,1127,False,observed_zero,True,8091,Naive2|Naive3,L192225,0
L192342,Acid,4,0.00061643,2,0.00027601,380,0.27123483,107,True,observed_nonzero,True,7246,Naive2|Naive3,L192342,4
L192342,Cisplatin,4,0.00061643,1,0.00014674,110,0.07851535,163,True,observed_nonzero,True,6815,Naive2|Naive3,L192342,4
L192342,CoCl2,4,0.00061643,3,0.00058434,80,0.05710207,30,True,observed_nonzero,True,5134,Naive2|Naive3,L192342,4
L192342,Dabrafenib,4,0.00061643,0,0.0,322,0.22983583,1080,False,observed_zero,True,6164,Naive2|Naive3,L192342,4
L192342,Doxorubicin,4,0.00061643,8,0.00282486,32,0.02284083,9,True,observed_nonzero,True,2832,Naive2|Naive3,L192342,4
L192342,Trametinib,4,0.00061643,1,0.00012359,161,0.11491792,114,True,observed_nonzero,True,8091,Naive2|Naive3,L192342,4
L19237,Acid,3,0.00046232,1,0.00013801,487,0.34760885,179,True,observed_nonzero,True,7246,Naive1|Naive3,L19237,0
L19237,Cisplatin,3,0.00046232,0,0.0,273,0.19486081,1129,False,observed_zero,True,6815,Naive1|Naive3,L19237,0
L19237,CoCl2,3,0.00046232,0,0.0,320,0.22840828,1082,False,observed_zero,True,5134,Naive1|Naive3,L19237,0
L19237,Dabrafenib,3,0.00046232,0,0.0,322,0.22983583,1080,False,observed_zero,True,6164,Naive1|Naive3,L19237,0
L19237,Doxorubicin,3,0.00046232,0,0.0,406,0.289793,996,False,observed_zero,True,2832,Naive1|Naive3,L19237,0
L19237,Trametinib,3,0.00046232,0,0.0,275,0.19628837,1127,False,observed_zero,True,8091,Naive1|Naive3,L19237,0
L192380,Acid,2,0.00030821,1,0.00013801,487,0.34760885,179,True,observed_nonzero,True,7246,Naive2,L192380,4
L192380,Cisplatin,2,0.00030821,0,0.0,273,0.19486081,1129,False,observed_zero,True,6815,Naive2,L192380,4
L192380,CoCl2,2,0.00030821,0,0.0,320,0.22840828,1082,False,observed_zero,True,5134,Naive2,L192380,4
L192380,Dabrafenib,2,0.00030821,0,0.0,322,0.22983583,1080,False,observed_zero,True,6164,Naive2,L192380,4
L192380,Doxorubicin,2,0.00030821,0,0.0,406,0.289793,996,False,observed_zero,True,2832,Naive2,L192380,4
L192380,Trametinib,2,0.00030821,0,0.0,275,0.19628837,1127,False,observed_zero,True,8091,Naive2,L192380,4
L192531,Acid,10,0.00154107,6,0.00082804,216,0.15417559,16,True,observed_nonzero,True,7246,Naive1|Naive2|Naive3,L192531,1
L192531,Cisplatin,10,0.00154107,1,0.00014674,110,0.07851535,163,True,observed_nonzero,True,6815,Naive1|Naive2|Naive3,L192531,1
L192531,CoCl2,10,0.00154107,5,0.0009739,47,0.03354747,16,True,observed_nonzero,True,5134,Naive1|Naive2|Naive3,L192531,1
L192531,Dabrafenib,10,0.00154107,0,0.0,322,0.22983583,1080,False,observed_zero,True,6164,Naive1|Naive2|Naive3,L192531,1
L192531,Doxorubicin,10,0.00154107,0,0.0,406,0.289793,996,False,observed_zero,True,2832,Naive1|Naive2|Naive3,L192531,1
L192531,Trametinib,10,0.00154107,0,0.0,275,0.19628837,1127,False,observed_zero,True,8091,Naive1|Naive2|Naive3,L192531,1
L192615,Acid,4,0.00061643,5,0.00069004,232,0.165596,35,True,observed_nonzero,True,7246,Naive1|Naive3,L192615,2
L192615,Cisplatin,4,0.00061643,0,0.0,273,0.19486081,1129,False,observed_zero,True,6815,Naive1|Naive3,L192615,2
L192615,CoCl2,4,0.00061643,0,0.0,320,0.22840828,1082,False,observed_zero,True,5134,Naive1|Naive3,L192615,2
L192615,Dabrafenib,4,0.00061643,0,0.0,322,0.22983583,1080,False,observed_zero,True,6164,Naive1|Naive3,L192615,2
L192615,Doxorubicin,4,0.00061643,7,0.00247175,41,0.02926481,9,True,observed_nonzero,True,2832,Naive1|Naive3,L192615,2
L192615,Trametinib,4,0.00061643,0,0.0,275,0.19628837,1127,False,observed_zero,True,8091,Naive1|Naive3,L192615,2
L192716,Acid,1,0.00015411,0,0.0,666,0.47537473,736,False,observed_zero,True,7246,Naive1,L192716,2
L192716,Cisplatin,1,0.00015411,0,0.0,273,0.19486081,1129,False,observed_zero,True,6815,Naive1,L192716,2
L192716,CoCl2,1,0.00015411,0,0.0,320,0.22840828,1082,False,observed_zero,True,5134,Naive1,L192716,2
L192716,Dabrafenib,1,0.00015411,0,0.0,322,0.22983583,1080,False,observed_zero,True,6164,Naive1,L192716,2
L192716,Doxorubicin,1,0.00015411,1,0.00035311,218,0.15560314,188,True,observed_nonzero,True,2832,Naive1,L192716,2
L192716,Trametinib,1,0.00015411,0,0.0,275,0.19628837,1127,False,observed_zero,True,8091,Naive1,L192716,2
L192964,Acid,2,0.00030821,3,0.00041402,318,0.22698073,62,True,observed_nonzero,True,7246,Naive1|Naive3,L192964,0
L192964,Cisplatin,2,0.00030821,0,0.0,273,0.19486081,1129,False,observed_zero,True,6815,Naive1|Naive3,L192964,0
L192964,CoCl2,2,0.00030821,2,0.00038956,110,0.07851535,69,True,observed_nonzero,True,5134,Naive1|Naive3,L192964,0
L192964,Dabrafenib,2,0.00030821,0,0.0,322,0.22983583,1080,False,observed_zero,True,6164,Naive1|Naive3,L192964,0
L192964,Doxorubicin,2,0.00030821,0,0.0,406,0.289793,996,False,observed_zero,True,2832,Naive1|Naive3,L192964,0
L192964,Trametinib,2,0.00030821,0,0.0,275,0.19628837,1127,False,observed_zero,True,8091,Naive1|Naive3,L192964,0
L193,Acid,1,0.00015411,0,0.0,666,0.47537473,736,False,observed_zero,True,7246,Naive2,L193,4
L193,Cisplatin,1,0.00015411,0,0.0,273,0.19486081,1129,False,observed_zero,True,6815,Naive2,L193,4
L193,CoCl2,1,0.00015411,0,0.0,320,0.22840828,1082,False,observed_zero,True,5134,Naive2,L193,4
L193,Dabrafenib,1,0.00015411,0,0.0,322,0.22983583,1080,False,observed_zero,True,6164,Naive2,L193,4
L193,Doxorubicin,1,0.00015411,0,0.0,406,0.289793,996,False,observed_zero,True,2832,Naive2,L193,4
L193,Trametinib,1,0.00015411,0,0.0,275,0.19628837,1127,False,observed_zero,True,8091,Naive2,L193,4
L193060,Acid,4,0.00061643,1,0.00013801,487,0.34760885,179,True,observed_nonzero,True,7246,Naive2|Naive3,L193060,0
L193060,Cisplatin,4,0.00061643,0,0.0,273,0.19486081,1129,False,observed_zero,True,6815,Naive2|Naive3,L193060,0
L193060,CoCl2,4,0.00061643,1,0.00019478,179,0.12776588,141,True,observed_nonzero,True,5134,Naive2|Naive3,L193060,0
L193060,Dabrafenib,4,0.00061643,0,0.0,322,0.22983583,1080,False,observed_zero,True,6164,Naive2|Naive3,L193060,0
L193060,Doxorubicin,4,0.00061643,1,0.00035311,218,0.15560314,188,True,observed_nonzero,True,2832,Naive2|Naive3,L193060,0
L193060,Trametinib,4,0.00061643,0,0.0,275,0.19628837,1127,False,observed_zero,True,8091,Naive2|Naive3,L193060,0
L193176,Acid,2,0.00030821,0,0.0,666,0.47537473,736,False,observed_zero,True,7246,Naive2|Naive3,L193176,1
L193176,Cisplatin,2,0.00030821,1,0.00014674,110,0.07851535,163,True,observed_nonzero,True,6815,Naive2|Naive3,L193176,1
L193176,CoCl2,2,0.00030821,0,0.0,320,0.22840828,1082,False,observed_zero,True,5134,Naive2|Naive3,L193176,1
L193176,Dabrafenib,2,0.00030821,0,0.0,322,0.22983583,1080,False,observed_zero,True,6164,Naive2|Naive3,L193176,1
L193176,Doxorubicin,2,0.00030821,0,0.0,406,0.289793,996,False,observed_zero,True,2832,Naive2|Naive3,L193176,1
L193176,Trametinib,2,0.00030821,0,0.0,275,0.19628837,1127,False,observed_zero,True,8091,Naive2|Naive3,L193176,1
L193296,Acid,2,0.00030821,2,0.00027601,380,0.27123483,107,True,observed_nonzero,True,7246,Naive2|Naive3,L193296,2
L193296,Cisplatin,2,0.00030821,0,0.0,273,0.19486081,1129,False,observed_zero,True,6815,Naive2|Naive3,L193296,2
L193296,CoCl2,2,0.00030821,0,0.0,320,0.22840828,1082,False,observed_zero,True,5134,Naive2|Naive3,L193296,2
L193296,Dabrafenib,2,0.00030821,0,0.0,322,0.22983583,1080,False,observed_zero,True,6164,Naive2|Naive3,L193296,2
L193296,Doxorubicin,2,0.00030821,0,0.0,406,0.289793,996,False,observed_zero,True,2832,Naive2|Naive3,L193296,2
L193296,Trametinib,2,0.00030821,0,0.0,275,0.19628837,1127,False,observed_zero,True,8091,Naive2|Naive3,L193296,2
L193373,Acid,4,0.00061643,2,0.00027601,380,0.27123483,107,True,observed_nonzero,True,7246,Naive1|Naive3,L193373,2
L193373,Cisplatin,4,0.00061643,0,0.0,273,0.19486081,1129,False,observed_zero,True,6815,Naive1|Naive3,L193373,2
L193373,CoCl2,4,0.00061643,0,0.0,320,0.22840828,1082,False,observed_zero,True,5134,Naive1|Naive3,L193373,2
L193373,Dabrafenib,4,0.00061643,0,0.0,322,0.22983583,1080,False,observed_zero,True,6164,Naive1|Naive3,L193373,2
L193373,Doxorubicin,4,0.00061643,0,0.0,406,0.289793,996,False,observed_zero,True,2832,Naive1|Naive3,L193373,2
L193373,Trametinib,4,0.00061643,0,0.0,275,0.19628837,1127,False,observed_zero,True,8091,Naive1|Naive3,L193373,2
L193808,Acid,1,0.00015411,2,0.00027601,380,0.27123483,107,True,observed_nonzero,True,7246,Naive3,L193808,0
L193808,Cisplatin,1,0.00015411,0,0.0,273,0.19486081,1129,False,observed_zero,True,6815,Naive3,L193808,0
L193808,CoCl2,1,0.00015411,0,0.0,320,0.22840828,1082,False,observed_zero,True,5134,Naive3,L193808,0
L193808,Dabrafenib,1,0.00015411,0,0.0,322,0.22983583,1080,False,observed_zero,True,6164,Naive3,L193808,0
L193808,Doxorubicin,1,0.00015411,0,0.0,406,0.289793,996,False,observed_zero,True,2832,Naive3,L193808,0
L193808,Trametinib,1,0.00015411,0,0.0,275,0.19628837,1127,False,observed_zero,True,8091,Naive3,L193808,0
L194064,Acid,2,0.00030821,12,0.00165609,124,0.08850821,12,True,observed_nonzero,True,7246,Naive2|Naive3,L194064,1
L194064,Cisplatin,2,0.00030821,0,0.0,273,0.19486081,1129,False,observed_zero,True,6815,Naive2|Naive3,L194064,1
L194064,CoCl2,2,0.00030821,0,0.0,320,0.22840828,1082,False,observed_zero,True,5134,Naive2|Naive3,L194064,1
L194064,Dabrafenib,2,0.00030821,1,0.00016223,182,0.12990721,140,True,observed_nonzero,True,6164,Naive2|Naive3,L194064,1
L194064,Doxorubicin,2,0.00030821,0,0.0,406,0.289793,996,False,observed_zero,True,2832,Naive2|Naive3,L194064,1
L194064,Trametinib,2,0.00030821,0,0.0,275,0.19628837,1127,False,observed_zero,True,8091,Naive2|Naive3,L194064,1
L194069,Acid,3,0.00046232,1,0.00013801,487,0.34760885,179,True,observed_nonzero,True,7246,Naive3,L194069,2
L194069,Cisplatin,3,0.00046232,0,0.0,273,0.19486081,1129,False,observed_zero,True,6815,Naive3,L194069,2
L194069,CoCl2,3,0.00046232,0,0.0,320,0.22840828,1082,False,observed_zero,True,5134,Naive3,L194069,2
L194069,Dabrafenib,3,0.00046232,0,0.0,322,0.22983583,1080,False,observed_zero,True,6164,Naive3,L194069,2
L194069,Doxorubicin,3,0.00046232,0,0.0,406,0.289793,996,False,observed_zero,True,2832,Naive3,L194069,2
L194069,Trametinib,3,0.00046232,0,0.0,275,0.19628837,1127,False,observed_zero,True,8091,Naive3,L194069,2
L194164,Acid,1,0.00015411,0,0.0,666,0.47537473,736,False,observed_zero,True,7246,Naive2,L194164,2
L194164,Cisplatin,1,0.00015411,0,0.0,273,0.19486081,1129,False,observed_zero,True,6815,Naive2,L194164,2
L194164,CoCl2,1,0.00015411,0,0.0,320,0.22840828,1082,False,observed_zero,True,5134,Naive2,L194164,2
L194164,Dabrafenib,1,0.00015411,0,0.0,322,0.22983583,1080,False,observed_zero,True,6164,Naive2,L194164,2
L194164,Doxorubicin,1,0.00015411,0,0.0,406,0.289793,996,False,observed_zero,True,2832,Naive2,L194164,2
L194164,Trametinib,1,0.00015411,0,0.0,275,0.19628837,1127,False,observed_zero,True,8091,Naive2,L194164,2
L194420,Acid,1,0.00015411,0,0.0,666,0.47537473,736,False,observed_zero,True,7246,Naive3,L194420,1
L194420,Cisplatin,1,0.00015411,1,0.00014674,110,0.07851535,163,True,observed_nonzero,True,6815,Naive3,L194420,1
L194420,CoCl2,1,0.00015411,0,0.0,320,0.22840828,1082,False,observed_zero,True,5134,Naive3,L194420,1
L194420,Dabrafenib,1,0.00015411,0,0.0,322,0.22983583,1080,False,observed_zero,True,6164,Naive3,L194420,1
L194420,Doxorubicin,1,0.00015411,0,0.0,406,0.289793,996,False,observed_zero,True,2832,Naive3,L194420,1
L194420,Trametinib,1,0.00015411,0,0.0,275,0.19628837,1127,False,observed_zero,True,8091,Naive3,L194420,1
L194820,Acid,1,0.00015411,0,0.0,666,0.47537473,736,False,observed_zero,True,7246,Naive1,L194820,2
L194820,Cisplatin,1,0.00015411,0,0.0,273,0.19486081,1129,False,observed_zero,True,6815,Naive1,L194820,2
L194820,CoCl2,1,0.00015411,0,0.0,320,0.22840828,1082,False,observed_zero,True,5134,Naive1,L194820,2
L194820,Dabrafenib,1,0.00015411,0,0.0,322,0.22983583,1080,False,observed_zero,True,6164,Naive1,L194820,2
L194820,Doxorubicin,1,0.00015411,0,0.0,406,0.289793,996,False,observed_zero,True,2832,Naive1,L194820,2
L194820,Trametinib,1,0.00015411,0,0.0,275,0.19628837,1127,False,observed_zero,True,8091,Naive1,L194820,2
L19489,Acid,19,0.00292803,19,0.00262214,78,0.05567452,8,True,observed_nonzero,True,7246,Naive1|Naive2|Naive3,L19489,0
L19489,Cisplatin,19,0.00292803,0,0.0,273,0.19486081,1129,False,observed_zero,True,6815,Naive1|Naive2|Naive3,L19489,0
L19489,CoCl2,19,0.00292803,3,0.00058434,80,0.05710207,30,True,observed_nonzero,True,5134,Naive1|Naive2|Naive3,L19489,0
L19489,Dabrafenib,19,0.00292803,0,0.0,322,0.22983583,1080,False,observed_zero,True,6164,Naive1|Naive2|Naive3,L19489,0
L19489,Doxorubicin,19,0.00292803,3,0.00105932,96,0.06852248,39,True,observed_nonzero,True,2832,Naive1|Naive2|Naive3,L19489,0
L19489,Trametinib,19,0.00292803,0,0.0,275,0.19628837,1127,False,observed_zero,True,8091,Naive1|Naive2|Naive3,L19489,0
L195450,Acid,3,0.00046232,1,0.00013801,487,0.34760885,179,True,observed_nonzero,True,7246,Naive2|Naive3,L195450,0
L195450,Cisplatin,3,0.00046232,0,0.0,273,0.19486081,1129,False,observed_zero,True,6815,Naive2|Naive3,L195450,0
L195450,CoCl2,3,0.00046232,0,0.0,320,0.22840828,1082,False,observed_zero,True,5134,Naive2|Naive3,L195450,0
L195450,Dabrafenib,3,0.00046232,0,0.0,322,0.22983583,1080,False,observed_zero,True,6164,Naive2|Naive3,L195450,0
L195450,Doxorubicin,3,0.00046232,0,0.0,406,0.289793,996,False,observed_zero,True,2832,Naive2|Naive3,L195450,0
L195450,Trametinib,3,0.00046232,0,0.0,275,0.19628837,1127,False,observed_zero,True,8091,Naive2|Naive3,L195450,0
L195483,Acid,7,0.00107875,12,0.00165609,124,0.08850821,12,True,observed_nonzero,True,7246,Naive1|Naive2|Naive3,L195483,2
L195483,Cisplatin,7,0.00107875,3,0.00044021,37,0.02640971,23,True,observed_nonzero,True,6815,Naive1|Naive2|Naive3,L195483,2
L195483,CoCl2,7,0.00107875,0,0.0,320,0.22840828,1082,False,observed_zero,True,5134,Naive1|Naive2|Naive3,L195483,2
L195483,Dabrafenib,7,0.00107875,7,0.00113563,72,0.05139186,8,True,observed_nonzero,True,6164,Naive1|Naive2|Naive3,L195483,2
L195483,Doxorubicin,7,0.00107875,0,0.0,406,0.289793,996,False,observed_zero,True,2832,Naive1|Naive2|Naive3,L195483,2
L195483,Trametinib,7,0.00107875,3,0.00037078,100,0.07137759,24,True,observed_nonzero,True,8091,Naive1|Naive2|Naive3,L195483,2
L195677,Acid,3,0.00046232,0,0.0,666,0.47537473,736,False,observed_zero,True,7246,Naive1|Naive3,L195677,0
L195677,Cisplatin,3,0.00046232,0,0.0,273,0.19486081,1129,False,observed_zero,True,6815,Naive1|Naive3,L195677,0
L195677,CoCl2,3,0.00046232,0,0.0,320,0.22840828,1082,False,observed_zero,True,5134,Naive1|Naive3,L195677,0
L195677,Dabrafenib,3,0.00046232,0,0.0,322,0.22983583,1080,False,observed_zero,True,6164,Naive1|Naive3,L195677,0
L195677,Doxorubicin,3,0.00046232,0,0.0,406,0.289793,996,False,observed_zero,True,2832,Naive1|Naive3,L195677,0
L195677,Trametinib,3,0.00046232,0,0.0,275,0.19628837,1127,False,observed_zero,True,8091,Naive1|Naive3,L195677,0
L195812,Acid,2,0.00030821,0,0.0,666,0.47537473,736,False,observed_zero,True,7246,Naive3,L195812,3
L195812,Cisplatin,2,0.00030821,0,0.0,273,0.19486081,1129,False,observed_zero,True,6815,Naive3,L195812,3
L195812,CoCl2,2,0.00030821,0,0.0,320,0.22840828,1082,False,observed_zero,True,5134,Naive3,L195812,3
L195812,Dabrafenib,2,0.00030821,0,0.0,322,0.22983583,1080,False,observed_zero,True,6164,Naive3,L195812,3
L195812,Doxorubicin,2,0.00030821,0,0.0,406,0.289793,996,False,observed_zero,True,2832,Naive3,L195812,3
L195812,Trametinib,2,0.00030821,0,0.0,275,0.19628837,1127,False,observed_zero,True,8091,Naive3,L195812,3
L195943,Acid,2,0.00030821,0,0.0,666,0.47537473,736,False,observed_zero,True,7246,Naive2|Naive3,L195943,3
L195943,Cisplatin,2,0.00030821,0,0.0,273,0.19486081,1129,False,observed_zero,True,6815,Naive2|Naive3,L195943,3
L195943,CoCl2,2,0.00030821,0,0.0,320,0.22840828,1082,False,observed_zero,True,5134,Naive2|Naive3,L195943,3
L195943,Dabrafenib,2,0.00030821,0,0.0,322,0.22983583,1080,False,observed_zero,True,6164,Naive2|Naive3,L195943,3
L195943,Doxorubicin,2,0.00030821,0,0.0,406,0.289793,996,False,observed_zero,True,2832,Naive2|Naive3,L195943,3
L195943,Trametinib,2,0.00030821,0,0.0,275,0.19628837,1127,False,observed_zero,True,8091,Naive2|Naive3,L195943,3
L196307,Acid,1,0.00015411,1,0.00013801,487,0.34760885,179,True,observed_nonzero,True,7246,Naive1,L196307,3
L196307,Cisplatin,1,0.00015411,0,0.0,273,0.19486081,1129,False,observed_zero,True,6815,Naive1,L196307,3
L196307,CoCl2,1,0.00015411,0,0.0,320,0.22840828,1082,False,observed_zero,True,5134,Naive1,L196307,3
L196307,Dabrafenib,1,0.00015411,0,0.0,322,0.22983583,1080,False,observed_zero,True,6164,Naive1,L196307,3
L196307,Doxorubicin,1,0.00015411,0,0.0,406,0.289793,996,False,observed_zero,True,2832,Naive1,L196307,3
L196307,Trametinib,1,0.00015411,0,0.0,275,0.19628837,1127,False,observed_zero,True,8091,Naive1,L196307,3
L196331,Acid,1,0.00015411,0,0.0,666,0.47537473,736,False,observed_zero,True,7246,Naive3,L196331,1
L196331,Cisplatin,1,0.00015411,0,0.0,273,0.19486081,1129,False,observed_zero,True,6815,Naive3,L196331,1
L196331,CoCl2,1,0.00015411,0,0.0,320,0.22840828,1082,False,observed_zero,True,5134,Naive3,L196331,1
L196331,Dabrafenib,1,0.00015411,0,0.0,322,0.22983583,1080,False,observed_zero,True,6164,Naive3,L196331,1
L196331,Doxorubicin,1,0.00015411,0,0.0,406,0.289793,996,False,observed_zero,True,2832,Naive3,L196331,1
L196331,Trametinib,1,0.00015411,0,0.0,275,0.19628837,1127,False,observed_zero,True,8091,Naive3,L196331,1
L196405,Acid,6,0.00092464,2,0.00027601,380,0.27123483,107,True,observed_nonzero,True,7246,Naive1|Naive2|Naive3,L196405,1
L196405,Cisplatin,6,0.00092464,0,0.0,273,0.19486081,1129,False,observed_zero,True,6815,Naive1|Naive2|Naive3,L196405,1
L196405,CoCl2,6,0.00092464,0,0.0,320,0.22840828,1082,False,observed_zero,True,5134,Naive1|Naive2|Naive3,L196405,1
L196405,Dabrafenib,6,0.00092464,0,0.0,322,0.22983583,1080,False,observed_zero,True,6164,Naive1|Naive2|Naive3,L196405,1
L196405,Doxorubicin,6,0.00092464,1,0.00035311,218,0.15560314,188,True,observed_nonzero,True,2832,Naive1|Naive2|Naive3,L196405,1
L196405,Trametinib,6,0.00092464,0,0.0,275,0.19628837,1127,False,observed_zero,True,8091,Naive1|Naive2|Naive3,L196405,1
L196691,Acid,3,0.00046232,2,0.00027601,380,0.27123483,107,True,observed_nonzero,True,7246,Naive3,L196691,2
L196691,Cisplatin,3,0.00046232,0,0.0,273,0.19486081,1129,False,observed_zero,True,6815,Naive3,L196691,2
L196691,CoCl2,3,0.00046232,0,0.0,320,0.22840828,1082,False,observed_zero,True,5134,Naive3,L196691,2
L196691,Dabrafenib,3,0.00046232,1,0.00016223,182,0.12990721,140,True,observed_nonzero,True,6164,Naive3,L196691,2
L196691,Doxorubicin,3,0.00046232,3,0.00105932,96,0.06852248,39,True,observed_nonzero,True,2832,Naive3,L196691,2
L196691,Trametinib,3,0.00046232,0,0.0,275,0.19628837,1127,False,observed_zero,True,8091,Naive3,L196691,2
L196731,Acid,2,0.00030821,0,0.0,666,0.47537473,736,False,observed_zero,True,7246,Naive1,L196731,4
L196731,Cisplatin,2,0.00030821,0,0.0,273,0.19486081,1129,False,observed_zero,True,6815,Naive1,L196731,4
L196731,CoCl2,2,0.00030821,0,0.0,320,0.22840828,1082,False,observed_zero,True,5134,Naive1,L196731,4
L196731,Dabrafenib,2,0.00030821,1,0.00016223,182,0.12990721,140,True,observed_nonzero,True,6164,Naive1,L196731,4
L196731,Doxorubicin,2,0.00030821,0,0.0,406,0.289793,996,False,observed_zero,True,2832,Naive1,L196731,4
L196731,Trametinib,2,0.00030821,1,0.00012359,161,0.11491792,114,True,observed_nonzero,True,8091,Naive1,L196731,4
L196945,Acid,2,0.00030821,0,0.0,666,0.47537473,736,False,observed_zero,True,7246,Naive3,L196945,0
L196945,Cisplatin,2,0.00030821,0,0.0,273,0.19486081,1129,False,observed_zero,True,6815,Naive3,L196945,0
L196945,CoCl2,2,0.00030821,0,0.0,320,0.22840828,1082,False,observed_zero,True,5134,Naive3,L196945,0
L196945,Dabrafenib,2,0.00030821,0,0.0,322,0.22983583,1080,False,observed_zero,True,6164,Naive3,L196945,0
L196945,Doxorubicin,2,0.00030821,0,0.0,406,0.289793,996,False,observed_zero,True,2832,Naive3,L196945,0
L196945,Trametinib,2,0.00030821,0,0.0,275,0.19628837,1127,False,observed_zero,True,8091,Naive3,L196945,0
L19695,Acid,1,0.00015411,0,0.0,666,0.47537473,736,False,observed_zero,True,7246,Naive3,L19695,4
L19695,Cisplatin,1,0.00015411,0,0.0,273,0.19486081,1129,False,observed_zero,True,6815,Naive3,L19695,4
L19695,CoCl2,1,0.00015411,0,0.0,320,0.22840828,1082,False,observed_zero,True,5134,Naive3,L19695,4
L19695,Dabrafenib,1,0.00015411,0,0.0,322,0.22983583,1080,False,observed_zero,True,6164,Naive3,L19695,4
L19695,Doxorubicin,1,0.00015411,1,0.00035311,218,0.15560314,188,True,observed_nonzero,True,2832,Naive3,L19695,4
L19695,Trametinib,1,0.00015411,0,0.0,275,0.19628837,1127,False,observed_zero,True,8091,Naive3,L19695,4
L196980,Acid,35,0.00539374,18,0.00248413,86,0.06138473,5,True,observed_nonzero,True,7246,Naive1|Naive2|Naive3,L196980,3
L196980,Cisplatin,35,0.00539374,2,0.00029347,60,0.04282655,50,True,observed_nonzero,True,6815,Naive1|Naive2|Naive3,L196980,3
L196980,CoCl2,35,0.00539374,0,0.0,320,0.22840828,1082,False,observed_zero,True,5134,Naive1|Naive2|Naive3,L196980,3
L196980,Dabrafenib,35,0.00539374,2,0.00032446,135,0.09635974,47,True,observed_nonzero,True,6164,Naive1|Naive2|Naive3,L196980,3
L196980,Doxorubicin,35,0.00539374,6,0.00211864,50,0.03568879,9,True,observed_nonzero,True,2832,Naive1|Naive2|Naive3,L196980,3
L196980,Trametinib,35,0.00539374,1,0.00012359,161,0.11491792,114,True,observed_nonzero,True,8091,Naive1|Naive2|Naive3,L196980,3
L197013,Acid,1,0.00015411,0,0.0,666,0.47537473,736,False,observed_zero,True,7246,Naive2,L197013,1
L197013,Cisplatin,1,0.00015411,0,0.0,273,0.19486081,1129,False,observed_zero,True,6815,Naive2,L197013,1
L197013,CoCl2,1,0.00015411,0,0.0,320,0.22840828,1082,False,observed_zero,True,5134,Naive2,L197013,1
L197013,Dabrafenib,1,0.00015411,0,0.0,322,0.22983583,1080,False,observed_zero,True,6164,Naive2,L197013,1
L197013,Doxorubicin,1,0.00015411,1,0.00035311,218,0.15560314,188,True,observed_nonzero,True,2832,Naive2,L197013,1
L197013,Trametinib,1,0.00015411,0,0.0,275,0.19628837,1127,False,observed_zero,True,8091,Naive2,L197013,1
L197414,Acid,13,0.00200339,13,0.00179409,115,0.08208423,9,True,observed_nonzero,True,7246,Naive1|Naive2|Naive3,L197414,1
L197414,Cisplatin,13,0.00200339,2,0.00029347,60,0.04282655,50,True,observed_nonzero,True,6815,Naive1|Naive2|Naive3,L197414,1
L197414,CoCl2,13,0.00200339,2,0.00038956,110,0.07851535,69,True,observed_nonzero,True,5134,Naive1|Naive2|Naive3,L197414,1
L197414,Dabrafenib,13,0.00200339,0,0.0,322,0.22983583,1080,False,observed_zero,True,6164,Naive1|Naive2|Naive3,L197414,1
L197414,Doxorubicin,13,0.00200339,1,0.00035311,218,0.15560314,188,True,observed_nonzero,True,2832,Naive1|Naive2|Naive3,L197414,1
L197414,Trametinib,13,0.00200339,19,0.00234829,29,0.0206995,2,True,observed_nonzero,True,8091,Naive1|Naive2|Naive3,L197414,1
L197628,Acid,1,0.00015411,1,0.00013801,487,0.34760885,179,True,observed_nonzero,True,7246,Naive2,L197628,3
L197628,Cisplatin,1,0.00015411,0,0.0,273,0.19486081,1129,False,observed_zero,True,6815,Naive2,L197628,3
L197628,CoCl2,1,0.00015411,0,0.0,320,0.22840828,1082,False,observed_zero,True,5134,Naive2,L197628,3
L197628,Dabrafenib,1,0.00015411,0,0.0,322,0.22983583,1080,False,observed_zero,True,6164,Naive2,L197628,3
L197628,Doxorubicin,1,0.00015411,0,0.0,406,0.289793,996,False,observed_zero,True,2832,Naive2,L197628,3
L197628,Trametinib,1,0.00015411,0,0.0,275,0.19628837,1127,False,observed_zero,True,8091,Naive2,L197628,3
L197845,Acid,2,0.00030821,0,0.0,666,0.47537473,736,False,observed_zero,True,7246,Naive2|Naive3,L197845,1
L197845,Cisplatin,2,0.00030821,1,0.00014674,110,0.07851535,163,True,observed_nonzero,True,6815,Naive2|Naive3,L197845,1
L197845,CoCl2,2,0.00030821,1,0.00019478,179,0.12776588,141,True,observed_nonzero,True,5134,Naive2|Naive3,L197845,1
L197845,Dabrafenib,2,0.00030821,0,0.0,322,0.22983583,1080,False,observed_zero,True,6164,Naive2|Naive3,L197845,1
L197845,Doxorubicin,2,0.00030821,0,0.0,406,0.289793,996,False,observed_zero,True,2832,Naive2|Naive3,L197845,1
L197845,Trametinib,2,0.00030821,0,0.0,275,0.19628837,1127,False,observed_zero,True,8091,Naive2|Naive3,L197845,1
L197925,Acid,3,0.00046232,0,0.0,666,0.47537473,736,False,observed_zero,True,7246,Naive1|Naive2|Naive3,L197925,0
L197925,Cisplatin,3,0.00046232,1,0.00014674,110,0.07851535,163,True,observed_nonzero,True,6815,Naive1|Naive2|Naive3,L197925,0
L197925,CoCl2,3,0.00046232,1,0.00019478,179,0.12776588,141,True,observed_nonzero,True,5134,Naive1|Naive2|Naive3,L197925,0
L197925,Dabrafenib,3,0.00046232,0,0.0,322,0.22983583,1080,False,observed_zero,True,6164,Naive1|Naive2|Naive3,L197925,0
L197925,Doxorubicin,3,0.00046232,0,0.0,406,0.289793,996,False,observed_zero,True,2832,Naive1|Naive2|Naive3,L197925,0
L197925,Trametinib,3,0.00046232,0,0.0,275,0.19628837,1127,False,observed_zero,True,8091,Naive1|Naive2|Naive3,L197925,0
L198322,Acid,8,0.00123286,22,0.00303616,66,0.04710921,4,True,observed_nonzero,True,7246,Naive1|Naive2|Naive3,L198322,3
L198322,Cisplatin,8,0.00123286,1,0.00014674,110,0.07851535,163,True,observed_nonzero,True,6815,Naive1|Naive2|Naive3,L198322,3
L198322,CoCl2,8,0.00123286,0,0.0,320,0.22840828,1082,False,observed_zero,True,5134,Naive1|Naive2|Naive3,L198322,3
L198322,Dabrafenib,8,0.00123286,0,0.0,322,0.22983583,1080,False,observed_zero,True,6164,Naive1|Naive2|Naive3,L198322,3
L198322,Doxorubicin,8,0.00123286,1,0.00035311,218,0.15560314,188,True,observed_nonzero,True,2832,Naive1|Naive2|Naive3,L198322,3
L198322,Trametinib,8,0.00123286,0,0.0,275,0.19628837,1127,False,observed_zero,True,8091,Naive1|Naive2|Naive3,L198322,3
L198433,Acid,4,0.00061643,2,0.00027601,380,0.27123483,107,True,observed_nonzero,True,7246,Naive3,L198433,3
L198433,Cisplatin,4,0.00061643,1,0.00014674,110,0.07851535,163,True,observed_nonzero,True,6815,Naive3,L198433,3
L198433,CoCl2,4,0.00061643,0,0.0,320,0.22840828,1082,False,observed_zero,True,5134,Naive3,L198433,3
L198433,Dabrafenib,4,0.00061643,1,0.00016223,182,0.12990721,140,True,observed_nonzero,True,6164,Naive3,L198433,3
L198433,Doxorubicin,4,0.00061643,0,0.0,406,0.289793,996,False,observed_zero,True,2832,Naive3,L198433,3
L198433,Trametinib,4,0.00061643,0,0.0,275,0.19628837,1127,False,observed_zero,True,8091,Naive3,L198433,3
L198763,Acid,1,0.00015411,0,0.0,666,0.47537473,736,False,observed_zero,True,7246,Naive2,L198763,3
L198763,Cisplatin,1,0.00015411,0,0.0,273,0.19486081,1129,False,observed_zero,True,6815,Naive2,L198763,3
L198763,CoCl2,1,0.00015411,0,0.0,320,0.22840828,1082,False,observed_zero,True,5134,Naive2,L198763,3
L198763,Dabrafenib,1,0.00015411,0,0.0,322,0.22983583,1080,False,observed_zero,True,6164,Naive2,L198763,3
L198763,Doxorubicin,1,0.00015411,2,0.00070621,135,0.09635974,83,True,observed_nonzero,True,2832,Naive2,L198763,3
L198763,Trametinib,1,0.00015411,0,0.0,275,0.19628837,1127,False,observed_zero,True,8091,Naive2,L198763,3
L198915,Acid,2,0.00030821,0,0.0,666,0.47537473,736,False,observed_zero,True,7246,Naive3,L198915,1
L198915,Cisplatin,2,0.00030821,0,0.0,273,0.19486081,1129,False,observed_zero,True,6815,Naive3,L198915,1
L198915,CoCl2,2,0.00030821,0,0.0,320,0.22840828,1082,False,observed_zero,True,5134,Naive3,L198915,1
L198915,Dabrafenib,2,0.00030821,0,0.0,322,0.22983583,1080,False,observed_zero,True,6164,Naive3,L198915,1
L198915,Doxorubicin,2,0.00030821,0,0.0,406,0.289793,996,False,observed_zero,True,2832,Naive3,L198915,1
L198915,Trametinib,2,0.00030821,1,0.00012359,161,0.11491792,114,True,observed_nonzero,True,8091,Naive3,L198915,1
L199024,Acid,17,0.00261982,24,0.00331217,59,0.04211278,5,True,observed_nonzero,True,7246,Naive1|Naive2|Naive3,L199024,0
L199024,Cisplatin,17,0.00261982,2,0.00029347,60,0.04282655,50,True,observed_nonzero,True,6815,Naive1|Naive2|Naive3,L199024,0
L199024,CoCl2,17,0.00261982,0,0.0,320,0.22840828,1082,False,observed_zero,True,5134,Naive1|Naive2|Naive3,L199024,0
L199024,Dabrafenib,17,0.00261982,0,0.0,322,0.22983583,1080,False,observed_zero,True,6164,Naive1|Naive2|Naive3,L199024,0
L199024,Doxorubicin,17,0.00261982,1,0.00035311,218,0.15560314,188,True,observed_nonzero,True,2832,Naive1|Naive2|Naive3,L199024,0
L199024,Trametinib,17,0.00261982,0,0.0,275,0.19628837,1127,False,observed_zero,True,8091,Naive1|Naive2|Naive3,L199024,0
L199313,Acid,1,0.00015411,0,0.0,666,0.47537473,736,False,observed_zero,True,7246,Naive1,L199313,2
L199313,Cisplatin,1,0.00015411,0,0.0,273,0.19486081,1129,False,observed_zero,True,6815,Naive1,L199313,2
L199313,CoCl2,1,0.00015411,0,0.0,320,0.22840828,1082,False,observed_zero,True,5134,Naive1,L199313,2
L199313,Dabrafenib,1,0.00015411,0,0.0,322,0.22983583,1080,False,observed_zero,True,6164,Naive1,L199313,2
L199313,Doxorubicin,1,0.00015411,0,0.0,406,0.289793,996,False,observed_zero,True,2832,Naive1,L199313,2
L199313,Trametinib,1,0.00015411,0,0.0,275,0.19628837,1127,False,observed_zero,True,8091,Naive1,L199313,2
L199560,Acid,1,0.00015411,0,0.0,666,0.47537473,736,False,observed_zero,True,7246,Naive2,L199560,3
L199560,Cisplatin,1,0.00015411,0,0.0,273,0.19486081,1129,False,observed_zero,True,6815,Naive2,L199560,3
L199560,CoCl2,1,0.00015411,0,0.0,320,0.22840828,1082,False,observed_zero,True,5134,Naive2,L199560,3
L199560,Dabrafenib,1,0.00015411,0,0.0,322,0.22983583,1080,False,observed_zero,True,6164,Naive2,L199560,3
L199560,Doxorubicin,1,0.00015411,0,0.0,406,0.289793,996,False,observed_zero,True,2832,Naive2,L199560,3
L199560,Trametinib,1,0.00015411,0,0.0,275,0.19628837,1127,False,observed_zero,True,8091,Naive2,L199560,3
L199957,Acid,1,0.00015411,0,0.0,666,0.47537473,736,False,observed_zero,True,7246,Naive2,L199957,4
L199957,Cisplatin,1,0.00015411,0,0.0,273,0.19486081,1129,False,observed_zero,True,6815,Naive2,L199957,4
L199957,CoCl2,1,0.00015411,0,0.0,320,0.22840828,1082,False,observed_zero,True,5134,Naive2,L199957,4
L199957,Dabrafenib,1,0.00015411,4,0.00064893,100,0.07137759,13,True,observed_nonzero,True,6164,Naive2,L199957,4
L199957,Doxorubicin,1,0.00015411,0,0.0,406,0.289793,996,False,observed_zero,True,2832,Naive2,L199957,4
L199957,Trametinib,1,0.00015411,1,0.00012359,161,0.11491792,114,True,observed_nonzero,True,8091,Naive2,L199957,4
L200066,Acid,2,0.00030821,0,0.0,666,0.47537473,736,False,observed_zero,True,7246,Naive2|Naive3,L200066,1
L200066,Cisplatin,2,0.00030821,0,0.0,273,0.19486081,1129,False,observed_zero,True,6815,Naive2|Naive3,L200066,1
L200066,CoCl2,2,0.00030821,0,0.0,320,0.22840828,1082,False,observed_zero,True,5134,Naive2|Naive3,L200066,1
L200066,Dabrafenib,2,0.00030821,0,0.0,322,0.22983583,1080,False,observed_zero,True,6164,Naive2|Naive3,L200066,1
L200066,Doxorubicin,2,0.00030821,0,0.0,406,0.289793,996,False,observed_zero,True,2832,Naive2|Naive3,L200066,1
L200066,Trametinib,2,0.00030821,0,0.0,275,0.19628837,1127,False,observed_zero,True,8091,Naive2|Naive3,L200066,1
L200082,Acid,1,0.00015411,1,0.00013801,487,0.34760885,179,True,observed_nonzero,True,7246,Naive3,L200082,2
L200082,Cisplatin,1,0.00015411,0,0.0,273,0.19486081,1129,False,observed_zero,True,6815,Naive3,L200082,2
L200082,CoCl2,1,0.00015411,0,0.0,320,0.22840828,1082,False,observed_zero,True,5134,Naive3,L200082,2
L200082,Dabrafenib,1,0.00015411,1,0.00016223,182,0.12990721,140,True,observed_nonzero,True,6164,Naive3,L200082,2
L200082,Doxorubicin,1,0.00015411,2,0.00070621,135,0.09635974,83,True,observed_nonzero,True,2832,Naive3,L200082,2
L200082,Trametinib,1,0.00015411,0,0.0,275,0.19628837,1127,False,observed_zero,True,8091,Naive3,L200082,2
L200891,Acid,1,0.00015411,0,0.0,666,0.47537473,736,False,observed_zero,True,7246,Naive3,L200891,2
L200891,Cisplatin,1,0.00015411,0,0.0,273,0.19486081,1129,False,observed_zero,True,6815,Naive3,L200891,2
L200891,CoCl2,1,0.00015411,0,0.0,320,0.22840828,1082,False,observed_zero,True,5134,Naive3,L200891,2
L200891,Dabrafenib,1,0.00015411,1,0.00016223,182,0.12990721,140,True,observed_nonzero,True,6164,Naive3,L200891,2
L200891,Doxorubicin,1,0.00015411,1,0.00035311,218,0.15560314,188,True,observed_nonzero,True,2832,Naive3,L200891,2
L200891,Trametinib,1,0.00015411,2,0.00024719,124,0.08850821,37,True,observed_nonzero,True,8091,Naive3,L200891,2
L20109,Acid,2,0.00030821,0,0.0,666,0.47537473,736,False,observed_zero,True,7246,Naive3,L20109,1
L20109,Cisplatin,2,0.00030821,0,0.0,273,0.19486081,1129,False,observed_zero,True,6815,Naive3,L20109,1
L20109,CoCl2,2,0.00030821,0,0.0,320,0.22840828,1082,False,observed_zero,True,5134,Naive3,L20109,1
L20109,Dabrafenib,2,0.00030821,3,0.0004867,113,0.08065667,22,True,observed_nonzero,True,6164,Naive3,L20109,1
L20109,Doxorubicin,2,0.00030821,0,0.0,406,0.289793,996,False,observed_zero,True,2832,Naive3,L20109,1
L20109,Trametinib,2,0.00030821,9,0.00111235,57,0.04068522,7,True,observed_nonzero,True,8091,Naive3,L20109,1
L202367,Acid,1,0.00015411,0,0.0,666,0.47537473,736,False,observed_zero,True,7246,Naive3,L202367,1
L202367,Cisplatin,1,0.00015411,0,0.0,273,0.19486081,1129,False,observed_zero,True,6815,Naive3,L202367,1
L202367,CoCl2,1,0.00015411,0,0.0,320,0.22840828,1082,False,observed_zero,True,5134,Naive3,L202367,1
L202367,Dabrafenib,1,0.00015411,0,0.0,322,0.22983583,1080,False,observed_zero,True,6164,Naive3,L202367,1
L202367,Doxorubicin,1,0.00015411,0,0.0,406,0.289793,996,False,observed_zero,True,2832,Naive3,L202367,1
L202367,Trametinib,1,0.00015411,0,0.0,275,0.19628837,1127,False,observed_zero,True,8091,Naive3,L202367,1
L202432,Acid,1,0.00015411,1,0.00013801,487,0.34760885,179,True,observed_nonzero,True,7246,Naive3,L202432,4
L202432,Cisplatin,1,0.00015411,0,0.0,273,0.19486081,1129,False,observed_zero,True,6815,Naive3,L202432,4
L202432,CoCl2,1,0.00015411,0,0.0,320,0.22840828,1082,False,observed_zero,True,5134,Naive3,L202432,4
L202432,Dabrafenib,1,0.00015411,0,0.0,322,0.22983583,1080,False,observed_zero,True,6164,Naive3,L202432,4
L202432,Doxorubicin,1,0.00015411,0,0.0,406,0.289793,996,False,observed_zero,True,2832,Naive3,L202432,4
L202432,Trametinib,1,0.00015411,0,0.0,275,0.19628837,1127,False,observed_zero,True,8091,Naive3,L202432,4
L202454,Acid,1,0.00015411,0,0.0,666,0.47537473,736,False,observed_zero,True,7246,Naive3,L202454,4
L202454,Cisplatin,1,0.00015411,0,0.0,273,0.19486081,1129,False,observed_zero,True,6815,Naive3,L202454,4
L202454,CoCl2,1,0.00015411,0,0.0,320,0.22840828,1082,False,observed_zero,True,5134,Naive3,L202454,4
L202454,Dabrafenib,1,0.00015411,2,0.00032446,135,0.09635974,47,True,observed_nonzero,True,6164,Naive3,L202454,4
L202454,Doxorubicin,1,0.00015411,0,0.0,406,0.289793,996,False,observed_zero,True,2832,Naive3,L202454,4
L202454,Trametinib,1,0.00015411,13,0.00160672,38,0.02712348,4,True,observed_nonzero,True,8091,Naive3,L202454,4
L202607,Acid,1,0.00015411,2,0.00027601,380,0.27123483,107,True,observed_nonzero,True,7246,Naive1,L202607,0
L202607,Cisplatin,1,0.00015411,0,0.0,273,0.19486081,1129,False,observed_zero,True,6815,Naive1,L202607,0
L202607,CoCl2,1,0.00015411,1,0.00019478,179,0.12776588,141,True,observed_nonzero,True,5134,Naive1,L202607,0
L202607,Dabrafenib,1,0.00015411,0,0.0,322,0.22983583,1080,False,observed_zero,True,6164,Naive1,L202607,0
L202607,Doxorubicin,1,0.00015411,2,0.00070621,135,0.09635974,83,True,observed_nonzero,True,2832,Naive1,L202607,0
L202607,Trametinib,1,0.00015411,0,0.0,275,0.19628837,1127,False,observed_zero,True,8091,Naive1,L202607,0
L202688,Acid,2,0.00030821,1,0.00013801,487,0.34760885,179,True,observed_nonzero,True,7246,Naive3,L202688,1
L202688,Cisplatin,2,0.00030821,0,0.0,273,0.19486081,1129,False,observed_zero,True,6815,Naive3,L202688,1
L202688,CoCl2,2,0.00030821,0,0.0,320,0.22840828,1082,False,observed_zero,True,5134,Naive3,L202688,1
L202688,Dabrafenib,2,0.00030821,0,0.0,322,0.22983583,1080,False,observed_zero,True,6164,Naive3,L202688,1
L202688,Doxorubicin,2,0.00030821,0,0.0,406,0.289793,996,False,observed_zero,True,2832,Naive3,L202688,1
L202688,Trametinib,2,0.00030821,0,0.0,275,0.19628837,1127,False,observed_zero,True,8091,Naive3,L202688,1
L202775,Acid,6,0.00092464,2,0.00027601,380,0.27123483,107,True,observed_nonzero,True,7246,Naive1|Naive2|Naive3,L202775,0
L202775,Cisplatin,6,0.00092464,1,0.00014674,110,0.07851535,163,True,observed_nonzero,True,6815,Naive1|Naive2|Naive3,L202775,0
L202775,CoCl2,6,0.00092464,1,0.00019478,179,0.12776588,141,True,observed_nonzero,True,5134,Naive1|Naive2|Naive3,L202775,0
L202775,Dabrafenib,6,0.00092464,0,0.0,322,0.22983583,1080,False,observed_zero,True,6164,Naive1|Naive2|Naive3,L202775,0
L202775,Doxorubicin,6,0.00092464,0,0.0,406,0.289793,996,False,observed_zero,True,2832,Naive1|Naive2|Naive3,L202775,0
L202775,Trametinib,6,0.00092464,0,0.0,275,0.19628837,1127,False,observed_zero,True,8091,Naive1|Naive2|Naive3,L202775,0
L202878,Acid,1,0.00015411,0,0.0,666,0.47537473,736,False,observed_zero,True,7246,Naive2,L202878,0
L202878,Cisplatin,1,0.00015411,0,0.0,273,0.19486081,1129,False,observed_zero,True,6815,Naive2,L202878,0
L202878,CoCl2,1,0.00015411,0,0.0,320,0.22840828,1082,False,observed_zero,True,5134,Naive2,L202878,0
L202878,Dabrafenib,1,0.00015411,0,0.0,322,0.22983583,1080,False,observed_zero,True,6164,Naive2,L202878,0
L202878,Doxorubicin,1,0.00015411,0,0.0,406,0.289793,996,False,observed_zero,True,2832,Naive2,L202878,0
L202878,Trametinib,1,0.00015411,0,0.0,275,0.19628837,1127,False,observed_zero,True,8091,Naive2,L202878,0
L203095,Acid,2,0.00030821,0,0.0,666,0.47537473,736,False,observed_zero,True,7246,Naive2|Naive3,L203095,1
L203095,Cisplatin,2,0.00030821,0,0.0,273,0.19486081,1129,False,observed_zero,True,6815,Naive2|Naive3,L203095,1
L203095,CoCl2,2,0.00030821,0,0.0,320,0.22840828,1082,False,observed_zero,True,5134,Naive2|Naive3,L203095,1
L203095,Dabrafenib,2,0.00030821,0,0.0,322,0.22983583,1080,False,observed_zero,True,6164,Naive2|Naive3,L203095,1
L203095,Doxorubicin,2,0.00030821,0,0.0,406,0.289793,996,False,observed_zero,True,2832,Naive2|Naive3,L203095,1
L203095,Trametinib,2,0.00030821,0,0.0,275,0.19628837,1127,False,observed_zero,True,8091,Naive2|Naive3,L203095,1
L204032,Acid,4,0.00061643,4,0.00055203,267,0.19057816,51,True,observed_nonzero,True,7246,Naive1|Naive2|Naive3,L204032,4
L204032,Cisplatin,4,0.00061643,0,0.0,273,0.19486081,1129,False,observed_zero,True,6815,Naive1|Naive2|Naive3,L204032,4
L204032,CoCl2,4,0.00061643,0,0.0,320,0.22840828,1082,False,observed_zero,True,5134,Naive1|Naive2|Naive3,L204032,4
L204032,Dabrafenib,4,0.00061643,0,0.0,322,0.22983583,1080,False,observed_zero,True,6164,Naive1|Naive2|Naive3,L204032,4
L204032,Doxorubicin,4,0.00061643,1,0.00035311,218,0.15560314,188,True,observed_nonzero,True,2832,Naive1|Naive2|Naive3,L204032,4
L204032,Trametinib,4,0.00061643,0,0.0,275,0.19628837,1127,False,observed_zero,True,8091,Naive1|Naive2|Naive3,L204032,4
L204050,Acid,1,0.00015411,1,0.00013801,487,0.34760885,179,True,observed_nonzero,True,7246,Naive3,L204050,0
L204050,Cisplatin,1,0.00015411,0,0.0,273,0.19486081,1129,False,observed_zero,True,6815,Naive3,L204050,0
L204050,CoCl2,1,0.00015411,0,0.0,320,0.22840828,1082,False,observed_zero,True,5134,Naive3,L204050,0
L204050,Dabrafenib,1,0.00015411,0,0.0,322,0.22983583,1080,False,observed_zero,True,6164,Naive3,L204050,0
L204050,Doxorubicin,1,0.00015411,4,0.00141243,70,0.04996431,26,True,observed_nonzero,True,2832,Naive3,L204050,0
L204050,Trametinib,1,0.00015411,0,0.0,275,0.19628837,1127,False,observed_zero,True,8091,Naive3,L204050,0
L204112,Acid,7,0.00107875,9,0.00124206,156,0.11134904,17,True,observed_nonzero,True,7246,Naive1|Naive2|Naive3,L204112,1
L204112,Cisplatin,7,0.00107875,0,0.0,273,0.19486081,1129,False,observed_zero,True,6815,Naive1|Naive2|Naive3,L204112,1
L204112,CoCl2,7,0.00107875,3,0.00058434,80,0.05710207,30,True,observed_nonzero,True,5134,Naive1|Naive2|Naive3,L204112,1
L204112,Dabrafenib,7,0.00107875,1,0.00016223,182,0.12990721,140,True,observed_nonzero,True,6164,Naive1|Naive2|Naive3,L204112,1
L204112,Doxorubicin,7,0.00107875,0,0.0,406,0.289793,996,False,observed_zero,True,2832,Naive1|Naive2|Naive3,L204112,1
L204112,Trametinib,7,0.00107875,0,0.0,275,0.19628837,1127,False,observed_zero,True,8091,Naive1|Naive2|Naive3,L204112,1
L204257,Acid,1,0.00015411,0,0.0,666,0.47537473,736,False,observed_zero,True,7246,Naive2,L204257,1
L204257,Cisplatin,1,0.00015411,0,0.0,273,0.19486081,1129,False,observed_zero,True,6815,Naive2,L204257,1
L204257,CoCl2,1,0.00015411,0,0.0,320,0.22840828,1082,False,observed_zero,True,5134,Naive2,L204257,1
L204257,Dabrafenib,1,0.00015411,0,0.0,322,0.22983583,1080,False,observed_zero,True,6164,Naive2,L204257,1
L204257,Doxorubicin,1,0.00015411,0,0.0,406,0.289793,996,False,observed_zero,True,2832,Naive2,L204257,1
L204257,Trametinib,1,0.00015411,0,0.0,275,0.19628837,1127,False,observed_zero,True,8091,Naive2,L204257,1
L204285,Acid,17,0.00261982,16,0.00220811,93,0.06638116,4,True,observed_nonzero,True,7246,Naive1|Naive2|Naive3,L204285,3
L204285,Cisplatin,17,0.00261982,2,0.00029347,60,0.04282655,50,True,observed_nonzero,True,6815,Naive1|Naive2|Naive3,L204285,3
L204285,CoCl2,17,0.00261982,4,0.00077912,63,0.04496788,17,True,observed_nonzero,True,5134,Naive1|Naive2|Naive3,L204285,3
L204285,Dabrafenib,17,0.00261982,16,0.00259572,38,0.02712348,4,True,observed_nonzero,True,6164,Naive1|Naive2|Naive3,L204285,3
L204285,Doxorubicin,17,0.00261982,4,0.00141243,70,0.04996431,26,True,observed_nonzero,True,2832,Naive1|Naive2|Naive3,L204285,3
L204285,Trametinib,17,0.00261982,13,0.00160672,38,0.02712348,4,True,observed_nonzero,True,8091,Naive1|Naive2|Naive3,L204285,3
L204366,Acid,3,0.00046232,0,0.0,666,0.47537473,736,False,observed_zero,True,7246,Naive3,L204366,3
L204366,Cisplatin,3,0.00046232,0,0.0,273,0.19486081,1129,False,observed_zero,True,6815,Naive3,L204366,3
L204366,CoCl2,3,0.00046232,0,0.0,320,0.22840828,1082,False,observed_zero,True,5134,Naive3,L204366,3
L204366,Dabrafenib,3,0.00046232,0,0.0,322,0.22983583,1080,False,observed_zero,True,6164,Naive3,L204366,3
L204366,Doxorubicin,3,0.00046232,0,0.0,406,0.289793,996,False,observed_zero,True,2832,Naive3,L204366,3
L204366,Trametinib,3,0.00046232,0,0.0,275,0.19628837,1127,False,observed_zero,True,8091,Naive3,L204366,3
L204569,Acid,2,0.00030821,14,0.0019321,103,0.07351892,12,True,observed_nonzero,True,7246,Naive1|Naive3,L204569,1
L204569,Cisplatin,2,0.00030821,1,0.00014674,110,0.07851535,163,True,observed_nonzero,True,6815,Naive1|Naive3,L204569,1
L204569,CoCl2,2,0.00030821,0,0.0,320,0.22840828,1082,False,observed_zero,True,5134,Naive1|Naive3,L204569,1
L204569,Dabrafenib,2,0.00030821,3,0.0004867,113,0.08065667,22,True,observed_nonzero,True,6164,Naive1|Naive3,L204569,1
L204569,Doxorubicin,2,0.00030821,0,0.0,406,0.289793,996,False,observed_zero,True,2832,Naive1|Naive3,L204569,1
L204569,Trametinib,2,0.00030821,0,0.0,275,0.19628837,1127,False,observed_zero,True,8091,Naive1|Naive3,L204569,1
L205259,Acid,2,0.00030821,0,0.0,666,0.47537473,736,False,observed_zero,True,7246,Naive3,L205259,0
L205259,Cisplatin,2,0.00030821,0,0.0,273,0.19486081,1129,False,observed_zero,True,6815,Naive3,L205259,0
L205259,CoCl2,2,0.00030821,0,0.0,320,0.22840828,1082,False,observed_zero,True,5134,Naive3,L205259,0
L205259,Dabrafenib,2,0.00030821,0,0.0,322,0.22983583,1080,False,observed_zero,True,6164,Naive3,L205259,0
L205259,Doxorubicin,2,0.00030821,0,0.0,406,0.289793,996,False,observed_zero,True,2832,Naive3,L205259,0
L205259,Trametinib,2,0.00030821,0,0.0,275,0.19628837,1127,False,observed_zero,True,8091,Naive3,L205259,0
L205394,Acid,3,0.00046232,0,0.0,666,0.47537473,736,False,observed_zero,True,7246,Naive2|Naive3,L205394,0
L205394,Cisplatin,3,0.00046232,0,0.0,273,0.19486081,1129,False,observed_zero,True,6815,Naive2|Naive3,L205394,0
L205394,CoCl2,3,0.00046232,0,0.0,320,0.22840828,1082,False,observed_zero,True,5134,Naive2|Naive3,L205394,0
L205394,Dabrafenib,3,0.00046232,0,0.0,322,0.22983583,1080,False,observed_zero,True,6164,Naive2|Naive3,L205394,0
L205394,Doxorubicin,3,0.00046232,0,0.0,406,0.289793,996,False,observed_zero,True,2832,Naive2|Naive3,L205394,0
L205394,Trametinib,3,0.00046232,0,0.0,275,0.19628837,1127,False,observed_zero,True,8091,Naive2|Naive3,L205394,0
L205402,Acid,4,0.00061643,1,0.00013801,487,0.34760885,179,True,observed_nonzero,True,7246,Naive1|Naive2|Naive3,L205402,2
L205402,Cisplatin,4,0.00061643,1,0.00014674,110,0.07851535,163,True,observed_nonzero,True,6815,Naive1|Naive2|Naive3,L205402,2
L205402,CoCl2,4,0.00061643,0,0.0,320,0.22840828,1082,False,observed_zero,True,5134,Naive1|Naive2|Naive3,L205402,2
L205402,Dabrafenib,4,0.00061643,0,0.0,322,0.22983583,1080,False,observed_zero,True,6164,Naive1|Naive2|Naive3,L205402,2
L205402,Doxorubicin,4,0.00061643,0,0.0,406,0.289793,996,False,observed_zero,True,2832,Naive1|Naive2|Naive3,L205402,2
L205402,Trametinib,4,0.00061643,0,0.0,275,0.19628837,1127,False,observed_zero,True,8091,Naive1|Naive2|Naive3,L205402,2
L205528,Acid,1,0.00015411,0,0.0,666,0.47537473,736,False,observed_zero,True,7246,Naive2,L205528,1
L205528,Cisplatin,1,0.00015411,0,0.0,273,0.19486081,1129,False,observed_zero,True,6815,Naive2,L205528,1
L205528,CoCl2,1,0.00015411,0,0.0,320,0.22840828,1082,False,observed_zero,True,5134,Naive2,L205528,1
L205528,Dabrafenib,1,0.00015411,0,0.0,322,0.22983583,1080,False,observed_zero,True,6164,Naive2,L205528,1
L205528,Doxorubicin,1,0.00015411,0,0.0,406,0.289793,996,False,observed_zero,True,2832,Naive2,L205528,1
L205528,Trametinib,1,0.00015411,0,0.0,275,0.19628837,1127,False,observed_zero,True,8091,Naive2,L205528,1
L205642,Acid,1,0.00015411,5,0.00069004,232,0.165596,35,True,observed_nonzero,True,7246,Naive1,L205642,0
L205642,Cisplatin,1,0.00015411,0,0.0,273,0.19486081,1129,False,observed_zero,True,6815,Naive1,L205642,0
L205642,CoCl2,1,0.00015411,1,0.00019478,179,0.12776588,141,True,observed_nonzero,True,5134,Naive1,L205642,0
L205642,Dabrafenib,1,0.00015411,0,0.0,322,0.22983583,1080,False,observed_zero,True,6164,Naive1,L205642,0
L205642,Doxorubicin,1,0.00015411,0,0.0,406,0.289793,996,False,observed_zero,True,2832,Naive1,L205642,0
L205642,Trametinib,1,0.00015411,10,0.00123594,50,0.03568879,7,True,observed_nonzero,True,8091,Naive1,L205642,0
L205676,Acid,9,0.00138696,4,0.00055203,267,0.19057816,51,True,observed_nonzero,True,7246,Naive1|Naive2|Naive3,L205676,0
L205676,Cisplatin,9,0.00138696,4,0.00058694,23,0.01641685,14,True,observed_nonzero,True,6815,Naive1|Naive2|Naive3,L205676,0
L205676,CoCl2,9,0.00138696,0,0.0,320,0.22840828,1082,False,observed_zero,True,5134,Naive1|Naive2|Naive3,L205676,0
L205676,Dabrafenib,9,0.00138696,1,0.00016223,182,0.12990721,140,True,observed_nonzero,True,6164,Naive1|Naive2|Naive3,L205676,0
L205676,Doxorubicin,9,0.00138696,0,0.0,406,0.289793,996,False,observed_zero,True,2832,Naive1|Naive2|Naive3,L205676,0
L205676,Trametinib,9,0.00138696,0,0.0,275,0.19628837,1127,False,observed_zero,True,8091,Naive1|Naive2|Naive3,L205676,0
L20571,Acid,6,0.00092464,13,0.00179409,115,0.08208423,9,True,observed_nonzero,True,7246,Naive1|Naive2|Naive3,L20571,4
L20571,Cisplatin,6,0.00092464,0,0.0,273,0.19486081,1129,False,observed_zero,True,6815,Naive1|Naive2|Naive3,L20571,4
L20571,CoCl2,6,0.00092464,1,0.00019478,179,0.12776588,141,True,observed_nonzero,True,5134,Naive1|Naive2|Naive3,L20571,4
L20571,Dabrafenib,6,0.00092464,1,0.00016223,182,0.12990721,140,True,observed_nonzero,True,6164,Naive1|Naive2|Naive3,L20571,4
L20571,Doxorubicin,6,0.00092464,0,0.0,406,0.289793,996,False,observed_zero,True,2832,Naive1|Naive2|Naive3,L20571,4
L20571,Trametinib,6,0.00092464,1,0.00012359,161,0.11491792,114,True,observed_nonzero,True,8091,Naive1|Naive2|Naive3,L20571,4
L20588,Acid,2,0.00030821,0,0.0,666,0.47537473,736,False,observed_zero,True,7246,Naive2,L20588,3
L20588,Cisplatin,2,0.00030821,1,0.00014674,110,0.07851535,163,True,observed_nonzero,True,6815,Naive2,L20588,3
L20588,CoCl2,2,0.00030821,0,0.0,320,0.22840828,1082,False,observed_zero,True,5134,Naive2,L20588,3
L20588,Dabrafenib,2,0.00030821,0,0.0,322,0.22983583,1080,False,observed_zero,True,6164,Naive2,L20588,3
L20588,Doxorubicin,2,0.00030821,0,0.0,406,0.289793,996,False,observed_zero,True,2832,Naive2,L20588,3
L20588,Trametinib,2,0.00030821,0,0.0,275,0.19628837,1127,False,observed_zero,True,8091,Naive2,L20588,3
L206297,Acid,5,0.00077053,3,0.00041402,318,0.22698073,62,True,observed_nonzero,True,7246,Naive1|Naive3,L206297,0
L206297,Cisplatin,5,0.00077053,1,0.00014674,110,0.07851535,163,True,observed_nonzero,True,6815,Naive1|Naive3,L206297,0
L206297,CoCl2,5,0.00077053,0,0.0,320,0.22840828,1082,False,observed_zero,True,5134,Naive1|Naive3,L206297,0
L206297,Dabrafenib,5,0.00077053,0,0.0,322,0.22983583,1080,False,observed_zero,True,6164,Naive1|Naive3,L206297,0
L206297,Doxorubicin,5,0.00077053,2,0.00070621,135,0.09635974,83,True,observed_nonzero,True,2832,Naive1|Naive3,L206297,0
L206297,Trametinib,5,0.00077053,0,0.0,275,0.19628837,1127,False,observed_zero,True,8091,Naive1|Naive3,L206297,0
L20635,Acid,2,0.00030821,5,0.00069004,232,0.165596,35,True,observed_nonzero,True,7246,Naive1|Naive3,L20635,1
L20635,Cisplatin,2,0.00030821,0,0.0,273,0.19486081,1129,False,observed_zero,True,6815,Naive1|Naive3,L20635,1
L20635,CoCl2,2,0.00030821,1,0.00019478,179,0.12776588,141,True,observed_nonzero,True,5134,Naive1|Naive3,L20635,1
L20635,Dabrafenib,2,0.00030821,0,0.0,322,0.22983583,1080,False,observed_zero,True,6164,Naive1|Naive3,L20635,1
L20635,Doxorubicin,2,0.00030821,577,0.20374294,1,0.00071378,1,True,observed_nonzero,True,2832,Naive1|Naive3,L20635,1
L20635,Trametinib,2,0.00030821,0,0.0,275,0.19628837,1127,False,observed_zero,True,8091,Naive1|Naive3,L20635,1
L206384,Acid,7,0.00107875,0,0.0,666,0.47537473,736,False,observed_zero,True,7246,Naive2|Naive3,L206384,3
L206384,Cisplatin,7,0.00107875,0,0.0,273,0.19486081,1129,False,observed_zero,True,6815,Naive2|Naive3,L206384,3
L206384,CoCl2,7,0.00107875,0,0.0,320,0.22840828,1082,False,observed_zero,True,5134,Naive2|Naive3,L206384,3
L206384,Dabrafenib,7,0.00107875,0,0.0,322,0.22983583,1080,False,observed_zero,True,6164,Naive2|Naive3,L206384,3
L206384,Doxorubicin,7,0.00107875,0,0.0,406,0.289793,996,False,observed_zero,True,2832,Naive2|Naive3,L206384,3
L206384,Trametinib,7,0.00107875,0,0.0,275,0.19628837,1127,False,observed_zero,True,8091,Naive2|Naive3,L206384,3
L206761,Acid,12,0.00184928,21,0.00289815,70,0.04996431,5,True,observed_nonzero,True,7246,Naive1|Naive2|Naive3,L206761,0
L206761,Cisplatin,12,0.00184928,0,0.0,273,0.19486081,1129,False,observed_zero,True,6815,Naive1|Naive2|Naive3,L206761,0
L206761,CoCl2,12,0.00184928,1,0.00019478,179,0.12776588,141,True,observed_nonzero,True,5134,Naive1|Naive2|Naive3,L206761,0
L206761,Dabrafenib,12,0.00184928,0,0.0,322,0.22983583,1080,False,observed_zero,True,6164,Naive1|Naive2|Naive3,L206761,0
L206761,Doxorubicin,12,0.00184928,0,0.0,406,0.289793,996,False,observed_zero,True,2832,Naive1|Naive2|Naive3,L206761,0
L206761,Trametinib,12,0.00184928,1,0.00012359,161,0.11491792,114,True,observed_nonzero,True,8091,Naive1|Naive2|Naive3,L206761,0
L207012,Acid,2,0.00030821,5,0.00069004,232,0.165596,35,True,observed_nonzero,True,7246,Naive1|Naive3,L207012,4
L207012,Cisplatin,2,0.00030821,0,0.0,273,0.19486081,1129,False,observed_zero,True,6815,Naive1|Naive3,L207012,4
L207012,CoCl2,2,0.00030821,0,0.0,320,0.22840828,1082,False,observed_zero,True,5134,Naive1|Naive3,L207012,4
L207012,Dabrafenib,2,0.00030821,0,0.0,322,0.22983583,1080,False,observed_zero,True,6164,Naive1|Naive3,L207012,4
L207012,Doxorubicin,2,0.00030821,1,0.00035311,218,0.15560314,188,True,observed_nonzero,True,2832,Naive1|Naive3,L207012,4
L207012,Trametinib,2,0.00030821,0,0.0,275,0.19628837,1127,False,observed_zero,True,8091,Naive1|Naive3,L207012,4
L207711,Acid,6,0.00092464,1,0.00013801,487,0.34760885,179,True,observed_nonzero,True,7246,Naive1|Naive3,L207711,0
L207711,Cisplatin,6,0.00092464,0,0.0,273,0.19486081,1129,False,observed_zero,True,6815,Naive1|Naive3,L207711,0
L207711,CoCl2,6,0.00092464,1,0.00019478,179,0.12776588,141,True,observed_nonzero,True,5134,Naive1|Naive3,L207711,0
L207711,Dabrafenib,6,0.00092464,0,0.0,322,0.22983583,1080,False,observed_zero,True,6164,Naive1|Naive3,L207711,0
L207711,Doxorubicin,6,0.00092464,0,0.0,406,0.289793,996,False,observed_zero,True,2832,Naive1|Naive3,L207711,0
L207711,Trametinib,6,0.00092464,0,0.0,275,0.19628837,1127,False,observed_zero,True,8091,Naive1|Naive3,L207711,0
L208068,Acid,2,0.00030821,4,0.00055203,267,0.19057816,51,True,observed_nonzero,True,7246,Naive2|Naive3,L208068,4
L208068,Cisplatin,2,0.00030821,0,0.0,273,0.19486081,1129,False,observed_zero,True,6815,Naive2|Naive3,L208068,4
L208068,CoCl2,2,0.00030821,0,0.0,320,0.22840828,1082,False,observed_zero,True,5134,Naive2|Naive3,L208068,4
L208068,Dabrafenib,2,0.00030821,0,0.0,322,0.22983583,1080,False,observed_zero,True,6164,Naive2|Naive3,L208068,4
L208068,Doxorubicin,2,0.00030821,0,0.0,406,0.289793,996,False,observed_zero,True,2832,Naive2|Naive3,L208068,4
L208068,Trametinib,2,0.00030821,0,0.0,275,0.19628837,1127,False,observed_zero,True,8091,Naive2|Naive3,L208068,4
L208093,Acid,1,0.00015411,0,0.0,666,0.47537473,736,False,observed_zero,True,7246,Naive1,L208093,1
L208093,Cisplatin,1,0.00015411,0,0.0,273,0.19486081,1129,False,observed_zero,True,6815,Naive1,L208093,1
L208093,CoCl2,1,0.00015411,2,0.00038956,110,0.07851535,69,True,observed_nonzero,True,5134,Naive1,L208093,1
L208093,Dabrafenib,1,0.00015411,0,0.0,322,0.22983583,1080,False,observed_zero,True,6164,Naive1,L208093,1
L208093,Doxorubicin,1,0.00015411,0,0.0,406,0.289793,996,False,observed_zero,True,2832,Naive1,L208093,1
L208093,Trametinib,1,0.00015411,1,0.00012359,161,0.11491792,114,True,observed_nonzero,True,8091,Naive1,L208093,1
L208166,Acid,1,0.00015411,1,0.00013801,487,0.34760885,179,True,observed_nonzero,True,7246,Naive3,L208166,4
L208166,Cisplatin,1,0.00015411,0,0.0,273,0.19486081,1129,False,observed_zero,True,6815,Naive3,L208166,4
L208166,CoCl2,1,0.00015411,0,0.0,320,0.22840828,1082,False,observed_zero,True,5134,Naive3,L208166,4
L208166,Dabrafenib,1,0.00015411,0,0.0,322,0.22983583,1080,False,observed_zero,True,6164,Naive3,L208166,4
L208166,Doxorubicin,1,0.00015411,1,0.00035311,218,0.15560314,188,True,observed_nonzero,True,2832,Naive3,L208166,4
L208166,Trametinib,1,0.00015411,0,0.0,275,0.19628837,1127,False,observed_zero,True,8091,Naive3,L208166,4
L20830,Acid,1,0.00015411,1,0.00013801,487,0.34760885,179,True,observed_nonzero,True,7246,Naive3,L20830,1
L20830,Cisplatin,1,0.00015411,0,0.0,273,0.19486081,1129,False,observed_zero,True,6815,Naive3,L20830,1
L20830,CoCl2,1,0.00015411,0,0.0,320,0.22840828,1082,False,observed_zero,True,5134,Naive3,L20830,1
L20830,Dabrafenib,1,0.00015411,0,0.0,322,0.22983583,1080,False,observed_zero,True,6164,Naive3,L20830,1
L20830,Doxorubicin,1,0.00015411,0,0.0,406,0.289793,996,False,observed_zero,True,2832,Naive3,L20830,1
L20830,Trametinib,1,0.00015411,0,0.0,275,0.19628837,1127,False,observed_zero,True,8091,Naive3,L20830,1
L208666,Acid,1,0.00015411,1,0.00013801,487,0.34760885,179,True,observed_nonzero,True,7246,Naive3,L208666,4
L208666,Cisplatin,1,0.00015411,0,0.0,273,0.19486081,1129,False,observed_zero,True,6815,Naive3,L208666,4
L208666,CoCl2,1,0.00015411,0,0.0,320,0.22840828,1082,False,observed_zero,True,5134,Naive3,L208666,4
L208666,Dabrafenib,1,0.00015411,0,0.0,322,0.22983583,1080,False,observed_zero,True,6164,Naive3,L208666,4
L208666,Doxorubicin,1,0.00015411,0,0.0,406,0.289793,996,False,observed_zero,True,2832,Naive3,L208666,4
L208666,Trametinib,1,0.00015411,0,0.0,275,0.19628837,1127,False,observed_zero,True,8091,Naive3,L208666,4
L208973,Acid,2,0.00030821,0,0.0,666,0.47537473,736,False,observed_zero,True,7246,Naive2,L208973,1
L208973,Cisplatin,2,0.00030821,0,0.0,273,0.19486081,1129,False,observed_zero,True,6815,Naive2,L208973,1
L208973,CoCl2,2,0.00030821,0,0.0,320,0.22840828,1082,False,observed_zero,True,5134,Naive2,L208973,1
L208973,Dabrafenib,2,0.00030821,0,0.0,322,0.22983583,1080,False,observed_zero,True,6164,Naive2,L208973,1
L208973,Doxorubicin,2,0.00030821,0,0.0,406,0.289793,996,False,observed_zero,True,2832,Naive2,L208973,1
L208973,Trametinib,2,0.00030821,0,0.0,275,0.19628837,1127,False,observed_zero,True,8091,Naive2,L208973,1
L209054,Acid,4,0.00061643,0,0.0,666,0.47537473,736,False,observed_zero,True,7246,Naive1|Naive2|Naive3,L209054,4
L209054,Cisplatin,4,0.00061643,0,0.0,273,0.19486081,1129,False,observed_zero,True,6815,Naive1|Naive2|Naive3,L209054,4
L209054,CoCl2,4,0.00061643,0,0.0,320,0.22840828,1082,False,observed_zero,True,5134,Naive1|Naive2|Naive3,L209054,4
L209054,Dabrafenib,4,0.00061643,0,0.0,322,0.22983583,1080,False,observed_zero,True,6164,Naive1|Naive2|Naive3,L209054,4
L209054,Doxorubicin,4,0.00061643,0,0.0,406,0.289793,996,False,observed_zero,True,2832,Naive1|Naive2|Naive3,L209054,4
L209054,Trametinib,4,0.00061643,0,0.0,275,0.19628837,1127,False,observed_zero,True,8091,Naive1|Naive2|Naive3,L209054,4
L209225,Acid,1,0.00015411,0,0.0,666,0.47537473,736,False,observed_zero,True,7246,Naive3,L209225,1
L209225,Cisplatin,1,0.00015411,0,0.0,273,0.19486081,1129,False,observed_zero,True,6815,Naive3,L209225,1
L209225,CoCl2,1,0.00015411,0,0.0,320,0.22840828,1082,False,observed_zero,True,5134,Naive3,L209225,1
L209225,Dabrafenib,1,0.00015411,0,0.0,322,0.22983583,1080,False,observed_zero,True,6164,Naive3,L209225,1
L209225,Doxorubicin,1,0.00015411,0,0.0,406,0.289793,996,False,observed_zero,True,2832,Naive3,L209225,1
L209225,Trametinib,1,0.00015411,0,0.0,275,0.19628837,1127,False,observed_zero,True,8091,Naive3,L209225,1
L209664,Acid,1,0.00015411,0,0.0,666,0.47537473,736,False,observed_zero,True,7246,Naive3,L209664,4
L209664,Cisplatin,1,0.00015411,0,0.0,273,0.19486081,1129,False,observed_zero,True,6815,Naive3,L209664,4
L209664,CoCl2,1,0.00015411,0,0.0,320,0.22840828,1082,False,observed_zero,True,5134,Naive3,L209664,4
L209664,Dabrafenib,1,0.00015411,1,0.00016223,182,0.12990721,140,True,observed_nonzero,True,6164,Naive3,L209664,4
L209664,Doxorubicin,1,0.00015411,0,0.0,406,0.289793,996,False,observed_zero,True,2832,Naive3,L209664,4
L209664,Trametinib,1,0.00015411,0,0.0,275,0.19628837,1127,False,observed_zero,True,8091,Naive3,L209664,4
L210001,Acid,2,0.00030821,0,0.0,666,0.47537473,736,False,observed_zero,True,7246,Naive2,L210001,4
L210001,Cisplatin,2,0.00030821,1,0.00014674,110,0.07851535,163,True,observed_nonzero,True,6815,Naive2,L210001,4
L210001,CoCl2,2,0.00030821,1,0.00019478,179,0.12776588,141,True,observed_nonzero,True,5134,Naive2,L210001,4
L210001,Dabrafenib,2,0.00030821,0,0.0,322,0.22983583,1080,False,observed_zero,True,6164,Naive2,L210001,4
L210001,Doxorubicin,2,0.00030821,0,0.0,406,0.289793,996,False,observed_zero,True,2832,Naive2,L210001,4
L210001,Trametinib,2,0.00030821,0,0.0,275,0.19628837,1127,False,observed_zero,True,8091,Naive2,L210001,4
L210014,Acid,1,0.00015411,0,0.0,666,0.47537473,736,False,observed_zero,True,7246,Naive3,L210014,3
L210014,Cisplatin,1,0.00015411,0,0.0,273,0.19486081,1129,False,observed_zero,True,6815,Naive3,L210014,3
L210014,CoCl2,1,0.00015411,0,0.0,320,0.22840828,1082,False,observed_zero,True,5134,Naive3,L210014,3
L210014,Dabrafenib,1,0.00015411,0,0.0,322,0.22983583,1080,False,observed_zero,True,6164,Naive3,L210014,3
L210014,Doxorubicin,1,0.00015411,0,0.0,406,0.289793,996,False,observed_zero,True,2832,Naive3,L210014,3
L210014,Trametinib,1,0.00015411,0,0.0,275,0.19628837,1127,False,observed_zero,True,8091,Naive3,L210014,3
L210267,Acid,1,0.00015411,0,0.0,666,0.47537473,736,False,observed_zero,True,7246,Naive3,L210267,0
L210267,Cisplatin,1,0.00015411,0,0.0,273,0.19486081,1129,False,observed_zero,True,6815,Naive3,L210267,0
L210267,CoCl2,1,0.00015411,0,0.0,320,0.22840828,1082,False,observed_zero,True,5134,Naive3,L210267,0
L210267,Dabrafenib,1,0.00015411,0,0.0,322,0.22983583,1080,False,observed_zero,True,6164,Naive3,L210267,0
L210267,Doxorubicin,1,0.00015411,0,0.0,406,0.289793,996,False,observed_zero,True,2832,Naive3,L210267,0
L210267,Trametinib,1,0.00015411,0,0.0,275,0.19628837,1127,False,observed_zero,True,8091,Naive3,L210267,0
L210269,Acid,1,0.00015411,0,0.0,666,0.47537473,736,False,observed_zero,True,7246,Naive3,L210269,2
L210269,Cisplatin,1,0.00015411,0,0.0,273,0.19486081,1129,False,observed_zero,True,6815,Naive3,L210269,2
L210269,CoCl2,1,0.00015411,0,0.0,320,0.22840828,1082,False,observed_zero,True,5134,Naive3,L210269,2
L210269,Dabrafenib,1,0.00015411,0,0.0,322,0.22983583,1080,False,observed_zero,True,6164,Naive3,L210269,2
L210269,Doxorubicin,1,0.00015411,0,0.0,406,0.289793,996,False,observed_zero,True,2832,Naive3,L210269,2
L210269,Trametinib,1,0.00015411,0,0.0,275,0.19628837,1127,False,observed_zero,True,8091,Naive3,L210269,2
L210499,Acid,7,0.00107875,6,0.00082804,216,0.15417559,16,True,observed_nonzero,True,7246,Naive2|Naive3,L210499,1
L210499,Cisplatin,7,0.00107875,2791,0.40953778,1,0.00071378,1,True,observed_nonzero,True,6815,Naive2|Naive3,L210499,1
L210499,CoCl2,7,0.00107875,0,0.0,320,0.22840828,1082,False,observed_zero,True,5134,Naive2|Naive3,L210499,1
L210499,Dabrafenib,7,0.00107875,28,0.0045425,25,0.0178444,1,True,observed_nonzero,True,6164,Naive2|Naive3,L210499,1
L210499,Doxorubicin,7,0.00107875,0,0.0,406,0.289793,996,False,observed_zero,True,2832,Naive2|Naive3,L210499,1
L210499,Trametinib,7,0.00107875,8,0.00098875,64,0.04568166,3,True,observed_nonzero,True,8091,Naive2|Naive3,L210499,1
L210749,Acid,13,0.00200339,10,0.00138007,149,0.10635261,7,True,observed_nonzero,True,7246,Naive1|Naive2|Naive3,L210749,2
L210749,Cisplatin,13,0.00200339,0,0.0,273,0.19486081,1129,False,observed_zero,True,6815,Naive1|Naive2|Naive3,L210749,2
L210749,CoCl2,13,0.00200339,3,0.00058434,80,0.05710207,30,True,observed_nonzero,True,5134,Naive1|Naive2|Naive3,L210749,2
L210749,Dabrafenib,13,0.00200339,0,0.0,322,0.22983583,1080,False,observed_zero,True,6164,Naive1|Naive2|Naive3,L210749,2
L210749,Doxorubicin,13,0.00200339,0,0.0,406,0.289793,996,False,observed_zero,True,2832,Naive1|Naive2|Naive3,L210749,2
L210749,Trametinib,13,0.00200339,0,0.0,275,0.19628837,1127,False,observed_zero,True,8091,Naive1|Naive2|Naive3,L210749,2
L210870,Acid,1,0.00015411,0,0.0,666,0.47537473,736,False,observed_zero,True,7246,Naive1,L210870,2
L210870,Cisplatin,1,0.00015411,1,0.00014674,110,0.07851535,163,True,observed_nonzero,True,6815,Naive1,L210870,2
L210870,CoCl2,1,0.00015411,0,0.0,320,0.22840828,1082,False,observed_zero,True,5134,Naive1,L210870,2
L210870,Dabrafenib,1,0.00015411,0,0.0,322,0.22983583,1080,False,observed_zero,True,6164,Naive1,L210870,2
L210870,Doxorubicin,1,0.00015411,0,0.0,406,0.289793,996,False,observed_zero,True,2832,Naive1,L210870,2
L210870,Trametinib,1,0.00015411,0,0.0,275,0.19628837,1127,False,observed_zero,True,8091,Naive1,L210870,2
L210876,Acid,2,0.00030821,0,0.0,666,0.47537473,736,False,observed_zero,True,7246,Naive1|Naive3,L210876,2
L210876,Cisplatin,2,0.00030821,0,0.0,273,0.19486081,1129,False,observed_zero,True,6815,Naive1|Naive3,L210876,2
L210876,CoCl2,2,0.00030821,0,0.0,320,0.22840828,1082,False,observed_zero,True,5134,Naive1|Naive3,L210876,2
L210876,Dabrafenib,2,0.00030821,0,0.0,322,0.22983583,1080,False,observed_zero,True,6164,Naive1|Naive3,L210876,2
L210876,Doxorubicin,2,0.00030821,0,0.0,406,0.289793,996,False,observed_zero,True,2832,Naive1|Naive3,L210876,2
L210876,Trametinib,2,0.00030821,0,0.0,275,0.19628837,1127,False,observed_zero,True,8091,Naive1|Naive3,L210876,2
L210992,Acid,3,0.00046232,0,0.0,666,0.47537473,736,False,observed_zero,True,7246,Naive2|Naive3,L210992,1
L210992,Cisplatin,3,0.00046232,0,0.0,273,0.19486081,1129,False,observed_zero,True,6815,Naive2|Naive3,L210992,1
L210992,CoCl2,3,0.00046232,0,0.0,320,0.22840828,1082,False,observed_zero,True,5134,Naive2|Naive3,L210992,1
L210992,Dabrafenib,3,0.00046232,0,0.0,322,0.22983583,1080,False,observed_zero,True,6164,Naive2|Naive3,L210992,1
L210992,Doxorubicin,3,0.00046232,0,0.0,406,0.289793,996,False,observed_zero,True,2832,Naive2|Naive3,L210992,1
L210992,Trametinib,3,0.00046232,0,0.0,275,0.19628837,1127,False,observed_zero,True,8091,Naive2|Naive3,L210992,1
L211180,Acid,6,0.00092464,14,0.0019321,103,0.07351892,12,True,observed_nonzero,True,7246,Naive1|Naive2|Naive3,L211180,0
L211180,Cisplatin,6,0.00092464,1,0.00014674,110,0.07851535,163,True,observed_nonzero,True,6815,Naive1|Naive2|Naive3,L211180,0
L211180,CoCl2,6,0.00092464,8,0.00155824,25,0.0178444,5,True,observed_nonzero,True,5134,Naive1|Naive2|Naive3,L211180,0
L211180,Dabrafenib,6,0.00092464,0,0.0,322,0.22983583,1080,False,observed_zero,True,6164,Naive1|Naive2|Naive3,L211180,0
L211180,Doxorubicin,6,0.00092464,0,0.0,406,0.289793,996,False,observed_zero,True,2832,Naive1|Naive2|Naive3,L211180,0
L211180,Trametinib,6,0.00092464,1,0.00012359,161,0.11491792,114,True,observed_nonzero,True,8091,Naive1|Naive2|Naive3,L211180,0
L21123,Acid,2,0.00030821,0,0.0,666,0.47537473,736,False,observed_zero,True,7246,Naive1|Naive3,L21123,1
L21123,Cisplatin,2,0.00030821,0,0.0,273,0.19486081,1129,False,observed_zero,True,6815,Naive1|Naive3,L21123,1
L21123,CoCl2,2,0.00030821,0,0.0,320,0.22840828,1082,False,observed_zero,True,5134,Naive1|Naive3,L21123,1
L21123,Dabrafenib,2,0.00030821,0,0.0,322,0.22983583,1080,False,observed_zero,True,6164,Naive1|Naive3,L21123,1
L21123,Doxorubicin,2,0.00030821,1,0.00035311,218,0.15560314,188,True,observed_nonzero,True,2832,Naive1|Naive3,L21123,1
L21123,Trametinib,2,0.00030821,0,0.0,275,0.19628837,1127,False,observed_zero,True,8091,Naive1|Naive3,L21123,1
L211252,Acid,1,0.00015411,0,0.0,666,0.47537473,736,False,observed_zero,True,7246,Naive2,L211252,2
L211252,Cisplatin,1,0.00015411,0,0.0,273,0.19486081,1129,False,observed_zero,True,6815,Naive2,L211252,2
L211252,CoCl2,1,0.00015411,0,0.0,320,0.22840828,1082,False,observed_zero,True,5134,Naive2,L211252,2
L211252,Dabrafenib,1,0.00015411,0,0.0,322,0.22983583,1080,False,observed_zero,True,6164,Naive2,L211252,2
L211252,Doxorubicin,1,0.00015411,0,0.0,406,0.289793,996,False,observed_zero,True,2832,Naive2,L211252,2
L211252,Trametinib,1,0.00015411,0,0.0,275,0.19628837,1127,False,observed_zero,True,8091,Naive2,L211252,2
L211480,Acid,1,0.00015411,0,0.0,666,0.47537473,736,False,observed_zero,True,7246,Naive1,L211480,4
L211480,Cisplatin,1,0.00015411,0,0.0,273,0.19486081,1129,False,observed_zero,True,6815,Naive1,L211480,4
L211480,CoCl2,1,0.00015411,0,0.0,320,0.22840828,1082,False,observed_zero,True,5134,Naive1,L211480,4
L211480,Dabrafenib,1,0.00015411,0,0.0,322,0.22983583,1080,False,observed_zero,True,6164,Naive1,L211480,4
L211480,Doxorubicin,1,0.00015411,0,0.0,406,0.289793,996,False,observed_zero,True,2832,Naive1,L211480,4
L211480,Trametinib,1,0.00015411,0,0.0,275,0.19628837,1127,False,observed_zero,True,8091,Naive1,L211480,4
L211555,Acid,1,0.00015411,0,0.0,666,0.47537473,736,False,observed_zero,True,7246,Naive3,L211555,3
L211555,Cisplatin,1,0.00015411,0,0.0,273,0.19486081,1129,False,observed_zero,True,6815,Naive3,L211555,3
L211555,CoCl2,1,0.00015411,0,0.0,320,0.22840828,1082,False,observed_zero,True,5134,Naive3,L211555,3
L211555,Dabrafenib,1,0.00015411,0,0.0,322,0.22983583,1080,False,observed_zero,True,6164,Naive3,L211555,3
L211555,Doxorubicin,1,0.00015411,0,0.0,406,0.289793,996,False,observed_zero,True,2832,Naive3,L211555,3
L211555,Trametinib,1,0.00015411,0,0.0,275,0.19628837,1127,False,observed_zero,True,8091,Naive3,L211555,3
L211568,Acid,1,0.00015411,0,0.0,666,0.47537473,736,False,observed_zero,True,7246,Naive2,L211568,3
L211568,Cisplatin,1,0.00015411,0,0.0,273,0.19486081,1129,False,observed_zero,True,6815,Naive2,L211568,3
L211568,CoCl2,1,0.00015411,0,0.0,320,0.22840828,1082,False,observed_zero,True,5134,Naive2,L211568,3
L211568,Dabrafenib,1,0.00015411,0,0.0,322,0.22983583,1080,False,observed_zero,True,6164,Naive2,L211568,3
L211568,Doxorubicin,1,0.00015411,0,0.0,406,0.289793,996,False,observed_zero,True,2832,Naive2,L211568,3
L211568,Trametinib,1,0.00015411,0,0.0,275,0.19628837,1127,False,observed_zero,True,8091,Naive2,L211568,3
L21177,Acid,5,0.00077053,1,0.00013801,487,0.34760885,179,True,observed_nonzero,True,7246,Naive1|Naive2|Naive3,L21177,0
L21177,Cisplatin,5,0.00077053,1,0.00014674,110,0.07851535,163,True,observed_nonzero,True,6815,Naive1|Naive2|Naive3,L21177,0
L21177,CoCl2,5,0.00077053,2,0.00038956,110,0.07851535,69,True,observed_nonzero,True,5134,Naive1|Naive2|Naive3,L21177,0
L21177,Dabrafenib,5,0.00077053,0,0.0,322,0.22983583,1080,False,observed_zero,True,6164,Naive1|Naive2|Naive3,L21177,0
L21177,Doxorubicin,5,0.00077053,0,0.0,406,0.289793,996,False,observed_zero,True,2832,Naive1|Naive2|Naive3,L21177,0
L21177,Trametinib,5,0.00077053,0,0.0,275,0.19628837,1127,False,observed_zero,True,8091,Naive1|Naive2|Naive3,L21177,0
L211832,Acid,1,0.00015411,0,0.0,666,0.47537473,736,False,observed_zero,True,7246,Naive1,L211832,4
L211832,Cisplatin,1,0.00015411,0,0.0,273,0.19486081,1129,False,observed_zero,True,6815,Naive1,L211832,4
L211832,CoCl2,1,0.00015411,0,0.0,320,0.22840828,1082,False,observed_zero,True,5134,Naive1,L211832,4
L211832,Dabrafenib,1,0.00015411,0,0.0,322,0.22983583,1080,False,observed_zero,True,6164,Naive1,L211832,4
L211832,Doxorubicin,1,0.00015411,0,0.0,406,0.289793,996,False,observed_zero,True,2832,Naive1,L211832,4
L211832,Trametinib,1,0.00015411,0,0.0,275,0.19628837,1127,False,observed_zero,True,8091,Naive1,L211832,4
L211840,Acid,5,0.00077053,2,0.00027601,380,0.27123483,107,True,observed_nonzero,True,7246,Naive1|Naive2|Naive3,L211840,1
L211840,Cisplatin,5,0.00077053,0,0.0,273,0.19486081,1129,False,observed_zero,True,6815,Naive1|Naive2|Naive3,L211840,1
L211840,CoCl2,5,0.00077053,0,0.0,320,0.22840828,1082,False,observed_zero,True,5134,Naive1|Naive2|Naive3,L211840,1
L211840,Dabrafenib,5,0.00077053,0,0.0,322,0.22983583,1080,False,observed_zero,True,6164,Naive1|Naive2|Naive3,L211840,1
L211840,Doxorubicin,5,0.00077053,1,0.00035311,218,0.15560314,188,True,observed_nonzero,True,2832,Naive1|Naive2|Naive3,L211840,1
L211840,Trametinib,5,0.00077053,0,0.0,275,0.19628837,1127,False,observed_zero,True,8091,Naive1|Naive2|Naive3,L211840,1
L212182,Acid,2,0.00030821,0,0.0,666,0.47537473,736,False,observed_zero,True,7246,Naive3,L212182,3
L212182,Cisplatin,2,0.00030821,0,0.0,273,0.19486081,1129,False,observed_zero,True,6815,Naive3,L212182,3
L212182,CoCl2,2,0.00030821,0,0.0,320,0.22840828,1082,False,observed_zero,True,5134,Naive3,L212182,3
L212182,Dabrafenib,2,0.00030821,0,0.0,322,0.22983583,1080,False,observed_zero,True,6164,Naive3,L212182,3
L212182,Doxorubicin,2,0.00030821,0,0.0,406,0.289793,996,False,observed_zero,True,2832,Naive3,L212182,3
L212182,Trametinib,2,0.00030821,0,0.0,275,0.19628837,1127,False,observed_zero,True,8091,Naive3,L212182,3
L212210,Acid,8,0.00123286,0,0.0,666,0.47537473,736,False,observed_zero,True,7246,Naive2|Naive3,L212210,2
L212210,Cisplatin,8,0.00123286,11,0.00161409,9,0.00642398,2,True,observed_nonzero,True,6815,Naive2|Naive3,L212210,2
L212210,CoCl2,8,0.00123286,0,0.0,320,0.22840828,1082,False,observed_zero,True,5134,Naive2|Naive3,L212210,2
L212210,Dabrafenib,8,0.00123286,0,0.0,322,0.22983583,1080,False,observed_zero,True,6164,Naive2|Naive3,L212210,2
L212210,Doxorubicin,8,0.00123286,1,0.00035311,218,0.15560314,188,True,observed_nonzero,True,2832,Naive2|Naive3,L212210,2
L212210,Trametinib,8,0.00123286,0,0.0,275,0.19628837,1127,False,observed_zero,True,8091,Naive2|Naive3,L212210,2
L212295,Acid,1,0.00015411,0,0.0,666,0.47537473,736,False,observed_zero,True,7246,Naive1,L212295,0
L212295,Cisplatin,1,0.00015411,0,0.0,273,0.19486081,1129,False,observed_zero,True,6815,Naive1,L212295,0
L212295,CoCl2,1,0.00015411,1,0.00019478,179,0.12776588,141,True,observed_nonzero,True,5134,Naive1,L212295,0
L212295,Dabrafenib,1,0.00015411,0,0.0,322,0.22983583,1080,False,observed_zero,True,6164,Naive1,L212295,0
L212295,Doxorubicin,1,0.00015411,0,0.0,406,0.289793,996,False,observed_zero,True,2832,Naive1,L212295,0
L212295,Trametinib,1,0.00015411,0,0.0,275,0.19628837,1127,False,observed_zero,True,8091,Naive1,L212295,0
L212390,Acid,1,0.00015411,0,0.0,666,0.47537473,736,False,observed_zero,True,7246,Naive1,L212390,0
L212390,Cisplatin,1,0.00015411,0,0.0,273,0.19486081,1129,False,observed_zero,True,6815,Naive1,L212390,0
L212390,CoCl2,1,0.00015411,0,0.0,320,0.22840828,1082,False,observed_zero,True,5134,Naive1,L212390,0
L212390,Dabrafenib,1,0.00015411,0,0.0,322,0.22983583,1080,False,observed_zero,True,6164,Naive1,L212390,0
L212390,Doxorubicin,1,0.00015411,0,0.0,406,0.289793,996,False,observed_zero,True,2832,Naive1,L212390,0
L212390,Trametinib,1,0.00015411,0,0.0,275,0.19628837,1127,False,observed_zero,True,8091,Naive1,L212390,0
L212486,Acid,1,0.00015411,0,0.0,666,0.47537473,736,False,observed_zero,True,7246,Naive2,L212486,4
L212486,Cisplatin,1,0.00015411,0,0.0,273,0.19486081,1129,False,observed_zero,True,6815,Naive2,L212486,4
L212486,CoCl2,1,0.00015411,0,0.0,320,0.22840828,1082,False,observed_zero,True,5134,Naive2,L212486,4
L212486,Dabrafenib,1,0.00015411,0,0.0,322,0.22983583,1080,False,observed_zero,True,6164,Naive2,L212486,4
L212486,Doxorubicin,1,0.00015411,2,0.00070621,135,0.09635974,83,True,observed_nonzero,True,2832,Naive2,L212486,4
L212486,Trametinib,1,0.00015411,0,0.0,275,0.19628837,1127,False,observed_zero,True,8091,Naive2,L212486,4
L212617,Acid,9,0.00138696,0,0.0,666,0.47537473,736,False,observed_zero,True,7246,Naive1|Naive2|Naive3,L212617,1
L212617,Cisplatin,9,0.00138696,0,0.0,273,0.19486081,1129,False,observed_zero,True,6815,Naive1|Naive2|Naive3,L212617,1
L212617,CoCl2,9,0.00138696,1,0.00019478,179,0.12776588,141,True,observed_nonzero,True,5134,Naive1|Naive2|Naive3,L212617,1
L212617,Dabrafenib,9,0.00138696,1,0.00016223,182,0.12990721,140,True,observed_nonzero,True,6164,Naive1|Naive2|Naive3,L212617,1
L212617,Doxorubicin,9,0.00138696,0,0.0,406,0.289793,996,False,observed_zero,True,2832,Naive1|Naive2|Naive3,L212617,1
L212617,Trametinib,9,0.00138696,0,0.0,275,0.19628837,1127,False,observed_zero,True,8091,Naive1|Naive2|Naive3,L212617,1
L212632,Acid,1,0.00015411,0,0.0,666,0.47537473,736,False,observed_zero,True,7246,Naive3,L212632,0
L212632,Cisplatin,1,0.00015411,1,0.00014674,110,0.07851535,163,True,observed_nonzero,True,6815,Naive3,L212632,0
L212632,CoCl2,1,0.00015411,0,0.0,320,0.22840828,1082,False,observed_zero,True,5134,Naive3,L212632,0
L212632,Dabrafenib,1,0.00015411,0,0.0,322,0.22983583,1080,False,observed_zero,True,6164,Naive3,L212632,0
L212632,Doxorubicin,1,0.00015411,0,0.0,406,0.289793,996,False,observed_zero,True,2832,Naive3,L212632,0
L212632,Trametinib,1,0.00015411,0,0.0,275,0.19628837,1127,False,observed_zero,True,8091,Naive3,L212632,0
L212764,Acid,1,0.00015411,0,0.0,666,0.47537473,736,False,observed_zero,True,7246,Naive2,L212764,1
L212764,Cisplatin,1,0.00015411,0,0.0,273,0.19486081,1129,False,observed_zero,True,6815,Naive2,L212764,1
L212764,CoCl2,1,0.00015411,6,0.00116868,36,0.02569593,11,True,observed_nonzero,True,5134,Naive2,L212764,1
L212764,Dabrafenib,1,0.00015411,2,0.00032446,135,0.09635974,47,True,observed_nonzero,True,6164,Naive2,L212764,1
L212764,Doxorubicin,1,0.00015411,0,0.0,406,0.289793,996,False,observed_zero,True,2832,Naive2,L212764,1
L212764,Trametinib,1,0.00015411,1,0.00012359,161,0.11491792,114,True,observed_nonzero,True,8091,Naive2,L212764,1
L212929,Acid,16,0.00246571,20,0.00276014,75,0.05353319,3,True,observed_nonzero,True,7246,Naive1|Naive2|Naive3,L212929,4
L212929,Cisplatin,16,0.00246571,0,0.0,273,0.19486081,1129,False,observed_zero,True,6815,Naive1|Naive2|Naive3,L212929,4
L212929,CoCl2,16,0.00246571,0,0.0,320,0.22840828,1082,False,observed_zero,True,5134,Naive1|Naive2|Naive3,L212929,4
L212929,Dabrafenib,16,0.00246571,8,0.00129786,69,0.04925054,3,True,observed_nonzero,True,6164,Naive1|Naive2|Naive3,L212929,4
L212929,Doxorubicin,16,0.00246571,1,0.00035311,218,0.15560314,188,True,observed_nonzero,True,2832,Naive1|Naive2|Naive3,L212929,4
L212929,Trametinib,16,0.00246571,16,0.00197751,33,0.0235546,4,True,observed_nonzero,True,8091,Naive1|Naive2|Naive3,L212929,4
L213774,Acid,1,0.00015411,4,0.00055203,267,0.19057816,51,True,observed_nonzero,True,7246,Naive3,L213774,0
L213774,Cisplatin,1,0.00015411,0,0.0,273,0.19486081,1129,False,observed_zero,True,6815,Naive3,L213774,0
L213774,CoCl2,1,0.00015411,0,0.0,320,0.22840828,1082,False,observed_zero,True,5134,Naive3,L213774,0
L213774,Dabrafenib,1,0.00015411,0,0.0,322,0.22983583,1080,False,observed_zero,True,6164,Naive3,L213774,0
L213774,Doxorubicin,1,0.00015411,0,0.0,406,0.289793,996,False,observed_zero,True,2832,Naive3,L213774,0
L213774,Trametinib,1,0.00015411,0,0.0,275,0.19628837,1127,False,observed_zero,True,8091,Naive3,L213774,0
L213816,Acid,1,0.00015411,0,0.0,666,0.47537473,736,False,observed_zero,True,7246,Naive3,L213816,3
L213816,Cisplatin,1,0.00015411,0,0.0,273,0.19486081,1129,False,observed_zero,True,6815,Naive3,L213816,3
L213816,CoCl2,1,0.00015411,0,0.0,320,0.22840828,1082,False,observed_zero,True,5134,Naive3,L213816,3
L213816,Dabrafenib,1,0.00015411,0,0.0,322,0.22983583,1080,False,observed_zero,True,6164,Naive3,L213816,3
L213816,Doxorubicin,1,0.00015411,0,0.0,406,0.289793,996,False,observed_zero,True,2832,Naive3,L213816,3
L213816,Trametinib,1,0.00015411,0,0.0,275,0.19628837,1127,False,observed_zero,True,8091,Naive3,L213816,3
L213986,Acid,4,0.00061643,4,0.00055203,267,0.19057816,51,True,observed_nonzero,True,7246,Naive2|Naive3,L213986,3
L213986,Cisplatin,4,0.00061643,1,0.00014674,110,0.07851535,163,True,observed_nonzero,True,6815,Naive2|Naive3,L213986,3
L213986,CoCl2,4,0.00061643,2,0.00038956,110,0.07851535,69,True,observed_nonzero,True,5134,Naive2|Naive3,L213986,3
L213986,Dabrafenib,4,0.00061643,4,0.00064893,100,0.07137759,13,True,observed_nonzero,True,6164,Naive2|Naive3,L213986,3
L213986,Doxorubicin,4,0.00061643,1,0.00035311,218,0.15560314,188,True,observed_nonzero,True,2832,Naive2|Naive3,L213986,3
L213986,Trametinib,4,0.00061643,9,0.00111235,57,0.04068522,7,True,observed_nonzero,True,8091,Naive2|Naive3,L213986,3
L214021,Acid,4,0.00061643,0,0.0,666,0.47537473,736,False,observed_zero,True,7246,Naive1|Naive3,L214021,2
L214021,Cisplatin,4,0.00061643,0,0.0,273,0.19486081,1129,False,observed_zero,True,6815,Naive1|Naive3,L214021,2
L214021,CoCl2,4,0.00061643,0,0.0,320,0.22840828,1082,False,observed_zero,True,5134,Naive1|Naive3,L214021,2
L214021,Dabrafenib,4,0.00061643,0,0.0,322,0.22983583,1080,False,observed_zero,True,6164,Naive1|Naive3,L214021,2
L214021,Doxorubicin,4,0.00061643,0,0.0,406,0.289793,996,False,observed_zero,True,2832,Naive1|Naive3,L214021,2
L214021,Trametinib,4,0.00061643,0,0.0,275,0.19628837,1127,False,observed_zero,True,8091,Naive1|Naive3,L214021,2
L214973,Acid,22,0.00339035,14,0.0019321,103,0.07351892,12,True,observed_nonzero,True,7246,Naive1|Naive2|Naive3,L214973,2
L214973,Cisplatin,22,0.00339035,5,0.00073368,18,0.01284797,5,True,observed_nonzero,True,6815,Naive1|Naive2|Naive3,L214973,2
L214973,CoCl2,22,0.00339035,2,0.00038956,110,0.07851535,69,True,observed_nonzero,True,5134,Naive1|Naive2|Naive3,L214973,2
L214973,Dabrafenib,22,0.00339035,7,0.00113563,72,0.05139186,8,True,observed_nonzero,True,6164,Naive1|Naive2|Naive3,L214973,2
L214973,Doxorubicin,22,0.00339035,0,0.0,406,0.289793,996,False,observed_zero,True,2832,Naive1|Naive2|Naive3,L214973,2
L214973,Trametinib,22,0.00339035,12,0.00148313,42,0.02997859,4,True,observed_nonzero,True,8091,Naive1|Naive2|Naive3,L214973,2
L215117,Acid,1,0.00015411,0,0.0,666,0.47537473,736,False,observed_zero,True,7246,Naive1,L215117,0
L215117,Cisplatin,1,0.00015411,0,0.0,273,0.19486081,1129,False,observed_zero,True,6815,Naive1,L215117,0
L215117,CoCl2,1,0.00015411,0,0.0,320,0.22840828,1082,False,observed_zero,True,5134,Naive1,L215117,0
L215117,Dabrafenib,1,0.00015411,0,0.0,322,0.22983583,1080,False,observed_zero,True,6164,Naive1,L215117,0
L215117,Doxorubicin,1,0.00015411,0,0.0,406,0.289793,996,False,observed_zero,True,2832,Naive1,L215117,0
L215117,Trametinib,1,0.00015411,0,0.0,275,0.19628837,1127,False,observed_zero,True,8091,Naive1,L215117,0
L215362,Acid,2,0.00030821,0,0.0,666,0.47537473,736,False,observed_zero,True,7246,Naive1,L215362,2
L215362,Cisplatin,2,0.00030821,0,0.0,273,0.19486081,1129,False,observed_zero,True,6815,Naive1,L215362,2
L215362,CoCl2,2,0.00030821,0,0.0,320,0.22840828,1082,False,observed_zero,True,5134,Naive1,L215362,2
L215362,Dabrafenib,2,0.00030821,0,0.0,322,0.22983583,1080,False,observed_zero,True,6164,Naive1,L215362,2
L215362,Doxorubicin,2,0.00030821,0,0.0,406,0.289793,996,False,observed_zero,True,2832,Naive1,L215362,2
L215362,Trametinib,2,0.00030821,0,0.0,275,0.19628837,1127,False,observed_zero,True,8091,Naive1,L215362,2
L215374,Acid,1,0.00015411,0,0.0,666,0.47537473,736,False,observed_zero,True,7246,Naive3,L215374,3
L215374,Cisplatin,1,0.00015411,0,0.0,273,0.19486081,1129,False,observed_zero,True,6815,Naive3,L215374,3
L215374,CoCl2,1,0.00015411,0,0.0,320,0.22840828,1082,False,observed_zero,True,5134,Naive3,L215374,3
L215374,Dabrafenib,1,0.00015411,0,0.0,322,0.22983583,1080,False,observed_zero,True,6164,Naive3,L215374,3
L215374,Doxorubicin,1,0.00015411,0,0.0,406,0.289793,996,False,observed_zero,True,2832,Naive3,L215374,3
L215374,Trametinib,1,0.00015411,0,0.0,275,0.19628837,1127,False,observed_zero,True,8091,Naive3,L215374,3
L215425,Acid,1,0.00015411,0,0.0,666,0.47537473,736,False,observed_zero,True,7246,Naive3,L215425,4
L215425,Cisplatin,1,0.00015411,0,0.0,273,0.19486081,1129,False,observed_zero,True,6815,Naive3,L215425,4
L215425,CoCl2,1,0.00015411,0,0.0,320,0.22840828,1082,False,observed_zero,True,5134,Naive3,L215425,4
L215425,Dabrafenib,1,0.00015411,1,0.00016223,182,0.12990721,140,True,observed_nonzero,True,6164,Naive3,L215425,4
L215425,Doxorubicin,1,0.00015411,0,0.0,406,0.289793,996,False,observed_zero,True,2832,Naive3,L215425,4
L215425,Trametinib,1,0.00015411,0,0.0,275,0.19628837,1127,False,observed_zero,True,8091,Naive3,L215425,4
L215992,Acid,5,0.00077053,1,0.00013801,487,0.34760885,179,True,observed_nonzero,True,7246,Naive1|Naive2|Naive3,L215992,0
L215992,Cisplatin,5,0.00077053,0,0.0,273,0.19486081,1129,False,observed_zero,True,6815,Naive1|Naive2|Naive3,L215992,0
L215992,CoCl2,5,0.00077053,0,0.0,320,0.22840828,1082,False,observed_zero,True,5134,Naive1|Naive2|Naive3,L215992,0
L215992,Dabrafenib,5,0.00077053,0,0.0,322,0.22983583,1080,False,observed_zero,True,6164,Naive1|Naive2|Naive3,L215992,0
L215992,Doxorubicin,5,0.00077053,0,0.0,406,0.289793,996,False,observed_zero,True,2832,Naive1|Naive2|Naive3,L215992,0
L215992,Trametinib,5,0.00077053,0,0.0,275,0.19628837,1127,False,observed_zero,True,8091,Naive1|Naive2|Naive3,L215992,0
L216346,Acid,6,0.00092464,0,0.0,666,0.47537473,736,False,observed_zero,True,7246,Naive1|Naive2|Naive3,L216346,3
L216346,Cisplatin,6,0.00092464,0,0.0,273,0.19486081,1129,False,observed_zero,True,6815,Naive1|Naive2|Naive3,L216346,3
L216346,CoCl2,6,0.00092464,0,0.0,320,0.22840828,1082,False,observed_zero,True,5134,Naive1|Naive2|Naive3,L216346,3
L216346,Dabrafenib,6,0.00092464,1,0.00016223,182,0.12990721,140,True,observed_nonzero,True,6164,Naive1|Naive2|Naive3,L216346,3
L216346,Doxorubicin,6,0.00092464,0,0.0,406,0.289793,996,False,observed_zero,True,2832,Naive1|Naive2|Naive3,L216346,3
L216346,Trametinib,6,0.00092464,0,0.0,275,0.19628837,1127,False,observed_zero,True,8091,Naive1|Naive2|Naive3,L216346,3
L216554,Acid,1,0.00015411,1,0.00013801,487,0.34760885,179,True,observed_nonzero,True,7246,Naive3,L216554,2
L216554,Cisplatin,1,0.00015411,0,0.0,273,0.19486081,1129,False,observed_zero,True,6815,Naive3,L216554,2
L216554,CoCl2,1,0.00015411,0,0.0,320,0.22840828,1082,False,observed_zero,True,5134,Naive3,L216554,2
L216554,Dabrafenib,1,0.00015411,0,0.0,322,0.22983583,1080,False,observed_zero,True,6164,Naive3,L216554,2
L216554,Doxorubicin,1,0.00015411,1,0.00035311,218,0.15560314,188,True,observed_nonzero,True,2832,Naive3,L216554,2
L216554,Trametinib,1,0.00015411,0,0.0,275,0.19628837,1127,False,observed_zero,True,8091,Naive3,L216554,2
L216702,Acid,21,0.00323625,26,0.00358819,53,0.03783012,4,True,observed_nonzero,True,7246,Naive1|Naive2|Naive3,L216702,2
L216702,Cisplatin,21,0.00323625,0,0.0,273,0.19486081,1129,False,observed_zero,True,6815,Naive1|Naive2|Naive3,L216702,2
L216702,CoCl2,21,0.00323625,4,0.00077912,63,0.04496788,17,True,observed_nonzero,True,5134,Naive1|Naive2|Naive3,L216702,2
L216702,Dabrafenib,21,0.00323625,0,0.0,322,0.22983583,1080,False,observed_zero,True,6164,Naive1|Naive2|Naive3,L216702,2
L216702,Doxorubicin,21,0.00323625,1,0.00035311,218,0.15560314,188,True,observed_nonzero,True,2832,Naive1|Naive2|Naive3,L216702,2
L216702,Trametinib,21,0.00323625,0,0.0,275,0.19628837,1127,False,observed_zero,True,8091,Naive1|Naive2|Naive3,L216702,2
L217032,Acid,3,0.00046232,0,0.0,666,0.47537473,736,False,observed_zero,True,7246,Naive1|Naive3,L217032,0
L217032,Cisplatin,3,0.00046232,0,0.0,273,0.19486081,1129,False,observed_zero,True,6815,Naive1|Naive3,L217032,0
L217032,CoCl2,3,0.00046232,0,0.0,320,0.22840828,1082,False,observed_zero,True,5134,Naive1|Naive3,L217032,0
L217032,Dabrafenib,3,0.00046232,0,0.0,322,0.22983583,1080,False,observed_zero,True,6164,Naive1|Naive3,L217032,0
L217032,Doxorubicin,3,0.00046232,0,0.0,406,0.289793,996,False,observed_zero,True,2832,Naive1|Naive3,L217032,0
L217032,Trametinib,3,0.00046232,0,0.0,275,0.19628837,1127,False,observed_zero,True,8091,Naive1|Naive3,L217032,0
L21716,Acid,3,0.00046232,4,0.00055203,267,0.19057816,51,True,observed_nonzero,True,7246,Naive2,L21716,4
L21716,Cisplatin,3,0.00046232,0,0.0,273,0.19486081,1129,False,observed_zero,True,6815,Naive2,L21716,4
L21716,CoCl2,3,0.00046232,1,0.00019478,179,0.12776588,141,True,observed_nonzero,True,5134,Naive2,L21716,4
L21716,Dabrafenib,3,0.00046232,12,0.00194679,48,0.03426124,2,True,observed_nonzero,True,6164,Naive2,L21716,4
L21716,Doxorubicin,3,0.00046232,2,0.00070621,135,0.09635974,83,True,observed_nonzero,True,2832,Naive2,L21716,4
L21716,Trametinib,3,0.00046232,3,0.00037078,100,0.07137759,24,True,observed_nonzero,True,8091,Naive2,L21716,4
L217371,Acid,3,0.00046232,1,0.00013801,487,0.34760885,179,True,observed_nonzero,True,7246,Naive1|Naive2|Naive3,L217371,2
L217371,Cisplatin,3,0.00046232,0,0.0,273,0.19486081,1129,False,observed_zero,True,6815,Naive1|Naive2|Naive3,L217371,2
L217371,CoCl2,3,0.00046232,2,0.00038956,110,0.07851535,69,True,observed_nonzero,True,5134,Naive1|Naive2|Naive3,L217371,2
L217371,Dabrafenib,3,0.00046232,1,0.00016223,182,0.12990721,140,True,observed_nonzero,True,6164,Naive1|Naive2|Naive3,L217371,2
L217371,Doxorubicin,3,0.00046232,0,0.0,406,0.289793,996,False,observed_zero,True,2832,Naive1|Naive2|Naive3,L217371,2
L217371,Trametinib,3,0.00046232,0,0.0,275,0.19628837,1127,False,observed_zero,True,8091,Naive1|Naive2|Naive3,L217371,2
L217518,Acid,1,0.00015411,0,0.0,666,0.47537473,736,False,observed_zero,True,7246,Naive2,L217518,3
L217518,Cisplatin,1,0.00015411,0,0.0,273,0.19486081,1129,False,observed_zero,True,6815,Naive2,L217518,3
L217518,CoCl2,1,0.00015411,0,0.0,320,0.22840828,1082,False,observed_zero,True,5134,Naive2,L217518,3
L217518,Dabrafenib,1,0.00015411,0,0.0,322,0.22983583,1080,False,observed_zero,True,6164,Naive2,L217518,3
L217518,Doxorubicin,1,0.00015411,0,0.0,406,0.289793,996,False,observed_zero,True,2832,Naive2,L217518,3
L217518,Trametinib,1,0.00015411,0,0.0,275,0.19628837,1127,False,observed_zero,True,8091,Naive2,L217518,3
L217633,Acid,1,0.00015411,0,0.0,666,0.47537473,736,False,observed_zero,True,7246,Naive2,L217633,2
L217633,Cisplatin,1,0.00015411,0,0.0,273,0.19486081,1129,False,observed_zero,True,6815,Naive2,L217633,2
L217633,CoCl2,1,0.00015411,0,0.0,320,0.22840828,1082,False,observed_zero,True,5134,Naive2,L217633,2
L217633,Dabrafenib,1,0.00015411,0,0.0,322,0.22983583,1080,False,observed_zero,True,6164,Naive2,L217633,2
L217633,Doxorubicin,1,0.00015411,0,0.0,406,0.289793,996,False,observed_zero,True,2832,Naive2,L217633,2
L217633,Trametinib,1,0.00015411,0,0.0,275,0.19628837,1127,False,observed_zero,True,8091,Naive2,L217633,2
L21782,Acid,5,0.00077053,2,0.00027601,380,0.27123483,107,True,observed_nonzero,True,7246,Naive2|Naive3,L21782,2
L21782,Cisplatin,5,0.00077053,0,0.0,273,0.19486081,1129,False,observed_zero,True,6815,Naive2|Naive3,L21782,2
L21782,CoCl2,5,0.00077053,1,0.00019478,179,0.12776588,141,True,observed_nonzero,True,5134,Naive2|Naive3,L21782,2
L21782,Dabrafenib,5,0.00077053,0,0.0,322,0.22983583,1080,False,observed_zero,True,6164,Naive2|Naive3,L21782,2
L21782,Doxorubicin,5,0.00077053,0,0.0,406,0.289793,996,False,observed_zero,True,2832,Naive2|Naive3,L21782,2
L21782,Trametinib,5,0.00077053,6,0.00074156,76,0.05424697,9,True,observed_nonzero,True,8091,Naive2|Naive3,L21782,2
L218039,Acid,1,0.00015411,0,0.0,666,0.47537473,736,False,observed_zero,True,7246,Naive3,L218039,1
L218039,Cisplatin,1,0.00015411,0,0.0,273,0.19486081,1129,False,observed_zero,True,6815,Naive3,L218039,1
L218039,CoCl2,1,0.00015411,0,0.0,320,0.22840828,1082,False,observed_zero,True,5134,Naive3,L218039,1
L218039,Dabrafenib,1,0.00015411,0,0.0,322,0.22983583,1080,False,observed_zero,True,6164,Naive3,L218039,1
L218039,Doxorubicin,1,0.00015411,0,0.0,406,0.289793,996,False,observed_zero,True,2832,Naive3,L218039,1
L218039,Trametinib,1,0.00015411,0,0.0,275,0.19628837,1127,False,observed_zero,True,8091,Naive3,L218039,1
L218300,Acid,3,0.00046232,5,0.00069004,232,0.165596,35,True,observed_nonzero,True,7246,Naive1|Naive2|Naive3,L218300,0
L218300,Cisplatin,3,0.00046232,1,0.00014674,110,0.07851535,163,True,observed_nonzero,True,6815,Naive1|Naive2|Naive3,L218300,0
L218300,CoCl2,3,0.00046232,0,0.0,320,0.22840828,1082,False,observed_zero,True,5134,Naive1|Naive2|Naive3,L218300,0
L218300,Dabrafenib,3,0.00046232,1,0.00016223,182,0.12990721,140,True,observed_nonzero,True,6164,Naive1|Naive2|Naive3,L218300,0
L218300,Doxorubicin,3,0.00046232,0,0.0,406,0.289793,996,False,observed_zero,True,2832,Naive1|Naive2|Naive3,L218300,0
L218300,Trametinib,3,0.00046232,1,0.00012359,161,0.11491792,114,True,observed_nonzero,True,8091,Naive1|Naive2|Naive3,L218300,0
L218518,Acid,6,0.00092464,2,0.00027601,380,0.27123483,107,True,observed_nonzero,True,7246,Naive3,L218518,2
L218518,Cisplatin,6,0.00092464,1,0.00014674,110,0.07851535,163,True,observed_nonzero,True,6815,Naive3,L218518,2
L218518,CoCl2,6,0.00092464,1,0.00019478,179,0.12776588,141,True,observed_nonzero,True,5134,Naive3,L218518,2
L218518,Dabrafenib,6,0.00092464,0,0.0,322,0.22983583,1080,False,observed_zero,True,6164,Naive3,L218518,2
L218518,Doxorubicin,6,0.00092464,0,0.0,406,0.289793,996,False,observed_zero,True,2832,Naive3,L218518,2
L218518,Trametinib,6,0.00092464,0,0.0,275,0.19628837,1127,False,observed_zero,True,8091,Naive3,L218518,2
L219307,Acid,78,0.01202034,40,0.00552029,31,0.02212705,5,True,observed_nonzero,True,7246,Naive1|Naive2|Naive3,L219307,3
L219307,Cisplatin,78,0.01202034,0,0.0,273,0.19486081,1129,False,observed_zero,True,6815,Naive1|Naive2|Naive3,L219307,3
L219307,CoCl2,78,0.01202034,0,0.0,320,0.22840828,1082,False,observed_zero,True,5134,Naive1|Naive2|Naive3,L219307,3
L219307,Dabrafenib,78,0.01202034,5,0.00081116,91,0.0649536,9,True,observed_nonzero,True,6164,Naive1|Naive2|Naive3,L219307,3
L219307,Doxorubicin,78,0.01202034,14,0.0049435,13,0.00927909,2,True,observed_nonzero,True,2832,Naive1|Naive2|Naive3,L219307,3
L219307,Trametinib,78,0.01202034,7,0.00086516,67,0.04782298,9,True,observed_nonzero,True,8091,Naive1|Naive2|Naive3,L219307,3
L21964,Acid,1,0.00015411,0,0.0,666,0.47537473,736,False,observed_zero,True,7246,Naive3,L21964,2
L21964,Cisplatin,1,0.00015411,0,0.0,273,0.19486081,1129,False,observed_zero,True,6815,Naive3,L21964,2
L21964,CoCl2,1,0.00015411,0,0.0,320,0.22840828,1082,False,observed_zero,True,5134,Naive3,L21964,2
L21964,Dabrafenib,1,0.00015411,0,0.0,322,0.22983583,1080,False,observed_zero,True,6164,Naive3,L21964,2
L21964,Doxorubicin,1,0.00015411,0,0.0,406,0.289793,996,False,observed_zero,True,2832,Naive3,L21964,2
L21964,Trametinib,1,0.00015411,0,0.0,275,0.19628837,1127,False,observed_zero,True,8091,Naive3,L21964,2
L220288,Acid,1,0.00015411,1,0.00013801,487,0.34760885,179,True,observed_nonzero,True,7246,Naive1,L220288,4
L220288,Cisplatin,1,0.00015411,0,0.0,273,0.19486081,1129,False,observed_zero,True,6815,Naive1,L220288,4
L220288,CoCl2,1,0.00015411,0,0.0,320,0.22840828,1082,False,observed_zero,True,5134,Naive1,L220288,4
L220288,Dabrafenib,1,0.00015411,0,0.0,322,0.22983583,1080,False,observed_zero,True,6164,Naive1,L220288,4
L220288,Doxorubicin,1,0.00015411,0,0.0,406,0.289793,996,False,observed_zero,True,2832,Naive1,L220288,4
L220288,Trametinib,1,0.00015411,0,0.0,275,0.19628837,1127,False,observed_zero,True,8091,Naive1,L220288,4
L220437,Acid,1,0.00015411,0,0.0,666,0.47537473,736,False,observed_zero,True,7246,Naive3,L220437,4
L220437,Cisplatin,1,0.00015411,0,0.0,273,0.19486081,1129,False,observed_zero,True,6815,Naive3,L220437,4
L220437,CoCl2,1,0.00015411,0,0.0,320,0.22840828,1082,False,observed_zero,True,5134,Naive3,L220437,4
L220437,Dabrafenib,1,0.00015411,0,0.0,322,0.22983583,1080,False,observed_zero,True,6164,Naive3,L220437,4
L220437,Doxorubicin,1,0.00015411,0,0.0,406,0.289793,996,False,observed_zero,True,2832,Naive3,L220437,4
L220437,Trametinib,1,0.00015411,0,0.0,275,0.19628837,1127,False,observed_zero,True,8091,Naive3,L220437,4
L220469,Acid,1,0.00015411,0,0.0,666,0.47537473,736,False,observed_zero,True,7246,Naive2,L220469,0
L220469,Cisplatin,1,0.00015411,0,0.0,273,0.19486081,1129,False,observed_zero,True,6815,Naive2,L220469,0
L220469,CoCl2,1,0.00015411,0,0.0,320,0.22840828,1082,False,observed_zero,True,5134,Naive2,L220469,0
L220469,Dabrafenib,1,0.00015411,0,0.0,322,0.22983583,1080,False,observed_zero,True,6164,Naive2,L220469,0
L220469,Doxorubicin,1,0.00015411,0,0.0,406,0.289793,996,False,observed_zero,True,2832,Naive2,L220469,0
L220469,Trametinib,1,0.00015411,0,0.0,275,0.19628837,1127,False,observed_zero,True,8091,Naive2,L220469,0
L220884,Acid,1,0.00015411,0,0.0,666,0.47537473,736,False,observed_zero,True,7246,Naive1,L220884,2
L220884,Cisplatin,1,0.00015411,0,0.0,273,0.19486081,1129,False,observed_zero,True,6815,Naive1,L220884,2
L220884,CoCl2,1,0.00015411,0,0.0,320,0.22840828,1082,False,observed_zero,True,5134,Naive1,L220884,2
L220884,Dabrafenib,1,0.00015411,0,0.0,322,0.22983583,1080,False,observed_zero,True,6164,Naive1,L220884,2
L220884,Doxorubicin,1,0.00015411,0,0.0,406,0.289793,996,False,observed_zero,True,2832,Naive1,L220884,2
L220884,Trametinib,1,0.00015411,0,0.0,275,0.19628837,1127,False,observed_zero,True,8091,Naive1,L220884,2
L22093,Acid,2,0.00030821,1,0.00013801,487,0.34760885,179,True,observed_nonzero,True,7246,Naive3,L22093,4
L22093,Cisplatin,2,0.00030821,0,0.0,273,0.19486081,1129,False,observed_zero,True,6815,Naive3,L22093,4
L22093,CoCl2,2,0.00030821,0,0.0,320,0.22840828,1082,False,observed_zero,True,5134,Naive3,L22093,4
L22093,Dabrafenib,2,0.00030821,0,0.0,322,0.22983583,1080,False,observed_zero,True,6164,Naive3,L22093,4
L22093,Doxorubicin,2,0.00030821,0,0.0,406,0.289793,996,False,observed_zero,True,2832,Naive3,L22093,4
L22093,Trametinib,2,0.00030821,0,0.0,275,0.19628837,1127,False,observed_zero,True,8091,Naive3,L22093,4
L221726,Acid,3,0.00046232,3,0.00041402,318,0.22698073,62,True,observed_nonzero,True,7246,Naive1|Naive2,L221726,1
L221726,Cisplatin,3,0.00046232,1,0.00014674,110,0.07851535,163,True,observed_nonzero,True,6815,Naive1|Naive2,L221726,1
L221726,CoCl2,3,0.00046232,0,0.0,320,0.22840828,1082,False,observed_zero,True,5134,Naive1|Naive2,L221726,1
L221726,Dabrafenib,3,0.00046232,0,0.0,322,0.22983583,1080,False,observed_zero,True,6164,Naive1|Naive2,L221726,1
L221726,Doxorubicin,3,0.00046232,1,0.00035311,218,0.15560314,188,True,observed_nonzero,True,2832,Naive1|Naive2,L221726,1
L221726,Trametinib,3,0.00046232,0,0.0,275,0.19628837,1127,False,observed_zero,True,8091,Naive1|Naive2,L221726,1
L221983,Acid,4,0.00061643,6,0.00082804,216,0.15417559,16,True,observed_nonzero,True,7246,Naive1|Naive2|Naive3,L221983,3
L221983,Cisplatin,4,0.00061643,1,0.00014674,110,0.07851535,163,True,observed_nonzero,True,6815,Naive1|Naive2|Naive3,L221983,3
L221983,CoCl2,4,0.00061643,0,0.0,320,0.22840828,1082,False,observed_zero,True,5134,Naive1|Naive2|Naive3,L221983,3
L221983,Dabrafenib,4,0.00061643,3,0.0004867,113,0.08065667,22,True,observed_nonzero,True,6164,Naive1|Naive2|Naive3,L221983,3
L221983,Doxorubicin,4,0.00061643,0,0.0,406,0.289793,996,False,observed_zero,True,2832,Naive1|Naive2|Naive3,L221983,3
L221983,Trametinib,4,0.00061643,0,0.0,275,0.19628837,1127,False,observed_zero,True,8091,Naive1|Naive2|Naive3,L221983,3
L222674,Acid,1,0.00015411,0,0.0,666,0.47537473,736,False,observed_zero,True,7246,Naive2,L222674,1
L222674,Cisplatin,1,0.00015411,0,0.0,273,0.19486081,1129,False,observed_zero,True,6815,Naive2,L222674,1
L222674,CoCl2,1,0.00015411,0,0.0,320,0.22840828,1082,False,observed_zero,True,5134,Naive2,L222674,1
L222674,Dabrafenib,1,0.00015411,2,0.00032446,135,0.09635974,47,True,observed_nonzero,True,6164,Naive2,L222674,1
L222674,Doxorubicin,1,0.00015411,0,0.0,406,0.289793,996,False,observed_zero,True,2832,Naive2,L222674,1
L222674,Trametinib,1,0.00015411,0,0.0,275,0.19628837,1127,False,observed_zero,True,8091,Naive2,L222674,1
L22281,Acid,1,0.00015411,0,0.0,666,0.47537473,736,False,observed_zero,True,7246,Naive3,L22281,0
L22281,Cisplatin,1,0.00015411,0,0.0,273,0.19486081,1129,False,observed_zero,True,6815,Naive3,L22281,0
L22281,CoCl2,1,0.00015411,0,0.0,320,0.22840828,1082,False,observed_zero,True,5134,Naive3,L22281,0
L22281,Dabrafenib,1,0.00015411,0,0.0,322,0.22983583,1080,False,observed_zero,True,6164,Naive3,L22281,0
L22281,Doxorubicin,1,0.00015411,1,0.00035311,218,0.15560314,188,True,observed_nonzero,True,2832,Naive3,L22281,0
L22281,Trametinib,1,0.00015411,1,0.00012359,161,0.11491792,114,True,observed_nonzero,True,8091,Naive3,L22281,0
L222867,Acid,24,0.00369857,13,0.00179409,115,0.08208423,9,True,observed_nonzero,True,7246,Naive1|Naive2|Naive3,L222867,4
L222867,Cisplatin,24,0.00369857,3,0.00044021,37,0.02640971,23,True,observed_nonzero,True,6815,Naive1|Naive2|Naive3,L222867,4
L222867,CoCl2,24,0.00369857,17,0.00331126,8,0.00571021,2,True,observed_nonzero,True,5134,Naive1|Naive2|Naive3,L222867,4
L222867,Dabrafenib,24,0.00369857,1,0.00016223,182,0.12990721,140,True,observed_nonzero,True,6164,Naive1|Naive2|Naive3,L222867,4
L222867,Doxorubicin,24,0.00369857,3,0.00105932,96,0.06852248,39,True,observed_nonzero,True,2832,Naive1|Naive2|Naive3,L222867,4
L222867,Trametinib,24,0.00369857,0,0.0,275,0.19628837,1127,False,observed_zero,True,8091,Naive1|Naive2|Naive3,L222867,4
L223068,Acid,23,0.00354446,464,0.06403533,1,0.00071378,1,True,observed_nonzero,True,7246,Naive1|Naive2|Naive3,L223068,0
L223068,Cisplatin,23,0.00354446,2,0.00029347,60,0.04282655,50,True,observed_nonzero,True,6815,Naive1|Naive2|Naive3,L223068,0
L223068,CoCl2,23,0.00354446,5,0.0009739,47,0.03354747,16,True,observed_nonzero,True,5134,Naive1|Naive2|Naive3,L223068,0
L223068,Dabrafenib,23,0.00354446,13,0.00210902,46,0.03283369,2,True,observed_nonzero,True,6164,Naive1|Naive2|Naive3,L223068,0
L223068,Doxorubicin,23,0.00354446,12,0.00423729,19,0.01356174,3,True,observed_nonzero,True,2832,Naive1|Naive2|Naive3,L223068,0
L223068,Trametinib,23,0.00354446,9,0.00111235,57,0.04068522,7,True,observed_nonzero,True,8091,Naive1|Naive2|Naive3,L223068,0
L223157,Acid,2,0.00030821,0,0.0,666,0.47537473,736,False,observed_zero,True,7246,Naive3,L223157,0
L223157,Cisplatin,2,0.00030821,0,0.0,273,0.19486081,1129,False,observed_zero,True,6815,Naive3,L223157,0
L223157,CoCl2,2,0.00030821,1,0.00019478,179,0.12776588,141,True,observed_nonzero,True,5134,Naive3,L223157,0
L223157,Dabrafenib,2,0.00030821,0,0.0,322,0.22983583,1080,False,observed_zero,True,6164,Naive3,L223157,0
L223157,Doxorubicin,2,0.00030821,0,0.0,406,0.289793,996,False,observed_zero,True,2832,Naive3,L223157,0
L223157,Trametinib,2,0.00030821,0,0.0,275,0.19628837,1127,False,observed_zero,True,8091,Naive3,L223157,0
L22366,Acid,4,0.00061643,15,0.00207011,97,0.06923626,6,True,observed_nonzero,True,7246,Naive2|Naive3,L22366,2
L22366,Cisplatin,4,0.00061643,0,0.0,273,0.19486081,1129,False,observed_zero,True,6815,Naive2|Naive3,L22366,2
L22366,CoCl2,4,0.00061643,0,0.0,320,0.22840828,1082,False,observed_zero,True,5134,Naive2|Naive3,L22366,2
L22366,Dabrafenib,4,0.00061643,14,0.00227125,44,0.03140614,2,True,observed_nonzero,True,6164,Naive2|Naive3,L22366,2
L22366,Doxorubicin,4,0.00061643,0,0.0,406,0.289793,996,False,observed_zero,True,2832,Naive2|Naive3,L22366,2
L22366,Trametinib,4,0.00061643,7,0.00086516,67,0.04782298,9,True,observed_nonzero,True,8091,Naive2|Naive3,L22366,2
L223841,Acid,1,0.00015411,0,0.0,666,0.47537473,736,False,observed_zero,True,7246,Naive2,L223841,1
L223841,Cisplatin,1,0.00015411,0,0.0,273,0.19486081,1129,False,observed_zero,True,6815,Naive2,L223841,1
L223841,CoCl2,1,0.00015411,0,0.0,320,0.22840828,1082,False,observed_zero,True,5134,Naive2,L223841,1
L223841,Dabrafenib,1,0.00015411,0,0.0,322,0.22983583,1080,False,observed_zero,True,6164,Naive2,L223841,1
L223841,Doxorubicin,1,0.00015411,0,0.0,406,0.289793,996,False,observed_zero,True,2832,Naive2,L223841,1
L223841,Trametinib,1,0.00015411,0,0.0,275,0.19628837,1127,False,observed_zero,True,8091,Naive2,L223841,1
L223859,Acid,2,0.00030821,0,0.0,666,0.47537473,736,False,observed_zero,True,7246,Naive1|Naive3,L223859,1
L223859,Cisplatin,2,0.00030821,3,0.00044021,37,0.02640971,23,True,observed_nonzero,True,6815,Naive1|Naive3,L223859,1
L223859,CoCl2,2,0.00030821,0,0.0,320,0.22840828,1082,False,observed_zero,True,5134,Naive1|Naive3,L223859,1
L223859,Dabrafenib,2,0.00030821,0,0.0,322,0.22983583,1080,False,observed_zero,True,6164,Naive1|Naive3,L223859,1
L223859,Doxorubicin,2,0.00030821,1,0.00035311,218,0.15560314,188,True,observed_nonzero,True,2832,Naive1|Naive3,L223859,1
L223859,Trametinib,2,0.00030821,0,0.0,275,0.19628837,1127,False,observed_zero,True,8091,Naive1|Naive3,L223859,1
L223983,Acid,2,0.00030821,2,0.00027601,380,0.27123483,107,True,observed_nonzero,True,7246,Naive3,L223983,3
L223983,Cisplatin,2,0.00030821,0,0.0,273,0.19486081,1129,False,observed_zero,True,6815,Naive3,L223983,3
L223983,CoCl2,2,0.00030821,0,0.0,320,0.22840828,1082,False,observed_zero,True,5134,Naive3,L223983,3
L223983,Dabrafenib,2,0.00030821,0,0.0,322,0.22983583,1080,False,observed_zero,True,6164,Naive3,L223983,3
L223983,Doxorubicin,2,0.00030821,0,0.0,406,0.289793,996,False,observed_zero,True,2832,Naive3,L223983,3
L223983,Trametinib,2,0.00030821,0,0.0,275,0.19628837,1127,False,observed_zero,True,8091,Naive3,L223983,3
L224160,Acid,1,0.00015411,0,0.0,666,0.47537473,736,False,observed_zero,True,7246,Naive3,L224160,4
L224160,Cisplatin,1,0.00015411,0,0.0,273,0.19486081,1129,False,observed_zero,True,6815,Naive3,L224160,4
L224160,CoCl2,1,0.00015411,0,0.0,320,0.22840828,1082,False,observed_zero,True,5134,Naive3,L224160,4
L224160,Dabrafenib,1,0.00015411,0,0.0,322,0.22983583,1080,False,observed_zero,True,6164,Naive3,L224160,4
L224160,Doxorubicin,1,0.00015411,0,0.0,406,0.289793,996,False,observed_zero,True,2832,Naive3,L224160,4
L224160,Trametinib,1,0.00015411,0,0.0,275,0.19628837,1127,False,observed_zero,True,8091,Naive3,L224160,4
L22426,Acid,1,0.00015411,0,0.0,666,0.47537473,736,False,observed_zero,True,7246,Naive3,L22426,0
L22426,Cisplatin,1,0.00015411,0,0.0,273,0.19486081,1129,False,observed_zero,True,6815,Naive3,L22426,0
L22426,CoCl2,1,0.00015411,0,0.0,320,0.22840828,1082,False,observed_zero,True,5134,Naive3,L22426,0
L22426,Dabrafenib,1,0.00015411,0,0.0,322,0.22983583,1080,False,observed_zero,True,6164,Naive3,L22426,0
L22426,Doxorubicin,1,0.00015411,0,0.0,406,0.289793,996,False,observed_zero,True,2832,Naive3,L22426,0
L22426,Trametinib,1,0.00015411,0,0.0,275,0.19628837,1127,False,observed_zero,True,8091,Naive3,L22426,0
L224455,Acid,1,0.00015411,0,0.0,666,0.47537473,736,False,observed_zero,True,7246,Naive2,L224455,0
L224455,Cisplatin,1,0.00015411,0,0.0,273,0.19486081,1129,False,observed_zero,True,6815,Naive2,L224455,0
L224455,CoCl2,1,0.00015411,0,0.0,320,0.22840828,1082,False,observed_zero,True,5134,Naive2,L224455,0
L224455,Dabrafenib,1,0.00015411,0,0.0,322,0.22983583,1080,False,observed_zero,True,6164,Naive2,L224455,0
L224455,Doxorubicin,1,0.00015411,0,0.0,406,0.289793,996,False,observed_zero,True,2832,Naive2,L224455,0
L224455,Trametinib,1,0.00015411,1,0.00012359,161,0.11491792,114,True,observed_nonzero,True,8091,Naive2,L224455,0
L22481,Acid,1,0.00015411,0,0.0,666,0.47537473,736,False,observed_zero,True,7246,Naive3,L22481,1
L22481,Cisplatin,1,0.00015411,0,0.0,273,0.19486081,1129,False,observed_zero,True,6815,Naive3,L22481,1
L22481,CoCl2,1,0.00015411,0,0.0,320,0.22840828,1082,False,observed_zero,True,5134,Naive3,L22481,1
L22481,Dabrafenib,1,0.00015411,0,0.0,322,0.22983583,1080,False,observed_zero,True,6164,Naive3,L22481,1
L22481,Doxorubicin,1,0.00015411,0,0.0,406,0.289793,996,False,observed_zero,True,2832,Naive3,L22481,1
L22481,Trametinib,1,0.00015411,0,0.0,275,0.19628837,1127,False,observed_zero,True,8091,Naive3,L22481,1
L224816,Acid,12,0.00184928,3,0.00041402,318,0.22698073,62,True,observed_nonzero,True,7246,Naive1|Naive2|Naive3,L224816,2
L224816,Cisplatin,12,0.00184928,0,0.0,273,0.19486081,1129,False,observed_zero,True,6815,Naive1|Naive2|Naive3,L224816,2
L224816,CoCl2,12,0.00184928,0,0.0,320,0.22840828,1082,False,observed_zero,True,5134,Naive1|Naive2|Naive3,L224816,2
L224816,Dabrafenib,12,0.00184928,0,0.0,322,0.22983583,1080,False,observed_zero,True,6164,Naive1|Naive2|Naive3,L224816,2
L224816,Doxorubicin,12,0.00184928,0,0.0,406,0.289793,996,False,observed_zero,True,2832,Naive1|Naive2|Naive3,L224816,2
L224816,Trametinib,12,0.00184928,0,0.0,275,0.19628837,1127,False,observed_zero,True,8091,Naive1|Naive2|Naive3,L224816,2
L224895,Acid,2,0.00030821,0,0.0,666,0.47537473,736,False,observed_zero,True,7246,Naive1|Naive3,L224895,4
L224895,Cisplatin,2,0.00030821,0,0.0,273,0.19486081,1129,False,observed_zero,True,6815,Naive1|Naive3,L224895,4
L224895,CoCl2,2,0.00030821,0,0.0,320,0.22840828,1082,False,observed_zero,True,5134,Naive1|Naive3,L224895,4
L224895,Dabrafenib,2,0.00030821,0,0.0,322,0.22983583,1080,False,observed_zero,True,6164,Naive1|Naive3,L224895,4
L224895,Doxorubicin,2,0.00030821,0,0.0,406,0.289793,996,False,observed_zero,True,2832,Naive1|Naive3,L224895,4
L224895,Trametinib,2,0.00030821,0,0.0,275,0.19628837,1127,False,observed_zero,True,8091,Naive1|Naive3,L224895,4
L225616,Acid,2,0.00030821,0,0.0,666,0.47537473,736,False,observed_zero,True,7246,Naive2,L225616,2
L225616,Cisplatin,2,0.00030821,0,0.0,273,0.19486081,1129,False,observed_zero,True,6815,Naive2,L225616,2
L225616,CoCl2,2,0.00030821,0,0.0,320,0.22840828,1082,False,observed_zero,True,5134,Naive2,L225616,2
L225616,Dabrafenib,2,0.00030821,0,0.0,322,0.22983583,1080,False,observed_zero,True,6164,Naive2,L225616,2
L225616,Doxorubicin,2,0.00030821,0,0.0,406,0.289793,996,False,observed_zero,True,2832,Naive2,L225616,2
L225616,Trametinib,2,0.00030821,0,0.0,275,0.19628837,1127,False,observed_zero,True,8091,Naive2,L225616,2
L22635,Acid,1,0.00015411,4,0.00055203,267,0.19057816,51,True,observed_nonzero,True,7246,Naive2,L22635,3
L22635,Cisplatin,1,0.00015411,1,0.00014674,110,0.07851535,163,True,observed_nonzero,True,6815,Naive2,L22635,3
L22635,CoCl2,1,0.00015411,0,0.0,320,0.22840828,1082,False,observed_zero,True,5134,Naive2,L22635,3
L22635,Dabrafenib,1,0.00015411,50,0.00811162,13,0.00927909,2,True,observed_nonzero,True,6164,Naive2,L22635,3
L22635,Doxorubicin,1,0.00015411,1,0.00035311,218,0.15560314,188,True,observed_nonzero,True,2832,Naive2,L22635,3
L22635,Trametinib,1,0.00015411,100,0.01235941,8,0.00571021,1,True,observed_nonzero,True,8091,Naive2,L22635,3
L227050,Acid,6,0.00092464,3,0.00041402,318,0.22698073,62,True,observed_nonzero,True,7246,Naive2|Naive3,L227050,3
L227050,Cisplatin,6,0.00092464,2,0.00029347,60,0.04282655,50,True,observed_nonzero,True,6815,Naive2|Naive3,L227050,3
L227050,CoCl2,6,0.00092464,0,0.0,320,0.22840828,1082,False,observed_zero,True,5134,Naive2|Naive3,L227050,3
L227050,Dabrafenib,6,0.00092464,15,0.00243348,42,0.02997859,2,True,observed_nonzero,True,6164,Naive2|Naive3,L227050,3
L227050,Doxorubicin,6,0.00092464,0,0.0,406,0.289793,996,False,observed_zero,True,2832,Naive2|Naive3,L227050,3
L227050,Trametinib,6,0.00092464,1,0.00012359,161,0.11491792,114,True,observed_nonzero,True,8091,Naive2|Naive3,L227050,3
L227315,Acid,1,0.00015411,0,0.0,666,0.47537473,736,False,observed_zero,True,7246,Naive2,L227315,2
L227315,Cisplatin,1,0.00015411,0,0.0,273,0.19486081,1129,False,observed_zero,True,6815,Naive2,L227315,2
L227315,CoCl2,1,0.00015411,0,0.0,320,0.22840828,1082,False,observed_zero,True,5134,Naive2,L227315,2
L227315,Dabrafenib,1,0.00015411,0,0.0,322,0.22983583,1080,False,observed_zero,True,6164,Naive2,L227315,2
L227315,Doxorubicin,1,0.00015411,0,0.0,406,0.289793,996,False,observed_zero,True,2832,Naive2,L227315,2
L227315,Trametinib,1,0.00015411,0,0.0,275,0.19628837,1127,False,observed_zero,True,8091,Naive2,L227315,2
L227359,Acid,16,0.00246571,21,0.00289815,70,0.04996431,5,True,observed_nonzero,True,7246,Naive1|Naive2|Naive3,L227359,0
L227359,Cisplatin,16,0.00246571,0,0.0,273,0.19486081,1129,False,observed_zero,True,6815,Naive1|Naive2|Naive3,L227359,0
L227359,CoCl2,16,0.00246571,0,0.0,320,0.22840828,1082,False,observed_zero,True,5134,Naive1|Naive2|Naive3,L227359,0
L227359,Dabrafenib,16,0.00246571,2,0.00032446,135,0.09635974,47,True,observed_nonzero,True,6164,Naive1|Naive2|Naive3,L227359,0
L227359,Doxorubicin,16,0.00246571,1,0.00035311,218,0.15560314,188,True,observed_nonzero,True,2832,Naive1|Naive2|Naive3,L227359,0
L227359,Trametinib,16,0.00246571,0,0.0,275,0.19628837,1127,False,observed_zero,True,8091,Naive1|Naive2|Naive3,L227359,0
L22744,Acid,3,0.00046232,0,0.0,666,0.47537473,736,False,observed_zero,True,7246,Naive2|Naive3,L22744,4
L22744,Cisplatin,3,0.00046232,0,0.0,273,0.19486081,1129,False,observed_zero,True,6815,Naive2|Naive3,L22744,4
L22744,CoCl2,3,0.00046232,0,0.0,320,0.22840828,1082,False,observed_zero,True,5134,Naive2|Naive3,L22744,4
L22744,Dabrafenib,3,0.00046232,0,0.0,322,0.22983583,1080,False,observed_zero,True,6164,Naive2|Naive3,L22744,4
L22744,Doxorubicin,3,0.00046232,0,0.0,406,0.289793,996,False,observed_zero,True,2832,Naive2|Naive3,L22744,4
L22744,Trametinib,3,0.00046232,0,0.0,275,0.19628837,1127,False,observed_zero,True,8091,Naive2|Naive3,L22744,4
L227502,Acid,9,0.00138696,7,0.00096605,192,0.13704497,24,True,observed_nonzero,True,7246,Naive1|Naive2|Naive3,L227502,2
L227502,Cisplatin,9,0.00138696,0,0.0,273,0.19486081,1129,False,observed_zero,True,6815,Naive1|Naive2|Naive3,L227502,2
L227502,CoCl2,9,0.00138696,0,0.0,320,0.22840828,1082,False,observed_zero,True,5134,Naive1|Naive2|Naive3,L227502,2
L227502,Dabrafenib,9,0.00138696,0,0.0,322,0.22983583,1080,False,observed_zero,True,6164,Naive1|Naive2|Naive3,L227502,2
L227502,Doxorubicin,9,0.00138696,0,0.0,406,0.289793,996,False,observed_zero,True,2832,Naive1|Naive2|Naive3,L227502,2
L227502,Trametinib,9,0.00138696,0,0.0,275,0.19628837,1127,False,observed_zero,True,8091,Naive1|Naive2|Naive3,L227502,2
L227671,Acid,2,0.00030821,1,0.00013801,487,0.34760885,179,True,observed_nonzero,True,7246,Naive2|Naive3,L227671,2
L227671,Cisplatin,2,0.00030821,0,0.0,273,0.19486081,1129,False,observed_zero,True,6815,Naive2|Naive3,L227671,2
L227671,CoCl2,2,0.00030821,0,0.0,320,0.22840828,1082,False,observed_zero,True,5134,Naive2|Naive3,L227671,2
L227671,Dabrafenib,2,0.00030821,1,0.00016223,182,0.12990721,140,True,observed_nonzero,True,6164,Naive2|Naive3,L227671,2
L227671,Doxorubicin,2,0.00030821,0,0.0,406,0.289793,996,False,observed_zero,True,2832,Naive2|Naive3,L227671,2
L227671,Trametinib,2,0.00030821,1,0.00012359,161,0.11491792,114,True,observed_nonzero,True,8091,Naive2|Naive3,L227671,2
L227801,Acid,1,0.00015411,1,0.00013801,487,0.34760885,179,True,observed_nonzero,True,7246,Naive3,L227801,4
L227801,Cisplatin,1,0.00015411,0,0.0,273,0.19486081,1129,False,observed_zero,True,6815,Naive3,L227801,4
L227801,CoCl2,1,0.00015411,0,0.0,320,0.22840828,1082,False,observed_zero,True,5134,Naive3,L227801,4
L227801,Dabrafenib,1,0.00015411,0,0.0,322,0.22983583,1080,False,observed_zero,True,6164,Naive3,L227801,4
L227801,Doxorubicin,1,0.00015411,0,0.0,406,0.289793,996,False,observed_zero,True,2832,Naive3,L227801,4
L227801,Trametinib,1,0.00015411,0,0.0,275,0.19628837,1127,False,observed_zero,True,8091,Naive3,L227801,4
L227975,Acid,8,0.00123286,2,0.00027601,380,0.27123483,107,True,observed_nonzero,True,7246,Naive1|Naive2|Naive3,L227975,1
L227975,Cisplatin,8,0.00123286,1,0.00014674,110,0.07851535,163,True,observed_nonzero,True,6815,Naive1|Naive2|Naive3,L227975,1
L227975,CoCl2,8,0.00123286,0,0.0,320,0.22840828,1082,False,observed_zero,True,5134,Naive1|Naive2|Naive3,L227975,1
L227975,Dabrafenib,8,0.00123286,1,0.00016223,182,0.12990721,140,True,observed_nonzero,True,6164,Naive1|Naive2|Naive3,L227975,1
L227975,Doxorubicin,8,0.00123286,0,0.0,406,0.289793,996,False,observed_zero,True,2832,Naive1|Naive2|Naive3,L227975,1
L227975,Trametinib,8,0.00123286,0,0.0,275,0.19628837,1127,False,observed_zero,True,8091,Naive1|Naive2|Naive3,L227975,1
L22805,Acid,1,0.00015411,1,0.00013801,487,0.34760885,179,True,observed_nonzero,True,7246,Naive2,L22805,0
L22805,Cisplatin,1,0.00015411,0,0.0,273,0.19486081,1129,False,observed_zero,True,6815,Naive2,L22805,0
L22805,CoCl2,1,0.00015411,0,0.0,320,0.22840828,1082,False,observed_zero,True,5134,Naive2,L22805,0
L22805,Dabrafenib,1,0.00015411,0,0.0,322,0.22983583,1080,False,observed_zero,True,6164,Naive2,L22805,0
L22805,Doxorubicin,1,0.00015411,0,0.0,406,0.289793,996,False,observed_zero,True,2832,Naive2,L22805,0
L22805,Trametinib,1,0.00015411,0,0.0,275,0.19628837,1127,False,observed_zero,True,8091,Naive2,L22805,0
L228088,Acid,3,0.00046232,1,0.00013801,487,0.34760885,179,True,observed_nonzero,True,7246,Naive3,L228088,1
L228088,Cisplatin,3,0.00046232,1,0.00014674,110,0.07851535,163,True,observed_nonzero,True,6815,Naive3,L228088,1
L228088,CoCl2,3,0.00046232,0,0.0,320,0.22840828,1082,False,observed_zero,True,5134,Naive3,L228088,1
L228088,Dabrafenib,3,0.00046232,0,0.0,322,0.22983583,1080,False,observed_zero,True,6164,Naive3,L228088,1
L228088,Doxorubicin,3,0.00046232,1,0.00035311,218,0.15560314,188,True,observed_nonzero,True,2832,Naive3,L228088,1
L228088,Trametinib,3,0.00046232,0,0.0,275,0.19628837,1127,False,observed_zero,True,8091,Naive3,L228088,1
L228182,Acid,8,0.00123286,1,0.00013801,487,0.34760885,179,True,observed_nonzero,True,7246,Naive1|Naive2|Naive3,L228182,0
L228182,Cisplatin,8,0.00123286,4,0.00058694,23,0.01641685,14,True,observed_nonzero,True,6815,Naive1|Naive2|Naive3,L228182,0
L228182,CoCl2,8,0.00123286,0,0.0,320,0.22840828,1082,False,observed_zero,True,5134,Naive1|Naive2|Naive3,L228182,0
L228182,Dabrafenib,8,0.00123286,2,0.00032446,135,0.09635974,47,True,observed_nonzero,True,6164,Naive1|Naive2|Naive3,L228182,0
L228182,Doxorubicin,8,0.00123286,3,0.00105932,96,0.06852248,39,True,observed_nonzero,True,2832,Naive1|Naive2|Naive3,L228182,0
L228182,Trametinib,8,0.00123286,0,0.0,275,0.19628837,1127,False,observed_zero,True,8091,Naive1|Naive2|Naive3,L228182,0
L228345,Acid,1,0.00015411,2,0.00027601,380,0.27123483,107,True,observed_nonzero,True,7246,Naive3,L228345,2
L228345,Cisplatin,1,0.00015411,0,0.0,273,0.19486081,1129,False,observed_zero,True,6815,Naive3,L228345,2
L228345,CoCl2,1,0.00015411,0,0.0,320,0.22840828,1082,False,observed_zero,True,5134,Naive3,L228345,2
L228345,Dabrafenib,1,0.00015411,0,0.0,322,0.22983583,1080,False,observed_zero,True,6164,Naive3,L228345,2
L228345,Doxorubicin,1,0.00015411,0,0.0,406,0.289793,996,False,observed_zero,True,2832,Naive3,L228345,2
L228345,Trametinib,1,0.00015411,0,0.0,275,0.19628837,1127,False,observed_zero,True,8091,Naive3,L228345,2
L228412,Acid,1,0.00015411,0,0.0,666,0.47537473,736,False,observed_zero,True,7246,Naive2,L228412,4
L228412,Cisplatin,1,0.00015411,0,0.0,273,0.19486081,1129,False,observed_zero,True,6815,Naive2,L228412,4
L228412,CoCl2,1,0.00015411,0,0.0,320,0.22840828,1082,False,observed_zero,True,5134,Naive2,L228412,4
L228412,Dabrafenib,1,0.00015411,0,0.0,322,0.22983583,1080,False,observed_zero,True,6164,Naive2,L228412,4
L228412,Doxorubicin,1,0.00015411,0,0.0,406,0.289793,996,False,observed_zero,True,2832,Naive2,L228412,4
L228412,Trametinib,1,0.00015411,0,0.0,275,0.19628837,1127,False,observed_zero,True,8091,Naive2,L228412,4
L228798,Acid,1,0.00015411,1,0.00013801,487,0.34760885,179,True,observed_nonzero,True,7246,Naive3,L228798,0
L228798,Cisplatin,1,0.00015411,0,0.0,273,0.19486081,1129,False,observed_zero,True,6815,Naive3,L228798,0
L228798,CoCl2,1,0.00015411,0,0.0,320,0.22840828,1082,False,observed_zero,True,5134,Naive3,L228798,0
L228798,Dabrafenib,1,0.00015411,0,0.0,322,0.22983583,1080,False,observed_zero,True,6164,Naive3,L228798,0
L228798,Doxorubicin,1,0.00015411,0,0.0,406,0.289793,996,False,observed_zero,True,2832,Naive3,L228798,0
L228798,Trametinib,1,0.00015411,0,0.0,275,0.19628837,1127,False,observed_zero,True,8091,Naive3,L228798,0
L229019,Acid,2,0.00030821,0,0.0,666,0.47537473,736,False,observed_zero,True,7246,Naive1|Naive3,L229019,0
L229019,Cisplatin,2,0.00030821,0,0.0,273,0.19486081,1129,False,observed_zero,True,6815,Naive1|Naive3,L229019,0
L229019,CoCl2,2,0.00030821,0,0.0,320,0.22840828,1082,False,observed_zero,True,5134,Naive1|Naive3,L229019,0
L229019,Dabrafenib,2,0.00030821,12,0.00194679,48,0.03426124,2,True,observed_nonzero,True,6164,Naive1|Naive3,L229019,0
L229019,Doxorubicin,2,0.00030821,0,0.0,406,0.289793,996,False,observed_zero,True,2832,Naive1|Naive3,L229019,0
L229019,Trametinib,2,0.00030821,0,0.0,275,0.19628837,1127,False,observed_zero,True,8091,Naive1|Naive3,L229019,0
L229064,Acid,1,0.00015411,4,0.00055203,267,0.19057816,51,True,observed_nonzero,True,7246,Naive1,L229064,4
L229064,Cisplatin,1,0.00015411,0,0.0,273,0.19486081,1129,False,observed_zero,True,6815,Naive1,L229064,4
L229064,CoCl2,1,0.00015411,0,0.0,320,0.22840828,1082,False,observed_zero,True,5134,Naive1,L229064,4
L229064,Dabrafenib,1,0.00015411,0,0.0,322,0.22983583,1080,False,observed_zero,True,6164,Naive1,L229064,4
L229064,Doxorubicin,1,0.00015411,2,0.00070621,135,0.09635974,83,True,observed_nonzero,True,2832,Naive1,L229064,4
L229064,Trametinib,1,0.00015411,0,0.0,275,0.19628837,1127,False,observed_zero,True,8091,Naive1,L229064,4
L229096,Acid,6,0.00092464,4,0.00055203,267,0.19057816,51,True,observed_nonzero,True,7246,Naive1|Naive2|Naive3,L229096,4
L229096,Cisplatin,6,0.00092464,2,0.00029347,60,0.04282655,50,True,observed_nonzero,True,6815,Naive1|Naive2|Naive3,L229096,4
L229096,CoCl2,6,0.00092464,0,0.0,320,0.22840828,1082,False,observed_zero,True,5134,Naive1|Naive2|Naive3,L229096,4
L229096,Dabrafenib,6,0.00092464,0,0.0,322,0.22983583,1080,False,observed_zero,True,6164,Naive1|Naive2|Naive3,L229096,4
L229096,Doxorubicin,6,0.00092464,0,0.0,406,0.289793,996,False,observed_zero,True,2832,Naive1|Naive2|Naive3,L229096,4
L229096,Trametinib,6,0.00092464,1,0.00012359,161,0.11491792,114,True,observed_nonzero,True,8091,Naive1|Naive2|Naive3,L229096,4
L229114,Acid,1,0.00015411,0,0.0,666,0.47537473,736,False,observed_zero,True,7246,Naive1,L229114,2
L229114,Cisplatin,1,0.00015411,2,0.00029347,60,0.04282655,50,True,observed_nonzero,True,6815,Naive1,L229114,2
L229114,CoCl2,1,0.00015411,0,0.0,320,0.22840828,1082,False,observed_zero,True,5134,Naive1,L229114,2
L229114,Dabrafenib,1,0.00015411,0,0.0,322,0.22983583,1080,False,observed_zero,True,6164,Naive1,L229114,2
L229114,Doxorubicin,1,0.00015411,1,0.00035311,218,0.15560314,188,True,observed_nonzero,True,2832,Naive1,L229114,2
L229114,Trametinib,1,0.00015411,0,0.0,275,0.19628837,1127,False,observed_zero,True,8091,Naive1,L229114,2
L229177,Acid,1,0.00015411,3,0.00041402,318,0.22698073,62,True,observed_nonzero,True,7246,Naive2,L229177,1
L229177,Cisplatin,1,0.00015411,0,0.0,273,0.19486081,1129,False,observed_zero,True,6815,Naive2,L229177,1
L229177,CoCl2,1,0.00015411,1,0.00019478,179,0.12776588,141,True,observed_nonzero,True,5134,Naive2,L229177,1
L229177,Dabrafenib,1,0.00015411,0,0.0,322,0.22983583,1080,False,observed_zero,True,6164,Naive2,L229177,1
L229177,Doxorubicin,1,0.00015411,3,0.00105932,96,0.06852248,39,True,observed_nonzero,True,2832,Naive2,L229177,1
L229177,Trametinib,1,0.00015411,0,0.0,275,0.19628837,1127,False,observed_zero,True,8091,Naive2,L229177,1
L229269,Acid,7,0.00107875,16,0.00220811,93,0.06638116,4,True,observed_nonzero,True,7246,Naive1|Naive2|Naive3,L229269,2
L229269,Cisplatin,7,0.00107875,0,0.0,273,0.19486081,1129,False,observed_zero,True,6815,Naive1|Naive2|Naive3,L229269,2
L229269,CoCl2,7,0.00107875,0,0.0,320,0.22840828,1082,False,observed_zero,True,5134,Naive1|Naive2|Naive3,L229269,2
L229269,Dabrafenib,7,0.00107875,0,0.0,322,0.22983583,1080,False,observed_zero,True,6164,Naive1|Naive2|Naive3,L229269,2
L229269,Doxorubicin,7,0.00107875,0,0.0,406,0.289793,996,False,observed_zero,True,2832,Naive1|Naive2|Naive3,L229269,2
L229269,Trametinib,7,0.00107875,0,0.0,275,0.19628837,1127,False,observed_zero,True,8091,Naive1|Naive2|Naive3,L229269,2
L229494,Acid,7,0.00107875,8,0.00110406,173,0.12348323,19,True,observed_nonzero,True,7246,Naive1|Naive3,L229494,1
L229494,Cisplatin,7,0.00107875,0,0.0,273,0.19486081,1129,False,observed_zero,True,6815,Naive1|Naive3,L229494,1
L229494,CoCl2,7,0.00107875,10,0.0019478,19,0.01356174,5,True,observed_nonzero,True,5134,Naive1|Naive3,L229494,1
L229494,Dabrafenib,7,0.00107875,0,0.0,322,0.22983583,1080,False,observed_zero,True,6164,Naive1|Naive3,L229494,1
L229494,Doxorubicin,7,0.00107875,0,0.0,406,0.289793,996,False,observed_zero,True,2832,Naive1|Naive3,L229494,1
L229494,Trametinib,7,0.00107875,0,0.0,275,0.19628837,1127,False,observed_zero,True,8091,Naive1|Naive3,L229494,1
L229764,Acid,2,0.00030821,1,0.00013801,487,0.34760885,179,True,observed_nonzero,True,7246,Naive1|Naive3,L229764,2
L229764,Cisplatin,2,0.00030821,0,0.0,273,0.19486081,1129,False,observed_zero,True,6815,Naive1|Naive3,L229764,2
L229764,CoCl2,2,0.00030821,0,0.0,320,0.22840828,1082,False,observed_zero,True,5134,Naive1|Naive3,L229764,2
L229764,Dabrafenib,2,0.00030821,0,0.0,322,0.22983583,1080,False,observed_zero,True,6164,Naive1|Naive3,L229764,2
L229764,Doxorubicin,2,0.00030821,0,0.0,406,0.289793,996,False,observed_zero,True,2832,Naive1|Naive3,L229764,2
L229764,Trametinib,2,0.00030821,0,0.0,275,0.19628837,1127,False,observed_zero,True,8091,Naive1|Naive3,L229764,2
L229874,Acid,31,0.00477732,4,0.00055203,267,0.19057816,51,True,observed_nonzero,True,7246,Naive1|Naive2|Naive3,L229874,1
L229874,Cisplatin,31,0.00477732,0,0.0,273,0.19486081,1129,False,observed_zero,True,6815,Naive1|Naive2|Naive3,L229874,1
L229874,CoCl2,31,0.00477732,1,0.00019478,179,0.12776588,141,True,observed_nonzero,True,5134,Naive1|Naive2|Naive3,L229874,1
L229874,Dabrafenib,31,0.00477732,0,0.0,322,0.22983583,1080,False,observed_zero,True,6164,Naive1|Naive2|Naive3,L229874,1
L229874,Doxorubicin,31,0.00477732,2,0.00070621,135,0.09635974,83,True,observed_nonzero,True,2832,Naive1|Naive2|Naive3,L229874,1
L229874,Trametinib,31,0.00477732,0,0.0,275,0.19628837,1127,False,observed_zero,True,8091,Naive1|Naive2|Naive3,L229874,1
L23022,Acid,3,0.00046232,1,0.00013801,487,0.34760885,179,True,observed_nonzero,True,7246,Naive1|Naive3,L23022,1
L23022,Cisplatin,3,0.00046232,0,0.0,273,0.19486081,1129,False,observed_zero,True,6815,Naive1|Naive3,L23022,1
L23022,CoCl2,3,0.00046232,1,0.00019478,179,0.12776588,141,True,observed_nonzero,True,5134,Naive1|Naive3,L23022,1
L23022,Dabrafenib,3,0.00046232,0,0.0,322,0.22983583,1080,False,observed_zero,True,6164,Naive1|Naive3,L23022,1
L23022,Doxorubicin,3,0.00046232,0,0.0,406,0.289793,996,False,observed_zero,True,2832,Naive1|Naive3,L23022,1
L23022,Trametinib,3,0.00046232,0,0.0,275,0.19628837,1127,False,observed_zero,True,8091,Naive1|Naive3,L23022,1
L230229,Acid,1,0.00015411,0,0.0,666,0.47537473,736,False,observed_zero,True,7246,Naive2,L230229,3
L230229,Cisplatin,1,0.00015411,0,0.0,273,0.19486081,1129,False,observed_zero,True,6815,Naive2,L230229,3
L230229,CoCl2,1,0.00015411,0,0.0,320,0.22840828,1082,False,observed_zero,True,5134,Naive2,L230229,3
L230229,Dabrafenib,1,0.00015411,0,0.0,322,0.22983583,1080,False,observed_zero,True,6164,Naive2,L230229,3
L230229,Doxorubicin,1,0.00015411,0,0.0,406,0.289793,996,False,observed_zero,True,2832,Naive2,L230229,3
L230229,Trametinib,1,0.00015411,0,0.0,275,0.19628837,1127,False,observed_zero,True,8091,Naive2,L230229,3
L230614,Acid,1,0.00015411,0,0.0,666,0.47537473,736,False,observed_zero,True,7246,Naive2,L230614,1
L230614,Cisplatin,1,0.00015411,0,0.0,273,0.19486081,1129,False,observed_zero,True,6815,Naive2,L230614,1
L230614,CoCl2,1,0.00015411,0,0.0,320,0.22840828,1082,False,observed_zero,True,5134,Naive2,L230614,1
L230614,Dabrafenib,1,0.00015411,0,0.0,322,0.22983583,1080,False,observed_zero,True,6164,Naive2,L230614,1
L230614,Doxorubicin,1,0.00015411,4,0.00141243,70,0.04996431,26,True,observed_nonzero,True,2832,Naive2,L230614,1
L230614,Trametinib,1,0.00015411,0,0.0,275,0.19628837,1127,False,observed_zero,True,8091,Naive2,L230614,1
L23071,Acid,2,0.00030821,0,0.0,666,0.47537473,736,False,observed_zero,True,7246,Naive3,L23071,4
L23071,Cisplatin,2,0.00030821,0,0.0,273,0.19486081,1129,False,observed_zero,True,6815,Naive3,L23071,4
L23071,CoCl2,2,0.00030821,0,0.0,320,0.22840828,1082,False,observed_zero,True,5134,Naive3,L23071,4
L23071,Dabrafenib,2,0.00030821,0,0.0,322,0.22983583,1080,False,observed_zero,True,6164,Naive3,L23071,4
L23071,Doxorubicin,2,0.00030821,0,0.0,406,0.289793,996,False,observed_zero,True,2832,Naive3,L23071,4
L23071,Trametinib,2,0.00030821,0,0.0,275,0.19628837,1127,False,observed_zero,True,8091,Naive3,L23071,4
L230913,Acid,25,0.00385267,6,0.00082804,216,0.15417559,16,True,observed_nonzero,True,7246,Naive1|Naive2|Naive3,L230913,1
L230913,Cisplatin,25,0.00385267,0,0.0,273,0.19486081,1129,False,observed_zero,True,6815,Naive1|Naive2|Naive3,L230913,1
L230913,CoCl2,25,0.00385267,7,0.00136346,30,0.02141328,6,True,observed_nonzero,True,5134,Naive1|Naive2|Naive3,L230913,1
L230913,Dabrafenib,25,0.00385267,1,0.00016223,182,0.12990721,140,True,observed_nonzero,True,6164,Naive1|Naive2|Naive3,L230913,1
L230913,Doxorubicin,25,0.00385267,3,0.00105932,96,0.06852248,39,True,observed_nonzero,True,2832,Naive1|Naive2|Naive3,L230913,1
L230913,Trametinib,25,0.00385267,2,0.00024719,124,0.08850821,37,True,observed_nonzero,True,8091,Naive1|Naive2|Naive3,L230913,1
L231007,Acid,25,0.00385267,11,0.00151808,136,0.09707352,13,True,observed_nonzero,True,7246,Naive1|Naive2|Naive3,L231007,2
L231007,Cisplatin,25,0.00385267,2,0.00029347,60,0.04282655,50,True,observed_nonzero,True,6815,Naive1|Naive2|Naive3,L231007,2
L231007,CoCl2,25,0.00385267,1,0.00019478,179,0.12776588,141,True,observed_nonzero,True,5134,Naive1|Naive2|Naive3,L231007,2
L231007,Dabrafenib,25,0.00385267,5,0.00081116,91,0.0649536,9,True,observed_nonzero,True,6164,Naive1|Naive2|Naive3,L231007,2
L231007,Doxorubicin,25,0.00385267,2,0.00070621,135,0.09635974,83,True,observed_nonzero,True,2832,Naive1|Naive2|Naive3,L231007,2
L231007,Trametinib,25,0.00385267,0,0.0,275,0.19628837,1127,False,observed_zero,True,8091,Naive1|Naive2|Naive3,L231007,2
L231021,Acid,1,0.00015411,0,0.0,666,0.47537473,736,False,observed_zero,True,7246,Naive3,L231021,1
L231021,Cisplatin,1,0.00015411,1,0.00014674,110,0.07851535,163,True,observed_nonzero,True,6815,Naive3,L231021,1
L231021,CoCl2,1,0.00015411,0,0.0,320,0.22840828,1082,False,observed_zero,True,5134,Naive3,L231021,1
L231021,Dabrafenib,1,0.00015411,0,0.0,322,0.22983583,1080,False,observed_zero,True,6164,Naive3,L231021,1
L231021,Doxorubicin,1,0.00015411,0,0.0,406,0.289793,996,False,observed_zero,True,2832,Naive3,L231021,1
L231021,Trametinib,1,0.00015411,0,0.0,275,0.19628837,1127,False,observed_zero,True,8091,Naive3,L231021,1
L23111,Acid,3,0.00046232,0,0.0,666,0.47537473,736,False,observed_zero,True,7246,Naive2|Naive3,L23111,1
L23111,Cisplatin,3,0.00046232,0,0.0,273,0.19486081,1129,False,observed_zero,True,6815,Naive2|Naive3,L23111,1
L23111,CoCl2,3,0.00046232,0,0.0,320,0.22840828,1082,False,observed_zero,True,5134,Naive2|Naive3,L23111,1
L23111,Dabrafenib,3,0.00046232,5,0.00081116,91,0.0649536,9,True,observed_nonzero,True,6164,Naive2|Naive3,L23111,1
L23111,Doxorubicin,3,0.00046232,0,0.0,406,0.289793,996,False,observed_zero,True,2832,Naive2|Naive3,L23111,1
L23111,Trametinib,3,0.00046232,11,0.00135954,46,0.03283369,4,True,observed_nonzero,True,8091,Naive2|Naive3,L23111,1
L231119,Acid,1,0.00015411,0,0.0,666,0.47537473,736,False,observed_zero,True,7246,Naive1,L231119,1
L231119,Cisplatin,1,0.00015411,0,0.0,273,0.19486081,1129,False,observed_zero,True,6815,Naive1,L231119,1
L231119,CoCl2,1,0.00015411,0,0.0,320,0.22840828,1082,False,observed_zero,True,5134,Naive1,L231119,1
L231119,Dabrafenib,1,0.00015411,0,0.0,322,0.22983583,1080,False,observed_zero,True,6164,Naive1,L231119,1
L231119,Doxorubicin,1,0.00015411,0,0.0,406,0.289793,996,False,observed_zero,True,2832,Naive1,L231119,1
L231119,Trametinib,1,0.00015411,0,0.0,275,0.19628837,1127,False,observed_zero,True,8091,Naive1,L231119,1
L23121,Acid,9,0.00138696,18,0.00248413,86,0.06138473,5,True,observed_nonzero,True,7246,Naive1|Naive2|Naive3,L23121,1
L23121,Cisplatin,9,0.00138696,1,0.00014674,110,0.07851535,163,True,observed_nonzero,True,6815,Naive1|Naive2|Naive3,L23121,1
L23121,CoCl2,9,0.00138696,0,0.0,320,0.22840828,1082,False,observed_zero,True,5134,Naive1|Naive2|Naive3,L23121,1
L23121,Dabrafenib,9,0.00138696,0,0.0,322,0.22983583,1080,False,observed_zero,True,6164,Naive1|Naive2|Naive3,L23121,1
L23121,Doxorubicin,9,0.00138696,0,0.0,406,0.289793,996,False,observed_zero,True,2832,Naive1|Naive2|Naive3,L23121,1
L23121,Trametinib,9,0.00138696,0,0.0,275,0.19628837,1127,False,observed_zero,True,8091,Naive1|Naive2|Naive3,L23121,1
L231446,Acid,7,0.00107875,4,0.00055203,267,0.19057816,51,True,observed_nonzero,True,7246,Naive1|Naive2|Naive3,L231446,0
L231446,Cisplatin,7,0.00107875,2,0.00029347,60,0.04282655,50,True,observed_nonzero,True,6815,Naive1|Naive2|Naive3,L231446,0
L231446,CoCl2,7,0.00107875,0,0.0,320,0.22840828,1082,False,observed_zero,True,5134,Naive1|Naive2|Naive3,L231446,0
L231446,Dabrafenib,7,0.00107875,0,0.0,322,0.22983583,1080,False,observed_zero,True,6164,Naive1|Naive2|Naive3,L231446,0
L231446,Doxorubicin,7,0.00107875,0,0.0,406,0.289793,996,False,observed_zero,True,2832,Naive1|Naive2|Naive3,L231446,0
L231446,Trametinib,7,0.00107875,0,0.0,275,0.19628837,1127,False,observed_zero,True,8091,Naive1|Naive2|Naive3,L231446,0
L231474,Acid,4,0.00061643,0,0.0,666,0.47537473,736,False,observed_zero,True,7246,Naive1|Naive2|Naive3,L231474,0
L231474,Cisplatin,4,0.00061643,0,0.0,273,0.19486081,1129,False,observed_zero,True,6815,Naive1|Naive2|Naive3,L231474,0
L231474,CoCl2,4,0.00061643,0,0.0,320,0.22840828,1082,False,observed_zero,True,5134,Naive1|Naive2|Naive3,L231474,0
L231474,Dabrafenib,4,0.00061643,0,0.0,322,0.22983583,1080,False,observed_zero,True,6164,Naive1|Naive2|Naive3,L231474,0
L231474,Doxorubicin,4,0.00061643,0,0.0,406,0.289793,996,False,observed_zero,True,2832,Naive1|Naive2|Naive3,L231474,0
L231474,Trametinib,4,0.00061643,0,0.0,275,0.19628837,1127,False,observed_zero,True,8091,Naive1|Naive2|Naive3,L231474,0
L231623,Acid,11,0.00169518,11,0.00151808,136,0.09707352,13,True,observed_nonzero,True,7246,Naive1|Naive2|Naive3,L231623,3
L231623,Cisplatin,11,0.00169518,2,0.00029347,60,0.04282655,50,True,observed_nonzero,True,6815,Naive1|Naive2|Naive3,L231623,3
L231623,CoCl2,11,0.00169518,0,0.0,320,0.22840828,1082,False,observed_zero,True,5134,Naive1|Naive2|Naive3,L231623,3
L231623,Dabrafenib,11,0.00169518,2,0.00032446,135,0.09635974,47,True,observed_nonzero,True,6164,Naive1|Naive2|Naive3,L231623,3
L231623,Doxorubicin,11,0.00169518,1,0.00035311,218,0.15560314,188,True,observed_nonzero,True,2832,Naive1|Naive2|Naive3,L231623,3
L231623,Trametinib,11,0.00169518,9,0.00111235,57,0.04068522,7,True,observed_nonzero,True,8091,Naive1|Naive2|Naive3,L231623,3
L232125,Acid,16,0.00246571,7,0.00096605,192,0.13704497,24,True,observed_nonzero,True,7246,Naive1|Naive2|Naive3,L232125,0
L232125,Cisplatin,16,0.00246571,1,0.00014674,110,0.07851535,163,True,observed_nonzero,True,6815,Naive1|Naive2|Naive3,L232125,0
L232125,CoCl2,16,0.00246571,0,0.0,320,0.22840828,1082,False,observed_zero,True,5134,Naive1|Naive2|Naive3,L232125,0
L232125,Dabrafenib,16,0.00246571,11,0.00178456,50,0.03568879,6,True,observed_nonzero,True,6164,Naive1|Naive2|Naive3,L232125,0
L232125,Doxorubicin,16,0.00246571,13,0.0045904,15,0.01070664,4,True,observed_nonzero,True,2832,Naive1|Naive2|Naive3,L232125,0
L232125,Trametinib,16,0.00246571,6,0.00074156,76,0.05424697,9,True,observed_nonzero,True,8091,Naive1|Naive2|Naive3,L232125,0
L232639,Acid,1,0.00015411,0,0.0,666,0.47537473,736,False,observed_zero,True,7246,Naive2,L232639,2
L232639,Cisplatin,1,0.00015411,0,0.0,273,0.19486081,1129,False,observed_zero,True,6815,Naive2,L232639,2
L232639,CoCl2,1,0.00015411,0,0.0,320,0.22840828,1082,False,observed_zero,True,5134,Naive2,L232639,2
L232639,Dabrafenib,1,0.00015411,1,0.00016223,182,0.12990721,140,True,observed_nonzero,True,6164,Naive2,L232639,2
L232639,Doxorubicin,1,0.00015411,0,0.0,406,0.289793,996,False,observed_zero,True,2832,Naive2,L232639,2
L232639,Trametinib,1,0.00015411,0,0.0,275,0.19628837,1127,False,observed_zero,True,8091,Naive2,L232639,2
L232813,Acid,2,0.00030821,0,0.0,666,0.47537473,736,False,observed_zero,True,7246,Naive3,L232813,1
L232813,Cisplatin,2,0.00030821,0,0.0,273,0.19486081,1129,False,observed_zero,True,6815,Naive3,L232813,1
L232813,CoCl2,2,0.00030821,0,0.0,320,0.22840828,1082,False,observed_zero,True,5134,Naive3,L232813,1
L232813,Dabrafenib,2,0.00030821,0,0.0,322,0.22983583,1080,False,observed_zero,True,6164,Naive3,L232813,1
L232813,Doxorubicin,2,0.00030821,0,0.0,406,0.289793,996,False,observed_zero,True,2832,Naive3,L232813,1
L232813,Trametinib,2,0.00030821,1,0.00012359,161,0.11491792,114,True,observed_nonzero,True,8091,Naive3,L232813,1
L232959,Acid,1,0.00015411,0,0.0,666,0.47537473,736,False,observed_zero,True,7246,Naive2,L232959,4
L232959,Cisplatin,1,0.00015411,2,0.00029347,60,0.04282655,50,True,observed_nonzero,True,6815,Naive2,L232959,4
L232959,CoCl2,1,0.00015411,0,0.0,320,0.22840828,1082,False,observed_zero,True,5134,Naive2,L232959,4
L232959,Dabrafenib,1,0.00015411,1,0.00016223,182,0.12990721,140,True,observed_nonzero,True,6164,Naive2,L232959,4
L232959,Doxorubicin,1,0.00015411,0,0.0,406,0.289793,996,False,observed_zero,True,2832,Naive2,L232959,4
L232959,Trametinib,1,0.00015411,0,0.0,275,0.19628837,1127,False,observed_zero,True,8091,Naive2,L232959,4
L233157,Acid,1,0.00015411,0,0.0,666,0.47537473,736,False,observed_zero,True,7246,Naive1,L233157,1
L233157,Cisplatin,1,0.00015411,0,0.0,273,0.19486081,1129,False,observed_zero,True,6815,Naive1,L233157,1
L233157,CoCl2,1,0.00015411,0,0.0,320,0.22840828,1082,False,observed_zero,True,5134,Naive1,L233157,1
L233157,Dabrafenib,1,0.00015411,0,0.0,322,0.22983583,1080,False,observed_zero,True,6164,Naive1,L233157,1
L233157,Doxorubicin,1,0.00015411,0,0.0,406,0.289793,996,False,observed_zero,True,2832,Naive1,L233157,1
L233157,Trametinib,1,0.00015411,0,0.0,275,0.19628837,1127,False,observed_zero,True,8091,Naive1,L233157,1
L233176,Acid,6,0.00092464,12,0.00165609,124,0.08850821,12,True,observed_nonzero,True,7246,Naive2|Naive3,L233176,0
L233176,Cisplatin,6,0.00092464,1,0.00014674,110,0.07851535,163,True,observed_nonzero,True,6815,Naive2|Naive3,L233176,0
L233176,CoCl2,6,0.00092464,0,0.0,320,0.22840828,1082,False,observed_zero,True,5134,Naive2|Naive3,L233176,0
L233176,Dabrafenib,6,0.00092464,3,0.0004867,113,0.08065667,22,True,observed_nonzero,True,6164,Naive2|Naive3,L233176,0
L233176,Doxorubicin,6,0.00092464,0,0.0,406,0.289793,996,False,observed_zero,True,2832,Naive2|Naive3,L233176,0
L233176,Trametinib,6,0.00092464,0,0.0,275,0.19628837,1127,False,observed_zero,True,8091,Naive2|Naive3,L233176,0
L233461,Acid,3,0.00046232,1,0.00013801,487,0.34760885,179,True,observed_nonzero,True,7246,Naive2|Naive3,L233461,4
L233461,Cisplatin,3,0.00046232,42,0.00616288,5,0.00356888,1,True,observed_nonzero,True,6815,Naive2|Naive3,L233461,4
L233461,CoCl2,3,0.00046232,1,0.00019478,179,0.12776588,141,True,observed_nonzero,True,5134,Naive2|Naive3,L233461,4
L233461,Dabrafenib,3,0.00046232,0,0.0,322,0.22983583,1080,False,observed_zero,True,6164,Naive2|Naive3,L233461,4
L233461,Doxorubicin,3,0.00046232,2,0.00070621,135,0.09635974,83,True,observed_nonzero,True,2832,Naive2|Naive3,L233461,4
L233461,Trametinib,3,0.00046232,0,0.0,275,0.19628837,1127,False,observed_zero,True,8091,Naive2|Naive3,L233461,4
L234026,Acid,1,0.00015411,0,0.0,666,0.47537473,736,False,observed_zero,True,7246,Naive3,L234026,4
L234026,Cisplatin,1,0.00015411,0,0.0,273,0.19486081,1129,False,observed_zero,True,6815,Naive3,L234026,4
L234026,CoCl2,1,0.00015411,0,0.0,320,0.22840828,1082,False,observed_zero,True,5134,Naive3,L234026,4
L234026,Dabrafenib,1,0.00015411,0,0.0,322,0.22983583,1080,False,observed_zero,True,6164,Naive3,L234026,4
L234026,Doxorubicin,1,0.00015411,0,0.0,406,0.289793,996,False,observed_zero,True,2832,Naive3,L234026,4
L234026,Trametinib,1,0.00015411,20,0.00247188,26,0.01855817,3,True,observed_nonzero,True,8091,Naive3,L234026,4
L234209,Acid,1,0.00015411,0,0.0,666,0.47537473,736,False,observed_zero,True,7246,Naive3,L234209,4
L234209,Cisplatin,1,0.00015411,0,0.0,273,0.19486081,1129,False,observed_zero,True,6815,Naive3,L234209,4
L234209,CoCl2,1,0.00015411,0,0.0,320,0.22840828,1082,False,observed_zero,True,5134,Naive3,L234209,4
L234209,Dabrafenib,1,0.00015411,0,0.0,322,0.22983583,1080,False,observed_zero,True,6164,Naive3,L234209,4
L234209,Doxorubicin,1,0.00015411,0,0.0,406,0.289793,996,False,observed_zero,True,2832,Naive3,L234209,4
L234209,Trametinib,1,0.00015411,0,0.0,275,0.19628837,1127,False,observed_zero,True,8091,Naive3,L234209,4
L234444,Acid,10,0.00154107,1,0.00013801,487,0.34760885,179,True,observed_nonzero,True,7246,Naive1|Naive2|Naive3,L234444,3
L234444,Cisplatin,10,0.00154107,1,0.00014674,110,0.07851535,163,True,observed_nonzero,True,6815,Naive1|Naive2|Naive3,L234444,3
L234444,CoCl2,10,0.00154107,0,0.0,320,0.22840828,1082,False,observed_zero,True,5134,Naive1|Naive2|Naive3,L234444,3
L234444,Dabrafenib,10,0.00154107,0,0.0,322,0.22983583,1080,False,observed_zero,True,6164,Naive1|Naive2|Naive3,L234444,3
L234444,Doxorubicin,10,0.00154107,3,0.00105932,96,0.06852248,39,True,observed_nonzero,True,2832,Naive1|Naive2|Naive3,L234444,3
L234444,Trametinib,10,0.00154107,0,0.0,275,0.19628837,1127,False,observed_zero,True,8091,Naive1|Naive2|Naive3,L234444,3
L235372,Acid,2,0.00030821,0,0.0,666,0.47537473,736,False,observed_zero,True,7246,Naive2|Naive3,L235372,1
L235372,Cisplatin,2,0.00030821,0,0.0,273,0.19486081,1129,False,observed_zero,True,6815,Naive2|Naive3,L235372,1
L235372,CoCl2,2,0.00030821,0,0.0,320,0.22840828,1082,False,observed_zero,True,5134,Naive2|Naive3,L235372,1
L235372,Dabrafenib,2,0.00030821,0,0.0,322,0.22983583,1080,False,observed_zero,True,6164,Naive2|Naive3,L235372,1
L235372,Doxorubicin,2,0.00030821,0,0.0,406,0.289793,996,False,observed_zero,True,2832,Naive2|Naive3,L235372,1
L235372,Trametinib,2,0.00030821,0,0.0,275,0.19628837,1127,False,observed_zero,True,8091,Naive2|Naive3,L235372,1
L235421,Acid,2,0.00030821,0,0.0,666,0.47537473,736,False,observed_zero,True,7246,Naive3,L235421,3
L235421,Cisplatin,2,0.00030821,0,0.0,273,0.19486081,1129,False,observed_zero,True,6815,Naive3,L235421,3
L235421,CoCl2,2,0.00030821,0,0.0,320,0.22840828,1082,False,observed_zero,True,5134,Naive3,L235421,3
L235421,Dabrafenib,2,0.00030821,0,0.0,322,0.22983583,1080,False,observed_zero,True,6164,Naive3,L235421,3
L235421,Doxorubicin,2,0.00030821,0,0.0,406,0.289793,996,False,observed_zero,True,2832,Naive3,L235421,3
L235421,Trametinib,2,0.00030821,0,0.0,275,0.19628837,1127,False,observed_zero,True,8091,Naive3,L235421,3
L23580,Acid,1,0.00015411,0,0.0,666,0.47537473,736,False,observed_zero,True,7246,Naive3,L23580,4
L23580,Cisplatin,1,0.00015411,0,0.0,273,0.19486081,1129,False,observed_zero,True,6815,Naive3,L23580,4
L23580,CoCl2,1,0.00015411,0,0.0,320,0.22840828,1082,False,observed_zero,True,5134,Naive3,L23580,4
L23580,Dabrafenib,1,0.00015411,0,0.0,322,0.22983583,1080,False,observed_zero,True,6164,Naive3,L23580,4
L23580,Doxorubicin,1,0.00015411,0,0.0,406,0.289793,996,False,observed_zero,True,2832,Naive3,L23580,4
L23580,Trametinib,1,0.00015411,0,0.0,275,0.19628837,1127,False,observed_zero,True,8091,Naive3,L23580,4
L235874,Acid,1,0.00015411,0,0.0,666,0.47537473,736,False,observed_zero,True,7246,Naive2,L235874,0
L235874,Cisplatin,1,0.00015411,0,0.0,273,0.19486081,1129,False,observed_zero,True,6815,Naive2,L235874,0
L235874,CoCl2,1,0.00015411,0,0.0,320,0.22840828,1082,False,observed_zero,True,5134,Naive2,L235874,0
L235874,Dabrafenib,1,0.00015411,0,0.0,322,0.22983583,1080,False,observed_zero,True,6164,Naive2,L235874,0
L235874,Doxorubicin,1,0.00015411,0,0.0,406,0.289793,996,False,observed_zero,True,2832,Naive2,L235874,0
L235874,Trametinib,1,0.00015411,0,0.0,275,0.19628837,1127,False,observed_zero,True,8091,Naive2,L235874,0
L236809,Acid,4,0.00061643,0,0.0,666,0.47537473,736,False,observed_zero,True,7246,Naive1|Naive2|Naive3,L236809,4
L236809,Cisplatin,4,0.00061643,0,0.0,273,0.19486081,1129,False,observed_zero,True,6815,Naive1|Naive2|Naive3,L236809,4
L236809,CoCl2,4,0.00061643,0,0.0,320,0.22840828,1082,False,observed_zero,True,5134,Naive1|Naive2|Naive3,L236809,4
L236809,Dabrafenib,4,0.00061643,0,0.0,322,0.22983583,1080,False,observed_zero,True,6164,Naive1|Naive2|Naive3,L236809,4
L236809,Doxorubicin,4,0.00061643,0,0.0,406,0.289793,996,False,observed_zero,True,2832,Naive1|Naive2|Naive3,L236809,4
L236809,Trametinib,4,0.00061643,0,0.0,275,0.19628837,1127,False,observed_zero,True,8091,Naive1|Naive2|Naive3,L236809,4
L236978,Acid,1,0.00015411,0,0.0,666,0.47537473,736,False,observed_zero,True,7246,Naive3,L236978,2
L236978,Cisplatin,1,0.00015411,0,0.0,273,0.19486081,1129,False,observed_zero,True,6815,Naive3,L236978,2
L236978,CoCl2,1,0.00015411,0,0.0,320,0.22840828,1082,False,observed_zero,True,5134,Naive3,L236978,2
L236978,Dabrafenib,1,0.00015411,0,0.0,322,0.22983583,1080,False,observed_zero,True,6164,Naive3,L236978,2
L236978,Doxorubicin,1,0.00015411,1,0.00035311,218,0.15560314,188,True,observed_nonzero,True,2832,Naive3,L236978,2
L236978,Trametinib,1,0.00015411,0,0.0,275,0.19628837,1127,False,observed_zero,True,8091,Naive3,L236978,2
L237062,Acid,1,0.00015411,1,0.00013801,487,0.34760885,179,True,observed_nonzero,True,7246,Naive2,L237062,1
L237062,Cisplatin,1,0.00015411,0,0.0,273,0.19486081,1129,False,observed_zero,True,6815,Naive2,L237062,1
L237062,CoCl2,1,0.00015411,0,0.0,320,0.22840828,1082,False,observed_zero,True,5134,Naive2,L237062,1
L237062,Dabrafenib,1,0.00015411,0,0.0,322,0.22983583,1080,False,observed_zero,True,6164,Naive2,L237062,1
L237062,Doxorubicin,1,0.00015411,0,0.0,406,0.289793,996,False,observed_zero,True,2832,Naive2,L237062,1
L237062,Trametinib,1,0.00015411,0,0.0,275,0.19628837,1127,False,observed_zero,True,8091,Naive2,L237062,1
L237845,Acid,8,0.00123286,3,0.00041402,318,0.22698073,62,True,observed_nonzero,True,7246,Naive1|Naive2|Naive3,L237845,2
L237845,Cisplatin,8,0.00123286,0,0.0,273,0.19486081,1129,False,observed_zero,True,6815,Naive1|Naive2|Naive3,L237845,2
L237845,CoCl2,8,0.00123286,0,0.0,320,0.22840828,1082,False,observed_zero,True,5134,Naive1|Naive2|Naive3,L237845,2
L237845,Dabrafenib,8,0.00123286,0,0.0,322,0.22983583,1080,False,observed_zero,True,6164,Naive1|Naive2|Naive3,L237845,2
L237845,Doxorubicin,8,0.00123286,0,0.0,406,0.289793,996,False,observed_zero,True,2832,Naive1|Naive2|Naive3,L237845,2
L237845,Trametinib,8,0.00123286,0,0.0,275,0.19628837,1127,False,observed_zero,True,8091,Naive1|Naive2|Naive3,L237845,2
L238041,Acid,1,0.00015411,0,0.0,666,0.47537473,736,False,observed_zero,True,7246,Naive3,L238041,4
L238041,Cisplatin,1,0.00015411,0,0.0,273,0.19486081,1129,False,observed_zero,True,6815,Naive3,L238041,4
L238041,CoCl2,1,0.00015411,0,0.0,320,0.22840828,1082,False,observed_zero,True,5134,Naive3,L238041,4
L238041,Dabrafenib,1,0.00015411,0,0.0,322,0.22983583,1080,False,observed_zero,True,6164,Naive3,L238041,4
L238041,Doxorubicin,1,0.00015411,0,0.0,406,0.289793,996,False,observed_zero,True,2832,Naive3,L238041,4
L238041,Trametinib,1,0.00015411,0,0.0,275,0.19628837,1127,False,observed_zero,True,8091,Naive3,L238041,4
L238414,Acid,1,0.00015411,0,0.0,666,0.47537473,736,False,observed_zero,True,7246,Naive3,L238414,0
L238414,Cisplatin,1,0.00015411,0,0.0,273,0.19486081,1129,False,observed_zero,True,6815,Naive3,L238414,0
L238414,CoCl2,1,0.00015411,0,0.0,320,0.22840828,1082,False,observed_zero,True,5134,Naive3,L238414,0
L238414,Dabrafenib,1,0.00015411,0,0.0,322,0.22983583,1080,False,observed_zero,True,6164,Naive3,L238414,0
L238414,Doxorubicin,1,0.00015411,0,0.0,406,0.289793,996,False,observed_zero,True,2832,Naive3,L238414,0
L238414,Trametinib,1,0.00015411,0,0.0,275,0.19628837,1127,False,observed_zero,True,8091,Naive3,L238414,0
L23858,Acid,19,0.00292803,56,0.0077284,13,0.00927909,1,True,observed_nonzero,True,7246,Naive1|Naive2|Naive3,L23858,1
L23858,Cisplatin,19,0.00292803,0,0.0,273,0.19486081,1129,False,observed_zero,True,6815,Naive1|Naive2|Naive3,L23858,1
L23858,CoCl2,19,0.00292803,1,0.00019478,179,0.12776588,141,True,observed_nonzero,True,5134,Naive1|Naive2|Naive3,L23858,1
L23858,Dabrafenib,19,0.00292803,30,0.00486697,24,0.01713062,1,True,observed_nonzero,True,6164,Naive1|Naive2|Naive3,L23858,1
L23858,Doxorubicin,19,0.00292803,4,0.00141243,70,0.04996431,26,True,observed_nonzero,True,2832,Naive1|Naive2|Naive3,L23858,1
L23858,Trametinib,19,0.00292803,28,0.00346064,19,0.01356174,2,True,observed_nonzero,True,8091,Naive1|Naive2|Naive3,L23858,1
L238644,Acid,2,0.00030821,0,0.0,666,0.47537473,736,False,observed_zero,True,7246,Naive3,L238644,4
L238644,Cisplatin,2,0.00030821,0,0.0,273,0.19486081,1129,False,observed_zero,True,6815,Naive3,L238644,4
L238644,CoCl2,2,0.00030821,0,0.0,320,0.22840828,1082,False,observed_zero,True,5134,Naive3,L238644,4
L238644,Dabrafenib,2,0.00030821,0,0.0,322,0.22983583,1080,False,observed_zero,True,6164,Naive3,L238644,4
L238644,Doxorubicin,2,0.00030821,0,0.0,406,0.289793,996,False,observed_zero,True,2832,Naive3,L238644,4
L238644,Trametinib,2,0.00030821,0,0.0,275,0.19628837,1127,False,observed_zero,True,8091,Naive3,L238644,4
L239119,Acid,8,0.00123286,3,0.00041402,318,0.22698073,62,True,observed_nonzero,True,7246,Naive1|Naive2|Naive3,L239119,4
L239119,Cisplatin,8,0.00123286,0,0.0,273,0.19486081,1129,False,observed_zero,True,6815,Naive1|Naive2|Naive3,L239119,4
L239119,CoCl2,8,0.00123286,1,0.00019478,179,0.12776588,141,True,observed_nonzero,True,5134,Naive1|Naive2|Naive3,L239119,4
L239119,Dabrafenib,8,0.00123286,0,0.0,322,0.22983583,1080,False,observed_zero,True,6164,Naive1|Naive2|Naive3,L239119,4
L239119,Doxorubicin,8,0.00123286,0,0.0,406,0.289793,996,False,observed_zero,True,2832,Naive1|Naive2|Naive3,L239119,4
L239119,Trametinib,8,0.00123286,0,0.0,275,0.19628837,1127,False,observed_zero,True,8091,Naive1|Naive2|Naive3,L239119,4
L239190,Acid,2,0.00030821,0,0.0,666,0.47537473,736,False,observed_zero,True,7246,Naive3,L239190,1
L239190,Cisplatin,2,0.00030821,0,0.0,273,0.19486081,1129,False,observed_zero,True,6815,Naive3,L239190,1
L239190,CoCl2,2,0.00030821,0,0.0,320,0.22840828,1082,False,observed_zero,True,5134,Naive3,L239190,1
L239190,Dabrafenib,2,0.00030821,0,0.0,322,0.22983583,1080,False,observed_zero,True,6164,Naive3,L239190,1
L239190,Doxorubicin,2,0.00030821,0,0.0,406,0.289793,996,False,observed_zero,True,2832,Naive3,L239190,1
L239190,Trametinib,2,0.00030821,0,0.0,275,0.19628837,1127,False,observed_zero,True,8091,Naive3,L239190,1
L239194,Acid,1,0.00015411,2,0.00027601,380,0.27123483,107,True,observed_nonzero,True,7246,Naive3,L239194,0
L239194,Cisplatin,1,0.00015411,0,0.0,273,0.19486081,1129,False,observed_zero,True,6815,Naive3,L239194,0
L239194,CoCl2,1,0.00015411,0,0.0,320,0.22840828,1082,False,observed_zero,True,5134,Naive3,L239194,0
L239194,Dabrafenib,1,0.00015411,0,0.0,322,0.22983583,1080,False,observed_zero,True,6164,Naive3,L239194,0
L239194,Doxorubicin,1,0.00015411,1,0.00035311,218,0.15560314,188,True,observed_nonzero,True,2832,Naive3,L239194,0
L239194,Trametinib,1,0.00015411,0,0.0,275,0.19628837,1127,False,observed_zero,True,8091,Naive3,L239194,0
L239228,Acid,60,0.00924642,162,0.02235716,5,0.00356888,1,True,observed_nonzero,True,7246,Naive1|Naive2|Naive3,L239228,2
L239228,Cisplatin,60,0.00924642,0,0.0,273,0.19486081,1129,False,observed_zero,True,6815,Naive1|Naive2|Naive3,L239228,2
L239228,CoCl2,60,0.00924642,24,0.00467472,4,0.0028551,2,True,observed_nonzero,True,5134,Naive1|Naive2|Naive3,L239228,2
L239228,Dabrafenib,60,0.00924642,476,0.07722258,1,0.00071378,1,True,observed_nonzero,True,6164,Naive1|Naive2|Naive3,L239228,2
L239228,Doxorubicin,60,0.00924642,0,0.0,406,0.289793,996,False,observed_zero,True,2832,Naive1|Naive2|Naive3,L239228,2
L239228,Trametinib,60,0.00924642,464,0.05734767,3,0.00214133,1,True,observed_nonzero,True,8091,Naive1|Naive2|Naive3,L239228,2
L239393,Acid,1,0.00015411,0,0.0,666,0.47537473,736,False,observed_zero,True,7246,Naive2,L239393,3
L239393,Cisplatin,1,0.00015411,0,0.0,273,0.19486081,1129,False,observed_zero,True,6815,Naive2,L239393,3
L239393,CoCl2,1,0.00015411,0,0.0,320,0.22840828,1082,False,observed_zero,True,5134,Naive2,L239393,3
L239393,Dabrafenib,1,0.00015411,0,0.0,322,0.22983583,1080,False,observed_zero,True,6164,Naive2,L239393,3
L239393,Doxorubicin,1,0.00015411,0,0.0,406,0.289793,996,False,observed_zero,True,2832,Naive2,L239393,3
L239393,Trametinib,1,0.00015411,0,0.0,275,0.19628837,1127,False,observed_zero,True,8091,Naive2,L239393,3
L239858,Acid,2,0.00030821,2,0.00027601,380,0.27123483,107,True,observed_nonzero,True,7246,Naive2|Naive3,L239858,4
L239858,Cisplatin,2,0.00030821,1,0.00014674,110,0.07851535,163,True,observed_nonzero,True,6815,Naive2|Naive3,L239858,4
L239858,CoCl2,2,0.00030821,1,0.00019478,179,0.12776588,141,True,observed_nonzero,True,5134,Naive2|Naive3,L239858,4
L239858,Dabrafenib,2,0.00030821,0,0.0,322,0.22983583,1080,False,observed_zero,True,6164,Naive2|Naive3,L239858,4
L239858,Doxorubicin,2,0.00030821,0,0.0,406,0.289793,996,False,observed_zero,True,2832,Naive2|Naive3,L239858,4
L239858,Trametinib,2,0.00030821,0,0.0,275,0.19628837,1127,False,observed_zero,True,8091,Naive2|Naive3,L239858,4
L239907,Acid,1,0.00015411,0,0.0,666,0.47537473,736,False,observed_zero,True,7246,Naive2,L239907,0
L239907,Cisplatin,1,0.00015411,0,0.0,273,0.19486081,1129,False,observed_zero,True,6815,Naive2,L239907,0
L239907,CoCl2,1,0.00015411,0,0.0,320,0.22840828,1082,False,observed_zero,True,5134,Naive2,L239907,0
L239907,Dabrafenib,1,0.00015411,0,0.0,322,0.22983583,1080,False,observed_zero,True,6164,Naive2,L239907,0
L239907,Doxorubicin,1,0.00015411,0,0.0,406,0.289793,996,False,observed_zero,True,2832,Naive2,L239907,0
L239907,Trametinib,1,0.00015411,0,0.0,275,0.19628837,1127,False,observed_zero,True,8091,Naive2,L239907,0
L240104,Acid,5,0.00077053,7,0.00096605,192,0.13704497,24,True,observed_nonzero,True,7246,Naive1|Naive3,L240104,3
L240104,Cisplatin,5,0.00077053,0,0.0,273,0.19486081,1129,False,observed_zero,True,6815,Naive1|Naive3,L240104,3
L240104,CoCl2,5,0.00077053,2,0.00038956,110,0.07851535,69,True,observed_nonzero,True,5134,Naive1|Naive3,L240104,3
L240104,Dabrafenib,5,0.00077053,0,0.0,322,0.22983583,1080,False,observed_zero,True,6164,Naive1|Naive3,L240104,3
L240104,Doxorubicin,5,0.00077053,1,0.00035311,218,0.15560314,188,True,observed_nonzero,True,2832,Naive1|Naive3,L240104,3
L240104,Trametinib,5,0.00077053,0,0.0,275,0.19628837,1127,False,observed_zero,True,8091,Naive1|Naive3,L240104,3
L240177,Acid,3,0.00046232,2,0.00027601,380,0.27123483,107,True,observed_nonzero,True,7246,Naive2|Naive3,L240177,2
L240177,Cisplatin,3,0.00046232,0,0.0,273,0.19486081,1129,False,observed_zero,True,6815,Naive2|Naive3,L240177,2
L240177,CoCl2,3,0.00046232,2,0.00038956,110,0.07851535,69,True,observed_nonzero,True,5134,Naive2|Naive3,L240177,2
L240177,Dabrafenib,3,0.00046232,0,0.0,322,0.22983583,1080,False,observed_zero,True,6164,Naive2|Naive3,L240177,2
L240177,Doxorubicin,3,0.00046232,0,0.0,406,0.289793,996,False,observed_zero,True,2832,Naive2|Naive3,L240177,2
L240177,Trametinib,3,0.00046232,0,0.0,275,0.19628837,1127,False,observed_zero,True,8091,Naive2|Naive3,L240177,2
L240450,Acid,14,0.0021575,1,0.00013801,487,0.34760885,179,True,observed_nonzero,True,7246,Naive1|Naive2|Naive3,L240450,2
L240450,Cisplatin,14,0.0021575,2,0.00029347,60,0.04282655,50,True,observed_nonzero,True,6815,Naive1|Naive2|Naive3,L240450,2
L240450,CoCl2,14,0.0021575,0,0.0,320,0.22840828,1082,False,observed_zero,True,5134,Naive1|Naive2|Naive3,L240450,2
L240450,Dabrafenib,14,0.0021575,0,0.0,322,0.22983583,1080,False,observed_zero,True,6164,Naive1|Naive2|Naive3,L240450,2
L240450,Doxorubicin,14,0.0021575,3,0.00105932,96,0.06852248,39,True,observed_nonzero,True,2832,Naive1|Naive2|Naive3,L240450,2
L240450,Trametinib,14,0.0021575,0,0.0,275,0.19628837,1127,False,observed_zero,True,8091,Naive1|Naive2|Naive3,L240450,2
L240627,Acid,1,0.00015411,0,0.0,666,0.47537473,736,False,observed_zero,True,7246,Naive1,L240627,1
L240627,Cisplatin,1,0.00015411,0,0.0,273,0.19486081,1129,False,observed_zero,True,6815,Naive1,L240627,1
L240627,CoCl2,1,0.00015411,0,0.0,320,0.22840828,1082,False,observed_zero,True,5134,Naive1,L240627,1
L240627,Dabrafenib,1,0.00015411,0,0.0,322,0.22983583,1080,False,observed_zero,True,6164,Naive1,L240627,1
L240627,Doxorubicin,1,0.00015411,0,0.0,406,0.289793,996,False,observed_zero,True,2832,Naive1,L240627,1
L240627,Trametinib,1,0.00015411,0,0.0,275,0.19628837,1127,False,observed_zero,True,8091,Naive1,L240627,1
L240628,Acid,2,0.00030821,0,0.0,666,0.47537473,736,False,observed_zero,True,7246,Naive2|Naive3,L240628,1
L240628,Cisplatin,2,0.00030821,1,0.00014674,110,0.07851535,163,True,observed_nonzero,True,6815,Naive2|Naive3,L240628,1
L240628,CoCl2,2,0.00030821,0,0.0,320,0.22840828,1082,False,observed_zero,True,5134,Naive2|Naive3,L240628,1
L240628,Dabrafenib,2,0.00030821,1,0.00016223,182,0.12990721,140,True,observed_nonzero,True,6164,Naive2|Naive3,L240628,1
L240628,Doxorubicin,2,0.00030821,0,0.0,406,0.289793,996,False,observed_zero,True,2832,Naive2|Naive3,L240628,1
L240628,Trametinib,2,0.00030821,0,0.0,275,0.19628837,1127,False,observed_zero,True,8091,Naive2|Naive3,L240628,1
L240738,Acid,1,0.00015411,0,0.0,666,0.47537473,736,False,observed_zero,True,7246,Naive3,L240738,4
L240738,Cisplatin,1,0.00015411,0,0.0,273,0.19486081,1129,False,observed_zero,True,6815,Naive3,L240738,4
L240738,CoCl2,1,0.00015411,0,0.0,320,0.22840828,1082,False,observed_zero,True,5134,Naive3,L240738,4
L240738,Dabrafenib,1,0.00015411,0,0.0,322,0.22983583,1080,False,observed_zero,True,6164,Naive3,L240738,4
L240738,Doxorubicin,1,0.00015411,0,0.0,406,0.289793,996,False,observed_zero,True,2832,Naive3,L240738,4
L240738,Trametinib,1,0.00015411,0,0.0,275,0.19628837,1127,False,observed_zero,True,8091,Naive3,L240738,4
L240741,Acid,1,0.00015411,0,0.0,666,0.47537473,736,False,observed_zero,True,7246,Naive1,L240741,3
L240741,Cisplatin,1,0.00015411,0,0.0,273,0.19486081,1129,False,observed_zero,True,6815,Naive1,L240741,3
L240741,CoCl2,1,0.00015411,0,0.0,320,0.22840828,1082,False,observed_zero,True,5134,Naive1,L240741,3
L240741,Dabrafenib,1,0.00015411,0,0.0,322,0.22983583,1080,False,observed_zero,True,6164,Naive1,L240741,3
L240741,Doxorubicin,1,0.00015411,0,0.0,406,0.289793,996,False,observed_zero,True,2832,Naive1,L240741,3
L240741,Trametinib,1,0.00015411,0,0.0,275,0.19628837,1127,False,observed_zero,True,8091,Naive1,L240741,3
L240953,Acid,1,0.00015411,2,0.00027601,380,0.27123483,107,True,observed_nonzero,True,7246,Naive1,L240953,1
L240953,Cisplatin,1,0.00015411,0,0.0,273,0.19486081,1129,False,observed_zero,True,6815,Naive1,L240953,1
L240953,CoCl2,1,0.00015411,0,0.0,320,0.22840828,1082,False,observed_zero,True,5134,Naive1,L240953,1
L240953,Dabrafenib,1,0.00015411,1,0.00016223,182,0.12990721,140,True,observed_nonzero,True,6164,Naive1,L240953,1
L240953,Doxorubicin,1,0.00015411,0,0.0,406,0.289793,996,False,observed_zero,True,2832,Naive1,L240953,1
L240953,Trametinib,1,0.00015411,0,0.0,275,0.19628837,1127,False,observed_zero,True,8091,Naive1,L240953,1
L241262,Acid,3,0.00046232,0,0.0,666,0.47537473,736,False,observed_zero,True,7246,Naive1,L241262,3
L241262,Cisplatin,3,0.00046232,1,0.00014674,110,0.07851535,163,True,observed_nonzero,True,6815,Naive1,L241262,3
L241262,CoCl2,3,0.00046232,0,0.0,320,0.22840828,1082,False,observed_zero,True,5134,Naive1,L241262,3
L241262,Dabrafenib,3,0.00046232,0,0.0,322,0.22983583,1080,False,observed_zero,True,6164,Naive1,L241262,3
L241262,Doxorubicin,3,0.00046232,0,0.0,406,0.289793,996,False,observed_zero,True,2832,Naive1,L241262,3
L241262,Trametinib,3,0.00046232,0,0.0,275,0.19628837,1127,False,observed_zero,True,8091,Naive1,L241262,3
L241540,Acid,19,0.00292803,2,0.00027601,380,0.27123483,107,True,observed_nonzero,True,7246,Naive1|Naive2|Naive3,L241540,2
L241540,Cisplatin,19,0.00292803,0,0.0,273,0.19486081,1129,False,observed_zero,True,6815,Naive1|Naive2|Naive3,L241540,2
L241540,CoCl2,19,0.00292803,3,0.00058434,80,0.05710207,30,True,observed_nonzero,True,5134,Naive1|Naive2|Naive3,L241540,2
L241540,Dabrafenib,19,0.00292803,0,0.0,322,0.22983583,1080,False,observed_zero,True,6164,Naive1|Naive2|Naive3,L241540,2
L241540,Doxorubicin,19,0.00292803,1,0.00035311,218,0.15560314,188,True,observed_nonzero,True,2832,Naive1|Naive2|Naive3,L241540,2
L241540,Trametinib,19,0.00292803,0,0.0,275,0.19628837,1127,False,observed_zero,True,8091,Naive1|Naive2|Naive3,L241540,2
L241549,Acid,8,0.00123286,20,0.00276014,75,0.05353319,3,True,observed_nonzero,True,7246,Naive2|Naive3,L241549,3
L241549,Cisplatin,8,0.00123286,0,0.0,273,0.19486081,1129,False,observed_zero,True,6815,Naive2|Naive3,L241549,3
L241549,CoCl2,8,0.00123286,4,0.00077912,63,0.04496788,17,True,observed_nonzero,True,5134,Naive2|Naive3,L241549,3
L241549,Dabrafenib,8,0.00123286,0,0.0,322,0.22983583,1080,False,observed_zero,True,6164,Naive2|Naive3,L241549,3
L241549,Doxorubicin,8,0.00123286,2,0.00070621,135,0.09635974,83,True,observed_nonzero,True,2832,Naive2|Naive3,L241549,3
L241549,Trametinib,8,0.00123286,0,0.0,275,0.19628837,1127,False,observed_zero,True,8091,Naive2|Naive3,L241549,3
L242090,Acid,2,0.00030821,2,0.00027601,380,0.27123483,107,True,observed_nonzero,True,7246,Naive2|Naive3,L242090,1
L242090,Cisplatin,2,0.00030821,0,0.0,273,0.19486081,1129,False,observed_zero,True,6815,Naive2|Naive3,L242090,1
L242090,CoCl2,2,0.00030821,0,0.0,320,0.22840828,1082,False,observed_zero,True,5134,Naive2|Naive3,L242090,1
L242090,Dabrafenib,2,0.00030821,0,0.0,322,0.22983583,1080,False,observed_zero,True,6164,Naive2|Naive3,L242090,1
L242090,Doxorubicin,2,0.00030821,0,0.0,406,0.289793,996,False,observed_zero,True,2832,Naive2|Naive3,L242090,1
L242090,Trametinib,2,0.00030821,0,0.0,275,0.19628837,1127,False,observed_zero,True,8091,Naive2|Naive3,L242090,1
L242237,Acid,8,0.00123286,23,0.00317417,64,0.04568166,2,True,observed_nonzero,True,7246,Naive1|Naive2|Naive3,L242237,4
L242237,Cisplatin,8,0.00123286,0,0.0,273,0.19486081,1129,False,observed_zero,True,6815,Naive1|Naive2|Naive3,L242237,4
L242237,CoCl2,8,0.00123286,3,0.00058434,80,0.05710207,30,True,observed_nonzero,True,5134,Naive1|Naive2|Naive3,L242237,4
L242237,Dabrafenib,8,0.00123286,1,0.00016223,182,0.12990721,140,True,observed_nonzero,True,6164,Naive1|Naive2|Naive3,L242237,4
L242237,Doxorubicin,8,0.00123286,11,0.00388418,22,0.01570307,1,True,observed_nonzero,True,2832,Naive1|Naive2|Naive3,L242237,4
L242237,Trametinib,8,0.00123286,0,0.0,275,0.19628837,1127,False,observed_zero,True,8091,Naive1|Naive2|Naive3,L242237,4
L242413,Acid,6,0.00092464,6,0.00082804,216,0.15417559,16,True,observed_nonzero,True,7246,Naive1|Naive2|Naive3,L242413,0
L242413,Cisplatin,6,0.00092464,0,0.0,273,0.19486081,1129,False,observed_zero,True,6815,Naive1|Naive2|Naive3,L242413,0
L242413,CoCl2,6,0.00092464,0,0.0,320,0.22840828,1082,False,observed_zero,True,5134,Naive1|Naive2|Naive3,L242413,0
L242413,Dabrafenib,6,0.00092464,0,0.0,322,0.22983583,1080,False,observed_zero,True,6164,Naive1|Naive2|Naive3,L242413,0
L242413,Doxorubicin,6,0.00092464,0,0.0,406,0.289793,996,False,observed_zero,True,2832,Naive1|Naive2|Naive3,L242413,0
L242413,Trametinib,6,0.00092464,0,0.0,275,0.19628837,1127,False,observed_zero,True,8091,Naive1|Naive2|Naive3,L242413,0
L242834,Acid,6,0.00092464,1,0.00013801,487,0.34760885,179,True,observed_nonzero,True,7246,Naive1|Naive2|Naive3,L242834,4
L242834,Cisplatin,6,0.00092464,0,0.0,273,0.19486081,1129,False,observed_zero,True,6815,Naive1|Naive2|Naive3,L242834,4
L242834,CoCl2,6,0.00092464,3,0.00058434,80,0.05710207,30,True,observed_nonzero,True,5134,Naive1|Naive2|Naive3,L242834,4
L242834,Dabrafenib,6,0.00092464,0,0.0,322,0.22983583,1080,False,observed_zero,True,6164,Naive1|Naive2|Naive3,L242834,4
L242834,Doxorubicin,6,0.00092464,0,0.0,406,0.289793,996,False,observed_zero,True,2832,Naive1|Naive2|Naive3,L242834,4
L242834,Trametinib,6,0.00092464,0,0.0,275,0.19628837,1127,False,observed_zero,True,8091,Naive1|Naive2|Naive3,L242834,4
L242935,Acid,1,0.00015411,0,0.0,666,0.47537473,736,False,observed_zero,True,7246,Naive1,L242935,0
L242935,Cisplatin,1,0.00015411,0,0.0,273,0.19486081,1129,False,observed_zero,True,6815,Naive1,L242935,0
L242935,CoCl2,1,0.00015411,0,0.0,320,0.22840828,1082,False,observed_zero,True,5134,Naive1,L242935,0
L242935,Dabrafenib,1,0.00015411,0,0.0,322,0.22983583,1080,False,observed_zero,True,6164,Naive1,L242935,0
L242935,Doxorubicin,1,0.00015411,2,0.00070621,135,0.09635974,83,True,observed_nonzero,True,2832,Naive1,L242935,0
L242935,Trametinib,1,0.00015411,0,0.0,275,0.19628837,1127,False,observed_zero,True,8091,Naive1,L242935,0
L242990,Acid,1,0.00015411,1,0.00013801,487,0.34760885,179,True,observed_nonzero,True,7246,Naive3,L242990,1
L242990,Cisplatin,1,0.00015411,0,0.0,273,0.19486081,1129,False,observed_zero,True,6815,Naive3,L242990,1
L242990,CoCl2,1,0.00015411,0,0.0,320,0.22840828,1082,False,observed_zero,True,5134,Naive3,L242990,1
L242990,Dabrafenib,1,0.00015411,4,0.00064893,100,0.07137759,13,True,observed_nonzero,True,6164,Naive3,L242990,1
L242990,Doxorubicin,1,0.00015411,2,0.00070621,135,0.09635974,83,True,observed_nonzero,True,2832,Naive3,L242990,1
L242990,Trametinib,1,0.00015411,2,0.00024719,124,0.08850821,37,True,observed_nonzero,True,8091,Naive3,L242990,1
L244174,Acid,2,0.00030821,0,0.0,666,0.47537473,736,False,observed_zero,True,7246,Naive1|Naive3,L244174,3
L244174,Cisplatin,2,0.00030821,0,0.0,273,0.19486081,1129,False,observed_zero,True,6815,Naive1|Naive3,L244174,3
L244174,CoCl2,2,0.00030821,0,0.0,320,0.22840828,1082,False,observed_zero,True,5134,Naive1|Naive3,L244174,3
L244174,Dabrafenib,2,0.00030821,1,0.00016223,182,0.12990721,140,True,observed_nonzero,True,6164,Naive1|Naive3,L244174,3
L244174,Doxorubicin,2,0.00030821,1,0.00035311,218,0.15560314,188,True,observed_nonzero,True,2832,Naive1|Naive3,L244174,3
L244174,Trametinib,2,0.00030821,1,0.00012359,161,0.11491792,114,True,observed_nonzero,True,8091,Naive1|Naive3,L244174,3
L24429,Acid,5,0.00077053,0,0.0,666,0.47537473,736,False,observed_zero,True,7246,Naive2|Naive3,L24429,4
L24429,Cisplatin,5,0.00077053,2,0.00029347,60,0.04282655,50,True,observed_nonzero,True,6815,Naive2|Naive3,L24429,4
L24429,CoCl2,5,0.00077053,0,0.0,320,0.22840828,1082,False,observed_zero,True,5134,Naive2|Naive3,L24429,4
L24429,Dabrafenib,5,0.00077053,1,0.00016223,182,0.12990721,140,True,observed_nonzero,True,6164,Naive2|Naive3,L24429,4
L24429,Doxorubicin,5,0.00077053,0,0.0,406,0.289793,996,False,observed_zero,True,2832,Naive2|Naive3,L24429,4
L24429,Trametinib,5,0.00077053,44,0.00543814,16,0.01142041,1,True,observed_nonzero,True,8091,Naive2|Naive3,L24429,4
L244352,Acid,1,0.00015411,0,0.0,666,0.47537473,736,False,observed_zero,True,7246,Naive2,L244352,4
L244352,Cisplatin,1,0.00015411,0,0.0,273,0.19486081,1129,False,observed_zero,True,6815,Naive2,L244352,4
L244352,CoCl2,1,0.00015411,0,0.0,320,0.22840828,1082,False,observed_zero,True,5134,Naive2,L244352,4
L244352,Dabrafenib,1,0.00015411,0,0.0,322,0.22983583,1080,False,observed_zero,True,6164,Naive2,L244352,4
L244352,Doxorubicin,1,0.00015411,0,0.0,406,0.289793,996,False,observed_zero,True,2832,Naive2,L244352,4
L244352,Trametinib,1,0.00015411,0,0.0,275,0.19628837,1127,False,observed_zero,True,8091,Naive2,L244352,4
L244486,Acid,1,0.00015411,2,0.00027601,380,0.27123483,107,True,observed_nonzero,True,7246,Naive2,L244486,2
L244486,Cisplatin,1,0.00015411,0,0.0,273,0.19486081,1129,False,observed_zero,True,6815,Naive2,L244486,2
L244486,CoCl2,1,0.00015411,0,0.0,320,0.22840828,1082,False,observed_zero,True,5134,Naive2,L244486,2
L244486,Dabrafenib,1,0.00015411,0,0.0,322,0.22983583,1080,False,observed_zero,True,6164,Naive2,L244486,2
L244486,Doxorubicin,1,0.00015411,0,0.0,406,0.289793,996,False,observed_zero,True,2832,Naive2,L244486,2
L244486,Trametinib,1,0.00015411,0,0.0,275,0.19628837,1127,False,observed_zero,True,8091,Naive2,L244486,2
L244685,Acid,1,0.00015411,0,0.0,666,0.47537473,736,False,observed_zero,True,7246,Naive3,L244685,3
L244685,Cisplatin,1,0.00015411,0,0.0,273,0.19486081,1129,False,observed_zero,True,6815,Naive3,L244685,3
L244685,CoCl2,1,0.00015411,1,0.00019478,179,0.12776588,141,True,observed_nonzero,True,5134,Naive3,L244685,3
L244685,Dabrafenib,1,0.00015411,0,0.0,322,0.22983583,1080,False,observed_zero,True,6164,Naive3,L244685,3
L244685,Doxorubicin,1,0.00015411,0,0.0,406,0.289793,996,False,observed_zero,True,2832,Naive3,L244685,3
L244685,Trametinib,1,0.00015411,0,0.0,275,0.19628837,1127,False,observed_zero,True,8091,Naive3,L244685,3
L244706,Acid,14,0.0021575,23,0.00317417,64,0.04568166,2,True,observed_nonzero,True,7246,Naive1|Naive2|Naive3,L244706,4
L244706,Cisplatin,14,0.0021575,1,0.00014674,110,0.07851535,163,True,observed_nonzero,True,6815,Naive1|Naive2|Naive3,L244706,4
L244706,CoCl2,14,0.0021575,7,0.00136346,30,0.02141328,6,True,observed_nonzero,True,5134,Naive1|Naive2|Naive3,L244706,4
L244706,Dabrafenib,14,0.0021575,2,0.00032446,135,0.09635974,47,True,observed_nonzero,True,6164,Naive1|Naive2|Naive3,L244706,4
L244706,Doxorubicin,14,0.0021575,2,0.00070621,135,0.09635974,83,True,observed_nonzero,True,2832,Naive1|Naive2|Naive3,L244706,4
L244706,Trametinib,14,0.0021575,1,0.00012359,161,0.11491792,114,True,observed_nonzero,True,8091,Naive1|Naive2|Naive3,L244706,4
L244886,Acid,31,0.00477732,9,0.00124206,156,0.11134904,17,True,observed_nonzero,True,7246,Naive1|Naive2|Naive3,L244886,4
L244886,Cisplatin,31,0.00477732,3,0.00044021,37,0.02640971,23,True,observed_nonzero,True,6815,Naive1|Naive2|Naive3,L244886,4
L244886,CoCl2,31,0.00477732,0,0.0,320,0.22840828,1082,False,observed_zero,True,5134,Naive1|Naive2|Naive3,L244886,4
L244886,Dabrafenib,31,0.00477732,0,0.0,322,0.22983583,1080,False,observed_zero,True,6164,Naive1|Naive2|Naive3,L244886,4
L244886,Doxorubicin,31,0.00477732,4,0.00141243,70,0.04996431,26,True,observed_nonzero,True,2832,Naive1|Naive2|Naive3,L244886,4
L244886,Trametinib,31,0.00477732,0,0.0,275,0.19628837,1127,False,observed_zero,True,8091,Naive1|Naive2|Naive3,L244886,4
L244940,Acid,2,0.00030821,9,0.00124206,156,0.11134904,17,True,observed_nonzero,True,7246,Naive1|Naive2,L244940,0
L244940,Cisplatin,2,0.00030821,0,0.0,273,0.19486081,1129,False,observed_zero,True,6815,Naive1|Naive2,L244940,0
L244940,CoCl2,2,0.00030821,0,0.0,320,0.22840828,1082,False,observed_zero,True,5134,Naive1|Naive2,L244940,0
L244940,Dabrafenib,2,0.00030821,1,0.00016223,182,0.12990721,140,True,observed_nonzero,True,6164,Naive1|Naive2,L244940,0
L244940,Doxorubicin,2,0.00030821,0,0.0,406,0.289793,996,False,observed_zero,True,2832,Naive1|Naive2,L244940,0
L244940,Trametinib,2,0.00030821,1,0.00012359,161,0.11491792,114,True,observed_nonzero,True,8091,Naive1|Naive2,L244940,0
L245078,Acid,5,0.00077053,3,0.00041402,318,0.22698073,62,True,observed_nonzero,True,7246,Naive1|Naive3,L245078,3
L245078,Cisplatin,5,0.00077053,0,0.0,273,0.19486081,1129,False,observed_zero,True,6815,Naive1|Naive3,L245078,3
L245078,CoCl2,5,0.00077053,0,0.0,320,0.22840828,1082,False,observed_zero,True,5134,Naive1|Naive3,L245078,3
L245078,Dabrafenib,5,0.00077053,0,0.0,322,0.22983583,1080,False,observed_zero,True,6164,Naive1|Naive3,L245078,3
L245078,Doxorubicin,5,0.00077053,0,0.0,406,0.289793,996,False,observed_zero,True,2832,Naive1|Naive3,L245078,3
L245078,Trametinib,5,0.00077053,0,0.0,275,0.19628837,1127,False,observed_zero,True,8091,Naive1|Naive3,L245078,3
L245624,Acid,1,0.00015411,0,0.0,666,0.47537473,736,False,observed_zero,True,7246,Naive3,L245624,3
L245624,Cisplatin,1,0.00015411,0,0.0,273,0.19486081,1129,False,observed_zero,True,6815,Naive3,L245624,3
L245624,CoCl2,1,0.00015411,0,0.0,320,0.22840828,1082,False,observed_zero,True,5134,Naive3,L245624,3
L245624,Dabrafenib,1,0.00015411,0,0.0,322,0.22983583,1080,False,observed_zero,True,6164,Naive3,L245624,3
L245624,Doxorubicin,1,0.00015411,0,0.0,406,0.289793,996,False,observed_zero,True,2832,Naive3,L245624,3
L245624,Trametinib,1,0.00015411,0,0.0,275,0.19628837,1127,False,observed_zero,True,8091,Naive3,L245624,3
L246037,Acid,10,0.00154107,2,0.00027601,380,0.27123483,107,True,observed_nonzero,True,7246,Naive1|Naive2|Naive3,L246037,2
L246037,Cisplatin,10,0.00154107,0,0.0,273,0.19486081,1129,False,observed_zero,True,6815,Naive1|Naive2|Naive3,L246037,2
L246037,CoCl2,10,0.00154107,5,0.0009739,47,0.03354747,16,True,observed_nonzero,True,5134,Naive1|Naive2|Naive3,L246037,2
L246037,Dabrafenib,10,0.00154107,1,0.00016223,182,0.12990721,140,True,observed_nonzero,True,6164,Naive1|Naive2|Naive3,L246037,2
L246037,Doxorubicin,10,0.00154107,1,0.00035311,218,0.15560314,188,True,observed_nonzero,True,2832,Naive1|Naive2|Naive3,L246037,2
L246037,Trametinib,10,0.00154107,0,0.0,275,0.19628837,1127,False,observed_zero,True,8091,Naive1|Naive2|Naive3,L246037,2
L246311,Acid,1,0.00015411,8,0.00110406,173,0.12348323,19,True,observed_nonzero,True,7246,Naive3,L246311,3
L246311,Cisplatin,1,0.00015411,2,0.00029347,60,0.04282655,50,True,observed_nonzero,True,6815,Naive3,L246311,3
L246311,CoCl2,1,0.00015411,4,0.00077912,63,0.04496788,17,True,observed_nonzero,True,5134,Naive3,L246311,3
L246311,Dabrafenib,1,0.00015411,460,0.07462687,2,0.00142755,1,True,observed_nonzero,True,6164,Naive3,L246311,3
L246311,Doxorubicin,1,0.00015411,2,0.00070621,135,0.09635974,83,True,observed_nonzero,True,2832,Naive3,L246311,3
L246311,Trametinib,1,0.00015411,237,0.02929181,5,0.00356888,1,True,observed_nonzero,True,8091,Naive3,L246311,3
L246615,Acid,3,0.00046232,0,0.0,666,0.47537473,736,False,observed_zero,True,7246,Naive1|Naive2|Naive3,L246615,0
L246615,Cisplatin,3,0.00046232,0,0.0,273,0.19486081,1129,False,observed_zero,True,6815,Naive1|Naive2|Naive3,L246615,0
L246615,CoCl2,3,0.00046232,0,0.0,320,0.22840828,1082,False,observed_zero,True,5134,Naive1|Naive2|Naive3,L246615,0
L246615,Dabrafenib,3,0.00046232,9,0.00146009,62,0.0442541,7,True,observed_nonzero,True,6164,Naive1|Naive2|Naive3,L246615,0
L246615,Doxorubicin,3,0.00046232,0,0.0,406,0.289793,996,False,observed_zero,True,2832,Naive1|Naive2|Naive3,L246615,0
L246615,Trametinib,3,0.00046232,7,0.00086516,67,0.04782298,9,True,observed_nonzero,True,8091,Naive1|Naive2|Naive3,L246615,0
L246665,Acid,2,0.00030821,0,0.0,666,0.47537473,736,False,observed_zero,True,7246,Naive2|Naive3,L246665,4
L246665,Cisplatin,2,0.00030821,0,0.0,273,0.19486081,1129,False,observed_zero,True,6815,Naive2|Naive3,L246665,4
L246665,CoCl2,2,0.00030821,0,0.0,320,0.22840828,1082,False,observed_zero,True,5134,Naive2|Naive3,L246665,4
L246665,Dabrafenib,2,0.00030821,1,0.00016223,182,0.12990721,140,True,observed_nonzero,True,6164,Naive2|Naive3,L246665,4
L246665,Doxorubicin,2,0.00030821,0,0.0,406,0.289793,996,False,observed_zero,True,2832,Naive2|Naive3,L246665,4
L246665,Trametinib,2,0.00030821,2,0.00024719,124,0.08850821,37,True,observed_nonzero,True,8091,Naive2|Naive3,L246665,4
L246708,Acid,1,0.00015411,0,0.0,666,0.47537473,736,False,observed_zero,True,7246,Naive3,L246708,1
L246708,Cisplatin,1,0.00015411,0,0.0,273,0.19486081,1129,False,observed_zero,True,6815,Naive3,L246708,1
L246708,CoCl2,1,0.00015411,0,0.0,320,0.22840828,1082,False,observed_zero,True,5134,Naive3,L246708,1
L246708,Dabrafenib,1,0.00015411,0,0.0,322,0.22983583,1080,False,observed_zero,True,6164,Naive3,L246708,1
L246708,Doxorubicin,1,0.00015411,0,0.0,406,0.289793,996,False,observed_zero,True,2832,Naive3,L246708,1
L246708,Trametinib,1,0.00015411,0,0.0,275,0.19628837,1127,False,observed_zero,True,8091,Naive3,L246708,1
L247066,Acid,7,0.00107875,7,0.00096605,192,0.13704497,24,True,observed_nonzero,True,7246,Naive1|Naive2|Naive3,L247066,2
L247066,Cisplatin,7,0.00107875,0,0.0,273,0.19486081,1129,False,observed_zero,True,6815,Naive1|Naive2|Naive3,L247066,2
L247066,CoCl2,7,0.00107875,0,0.0,320,0.22840828,1082,False,observed_zero,True,5134,Naive1|Naive2|Naive3,L247066,2
L247066,Dabrafenib,7,0.00107875,1,0.00016223,182,0.12990721,140,True,observed_nonzero,True,6164,Naive1|Naive2|Naive3,L247066,2
L247066,Doxorubicin,7,0.00107875,4,0.00141243,70,0.04996431,26,True,observed_nonzero,True,2832,Naive1|Naive2|Naive3,L247066,2
L247066,Trametinib,7,0.00107875,0,0.0,275,0.19628837,1127,False,observed_zero,True,8091,Naive1|Naive2|Naive3,L247066,2
L24713,Acid,1,0.00015411,0,0.0,666,0.47537473,736,False,observed_zero,True,7246,Naive2,L24713,2
L24713,Cisplatin,1,0.00015411,0,0.0,273,0.19486081,1129,False,observed_zero,True,6815,Naive2,L24713,2
L24713,CoCl2,1,0.00015411,0,0.0,320,0.22840828,1082,False,observed_zero,True,5134,Naive2,L24713,2
L24713,Dabrafenib,1,0.00015411,0,0.0,322,0.22983583,1080,False,observed_zero,True,6164,Naive2,L24713,2
L24713,Doxorubicin,1,0.00015411,0,0.0,406,0.289793,996,False,observed_zero,True,2832,Naive2,L24713,2
L24713,Trametinib,1,0.00015411,0,0.0,275,0.19628837,1127,False,observed_zero,True,8091,Naive2,L24713,2
L247317,Acid,2,0.00030821,0,0.0,666,0.47537473,736,False,observed_zero,True,7246,Naive2|Naive3,L247317,0
L247317,Cisplatin,2,0.00030821,0,0.0,273,0.19486081,1129,False,observed_zero,True,6815,Naive2|Naive3,L247317,0
L247317,CoCl2,2,0.00030821,0,0.0,320,0.22840828,1082,False,observed_zero,True,5134,Naive2|Naive3,L247317,0
L247317,Dabrafenib,2,0.00030821,0,0.0,322,0.22983583,1080,False,observed_zero,True,6164,Naive2|Naive3,L247317,0
L247317,Doxorubicin,2,0.00030821,1,0.00035311,218,0.15560314,188,True,observed_nonzero,True,2832,Naive2|Naive3,L247317,0
L247317,Trametinib,2,0.00030821,0,0.0,275,0.19628837,1127,False,observed_zero,True,8091,Naive2|Naive3,L247317,0
L247405,Acid,5,0.00077053,4,0.00055203,267,0.19057816,51,True,observed_nonzero,True,7246,Naive2|Naive3,L247405,0
L247405,Cisplatin,5,0.00077053,0,0.0,273,0.19486081,1129,False,observed_zero,True,6815,Naive2|Naive3,L247405,0
L247405,CoCl2,5,0.00077053,0,0.0,320,0.22840828,1082,False,observed_zero,True,5134,Naive2|Naive3,L247405,0
L247405,Dabrafenib,5,0.00077053,0,0.0,322,0.22983583,1080,False,observed_zero,True,6164,Naive2|Naive3,L247405,0
L247405,Doxorubicin,5,0.00077053,0,0.0,406,0.289793,996,False,observed_zero,True,2832,Naive2|Naive3,L247405,0
L247405,Trametinib,5,0.00077053,0,0.0,275,0.19628837,1127,False,observed_zero,True,8091,Naive2|Naive3,L247405,0
L247781,Acid,2,0.00030821,0,0.0,666,0.47537473,736,False,observed_zero,True,7246,Naive1|Naive3,L247781,2
L247781,Cisplatin,2,0.00030821,0,0.0,273,0.19486081,1129,False,observed_zero,True,6815,Naive1|Naive3,L247781,2
L247781,CoCl2,2,0.00030821,0,0.0,320,0.22840828,1082,False,observed_zero,True,5134,Naive1|Naive3,L247781,2
L247781,Dabrafenib,2,0.00030821,0,0.0,322,0.22983583,1080,False,observed_zero,True,6164,Naive1|Naive3,L247781,2
L247781,Doxorubicin,2,0.00030821,0,0.0,406,0.289793,996,False,observed_zero,True,2832,Naive1|Naive3,L247781,2
L247781,Trametinib,2,0.00030821,0,0.0,275,0.19628837,1127,False,observed_zero,True,8091,Naive1|Naive3,L247781,2
L247859,Acid,1,0.00015411,1,0.00013801,487,0.34760885,179,True,observed_nonzero,True,7246,Naive1,L247859,0
L247859,Cisplatin,1,0.00015411,0,0.0,273,0.19486081,1129,False,observed_zero,True,6815,Naive1,L247859,0
L247859,CoCl2,1,0.00015411,0,0.0,320,0.22840828,1082,False,observed_zero,True,5134,Naive1,L247859,0
L247859,Dabrafenib,1,0.00015411,0,0.0,322,0.22983583,1080,False,observed_zero,True,6164,Naive1,L247859,0
L247859,Doxorubicin,1,0.00015411,1,0.00035311,218,0.15560314,188,True,observed_nonzero,True,2832,Naive1,L247859,0
L247859,Trametinib,1,0.00015411,0,0.0,275,0.19628837,1127,False,observed_zero,True,8091,Naive1,L247859,0
L247904,Acid,1,0.00015411,0,0.0,666,0.47537473,736,False,observed_zero,True,7246,Naive1,L247904,4
L247904,Cisplatin,1,0.00015411,0,0.0,273,0.19486081,1129,False,observed_zero,True,6815,Naive1,L247904,4
L247904,CoCl2,1,0.00015411,0,0.0,320,0.22840828,1082,False,observed_zero,True,5134,Naive1,L247904,4
L247904,Dabrafenib,1,0.00015411,0,0.0,322,0.22983583,1080,False,observed_zero,True,6164,Naive1,L247904,4
L247904,Doxorubicin,1,0.00015411,0,0.0,406,0.289793,996,False,observed_zero,True,2832,Naive1,L247904,4
L247904,Trametinib,1,0.00015411,0,0.0,275,0.19628837,1127,False,observed_zero,True,8091,Naive1,L247904,4
L247990,Acid,8,0.00123286,7,0.00096605,192,0.13704497,24,True,observed_nonzero,True,7246,Naive1|Naive2|Naive3,L247990,0
L247990,Cisplatin,8,0.00123286,1,0.00014674,110,0.07851535,163,True,observed_nonzero,True,6815,Naive1|Naive2|Naive3,L247990,0
L247990,CoCl2,8,0.00123286,1,0.00019478,179,0.12776588,141,True,observed_nonzero,True,5134,Naive1|Naive2|Naive3,L247990,0
L247990,Dabrafenib,8,0.00123286,0,0.0,322,0.22983583,1080,False,observed_zero,True,6164,Naive1|Naive2|Naive3,L247990,0
L247990,Doxorubicin,8,0.00123286,0,0.0,406,0.289793,996,False,observed_zero,True,2832,Naive1|Naive2|Naive3,L247990,0
L247990,Trametinib,8,0.00123286,0,0.0,275,0.19628837,1127,False,observed_zero,True,8091,Naive1|Naive2|Naive3,L247990,0
L248375,Acid,4,0.00061643,1,0.00013801,487,0.34760885,179,True,observed_nonzero,True,7246,Naive2|Naive3,L248375,2
L248375,Cisplatin,4,0.00061643,0,0.0,273,0.19486081,1129,False,observed_zero,True,6815,Naive2|Naive3,L248375,2
L248375,CoCl2,4,0.00061643,0,0.0,320,0.22840828,1082,False,observed_zero,True,5134,Naive2|Naive3,L248375,2
L248375,Dabrafenib,4,0.00061643,1,0.00016223,182,0.12990721,140,True,observed_nonzero,True,6164,Naive2|Naive3,L248375,2
L248375,Doxorubicin,4,0.00061643,1,0.00035311,218,0.15560314,188,True,observed_nonzero,True,2832,Naive2|Naive3,L248375,2
L248375,Trametinib,4,0.00061643,0,0.0,275,0.19628837,1127,False,observed_zero,True,8091,Naive2|Naive3,L248375,2
L248468,Acid,1,0.00015411,0,0.0,666,0.47537473,736,False,observed_zero,True,7246,Naive3,L248468,3
L248468,Cisplatin,1,0.00015411,0,0.0,273,0.19486081,1129,False,observed_zero,True,6815,Naive3,L248468,3
L248468,CoCl2,1,0.00015411,0,0.0,320,0.22840828,1082,False,observed_zero,True,5134,Naive3,L248468,3
L248468,Dabrafenib,1,0.00015411,0,0.0,322,0.22983583,1080,False,observed_zero,True,6164,Naive3,L248468,3
L248468,Doxorubicin,1,0.00015411,0,0.0,406,0.289793,996,False,observed_zero,True,2832,Naive3,L248468,3
L248468,Trametinib,1,0.00015411,0,0.0,275,0.19628837,1127,False,observed_zero,True,8091,Naive3,L248468,3
L248720,Acid,1,0.00015411,1,0.00013801,487,0.34760885,179,True,observed_nonzero,True,7246,Naive2,L248720,2
L248720,Cisplatin,1,0.00015411,0,0.0,273,0.19486081,1129,False,observed_zero,True,6815,Naive2,L248720,2
L248720,CoCl2,1,0.00015411,0,0.0,320,0.22840828,1082,False,observed_zero,True,5134,Naive2,L248720,2
L248720,Dabrafenib,1,0.00015411,1,0.00016223,182,0.12990721,140,True,observed_nonzero,True,6164,Naive2,L248720,2
L248720,Doxorubicin,1,0.00015411,0,0.0,406,0.289793,996,False,observed_zero,True,2832,Naive2,L248720,2
L248720,Trametinib,1,0.00015411,0,0.0,275,0.19628837,1127,False,observed_zero,True,8091,Naive2,L248720,2
L24904,Acid,1,0.00015411,2,0.00027601,380,0.27123483,107,True,observed_nonzero,True,7246,Naive2,L24904,2
L24904,Cisplatin,1,0.00015411,0,0.0,273,0.19486081,1129,False,observed_zero,True,6815,Naive2,L24904,2
L24904,CoCl2,1,0.00015411,0,0.0,320,0.22840828,1082,False,observed_zero,True,5134,Naive2,L24904,2
L24904,Dabrafenib,1,0.00015411,0,0.0,322,0.22983583,1080,False,observed_zero,True,6164,Naive2,L24904,2
L24904,Doxorubicin,1,0.00015411,0,0.0,406,0.289793,996,False,observed_zero,True,2832,Naive2,L24904,2
L24904,Trametinib,1,0.00015411,0,0.0,275,0.19628837,1127,False,observed_zero,True,8091,Naive2,L24904,2
L249292,Acid,6,0.00092464,4,0.00055203,267,0.19057816,51,True,observed_nonzero,True,7246,Naive2|Naive3,L249292,3
L249292,Cisplatin,6,0.00092464,0,0.0,273,0.19486081,1129,False,observed_zero,True,6815,Naive2|Naive3,L249292,3
L249292,CoCl2,6,0.00092464,0,0.0,320,0.22840828,1082,False,observed_zero,True,5134,Naive2|Naive3,L249292,3
L249292,Dabrafenib,6,0.00092464,2,0.00032446,135,0.09635974,47,True,observed_nonzero,True,6164,Naive2|Naive3,L249292,3
L249292,Doxorubicin,6,0.00092464,5,0.00176554,59,0.04211278,11,True,observed_nonzero,True,2832,Naive2|Naive3,L249292,3
L249292,Trametinib,6,0.00092464,0,0.0,275,0.19628837,1127,False,observed_zero,True,8091,Naive2|Naive3,L249292,3
L249301,Acid,1,0.00015411,1,0.00013801,487,0.34760885,179,True,observed_nonzero,True,7246,Naive2,L249301,4
L249301,Cisplatin,1,0.00015411,0,0.0,273,0.19486081,1129,False,observed_zero,True,6815,Naive2,L249301,4
L249301,CoCl2,1,0.00015411,0,0.0,320,0.22840828,1082,False,observed_zero,True,5134,Naive2,L249301,4
L249301,Dabrafenib,1,0.00015411,0,0.0,322,0.22983583,1080,False,observed_zero,True,6164,Naive2,L249301,4
L249301,Doxorubicin,1,0.00015411,0,0.0,406,0.289793,996,False,observed_zero,True,2832,Naive2,L249301,4
L249301,Trametinib,1,0.00015411,0,0.0,275,0.19628837,1127,False,observed_zero,True,8091,Naive2,L249301,4
L249378,Acid,6,0.00092464,0,0.0,666,0.47537473,736,False,observed_zero,True,7246,Naive1|Naive2|Naive3,L249378,4
L249378,Cisplatin,6,0.00092464,0,0.0,273,0.19486081,1129,False,observed_zero,True,6815,Naive1|Naive2|Naive3,L249378,4
L249378,CoCl2,6,0.00092464,0,0.0,320,0.22840828,1082,False,observed_zero,True,5134,Naive1|Naive2|Naive3,L249378,4
L249378,Dabrafenib,6,0.00092464,0,0.0,322,0.22983583,1080,False,observed_zero,True,6164,Naive1|Naive2|Naive3,L249378,4
L249378,Doxorubicin,6,0.00092464,0,0.0,406,0.289793,996,False,observed_zero,True,2832,Naive1|Naive2|Naive3,L249378,4
L249378,Trametinib,6,0.00092464,0,0.0,275,0.19628837,1127,False,observed_zero,True,8091,Naive1|Naive2|Naive3,L249378,4
L249999,Acid,18,0.00277393,10,0.00138007,149,0.10635261,7,True,observed_nonzero,True,7246,Naive1|Naive2|Naive3,L249999,3
L249999,Cisplatin,18,0.00277393,0,0.0,273,0.19486081,1129,False,observed_zero,True,6815,Naive1|Naive2|Naive3,L249999,3
L249999,CoCl2,18,0.00277393,8,0.00155824,25,0.0178444,5,True,observed_nonzero,True,5134,Naive1|Naive2|Naive3,L249999,3
L249999,Dabrafenib,18,0.00277393,1,0.00016223,182,0.12990721,140,True,observed_nonzero,True,6164,Naive1|Naive2|Naive3,L249999,3
L249999,Doxorubicin,18,0.00277393,1,0.00035311,218,0.15560314,188,True,observed_nonzero,True,2832,Naive1|Naive2|Naive3,L249999,3
L249999,Trametinib,18,0.00277393,0,0.0,275,0.19628837,1127,False,observed_zero,True,8091,Naive1|Naive2|Naive3,L249999,3
L250048,Acid,3,0.00046232,1,0.00013801,487,0.34760885,179,True,observed_nonzero,True,7246,Naive2|Naive3,L250048,2
L250048,Cisplatin,3,0.00046232,0,0.0,273,0.19486081,1129,False,observed_zero,True,6815,Naive2|Naive3,L250048,2
L250048,CoCl2,3,0.00046232,0,0.0,320,0.22840828,1082,False,observed_zero,True,5134,Naive2|Naive3,L250048,2
L250048,Dabrafenib,3,0.00046232,0,0.0,322,0.22983583,1080,False,observed_zero,True,6164,Naive2|Naive3,L250048,2
L250048,Doxorubicin,3,0.00046232,0,0.0,406,0.289793,996,False,observed_zero,True,2832,Naive2|Naive3,L250048,2
L250048,Trametinib,3,0.00046232,0,0.0,275,0.19628837,1127,False,observed_zero,True,8091,Naive2|Naive3,L250048,2
L25042,Acid,6,0.00092464,0,0.0,666,0.47537473,736,False,observed_zero,True,7246,Naive1|Naive3,L25042,4
L25042,Cisplatin,6,0.00092464,0,0.0,273,0.19486081,1129,False,observed_zero,True,6815,Naive1|Naive3,L25042,4
L25042,CoCl2,6,0.00092464,1,0.00019478,179,0.12776588,141,True,observed_nonzero,True,5134,Naive1|Naive3,L25042,4
L25042,Dabrafenib,6,0.00092464,0,0.0,322,0.22983583,1080,False,observed_zero,True,6164,Naive1|Naive3,L25042,4
L25042,Doxorubicin,6,0.00092464,0,0.0,406,0.289793,996,False,observed_zero,True,2832,Naive1|Naive3,L25042,4
L25042,Trametinib,6,0.00092464,0,0.0,275,0.19628837,1127,False,observed_zero,True,8091,Naive1|Naive3,L25042,4
L250608,Acid,1,0.00015411,0,0.0,666,0.47537473,736,False,observed_zero,True,7246,Naive1,L250608,2
L250608,Cisplatin,1,0.00015411,0,0.0,273,0.19486081,1129,False,observed_zero,True,6815,Naive1,L250608,2
L250608,CoCl2,1,0.00015411,0,0.0,320,0.22840828,1082,False,observed_zero,True,5134,Naive1,L250608,2
L250608,Dabrafenib,1,0.00015411,0,0.0,322,0.22983583,1080,False,observed_zero,True,6164,Naive1,L250608,2
L250608,Doxorubicin,1,0.00015411,0,0.0,406,0.289793,996,False,observed_zero,True,2832,Naive1,L250608,2
L250608,Trametinib,1,0.00015411,0,0.0,275,0.19628837,1127,False,observed_zero,True,8091,Naive1,L250608,2
L25093,Acid,2,0.00030821,0,0.0,666,0.47537473,736,False,observed_zero,True,7246,Naive1|Naive3,L25093,4
L25093,Cisplatin,2,0.00030821,0,0.0,273,0.19486081,1129,False,observed_zero,True,6815,Naive1|Naive3,L25093,4
L25093,CoCl2,2,0.00030821,0,0.0,320,0.22840828,1082,False,observed_zero,True,5134,Naive1|Naive3,L25093,4
L25093,Dabrafenib,2,0.00030821,0,0.0,322,0.22983583,1080,False,observed_zero,True,6164,Naive1|Naive3,L25093,4
L25093,Doxorubicin,2,0.00030821,0,0.0,406,0.289793,996,False,observed_zero,True,2832,Naive1|Naive3,L25093,4
L25093,Trametinib,2,0.00030821,0,0.0,275,0.19628837,1127,False,observed_zero,True,8091,Naive1|Naive3,L25093,4
L251298,Acid,1,0.00015411,0,0.0,666,0.47537473,736,False,observed_zero,True,7246,Naive3,L251298,1
L251298,Cisplatin,1,0.00015411,0,0.0,273,0.19486081,1129,False,observed_zero,True,6815,Naive3,L251298,1
L251298,CoCl2,1,0.00015411,0,0.0,320,0.22840828,1082,False,observed_zero,True,5134,Naive3,L251298,1
L251298,Dabrafenib,1,0.00015411,0,0.0,322,0.22983583,1080,False,observed_zero,True,6164,Naive3,L251298,1
L251298,Doxorubicin,1,0.00015411,0,0.0,406,0.289793,996,False,observed_zero,True,2832,Naive3,L251298,1
L251298,Trametinib,1,0.00015411,0,0.0,275,0.19628837,1127,False,observed_zero,True,8091,Naive3,L251298,1
L251300,Acid,1,0.00015411,0,0.0,666,0.47537473,736,False,observed_zero,True,7246,Naive1,L251300,3
L251300,Cisplatin,1,0.00015411,0,0.0,273,0.19486081,1129,False,observed_zero,True,6815,Naive1,L251300,3
L251300,CoCl2,1,0.00015411,0,0.0,320,0.22840828,1082,False,observed_zero,True,5134,Naive1,L251300,3
L251300,Dabrafenib,1,0.00015411,0,0.0,322,0.22983583,1080,False,observed_zero,True,6164,Naive1,L251300,3
L251300,Doxorubicin,1,0.00015411,1,0.00035311,218,0.15560314,188,True,observed_nonzero,True,2832,Naive1,L251300,3
L251300,Trametinib,1,0.00015411,0,0.0,275,0.19628837,1127,False,observed_zero,True,8091,Naive1,L251300,3
L25167,Acid,3,0.00046232,0,0.0,666,0.47537473,736,False,observed_zero,True,7246,Naive2|Naive3,L25167,0
L25167,Cisplatin,3,0.00046232,0,0.0,273,0.19486081,1129,False,observed_zero,True,6815,Naive2|Naive3,L25167,0
L25167,CoCl2,3,0.00046232,0,0.0,320,0.22840828,1082,False,observed_zero,True,5134,Naive2|Naive3,L25167,0
L25167,Dabrafenib,3,0.00046232,1,0.00016223,182,0.12990721,140,True,observed_nonzero,True,6164,Naive2|Naive3,L25167,0
L25167,Doxorubicin,3,0.00046232,0,0.0,406,0.289793,996,False,observed_zero,True,2832,Naive2|Naive3,L25167,0
L25167,Trametinib,3,0.00046232,0,0.0,275,0.19628837,1127,False,observed_zero,True,8091,Naive2|Naive3,L25167,0
L251680,Acid,6,0.00092464,9,0.00124206,156,0.11134904,17,True,observed_nonzero,True,7246,Naive2|Naive3,L251680,3
L251680,Cisplatin,6,0.00092464,0,0.0,273,0.19486081,1129,False,observed_zero,True,6815,Naive2|Naive3,L251680,3
L251680,CoCl2,6,0.00092464,2,0.00038956,110,0.07851535,69,True,observed_nonzero,True,5134,Naive2|Naive3,L251680,3
L251680,Dabrafenib,6,0.00092464,1,0.00016223,182,0.12990721,140,True,observed_nonzero,True,6164,Naive2|Naive3,L251680,3
L251680,Doxorubicin,6,0.00092464,1,0.00035311,218,0.15560314,188,True,observed_nonzero,True,2832,Naive2|Naive3,L251680,3
L251680,Trametinib,6,0.00092464,0,0.0,275,0.19628837,1127,False,observed_zero,True,8091,Naive2|Naive3,L251680,3
L251719,Acid,23,0.00354446,40,0.00552029,31,0.02212705,5,True,observed_nonzero,True,7246,Naive1|Naive2|Naive3,L251719,2
L251719,Cisplatin,23,0.00354446,0,0.0,273,0.19486081,1129,False,observed_zero,True,6815,Naive1|Naive2|Naive3,L251719,2
L251719,CoCl2,23,0.00354446,1,0.00019478,179,0.12776588,141,True,observed_nonzero,True,5134,Naive1|Naive2|Naive3,L251719,2
L251719,Dabrafenib,23,0.00354446,2,0.00032446,135,0.09635974,47,True,observed_nonzero,True,6164,Naive1|Naive2|Naive3,L251719,2
L251719,Doxorubicin,23,0.00354446,8,0.00282486,32,0.02284083,9,True,observed_nonzero,True,2832,Naive1|Naive2|Naive3,L251719,2
L251719,Trametinib,23,0.00354446,0,0.0,275,0.19628837,1127,False,observed_zero,True,8091,Naive1|Naive2|Naive3,L251719,2
L251893,Acid,4,0.00061643,0,0.0,666,0.47537473,736,False,observed_zero,True,7246,Naive2|Naive3,L251893,2
L251893,Cisplatin,4,0.00061643,1,0.00014674,110,0.07851535,163,True,observed_nonzero,True,6815,Naive2|Naive3,L251893,2
L251893,CoCl2,4,0.00061643,0,0.0,320,0.22840828,1082,False,observed_zero,True,5134,Naive2|Naive3,L251893,2
L251893,Dabrafenib,4,0.00061643,0,0.0,322,0.22983583,1080,False,observed_zero,True,6164,Naive2|Naive3,L251893,2
L251893,Doxorubicin,4,0.00061643,2,0.00070621,135,0.09635974,83,True,observed_nonzero,True,2832,Naive2|Naive3,L251893,2
L251893,Trametinib,4,0.00061643,0,0.0,275,0.19628837,1127,False,observed_zero,True,8091,Naive2|Naive3,L251893,2
L252275,Acid,9,0.00138696,5,0.00069004,232,0.165596,35,True,observed_nonzero,True,7246,Naive1|Naive2|Naive3,L252275,0
L252275,Cisplatin,9,0.00138696,0,0.0,273,0.19486081,1129,False,observed_zero,True,6815,Naive1|Naive2|Naive3,L252275,0
L252275,CoCl2,9,0.00138696,0,0.0,320,0.22840828,1082,False,observed_zero,True,5134,Naive1|Naive2|Naive3,L252275,0
L252275,Dabrafenib,9,0.00138696,0,0.0,322,0.22983583,1080,False,observed_zero,True,6164,Naive1|Naive2|Naive3,L252275,0
L252275,Doxorubicin,9,0.00138696,2,0.00070621,135,0.09635974,83,True,observed_nonzero,True,2832,Naive1|Naive2|Naive3,L252275,0
L252275,Trametinib,9,0.00138696,0,0.0,275,0.19628837,1127,False,observed_zero,True,8091,Naive1|Naive2|Naive3,L252275,0
L252321,Acid,16,0.00246571,7,0.00096605,192,0.13704497,24,True,observed_nonzero,True,7246,Naive1|Naive2|Naive3,L252321,2
L252321,Cisplatin,16,0.00246571,2,0.00029347,60,0.04282655,50,True,observed_nonzero,True,6815,Naive1|Naive2|Naive3,L252321,2
L252321,CoCl2,16,0.00246571,0,0.0,320,0.22840828,1082,False,observed_zero,True,5134,Naive1|Naive2|Naive3,L252321,2
L252321,Dabrafenib,16,0.00246571,3,0.0004867,113,0.08065667,22,True,observed_nonzero,True,6164,Naive1|Naive2|Naive3,L252321,2
L252321,Doxorubicin,16,0.00246571,0,0.0,406,0.289793,996,False,observed_zero,True,2832,Naive1|Naive2|Naive3,L252321,2
L252321,Trametinib,16,0.00246571,0,0.0,275,0.19628837,1127,False,observed_zero,True,8091,Naive1|Naive2|Naive3,L252321,2
L252770,Acid,1,0.00015411,0,0.0,666,0.47537473,736,False,observed_zero,True,7246,Naive3,L252770,4
L252770,Cisplatin,1,0.00015411,0,0.0,273,0.19486081,1129,False,observed_zero,True,6815,Naive3,L252770,4
L252770,CoCl2,1,0.00015411,1,0.00019478,179,0.12776588,141,True,observed_nonzero,True,5134,Naive3,L252770,4
L252770,Dabrafenib,1,0.00015411,1,0.00016223,182,0.12990721,140,True,observed_nonzero,True,6164,Naive3,L252770,4
L252770,Doxorubicin,1,0.00015411,0,0.0,406,0.289793,996,False,observed_zero,True,2832,Naive3,L252770,4
L252770,Trametinib,1,0.00015411,0,0.0,275,0.19628837,1127,False,observed_zero,True,8091,Naive3,L252770,4
L253198,Acid,5,0.00077053,0,0.0,666,0.47537473,736,False,observed_zero,True,7246,Naive1|Naive2,L253198,0
L253198,Cisplatin,5,0.00077053,1,0.00014674,110,0.07851535,163,True,observed_nonzero,True,6815,Naive1|Naive2,L253198,0
L253198,CoCl2,5,0.00077053,0,0.0,320,0.22840828,1082,False,observed_zero,True,5134,Naive1|Naive2,L253198,0
L253198,Dabrafenib,5,0.00077053,1,0.00016223,182,0.12990721,140,True,observed_nonzero,True,6164,Naive1|Naive2,L253198,0
L253198,Doxorubicin,5,0.00077053,1,0.00035311,218,0.15560314,188,True,observed_nonzero,True,2832,Naive1|Naive2,L253198,0
L253198,Trametinib,5,0.00077053,0,0.0,275,0.19628837,1127,False,observed_zero,True,8091,Naive1|Naive2,L253198,0
L253300,Acid,4,0.00061643,0,0.0,666,0.47537473,736,False,observed_zero,True,7246,Naive2|Naive3,L253300,2
L253300,Cisplatin,4,0.00061643,0,0.0,273,0.19486081,1129,False,observed_zero,True,6815,Naive2|Naive3,L253300,2
L253300,CoCl2,4,0.00061643,1,0.00019478,179,0.12776588,141,True,observed_nonzero,True,5134,Naive2|Naive3,L253300,2
L253300,Dabrafenib,4,0.00061643,0,0.0,322,0.22983583,1080,False,observed_zero,True,6164,Naive2|Naive3,L253300,2
L253300,Doxorubicin,4,0.00061643,1,0.00035311,218,0.15560314,188,True,observed_nonzero,True,2832,Naive2|Naive3,L253300,2
L253300,Trametinib,4,0.00061643,0,0.0,275,0.19628837,1127,False,observed_zero,True,8091,Naive2|Naive3,L253300,2
L25334,Acid,2,0.00030821,0,0.0,666,0.47537473,736,False,observed_zero,True,7246,Naive3,L25334,3
L25334,Cisplatin,2,0.00030821,0,0.0,273,0.19486081,1129,False,observed_zero,True,6815,Naive3,L25334,3
L25334,CoCl2,2,0.00030821,0,0.0,320,0.22840828,1082,False,observed_zero,True,5134,Naive3,L25334,3
L25334,Dabrafenib,2,0.00030821,0,0.0,322,0.22983583,1080,False,observed_zero,True,6164,Naive3,L25334,3
L25334,Doxorubicin,2,0.00030821,0,0.0,406,0.289793,996,False,observed_zero,True,2832,Naive3,L25334,3
L25334,Trametinib,2,0.00030821,0,0.0,275,0.19628837,1127,False,observed_zero,True,8091,Naive3,L25334,3
L253916,Acid,1,0.00015411,0,0.0,666,0.47537473,736,False,observed_zero,True,7246,Naive2,L253916,1
L253916,Cisplatin,1,0.00015411,0,0.0,273,0.19486081,1129,False,observed_zero,True,6815,Naive2,L253916,1
L253916,CoCl2,1,0.00015411,0,0.0,320,0.22840828,1082,False,observed_zero,True,5134,Naive2,L253916,1
L253916,Dabrafenib,1,0.00015411,0,0.0,322,0.22983583,1080,False,observed_zero,True,6164,Naive2,L253916,1
L253916,Doxorubicin,1,0.00015411,0,0.0,406,0.289793,996,False,observed_zero,True,2832,Naive2,L253916,1
L253916,Trametinib,1,0.00015411,0,0.0,275,0.19628837,1127,False,observed_zero,True,8091,Naive2,L253916,1
L254234,Acid,3,0.00046232,8,0.00110406,173,0.12348323,19,True,observed_nonzero,True,7246,Naive3,L254234,3
L254234,Cisplatin,3,0.00046232,0,0.0,273,0.19486081,1129,False,observed_zero,True,6815,Naive3,L254234,3
L254234,CoCl2,3,0.00046232,0,0.0,320,0.22840828,1082,False,observed_zero,True,5134,Naive3,L254234,3
L254234,Dabrafenib,3,0.00046232,0,0.0,322,0.22983583,1080,False,observed_zero,True,6164,Naive3,L254234,3
L254234,Doxorubicin,3,0.00046232,2,0.00070621,135,0.09635974,83,True,observed_nonzero,True,2832,Naive3,L254234,3
L254234,Trametinib,3,0.00046232,0,0.0,275,0.19628837,1127,False,observed_zero,True,8091,Naive3,L254234,3
L254373,Acid,5,0.00077053,0,0.0,666,0.47537473,736,False,observed_zero,True,7246,Naive2|Naive3,L254373,4
L254373,Cisplatin,5,0.00077053,0,0.0,273,0.19486081,1129,False,observed_zero,True,6815,Naive2|Naive3,L254373,4
L254373,CoCl2,5,0.00077053,0,0.0,320,0.22840828,1082,False,observed_zero,True,5134,Naive2|Naive3,L254373,4
L254373,Dabrafenib,5,0.00077053,0,0.0,322,0.22983583,1080,False,observed_zero,True,6164,Naive2|Naive3,L254373,4
L254373,Doxorubicin,5,0.00077053,0,0.0,406,0.289793,996,False,observed_zero,True,2832,Naive2|Naive3,L254373,4
L254373,Trametinib,5,0.00077053,0,0.0,275,0.19628837,1127,False,observed_zero,True,8091,Naive2|Naive3,L254373,4
L254701,Acid,1,0.00015411,0,0.0,666,0.47537473,736,False,observed_zero,True,7246,Naive2,L254701,1
L254701,Cisplatin,1,0.00015411,0,0.0,273,0.19486081,1129,False,observed_zero,True,6815,Naive2,L254701,1
L254701,CoCl2,1,0.00015411,0,0.0,320,0.22840828,1082,False,observed_zero,True,5134,Naive2,L254701,1
L254701,Dabrafenib,1,0.00015411,0,0.0,322,0.22983583,1080,False,observed_zero,True,6164,Naive2,L254701,1
L254701,Doxorubicin,1,0.00015411,0,0.0,406,0.289793,996,False,observed_zero,True,2832,Naive2,L254701,1
L254701,Trametinib,1,0.00015411,0,0.0,275,0.19628837,1127,False,observed_zero,True,8091,Naive2,L254701,1
L254794,Acid,1,0.00015411,0,0.0,666,0.47537473,736,False,observed_zero,True,7246,Naive2,L254794,1
L254794,Cisplatin,1,0.00015411,0,0.0,273,0.19486081,1129,False,observed_zero,True,6815,Naive2,L254794,1
L254794,CoCl2,1,0.00015411,0,0.0,320,0.22840828,1082,False,observed_zero,True,5134,Naive2,L254794,1
L254794,Dabrafenib,1,0.00015411,0,0.0,322,0.22983583,1080,False,observed_zero,True,6164,Naive2,L254794,1
L254794,Doxorubicin,1,0.00015411,0,0.0,406,0.289793,996,False,observed_zero,True,2832,Naive2,L254794,1
L254794,Trametinib,1,0.00015411,0,0.0,275,0.19628837,1127,False,observed_zero,True,8091,Naive2,L254794,1
L254958,Acid,2,0.00030821,0,0.0,666,0.47537473,736,False,observed_zero,True,7246,Naive2|Naive3,L254958,1
L254958,Cisplatin,2,0.00030821,1,0.00014674,110,0.07851535,163,True,observed_nonzero,True,6815,Naive2|Naive3,L254958,1
L254958,CoCl2,2,0.00030821,0,0.0,320,0.22840828,1082,False,observed_zero,True,5134,Naive2|Naive3,L254958,1
L254958,Dabrafenib,2,0.00030821,0,0.0,322,0.22983583,1080,False,observed_zero,True,6164,Naive2|Naive3,L254958,1
L254958,Doxorubicin,2,0.00030821,0,0.0,406,0.289793,996,False,observed_zero,True,2832,Naive2|Naive3,L254958,1
L254958,Trametinib,2,0.00030821,0,0.0,275,0.19628837,1127,False,observed_zero,True,8091,Naive2|Naive3,L254958,1
L255104,Acid,2,0.00030821,1,0.00013801,487,0.34760885,179,True,observed_nonzero,True,7246,Naive3,L255104,3
L255104,Cisplatin,2,0.00030821,0,0.0,273,0.19486081,1129,False,observed_zero,True,6815,Naive3,L255104,3
L255104,CoCl2,2,0.00030821,0,0.0,320,0.22840828,1082,False,observed_zero,True,5134,Naive3,L255104,3
L255104,Dabrafenib,2,0.00030821,0,0.0,322,0.22983583,1080,False,observed_zero,True,6164,Naive3,L255104,3
L255104,Doxorubicin,2,0.00030821,0,0.0,406,0.289793,996,False,observed_zero,True,2832,Naive3,L255104,3
L255104,Trametinib,2,0.00030821,0,0.0,275,0.19628837,1127,False,observed_zero,True,8091,Naive3,L255104,3
L25515,Acid,4,0.00061643,0,0.0,666,0.47537473,736,False,observed_zero,True,7246,Naive1|Naive3,L25515,1
L25515,Cisplatin,4,0.00061643,0,0.0,273,0.19486081,1129,False,observed_zero,True,6815,Naive1|Naive3,L25515,1
L25515,CoCl2,4,0.00061643,0,0.0,320,0.22840828,1082,False,observed_zero,True,5134,Naive1|Naive3,L25515,1
L25515,Dabrafenib,4,0.00061643,7,0.00113563,72,0.05139186,8,True,observed_nonzero,True,6164,Naive1|Naive3,L25515,1
L25515,Doxorubicin,4,0.00061643,0,0.0,406,0.289793,996,False,observed_zero,True,2832,Naive1|Naive3,L25515,1
L25515,Trametinib,4,0.00061643,24,0.00296626,24,0.01713062,1,True,observed_nonzero,True,8091,Naive1|Naive3,L25515,1
L255305,Acid,2,0.00030821,1,0.00013801,487,0.34760885,179,True,observed_nonzero,True,7246,Naive1|Naive3,L255305,2
L255305,Cisplatin,2,0.00030821,0,0.0,273,0.19486081,1129,False,observed_zero,True,6815,Naive1|Naive3,L255305,2
L255305,CoCl2,2,0.00030821,0,0.0,320,0.22840828,1082,False,observed_zero,True,5134,Naive1|Naive3,L255305,2
L255305,Dabrafenib,2,0.00030821,0,0.0,322,0.22983583,1080,False,observed_zero,True,6164,Naive1|Naive3,L255305,2
L255305,Doxorubicin,2,0.00030821,0,0.0,406,0.289793,996,False,observed_zero,True,2832,Naive1|Naive3,L255305,2
L255305,Trametinib,2,0.00030821,0,0.0,275,0.19628837,1127,False,observed_zero,True,8091,Naive1|Naive3,L255305,2
L255407,Acid,1,0.00015411,1,0.00013801,487,0.34760885,179,True,observed_nonzero,True,7246,Naive2,L255407,3
L255407,Cisplatin,1,0.00015411,0,0.0,273,0.19486081,1129,False,observed_zero,True,6815,Naive2,L255407,3
L255407,CoCl2,1,0.00015411,0,0.0,320,0.22840828,1082,False,observed_zero,True,5134,Naive2,L255407,3
L255407,Dabrafenib,1,0.00015411,0,0.0,322,0.22983583,1080,False,observed_zero,True,6164,Naive2,L255407,3
L255407,Doxorubicin,1,0.00015411,0,0.0,406,0.289793,996,False,observed_zero,True,2832,Naive2,L255407,3
L255407,Trametinib,1,0.00015411,0,0.0,275,0.19628837,1127,False,observed_zero,True,8091,Naive2,L255407,3
L255411,Acid,1,0.00015411,0,0.0,666,0.47537473,736,False,observed_zero,True,7246,Naive1,L255411,2
L255411,Cisplatin,1,0.00015411,0,0.0,273,0.19486081,1129,False,observed_zero,True,6815,Naive1,L255411,2
L255411,CoCl2,1,0.00015411,0,0.0,320,0.22840828,1082,False,observed_zero,True,5134,Naive1,L255411,2
L255411,Dabrafenib,1,0.00015411,0,0.0,322,0.22983583,1080,False,observed_zero,True,6164,Naive1,L255411,2
L255411,Doxorubicin,1,0.00015411,0,0.0,406,0.289793,996,False,observed_zero,True,2832,Naive1,L255411,2
L255411,Trametinib,1,0.00015411,0,0.0,275,0.19628837,1127,False,observed_zero,True,8091,Naive1,L255411,2
L255751,Acid,2,0.00030821,0,0.0,666,0.47537473,736,False,observed_zero,True,7246,Naive3,L255751,0
L255751,Cisplatin,2,0.00030821,1,0.00014674,110,0.07851535,163,True,observed_nonzero,True,6815,Naive3,L255751,0
L255751,CoCl2,2,0.00030821,0,0.0,320,0.22840828,1082,False,observed_zero,True,5134,Naive3,L255751,0
L255751,Dabrafenib,2,0.00030821,0,0.0,322,0.22983583,1080,False,observed_zero,True,6164,Naive3,L255751,0
L255751,Doxorubicin,2,0.00030821,1,0.00035311,218,0.15560314,188,True,observed_nonzero,True,2832,Naive3,L255751,0
L255751,Trametinib,2,0.00030821,0,0.0,275,0.19628837,1127,False,observed_zero,True,8091,Naive3,L255751,0
L256320,Acid,1,0.00015411,0,0.0,666,0.47537473,736,False,observed_zero,True,7246,Naive3,L256320,0
L256320,Cisplatin,1,0.00015411,1,0.00014674,110,0.07851535,163,True,observed_nonzero,True,6815,Naive3,L256320,0
L256320,CoCl2,1,0.00015411,0,0.0,320,0.22840828,1082,False,observed_zero,True,5134,Naive3,L256320,0
L256320,Dabrafenib,1,0.00015411,0,0.0,322,0.22983583,1080,False,observed_zero,True,6164,Naive3,L256320,0
L256320,Doxorubicin,1,0.00015411,0,0.0,406,0.289793,996,False,observed_zero,True,2832,Naive3,L256320,0
L256320,Trametinib,1,0.00015411,0,0.0,275,0.19628837,1127,False,observed_zero,True,8091,Naive3,L256320,0
L256449,Acid,1,0.00015411,0,0.0,666,0.47537473,736,False,observed_zero,True,7246,Naive2,L256449,2
L256449,Cisplatin,1,0.00015411,0,0.0,273,0.19486081,1129,False,observed_zero,True,6815,Naive2,L256449,2
L256449,CoCl2,1,0.00015411,0,0.0,320,0.22840828,1082,False,observed_zero,True,5134,Naive2,L256449,2
L256449,Dabrafenib,1,0.00015411,0,0.0,322,0.22983583,1080,False,observed_zero,True,6164,Naive2,L256449,2
L256449,Doxorubicin,1,0.00015411,0,0.0,406,0.289793,996,False,observed_zero,True,2832,Naive2,L256449,2
L256449,Trametinib,1,0.00015411,0,0.0,275,0.19628837,1127,False,observed_zero,True,8091,Naive2,L256449,2
L257082,Acid,12,0.00184928,2,0.00027601,380,0.27123483,107,True,observed_nonzero,True,7246,Naive1|Naive2|Naive3,L257082,1
L257082,Cisplatin,12,0.00184928,2,0.00029347,60,0.04282655,50,True,observed_nonzero,True,6815,Naive1|Naive2|Naive3,L257082,1
L257082,CoCl2,12,0.00184928,2,0.00038956,110,0.07851535,69,True,observed_nonzero,True,5134,Naive1|Naive2|Naive3,L257082,1
L257082,Dabrafenib,12,0.00184928,1,0.00016223,182,0.12990721,140,True,observed_nonzero,True,6164,Naive1|Naive2|Naive3,L257082,1
L257082,Doxorubicin,12,0.00184928,4,0.00141243,70,0.04996431,26,True,observed_nonzero,True,2832,Naive1|Naive2|Naive3,L257082,1
L257082,Trametinib,12,0.00184928,0,0.0,275,0.19628837,1127,False,observed_zero,True,8091,Naive1|Naive2|Naive3,L257082,1
L257154,Acid,32,0.00493142,26,0.00358819,53,0.03783012,4,True,observed_nonzero,True,7246,Naive1|Naive2|Naive3,L257154,4
L257154,Cisplatin,32,0.00493142,4,0.00058694,23,0.01641685,14,True,observed_nonzero,True,6815,Naive1|Naive2|Naive3,L257154,4
L257154,CoCl2,32,0.00493142,3,0.00058434,80,0.05710207,30,True,observed_nonzero,True,5134,Naive1|Naive2|Naive3,L257154,4
L257154,Dabrafenib,32,0.00493142,6,0.00097339,80,0.05710207,11,True,observed_nonzero,True,6164,Naive1|Naive2|Naive3,L257154,4
L257154,Doxorubicin,32,0.00493142,5,0.00176554,59,0.04211278,11,True,observed_nonzero,True,2832,Naive1|Naive2|Naive3,L257154,4
L257154,Trametinib,32,0.00493142,1,0.00012359,161,0.11491792,114,True,observed_nonzero,True,8091,Naive1|Naive2|Naive3,L257154,4
L257749,Acid,1,0.00015411,0,0.0,666,0.47537473,736,False,observed_zero,True,7246,Naive3,L257749,0
L257749,Cisplatin,1,0.00015411,0,0.0,273,0.19486081,1129,False,observed_zero,True,6815,Naive3,L257749,0
L257749,CoCl2,1,0.00015411,0,0.0,320,0.22840828,1082,False,observed_zero,True,5134,Naive3,L257749,0
L257749,Dabrafenib,1,0.00015411,0,0.0,322,0.22983583,1080,False,observed_zero,True,6164,Naive3,L257749,0
L257749,Doxorubicin,1,0.00015411,0,0.0,406,0.289793,996,False,observed_zero,True,2832,Naive3,L257749,0
L257749,Trametinib,1,0.00015411,0,0.0,275,0.19628837,1127,False,observed_zero,True,8091,Naive3,L257749,0
L258435,Acid,1,0.00015411,0,0.0,666,0.47537473,736,False,observed_zero,True,7246,Naive3,L258435,2
L258435,Cisplatin,1,0.00015411,0,0.0,273,0.19486081,1129,False,observed_zero,True,6815,Naive3,L258435,2
L258435,CoCl2,1,0.00015411,0,0.0,320,0.22840828,1082,False,observed_zero,True,5134,Naive3,L258435,2
L258435,Dabrafenib,1,0.00015411,0,0.0,322,0.22983583,1080,False,observed_zero,True,6164,Naive3,L258435,2
L258435,Doxorubicin,1,0.00015411,1,0.00035311,218,0.15560314,188,True,observed_nonzero,True,2832,Naive3,L258435,2
L258435,Trametinib,1,0.00015411,0,0.0,275,0.19628837,1127,False,observed_zero,True,8091,Naive3,L258435,2
L258506,Acid,1,0.00015411,0,0.0,666,0.47537473,736,False,observed_zero,True,7246,Naive2,L258506,1
L258506,Cisplatin,1,0.00015411,0,0.0,273,0.19486081,1129,False,observed_zero,True,6815,Naive2,L258506,1
L258506,CoCl2,1,0.00015411,0,0.0,320,0.22840828,1082,False,observed_zero,True,5134,Naive2,L258506,1
L258506,Dabrafenib,1,0.00015411,0,0.0,322,0.22983583,1080,False,observed_zero,True,6164,Naive2,L258506,1
L258506,Doxorubicin,1,0.00015411,0,0.0,406,0.289793,996,False,observed_zero,True,2832,Naive2,L258506,1
L258506,Trametinib,1,0.00015411,1,0.00012359,161,0.11491792,114,True,observed_nonzero,True,8091,Naive2,L258506,1
L258524,Acid,3,0.00046232,0,0.0,666,0.47537473,736,False,observed_zero,True,7246,Naive1|Naive2|Naive3,L258524,0
L258524,Cisplatin,3,0.00046232,1,0.00014674,110,0.07851535,163,True,observed_nonzero,True,6815,Naive1|Naive2|Naive3,L258524,0
L258524,CoCl2,3,0.00046232,0,0.0,320,0.22840828,1082,False,observed_zero,True,5134,Naive1|Naive2|Naive3,L258524,0
L258524,Dabrafenib,3,0.00046232,3,0.0004867,113,0.08065667,22,True,observed_nonzero,True,6164,Naive1|Naive2|Naive3,L258524,0
L258524,Doxorubicin,3,0.00046232,0,0.0,406,0.289793,996,False,observed_zero,True,2832,Naive1|Naive2|Naive3,L258524,0
L258524,Trametinib,3,0.00046232,6,0.00074156,76,0.05424697,9,True,observed_nonzero,True,8091,Naive1|Naive2|Naive3,L258524,0
L258800,Acid,1,0.00015411,0,0.0,666,0.47537473,736,False,observed_zero,True,7246,Naive3,L258800,2
L258800,Cisplatin,1,0.00015411,0,0.0,273,0.19486081,1129,False,observed_zero,True,6815,Naive3,L258800,2
L258800,CoCl2,1,0.00015411,0,0.0,320,0.22840828,1082,False,observed_zero,True,5134,Naive3,L258800,2
L258800,Dabrafenib,1,0.00015411,0,0.0,322,0.22983583,1080,False,observed_zero,True,6164,Naive3,L258800,2
L258800,Doxorubicin,1,0.00015411,0,0.0,406,0.289793,996,False,observed_zero,True,2832,Naive3,L258800,2
L258800,Trametinib,1,0.00015411,0,0.0,275,0.19628837,1127,False,observed_zero,True,8091,Naive3,L258800,2
L259056,Acid,2,0.00030821,0,0.0,666,0.47537473,736,False,observed_zero,True,7246,Naive2|Naive3,L259056,4
L259056,Cisplatin,2,0.00030821,0,0.0,273,0.19486081,1129,False,observed_zero,True,6815,Naive2|Naive3,L259056,4
L259056,CoCl2,2,0.00030821,0,0.0,320,0.22840828,1082,False,observed_zero,True,5134,Naive2|Naive3,L259056,4
L259056,Dabrafenib,2,0.00030821,0,0.0,322,0.22983583,1080,False,observed_zero,True,6164,Naive2|Naive3,L259056,4
L259056,Doxorubicin,2,0.00030821,0,0.0,406,0.289793,996,False,observed_zero,True,2832,Naive2|Naive3,L259056,4
L259056,Trametinib,2,0.00030821,0,0.0,275,0.19628837,1127,False,observed_zero,True,8091,Naive2|Naive3,L259056,4
L259385,Acid,1,0.00015411,0,0.0,666,0.47537473,736,False,observed_zero,True,7246,Naive2,L259385,3
L259385,Cisplatin,1,0.00015411,0,0.0,273,0.19486081,1129,False,observed_zero,True,6815,Naive2,L259385,3
L259385,CoCl2,1,0.00015411,0,0.0,320,0.22840828,1082,False,observed_zero,True,5134,Naive2,L259385,3
L259385,Dabrafenib,1,0.00015411,0,0.0,322,0.22983583,1080,False,observed_zero,True,6164,Naive2,L259385,3
L259385,Doxorubicin,1,0.00015411,0,0.0,406,0.289793,996,False,observed_zero,True,2832,Naive2,L259385,3
L259385,Trametinib,1,0.00015411,0,0.0,275,0.19628837,1127,False,observed_zero,True,8091,Naive2,L259385,3
L259644,Acid,3,0.00046232,0,0.0,666,0.47537473,736,False,observed_zero,True,7246,Naive2|Naive3,L259644,0
L259644,Cisplatin,3,0.00046232,0,0.0,273,0.19486081,1129,False,observed_zero,True,6815,Naive2|Naive3,L259644,0
L259644,CoCl2,3,0.00046232,1,0.00019478,179,0.12776588,141,True,observed_nonzero,True,5134,Naive2|Naive3,L259644,0
L259644,Dabrafenib,3,0.00046232,0,0.0,322,0.22983583,1080,False,observed_zero,True,6164,Naive2|Naive3,L259644,0
L259644,Doxorubicin,3,0.00046232,0,0.0,406,0.289793,996,False,observed_zero,True,2832,Naive2|Naive3,L259644,0
L259644,Trametinib,3,0.00046232,0,0.0,275,0.19628837,1127,False,observed_zero,True,8091,Naive2|Naive3,L259644,0
L260364,Acid,5,0.00077053,0,0.0,666,0.47537473,736,False,observed_zero,True,7246,Naive1|Naive2|Naive3,L260364,0
L260364,Cisplatin,5,0.00077053,0,0.0,273,0.19486081,1129,False,observed_zero,True,6815,Naive1|Naive2|Naive3,L260364,0
L260364,CoCl2,5,0.00077053,0,0.0,320,0.22840828,1082,False,observed_zero,True,5134,Naive1|Naive2|Naive3,L260364,0
L260364,Dabrafenib,5,0.00077053,0,0.0,322,0.22983583,1080,False,observed_zero,True,6164,Naive1|Naive2|Naive3,L260364,0
L260364,Doxorubicin,5,0.00077053,0,0.0,406,0.289793,996,False,observed_zero,True,2832,Naive1|Naive2|Naive3,L260364,0
L260364,Trametinib,5,0.00077053,0,0.0,275,0.19628837,1127,False,observed_zero,True,8091,Naive1|Naive2|Naive3,L260364,0
L260458,Acid,10,0.00154107,0,0.0,666,0.47537473,736,False,observed_zero,True,7246,Naive1|Naive2|Naive3,L260458,4
L260458,Cisplatin,10,0.00154107,0,0.0,273,0.19486081,1129,False,observed_zero,True,6815,Naive1|Naive2|Naive3,L260458,4
L260458,CoCl2,10,0.00154107,1,0.00019478,179,0.12776588,141,True,observed_nonzero,True,5134,Naive1|Naive2|Naive3,L260458,4
L260458,Dabrafenib,10,0.00154107,0,0.0,322,0.22983583,1080,False,observed_zero,True,6164,Naive1|Naive2|Naive3,L260458,4
L260458,Doxorubicin,10,0.00154107,1,0.00035311,218,0.15560314,188,True,observed_nonzero,True,2832,Naive1|Naive2|Naive3,L260458,4
L260458,Trametinib,10,0.00154107,1,0.00012359,161,0.11491792,114,True,observed_nonzero,True,8091,Naive1|Naive2|Naive3,L260458,4
L260546,Acid,2,0.00030821,1,0.00013801,487,0.34760885,179,True,observed_nonzero,True,7246,Naive2,L260546,1
L260546,Cisplatin,2,0.00030821,0,0.0,273,0.19486081,1129,False,observed_zero,True,6815,Naive2,L260546,1
L260546,CoCl2,2,0.00030821,0,0.0,320,0.22840828,1082,False,observed_zero,True,5134,Naive2,L260546,1
L260546,Dabrafenib,2,0.00030821,0,0.0,322,0.22983583,1080,False,observed_zero,True,6164,Naive2,L260546,1
L260546,Doxorubicin,2,0.00030821,0,0.0,406,0.289793,996,False,observed_zero,True,2832,Naive2,L260546,1
L260546,Trametinib,2,0.00030821,0,0.0,275,0.19628837,1127,False,observed_zero,True,8091,Naive2,L260546,1
L260648,Acid,1,0.00015411,0,0.0,666,0.47537473,736,False,observed_zero,True,7246,Naive3,L260648,4
L260648,Cisplatin,1,0.00015411,0,0.0,273,0.19486081,1129,False,observed_zero,True,6815,Naive3,L260648,4
L260648,CoCl2,1,0.00015411,0,0.0,320,0.22840828,1082,False,observed_zero,True,5134,Naive3,L260648,4
L260648,Dabrafenib,1,0.00015411,0,0.0,322,0.22983583,1080,False,observed_zero,True,6164,Naive3,L260648,4
L260648,Doxorubicin,1,0.00015411,0,0.0,406,0.289793,996,False,observed_zero,True,2832,Naive3,L260648,4
L260648,Trametinib,1,0.00015411,0,0.0,275,0.19628837,1127,False,observed_zero,True,8091,Naive3,L260648,4
L261529,Acid,1,0.00015411,0,0.0,666,0.47537473,736,False,observed_zero,True,7246,Naive3,L261529,0
L261529,Cisplatin,1,0.00015411,0,0.0,273,0.19486081,1129,False,observed_zero,True,6815,Naive3,L261529,0
L261529,CoCl2,1,0.00015411,0,0.0,320,0.22840828,1082,False,observed_zero,True,5134,Naive3,L261529,0
L261529,Dabrafenib,1,0.00015411,0,0.0,322,0.22983583,1080,False,observed_zero,True,6164,Naive3,L261529,0
L261529,Doxorubicin,1,0.00015411,0,0.0,406,0.289793,996,False,observed_zero,True,2832,Naive3,L261529,0
L261529,Trametinib,1,0.00015411,0,0.0,275,0.19628837,1127,False,observed_zero,True,8091,Naive3,L261529,0
L261918,Acid,2,0.00030821,5,0.00069004,232,0.165596,35,True,observed_nonzero,True,7246,Naive1|Naive3,L261918,0
L261918,Cisplatin,2,0.00030821,0,0.0,273,0.19486081,1129,False,observed_zero,True,6815,Naive1|Naive3,L261918,0
L261918,CoCl2,2,0.00030821,0,0.0,320,0.22840828,1082,False,observed_zero,True,5134,Naive1|Naive3,L261918,0
L261918,Dabrafenib,2,0.00030821,0,0.0,322,0.22983583,1080,False,observed_zero,True,6164,Naive1|Naive3,L261918,0
L261918,Doxorubicin,2,0.00030821,2,0.00070621,135,0.09635974,83,True,observed_nonzero,True,2832,Naive1|Naive3,L261918,0
L261918,Trametinib,2,0.00030821,0,0.0,275,0.19628837,1127,False,observed_zero,True,8091,Naive1|Naive3,L261918,0
L261955,Acid,1,0.00015411,0,0.0,666,0.47537473,736,False,observed_zero,True,7246,Naive3,L261955,1
L261955,Cisplatin,1,0.00015411,0,0.0,273,0.19486081,1129,False,observed_zero,True,6815,Naive3,L261955,1
L261955,CoCl2,1,0.00015411,0,0.0,320,0.22840828,1082,False,observed_zero,True,5134,Naive3,L261955,1
L261955,Dabrafenib,1,0.00015411,0,0.0,322,0.22983583,1080,False,observed_zero,True,6164,Naive3,L261955,1
L261955,Doxorubicin,1,0.00015411,0,0.0,406,0.289793,996,False,observed_zero,True,2832,Naive3,L261955,1
L261955,Trametinib,1,0.00015411,0,0.0,275,0.19628837,1127,False,observed_zero,True,8091,Naive3,L261955,1
L262018,Acid,1,0.00015411,0,0.0,666,0.47537473,736,False,observed_zero,True,7246,Naive3,L262018,4
L262018,Cisplatin,1,0.00015411,0,0.0,273,0.19486081,1129,False,observed_zero,True,6815,Naive3,L262018,4
L262018,CoCl2,1,0.00015411,0,0.0,320,0.22840828,1082,False,observed_zero,True,5134,Naive3,L262018,4
L262018,Dabrafenib,1,0.00015411,0,0.0,322,0.22983583,1080,False,observed_zero,True,6164,Naive3,L262018,4
L262018,Doxorubicin,1,0.00015411,0,0.0,406,0.289793,996,False,observed_zero,True,2832,Naive3,L262018,4
L262018,Trametinib,1,0.00015411,0,0.0,275,0.19628837,1127,False,observed_zero,True,8091,Naive3,L262018,4
L262260,Acid,2,0.00030821,0,0.0,666,0.47537473,736,False,observed_zero,True,7246,Naive3,L262260,2
L262260,Cisplatin,2,0.00030821,0,0.0,273,0.19486081,1129,False,observed_zero,True,6815,Naive3,L262260,2
L262260,CoCl2,2,0.00030821,0,0.0,320,0.22840828,1082,False,observed_zero,True,5134,Naive3,L262260,2
L262260,Dabrafenib,2,0.00030821,2,0.00032446,135,0.09635974,47,True,observed_nonzero,True,6164,Naive3,L262260,2
L262260,Doxorubicin,2,0.00030821,3,0.00105932,96,0.06852248,39,True,observed_nonzero,True,2832,Naive3,L262260,2
L262260,Trametinib,2,0.00030821,1,0.00012359,161,0.11491792,114,True,observed_nonzero,True,8091,Naive3,L262260,2
L262482,Acid,1,0.00015411,1,0.00013801,487,0.34760885,179,True,observed_nonzero,True,7246,Naive1,L262482,1
L262482,Cisplatin,1,0.00015411,0,0.0,273,0.19486081,1129,False,observed_zero,True,6815,Naive1,L262482,1
L262482,CoCl2,1,0.00015411,0,0.0,320,0.22840828,1082,False,observed_zero,True,5134,Naive1,L262482,1
L262482,Dabrafenib,1,0.00015411,0,0.0,322,0.22983583,1080,False,observed_zero,True,6164,Naive1,L262482,1
L262482,Doxorubicin,1,0.00015411,0,0.0,406,0.289793,996,False,observed_zero,True,2832,Naive1,L262482,1
L262482,Trametinib,1,0.00015411,1,0.00012359,161,0.11491792,114,True,observed_nonzero,True,8091,Naive1,L262482,1
L263044,Acid,1,0.00015411,0,0.0,666,0.47537473,736,False,observed_zero,True,7246,Naive3,L263044,3
L263044,Cisplatin,1,0.00015411,0,0.0,273,0.19486081,1129,False,observed_zero,True,6815,Naive3,L263044,3
L263044,CoCl2,1,0.00015411,0,0.0,320,0.22840828,1082,False,observed_zero,True,5134,Naive3,L263044,3
L263044,Dabrafenib,1,0.00015411,0,0.0,322,0.22983583,1080,False,observed_zero,True,6164,Naive3,L263044,3
L263044,Doxorubicin,1,0.00015411,0,0.0,406,0.289793,996,False,observed_zero,True,2832,Naive3,L263044,3
L263044,Trametinib,1,0.00015411,0,0.0,275,0.19628837,1127,False,observed_zero,True,8091,Naive3,L263044,3
L263321,Acid,1,0.00015411,1,0.00013801,487,0.34760885,179,True,observed_nonzero,True,7246,Naive2,L263321,2
L263321,Cisplatin,1,0.00015411,0,0.0,273,0.19486081,1129,False,observed_zero,True,6815,Naive2,L263321,2
L263321,CoCl2,1,0.00015411,0,0.0,320,0.22840828,1082,False,observed_zero,True,5134,Naive2,L263321,2
L263321,Dabrafenib,1,0.00015411,0,0.0,322,0.22983583,1080,False,observed_zero,True,6164,Naive2,L263321,2
L263321,Doxorubicin,1,0.00015411,0,0.0,406,0.289793,996,False,observed_zero,True,2832,Naive2,L263321,2
L263321,Trametinib,1,0.00015411,0,0.0,275,0.19628837,1127,False,observed_zero,True,8091,Naive2,L263321,2
L263433,Acid,1,0.00015411,0,0.0,666,0.47537473,736,False,observed_zero,True,7246,Naive2,L263433,3
L263433,Cisplatin,1,0.00015411,0,0.0,273,0.19486081,1129,False,observed_zero,True,6815,Naive2,L263433,3
L263433,CoCl2,1,0.00015411,0,0.0,320,0.22840828,1082,False,observed_zero,True,5134,Naive2,L263433,3
L263433,Dabrafenib,1,0.00015411,0,0.0,322,0.22983583,1080,False,observed_zero,True,6164,Naive2,L263433,3
L263433,Doxorubicin,1,0.00015411,2,0.00070621,135,0.09635974,83,True,observed_nonzero,True,2832,Naive2,L263433,3
L263433,Trametinib,1,0.00015411,0,0.0,275,0.19628837,1127,False,observed_zero,True,8091,Naive2,L263433,3
L263517,Acid,8,0.00123286,3,0.00041402,318,0.22698073,62,True,observed_nonzero,True,7246,Naive1|Naive2|Naive3,L263517,2
L263517,Cisplatin,8,0.00123286,0,0.0,273,0.19486081,1129,False,observed_zero,True,6815,Naive1|Naive2|Naive3,L263517,2
L263517,CoCl2,8,0.00123286,0,0.0,320,0.22840828,1082,False,observed_zero,True,5134,Naive1|Naive2|Naive3,L263517,2
L263517,Dabrafenib,8,0.00123286,0,0.0,322,0.22983583,1080,False,observed_zero,True,6164,Naive1|Naive2|Naive3,L263517,2
L263517,Doxorubicin,8,0.00123286,0,0.0,406,0.289793,996,False,observed_zero,True,2832,Naive1|Naive2|Naive3,L263517,2
L263517,Trametinib,8,0.00123286,0,0.0,275,0.19628837,1127,False,observed_zero,True,8091,Naive1|Naive2|Naive3,L263517,2
L263548,Acid,2,0.00030821,0,0.0,666,0.47537473,736,False,observed_zero,True,7246,Naive2|Naive3,L263548,2
L263548,Cisplatin,2,0.00030821,1,0.00014674,110,0.07851535,163,True,observed_nonzero,True,6815,Naive2|Naive3,L263548,2
L263548,CoCl2,2,0.00030821,0,0.0,320,0.22840828,1082,False,observed_zero,True,5134,Naive2|Naive3,L263548,2
L263548,Dabrafenib,2,0.00030821,0,0.0,322,0.22983583,1080,False,observed_zero,True,6164,Naive2|Naive3,L263548,2
L263548,Doxorubicin,2,0.00030821,0,0.0,406,0.289793,996,False,observed_zero,True,2832,Naive2|Naive3,L263548,2
L263548,Trametinib,2,0.00030821,0,0.0,275,0.19628837,1127,False,observed_zero,True,8091,Naive2|Naive3,L263548,2
L263554,Acid,3,0.00046232,0,0.0,666,0.47537473,736,False,observed_zero,True,7246,Naive3,L263554,3
L263554,Cisplatin,3,0.00046232,0,0.0,273,0.19486081,1129,False,observed_zero,True,6815,Naive3,L263554,3
L263554,CoCl2,3,0.00046232,0,0.0,320,0.22840828,1082,False,observed_zero,True,5134,Naive3,L263554,3
L263554,Dabrafenib,3,0.00046232,0,0.0,322,0.22983583,1080,False,observed_zero,True,6164,Naive3,L263554,3
L263554,Doxorubicin,3,0.00046232,0,0.0,406,0.289793,996,False,observed_zero,True,2832,Naive3,L263554,3
L263554,Trametinib,3,0.00046232,5,0.00061797,85,0.06067095,6,True,observed_nonzero,True,8091,Naive3,L263554,3
L263788,Acid,4,0.00061643,0,0.0,666,0.47537473,736,False,observed_zero,True,7246,Naive1|Naive2,L263788,0
L263788,Cisplatin,4,0.00061643,0,0.0,273,0.19486081,1129,False,observed_zero,True,6815,Naive1|Naive2,L263788,0
L263788,CoCl2,4,0.00061643,0,0.0,320,0.22840828,1082,False,observed_zero,True,5134,Naive1|Naive2,L263788,0
L263788,Dabrafenib,4,0.00061643,0,0.0,322,0.22983583,1080,False,observed_zero,True,6164,Naive1|Naive2,L263788,0
L263788,Doxorubicin,4,0.00061643,4,0.00141243,70,0.04996431,26,True,observed_nonzero,True,2832,Naive1|Naive2,L263788,0
L263788,Trametinib,4,0.00061643,0,0.0,275,0.19628837,1127,False,observed_zero,True,8091,Naive1|Naive2,L263788,0
L263872,Acid,2,0.00030821,0,0.0,666,0.47537473,736,False,observed_zero,True,7246,Naive3,L263872,4
L263872,Cisplatin,2,0.00030821,0,0.0,273,0.19486081,1129,False,observed_zero,True,6815,Naive3,L263872,4
L263872,CoCl2,2,0.00030821,0,0.0,320,0.22840828,1082,False,observed_zero,True,5134,Naive3,L263872,4
L263872,Dabrafenib,2,0.00030821,0,0.0,322,0.22983583,1080,False,observed_zero,True,6164,Naive3,L263872,4
L263872,Doxorubicin,2,0.00030821,0,0.0,406,0.289793,996,False,observed_zero,True,2832,Naive3,L263872,4
L263872,Trametinib,2,0.00030821,0,0.0,275,0.19628837,1127,False,observed_zero,True,8091,Naive3,L263872,4
L263990,Acid,5,0.00077053,3,0.00041402,318,0.22698073,62,True,observed_nonzero,True,7246,Naive1|Naive3,L263990,1
L263990,Cisplatin,5,0.00077053,0,0.0,273,0.19486081,1129,False,observed_zero,True,6815,Naive1|Naive3,L263990,1
L263990,CoCl2,5,0.00077053,1,0.00019478,179,0.12776588,141,True,observed_nonzero,True,5134,Naive1|Naive3,L263990,1
L263990,Dabrafenib,5,0.00077053,0,0.0,322,0.22983583,1080,False,observed_zero,True,6164,Naive1|Naive3,L263990,1
L263990,Doxorubicin,5,0.00077053,0,0.0,406,0.289793,996,False,observed_zero,True,2832,Naive1|Naive3,L263990,1
L263990,Trametinib,5,0.00077053,0,0.0,275,0.19628837,1127,False,observed_zero,True,8091,Naive1|Naive3,L263990,1
L264326,Acid,2,0.00030821,0,0.0,666,0.47537473,736,False,observed_zero,True,7246,Naive1|Naive2,L264326,2
L264326,Cisplatin,2,0.00030821,0,0.0,273,0.19486081,1129,False,observed_zero,True,6815,Naive1|Naive2,L264326,2
L264326,CoCl2,2,0.00030821,0,0.0,320,0.22840828,1082,False,observed_zero,True,5134,Naive1|Naive2,L264326,2
L264326,Dabrafenib,2,0.00030821,0,0.0,322,0.22983583,1080,False,observed_zero,True,6164,Naive1|Naive2,L264326,2
L264326,Doxorubicin,2,0.00030821,0,0.0,406,0.289793,996,False,observed_zero,True,2832,Naive1|Naive2,L264326,2
L264326,Trametinib,2,0.00030821,0,0.0,275,0.19628837,1127,False,observed_zero,True,8091,Naive1|Naive2,L264326,2
L264836,Acid,2,0.00030821,2,0.00027601,380,0.27123483,107,True,observed_nonzero,True,7246,Naive2|Naive3,L264836,3
L264836,Cisplatin,2,0.00030821,0,0.0,273,0.19486081,1129,False,observed_zero,True,6815,Naive2|Naive3,L264836,3
L264836,CoCl2,2,0.00030821,1,0.00019478,179,0.12776588,141,True,observed_nonzero,True,5134,Naive2|Naive3,L264836,3
L264836,Dabrafenib,2,0.00030821,0,0.0,322,0.22983583,1080,False,observed_zero,True,6164,Naive2|Naive3,L264836,3
L264836,Doxorubicin,2,0.00030821,0,0.0,406,0.289793,996,False,observed_zero,True,2832,Naive2|Naive3,L264836,3
L264836,Trametinib,2,0.00030821,0,0.0,275,0.19628837,1127,False,observed_zero,True,8091,Naive2|Naive3,L264836,3
L264933,Acid,2,0.00030821,1,0.00013801,487,0.34760885,179,True,observed_nonzero,True,7246,Naive3,L264933,1
L264933,Cisplatin,2,0.00030821,1,0.00014674,110,0.07851535,163,True,observed_nonzero,True,6815,Naive3,L264933,1
L264933,CoCl2,2,0.00030821,0,0.0,320,0.22840828,1082,False,observed_zero,True,5134,Naive3,L264933,1
L264933,Dabrafenib,2,0.00030821,0,0.0,322,0.22983583,1080,False,observed_zero,True,6164,Naive3,L264933,1
L264933,Doxorubicin,2,0.00030821,0,0.0,406,0.289793,996,False,observed_zero,True,2832,Naive3,L264933,1
L264933,Trametinib,2,0.00030821,0,0.0,275,0.19628837,1127,False,observed_zero,True,8091,Naive3,L264933,1
L264962,Acid,14,0.0021575,5,0.00069004,232,0.165596,35,True,observed_nonzero,True,7246,Naive1|Naive2|Naive3,L264962,3
L264962,Cisplatin,14,0.0021575,0,0.0,273,0.19486081,1129,False,observed_zero,True,6815,Naive1|Naive2|Naive3,L264962,3
L264962,CoCl2,14,0.0021575,2,0.00038956,110,0.07851535,69,True,observed_nonzero,True,5134,Naive1|Naive2|Naive3,L264962,3
L264962,Dabrafenib,14,0.0021575,0,0.0,322,0.22983583,1080,False,observed_zero,True,6164,Naive1|Naive2|Naive3,L264962,3
L264962,Doxorubicin,14,0.0021575,3,0.00105932,96,0.06852248,39,True,observed_nonzero,True,2832,Naive1|Naive2|Naive3,L264962,3
L264962,Trametinib,14,0.0021575,0,0.0,275,0.19628837,1127,False,observed_zero,True,8091,Naive1|Naive2|Naive3,L264962,3
L265375,Acid,1,0.00015411,0,0.0,666,0.47537473,736,False,observed_zero,True,7246,Naive2,L265375,2
L265375,Cisplatin,1,0.00015411,0,0.0,273,0.19486081,1129,False,observed_zero,True,6815,Naive2,L265375,2
L265375,CoCl2,1,0.00015411,0,0.0,320,0.22840828,1082,False,observed_zero,True,5134,Naive2,L265375,2
L265375,Dabrafenib,1,0.00015411,0,0.0,322,0.22983583,1080,False,observed_zero,True,6164,Naive2,L265375,2
L265375,Doxorubicin,1,0.00015411,0,0.0,406,0.289793,996,False,observed_zero,True,2832,Naive2,L265375,2
L265375,Trametinib,1,0.00015411,0,0.0,275,0.19628837,1127,False,observed_zero,True,8091,Naive2,L265375,2
L265836,Acid,6,0.00092464,0,0.0,666,0.47537473,736,False,observed_zero,True,7246,Naive1|Naive2|Naive3,L265836,0
L265836,Cisplatin,6,0.00092464,0,0.0,273,0.19486081,1129,False,observed_zero,True,6815,Naive1|Naive2|Naive3,L265836,0
L265836,CoCl2,6,0.00092464,0,0.0,320,0.22840828,1082,False,observed_zero,True,5134,Naive1|Naive2|Naive3,L265836,0
L265836,Dabrafenib,6,0.00092464,0,0.0,322,0.22983583,1080,False,observed_zero,True,6164,Naive1|Naive2|Naive3,L265836,0
L265836,Doxorubicin,6,0.00092464,0,0.0,406,0.289793,996,False,observed_zero,True,2832,Naive1|Naive2|Naive3,L265836,0
L265836,Trametinib,6,0.00092464,0,0.0,275,0.19628837,1127,False,observed_zero,True,8091,Naive1|Naive2|Naive3,L265836,0
L265837,Acid,2,0.00030821,0,0.0,666,0.47537473,736,False,observed_zero,True,7246,Naive3,L265837,1
L265837,Cisplatin,2,0.00030821,0,0.0,273,0.19486081,1129,False,observed_zero,True,6815,Naive3,L265837,1
L265837,CoCl2,2,0.00030821,0,0.0,320,0.22840828,1082,False,observed_zero,True,5134,Naive3,L265837,1
L265837,Dabrafenib,2,0.00030821,0,0.0,322,0.22983583,1080,False,observed_zero,True,6164,Naive3,L265837,1
L265837,Doxorubicin,2,0.00030821,0,0.0,406,0.289793,996,False,observed_zero,True,2832,Naive3,L265837,1
L265837,Trametinib,2,0.00030821,0,0.0,275,0.19628837,1127,False,observed_zero,True,8091,Naive3,L265837,1
L265944,Acid,2,0.00030821,0,0.0,666,0.47537473,736,False,observed_zero,True,7246,Naive3,L265944,3
L265944,Cisplatin,2,0.00030821,0,0.0,273,0.19486081,1129,False,observed_zero,True,6815,Naive3,L265944,3
L265944,CoCl2,2,0.00030821,0,0.0,320,0.22840828,1082,False,observed_zero,True,5134,Naive3,L265944,3
L265944,Dabrafenib,2,0.00030821,0,0.0,322,0.22983583,1080,False,observed_zero,True,6164,Naive3,L265944,3
L265944,Doxorubicin,2,0.00030821,0,0.0,406,0.289793,996,False,observed_zero,True,2832,Naive3,L265944,3
L265944,Trametinib,2,0.00030821,0,0.0,275,0.19628837,1127,False,observed_zero,True,8091,Naive3,L265944,3
L2660,Acid,1,0.00015411,0,0.0,666,0.47537473,736,False,observed_zero,True,7246,Naive3,L2660,3
L2660,Cisplatin,1,0.00015411,0,0.0,273,0.19486081,1129,False,observed_zero,True,6815,Naive3,L2660,3
L2660,CoCl2,1,0.00015411,0,0.0,320,0.22840828,1082,False,observed_zero,True,5134,Naive3,L2660,3
L2660,Dabrafenib,1,0.00015411,0,0.0,322,0.22983583,1080,False,observed_zero,True,6164,Naive3,L2660,3
L2660,Doxorubicin,1,0.00015411,0,0.0,406,0.289793,996,False,observed_zero,True,2832,Naive3,L2660,3
L2660,Trametinib,1,0.00015411,0,0.0,275,0.19628837,1127,False,observed_zero,True,8091,Naive3,L2660,3
L266331,Acid,3,0.00046232,0,0.0,666,0.47537473,736,False,observed_zero,True,7246,Naive2,L266331,2
L266331,Cisplatin,3,0.00046232,0,0.0,273,0.19486081,1129,False,observed_zero,True,6815,Naive2,L266331,2
L266331,CoCl2,3,0.00046232,3290,0.64082587,1,0.00071378,1,True,observed_nonzero,True,5134,Naive2,L266331,2
L266331,Dabrafenib,3,0.00046232,283,0.04591175,5,0.00356888,1,True,observed_nonzero,True,6164,Naive2,L266331,2
L266331,Doxorubicin,3,0.00046232,0,0.0,406,0.289793,996,False,observed_zero,True,2832,Naive2,L266331,2
L266331,Trametinib,3,0.00046232,119,0.0147077,7,0.00499643,1,True,observed_nonzero,True,8091,Naive2,L266331,2
L26658,Acid,1,0.00015411,0,0.0,666,0.47537473,736,False,observed_zero,True,7246,Naive2,L26658,1
L26658,Cisplatin,1,0.00015411,0,0.0,273,0.19486081,1129,False,observed_zero,True,6815,Naive2,L26658,1
L26658,CoCl2,1,0.00015411,0,0.0,320,0.22840828,1082,False,observed_zero,True,5134,Naive2,L26658,1
L26658,Dabrafenib,1,0.00015411,0,0.0,322,0.22983583,1080,False,observed_zero,True,6164,Naive2,L26658,1
L26658,Doxorubicin,1,0.00015411,0,0.0,406,0.289793,996,False,observed_zero,True,2832,Naive2,L26658,1
L26658,Trametinib,1,0.00015411,0,0.0,275,0.19628837,1127,False,observed_zero,True,8091,Naive2,L26658,1
L266998,Acid,11,0.00169518,113,0.01559481,7,0.00499643,1,True,observed_nonzero,True,7246,Naive1|Naive3,L266998,3
L266998,Cisplatin,11,0.00169518,5,0.00073368,18,0.01284797,5,True,observed_nonzero,True,6815,Naive1|Naive3,L266998,3
L266998,CoCl2,11,0.00169518,4,0.00077912,63,0.04496788,17,True,observed_nonzero,True,5134,Naive1|Naive3,L266998,3
L266998,Dabrafenib,11,0.00169518,46,0.00746269,15,0.01070664,1,True,observed_nonzero,True,6164,Naive1|Naive3,L266998,3
L266998,Doxorubicin,11,0.00169518,3,0.00105932,96,0.06852248,39,True,observed_nonzero,True,2832,Naive1|Naive3,L266998,3
L266998,Trametinib,11,0.00169518,23,0.00284266,25,0.0178444,1,True,observed_nonzero,True,8091,Naive1|Naive3,L266998,3
L267278,Acid,1,0.00015411,2,0.00027601,380,0.27123483,107,True,observed_nonzero,True,7246,Naive3,L267278,1
L267278,Cisplatin,1,0.00015411,0,0.0,273,0.19486081,1129,False,observed_zero,True,6815,Naive3,L267278,1
L267278,CoCl2,1,0.00015411,0,0.0,320,0.22840828,1082,False,observed_zero,True,5134,Naive3,L267278,1
L267278,Dabrafenib,1,0.00015411,2,0.00032446,135,0.09635974,47,True,observed_nonzero,True,6164,Naive3,L267278,1
L267278,Doxorubicin,1,0.00015411,0,0.0,406,0.289793,996,False,observed_zero,True,2832,Naive3,L267278,1
L267278,Trametinib,1,0.00015411,1,0.00012359,161,0.11491792,114,True,observed_nonzero,True,8091,Naive3,L267278,1
L267504,Acid,1,0.00015411,1,0.00013801,487,0.34760885,179,True,observed_nonzero,True,7246,Naive1,L267504,0
L267504,Cisplatin,1,0.00015411,0,0.0,273,0.19486081,1129,False,observed_zero,True,6815,Naive1,L267504,0
L267504,CoCl2,1,0.00015411,0,0.0,320,0.22840828,1082,False,observed_zero,True,5134,Naive1,L267504,0
L267504,Dabrafenib,1,0.00015411,0,0.0,322,0.22983583,1080,False,observed_zero,True,6164,Naive1,L267504,0
L267504,Doxorubicin,1,0.00015411,0,0.0,406,0.289793,996,False,observed_zero,True,2832,Naive1,L267504,0
L267504,Trametinib,1,0.00015411,0,0.0,275,0.19628837,1127,False,observed_zero,True,8091,Naive1,L267504,0
L267510,Acid,3,0.00046232,0,0.0,666,0.47537473,736,False,observed_zero,True,7246,Naive1|Naive3,L267510,2
L267510,Cisplatin,3,0.00046232,0,0.0,273,0.19486081,1129,False,observed_zero,True,6815,Naive1|Naive3,L267510,2
L267510,CoCl2,3,0.00046232,0,0.0,320,0.22840828,1082,False,observed_zero,True,5134,Naive1|Naive3,L267510,2
L267510,Dabrafenib,3,0.00046232,1,0.00016223,182,0.12990721,140,True,observed_nonzero,True,6164,Naive1|Naive3,L267510,2
L267510,Doxorubicin,3,0.00046232,0,0.0,406,0.289793,996,False,observed_zero,True,2832,Naive1|Naive3,L267510,2
L267510,Trametinib,3,0.00046232,0,0.0,275,0.19628837,1127,False,observed_zero,True,8091,Naive1|Naive3,L267510,2
L267658,Acid,15,0.0023116,3,0.00041402,318,0.22698073,62,True,observed_nonzero,True,7246,Naive1|Naive2|Naive3,L267658,3
L267658,Cisplatin,15,0.0023116,3,0.00044021,37,0.02640971,23,True,observed_nonzero,True,6815,Naive1|Naive2|Naive3,L267658,3
L267658,CoCl2,15,0.0023116,1,0.00019478,179,0.12776588,141,True,observed_nonzero,True,5134,Naive1|Naive2|Naive3,L267658,3
L267658,Dabrafenib,15,0.0023116,6,0.00097339,80,0.05710207,11,True,observed_nonzero,True,6164,Naive1|Naive2|Naive3,L267658,3
L267658,Doxorubicin,15,0.0023116,12,0.00423729,19,0.01356174,3,True,observed_nonzero,True,2832,Naive1|Naive2|Naive3,L267658,3
L267658,Trametinib,15,0.0023116,10,0.00123594,50,0.03568879,7,True,observed_nonzero,True,8091,Naive1|Naive2|Naive3,L267658,3
L267678,Acid,1,0.00015411,0,0.0,666,0.47537473,736,False,observed_zero,True,7246,Naive3,L267678,0
L267678,Cisplatin,1,0.00015411,0,0.0,273,0.19486081,1129,False,observed_zero,True,6815,Naive3,L267678,0
L267678,CoCl2,1,0.00015411,0,0.0,320,0.22840828,1082,False,observed_zero,True,5134,Naive3,L267678,0
L267678,Dabrafenib,1,0.00015411,0,0.0,322,0.22983583,1080,False,observed_zero,True,6164,Naive3,L267678,0
L267678,Doxorubicin,1,0.00015411,0,0.0,406,0.289793,996,False,observed_zero,True,2832,Naive3,L267678,0
L267678,Trametinib,1,0.00015411,0,0.0,275,0.19628837,1127,False,observed_zero,True,8091,Naive3,L267678,0
L267695,Acid,4,0.00061643,9,0.00124206,156,0.11134904,17,True,observed_nonzero,True,7246,Naive2|Naive3,L267695,2
L267695,Cisplatin,4,0.00061643,0,0.0,273,0.19486081,1129,False,observed_zero,True,6815,Naive2|Naive3,L267695,2
L267695,CoCl2,4,0.00061643,3,0.00058434,80,0.05710207,30,True,observed_nonzero,True,5134,Naive2|Naive3,L267695,2
L267695,Dabrafenib,4,0.00061643,0,0.0,322,0.22983583,1080,False,observed_zero,True,6164,Naive2|Naive3,L267695,2
L267695,Doxorubicin,4,0.00061643,0,0.0,406,0.289793,996,False,observed_zero,True,2832,Naive2|Naive3,L267695,2
L267695,Trametinib,4,0.00061643,1,0.00012359,161,0.11491792,114,True,observed_nonzero,True,8091,Naive2|Naive3,L267695,2
L267807,Acid,4,0.00061643,0,0.0,666,0.47537473,736,False,observed_zero,True,7246,Naive1|Naive3,L267807,1
L267807,Cisplatin,4,0.00061643,0,0.0,273,0.19486081,1129,False,observed_zero,True,6815,Naive1|Naive3,L267807,1
L267807,CoCl2,4,0.00061643,2,0.00038956,110,0.07851535,69,True,observed_nonzero,True,5134,Naive1|Naive3,L267807,1
L267807,Dabrafenib,4,0.00061643,0,0.0,322,0.22983583,1080,False,observed_zero,True,6164,Naive1|Naive3,L267807,1
L267807,Doxorubicin,4,0.00061643,0,0.0,406,0.289793,996,False,observed_zero,True,2832,Naive1|Naive3,L267807,1
L267807,Trametinib,4,0.00061643,1,0.00012359,161,0.11491792,114,True,observed_nonzero,True,8091,Naive1|Naive3,L267807,1
L268052,Acid,1,0.00015411,2,0.00027601,380,0.27123483,107,True,observed_nonzero,True,7246,Naive3,L268052,3
L268052,Cisplatin,1,0.00015411,0,0.0,273,0.19486081,1129,False,observed_zero,True,6815,Naive3,L268052,3
L268052,CoCl2,1,0.00015411,0,0.0,320,0.22840828,1082,False,observed_zero,True,5134,Naive3,L268052,3
L268052,Dabrafenib,1,0.00015411,1,0.00016223,182,0.12990721,140,True,observed_nonzero,True,6164,Naive3,L268052,3
L268052,Doxorubicin,1,0.00015411,0,0.0,406,0.289793,996,False,observed_zero,True,2832,Naive3,L268052,3
L268052,Trametinib,1,0.00015411,0,0.0,275,0.19628837,1127,False,observed_zero,True,8091,Naive3,L268052,3
L268355,Acid,2,0.00030821,0,0.0,666,0.47537473,736,False,observed_zero,True,7246,Naive3,L268355,4
L268355,Cisplatin,2,0.00030821,0,0.0,273,0.19486081,1129,False,observed_zero,True,6815,Naive3,L268355,4
L268355,CoCl2,2,0.00030821,0,0.0,320,0.22840828,1082,False,observed_zero,True,5134,Naive3,L268355,4
L268355,Dabrafenib,2,0.00030821,0,0.0,322,0.22983583,1080,False,observed_zero,True,6164,Naive3,L268355,4
L268355,Doxorubicin,2,0.00030821,0,0.0,406,0.289793,996,False,observed_zero,True,2832,Naive3,L268355,4
L268355,Trametinib,2,0.00030821,0,0.0,275,0.19628837,1127,False,observed_zero,True,8091,Naive3,L268355,4
L268453,Acid,3,0.00046232,0,0.0,666,0.47537473,736,False,observed_zero,True,7246,Naive1|Naive2,L268453,2
L268453,Cisplatin,3,0.00046232,0,0.0,273,0.19486081,1129,False,observed_zero,True,6815,Naive1|Naive2,L268453,2
L268453,CoCl2,3,0.00046232,0,0.0,320,0.22840828,1082,False,observed_zero,True,5134,Naive1|Naive2,L268453,2
L268453,Dabrafenib,3,0.00046232,2,0.00032446,135,0.09635974,47,True,observed_nonzero,True,6164,Naive1|Naive2,L268453,2
L268453,Doxorubicin,3,0.00046232,0,0.0,406,0.289793,996,False,observed_zero,True,2832,Naive1|Naive2,L268453,2
L268453,Trametinib,3,0.00046232,0,0.0,275,0.19628837,1127,False,observed_zero,True,8091,Naive1|Naive2,L268453,2
L268666,Acid,2,0.00030821,0,0.0,666,0.47537473,736,False,observed_zero,True,7246,Naive1|Naive3,L268666,0
L268666,Cisplatin,2,0.00030821,0,0.0,273,0.19486081,1129,False,observed_zero,True,6815,Naive1|Naive3,L268666,0
L268666,CoCl2,2,0.00030821,0,0.0,320,0.22840828,1082,False,observed_zero,True,5134,Naive1|Naive3,L268666,0
L268666,Dabrafenib,2,0.00030821,0,0.0,322,0.22983583,1080,False,observed_zero,True,6164,Naive1|Naive3,L268666,0
L268666,Doxorubicin,2,0.00030821,0,0.0,406,0.289793,996,False,observed_zero,True,2832,Naive1|Naive3,L268666,0
L268666,Trametinib,2,0.00030821,0,0.0,275,0.19628837,1127,False,observed_zero,True,8091,Naive1|Naive3,L268666,0
L268930,Acid,1,0.00015411,0,0.0,666,0.47537473,736,False,observed_zero,True,7246,Naive1,L268930,4
L268930,Cisplatin,1,0.00015411,0,0.0,273,0.19486081,1129,False,observed_zero,True,6815,Naive1,L268930,4
L268930,CoCl2,1,0.00015411,0,0.0,320,0.22840828,1082,False,observed_zero,True,5134,Naive1,L268930,4
L268930,Dabrafenib,1,0.00015411,1,0.00016223,182,0.12990721,140,True,observed_nonzero,True,6164,Naive1,L268930,4
L268930,Doxorubicin,1,0.00015411,0,0.0,406,0.289793,996,False,observed_zero,True,2832,Naive1,L268930,4
L268930,Trametinib,1,0.00015411,0,0.0,275,0.19628837,1127,False,observed_zero,True,8091,Naive1,L268930,4
L269067,Acid,1,0.00015411,0,0.0,666,0.47537473,736,False,observed_zero,True,7246,Naive2,L269067,2
L269067,Cisplatin,1,0.00015411,0,0.0,273,0.19486081,1129,False,observed_zero,True,6815,Naive2,L269067,2
L269067,CoCl2,1,0.00015411,0,0.0,320,0.22840828,1082,False,observed_zero,True,5134,Naive2,L269067,2
L269067,Dabrafenib,1,0.00015411,3,0.0004867,113,0.08065667,22,True,observed_nonzero,True,6164,Naive2,L269067,2
L269067,Doxorubicin,1,0.00015411,0,0.0,406,0.289793,996,False,observed_zero,True,2832,Naive2,L269067,2
L269067,Trametinib,1,0.00015411,12,0.00148313,42,0.02997859,4,True,observed_nonzero,True,8091,Naive2,L269067,2
L269103,Acid,1,0.00015411,1,0.00013801,487,0.34760885,179,True,observed_nonzero,True,7246,Naive3,L269103,3
L269103,Cisplatin,1,0.00015411,0,0.0,273,0.19486081,1129,False,observed_zero,True,6815,Naive3,L269103,3
L269103,CoCl2,1,0.00015411,0,0.0,320,0.22840828,1082,False,observed_zero,True,5134,Naive3,L269103,3
L269103,Dabrafenib,1,0.00015411,0,0.0,322,0.22983583,1080,False,observed_zero,True,6164,Naive3,L269103,3
L269103,Doxorubicin,1,0.00015411,0,0.0,406,0.289793,996,False,observed_zero,True,2832,Naive3,L269103,3
L269103,Trametinib,1,0.00015411,0,0.0,275,0.19628837,1127,False,observed_zero,True,8091,Naive3,L269103,3
L269961,Acid,21,0.00323625,4,0.00055203,267,0.19057816,51,True,observed_nonzero,True,7246,Naive1|Naive2|Naive3,L269961,4
L269961,Cisplatin,21,0.00323625,0,0.0,273,0.19486081,1129,False,observed_zero,True,6815,Naive1|Naive2|Naive3,L269961,4
L269961,CoCl2,21,0.00323625,2,0.00038956,110,0.07851535,69,True,observed_nonzero,True,5134,Naive1|Naive2|Naive3,L269961,4
L269961,Dabrafenib,21,0.00323625,1,0.00016223,182,0.12990721,140,True,observed_nonzero,True,6164,Naive1|Naive2|Naive3,L269961,4
L269961,Doxorubicin,21,0.00323625,3,0.00105932,96,0.06852248,39,True,observed_nonzero,True,2832,Naive1|Naive2|Naive3,L269961,4
L269961,Trametinib,21,0.00323625,0,0.0,275,0.19628837,1127,False,observed_zero,True,8091,Naive1|Naive2|Naive3,L269961,4
L270293,Acid,3,0.00046232,13,0.00179409,115,0.08208423,9,True,observed_nonzero,True,7246,Naive2|Naive3,L270293,3
L270293,Cisplatin,3,0.00046232,0,0.0,273,0.19486081,1129,False,observed_zero,True,6815,Naive2|Naive3,L270293,3
L270293,CoCl2,3,0.00046232,2,0.00038956,110,0.07851535,69,True,observed_nonzero,True,5134,Naive2|Naive3,L270293,3
L270293,Dabrafenib,3,0.00046232,5,0.00081116,91,0.0649536,9,True,observed_nonzero,True,6164,Naive2|Naive3,L270293,3
L270293,Doxorubicin,3,0.00046232,0,0.0,406,0.289793,996,False,observed_zero,True,2832,Naive2|Naive3,L270293,3
L270293,Trametinib,3,0.00046232,2,0.00024719,124,0.08850821,37,True,observed_nonzero,True,8091,Naive2|Naive3,L270293,3
L27072,Acid,1,0.00015411,0,0.0,666,0.47537473,736,False,observed_zero,True,7246,Naive2,L27072,2
L27072,Cisplatin,1,0.00015411,0,0.0,273,0.19486081,1129,False,observed_zero,True,6815,Naive2,L27072,2
L27072,CoCl2,1,0.00015411,0,0.0,320,0.22840828,1082,False,observed_zero,True,5134,Naive2,L27072,2
L27072,Dabrafenib,1,0.00015411,0,0.0,322,0.22983583,1080,False,observed_zero,True,6164,Naive2,L27072,2
L27072,Doxorubicin,1,0.00015411,1,0.00035311,218,0.15560314,188,True,observed_nonzero,True,2832,Naive2,L27072,2
L27072,Trametinib,1,0.00015411,0,0.0,275,0.19628837,1127,False,observed_zero,True,8091,Naive2,L27072,2
L270871,Acid,1,0.00015411,0,0.0,666,0.47537473,736,False,observed_zero,True,7246,Naive1,L270871,0
L270871,Cisplatin,1,0.00015411,0,0.0,273,0.19486081,1129,False,observed_zero,True,6815,Naive1,L270871,0
L270871,CoCl2,1,0.00015411,0,0.0,320,0.22840828,1082,False,observed_zero,True,5134,Naive1,L270871,0
L270871,Dabrafenib,1,0.00015411,0,0.0,322,0.22983583,1080,False,observed_zero,True,6164,Naive1,L270871,0
L270871,Doxorubicin,1,0.00015411,0,0.0,406,0.289793,996,False,observed_zero,True,2832,Naive1,L270871,0
L270871,Trametinib,1,0.00015411,0,0.0,275,0.19628837,1127,False,observed_zero,True,8091,Naive1,L270871,0
L270914,Acid,2,0.00030821,3,0.00041402,318,0.22698073,62,True,observed_nonzero,True,7246,Naive1|Naive3,L270914,4
L270914,Cisplatin,2,0.00030821,1,0.00014674,110,0.07851535,163,True,observed_nonzero,True,6815,Naive1|Naive3,L270914,4
L270914,CoCl2,2,0.00030821,0,0.0,320,0.22840828,1082,False,observed_zero,True,5134,Naive1|Naive3,L270914,4
L270914,Dabrafenib,2,0.00030821,1,0.00016223,182,0.12990721,140,True,observed_nonzero,True,6164,Naive1|Naive3,L270914,4
L270914,Doxorubicin,2,0.00030821,0,0.0,406,0.289793,996,False,observed_zero,True,2832,Naive1|Naive3,L270914,4
L270914,Trametinib,2,0.00030821,4,0.00049438,91,0.0649536,9,True,observed_nonzero,True,8091,Naive1|Naive3,L270914,4
L271069,Acid,8,0.00123286,4,0.00055203,267,0.19057816,51,True,observed_nonzero,True,7246,Naive1|Naive2|Naive3,L271069,0
L271069,Cisplatin,8,0.00123286,2,0.00029347,60,0.04282655,50,True,observed_nonzero,True,6815,Naive1|Naive2|Naive3,L271069,0
L271069,CoCl2,8,0.00123286,0,0.0,320,0.22840828,1082,False,observed_zero,True,5134,Naive1|Naive2|Naive3,L271069,0
L271069,Dabrafenib,8,0.00123286,0,0.0,322,0.22983583,1080,False,observed_zero,True,6164,Naive1|Naive2|Naive3,L271069,0
L271069,Doxorubicin,8,0.00123286,1,0.00035311,218,0.15560314,188,True,observed_nonzero,True,2832,Naive1|Naive2|Naive3,L271069,0
L271069,Trametinib,8,0.00123286,0,0.0,275,0.19628837,1127,False,observed_zero,True,8091,Naive1|Naive2|Naive3,L271069,0
L271165,Acid,1,0.00015411,0,0.0,666,0.47537473,736,False,observed_zero,True,7246,Naive1,L271165,2
L271165,Cisplatin,1,0.00015411,0,0.0,273,0.19486081,1129,False,observed_zero,True,6815,Naive1,L271165,2
L271165,CoCl2,1,0.00015411,0,0.0,320,0.22840828,1082,False,observed_zero,True,5134,Naive1,L271165,2
L271165,Dabrafenib,1,0.00015411,0,0.0,322,0.22983583,1080,False,observed_zero,True,6164,Naive1,L271165,2
L271165,Doxorubicin,1,0.00015411,0,0.0,406,0.289793,996,False,observed_zero,True,2832,Naive1,L271165,2
L271165,Trametinib,1,0.00015411,0,0.0,275,0.19628837,1127,False,observed_zero,True,8091,Naive1,L271165,2
L271521,Acid,7,0.00107875,14,0.0019321,103,0.07351892,12,True,observed_nonzero,True,7246,Naive1|Naive2|Naive3,L271521,4
L271521,Cisplatin,7,0.00107875,1,0.00014674,110,0.07851535,163,True,observed_nonzero,True,6815,Naive1|Naive2|Naive3,L271521,4
L271521,CoCl2,7,0.00107875,5,0.0009739,47,0.03354747,16,True,observed_nonzero,True,5134,Naive1|Naive2|Naive3,L271521,4
L271521,Dabrafenib,7,0.00107875,0,0.0,322,0.22983583,1080,False,observed_zero,True,6164,Naive1|Naive2|Naive3,L271521,4
L271521,Doxorubicin,7,0.00107875,2,0.00070621,135,0.09635974,83,True,observed_nonzero,True,2832,Naive1|Naive2|Naive3,L271521,4
L271521,Trametinib,7,0.00107875,2,0.00024719,124,0.08850821,37,True,observed_nonzero,True,8091,Naive1|Naive2|Naive3,L271521,4
L271524,Acid,1,0.00015411,0,0.0,666,0.47537473,736,False,observed_zero,True,7246,Naive3,L271524,4
L271524,Cisplatin,1,0.00015411,1,0.00014674,110,0.07851535,163,True,observed_nonzero,True,6815,Naive3,L271524,4
L271524,CoCl2,1,0.00015411,0,0.0,320,0.22840828,1082,False,observed_zero,True,5134,Naive3,L271524,4
L271524,Dabrafenib,1,0.00015411,0,0.0,322,0.22983583,1080,False,observed_zero,True,6164,Naive3,L271524,4
L271524,Doxorubicin,1,0.00015411,0,0.0,406,0.289793,996,False,observed_zero,True,2832,Naive3,L271524,4
L271524,Trametinib,1,0.00015411,0,0.0,275,0.19628837,1127,False,observed_zero,True,8091,Naive3,L271524,4
L271709,Acid,2,0.00030821,0,0.0,666,0.47537473,736,False,observed_zero,True,7246,Naive2|Naive3,L271709,0
L271709,Cisplatin,2,0.00030821,0,0.0,273,0.19486081,1129,False,observed_zero,True,6815,Naive2|Naive3,L271709,0
L271709,CoCl2,2,0.00030821,0,0.0,320,0.22840828,1082,False,observed_zero,True,5134,Naive2|Naive3,L271709,0
L271709,Dabrafenib,2,0.00030821,0,0.0,322,0.22983583,1080,False,observed_zero,True,6164,Naive2|Naive3,L271709,0
L271709,Doxorubicin,2,0.00030821,2,0.00070621,135,0.09635974,83,True,observed_nonzero,True,2832,Naive2|Naive3,L271709,0
L271709,Trametinib,2,0.00030821,0,0.0,275,0.19628837,1127,False,observed_zero,True,8091,Naive2|Naive3,L271709,0
L27195,Acid,1,0.00015411,0,0.0,666,0.47537473,736,False,observed_zero,True,7246,Naive2,L27195,3
L27195,Cisplatin,1,0.00015411,0,0.0,273,0.19486081,1129,False,observed_zero,True,6815,Naive2,L27195,3
L27195,CoCl2,1,0.00015411,0,0.0,320,0.22840828,1082,False,observed_zero,True,5134,Naive2,L27195,3
L27195,Dabrafenib,1,0.00015411,0,0.0,322,0.22983583,1080,False,observed_zero,True,6164,Naive2,L27195,3
L27195,Doxorubicin,1,0.00015411,0,0.0,406,0.289793,996,False,observed_zero,True,2832,Naive2,L27195,3
L27195,Trametinib,1,0.00015411,0,0.0,275,0.19628837,1127,False,observed_zero,True,8091,Naive2,L27195,3
L272178,Acid,1,0.00015411,0,0.0,666,0.47537473,736,False,observed_zero,True,7246,Naive2,L272178,0
L272178,Cisplatin,1,0.00015411,0,0.0,273,0.19486081,1129,False,observed_zero,True,6815,Naive2,L272178,0
L272178,CoCl2,1,0.00015411,0,0.0,320,0.22840828,1082,False,observed_zero,True,5134,Naive2,L272178,0
L272178,Dabrafenib,1,0.00015411,0,0.0,322,0.22983583,1080,False,observed_zero,True,6164,Naive2,L272178,0
L272178,Doxorubicin,1,0.00015411,4,0.00141243,70,0.04996431,26,True,observed_nonzero,True,2832,Naive2,L272178,0
L272178,Trametinib,1,0.00015411,0,0.0,275,0.19628837,1127,False,observed_zero,True,8091,Naive2,L272178,0
L272183,Acid,3,0.00046232,0,0.0,666,0.47537473,736,False,observed_zero,True,7246,Naive3,L272183,4
L272183,Cisplatin,3,0.00046232,0,0.0,273,0.19486081,1129,False,observed_zero,True,6815,Naive3,L272183,4
L272183,CoCl2,3,0.00046232,0,0.0,320,0.22840828,1082,False,observed_zero,True,5134,Naive3,L272183,4
L272183,Dabrafenib,3,0.00046232,0,0.0,322,0.22983583,1080,False,observed_zero,True,6164,Naive3,L272183,4
L272183,Doxorubicin,3,0.00046232,0,0.0,406,0.289793,996,False,observed_zero,True,2832,Naive3,L272183,4
L272183,Trametinib,3,0.00046232,0,0.0,275,0.19628837,1127,False,observed_zero,True,8091,Naive3,L272183,4
L272263,Acid,3,0.00046232,2,0.00027601,380,0.27123483,107,True,observed_nonzero,True,7246,Naive2|Naive3,L272263,2
L272263,Cisplatin,3,0.00046232,0,0.0,273,0.19486081,1129,False,observed_zero,True,6815,Naive2|Naive3,L272263,2
L272263,CoCl2,3,0.00046232,0,0.0,320,0.22840828,1082,False,observed_zero,True,5134,Naive2|Naive3,L272263,2
L272263,Dabrafenib,3,0.00046232,0,0.0,322,0.22983583,1080,False,observed_zero,True,6164,Naive2|Naive3,L272263,2
L272263,Doxorubicin,3,0.00046232,0,0.0,406,0.289793,996,False,observed_zero,True,2832,Naive2|Naive3,L272263,2
L272263,Trametinib,3,0.00046232,0,0.0,275,0.19628837,1127,False,observed_zero,True,8091,Naive2|Naive3,L272263,2
L272915,Acid,3,0.00046232,2,0.00027601,380,0.27123483,107,True,observed_nonzero,True,7246,Naive2,L272915,0
L272915,Cisplatin,3,0.00046232,0,0.0,273,0.19486081,1129,False,observed_zero,True,6815,Naive2,L272915,0
L272915,CoCl2,3,0.00046232,0,0.0,320,0.22840828,1082,False,observed_zero,True,5134,Naive2,L272915,0
L272915,Dabrafenib,3,0.00046232,0,0.0,322,0.22983583,1080,False,observed_zero,True,6164,Naive2,L272915,0
L272915,Doxorubicin,3,0.00046232,0,0.0,406,0.289793,996,False,observed_zero,True,2832,Naive2,L272915,0
L272915,Trametinib,3,0.00046232,0,0.0,275,0.19628837,1127,False,observed_zero,True,8091,Naive2,L272915,0
L273363,Acid,1,0.00015411,0,0.0,666,0.47537473,736,False,observed_zero,True,7246,Naive2,L273363,1
L273363,Cisplatin,1,0.00015411,0,0.0,273,0.19486081,1129,False,observed_zero,True,6815,Naive2,L273363,1
L273363,CoCl2,1,0.00015411,0,0.0,320,0.22840828,1082,False,observed_zero,True,5134,Naive2,L273363,1
L273363,Dabrafenib,1,0.00015411,0,0.0,322,0.22983583,1080,False,observed_zero,True,6164,Naive2,L273363,1
L273363,Doxorubicin,1,0.00015411,0,0.0,406,0.289793,996,False,observed_zero,True,2832,Naive2,L273363,1
L273363,Trametinib,1,0.00015411,0,0.0,275,0.19628837,1127,False,observed_zero,True,8091,Naive2,L273363,1
L273392,Acid,2,0.00030821,0,0.0,666,0.47537473,736,False,observed_zero,True,7246,Naive1|Naive3,L273392,3
L273392,Cisplatin,2,0.00030821,0,0.0,273,0.19486081,1129,False,observed_zero,True,6815,Naive1|Naive3,L273392,3
L273392,CoCl2,2,0.00030821,0,0.0,320,0.22840828,1082,False,observed_zero,True,5134,Naive1|Naive3,L273392,3
L273392,Dabrafenib,2,0.00030821,0,0.0,322,0.22983583,1080,False,observed_zero,True,6164,Naive1|Naive3,L273392,3
L273392,Doxorubicin,2,0.00030821,0,0.0,406,0.289793,996,False,observed_zero,True,2832,Naive1|Naive3,L273392,3
L273392,Trametinib,2,0.00030821,1,0.00012359,161,0.11491792,114,True,observed_nonzero,True,8091,Naive1|Naive3,L273392,3
L273673,Acid,13,0.00200339,1,0.00013801,487,0.34760885,179,True,observed_nonzero,True,7246,Naive1|Naive2|Naive3,L273673,4
L273673,Cisplatin,13,0.00200339,3,0.00044021,37,0.02640971,23,True,observed_nonzero,True,6815,Naive1|Naive2|Naive3,L273673,4
L273673,CoCl2,13,0.00200339,0,0.0,320,0.22840828,1082,False,observed_zero,True,5134,Naive1|Naive2|Naive3,L273673,4
L273673,Dabrafenib,13,0.00200339,0,0.0,322,0.22983583,1080,False,observed_zero,True,6164,Naive1|Naive2|Naive3,L273673,4
L273673,Doxorubicin,13,0.00200339,1,0.00035311,218,0.15560314,188,True,observed_nonzero,True,2832,Naive1|Naive2|Naive3,L273673,4
L273673,Trametinib,13,0.00200339,0,0.0,275,0.19628837,1127,False,observed_zero,True,8091,Naive1|Naive2|Naive3,L273673,4
L274269,Acid,3,0.00046232,0,0.0,666,0.47537473,736,False,observed_zero,True,7246,Naive2|Naive3,L274269,3
L274269,Cisplatin,3,0.00046232,0,0.0,273,0.19486081,1129,False,observed_zero,True,6815,Naive2|Naive3,L274269,3
L274269,CoCl2,3,0.00046232,0,0.0,320,0.22840828,1082,False,observed_zero,True,5134,Naive2|Naive3,L274269,3
L274269,Dabrafenib,3,0.00046232,0,0.0,322,0.22983583,1080,False,observed_zero,True,6164,Naive2|Naive3,L274269,3
L274269,Doxorubicin,3,0.00046232,0,0.0,406,0.289793,996,False,observed_zero,True,2832,Naive2|Naive3,L274269,3
L274269,Trametinib,3,0.00046232,0,0.0,275,0.19628837,1127,False,observed_zero,True,8091,Naive2|Naive3,L274269,3
L274645,Acid,2,0.00030821,0,0.0,666,0.47537473,736,False,observed_zero,True,7246,Naive1|Naive3,L274645,0
L274645,Cisplatin,2,0.00030821,1,0.00014674,110,0.07851535,163,True,observed_nonzero,True,6815,Naive1|Naive3,L274645,0
L274645,CoCl2,2,0.00030821,1,0.00019478,179,0.12776588,141,True,observed_nonzero,True,5134,Naive1|Naive3,L274645,0
L274645,Dabrafenib,2,0.00030821,0,0.0,322,0.22983583,1080,False,observed_zero,True,6164,Naive1|Naive3,L274645,0
L274645,Doxorubicin,2,0.00030821,1,0.00035311,218,0.15560314,188,True,observed_nonzero,True,2832,Naive1|Naive3,L274645,0
L274645,Trametinib,2,0.00030821,0,0.0,275,0.19628837,1127,False,observed_zero,True,8091,Naive1|Naive3,L274645,0
L274730,Acid,1,0.00015411,0,0.0,666,0.47537473,736,False,observed_zero,True,7246,Naive1,L274730,4
L274730,Cisplatin,1,0.00015411,0,0.0,273,0.19486081,1129,False,observed_zero,True,6815,Naive1,L274730,4
L274730,CoCl2,1,0.00015411,1,0.00019478,179,0.12776588,141,True,observed_nonzero,True,5134,Naive1,L274730,4
L274730,Dabrafenib,1,0.00015411,0,0.0,322,0.22983583,1080,False,observed_zero,True,6164,Naive1,L274730,4
L274730,Doxorubicin,1,0.00015411,1,0.00035311,218,0.15560314,188,True,observed_nonzero,True,2832,Naive1,L274730,4
L274730,Trametinib,1,0.00015411,0,0.0,275,0.19628837,1127,False,observed_zero,True,8091,Naive1,L274730,4
L2749,Acid,5,0.00077053,1,0.00013801,487,0.34760885,179,True,observed_nonzero,True,7246,Naive1|Naive2|Naive3,L2749,1
L2749,Cisplatin,5,0.00077053,0,0.0,273,0.19486081,1129,False,observed_zero,True,6815,Naive1|Naive2|Naive3,L2749,1
L2749,CoCl2,5,0.00077053,0,0.0,320,0.22840828,1082,False,observed_zero,True,5134,Naive1|Naive2|Naive3,L2749,1
L2749,Dabrafenib,5,0.00077053,0,0.0,322,0.22983583,1080,False,observed_zero,True,6164,Naive1|Naive2|Naive3,L2749,1
L2749,Doxorubicin,5,0.00077053,0,0.0,406,0.289793,996,False,observed_zero,True,2832,Naive1|Naive2|Naive3,L2749,1
L2749,Trametinib,5,0.00077053,0,0.0,275,0.19628837,1127,False,observed_zero,True,8091,Naive1|Naive2|Naive3,L2749,1
L274951,Acid,28,0.00431499,68,0.00938449,12,0.00856531,1,True,observed_nonzero,True,7246,Naive1|Naive2|Naive3,L274951,3
L274951,Cisplatin,28,0.00431499,0,0.0,273,0.19486081,1129,False,observed_zero,True,6815,Naive1|Naive2|Naive3,L274951,3
L274951,CoCl2,28,0.00431499,2,0.00038956,110,0.07851535,69,True,observed_nonzero,True,5134,Naive1|Naive2|Naive3,L274951,3
L274951,Dabrafenib,28,0.00431499,2,0.00032446,135,0.09635974,47,True,observed_nonzero,True,6164,Naive1|Naive2|Naive3,L274951,3
L274951,Doxorubicin,28,0.00431499,3,0.00105932,96,0.06852248,39,True,observed_nonzero,True,2832,Naive1|Naive2|Naive3,L274951,3
L274951,Trametinib,28,0.00431499,0,0.0,275,0.19628837,1127,False,observed_zero,True,8091,Naive1|Naive2|Naive3,L274951,3
L275000,Acid,1,0.00015411,0,0.0,666,0.47537473,736,False,observed_zero,True,7246,Naive1,L275000,4
L275000,Cisplatin,1,0.00015411,0,0.0,273,0.19486081,1129,False,observed_zero,True,6815,Naive1,L275000,4
L275000,CoCl2,1,0.00015411,0,0.0,320,0.22840828,1082,False,observed_zero,True,5134,Naive1,L275000,4
L275000,Dabrafenib,1,0.00015411,0,0.0,322,0.22983583,1080,False,observed_zero,True,6164,Naive1,L275000,4
L275000,Doxorubicin,1,0.00015411,1,0.00035311,218,0.15560314,188,True,observed_nonzero,True,2832,Naive1,L275000,4
L275000,Trametinib,1,0.00015411,0,0.0,275,0.19628837,1127,False,observed_zero,True,8091,Naive1,L275000,4
L275170,Acid,2,0.00030821,2,0.00027601,380,0.27123483,107,True,observed_nonzero,True,7246,Naive1|Naive3,L275170,4
L275170,Cisplatin,2,0.00030821,0,0.0,273,0.19486081,1129,False,observed_zero,True,6815,Naive1|Naive3,L275170,4
L275170,CoCl2,2,0.00030821,1,0.00019478,179,0.12776588,141,True,observed_nonzero,True,5134,Naive1|Naive3,L275170,4
L275170,Dabrafenib,2,0.00030821,0,0.0,322,0.22983583,1080,False,observed_zero,True,6164,Naive1|Naive3,L275170,4
L275170,Doxorubicin,2,0.00030821,0,0.0,406,0.289793,996,False,observed_zero,True,2832,Naive1|Naive3,L275170,4
L275170,Trametinib,2,0.00030821,0,0.0,275,0.19628837,1127,False,observed_zero,True,8091,Naive1|Naive3,L275170,4
L275355,Acid,9,0.00138696,6,0.00082804,216,0.15417559,16,True,observed_nonzero,True,7246,Naive2|Naive3,L275355,1
L275355,Cisplatin,9,0.00138696,1,0.00014674,110,0.07851535,163,True,observed_nonzero,True,6815,Naive2|Naive3,L275355,1
L275355,CoCl2,9,0.00138696,4,0.00077912,63,0.04496788,17,True,observed_nonzero,True,5134,Naive2|Naive3,L275355,1
L275355,Dabrafenib,9,0.00138696,0,0.0,322,0.22983583,1080,False,observed_zero,True,6164,Naive2|Naive3,L275355,1
L275355,Doxorubicin,9,0.00138696,5,0.00176554,59,0.04211278,11,True,observed_nonzero,True,2832,Naive2|Naive3,L275355,1
L275355,Trametinib,9,0.00138696,0,0.0,275,0.19628837,1127,False,observed_zero,True,8091,Naive2|Naive3,L275355,1
L275594,Acid,1,0.00015411,0,0.0,666,0.47537473,736,False,observed_zero,True,7246,Naive2,L275594,0
L275594,Cisplatin,1,0.00015411,0,0.0,273,0.19486081,1129,False,observed_zero,True,6815,Naive2,L275594,0
L275594,CoCl2,1,0.00015411,0,0.0,320,0.22840828,1082,False,observed_zero,True,5134,Naive2,L275594,0
L275594,Dabrafenib,1,0.00015411,0,0.0,322,0.22983583,1080,False,observed_zero,True,6164,Naive2,L275594,0
L275594,Doxorubicin,1,0.00015411,0,0.0,406,0.289793,996,False,observed_zero,True,2832,Naive2,L275594,0
L275594,Trametinib,1,0.00015411,0,0.0,275,0.19628837,1127,False,observed_zero,True,8091,Naive2,L275594,0
L275878,Acid,7,0.00107875,10,0.00138007,149,0.10635261,7,True,observed_nonzero,True,7246,Naive2|Naive3,L275878,4
L275878,Cisplatin,7,0.00107875,19,0.00278797,6,0.00428266,1,True,observed_nonzero,True,6815,Naive2|Naive3,L275878,4
L275878,CoCl2,7,0.00107875,0,0.0,320,0.22840828,1082,False,observed_zero,True,5134,Naive2|Naive3,L275878,4
L275878,Dabrafenib,7,0.00107875,0,0.0,322,0.22983583,1080,False,observed_zero,True,6164,Naive2|Naive3,L275878,4
L275878,Doxorubicin,7,0.00107875,0,0.0,406,0.289793,996,False,observed_zero,True,2832,Naive2|Naive3,L275878,4
L275878,Trametinib,7,0.00107875,0,0.0,275,0.19628837,1127,False,observed_zero,True,8091,Naive2|Naive3,L275878,4
L276268,Acid,1,0.00015411,0,0.0,666,0.47537473,736,False,observed_zero,True,7246,Naive3,L276268,2
L276268,Cisplatin,1,0.00015411,0,0.0,273,0.19486081,1129,False,observed_zero,True,6815,Naive3,L276268,2
L276268,CoCl2,1,0.00015411,0,0.0,320,0.22840828,1082,False,observed_zero,True,5134,Naive3,L276268,2
L276268,Dabrafenib,1,0.00015411,0,0.0,322,0.22983583,1080,False,observed_zero,True,6164,Naive3,L276268,2
L276268,Doxorubicin,1,0.00015411,0,0.0,406,0.289793,996,False,observed_zero,True,2832,Naive3,L276268,2
L276268,Trametinib,1,0.00015411,0,0.0,275,0.19628837,1127,False,observed_zero,True,8091,Naive3,L276268,2
L276549,Acid,1,0.00015411,0,0.0,666,0.47537473,736,False,observed_zero,True,7246,Naive1,L276549,1
L276549,Cisplatin,1,0.00015411,0,0.0,273,0.19486081,1129,False,observed_zero,True,6815,Naive1,L276549,1
L276549,CoCl2,1,0.00015411,1,0.00019478,179,0.12776588,141,True,observed_nonzero,True,5134,Naive1,L276549,1
L276549,Dabrafenib,1,0.00015411,0,0.0,322,0.22983583,1080,False,observed_zero,True,6164,Naive1,L276549,1
L276549,Doxorubicin,1,0.00015411,0,0.0,406,0.289793,996,False,observed_zero,True,2832,Naive1,L276549,1
L276549,Trametinib,1,0.00015411,0,0.0,275,0.19628837,1127,False,observed_zero,True,8091,Naive1,L276549,1
L276586,Acid,2,0.00030821,0,0.0,666,0.47537473,736,False,observed_zero,True,7246,Naive2|Naive3,L276586,1
L276586,Cisplatin,2,0.00030821,0,0.0,273,0.19486081,1129,False,observed_zero,True,6815,Naive2|Naive3,L276586,1
L276586,CoCl2,2,0.00030821,0,0.0,320,0.22840828,1082,False,observed_zero,True,5134,Naive2|Naive3,L276586,1
L276586,Dabrafenib,2,0.00030821,0,0.0,322,0.22983583,1080,False,observed_zero,True,6164,Naive2|Naive3,L276586,1
L276586,Doxorubicin,2,0.00030821,0,0.0,406,0.289793,996,False,observed_zero,True,2832,Naive2|Naive3,L276586,1
L276586,Trametinib,2,0.00030821,0,0.0,275,0.19628837,1127,False,observed_zero,True,8091,Naive2|Naive3,L276586,1
L27694,Acid,1,0.00015411,0,0.0,666,0.47537473,736,False,observed_zero,True,7246,Naive2,L27694,0
L27694,Cisplatin,1,0.00015411,0,0.0,273,0.19486081,1129,False,observed_zero,True,6815,Naive2,L27694,0
L27694,CoCl2,1,0.00015411,0,0.0,320,0.22840828,1082,False,observed_zero,True,5134,Naive2,L27694,0
L27694,Dabrafenib,1,0.00015411,0,0.0,322,0.22983583,1080,False,observed_zero,True,6164,Naive2,L27694,0
L27694,Doxorubicin,1,0.00015411,1,0.00035311,218,0.15560314,188,True,observed_nonzero,True,2832,Naive2,L27694,0
L27694,Trametinib,1,0.00015411,0,0.0,275,0.19628837,1127,False,observed_zero,True,8091,Naive2,L27694,0
L277050,Acid,1,0.00015411,0,0.0,666,0.47537473,736,False,observed_zero,True,7246,Naive2,L277050,3
L277050,Cisplatin,1,0.00015411,0,0.0,273,0.19486081,1129,False,observed_zero,True,6815,Naive2,L277050,3
L277050,CoCl2,1,0.00015411,0,0.0,320,0.22840828,1082,False,observed_zero,True,5134,Naive2,L277050,3
L277050,Dabrafenib,1,0.00015411,0,0.0,322,0.22983583,1080,False,observed_zero,True,6164,Naive2,L277050,3
L277050,Doxorubicin,1,0.00015411,0,0.0,406,0.289793,996,False,observed_zero,True,2832,Naive2,L277050,3
L277050,Trametinib,1,0.00015411,0,0.0,275,0.19628837,1127,False,observed_zero,True,8091,Naive2,L277050,3
L277200,Acid,6,0.00092464,0,0.0,666,0.47537473,736,False,observed_zero,True,7246,Naive1|Naive2|Naive3,L277200,2
L277200,Cisplatin,6,0.00092464,0,0.0,273,0.19486081,1129,False,observed_zero,True,6815,Naive1|Naive2|Naive3,L277200,2
L277200,CoCl2,6,0.00092464,0,0.0,320,0.22840828,1082,False,observed_zero,True,5134,Naive1|Naive2|Naive3,L277200,2
L277200,Dabrafenib,6,0.00092464,0,0.0,322,0.22983583,1080,False,observed_zero,True,6164,Naive1|Naive2|Naive3,L277200,2
L277200,Doxorubicin,6,0.00092464,0,0.0,406,0.289793,996,False,observed_zero,True,2832,Naive1|Naive2|Naive3,L277200,2
L277200,Trametinib,6,0.00092464,0,0.0,275,0.19628837,1127,False,observed_zero,True,8091,Naive1|Naive2|Naive3,L277200,2
L277580,Acid,1,0.00015411,1,0.00013801,487,0.34760885,179,True,observed_nonzero,True,7246,Naive3,L277580,1
L277580,Cisplatin,1,0.00015411,1,0.00014674,110,0.07851535,163,True,observed_nonzero,True,6815,Naive3,L277580,1
L277580,CoCl2,1,0.00015411,0,0.0,320,0.22840828,1082,False,observed_zero,True,5134,Naive3,L277580,1
L277580,Dabrafenib,1,0.00015411,0,0.0,322,0.22983583,1080,False,observed_zero,True,6164,Naive3,L277580,1
L277580,Doxorubicin,1,0.00015411,0,0.0,406,0.289793,996,False,observed_zero,True,2832,Naive3,L277580,1
L277580,Trametinib,1,0.00015411,0,0.0,275,0.19628837,1127,False,observed_zero,True,8091,Naive3,L277580,1
L2779,Acid,35,0.00539374,55,0.00759039,14,0.00999286,1,True,observed_nonzero,True,7246,Naive1|Naive2|Naive3,L2779,4
L2779,Cisplatin,35,0.00539374,3,0.00044021,37,0.02640971,23,True,observed_nonzero,True,6815,Naive1|Naive2|Naive3,L2779,4
L2779,CoCl2,35,0.00539374,0,0.0,320,0.22840828,1082,False,observed_zero,True,5134,Naive1|Naive2|Naive3,L2779,4
L2779,Dabrafenib,35,0.00539374,0,0.0,322,0.22983583,1080,False,observed_zero,True,6164,Naive1|Naive2|Naive3,L2779,4
L2779,Doxorubicin,35,0.00539374,8,0.00282486,32,0.02284083,9,True,observed_nonzero,True,2832,Naive1|Naive2|Naive3,L2779,4
L2779,Trametinib,35,0.00539374,0,0.0,275,0.19628837,1127,False,observed_zero,True,8091,Naive1|Naive2|Naive3,L2779,4
L278282,Acid,1,0.00015411,0,0.0,666,0.47537473,736,False,observed_zero,True,7246,Naive1,L278282,3
L278282,Cisplatin,1,0.00015411,0,0.0,273,0.19486081,1129,False,observed_zero,True,6815,Naive1,L278282,3
L278282,CoCl2,1,0.00015411,1,0.00019478,179,0.12776588,141,True,observed_nonzero,True,5134,Naive1,L278282,3
L278282,Dabrafenib,1,0.00015411,1,0.00016223,182,0.12990721,140,True,observed_nonzero,True,6164,Naive1,L278282,3
L278282,Doxorubicin,1,0.00015411,0,0.0,406,0.289793,996,False,observed_zero,True,2832,Naive1,L278282,3
L278282,Trametinib,1,0.00015411,0,0.0,275,0.19628837,1127,False,observed_zero,True,8091,Naive1,L278282,3
L27849,Acid,1,0.00015411,0,0.0,666,0.47537473,736,False,observed_zero,True,7246,Naive3,L27849,1
L27849,Cisplatin,1,0.00015411,1,0.00014674,110,0.07851535,163,True,observed_nonzero,True,6815,Naive3,L27849,1
L27849,CoCl2,1,0.00015411,0,0.0,320,0.22840828,1082,False,observed_zero,True,5134,Naive3,L27849,1
L27849,Dabrafenib,1,0.00015411,0,0.0,322,0.22983583,1080,False,observed_zero,True,6164,Naive3,L27849,1
L27849,Doxorubicin,1,0.00015411,0,0.0,406,0.289793,996,False,observed_zero,True,2832,Naive3,L27849,1
L27849,Trametinib,1,0.00015411,0,0.0,275,0.19628837,1127,False,observed_zero,True,8091,Naive3,L27849,1
L278604,Acid,33,0.00508553,11,0.00151808,136,0.09707352,13,True,observed_nonzero,True,7246,Naive1|Naive2|Naive3,L278604,2
L278604,Cisplatin,33,0.00508553,4,0.00058694,23,0.01641685,14,True,observed_nonzero,True,6815,Naive1|Naive2|Naive3,L278604,2
L278604,CoCl2,33,0.00508553,26,0.00506428,3,0.00214133,1,True,observed_nonzero,True,5134,Naive1|Naive2|Naive3,L278604,2
L278604,Dabrafenib,33,0.00508553,0,0.0,322,0.22983583,1080,False,observed_zero,True,6164,Naive1|Naive2|Naive3,L278604,2
L278604,Doxorubicin,33,0.00508553,3,0.00105932,96,0.06852248,39,True,observed_nonzero,True,2832,Naive1|Naive2|Naive3,L278604,2
L278604,Trametinib,33,0.00508553,0,0.0,275,0.19628837,1127,False,observed_zero,True,8091,Naive1|Naive2|Naive3,L278604,2
L279030,Acid,4,0.00061643,6,0.00082804,216,0.15417559,16,True,observed_nonzero,True,7246,Naive2|Naive3,L279030,2
L279030,Cisplatin,4,0.00061643,0,0.0,273,0.19486081,1129,False,observed_zero,True,6815,Naive2|Naive3,L279030,2
L279030,CoCl2,4,0.00061643,4,0.00077912,63,0.04496788,17,True,observed_nonzero,True,5134,Naive2|Naive3,L279030,2
L279030,Dabrafenib,4,0.00061643,0,0.0,322,0.22983583,1080,False,observed_zero,True,6164,Naive2|Naive3,L279030,2
L279030,Doxorubicin,4,0.00061643,1,0.00035311,218,0.15560314,188,True,observed_nonzero,True,2832,Naive2|Naive3,L279030,2
L279030,Trametinib,4,0.00061643,0,0.0,275,0.19628837,1127,False,observed_zero,True,8091,Naive2|Naive3,L279030,2
L279184,Acid,1,0.00015411,12,0.00165609,124,0.08850821,12,True,observed_nonzero,True,7246,Naive3,L279184,2
L279184,Cisplatin,1,0.00015411,0,0.0,273,0.19486081,1129,False,observed_zero,True,6815,Naive3,L279184,2
L279184,CoCl2,1,0.00015411,0,0.0,320,0.22840828,1082,False,observed_zero,True,5134,Naive3,L279184,2
L279184,Dabrafenib,1,0.00015411,0,0.0,322,0.22983583,1080,False,observed_zero,True,6164,Naive3,L279184,2
L279184,Doxorubicin,1,0.00015411,0,0.0,406,0.289793,996,False,observed_zero,True,2832,Naive3,L279184,2
L279184,Trametinib,1,0.00015411,0,0.0,275,0.19628837,1127,False,observed_zero,True,8091,Naive3,L279184,2
L279568,Acid,4,0.00061643,0,0.0,666,0.47537473,736,False,observed_zero,True,7246,Naive1|Naive3,L279568,2
L279568,Cisplatin,4,0.00061643,0,0.0,273,0.19486081,1129,False,observed_zero,True,6815,Naive1|Naive3,L279568,2
L279568,CoCl2,4,0.00061643,2,0.00038956,110,0.07851535,69,True,observed_nonzero,True,5134,Naive1|Naive3,L279568,2
L279568,Dabrafenib,4,0.00061643,0,0.0,322,0.22983583,1080,False,observed_zero,True,6164,Naive1|Naive3,L279568,2
L279568,Doxorubicin,4,0.00061643,2,0.00070621,135,0.09635974,83,True,observed_nonzero,True,2832,Naive1|Naive3,L279568,2
L279568,Trametinib,4,0.00061643,0,0.0,275,0.19628837,1127,False,observed_zero,True,8091,Naive1|Naive3,L279568,2
L27978,Acid,2,0.00030821,0,0.0,666,0.47537473,736,False,observed_zero,True,7246,Naive3,L27978,3
L27978,Cisplatin,2,0.00030821,0,0.0,273,0.19486081,1129,False,observed_zero,True,6815,Naive3,L27978,3
L27978,CoCl2,2,0.00030821,0,0.0,320,0.22840828,1082,False,observed_zero,True,5134,Naive3,L27978,3
L27978,Dabrafenib,2,0.00030821,0,0.0,322,0.22983583,1080,False,observed_zero,True,6164,Naive3,L27978,3
L27978,Doxorubicin,2,0.00030821,0,0.0,406,0.289793,996,False,observed_zero,True,2832,Naive3,L27978,3
L27978,Trametinib,2,0.00030821,0,0.0,275,0.19628837,1127,False,observed_zero,True,8091,Naive3,L27978,3
L280483,Acid,2,0.00030821,0,0.0,666,0.47537473,736,False,observed_zero,True,7246,Naive3,L280483,4
L280483,Cisplatin,2,0.00030821,0,0.0,273,0.19486081,1129,False,observed_zero,True,6815,Naive3,L280483,4
L280483,CoCl2,2,0.00030821,0,0.0,320,0.22840828,1082,False,observed_zero,True,5134,Naive3,L280483,4
L280483,Dabrafenib,2,0.00030821,0,0.0,322,0.22983583,1080,False,observed_zero,True,6164,Naive3,L280483,4
L280483,Doxorubicin,2,0.00030821,0,0.0,406,0.289793,996,False,observed_zero,True,2832,Naive3,L280483,4
L280483,Trametinib,2,0.00030821,0,0.0,275,0.19628837,1127,False,observed_zero,True,8091,Naive3,L280483,4
L280587,Acid,3,0.00046232,0,0.0,666,0.47537473,736,False,observed_zero,True,7246,Naive1|Naive3,L280587,3
L280587,Cisplatin,3,0.00046232,0,0.0,273,0.19486081,1129,False,observed_zero,True,6815,Naive1|Naive3,L280587,3
L280587,CoCl2,3,0.00046232,0,0.0,320,0.22840828,1082,False,observed_zero,True,5134,Naive1|Naive3,L280587,3
L280587,Dabrafenib,3,0.00046232,0,0.0,322,0.22983583,1080,False,observed_zero,True,6164,Naive1|Naive3,L280587,3
L280587,Doxorubicin,3,0.00046232,2,0.00070621,135,0.09635974,83,True,observed_nonzero,True,2832,Naive1|Naive3,L280587,3
L280587,Trametinib,3,0.00046232,0,0.0,275,0.19628837,1127,False,observed_zero,True,8091,Naive1|Naive3,L280587,3
L280910,Acid,1,0.00015411,0,0.0,666,0.47537473,736,False,observed_zero,True,7246,Naive3,L280910,2
L280910,Cisplatin,1,0.00015411,0,0.0,273,0.19486081,1129,False,observed_zero,True,6815,Naive3,L280910,2
L280910,CoCl2,1,0.00015411,0,0.0,320,0.22840828,1082,False,observed_zero,True,5134,Naive3,L280910,2
L280910,Dabrafenib,1,0.00015411,0,0.0,322,0.22983583,1080,False,observed_zero,True,6164,Naive3,L280910,2
L280910,Doxorubicin,1,0.00015411,0,0.0,406,0.289793,996,False,observed_zero,True,2832,Naive3,L280910,2
L280910,Trametinib,1,0.00015411,0,0.0,275,0.19628837,1127,False,observed_zero,True,8091,Naive3,L280910,2
L281862,Acid,3,0.00046232,1,0.00013801,487,0.34760885,179,True,observed_nonzero,True,7246,Naive1|Naive3,L281862,0
L281862,Cisplatin,3,0.00046232,0,0.0,273,0.19486081,1129,False,observed_zero,True,6815,Naive1|Naive3,L281862,0
L281862,CoCl2,3,0.00046232,0,0.0,320,0.22840828,1082,False,observed_zero,True,5134,Naive1|Naive3,L281862,0
L281862,Dabrafenib,3,0.00046232,0,0.0,322,0.22983583,1080,False,observed_zero,True,6164,Naive1|Naive3,L281862,0
L281862,Doxorubicin,3,0.00046232,1,0.00035311,218,0.15560314,188,True,observed_nonzero,True,2832,Naive1|Naive3,L281862,0
L281862,Trametinib,3,0.00046232,0,0.0,275,0.19628837,1127,False,observed_zero,True,8091,Naive1|Naive3,L281862,0
L281881,Acid,13,0.00200339,13,0.00179409,115,0.08208423,9,True,observed_nonzero,True,7246,Naive1|Naive2|Naive3,L281881,2
L281881,Cisplatin,13,0.00200339,0,0.0,273,0.19486081,1129,False,observed_zero,True,6815,Naive1|Naive2|Naive3,L281881,2
L281881,CoCl2,13,0.00200339,0,0.0,320,0.22840828,1082,False,observed_zero,True,5134,Naive1|Naive2|Naive3,L281881,2
L281881,Dabrafenib,13,0.00200339,0,0.0,322,0.22983583,1080,False,observed_zero,True,6164,Naive1|Naive2|Naive3,L281881,2
L281881,Doxorubicin,13,0.00200339,0,0.0,406,0.289793,996,False,observed_zero,True,2832,Naive1|Naive2|Naive3,L281881,2
L281881,Trametinib,13,0.00200339,0,0.0,275,0.19628837,1127,False,observed_zero,True,8091,Naive1|Naive2|Naive3,L281881,2
L282391,Acid,7,0.00107875,4,0.00055203,267,0.19057816,51,True,observed_nonzero,True,7246,Naive1|Naive2|Naive3,L282391,3
L282391,Cisplatin,7,0.00107875,0,0.0,273,0.19486081,1129,False,observed_zero,True,6815,Naive1|Naive2|Naive3,L282391,3
L282391,CoCl2,7,0.00107875,0,0.0,320,0.22840828,1082,False,observed_zero,True,5134,Naive1|Naive2|Naive3,L282391,3
L282391,Dabrafenib,7,0.00107875,2,0.00032446,135,0.09635974,47,True,observed_nonzero,True,6164,Naive1|Naive2|Naive3,L282391,3
L282391,Doxorubicin,7,0.00107875,0,0.0,406,0.289793,996,False,observed_zero,True,2832,Naive1|Naive2|Naive3,L282391,3
L282391,Trametinib,7,0.00107875,0,0.0,275,0.19628837,1127,False,observed_zero,True,8091,Naive1|Naive2|Naive3,L282391,3
L282419,Acid,11,0.00169518,2,0.00027601,380,0.27123483,107,True,observed_nonzero,True,7246,Naive1|Naive2|Naive3,L282419,4
L282419,Cisplatin,11,0.00169518,1,0.00014674,110,0.07851535,163,True,observed_nonzero,True,6815,Naive1|Naive2|Naive3,L282419,4
L282419,CoCl2,11,0.00169518,3,0.00058434,80,0.05710207,30,True,observed_nonzero,True,5134,Naive1|Naive2|Naive3,L282419,4
L282419,Dabrafenib,11,0.00169518,0,0.0,322,0.22983583,1080,False,observed_zero,True,6164,Naive1|Naive2|Naive3,L282419,4
L282419,Doxorubicin,11,0.00169518,1,0.00035311,218,0.15560314,188,True,observed_nonzero,True,2832,Naive1|Naive2|Naive3,L282419,4
L282419,Trametinib,11,0.00169518,0,0.0,275,0.19628837,1127,False,observed_zero,True,8091,Naive1|Naive2|Naive3,L282419,4
L282791,Acid,1,0.00015411,0,0.0,666,0.47537473,736,False,observed_zero,True,7246,Naive2,L282791,4
L282791,Cisplatin,1,0.00015411,0,0.0,273,0.19486081,1129,False,observed_zero,True,6815,Naive2,L282791,4
L282791,CoCl2,1,0.00015411,0,0.0,320,0.22840828,1082,False,observed_zero,True,5134,Naive2,L282791,4
L282791,Dabrafenib,1,0.00015411,0,0.0,322,0.22983583,1080,False,observed_zero,True,6164,Naive2,L282791,4
L282791,Doxorubicin,1,0.00015411,0,0.0,406,0.289793,996,False,observed_zero,True,2832,Naive2,L282791,4
L282791,Trametinib,1,0.00015411,0,0.0,275,0.19628837,1127,False,observed_zero,True,8091,Naive2,L282791,4
L282800,Acid,1,0.00015411,0,0.0,666,0.47537473,736,False,observed_zero,True,7246,Naive3,L282800,3
L282800,Cisplatin,1,0.00015411,0,0.0,273,0.19486081,1129,False,observed_zero,True,6815,Naive3,L282800,3
L282800,CoCl2,1,0.00015411,0,0.0,320,0.22840828,1082,False,observed_zero,True,5134,Naive3,L282800,3
L282800,Dabrafenib,1,0.00015411,0,0.0,322,0.22983583,1080,False,observed_zero,True,6164,Naive3,L282800,3
L282800,Doxorubicin,1,0.00015411,0,0.0,406,0.289793,996,False,observed_zero,True,2832,Naive3,L282800,3
L282800,Trametinib,1,0.00015411,0,0.0,275,0.19628837,1127,False,observed_zero,True,8091,Naive3,L282800,3
L282925,Acid,1,0.00015411,0,0.0,666,0.47537473,736,False,observed_zero,True,7246,Naive1,L282925,4
L282925,Cisplatin,1,0.00015411,1,0.00014674,110,0.07851535,163,True,observed_nonzero,True,6815,Naive1,L282925,4
L282925,CoCl2,1,0.00015411,2,0.00038956,110,0.07851535,69,True,observed_nonzero,True,5134,Naive1,L282925,4
L282925,Dabrafenib,1,0.00015411,0,0.0,322,0.22983583,1080,False,observed_zero,True,6164,Naive1,L282925,4
L282925,Doxorubicin,1,0.00015411,0,0.0,406,0.289793,996,False,observed_zero,True,2832,Naive1,L282925,4
L282925,Trametinib,1,0.00015411,0,0.0,275,0.19628837,1127,False,observed_zero,True,8091,Naive1,L282925,4
L283864,Acid,2,0.00030821,3,0.00041402,318,0.22698073,62,True,observed_nonzero,True,7246,Naive2|Naive3,L283864,1
L283864,Cisplatin,2,0.00030821,0,0.0,273,0.19486081,1129,False,observed_zero,True,6815,Naive2|Naive3,L283864,1
L283864,CoCl2,2,0.00030821,0,0.0,320,0.22840828,1082,False,observed_zero,True,5134,Naive2|Naive3,L283864,1
L283864,Dabrafenib,2,0.00030821,0,0.0,322,0.22983583,1080,False,observed_zero,True,6164,Naive2|Naive3,L283864,1
L283864,Doxorubicin,2,0.00030821,0,0.0,406,0.289793,996,False,observed_zero,True,2832,Naive2|Naive3,L283864,1
L283864,Trametinib,2,0.00030821,0,0.0,275,0.19628837,1127,False,observed_zero,True,8091,Naive2|Naive3,L283864,1
L284007,Acid,2,0.00030821,0,0.0,666,0.47537473,736,False,observed_zero,True,7246,Naive3,L284007,1
L284007,Cisplatin,2,0.00030821,0,0.0,273,0.19486081,1129,False,observed_zero,True,6815,Naive3,L284007,1
L284007,CoCl2,2,0.00030821,0,0.0,320,0.22840828,1082,False,observed_zero,True,5134,Naive3,L284007,1
L284007,Dabrafenib,2,0.00030821,0,0.0,322,0.22983583,1080,False,observed_zero,True,6164,Naive3,L284007,1
L284007,Doxorubicin,2,0.00030821,0,0.0,406,0.289793,996,False,observed_zero,True,2832,Naive3,L284007,1
L284007,Trametinib,2,0.00030821,0,0.0,275,0.19628837,1127,False,observed_zero,True,8091,Naive3,L284007,1
L284015,Acid,1,0.00015411,0,0.0,666,0.47537473,736,False,observed_zero,True,7246,Naive2,L284015,0
L284015,Cisplatin,1,0.00015411,0,0.0,273,0.19486081,1129,False,observed_zero,True,6815,Naive2,L284015,0
L284015,CoCl2,1,0.00015411,0,0.0,320,0.22840828,1082,False,observed_zero,True,5134,Naive2,L284015,0
L284015,Dabrafenib,1,0.00015411,0,0.0,322,0.22983583,1080,False,observed_zero,True,6164,Naive2,L284015,0
L284015,Doxorubicin,1,0.00015411,0,0.0,406,0.289793,996,False,observed_zero,True,2832,Naive2,L284015,0
L284015,Trametinib,1,0.00015411,0,0.0,275,0.19628837,1127,False,observed_zero,True,8091,Naive2,L284015,0
L28407,Acid,1,0.00015411,0,0.0,666,0.47537473,736,False,observed_zero,True,7246,Naive1,L28407,3
L28407,Cisplatin,1,0.00015411,0,0.0,273,0.19486081,1129,False,observed_zero,True,6815,Naive1,L28407,3
L28407,CoCl2,1,0.00015411,0,0.0,320,0.22840828,1082,False,observed_zero,True,5134,Naive1,L28407,3
L28407,Dabrafenib,1,0.00015411,0,0.0,322,0.22983583,1080,False,observed_zero,True,6164,Naive1,L28407,3
L28407,Doxorubicin,1,0.00015411,0,0.0,406,0.289793,996,False,observed_zero,True,2832,Naive1,L28407,3
L28407,Trametinib,1,0.00015411,0,0.0,275,0.19628837,1127,False,observed_zero,True,8091,Naive1,L28407,3
L2843,Acid,3,0.00046232,0,0.0,666,0.47537473,736,False,observed_zero,True,7246,Naive3,L2843,4
L2843,Cisplatin,3,0.00046232,0,0.0,273,0.19486081,1129,False,observed_zero,True,6815,Naive3,L2843,4
L2843,CoCl2,3,0.00046232,2,0.00038956,110,0.07851535,69,True,observed_nonzero,True,5134,Naive3,L2843,4
L2843,Dabrafenib,3,0.00046232,0,0.0,322,0.22983583,1080,False,observed_zero,True,6164,Naive3,L2843,4
L2843,Doxorubicin,3,0.00046232,0,0.0,406,0.289793,996,False,observed_zero,True,2832,Naive3,L2843,4
L2843,Trametinib,3,0.00046232,0,0.0,275,0.19628837,1127,False,observed_zero,True,8091,Naive3,L2843,4
L284309,Acid,3,0.00046232,3,0.00041402,318,0.22698073,62,True,observed_nonzero,True,7246,Naive3,L284309,0
L284309,Cisplatin,3,0.00046232,0,0.0,273,0.19486081,1129,False,observed_zero,True,6815,Naive3,L284309,0
L284309,CoCl2,3,0.00046232,0,0.0,320,0.22840828,1082,False,observed_zero,True,5134,Naive3,L284309,0
L284309,Dabrafenib,3,0.00046232,0,0.0,322,0.22983583,1080,False,observed_zero,True,6164,Naive3,L284309,0
L284309,Doxorubicin,3,0.00046232,1,0.00035311,218,0.15560314,188,True,observed_nonzero,True,2832,Naive3,L284309,0
L284309,Trametinib,3,0.00046232,0,0.0,275,0.19628837,1127,False,observed_zero,True,8091,Naive3,L284309,0
L28431,Acid,1,0.00015411,0,0.0,666,0.47537473,736,False,observed_zero,True,7246,Naive3,L28431,0
L28431,Cisplatin,1,0.00015411,0,0.0,273,0.19486081,1129,False,observed_zero,True,6815,Naive3,L28431,0
L28431,CoCl2,1,0.00015411,0,0.0,320,0.22840828,1082,False,observed_zero,True,5134,Naive3,L28431,0
L28431,Dabrafenib,1,0.00015411,0,0.0,322,0.22983583,1080,False,observed_zero,True,6164,Naive3,L28431,0
L28431,Doxorubicin,1,0.00015411,0,0.0,406,0.289793,996,False,observed_zero,True,2832,Naive3,L28431,0
L28431,Trametinib,1,0.00015411,0,0.0,275,0.19628837,1127,False,observed_zero,True,8091,Naive3,L28431,0
L284521,Acid,1,0.00015411,0,0.0,666,0.47537473,736,False,observed_zero,True,7246,Naive2,L284521,1
L284521,Cisplatin,1,0.00015411,0,0.0,273,0.19486081,1129,False,observed_zero,True,6815,Naive2,L284521,1
L284521,CoCl2,1,0.00015411,0,0.0,320,0.22840828,1082,False,observed_zero,True,5134,Naive2,L284521,1
L284521,Dabrafenib,1,0.00015411,0,0.0,322,0.22983583,1080,False,observed_zero,True,6164,Naive2,L284521,1
L284521,Doxorubicin,1,0.00015411,0,0.0,406,0.289793,996,False,observed_zero,True,2832,Naive2,L284521,1
L284521,Trametinib,1,0.00015411,0,0.0,275,0.19628837,1127,False,observed_zero,True,8091,Naive2,L284521,1
L284687,Acid,1,0.00015411,3,0.00041402,318,0.22698073,62,True,observed_nonzero,True,7246,Naive1,L284687,0
L284687,Cisplatin,1,0.00015411,0,0.0,273,0.19486081,1129,False,observed_zero,True,6815,Naive1,L284687,0
L284687,CoCl2,1,0.00015411,0,0.0,320,0.22840828,1082,False,observed_zero,True,5134,Naive1,L284687,0
L284687,Dabrafenib,1,0.00015411,0,0.0,322,0.22983583,1080,False,observed_zero,True,6164,Naive1,L284687,0
L284687,Doxorubicin,1,0.00015411,0,0.0,406,0.289793,996,False,observed_zero,True,2832,Naive1,L284687,0
L284687,Trametinib,1,0.00015411,0,0.0,275,0.19628837,1127,False,observed_zero,True,8091,Naive1,L284687,0
L285082,Acid,7,0.00107875,11,0.00151808,136,0.09707352,13,True,observed_nonzero,True,7246,Naive1|Naive2|Naive3,L285082,0
L285082,Cisplatin,7,0.00107875,0,0.0,273,0.19486081,1129,False,observed_zero,True,6815,Naive1|Naive2|Naive3,L285082,0
L285082,CoCl2,7,0.00107875,0,0.0,320,0.22840828,1082,False,observed_zero,True,5134,Naive1|Naive2|Naive3,L285082,0
L285082,Dabrafenib,7,0.00107875,0,0.0,322,0.22983583,1080,False,observed_zero,True,6164,Naive1|Naive2|Naive3,L285082,0
L285082,Doxorubicin,7,0.00107875,0,0.0,406,0.289793,996,False,observed_zero,True,2832,Naive1|Naive2|Naive3,L285082,0
L285082,Trametinib,7,0.00107875,0,0.0,275,0.19628837,1127,False,observed_zero,True,8091,Naive1|Naive2|Naive3,L285082,0
L285161,Acid,1,0.00015411,0,0.0,666,0.47537473,736,False,observed_zero,True,7246,Naive3,L285161,4
L285161,Cisplatin,1,0.00015411,0,0.0,273,0.19486081,1129,False,observed_zero,True,6815,Naive3,L285161,4
L285161,CoCl2,1,0.00015411,0,0.0,320,0.22840828,1082,False,observed_zero,True,5134,Naive3,L285161,4
L285161,Dabrafenib,1,0.00015411,0,0.0,322,0.22983583,1080,False,observed_zero,True,6164,Naive3,L285161,4
L285161,Doxorubicin,1,0.00015411,1,0.00035311,218,0.15560314,188,True,observed_nonzero,True,2832,Naive3,L285161,4
L285161,Trametinib,1,0.00015411,0,0.0,275,0.19628837,1127,False,observed_zero,True,8091,Naive3,L285161,4
L285237,Acid,15,0.0023116,1,0.00013801,487,0.34760885,179,True,observed_nonzero,True,7246,Naive1|Naive2|Naive3,L285237,1
L285237,Cisplatin,15,0.0023116,0,0.0,273,0.19486081,1129,False,observed_zero,True,6815,Naive1|Naive2|Naive3,L285237,1
L285237,CoCl2,15,0.0023116,1,0.00019478,179,0.12776588,141,True,observed_nonzero,True,5134,Naive1|Naive2|Naive3,L285237,1
L285237,Dabrafenib,15,0.0023116,0,0.0,322,0.22983583,1080,False,observed_zero,True,6164,Naive1|Naive2|Naive3,L285237,1
L285237,Doxorubicin,15,0.0023116,0,0.0,406,0.289793,996,False,observed_zero,True,2832,Naive1|Naive2|Naive3,L285237,1
L285237,Trametinib,15,0.0023116,0,0.0,275,0.19628837,1127,False,observed_zero,True,8091,Naive1|Naive2|Naive3,L285237,1
L28531,Acid,1,0.00015411,0,0.0,666,0.47537473,736,False,observed_zero,True,7246,Naive3,L28531,1
L28531,Cisplatin,1,0.00015411,0,0.0,273,0.19486081,1129,False,observed_zero,True,6815,Naive3,L28531,1
L28531,CoCl2,1,0.00015411,0,0.0,320,0.22840828,1082,False,observed_zero,True,5134,Naive3,L28531,1
L28531,Dabrafenib,1,0.00015411,0,0.0,322,0.22983583,1080,False,observed_zero,True,6164,Naive3,L28531,1
L28531,Doxorubicin,1,0.00015411,0,0.0,406,0.289793,996,False,observed_zero,True,2832,Naive3,L28531,1
L28531,Trametinib,1,0.00015411,0,0.0,275,0.19628837,1127,False,observed_zero,True,8091,Naive3,L28531,1
L286442,Acid,1,0.00015411,0,0.0,666,0.47537473,736,False,observed_zero,True,7246,Naive2,L286442,4
L286442,Cisplatin,1,0.00015411,0,0.0,273,0.19486081,1129,False,observed_zero,True,6815,Naive2,L286442,4
L286442,CoCl2,1,0.00015411,0,0.0,320,0.22840828,1082,False,observed_zero,True,5134,Naive2,L286442,4
L286442,Dabrafenib,1,0.00015411,0,0.0,322,0.22983583,1080,False,observed_zero,True,6164,Naive2,L286442,4
L286442,Doxorubicin,1,0.00015411,0,0.0,406,0.289793,996,False,observed_zero,True,2832,Naive2,L286442,4
L286442,Trametinib,1,0.00015411,0,0.0,275,0.19628837,1127,False,observed_zero,True,8091,Naive2,L286442,4
L286512,Acid,2,0.00030821,0,0.0,666,0.47537473,736,False,observed_zero,True,7246,Naive2,L286512,1
L286512,Cisplatin,2,0.00030821,0,0.0,273,0.19486081,1129,False,observed_zero,True,6815,Naive2,L286512,1
L286512,CoCl2,2,0.00030821,0,0.0,320,0.22840828,1082,False,observed_zero,True,5134,Naive2,L286512,1
L286512,Dabrafenib,2,0.00030821,0,0.0,322,0.22983583,1080,False,observed_zero,True,6164,Naive2,L286512,1
L286512,Doxorubicin,2,0.00030821,0,0.0,406,0.289793,996,False,observed_zero,True,2832,Naive2,L286512,1
L286512,Trametinib,2,0.00030821,0,0.0,275,0.19628837,1127,False,observed_zero,True,8091,Naive2,L286512,1
L286689,Acid,1,0.00015411,1,0.00013801,487,0.34760885,179,True,observed_nonzero,True,7246,Naive1,L286689,1
L286689,Cisplatin,1,0.00015411,0,0.0,273,0.19486081,1129,False,observed_zero,True,6815,Naive1,L286689,1
L286689,CoCl2,1,0.00015411,0,0.0,320,0.22840828,1082,False,observed_zero,True,5134,Naive1,L286689,1
L286689,Dabrafenib,1,0.00015411,0,0.0,322,0.22983583,1080,False,observed_zero,True,6164,Naive1,L286689,1
L286689,Doxorubicin,1,0.00015411,0,0.0,406,0.289793,996,False,observed_zero,True,2832,Naive1,L286689,1
L286689,Trametinib,1,0.00015411,0,0.0,275,0.19628837,1127,False,observed_zero,True,8091,Naive1,L286689,1
L287148,Acid,1,0.00015411,14,0.0019321,103,0.07351892,12,True,observed_nonzero,True,7246,Naive2,L287148,3
L287148,Cisplatin,1,0.00015411,4,0.00058694,23,0.01641685,14,True,observed_nonzero,True,6815,Naive2,L287148,3
L287148,CoCl2,1,0.00015411,1,0.00019478,179,0.12776588,141,True,observed_nonzero,True,5134,Naive2,L287148,3
L287148,Dabrafenib,1,0.00015411,118,0.01914341,11,0.00785153,1,True,observed_nonzero,True,6164,Naive2,L287148,3
L287148,Doxorubicin,1,0.00015411,0,0.0,406,0.289793,996,False,observed_zero,True,2832,Naive2,L287148,3
L287148,Trametinib,1,0.00015411,88,0.01087628,10,0.00713776,1,True,observed_nonzero,True,8091,Naive2,L287148,3
L287467,Acid,1,0.00015411,0,0.0,666,0.47537473,736,False,observed_zero,True,7246,Naive3,L287467,2
L287467,Cisplatin,1,0.00015411,0,0.0,273,0.19486081,1129,False,observed_zero,True,6815,Naive3,L287467,2
L287467,CoCl2,1,0.00015411,0,0.0,320,0.22840828,1082,False,observed_zero,True,5134,Naive3,L287467,2
L287467,Dabrafenib,1,0.00015411,0,0.0,322,0.22983583,1080,False,observed_zero,True,6164,Naive3,L287467,2
L287467,Doxorubicin,1,0.00015411,0,0.0,406,0.289793,996,False,observed_zero,True,2832,Naive3,L287467,2
L287467,Trametinib,1,0.00015411,0,0.0,275,0.19628837,1127,False,observed_zero,True,8091,Naive3,L287467,2
L287522,Acid,1,0.00015411,0,0.0,666,0.47537473,736,False,observed_zero,True,7246,Naive3,L287522,4
L287522,Cisplatin,1,0.00015411,0,0.0,273,0.19486081,1129,False,observed_zero,True,6815,Naive3,L287522,4
L287522,CoCl2,1,0.00015411,0,0.0,320,0.22840828,1082,False,observed_zero,True,5134,Naive3,L287522,4
L287522,Dabrafenib,1,0.00015411,0,0.0,322,0.22983583,1080,False,observed_zero,True,6164,Naive3,L287522,4
L287522,Doxorubicin,1,0.00015411,0,0.0,406,0.289793,996,False,observed_zero,True,2832,Naive3,L287522,4
L287522,Trametinib,1,0.00015411,1,0.00012359,161,0.11491792,114,True,observed_nonzero,True,8091,Naive3,L287522,4
L287919,Acid,1,0.00015411,1,0.00013801,487,0.34760885,179,True,observed_nonzero,True,7246,Naive3,L287919,4
L287919,Cisplatin,1,0.00015411,0,0.0,273,0.19486081,1129,False,observed_zero,True,6815,Naive3,L287919,4
L287919,CoCl2,1,0.00015411,1,0.00019478,179,0.12776588,141,True,observed_nonzero,True,5134,Naive3,L287919,4
L287919,Dabrafenib,1,0.00015411,1,0.00016223,182,0.12990721,140,True,observed_nonzero,True,6164,Naive3,L287919,4
L287919,Doxorubicin,1,0.00015411,0,0.0,406,0.289793,996,False,observed_zero,True,2832,Naive3,L287919,4
L287919,Trametinib,1,0.00015411,1,0.00012359,161,0.11491792,114,True,observed_nonzero,True,8091,Naive3,L287919,4
L288391,Acid,2,0.00030821,0,0.0,666,0.47537473,736,False,observed_zero,True,7246,Naive3,L288391,4
L288391,Cisplatin,2,0.00030821,0,0.0,273,0.19486081,1129,False,observed_zero,True,6815,Naive3,L288391,4
L288391,CoCl2,2,0.00030821,0,0.0,320,0.22840828,1082,False,observed_zero,True,5134,Naive3,L288391,4
L288391,Dabrafenib,2,0.00030821,0,0.0,322,0.22983583,1080,False,observed_zero,True,6164,Naive3,L288391,4
L288391,Doxorubicin,2,0.00030821,0,0.0,406,0.289793,996,False,observed_zero,True,2832,Naive3,L288391,4
L288391,Trametinib,2,0.00030821,1,0.00012359,161,0.11491792,114,True,observed_nonzero,True,8091,Naive3,L288391,4
L288445,Acid,1,0.00015411,0,0.0,666,0.47537473,736,False,observed_zero,True,7246,Naive2,L288445,3
L288445,Cisplatin,1,0.00015411,0,0.0,273,0.19486081,1129,False,observed_zero,True,6815,Naive2,L288445,3
L288445,CoCl2,1,0.00015411,0,0.0,320,0.22840828,1082,False,observed_zero,True,5134,Naive2,L288445,3
L288445,Dabrafenib,1,0.00015411,2,0.00032446,135,0.09635974,47,True,observed_nonzero,True,6164,Naive2,L288445,3
L288445,Doxorubicin,1,0.00015411,0,0.0,406,0.289793,996,False,observed_zero,True,2832,Naive2,L288445,3
L288445,Trametinib,1,0.00015411,0,0.0,275,0.19628837,1127,False,observed_zero,True,8091,Naive2,L288445,3
L288451,Acid,1,0.00015411,0,0.0,666,0.47537473,736,False,observed_zero,True,7246,Naive1,L288451,4
L288451,Cisplatin,1,0.00015411,1,0.00014674,110,0.07851535,163,True,observed_nonzero,True,6815,Naive1,L288451,4
L288451,CoCl2,1,0.00015411,0,0.0,320,0.22840828,1082,False,observed_zero,True,5134,Naive1,L288451,4
L288451,Dabrafenib,1,0.00015411,0,0.0,322,0.22983583,1080,False,observed_zero,True,6164,Naive1,L288451,4
L288451,Doxorubicin,1,0.00015411,0,0.0,406,0.289793,996,False,observed_zero,True,2832,Naive1,L288451,4
L288451,Trametinib,1,0.00015411,0,0.0,275,0.19628837,1127,False,observed_zero,True,8091,Naive1,L288451,4
L289287,Acid,1,0.00015411,0,0.0,666,0.47537473,736,False,observed_zero,True,7246,Naive1,L289287,4
L289287,Cisplatin,1,0.00015411,0,0.0,273,0.19486081,1129,False,observed_zero,True,6815,Naive1,L289287,4
L289287,CoCl2,1,0.00015411,0,0.0,320,0.22840828,1082,False,observed_zero,True,5134,Naive1,L289287,4
L289287,Dabrafenib,1,0.00015411,0,0.0,322,0.22983583,1080,False,observed_zero,True,6164,Naive1,L289287,4
L289287,Doxorubicin,1,0.00015411,0,0.0,406,0.289793,996,False,observed_zero,True,2832,Naive1,L289287,4
L289287,Trametinib,1,0.00015411,0,0.0,275,0.19628837,1127,False,observed_zero,True,8091,Naive1,L289287,4
L289410,Acid,36,0.00554785,11,0.00151808,136,0.09707352,13,True,observed_nonzero,True,7246,Naive1|Naive2|Naive3,L289410,2
L289410,Cisplatin,36,0.00554785,0,0.0,273,0.19486081,1129,False,observed_zero,True,6815,Naive1|Naive2|Naive3,L289410,2
L289410,CoCl2,36,0.00554785,2,0.00038956,110,0.07851535,69,True,observed_nonzero,True,5134,Naive1|Naive2|Naive3,L289410,2
L289410,Dabrafenib,36,0.00554785,0,0.0,322,0.22983583,1080,False,observed_zero,True,6164,Naive1|Naive2|Naive3,L289410,2
L289410,Doxorubicin,36,0.00554785,2,0.00070621,135,0.09635974,83,True,observed_nonzero,True,2832,Naive1|Naive2|Naive3,L289410,2
L289410,Trametinib,36,0.00554785,0,0.0,275,0.19628837,1127,False,observed_zero,True,8091,Naive1|Naive2|Naive3,L289410,2
L289459,Acid,1,0.00015411,0,0.0,666,0.47537473,736,False,observed_zero,True,7246,Naive2,L289459,4
L289459,Cisplatin,1,0.00015411,0,0.0,273,0.19486081,1129,False,observed_zero,True,6815,Naive2,L289459,4
L289459,CoCl2,1,0.00015411,0,0.0,320,0.22840828,1082,False,observed_zero,True,5134,Naive2,L289459,4
L289459,Dabrafenib,1,0.00015411,0,0.0,322,0.22983583,1080,False,observed_zero,True,6164,Naive2,L289459,4
L289459,Doxorubicin,1,0.00015411,0,0.0,406,0.289793,996,False,observed_zero,True,2832,Naive2,L289459,4
L289459,Trametinib,1,0.00015411,0,0.0,275,0.19628837,1127,False,observed_zero,True,8091,Naive2,L289459,4
L289493,Acid,1,0.00015411,0,0.0,666,0.47537473,736,False,observed_zero,True,7246,Naive1,L289493,4
L289493,Cisplatin,1,0.00015411,0,0.0,273,0.19486081,1129,False,observed_zero,True,6815,Naive1,L289493,4
L289493,CoCl2,1,0.00015411,0,0.0,320,0.22840828,1082,False,observed_zero,True,5134,Naive1,L289493,4
L289493,Dabrafenib,1,0.00015411,0,0.0,322,0.22983583,1080,False,observed_zero,True,6164,Naive1,L289493,4
L289493,Doxorubicin,1,0.00015411,0,0.0,406,0.289793,996,False,observed_zero,True,2832,Naive1,L289493,4
L289493,Trametinib,1,0.00015411,0,0.0,275,0.19628837,1127,False,observed_zero,True,8091,Naive1,L289493,4
L289938,Acid,12,0.00184928,2,0.00027601,380,0.27123483,107,True,observed_nonzero,True,7246,Naive2|Naive3,L289938,1
L289938,Cisplatin,12,0.00184928,1,0.00014674,110,0.07851535,163,True,observed_nonzero,True,6815,Naive2|Naive3,L289938,1
L289938,CoCl2,12,0.00184928,0,0.0,320,0.22840828,1082,False,observed_zero,True,5134,Naive2|Naive3,L289938,1
L289938,Dabrafenib,12,0.00184928,1,0.00016223,182,0.12990721,140,True,observed_nonzero,True,6164,Naive2|Naive3,L289938,1
L289938,Doxorubicin,12,0.00184928,0,0.0,406,0.289793,996,False,observed_zero,True,2832,Naive2|Naive3,L289938,1
L289938,Trametinib,12,0.00184928,1,0.00012359,161,0.11491792,114,True,observed_nonzero,True,8091,Naive2|Naive3,L289938,1
L289974,Acid,1,0.00015411,1,0.00013801,487,0.34760885,179,True,observed_nonzero,True,7246,Naive1,L289974,1
L289974,Cisplatin,1,0.00015411,1,0.00014674,110,0.07851535,163,True,observed_nonzero,True,6815,Naive1,L289974,1
L289974,CoCl2,1,0.00015411,0,0.0,320,0.22840828,1082,False,observed_zero,True,5134,Naive1,L289974,1
L289974,Dabrafenib,1,0.00015411,0,0.0,322,0.22983583,1080,False,observed_zero,True,6164,Naive1,L289974,1
L289974,Doxorubicin,1,0.00015411,0,0.0,406,0.289793,996,False,observed_zero,True,2832,Naive1,L289974,1
L289974,Trametinib,1,0.00015411,0,0.0,275,0.19628837,1127,False,observed_zero,True,8091,Naive1,L289974,1
L29023,Acid,1,0.00015411,2,0.00027601,380,0.27123483,107,True,observed_nonzero,True,7246,Naive3,L29023,3
L29023,Cisplatin,1,0.00015411,0,0.0,273,0.19486081,1129,False,observed_zero,True,6815,Naive3,L29023,3
L29023,CoCl2,1,0.00015411,0,0.0,320,0.22840828,1082,False,observed_zero,True,5134,Naive3,L29023,3
L29023,Dabrafenib,1,0.00015411,0,0.0,322,0.22983583,1080,False,observed_zero,True,6164,Naive3,L29023,3
L29023,Doxorubicin,1,0.00015411,0,0.0,406,0.289793,996,False,observed_zero,True,2832,Naive3,L29023,3
L29023,Trametinib,1,0.00015411,0,0.0,275,0.19628837,1127,False,observed_zero,True,8091,Naive3,L29023,3
L290279,Acid,5,0.00077053,4,0.00055203,267,0.19057816,51,True,observed_nonzero,True,7246,Naive1|Naive3,L290279,2
L290279,Cisplatin,5,0.00077053,1,0.00014674,110,0.07851535,163,True,observed_nonzero,True,6815,Naive1|Naive3,L290279,2
L290279,CoCl2,5,0.00077053,2,0.00038956,110,0.07851535,69,True,observed_nonzero,True,5134,Naive1|Naive3,L290279,2
L290279,Dabrafenib,5,0.00077053,0,0.0,322,0.22983583,1080,False,observed_zero,True,6164,Naive1|Naive3,L290279,2
L290279,Doxorubicin,5,0.00077053,9,0.00317797,27,0.01927195,5,True,observed_nonzero,True,2832,Naive1|Naive3,L290279,2
L290279,Trametinib,5,0.00077053,0,0.0,275,0.19628837,1127,False,observed_zero,True,8091,Naive1|Naive3,L290279,2
L290343,Acid,1,0.00015411,0,0.0,666,0.47537473,736,False,observed_zero,True,7246,Naive3,L290343,4
L290343,Cisplatin,1,0.00015411,0,0.0,273,0.19486081,1129,False,observed_zero,True,6815,Naive3,L290343,4
L290343,CoCl2,1,0.00015411,0,0.0,320,0.22840828,1082,False,observed_zero,True,5134,Naive3,L290343,4
L290343,Dabrafenib,1,0.00015411,0,0.0,322,0.22983583,1080,False,observed_zero,True,6164,Naive3,L290343,4
L290343,Doxorubicin,1,0.00015411,0,0.0,406,0.289793,996,False,observed_zero,True,2832,Naive3,L290343,4
L290343,Trametinib,1,0.00015411,0,0.0,275,0.19628837,1127,False,observed_zero,True,8091,Naive3,L290343,4
L290559,Acid,1,0.00015411,2,0.00027601,380,0.27123483,107,True,observed_nonzero,True,7246,Naive2,L290559,0
L290559,Cisplatin,1,0.00015411,0,0.0,273,0.19486081,1129,False,observed_zero,True,6815,Naive2,L290559,0
L290559,CoCl2,1,0.00015411,0,0.0,320,0.22840828,1082,False,observed_zero,True,5134,Naive2,L290559,0
L290559,Dabrafenib,1,0.00015411,0,0.0,322,0.22983583,1080,False,observed_zero,True,6164,Naive2,L290559,0
L290559,Doxorubicin,1,0.00015411,0,0.0,406,0.289793,996,False,observed_zero,True,2832,Naive2,L290559,0
L290559,Trametinib,1,0.00015411,0,0.0,275,0.19628837,1127,False,observed_zero,True,8091,Naive2,L290559,0
L290603,Acid,4,0.00061643,3,0.00041402,318,0.22698073,62,True,observed_nonzero,True,7246,Naive1|Naive2|Naive3,L290603,1
L290603,Cisplatin,4,0.00061643,1,0.00014674,110,0.07851535,163,True,observed_nonzero,True,6815,Naive1|Naive2|Naive3,L290603,1
L290603,CoCl2,4,0.00061643,1,0.00019478,179,0.12776588,141,True,observed_nonzero,True,5134,Naive1|Naive2|Naive3,L290603,1
L290603,Dabrafenib,4,0.00061643,1,0.00016223,182,0.12990721,140,True,observed_nonzero,True,6164,Naive1|Naive2|Naive3,L290603,1
L290603,Doxorubicin,4,0.00061643,0,0.0,406,0.289793,996,False,observed_zero,True,2832,Naive1|Naive2|Naive3,L290603,1
L290603,Trametinib,4,0.00061643,0,0.0,275,0.19628837,1127,False,observed_zero,True,8091,Naive1|Naive2|Naive3,L290603,1
L290642,Acid,2,0.00030821,0,0.0,666,0.47537473,736,False,observed_zero,True,7246,Naive1|Naive3,L290642,2
L290642,Cisplatin,2,0.00030821,0,0.0,273,0.19486081,1129,False,observed_zero,True,6815,Naive1|Naive3,L290642,2
L290642,CoCl2,2,0.00030821,0,0.0,320,0.22840828,1082,False,observed_zero,True,5134,Naive1|Naive3,L290642,2
L290642,Dabrafenib,2,0.00030821,0,0.0,322,0.22983583,1080,False,observed_zero,True,6164,Naive1|Naive3,L290642,2
L290642,Doxorubicin,2,0.00030821,0,0.0,406,0.289793,996,False,observed_zero,True,2832,Naive1|Naive3,L290642,2
L290642,Trametinib,2,0.00030821,0,0.0,275,0.19628837,1127,False,observed_zero,True,8091,Naive1|Naive3,L290642,2
L290808,Acid,1,0.00015411,0,0.0,666,0.47537473,736,False,observed_zero,True,7246,Naive3,L290808,4
L290808,Cisplatin,1,0.00015411,0,0.0,273,0.19486081,1129,False,observed_zero,True,6815,Naive3,L290808,4
L290808,CoCl2,1,0.00015411,0,0.0,320,0.22840828,1082,False,observed_zero,True,5134,Naive3,L290808,4
L290808,Dabrafenib,1,0.00015411,0,0.0,322,0.22983583,1080,False,observed_zero,True,6164,Naive3,L290808,4
L290808,Doxorubicin,1,0.00015411,0,0.0,406,0.289793,996,False,observed_zero,True,2832,Naive3,L290808,4
L290808,Trametinib,1,0.00015411,0,0.0,275,0.19628837,1127,False,observed_zero,True,8091,Naive3,L290808,4
L291848,Acid,1,0.00015411,0,0.0,666,0.47537473,736,False,observed_zero,True,7246,Naive3,L291848,0
L291848,Cisplatin,1,0.00015411,0,0.0,273,0.19486081,1129,False,observed_zero,True,6815,Naive3,L291848,0
L291848,CoCl2,1,0.00015411,0,0.0,320,0.22840828,1082,False,observed_zero,True,5134,Naive3,L291848,0
L291848,Dabrafenib,1,0.00015411,0,0.0,322,0.22983583,1080,False,observed_zero,True,6164,Naive3,L291848,0
L291848,Doxorubicin,1,0.00015411,0,0.0,406,0.289793,996,False,observed_zero,True,2832,Naive3,L291848,0
L291848,Trametinib,1,0.00015411,0,0.0,275,0.19628837,1127,False,observed_zero,True,8091,Naive3,L291848,0
L291864,Acid,1,0.00015411,0,0.0,666,0.47537473,736,False,observed_zero,True,7246,Naive2,L291864,0
L291864,Cisplatin,1,0.00015411,0,0.0,273,0.19486081,1129,False,observed_zero,True,6815,Naive2,L291864,0
L291864,CoCl2,1,0.00015411,0,0.0,320,0.22840828,1082,False,observed_zero,True,5134,Naive2,L291864,0
L291864,Dabrafenib,1,0.00015411,0,0.0,322,0.22983583,1080,False,observed_zero,True,6164,Naive2,L291864,0
L291864,Doxorubicin,1,0.00015411,0,0.0,406,0.289793,996,False,observed_zero,True,2832,Naive2,L291864,0
L291864,Trametinib,1,0.00015411,0,0.0,275,0.19628837,1127,False,observed_zero,True,8091,Naive2,L291864,0
L292026,Acid,3,0.00046232,1,0.00013801,487,0.34760885,179,True,observed_nonzero,True,7246,Naive2|Naive3,L292026,3
L292026,Cisplatin,3,0.00046232,2,0.00029347,60,0.04282655,50,True,observed_nonzero,True,6815,Naive2|Naive3,L292026,3
L292026,CoCl2,3,0.00046232,1,0.00019478,179,0.12776588,141,True,observed_nonzero,True,5134,Naive2|Naive3,L292026,3
L292026,Dabrafenib,3,0.00046232,0,0.0,322,0.22983583,1080,False,observed_zero,True,6164,Naive2|Naive3,L292026,3
L292026,Doxorubicin,3,0.00046232,0,0.0,406,0.289793,996,False,observed_zero,True,2832,Naive2|Naive3,L292026,3
L292026,Trametinib,3,0.00046232,0,0.0,275,0.19628837,1127,False,observed_zero,True,8091,Naive2|Naive3,L292026,3
L292133,Acid,2,0.00030821,0,0.0,666,0.47537473,736,False,observed_zero,True,7246,Naive1|Naive3,L292133,1
L292133,Cisplatin,2,0.00030821,0,0.0,273,0.19486081,1129,False,observed_zero,True,6815,Naive1|Naive3,L292133,1
L292133,CoCl2,2,0.00030821,0,0.0,320,0.22840828,1082,False,observed_zero,True,5134,Naive1|Naive3,L292133,1
L292133,Dabrafenib,2,0.00030821,0,0.0,322,0.22983583,1080,False,observed_zero,True,6164,Naive1|Naive3,L292133,1
L292133,Doxorubicin,2,0.00030821,0,0.0,406,0.289793,996,False,observed_zero,True,2832,Naive1|Naive3,L292133,1
L292133,Trametinib,2,0.00030821,0,0.0,275,0.19628837,1127,False,observed_zero,True,8091,Naive1|Naive3,L292133,1
L292268,Acid,6,0.00092464,1,0.00013801,487,0.34760885,179,True,observed_nonzero,True,7246,Naive1|Naive2|Naive3,L292268,4
L292268,Cisplatin,6,0.00092464,0,0.0,273,0.19486081,1129,False,observed_zero,True,6815,Naive1|Naive2|Naive3,L292268,4
L292268,CoCl2,6,0.00092464,24,0.00467472,4,0.0028551,2,True,observed_nonzero,True,5134,Naive1|Naive2|Naive3,L292268,4
L292268,Dabrafenib,6,0.00092464,24,0.00389358,28,0.01998572,1,True,observed_nonzero,True,6164,Naive1|Naive2|Naive3,L292268,4
L292268,Doxorubicin,6,0.00092464,0,0.0,406,0.289793,996,False,observed_zero,True,2832,Naive1|Naive2|Naive3,L292268,4
L292268,Trametinib,6,0.00092464,0,0.0,275,0.19628837,1127,False,observed_zero,True,8091,Naive1|Naive2|Naive3,L292268,4
L292296,Acid,2,0.00030821,0,0.0,666,0.47537473,736,False,observed_zero,True,7246,Naive1,L292296,3
L292296,Cisplatin,2,0.00030821,1,0.00014674,110,0.07851535,163,True,observed_nonzero,True,6815,Naive1,L292296,3
L292296,CoCl2,2,0.00030821,0,0.0,320,0.22840828,1082,False,observed_zero,True,5134,Naive1,L292296,3
L292296,Dabrafenib,2,0.00030821,0,0.0,322,0.22983583,1080,False,observed_zero,True,6164,Naive1,L292296,3
L292296,Doxorubicin,2,0.00030821,0,0.0,406,0.289793,996,False,observed_zero,True,2832,Naive1,L292296,3
L292296,Trametinib,2,0.00030821,0,0.0,275,0.19628837,1127,False,observed_zero,True,8091,Naive1,L292296,3
L292380,Acid,1,0.00015411,0,0.0,666,0.47537473,736,False,observed_zero,True,7246,Naive3,L292380,2
L292380,Cisplatin,1,0.00015411,0,0.0,273,0.19486081,1129,False,observed_zero,True,6815,Naive3,L292380,2
L292380,CoCl2,1,0.00015411,0,0.0,320,0.22840828,1082,False,observed_zero,True,5134,Naive3,L292380,2
L292380,Dabrafenib,1,0.00015411,0,0.0,322,0.22983583,1080,False,observed_zero,True,6164,Naive3,L292380,2
L292380,Doxorubicin,1,0.00015411,0,0.0,406,0.289793,996,False,observed_zero,True,2832,Naive3,L292380,2
L292380,Trametinib,1,0.00015411,0,0.0,275,0.19628837,1127,False,observed_zero,True,8091,Naive3,L292380,2
L292653,Acid,2,0.00030821,1,0.00013801,487,0.34760885,179,True,observed_nonzero,True,7246,Naive3,L292653,3
L292653,Cisplatin,2,0.00030821,1,0.00014674,110,0.07851535,163,True,observed_nonzero,True,6815,Naive3,L292653,3
L292653,CoCl2,2,0.00030821,0,0.0,320,0.22840828,1082,False,observed_zero,True,5134,Naive3,L292653,3
L292653,Dabrafenib,2,0.00030821,0,0.0,322,0.22983583,1080,False,observed_zero,True,6164,Naive3,L292653,3
L292653,Doxorubicin,2,0.00030821,0,0.0,406,0.289793,996,False,observed_zero,True,2832,Naive3,L292653,3
L292653,Trametinib,2,0.00030821,0,0.0,275,0.19628837,1127,False,observed_zero,True,8091,Naive3,L292653,3
L292880,Acid,1,0.00015411,0,0.0,666,0.47537473,736,False,observed_zero,True,7246,Naive2,L292880,3
L292880,Cisplatin,1,0.00015411,0,0.0,273,0.19486081,1129,False,observed_zero,True,6815,Naive2,L292880,3
L292880,CoCl2,1,0.00015411,0,0.0,320,0.22840828,1082,False,observed_zero,True,5134,Naive2,L292880,3
L292880,Dabrafenib,1,0.00015411,0,0.0,322,0.22983583,1080,False,observed_zero,True,6164,Naive2,L292880,3
L292880,Doxorubicin,1,0.00015411,0,0.0,406,0.289793,996,False,observed_zero,True,2832,Naive2,L292880,3
L292880,Trametinib,1,0.00015411,0,0.0,275,0.19628837,1127,False,observed_zero,True,8091,Naive2,L292880,3
L293016,Acid,4,0.00061643,14,0.0019321,103,0.07351892,12,True,observed_nonzero,True,7246,Naive2|Naive3,L293016,2
L293016,Cisplatin,4,0.00061643,1,0.00014674,110,0.07851535,163,True,observed_nonzero,True,6815,Naive2|Naive3,L293016,2
L293016,CoCl2,4,0.00061643,16,0.00311648,10,0.00713776,3,True,observed_nonzero,True,5134,Naive2|Naive3,L293016,2
L293016,Dabrafenib,4,0.00061643,43,0.00697599,17,0.01213419,1,True,observed_nonzero,True,6164,Naive2|Naive3,L293016,2
L293016,Doxorubicin,4,0.00061643,7,0.00247175,41,0.02926481,9,True,observed_nonzero,True,2832,Naive2|Naive3,L293016,2
L293016,Trametinib,4,0.00061643,10,0.00123594,50,0.03568879,7,True,observed_nonzero,True,8091,Naive2|Naive3,L293016,2
L293527,Acid,27,0.00416089,40,0.00552029,31,0.02212705,5,True,observed_nonzero,True,7246,Naive1|Naive2|Naive3,L293527,3
L293527,Cisplatin,27,0.00416089,0,0.0,273,0.19486081,1129,False,observed_zero,True,6815,Naive1|Naive2|Naive3,L293527,3
L293527,CoCl2,27,0.00416089,2,0.00038956,110,0.07851535,69,True,observed_nonzero,True,5134,Naive1|Naive2|Naive3,L293527,3
L293527,Dabrafenib,27,0.00416089,0,0.0,322,0.22983583,1080,False,observed_zero,True,6164,Naive1|Naive2|Naive3,L293527,3
L293527,Doxorubicin,27,0.00416089,0,0.0,406,0.289793,996,False,observed_zero,True,2832,Naive1|Naive2|Naive3,L293527,3
L293527,Trametinib,27,0.00416089,0,0.0,275,0.19628837,1127,False,observed_zero,True,8091,Naive1|Naive2|Naive3,L293527,3
L293773,Acid,3,0.00046232,2,0.00027601,380,0.27123483,107,True,observed_nonzero,True,7246,Naive3,L293773,0
L293773,Cisplatin,3,0.00046232,0,0.0,273,0.19486081,1129,False,observed_zero,True,6815,Naive3,L293773,0
L293773,CoCl2,3,0.00046232,0,0.0,320,0.22840828,1082,False,observed_zero,True,5134,Naive3,L293773,0
L293773,Dabrafenib,3,0.00046232,0,0.0,322,0.22983583,1080,False,observed_zero,True,6164,Naive3,L293773,0
L293773,Doxorubicin,3,0.00046232,1,0.00035311,218,0.15560314,188,True,observed_nonzero,True,2832,Naive3,L293773,0
L293773,Trametinib,3,0.00046232,0,0.0,275,0.19628837,1127,False,observed_zero,True,8091,Naive3,L293773,0
L293983,Acid,1,0.00015411,0,0.0,666,0.47537473,736,False,observed_zero,True,7246,Naive2,L293983,3
L293983,Cisplatin,1,0.00015411,0,0.0,273,0.19486081,1129,False,observed_zero,True,6815,Naive2,L293983,3
L293983,CoCl2,1,0.00015411,0,0.0,320,0.22840828,1082,False,observed_zero,True,5134,Naive2,L293983,3
L293983,Dabrafenib,1,0.00015411,0,0.0,322,0.22983583,1080,False,observed_zero,True,6164,Naive2,L293983,3
L293983,Doxorubicin,1,0.00015411,0,0.0,406,0.289793,996,False,observed_zero,True,2832,Naive2,L293983,3
L293983,Trametinib,1,0.00015411,0,0.0,275,0.19628837,1127,False,observed_zero,True,8091,Naive2,L293983,3
L293998,Acid,2,0.00030821,2,0.00027601,380,0.27123483,107,True,observed_nonzero,True,7246,Naive2|Naive3,L293998,2
L293998,Cisplatin,2,0.00030821,0,0.0,273,0.19486081,1129,False,observed_zero,True,6815,Naive2|Naive3,L293998,2
L293998,CoCl2,2,0.00030821,0,0.0,320,0.22840828,1082,False,observed_zero,True,5134,Naive2|Naive3,L293998,2
L293998,Dabrafenib,2,0.00030821,0,0.0,322,0.22983583,1080,False,observed_zero,True,6164,Naive2|Naive3,L293998,2
L293998,Doxorubicin,2,0.00030821,0,0.0,406,0.289793,996,False,observed_zero,True,2832,Naive2|Naive3,L293998,2
L293998,Trametinib,2,0.00030821,0,0.0,275,0.19628837,1127,False,observed_zero,True,8091,Naive2|Naive3,L293998,2
L294380,Acid,4,0.00061643,7,0.00096605,192,0.13704497,24,True,observed_nonzero,True,7246,Naive1|Naive3,L294380,3
L294380,Cisplatin,4,0.00061643,0,0.0,273,0.19486081,1129,False,observed_zero,True,6815,Naive1|Naive3,L294380,3
L294380,CoCl2,4,0.00061643,0,0.0,320,0.22840828,1082,False,observed_zero,True,5134,Naive1|Naive3,L294380,3
L294380,Dabrafenib,4,0.00061643,2,0.00032446,135,0.09635974,47,True,observed_nonzero,True,6164,Naive1|Naive3,L294380,3
L294380,Doxorubicin,4,0.00061643,1,0.00035311,218,0.15560314,188,True,observed_nonzero,True,2832,Naive1|Naive3,L294380,3
L294380,Trametinib,4,0.00061643,1,0.00012359,161,0.11491792,114,True,observed_nonzero,True,8091,Naive1|Naive3,L294380,3
L294541,Acid,1,0.00015411,3,0.00041402,318,0.22698073,62,True,observed_nonzero,True,7246,Naive2,L294541,2
L294541,Cisplatin,1,0.00015411,2,0.00029347,60,0.04282655,50,True,observed_nonzero,True,6815,Naive2,L294541,2
L294541,CoCl2,1,0.00015411,0,0.0,320,0.22840828,1082,False,observed_zero,True,5134,Naive2,L294541,2
L294541,Dabrafenib,1,0.00015411,198,0.032122,6,0.00428266,1,True,observed_nonzero,True,6164,Naive2,L294541,2
L294541,Doxorubicin,1,0.00015411,2,0.00070621,135,0.09635974,83,True,observed_nonzero,True,2832,Naive2,L294541,2
L294541,Trametinib,1,0.00015411,261,0.03225806,4,0.0028551,1,True,observed_nonzero,True,8091,Naive2,L294541,2
L294564,Acid,1,0.00015411,0,0.0,666,0.47537473,736,False,observed_zero,True,7246,Naive1,L294564,4
L294564,Cisplatin,1,0.00015411,0,0.0,273,0.19486081,1129,False,observed_zero,True,6815,Naive1,L294564,4
L294564,CoCl2,1,0.00015411,0,0.0,320,0.22840828,1082,False,observed_zero,True,5134,Naive1,L294564,4
L294564,Dabrafenib,1,0.00015411,0,0.0,322,0.22983583,1080,False,observed_zero,True,6164,Naive1,L294564,4
L294564,Doxorubicin,1,0.00015411,0,0.0,406,0.289793,996,False,observed_zero,True,2832,Naive1,L294564,4
L294564,Trametinib,1,0.00015411,0,0.0,275,0.19628837,1127,False,observed_zero,True,8091,Naive1,L294564,4
L294576,Acid,1,0.00015411,0,0.0,666,0.47537473,736,False,observed_zero,True,7246,Naive2,L294576,2
L294576,Cisplatin,1,0.00015411,0,0.0,273,0.19486081,1129,False,observed_zero,True,6815,Naive2,L294576,2
L294576,CoCl2,1,0.00015411,0,0.0,320,0.22840828,1082,False,observed_zero,True,5134,Naive2,L294576,2
L294576,Dabrafenib,1,0.00015411,0,0.0,322,0.22983583,1080,False,observed_zero,True,6164,Naive2,L294576,2
L294576,Doxorubicin,1,0.00015411,0,0.0,406,0.289793,996,False,observed_zero,True,2832,Naive2,L294576,2
L294576,Trametinib,1,0.00015411,0,0.0,275,0.19628837,1127,False,observed_zero,True,8091,Naive2,L294576,2
L295193,Acid,6,0.00092464,4,0.00055203,267,0.19057816,51,True,observed_nonzero,True,7246,Naive1|Naive3,L295193,1
L295193,Cisplatin,6,0.00092464,1,0.00014674,110,0.07851535,163,True,observed_nonzero,True,6815,Naive1|Naive3,L295193,1
L295193,CoCl2,6,0.00092464,3,0.00058434,80,0.05710207,30,True,observed_nonzero,True,5134,Naive1|Naive3,L295193,1
L295193,Dabrafenib,6,0.00092464,1,0.00016223,182,0.12990721,140,True,observed_nonzero,True,6164,Naive1|Naive3,L295193,1
L295193,Doxorubicin,6,0.00092464,1,0.00035311,218,0.15560314,188,True,observed_nonzero,True,2832,Naive1|Naive3,L295193,1
L295193,Trametinib,6,0.00092464,0,0.0,275,0.19628837,1127,False,observed_zero,True,8091,Naive1|Naive3,L295193,1
L295492,Acid,8,0.00123286,2,0.00027601,380,0.27123483,107,True,observed_nonzero,True,7246,Naive1|Naive2|Naive3,L295492,0
L295492,Cisplatin,8,0.00123286,0,0.0,273,0.19486081,1129,False,observed_zero,True,6815,Naive1|Naive2|Naive3,L295492,0
L295492,CoCl2,8,0.00123286,0,0.0,320,0.22840828,1082,False,observed_zero,True,5134,Naive1|Naive2|Naive3,L295492,0
L295492,Dabrafenib,8,0.00123286,0,0.0,322,0.22983583,1080,False,observed_zero,True,6164,Naive1|Naive2|Naive3,L295492,0
L295492,Doxorubicin,8,0.00123286,0,0.0,406,0.289793,996,False,observed_zero,True,2832,Naive1|Naive2|Naive3,L295492,0
L295492,Trametinib,8,0.00123286,0,0.0,275,0.19628837,1127,False,observed_zero,True,8091,Naive1|Naive2|Naive3,L295492,0
L29553,Acid,1,0.00015411,0,0.0,666,0.47537473,736,False,observed_zero,True,7246,Naive2,L29553,1
L29553,Cisplatin,1,0.00015411,0,0.0,273,0.19486081,1129,False,observed_zero,True,6815,Naive2,L29553,1
L29553,CoCl2,1,0.00015411,0,0.0,320,0.22840828,1082,False,observed_zero,True,5134,Naive2,L29553,1
L29553,Dabrafenib,1,0.00015411,0,0.0,322,0.22983583,1080,False,observed_zero,True,6164,Naive2,L29553,1
L29553,Doxorubicin,1,0.00015411,0,0.0,406,0.289793,996,False,observed_zero,True,2832,Naive2,L29553,1
L29553,Trametinib,1,0.00015411,0,0.0,275,0.19628837,1127,False,observed_zero,True,8091,Naive2,L29553,1
L295561,Acid,4,0.00061643,7,0.00096605,192,0.13704497,24,True,observed_nonzero,True,7246,Naive2|Naive3,L295561,0
L295561,Cisplatin,4,0.00061643,0,0.0,273,0.19486081,1129,False,observed_zero,True,6815,Naive2|Naive3,L295561,0
L295561,CoCl2,4,0.00061643,2,0.00038956,110,0.07851535,69,True,observed_nonzero,True,5134,Naive2|Naive3,L295561,0
L295561,Dabrafenib,4,0.00061643,20,0.00324465,34,0.02426838,1,True,observed_nonzero,True,6164,Naive2|Naive3,L295561,0
L295561,Doxorubicin,4,0.00061643,5,0.00176554,59,0.04211278,11,True,observed_nonzero,True,2832,Naive2|Naive3,L295561,0
L295561,Trametinib,4,0.00061643,14,0.00173032,37,0.02640971,1,True,observed_nonzero,True,8091,Naive2|Naive3,L295561,0
L295735,Acid,2,0.00030821,0,0.0,666,0.47537473,736,False,observed_zero,True,7246,Naive1|Naive3,L295735,3
L295735,Cisplatin,2,0.00030821,0,0.0,273,0.19486081,1129,False,observed_zero,True,6815,Naive1|Naive3,L295735,3
L295735,CoCl2,2,0.00030821,0,0.0,320,0.22840828,1082,False,observed_zero,True,5134,Naive1|Naive3,L295735,3
L295735,Dabrafenib,2,0.00030821,0,0.0,322,0.22983583,1080,False,observed_zero,True,6164,Naive1|Naive3,L295735,3
L295735,Doxorubicin,2,0.00030821,0,0.0,406,0.289793,996,False,observed_zero,True,2832,Naive1|Naive3,L295735,3
L295735,Trametinib,2,0.00030821,0,0.0,275,0.19628837,1127,False,observed_zero,True,8091,Naive1|Naive3,L295735,3
L296089,Acid,1,0.00015411,0,0.0,666,0.47537473,736,False,observed_zero,True,7246,Naive3,L296089,3
L296089,Cisplatin,1,0.00015411,0,0.0,273,0.19486081,1129,False,observed_zero,True,6815,Naive3,L296089,3
L296089,CoCl2,1,0.00015411,0,0.0,320,0.22840828,1082,False,observed_zero,True,5134,Naive3,L296089,3
L296089,Dabrafenib,1,0.00015411,0,0.0,322,0.22983583,1080,False,observed_zero,True,6164,Naive3,L296089,3
L296089,Doxorubicin,1,0.00015411,0,0.0,406,0.289793,996,False,observed_zero,True,2832,Naive3,L296089,3
L296089,Trametinib,1,0.00015411,0,0.0,275,0.19628837,1127,False,observed_zero,True,8091,Naive3,L296089,3
L296189,Acid,12,0.00184928,1,0.00013801,487,0.34760885,179,True,observed_nonzero,True,7246,Naive1|Naive2|Naive3,L296189,1
L296189,Cisplatin,12,0.00184928,0,0.0,273,0.19486081,1129,False,observed_zero,True,6815,Naive1|Naive2|Naive3,L296189,1
L296189,CoCl2,12,0.00184928,0,0.0,320,0.22840828,1082,False,observed_zero,True,5134,Naive1|Naive2|Naive3,L296189,1
L296189,Dabrafenib,12,0.00184928,0,0.0,322,0.22983583,1080,False,observed_zero,True,6164,Naive1|Naive2|Naive3,L296189,1
L296189,Doxorubicin,12,0.00184928,25,0.00882768,6,0.00428266,1,True,observed_nonzero,True,2832,Naive1|Naive2|Naive3,L296189,1
L296189,Trametinib,12,0.00184928,0,0.0,275,0.19628837,1127,False,observed_zero,True,8091,Naive1|Naive2|Naive3,L296189,1
L296278,Acid,2,0.00030821,0,0.0,666,0.47537473,736,False,observed_zero,True,7246,Naive3,L296278,2
L296278,Cisplatin,2,0.00030821,0,0.0,273,0.19486081,1129,False,observed_zero,True,6815,Naive3,L296278,2
L296278,CoCl2,2,0.00030821,0,0.0,320,0.22840828,1082,False,observed_zero,True,5134,Naive3,L296278,2
L296278,Dabrafenib,2,0.00030821,0,0.0,322,0.22983583,1080,False,observed_zero,True,6164,Naive3,L296278,2
L296278,Doxorubicin,2,0.00030821,0,0.0,406,0.289793,996,False,observed_zero,True,2832,Naive3,L296278,2
L296278,Trametinib,2,0.00030821,0,0.0,275,0.19628837,1127,False,observed_zero,True,8091,Naive3,L296278,2
L296352,Acid,1,0.00015411,0,0.0,666,0.47537473,736,False,observed_zero,True,7246,Naive1,L296352,3
L296352,Cisplatin,1,0.00015411,0,0.0,273,0.19486081,1129,False,observed_zero,True,6815,Naive1,L296352,3
L296352,CoCl2,1,0.00015411,0,0.0,320,0.22840828,1082,False,observed_zero,True,5134,Naive1,L296352,3
L296352,Dabrafenib,1,0.00015411,0,0.0,322,0.22983583,1080,False,observed_zero,True,6164,Naive1,L296352,3
L296352,Doxorubicin,1,0.00015411,0,0.0,406,0.289793,996,False,observed_zero,True,2832,Naive1,L296352,3
L296352,Trametinib,1,0.00015411,0,0.0,275,0.19628837,1127,False,observed_zero,True,8091,Naive1,L296352,3
L296371,Acid,6,0.00092464,5,0.00069004,232,0.165596,35,True,observed_nonzero,True,7246,Naive2|Naive3,L296371,1
L296371,Cisplatin,6,0.00092464,0,0.0,273,0.19486081,1129,False,observed_zero,True,6815,Naive2|Naive3,L296371,1
L296371,CoCl2,6,0.00092464,0,0.0,320,0.22840828,1082,False,observed_zero,True,5134,Naive2|Naive3,L296371,1
L296371,Dabrafenib,6,0.00092464,5,0.00081116,91,0.0649536,9,True,observed_nonzero,True,6164,Naive2|Naive3,L296371,1
L296371,Doxorubicin,6,0.00092464,0,0.0,406,0.289793,996,False,observed_zero,True,2832,Naive2|Naive3,L296371,1
L296371,Trametinib,6,0.00092464,10,0.00123594,50,0.03568879,7,True,observed_nonzero,True,8091,Naive2|Naive3,L296371,1
L296406,Acid,2,0.00030821,0,0.0,666,0.47537473,736,False,observed_zero,True,7246,Naive2|Naive3,L296406,1
L296406,Cisplatin,2,0.00030821,1,0.00014674,110,0.07851535,163,True,observed_nonzero,True,6815,Naive2|Naive3,L296406,1
L296406,CoCl2,2,0.00030821,0,0.0,320,0.22840828,1082,False,observed_zero,True,5134,Naive2|Naive3,L296406,1
L296406,Dabrafenib,2,0.00030821,0,0.0,322,0.22983583,1080,False,observed_zero,True,6164,Naive2|Naive3,L296406,1
L296406,Doxorubicin,2,0.00030821,0,0.0,406,0.289793,996,False,observed_zero,True,2832,Naive2|Naive3,L296406,1
L296406,Trametinib,2,0.00030821,0,0.0,275,0.19628837,1127,False,observed_zero,True,8091,Naive2|Naive3,L296406,1
L297256,Acid,5,0.00077053,16,0.00220811,93,0.06638116,4,True,observed_nonzero,True,7246,Naive3,L297256,1
L297256,Cisplatin,5,0.00077053,0,0.0,273,0.19486081,1129,False,observed_zero,True,6815,Naive3,L297256,1
L297256,CoCl2,5,0.00077053,0,0.0,320,0.22840828,1082,False,observed_zero,True,5134,Naive3,L297256,1
L297256,Dabrafenib,5,0.00077053,0,0.0,322,0.22983583,1080,False,observed_zero,True,6164,Naive3,L297256,1
L297256,Doxorubicin,5,0.00077053,0,0.0,406,0.289793,996,False,observed_zero,True,2832,Naive3,L297256,1
L297256,Trametinib,5,0.00077053,1,0.00012359,161,0.11491792,114,True,observed_nonzero,True,8091,Naive3,L297256,1
L297967,Acid,1,0.00015411,0,0.0,666,0.47537473,736,False,observed_zero,True,7246,Naive2,L297967,4
L297967,Cisplatin,1,0.00015411,0,0.0,273,0.19486081,1129,False,observed_zero,True,6815,Naive2,L297967,4
L297967,CoCl2,1,0.00015411,0,0.0,320,0.22840828,1082,False,observed_zero,True,5134,Naive2,L297967,4
L297967,Dabrafenib,1,0.00015411,0,0.0,322,0.22983583,1080,False,observed_zero,True,6164,Naive2,L297967,4
L297967,Doxorubicin,1,0.00015411,1,0.00035311,218,0.15560314,188,True,observed_nonzero,True,2832,Naive2,L297967,4
L297967,Trametinib,1,0.00015411,1,0.00012359,161,0.11491792,114,True,observed_nonzero,True,8091,Naive2,L297967,4
L298261,Acid,2,0.00030821,0,0.0,666,0.47537473,736,False,observed_zero,True,7246,Naive2,L298261,3
L298261,Cisplatin,2,0.00030821,0,0.0,273,0.19486081,1129,False,observed_zero,True,6815,Naive2,L298261,3
L298261,CoCl2,2,0.00030821,0,0.0,320,0.22840828,1082,False,observed_zero,True,5134,Naive2,L298261,3
L298261,Dabrafenib,2,0.00030821,0,0.0,322,0.22983583,1080,False,observed_zero,True,6164,Naive2,L298261,3
L298261,Doxorubicin,2,0.00030821,0,0.0,406,0.289793,996,False,observed_zero,True,2832,Naive2,L298261,3
L298261,Trametinib,2,0.00030821,0,0.0,275,0.19628837,1127,False,observed_zero,True,8091,Naive2,L298261,3
L298485,Acid,2,0.00030821,5,0.00069004,232,0.165596,35,True,observed_nonzero,True,7246,Naive1|Naive3,L298485,3
L298485,Cisplatin,2,0.00030821,0,0.0,273,0.19486081,1129,False,observed_zero,True,6815,Naive1|Naive3,L298485,3
L298485,CoCl2,2,0.00030821,0,0.0,320,0.22840828,1082,False,observed_zero,True,5134,Naive1|Naive3,L298485,3
L298485,Dabrafenib,2,0.00030821,0,0.0,322,0.22983583,1080,False,observed_zero,True,6164,Naive1|Naive3,L298485,3
L298485,Doxorubicin,2,0.00030821,0,0.0,406,0.289793,996,False,observed_zero,True,2832,Naive1|Naive3,L298485,3
L298485,Trametinib,2,0.00030821,0,0.0,275,0.19628837,1127,False,observed_zero,True,8091,Naive1|Naive3,L298485,3
L299027,Acid,1,0.00015411,0,0.0,666,0.47537473,736,False,observed_zero,True,7246,Naive2,L299027,0
L299027,Cisplatin,1,0.00015411,0,0.0,273,0.19486081,1129,False,observed_zero,True,6815,Naive2,L299027,0
L299027,CoCl2,1,0.00015411,0,0.0,320,0.22840828,1082,False,observed_zero,True,5134,Naive2,L299027,0
L299027,Dabrafenib,1,0.00015411,0,0.0,322,0.22983583,1080,False,observed_zero,True,6164,Naive2,L299027,0
L299027,Doxorubicin,1,0.00015411,0,0.0,406,0.289793,996,False,observed_zero,True,2832,Naive2,L299027,0
L299027,Trametinib,1,0.00015411,3,0.00037078,100,0.07137759,24,True,observed_nonzero,True,8091,Naive2,L299027,0
L29912,Acid,1,0.00015411,4,0.00055203,267,0.19057816,51,True,observed_nonzero,True,7246,Naive2,L29912,3
L29912,Cisplatin,1,0.00015411,0,0.0,273,0.19486081,1129,False,observed_zero,True,6815,Naive2,L29912,3
L29912,CoCl2,1,0.00015411,0,0.0,320,0.22840828,1082,False,observed_zero,True,5134,Naive2,L29912,3
L29912,Dabrafenib,1,0.00015411,1,0.00016223,182,0.12990721,140,True,observed_nonzero,True,6164,Naive2,L29912,3
L29912,Doxorubicin,1,0.00015411,0,0.0,406,0.289793,996,False,observed_zero,True,2832,Naive2,L29912,3
L29912,Trametinib,1,0.00015411,1,0.00012359,161,0.11491792,114,True,observed_nonzero,True,8091,Naive2,L29912,3
L299297,Acid,1,0.00015411,0,0.0,666,0.47537473,736,False,observed_zero,True,7246,Naive3,L299297,1
L299297,Cisplatin,1,0.00015411,0,0.0,273,0.19486081,1129,False,observed_zero,True,6815,Naive3,L299297,1
L299297,CoCl2,1,0.00015411,0,0.0,320,0.22840828,1082,False,observed_zero,True,5134,Naive3,L299297,1
L299297,Dabrafenib,1,0.00015411,0,0.0,322,0.22983583,1080,False,observed_zero,True,6164,Naive3,L299297,1
L299297,Doxorubicin,1,0.00015411,0,0.0,406,0.289793,996,False,observed_zero,True,2832,Naive3,L299297,1
L299297,Trametinib,1,0.00015411,0,0.0,275,0.19628837,1127,False,observed_zero,True,8091,Naive3,L299297,1
L299327,Acid,1,0.00015411,0,0.0,666,0.47537473,736,False,observed_zero,True,7246,Naive3,L299327,2
L299327,Cisplatin,1,0.00015411,0,0.0,273,0.19486081,1129,False,observed_zero,True,6815,Naive3,L299327,2
L299327,CoCl2,1,0.00015411,0,0.0,320,0.22840828,1082,False,observed_zero,True,5134,Naive3,L299327,2
L299327,Dabrafenib,1,0.00015411,0,0.0,322,0.22983583,1080,False,observed_zero,True,6164,Naive3,L299327,2
L299327,Doxorubicin,1,0.00015411,0,0.0,406,0.289793,996,False,observed_zero,True,2832,Naive3,L299327,2
L299327,Trametinib,1,0.00015411,0,0.0,275,0.19628837,1127,False,observed_zero,True,8091,Naive3,L299327,2
L299436,Acid,2,0.00030821,0,0.0,666,0.47537473,736,False,observed_zero,True,7246,Naive3,L299436,0
L299436,Cisplatin,2,0.00030821,0,0.0,273,0.19486081,1129,False,observed_zero,True,6815,Naive3,L299436,0
L299436,CoCl2,2,0.00030821,0,0.0,320,0.22840828,1082,False,observed_zero,True,5134,Naive3,L299436,0
L299436,Dabrafenib,2,0.00030821,0,0.0,322,0.22983583,1080,False,observed_zero,True,6164,Naive3,L299436,0
L299436,Doxorubicin,2,0.00030821,0,0.0,406,0.289793,996,False,observed_zero,True,2832,Naive3,L299436,0
L299436,Trametinib,2,0.00030821,0,0.0,275,0.19628837,1127,False,observed_zero,True,8091,Naive3,L299436,0
L299501,Acid,1,0.00015411,0,0.0,666,0.47537473,736,False,observed_zero,True,7246,Naive2,L299501,1
L299501,Cisplatin,1,0.00015411,0,0.0,273,0.19486081,1129,False,observed_zero,True,6815,Naive2,L299501,1
L299501,CoCl2,1,0.00015411,0,0.0,320,0.22840828,1082,False,observed_zero,True,5134,Naive2,L299501,1
L299501,Dabrafenib,1,0.00015411,0,0.0,322,0.22983583,1080,False,observed_zero,True,6164,Naive2,L299501,1
L299501,Doxorubicin,1,0.00015411,0,0.0,406,0.289793,996,False,observed_zero,True,2832,Naive2,L299501,1
L299501,Trametinib,1,0.00015411,0,0.0,275,0.19628837,1127,False,observed_zero,True,8091,Naive2,L299501,1
L29951,Acid,2,0.00030821,0,0.0,666,0.47537473,736,False,observed_zero,True,7246,Naive3,L29951,0
L29951,Cisplatin,2,0.00030821,0,0.0,273,0.19486081,1129,False,observed_zero,True,6815,Naive3,L29951,0
L29951,CoCl2,2,0.00030821,0,0.0,320,0.22840828,1082,False,observed_zero,True,5134,Naive3,L29951,0
L29951,Dabrafenib,2,0.00030821,0,0.0,322,0.22983583,1080,False,observed_zero,True,6164,Naive3,L29951,0
L29951,Doxorubicin,2,0.00030821,0,0.0,406,0.289793,996,False,observed_zero,True,2832,Naive3,L29951,0
L29951,Trametinib,2,0.00030821,0,0.0,275,0.19628837,1127,False,observed_zero,True,8091,Naive3,L29951,0
L300022,Acid,1,0.00015411,0,0.0,666,0.47537473,736,False,observed_zero,True,7246,Naive2,L300022,1
L300022,Cisplatin,1,0.00015411,0,0.0,273,0.19486081,1129,False,observed_zero,True,6815,Naive2,L300022,1
L300022,CoCl2,1,0.00015411,0,0.0,320,0.22840828,1082,False,observed_zero,True,5134,Naive2,L300022,1
L300022,Dabrafenib,1,0.00015411,0,0.0,322,0.22983583,1080,False,observed_zero,True,6164,Naive2,L300022,1
L300022,Doxorubicin,1,0.00015411,0,0.0,406,0.289793,996,False,observed_zero,True,2832,Naive2,L300022,1
L300022,Trametinib,1,0.00015411,0,0.0,275,0.19628837,1127,False,observed_zero,True,8091,Naive2,L300022,1
L300077,Acid,1,0.00015411,0,0.0,666,0.47537473,736,False,observed_zero,True,7246,Naive3,L300077,3
L300077,Cisplatin,1,0.00015411,0,0.0,273,0.19486081,1129,False,observed_zero,True,6815,Naive3,L300077,3
L300077,CoCl2,1,0.00015411,0,0.0,320,0.22840828,1082,False,observed_zero,True,5134,Naive3,L300077,3
L300077,Dabrafenib,1,0.00015411,1,0.00016223,182,0.12990721,140,True,observed_nonzero,True,6164,Naive3,L300077,3
L300077,Doxorubicin,1,0.00015411,0,0.0,406,0.289793,996,False,observed_zero,True,2832,Naive3,L300077,3
L300077,Trametinib,1,0.00015411,0,0.0,275,0.19628837,1127,False,observed_zero,True,8091,Naive3,L300077,3
L300084,Acid,2,0.00030821,1,0.00013801,487,0.34760885,179,True,observed_nonzero,True,7246,Naive1|Naive2,L300084,1
L300084,Cisplatin,2,0.00030821,0,0.0,273,0.19486081,1129,False,observed_zero,True,6815,Naive1|Naive2,L300084,1
L300084,CoCl2,2,0.00030821,0,0.0,320,0.22840828,1082,False,observed_zero,True,5134,Naive1|Naive2,L300084,1
L300084,Dabrafenib,2,0.00030821,0,0.0,322,0.22983583,1080,False,observed_zero,True,6164,Naive1|Naive2,L300084,1
L300084,Doxorubicin,2,0.00030821,0,0.0,406,0.289793,996,False,observed_zero,True,2832,Naive1|Naive2,L300084,1
L300084,Trametinib,2,0.00030821,1,0.00012359,161,0.11491792,114,True,observed_nonzero,True,8091,Naive1|Naive2,L300084,1
L300217,Acid,1,0.00015411,0,0.0,666,0.47537473,736,False,observed_zero,True,7246,Naive3,L300217,3
L300217,Cisplatin,1,0.00015411,0,0.0,273,0.19486081,1129,False,observed_zero,True,6815,Naive3,L300217,3
L300217,CoCl2,1,0.00015411,0,0.0,320,0.22840828,1082,False,observed_zero,True,5134,Naive3,L300217,3
L300217,Dabrafenib,1,0.00015411,0,0.0,322,0.22983583,1080,False,observed_zero,True,6164,Naive3,L300217,3
L300217,Doxorubicin,1,0.00015411,0,0.0,406,0.289793,996,False,observed_zero,True,2832,Naive3,L300217,3
L300217,Trametinib,1,0.00015411,0,0.0,275,0.19628837,1127,False,observed_zero,True,8091,Naive3,L300217,3
L300344,Acid,1,0.00015411,0,0.0,666,0.47537473,736,False,observed_zero,True,7246,Naive3,L300344,0
L300344,Cisplatin,1,0.00015411,0,0.0,273,0.19486081,1129,False,observed_zero,True,6815,Naive3,L300344,0
L300344,CoCl2,1,0.00015411,0,0.0,320,0.22840828,1082,False,observed_zero,True,5134,Naive3,L300344,0
L300344,Dabrafenib,1,0.00015411,0,0.0,322,0.22983583,1080,False,observed_zero,True,6164,Naive3,L300344,0
L300344,Doxorubicin,1,0.00015411,0,0.0,406,0.289793,996,False,observed_zero,True,2832,Naive3,L300344,0
L300344,Trametinib,1,0.00015411,0,0.0,275,0.19628837,1127,False,observed_zero,True,8091,Naive3,L300344,0
L300377,Acid,2,0.00030821,0,0.0,666,0.47537473,736,False,observed_zero,True,7246,Naive3,L300377,3
L300377,Cisplatin,2,0.00030821,0,0.0,273,0.19486081,1129,False,observed_zero,True,6815,Naive3,L300377,3
L300377,CoCl2,2,0.00030821,0,0.0,320,0.22840828,1082,False,observed_zero,True,5134,Naive3,L300377,3
L300377,Dabrafenib,2,0.00030821,0,0.0,322,0.22983583,1080,False,observed_zero,True,6164,Naive3,L300377,3
L300377,Doxorubicin,2,0.00030821,0,0.0,406,0.289793,996,False,observed_zero,True,2832,Naive3,L300377,3
L300377,Trametinib,2,0.00030821,0,0.0,275,0.19628837,1127,False,observed_zero,True,8091,Naive3,L300377,3
L300513,Acid,1,0.00015411,0,0.0,666,0.47537473,736,False,observed_zero,True,7246,Naive2,L300513,2
L300513,Cisplatin,1,0.00015411,0,0.0,273,0.19486081,1129,False,observed_zero,True,6815,Naive2,L300513,2
L300513,CoCl2,1,0.00015411,0,0.0,320,0.22840828,1082,False,observed_zero,True,5134,Naive2,L300513,2
L300513,Dabrafenib,1,0.00015411,0,0.0,322,0.22983583,1080,False,observed_zero,True,6164,Naive2,L300513,2
L300513,Doxorubicin,1,0.00015411,0,0.0,406,0.289793,996,False,observed_zero,True,2832,Naive2,L300513,2
L300513,Trametinib,1,0.00015411,0,0.0,275,0.19628837,1127,False,observed_zero,True,8091,Naive2,L300513,2
L300600,Acid,1,0.00015411,0,0.0,666,0.47537473,736,False,observed_zero,True,7246,Naive3,L300600,4
L300600,Cisplatin,1,0.00015411,0,0.0,273,0.19486081,1129,False,observed_zero,True,6815,Naive3,L300600,4
L300600,CoCl2,1,0.00015411,0,0.0,320,0.22840828,1082,False,observed_zero,True,5134,Naive3,L300600,4
L300600,Dabrafenib,1,0.00015411,0,0.0,322,0.22983583,1080,False,observed_zero,True,6164,Naive3,L300600,4
L300600,Doxorubicin,1,0.00015411,0,0.0,406,0.289793,996,False,observed_zero,True,2832,Naive3,L300600,4
L300600,Trametinib,1,0.00015411,0,0.0,275,0.19628837,1127,False,observed_zero,True,8091,Naive3,L300600,4
L301536,Acid,3,0.00046232,0,0.0,666,0.47537473,736,False,observed_zero,True,7246,Naive1|Naive3,L301536,1
L301536,Cisplatin,3,0.00046232,0,0.0,273,0.19486081,1129,False,observed_zero,True,6815,Naive1|Naive3,L301536,1
L301536,CoCl2,3,0.00046232,0,0.0,320,0.22840828,1082,False,observed_zero,True,5134,Naive1|Naive3,L301536,1
L301536,Dabrafenib,3,0.00046232,0,0.0,322,0.22983583,1080,False,observed_zero,True,6164,Naive1|Naive3,L301536,1
L301536,Doxorubicin,3,0.00046232,0,0.0,406,0.289793,996,False,observed_zero,True,2832,Naive1|Naive3,L301536,1
L301536,Trametinib,3,0.00046232,0,0.0,275,0.19628837,1127,False,observed_zero,True,8091,Naive1|Naive3,L301536,1
L301796,Acid,1,0.00015411,0,0.0,666,0.47537473,736,False,observed_zero,True,7246,Naive3,L301796,2
L301796,Cisplatin,1,0.00015411,0,0.0,273,0.19486081,1129,False,observed_zero,True,6815,Naive3,L301796,2
L301796,CoCl2,1,0.00015411,0,0.0,320,0.22840828,1082,False,observed_zero,True,5134,Naive3,L301796,2
L301796,Dabrafenib,1,0.00015411,0,0.0,322,0.22983583,1080,False,observed_zero,True,6164,Naive3,L301796,2
L301796,Doxorubicin,1,0.00015411,0,0.0,406,0.289793,996,False,observed_zero,True,2832,Naive3,L301796,2
L301796,Trametinib,1,0.00015411,0,0.0,275,0.19628837,1127,False,observed_zero,True,8091,Naive3,L301796,2
L302148,Acid,1,0.00015411,1,0.00013801,487,0.34760885,179,True,observed_nonzero,True,7246,Naive3,L302148,1
L302148,Cisplatin,1,0.00015411,0,0.0,273,0.19486081,1129,False,observed_zero,True,6815,Naive3,L302148,1
L302148,CoCl2,1,0.00015411,0,0.0,320,0.22840828,1082,False,observed_zero,True,5134,Naive3,L302148,1
L302148,Dabrafenib,1,0.00015411,14,0.00227125,44,0.03140614,2,True,observed_nonzero,True,6164,Naive3,L302148,1
L302148,Doxorubicin,1,0.00015411,0,0.0,406,0.289793,996,False,observed_zero,True,2832,Naive3,L302148,1
L302148,Trametinib,1,0.00015411,20,0.00247188,26,0.01855817,3,True,observed_nonzero,True,8091,Naive3,L302148,1
L302652,Acid,5,0.00077053,1,0.00013801,487,0.34760885,179,True,observed_nonzero,True,7246,Naive1|Naive3,L302652,2
L302652,Cisplatin,5,0.00077053,0,0.0,273,0.19486081,1129,False,observed_zero,True,6815,Naive1|Naive3,L302652,2
L302652,CoCl2,5,0.00077053,0,0.0,320,0.22840828,1082,False,observed_zero,True,5134,Naive1|Naive3,L302652,2
L302652,Dabrafenib,5,0.00077053,0,0.0,322,0.22983583,1080,False,observed_zero,True,6164,Naive1|Naive3,L302652,2
L302652,Doxorubicin,5,0.00077053,0,0.0,406,0.289793,996,False,observed_zero,True,2832,Naive1|Naive3,L302652,2
L302652,Trametinib,5,0.00077053,0,0.0,275,0.19628837,1127,False,observed_zero,True,8091,Naive1|Naive3,L302652,2
L302757,Acid,1,0.00015411,1,0.00013801,487,0.34760885,179,True,observed_nonzero,True,7246,Naive1,L302757,0
L302757,Cisplatin,1,0.00015411,0,0.0,273,0.19486081,1129,False,observed_zero,True,6815,Naive1,L302757,0
L302757,CoCl2,1,0.00015411,0,0.0,320,0.22840828,1082,False,observed_zero,True,5134,Naive1,L302757,0
L302757,Dabrafenib,1,0.00015411,0,0.0,322,0.22983583,1080,False,observed_zero,True,6164,Naive1,L302757,0
L302757,Doxorubicin,1,0.00015411,0,0.0,406,0.289793,996,False,observed_zero,True,2832,Naive1,L302757,0
L302757,Trametinib,1,0.00015411,0,0.0,275,0.19628837,1127,False,observed_zero,True,8091,Naive1,L302757,0
L302938,Acid,1,0.00015411,1,0.00013801,487,0.34760885,179,True,observed_nonzero,True,7246,Naive1,L302938,2
L302938,Cisplatin,1,0.00015411,0,0.0,273,0.19486081,1129,False,observed_zero,True,6815,Naive1,L302938,2
L302938,CoCl2,1,0.00015411,0,0.0,320,0.22840828,1082,False,observed_zero,True,5134,Naive1,L302938,2
L302938,Dabrafenib,1,0.00015411,0,0.0,322,0.22983583,1080,False,observed_zero,True,6164,Naive1,L302938,2
L302938,Doxorubicin,1,0.00015411,0,0.0,406,0.289793,996,False,observed_zero,True,2832,Naive1,L302938,2
L302938,Trametinib,1,0.00015411,0,0.0,275,0.19628837,1127,False,observed_zero,True,8091,Naive1,L302938,2
L303207,Acid,1,0.00015411,2,0.00027601,380,0.27123483,107,True,observed_nonzero,True,7246,Naive3,L303207,2
L303207,Cisplatin,1,0.00015411,0,0.0,273,0.19486081,1129,False,observed_zero,True,6815,Naive3,L303207,2
L303207,CoCl2,1,0.00015411,0,0.0,320,0.22840828,1082,False,observed_zero,True,5134,Naive3,L303207,2
L303207,Dabrafenib,1,0.00015411,0,0.0,322,0.22983583,1080,False,observed_zero,True,6164,Naive3,L303207,2
L303207,Doxorubicin,1,0.00015411,0,0.0,406,0.289793,996,False,observed_zero,True,2832,Naive3,L303207,2
L303207,Trametinib,1,0.00015411,0,0.0,275,0.19628837,1127,False,observed_zero,True,8091,Naive3,L303207,2
L30334,Acid,3,0.00046232,14,0.0019321,103,0.07351892,12,True,observed_nonzero,True,7246,Naive1|Naive2|Naive3,L30334,2
L30334,Cisplatin,3,0.00046232,0,0.0,273,0.19486081,1129,False,observed_zero,True,6815,Naive1|Naive2|Naive3,L30334,2
L30334,CoCl2,3,0.00046232,0,0.0,320,0.22840828,1082,False,observed_zero,True,5134,Naive1|Naive2|Naive3,L30334,2
L30334,Dabrafenib,3,0.00046232,0,0.0,322,0.22983583,1080,False,observed_zero,True,6164,Naive1|Naive2|Naive3,L30334,2
L30334,Doxorubicin,3,0.00046232,1,0.00035311,218,0.15560314,188,True,observed_nonzero,True,2832,Naive1|Naive2|Naive3,L30334,2
L30334,Trametinib,3,0.00046232,1,0.00012359,161,0.11491792,114,True,observed_nonzero,True,8091,Naive1|Naive2|Naive3,L30334,2
L303711,Acid,11,0.00169518,2,0.00027601,380,0.27123483,107,True,observed_nonzero,True,7246,Naive1|Naive2|Naive3,L303711,3
L303711,Cisplatin,11,0.00169518,1545,0.2267058,3,0.00214133,1,True,observed_nonzero,True,6815,Naive1|Naive2|Naive3,L303711,3
L303711,CoCl2,11,0.00169518,6,0.00116868,36,0.02569593,11,True,observed_nonzero,True,5134,Naive1|Naive2|Naive3,L303711,3
L303711,Dabrafenib,11,0.00169518,0,0.0,322,0.22983583,1080,False,observed_zero,True,6164,Naive1|Naive2|Naive3,L303711,3
L303711,Doxorubicin,11,0.00169518,7,0.00247175,41,0.02926481,9,True,observed_nonzero,True,2832,Naive1|Naive2|Naive3,L303711,3
L303711,Trametinib,11,0.00169518,0,0.0,275,0.19628837,1127,False,observed_zero,True,8091,Naive1|Naive2|Naive3,L303711,3
L303910,Acid,6,0.00092464,3,0.00041402,318,0.22698073,62,True,observed_nonzero,True,7246,Naive1|Naive2|Naive3,L303910,0
L303910,Cisplatin,6,0.00092464,1,0.00014674,110,0.07851535,163,True,observed_nonzero,True,6815,Naive1|Naive2|Naive3,L303910,0
L303910,CoCl2,6,0.00092464,0,0.0,320,0.22840828,1082,False,observed_zero,True,5134,Naive1|Naive2|Naive3,L303910,0
L303910,Dabrafenib,6,0.00092464,0,0.0,322,0.22983583,1080,False,observed_zero,True,6164,Naive1|Naive2|Naive3,L303910,0
L303910,Doxorubicin,6,0.00092464,1,0.00035311,218,0.15560314,188,True,observed_nonzero,True,2832,Naive1|Naive2|Naive3,L303910,0
L303910,Trametinib,6,0.00092464,1,0.00012359,161,0.11491792,114,True,observed_nonzero,True,8091,Naive1|Naive2|Naive3,L303910,0
L303918,Acid,33,0.00508553,33,0.00455424,43,0.03069236,2,True,observed_nonzero,True,7246,Naive1|Naive2|Naive3,L303918,0
L303918,Cisplatin,33,0.00508553,11,0.00161409,9,0.00642398,2,True,observed_nonzero,True,6815,Naive1|Naive2|Naive3,L303918,0
L303918,CoCl2,33,0.00508553,16,0.00311648,10,0.00713776,3,True,observed_nonzero,True,5134,Naive1|Naive2|Naive3,L303918,0
L303918,Dabrafenib,33,0.00508553,0,0.0,322,0.22983583,1080,False,observed_zero,True,6164,Naive1|Naive2|Naive3,L303918,0
L303918,Doxorubicin,33,0.00508553,449,0.1585452,2,0.00142755,1,True,observed_nonzero,True,2832,Naive1|Naive2|Naive3,L303918,0
L303918,Trametinib,33,0.00508553,1,0.00012359,161,0.11491792,114,True,observed_nonzero,True,8091,Naive1|Naive2|Naive3,L303918,0
L304229,Acid,2,0.00030821,0,0.0,666,0.47537473,736,False,observed_zero,True,7246,Naive3,L304229,0
L304229,Cisplatin,2,0.00030821,0,0.0,273,0.19486081,1129,False,observed_zero,True,6815,Naive3,L304229,0
L304229,CoCl2,2,0.00030821,0,0.0,320,0.22840828,1082,False,observed_zero,True,5134,Naive3,L304229,0
L304229,Dabrafenib,2,0.00030821,0,0.0,322,0.22983583,1080,False,observed_zero,True,6164,Naive3,L304229,0
L304229,Doxorubicin,2,0.00030821,2,0.00070621,135,0.09635974,83,True,observed_nonzero,True,2832,Naive3,L304229,0
L304229,Trametinib,2,0.00030821,0,0.0,275,0.19628837,1127,False,observed_zero,True,8091,Naive3,L304229,0
L304427,Acid,12,0.00184928,3,0.00041402,318,0.22698073,62,True,observed_nonzero,True,7246,Naive1|Naive2|Naive3,L304427,2
L304427,Cisplatin,12,0.00184928,0,0.0,273,0.19486081,1129,False,observed_zero,True,6815,Naive1|Naive2|Naive3,L304427,2
L304427,CoCl2,12,0.00184928,7,0.00136346,30,0.02141328,6,True,observed_nonzero,True,5134,Naive1|Naive2|Naive3,L304427,2
L304427,Dabrafenib,12,0.00184928,38,0.00616483,20,0.01427552,1,True,observed_nonzero,True,6164,Naive1|Naive2|Naive3,L304427,2
L304427,Doxorubicin,12,0.00184928,1,0.00035311,218,0.15560314,188,True,observed_nonzero,True,2832,Naive1|Naive2|Naive3,L304427,2
L304427,Trametinib,12,0.00184928,2,0.00024719,124,0.08850821,37,True,observed_nonzero,True,8091,Naive1|Naive2|Naive3,L304427,2
L304696,Acid,14,0.0021575,7,0.00096605,192,0.13704497,24,True,observed_nonzero,True,7246,Naive1|Naive2|Naive3,L304696,2
L304696,Cisplatin,14,0.0021575,3,0.00044021,37,0.02640971,23,True,observed_nonzero,True,6815,Naive1|Naive2|Naive3,L304696,2
L304696,CoCl2,14,0.0021575,2,0.00038956,110,0.07851535,69,True,observed_nonzero,True,5134,Naive1|Naive2|Naive3,L304696,2
L304696,Dabrafenib,14,0.0021575,0,0.0,322,0.22983583,1080,False,observed_zero,True,6164,Naive1|Naive2|Naive3,L304696,2
L304696,Doxorubicin,14,0.0021575,0,0.0,406,0.289793,996,False,observed_zero,True,2832,Naive1|Naive2|Naive3,L304696,2
L304696,Trametinib,14,0.0021575,0,0.0,275,0.19628837,1127,False,observed_zero,True,8091,Naive1|Naive2|Naive3,L304696,2
L304702,Acid,1,0.00015411,0,0.0,666,0.47537473,736,False,observed_zero,True,7246,Naive2,L304702,1
L304702,Cisplatin,1,0.00015411,0,0.0,273,0.19486081,1129,False,observed_zero,True,6815,Naive2,L304702,1
L304702,CoCl2,1,0.00015411,0,0.0,320,0.22840828,1082,False,observed_zero,True,5134,Naive2,L304702,1
L304702,Dabrafenib,1,0.00015411,0,0.0,322,0.22983583,1080,False,observed_zero,True,6164,Naive2,L304702,1
L304702,Doxorubicin,1,0.00015411,0,0.0,406,0.289793,996,False,observed_zero,True,2832,Naive2,L304702,1
L304702,Trametinib,1,0.00015411,0,0.0,275,0.19628837,1127,False,observed_zero,True,8091,Naive2,L304702,1
L305324,Acid,1,0.00015411,0,0.0,666,0.47537473,736,False,observed_zero,True,7246,Naive3,L305324,4
L305324,Cisplatin,1,0.00015411,0,0.0,273,0.19486081,1129,False,observed_zero,True,6815,Naive3,L305324,4
L305324,CoCl2,1,0.00015411,0,0.0,320,0.22840828,1082,False,observed_zero,True,5134,Naive3,L305324,4
L305324,Dabrafenib,1,0.00015411,0,0.0,322,0.22983583,1080,False,observed_zero,True,6164,Naive3,L305324,4
L305324,Doxorubicin,1,0.00015411,2,0.00070621,135,0.09635974,83,True,observed_nonzero,True,2832,Naive3,L305324,4
L305324,Trametinib,1,0.00015411,0,0.0,275,0.19628837,1127,False,observed_zero,True,8091,Naive3,L305324,4
L305673,Acid,5,0.00077053,0,0.0,666,0.47537473,736,False,observed_zero,True,7246,Naive2|Naive3,L305673,4
L305673,Cisplatin,5,0.00077053,0,0.0,273,0.19486081,1129,False,observed_zero,True,6815,Naive2|Naive3,L305673,4
L305673,CoCl2,5,0.00077053,0,0.0,320,0.22840828,1082,False,observed_zero,True,5134,Naive2|Naive3,L305673,4
L305673,Dabrafenib,5,0.00077053,0,0.0,322,0.22983583,1080,False,observed_zero,True,6164,Naive2|Naive3,L305673,4
L305673,Doxorubicin,5,0.00077053,0,0.0,406,0.289793,996,False,observed_zero,True,2832,Naive2|Naive3,L305673,4
L305673,Trametinib,5,0.00077053,0,0.0,275,0.19628837,1127,False,observed_zero,True,8091,Naive2|Naive3,L305673,4
L305688,Acid,13,0.00200339,12,0.00165609,124,0.08850821,12,True,observed_nonzero,True,7246,Naive1|Naive2|Naive3,L305688,3
L305688,Cisplatin,13,0.00200339,1,0.00014674,110,0.07851535,163,True,observed_nonzero,True,6815,Naive1|Naive2|Naive3,L305688,3
L305688,CoCl2,13,0.00200339,4,0.00077912,63,0.04496788,17,True,observed_nonzero,True,5134,Naive1|Naive2|Naive3,L305688,3
L305688,Dabrafenib,13,0.00200339,1,0.00016223,182,0.12990721,140,True,observed_nonzero,True,6164,Naive1|Naive2|Naive3,L305688,3
L305688,Doxorubicin,13,0.00200339,0,0.0,406,0.289793,996,False,observed_zero,True,2832,Naive1|Naive2|Naive3,L305688,3
L305688,Trametinib,13,0.00200339,0,0.0,275,0.19628837,1127,False,observed_zero,True,8091,Naive1|Naive2|Naive3,L305688,3
L305830,Acid,19,0.00292803,19,0.00262214,78,0.05567452,8,True,observed_nonzero,True,7246,Naive1|Naive2|Naive3,L305830,0
L305830,Cisplatin,19,0.00292803,2,0.00029347,60,0.04282655,50,True,observed_nonzero,True,6815,Naive1|Naive2|Naive3,L305830,0
L305830,CoCl2,19,0.00292803,1,0.00019478,179,0.12776588,141,True,observed_nonzero,True,5134,Naive1|Naive2|Naive3,L305830,0
L305830,Dabrafenib,19,0.00292803,15,0.00243348,42,0.02997859,2,True,observed_nonzero,True,6164,Naive1|Naive2|Naive3,L305830,0
L305830,Doxorubicin,19,0.00292803,3,0.00105932,96,0.06852248,39,True,observed_nonzero,True,2832,Naive1|Naive2|Naive3,L305830,0
L305830,Trametinib,19,0.00292803,25,0.00308985,22,0.01570307,2,True,observed_nonzero,True,8091,Naive1|Naive2|Naive3,L305830,0
L306326,Acid,1,0.00015411,1,0.00013801,487,0.34760885,179,True,observed_nonzero,True,7246,Naive3,L306326,4
L306326,Cisplatin,1,0.00015411,0,0.0,273,0.19486081,1129,False,observed_zero,True,6815,Naive3,L306326,4
L306326,CoCl2,1,0.00015411,0,0.0,320,0.22840828,1082,False,observed_zero,True,5134,Naive3,L306326,4
L306326,Dabrafenib,1,0.00015411,0,0.0,322,0.22983583,1080,False,observed_zero,True,6164,Naive3,L306326,4
L306326,Doxorubicin,1,0.00015411,2,0.00070621,135,0.09635974,83,True,observed_nonzero,True,2832,Naive3,L306326,4
L306326,Trametinib,1,0.00015411,0,0.0,275,0.19628837,1127,False,observed_zero,True,8091,Naive3,L306326,4
L306327,Acid,1,0.00015411,7,0.00096605,192,0.13704497,24,True,observed_nonzero,True,7246,Naive3,L306327,4
L306327,Cisplatin,1,0.00015411,0,0.0,273,0.19486081,1129,False,observed_zero,True,6815,Naive3,L306327,4
L306327,CoCl2,1,0.00015411,1,0.00019478,179,0.12776588,141,True,observed_nonzero,True,5134,Naive3,L306327,4
L306327,Dabrafenib,1,0.00015411,0,0.0,322,0.22983583,1080,False,observed_zero,True,6164,Naive3,L306327,4
L306327,Doxorubicin,1,0.00015411,0,0.0,406,0.289793,996,False,observed_zero,True,2832,Naive3,L306327,4
L306327,Trametinib,1,0.00015411,0,0.0,275,0.19628837,1127,False,observed_zero,True,8091,Naive3,L306327,4
L306369,Acid,2,0.00030821,0,0.0,666,0.47537473,736,False,observed_zero,True,7246,Naive3,L306369,0
L306369,Cisplatin,2,0.00030821,0,0.0,273,0.19486081,1129,False,observed_zero,True,6815,Naive3,L306369,0
L306369,CoCl2,2,0.00030821,0,0.0,320,0.22840828,1082,False,observed_zero,True,5134,Naive3,L306369,0
L306369,Dabrafenib,2,0.00030821,0,0.0,322,0.22983583,1080,False,observed_zero,True,6164,Naive3,L306369,0
L306369,Doxorubicin,2,0.00030821,0,0.0,406,0.289793,996,False,observed_zero,True,2832,Naive3,L306369,0
L306369,Trametinib,2,0.00030821,2,0.00024719,124,0.08850821,37,True,observed_nonzero,True,8091,Naive3,L306369,0
L306454,Acid,1,0.00015411,0,0.0,666,0.47537473,736,False,observed_zero,True,7246,Naive3,L306454,4
L306454,Cisplatin,1,0.00015411,0,0.0,273,0.19486081,1129,False,observed_zero,True,6815,Naive3,L306454,4
L306454,CoCl2,1,0.00015411,0,0.0,320,0.22840828,1082,False,observed_zero,True,5134,Naive3,L306454,4
L306454,Dabrafenib,1,0.00015411,0,0.0,322,0.22983583,1080,False,observed_zero,True,6164,Naive3,L306454,4
L306454,Doxorubicin,1,0.00015411,0,0.0,406,0.289793,996,False,observed_zero,True,2832,Naive3,L306454,4
L306454,Trametinib,1,0.00015411,1,0.00012359,161,0.11491792,114,True,observed_nonzero,True,8091,Naive3,L306454,4
L306495,Acid,9,0.00138696,1,0.00013801,487,0.34760885,179,True,observed_nonzero,True,7246,Naive3,L306495,4
L306495,Cisplatin,9,0.00138696,0,0.0,273,0.19486081,1129,False,observed_zero,True,6815,Naive3,L306495,4
L306495,CoCl2,9,0.00138696,1,0.00019478,179,0.12776588,141,True,observed_nonzero,True,5134,Naive3,L306495,4
L306495,Dabrafenib,9,0.00138696,3,0.0004867,113,0.08065667,22,True,observed_nonzero,True,6164,Naive3,L306495,4
L306495,Doxorubicin,9,0.00138696,3,0.00105932,96,0.06852248,39,True,observed_nonzero,True,2832,Naive3,L306495,4
L306495,Trametinib,9,0.00138696,3,0.00037078,100,0.07137759,24,True,observed_nonzero,True,8091,Naive3,L306495,4
L30697,Acid,4,0.00061643,0,0.0,666,0.47537473,736,False,observed_zero,True,7246,Naive1|Naive3,L30697,1
L30697,Cisplatin,4,0.00061643,1,0.00014674,110,0.07851535,163,True,observed_nonzero,True,6815,Naive1|Naive3,L30697,1
L30697,CoCl2,4,0.00061643,0,0.0,320,0.22840828,1082,False,observed_zero,True,5134,Naive1|Naive3,L30697,1
L30697,Dabrafenib,4,0.00061643,0,0.0,322,0.22983583,1080,False,observed_zero,True,6164,Naive1|Naive3,L30697,1
L30697,Doxorubicin,4,0.00061643,1,0.00035311,218,0.15560314,188,True,observed_nonzero,True,2832,Naive1|Naive3,L30697,1
L30697,Trametinib,4,0.00061643,0,0.0,275,0.19628837,1127,False,observed_zero,True,8091,Naive1|Naive3,L30697,1
L307185,Acid,1,0.00015411,0,0.0,666,0.47537473,736,False,observed_zero,True,7246,Naive2,L307185,3
L307185,Cisplatin,1,0.00015411,0,0.0,273,0.19486081,1129,False,observed_zero,True,6815,Naive2,L307185,3
L307185,CoCl2,1,0.00015411,0,0.0,320,0.22840828,1082,False,observed_zero,True,5134,Naive2,L307185,3
L307185,Dabrafenib,1,0.00015411,0,0.0,322,0.22983583,1080,False,observed_zero,True,6164,Naive2,L307185,3
L307185,Doxorubicin,1,0.00015411,0,0.0,406,0.289793,996,False,observed_zero,True,2832,Naive2,L307185,3
L307185,Trametinib,1,0.00015411,0,0.0,275,0.19628837,1127,False,observed_zero,True,8091,Naive2,L307185,3
L30726,Acid,9,0.00138696,4,0.00055203,267,0.19057816,51,True,observed_nonzero,True,7246,Naive2|Naive3,L30726,2
L30726,Cisplatin,9,0.00138696,0,0.0,273,0.19486081,1129,False,observed_zero,True,6815,Naive2|Naive3,L30726,2
L30726,CoCl2,9,0.00138696,0,0.0,320,0.22840828,1082,False,observed_zero,True,5134,Naive2|Naive3,L30726,2
L30726,Dabrafenib,9,0.00138696,0,0.0,322,0.22983583,1080,False,observed_zero,True,6164,Naive2|Naive3,L30726,2
L30726,Doxorubicin,9,0.00138696,1,0.00035311,218,0.15560314,188,True,observed_nonzero,True,2832,Naive2|Naive3,L30726,2
L30726,Trametinib,9,0.00138696,0,0.0,275,0.19628837,1127,False,observed_zero,True,8091,Naive2|Naive3,L30726,2
L307329,Acid,13,0.00200339,13,0.00179409,115,0.08208423,9,True,observed_nonzero,True,7246,Naive1|Naive2|Naive3,L307329,1
L307329,Cisplatin,13,0.00200339,0,0.0,273,0.19486081,1129,False,observed_zero,True,6815,Naive1|Naive2|Naive3,L307329,1
L307329,CoCl2,13,0.00200339,0,0.0,320,0.22840828,1082,False,observed_zero,True,5134,Naive1|Naive2|Naive3,L307329,1
L307329,Dabrafenib,13,0.00200339,0,0.0,322,0.22983583,1080,False,observed_zero,True,6164,Naive1|Naive2|Naive3,L307329,1
L307329,Doxorubicin,13,0.00200339,1,0.00035311,218,0.15560314,188,True,observed_nonzero,True,2832,Naive1|Naive2|Naive3,L307329,1
L307329,Trametinib,13,0.00200339,0,0.0,275,0.19628837,1127,False,observed_zero,True,8091,Naive1|Naive2|Naive3,L307329,1
L307963,Acid,7,0.00107875,5,0.00069004,232,0.165596,35,True,observed_nonzero,True,7246,Naive1|Naive2|Naive3,L307963,2
L307963,Cisplatin,7,0.00107875,0,0.0,273,0.19486081,1129,False,observed_zero,True,6815,Naive1|Naive2|Naive3,L307963,2
L307963,CoCl2,7,0.00107875,0,0.0,320,0.22840828,1082,False,observed_zero,True,5134,Naive1|Naive2|Naive3,L307963,2
L307963,Dabrafenib,7,0.00107875,0,0.0,322,0.22983583,1080,False,observed_zero,True,6164,Naive1|Naive2|Naive3,L307963,2
L307963,Doxorubicin,7,0.00107875,0,0.0,406,0.289793,996,False,observed_zero,True,2832,Naive1|Naive2|Naive3,L307963,2
L307963,Trametinib,7,0.00107875,2,0.00024719,124,0.08850821,37,True,observed_nonzero,True,8091,Naive1|Naive2|Naive3,L307963,2
L308068,Acid,2,0.00030821,0,0.0,666,0.47537473,736,False,observed_zero,True,7246,Naive1|Naive2,L308068,3
L308068,Cisplatin,2,0.00030821,0,0.0,273,0.19486081,1129,False,observed_zero,True,6815,Naive1|Naive2,L308068,3
L308068,CoCl2,2,0.00030821,0,0.0,320,0.22840828,1082,False,observed_zero,True,5134,Naive1|Naive2,L308068,3
L308068,Dabrafenib,2,0.00030821,0,0.0,322,0.22983583,1080,False,observed_zero,True,6164,Naive1|Naive2,L308068,3
L308068,Doxorubicin,2,0.00030821,0,0.0,406,0.289793,996,False,observed_zero,True,2832,Naive1|Naive2,L308068,3
L308068,Trametinib,2,0.00030821,0,0.0,275,0.19628837,1127,False,observed_zero,True,8091,Naive1|Naive2,L308068,3
L30819,Acid,1,0.00015411,0,0.0,666,0.47537473,736,False,observed_zero,True,7246,Naive3,L30819,4
L30819,Cisplatin,1,0.00015411,0,0.0,273,0.19486081,1129,False,observed_zero,True,6815,Naive3,L30819,4
L30819,CoCl2,1,0.00015411,0,0.0,320,0.22840828,1082,False,observed_zero,True,5134,Naive3,L30819,4
L30819,Dabrafenib,1,0.00015411,0,0.0,322,0.22983583,1080,False,observed_zero,True,6164,Naive3,L30819,4
L30819,Doxorubicin,1,0.00015411,0,0.0,406,0.289793,996,False,observed_zero,True,2832,Naive3,L30819,4
L30819,Trametinib,1,0.00015411,0,0.0,275,0.19628837,1127,False,observed_zero,True,8091,Naive3,L30819,4
L308205,Acid,1,0.00015411,0,0.0,666,0.47537473,736,False,observed_zero,True,7246,Naive3,L308205,2
L308205,Cisplatin,1,0.00015411,0,0.0,273,0.19486081,1129,False,observed_zero,True,6815,Naive3,L308205,2
L308205,CoCl2,1,0.00015411,0,0.0,320,0.22840828,1082,False,observed_zero,True,5134,Naive3,L308205,2
L308205,Dabrafenib,1,0.00015411,0,0.0,322,0.22983583,1080,False,observed_zero,True,6164,Naive3,L308205,2
L308205,Doxorubicin,1,0.00015411,0,0.0,406,0.289793,996,False,observed_zero,True,2832,Naive3,L308205,2
L308205,Trametinib,1,0.00015411,0,0.0,275,0.19628837,1127,False,observed_zero,True,8091,Naive3,L308205,2
L30836,Acid,1,0.00015411,0,0.0,666,0.47537473,736,False,observed_zero,True,7246,Naive2,L30836,3
L30836,Cisplatin,1,0.00015411,0,0.0,273,0.19486081,1129,False,observed_zero,True,6815,Naive2,L30836,3
L30836,CoCl2,1,0.00015411,0,0.0,320,0.22840828,1082,False,observed_zero,True,5134,Naive2,L30836,3
L30836,Dabrafenib,1,0.00015411,0,0.0,322,0.22983583,1080,False,observed_zero,True,6164,Naive2,L30836,3
L30836,Doxorubicin,1,0.00015411,0,0.0,406,0.289793,996,False,observed_zero,True,2832,Naive2,L30836,3
L30836,Trametinib,1,0.00015411,0,0.0,275,0.19628837,1127,False,observed_zero,True,8091,Naive2,L30836,3
L308730,Acid,6,0.00092464,2,0.00027601,380,0.27123483,107,True,observed_nonzero,True,7246,Naive1|Naive2|Naive3,L308730,1
L308730,Cisplatin,6,0.00092464,1,0.00014674,110,0.07851535,163,True,observed_nonzero,True,6815,Naive1|Naive2|Naive3,L308730,1
L308730,CoCl2,6,0.00092464,0,0.0,320,0.22840828,1082,False,observed_zero,True,5134,Naive1|Naive2|Naive3,L308730,1
L308730,Dabrafenib,6,0.00092464,0,0.0,322,0.22983583,1080,False,observed_zero,True,6164,Naive1|Naive2|Naive3,L308730,1
L308730,Doxorubicin,6,0.00092464,0,0.0,406,0.289793,996,False,observed_zero,True,2832,Naive1|Naive2|Naive3,L308730,1
L308730,Trametinib,6,0.00092464,0,0.0,275,0.19628837,1127,False,observed_zero,True,8091,Naive1|Naive2|Naive3,L308730,1
L309032,Acid,1,0.00015411,0,0.0,666,0.47537473,736,False,observed_zero,True,7246,Naive2,L309032,3
L309032,Cisplatin,1,0.00015411,0,0.0,273,0.19486081,1129,False,observed_zero,True,6815,Naive2,L309032,3
L309032,CoCl2,1,0.00015411,0,0.0,320,0.22840828,1082,False,observed_zero,True,5134,Naive2,L309032,3
L309032,Dabrafenib,1,0.00015411,21,0.00340688,32,0.02284083,2,True,observed_nonzero,True,6164,Naive2,L309032,3
L309032,Doxorubicin,1,0.00015411,0,0.0,406,0.289793,996,False,observed_zero,True,2832,Naive2,L309032,3
L309032,Trametinib,1,0.00015411,7,0.00086516,67,0.04782298,9,True,observed_nonzero,True,8091,Naive2,L309032,3
L309787,Acid,1,0.00015411,1,0.00013801,487,0.34760885,179,True,observed_nonzero,True,7246,Naive3,L309787,1
L309787,Cisplatin,1,0.00015411,0,0.0,273,0.19486081,1129,False,observed_zero,True,6815,Naive3,L309787,1
L309787,CoCl2,1,0.00015411,0,0.0,320,0.22840828,1082,False,observed_zero,True,5134,Naive3,L309787,1
L309787,Dabrafenib,1,0.00015411,0,0.0,322,0.22983583,1080,False,observed_zero,True,6164,Naive3,L309787,1
L309787,Doxorubicin,1,0.00015411,0,0.0,406,0.289793,996,False,observed_zero,True,2832,Naive3,L309787,1
L309787,Trametinib,1,0.00015411,0,0.0,275,0.19628837,1127,False,observed_zero,True,8091,Naive3,L309787,1
L309797,Acid,4,0.00061643,0,0.0,666,0.47537473,736,False,observed_zero,True,7246,Naive2|Naive3,L309797,1
L309797,Cisplatin,4,0.00061643,0,0.0,273,0.19486081,1129,False,observed_zero,True,6815,Naive2|Naive3,L309797,1
L309797,CoCl2,4,0.00061643,0,0.0,320,0.22840828,1082,False,observed_zero,True,5134,Naive2|Naive3,L309797,1
L309797,Dabrafenib,4,0.00061643,0,0.0,322,0.22983583,1080,False,observed_zero,True,6164,Naive2|Naive3,L309797,1
L309797,Doxorubicin,4,0.00061643,0,0.0,406,0.289793,996,False,observed_zero,True,2832,Naive2|Naive3,L309797,1
L309797,Trametinib,4,0.00061643,0,0.0,275,0.19628837,1127,False,observed_zero,True,8091,Naive2|Naive3,L309797,1
L310044,Acid,2,0.00030821,2,0.00027601,380,0.27123483,107,True,observed_nonzero,True,7246,Naive3,L310044,0
L310044,Cisplatin,2,0.00030821,0,0.0,273,0.19486081,1129,False,observed_zero,True,6815,Naive3,L310044,0
L310044,CoCl2,2,0.00030821,0,0.0,320,0.22840828,1082,False,observed_zero,True,5134,Naive3,L310044,0
L310044,Dabrafenib,2,0.00030821,0,0.0,322,0.22983583,1080,False,observed_zero,True,6164,Naive3,L310044,0
L310044,Doxorubicin,2,0.00030821,0,0.0,406,0.289793,996,False,observed_zero,True,2832,Naive3,L310044,0
L310044,Trametinib,2,0.00030821,0,0.0,275,0.19628837,1127,False,observed_zero,True,8091,Naive3,L310044,0
L3102,Acid,3,0.00046232,0,0.0,666,0.47537473,736,False,observed_zero,True,7246,Naive2|Naive3,L3102,4
L3102,Cisplatin,3,0.00046232,0,0.0,273,0.19486081,1129,False,observed_zero,True,6815,Naive2|Naive3,L3102,4
L3102,CoCl2,3,0.00046232,0,0.0,320,0.22840828,1082,False,observed_zero,True,5134,Naive2|Naive3,L3102,4
L3102,Dabrafenib,3,0.00046232,0,0.0,322,0.22983583,1080,False,observed_zero,True,6164,Naive2|Naive3,L3102,4
L3102,Doxorubicin,3,0.00046232,1,0.00035311,218,0.15560314,188,True,observed_nonzero,True,2832,Naive2|Naive3,L3102,4
L3102,Trametinib,3,0.00046232,0,0.0,275,0.19628837,1127,False,observed_zero,True,8091,Naive2|Naive3,L3102,4
L310359,Acid,2,0.00030821,2,0.00027601,380,0.27123483,107,True,observed_nonzero,True,7246,Naive2|Naive3,L310359,4
L310359,Cisplatin,2,0.00030821,0,0.0,273,0.19486081,1129,False,observed_zero,True,6815,Naive2|Naive3,L310359,4
L310359,CoCl2,2,0.00030821,0,0.0,320,0.22840828,1082,False,observed_zero,True,5134,Naive2|Naive3,L310359,4
L310359,Dabrafenib,2,0.00030821,0,0.0,322,0.22983583,1080,False,observed_zero,True,6164,Naive2|Naive3,L310359,4
L310359,Doxorubicin,2,0.00030821,0,0.0,406,0.289793,996,False,observed_zero,True,2832,Naive2|Naive3,L310359,4
L310359,Trametinib,2,0.00030821,0,0.0,275,0.19628837,1127,False,observed_zero,True,8091,Naive2|Naive3,L310359,4
L310641,Acid,2,0.00030821,0,0.0,666,0.47537473,736,False,observed_zero,True,7246,Naive1|Naive3,L310641,3
L310641,Cisplatin,2,0.00030821,0,0.0,273,0.19486081,1129,False,observed_zero,True,6815,Naive1|Naive3,L310641,3
L310641,CoCl2,2,0.00030821,0,0.0,320,0.22840828,1082,False,observed_zero,True,5134,Naive1|Naive3,L310641,3
L310641,Dabrafenib,2,0.00030821,0,0.0,322,0.22983583,1080,False,observed_zero,True,6164,Naive1|Naive3,L310641,3
L310641,Doxorubicin,2,0.00030821,0,0.0,406,0.289793,996,False,observed_zero,True,2832,Naive1|Naive3,L310641,3
L310641,Trametinib,2,0.00030821,0,0.0,275,0.19628837,1127,False,observed_zero,True,8091,Naive1|Naive3,L310641,3
L310647,Acid,2,0.00030821,1,0.00013801,487,0.34760885,179,True,observed_nonzero,True,7246,Naive3,L310647,4
L310647,Cisplatin,2,0.00030821,0,0.0,273,0.19486081,1129,False,observed_zero,True,6815,Naive3,L310647,4
L310647,CoCl2,2,0.00030821,0,0.0,320,0.22840828,1082,False,observed_zero,True,5134,Naive3,L310647,4
L310647,Dabrafenib,2,0.00030821,0,0.0,322,0.22983583,1080,False,observed_zero,True,6164,Naive3,L310647,4
L310647,Doxorubicin,2,0.00030821,0,0.0,406,0.289793,996,False,observed_zero,True,2832,Naive3,L310647,4
L310647,Trametinib,2,0.00030821,0,0.0,275,0.19628837,1127,False,observed_zero,True,8091,Naive3,L310647,4
L310896,Acid,1,0.00015411,0,0.0,666,0.47537473,736,False,observed_zero,True,7246,Naive1,L310896,4
L310896,Cisplatin,1,0.00015411,0,0.0,273,0.19486081,1129,False,observed_zero,True,6815,Naive1,L310896,4
L310896,CoCl2,1,0.00015411,0,0.0,320,0.22840828,1082,False,observed_zero,True,5134,Naive1,L310896,4
L310896,Dabrafenib,1,0.00015411,0,0.0,322,0.22983583,1080,False,observed_zero,True,6164,Naive1,L310896,4
L310896,Doxorubicin,1,0.00015411,0,0.0,406,0.289793,996,False,observed_zero,True,2832,Naive1,L310896,4
L310896,Trametinib,1,0.00015411,0,0.0,275,0.19628837,1127,False,observed_zero,True,8091,Naive1,L310896,4
L310983,Acid,1,0.00015411,0,0.0,666,0.47537473,736,False,observed_zero,True,7246,Naive3,L310983,1
L310983,Cisplatin,1,0.00015411,0,0.0,273,0.19486081,1129,False,observed_zero,True,6815,Naive3,L310983,1
L310983,CoCl2,1,0.00015411,0,0.0,320,0.22840828,1082,False,observed_zero,True,5134,Naive3,L310983,1
L310983,Dabrafenib,1,0.00015411,0,0.0,322,0.22983583,1080,False,observed_zero,True,6164,Naive3,L310983,1
L310983,Doxorubicin,1,0.00015411,1,0.00035311,218,0.15560314,188,True,observed_nonzero,True,2832,Naive3,L310983,1
L310983,Trametinib,1,0.00015411,0,0.0,275,0.19628837,1127,False,observed_zero,True,8091,Naive3,L310983,1
L31111,Acid,15,0.0023116,52,0.00717637,18,0.01284797,3,True,observed_nonzero,True,7246,Naive1|Naive2|Naive3,L31111,3
L31111,Cisplatin,15,0.0023116,1,0.00014674,110,0.07851535,163,True,observed_nonzero,True,6815,Naive1|Naive2|Naive3,L31111,3
L31111,CoCl2,15,0.0023116,0,0.0,320,0.22840828,1082,False,observed_zero,True,5134,Naive1|Naive2|Naive3,L31111,3
L31111,Dabrafenib,15,0.0023116,9,0.00146009,62,0.0442541,7,True,observed_nonzero,True,6164,Naive1|Naive2|Naive3,L31111,3
L31111,Doxorubicin,15,0.0023116,0,0.0,406,0.289793,996,False,observed_zero,True,2832,Naive1|Naive2|Naive3,L31111,3
L31111,Trametinib,15,0.0023116,4,0.00049438,91,0.0649536,9,True,observed_nonzero,True,8091,Naive1|Naive2|Naive3,L31111,3
L311233,Acid,1,0.00015411,0,0.0,666,0.47537473,736,False,observed_zero,True,7246,Naive3,L311233,2
L311233,Cisplatin,1,0.00015411,0,0.0,273,0.19486081,1129,False,observed_zero,True,6815,Naive3,L311233,2
L311233,CoCl2,1,0.00015411,0,0.0,320,0.22840828,1082,False,observed_zero,True,5134,Naive3,L311233,2
L311233,Dabrafenib,1,0.00015411,1,0.00016223,182,0.12990721,140,True,observed_nonzero,True,6164,Naive3,L311233,2
L311233,Doxorubicin,1,0.00015411,0,0.0,406,0.289793,996,False,observed_zero,True,2832,Naive3,L311233,2
L311233,Trametinib,1,0.00015411,1,0.00012359,161,0.11491792,114,True,observed_nonzero,True,8091,Naive3,L311233,2
L312082,Acid,6,0.00092464,4,0.00055203,267,0.19057816,51,True,observed_nonzero,True,7246,Naive1|Naive2|Naive3,L312082,1
L312082,Cisplatin,6,0.00092464,0,0.0,273,0.19486081,1129,False,observed_zero,True,6815,Naive1|Naive2|Naive3,L312082,1
L312082,CoCl2,6,0.00092464,0,0.0,320,0.22840828,1082,False,observed_zero,True,5134,Naive1|Naive2|Naive3,L312082,1
L312082,Dabrafenib,6,0.00092464,0,0.0,322,0.22983583,1080,False,observed_zero,True,6164,Naive1|Naive2|Naive3,L312082,1
L312082,Doxorubicin,6,0.00092464,3,0.00105932,96,0.06852248,39,True,observed_nonzero,True,2832,Naive1|Naive2|Naive3,L312082,1
L312082,Trametinib,6,0.00092464,0,0.0,275,0.19628837,1127,False,observed_zero,True,8091,Naive1|Naive2|Naive3,L312082,1
L312238,Acid,3,0.00046232,0,0.0,666,0.47537473,736,False,observed_zero,True,7246,Naive1|Naive2|Naive3,L312238,2
L312238,Cisplatin,3,0.00046232,0,0.0,273,0.19486081,1129,False,observed_zero,True,6815,Naive1|Naive2|Naive3,L312238,2
L312238,CoCl2,3,0.00046232,0,0.0,320,0.22840828,1082,False,observed_zero,True,5134,Naive1|Naive2|Naive3,L312238,2
L312238,Dabrafenib,3,0.00046232,1,0.00016223,182,0.12990721,140,True,observed_nonzero,True,6164,Naive1|Naive2|Naive3,L312238,2
L312238,Doxorubicin,3,0.00046232,0,0.0,406,0.289793,996,False,observed_zero,True,2832,Naive1|Naive2|Naive3,L312238,2
L312238,Trametinib,3,0.00046232,3,0.00037078,100,0.07137759,24,True,observed_nonzero,True,8091,Naive1|Naive2|Naive3,L312238,2
L312270,Acid,2,0.00030821,0,0.0,666,0.47537473,736,False,observed_zero,True,7246,Naive2|Naive3,L312270,3
L312270,Cisplatin,2,0.00030821,0,0.0,273,0.19486081,1129,False,observed_zero,True,6815,Naive2|Naive3,L312270,3
L312270,CoCl2,2,0.00030821,0,0.0,320,0.22840828,1082,False,observed_zero,True,5134,Naive2|Naive3,L312270,3
L312270,Dabrafenib,2,0.00030821,0,0.0,322,0.22983583,1080,False,observed_zero,True,6164,Naive2|Naive3,L312270,3
L312270,Doxorubicin,2,0.00030821,0,0.0,406,0.289793,996,False,observed_zero,True,2832,Naive2|Naive3,L312270,3
L312270,Trametinib,2,0.00030821,0,0.0,275,0.19628837,1127,False,observed_zero,True,8091,Naive2|Naive3,L312270,3
L312449,Acid,1,0.00015411,0,0.0,666,0.47537473,736,False,observed_zero,True,7246,Naive2,L312449,1
L312449,Cisplatin,1,0.00015411,0,0.0,273,0.19486081,1129,False,observed_zero,True,6815,Naive2,L312449,1
L312449,CoCl2,1,0.00015411,0,0.0,320,0.22840828,1082,False,observed_zero,True,5134,Naive2,L312449,1
L312449,Dabrafenib,1,0.00015411,0,0.0,322,0.22983583,1080,False,observed_zero,True,6164,Naive2,L312449,1
L312449,Doxorubicin,1,0.00015411,0,0.0,406,0.289793,996,False,observed_zero,True,2832,Naive2,L312449,1
L312449,Trametinib,1,0.00015411,0,0.0,275,0.19628837,1127,False,observed_zero,True,8091,Naive2,L312449,1
L312519,Acid,2,0.00030821,0,0.0,666,0.47537473,736,False,observed_zero,True,7246,Naive1|Naive3,L312519,1
L312519,Cisplatin,2,0.00030821,0,0.0,273,0.19486081,1129,False,observed_zero,True,6815,Naive1|Naive3,L312519,1
L312519,CoCl2,2,0.00030821,0,0.0,320,0.22840828,1082,False,observed_zero,True,5134,Naive1|Naive3,L312519,1
L312519,Dabrafenib,2,0.00030821,0,0.0,322,0.22983583,1080,False,observed_zero,True,6164,Naive1|Naive3,L312519,1
L312519,Doxorubicin,2,0.00030821,0,0.0,406,0.289793,996,False,observed_zero,True,2832,Naive1|Naive3,L312519,1
L312519,Trametinib,2,0.00030821,1,0.00012359,161,0.11491792,114,True,observed_nonzero,True,8091,Naive1|Naive3,L312519,1
L312831,Acid,1,0.00015411,0,0.0,666,0.47537473,736,False,observed_zero,True,7246,Naive3,L312831,0
L312831,Cisplatin,1,0.00015411,0,0.0,273,0.19486081,1129,False,observed_zero,True,6815,Naive3,L312831,0
L312831,CoCl2,1,0.00015411,0,0.0,320,0.22840828,1082,False,observed_zero,True,5134,Naive3,L312831,0
L312831,Dabrafenib,1,0.00015411,0,0.0,322,0.22983583,1080,False,observed_zero,True,6164,Naive3,L312831,0
L312831,Doxorubicin,1,0.00015411,0,0.0,406,0.289793,996,False,observed_zero,True,2832,Naive3,L312831,0
L312831,Trametinib,1,0.00015411,0,0.0,275,0.19628837,1127,False,observed_zero,True,8091,Naive3,L312831,0
L312932,Acid,2,0.00030821,1,0.00013801,487,0.34760885,179,True,observed_nonzero,True,7246,Naive2,L312932,3
L312932,Cisplatin,2,0.00030821,0,0.0,273,0.19486081,1129,False,observed_zero,True,6815,Naive2,L312932,3
L312932,CoCl2,2,0.00030821,0,0.0,320,0.22840828,1082,False,observed_zero,True,5134,Naive2,L312932,3
L312932,Dabrafenib,2,0.00030821,0,0.0,322,0.22983583,1080,False,observed_zero,True,6164,Naive2,L312932,3
L312932,Doxorubicin,2,0.00030821,1,0.00035311,218,0.15560314,188,True,observed_nonzero,True,2832,Naive2,L312932,3
L312932,Trametinib,2,0.00030821,0,0.0,275,0.19628837,1127,False,observed_zero,True,8091,Naive2,L312932,3
L313443,Acid,2,0.00030821,0,0.0,666,0.47537473,736,False,observed_zero,True,7246,Naive3,L313443,1
L313443,Cisplatin,2,0.00030821,0,0.0,273,0.19486081,1129,False,observed_zero,True,6815,Naive3,L313443,1
L313443,CoCl2,2,0.00030821,0,0.0,320,0.22840828,1082,False,observed_zero,True,5134,Naive3,L313443,1
L313443,Dabrafenib,2,0.00030821,0,0.0,322,0.22983583,1080,False,observed_zero,True,6164,Naive3,L313443,1
L313443,Doxorubicin,2,0.00030821,0,0.0,406,0.289793,996,False,observed_zero,True,2832,Naive3,L313443,1
L313443,Trametinib,2,0.00030821,0,0.0,275,0.19628837,1127,False,observed_zero,True,8091,Naive3,L313443,1
L31386,Acid,2,0.00030821,1,0.00013801,487,0.34760885,179,True,observed_nonzero,True,7246,Naive2,L31386,4
L31386,Cisplatin,2,0.00030821,0,0.0,273,0.19486081,1129,False,observed_zero,True,6815,Naive2,L31386,4
L31386,CoCl2,2,0.00030821,0,0.0,320,0.22840828,1082,False,observed_zero,True,5134,Naive2,L31386,4
L31386,Dabrafenib,2,0.00030821,1,0.00016223,182,0.12990721,140,True,observed_nonzero,True,6164,Naive2,L31386,4
L31386,Doxorubicin,2,0.00030821,0,0.0,406,0.289793,996,False,observed_zero,True,2832,Naive2,L31386,4
L31386,Trametinib,2,0.00030821,2,0.00024719,124,0.08850821,37,True,observed_nonzero,True,8091,Naive2,L31386,4
L314428,Acid,2,0.00030821,0,0.0,666,0.47537473,736,False,observed_zero,True,7246,Naive3,L314428,3
L314428,Cisplatin,2,0.00030821,0,0.0,273,0.19486081,1129,False,observed_zero,True,6815,Naive3,L314428,3
L314428,CoCl2,2,0.00030821,0,0.0,320,0.22840828,1082,False,observed_zero,True,5134,Naive3,L314428,3
L314428,Dabrafenib,2,0.00030821,0,0.0,322,0.22983583,1080,False,observed_zero,True,6164,Naive3,L314428,3
L314428,Doxorubicin,2,0.00030821,0,0.0,406,0.289793,996,False,observed_zero,True,2832,Naive3,L314428,3
L314428,Trametinib,2,0.00030821,0,0.0,275,0.19628837,1127,False,observed_zero,True,8091,Naive3,L314428,3
L314496,Acid,2,0.00030821,0,0.0,666,0.47537473,736,False,observed_zero,True,7246,Naive3,L314496,2
L314496,Cisplatin,2,0.00030821,0,0.0,273,0.19486081,1129,False,observed_zero,True,6815,Naive3,L314496,2
L314496,CoCl2,2,0.00030821,0,0.0,320,0.22840828,1082,False,observed_zero,True,5134,Naive3,L314496,2
L314496,Dabrafenib,2,0.00030821,0,0.0,322,0.22983583,1080,False,observed_zero,True,6164,Naive3,L314496,2
L314496,Doxorubicin,2,0.00030821,0,0.0,406,0.289793,996,False,observed_zero,True,2832,Naive3,L314496,2
L314496,Trametinib,2,0.00030821,0,0.0,275,0.19628837,1127,False,observed_zero,True,8091,Naive3,L314496,2
L314514,Acid,16,0.00246571,6,0.00082804,216,0.15417559,16,True,observed_nonzero,True,7246,Naive1|Naive2|Naive3,L314514,2
L314514,Cisplatin,16,0.00246571,0,0.0,273,0.19486081,1129,False,observed_zero,True,6815,Naive1|Naive2|Naive3,L314514,2
L314514,CoCl2,16,0.00246571,5,0.0009739,47,0.03354747,16,True,observed_nonzero,True,5134,Naive1|Naive2|Naive3,L314514,2
L314514,Dabrafenib,16,0.00246571,2,0.00032446,135,0.09635974,47,True,observed_nonzero,True,6164,Naive1|Naive2|Naive3,L314514,2
L314514,Doxorubicin,16,0.00246571,1,0.00035311,218,0.15560314,188,True,observed_nonzero,True,2832,Naive1|Naive2|Naive3,L314514,2
L314514,Trametinib,16,0.00246571,0,0.0,275,0.19628837,1127,False,observed_zero,True,8091,Naive1|Naive2|Naive3,L314514,2
L314569,Acid,1,0.00015411,0,0.0,666,0.47537473,736,False,observed_zero,True,7246,Naive2,L314569,4
L314569,Cisplatin,1,0.00015411,0,0.0,273,0.19486081,1129,False,observed_zero,True,6815,Naive2,L314569,4
L314569,CoCl2,1,0.00015411,0,0.0,320,0.22840828,1082,False,observed_zero,True,5134,Naive2,L314569,4
L314569,Dabrafenib,1,0.00015411,0,0.0,322,0.22983583,1080,False,observed_zero,True,6164,Naive2,L314569,4
L314569,Doxorubicin,1,0.00015411,0,0.0,406,0.289793,996,False,observed_zero,True,2832,Naive2,L314569,4
L314569,Trametinib,1,0.00015411,0,0.0,275,0.19628837,1127,False,observed_zero,True,8091,Naive2,L314569,4
L314603,Acid,4,0.00061643,2,0.00027601,380,0.27123483,107,True,observed_nonzero,True,7246,Naive3,L314603,2
L314603,Cisplatin,4,0.00061643,0,0.0,273,0.19486081,1129,False,observed_zero,True,6815,Naive3,L314603,2
L314603,CoCl2,4,0.00061643,1,0.00019478,179,0.12776588,141,True,observed_nonzero,True,5134,Naive3,L314603,2
L314603,Dabrafenib,4,0.00061643,0,0.0,322,0.22983583,1080,False,observed_zero,True,6164,Naive3,L314603,2
L314603,Doxorubicin,4,0.00061643,0,0.0,406,0.289793,996,False,observed_zero,True,2832,Naive3,L314603,2
L314603,Trametinib,4,0.00061643,0,0.0,275,0.19628837,1127,False,observed_zero,True,8091,Naive3,L314603,2
L314700,Acid,3,0.00046232,0,0.0,666,0.47537473,736,False,observed_zero,True,7246,Naive2|Naive3,L314700,0
L314700,Cisplatin,3,0.00046232,0,0.0,273,0.19486081,1129,False,observed_zero,True,6815,Naive2|Naive3,L314700,0
L314700,CoCl2,3,0.00046232,0,0.0,320,0.22840828,1082,False,observed_zero,True,5134,Naive2|Naive3,L314700,0
L314700,Dabrafenib,3,0.00046232,0,0.0,322,0.22983583,1080,False,observed_zero,True,6164,Naive2|Naive3,L314700,0
L314700,Doxorubicin,3,0.00046232,0,0.0,406,0.289793,996,False,observed_zero,True,2832,Naive2|Naive3,L314700,0
L314700,Trametinib,3,0.00046232,0,0.0,275,0.19628837,1127,False,observed_zero,True,8091,Naive2|Naive3,L314700,0
L314894,Acid,30,0.00462321,31,0.00427822,46,0.03283369,1,True,observed_nonzero,True,7246,Naive1|Naive2|Naive3,L314894,1
L314894,Cisplatin,30,0.00462321,8,0.00117388,13,0.00927909,2,True,observed_nonzero,True,6815,Naive1|Naive2|Naive3,L314894,1
L314894,CoCl2,30,0.00462321,43,0.00837554,2,0.00142755,1,True,observed_nonzero,True,5134,Naive1|Naive2|Naive3,L314894,1
L314894,Dabrafenib,30,0.00462321,2,0.00032446,135,0.09635974,47,True,observed_nonzero,True,6164,Naive1|Naive2|Naive3,L314894,1
L314894,Doxorubicin,30,0.00462321,15,0.00529661,12,0.00856531,1,True,observed_nonzero,True,2832,Naive1|Naive2|Naive3,L314894,1
L314894,Trametinib,30,0.00462321,1,0.00012359,161,0.11491792,114,True,observed_nonzero,True,8091,Naive1|Naive2|Naive3,L314894,1
L31510,Acid,1,0.00015411,0,0.0,666,0.47537473,736,False,observed_zero,True,7246,Naive3,L31510,3
L31510,Cisplatin,1,0.00015411,0,0.0,273,0.19486081,1129,False,observed_zero,True,6815,Naive3,L31510,3
L31510,CoCl2,1,0.00015411,1,0.00019478,179,0.12776588,141,True,observed_nonzero,True,5134,Naive3,L31510,3
L31510,Dabrafenib,1,0.00015411,1,0.00016223,182,0.12990721,140,True,observed_nonzero,True,6164,Naive3,L31510,3
L31510,Doxorubicin,1,0.00015411,0,0.0,406,0.289793,996,False,observed_zero,True,2832,Naive3,L31510,3
L31510,Trametinib,1,0.00015411,2,0.00024719,124,0.08850821,37,True,observed_nonzero,True,8091,Naive3,L31510,3
L31550,Acid,1,0.00015411,0,0.0,666,0.47537473,736,False,observed_zero,True,7246,Naive3,L31550,3
L31550,Cisplatin,1,0.00015411,0,0.0,273,0.19486081,1129,False,observed_zero,True,6815,Naive3,L31550,3
L31550,CoCl2,1,0.00015411,0,0.0,320,0.22840828,1082,False,observed_zero,True,5134,Naive3,L31550,3
L31550,Dabrafenib,1,0.00015411,0,0.0,322,0.22983583,1080,False,observed_zero,True,6164,Naive3,L31550,3
L31550,Doxorubicin,1,0.00015411,0,0.0,406,0.289793,996,False,observed_zero,True,2832,Naive3,L31550,3
L31550,Trametinib,1,0.00015411,0,0.0,275,0.19628837,1127,False,observed_zero,True,8091,Naive3,L31550,3
L315594,Acid,4,0.00061643,1,0.00013801,487,0.34760885,179,True,observed_nonzero,True,7246,Naive1|Naive2,L315594,2
L315594,Cisplatin,4,0.00061643,0,0.0,273,0.19486081,1129,False,observed_zero,True,6815,Naive1|Naive2,L315594,2
L315594,CoCl2,4,0.00061643,0,0.0,320,0.22840828,1082,False,observed_zero,True,5134,Naive1|Naive2,L315594,2
L315594,Dabrafenib,4,0.00061643,0,0.0,322,0.22983583,1080,False,observed_zero,True,6164,Naive1|Naive2,L315594,2
L315594,Doxorubicin,4,0.00061643,1,0.00035311,218,0.15560314,188,True,observed_nonzero,True,2832,Naive1|Naive2,L315594,2
L315594,Trametinib,4,0.00061643,0,0.0,275,0.19628837,1127,False,observed_zero,True,8091,Naive1|Naive2,L315594,2
L3157,Acid,1,0.00015411,3,0.00041402,318,0.22698073,62,True,observed_nonzero,True,7246,Naive3,L3157,3
L3157,Cisplatin,1,0.00015411,0,0.0,273,0.19486081,1129,False,observed_zero,True,6815,Naive3,L3157,3
L3157,CoCl2,1,0.00015411,0,0.0,320,0.22840828,1082,False,observed_zero,True,5134,Naive3,L3157,3
L3157,Dabrafenib,1,0.00015411,0,0.0,322,0.22983583,1080,False,observed_zero,True,6164,Naive3,L3157,3
L3157,Doxorubicin,1,0.00015411,1,0.00035311,218,0.15560314,188,True,observed_nonzero,True,2832,Naive3,L3157,3
L3157,Trametinib,1,0.00015411,0,0.0,275,0.19628837,1127,False,observed_zero,True,8091,Naive3,L3157,3
L31572,Acid,5,0.00077053,0,0.0,666,0.47537473,736,False,observed_zero,True,7246,Naive2|Naive3,L31572,3
L31572,Cisplatin,5,0.00077053,0,0.0,273,0.19486081,1129,False,observed_zero,True,6815,Naive2|Naive3,L31572,3
L31572,CoCl2,5,0.00077053,0,0.0,320,0.22840828,1082,False,observed_zero,True,5134,Naive2|Naive3,L31572,3
L31572,Dabrafenib,5,0.00077053,0,0.0,322,0.22983583,1080,False,observed_zero,True,6164,Naive2|Naive3,L31572,3
L31572,Doxorubicin,5,0.00077053,0,0.0,406,0.289793,996,False,observed_zero,True,2832,Naive2|Naive3,L31572,3
L31572,Trametinib,5,0.00077053,0,0.0,275,0.19628837,1127,False,observed_zero,True,8091,Naive2|Naive3,L31572,3
L315758,Acid,1,0.00015411,0,0.0,666,0.47537473,736,False,observed_zero,True,7246,Naive3,L315758,4
L315758,Cisplatin,1,0.00015411,0,0.0,273,0.19486081,1129,False,observed_zero,True,6815,Naive3,L315758,4
L315758,CoCl2,1,0.00015411,0,0.0,320,0.22840828,1082,False,observed_zero,True,5134,Naive3,L315758,4
L315758,Dabrafenib,1,0.00015411,0,0.0,322,0.22983583,1080,False,observed_zero,True,6164,Naive3,L315758,4
L315758,Doxorubicin,1,0.00015411,0,0.0,406,0.289793,996,False,observed_zero,True,2832,Naive3,L315758,4
L315758,Trametinib,1,0.00015411,0,0.0,275,0.19628837,1127,False,observed_zero,True,8091,Naive3,L315758,4
L315950,Acid,2,0.00030821,0,0.0,666,0.47537473,736,False,observed_zero,True,7246,Naive1|Naive2,L315950,3
L315950,Cisplatin,2,0.00030821,0,0.0,273,0.19486081,1129,False,observed_zero,True,6815,Naive1|Naive2,L315950,3
L315950,CoCl2,2,0.00030821,0,0.0,320,0.22840828,1082,False,observed_zero,True,5134,Naive1|Naive2,L315950,3
L315950,Dabrafenib,2,0.00030821,0,0.0,322,0.22983583,1080,False,observed_zero,True,6164,Naive1|Naive2,L315950,3
L315950,Doxorubicin,2,0.00030821,0,0.0,406,0.289793,996,False,observed_zero,True,2832,Naive1|Naive2,L315950,3
L315950,Trametinib,2,0.00030821,0,0.0,275,0.19628837,1127,False,observed_zero,True,8091,Naive1|Naive2,L315950,3
L315953,Acid,4,0.00061643,0,0.0,666,0.47537473,736,False,observed_zero,True,7246,Naive1|Naive2|Naive3,L315953,3
L315953,Cisplatin,4,0.00061643,0,0.0,273,0.19486081,1129,False,observed_zero,True,6815,Naive1|Naive2|Naive3,L315953,3
L315953,CoCl2,4,0.00061643,0,0.0,320,0.22840828,1082,False,observed_zero,True,5134,Naive1|Naive2|Naive3,L315953,3
L315953,Dabrafenib,4,0.00061643,0,0.0,322,0.22983583,1080,False,observed_zero,True,6164,Naive1|Naive2|Naive3,L315953,3
L315953,Doxorubicin,4,0.00061643,18,0.00635593,10,0.00713776,1,True,observed_nonzero,True,2832,Naive1|Naive2|Naive3,L315953,3
L315953,Trametinib,4,0.00061643,0,0.0,275,0.19628837,1127,False,observed_zero,True,8091,Naive1|Naive2|Naive3,L315953,3
L316034,Acid,1,0.00015411,0,0.0,666,0.47537473,736,False,observed_zero,True,7246,Naive2,L316034,3
L316034,Cisplatin,1,0.00015411,0,0.0,273,0.19486081,1129,False,observed_zero,True,6815,Naive2,L316034,3
L316034,CoCl2,1,0.00015411,0,0.0,320,0.22840828,1082,False,observed_zero,True,5134,Naive2,L316034,3
L316034,Dabrafenib,1,0.00015411,0,0.0,322,0.22983583,1080,False,observed_zero,True,6164,Naive2,L316034,3
L316034,Doxorubicin,1,0.00015411,0,0.0,406,0.289793,996,False,observed_zero,True,2832,Naive2,L316034,3
L316034,Trametinib,1,0.00015411,2,0.00024719,124,0.08850821,37,True,observed_nonzero,True,8091,Naive2,L316034,3
L316041,Acid,1,0.00015411,0,0.0,666,0.47537473,736,False,observed_zero,True,7246,Naive3,L316041,3
L316041,Cisplatin,1,0.00015411,0,0.0,273,0.19486081,1129,False,observed_zero,True,6815,Naive3,L316041,3
L316041,CoCl2,1,0.00015411,0,0.0,320,0.22840828,1082,False,observed_zero,True,5134,Naive3,L316041,3
L316041,Dabrafenib,1,0.00015411,0,0.0,322,0.22983583,1080,False,observed_zero,True,6164,Naive3,L316041,3
L316041,Doxorubicin,1,0.00015411,0,0.0,406,0.289793,996,False,observed_zero,True,2832,Naive3,L316041,3
L316041,Trametinib,1,0.00015411,0,0.0,275,0.19628837,1127,False,observed_zero,True,8091,Naive3,L316041,3
L3161,Acid,2,0.00030821,0,0.0,666,0.47537473,736,False,observed_zero,True,7246,Naive1|Naive2,L3161,1
L3161,Cisplatin,2,0.00030821,0,0.0,273,0.19486081,1129,False,observed_zero,True,6815,Naive1|Naive2,L3161,1
L3161,CoCl2,2,0.00030821,0,0.0,320,0.22840828,1082,False,observed_zero,True,5134,Naive1|Naive2,L3161,1
L3161,Dabrafenib,2,0.00030821,0,0.0,322,0.22983583,1080,False,observed_zero,True,6164,Naive1|Naive2,L3161,1
L3161,Doxorubicin,2,0.00030821,0,0.0,406,0.289793,996,False,observed_zero,True,2832,Naive1|Naive2,L3161,1
L3161,Trametinib,2,0.00030821,1,0.00012359,161,0.11491792,114,True,observed_nonzero,True,8091,Naive1|Naive2,L3161,1
L316244,Acid,3,0.00046232,0,0.0,666,0.47537473,736,False,observed_zero,True,7246,Naive2|Naive3,L316244,3
L316244,Cisplatin,3,0.00046232,0,0.0,273,0.19486081,1129,False,observed_zero,True,6815,Naive2|Naive3,L316244,3
L316244,CoCl2,3,0.00046232,0,0.0,320,0.22840828,1082,False,observed_zero,True,5134,Naive2|Naive3,L316244,3
L316244,Dabrafenib,3,0.00046232,0,0.0,322,0.22983583,1080,False,observed_zero,True,6164,Naive2|Naive3,L316244,3
L316244,Doxorubicin,3,0.00046232,0,0.0,406,0.289793,996,False,observed_zero,True,2832,Naive2|Naive3,L316244,3
L316244,Trametinib,3,0.00046232,0,0.0,275,0.19628837,1127,False,observed_zero,True,8091,Naive2|Naive3,L316244,3
L316359,Acid,1,0.00015411,0,0.0,666,0.47537473,736,False,observed_zero,True,7246,Naive1,L316359,0
L316359,Cisplatin,1,0.00015411,0,0.0,273,0.19486081,1129,False,observed_zero,True,6815,Naive1,L316359,0
L316359,CoCl2,1,0.00015411,0,0.0,320,0.22840828,1082,False,observed_zero,True,5134,Naive1,L316359,0
L316359,Dabrafenib,1,0.00015411,0,0.0,322,0.22983583,1080,False,observed_zero,True,6164,Naive1,L316359,0
L316359,Doxorubicin,1,0.00015411,0,0.0,406,0.289793,996,False,observed_zero,True,2832,Naive1,L316359,0
L316359,Trametinib,1,0.00015411,0,0.0,275,0.19628837,1127,False,observed_zero,True,8091,Naive1,L316359,0
L316393,Acid,5,0.00077053,0,0.0,666,0.47537473,736,False,observed_zero,True,7246,Naive2|Naive3,L316393,1
L316393,Cisplatin,5,0.00077053,0,0.0,273,0.19486081,1129,False,observed_zero,True,6815,Naive2|Naive3,L316393,1
L316393,CoCl2,5,0.00077053,0,0.0,320,0.22840828,1082,False,observed_zero,True,5134,Naive2|Naive3,L316393,1
L316393,Dabrafenib,5,0.00077053,0,0.0,322,0.22983583,1080,False,observed_zero,True,6164,Naive2|Naive3,L316393,1
L316393,Doxorubicin,5,0.00077053,2,0.00070621,135,0.09635974,83,True,observed_nonzero,True,2832,Naive2|Naive3,L316393,1
L316393,Trametinib,5,0.00077053,0,0.0,275,0.19628837,1127,False,observed_zero,True,8091,Naive2|Naive3,L316393,1
L316533,Acid,14,0.0021575,22,0.00303616,66,0.04710921,4,True,observed_nonzero,True,7246,Naive1|Naive2|Naive3,L316533,2
L316533,Cisplatin,14,0.0021575,1,0.00014674,110,0.07851535,163,True,observed_nonzero,True,6815,Naive1|Naive2|Naive3,L316533,2
L316533,CoCl2,14,0.0021575,0,0.0,320,0.22840828,1082,False,observed_zero,True,5134,Naive1|Naive2|Naive3,L316533,2
L316533,Dabrafenib,14,0.0021575,0,0.0,322,0.22983583,1080,False,observed_zero,True,6164,Naive1|Naive2|Naive3,L316533,2
L316533,Doxorubicin,14,0.0021575,4,0.00141243,70,0.04996431,26,True,observed_nonzero,True,2832,Naive1|Naive2|Naive3,L316533,2
L316533,Trametinib,14,0.0021575,0,0.0,275,0.19628837,1127,False,observed_zero,True,8091,Naive1|Naive2|Naive3,L316533,2
L3167,Acid,3,0.00046232,0,0.0,666,0.47537473,736,False,observed_zero,True,7246,Naive1|Naive2,L3167,2
L3167,Cisplatin,3,0.00046232,0,0.0,273,0.19486081,1129,False,observed_zero,True,6815,Naive1|Naive2,L3167,2
L3167,CoCl2,3,0.00046232,3,0.00058434,80,0.05710207,30,True,observed_nonzero,True,5134,Naive1|Naive2,L3167,2
L3167,Dabrafenib,3,0.00046232,0,0.0,322,0.22983583,1080,False,observed_zero,True,6164,Naive1|Naive2,L3167,2
L3167,Doxorubicin,3,0.00046232,2,0.00070621,135,0.09635974,83,True,observed_nonzero,True,2832,Naive1|Naive2,L3167,2
L3167,Trametinib,3,0.00046232,0,0.0,275,0.19628837,1127,False,observed_zero,True,8091,Naive1|Naive2,L3167,2
L316748,Acid,1,0.00015411,0,0.0,666,0.47537473,736,False,observed_zero,True,7246,Naive3,L316748,4
L316748,Cisplatin,1,0.00015411,0,0.0,273,0.19486081,1129,False,observed_zero,True,6815,Naive3,L316748,4
L316748,CoCl2,1,0.00015411,0,0.0,320,0.22840828,1082,False,observed_zero,True,5134,Naive3,L316748,4
L316748,Dabrafenib,1,0.00015411,0,0.0,322,0.22983583,1080,False,observed_zero,True,6164,Naive3,L316748,4
L316748,Doxorubicin,1,0.00015411,1,0.00035311,218,0.15560314,188,True,observed_nonzero,True,2832,Naive3,L316748,4
L316748,Trametinib,1,0.00015411,0,0.0,275,0.19628837,1127,False,observed_zero,True,8091,Naive3,L316748,4
L316821,Acid,1,0.00015411,1,0.00013801,487,0.34760885,179,True,observed_nonzero,True,7246,Naive3,L316821,0
L316821,Cisplatin,1,0.00015411,0,0.0,273,0.19486081,1129,False,observed_zero,True,6815,Naive3,L316821,0
L316821,CoCl2,1,0.00015411,2,0.00038956,110,0.07851535,69,True,observed_nonzero,True,5134,Naive3,L316821,0
L316821,Dabrafenib,1,0.00015411,0,0.0,322,0.22983583,1080,False,observed_zero,True,6164,Naive3,L316821,0
L316821,Doxorubicin,1,0.00015411,0,0.0,406,0.289793,996,False,observed_zero,True,2832,Naive3,L316821,0
L316821,Trametinib,1,0.00015411,0,0.0,275,0.19628837,1127,False,observed_zero,True,8091,Naive3,L316821,0
L317026,Acid,1,0.00015411,0,0.0,666,0.47537473,736,False,observed_zero,True,7246,Naive3,L317026,4
L317026,Cisplatin,1,0.00015411,0,0.0,273,0.19486081,1129,False,observed_zero,True,6815,Naive3,L317026,4
L317026,CoCl2,1,0.00015411,0,0.0,320,0.22840828,1082,False,observed_zero,True,5134,Naive3,L317026,4
L317026,Dabrafenib,1,0.00015411,0,0.0,322,0.22983583,1080,False,observed_zero,True,6164,Naive3,L317026,4
L317026,Doxorubicin,1,0.00015411,0,0.0,406,0.289793,996,False,observed_zero,True,2832,Naive3,L317026,4
L317026,Trametinib,1,0.00015411,0,0.0,275,0.19628837,1127,False,observed_zero,True,8091,Naive3,L317026,4
L317590,Acid,1,0.00015411,0,0.0,666,0.47537473,736,False,observed_zero,True,7246,Naive1,L317590,2
L317590,Cisplatin,1,0.00015411,0,0.0,273,0.19486081,1129,False,observed_zero,True,6815,Naive1,L317590,2
L317590,CoCl2,1,0.00015411,0,0.0,320,0.22840828,1082,False,observed_zero,True,5134,Naive1,L317590,2
L317590,Dabrafenib,1,0.00015411,0,0.0,322,0.22983583,1080,False,observed_zero,True,6164,Naive1,L317590,2
L317590,Doxorubicin,1,0.00015411,0,0.0,406,0.289793,996,False,observed_zero,True,2832,Naive1,L317590,2
L317590,Trametinib,1,0.00015411,0,0.0,275,0.19628837,1127,False,observed_zero,True,8091,Naive1,L317590,2
L318033,Acid,11,0.00169518,15,0.00207011,97,0.06923626,6,True,observed_nonzero,True,7246,Naive1|Naive2|Naive3,L318033,2
L318033,Cisplatin,11,0.00169518,0,0.0,273,0.19486081,1129,False,observed_zero,True,6815,Naive1|Naive2|Naive3,L318033,2
L318033,CoCl2,11,0.00169518,1,0.00019478,179,0.12776588,141,True,observed_nonzero,True,5134,Naive1|Naive2|Naive3,L318033,2
L318033,Dabrafenib,11,0.00169518,0,0.0,322,0.22983583,1080,False,observed_zero,True,6164,Naive1|Naive2|Naive3,L318033,2
L318033,Doxorubicin,11,0.00169518,1,0.00035311,218,0.15560314,188,True,observed_nonzero,True,2832,Naive1|Naive2|Naive3,L318033,2
L318033,Trametinib,11,0.00169518,0,0.0,275,0.19628837,1127,False,observed_zero,True,8091,Naive1|Naive2|Naive3,L318033,2
L318190,Acid,1,0.00015411,0,0.0,666,0.47537473,736,False,observed_zero,True,7246,Naive3,L318190,2
L318190,Cisplatin,1,0.00015411,0,0.0,273,0.19486081,1129,False,observed_zero,True,6815,Naive3,L318190,2
L318190,CoCl2,1,0.00015411,0,0.0,320,0.22840828,1082,False,observed_zero,True,5134,Naive3,L318190,2
L318190,Dabrafenib,1,0.00015411,0,0.0,322,0.22983583,1080,False,observed_zero,True,6164,Naive3,L318190,2
L318190,Doxorubicin,1,0.00015411,0,0.0,406,0.289793,996,False,observed_zero,True,2832,Naive3,L318190,2
L318190,Trametinib,1,0.00015411,0,0.0,275,0.19628837,1127,False,observed_zero,True,8091,Naive3,L318190,2
L318458,Acid,2,0.00030821,0,0.0,666,0.47537473,736,False,observed_zero,True,7246,Naive1|Naive2,L318458,4
L318458,Cisplatin,2,0.00030821,0,0.0,273,0.19486081,1129,False,observed_zero,True,6815,Naive1|Naive2,L318458,4
L318458,CoCl2,2,0.00030821,0,0.0,320,0.22840828,1082,False,observed_zero,True,5134,Naive1|Naive2,L318458,4
L318458,Dabrafenib,2,0.00030821,0,0.0,322,0.22983583,1080,False,observed_zero,True,6164,Naive1|Naive2,L318458,4
L318458,Doxorubicin,2,0.00030821,0,0.0,406,0.289793,996,False,observed_zero,True,2832,Naive1|Naive2,L318458,4
L318458,Trametinib,2,0.00030821,0,0.0,275,0.19628837,1127,False,observed_zero,True,8091,Naive1|Naive2,L318458,4
L31852,Acid,57,0.0087841,47,0.00648634,24,0.01713062,2,True,observed_nonzero,True,7246,Naive1|Naive2|Naive3,L31852,2
L31852,Cisplatin,57,0.0087841,8,0.00117388,13,0.00927909,2,True,observed_nonzero,True,6815,Naive1|Naive2|Naive3,L31852,2
L31852,CoCl2,57,0.0087841,7,0.00136346,30,0.02141328,6,True,observed_nonzero,True,5134,Naive1|Naive2|Naive3,L31852,2
L31852,Dabrafenib,57,0.0087841,0,0.0,322,0.22983583,1080,False,observed_zero,True,6164,Naive1|Naive2|Naive3,L31852,2
L31852,Doxorubicin,57,0.0087841,16,0.00564972,11,0.00785153,1,True,observed_nonzero,True,2832,Naive1|Naive2|Naive3,L31852,2
L31852,Trametinib,57,0.0087841,0,0.0,275,0.19628837,1127,False,observed_zero,True,8091,Naive1|Naive2|Naive3,L31852,2
L31856,Acid,14,0.0021575,4,0.00055203,267,0.19057816,51,True,observed_nonzero,True,7246,Naive1|Naive2|Naive3,L31856,4
L31856,Cisplatin,14,0.0021575,2,0.00029347,60,0.04282655,50,True,observed_nonzero,True,6815,Naive1|Naive2|Naive3,L31856,4
L31856,CoCl2,14,0.0021575,5,0.0009739,47,0.03354747,16,True,observed_nonzero,True,5134,Naive1|Naive2|Naive3,L31856,4
L31856,Dabrafenib,14,0.0021575,3,0.0004867,113,0.08065667,22,True,observed_nonzero,True,6164,Naive1|Naive2|Naive3,L31856,4
L31856,Doxorubicin,14,0.0021575,0,0.0,406,0.289793,996,False,observed_zero,True,2832,Naive1|Naive2|Naive3,L31856,4
L31856,Trametinib,14,0.0021575,2,0.00024719,124,0.08850821,37,True,observed_nonzero,True,8091,Naive1|Naive2|Naive3,L31856,4
L31872,Acid,2,0.00030821,1,0.00013801,487,0.34760885,179,True,observed_nonzero,True,7246,Naive1|Naive2,L31872,4
L31872,Cisplatin,2,0.00030821,0,0.0,273,0.19486081,1129,False,observed_zero,True,6815,Naive1|Naive2,L31872,4
L31872,CoCl2,2,0.00030821,0,0.0,320,0.22840828,1082,False,observed_zero,True,5134,Naive1|Naive2,L31872,4
L31872,Dabrafenib,2,0.00030821,0,0.0,322,0.22983583,1080,False,observed_zero,True,6164,Naive1|Naive2,L31872,4
L31872,Doxorubicin,2,0.00030821,0,0.0,406,0.289793,996,False,observed_zero,True,2832,Naive1|Naive2,L31872,4
L31872,Trametinib,2,0.00030821,0,0.0,275,0.19628837,1127,False,observed_zero,True,8091,Naive1|Naive2,L31872,4
L319115,Acid,1,0.00015411,0,0.0,666,0.47537473,736,False,observed_zero,True,7246,Naive1,L319115,4
L319115,Cisplatin,1,0.00015411,0,0.0,273,0.19486081,1129,False,observed_zero,True,6815,Naive1,L319115,4
L319115,CoCl2,1,0.00015411,2,0.00038956,110,0.07851535,69,True,observed_nonzero,True,5134,Naive1,L319115,4
L319115,Dabrafenib,1,0.00015411,16,0.00259572,38,0.02712348,4,True,observed_nonzero,True,6164,Naive1,L319115,4
L319115,Doxorubicin,1,0.00015411,0,0.0,406,0.289793,996,False,observed_zero,True,2832,Naive1,L319115,4
L319115,Trametinib,1,0.00015411,17,0.0021011,31,0.02212705,2,True,observed_nonzero,True,8091,Naive1,L319115,4
L319318,Acid,1,0.00015411,0,0.0,666,0.47537473,736,False,observed_zero,True,7246,Naive2,L319318,2
L319318,Cisplatin,1,0.00015411,0,0.0,273,0.19486081,1129,False,observed_zero,True,6815,Naive2,L319318,2
L319318,CoCl2,1,0.00015411,0,0.0,320,0.22840828,1082,False,observed_zero,True,5134,Naive2,L319318,2
L319318,Dabrafenib,1,0.00015411,0,0.0,322,0.22983583,1080,False,observed_zero,True,6164,Naive2,L319318,2
L319318,Doxorubicin,1,0.00015411,1,0.00035311,218,0.15560314,188,True,observed_nonzero,True,2832,Naive2,L319318,2
L319318,Trametinib,1,0.00015411,0,0.0,275,0.19628837,1127,False,observed_zero,True,8091,Naive2,L319318,2
L319523,Acid,1,0.00015411,1,0.00013801,487,0.34760885,179,True,observed_nonzero,True,7246,Naive2,L319523,4
L319523,Cisplatin,1,0.00015411,0,0.0,273,0.19486081,1129,False,observed_zero,True,6815,Naive2,L319523,4
L319523,CoCl2,1,0.00015411,0,0.0,320,0.22840828,1082,False,observed_zero,True,5134,Naive2,L319523,4
L319523,Dabrafenib,1,0.00015411,0,0.0,322,0.22983583,1080,False,observed_zero,True,6164,Naive2,L319523,4
L319523,Doxorubicin,1,0.00015411,0,0.0,406,0.289793,996,False,observed_zero,True,2832,Naive2,L319523,4
L319523,Trametinib,1,0.00015411,0,0.0,275,0.19628837,1127,False,observed_zero,True,8091,Naive2,L319523,4
L319635,Acid,6,0.00092464,2,0.00027601,380,0.27123483,107,True,observed_nonzero,True,7246,Naive2|Naive3,L319635,1
L319635,Cisplatin,6,0.00092464,0,0.0,273,0.19486081,1129,False,observed_zero,True,6815,Naive2|Naive3,L319635,1
L319635,CoCl2,6,0.00092464,0,0.0,320,0.22840828,1082,False,observed_zero,True,5134,Naive2|Naive3,L319635,1
L319635,Dabrafenib,6,0.00092464,1,0.00016223,182,0.12990721,140,True,observed_nonzero,True,6164,Naive2|Naive3,L319635,1
L319635,Doxorubicin,6,0.00092464,1,0.00035311,218,0.15560314,188,True,observed_nonzero,True,2832,Naive2|Naive3,L319635,1
L319635,Trametinib,6,0.00092464,0,0.0,275,0.19628837,1127,False,observed_zero,True,8091,Naive2|Naive3,L319635,1
L319892,Acid,4,0.00061643,0,0.0,666,0.47537473,736,False,observed_zero,True,7246,Naive2|Naive3,L319892,4
L319892,Cisplatin,4,0.00061643,0,0.0,273,0.19486081,1129,False,observed_zero,True,6815,Naive2|Naive3,L319892,4
L319892,CoCl2,4,0.00061643,0,0.0,320,0.22840828,1082,False,observed_zero,True,5134,Naive2|Naive3,L319892,4
L319892,Dabrafenib,4,0.00061643,0,0.0,322,0.22983583,1080,False,observed_zero,True,6164,Naive2|Naive3,L319892,4
L319892,Doxorubicin,4,0.00061643,0,0.0,406,0.289793,996,False,observed_zero,True,2832,Naive2|Naive3,L319892,4
L319892,Trametinib,4,0.00061643,0,0.0,275,0.19628837,1127,False,observed_zero,True,8091,Naive2|Naive3,L319892,4
L32013,Acid,1,0.00015411,0,0.0,666,0.47537473,736,False,observed_zero,True,7246,Naive3,L32013,1
L32013,Cisplatin,1,0.00015411,0,0.0,273,0.19486081,1129,False,observed_zero,True,6815,Naive3,L32013,1
L32013,CoCl2,1,0.00015411,0,0.0,320,0.22840828,1082,False,observed_zero,True,5134,Naive3,L32013,1
L32013,Dabrafenib,1,0.00015411,0,0.0,322,0.22983583,1080,False,observed_zero,True,6164,Naive3,L32013,1
L32013,Doxorubicin,1,0.00015411,0,0.0,406,0.289793,996,False,observed_zero,True,2832,Naive3,L32013,1
L32013,Trametinib,1,0.00015411,0,0.0,275,0.19628837,1127,False,observed_zero,True,8091,Naive3,L32013,1
L320444,Acid,3,0.00046232,1,0.00013801,487,0.34760885,179,True,observed_nonzero,True,7246,Naive1|Naive2|Naive3,L320444,2
L320444,Cisplatin,3,0.00046232,1,0.00014674,110,0.07851535,163,True,observed_nonzero,True,6815,Naive1|Naive2|Naive3,L320444,2
L320444,CoCl2,3,0.00046232,0,0.0,320,0.22840828,1082,False,observed_zero,True,5134,Naive1|Naive2|Naive3,L320444,2
L320444,Dabrafenib,3,0.00046232,7,0.00113563,72,0.05139186,8,True,observed_nonzero,True,6164,Naive1|Naive2|Naive3,L320444,2
L320444,Doxorubicin,3,0.00046232,3,0.00105932,96,0.06852248,39,True,observed_nonzero,True,2832,Naive1|Naive2|Naive3,L320444,2
L320444,Trametinib,3,0.00046232,3,0.00037078,100,0.07137759,24,True,observed_nonzero,True,8091,Naive1|Naive2|Naive3,L320444,2
L320454,Acid,1,0.00015411,1,0.00013801,487,0.34760885,179,True,observed_nonzero,True,7246,Naive3,L320454,4
L320454,Cisplatin,1,0.00015411,0,0.0,273,0.19486081,1129,False,observed_zero,True,6815,Naive3,L320454,4
L320454,CoCl2,1,0.00015411,0,0.0,320,0.22840828,1082,False,observed_zero,True,5134,Naive3,L320454,4
L320454,Dabrafenib,1,0.00015411,0,0.0,322,0.22983583,1080,False,observed_zero,True,6164,Naive3,L320454,4
L320454,Doxorubicin,1,0.00015411,0,0.0,406,0.289793,996,False,observed_zero,True,2832,Naive3,L320454,4
L320454,Trametinib,1,0.00015411,0,0.0,275,0.19628837,1127,False,observed_zero,True,8091,Naive3,L320454,4
L320548,Acid,4,0.00061643,0,0.0,666,0.47537473,736,False,observed_zero,True,7246,Naive1|Naive2|Naive3,L320548,3
L320548,Cisplatin,4,0.00061643,0,0.0,273,0.19486081,1129,False,observed_zero,True,6815,Naive1|Naive2|Naive3,L320548,3
L320548,CoCl2,4,0.00061643,0,0.0,320,0.22840828,1082,False,observed_zero,True,5134,Naive1|Naive2|Naive3,L320548,3
L320548,Dabrafenib,4,0.00061643,0,0.0,322,0.22983583,1080,False,observed_zero,True,6164,Naive1|Naive2|Naive3,L320548,3
L320548,Doxorubicin,4,0.00061643,0,0.0,406,0.289793,996,False,observed_zero,True,2832,Naive1|Naive2|Naive3,L320548,3
L320548,Trametinib,4,0.00061643,0,0.0,275,0.19628837,1127,False,observed_zero,True,8091,Naive1|Naive2|Naive3,L320548,3
L320705,Acid,1,0.00015411,0,0.0,666,0.47537473,736,False,observed_zero,True,7246,Naive3,L320705,1
L320705,Cisplatin,1,0.00015411,0,0.0,273,0.19486081,1129,False,observed_zero,True,6815,Naive3,L320705,1
L320705,CoCl2,1,0.00015411,0,0.0,320,0.22840828,1082,False,observed_zero,True,5134,Naive3,L320705,1
L320705,Dabrafenib,1,0.00015411,0,0.0,322,0.22983583,1080,False,observed_zero,True,6164,Naive3,L320705,1
L320705,Doxorubicin,1,0.00015411,0,0.0,406,0.289793,996,False,observed_zero,True,2832,Naive3,L320705,1
L320705,Trametinib,1,0.00015411,0,0.0,275,0.19628837,1127,False,observed_zero,True,8091,Naive3,L320705,1
L320820,Acid,35,0.00539374,47,0.00648634,24,0.01713062,2,True,observed_nonzero,True,7246,Naive1|Naive2|Naive3,L320820,3
L320820,Cisplatin,35,0.00539374,3,0.00044021,37,0.02640971,23,True,observed_nonzero,True,6815,Naive1|Naive2|Naive3,L320820,3
L320820,CoCl2,35,0.00539374,11,0.00214258,16,0.01142041,3,True,observed_nonzero,True,5134,Naive1|Naive2|Naive3,L320820,3
L320820,Dabrafenib,35,0.00539374,2,0.00032446,135,0.09635974,47,True,observed_nonzero,True,6164,Naive1|Naive2|Naive3,L320820,3
L320820,Doxorubicin,35,0.00539374,8,0.00282486,32,0.02284083,9,True,observed_nonzero,True,2832,Naive1|Naive2|Naive3,L320820,3
L320820,Trametinib,35,0.00539374,1,0.00012359,161,0.11491792,114,True,observed_nonzero,True,8091,Naive1|Naive2|Naive3,L320820,3
L321183,Acid,2,0.00030821,2,0.00027601,380,0.27123483,107,True,observed_nonzero,True,7246,Naive2|Naive3,L321183,4
L321183,Cisplatin,2,0.00030821,1,0.00014674,110,0.07851535,163,True,observed_nonzero,True,6815,Naive2|Naive3,L321183,4
L321183,CoCl2,2,0.00030821,0,0.0,320,0.22840828,1082,False,observed_zero,True,5134,Naive2|Naive3,L321183,4
L321183,Dabrafenib,2,0.00030821,0,0.0,322,0.22983583,1080,False,observed_zero,True,6164,Naive2|Naive3,L321183,4
L321183,Doxorubicin,2,0.00030821,0,0.0,406,0.289793,996,False,observed_zero,True,2832,Naive2|Naive3,L321183,4
L321183,Trametinib,2,0.00030821,0,0.0,275,0.19628837,1127,False,observed_zero,True,8091,Naive2|Naive3,L321183,4
L321201,Acid,1,0.00015411,2,0.00027601,380,0.27123483,107,True,observed_nonzero,True,7246,Naive3,L321201,2
L321201,Cisplatin,1,0.00015411,1,0.00014674,110,0.07851535,163,True,observed_nonzero,True,6815,Naive3,L321201,2
L321201,CoCl2,1,0.00015411,1,0.00019478,179,0.12776588,141,True,observed_nonzero,True,5134,Naive3,L321201,2
L321201,Dabrafenib,1,0.00015411,0,0.0,322,0.22983583,1080,False,observed_zero,True,6164,Naive3,L321201,2
L321201,Doxorubicin,1,0.00015411,0,0.0,406,0.289793,996,False,observed_zero,True,2832,Naive3,L321201,2
L321201,Trametinib,1,0.00015411,1,0.00012359,161,0.11491792,114,True,observed_nonzero,True,8091,Naive3,L321201,2
L321617,Acid,3,0.00046232,0,0.0,666,0.47537473,736,False,observed_zero,True,7246,Naive1|Naive2|Naive3,L321617,1
L321617,Cisplatin,3,0.00046232,0,0.0,273,0.19486081,1129,False,observed_zero,True,6815,Naive1|Naive2|Naive3,L321617,1
L321617,CoCl2,3,0.00046232,8,0.00155824,25,0.0178444,5,True,observed_nonzero,True,5134,Naive1|Naive2|Naive3,L321617,1
L321617,Dabrafenib,3,0.00046232,0,0.0,322,0.22983583,1080,False,observed_zero,True,6164,Naive1|Naive2|Naive3,L321617,1
L321617,Doxorubicin,3,0.00046232,1,0.00035311,218,0.15560314,188,True,observed_nonzero,True,2832,Naive1|Naive2|Naive3,L321617,1
L321617,Trametinib,3,0.00046232,1,0.00012359,161,0.11491792,114,True,observed_nonzero,True,8091,Naive1|Naive2|Naive3,L321617,1
L321690,Acid,1,0.00015411,0,0.0,666,0.47537473,736,False,observed_zero,True,7246,Naive2,L321690,3
L321690,Cisplatin,1,0.00015411,0,0.0,273,0.19486081,1129,False,observed_zero,True,6815,Naive2,L321690,3
L321690,CoCl2,1,0.00015411,0,0.0,320,0.22840828,1082,False,observed_zero,True,5134,Naive2,L321690,3
L321690,Dabrafenib,1,0.00015411,0,0.0,322,0.22983583,1080,False,observed_zero,True,6164,Naive2,L321690,3
L321690,Doxorubicin,1,0.00015411,0,0.0,406,0.289793,996,False,observed_zero,True,2832,Naive2,L321690,3
L321690,Trametinib,1,0.00015411,0,0.0,275,0.19628837,1127,False,observed_zero,True,8091,Naive2,L321690,3
L321791,Acid,1,0.00015411,0,0.0,666,0.47537473,736,False,observed_zero,True,7246,Naive3,L321791,0
L321791,Cisplatin,1,0.00015411,0,0.0,273,0.19486081,1129,False,observed_zero,True,6815,Naive3,L321791,0
L321791,CoCl2,1,0.00015411,0,0.0,320,0.22840828,1082,False,observed_zero,True,5134,Naive3,L321791,0
L321791,Dabrafenib,1,0.00015411,0,0.0,322,0.22983583,1080,False,observed_zero,True,6164,Naive3,L321791,0
L321791,Doxorubicin,1,0.00015411,0,0.0,406,0.289793,996,False,observed_zero,True,2832,Naive3,L321791,0
L321791,Trametinib,1,0.00015411,0,0.0,275,0.19628837,1127,False,observed_zero,True,8091,Naive3,L321791,0
L322064,Acid,1,0.00015411,1,0.00013801,487,0.34760885,179,True,observed_nonzero,True,7246,Naive2,L322064,3
L322064,Cisplatin,1,0.00015411,0,0.0,273,0.19486081,1129,False,observed_zero,True,6815,Naive2,L322064,3
L322064,CoCl2,1,0.00015411,0,0.0,320,0.22840828,1082,False,observed_zero,True,5134,Naive2,L322064,3
L322064,Dabrafenib,1,0.00015411,0,0.0,322,0.22983583,1080,False,observed_zero,True,6164,Naive2,L322064,3
L322064,Doxorubicin,1,0.00015411,0,0.0,406,0.289793,996,False,observed_zero,True,2832,Naive2,L322064,3
L322064,Trametinib,1,0.00015411,0,0.0,275,0.19628837,1127,False,observed_zero,True,8091,Naive2,L322064,3
L322091,Acid,3,0.00046232,0,0.0,666,0.47537473,736,False,observed_zero,True,7246,Naive2|Naive3,L322091,3
L322091,Cisplatin,3,0.00046232,0,0.0,273,0.19486081,1129,False,observed_zero,True,6815,Naive2|Naive3,L322091,3
L322091,CoCl2,3,0.00046232,0,0.0,320,0.22840828,1082,False,observed_zero,True,5134,Naive2|Naive3,L322091,3
L322091,Dabrafenib,3,0.00046232,0,0.0,322,0.22983583,1080,False,observed_zero,True,6164,Naive2|Naive3,L322091,3
L322091,Doxorubicin,3,0.00046232,0,0.0,406,0.289793,996,False,observed_zero,True,2832,Naive2|Naive3,L322091,3
L322091,Trametinib,3,0.00046232,0,0.0,275,0.19628837,1127,False,observed_zero,True,8091,Naive2|Naive3,L322091,3
L322102,Acid,1,0.00015411,0,0.0,666,0.47537473,736,False,observed_zero,True,7246,Naive3,L322102,4
L322102,Cisplatin,1,0.00015411,0,0.0,273,0.19486081,1129,False,observed_zero,True,6815,Naive3,L322102,4
L322102,CoCl2,1,0.00015411,0,0.0,320,0.22840828,1082,False,observed_zero,True,5134,Naive3,L322102,4
L322102,Dabrafenib,1,0.00015411,0,0.0,322,0.22983583,1080,False,observed_zero,True,6164,Naive3,L322102,4
L322102,Doxorubicin,1,0.00015411,0,0.0,406,0.289793,996,False,observed_zero,True,2832,Naive3,L322102,4
L322102,Trametinib,1,0.00015411,0,0.0,275,0.19628837,1127,False,observed_zero,True,8091,Naive3,L322102,4
L322120,Acid,5,0.00077053,0,0.0,666,0.47537473,736,False,observed_zero,True,7246,Naive1|Naive2|Naive3,L322120,3
L322120,Cisplatin,5,0.00077053,0,0.0,273,0.19486081,1129,False,observed_zero,True,6815,Naive1|Naive2|Naive3,L322120,3
L322120,CoCl2,5,0.00077053,0,0.0,320,0.22840828,1082,False,observed_zero,True,5134,Naive1|Naive2|Naive3,L322120,3
L322120,Dabrafenib,5,0.00077053,0,0.0,322,0.22983583,1080,False,observed_zero,True,6164,Naive1|Naive2|Naive3,L322120,3
L322120,Doxorubicin,5,0.00077053,0,0.0,406,0.289793,996,False,observed_zero,True,2832,Naive1|Naive2|Naive3,L322120,3
L322120,Trametinib,5,0.00077053,0,0.0,275,0.19628837,1127,False,observed_zero,True,8091,Naive1|Naive2|Naive3,L322120,3
L322183,Acid,1,0.00015411,0,0.0,666,0.47537473,736,False,observed_zero,True,7246,Naive3,L322183,1
L322183,Cisplatin,1,0.00015411,0,0.0,273,0.19486081,1129,False,observed_zero,True,6815,Naive3,L322183,1
L322183,CoCl2,1,0.00015411,0,0.0,320,0.22840828,1082,False,observed_zero,True,5134,Naive3,L322183,1
L322183,Dabrafenib,1,0.00015411,0,0.0,322,0.22983583,1080,False,observed_zero,True,6164,Naive3,L322183,1
L322183,Doxorubicin,1,0.00015411,0,0.0,406,0.289793,996,False,observed_zero,True,2832,Naive3,L322183,1
L322183,Trametinib,1,0.00015411,0,0.0,275,0.19628837,1127,False,observed_zero,True,8091,Naive3,L322183,1
L322447,Acid,4,0.00061643,0,0.0,666,0.47537473,736,False,observed_zero,True,7246,Naive1|Naive3,L322447,2
L322447,Cisplatin,4,0.00061643,0,0.0,273,0.19486081,1129,False,observed_zero,True,6815,Naive1|Naive3,L322447,2
L322447,CoCl2,4,0.00061643,0,0.0,320,0.22840828,1082,False,observed_zero,True,5134,Naive1|Naive3,L322447,2
L322447,Dabrafenib,4,0.00061643,0,0.0,322,0.22983583,1080,False,observed_zero,True,6164,Naive1|Naive3,L322447,2
L322447,Doxorubicin,4,0.00061643,0,0.0,406,0.289793,996,False,observed_zero,True,2832,Naive1|Naive3,L322447,2
L322447,Trametinib,4,0.00061643,0,0.0,275,0.19628837,1127,False,observed_zero,True,8091,Naive1|Naive3,L322447,2
L322777,Acid,19,0.00292803,32,0.00441623,45,0.03211991,1,True,observed_nonzero,True,7246,Naive1|Naive2|Naive3,L322777,4
L322777,Cisplatin,19,0.00292803,0,0.0,273,0.19486081,1129,False,observed_zero,True,6815,Naive1|Naive2|Naive3,L322777,4
L322777,CoCl2,19,0.00292803,0,0.0,320,0.22840828,1082,False,observed_zero,True,5134,Naive1|Naive2|Naive3,L322777,4
L322777,Dabrafenib,19,0.00292803,0,0.0,322,0.22983583,1080,False,observed_zero,True,6164,Naive1|Naive2|Naive3,L322777,4
L322777,Doxorubicin,19,0.00292803,1,0.00035311,218,0.15560314,188,True,observed_nonzero,True,2832,Naive1|Naive2|Naive3,L322777,4
L322777,Trametinib,19,0.00292803,0,0.0,275,0.19628837,1127,False,observed_zero,True,8091,Naive1|Naive2|Naive3,L322777,4
L32307,Acid,1,0.00015411,2,0.00027601,380,0.27123483,107,True,observed_nonzero,True,7246,Naive2,L32307,0
L32307,Cisplatin,1,0.00015411,1,0.00014674,110,0.07851535,163,True,observed_nonzero,True,6815,Naive2,L32307,0
L32307,CoCl2,1,0.00015411,0,0.0,320,0.22840828,1082,False,observed_zero,True,5134,Naive2,L32307,0
L32307,Dabrafenib,1,0.00015411,1,0.00016223,182,0.12990721,140,True,observed_nonzero,True,6164,Naive2,L32307,0
L32307,Doxorubicin,1,0.00015411,0,0.0,406,0.289793,996,False,observed_zero,True,2832,Naive2,L32307,0
L32307,Trametinib,1,0.00015411,0,0.0,275,0.19628837,1127,False,observed_zero,True,8091,Naive2,L32307,0
L323345,Acid,3,0.00046232,7,0.00096605,192,0.13704497,24,True,observed_nonzero,True,7246,Naive3,L323345,4
L323345,Cisplatin,3,0.00046232,2,0.00029347,60,0.04282655,50,True,observed_nonzero,True,6815,Naive3,L323345,4
L323345,CoCl2,3,0.00046232,0,0.0,320,0.22840828,1082,False,observed_zero,True,5134,Naive3,L323345,4
L323345,Dabrafenib,3,0.00046232,2,0.00032446,135,0.09635974,47,True,observed_nonzero,True,6164,Naive3,L323345,4
L323345,Doxorubicin,3,0.00046232,1,0.00035311,218,0.15560314,188,True,observed_nonzero,True,2832,Naive3,L323345,4
L323345,Trametinib,3,0.00046232,3,0.00037078,100,0.07137759,24,True,observed_nonzero,True,8091,Naive3,L323345,4
L323748,Acid,2,0.00030821,0,0.0,666,0.47537473,736,False,observed_zero,True,7246,Naive3,L323748,2
L323748,Cisplatin,2,0.00030821,0,0.0,273,0.19486081,1129,False,observed_zero,True,6815,Naive3,L323748,2
L323748,CoCl2,2,0.00030821,0,0.0,320,0.22840828,1082,False,observed_zero,True,5134,Naive3,L323748,2
L323748,Dabrafenib,2,0.00030821,0,0.0,322,0.22983583,1080,False,observed_zero,True,6164,Naive3,L323748,2
L323748,Doxorubicin,2,0.00030821,0,0.0,406,0.289793,996,False,observed_zero,True,2832,Naive3,L323748,2
L323748,Trametinib,2,0.00030821,0,0.0,275,0.19628837,1127,False,observed_zero,True,8091,Naive3,L323748,2
L323769,Acid,3,0.00046232,1,0.00013801,487,0.34760885,179,True,observed_nonzero,True,7246,Naive1,L323769,0
L323769,Cisplatin,3,0.00046232,0,0.0,273,0.19486081,1129,False,observed_zero,True,6815,Naive1,L323769,0
L323769,CoCl2,3,0.00046232,0,0.0,320,0.22840828,1082,False,observed_zero,True,5134,Naive1,L323769,0
L323769,Dabrafenib,3,0.00046232,0,0.0,322,0.22983583,1080,False,observed_zero,True,6164,Naive1,L323769,0
L323769,Doxorubicin,3,0.00046232,0,0.0,406,0.289793,996,False,observed_zero,True,2832,Naive1,L323769,0
L323769,Trametinib,3,0.00046232,0,0.0,275,0.19628837,1127,False,observed_zero,True,8091,Naive1,L323769,0
L323778,Acid,1,0.00015411,1,0.00013801,487,0.34760885,179,True,observed_nonzero,True,7246,Naive2,L323778,4
L323778,Cisplatin,1,0.00015411,0,0.0,273,0.19486081,1129,False,observed_zero,True,6815,Naive2,L323778,4
L323778,CoCl2,1,0.00015411,0,0.0,320,0.22840828,1082,False,observed_zero,True,5134,Naive2,L323778,4
L323778,Dabrafenib,1,0.00015411,1,0.00016223,182,0.12990721,140,True,observed_nonzero,True,6164,Naive2,L323778,4
L323778,Doxorubicin,1,0.00015411,0,0.0,406,0.289793,996,False,observed_zero,True,2832,Naive2,L323778,4
L323778,Trametinib,1,0.00015411,0,0.0,275,0.19628837,1127,False,observed_zero,True,8091,Naive2,L323778,4
L323960,Acid,3,0.00046232,0,0.0,666,0.47537473,736,False,observed_zero,True,7246,Naive3,L323960,2
L323960,Cisplatin,3,0.00046232,0,0.0,273,0.19486081,1129,False,observed_zero,True,6815,Naive3,L323960,2
L323960,CoCl2,3,0.00046232,0,0.0,320,0.22840828,1082,False,observed_zero,True,5134,Naive3,L323960,2
L323960,Dabrafenib,3,0.00046232,0,0.0,322,0.22983583,1080,False,observed_zero,True,6164,Naive3,L323960,2
L323960,Doxorubicin,3,0.00046232,0,0.0,406,0.289793,996,False,observed_zero,True,2832,Naive3,L323960,2
L323960,Trametinib,3,0.00046232,0,0.0,275,0.19628837,1127,False,observed_zero,True,8091,Naive3,L323960,2
L324293,Acid,1,0.00015411,0,0.0,666,0.47537473,736,False,observed_zero,True,7246,Naive3,L324293,1
L324293,Cisplatin,1,0.00015411,0,0.0,273,0.19486081,1129,False,observed_zero,True,6815,Naive3,L324293,1
L324293,CoCl2,1,0.00015411,0,0.0,320,0.22840828,1082,False,observed_zero,True,5134,Naive3,L324293,1
L324293,Dabrafenib,1,0.00015411,0,0.0,322,0.22983583,1080,False,observed_zero,True,6164,Naive3,L324293,1
L324293,Doxorubicin,1,0.00015411,8,0.00282486,32,0.02284083,9,True,observed_nonzero,True,2832,Naive3,L324293,1
L324293,Trametinib,1,0.00015411,0,0.0,275,0.19628837,1127,False,observed_zero,True,8091,Naive3,L324293,1
L3243,Acid,2,0.00030821,0,0.0,666,0.47537473,736,False,observed_zero,True,7246,Naive3,L3243,0
L3243,Cisplatin,2,0.00030821,0,0.0,273,0.19486081,1129,False,observed_zero,True,6815,Naive3,L3243,0
L3243,CoCl2,2,0.00030821,0,0.0,320,0.22840828,1082,False,observed_zero,True,5134,Naive3,L3243,0
L3243,Dabrafenib,2,0.00030821,0,0.0,322,0.22983583,1080,False,observed_zero,True,6164,Naive3,L3243,0
L3243,Doxorubicin,2,0.00030821,3,0.00105932,96,0.06852248,39,True,observed_nonzero,True,2832,Naive3,L3243,0
L3243,Trametinib,2,0.00030821,0,0.0,275,0.19628837,1127,False,observed_zero,True,8091,Naive3,L3243,0
L324331,Acid,1,0.00015411,0,0.0,666,0.47537473,736,False,observed_zero,True,7246,Naive2,L324331,2
L324331,Cisplatin,1,0.00015411,0,0.0,273,0.19486081,1129,False,observed_zero,True,6815,Naive2,L324331,2
L324331,CoCl2,1,0.00015411,0,0.0,320,0.22840828,1082,False,observed_zero,True,5134,Naive2,L324331,2
L324331,Dabrafenib,1,0.00015411,0,0.0,322,0.22983583,1080,False,observed_zero,True,6164,Naive2,L324331,2
L324331,Doxorubicin,1,0.00015411,0,0.0,406,0.289793,996,False,observed_zero,True,2832,Naive2,L324331,2
L324331,Trametinib,1,0.00015411,0,0.0,275,0.19628837,1127,False,observed_zero,True,8091,Naive2,L324331,2
L324535,Acid,1,0.00015411,0,0.0,666,0.47537473,736,False,observed_zero,True,7246,Naive3,L324535,4
L324535,Cisplatin,1,0.00015411,0,0.0,273,0.19486081,1129,False,observed_zero,True,6815,Naive3,L324535,4
L324535,CoCl2,1,0.00015411,0,0.0,320,0.22840828,1082,False,observed_zero,True,5134,Naive3,L324535,4
L324535,Dabrafenib,1,0.00015411,0,0.0,322,0.22983583,1080,False,observed_zero,True,6164,Naive3,L324535,4
L324535,Doxorubicin,1,0.00015411,0,0.0,406,0.289793,996,False,observed_zero,True,2832,Naive3,L324535,4
L324535,Trametinib,1,0.00015411,0,0.0,275,0.19628837,1127,False,observed_zero,True,8091,Naive3,L324535,4
L32461,Acid,3,0.00046232,0,0.0,666,0.47537473,736,False,observed_zero,True,7246,Naive2|Naive3,L32461,1
L32461,Cisplatin,3,0.00046232,0,0.0,273,0.19486081,1129,False,observed_zero,True,6815,Naive2|Naive3,L32461,1
L32461,CoCl2,3,0.00046232,0,0.0,320,0.22840828,1082,False,observed_zero,True,5134,Naive2|Naive3,L32461,1
L32461,Dabrafenib,3,0.00046232,0,0.0,322,0.22983583,1080,False,observed_zero,True,6164,Naive2|Naive3,L32461,1
L32461,Doxorubicin,3,0.00046232,0,0.0,406,0.289793,996,False,observed_zero,True,2832,Naive2|Naive3,L32461,1
L32461,Trametinib,3,0.00046232,0,0.0,275,0.19628837,1127,False,observed_zero,True,8091,Naive2|Naive3,L32461,1
L325741,Acid,19,0.00292803,22,0.00303616,66,0.04710921,4,True,observed_nonzero,True,7246,Naive1|Naive2|Naive3,L325741,0
L325741,Cisplatin,19,0.00292803,0,0.0,273,0.19486081,1129,False,observed_zero,True,6815,Naive1|Naive2|Naive3,L325741,0
L325741,CoCl2,19,0.00292803,4,0.00077912,63,0.04496788,17,True,observed_nonzero,True,5134,Naive1|Naive2|Naive3,L325741,0
L325741,Dabrafenib,19,0.00292803,0,0.0,322,0.22983583,1080,False,observed_zero,True,6164,Naive1|Naive2|Naive3,L325741,0
L325741,Doxorubicin,19,0.00292803,0,0.0,406,0.289793,996,False,observed_zero,True,2832,Naive1|Naive2|Naive3,L325741,0
L325741,Trametinib,19,0.00292803,0,0.0,275,0.19628837,1127,False,observed_zero,True,8091,Naive1|Naive2|Naive3,L325741,0
L325781,Acid,1,0.00015411,0,0.0,666,0.47537473,736,False,observed_zero,True,7246,Naive3,L325781,3
L325781,Cisplatin,1,0.00015411,0,0.0,273,0.19486081,1129,False,observed_zero,True,6815,Naive3,L325781,3
L325781,CoCl2,1,0.00015411,0,0.0,320,0.22840828,1082,False,observed_zero,True,5134,Naive3,L325781,3
L325781,Dabrafenib,1,0.00015411,0,0.0,322,0.22983583,1080,False,observed_zero,True,6164,Naive3,L325781,3
L325781,Doxorubicin,1,0.00015411,0,0.0,406,0.289793,996,False,observed_zero,True,2832,Naive3,L325781,3
L325781,Trametinib,1,0.00015411,0,0.0,275,0.19628837,1127,False,observed_zero,True,8091,Naive3,L325781,3
L326124,Acid,1,0.00015411,0,0.0,666,0.47537473,736,False,observed_zero,True,7246,Naive3,L326124,1
L326124,Cisplatin,1,0.00015411,1,0.00014674,110,0.07851535,163,True,observed_nonzero,True,6815,Naive3,L326124,1
L326124,CoCl2,1,0.00015411,0,0.0,320,0.22840828,1082,False,observed_zero,True,5134,Naive3,L326124,1
L326124,Dabrafenib,1,0.00015411,0,0.0,322,0.22983583,1080,False,observed_zero,True,6164,Naive3,L326124,1
L326124,Doxorubicin,1,0.00015411,0,0.0,406,0.289793,996,False,observed_zero,True,2832,Naive3,L326124,1
L326124,Trametinib,1,0.00015411,0,0.0,275,0.19628837,1127,False,observed_zero,True,8091,Naive3,L326124,1
L326276,Acid,1,0.00015411,0,0.0,666,0.47537473,736,False,observed_zero,True,7246,Naive3,L326276,2
L326276,Cisplatin,1,0.00015411,0,0.0,273,0.19486081,1129,False,observed_zero,True,6815,Naive3,L326276,2
L326276,CoCl2,1,0.00015411,0,0.0,320,0.22840828,1082,False,observed_zero,True,5134,Naive3,L326276,2
L326276,Dabrafenib,1,0.00015411,0,0.0,322,0.22983583,1080,False,observed_zero,True,6164,Naive3,L326276,2
L326276,Doxorubicin,1,0.00015411,0,0.0,406,0.289793,996,False,observed_zero,True,2832,Naive3,L326276,2
L326276,Trametinib,1,0.00015411,0,0.0,275,0.19628837,1127,False,observed_zero,True,8091,Naive3,L326276,2
L326420,Acid,1,0.00015411,4,0.00055203,267,0.19057816,51,True,observed_nonzero,True,7246,Naive3,L326420,3
L326420,Cisplatin,1,0.00015411,0,0.0,273,0.19486081,1129,False,observed_zero,True,6815,Naive3,L326420,3
L326420,CoCl2,1,0.00015411,0,0.0,320,0.22840828,1082,False,observed_zero,True,5134,Naive3,L326420,3
L326420,Dabrafenib,1,0.00015411,0,0.0,322,0.22983583,1080,False,observed_zero,True,6164,Naive3,L326420,3
L326420,Doxorubicin,1,0.00015411,0,0.0,406,0.289793,996,False,observed_zero,True,2832,Naive3,L326420,3
L326420,Trametinib,1,0.00015411,0,0.0,275,0.19628837,1127,False,observed_zero,True,8091,Naive3,L326420,3
L3265,Acid,10,0.00154107,10,0.00138007,149,0.10635261,7,True,observed_nonzero,True,7246,Naive1|Naive2|Naive3,L3265,4
L3265,Cisplatin,10,0.00154107,0,0.0,273,0.19486081,1129,False,observed_zero,True,6815,Naive1|Naive2|Naive3,L3265,4
L3265,CoCl2,10,0.00154107,4,0.00077912,63,0.04496788,17,True,observed_nonzero,True,5134,Naive1|Naive2|Naive3,L3265,4
L3265,Dabrafenib,10,0.00154107,5,0.00081116,91,0.0649536,9,True,observed_nonzero,True,6164,Naive1|Naive2|Naive3,L3265,4
L3265,Doxorubicin,10,0.00154107,4,0.00141243,70,0.04996431,26,True,observed_nonzero,True,2832,Naive1|Naive2|Naive3,L3265,4
L3265,Trametinib,10,0.00154107,1,0.00012359,161,0.11491792,114,True,observed_nonzero,True,8091,Naive1|Naive2|Naive3,L3265,4
L326812,Acid,3,0.00046232,0,0.0,666,0.47537473,736,False,observed_zero,True,7246,Naive2|Naive3,L326812,4
L326812,Cisplatin,3,0.00046232,0,0.0,273,0.19486081,1129,False,observed_zero,True,6815,Naive2|Naive3,L326812,4
L326812,CoCl2,3,0.00046232,0,0.0,320,0.22840828,1082,False,observed_zero,True,5134,Naive2|Naive3,L326812,4
L326812,Dabrafenib,3,0.00046232,1,0.00016223,182,0.12990721,140,True,observed_nonzero,True,6164,Naive2|Naive3,L326812,4
L326812,Doxorubicin,3,0.00046232,0,0.0,406,0.289793,996,False,observed_zero,True,2832,Naive2|Naive3,L326812,4
L326812,Trametinib,3,0.00046232,0,0.0,275,0.19628837,1127,False,observed_zero,True,8091,Naive2|Naive3,L326812,4
L327389,Acid,4,0.00061643,3,0.00041402,318,0.22698073,62,True,observed_nonzero,True,7246,Naive3,L327389,1
L327389,Cisplatin,4,0.00061643,0,0.0,273,0.19486081,1129,False,observed_zero,True,6815,Naive3,L327389,1
L327389,CoCl2,4,0.00061643,1,0.00019478,179,0.12776588,141,True,observed_nonzero,True,5134,Naive3,L327389,1
L327389,Dabrafenib,4,0.00061643,1,0.00016223,182,0.12990721,140,True,observed_nonzero,True,6164,Naive3,L327389,1
L327389,Doxorubicin,4,0.00061643,0,0.0,406,0.289793,996,False,observed_zero,True,2832,Naive3,L327389,1
L327389,Trametinib,4,0.00061643,1,0.00012359,161,0.11491792,114,True,observed_nonzero,True,8091,Naive3,L327389,1
L327712,Acid,1,0.00015411,0,0.0,666,0.47537473,736,False,observed_zero,True,7246,Naive3,L327712,3
L327712,Cisplatin,1,0.00015411,0,0.0,273,0.19486081,1129,False,observed_zero,True,6815,Naive3,L327712,3
L327712,CoCl2,1,0.00015411,0,0.0,320,0.22840828,1082,False,observed_zero,True,5134,Naive3,L327712,3
L327712,Dabrafenib,1,0.00015411,1,0.00016223,182,0.12990721,140,True,observed_nonzero,True,6164,Naive3,L327712,3
L327712,Doxorubicin,1,0.00015411,0,0.0,406,0.289793,996,False,observed_zero,True,2832,Naive3,L327712,3
L327712,Trametinib,1,0.00015411,0,0.0,275,0.19628837,1127,False,observed_zero,True,8091,Naive3,L327712,3
L328087,Acid,3,0.00046232,3,0.00041402,318,0.22698073,62,True,observed_nonzero,True,7246,Naive2|Naive3,L328087,0
L328087,Cisplatin,3,0.00046232,0,0.0,273,0.19486081,1129,False,observed_zero,True,6815,Naive2|Naive3,L328087,0
L328087,CoCl2,3,0.00046232,0,0.0,320,0.22840828,1082,False,observed_zero,True,5134,Naive2|Naive3,L328087,0
L328087,Dabrafenib,3,0.00046232,0,0.0,322,0.22983583,1080,False,observed_zero,True,6164,Naive2|Naive3,L328087,0
L328087,Doxorubicin,3,0.00046232,1,0.00035311,218,0.15560314,188,True,observed_nonzero,True,2832,Naive2|Naive3,L328087,0
L328087,Trametinib,3,0.00046232,1,0.00012359,161,0.11491792,114,True,observed_nonzero,True,8091,Naive2|Naive3,L328087,0
L328262,Acid,2,0.00030821,0,0.0,666,0.47537473,736,False,observed_zero,True,7246,Naive1|Naive3,L328262,2
L328262,Cisplatin,2,0.00030821,0,0.0,273,0.19486081,1129,False,observed_zero,True,6815,Naive1|Naive3,L328262,2
L328262,CoCl2,2,0.00030821,0,0.0,320,0.22840828,1082,False,observed_zero,True,5134,Naive1|Naive3,L328262,2
L328262,Dabrafenib,2,0.00030821,0,0.0,322,0.22983583,1080,False,observed_zero,True,6164,Naive1|Naive3,L328262,2
L328262,Doxorubicin,2,0.00030821,0,0.0,406,0.289793,996,False,observed_zero,True,2832,Naive1|Naive3,L328262,2
L328262,Trametinib,2,0.00030821,0,0.0,275,0.19628837,1127,False,observed_zero,True,8091,Naive1|Naive3,L328262,2
L328314,Acid,4,0.00061643,0,0.0,666,0.47537473,736,False,observed_zero,True,7246,Naive1|Naive2|Naive3,L328314,1
L328314,Cisplatin,4,0.00061643,0,0.0,273,0.19486081,1129,False,observed_zero,True,6815,Naive1|Naive2|Naive3,L328314,1
L328314,CoCl2,4,0.00061643,0,0.0,320,0.22840828,1082,False,observed_zero,True,5134,Naive1|Naive2|Naive3,L328314,1
L328314,Dabrafenib,4,0.00061643,0,0.0,322,0.22983583,1080,False,observed_zero,True,6164,Naive1|Naive2|Naive3,L328314,1
L328314,Doxorubicin,4,0.00061643,0,0.0,406,0.289793,996,False,observed_zero,True,2832,Naive1|Naive2|Naive3,L328314,1
L328314,Trametinib,4,0.00061643,0,0.0,275,0.19628837,1127,False,observed_zero,True,8091,Naive1|Naive2|Naive3,L328314,1
L328955,Acid,21,0.00323625,20,0.00276014,75,0.05353319,3,True,observed_nonzero,True,7246,Naive1|Naive2|Naive3,L328955,3
L328955,Cisplatin,21,0.00323625,1,0.00014674,110,0.07851535,163,True,observed_nonzero,True,6815,Naive1|Naive2|Naive3,L328955,3
L328955,CoCl2,21,0.00323625,1,0.00019478,179,0.12776588,141,True,observed_nonzero,True,5134,Naive1|Naive2|Naive3,L328955,3
L328955,Dabrafenib,21,0.00323625,0,0.0,322,0.22983583,1080,False,observed_zero,True,6164,Naive1|Naive2|Naive3,L328955,3
L328955,Doxorubicin,21,0.00323625,29,0.01024011,3,0.00214133,1,True,observed_nonzero,True,2832,Naive1|Naive2|Naive3,L328955,3
L328955,Trametinib,21,0.00323625,0,0.0,275,0.19628837,1127,False,observed_zero,True,8091,Naive1|Naive2|Naive3,L328955,3
L329078,Acid,1,0.00015411,0,0.0,666,0.47537473,736,False,observed_zero,True,7246,Naive1,L329078,4
L329078,Cisplatin,1,0.00015411,0,0.0,273,0.19486081,1129,False,observed_zero,True,6815,Naive1,L329078,4
L329078,CoCl2,1,0.00015411,0,0.0,320,0.22840828,1082,False,observed_zero,True,5134,Naive1,L329078,4
L329078,Dabrafenib,1,0.00015411,0,0.0,322,0.22983583,1080,False,observed_zero,True,6164,Naive1,L329078,4
L329078,Doxorubicin,1,0.00015411,0,0.0,406,0.289793,996,False,observed_zero,True,2832,Naive1,L329078,4
L329078,Trametinib,1,0.00015411,0,0.0,275,0.19628837,1127,False,observed_zero,True,8091,Naive1,L329078,4
L329127,Acid,1,0.00015411,0,0.0,666,0.47537473,736,False,observed_zero,True,7246,Naive3,L329127,2
L329127,Cisplatin,1,0.00015411,0,0.0,273,0.19486081,1129,False,observed_zero,True,6815,Naive3,L329127,2
L329127,CoCl2,1,0.00015411,0,0.0,320,0.22840828,1082,False,observed_zero,True,5134,Naive3,L329127,2
L329127,Dabrafenib,1,0.00015411,0,0.0,322,0.22983583,1080,False,observed_zero,True,6164,Naive3,L329127,2
L329127,Doxorubicin,1,0.00015411,0,0.0,406,0.289793,996,False,observed_zero,True,2832,Naive3,L329127,2
L329127,Trametinib,1,0.00015411,0,0.0,275,0.19628837,1127,False,observed_zero,True,8091,Naive3,L329127,2
L329364,Acid,3,0.00046232,3,0.00041402,318,0.22698073,62,True,observed_nonzero,True,7246,Naive1|Naive2,L329364,0
L329364,Cisplatin,3,0.00046232,1,0.00014674,110,0.07851535,163,True,observed_nonzero,True,6815,Naive1|Naive2,L329364,0
L329364,CoCl2,3,0.00046232,0,0.0,320,0.22840828,1082,False,observed_zero,True,5134,Naive1|Naive2,L329364,0
L329364,Dabrafenib,3,0.00046232,9,0.00146009,62,0.0442541,7,True,observed_nonzero,True,6164,Naive1|Naive2,L329364,0
L329364,Doxorubicin,3,0.00046232,1,0.00035311,218,0.15560314,188,True,observed_nonzero,True,2832,Naive1|Naive2,L329364,0
L329364,Trametinib,3,0.00046232,3,0.00037078,100,0.07137759,24,True,observed_nonzero,True,8091,Naive1|Naive2,L329364,0
L329437,Acid,1,0.00015411,0,0.0,666,0.47537473,736,False,observed_zero,True,7246,Naive2,L329437,3
L329437,Cisplatin,1,0.00015411,0,0.0,273,0.19486081,1129,False,observed_zero,True,6815,Naive2,L329437,3
L329437,CoCl2,1,0.00015411,0,0.0,320,0.22840828,1082,False,observed_zero,True,5134,Naive2,L329437,3
L329437,Dabrafenib,1,0.00015411,0,0.0,322,0.22983583,1080,False,observed_zero,True,6164,Naive2,L329437,3
L329437,Doxorubicin,1,0.00015411,0,0.0,406,0.289793,996,False,observed_zero,True,2832,Naive2,L329437,3
L329437,Trametinib,1,0.00015411,0,0.0,275,0.19628837,1127,False,observed_zero,True,8091,Naive2,L329437,3
L329452,Acid,6,0.00092464,3,0.00041402,318,0.22698073,62,True,observed_nonzero,True,7246,Naive1|Naive2|Naive3,L329452,3
L329452,Cisplatin,6,0.00092464,0,0.0,273,0.19486081,1129,False,observed_zero,True,6815,Naive1|Naive2|Naive3,L329452,3
L329452,CoCl2,6,0.00092464,0,0.0,320,0.22840828,1082,False,observed_zero,True,5134,Naive1|Naive2|Naive3,L329452,3
L329452,Dabrafenib,6,0.00092464,0,0.0,322,0.22983583,1080,False,observed_zero,True,6164,Naive1|Naive2|Naive3,L329452,3
L329452,Doxorubicin,6,0.00092464,0,0.0,406,0.289793,996,False,observed_zero,True,2832,Naive1|Naive2|Naive3,L329452,3
L329452,Trametinib,6,0.00092464,0,0.0,275,0.19628837,1127,False,observed_zero,True,8091,Naive1|Naive2|Naive3,L329452,3
L329553,Acid,17,0.00261982,2,0.00027601,380,0.27123483,107,True,observed_nonzero,True,7246,Naive1|Naive2|Naive3,L329553,3
L329553,Cisplatin,17,0.00261982,2,0.00029347,60,0.04282655,50,True,observed_nonzero,True,6815,Naive1|Naive2|Naive3,L329553,3
L329553,CoCl2,17,0.00261982,15,0.0029217,13,0.00927909,1,True,observed_nonzero,True,5134,Naive1|Naive2|Naive3,L329553,3
L329553,Dabrafenib,17,0.00261982,4,0.00064893,100,0.07137759,13,True,observed_nonzero,True,6164,Naive1|Naive2|Naive3,L329553,3
L329553,Doxorubicin,17,0.00261982,4,0.00141243,70,0.04996431,26,True,observed_nonzero,True,2832,Naive1|Naive2|Naive3,L329553,3
L329553,Trametinib,17,0.00261982,10,0.00123594,50,0.03568879,7,True,observed_nonzero,True,8091,Naive1|Naive2|Naive3,L329553,3
L329587,Acid,4,0.00061643,4,0.00055203,267,0.19057816,51,True,observed_nonzero,True,7246,Naive2,L329587,0
L329587,Cisplatin,4,0.00061643,0,0.0,273,0.19486081,1129,False,observed_zero,True,6815,Naive2,L329587,0
L329587,CoCl2,4,0.00061643,0,0.0,320,0.22840828,1082,False,observed_zero,True,5134,Naive2,L329587,0
L329587,Dabrafenib,4,0.00061643,0,0.0,322,0.22983583,1080,False,observed_zero,True,6164,Naive2,L329587,0
L329587,Doxorubicin,4,0.00061643,2,0.00070621,135,0.09635974,83,True,observed_nonzero,True,2832,Naive2,L329587,0
L329587,Trametinib,4,0.00061643,0,0.0,275,0.19628837,1127,False,observed_zero,True,8091,Naive2,L329587,0
L329798,Acid,3,0.00046232,1,0.00013801,487,0.34760885,179,True,observed_nonzero,True,7246,Naive1|Naive3,L329798,3
L329798,Cisplatin,3,0.00046232,1,0.00014674,110,0.07851535,163,True,observed_nonzero,True,6815,Naive1|Naive3,L329798,3
L329798,CoCl2,3,0.00046232,0,0.0,320,0.22840828,1082,False,observed_zero,True,5134,Naive1|Naive3,L329798,3
L329798,Dabrafenib,3,0.00046232,0,0.0,322,0.22983583,1080,False,observed_zero,True,6164,Naive1|Naive3,L329798,3
L329798,Doxorubicin,3,0.00046232,0,0.0,406,0.289793,996,False,observed_zero,True,2832,Naive1|Naive3,L329798,3
L329798,Trametinib,3,0.00046232,0,0.0,275,0.19628837,1127,False,observed_zero,True,8091,Naive1|Naive3,L329798,3
L33007,Acid,1,0.00015411,0,0.0,666,0.47537473,736,False,observed_zero,True,7246,Naive2,L33007,1
L33007,Cisplatin,1,0.00015411,0,0.0,273,0.19486081,1129,False,observed_zero,True,6815,Naive2,L33007,1
L33007,CoCl2,1,0.00015411,0,0.0,320,0.22840828,1082,False,observed_zero,True,5134,Naive2,L33007,1
L33007,Dabrafenib,1,0.00015411,0,0.0,322,0.22983583,1080,False,observed_zero,True,6164,Naive2,L33007,1
L33007,Doxorubicin,1,0.00015411,0,0.0,406,0.289793,996,False,observed_zero,True,2832,Naive2,L33007,1
L33007,Trametinib,1,0.00015411,0,0.0,275,0.19628837,1127,False,observed_zero,True,8091,Naive2,L33007,1
L33021,Acid,3,0.00046232,0,0.0,666,0.47537473,736,False,observed_zero,True,7246,Naive1|Naive2,L33021,2
L33021,Cisplatin,3,0.00046232,1,0.00014674,110,0.07851535,163,True,observed_nonzero,True,6815,Naive1|Naive2,L33021,2
L33021,CoCl2,3,0.00046232,0,0.0,320,0.22840828,1082,False,observed_zero,True,5134,Naive1|Naive2,L33021,2
L33021,Dabrafenib,3,0.00046232,0,0.0,322,0.22983583,1080,False,observed_zero,True,6164,Naive1|Naive2,L33021,2
L33021,Doxorubicin,3,0.00046232,0,0.0,406,0.289793,996,False,observed_zero,True,2832,Naive1|Naive2,L33021,2
L33021,Trametinib,3,0.00046232,0,0.0,275,0.19628837,1127,False,observed_zero,True,8091,Naive1|Naive2,L33021,2
L330256,Acid,1,0.00015411,0,0.0,666,0.47537473,736,False,observed_zero,True,7246,Naive3,L330256,1
L330256,Cisplatin,1,0.00015411,0,0.0,273,0.19486081,1129,False,observed_zero,True,6815,Naive3,L330256,1
L330256,CoCl2,1,0.00015411,0,0.0,320,0.22840828,1082,False,observed_zero,True,5134,Naive3,L330256,1
L330256,Dabrafenib,1,0.00015411,0,0.0,322,0.22983583,1080,False,observed_zero,True,6164,Naive3,L330256,1
L330256,Doxorubicin,1,0.00015411,0,0.0,406,0.289793,996,False,observed_zero,True,2832,Naive3,L330256,1
L330256,Trametinib,1,0.00015411,0,0.0,275,0.19628837,1127,False,observed_zero,True,8091,Naive3,L330256,1
L330523,Acid,1,0.00015411,0,0.0,666,0.47537473,736,False,observed_zero,True,7246,Naive3,L330523,4
L330523,Cisplatin,1,0.00015411,0,0.0,273,0.19486081,1129,False,observed_zero,True,6815,Naive3,L330523,4
L330523,CoCl2,1,0.00015411,0,0.0,320,0.22840828,1082,False,observed_zero,True,5134,Naive3,L330523,4
L330523,Dabrafenib,1,0.00015411,0,0.0,322,0.22983583,1080,False,observed_zero,True,6164,Naive3,L330523,4
L330523,Doxorubicin,1,0.00015411,0,0.0,406,0.289793,996,False,observed_zero,True,2832,Naive3,L330523,4
L330523,Trametinib,1,0.00015411,0,0.0,275,0.19628837,1127,False,observed_zero,True,8091,Naive3,L330523,4
L331210,Acid,9,0.00138696,1,0.00013801,487,0.34760885,179,True,observed_nonzero,True,7246,Naive1|Naive2|Naive3,L331210,0
L331210,Cisplatin,9,0.00138696,1,0.00014674,110,0.07851535,163,True,observed_nonzero,True,6815,Naive1|Naive2|Naive3,L331210,0
L331210,CoCl2,9,0.00138696,2,0.00038956,110,0.07851535,69,True,observed_nonzero,True,5134,Naive1|Naive2|Naive3,L331210,0
L331210,Dabrafenib,9,0.00138696,0,0.0,322,0.22983583,1080,False,observed_zero,True,6164,Naive1|Naive2|Naive3,L331210,0
L331210,Doxorubicin,9,0.00138696,0,0.0,406,0.289793,996,False,observed_zero,True,2832,Naive1|Naive2|Naive3,L331210,0
L331210,Trametinib,9,0.00138696,0,0.0,275,0.19628837,1127,False,observed_zero,True,8091,Naive1|Naive2|Naive3,L331210,0
L331535,Acid,4,0.00061643,1,0.00013801,487,0.34760885,179,True,observed_nonzero,True,7246,Naive1|Naive3,L331535,2
L331535,Cisplatin,4,0.00061643,0,0.0,273,0.19486081,1129,False,observed_zero,True,6815,Naive1|Naive3,L331535,2
L331535,CoCl2,4,0.00061643,1,0.00019478,179,0.12776588,141,True,observed_nonzero,True,5134,Naive1|Naive3,L331535,2
L331535,Dabrafenib,4,0.00061643,0,0.0,322,0.22983583,1080,False,observed_zero,True,6164,Naive1|Naive3,L331535,2
L331535,Doxorubicin,4,0.00061643,0,0.0,406,0.289793,996,False,observed_zero,True,2832,Naive1|Naive3,L331535,2
L331535,Trametinib,4,0.00061643,0,0.0,275,0.19628837,1127,False,observed_zero,True,8091,Naive1|Naive3,L331535,2
L331640,Acid,1,0.00015411,0,0.0,666,0.47537473,736,False,observed_zero,True,7246,Naive2,L331640,1
L331640,Cisplatin,1,0.00015411,0,0.0,273,0.19486081,1129,False,observed_zero,True,6815,Naive2,L331640,1
L331640,CoCl2,1,0.00015411,0,0.0,320,0.22840828,1082,False,observed_zero,True,5134,Naive2,L331640,1
L331640,Dabrafenib,1,0.00015411,0,0.0,322,0.22983583,1080,False,observed_zero,True,6164,Naive2,L331640,1
L331640,Doxorubicin,1,0.00015411,0,0.0,406,0.289793,996,False,observed_zero,True,2832,Naive2,L331640,1
L331640,Trametinib,1,0.00015411,0,0.0,275,0.19628837,1127,False,observed_zero,True,8091,Naive2,L331640,1
L33167,Acid,1,0.00015411,0,0.0,666,0.47537473,736,False,observed_zero,True,7246,Naive1,L33167,0
L33167,Cisplatin,1,0.00015411,0,0.0,273,0.19486081,1129,False,observed_zero,True,6815,Naive1,L33167,0
L33167,CoCl2,1,0.00015411,0,0.0,320,0.22840828,1082,False,observed_zero,True,5134,Naive1,L33167,0
L33167,Dabrafenib,1,0.00015411,1,0.00016223,182,0.12990721,140,True,observed_nonzero,True,6164,Naive1,L33167,0
L33167,Doxorubicin,1,0.00015411,2,0.00070621,135,0.09635974,83,True,observed_nonzero,True,2832,Naive1,L33167,0
L33167,Trametinib,1,0.00015411,0,0.0,275,0.19628837,1127,False,observed_zero,True,8091,Naive1,L33167,0
L331971,Acid,4,0.00061643,0,0.0,666,0.47537473,736,False,observed_zero,True,7246,Naive2|Naive3,L331971,4
L331971,Cisplatin,4,0.00061643,0,0.0,273,0.19486081,1129,False,observed_zero,True,6815,Naive2|Naive3,L331971,4
L331971,CoCl2,4,0.00061643,0,0.0,320,0.22840828,1082,False,observed_zero,True,5134,Naive2|Naive3,L331971,4
L331971,Dabrafenib,4,0.00061643,0,0.0,322,0.22983583,1080,False,observed_zero,True,6164,Naive2|Naive3,L331971,4
L331971,Doxorubicin,4,0.00061643,0,0.0,406,0.289793,996,False,observed_zero,True,2832,Naive2|Naive3,L331971,4
L331971,Trametinib,4,0.00061643,0,0.0,275,0.19628837,1127,False,observed_zero,True,8091,Naive2|Naive3,L331971,4
L33701,Acid,31,0.00477732,40,0.00552029,31,0.02212705,5,True,observed_nonzero,True,7246,Naive1|Naive2|Naive3,L33701,3
L33701,Cisplatin,31,0.00477732,4,0.00058694,23,0.01641685,14,True,observed_nonzero,True,6815,Naive1|Naive2|Naive3,L33701,3
L33701,CoCl2,31,0.00477732,2,0.00038956,110,0.07851535,69,True,observed_nonzero,True,5134,Naive1|Naive2|Naive3,L33701,3
L33701,Dabrafenib,31,0.00477732,2,0.00032446,135,0.09635974,47,True,observed_nonzero,True,6164,Naive1|Naive2|Naive3,L33701,3
L33701,Doxorubicin,31,0.00477732,8,0.00282486,32,0.02284083,9,True,observed_nonzero,True,2832,Naive1|Naive2|Naive3,L33701,3
L33701,Trametinib,31,0.00477732,4,0.00049438,91,0.0649536,9,True,observed_nonzero,True,8091,Naive1|Naive2|Naive3,L33701,3
L34148,Acid,2,0.00030821,6,0.00082804,216,0.15417559,16,True,observed_nonzero,True,7246,Naive3,L34148,2
L34148,Cisplatin,2,0.00030821,0,0.0,273,0.19486081,1129,False,observed_zero,True,6815,Naive3,L34148,2
L34148,CoCl2,2,0.00030821,2,0.00038956,110,0.07851535,69,True,observed_nonzero,True,5134,Naive3,L34148,2
L34148,Dabrafenib,2,0.00030821,2,0.00032446,135,0.09635974,47,True,observed_nonzero,True,6164,Naive3,L34148,2
L34148,Doxorubicin,2,0.00030821,0,0.0,406,0.289793,996,False,observed_zero,True,2832,Naive3,L34148,2
L34148,Trametinib,2,0.00030821,2,0.00024719,124,0.08850821,37,True,observed_nonzero,True,8091,Naive3,L34148,2
L34649,Acid,1,0.00015411,0,0.0,666,0.47537473,736,False,observed_zero,True,7246,Naive3,L34649,3
L34649,Cisplatin,1,0.00015411,0,0.0,273,0.19486081,1129,False,observed_zero,True,6815,Naive3,L34649,3
L34649,CoCl2,1,0.00015411,0,0.0,320,0.22840828,1082,False,observed_zero,True,5134,Naive3,L34649,3
L34649,Dabrafenib,1,0.00015411,0,0.0,322,0.22983583,1080,False,observed_zero,True,6164,Naive3,L34649,3
L34649,Doxorubicin,1,0.00015411,1,0.00035311,218,0.15560314,188,True,observed_nonzero,True,2832,Naive3,L34649,3
L34649,Trametinib,1,0.00015411,0,0.0,275,0.19628837,1127,False,observed_zero,True,8091,Naive3,L34649,3
L34984,Acid,2,0.00030821,3,0.00041402,318,0.22698073,62,True,observed_nonzero,True,7246,Naive3,L34984,1
L34984,Cisplatin,2,0.00030821,0,0.0,273,0.19486081,1129,False,observed_zero,True,6815,Naive3,L34984,1
L34984,CoCl2,2,0.00030821,0,0.0,320,0.22840828,1082,False,observed_zero,True,5134,Naive3,L34984,1
L34984,Dabrafenib,2,0.00030821,0,0.0,322,0.22983583,1080,False,observed_zero,True,6164,Naive3,L34984,1
L34984,Doxorubicin,2,0.00030821,0,0.0,406,0.289793,996,False,observed_zero,True,2832,Naive3,L34984,1
L34984,Trametinib,2,0.00030821,0,0.0,275,0.19628837,1127,False,observed_zero,True,8091,Naive3,L34984,1
L35089,Acid,1,0.00015411,2,0.00027601,380,0.27123483,107,True,observed_nonzero,True,7246,Naive2,L35089,1
L35089,Cisplatin,1,0.00015411,0,0.0,273,0.19486081,1129,False,observed_zero,True,6815,Naive2,L35089,1
L35089,CoCl2,1,0.00015411,0,0.0,320,0.22840828,1082,False,observed_zero,True,5134,Naive2,L35089,1
L35089,Dabrafenib,1,0.00015411,0,0.0,322,0.22983583,1080,False,observed_zero,True,6164,Naive2,L35089,1
L35089,Doxorubicin,1,0.00015411,1,0.00035311,218,0.15560314,188,True,observed_nonzero,True,2832,Naive2,L35089,1
L35089,Trametinib,1,0.00015411,0,0.0,275,0.19628837,1127,False,observed_zero,True,8091,Naive2,L35089,1
L35389,Acid,48,0.00739713,52,0.00717637,18,0.01284797,3,True,observed_nonzero,True,7246,Naive1|Naive2|Naive3,L35389,4
L35389,Cisplatin,48,0.00739713,1,0.00014674,110,0.07851535,163,True,observed_nonzero,True,6815,Naive1|Naive2|Naive3,L35389,4
L35389,CoCl2,48,0.00739713,4,0.00077912,63,0.04496788,17,True,observed_nonzero,True,5134,Naive1|Naive2|Naive3,L35389,4
L35389,Dabrafenib,48,0.00739713,0,0.0,322,0.22983583,1080,False,observed_zero,True,6164,Naive1|Naive2|Naive3,L35389,4
L35389,Doxorubicin,48,0.00739713,2,0.00070621,135,0.09635974,83,True,observed_nonzero,True,2832,Naive1|Naive2|Naive3,L35389,4
L35389,Trametinib,48,0.00739713,0,0.0,275,0.19628837,1127,False,observed_zero,True,8091,Naive1|Naive2|Naive3,L35389,4
L35441,Acid,4,0.00061643,3,0.00041402,318,0.22698073,62,True,observed_nonzero,True,7246,Naive1|Naive2,L35441,1
L35441,Cisplatin,4,0.00061643,0,0.0,273,0.19486081,1129,False,observed_zero,True,6815,Naive1|Naive2,L35441,1
L35441,CoCl2,4,0.00061643,0,0.0,320,0.22840828,1082,False,observed_zero,True,5134,Naive1|Naive2,L35441,1
L35441,Dabrafenib,4,0.00061643,0,0.0,322,0.22983583,1080,False,observed_zero,True,6164,Naive1|Naive2,L35441,1
L35441,Doxorubicin,4,0.00061643,0,0.0,406,0.289793,996,False,observed_zero,True,2832,Naive1|Naive2,L35441,1
L35441,Trametinib,4,0.00061643,0,0.0,275,0.19628837,1127,False,observed_zero,True,8091,Naive1|Naive2,L35441,1
L35478,Acid,4,0.00061643,1,0.00013801,487,0.34760885,179,True,observed_nonzero,True,7246,Naive1|Naive2,L35478,0
L35478,Cisplatin,4,0.00061643,0,0.0,273,0.19486081,1129,False,observed_zero,True,6815,Naive1|Naive2,L35478,0
L35478,CoCl2,4,0.00061643,0,0.0,320,0.22840828,1082,False,observed_zero,True,5134,Naive1|Naive2,L35478,0
L35478,Dabrafenib,4,0.00061643,0,0.0,322,0.22983583,1080,False,observed_zero,True,6164,Naive1|Naive2,L35478,0
L35478,Doxorubicin,4,0.00061643,0,0.0,406,0.289793,996,False,observed_zero,True,2832,Naive1|Naive2,L35478,0
L35478,Trametinib,4,0.00061643,0,0.0,275,0.19628837,1127,False,observed_zero,True,8091,Naive1|Naive2,L35478,0
L3550,Acid,3,0.00046232,15,0.00207011,97,0.06923626,6,True,observed_nonzero,True,7246,Naive2|Naive3,L3550,3
L3550,Cisplatin,3,0.00046232,0,0.0,273,0.19486081,1129,False,observed_zero,True,6815,Naive2|Naive3,L3550,3
L3550,CoCl2,3,0.00046232,0,0.0,320,0.22840828,1082,False,observed_zero,True,5134,Naive2|Naive3,L3550,3
L3550,Dabrafenib,3,0.00046232,1,0.00016223,182,0.12990721,140,True,observed_nonzero,True,6164,Naive2|Naive3,L3550,3
L3550,Doxorubicin,3,0.00046232,4,0.00141243,70,0.04996431,26,True,observed_nonzero,True,2832,Naive2|Naive3,L3550,3
L3550,Trametinib,3,0.00046232,1,0.00012359,161,0.11491792,114,True,observed_nonzero,True,8091,Naive2|Naive3,L3550,3
L35837,Acid,1,0.00015411,7,0.00096605,192,0.13704497,24,True,observed_nonzero,True,7246,Naive3,L35837,1
L35837,Cisplatin,1,0.00015411,0,0.0,273,0.19486081,1129,False,observed_zero,True,6815,Naive3,L35837,1
L35837,CoCl2,1,0.00015411,0,0.0,320,0.22840828,1082,False,observed_zero,True,5134,Naive3,L35837,1
L35837,Dabrafenib,1,0.00015411,0,0.0,322,0.22983583,1080,False,observed_zero,True,6164,Naive3,L35837,1
L35837,Doxorubicin,1,0.00015411,0,0.0,406,0.289793,996,False,observed_zero,True,2832,Naive3,L35837,1
L35837,Trametinib,1,0.00015411,0,0.0,275,0.19628837,1127,False,observed_zero,True,8091,Naive3,L35837,1
L36038,Acid,1,0.00015411,0,0.0,666,0.47537473,736,False,observed_zero,True,7246,Naive3,L36038,0
L36038,Cisplatin,1,0.00015411,0,0.0,273,0.19486081,1129,False,observed_zero,True,6815,Naive3,L36038,0
L36038,CoCl2,1,0.00015411,0,0.0,320,0.22840828,1082,False,observed_zero,True,5134,Naive3,L36038,0
L36038,Dabrafenib,1,0.00015411,1,0.00016223,182,0.12990721,140,True,observed_nonzero,True,6164,Naive3,L36038,0
L36038,Doxorubicin,1,0.00015411,0,0.0,406,0.289793,996,False,observed_zero,True,2832,Naive3,L36038,0
L36038,Trametinib,1,0.00015411,0,0.0,275,0.19628837,1127,False,observed_zero,True,8091,Naive3,L36038,0
L36415,Acid,6,0.00092464,8,0.00110406,173,0.12348323,19,True,observed_nonzero,True,7246,Naive1|Naive2|Naive3,L36415,3
L36415,Cisplatin,6,0.00092464,0,0.0,273,0.19486081,1129,False,observed_zero,True,6815,Naive1|Naive2|Naive3,L36415,3
L36415,CoCl2,6,0.00092464,0,0.0,320,0.22840828,1082,False,observed_zero,True,5134,Naive1|Naive2|Naive3,L36415,3
L36415,Dabrafenib,6,0.00092464,0,0.0,322,0.22983583,1080,False,observed_zero,True,6164,Naive1|Naive2|Naive3,L36415,3
L36415,Doxorubicin,6,0.00092464,0,0.0,406,0.289793,996,False,observed_zero,True,2832,Naive1|Naive2|Naive3,L36415,3
L36415,Trametinib,6,0.00092464,0,0.0,275,0.19628837,1127,False,observed_zero,True,8091,Naive1|Naive2|Naive3,L36415,3
L36448,Acid,2,0.00030821,0,0.0,666,0.47537473,736,False,observed_zero,True,7246,Naive3,L36448,2
L36448,Cisplatin,2,0.00030821,0,0.0,273,0.19486081,1129,False,observed_zero,True,6815,Naive3,L36448,2
L36448,CoCl2,2,0.00030821,0,0.0,320,0.22840828,1082,False,observed_zero,True,5134,Naive3,L36448,2
L36448,Dabrafenib,2,0.00030821,0,0.0,322,0.22983583,1080,False,observed_zero,True,6164,Naive3,L36448,2
L36448,Doxorubicin,2,0.00030821,0,0.0,406,0.289793,996,False,observed_zero,True,2832,Naive3,L36448,2
L36448,Trametinib,2,0.00030821,0,0.0,275,0.19628837,1127,False,observed_zero,True,8091,Naive3,L36448,2
L36461,Acid,1,0.00015411,0,0.0,666,0.47537473,736,False,observed_zero,True,7246,Naive2,L36461,3
L36461,Cisplatin,1,0.00015411,0,0.0,273,0.19486081,1129,False,observed_zero,True,6815,Naive2,L36461,3
L36461,CoCl2,1,0.00015411,0,0.0,320,0.22840828,1082,False,observed_zero,True,5134,Naive2,L36461,3
L36461,Dabrafenib,1,0.00015411,0,0.0,322,0.22983583,1080,False,observed_zero,True,6164,Naive2,L36461,3
L36461,Doxorubicin,1,0.00015411,0,0.0,406,0.289793,996,False,observed_zero,True,2832,Naive2,L36461,3
L36461,Trametinib,1,0.00015411,0,0.0,275,0.19628837,1127,False,observed_zero,True,8091,Naive2,L36461,3
L36541,Acid,4,0.00061643,1,0.00013801,487,0.34760885,179,True,observed_nonzero,True,7246,Naive1|Naive2|Naive3,L36541,3
L36541,Cisplatin,4,0.00061643,0,0.0,273,0.19486081,1129,False,observed_zero,True,6815,Naive1|Naive2|Naive3,L36541,3
L36541,CoCl2,4,0.00061643,1,0.00019478,179,0.12776588,141,True,observed_nonzero,True,5134,Naive1|Naive2|Naive3,L36541,3
L36541,Dabrafenib,4,0.00061643,7,0.00113563,72,0.05139186,8,True,observed_nonzero,True,6164,Naive1|Naive2|Naive3,L36541,3
L36541,Doxorubicin,4,0.00061643,1,0.00035311,218,0.15560314,188,True,observed_nonzero,True,2832,Naive1|Naive2|Naive3,L36541,3
L36541,Trametinib,4,0.00061643,1,0.00012359,161,0.11491792,114,True,observed_nonzero,True,8091,Naive1|Naive2|Naive3,L36541,3
L36694,Acid,1,0.00015411,0,0.0,666,0.47537473,736,False,observed_zero,True,7246,Naive2,L36694,2
L36694,Cisplatin,1,0.00015411,0,0.0,273,0.19486081,1129,False,observed_zero,True,6815,Naive2,L36694,2
L36694,CoCl2,1,0.00015411,0,0.0,320,0.22840828,1082,False,observed_zero,True,5134,Naive2,L36694,2
L36694,Dabrafenib,1,0.00015411,0,0.0,322,0.22983583,1080,False,observed_zero,True,6164,Naive2,L36694,2
L36694,Doxorubicin,1,0.00015411,0,0.0,406,0.289793,996,False,observed_zero,True,2832,Naive2,L36694,2
L36694,Trametinib,1,0.00015411,0,0.0,275,0.19628837,1127,False,observed_zero,True,8091,Naive2,L36694,2
L3698,Acid,4,0.00061643,0,0.0,666,0.47537473,736,False,observed_zero,True,7246,Naive2|Naive3,L3698,0
L3698,Cisplatin,4,0.00061643,0,0.0,273,0.19486081,1129,False,observed_zero,True,6815,Naive2|Naive3,L3698,0
L3698,CoCl2,4,0.00061643,0,0.0,320,0.22840828,1082,False,observed_zero,True,5134,Naive2|Naive3,L3698,0
L3698,Dabrafenib,4,0.00061643,0,0.0,322,0.22983583,1080,False,observed_zero,True,6164,Naive2|Naive3,L3698,0
L3698,Doxorubicin,4,0.00061643,0,0.0,406,0.289793,996,False,observed_zero,True,2832,Naive2|Naive3,L3698,0
L3698,Trametinib,4,0.00061643,0,0.0,275,0.19628837,1127,False,observed_zero,True,8091,Naive2|Naive3,L3698,0
L36981,Acid,1,0.00015411,0,0.0,666,0.47537473,736,False,observed_zero,True,7246,Naive3,L36981,3
L36981,Cisplatin,1,0.00015411,0,0.0,273,0.19486081,1129,False,observed_zero,True,6815,Naive3,L36981,3
L36981,CoCl2,1,0.00015411,0,0.0,320,0.22840828,1082,False,observed_zero,True,5134,Naive3,L36981,3
L36981,Dabrafenib,1,0.00015411,1,0.00016223,182,0.12990721,140,True,observed_nonzero,True,6164,Naive3,L36981,3
L36981,Doxorubicin,1,0.00015411,0,0.0,406,0.289793,996,False,observed_zero,True,2832,Naive3,L36981,3
L36981,Trametinib,1,0.00015411,0,0.0,275,0.19628837,1127,False,observed_zero,True,8091,Naive3,L36981,3
L37950,Acid,4,0.00061643,3,0.00041402,318,0.22698073,62,True,observed_nonzero,True,7246,Naive1|Naive2|Naive3,L37950,1
L37950,Cisplatin,4,0.00061643,0,0.0,273,0.19486081,1129,False,observed_zero,True,6815,Naive1|Naive2|Naive3,L37950,1
L37950,CoCl2,4,0.00061643,0,0.0,320,0.22840828,1082,False,observed_zero,True,5134,Naive1|Naive2|Naive3,L37950,1
L37950,Dabrafenib,4,0.00061643,0,0.0,322,0.22983583,1080,False,observed_zero,True,6164,Naive1|Naive2|Naive3,L37950,1
L37950,Doxorubicin,4,0.00061643,0,0.0,406,0.289793,996,False,observed_zero,True,2832,Naive1|Naive2|Naive3,L37950,1
L37950,Trametinib,4,0.00061643,0,0.0,275,0.19628837,1127,False,observed_zero,True,8091,Naive1|Naive2|Naive3,L37950,1
L37973,Acid,17,0.00261982,26,0.00358819,53,0.03783012,4,True,observed_nonzero,True,7246,Naive1|Naive2|Naive3,L37973,4
L37973,Cisplatin,17,0.00261982,0,0.0,273,0.19486081,1129,False,observed_zero,True,6815,Naive1|Naive2|Naive3,L37973,4
L37973,CoCl2,17,0.00261982,6,0.00116868,36,0.02569593,11,True,observed_nonzero,True,5134,Naive1|Naive2|Naive3,L37973,4
L37973,Dabrafenib,17,0.00261982,5,0.00081116,91,0.0649536,9,True,observed_nonzero,True,6164,Naive1|Naive2|Naive3,L37973,4
L37973,Doxorubicin,17,0.00261982,3,0.00105932,96,0.06852248,39,True,observed_nonzero,True,2832,Naive1|Naive2|Naive3,L37973,4
L37973,Trametinib,17,0.00261982,0,0.0,275,0.19628837,1127,False,observed_zero,True,8091,Naive1|Naive2|Naive3,L37973,4
L38608,Acid,1,0.00015411,0,0.0,666,0.47537473,736,False,observed_zero,True,7246,Naive1,L38608,4
L38608,Cisplatin,1,0.00015411,0,0.0,273,0.19486081,1129,False,observed_zero,True,6815,Naive1,L38608,4
L38608,CoCl2,1,0.00015411,0,0.0,320,0.22840828,1082,False,observed_zero,True,5134,Naive1,L38608,4
L38608,Dabrafenib,1,0.00015411,0,0.0,322,0.22983583,1080,False,observed_zero,True,6164,Naive1,L38608,4
L38608,Doxorubicin,1,0.00015411,0,0.0,406,0.289793,996,False,observed_zero,True,2832,Naive1,L38608,4
L38608,Trametinib,1,0.00015411,0,0.0,275,0.19628837,1127,False,observed_zero,True,8091,Naive1,L38608,4
L38872,Acid,1,0.00015411,0,0.0,666,0.47537473,736,False,observed_zero,True,7246,Naive1,L38872,3
L38872,Cisplatin,1,0.00015411,1,0.00014674,110,0.07851535,163,True,observed_nonzero,True,6815,Naive1,L38872,3
L38872,CoCl2,1,0.00015411,0,0.0,320,0.22840828,1082,False,observed_zero,True,5134,Naive1,L38872,3
L38872,Dabrafenib,1,0.00015411,0,0.0,322,0.22983583,1080,False,observed_zero,True,6164,Naive1,L38872,3
L38872,Doxorubicin,1,0.00015411,0,0.0,406,0.289793,996,False,observed_zero,True,2832,Naive1,L38872,3
L38872,Trametinib,1,0.00015411,0,0.0,275,0.19628837,1127,False,observed_zero,True,8091,Naive1,L38872,3
L39024,Acid,2,0.00030821,4,0.00055203,267,0.19057816,51,True,observed_nonzero,True,7246,Naive1|Naive3,L39024,3
L39024,Cisplatin,2,0.00030821,1,0.00014674,110,0.07851535,163,True,observed_nonzero,True,6815,Naive1|Naive3,L39024,3
L39024,CoCl2,2,0.00030821,7,0.00136346,30,0.02141328,6,True,observed_nonzero,True,5134,Naive1|Naive3,L39024,3
L39024,Dabrafenib,2,0.00030821,1,0.00016223,182,0.12990721,140,True,observed_nonzero,True,6164,Naive1|Naive3,L39024,3
L39024,Doxorubicin,2,0.00030821,1,0.00035311,218,0.15560314,188,True,observed_nonzero,True,2832,Naive1|Naive3,L39024,3
L39024,Trametinib,2,0.00030821,0,0.0,275,0.19628837,1127,False,observed_zero,True,8091,Naive1|Naive3,L39024,3
L39199,Acid,1,0.00015411,0,0.0,666,0.47537473,736,False,observed_zero,True,7246,Naive3,L39199,2
L39199,Cisplatin,1,0.00015411,0,0.0,273,0.19486081,1129,False,observed_zero,True,6815,Naive3,L39199,2
L39199,CoCl2,1,0.00015411,0,0.0,320,0.22840828,1082,False,observed_zero,True,5134,Naive3,L39199,2
L39199,Dabrafenib,1,0.00015411,0,0.0,322,0.22983583,1080,False,observed_zero,True,6164,Naive3,L39199,2
L39199,Doxorubicin,1,0.00015411,0,0.0,406,0.289793,996,False,observed_zero,True,2832,Naive3,L39199,2
L39199,Trametinib,1,0.00015411,0,0.0,275,0.19628837,1127,False,observed_zero,True,8091,Naive3,L39199,2
L40253,Acid,2,0.00030821,0,0.0,666,0.47537473,736,False,observed_zero,True,7246,Naive2|Naive3,L40253,2
L40253,Cisplatin,2,0.00030821,0,0.0,273,0.19486081,1129,False,observed_zero,True,6815,Naive2|Naive3,L40253,2
L40253,CoCl2,2,0.00030821,0,0.0,320,0.22840828,1082,False,observed_zero,True,5134,Naive2|Naive3,L40253,2
L40253,Dabrafenib,2,0.00030821,0,0.0,322,0.22983583,1080,False,observed_zero,True,6164,Naive2|Naive3,L40253,2
L40253,Doxorubicin,2,0.00030821,0,0.0,406,0.289793,996,False,observed_zero,True,2832,Naive2|Naive3,L40253,2
L40253,Trametinib,2,0.00030821,0,0.0,275,0.19628837,1127,False,observed_zero,True,8091,Naive2|Naive3,L40253,2
L40282,Acid,2,0.00030821,0,0.0,666,0.47537473,736,False,observed_zero,True,7246,Naive2|Naive3,L40282,0
L40282,Cisplatin,2,0.00030821,0,0.0,273,0.19486081,1129,False,observed_zero,True,6815,Naive2|Naive3,L40282,0
L40282,CoCl2,2,0.00030821,0,0.0,320,0.22840828,1082,False,observed_zero,True,5134,Naive2|Naive3,L40282,0
L40282,Dabrafenib,2,0.00030821,0,0.0,322,0.22983583,1080,False,observed_zero,True,6164,Naive2|Naive3,L40282,0
L40282,Doxorubicin,2,0.00030821,0,0.0,406,0.289793,996,False,observed_zero,True,2832,Naive2|Naive3,L40282,0
L40282,Trametinib,2,0.00030821,0,0.0,275,0.19628837,1127,False,observed_zero,True,8091,Naive2|Naive3,L40282,0
L40593,Acid,2,0.00030821,2,0.00027601,380,0.27123483,107,True,observed_nonzero,True,7246,Naive2|Naive3,L40593,1
L40593,Cisplatin,2,0.00030821,0,0.0,273,0.19486081,1129,False,observed_zero,True,6815,Naive2|Naive3,L40593,1
L40593,CoCl2,2,0.00030821,0,0.0,320,0.22840828,1082,False,observed_zero,True,5134,Naive2|Naive3,L40593,1
L40593,Dabrafenib,2,0.00030821,0,0.0,322,0.22983583,1080,False,observed_zero,True,6164,Naive2|Naive3,L40593,1
L40593,Doxorubicin,2,0.00030821,0,0.0,406,0.289793,996,False,observed_zero,True,2832,Naive2|Naive3,L40593,1
L40593,Trametinib,2,0.00030821,1,0.00012359,161,0.11491792,114,True,observed_nonzero,True,8091,Naive2|Naive3,L40593,1
L40629,Acid,47,0.00724303,40,0.00552029,31,0.02212705,5,True,observed_nonzero,True,7246,Naive1|Naive2|Naive3,L40629,4
L40629,Cisplatin,47,0.00724303,3,0.00044021,37,0.02640971,23,True,observed_nonzero,True,6815,Naive1|Naive2|Naive3,L40629,4
L40629,CoCl2,47,0.00724303,2,0.00038956,110,0.07851535,69,True,observed_nonzero,True,5134,Naive1|Naive2|Naive3,L40629,4
L40629,Dabrafenib,47,0.00724303,44,0.00713822,16,0.01142041,1,True,observed_nonzero,True,6164,Naive1|Naive2|Naive3,L40629,4
L40629,Doxorubicin,47,0.00724303,5,0.00176554,59,0.04211278,11,True,observed_nonzero,True,2832,Naive1|Naive2|Naive3,L40629,4
L40629,Trametinib,47,0.00724303,27,0.00333704,21,0.01498929,1,True,observed_nonzero,True,8091,Naive1|Naive2|Naive3,L40629,4
L40787,Acid,1,0.00015411,0,0.0,666,0.47537473,736,False,observed_zero,True,7246,Naive1,L40787,0
L40787,Cisplatin,1,0.00015411,0,0.0,273,0.19486081,1129,False,observed_zero,True,6815,Naive1,L40787,0
L40787,CoCl2,1,0.00015411,0,0.0,320,0.22840828,1082,False,observed_zero,True,5134,Naive1,L40787,0
L40787,Dabrafenib,1,0.00015411,1,0.00016223,182,0.12990721,140,True,observed_nonzero,True,6164,Naive1,L40787,0
L40787,Doxorubicin,1,0.00015411,0,0.0,406,0.289793,996,False,observed_zero,True,2832,Naive1,L40787,0
L40787,Trametinib,1,0.00015411,0,0.0,275,0.19628837,1127,False,observed_zero,True,8091,Naive1,L40787,0
L40894,Acid,1,0.00015411,1,0.00013801,487,0.34760885,179,True,observed_nonzero,True,7246,Naive3,L40894,1
L40894,Cisplatin,1,0.00015411,0,0.0,273,0.19486081,1129,False,observed_zero,True,6815,Naive3,L40894,1
L40894,CoCl2,1,0.00015411,0,0.0,320,0.22840828,1082,False,observed_zero,True,5134,Naive3,L40894,1
L40894,Dabrafenib,1,0.00015411,0,0.0,322,0.22983583,1080,False,observed_zero,True,6164,Naive3,L40894,1
L40894,Doxorubicin,1,0.00015411,0,0.0,406,0.289793,996,False,observed_zero,True,2832,Naive3,L40894,1
L40894,Trametinib,1,0.00015411,0,0.0,275,0.19628837,1127,False,observed_zero,True,8091,Naive3,L40894,1
L40917,Acid,1,0.00015411,1,0.00013801,487,0.34760885,179,True,observed_nonzero,True,7246,Naive3,L40917,3
L40917,Cisplatin,1,0.00015411,0,0.0,273,0.19486081,1129,False,observed_zero,True,6815,Naive3,L40917,3
L40917,CoCl2,1,0.00015411,0,0.0,320,0.22840828,1082,False,observed_zero,True,5134,Naive3,L40917,3
L40917,Dabrafenib,1,0.00015411,2,0.00032446,135,0.09635974,47,True,observed_nonzero,True,6164,Naive3,L40917,3
L40917,Doxorubicin,1,0.00015411,0,0.0,406,0.289793,996,False,observed_zero,True,2832,Naive3,L40917,3
L40917,Trametinib,1,0.00015411,0,0.0,275,0.19628837,1127,False,observed_zero,True,8091,Naive3,L40917,3
L41113,Acid,7,0.00107875,2,0.00027601,380,0.27123483,107,True,observed_nonzero,True,7246,Naive1|Naive2|Naive3,L41113,3
L41113,Cisplatin,7,0.00107875,0,0.0,273,0.19486081,1129,False,observed_zero,True,6815,Naive1|Naive2|Naive3,L41113,3
L41113,CoCl2,7,0.00107875,0,0.0,320,0.22840828,1082,False,observed_zero,True,5134,Naive1|Naive2|Naive3,L41113,3
L41113,Dabrafenib,7,0.00107875,0,0.0,322,0.22983583,1080,False,observed_zero,True,6164,Naive1|Naive2|Naive3,L41113,3
L41113,Doxorubicin,7,0.00107875,3,0.00105932,96,0.06852248,39,True,observed_nonzero,True,2832,Naive1|Naive2|Naive3,L41113,3
L41113,Trametinib,7,0.00107875,0,0.0,275,0.19628837,1127,False,observed_zero,True,8091,Naive1|Naive2|Naive3,L41113,3
L4121,Acid,1,0.00015411,0,0.0,666,0.47537473,736,False,observed_zero,True,7246,Naive2,L4121,4
L4121,Cisplatin,1,0.00015411,0,0.0,273,0.19486081,1129,False,observed_zero,True,6815,Naive2,L4121,4
L4121,CoCl2,1,0.00015411,0,0.0,320,0.22840828,1082,False,observed_zero,True,5134,Naive2,L4121,4
L4121,Dabrafenib,1,0.00015411,0,0.0,322,0.22983583,1080,False,observed_zero,True,6164,Naive2,L4121,4
L4121,Doxorubicin,1,0.00015411,0,0.0,406,0.289793,996,False,observed_zero,True,2832,Naive2,L4121,4
L4121,Trametinib,1,0.00015411,0,0.0,275,0.19628837,1127,False,observed_zero,True,8091,Naive2,L4121,4
L41388,Acid,1,0.00015411,0,0.0,666,0.47537473,736,False,observed_zero,True,7246,Naive3,L41388,3
L41388,Cisplatin,1,0.00015411,0,0.0,273,0.19486081,1129,False,observed_zero,True,6815,Naive3,L41388,3
L41388,CoCl2,1,0.00015411,0,0.0,320,0.22840828,1082,False,observed_zero,True,5134,Naive3,L41388,3
L41388,Dabrafenib,1,0.00015411,0,0.0,322,0.22983583,1080,False,observed_zero,True,6164,Naive3,L41388,3
L41388,Doxorubicin,1,0.00015411,0,0.0,406,0.289793,996,False,observed_zero,True,2832,Naive3,L41388,3
L41388,Trametinib,1,0.00015411,0,0.0,275,0.19628837,1127,False,observed_zero,True,8091,Naive3,L41388,3
L41699,Acid,1,0.00015411,1,0.00013801,487,0.34760885,179,True,observed_nonzero,True,7246,Naive3,L41699,3
L41699,Cisplatin,1,0.00015411,0,0.0,273,0.19486081,1129,False,observed_zero,True,6815,Naive3,L41699,3
L41699,CoCl2,1,0.00015411,0,0.0,320,0.22840828,1082,False,observed_zero,True,5134,Naive3,L41699,3
L41699,Dabrafenib,1,0.00015411,0,0.0,322,0.22983583,1080,False,observed_zero,True,6164,Naive3,L41699,3
L41699,Doxorubicin,1,0.00015411,0,0.0,406,0.289793,996,False,observed_zero,True,2832,Naive3,L41699,3
L41699,Trametinib,1,0.00015411,0,0.0,275,0.19628837,1127,False,observed_zero,True,8091,Naive3,L41699,3
L41780,Acid,11,0.00169518,8,0.00110406,173,0.12348323,19,True,observed_nonzero,True,7246,Naive2|Naive3,L41780,4
L41780,Cisplatin,11,0.00169518,0,0.0,273,0.19486081,1129,False,observed_zero,True,6815,Naive2|Naive3,L41780,4
L41780,CoCl2,11,0.00169518,0,0.0,320,0.22840828,1082,False,observed_zero,True,5134,Naive2|Naive3,L41780,4
L41780,Dabrafenib,11,0.00169518,1,0.00016223,182,0.12990721,140,True,observed_nonzero,True,6164,Naive2|Naive3,L41780,4
L41780,Doxorubicin,11,0.00169518,4,0.00141243,70,0.04996431,26,True,observed_nonzero,True,2832,Naive2|Naive3,L41780,4
L41780,Trametinib,11,0.00169518,0,0.0,275,0.19628837,1127,False,observed_zero,True,8091,Naive2|Naive3,L41780,4
L41799,Acid,1,0.00015411,0,0.0,666,0.47537473,736,False,observed_zero,True,7246,Naive1,L41799,1
L41799,Cisplatin,1,0.00015411,0,0.0,273,0.19486081,1129,False,observed_zero,True,6815,Naive1,L41799,1
L41799,CoCl2,1,0.00015411,0,0.0,320,0.22840828,1082,False,observed_zero,True,5134,Naive1,L41799,1
L41799,Dabrafenib,1,0.00015411,1,0.00016223,182,0.12990721,140,True,observed_nonzero,True,6164,Naive1,L41799,1
L41799,Doxorubicin,1,0.00015411,0,0.0,406,0.289793,996,False,observed_zero,True,2832,Naive1,L41799,1
L41799,Trametinib,1,0.00015411,0,0.0,275,0.19628837,1127,False,observed_zero,True,8091,Naive1,L41799,1
L4181,Acid,1,0.00015411,1,0.00013801,487,0.34760885,179,True,observed_nonzero,True,7246,Naive3,L4181,1
L4181,Cisplatin,1,0.00015411,0,0.0,273,0.19486081,1129,False,observed_zero,True,6815,Naive3,L4181,1
L4181,CoCl2,1,0.00015411,0,0.0,320,0.22840828,1082,False,observed_zero,True,5134,Naive3,L4181,1
L4181,Dabrafenib,1,0.00015411,0,0.0,322,0.22983583,1080,False,observed_zero,True,6164,Naive3,L4181,1
L4181,Doxorubicin,1,0.00015411,0,0.0,406,0.289793,996,False,observed_zero,True,2832,Naive3,L4181,1
L4181,Trametinib,1,0.00015411,0,0.0,275,0.19628837,1127,False,observed_zero,True,8091,Naive3,L4181,1
L42496,Acid,2,0.00030821,8,0.00110406,173,0.12348323,19,True,observed_nonzero,True,7246,Naive1,L42496,4
L42496,Cisplatin,2,0.00030821,1,0.00014674,110,0.07851535,163,True,observed_nonzero,True,6815,Naive1,L42496,4
L42496,CoCl2,2,0.00030821,0,0.0,320,0.22840828,1082,False,observed_zero,True,5134,Naive1,L42496,4
L42496,Dabrafenib,2,0.00030821,4,0.00064893,100,0.07137759,13,True,observed_nonzero,True,6164,Naive1,L42496,4
L42496,Doxorubicin,2,0.00030821,0,0.0,406,0.289793,996,False,observed_zero,True,2832,Naive1,L42496,4
L42496,Trametinib,2,0.00030821,3,0.00037078,100,0.07137759,24,True,observed_nonzero,True,8091,Naive1,L42496,4
L42533,Acid,2,0.00030821,8,0.00110406,173,0.12348323,19,True,observed_nonzero,True,7246,Naive3,L42533,3
L42533,Cisplatin,2,0.00030821,1,0.00014674,110,0.07851535,163,True,observed_nonzero,True,6815,Naive3,L42533,3
L42533,CoCl2,2,0.00030821,0,0.0,320,0.22840828,1082,False,observed_zero,True,5134,Naive3,L42533,3
L42533,Dabrafenib,2,0.00030821,0,0.0,322,0.22983583,1080,False,observed_zero,True,6164,Naive3,L42533,3
L42533,Doxorubicin,2,0.00030821,2,0.00070621,135,0.09635974,83,True,observed_nonzero,True,2832,Naive3,L42533,3
L42533,Trametinib,2,0.00030821,0,0.0,275,0.19628837,1127,False,observed_zero,True,8091,Naive3,L42533,3
L42561,Acid,1,0.00015411,1,0.00013801,487,0.34760885,179,True,observed_nonzero,True,7246,Naive2,L42561,2
L42561,Cisplatin,1,0.00015411,0,0.0,273,0.19486081,1129,False,observed_zero,True,6815,Naive2,L42561,2
L42561,CoCl2,1,0.00015411,0,0.0,320,0.22840828,1082,False,observed_zero,True,5134,Naive2,L42561,2
L42561,Dabrafenib,1,0.00015411,0,0.0,322,0.22983583,1080,False,observed_zero,True,6164,Naive2,L42561,2
L42561,Doxorubicin,1,0.00015411,0,0.0,406,0.289793,996,False,observed_zero,True,2832,Naive2,L42561,2
L42561,Trametinib,1,0.00015411,1,0.00012359,161,0.11491792,114,True,observed_nonzero,True,8091,Naive2,L42561,2
L42654,Acid,4,0.00061643,1,0.00013801,487,0.34760885,179,True,observed_nonzero,True,7246,Naive1|Naive2|Naive3,L42654,2
L42654,Cisplatin,4,0.00061643,0,0.0,273,0.19486081,1129,False,observed_zero,True,6815,Naive1|Naive2|Naive3,L42654,2
L42654,CoCl2,4,0.00061643,1,0.00019478,179,0.12776588,141,True,observed_nonzero,True,5134,Naive1|Naive2|Naive3,L42654,2
L42654,Dabrafenib,4,0.00061643,0,0.0,322,0.22983583,1080,False,observed_zero,True,6164,Naive1|Naive2|Naive3,L42654,2
L42654,Doxorubicin,4,0.00061643,1,0.00035311,218,0.15560314,188,True,observed_nonzero,True,2832,Naive1|Naive2|Naive3,L42654,2
L42654,Trametinib,4,0.00061643,0,0.0,275,0.19628837,1127,False,observed_zero,True,8091,Naive1|Naive2|Naive3,L42654,2
L42680,Acid,2,0.00030821,0,0.0,666,0.47537473,736,False,observed_zero,True,7246,Naive1|Naive3,L42680,4
L42680,Cisplatin,2,0.00030821,0,0.0,273,0.19486081,1129,False,observed_zero,True,6815,Naive1|Naive3,L42680,4
L42680,CoCl2,2,0.00030821,0,0.0,320,0.22840828,1082,False,observed_zero,True,5134,Naive1|Naive3,L42680,4
L42680,Dabrafenib,2,0.00030821,0,0.0,322,0.22983583,1080,False,observed_zero,True,6164,Naive1|Naive3,L42680,4
L42680,Doxorubicin,2,0.00030821,0,0.0,406,0.289793,996,False,observed_zero,True,2832,Naive1|Naive3,L42680,4
L42680,Trametinib,2,0.00030821,0,0.0,275,0.19628837,1127,False,observed_zero,True,8091,Naive1|Naive3,L42680,4
L43064,Acid,1,0.00015411,0,0.0,666,0.47537473,736,False,observed_zero,True,7246,Naive3,L43064,0
L43064,Cisplatin,1,0.00015411,0,0.0,273,0.19486081,1129,False,observed_zero,True,6815,Naive3,L43064,0
L43064,CoCl2,1,0.00015411,1,0.00019478,179,0.12776588,141,True,observed_nonzero,True,5134,Naive3,L43064,0
L43064,Dabrafenib,1,0.00015411,0,0.0,322,0.22983583,1080,False,observed_zero,True,6164,Naive3,L43064,0
L43064,Doxorubicin,1,0.00015411,0,0.0,406,0.289793,996,False,observed_zero,True,2832,Naive3,L43064,0
L43064,Trametinib,1,0.00015411,0,0.0,275,0.19628837,1127,False,observed_zero,True,8091,Naive3,L43064,0
L43772,Acid,1,0.00015411,0,0.0,666,0.47537473,736,False,observed_zero,True,7246,Naive3,L43772,4
L43772,Cisplatin,1,0.00015411,0,0.0,273,0.19486081,1129,False,observed_zero,True,6815,Naive3,L43772,4
L43772,CoCl2,1,0.00015411,0,0.0,320,0.22840828,1082,False,observed_zero,True,5134,Naive3,L43772,4
L43772,Dabrafenib,1,0.00015411,0,0.0,322,0.22983583,1080,False,observed_zero,True,6164,Naive3,L43772,4
L43772,Doxorubicin,1,0.00015411,1,0.00035311,218,0.15560314,188,True,observed_nonzero,True,2832,Naive3,L43772,4
L43772,Trametinib,1,0.00015411,0,0.0,275,0.19628837,1127,False,observed_zero,True,8091,Naive3,L43772,4
L44324,Acid,2,0.00030821,0,0.0,666,0.47537473,736,False,observed_zero,True,7246,Naive1|Naive3,L44324,4
L44324,Cisplatin,2,0.00030821,0,0.0,273,0.19486081,1129,False,observed_zero,True,6815,Naive1|Naive3,L44324,4
L44324,CoCl2,2,0.00030821,0,0.0,320,0.22840828,1082,False,observed_zero,True,5134,Naive1|Naive3,L44324,4
L44324,Dabrafenib,2,0.00030821,0,0.0,322,0.22983583,1080,False,observed_zero,True,6164,Naive1|Naive3,L44324,4
L44324,Doxorubicin,2,0.00030821,0,0.0,406,0.289793,996,False,observed_zero,True,2832,Naive1|Naive3,L44324,4
L44324,Trametinib,2,0.00030821,0,0.0,275,0.19628837,1127,False,observed_zero,True,8091,Naive1|Naive3,L44324,4
L44356,Acid,1,0.00015411,1,0.00013801,487,0.34760885,179,True,observed_nonzero,True,7246,Naive3,L44356,0
L44356,Cisplatin,1,0.00015411,0,0.0,273,0.19486081,1129,False,observed_zero,True,6815,Naive3,L44356,0
L44356,CoCl2,1,0.00015411,0,0.0,320,0.22840828,1082,False,observed_zero,True,5134,Naive3,L44356,0
L44356,Dabrafenib,1,0.00015411,0,0.0,322,0.22983583,1080,False,observed_zero,True,6164,Naive3,L44356,0
L44356,Doxorubicin,1,0.00015411,1,0.00035311,218,0.15560314,188,True,observed_nonzero,True,2832,Naive3,L44356,0
L44356,Trametinib,1,0.00015411,0,0.0,275,0.19628837,1127,False,observed_zero,True,8091,Naive3,L44356,0
L44509,Acid,5,0.00077053,5,0.00069004,232,0.165596,35,True,observed_nonzero,True,7246,Naive1|Naive2|Naive3,L44509,3
L44509,Cisplatin,5,0.00077053,0,0.0,273,0.19486081,1129,False,observed_zero,True,6815,Naive1|Naive2|Naive3,L44509,3
L44509,CoCl2,5,0.00077053,1,0.00019478,179,0.12776588,141,True,observed_nonzero,True,5134,Naive1|Naive2|Naive3,L44509,3
L44509,Dabrafenib,5,0.00077053,0,0.0,322,0.22983583,1080,False,observed_zero,True,6164,Naive1|Naive2|Naive3,L44509,3
L44509,Doxorubicin,5,0.00077053,0,0.0,406,0.289793,996,False,observed_zero,True,2832,Naive1|Naive2|Naive3,L44509,3
L44509,Trametinib,5,0.00077053,0,0.0,275,0.19628837,1127,False,observed_zero,True,8091,Naive1|Naive2|Naive3,L44509,3
L44532,Acid,1,0.00015411,1,0.00013801,487,0.34760885,179,True,observed_nonzero,True,7246,Naive3,L44532,0
L44532,Cisplatin,1,0.00015411,0,0.0,273,0.19486081,1129,False,observed_zero,True,6815,Naive3,L44532,0
L44532,CoCl2,1,0.00015411,0,0.0,320,0.22840828,1082,False,observed_zero,True,5134,Naive3,L44532,0
L44532,Dabrafenib,1,0.00015411,0,0.0,322,0.22983583,1080,False,observed_zero,True,6164,Naive3,L44532,0
L44532,Doxorubicin,1,0.00015411,1,0.00035311,218,0.15560314,188,True,observed_nonzero,True,2832,Naive3,L44532,0
L44532,Trametinib,1,0.00015411,0,0.0,275,0.19628837,1127,False,observed_zero,True,8091,Naive3,L44532,0
L44586,Acid,7,0.00107875,7,0.00096605,192,0.13704497,24,True,observed_nonzero,True,7246,Naive1|Naive2|Naive3,L44586,0
L44586,Cisplatin,7,0.00107875,0,0.0,273,0.19486081,1129,False,observed_zero,True,6815,Naive1|Naive2|Naive3,L44586,0
L44586,CoCl2,7,0.00107875,0,0.0,320,0.22840828,1082,False,observed_zero,True,5134,Naive1|Naive2|Naive3,L44586,0
L44586,Dabrafenib,7,0.00107875,0,0.0,322,0.22983583,1080,False,observed_zero,True,6164,Naive1|Naive2|Naive3,L44586,0
L44586,Doxorubicin,7,0.00107875,0,0.0,406,0.289793,996,False,observed_zero,True,2832,Naive1|Naive2|Naive3,L44586,0
L44586,Trametinib,7,0.00107875,0,0.0,275,0.19628837,1127,False,observed_zero,True,8091,Naive1|Naive2|Naive3,L44586,0
L45022,Acid,15,0.0023116,38,0.00524427,38,0.02712348,1,True,observed_nonzero,True,7246,Naive1|Naive2|Naive3,L45022,3
L45022,Cisplatin,15,0.0023116,1715,0.25165077,2,0.00142755,1,True,observed_nonzero,True,6815,Naive1|Naive2|Naive3,L45022,3
L45022,CoCl2,15,0.0023116,0,0.0,320,0.22840828,1082,False,observed_zero,True,5134,Naive1|Naive2|Naive3,L45022,3
L45022,Dabrafenib,15,0.0023116,134,0.02173913,8,0.00571021,1,True,observed_nonzero,True,6164,Naive1|Naive2|Naive3,L45022,3
L45022,Doxorubicin,15,0.0023116,2,0.00070621,135,0.09635974,83,True,observed_nonzero,True,2832,Naive1|Naive2|Naive3,L45022,3
L45022,Trametinib,15,0.0023116,35,0.00432579,17,0.01213419,1,True,observed_nonzero,True,8091,Naive1|Naive2|Naive3,L45022,3
L45474,Acid,2,0.00030821,0,0.0,666,0.47537473,736,False,observed_zero,True,7246,Naive3,L45474,0
L45474,Cisplatin,2,0.00030821,0,0.0,273,0.19486081,1129,False,observed_zero,True,6815,Naive3,L45474,0
L45474,CoCl2,2,0.00030821,0,0.0,320,0.22840828,1082,False,observed_zero,True,5134,Naive3,L45474,0
L45474,Dabrafenib,2,0.00030821,0,0.0,322,0.22983583,1080,False,observed_zero,True,6164,Naive3,L45474,0
L45474,Doxorubicin,2,0.00030821,0,0.0,406,0.289793,996,False,observed_zero,True,2832,Naive3,L45474,0
L45474,Trametinib,2,0.00030821,0,0.0,275,0.19628837,1127,False,observed_zero,True,8091,Naive3,L45474,0
L46013,Acid,1,0.00015411,0,0.0,666,0.47537473,736,False,observed_zero,True,7246,Naive1,L46013,4
L46013,Cisplatin,1,0.00015411,0,0.0,273,0.19486081,1129,False,observed_zero,True,6815,Naive1,L46013,4
L46013,CoCl2,1,0.00015411,0,0.0,320,0.22840828,1082,False,observed_zero,True,5134,Naive1,L46013,4
L46013,Dabrafenib,1,0.00015411,0,0.0,322,0.22983583,1080,False,observed_zero,True,6164,Naive1,L46013,4
L46013,Doxorubicin,1,0.00015411,0,0.0,406,0.289793,996,False,observed_zero,True,2832,Naive1,L46013,4
L46013,Trametinib,1,0.00015411,0,0.0,275,0.19628837,1127,False,observed_zero,True,8091,Naive1,L46013,4
L46096,Acid,5,0.00077053,3,0.00041402,318,0.22698073,62,True,observed_nonzero,True,7246,Naive1|Naive2|Naive3,L46096,3
L46096,Cisplatin,5,0.00077053,0,0.0,273,0.19486081,1129,False,observed_zero,True,6815,Naive1|Naive2|Naive3,L46096,3
L46096,CoCl2,5,0.00077053,0,0.0,320,0.22840828,1082,False,observed_zero,True,5134,Naive1|Naive2|Naive3,L46096,3
L46096,Dabrafenib,5,0.00077053,1,0.00016223,182,0.12990721,140,True,observed_nonzero,True,6164,Naive1|Naive2|Naive3,L46096,3
L46096,Doxorubicin,5,0.00077053,1,0.00035311,218,0.15560314,188,True,observed_nonzero,True,2832,Naive1|Naive2|Naive3,L46096,3
L46096,Trametinib,5,0.00077053,16,0.00197751,33,0.0235546,4,True,observed_nonzero,True,8091,Naive1|Naive2|Naive3,L46096,3
L46431,Acid,2,0.00030821,14,0.0019321,103,0.07351892,12,True,observed_nonzero,True,7246,Naive2|Naive3,L46431,4
L46431,Cisplatin,2,0.00030821,0,0.0,273,0.19486081,1129,False,observed_zero,True,6815,Naive2|Naive3,L46431,4
L46431,CoCl2,2,0.00030821,0,0.0,320,0.22840828,1082,False,observed_zero,True,5134,Naive2|Naive3,L46431,4
L46431,Dabrafenib,2,0.00030821,1,0.00016223,182,0.12990721,140,True,observed_nonzero,True,6164,Naive2|Naive3,L46431,4
L46431,Doxorubicin,2,0.00030821,1,0.00035311,218,0.15560314,188,True,observed_nonzero,True,2832,Naive2|Naive3,L46431,4
L46431,Trametinib,2,0.00030821,0,0.0,275,0.19628837,1127,False,observed_zero,True,8091,Naive2|Naive3,L46431,4
L46767,Acid,1,0.00015411,0,0.0,666,0.47537473,736,False,observed_zero,True,7246,Naive2,L46767,2
L46767,Cisplatin,1,0.00015411,0,0.0,273,0.19486081,1129,False,observed_zero,True,6815,Naive2,L46767,2
L46767,CoCl2,1,0.00015411,0,0.0,320,0.22840828,1082,False,observed_zero,True,5134,Naive2,L46767,2
L46767,Dabrafenib,1,0.00015411,0,0.0,322,0.22983583,1080,False,observed_zero,True,6164,Naive2,L46767,2
L46767,Doxorubicin,1,0.00015411,1,0.00035311,218,0.15560314,188,True,observed_nonzero,True,2832,Naive2,L46767,2
L46767,Trametinib,1,0.00015411,0,0.0,275,0.19628837,1127,False,observed_zero,True,8091,Naive2,L46767,2
L46940,Acid,2,0.00030821,0,0.0,666,0.47537473,736,False,observed_zero,True,7246,Naive1|Naive3,L46940,2
L46940,Cisplatin,2,0.00030821,0,0.0,273,0.19486081,1129,False,observed_zero,True,6815,Naive1|Naive3,L46940,2
L46940,CoCl2,2,0.00030821,0,0.0,320,0.22840828,1082,False,observed_zero,True,5134,Naive1|Naive3,L46940,2
L46940,Dabrafenib,2,0.00030821,0,0.0,322,0.22983583,1080,False,observed_zero,True,6164,Naive1|Naive3,L46940,2
L46940,Doxorubicin,2,0.00030821,0,0.0,406,0.289793,996,False,observed_zero,True,2832,Naive1|Naive3,L46940,2
L46940,Trametinib,2,0.00030821,0,0.0,275,0.19628837,1127,False,observed_zero,True,8091,Naive1|Naive3,L46940,2
L47103,Acid,15,0.0023116,9,0.00124206,156,0.11134904,17,True,observed_nonzero,True,7246,Naive1|Naive2|Naive3,L47103,4
L47103,Cisplatin,15,0.0023116,0,0.0,273,0.19486081,1129,False,observed_zero,True,6815,Naive1|Naive2|Naive3,L47103,4
L47103,CoCl2,15,0.0023116,2,0.00038956,110,0.07851535,69,True,observed_nonzero,True,5134,Naive1|Naive2|Naive3,L47103,4
L47103,Dabrafenib,15,0.0023116,1,0.00016223,182,0.12990721,140,True,observed_nonzero,True,6164,Naive1|Naive2|Naive3,L47103,4
L47103,Doxorubicin,15,0.0023116,0,0.0,406,0.289793,996,False,observed_zero,True,2832,Naive1|Naive2|Naive3,L47103,4
L47103,Trametinib,15,0.0023116,0,0.0,275,0.19628837,1127,False,observed_zero,True,8091,Naive1|Naive2|Naive3,L47103,4
L47158,Acid,1,0.00015411,0,0.0,666,0.47537473,736,False,observed_zero,True,7246,Naive3,L47158,2
L47158,Cisplatin,1,0.00015411,0,0.0,273,0.19486081,1129,False,observed_zero,True,6815,Naive3,L47158,2
L47158,CoCl2,1,0.00015411,0,0.0,320,0.22840828,1082,False,observed_zero,True,5134,Naive3,L47158,2
L47158,Dabrafenib,1,0.00015411,0,0.0,322,0.22983583,1080,False,observed_zero,True,6164,Naive3,L47158,2
L47158,Doxorubicin,1,0.00015411,4,0.00141243,70,0.04996431,26,True,observed_nonzero,True,2832,Naive3,L47158,2
L47158,Trametinib,1,0.00015411,0,0.0,275,0.19628837,1127,False,observed_zero,True,8091,Naive3,L47158,2
L47601,Acid,5,0.00077053,2,0.00027601,380,0.27123483,107,True,observed_nonzero,True,7246,Naive1|Naive2|Naive3,L47601,2
L47601,Cisplatin,5,0.00077053,0,0.0,273,0.19486081,1129,False,observed_zero,True,6815,Naive1|Naive2|Naive3,L47601,2
L47601,CoCl2,5,0.00077053,1,0.00019478,179,0.12776588,141,True,observed_nonzero,True,5134,Naive1|Naive2|Naive3,L47601,2
L47601,Dabrafenib,5,0.00077053,0,0.0,322,0.22983583,1080,False,observed_zero,True,6164,Naive1|Naive2|Naive3,L47601,2
L47601,Doxorubicin,5,0.00077053,0,0.0,406,0.289793,996,False,observed_zero,True,2832,Naive1|Naive2|Naive3,L47601,2
L47601,Trametinib,5,0.00077053,6,0.00074156,76,0.05424697,9,True,observed_nonzero,True,8091,Naive1|Naive2|Naive3,L47601,2
L47663,Acid,2,0.00030821,1,0.00013801,487,0.34760885,179,True,observed_nonzero,True,7246,Naive1|Naive2,L47663,1
L47663,Cisplatin,2,0.00030821,0,0.0,273,0.19486081,1129,False,observed_zero,True,6815,Naive1|Naive2,L47663,1
L47663,CoCl2,2,0.00030821,0,0.0,320,0.22840828,1082,False,observed_zero,True,5134,Naive1|Naive2,L47663,1
L47663,Dabrafenib,2,0.00030821,143,0.02319922,7,0.00499643,1,True,observed_nonzero,True,6164,Naive1|Naive2,L47663,1
L47663,Doxorubicin,2,0.00030821,0,0.0,406,0.289793,996,False,observed_zero,True,2832,Naive1|Naive2,L47663,1
L47663,Trametinib,2,0.00030821,76,0.00939315,12,0.00856531,1,True,observed_nonzero,True,8091,Naive1|Naive2,L47663,1
L47728,Acid,1,0.00015411,0,0.0,666,0.47537473,736,False,observed_zero,True,7246,Naive3,L47728,4
L47728,Cisplatin,1,0.00015411,0,0.0,273,0.19486081,1129,False,observed_zero,True,6815,Naive3,L47728,4
L47728,CoCl2,1,0.00015411,0,0.0,320,0.22840828,1082,False,observed_zero,True,5134,Naive3,L47728,4
L47728,Dabrafenib,1,0.00015411,0,0.0,322,0.22983583,1080,False,observed_zero,True,6164,Naive3,L47728,4
L47728,Doxorubicin,1,0.00015411,0,0.0,406,0.289793,996,False,observed_zero,True,2832,Naive3,L47728,4
L47728,Trametinib,1,0.00015411,0,0.0,275,0.19628837,1127,False,observed_zero,True,8091,Naive3,L47728,4
L47899,Acid,1,0.00015411,0,0.0,666,0.47537473,736,False,observed_zero,True,7246,Naive2,L47899,1
L47899,Cisplatin,1,0.00015411,0,0.0,273,0.19486081,1129,False,observed_zero,True,6815,Naive2,L47899,1
L47899,CoCl2,1,0.00015411,0,0.0,320,0.22840828,1082,False,observed_zero,True,5134,Naive2,L47899,1
L47899,Dabrafenib,1,0.00015411,0,0.0,322,0.22983583,1080,False,observed_zero,True,6164,Naive2,L47899,1
L47899,Doxorubicin,1,0.00015411,1,0.00035311,218,0.15560314,188,True,observed_nonzero,True,2832,Naive2,L47899,1
L47899,Trametinib,1,0.00015411,0,0.0,275,0.19628837,1127,False,observed_zero,True,8091,Naive2,L47899,1
L47994,Acid,5,0.00077053,3,0.00041402,318,0.22698073,62,True,observed_nonzero,True,7246,Naive2|Naive3,L47994,2
L47994,Cisplatin,5,0.00077053,0,0.0,273,0.19486081,1129,False,observed_zero,True,6815,Naive2|Naive3,L47994,2
L47994,CoCl2,5,0.00077053,3,0.00058434,80,0.05710207,30,True,observed_nonzero,True,5134,Naive2|Naive3,L47994,2
L47994,Dabrafenib,5,0.00077053,0,0.0,322,0.22983583,1080,False,observed_zero,True,6164,Naive2|Naive3,L47994,2
L47994,Doxorubicin,5,0.00077053,0,0.0,406,0.289793,996,False,observed_zero,True,2832,Naive2|Naive3,L47994,2
L47994,Trametinib,5,0.00077053,0,0.0,275,0.19628837,1127,False,observed_zero,True,8091,Naive2|Naive3,L47994,2
L48487,Acid,8,0.00123286,27,0.00372619,49,0.03497502,4,True,observed_nonzero,True,7246,Naive1|Naive2|Naive3,L48487,1
L48487,Cisplatin,8,0.00123286,0,0.0,273,0.19486081,1129,False,observed_zero,True,6815,Naive1|Naive2|Naive3,L48487,1
L48487,CoCl2,8,0.00123286,3,0.00058434,80,0.05710207,30,True,observed_nonzero,True,5134,Naive1|Naive2|Naive3,L48487,1
L48487,Dabrafenib,8,0.00123286,1,0.00016223,182,0.12990721,140,True,observed_nonzero,True,6164,Naive1|Naive2|Naive3,L48487,1
L48487,Doxorubicin,8,0.00123286,0,0.0,406,0.289793,996,False,observed_zero,True,2832,Naive1|Naive2|Naive3,L48487,1
L48487,Trametinib,8,0.00123286,0,0.0,275,0.19628837,1127,False,observed_zero,True,8091,Naive1|Naive2|Naive3,L48487,1
L4851,Acid,1,0.00015411,0,0.0,666,0.47537473,736,False,observed_zero,True,7246,Naive3,L4851,3
L4851,Cisplatin,1,0.00015411,0,0.0,273,0.19486081,1129,False,observed_zero,True,6815,Naive3,L4851,3
L4851,CoCl2,1,0.00015411,0,0.0,320,0.22840828,1082,False,observed_zero,True,5134,Naive3,L4851,3
L4851,Dabrafenib,1,0.00015411,0,0.0,322,0.22983583,1080,False,observed_zero,True,6164,Naive3,L4851,3
L4851,Doxorubicin,1,0.00015411,0,0.0,406,0.289793,996,False,observed_zero,True,2832,Naive3,L4851,3
L4851,Trametinib,1,0.00015411,1,0.00012359,161,0.11491792,114,True,observed_nonzero,True,8091,Naive3,L4851,3
L48583,Acid,3,0.00046232,9,0.00124206,156,0.11134904,17,True,observed_nonzero,True,7246,Naive2|Naive3,L48583,2
L48583,Cisplatin,3,0.00046232,0,0.0,273,0.19486081,1129,False,observed_zero,True,6815,Naive2|Naive3,L48583,2
L48583,CoCl2,3,0.00046232,0,0.0,320,0.22840828,1082,False,observed_zero,True,5134,Naive2|Naive3,L48583,2
L48583,Dabrafenib,3,0.00046232,1,0.00016223,182,0.12990721,140,True,observed_nonzero,True,6164,Naive2|Naive3,L48583,2
L48583,Doxorubicin,3,0.00046232,2,0.00070621,135,0.09635974,83,True,observed_nonzero,True,2832,Naive2|Naive3,L48583,2
L48583,Trametinib,3,0.00046232,0,0.0,275,0.19628837,1127,False,observed_zero,True,8091,Naive2|Naive3,L48583,2
L48852,Acid,7,0.00107875,0,0.0,666,0.47537473,736,False,observed_zero,True,7246,Naive1|Naive2|Naive3,L48852,1
L48852,Cisplatin,7,0.00107875,0,0.0,273,0.19486081,1129,False,observed_zero,True,6815,Naive1|Naive2|Naive3,L48852,1
L48852,CoCl2,7,0.00107875,0,0.0,320,0.22840828,1082,False,observed_zero,True,5134,Naive1|Naive2|Naive3,L48852,1
L48852,Dabrafenib,7,0.00107875,0,0.0,322,0.22983583,1080,False,observed_zero,True,6164,Naive1|Naive2|Naive3,L48852,1
L48852,Doxorubicin,7,0.00107875,0,0.0,406,0.289793,996,False,observed_zero,True,2832,Naive1|Naive2|Naive3,L48852,1
L48852,Trametinib,7,0.00107875,0,0.0,275,0.19628837,1127,False,observed_zero,True,8091,Naive1|Naive2|Naive3,L48852,1
L48895,Acid,3,0.00046232,0,0.0,666,0.47537473,736,False,observed_zero,True,7246,Naive1|Naive2,L48895,3
L48895,Cisplatin,3,0.00046232,0,0.0,273,0.19486081,1129,False,observed_zero,True,6815,Naive1|Naive2,L48895,3
L48895,CoCl2,3,0.00046232,0,0.0,320,0.22840828,1082,False,observed_zero,True,5134,Naive1|Naive2,L48895,3
L48895,Dabrafenib,3,0.00046232,0,0.0,322,0.22983583,1080,False,observed_zero,True,6164,Naive1|Naive2,L48895,3
L48895,Doxorubicin,3,0.00046232,0,0.0,406,0.289793,996,False,observed_zero,True,2832,Naive1|Naive2,L48895,3
L48895,Trametinib,3,0.00046232,0,0.0,275,0.19628837,1127,False,observed_zero,True,8091,Naive1|Naive2,L48895,3
L48945,Acid,3,0.00046232,1,0.00013801,487,0.34760885,179,True,observed_nonzero,True,7246,Naive2|Naive3,L48945,1
L48945,Cisplatin,3,0.00046232,0,0.0,273,0.19486081,1129,False,observed_zero,True,6815,Naive2|Naive3,L48945,1
L48945,CoCl2,3,0.00046232,0,0.0,320,0.22840828,1082,False,observed_zero,True,5134,Naive2|Naive3,L48945,1
L48945,Dabrafenib,3,0.00046232,0,0.0,322,0.22983583,1080,False,observed_zero,True,6164,Naive2|Naive3,L48945,1
L48945,Doxorubicin,3,0.00046232,0,0.0,406,0.289793,996,False,observed_zero,True,2832,Naive2|Naive3,L48945,1
L48945,Trametinib,3,0.00046232,0,0.0,275,0.19628837,1127,False,observed_zero,True,8091,Naive2|Naive3,L48945,1
L49199,Acid,5,0.00077053,5,0.00069004,232,0.165596,35,True,observed_nonzero,True,7246,Naive1|Naive2|Naive3,L49199,1
L49199,Cisplatin,5,0.00077053,0,0.0,273,0.19486081,1129,False,observed_zero,True,6815,Naive1|Naive2|Naive3,L49199,1
L49199,CoCl2,5,0.00077053,0,0.0,320,0.22840828,1082,False,observed_zero,True,5134,Naive1|Naive2|Naive3,L49199,1
L49199,Dabrafenib,5,0.00077053,0,0.0,322,0.22983583,1080,False,observed_zero,True,6164,Naive1|Naive2|Naive3,L49199,1
L49199,Doxorubicin,5,0.00077053,0,0.0,406,0.289793,996,False,observed_zero,True,2832,Naive1|Naive2|Naive3,L49199,1
L49199,Trametinib,5,0.00077053,0,0.0,275,0.19628837,1127,False,observed_zero,True,8091,Naive1|Naive2|Naive3,L49199,1
L49447,Acid,5,0.00077053,0,0.0,666,0.47537473,736,False,observed_zero,True,7246,Naive1|Naive2|Naive3,L49447,3
L49447,Cisplatin,5,0.00077053,0,0.0,273,0.19486081,1129,False,observed_zero,True,6815,Naive1|Naive2|Naive3,L49447,3
L49447,CoCl2,5,0.00077053,1,0.00019478,179,0.12776588,141,True,observed_nonzero,True,5134,Naive1|Naive2|Naive3,L49447,3
L49447,Dabrafenib,5,0.00077053,0,0.0,322,0.22983583,1080,False,observed_zero,True,6164,Naive1|Naive2|Naive3,L49447,3
L49447,Doxorubicin,5,0.00077053,8,0.00282486,32,0.02284083,9,True,observed_nonzero,True,2832,Naive1|Naive2|Naive3,L49447,3
L49447,Trametinib,5,0.00077053,2,0.00024719,124,0.08850821,37,True,observed_nonzero,True,8091,Naive1|Naive2|Naive3,L49447,3
L49477,Acid,2,0.00030821,0,0.0,666,0.47537473,736,False,observed_zero,True,7246,Naive1,L49477,4
L49477,Cisplatin,2,0.00030821,0,0.0,273,0.19486081,1129,False,observed_zero,True,6815,Naive1,L49477,4
L49477,CoCl2,2,0.00030821,0,0.0,320,0.22840828,1082,False,observed_zero,True,5134,Naive1,L49477,4
L49477,Dabrafenib,2,0.00030821,0,0.0,322,0.22983583,1080,False,observed_zero,True,6164,Naive1,L49477,4
L49477,Doxorubicin,2,0.00030821,6,0.00211864,50,0.03568879,9,True,observed_nonzero,True,2832,Naive1,L49477,4
L49477,Trametinib,2,0.00030821,0,0.0,275,0.19628837,1127,False,observed_zero,True,8091,Naive1,L49477,4
L49732,Acid,2,0.00030821,2,0.00027601,380,0.27123483,107,True,observed_nonzero,True,7246,Naive1,L49732,3
L49732,Cisplatin,2,0.00030821,0,0.0,273,0.19486081,1129,False,observed_zero,True,6815,Naive1,L49732,3
L49732,CoCl2,2,0.00030821,0,0.0,320,0.22840828,1082,False,observed_zero,True,5134,Naive1,L49732,3
L49732,Dabrafenib,2,0.00030821,0,0.0,322,0.22983583,1080,False,observed_zero,True,6164,Naive1,L49732,3
L49732,Doxorubicin,2,0.00030821,0,0.0,406,0.289793,996,False,observed_zero,True,2832,Naive1,L49732,3
L49732,Trametinib,2,0.00030821,0,0.0,275,0.19628837,1127,False,observed_zero,True,8091,Naive1,L49732,3
L50061,Acid,1,0.00015411,0,0.0,666,0.47537473,736,False,observed_zero,True,7246,Naive2,L50061,4
L50061,Cisplatin,1,0.00015411,0,0.0,273,0.19486081,1129,False,observed_zero,True,6815,Naive2,L50061,4
L50061,CoCl2,1,0.00015411,0,0.0,320,0.22840828,1082,False,observed_zero,True,5134,Naive2,L50061,4
L50061,Dabrafenib,1,0.00015411,0,0.0,322,0.22983583,1080,False,observed_zero,True,6164,Naive2,L50061,4
L50061,Doxorubicin,1,0.00015411,0,0.0,406,0.289793,996,False,observed_zero,True,2832,Naive2,L50061,4
L50061,Trametinib,1,0.00015411,0,0.0,275,0.19628837,1127,False,observed_zero,True,8091,Naive2,L50061,4
L50332,Acid,1,0.00015411,0,0.0,666,0.47537473,736,False,observed_zero,True,7246,Naive3,L50332,0
L50332,Cisplatin,1,0.00015411,0,0.0,273,0.19486081,1129,False,observed_zero,True,6815,Naive3,L50332,0
L50332,CoCl2,1,0.00015411,0,0.0,320,0.22840828,1082,False,observed_zero,True,5134,Naive3,L50332,0
L50332,Dabrafenib,1,0.00015411,0,0.0,322,0.22983583,1080,False,observed_zero,True,6164,Naive3,L50332,0
L50332,Doxorubicin,1,0.00015411,0,0.0,406,0.289793,996,False,observed_zero,True,2832,Naive3,L50332,0
L50332,Trametinib,1,0.00015411,0,0.0,275,0.19628837,1127,False,observed_zero,True,8091,Naive3,L50332,0
L5045,Acid,5,0.00077053,4,0.00055203,267,0.19057816,51,True,observed_nonzero,True,7246,Naive1|Naive2|Naive3,L5045,3
L5045,Cisplatin,5,0.00077053,0,0.0,273,0.19486081,1129,False,observed_zero,True,6815,Naive1|Naive2|Naive3,L5045,3
L5045,CoCl2,5,0.00077053,2,0.00038956,110,0.07851535,69,True,observed_nonzero,True,5134,Naive1|Naive2|Naive3,L5045,3
L5045,Dabrafenib,5,0.00077053,0,0.0,322,0.22983583,1080,False,observed_zero,True,6164,Naive1|Naive2|Naive3,L5045,3
L5045,Doxorubicin,5,0.00077053,0,0.0,406,0.289793,996,False,observed_zero,True,2832,Naive1|Naive2|Naive3,L5045,3
L5045,Trametinib,5,0.00077053,0,0.0,275,0.19628837,1127,False,observed_zero,True,8091,Naive1|Naive2|Naive3,L5045,3
L50672,Acid,9,0.00138696,18,0.00248413,86,0.06138473,5,True,observed_nonzero,True,7246,Naive1|Naive2|Naive3,L50672,4
L50672,Cisplatin,9,0.00138696,0,0.0,273,0.19486081,1129,False,observed_zero,True,6815,Naive1|Naive2|Naive3,L50672,4
L50672,CoCl2,9,0.00138696,0,0.0,320,0.22840828,1082,False,observed_zero,True,5134,Naive1|Naive2|Naive3,L50672,4
L50672,Dabrafenib,9,0.00138696,0,0.0,322,0.22983583,1080,False,observed_zero,True,6164,Naive1|Naive2|Naive3,L50672,4
L50672,Doxorubicin,9,0.00138696,0,0.0,406,0.289793,996,False,observed_zero,True,2832,Naive1|Naive2|Naive3,L50672,4
L50672,Trametinib,9,0.00138696,0,0.0,275,0.19628837,1127,False,observed_zero,True,8091,Naive1|Naive2|Naive3,L50672,4
L50675,Acid,1,0.00015411,0,0.0,666,0.47537473,736,False,observed_zero,True,7246,Naive1,L50675,1
L50675,Cisplatin,1,0.00015411,0,0.0,273,0.19486081,1129,False,observed_zero,True,6815,Naive1,L50675,1
L50675,CoCl2,1,0.00015411,0,0.0,320,0.22840828,1082,False,observed_zero,True,5134,Naive1,L50675,1
L50675,Dabrafenib,1,0.00015411,0,0.0,322,0.22983583,1080,False,observed_zero,True,6164,Naive1,L50675,1
L50675,Doxorubicin,1,0.00015411,0,0.0,406,0.289793,996,False,observed_zero,True,2832,Naive1,L50675,1
L50675,Trametinib,1,0.00015411,0,0.0,275,0.19628837,1127,False,observed_zero,True,8091,Naive1,L50675,1
L5070,Acid,1,0.00015411,0,0.0,666,0.47537473,736,False,observed_zero,True,7246,Naive3,L5070,1
L5070,Cisplatin,1,0.00015411,0,0.0,273,0.19486081,1129,False,observed_zero,True,6815,Naive3,L5070,1
L5070,CoCl2,1,0.00015411,0,0.0,320,0.22840828,1082,False,observed_zero,True,5134,Naive3,L5070,1
L5070,Dabrafenib,1,0.00015411,0,0.0,322,0.22983583,1080,False,observed_zero,True,6164,Naive3,L5070,1
L5070,Doxorubicin,1,0.00015411,0,0.0,406,0.289793,996,False,observed_zero,True,2832,Naive3,L5070,1
L5070,Trametinib,1,0.00015411,0,0.0,275,0.19628837,1127,False,observed_zero,True,8091,Naive3,L5070,1
L50807,Acid,6,0.00092464,3,0.00041402,318,0.22698073,62,True,observed_nonzero,True,7246,Naive1|Naive3,L50807,4
L50807,Cisplatin,6,0.00092464,0,0.0,273,0.19486081,1129,False,observed_zero,True,6815,Naive1|Naive3,L50807,4
L50807,CoCl2,6,0.00092464,0,0.0,320,0.22840828,1082,False,observed_zero,True,5134,Naive1|Naive3,L50807,4
L50807,Dabrafenib,6,0.00092464,0,0.0,322,0.22983583,1080,False,observed_zero,True,6164,Naive1|Naive3,L50807,4
L50807,Doxorubicin,6,0.00092464,0,0.0,406,0.289793,996,False,observed_zero,True,2832,Naive1|Naive3,L50807,4
L50807,Trametinib,6,0.00092464,0,0.0,275,0.19628837,1127,False,observed_zero,True,8091,Naive1|Naive3,L50807,4
L50844,Acid,2,0.00030821,0,0.0,666,0.47537473,736,False,observed_zero,True,7246,Naive2|Naive3,L50844,1
L50844,Cisplatin,2,0.00030821,0,0.0,273,0.19486081,1129,False,observed_zero,True,6815,Naive2|Naive3,L50844,1
L50844,CoCl2,2,0.00030821,0,0.0,320,0.22840828,1082,False,observed_zero,True,5134,Naive2|Naive3,L50844,1
L50844,Dabrafenib,2,0.00030821,0,0.0,322,0.22983583,1080,False,observed_zero,True,6164,Naive2|Naive3,L50844,1
L50844,Doxorubicin,2,0.00030821,0,0.0,406,0.289793,996,False,observed_zero,True,2832,Naive2|Naive3,L50844,1
L50844,Trametinib,2,0.00030821,0,0.0,275,0.19628837,1127,False,observed_zero,True,8091,Naive2|Naive3,L50844,1
L51013,Acid,1,0.00015411,0,0.0,666,0.47537473,736,False,observed_zero,True,7246,Naive1,L51013,3
L51013,Cisplatin,1,0.00015411,0,0.0,273,0.19486081,1129,False,observed_zero,True,6815,Naive1,L51013,3
L51013,CoCl2,1,0.00015411,0,0.0,320,0.22840828,1082,False,observed_zero,True,5134,Naive1,L51013,3
L51013,Dabrafenib,1,0.00015411,0,0.0,322,0.22983583,1080,False,observed_zero,True,6164,Naive1,L51013,3
L51013,Doxorubicin,1,0.00015411,0,0.0,406,0.289793,996,False,observed_zero,True,2832,Naive1,L51013,3
L51013,Trametinib,1,0.00015411,0,0.0,275,0.19628837,1127,False,observed_zero,True,8091,Naive1,L51013,3
L51134,Acid,13,0.00200339,3,0.00041402,318,0.22698073,62,True,observed_nonzero,True,7246,Naive1|Naive2|Naive3,L51134,0
L51134,Cisplatin,13,0.00200339,3,0.00044021,37,0.02640971,23,True,observed_nonzero,True,6815,Naive1|Naive2|Naive3,L51134,0
L51134,CoCl2,13,0.00200339,14,0.00272692,14,0.00999286,1,True,observed_nonzero,True,5134,Naive1|Naive2|Naive3,L51134,0
L51134,Dabrafenib,13,0.00200339,6,0.00097339,80,0.05710207,11,True,observed_nonzero,True,6164,Naive1|Naive2|Naive3,L51134,0
L51134,Doxorubicin,13,0.00200339,4,0.00141243,70,0.04996431,26,True,observed_nonzero,True,2832,Naive1|Naive2|Naive3,L51134,0
L51134,Trametinib,13,0.00200339,0,0.0,275,0.19628837,1127,False,observed_zero,True,8091,Naive1|Naive2|Naive3,L51134,0
L51167,Acid,1,0.00015411,0,0.0,666,0.47537473,736,False,observed_zero,True,7246,Naive3,L51167,2
L51167,Cisplatin,1,0.00015411,0,0.0,273,0.19486081,1129,False,observed_zero,True,6815,Naive3,L51167,2
L51167,CoCl2,1,0.00015411,1,0.00019478,179,0.12776588,141,True,observed_nonzero,True,5134,Naive3,L51167,2
L51167,Dabrafenib,1,0.00015411,6,0.00097339,80,0.05710207,11,True,observed_nonzero,True,6164,Naive3,L51167,2
L51167,Doxorubicin,1,0.00015411,0,0.0,406,0.289793,996,False,observed_zero,True,2832,Naive3,L51167,2
L51167,Trametinib,1,0.00015411,1,0.00012359,161,0.11491792,114,True,observed_nonzero,True,8091,Naive3,L51167,2
L51179,Acid,1,0.00015411,0,0.0,666,0.47537473,736,False,observed_zero,True,7246,Naive2,L51179,3
L51179,Cisplatin,1,0.00015411,0,0.0,273,0.19486081,1129,False,observed_zero,True,6815,Naive2,L51179,3
L51179,CoCl2,1,0.00015411,0,0.0,320,0.22840828,1082,False,observed_zero,True,5134,Naive2,L51179,3
L51179,Dabrafenib,1,0.00015411,0,0.0,322,0.22983583,1080,False,observed_zero,True,6164,Naive2,L51179,3
L51179,Doxorubicin,1,0.00015411,0,0.0,406,0.289793,996,False,observed_zero,True,2832,Naive2,L51179,3
L51179,Trametinib,1,0.00015411,0,0.0,275,0.19628837,1127,False,observed_zero,True,8091,Naive2,L51179,3
L51204,Acid,3,0.00046232,8,0.00110406,173,0.12348323,19,True,observed_nonzero,True,7246,Naive1|Naive3,L51204,1
L51204,Cisplatin,3,0.00046232,1,0.00014674,110,0.07851535,163,True,observed_nonzero,True,6815,Naive1|Naive3,L51204,1
L51204,CoCl2,3,0.00046232,0,0.0,320,0.22840828,1082,False,observed_zero,True,5134,Naive1|Naive3,L51204,1
L51204,Dabrafenib,3,0.00046232,0,0.0,322,0.22983583,1080,False,observed_zero,True,6164,Naive1|Naive3,L51204,1
L51204,Doxorubicin,3,0.00046232,4,0.00141243,70,0.04996431,26,True,observed_nonzero,True,2832,Naive1|Naive3,L51204,1
L51204,Trametinib,3,0.00046232,0,0.0,275,0.19628837,1127,False,observed_zero,True,8091,Naive1|Naive3,L51204,1
L51669,Acid,20,0.00308214,13,0.00179409,115,0.08208423,9,True,observed_nonzero,True,7246,Naive1|Naive2|Naive3,L51669,4
L51669,Cisplatin,20,0.00308214,0,0.0,273,0.19486081,1129,False,observed_zero,True,6815,Naive1|Naive2|Naive3,L51669,4
L51669,CoCl2,20,0.00308214,0,0.0,320,0.22840828,1082,False,observed_zero,True,5134,Naive1|Naive2|Naive3,L51669,4
L51669,Dabrafenib,20,0.00308214,0,0.0,322,0.22983583,1080,False,observed_zero,True,6164,Naive1|Naive2|Naive3,L51669,4
L51669,Doxorubicin,20,0.00308214,1,0.00035311,218,0.15560314,188,True,observed_nonzero,True,2832,Naive1|Naive2|Naive3,L51669,4
L51669,Trametinib,20,0.00308214,2,0.00024719,124,0.08850821,37,True,observed_nonzero,True,8091,Naive1|Naive2|Naive3,L51669,4
L5170,Acid,1,0.00015411,0,0.0,666,0.47537473,736,False,observed_zero,True,7246,Naive1,L5170,0
L5170,Cisplatin,1,0.00015411,0,0.0,273,0.19486081,1129,False,observed_zero,True,6815,Naive1,L5170,0
L5170,CoCl2,1,0.00015411,0,0.0,320,0.22840828,1082,False,observed_zero,True,5134,Naive1,L5170,0
L5170,Dabrafenib,1,0.00015411,0,0.0,322,0.22983583,1080,False,observed_zero,True,6164,Naive1,L5170,0
L5170,Doxorubicin,1,0.00015411,0,0.0,406,0.289793,996,False,observed_zero,True,2832,Naive1,L5170,0
L5170,Trametinib,1,0.00015411,0,0.0,275,0.19628837,1127,False,observed_zero,True,8091,Naive1,L5170,0
L52264,Acid,7,0.00107875,5,0.00069004,232,0.165596,35,True,observed_nonzero,True,7246,Naive1|Naive2|Naive3,L52264,2
L52264,Cisplatin,7,0.00107875,0,0.0,273,0.19486081,1129,False,observed_zero,True,6815,Naive1|Naive2|Naive3,L52264,2
L52264,CoCl2,7,0.00107875,1,0.00019478,179,0.12776588,141,True,observed_nonzero,True,5134,Naive1|Naive2|Naive3,L52264,2
L52264,Dabrafenib,7,0.00107875,0,0.0,322,0.22983583,1080,False,observed_zero,True,6164,Naive1|Naive2|Naive3,L52264,2
L52264,Doxorubicin,7,0.00107875,2,0.00070621,135,0.09635974,83,True,observed_nonzero,True,2832,Naive1|Naive2|Naive3,L52264,2
L52264,Trametinib,7,0.00107875,0,0.0,275,0.19628837,1127,False,observed_zero,True,8091,Naive1|Naive2|Naive3,L52264,2
L52309,Acid,3,0.00046232,2,0.00027601,380,0.27123483,107,True,observed_nonzero,True,7246,Naive2|Naive3,L52309,2
L52309,Cisplatin,3,0.00046232,0,0.0,273,0.19486081,1129,False,observed_zero,True,6815,Naive2|Naive3,L52309,2
L52309,CoCl2,3,0.00046232,0,0.0,320,0.22840828,1082,False,observed_zero,True,5134,Naive2|Naive3,L52309,2
L52309,Dabrafenib,3,0.00046232,0,0.0,322,0.22983583,1080,False,observed_zero,True,6164,Naive2|Naive3,L52309,2
L52309,Doxorubicin,3,0.00046232,1,0.00035311,218,0.15560314,188,True,observed_nonzero,True,2832,Naive2|Naive3,L52309,2
L52309,Trametinib,3,0.00046232,0,0.0,275,0.19628837,1127,False,observed_zero,True,8091,Naive2|Naive3,L52309,2
L52385,Acid,1,0.00015411,0,0.0,666,0.47537473,736,False,observed_zero,True,7246,Naive3,L52385,2
L52385,Cisplatin,1,0.00015411,0,0.0,273,0.19486081,1129,False,observed_zero,True,6815,Naive3,L52385,2
L52385,CoCl2,1,0.00015411,0,0.0,320,0.22840828,1082,False,observed_zero,True,5134,Naive3,L52385,2
L52385,Dabrafenib,1,0.00015411,0,0.0,322,0.22983583,1080,False,observed_zero,True,6164,Naive3,L52385,2
L52385,Doxorubicin,1,0.00015411,4,0.00141243,70,0.04996431,26,True,observed_nonzero,True,2832,Naive3,L52385,2
L52385,Trametinib,1,0.00015411,0,0.0,275,0.19628837,1127,False,observed_zero,True,8091,Naive3,L52385,2
L52613,Acid,12,0.00184928,19,0.00262214,78,0.05567452,8,True,observed_nonzero,True,7246,Naive1|Naive3,L52613,0
L52613,Cisplatin,12,0.00184928,0,0.0,273,0.19486081,1129,False,observed_zero,True,6815,Naive1|Naive3,L52613,0
L52613,CoCl2,12,0.00184928,1,0.00019478,179,0.12776588,141,True,observed_nonzero,True,5134,Naive1|Naive3,L52613,0
L52613,Dabrafenib,12,0.00184928,0,0.0,322,0.22983583,1080,False,observed_zero,True,6164,Naive1|Naive3,L52613,0
L52613,Doxorubicin,12,0.00184928,2,0.00070621,135,0.09635974,83,True,observed_nonzero,True,2832,Naive1|Naive3,L52613,0
L52613,Trametinib,12,0.00184928,0,0.0,275,0.19628837,1127,False,observed_zero,True,8091,Naive1|Naive3,L52613,0
L52820,Acid,12,0.00184928,19,0.00262214,78,0.05567452,8,True,observed_nonzero,True,7246,Naive1|Naive2|Naive3,L52820,0
L52820,Cisplatin,12,0.00184928,0,0.0,273,0.19486081,1129,False,observed_zero,True,6815,Naive1|Naive2|Naive3,L52820,0
L52820,CoCl2,12,0.00184928,0,0.0,320,0.22840828,1082,False,observed_zero,True,5134,Naive1|Naive2|Naive3,L52820,0
L52820,Dabrafenib,12,0.00184928,0,0.0,322,0.22983583,1080,False,observed_zero,True,6164,Naive1|Naive2|Naive3,L52820,0
L52820,Doxorubicin,12,0.00184928,1,0.00035311,218,0.15560314,188,True,observed_nonzero,True,2832,Naive1|Naive2|Naive3,L52820,0
L52820,Trametinib,12,0.00184928,2,0.00024719,124,0.08850821,37,True,observed_nonzero,True,8091,Naive1|Naive2|Naive3,L52820,0
L53092,Acid,6,0.00092464,8,0.00110406,173,0.12348323,19,True,observed_nonzero,True,7246,Naive1|Naive2|Naive3,L53092,3
L53092,Cisplatin,6,0.00092464,0,0.0,273,0.19486081,1129,False,observed_zero,True,6815,Naive1|Naive2|Naive3,L53092,3
L53092,CoCl2,6,0.00092464,2,0.00038956,110,0.07851535,69,True,observed_nonzero,True,5134,Naive1|Naive2|Naive3,L53092,3
L53092,Dabrafenib,6,0.00092464,0,0.0,322,0.22983583,1080,False,observed_zero,True,6164,Naive1|Naive2|Naive3,L53092,3
L53092,Doxorubicin,6,0.00092464,0,0.0,406,0.289793,996,False,observed_zero,True,2832,Naive1|Naive2|Naive3,L53092,3
L53092,Trametinib,6,0.00092464,0,0.0,275,0.19628837,1127,False,observed_zero,True,8091,Naive1|Naive2|Naive3,L53092,3
L5415,Acid,1,0.00015411,0,0.0,666,0.47537473,736,False,observed_zero,True,7246,Naive3,L5415,3
L5415,Cisplatin,1,0.00015411,0,0.0,273,0.19486081,1129,False,observed_zero,True,6815,Naive3,L5415,3
L5415,CoCl2,1,0.00015411,0,0.0,320,0.22840828,1082,False,observed_zero,True,5134,Naive3,L5415,3
L5415,Dabrafenib,1,0.00015411,0,0.0,322,0.22983583,1080,False,observed_zero,True,6164,Naive3,L5415,3
L5415,Doxorubicin,1,0.00015411,0,0.0,406,0.289793,996,False,observed_zero,True,2832,Naive3,L5415,3
L5415,Trametinib,1,0.00015411,0,0.0,275,0.19628837,1127,False,observed_zero,True,8091,Naive3,L5415,3
L54153,Acid,31,0.00477732,39,0.00538228,36,0.02569593,2,True,observed_nonzero,True,7246,Naive1|Naive2|Naive3,L54153,2
L54153,Cisplatin,31,0.00477732,3,0.00044021,37,0.02640971,23,True,observed_nonzero,True,6815,Naive1|Naive2|Naive3,L54153,2
L54153,CoCl2,31,0.00477732,0,0.0,320,0.22840828,1082,False,observed_zero,True,5134,Naive1|Naive2|Naive3,L54153,2
L54153,Dabrafenib,31,0.00477732,0,0.0,322,0.22983583,1080,False,observed_zero,True,6164,Naive1|Naive2|Naive3,L54153,2
L54153,Doxorubicin,31,0.00477732,6,0.00211864,50,0.03568879,9,True,observed_nonzero,True,2832,Naive1|Naive2|Naive3,L54153,2
L54153,Trametinib,31,0.00477732,0,0.0,275,0.19628837,1127,False,observed_zero,True,8091,Naive1|Naive2|Naive3,L54153,2
L54250,Acid,18,0.00277393,48,0.00662434,23,0.01641685,1,True,observed_nonzero,True,7246,Naive1|Naive2|Naive3,L54250,4
L54250,Cisplatin,18,0.00277393,0,0.0,273,0.19486081,1129,False,observed_zero,True,6815,Naive1|Naive2|Naive3,L54250,4
L54250,CoCl2,18,0.00277393,4,0.00077912,63,0.04496788,17,True,observed_nonzero,True,5134,Naive1|Naive2|Naive3,L54250,4
L54250,Dabrafenib,18,0.00277393,9,0.00146009,62,0.0442541,7,True,observed_nonzero,True,6164,Naive1|Naive2|Naive3,L54250,4
L54250,Doxorubicin,18,0.00277393,0,0.0,406,0.289793,996,False,observed_zero,True,2832,Naive1|Naive2|Naive3,L54250,4
L54250,Trametinib,18,0.00277393,3,0.00037078,100,0.07137759,24,True,observed_nonzero,True,8091,Naive1|Naive2|Naive3,L54250,4
L54385,Acid,1,0.00015411,0,0.0,666,0.47537473,736,False,observed_zero,True,7246,Naive2,L54385,0
L54385,Cisplatin,1,0.00015411,0,0.0,273,0.19486081,1129,False,observed_zero,True,6815,Naive2,L54385,0
L54385,CoCl2,1,0.00015411,0,0.0,320,0.22840828,1082,False,observed_zero,True,5134,Naive2,L54385,0
L54385,Dabrafenib,1,0.00015411,0,0.0,322,0.22983583,1080,False,observed_zero,True,6164,Naive2,L54385,0
L54385,Doxorubicin,1,0.00015411,0,0.0,406,0.289793,996,False,observed_zero,True,2832,Naive2,L54385,0
L54385,Trametinib,1,0.00015411,0,0.0,275,0.19628837,1127,False,observed_zero,True,8091,Naive2,L54385,0
L54918,Acid,4,0.00061643,0,0.0,666,0.47537473,736,False,observed_zero,True,7246,Naive1|Naive3,L54918,1
L54918,Cisplatin,4,0.00061643,0,0.0,273,0.19486081,1129,False,observed_zero,True,6815,Naive1|Naive3,L54918,1
L54918,CoCl2,4,0.00061643,0,0.0,320,0.22840828,1082,False,observed_zero,True,5134,Naive1|Naive3,L54918,1
L54918,Dabrafenib,4,0.00061643,0,0.0,322,0.22983583,1080,False,observed_zero,True,6164,Naive1|Naive3,L54918,1
L54918,Doxorubicin,4,0.00061643,2,0.00070621,135,0.09635974,83,True,observed_nonzero,True,2832,Naive1|Naive3,L54918,1
L54918,Trametinib,4,0.00061643,0,0.0,275,0.19628837,1127,False,observed_zero,True,8091,Naive1|Naive3,L54918,1
L5495,Acid,15,0.0023116,27,0.00372619,49,0.03497502,4,True,observed_nonzero,True,7246,Naive1|Naive2|Naive3,L5495,0
L5495,Cisplatin,15,0.0023116,2,0.00029347,60,0.04282655,50,True,observed_nonzero,True,6815,Naive1|Naive2|Naive3,L5495,0
L5495,CoCl2,15,0.0023116,0,0.0,320,0.22840828,1082,False,observed_zero,True,5134,Naive1|Naive2|Naive3,L5495,0
L5495,Dabrafenib,15,0.0023116,2,0.00032446,135,0.09635974,47,True,observed_nonzero,True,6164,Naive1|Naive2|Naive3,L5495,0
L5495,Doxorubicin,15,0.0023116,0,0.0,406,0.289793,996,False,observed_zero,True,2832,Naive1|Naive2|Naive3,L5495,0
L5495,Trametinib,15,0.0023116,2,0.00024719,124,0.08850821,37,True,observed_nonzero,True,8091,Naive1|Naive2|Naive3,L5495,0
L55,Acid,6,0.00092464,1,0.00013801,487,0.34760885,179,True,observed_nonzero,True,7246,Naive2|Naive3,L55,0
L55,Cisplatin,6,0.00092464,0,0.0,273,0.19486081,1129,False,observed_zero,True,6815,Naive2|Naive3,L55,0
L55,CoCl2,6,0.00092464,1,0.00019478,179,0.12776588,141,True,observed_nonzero,True,5134,Naive2|Naive3,L55,0
L55,Dabrafenib,6,0.00092464,0,0.0,322,0.22983583,1080,False,observed_zero,True,6164,Naive2|Naive3,L55,0
L55,Doxorubicin,6,0.00092464,2,0.00070621,135,0.09635974,83,True,observed_nonzero,True,2832,Naive2|Naive3,L55,0
L55,Trametinib,6,0.00092464,0,0.0,275,0.19628837,1127,False,observed_zero,True,8091,Naive2|Naive3,L55,0
L55260,Acid,8,0.00123286,7,0.00096605,192,0.13704497,24,True,observed_nonzero,True,7246,Naive1|Naive3,L55260,4
L55260,Cisplatin,8,0.00123286,1,0.00014674,110,0.07851535,163,True,observed_nonzero,True,6815,Naive1|Naive3,L55260,4
L55260,CoCl2,8,0.00123286,2,0.00038956,110,0.07851535,69,True,observed_nonzero,True,5134,Naive1|Naive3,L55260,4
L55260,Dabrafenib,8,0.00123286,11,0.00178456,50,0.03568879,6,True,observed_nonzero,True,6164,Naive1|Naive3,L55260,4
L55260,Doxorubicin,8,0.00123286,0,0.0,406,0.289793,996,False,observed_zero,True,2832,Naive1|Naive3,L55260,4
L55260,Trametinib,8,0.00123286,13,0.00160672,38,0.02712348,4,True,observed_nonzero,True,8091,Naive1|Naive3,L55260,4
L55272,Acid,1,0.00015411,0,0.0,666,0.47537473,736,False,observed_zero,True,7246,Naive2,L55272,4
L55272,Cisplatin,1,0.00015411,0,0.0,273,0.19486081,1129,False,observed_zero,True,6815,Naive2,L55272,4
L55272,CoCl2,1,0.00015411,0,0.0,320,0.22840828,1082,False,observed_zero,True,5134,Naive2,L55272,4
L55272,Dabrafenib,1,0.00015411,0,0.0,322,0.22983583,1080,False,observed_zero,True,6164,Naive2,L55272,4
L55272,Doxorubicin,1,0.00015411,1,0.00035311,218,0.15560314,188,True,observed_nonzero,True,2832,Naive2,L55272,4
L55272,Trametinib,1,0.00015411,3,0.00037078,100,0.07137759,24,True,observed_nonzero,True,8091,Naive2,L55272,4
L55579,Acid,4,0.00061643,0,0.0,666,0.47537473,736,False,observed_zero,True,7246,Naive1|Naive2|Naive3,L55579,1
L55579,Cisplatin,4,0.00061643,0,0.0,273,0.19486081,1129,False,observed_zero,True,6815,Naive1|Naive2|Naive3,L55579,1
L55579,CoCl2,4,0.00061643,0,0.0,320,0.22840828,1082,False,observed_zero,True,5134,Naive1|Naive2|Naive3,L55579,1
L55579,Dabrafenib,4,0.00061643,0,0.0,322,0.22983583,1080,False,observed_zero,True,6164,Naive1|Naive2|Naive3,L55579,1
L55579,Doxorubicin,4,0.00061643,0,0.0,406,0.289793,996,False,observed_zero,True,2832,Naive1|Naive2|Naive3,L55579,1
L55579,Trametinib,4,0.00061643,0,0.0,275,0.19628837,1127,False,observed_zero,True,8091,Naive1|Naive2|Naive3,L55579,1
L55883,Acid,2,0.00030821,0,0.0,666,0.47537473,736,False,observed_zero,True,7246,Naive2,L55883,2
L55883,Cisplatin,2,0.00030821,0,0.0,273,0.19486081,1129,False,observed_zero,True,6815,Naive2,L55883,2
L55883,CoCl2,2,0.00030821,0,0.0,320,0.22840828,1082,False,observed_zero,True,5134,Naive2,L55883,2
L55883,Dabrafenib,2,0.00030821,0,0.0,322,0.22983583,1080,False,observed_zero,True,6164,Naive2,L55883,2
L55883,Doxorubicin,2,0.00030821,0,0.0,406,0.289793,996,False,observed_zero,True,2832,Naive2,L55883,2
L55883,Trametinib,2,0.00030821,0,0.0,275,0.19628837,1127,False,observed_zero,True,8091,Naive2,L55883,2
L55974,Acid,13,0.00200339,37,0.00510627,39,0.02783726,1,True,observed_nonzero,True,7246,Naive1|Naive2|Naive3,L55974,3
L55974,Cisplatin,13,0.00200339,1,0.00014674,110,0.07851535,163,True,observed_nonzero,True,6815,Naive1|Naive2|Naive3,L55974,3
L55974,CoCl2,13,0.00200339,0,0.0,320,0.22840828,1082,False,observed_zero,True,5134,Naive1|Naive2|Naive3,L55974,3
L55974,Dabrafenib,13,0.00200339,0,0.0,322,0.22983583,1080,False,observed_zero,True,6164,Naive1|Naive2|Naive3,L55974,3
L55974,Doxorubicin,13,0.00200339,4,0.00141243,70,0.04996431,26,True,observed_nonzero,True,2832,Naive1|Naive2|Naive3,L55974,3
L55974,Trametinib,13,0.00200339,0,0.0,275,0.19628837,1127,False,observed_zero,True,8091,Naive1|Naive2|Naive3,L55974,3
L56263,Acid,1,0.00015411,0,0.0,666,0.47537473,736,False,observed_zero,True,7246,Naive3,L56263,3
L56263,Cisplatin,1,0.00015411,0,0.0,273,0.19486081,1129,False,observed_zero,True,6815,Naive3,L56263,3
L56263,CoCl2,1,0.00015411,1,0.00019478,179,0.12776588,141,True,observed_nonzero,True,5134,Naive3,L56263,3
L56263,Dabrafenib,1,0.00015411,1,0.00016223,182,0.12990721,140,True,observed_nonzero,True,6164,Naive3,L56263,3
L56263,Doxorubicin,1,0.00015411,0,0.0,406,0.289793,996,False,observed_zero,True,2832,Naive3,L56263,3
L56263,Trametinib,1,0.00015411,0,0.0,275,0.19628837,1127,False,observed_zero,True,8091,Naive3,L56263,3
L56535,Acid,1,0.00015411,0,0.0,666,0.47537473,736,False,observed_zero,True,7246,Naive1,L56535,2
L56535,Cisplatin,1,0.00015411,0,0.0,273,0.19486081,1129,False,observed_zero,True,6815,Naive1,L56535,2
L56535,CoCl2,1,0.00015411,0,0.0,320,0.22840828,1082,False,observed_zero,True,5134,Naive1,L56535,2
L56535,Dabrafenib,1,0.00015411,0,0.0,322,0.22983583,1080,False,observed_zero,True,6164,Naive1,L56535,2
L56535,Doxorubicin,1,0.00015411,0,0.0,406,0.289793,996,False,observed_zero,True,2832,Naive1,L56535,2
L56535,Trametinib,1,0.00015411,0,0.0,275,0.19628837,1127,False,observed_zero,True,8091,Naive1,L56535,2
L56999,Acid,33,0.00508553,83,0.0114546,10,0.00713776,1,True,observed_nonzero,True,7246,Naive1|Naive2|Naive3,L56999,0
L56999,Cisplatin,33,0.00508553,3,0.00044021,37,0.02640971,23,True,observed_nonzero,True,6815,Naive1|Naive2|Naive3,L56999,0
L56999,CoCl2,33,0.00508553,1,0.00019478,179,0.12776588,141,True,observed_nonzero,True,5134,Naive1|Naive2|Naive3,L56999,0
L56999,Dabrafenib,33,0.00508553,0,0.0,322,0.22983583,1080,False,observed_zero,True,6164,Naive1|Naive2|Naive3,L56999,0
L56999,Doxorubicin,33,0.00508553,7,0.00247175,41,0.02926481,9,True,observed_nonzero,True,2832,Naive1|Naive2|Naive3,L56999,0
L56999,Trametinib,33,0.00508553,1,0.00012359,161,0.11491792,114,True,observed_nonzero,True,8091,Naive1|Naive2|Naive3,L56999,0
L57101,Acid,5,0.00077053,2,0.00027601,380,0.27123483,107,True,observed_nonzero,True,7246,Naive1|Naive2|Naive3,L57101,0
L57101,Cisplatin,5,0.00077053,0,0.0,273,0.19486081,1129,False,observed_zero,True,6815,Naive1|Naive2|Naive3,L57101,0
L57101,CoCl2,5,0.00077053,0,0.0,320,0.22840828,1082,False,observed_zero,True,5134,Naive1|Naive2|Naive3,L57101,0
L57101,Dabrafenib,5,0.00077053,0,0.0,322,0.22983583,1080,False,observed_zero,True,6164,Naive1|Naive2|Naive3,L57101,0
L57101,Doxorubicin,5,0.00077053,9,0.00317797,27,0.01927195,5,True,observed_nonzero,True,2832,Naive1|Naive2|Naive3,L57101,0
L57101,Trametinib,5,0.00077053,0,0.0,275,0.19628837,1127,False,observed_zero,True,8091,Naive1|Naive2|Naive3,L57101,0
L57672,Acid,2,0.00030821,0,0.0,666,0.47537473,736,False,observed_zero,True,7246,Naive3,L57672,2
L57672,Cisplatin,2,0.00030821,0,0.0,273,0.19486081,1129,False,observed_zero,True,6815,Naive3,L57672,2
L57672,CoCl2,2,0.00030821,0,0.0,320,0.22840828,1082,False,observed_zero,True,5134,Naive3,L57672,2
L57672,Dabrafenib,2,0.00030821,0,0.0,322,0.22983583,1080,False,observed_zero,True,6164,Naive3,L57672,2
L57672,Doxorubicin,2,0.00030821,0,0.0,406,0.289793,996,False,observed_zero,True,2832,Naive3,L57672,2
L57672,Trametinib,2,0.00030821,0,0.0,275,0.19628837,1127,False,observed_zero,True,8091,Naive3,L57672,2
L57740,Acid,1,0.00015411,1,0.00013801,487,0.34760885,179,True,observed_nonzero,True,7246,Naive3,L57740,1
L57740,Cisplatin,1,0.00015411,0,0.0,273,0.19486081,1129,False,observed_zero,True,6815,Naive3,L57740,1
L57740,CoCl2,1,0.00015411,0,0.0,320,0.22840828,1082,False,observed_zero,True,5134,Naive3,L57740,1
L57740,Dabrafenib,1,0.00015411,0,0.0,322,0.22983583,1080,False,observed_zero,True,6164,Naive3,L57740,1
L57740,Doxorubicin,1,0.00015411,1,0.00035311,218,0.15560314,188,True,observed_nonzero,True,2832,Naive3,L57740,1
L57740,Trametinib,1,0.00015411,0,0.0,275,0.19628837,1127,False,observed_zero,True,8091,Naive3,L57740,1
L58090,Acid,16,0.00246571,0,0.0,666,0.47537473,736,False,observed_zero,True,7246,Naive1|Naive2|Naive3,L58090,2
L58090,Cisplatin,16,0.00246571,0,0.0,273,0.19486081,1129,False,observed_zero,True,6815,Naive1|Naive2|Naive3,L58090,2
L58090,CoCl2,16,0.00246571,1,0.00019478,179,0.12776588,141,True,observed_nonzero,True,5134,Naive1|Naive2|Naive3,L58090,2
L58090,Dabrafenib,16,0.00246571,2,0.00032446,135,0.09635974,47,True,observed_nonzero,True,6164,Naive1|Naive2|Naive3,L58090,2
L58090,Doxorubicin,16,0.00246571,1,0.00035311,218,0.15560314,188,True,observed_nonzero,True,2832,Naive1|Naive2|Naive3,L58090,2
L58090,Trametinib,16,0.00246571,2,0.00024719,124,0.08850821,37,True,observed_nonzero,True,8091,Naive1|Naive2|Naive3,L58090,2
L58986,Acid,1,0.00015411,0,0.0,666,0.47537473,736,False,observed_zero,True,7246,Naive2,L58986,0
L58986,Cisplatin,1,0.00015411,0,0.0,273,0.19486081,1129,False,observed_zero,True,6815,Naive2,L58986,0
L58986,CoCl2,1,0.00015411,0,0.0,320,0.22840828,1082,False,observed_zero,True,5134,Naive2,L58986,0
L58986,Dabrafenib,1,0.00015411,0,0.0,322,0.22983583,1080,False,observed_zero,True,6164,Naive2,L58986,0
L58986,Doxorubicin,1,0.00015411,2,0.00070621,135,0.09635974,83,True,observed_nonzero,True,2832,Naive2,L58986,0
L58986,Trametinib,1,0.00015411,0,0.0,275,0.19628837,1127,False,observed_zero,True,8091,Naive2,L58986,0
L5905,Acid,2,0.00030821,0,0.0,666,0.47537473,736,False,observed_zero,True,7246,Naive2|Naive3,L5905,4
L5905,Cisplatin,2,0.00030821,0,0.0,273,0.19486081,1129,False,observed_zero,True,6815,Naive2|Naive3,L5905,4
L5905,CoCl2,2,0.00030821,2,0.00038956,110,0.07851535,69,True,observed_nonzero,True,5134,Naive2|Naive3,L5905,4
L5905,Dabrafenib,2,0.00030821,0,0.0,322,0.22983583,1080,False,observed_zero,True,6164,Naive2|Naive3,L5905,4
L5905,Doxorubicin,2,0.00030821,0,0.0,406,0.289793,996,False,observed_zero,True,2832,Naive2|Naive3,L5905,4
L5905,Trametinib,2,0.00030821,0,0.0,275,0.19628837,1127,False,observed_zero,True,8091,Naive2|Naive3,L5905,4
L5936,Acid,1,0.00015411,1,0.00013801,487,0.34760885,179,True,observed_nonzero,True,7246,Naive2,L5936,3
L5936,Cisplatin,1,0.00015411,0,0.0,273,0.19486081,1129,False,observed_zero,True,6815,Naive2,L5936,3
L5936,CoCl2,1,0.00015411,0,0.0,320,0.22840828,1082,False,observed_zero,True,5134,Naive2,L5936,3
L5936,Dabrafenib,1,0.00015411,0,0.0,322,0.22983583,1080,False,observed_zero,True,6164,Naive2,L5936,3
L5936,Doxorubicin,1,0.00015411,0,0.0,406,0.289793,996,False,observed_zero,True,2832,Naive2,L5936,3
L5936,Trametinib,1,0.00015411,0,0.0,275,0.19628837,1127,False,observed_zero,True,8091,Naive2,L5936,3
L59420,Acid,28,0.00431499,34,0.00469224,41,0.02926481,2,True,observed_nonzero,True,7246,Naive1|Naive2|Naive3,L59420,0
L59420,Cisplatin,28,0.00431499,6,0.00088041,16,0.01142041,2,True,observed_nonzero,True,6815,Naive1|Naive2|Naive3,L59420,0
L59420,CoCl2,28,0.00431499,1,0.00019478,179,0.12776588,141,True,observed_nonzero,True,5134,Naive1|Naive2|Naive3,L59420,0
L59420,Dabrafenib,28,0.00431499,0,0.0,322,0.22983583,1080,False,observed_zero,True,6164,Naive1|Naive2|Naive3,L59420,0
L59420,Doxorubicin,28,0.00431499,0,0.0,406,0.289793,996,False,observed_zero,True,2832,Naive1|Naive2|Naive3,L59420,0
L59420,Trametinib,28,0.00431499,3,0.00037078,100,0.07137759,24,True,observed_nonzero,True,8091,Naive1|Naive2|Naive3,L59420,0
L5986,Acid,2,0.00030821,1,0.00013801,487,0.34760885,179,True,observed_nonzero,True,7246,Naive3,L5986,3
L5986,Cisplatin,2,0.00030821,0,0.0,273,0.19486081,1129,False,observed_zero,True,6815,Naive3,L5986,3
L5986,CoCl2,2,0.00030821,0,0.0,320,0.22840828,1082,False,observed_zero,True,5134,Naive3,L5986,3
L5986,Dabrafenib,2,0.00030821,0,0.0,322,0.22983583,1080,False,observed_zero,True,6164,Naive3,L5986,3
L5986,Doxorubicin,2,0.00030821,0,0.0,406,0.289793,996,False,observed_zero,True,2832,Naive3,L5986,3
L5986,Trametinib,2,0.00030821,0,0.0,275,0.19628837,1127,False,observed_zero,True,8091,Naive3,L5986,3
L60064,Acid,1,0.00015411,2,0.00027601,380,0.27123483,107,True,observed_nonzero,True,7246,Naive3,L60064,3
L60064,Cisplatin,1,0.00015411,1,0.00014674,110,0.07851535,163,True,observed_nonzero,True,6815,Naive3,L60064,3
L60064,CoCl2,1,0.00015411,2,0.00038956,110,0.07851535,69,True,observed_nonzero,True,5134,Naive3,L60064,3
L60064,Dabrafenib,1,0.00015411,0,0.0,322,0.22983583,1080,False,observed_zero,True,6164,Naive3,L60064,3
L60064,Doxorubicin,1,0.00015411,1,0.00035311,218,0.15560314,188,True,observed_nonzero,True,2832,Naive3,L60064,3
L60064,Trametinib,1,0.00015411,0,0.0,275,0.19628837,1127,False,observed_zero,True,8091,Naive3,L60064,3
L6043,Acid,12,0.00184928,14,0.0019321,103,0.07351892,12,True,observed_nonzero,True,7246,Naive1|Naive2|Naive3,L6043,1
L6043,Cisplatin,12,0.00184928,0,0.0,273,0.19486081,1129,False,observed_zero,True,6815,Naive1|Naive2|Naive3,L6043,1
L6043,CoCl2,12,0.00184928,2,0.00038956,110,0.07851535,69,True,observed_nonzero,True,5134,Naive1|Naive2|Naive3,L6043,1
L6043,Dabrafenib,12,0.00184928,0,0.0,322,0.22983583,1080,False,observed_zero,True,6164,Naive1|Naive2|Naive3,L6043,1
L6043,Doxorubicin,12,0.00184928,2,0.00070621,135,0.09635974,83,True,observed_nonzero,True,2832,Naive1|Naive2|Naive3,L6043,1
L6043,Trametinib,12,0.00184928,1,0.00012359,161,0.11491792,114,True,observed_nonzero,True,8091,Naive1|Naive2|Naive3,L6043,1
L60553,Acid,2,0.00030821,0,0.0,666,0.47537473,736,False,observed_zero,True,7246,Naive3,L60553,4
L60553,Cisplatin,2,0.00030821,0,0.0,273,0.19486081,1129,False,observed_zero,True,6815,Naive3,L60553,4
L60553,CoCl2,2,0.00030821,0,0.0,320,0.22840828,1082,False,observed_zero,True,5134,Naive3,L60553,4
L60553,Dabrafenib,2,0.00030821,0,0.0,322,0.22983583,1080,False,observed_zero,True,6164,Naive3,L60553,4
L60553,Doxorubicin,2,0.00030821,0,0.0,406,0.289793,996,False,observed_zero,True,2832,Naive3,L60553,4
L60553,Trametinib,2,0.00030821,0,0.0,275,0.19628837,1127,False,observed_zero,True,8091,Naive3,L60553,4
L60620,Acid,1,0.00015411,1,0.00013801,487,0.34760885,179,True,observed_nonzero,True,7246,Naive1,L60620,0
L60620,Cisplatin,1,0.00015411,1,0.00014674,110,0.07851535,163,True,observed_nonzero,True,6815,Naive1,L60620,0
L60620,CoCl2,1,0.00015411,0,0.0,320,0.22840828,1082,False,observed_zero,True,5134,Naive1,L60620,0
L60620,Dabrafenib,1,0.00015411,3,0.0004867,113,0.08065667,22,True,observed_nonzero,True,6164,Naive1,L60620,0
L60620,Doxorubicin,1,0.00015411,0,0.0,406,0.289793,996,False,observed_zero,True,2832,Naive1,L60620,0
L60620,Trametinib,1,0.00015411,1,0.00012359,161,0.11491792,114,True,observed_nonzero,True,8091,Naive1,L60620,0
L61163,Acid,5,0.00077053,0,0.0,666,0.47537473,736,False,observed_zero,True,7246,Naive1|Naive2|Naive3,L61163,3
L61163,Cisplatin,5,0.00077053,1,0.00014674,110,0.07851535,163,True,observed_nonzero,True,6815,Naive1|Naive2|Naive3,L61163,3
L61163,CoCl2,5,0.00077053,19,0.00370082,7,0.00499643,1,True,observed_nonzero,True,5134,Naive1|Naive2|Naive3,L61163,3
L61163,Dabrafenib,5,0.00077053,0,0.0,322,0.22983583,1080,False,observed_zero,True,6164,Naive1|Naive2|Naive3,L61163,3
L61163,Doxorubicin,5,0.00077053,0,0.0,406,0.289793,996,False,observed_zero,True,2832,Naive1|Naive2|Naive3,L61163,3
L61163,Trametinib,5,0.00077053,0,0.0,275,0.19628837,1127,False,observed_zero,True,8091,Naive1|Naive2|Naive3,L61163,3
L61172,Acid,4,0.00061643,14,0.0019321,103,0.07351892,12,True,observed_nonzero,True,7246,Naive1|Naive2|Naive3,L61172,3
L61172,Cisplatin,4,0.00061643,1,0.00014674,110,0.07851535,163,True,observed_nonzero,True,6815,Naive1|Naive2|Naive3,L61172,3
L61172,CoCl2,4,0.00061643,2,0.00038956,110,0.07851535,69,True,observed_nonzero,True,5134,Naive1|Naive2|Naive3,L61172,3
L61172,Dabrafenib,4,0.00061643,0,0.0,322,0.22983583,1080,False,observed_zero,True,6164,Naive1|Naive2|Naive3,L61172,3
L61172,Doxorubicin,4,0.00061643,0,0.0,406,0.289793,996,False,observed_zero,True,2832,Naive1|Naive2|Naive3,L61172,3
L61172,Trametinib,4,0.00061643,0,0.0,275,0.19628837,1127,False,observed_zero,True,8091,Naive1|Naive2|Naive3,L61172,3
L61259,Acid,4,0.00061643,7,0.00096605,192,0.13704497,24,True,observed_nonzero,True,7246,Naive1|Naive3,L61259,2
L61259,Cisplatin,4,0.00061643,1,0.00014674,110,0.07851535,163,True,observed_nonzero,True,6815,Naive1|Naive3,L61259,2
L61259,CoCl2,4,0.00061643,0,0.0,320,0.22840828,1082,False,observed_zero,True,5134,Naive1|Naive3,L61259,2
L61259,Dabrafenib,4,0.00061643,0,0.0,322,0.22983583,1080,False,observed_zero,True,6164,Naive1|Naive3,L61259,2
L61259,Doxorubicin,4,0.00061643,0,0.0,406,0.289793,996,False,observed_zero,True,2832,Naive1|Naive3,L61259,2
L61259,Trametinib,4,0.00061643,0,0.0,275,0.19628837,1127,False,observed_zero,True,8091,Naive1|Naive3,L61259,2
L61285,Acid,1,0.00015411,0,0.0,666,0.47537473,736,False,observed_zero,True,7246,Naive3,L61285,3
L61285,Cisplatin,1,0.00015411,0,0.0,273,0.19486081,1129,False,observed_zero,True,6815,Naive3,L61285,3
L61285,CoCl2,1,0.00015411,0,0.0,320,0.22840828,1082,False,observed_zero,True,5134,Naive3,L61285,3
L61285,Dabrafenib,1,0.00015411,0,0.0,322,0.22983583,1080,False,observed_zero,True,6164,Naive3,L61285,3
L61285,Doxorubicin,1,0.00015411,0,0.0,406,0.289793,996,False,observed_zero,True,2832,Naive3,L61285,3
L61285,Trametinib,1,0.00015411,0,0.0,275,0.19628837,1127,False,observed_zero,True,8091,Naive3,L61285,3
L61442,Acid,1,0.00015411,0,0.0,666,0.47537473,736,False,observed_zero,True,7246,Naive3,L61442,3
L61442,Cisplatin,1,0.00015411,0,0.0,273,0.19486081,1129,False,observed_zero,True,6815,Naive3,L61442,3
L61442,CoCl2,1,0.00015411,0,0.0,320,0.22840828,1082,False,observed_zero,True,5134,Naive3,L61442,3
L61442,Dabrafenib,1,0.00015411,0,0.0,322,0.22983583,1080,False,observed_zero,True,6164,Naive3,L61442,3
L61442,Doxorubicin,1,0.00015411,0,0.0,406,0.289793,996,False,observed_zero,True,2832,Naive3,L61442,3
L61442,Trametinib,1,0.00015411,0,0.0,275,0.19628837,1127,False,observed_zero,True,8091,Naive3,L61442,3
L61693,Acid,1,0.00015411,0,0.0,666,0.47537473,736,False,observed_zero,True,7246,Naive1,L61693,2
L61693,Cisplatin,1,0.00015411,0,0.0,273,0.19486081,1129,False,observed_zero,True,6815,Naive1,L61693,2
L61693,CoCl2,1,0.00015411,0,0.0,320,0.22840828,1082,False,observed_zero,True,5134,Naive1,L61693,2
L61693,Dabrafenib,1,0.00015411,0,0.0,322,0.22983583,1080,False,observed_zero,True,6164,Naive1,L61693,2
L61693,Doxorubicin,1,0.00015411,0,0.0,406,0.289793,996,False,observed_zero,True,2832,Naive1,L61693,2
L61693,Trametinib,1,0.00015411,0,0.0,275,0.19628837,1127,False,observed_zero,True,8091,Naive1,L61693,2
L61901,Acid,1,0.00015411,0,0.0,666,0.47537473,736,False,observed_zero,True,7246,Naive3,L61901,4
L61901,Cisplatin,1,0.00015411,0,0.0,273,0.19486081,1129,False,observed_zero,True,6815,Naive3,L61901,4
L61901,CoCl2,1,0.00015411,0,0.0,320,0.22840828,1082,False,observed_zero,True,5134,Naive3,L61901,4
L61901,Dabrafenib,1,0.00015411,0,0.0,322,0.22983583,1080,False,observed_zero,True,6164,Naive3,L61901,4
L61901,Doxorubicin,1,0.00015411,0,0.0,406,0.289793,996,False,observed_zero,True,2832,Naive3,L61901,4
L61901,Trametinib,1,0.00015411,0,0.0,275,0.19628837,1127,False,observed_zero,True,8091,Naive3,L61901,4
L62285,Acid,1,0.00015411,0,0.0,666,0.47537473,736,False,observed_zero,True,7246,Naive2,L62285,0
L62285,Cisplatin,1,0.00015411,0,0.0,273,0.19486081,1129,False,observed_zero,True,6815,Naive2,L62285,0
L62285,CoCl2,1,0.00015411,0,0.0,320,0.22840828,1082,False,observed_zero,True,5134,Naive2,L62285,0
L62285,Dabrafenib,1,0.00015411,0,0.0,322,0.22983583,1080,False,observed_zero,True,6164,Naive2,L62285,0
L62285,Doxorubicin,1,0.00015411,0,0.0,406,0.289793,996,False,observed_zero,True,2832,Naive2,L62285,0
L62285,Trametinib,1,0.00015411,0,0.0,275,0.19628837,1127,False,observed_zero,True,8091,Naive2,L62285,0
L62684,Acid,21,0.00323625,8,0.00110406,173,0.12348323,19,True,observed_nonzero,True,7246,Naive1|Naive2|Naive3,L62684,1
L62684,Cisplatin,21,0.00323625,4,0.00058694,23,0.01641685,14,True,observed_nonzero,True,6815,Naive1|Naive2|Naive3,L62684,1
L62684,CoCl2,21,0.00323625,1,0.00019478,179,0.12776588,141,True,observed_nonzero,True,5134,Naive1|Naive2|Naive3,L62684,1
L62684,Dabrafenib,21,0.00323625,0,0.0,322,0.22983583,1080,False,observed_zero,True,6164,Naive1|Naive2|Naive3,L62684,1
L62684,Doxorubicin,21,0.00323625,1,0.00035311,218,0.15560314,188,True,observed_nonzero,True,2832,Naive1|Naive2|Naive3,L62684,1
L62684,Trametinib,21,0.00323625,0,0.0,275,0.19628837,1127,False,observed_zero,True,8091,Naive1|Naive2|Naive3,L62684,1
L62700,Acid,12,0.00184928,15,0.00207011,97,0.06923626,6,True,observed_nonzero,True,7246,Naive1|Naive2|Naive3,L62700,2
L62700,Cisplatin,12,0.00184928,0,0.0,273,0.19486081,1129,False,observed_zero,True,6815,Naive1|Naive2|Naive3,L62700,2
L62700,CoCl2,12,0.00184928,2,0.00038956,110,0.07851535,69,True,observed_nonzero,True,5134,Naive1|Naive2|Naive3,L62700,2
L62700,Dabrafenib,12,0.00184928,0,0.0,322,0.22983583,1080,False,observed_zero,True,6164,Naive1|Naive2|Naive3,L62700,2
L62700,Doxorubicin,12,0.00184928,0,0.0,406,0.289793,996,False,observed_zero,True,2832,Naive1|Naive2|Naive3,L62700,2
L62700,Trametinib,12,0.00184928,1,0.00012359,161,0.11491792,114,True,observed_nonzero,True,8091,Naive1|Naive2|Naive3,L62700,2
L62936,Acid,3,0.00046232,1,0.00013801,487,0.34760885,179,True,observed_nonzero,True,7246,Naive2,L62936,0
L62936,Cisplatin,3,0.00046232,0,0.0,273,0.19486081,1129,False,observed_zero,True,6815,Naive2,L62936,0
L62936,CoCl2,3,0.00046232,0,0.0,320,0.22840828,1082,False,observed_zero,True,5134,Naive2,L62936,0
L62936,Dabrafenib,3,0.00046232,0,0.0,322,0.22983583,1080,False,observed_zero,True,6164,Naive2,L62936,0
L62936,Doxorubicin,3,0.00046232,0,0.0,406,0.289793,996,False,observed_zero,True,2832,Naive2,L62936,0
L62936,Trametinib,3,0.00046232,1,0.00012359,161,0.11491792,114,True,observed_nonzero,True,8091,Naive2,L62936,0
L63265,Acid,1,0.00015411,5,0.00069004,232,0.165596,35,True,observed_nonzero,True,7246,Naive3,L63265,3
L63265,Cisplatin,1,0.00015411,0,0.0,273,0.19486081,1129,False,observed_zero,True,6815,Naive3,L63265,3
L63265,CoCl2,1,0.00015411,0,0.0,320,0.22840828,1082,False,observed_zero,True,5134,Naive3,L63265,3
L63265,Dabrafenib,1,0.00015411,0,0.0,322,0.22983583,1080,False,observed_zero,True,6164,Naive3,L63265,3
L63265,Doxorubicin,1,0.00015411,0,0.0,406,0.289793,996,False,observed_zero,True,2832,Naive3,L63265,3
L63265,Trametinib,1,0.00015411,0,0.0,275,0.19628837,1127,False,observed_zero,True,8091,Naive3,L63265,3
L6369,Acid,37,0.00570196,46,0.00634833,26,0.01855817,2,True,observed_nonzero,True,7246,Naive1|Naive2|Naive3,L6369,4
L6369,Cisplatin,37,0.00570196,1,0.00014674,110,0.07851535,163,True,observed_nonzero,True,6815,Naive1|Naive2|Naive3,L6369,4
L6369,CoCl2,37,0.00570196,10,0.0019478,19,0.01356174,5,True,observed_nonzero,True,5134,Naive1|Naive2|Naive3,L6369,4
L6369,Dabrafenib,37,0.00570196,3,0.0004867,113,0.08065667,22,True,observed_nonzero,True,6164,Naive1|Naive2|Naive3,L6369,4
L6369,Doxorubicin,37,0.00570196,1,0.00035311,218,0.15560314,188,True,observed_nonzero,True,2832,Naive1|Naive2|Naive3,L6369,4
L6369,Trametinib,37,0.00570196,2,0.00024719,124,0.08850821,37,True,observed_nonzero,True,8091,Naive1|Naive2|Naive3,L6369,4
L64121,Acid,4,0.00061643,6,0.00082804,216,0.15417559,16,True,observed_nonzero,True,7246,Naive1|Naive2|Naive3,L64121,3
L64121,Cisplatin,4,0.00061643,1,0.00014674,110,0.07851535,163,True,observed_nonzero,True,6815,Naive1|Naive2|Naive3,L64121,3
L64121,CoCl2,4,0.00061643,4,0.00077912,63,0.04496788,17,True,observed_nonzero,True,5134,Naive1|Naive2|Naive3,L64121,3
L64121,Dabrafenib,4,0.00061643,0,0.0,322,0.22983583,1080,False,observed_zero,True,6164,Naive1|Naive2|Naive3,L64121,3
L64121,Doxorubicin,4,0.00061643,1,0.00035311,218,0.15560314,188,True,observed_nonzero,True,2832,Naive1|Naive2|Naive3,L64121,3
L64121,Trametinib,4,0.00061643,0,0.0,275,0.19628837,1127,False,observed_zero,True,8091,Naive1|Naive2|Naive3,L64121,3
L64481,Acid,1,0.00015411,0,0.0,666,0.47537473,736,False,observed_zero,True,7246,Naive1,L64481,2
L64481,Cisplatin,1,0.00015411,0,0.0,273,0.19486081,1129,False,observed_zero,True,6815,Naive1,L64481,2
L64481,CoCl2,1,0.00015411,0,0.0,320,0.22840828,1082,False,observed_zero,True,5134,Naive1,L64481,2
L64481,Dabrafenib,1,0.00015411,0,0.0,322,0.22983583,1080,False,observed_zero,True,6164,Naive1,L64481,2
L64481,Doxorubicin,1,0.00015411,0,0.0,406,0.289793,996,False,observed_zero,True,2832,Naive1,L64481,2
L64481,Trametinib,1,0.00015411,0,0.0,275,0.19628837,1127,False,observed_zero,True,8091,Naive1,L64481,2
L64673,Acid,1,0.00015411,0,0.0,666,0.47537473,736,False,observed_zero,True,7246,Naive2,L64673,0
L64673,Cisplatin,1,0.00015411,0,0.0,273,0.19486081,1129,False,observed_zero,True,6815,Naive2,L64673,0
L64673,CoCl2,1,0.00015411,0,0.0,320,0.22840828,1082,False,observed_zero,True,5134,Naive2,L64673,0
L64673,Dabrafenib,1,0.00015411,0,0.0,322,0.22983583,1080,False,observed_zero,True,6164,Naive2,L64673,0
L64673,Doxorubicin,1,0.00015411,1,0.00035311,218,0.15560314,188,True,observed_nonzero,True,2832,Naive2,L64673,0
L64673,Trametinib,1,0.00015411,0,0.0,275,0.19628837,1127,False,observed_zero,True,8091,Naive2,L64673,0
L64746,Acid,1,0.00015411,0,0.0,666,0.47537473,736,False,observed_zero,True,7246,Naive3,L64746,0
L64746,Cisplatin,1,0.00015411,0,0.0,273,0.19486081,1129,False,observed_zero,True,6815,Naive3,L64746,0
L64746,CoCl2,1,0.00015411,0,0.0,320,0.22840828,1082,False,observed_zero,True,5134,Naive3,L64746,0
L64746,Dabrafenib,1,0.00015411,0,0.0,322,0.22983583,1080,False,observed_zero,True,6164,Naive3,L64746,0
L64746,Doxorubicin,1,0.00015411,1,0.00035311,218,0.15560314,188,True,observed_nonzero,True,2832,Naive3,L64746,0
L64746,Trametinib,1,0.00015411,0,0.0,275,0.19628837,1127,False,observed_zero,True,8091,Naive3,L64746,0
L64783,Acid,1,0.00015411,0,0.0,666,0.47537473,736,False,observed_zero,True,7246,Naive3,L64783,4
L64783,Cisplatin,1,0.00015411,0,0.0,273,0.19486081,1129,False,observed_zero,True,6815,Naive3,L64783,4
L64783,CoCl2,1,0.00015411,0,0.0,320,0.22840828,1082,False,observed_zero,True,5134,Naive3,L64783,4
L64783,Dabrafenib,1,0.00015411,0,0.0,322,0.22983583,1080,False,observed_zero,True,6164,Naive3,L64783,4
L64783,Doxorubicin,1,0.00015411,0,0.0,406,0.289793,996,False,observed_zero,True,2832,Naive3,L64783,4
L64783,Trametinib,1,0.00015411,0,0.0,275,0.19628837,1127,False,observed_zero,True,8091,Naive3,L64783,4
L64990,Acid,20,0.00308214,51,0.00703837,21,0.01498929,1,True,observed_nonzero,True,7246,Naive1|Naive2|Naive3,L64990,4
L64990,Cisplatin,20,0.00308214,0,0.0,273,0.19486081,1129,False,observed_zero,True,6815,Naive1|Naive2|Naive3,L64990,4
L64990,CoCl2,20,0.00308214,1,0.00019478,179,0.12776588,141,True,observed_nonzero,True,5134,Naive1|Naive2|Naive3,L64990,4
L64990,Dabrafenib,20,0.00308214,0,0.0,322,0.22983583,1080,False,observed_zero,True,6164,Naive1|Naive2|Naive3,L64990,4
L64990,Doxorubicin,20,0.00308214,2,0.00070621,135,0.09635974,83,True,observed_nonzero,True,2832,Naive1|Naive2|Naive3,L64990,4
L64990,Trametinib,20,0.00308214,0,0.0,275,0.19628837,1127,False,observed_zero,True,8091,Naive1|Naive2|Naive3,L64990,4
L65002,Acid,3,0.00046232,0,0.0,666,0.47537473,736,False,observed_zero,True,7246,Naive2|Naive3,L65002,2
L65002,Cisplatin,3,0.00046232,0,0.0,273,0.19486081,1129,False,observed_zero,True,6815,Naive2|Naive3,L65002,2
L65002,CoCl2,3,0.00046232,0,0.0,320,0.22840828,1082,False,observed_zero,True,5134,Naive2|Naive3,L65002,2
L65002,Dabrafenib,3,0.00046232,0,0.0,322,0.22983583,1080,False,observed_zero,True,6164,Naive2|Naive3,L65002,2
L65002,Doxorubicin,3,0.00046232,0,0.0,406,0.289793,996,False,observed_zero,True,2832,Naive2|Naive3,L65002,2
L65002,Trametinib,3,0.00046232,0,0.0,275,0.19628837,1127,False,observed_zero,True,8091,Naive2|Naive3,L65002,2
L65036,Acid,1,0.00015411,0,0.0,666,0.47537473,736,False,observed_zero,True,7246,Naive3,L65036,0
L65036,Cisplatin,1,0.00015411,0,0.0,273,0.19486081,1129,False,observed_zero,True,6815,Naive3,L65036,0
L65036,CoCl2,1,0.00015411,0,0.0,320,0.22840828,1082,False,observed_zero,True,5134,Naive3,L65036,0
L65036,Dabrafenib,1,0.00015411,0,0.0,322,0.22983583,1080,False,observed_zero,True,6164,Naive3,L65036,0
L65036,Doxorubicin,1,0.00015411,3,0.00105932,96,0.06852248,39,True,observed_nonzero,True,2832,Naive3,L65036,0
L65036,Trametinib,1,0.00015411,0,0.0,275,0.19628837,1127,False,observed_zero,True,8091,Naive3,L65036,0
L65794,Acid,4,0.00061643,4,0.00055203,267,0.19057816,51,True,observed_nonzero,True,7246,Naive2|Naive3,L65794,4
L65794,Cisplatin,4,0.00061643,2,0.00029347,60,0.04282655,50,True,observed_nonzero,True,6815,Naive2|Naive3,L65794,4
L65794,CoCl2,4,0.00061643,0,0.0,320,0.22840828,1082,False,observed_zero,True,5134,Naive2|Naive3,L65794,4
L65794,Dabrafenib,4,0.00061643,2,0.00032446,135,0.09635974,47,True,observed_nonzero,True,6164,Naive2|Naive3,L65794,4
L65794,Doxorubicin,4,0.00061643,0,0.0,406,0.289793,996,False,observed_zero,True,2832,Naive2|Naive3,L65794,4
L65794,Trametinib,4,0.00061643,0,0.0,275,0.19628837,1127,False,observed_zero,True,8091,Naive2|Naive3,L65794,4
L65984,Acid,1,0.00015411,0,0.0,666,0.47537473,736,False,observed_zero,True,7246,Naive2,L65984,2
L65984,Cisplatin,1,0.00015411,0,0.0,273,0.19486081,1129,False,observed_zero,True,6815,Naive2,L65984,2
L65984,CoCl2,1,0.00015411,0,0.0,320,0.22840828,1082,False,observed_zero,True,5134,Naive2,L65984,2
L65984,Dabrafenib,1,0.00015411,0,0.0,322,0.22983583,1080,False,observed_zero,True,6164,Naive2,L65984,2
L65984,Doxorubicin,1,0.00015411,0,0.0,406,0.289793,996,False,observed_zero,True,2832,Naive2,L65984,2
L65984,Trametinib,1,0.00015411,0,0.0,275,0.19628837,1127,False,observed_zero,True,8091,Naive2,L65984,2
L66014,Acid,2,0.00030821,1,0.00013801,487,0.34760885,179,True,observed_nonzero,True,7246,Naive3,L66014,4
L66014,Cisplatin,2,0.00030821,0,0.0,273,0.19486081,1129,False,observed_zero,True,6815,Naive3,L66014,4
L66014,CoCl2,2,0.00030821,0,0.0,320,0.22840828,1082,False,observed_zero,True,5134,Naive3,L66014,4
L66014,Dabrafenib,2,0.00030821,0,0.0,322,0.22983583,1080,False,observed_zero,True,6164,Naive3,L66014,4
L66014,Doxorubicin,2,0.00030821,0,0.0,406,0.289793,996,False,observed_zero,True,2832,Naive3,L66014,4
L66014,Trametinib,2,0.00030821,0,0.0,275,0.19628837,1127,False,observed_zero,True,8091,Naive3,L66014,4
L66057,Acid,1,0.00015411,0,0.0,666,0.47537473,736,False,observed_zero,True,7246,Naive3,L66057,4
L66057,Cisplatin,1,0.00015411,0,0.0,273,0.19486081,1129,False,observed_zero,True,6815,Naive3,L66057,4
L66057,CoCl2,1,0.00015411,0,0.0,320,0.22840828,1082,False,observed_zero,True,5134,Naive3,L66057,4
L66057,Dabrafenib,1,0.00015411,0,0.0,322,0.22983583,1080,False,observed_zero,True,6164,Naive3,L66057,4
L66057,Doxorubicin,1,0.00015411,0,0.0,406,0.289793,996,False,observed_zero,True,2832,Naive3,L66057,4
L66057,Trametinib,1,0.00015411,0,0.0,275,0.19628837,1127,False,observed_zero,True,8091,Naive3,L66057,4
L66204,Acid,4,0.00061643,0,0.0,666,0.47537473,736,False,observed_zero,True,7246,Naive1|Naive2|Naive3,L66204,2
L66204,Cisplatin,4,0.00061643,0,0.0,273,0.19486081,1129,False,observed_zero,True,6815,Naive1|Naive2|Naive3,L66204,2
L66204,CoCl2,4,0.00061643,0,0.0,320,0.22840828,1082,False,observed_zero,True,5134,Naive1|Naive2|Naive3,L66204,2
L66204,Dabrafenib,4,0.00061643,0,0.0,322,0.22983583,1080,False,observed_zero,True,6164,Naive1|Naive2|Naive3,L66204,2
L66204,Doxorubicin,4,0.00061643,0,0.0,406,0.289793,996,False,observed_zero,True,2832,Naive1|Naive2|Naive3,L66204,2
L66204,Trametinib,4,0.00061643,0,0.0,275,0.19628837,1127,False,observed_zero,True,8091,Naive1|Naive2|Naive3,L66204,2
L66476,Acid,2,0.00030821,2,0.00027601,380,0.27123483,107,True,observed_nonzero,True,7246,Naive3,L66476,1
L66476,Cisplatin,2,0.00030821,0,0.0,273,0.19486081,1129,False,observed_zero,True,6815,Naive3,L66476,1
L66476,CoCl2,2,0.00030821,0,0.0,320,0.22840828,1082,False,observed_zero,True,5134,Naive3,L66476,1
L66476,Dabrafenib,2,0.00030821,1,0.00016223,182,0.12990721,140,True,observed_nonzero,True,6164,Naive3,L66476,1
L66476,Doxorubicin,2,0.00030821,0,0.0,406,0.289793,996,False,observed_zero,True,2832,Naive3,L66476,1
L66476,Trametinib,2,0.00030821,0,0.0,275,0.19628837,1127,False,observed_zero,True,8091,Naive3,L66476,1
L66506,Acid,2,0.00030821,0,0.0,666,0.47537473,736,False,observed_zero,True,7246,Naive2,L66506,0
L66506,Cisplatin,2,0.00030821,0,0.0,273,0.19486081,1129,False,observed_zero,True,6815,Naive2,L66506,0
L66506,CoCl2,2,0.00030821,0,0.0,320,0.22840828,1082,False,observed_zero,True,5134,Naive2,L66506,0
L66506,Dabrafenib,2,0.00030821,0,0.0,322,0.22983583,1080,False,observed_zero,True,6164,Naive2,L66506,0
L66506,Doxorubicin,2,0.00030821,0,0.0,406,0.289793,996,False,observed_zero,True,2832,Naive2,L66506,0
L66506,Trametinib,2,0.00030821,0,0.0,275,0.19628837,1127,False,observed_zero,True,8091,Naive2,L66506,0
L66564,Acid,8,0.00123286,7,0.00096605,192,0.13704497,24,True,observed_nonzero,True,7246,Naive1|Naive2|Naive3,L66564,1
L66564,Cisplatin,8,0.00123286,0,0.0,273,0.19486081,1129,False,observed_zero,True,6815,Naive1|Naive2|Naive3,L66564,1
L66564,CoCl2,8,0.00123286,8,0.00155824,25,0.0178444,5,True,observed_nonzero,True,5134,Naive1|Naive2|Naive3,L66564,1
L66564,Dabrafenib,8,0.00123286,0,0.0,322,0.22983583,1080,False,observed_zero,True,6164,Naive1|Naive2|Naive3,L66564,1
L66564,Doxorubicin,8,0.00123286,1,0.00035311,218,0.15560314,188,True,observed_nonzero,True,2832,Naive1|Naive2|Naive3,L66564,1
L66564,Trametinib,8,0.00123286,0,0.0,275,0.19628837,1127,False,observed_zero,True,8091,Naive1|Naive2|Naive3,L66564,1
L66947,Acid,1,0.00015411,0,0.0,666,0.47537473,736,False,observed_zero,True,7246,Naive3,L66947,2
L66947,Cisplatin,1,0.00015411,0,0.0,273,0.19486081,1129,False,observed_zero,True,6815,Naive3,L66947,2
L66947,CoCl2,1,0.00015411,1,0.00019478,179,0.12776588,141,True,observed_nonzero,True,5134,Naive3,L66947,2
L66947,Dabrafenib,1,0.00015411,0,0.0,322,0.22983583,1080,False,observed_zero,True,6164,Naive3,L66947,2
L66947,Doxorubicin,1,0.00015411,0,0.0,406,0.289793,996,False,observed_zero,True,2832,Naive3,L66947,2
L66947,Trametinib,1,0.00015411,0,0.0,275,0.19628837,1127,False,observed_zero,True,8091,Naive3,L66947,2
L67284,Acid,7,0.00107875,1,0.00013801,487,0.34760885,179,True,observed_nonzero,True,7246,Naive1|Naive2|Naive3,L67284,3
L67284,Cisplatin,7,0.00107875,0,0.0,273,0.19486081,1129,False,observed_zero,True,6815,Naive1|Naive2|Naive3,L67284,3
L67284,CoCl2,7,0.00107875,0,0.0,320,0.22840828,1082,False,observed_zero,True,5134,Naive1|Naive2|Naive3,L67284,3
L67284,Dabrafenib,7,0.00107875,0,0.0,322,0.22983583,1080,False,observed_zero,True,6164,Naive1|Naive2|Naive3,L67284,3
L67284,Doxorubicin,7,0.00107875,0,0.0,406,0.289793,996,False,observed_zero,True,2832,Naive1|Naive2|Naive3,L67284,3
L67284,Trametinib,7,0.00107875,0,0.0,275,0.19628837,1127,False,observed_zero,True,8091,Naive1|Naive2|Naive3,L67284,3
L67792,Acid,2,0.00030821,0,0.0,666,0.47537473,736,False,observed_zero,True,7246,Naive2|Naive3,L67792,4
L67792,Cisplatin,2,0.00030821,0,0.0,273,0.19486081,1129,False,observed_zero,True,6815,Naive2|Naive3,L67792,4
L67792,CoCl2,2,0.00030821,0,0.0,320,0.22840828,1082,False,observed_zero,True,5134,Naive2|Naive3,L67792,4
L67792,Dabrafenib,2,0.00030821,0,0.0,322,0.22983583,1080,False,observed_zero,True,6164,Naive2|Naive3,L67792,4
L67792,Doxorubicin,2,0.00030821,1,0.00035311,218,0.15560314,188,True,observed_nonzero,True,2832,Naive2|Naive3,L67792,4
L67792,Trametinib,2,0.00030821,0,0.0,275,0.19628837,1127,False,observed_zero,True,8091,Naive2|Naive3,L67792,4
L67907,Acid,3,0.00046232,0,0.0,666,0.47537473,736,False,observed_zero,True,7246,Naive1|Naive3,L67907,4
L67907,Cisplatin,3,0.00046232,0,0.0,273,0.19486081,1129,False,observed_zero,True,6815,Naive1|Naive3,L67907,4
L67907,CoCl2,3,0.00046232,0,0.0,320,0.22840828,1082,False,observed_zero,True,5134,Naive1|Naive3,L67907,4
L67907,Dabrafenib,3,0.00046232,0,0.0,322,0.22983583,1080,False,observed_zero,True,6164,Naive1|Naive3,L67907,4
L67907,Doxorubicin,3,0.00046232,0,0.0,406,0.289793,996,False,observed_zero,True,2832,Naive1|Naive3,L67907,4
L67907,Trametinib,3,0.00046232,0,0.0,275,0.19628837,1127,False,observed_zero,True,8091,Naive1|Naive3,L67907,4
L67920,Acid,1,0.00015411,0,0.0,666,0.47537473,736,False,observed_zero,True,7246,Naive3,L67920,1
L67920,Cisplatin,1,0.00015411,0,0.0,273,0.19486081,1129,False,observed_zero,True,6815,Naive3,L67920,1
L67920,CoCl2,1,0.00015411,0,0.0,320,0.22840828,1082,False,observed_zero,True,5134,Naive3,L67920,1
L67920,Dabrafenib,1,0.00015411,0,0.0,322,0.22983583,1080,False,observed_zero,True,6164,Naive3,L67920,1
L67920,Doxorubicin,1,0.00015411,0,0.0,406,0.289793,996,False,observed_zero,True,2832,Naive3,L67920,1
L67920,Trametinib,1,0.00015411,0,0.0,275,0.19628837,1127,False,observed_zero,True,8091,Naive3,L67920,1
L68231,Acid,10,0.00154107,3,0.00041402,318,0.22698073,62,True,observed_nonzero,True,7246,Naive1|Naive2|Naive3,L68231,0
L68231,Cisplatin,10,0.00154107,1,0.00014674,110,0.07851535,163,True,observed_nonzero,True,6815,Naive1|Naive2|Naive3,L68231,0
L68231,CoCl2,10,0.00154107,0,0.0,320,0.22840828,1082,False,observed_zero,True,5134,Naive1|Naive2|Naive3,L68231,0
L68231,Dabrafenib,10,0.00154107,0,0.0,322,0.22983583,1080,False,observed_zero,True,6164,Naive1|Naive2|Naive3,L68231,0
L68231,Doxorubicin,10,0.00154107,2,0.00070621,135,0.09635974,83,True,observed_nonzero,True,2832,Naive1|Naive2|Naive3,L68231,0
L68231,Trametinib,10,0.00154107,0,0.0,275,0.19628837,1127,False,observed_zero,True,8091,Naive1|Naive2|Naive3,L68231,0
L68277,Acid,7,0.00107875,2,0.00027601,380,0.27123483,107,True,observed_nonzero,True,7246,Naive1|Naive2|Naive3,L68277,4
L68277,Cisplatin,7,0.00107875,2,0.00029347,60,0.04282655,50,True,observed_nonzero,True,6815,Naive1|Naive2|Naive3,L68277,4
L68277,CoCl2,7,0.00107875,1,0.00019478,179,0.12776588,141,True,observed_nonzero,True,5134,Naive1|Naive2|Naive3,L68277,4
L68277,Dabrafenib,7,0.00107875,1,0.00016223,182,0.12990721,140,True,observed_nonzero,True,6164,Naive1|Naive2|Naive3,L68277,4
L68277,Doxorubicin,7,0.00107875,4,0.00141243,70,0.04996431,26,True,observed_nonzero,True,2832,Naive1|Naive2|Naive3,L68277,4
L68277,Trametinib,7,0.00107875,1,0.00012359,161,0.11491792,114,True,observed_nonzero,True,8091,Naive1|Naive2|Naive3,L68277,4
L68311,Acid,14,0.0021575,3,0.00041402,318,0.22698073,62,True,observed_nonzero,True,7246,Naive1|Naive2|Naive3,L68311,2
L68311,Cisplatin,14,0.0021575,0,0.0,273,0.19486081,1129,False,observed_zero,True,6815,Naive1|Naive2|Naive3,L68311,2
L68311,CoCl2,14,0.0021575,0,0.0,320,0.22840828,1082,False,observed_zero,True,5134,Naive1|Naive2|Naive3,L68311,2
L68311,Dabrafenib,14,0.0021575,0,0.0,322,0.22983583,1080,False,observed_zero,True,6164,Naive1|Naive2|Naive3,L68311,2
L68311,Doxorubicin,14,0.0021575,1,0.00035311,218,0.15560314,188,True,observed_nonzero,True,2832,Naive1|Naive2|Naive3,L68311,2
L68311,Trametinib,14,0.0021575,0,0.0,275,0.19628837,1127,False,observed_zero,True,8091,Naive1|Naive2|Naive3,L68311,2
L68739,Acid,1,0.00015411,0,0.0,666,0.47537473,736,False,observed_zero,True,7246,Naive3,L68739,2
L68739,Cisplatin,1,0.00015411,0,0.0,273,0.19486081,1129,False,observed_zero,True,6815,Naive3,L68739,2
L68739,CoCl2,1,0.00015411,0,0.0,320,0.22840828,1082,False,observed_zero,True,5134,Naive3,L68739,2
L68739,Dabrafenib,1,0.00015411,0,0.0,322,0.22983583,1080,False,observed_zero,True,6164,Naive3,L68739,2
L68739,Doxorubicin,1,0.00015411,0,0.0,406,0.289793,996,False,observed_zero,True,2832,Naive3,L68739,2
L68739,Trametinib,1,0.00015411,0,0.0,275,0.19628837,1127,False,observed_zero,True,8091,Naive3,L68739,2
L68749,Acid,1,0.00015411,0,0.0,666,0.47537473,736,False,observed_zero,True,7246,Naive1,L68749,0
L68749,Cisplatin,1,0.00015411,0,0.0,273,0.19486081,1129,False,observed_zero,True,6815,Naive1,L68749,0
L68749,CoCl2,1,0.00015411,0,0.0,320,0.22840828,1082,False,observed_zero,True,5134,Naive1,L68749,0
L68749,Dabrafenib,1,0.00015411,1,0.00016223,182,0.12990721,140,True,observed_nonzero,True,6164,Naive1,L68749,0
L68749,Doxorubicin,1,0.00015411,0,0.0,406,0.289793,996,False,observed_zero,True,2832,Naive1,L68749,0
L68749,Trametinib,1,0.00015411,0,0.0,275,0.19628837,1127,False,observed_zero,True,8091,Naive1,L68749,0
L68970,Acid,1,0.00015411,1,0.00013801,487,0.34760885,179,True,observed_nonzero,True,7246,Naive3,L68970,3
L68970,Cisplatin,1,0.00015411,0,0.0,273,0.19486081,1129,False,observed_zero,True,6815,Naive3,L68970,3
L68970,CoCl2,1,0.00015411,0,0.0,320,0.22840828,1082,False,observed_zero,True,5134,Naive3,L68970,3
L68970,Dabrafenib,1,0.00015411,0,0.0,322,0.22983583,1080,False,observed_zero,True,6164,Naive3,L68970,3
L68970,Doxorubicin,1,0.00015411,0,0.0,406,0.289793,996,False,observed_zero,True,2832,Naive3,L68970,3
L68970,Trametinib,1,0.00015411,0,0.0,275,0.19628837,1127,False,observed_zero,True,8091,Naive3,L68970,3
L69200,Acid,2,0.00030821,0,0.0,666,0.47537473,736,False,observed_zero,True,7246,Naive1|Naive2,L69200,3
L69200,Cisplatin,2,0.00030821,0,0.0,273,0.19486081,1129,False,observed_zero,True,6815,Naive1|Naive2,L69200,3
L69200,CoCl2,2,0.00030821,0,0.0,320,0.22840828,1082,False,observed_zero,True,5134,Naive1|Naive2,L69200,3
L69200,Dabrafenib,2,0.00030821,0,0.0,322,0.22983583,1080,False,observed_zero,True,6164,Naive1|Naive2,L69200,3
L69200,Doxorubicin,2,0.00030821,0,0.0,406,0.289793,996,False,observed_zero,True,2832,Naive1|Naive2,L69200,3
L69200,Trametinib,2,0.00030821,0,0.0,275,0.19628837,1127,False,observed_zero,True,8091,Naive1|Naive2,L69200,3
L69282,Acid,1,0.00015411,4,0.00055203,267,0.19057816,51,True,observed_nonzero,True,7246,Naive3,L69282,3
L69282,Cisplatin,1,0.00015411,0,0.0,273,0.19486081,1129,False,observed_zero,True,6815,Naive3,L69282,3
L69282,CoCl2,1,0.00015411,1,0.00019478,179,0.12776588,141,True,observed_nonzero,True,5134,Naive3,L69282,3
L69282,Dabrafenib,1,0.00015411,0,0.0,322,0.22983583,1080,False,observed_zero,True,6164,Naive3,L69282,3
L69282,Doxorubicin,1,0.00015411,0,0.0,406,0.289793,996,False,observed_zero,True,2832,Naive3,L69282,3
L69282,Trametinib,1,0.00015411,0,0.0,275,0.19628837,1127,False,observed_zero,True,8091,Naive3,L69282,3
L69904,Acid,5,0.00077053,3,0.00041402,318,0.22698073,62,True,observed_nonzero,True,7246,Naive2|Naive3,L69904,4
L69904,Cisplatin,5,0.00077053,2,0.00029347,60,0.04282655,50,True,observed_nonzero,True,6815,Naive2|Naive3,L69904,4
L69904,CoCl2,5,0.00077053,0,0.0,320,0.22840828,1082,False,observed_zero,True,5134,Naive2|Naive3,L69904,4
L69904,Dabrafenib,5,0.00077053,0,0.0,322,0.22983583,1080,False,observed_zero,True,6164,Naive2|Naive3,L69904,4
L69904,Doxorubicin,5,0.00077053,0,0.0,406,0.289793,996,False,observed_zero,True,2832,Naive2|Naive3,L69904,4
L69904,Trametinib,5,0.00077053,0,0.0,275,0.19628837,1127,False,observed_zero,True,8091,Naive2|Naive3,L69904,4
L70348,Acid,2,0.00030821,8,0.00110406,173,0.12348323,19,True,observed_nonzero,True,7246,Naive1,L70348,3
L70348,Cisplatin,2,0.00030821,0,0.0,273,0.19486081,1129,False,observed_zero,True,6815,Naive1,L70348,3
L70348,CoCl2,2,0.00030821,0,0.0,320,0.22840828,1082,False,observed_zero,True,5134,Naive1,L70348,3
L70348,Dabrafenib,2,0.00030821,10,0.00162232,56,0.03997145,6,True,observed_nonzero,True,6164,Naive1,L70348,3
L70348,Doxorubicin,2,0.00030821,0,0.0,406,0.289793,996,False,observed_zero,True,2832,Naive1,L70348,3
L70348,Trametinib,2,0.00030821,1,0.00012359,161,0.11491792,114,True,observed_nonzero,True,8091,Naive1,L70348,3
L70542,Acid,2,0.00030821,2,0.00027601,380,0.27123483,107,True,observed_nonzero,True,7246,Naive2|Naive3,L70542,1
L70542,Cisplatin,2,0.00030821,0,0.0,273,0.19486081,1129,False,observed_zero,True,6815,Naive2|Naive3,L70542,1
L70542,CoCl2,2,0.00030821,0,0.0,320,0.22840828,1082,False,observed_zero,True,5134,Naive2|Naive3,L70542,1
L70542,Dabrafenib,2,0.00030821,1,0.00016223,182,0.12990721,140,True,observed_nonzero,True,6164,Naive2|Naive3,L70542,1
L70542,Doxorubicin,2,0.00030821,0,0.0,406,0.289793,996,False,observed_zero,True,2832,Naive2|Naive3,L70542,1
L70542,Trametinib,2,0.00030821,0,0.0,275,0.19628837,1127,False,observed_zero,True,8091,Naive2|Naive3,L70542,1
L70669,Acid,88,0.01356141,229,0.03160364,4,0.0028551,1,True,observed_nonzero,True,7246,Naive1|Naive2|Naive3,L70669,3
L70669,Cisplatin,88,0.01356141,5,0.00073368,18,0.01284797,5,True,observed_nonzero,True,6815,Naive1|Naive2|Naive3,L70669,3
L70669,CoCl2,88,0.01356141,5,0.0009739,47,0.03354747,16,True,observed_nonzero,True,5134,Naive1|Naive2|Naive3,L70669,3
L70669,Dabrafenib,88,0.01356141,16,0.00259572,38,0.02712348,4,True,observed_nonzero,True,6164,Naive1|Naive2|Naive3,L70669,3
L70669,Doxorubicin,88,0.01356141,21,0.00741525,9,0.00642398,1,True,observed_nonzero,True,2832,Naive1|Naive2|Naive3,L70669,3
L70669,Trametinib,88,0.01356141,10,0.00123594,50,0.03568879,7,True,observed_nonzero,True,8091,Naive1|Naive2|Naive3,L70669,3
L70717,Acid,1,0.00015411,0,0.0,666,0.47537473,736,False,observed_zero,True,7246,Naive3,L70717,1
L70717,Cisplatin,1,0.00015411,1,0.00014674,110,0.07851535,163,True,observed_nonzero,True,6815,Naive3,L70717,1
L70717,CoCl2,1,0.00015411,0,0.0,320,0.22840828,1082,False,observed_zero,True,5134,Naive3,L70717,1
L70717,Dabrafenib,1,0.00015411,0,0.0,322,0.22983583,1080,False,observed_zero,True,6164,Naive3,L70717,1
L70717,Doxorubicin,1,0.00015411,1,0.00035311,218,0.15560314,188,True,observed_nonzero,True,2832,Naive3,L70717,1
L70717,Trametinib,1,0.00015411,0,0.0,275,0.19628837,1127,False,observed_zero,True,8091,Naive3,L70717,1
L71065,Acid,1,0.00015411,0,0.0,666,0.47537473,736,False,observed_zero,True,7246,Naive2,L71065,4
L71065,Cisplatin,1,0.00015411,0,0.0,273,0.19486081,1129,False,observed_zero,True,6815,Naive2,L71065,4
L71065,CoCl2,1,0.00015411,0,0.0,320,0.22840828,1082,False,observed_zero,True,5134,Naive2,L71065,4
L71065,Dabrafenib,1,0.00015411,0,0.0,322,0.22983583,1080,False,observed_zero,True,6164,Naive2,L71065,4
L71065,Doxorubicin,1,0.00015411,1,0.00035311,218,0.15560314,188,True,observed_nonzero,True,2832,Naive2,L71065,4
L71065,Trametinib,1,0.00015411,0,0.0,275,0.19628837,1127,False,observed_zero,True,8091,Naive2,L71065,4
L7120,Acid,6,0.00092464,1,0.00013801,487,0.34760885,179,True,observed_nonzero,True,7246,Naive1|Naive2|Naive3,L7120,3
L7120,Cisplatin,6,0.00092464,0,0.0,273,0.19486081,1129,False,observed_zero,True,6815,Naive1|Naive2|Naive3,L7120,3
L7120,CoCl2,6,0.00092464,0,0.0,320,0.22840828,1082,False,observed_zero,True,5134,Naive1|Naive2|Naive3,L7120,3
L7120,Dabrafenib,6,0.00092464,0,0.0,322,0.22983583,1080,False,observed_zero,True,6164,Naive1|Naive2|Naive3,L7120,3
L7120,Doxorubicin,6,0.00092464,0,0.0,406,0.289793,996,False,observed_zero,True,2832,Naive1|Naive2|Naive3,L7120,3
L7120,Trametinib,6,0.00092464,0,0.0,275,0.19628837,1127,False,observed_zero,True,8091,Naive1|Naive2|Naive3,L7120,3
L71758,Acid,2,0.00030821,0,0.0,666,0.47537473,736,False,observed_zero,True,7246,Naive1|Naive2,L71758,0
L71758,Cisplatin,2,0.00030821,0,0.0,273,0.19486081,1129,False,observed_zero,True,6815,Naive1|Naive2,L71758,0
L71758,CoCl2,2,0.00030821,1,0.00019478,179,0.12776588,141,True,observed_nonzero,True,5134,Naive1|Naive2,L71758,0
L71758,Dabrafenib,2,0.00030821,0,0.0,322,0.22983583,1080,False,observed_zero,True,6164,Naive1|Naive2,L71758,0
L71758,Doxorubicin,2,0.00030821,0,0.0,406,0.289793,996,False,observed_zero,True,2832,Naive1|Naive2,L71758,0
L71758,Trametinib,2,0.00030821,0,0.0,275,0.19628837,1127,False,observed_zero,True,8091,Naive1|Naive2,L71758,0
L72050,Acid,6,0.00092464,12,0.00165609,124,0.08850821,12,True,observed_nonzero,True,7246,Naive1|Naive3,L72050,0
L72050,Cisplatin,6,0.00092464,0,0.0,273,0.19486081,1129,False,observed_zero,True,6815,Naive1|Naive3,L72050,0
L72050,CoCl2,6,0.00092464,0,0.0,320,0.22840828,1082,False,observed_zero,True,5134,Naive1|Naive3,L72050,0
L72050,Dabrafenib,6,0.00092464,0,0.0,322,0.22983583,1080,False,observed_zero,True,6164,Naive1|Naive3,L72050,0
L72050,Doxorubicin,6,0.00092464,1,0.00035311,218,0.15560314,188,True,observed_nonzero,True,2832,Naive1|Naive3,L72050,0
L72050,Trametinib,6,0.00092464,0,0.0,275,0.19628837,1127,False,observed_zero,True,8091,Naive1|Naive3,L72050,0
L72250,Acid,1,0.00015411,0,0.0,666,0.47537473,736,False,observed_zero,True,7246,Naive3,L72250,1
L72250,Cisplatin,1,0.00015411,0,0.0,273,0.19486081,1129,False,observed_zero,True,6815,Naive3,L72250,1
L72250,CoCl2,1,0.00015411,0,0.0,320,0.22840828,1082,False,observed_zero,True,5134,Naive3,L72250,1
L72250,Dabrafenib,1,0.00015411,1,0.00016223,182,0.12990721,140,True,observed_nonzero,True,6164,Naive3,L72250,1
L72250,Doxorubicin,1,0.00015411,0,0.0,406,0.289793,996,False,observed_zero,True,2832,Naive3,L72250,1
L72250,Trametinib,1,0.00015411,0,0.0,275,0.19628837,1127,False,observed_zero,True,8091,Naive3,L72250,1
L72287,Acid,3,0.00046232,0,0.0,666,0.47537473,736,False,observed_zero,True,7246,Naive1|Naive3,L72287,1
L72287,Cisplatin,3,0.00046232,0,0.0,273,0.19486081,1129,False,observed_zero,True,6815,Naive1|Naive3,L72287,1
L72287,CoCl2,3,0.00046232,0,0.0,320,0.22840828,1082,False,observed_zero,True,5134,Naive1|Naive3,L72287,1
L72287,Dabrafenib,3,0.00046232,0,0.0,322,0.22983583,1080,False,observed_zero,True,6164,Naive1|Naive3,L72287,1
L72287,Doxorubicin,3,0.00046232,0,0.0,406,0.289793,996,False,observed_zero,True,2832,Naive1|Naive3,L72287,1
L72287,Trametinib,3,0.00046232,0,0.0,275,0.19628837,1127,False,observed_zero,True,8091,Naive1|Naive3,L72287,1
L72383,Acid,1,0.00015411,0,0.0,666,0.47537473,736,False,observed_zero,True,7246,Naive1,L72383,2
L72383,Cisplatin,1,0.00015411,0,0.0,273,0.19486081,1129,False,observed_zero,True,6815,Naive1,L72383,2
L72383,CoCl2,1,0.00015411,0,0.0,320,0.22840828,1082,False,observed_zero,True,5134,Naive1,L72383,2
L72383,Dabrafenib,1,0.00015411,0,0.0,322,0.22983583,1080,False,observed_zero,True,6164,Naive1,L72383,2
L72383,Doxorubicin,1,0.00015411,0,0.0,406,0.289793,996,False,observed_zero,True,2832,Naive1,L72383,2
L72383,Trametinib,1,0.00015411,0,0.0,275,0.19628837,1127,False,observed_zero,True,8091,Naive1,L72383,2
L72864,Acid,6,0.00092464,0,0.0,666,0.47537473,736,False,observed_zero,True,7246,Naive1|Naive2|Naive3,L72864,3
L72864,Cisplatin,6,0.00092464,0,0.0,273,0.19486081,1129,False,observed_zero,True,6815,Naive1|Naive2|Naive3,L72864,3
L72864,CoCl2,6,0.00092464,0,0.0,320,0.22840828,1082,False,observed_zero,True,5134,Naive1|Naive2|Naive3,L72864,3
L72864,Dabrafenib,6,0.00092464,27,0.00438027,26,0.01855817,1,True,observed_nonzero,True,6164,Naive1|Naive2|Naive3,L72864,3
L72864,Doxorubicin,6,0.00092464,3,0.00105932,96,0.06852248,39,True,observed_nonzero,True,2832,Naive1|Naive2|Naive3,L72864,3
L72864,Trametinib,6,0.00092464,25,0.00308985,22,0.01570307,2,True,observed_nonzero,True,8091,Naive1|Naive2|Naive3,L72864,3
L73196,Acid,2,0.00030821,0,0.0,666,0.47537473,736,False,observed_zero,True,7246,Naive2|Naive3,L73196,2
L73196,Cisplatin,2,0.00030821,0,0.0,273,0.19486081,1129,False,observed_zero,True,6815,Naive2|Naive3,L73196,2
L73196,CoCl2,2,0.00030821,0,0.0,320,0.22840828,1082,False,observed_zero,True,5134,Naive2|Naive3,L73196,2
L73196,Dabrafenib,2,0.00030821,0,0.0,322,0.22983583,1080,False,observed_zero,True,6164,Naive2|Naive3,L73196,2
L73196,Doxorubicin,2,0.00030821,0,0.0,406,0.289793,996,False,observed_zero,True,2832,Naive2|Naive3,L73196,2
L73196,Trametinib,2,0.00030821,0,0.0,275,0.19628837,1127,False,observed_zero,True,8091,Naive2|Naive3,L73196,2
L73244,Acid,2,0.00030821,6,0.00082804,216,0.15417559,16,True,observed_nonzero,True,7246,Naive1,L73244,0
L73244,Cisplatin,2,0.00030821,0,0.0,273,0.19486081,1129,False,observed_zero,True,6815,Naive1,L73244,0
L73244,CoCl2,2,0.00030821,0,0.0,320,0.22840828,1082,False,observed_zero,True,5134,Naive1,L73244,0
L73244,Dabrafenib,2,0.00030821,0,0.0,322,0.22983583,1080,False,observed_zero,True,6164,Naive1,L73244,0
L73244,Doxorubicin,2,0.00030821,0,0.0,406,0.289793,996,False,observed_zero,True,2832,Naive1,L73244,0
L73244,Trametinib,2,0.00030821,0,0.0,275,0.19628837,1127,False,observed_zero,True,8091,Naive1,L73244,0
L73528,Acid,2,0.00030821,0,0.0,666,0.47537473,736,False,observed_zero,True,7246,Naive2|Naive3,L73528,0
L73528,Cisplatin,2,0.00030821,0,0.0,273,0.19486081,1129,False,observed_zero,True,6815,Naive2|Naive3,L73528,0
L73528,CoCl2,2,0.00030821,2,0.00038956,110,0.07851535,69,True,observed_nonzero,True,5134,Naive2|Naive3,L73528,0
L73528,Dabrafenib,2,0.00030821,0,0.0,322,0.22983583,1080,False,observed_zero,True,6164,Naive2|Naive3,L73528,0
L73528,Doxorubicin,2,0.00030821,0,0.0,406,0.289793,996,False,observed_zero,True,2832,Naive2|Naive3,L73528,0
L73528,Trametinib,2,0.00030821,0,0.0,275,0.19628837,1127,False,observed_zero,True,8091,Naive2|Naive3,L73528,0
L73592,Acid,5,0.00077053,1,0.00013801,487,0.34760885,179,True,observed_nonzero,True,7246,Naive1|Naive2,L73592,3
L73592,Cisplatin,5,0.00077053,1,0.00014674,110,0.07851535,163,True,observed_nonzero,True,6815,Naive1|Naive2,L73592,3
L73592,CoCl2,5,0.00077053,0,0.0,320,0.22840828,1082,False,observed_zero,True,5134,Naive1|Naive2,L73592,3
L73592,Dabrafenib,5,0.00077053,0,0.0,322,0.22983583,1080,False,observed_zero,True,6164,Naive1|Naive2,L73592,3
L73592,Doxorubicin,5,0.00077053,0,0.0,406,0.289793,996,False,observed_zero,True,2832,Naive1|Naive2,L73592,3
L73592,Trametinib,5,0.00077053,0,0.0,275,0.19628837,1127,False,observed_zero,True,8091,Naive1|Naive2,L73592,3
L73599,Acid,1,0.00015411,1,0.00013801,487,0.34760885,179,True,observed_nonzero,True,7246,Naive3,L73599,2
L73599,Cisplatin,1,0.00015411,0,0.0,273,0.19486081,1129,False,observed_zero,True,6815,Naive3,L73599,2
L73599,CoCl2,1,0.00015411,0,0.0,320,0.22840828,1082,False,observed_zero,True,5134,Naive3,L73599,2
L73599,Dabrafenib,1,0.00015411,315,0.05110318,3,0.00214133,1,True,observed_nonzero,True,6164,Naive3,L73599,2
L73599,Doxorubicin,1,0.00015411,3,0.00105932,96,0.06852248,39,True,observed_nonzero,True,2832,Naive3,L73599,2
L73599,Trametinib,1,0.00015411,553,0.06834755,2,0.00142755,1,True,observed_nonzero,True,8091,Naive3,L73599,2
L74009,Acid,3,0.00046232,0,0.0,666,0.47537473,736,False,observed_zero,True,7246,Naive1|Naive3,L74009,1
L74009,Cisplatin,3,0.00046232,0,0.0,273,0.19486081,1129,False,observed_zero,True,6815,Naive1|Naive3,L74009,1
L74009,CoCl2,3,0.00046232,1,0.00019478,179,0.12776588,141,True,observed_nonzero,True,5134,Naive1|Naive3,L74009,1
L74009,Dabrafenib,3,0.00046232,0,0.0,322,0.22983583,1080,False,observed_zero,True,6164,Naive1|Naive3,L74009,1
L74009,Doxorubicin,3,0.00046232,1,0.00035311,218,0.15560314,188,True,observed_nonzero,True,2832,Naive1|Naive3,L74009,1
L74009,Trametinib,3,0.00046232,0,0.0,275,0.19628837,1127,False,observed_zero,True,8091,Naive1|Naive3,L74009,1
L74026,Acid,1,0.00015411,1,0.00013801,487,0.34760885,179,True,observed_nonzero,True,7246,Naive3,L74026,0
L74026,Cisplatin,1,0.00015411,0,0.0,273,0.19486081,1129,False,observed_zero,True,6815,Naive3,L74026,0
L74026,CoCl2,1,0.00015411,0,0.0,320,0.22840828,1082,False,observed_zero,True,5134,Naive3,L74026,0
L74026,Dabrafenib,1,0.00015411,0,0.0,322,0.22983583,1080,False,observed_zero,True,6164,Naive3,L74026,0
L74026,Doxorubicin,1,0.00015411,0,0.0,406,0.289793,996,False,observed_zero,True,2832,Naive3,L74026,0
L74026,Trametinib,1,0.00015411,0,0.0,275,0.19628837,1127,False,observed_zero,True,8091,Naive3,L74026,0
L74036,Acid,1,0.00015411,0,0.0,666,0.47537473,736,False,observed_zero,True,7246,Naive2,L74036,2
L74036,Cisplatin,1,0.00015411,0,0.0,273,0.19486081,1129,False,observed_zero,True,6815,Naive2,L74036,2
L74036,CoCl2,1,0.00015411,0,0.0,320,0.22840828,1082,False,observed_zero,True,5134,Naive2,L74036,2
L74036,Dabrafenib,1,0.00015411,2,0.00032446,135,0.09635974,47,True,observed_nonzero,True,6164,Naive2,L74036,2
L74036,Doxorubicin,1,0.00015411,0,0.0,406,0.289793,996,False,observed_zero,True,2832,Naive2,L74036,2
L74036,Trametinib,1,0.00015411,57,0.00704486,15,0.01070664,1,True,observed_nonzero,True,8091,Naive2,L74036,2
L7412,Acid,7,0.00107875,5,0.00069004,232,0.165596,35,True,observed_nonzero,True,7246,Naive1|Naive2|Naive3,L7412,3
L7412,Cisplatin,7,0.00107875,0,0.0,273,0.19486081,1129,False,observed_zero,True,6815,Naive1|Naive2|Naive3,L7412,3
L7412,CoCl2,7,0.00107875,1,0.00019478,179,0.12776588,141,True,observed_nonzero,True,5134,Naive1|Naive2|Naive3,L7412,3
L7412,Dabrafenib,7,0.00107875,0,0.0,322,0.22983583,1080,False,observed_zero,True,6164,Naive1|Naive2|Naive3,L7412,3
L7412,Doxorubicin,7,0.00107875,0,0.0,406,0.289793,996,False,observed_zero,True,2832,Naive1|Naive2|Naive3,L7412,3
L7412,Trametinib,7,0.00107875,0,0.0,275,0.19628837,1127,False,observed_zero,True,8091,Naive1|Naive2|Naive3,L7412,3
L74748,Acid,2,0.00030821,4,0.00055203,267,0.19057816,51,True,observed_nonzero,True,7246,Naive2|Naive3,L74748,3
L74748,Cisplatin,2,0.00030821,0,0.0,273,0.19486081,1129,False,observed_zero,True,6815,Naive2|Naive3,L74748,3
L74748,CoCl2,2,0.00030821,1,0.00019478,179,0.12776588,141,True,observed_nonzero,True,5134,Naive2|Naive3,L74748,3
L74748,Dabrafenib,2,0.00030821,127,0.0206035,9,0.00642398,1,True,observed_nonzero,True,6164,Naive2|Naive3,L74748,3
L74748,Doxorubicin,2,0.00030821,2,0.00070621,135,0.09635974,83,True,observed_nonzero,True,2832,Naive2|Naive3,L74748,3
L74748,Trametinib,2,0.00030821,3,0.00037078,100,0.07137759,24,True,observed_nonzero,True,8091,Naive2|Naive3,L74748,3
L74841,Acid,3,0.00046232,1,0.00013801,487,0.34760885,179,True,observed_nonzero,True,7246,Naive1|Naive2,L74841,4
L74841,Cisplatin,3,0.00046232,0,0.0,273,0.19486081,1129,False,observed_zero,True,6815,Naive1|Naive2,L74841,4
L74841,CoCl2,3,0.00046232,0,0.0,320,0.22840828,1082,False,observed_zero,True,5134,Naive1|Naive2,L74841,4
L74841,Dabrafenib,3,0.00046232,1,0.00016223,182,0.12990721,140,True,observed_nonzero,True,6164,Naive1|Naive2,L74841,4
L74841,Doxorubicin,3,0.00046232,1,0.00035311,218,0.15560314,188,True,observed_nonzero,True,2832,Naive1|Naive2,L74841,4
L74841,Trametinib,3,0.00046232,6,0.00074156,76,0.05424697,9,True,observed_nonzero,True,8091,Naive1|Naive2,L74841,4
L75392,Acid,36,0.00554785,53,0.00731438,16,0.01142041,2,True,observed_nonzero,True,7246,Naive1|Naive2|Naive3,L75392,4
L75392,Cisplatin,36,0.00554785,1,0.00014674,110,0.07851535,163,True,observed_nonzero,True,6815,Naive1|Naive2|Naive3,L75392,4
L75392,CoCl2,36,0.00554785,6,0.00116868,36,0.02569593,11,True,observed_nonzero,True,5134,Naive1|Naive2|Naive3,L75392,4
L75392,Dabrafenib,36,0.00554785,4,0.00064893,100,0.07137759,13,True,observed_nonzero,True,6164,Naive1|Naive2|Naive3,L75392,4
L75392,Doxorubicin,36,0.00554785,28,0.00988701,4,0.0028551,2,True,observed_nonzero,True,2832,Naive1|Naive2|Naive3,L75392,4
L75392,Trametinib,36,0.00554785,1,0.00012359,161,0.11491792,114,True,observed_nonzero,True,8091,Naive1|Naive2|Naive3,L75392,4
L75467,Acid,1,0.00015411,0,0.0,666,0.47537473,736,False,observed_zero,True,7246,Naive2,L75467,1
L75467,Cisplatin,1,0.00015411,0,0.0,273,0.19486081,1129,False,observed_zero,True,6815,Naive2,L75467,1
L75467,CoCl2,1,0.00015411,0,0.0,320,0.22840828,1082,False,observed_zero,True,5134,Naive2,L75467,1
L75467,Dabrafenib,1,0.00015411,0,0.0,322,0.22983583,1080,False,observed_zero,True,6164,Naive2,L75467,1
L75467,Doxorubicin,1,0.00015411,0,0.0,406,0.289793,996,False,observed_zero,True,2832,Naive2,L75467,1
L75467,Trametinib,1,0.00015411,0,0.0,275,0.19628837,1127,False,observed_zero,True,8091,Naive2,L75467,1
L75591,Acid,3,0.00046232,0,0.0,666,0.47537473,736,False,observed_zero,True,7246,Naive3,L75591,0
L75591,Cisplatin,3,0.00046232,0,0.0,273,0.19486081,1129,False,observed_zero,True,6815,Naive3,L75591,0
L75591,CoCl2,3,0.00046232,0,0.0,320,0.22840828,1082,False,observed_zero,True,5134,Naive3,L75591,0
L75591,Dabrafenib,3,0.00046232,0,0.0,322,0.22983583,1080,False,observed_zero,True,6164,Naive3,L75591,0
L75591,Doxorubicin,3,0.00046232,0,0.0,406,0.289793,996,False,observed_zero,True,2832,Naive3,L75591,0
L75591,Trametinib,3,0.00046232,0,0.0,275,0.19628837,1127,False,observed_zero,True,8091,Naive3,L75591,0
L75819,Acid,2,0.00030821,1,0.00013801,487,0.34760885,179,True,observed_nonzero,True,7246,Naive3,L75819,1
L75819,Cisplatin,2,0.00030821,0,0.0,273,0.19486081,1129,False,observed_zero,True,6815,Naive3,L75819,1
L75819,CoCl2,2,0.00030821,2,0.00038956,110,0.07851535,69,True,observed_nonzero,True,5134,Naive3,L75819,1
L75819,Dabrafenib,2,0.00030821,1,0.00016223,182,0.12990721,140,True,observed_nonzero,True,6164,Naive3,L75819,1
L75819,Doxorubicin,2,0.00030821,1,0.00035311,218,0.15560314,188,True,observed_nonzero,True,2832,Naive3,L75819,1
L75819,Trametinib,2,0.00030821,0,0.0,275,0.19628837,1127,False,observed_zero,True,8091,Naive3,L75819,1
L76201,Acid,5,0.00077053,5,0.00069004,232,0.165596,35,True,observed_nonzero,True,7246,Naive2|Naive3,L76201,2
L76201,Cisplatin,5,0.00077053,0,0.0,273,0.19486081,1129,False,observed_zero,True,6815,Naive2|Naive3,L76201,2
L76201,CoCl2,5,0.00077053,0,0.0,320,0.22840828,1082,False,observed_zero,True,5134,Naive2|Naive3,L76201,2
L76201,Dabrafenib,5,0.00077053,0,0.0,322,0.22983583,1080,False,observed_zero,True,6164,Naive2|Naive3,L76201,2
L76201,Doxorubicin,5,0.00077053,0,0.0,406,0.289793,996,False,observed_zero,True,2832,Naive2|Naive3,L76201,2
L76201,Trametinib,5,0.00077053,0,0.0,275,0.19628837,1127,False,observed_zero,True,8091,Naive2|Naive3,L76201,2
L76358,Acid,1,0.00015411,0,0.0,666,0.47537473,736,False,observed_zero,True,7246,Naive2,L76358,0
L76358,Cisplatin,1,0.00015411,0,0.0,273,0.19486081,1129,False,observed_zero,True,6815,Naive2,L76358,0
L76358,CoCl2,1,0.00015411,0,0.0,320,0.22840828,1082,False,observed_zero,True,5134,Naive2,L76358,0
L76358,Dabrafenib,1,0.00015411,0,0.0,322,0.22983583,1080,False,observed_zero,True,6164,Naive2,L76358,0
L76358,Doxorubicin,1,0.00015411,0,0.0,406,0.289793,996,False,observed_zero,True,2832,Naive2,L76358,0
L76358,Trametinib,1,0.00015411,0,0.0,275,0.19628837,1127,False,observed_zero,True,8091,Naive2,L76358,0
L76557,Acid,1,0.00015411,0,0.0,666,0.47537473,736,False,observed_zero,True,7246,Naive3,L76557,4
L76557,Cisplatin,1,0.00015411,0,0.0,273,0.19486081,1129,False,observed_zero,True,6815,Naive3,L76557,4
L76557,CoCl2,1,0.00015411,1,0.00019478,179,0.12776588,141,True,observed_nonzero,True,5134,Naive3,L76557,4
L76557,Dabrafenib,1,0.00015411,0,0.0,322,0.22983583,1080,False,observed_zero,True,6164,Naive3,L76557,4
L76557,Doxorubicin,1,0.00015411,0,0.0,406,0.289793,996,False,observed_zero,True,2832,Naive3,L76557,4
L76557,Trametinib,1,0.00015411,0,0.0,275,0.19628837,1127,False,observed_zero,True,8091,Naive3,L76557,4
L76568,Acid,16,0.00246571,12,0.00165609,124,0.08850821,12,True,observed_nonzero,True,7246,Naive1|Naive2|Naive3,L76568,0
L76568,Cisplatin,16,0.00246571,0,0.0,273,0.19486081,1129,False,observed_zero,True,6815,Naive1|Naive2|Naive3,L76568,0
L76568,CoCl2,16,0.00246571,2,0.00038956,110,0.07851535,69,True,observed_nonzero,True,5134,Naive1|Naive2|Naive3,L76568,0
L76568,Dabrafenib,16,0.00246571,0,0.0,322,0.22983583,1080,False,observed_zero,True,6164,Naive1|Naive2|Naive3,L76568,0
L76568,Doxorubicin,16,0.00246571,2,0.00070621,135,0.09635974,83,True,observed_nonzero,True,2832,Naive1|Naive2|Naive3,L76568,0
L76568,Trametinib,16,0.00246571,0,0.0,275,0.19628837,1127,False,observed_zero,True,8091,Naive1|Naive2|Naive3,L76568,0
L76646,Acid,2,0.00030821,0,0.0,666,0.47537473,736,False,observed_zero,True,7246,Naive3,L76646,2
L76646,Cisplatin,2,0.00030821,0,0.0,273,0.19486081,1129,False,observed_zero,True,6815,Naive3,L76646,2
L76646,CoCl2,2,0.00030821,0,0.0,320,0.22840828,1082,False,observed_zero,True,5134,Naive3,L76646,2
L76646,Dabrafenib,2,0.00030821,0,0.0,322,0.22983583,1080,False,observed_zero,True,6164,Naive3,L76646,2
L76646,Doxorubicin,2,0.00030821,0,0.0,406,0.289793,996,False,observed_zero,True,2832,Naive3,L76646,2
L76646,Trametinib,2,0.00030821,0,0.0,275,0.19628837,1127,False,observed_zero,True,8091,Naive3,L76646,2
L76856,Acid,3,0.00046232,0,0.0,666,0.47537473,736,False,observed_zero,True,7246,Naive1|Naive3,L76856,4
L76856,Cisplatin,3,0.00046232,0,0.0,273,0.19486081,1129,False,observed_zero,True,6815,Naive1|Naive3,L76856,4
L76856,CoCl2,3,0.00046232,0,0.0,320,0.22840828,1082,False,observed_zero,True,5134,Naive1|Naive3,L76856,4
L76856,Dabrafenib,3,0.00046232,0,0.0,322,0.22983583,1080,False,observed_zero,True,6164,Naive1|Naive3,L76856,4
L76856,Doxorubicin,3,0.00046232,2,0.00070621,135,0.09635974,83,True,observed_nonzero,True,2832,Naive1|Naive3,L76856,4
L76856,Trametinib,3,0.00046232,0,0.0,275,0.19628837,1127,False,observed_zero,True,8091,Naive1|Naive3,L76856,4
L76866,Acid,1,0.00015411,0,0.0,666,0.47537473,736,False,observed_zero,True,7246,Naive2,L76866,3
L76866,Cisplatin,1,0.00015411,0,0.0,273,0.19486081,1129,False,observed_zero,True,6815,Naive2,L76866,3
L76866,CoCl2,1,0.00015411,0,0.0,320,0.22840828,1082,False,observed_zero,True,5134,Naive2,L76866,3
L76866,Dabrafenib,1,0.00015411,0,0.0,322,0.22983583,1080,False,observed_zero,True,6164,Naive2,L76866,3
L76866,Doxorubicin,1,0.00015411,0,0.0,406,0.289793,996,False,observed_zero,True,2832,Naive2,L76866,3
L76866,Trametinib,1,0.00015411,0,0.0,275,0.19628837,1127,False,observed_zero,True,8091,Naive2,L76866,3
L76975,Acid,1,0.00015411,0,0.0,666,0.47537473,736,False,observed_zero,True,7246,Naive1,L76975,2
L76975,Cisplatin,1,0.00015411,0,0.0,273,0.19486081,1129,False,observed_zero,True,6815,Naive1,L76975,2
L76975,CoCl2,1,0.00015411,0,0.0,320,0.22840828,1082,False,observed_zero,True,5134,Naive1,L76975,2
L76975,Dabrafenib,1,0.00015411,0,0.0,322,0.22983583,1080,False,observed_zero,True,6164,Naive1,L76975,2
L76975,Doxorubicin,1,0.00015411,0,0.0,406,0.289793,996,False,observed_zero,True,2832,Naive1,L76975,2
L76975,Trametinib,1,0.00015411,0,0.0,275,0.19628837,1127,False,observed_zero,True,8091,Naive1,L76975,2
L77171,Acid,1,0.00015411,1,0.00013801,487,0.34760885,179,True,observed_nonzero,True,7246,Naive2,L77171,0
L77171,Cisplatin,1,0.00015411,0,0.0,273,0.19486081,1129,False,observed_zero,True,6815,Naive2,L77171,0
L77171,CoCl2,1,0.00015411,0,0.0,320,0.22840828,1082,False,observed_zero,True,5134,Naive2,L77171,0
L77171,Dabrafenib,1,0.00015411,0,0.0,322,0.22983583,1080,False,observed_zero,True,6164,Naive2,L77171,0
L77171,Doxorubicin,1,0.00015411,0,0.0,406,0.289793,996,False,observed_zero,True,2832,Naive2,L77171,0
L77171,Trametinib,1,0.00015411,0,0.0,275,0.19628837,1127,False,observed_zero,True,8091,Naive2,L77171,0
L77190,Acid,5,0.00077053,1,0.00013801,487,0.34760885,179,True,observed_nonzero,True,7246,Naive3,L77190,2
L77190,Cisplatin,5,0.00077053,0,0.0,273,0.19486081,1129,False,observed_zero,True,6815,Naive3,L77190,2
L77190,CoCl2,5,0.00077053,0,0.0,320,0.22840828,1082,False,observed_zero,True,5134,Naive3,L77190,2
L77190,Dabrafenib,5,0.00077053,2,0.00032446,135,0.09635974,47,True,observed_nonzero,True,6164,Naive3,L77190,2
L77190,Doxorubicin,5,0.00077053,2,0.00070621,135,0.09635974,83,True,observed_nonzero,True,2832,Naive3,L77190,2
L77190,Trametinib,5,0.00077053,5,0.00061797,85,0.06067095,6,True,observed_nonzero,True,8091,Naive3,L77190,2
L77253,Acid,1,0.00015411,0,0.0,666,0.47537473,736,False,observed_zero,True,7246,Naive3,L77253,4
L77253,Cisplatin,1,0.00015411,0,0.0,273,0.19486081,1129,False,observed_zero,True,6815,Naive3,L77253,4
L77253,CoCl2,1,0.00015411,0,0.0,320,0.22840828,1082,False,observed_zero,True,5134,Naive3,L77253,4
L77253,Dabrafenib,1,0.00015411,0,0.0,322,0.22983583,1080,False,observed_zero,True,6164,Naive3,L77253,4
L77253,Doxorubicin,1,0.00015411,0,0.0,406,0.289793,996,False,observed_zero,True,2832,Naive3,L77253,4
L77253,Trametinib,1,0.00015411,0,0.0,275,0.19628837,1127,False,observed_zero,True,8091,Naive3,L77253,4
L77289,Acid,1,0.00015411,0,0.0,666,0.47537473,736,False,observed_zero,True,7246,Naive3,L77289,4
L77289,Cisplatin,1,0.00015411,0,0.0,273,0.19486081,1129,False,observed_zero,True,6815,Naive3,L77289,4
L77289,CoCl2,1,0.00015411,0,0.0,320,0.22840828,1082,False,observed_zero,True,5134,Naive3,L77289,4
L77289,Dabrafenib,1,0.00015411,1,0.00016223,182,0.12990721,140,True,observed_nonzero,True,6164,Naive3,L77289,4
L77289,Doxorubicin,1,0.00015411,0,0.0,406,0.289793,996,False,observed_zero,True,2832,Naive3,L77289,4
L77289,Trametinib,1,0.00015411,0,0.0,275,0.19628837,1127,False,observed_zero,True,8091,Naive3,L77289,4
L77443,Acid,16,0.00246571,84,0.0115926,9,0.00642398,1,True,observed_nonzero,True,7246,Naive1|Naive2|Naive3,L77443,2
L77443,Cisplatin,16,0.00246571,0,0.0,273,0.19486081,1129,False,observed_zero,True,6815,Naive1|Naive2|Naive3,L77443,2
L77443,CoCl2,16,0.00246571,0,0.0,320,0.22840828,1082,False,observed_zero,True,5134,Naive1|Naive2|Naive3,L77443,2
L77443,Dabrafenib,16,0.00246571,0,0.0,322,0.22983583,1080,False,observed_zero,True,6164,Naive1|Naive2|Naive3,L77443,2
L77443,Doxorubicin,16,0.00246571,1,0.00035311,218,0.15560314,188,True,observed_nonzero,True,2832,Naive1|Naive2|Naive3,L77443,2
L77443,Trametinib,16,0.00246571,1,0.00012359,161,0.11491792,114,True,observed_nonzero,True,8091,Naive1|Naive2|Naive3,L77443,2
L77600,Acid,1,0.00015411,0,0.0,666,0.47537473,736,False,observed_zero,True,7246,Naive1,L77600,4
L77600,Cisplatin,1,0.00015411,0,0.0,273,0.19486081,1129,False,observed_zero,True,6815,Naive1,L77600,4
L77600,CoCl2,1,0.00015411,0,0.0,320,0.22840828,1082,False,observed_zero,True,5134,Naive1,L77600,4
L77600,Dabrafenib,1,0.00015411,0,0.0,322,0.22983583,1080,False,observed_zero,True,6164,Naive1,L77600,4
L77600,Doxorubicin,1,0.00015411,0,0.0,406,0.289793,996,False,observed_zero,True,2832,Naive1,L77600,4
L77600,Trametinib,1,0.00015411,0,0.0,275,0.19628837,1127,False,observed_zero,True,8091,Naive1,L77600,4
L77622,Acid,4,0.00061643,2,0.00027601,380,0.27123483,107,True,observed_nonzero,True,7246,Naive1|Naive2|Naive3,L77622,4
L77622,Cisplatin,4,0.00061643,0,0.0,273,0.19486081,1129,False,observed_zero,True,6815,Naive1|Naive2|Naive3,L77622,4
L77622,CoCl2,4,0.00061643,2,0.00038956,110,0.07851535,69,True,observed_nonzero,True,5134,Naive1|Naive2|Naive3,L77622,4
L77622,Dabrafenib,4,0.00061643,0,0.0,322,0.22983583,1080,False,observed_zero,True,6164,Naive1|Naive2|Naive3,L77622,4
L77622,Doxorubicin,4,0.00061643,2,0.00070621,135,0.09635974,83,True,observed_nonzero,True,2832,Naive1|Naive2|Naive3,L77622,4
L77622,Trametinib,4,0.00061643,1,0.00012359,161,0.11491792,114,True,observed_nonzero,True,8091,Naive1|Naive2|Naive3,L77622,4
L7778,Acid,1,0.00015411,0,0.0,666,0.47537473,736,False,observed_zero,True,7246,Naive2,L7778,4
L7778,Cisplatin,1,0.00015411,0,0.0,273,0.19486081,1129,False,observed_zero,True,6815,Naive2,L7778,4
L7778,CoCl2,1,0.00015411,0,0.0,320,0.22840828,1082,False,observed_zero,True,5134,Naive2,L7778,4
L7778,Dabrafenib,1,0.00015411,0,0.0,322,0.22983583,1080,False,observed_zero,True,6164,Naive2,L7778,4
L7778,Doxorubicin,1,0.00015411,0,0.0,406,0.289793,996,False,observed_zero,True,2832,Naive2,L7778,4
L7778,Trametinib,1,0.00015411,0,0.0,275,0.19628837,1127,False,observed_zero,True,8091,Naive2,L7778,4
L7798,Acid,1,0.00015411,0,0.0,666,0.47537473,736,False,observed_zero,True,7246,Naive2,L7798,1
L7798,Cisplatin,1,0.00015411,0,0.0,273,0.19486081,1129,False,observed_zero,True,6815,Naive2,L7798,1
L7798,CoCl2,1,0.00015411,0,0.0,320,0.22840828,1082,False,observed_zero,True,5134,Naive2,L7798,1
L7798,Dabrafenib,1,0.00015411,0,0.0,322,0.22983583,1080,False,observed_zero,True,6164,Naive2,L7798,1
L7798,Doxorubicin,1,0.00015411,0,0.0,406,0.289793,996,False,observed_zero,True,2832,Naive2,L7798,1
L7798,Trametinib,1,0.00015411,0,0.0,275,0.19628837,1127,False,observed_zero,True,8091,Naive2,L7798,1
L78432,Acid,4,0.00061643,4,0.00055203,267,0.19057816,51,True,observed_nonzero,True,7246,Naive1|Naive3,L78432,4
L78432,Cisplatin,4,0.00061643,0,0.0,273,0.19486081,1129,False,observed_zero,True,6815,Naive1|Naive3,L78432,4
L78432,CoCl2,4,0.00061643,0,0.0,320,0.22840828,1082,False,observed_zero,True,5134,Naive1|Naive3,L78432,4
L78432,Dabrafenib,4,0.00061643,0,0.0,322,0.22983583,1080,False,observed_zero,True,6164,Naive1|Naive3,L78432,4
L78432,Doxorubicin,4,0.00061643,2,0.00070621,135,0.09635974,83,True,observed_nonzero,True,2832,Naive1|Naive3,L78432,4
L78432,Trametinib,4,0.00061643,0,0.0,275,0.19628837,1127,False,observed_zero,True,8091,Naive1|Naive3,L78432,4
L78498,Acid,1,0.00015411,0,0.0,666,0.47537473,736,False,observed_zero,True,7246,Naive3,L78498,3
L78498,Cisplatin,1,0.00015411,0,0.0,273,0.19486081,1129,False,observed_zero,True,6815,Naive3,L78498,3
L78498,CoCl2,1,0.00015411,0,0.0,320,0.22840828,1082,False,observed_zero,True,5134,Naive3,L78498,3
L78498,Dabrafenib,1,0.00015411,0,0.0,322,0.22983583,1080,False,observed_zero,True,6164,Naive3,L78498,3
L78498,Doxorubicin,1,0.00015411,0,0.0,406,0.289793,996,False,observed_zero,True,2832,Naive3,L78498,3
L78498,Trametinib,1,0.00015411,0,0.0,275,0.19628837,1127,False,observed_zero,True,8091,Naive3,L78498,3
L78561,Acid,8,0.00123286,5,0.00069004,232,0.165596,35,True,observed_nonzero,True,7246,Naive1|Naive2|Naive3,L78561,2
L78561,Cisplatin,8,0.00123286,0,0.0,273,0.19486081,1129,False,observed_zero,True,6815,Naive1|Naive2|Naive3,L78561,2
L78561,CoCl2,8,0.00123286,2,0.00038956,110,0.07851535,69,True,observed_nonzero,True,5134,Naive1|Naive2|Naive3,L78561,2
L78561,Dabrafenib,8,0.00123286,9,0.00146009,62,0.0442541,7,True,observed_nonzero,True,6164,Naive1|Naive2|Naive3,L78561,2
L78561,Doxorubicin,8,0.00123286,1,0.00035311,218,0.15560314,188,True,observed_nonzero,True,2832,Naive1|Naive2|Naive3,L78561,2
L78561,Trametinib,8,0.00123286,6,0.00074156,76,0.05424697,9,True,observed_nonzero,True,8091,Naive1|Naive2|Naive3,L78561,2
L78888,Acid,1,0.00015411,5,0.00069004,232,0.165596,35,True,observed_nonzero,True,7246,Naive2,L78888,4
L78888,Cisplatin,1,0.00015411,0,0.0,273,0.19486081,1129,False,observed_zero,True,6815,Naive2,L78888,4
L78888,CoCl2,1,0.00015411,0,0.0,320,0.22840828,1082,False,observed_zero,True,5134,Naive2,L78888,4
L78888,Dabrafenib,1,0.00015411,0,0.0,322,0.22983583,1080,False,observed_zero,True,6164,Naive2,L78888,4
L78888,Doxorubicin,1,0.00015411,0,0.0,406,0.289793,996,False,observed_zero,True,2832,Naive2,L78888,4
L78888,Trametinib,1,0.00015411,0,0.0,275,0.19628837,1127,False,observed_zero,True,8091,Naive2,L78888,4
L79015,Acid,3,0.00046232,0,0.0,666,0.47537473,736,False,observed_zero,True,7246,Naive2|Naive3,L79015,1
L79015,Cisplatin,3,0.00046232,0,0.0,273,0.19486081,1129,False,observed_zero,True,6815,Naive2|Naive3,L79015,1
L79015,CoCl2,3,0.00046232,0,0.0,320,0.22840828,1082,False,observed_zero,True,5134,Naive2|Naive3,L79015,1
L79015,Dabrafenib,3,0.00046232,0,0.0,322,0.22983583,1080,False,observed_zero,True,6164,Naive2|Naive3,L79015,1
L79015,Doxorubicin,3,0.00046232,0,0.0,406,0.289793,996,False,observed_zero,True,2832,Naive2|Naive3,L79015,1
L79015,Trametinib,3,0.00046232,0,0.0,275,0.19628837,1127,False,observed_zero,True,8091,Naive2|Naive3,L79015,1
L79366,Acid,1,0.00015411,0,0.0,666,0.47537473,736,False,observed_zero,True,7246,Naive2,L79366,4
L79366,Cisplatin,1,0.00015411,0,0.0,273,0.19486081,1129,False,observed_zero,True,6815,Naive2,L79366,4
L79366,CoCl2,1,0.00015411,0,0.0,320,0.22840828,1082,False,observed_zero,True,5134,Naive2,L79366,4
L79366,Dabrafenib,1,0.00015411,0,0.0,322,0.22983583,1080,False,observed_zero,True,6164,Naive2,L79366,4
L79366,Doxorubicin,1,0.00015411,0,0.0,406,0.289793,996,False,observed_zero,True,2832,Naive2,L79366,4
L79366,Trametinib,1,0.00015411,0,0.0,275,0.19628837,1127,False,observed_zero,True,8091,Naive2,L79366,4
L79584,Acid,1,0.00015411,2,0.00027601,380,0.27123483,107,True,observed_nonzero,True,7246,Naive3,L79584,2
L79584,Cisplatin,1,0.00015411,0,0.0,273,0.19486081,1129,False,observed_zero,True,6815,Naive3,L79584,2
L79584,CoCl2,1,0.00015411,0,0.0,320,0.22840828,1082,False,observed_zero,True,5134,Naive3,L79584,2
L79584,Dabrafenib,1,0.00015411,0,0.0,322,0.22983583,1080,False,observed_zero,True,6164,Naive3,L79584,2
L79584,Doxorubicin,1,0.00015411,0,0.0,406,0.289793,996,False,observed_zero,True,2832,Naive3,L79584,2
L79584,Trametinib,1,0.00015411,0,0.0,275,0.19628837,1127,False,observed_zero,True,8091,Naive3,L79584,2
L79914,Acid,3,0.00046232,3,0.00041402,318,0.22698073,62,True,observed_nonzero,True,7246,Naive1|Naive2,L79914,0
L79914,Cisplatin,3,0.00046232,0,0.0,273,0.19486081,1129,False,observed_zero,True,6815,Naive1|Naive2,L79914,0
L79914,CoCl2,3,0.00046232,1,0.00019478,179,0.12776588,141,True,observed_nonzero,True,5134,Naive1|Naive2,L79914,0
L79914,Dabrafenib,3,0.00046232,0,0.0,322,0.22983583,1080,False,observed_zero,True,6164,Naive1|Naive2,L79914,0
L79914,Doxorubicin,3,0.00046232,0,0.0,406,0.289793,996,False,observed_zero,True,2832,Naive1|Naive2,L79914,0
L79914,Trametinib,3,0.00046232,0,0.0,275,0.19628837,1127,False,observed_zero,True,8091,Naive1|Naive2,L79914,0
L8006,Acid,4,0.00061643,4,0.00055203,267,0.19057816,51,True,observed_nonzero,True,7246,Naive2|Naive3,L8006,4
L8006,Cisplatin,4,0.00061643,0,0.0,273,0.19486081,1129,False,observed_zero,True,6815,Naive2|Naive3,L8006,4
L8006,CoCl2,4,0.00061643,8,0.00155824,25,0.0178444,5,True,observed_nonzero,True,5134,Naive2|Naive3,L8006,4
L8006,Dabrafenib,4,0.00061643,0,0.0,322,0.22983583,1080,False,observed_zero,True,6164,Naive2|Naive3,L8006,4
L8006,Doxorubicin,4,0.00061643,0,0.0,406,0.289793,996,False,observed_zero,True,2832,Naive2|Naive3,L8006,4
L8006,Trametinib,4,0.00061643,0,0.0,275,0.19628837,1127,False,observed_zero,True,8091,Naive2|Naive3,L8006,4
L80068,Acid,1,0.00015411,15,0.00207011,97,0.06923626,6,True,observed_nonzero,True,7246,Naive2,L80068,0
L80068,Cisplatin,1,0.00015411,1,0.00014674,110,0.07851535,163,True,observed_nonzero,True,6815,Naive2,L80068,0
L80068,CoCl2,1,0.00015411,0,0.0,320,0.22840828,1082,False,observed_zero,True,5134,Naive2,L80068,0
L80068,Dabrafenib,1,0.00015411,0,0.0,322,0.22983583,1080,False,observed_zero,True,6164,Naive2,L80068,0
L80068,Doxorubicin,1,0.00015411,0,0.0,406,0.289793,996,False,observed_zero,True,2832,Naive2,L80068,0
L80068,Trametinib,1,0.00015411,0,0.0,275,0.19628837,1127,False,observed_zero,True,8091,Naive2,L80068,0
L80184,Acid,4,0.00061643,2,0.00027601,380,0.27123483,107,True,observed_nonzero,True,7246,Naive2|Naive3,L80184,3
L80184,Cisplatin,4,0.00061643,0,0.0,273,0.19486081,1129,False,observed_zero,True,6815,Naive2|Naive3,L80184,3
L80184,CoCl2,4,0.00061643,0,0.0,320,0.22840828,1082,False,observed_zero,True,5134,Naive2|Naive3,L80184,3
L80184,Dabrafenib,4,0.00061643,4,0.00064893,100,0.07137759,13,True,observed_nonzero,True,6164,Naive2|Naive3,L80184,3
L80184,Doxorubicin,4,0.00061643,2,0.00070621,135,0.09635974,83,True,observed_nonzero,True,2832,Naive2|Naive3,L80184,3
L80184,Trametinib,4,0.00061643,1,0.00012359,161,0.11491792,114,True,observed_nonzero,True,8091,Naive2|Naive3,L80184,3
L80217,Acid,2,0.00030821,0,0.0,666,0.47537473,736,False,observed_zero,True,7246,Naive3,L80217,4
L80217,Cisplatin,2,0.00030821,0,0.0,273,0.19486081,1129,False,observed_zero,True,6815,Naive3,L80217,4
L80217,CoCl2,2,0.00030821,0,0.0,320,0.22840828,1082,False,observed_zero,True,5134,Naive3,L80217,4
L80217,Dabrafenib,2,0.00030821,0,0.0,322,0.22983583,1080,False,observed_zero,True,6164,Naive3,L80217,4
L80217,Doxorubicin,2,0.00030821,0,0.0,406,0.289793,996,False,observed_zero,True,2832,Naive3,L80217,4
L80217,Trametinib,2,0.00030821,0,0.0,275,0.19628837,1127,False,observed_zero,True,8091,Naive3,L80217,4
L80268,Acid,1,0.00015411,0,0.0,666,0.47537473,736,False,observed_zero,True,7246,Naive1,L80268,2
L80268,Cisplatin,1,0.00015411,0,0.0,273,0.19486081,1129,False,observed_zero,True,6815,Naive1,L80268,2
L80268,CoCl2,1,0.00015411,0,0.0,320,0.22840828,1082,False,observed_zero,True,5134,Naive1,L80268,2
L80268,Dabrafenib,1,0.00015411,0,0.0,322,0.22983583,1080,False,observed_zero,True,6164,Naive1,L80268,2
L80268,Doxorubicin,1,0.00015411,0,0.0,406,0.289793,996,False,observed_zero,True,2832,Naive1,L80268,2
L80268,Trametinib,1,0.00015411,0,0.0,275,0.19628837,1127,False,observed_zero,True,8091,Naive1,L80268,2
L80342,Acid,22,0.00339035,18,0.00248413,86,0.06138473,5,True,observed_nonzero,True,7246,Naive1|Naive2|Naive3,L80342,1
L80342,Cisplatin,22,0.00339035,3,0.00044021,37,0.02640971,23,True,observed_nonzero,True,6815,Naive1|Naive2|Naive3,L80342,1
L80342,CoCl2,22,0.00339035,5,0.0009739,47,0.03354747,16,True,observed_nonzero,True,5134,Naive1|Naive2|Naive3,L80342,1
L80342,Dabrafenib,22,0.00339035,3,0.0004867,113,0.08065667,22,True,observed_nonzero,True,6164,Naive1|Naive2|Naive3,L80342,1
L80342,Doxorubicin,22,0.00339035,6,0.00211864,50,0.03568879,9,True,observed_nonzero,True,2832,Naive1|Naive2|Naive3,L80342,1
L80342,Trametinib,22,0.00339035,3,0.00037078,100,0.07137759,24,True,observed_nonzero,True,8091,Naive1|Naive2|Naive3,L80342,1
L80626,Acid,1,0.00015411,0,0.0,666,0.47537473,736,False,observed_zero,True,7246,Naive2,L80626,3
L80626,Cisplatin,1,0.00015411,0,0.0,273,0.19486081,1129,False,observed_zero,True,6815,Naive2,L80626,3
L80626,CoCl2,1,0.00015411,0,0.0,320,0.22840828,1082,False,observed_zero,True,5134,Naive2,L80626,3
L80626,Dabrafenib,1,0.00015411,0,0.0,322,0.22983583,1080,False,observed_zero,True,6164,Naive2,L80626,3
L80626,Doxorubicin,1,0.00015411,0,0.0,406,0.289793,996,False,observed_zero,True,2832,Naive2,L80626,3
L80626,Trametinib,1,0.00015411,0,0.0,275,0.19628837,1127,False,observed_zero,True,8091,Naive2,L80626,3
L81048,Acid,1,0.00015411,0,0.0,666,0.47537473,736,False,observed_zero,True,7246,Naive3,L81048,4
L81048,Cisplatin,1,0.00015411,0,0.0,273,0.19486081,1129,False,observed_zero,True,6815,Naive3,L81048,4
L81048,CoCl2,1,0.00015411,0,0.0,320,0.22840828,1082,False,observed_zero,True,5134,Naive3,L81048,4
L81048,Dabrafenib,1,0.00015411,0,0.0,322,0.22983583,1080,False,observed_zero,True,6164,Naive3,L81048,4
L81048,Doxorubicin,1,0.00015411,0,0.0,406,0.289793,996,False,observed_zero,True,2832,Naive3,L81048,4
L81048,Trametinib,1,0.00015411,0,0.0,275,0.19628837,1127,False,observed_zero,True,8091,Naive3,L81048,4
L81084,Acid,1,0.00015411,0,0.0,666,0.47537473,736,False,observed_zero,True,7246,Naive3,L81084,2
L81084,Cisplatin,1,0.00015411,0,0.0,273,0.19486081,1129,False,observed_zero,True,6815,Naive3,L81084,2
L81084,CoCl2,1,0.00015411,0,0.0,320,0.22840828,1082,False,observed_zero,True,5134,Naive3,L81084,2
L81084,Dabrafenib,1,0.00015411,0,0.0,322,0.22983583,1080,False,observed_zero,True,6164,Naive3,L81084,2
L81084,Doxorubicin,1,0.00015411,0,0.0,406,0.289793,996,False,observed_zero,True,2832,Naive3,L81084,2
L81084,Trametinib,1,0.00015411,1,0.00012359,161,0.11491792,114,True,observed_nonzero,True,8091,Naive3,L81084,2
L81421,Acid,5,0.00077053,0,0.0,666,0.47537473,736,False,observed_zero,True,7246,Naive1|Naive3,L81421,0
L81421,Cisplatin,5,0.00077053,0,0.0,273,0.19486081,1129,False,observed_zero,True,6815,Naive1|Naive3,L81421,0
L81421,CoCl2,5,0.00077053,0,0.0,320,0.22840828,1082,False,observed_zero,True,5134,Naive1|Naive3,L81421,0
L81421,Dabrafenib,5,0.00077053,0,0.0,322,0.22983583,1080,False,observed_zero,True,6164,Naive1|Naive3,L81421,0
L81421,Doxorubicin,5,0.00077053,0,0.0,406,0.289793,996,False,observed_zero,True,2832,Naive1|Naive3,L81421,0
L81421,Trametinib,5,0.00077053,0,0.0,275,0.19628837,1127,False,observed_zero,True,8091,Naive1|Naive3,L81421,0
L81641,Acid,1,0.00015411,2,0.00027601,380,0.27123483,107,True,observed_nonzero,True,7246,Naive1,L81641,0
L81641,Cisplatin,1,0.00015411,0,0.0,273,0.19486081,1129,False,observed_zero,True,6815,Naive1,L81641,0
L81641,CoCl2,1,0.00015411,0,0.0,320,0.22840828,1082,False,observed_zero,True,5134,Naive1,L81641,0
L81641,Dabrafenib,1,0.00015411,1,0.00016223,182,0.12990721,140,True,observed_nonzero,True,6164,Naive1,L81641,0
L81641,Doxorubicin,1,0.00015411,0,0.0,406,0.289793,996,False,observed_zero,True,2832,Naive1,L81641,0
L81641,Trametinib,1,0.00015411,0,0.0,275,0.19628837,1127,False,observed_zero,True,8091,Naive1,L81641,0
L81738,Acid,18,0.00277393,21,0.00289815,70,0.04996431,5,True,observed_nonzero,True,7246,Naive1|Naive2|Naive3,L81738,0
L81738,Cisplatin,18,0.00277393,1,0.00014674,110,0.07851535,163,True,observed_nonzero,True,6815,Naive1|Naive2|Naive3,L81738,0
L81738,CoCl2,18,0.00277393,1,0.00019478,179,0.12776588,141,True,observed_nonzero,True,5134,Naive1|Naive2|Naive3,L81738,0
L81738,Dabrafenib,18,0.00277393,1,0.00016223,182,0.12990721,140,True,observed_nonzero,True,6164,Naive1|Naive2|Naive3,L81738,0
L81738,Doxorubicin,18,0.00277393,3,0.00105932,96,0.06852248,39,True,observed_nonzero,True,2832,Naive1|Naive2|Naive3,L81738,0
L81738,Trametinib,18,0.00277393,3,0.00037078,100,0.07137759,24,True,observed_nonzero,True,8091,Naive1|Naive2|Naive3,L81738,0
L82032,Acid,13,0.00200339,4,0.00055203,267,0.19057816,51,True,observed_nonzero,True,7246,Naive1|Naive2|Naive3,L82032,4
L82032,Cisplatin,13,0.00200339,0,0.0,273,0.19486081,1129,False,observed_zero,True,6815,Naive1|Naive2|Naive3,L82032,4
L82032,CoCl2,13,0.00200339,1,0.00019478,179,0.12776588,141,True,observed_nonzero,True,5134,Naive1|Naive2|Naive3,L82032,4
L82032,Dabrafenib,13,0.00200339,0,0.0,322,0.22983583,1080,False,observed_zero,True,6164,Naive1|Naive2|Naive3,L82032,4
L82032,Doxorubicin,13,0.00200339,0,0.0,406,0.289793,996,False,observed_zero,True,2832,Naive1|Naive2|Naive3,L82032,4
L82032,Trametinib,13,0.00200339,0,0.0,275,0.19628837,1127,False,observed_zero,True,8091,Naive1|Naive2|Naive3,L82032,4
L82077,Acid,4,0.00061643,0,0.0,666,0.47537473,736,False,observed_zero,True,7246,Naive3,L82077,4
L82077,Cisplatin,4,0.00061643,0,0.0,273,0.19486081,1129,False,observed_zero,True,6815,Naive3,L82077,4
L82077,CoCl2,4,0.00061643,0,0.0,320,0.22840828,1082,False,observed_zero,True,5134,Naive3,L82077,4
L82077,Dabrafenib,4,0.00061643,1,0.00016223,182,0.12990721,140,True,observed_nonzero,True,6164,Naive3,L82077,4
L82077,Doxorubicin,4,0.00061643,0,0.0,406,0.289793,996,False,observed_zero,True,2832,Naive3,L82077,4
L82077,Trametinib,4,0.00061643,0,0.0,275,0.19628837,1127,False,observed_zero,True,8091,Naive3,L82077,4
L82689,Acid,1,0.00015411,1,0.00013801,487,0.34760885,179,True,observed_nonzero,True,7246,Naive1,L82689,4
L82689,Cisplatin,1,0.00015411,0,0.0,273,0.19486081,1129,False,observed_zero,True,6815,Naive1,L82689,4
L82689,CoCl2,1,0.00015411,1,0.00019478,179,0.12776588,141,True,observed_nonzero,True,5134,Naive1,L82689,4
L82689,Dabrafenib,1,0.00015411,0,0.0,322,0.22983583,1080,False,observed_zero,True,6164,Naive1,L82689,4
L82689,Doxorubicin,1,0.00015411,0,0.0,406,0.289793,996,False,observed_zero,True,2832,Naive1,L82689,4
L82689,Trametinib,1,0.00015411,0,0.0,275,0.19628837,1127,False,observed_zero,True,8091,Naive1,L82689,4
L82788,Acid,3,0.00046232,0,0.0,666,0.47537473,736,False,observed_zero,True,7246,Naive1,L82788,3
L82788,Cisplatin,3,0.00046232,0,0.0,273,0.19486081,1129,False,observed_zero,True,6815,Naive1,L82788,3
L82788,CoCl2,3,0.00046232,0,0.0,320,0.22840828,1082,False,observed_zero,True,5134,Naive1,L82788,3
L82788,Dabrafenib,3,0.00046232,4,0.00064893,100,0.07137759,13,True,observed_nonzero,True,6164,Naive1,L82788,3
L82788,Doxorubicin,3,0.00046232,1,0.00035311,218,0.15560314,188,True,observed_nonzero,True,2832,Naive1,L82788,3
L82788,Trametinib,3,0.00046232,2,0.00024719,124,0.08850821,37,True,observed_nonzero,True,8091,Naive1,L82788,3
L82823,Acid,10,0.00154107,4,0.00055203,267,0.19057816,51,True,observed_nonzero,True,7246,Naive1|Naive2|Naive3,L82823,1
L82823,Cisplatin,10,0.00154107,3,0.00044021,37,0.02640971,23,True,observed_nonzero,True,6815,Naive1|Naive2|Naive3,L82823,1
L82823,CoCl2,10,0.00154107,6,0.00116868,36,0.02569593,11,True,observed_nonzero,True,5134,Naive1|Naive2|Naive3,L82823,1
L82823,Dabrafenib,10,0.00154107,0,0.0,322,0.22983583,1080,False,observed_zero,True,6164,Naive1|Naive2|Naive3,L82823,1
L82823,Doxorubicin,10,0.00154107,7,0.00247175,41,0.02926481,9,True,observed_nonzero,True,2832,Naive1|Naive2|Naive3,L82823,1
L82823,Trametinib,10,0.00154107,1,0.00012359,161,0.11491792,114,True,observed_nonzero,True,8091,Naive1|Naive2|Naive3,L82823,1
L82908,Acid,1,0.00015411,0,0.0,666,0.47537473,736,False,observed_zero,True,7246,Naive2,L82908,3
L82908,Cisplatin,1,0.00015411,0,0.0,273,0.19486081,1129,False,observed_zero,True,6815,Naive2,L82908,3
L82908,CoCl2,1,0.00015411,0,0.0,320,0.22840828,1082,False,observed_zero,True,5134,Naive2,L82908,3
L82908,Dabrafenib,1,0.00015411,0,0.0,322,0.22983583,1080,False,observed_zero,True,6164,Naive2,L82908,3
L82908,Doxorubicin,1,0.00015411,2,0.00070621,135,0.09635974,83,True,observed_nonzero,True,2832,Naive2,L82908,3
L82908,Trametinib,1,0.00015411,0,0.0,275,0.19628837,1127,False,observed_zero,True,8091,Naive2,L82908,3
L82979,Acid,45,0.00693481,257,0.03546784,3,0.00214133,1,True,observed_nonzero,True,7246,Naive1|Naive2|Naive3,L82979,2
L82979,Cisplatin,45,0.00693481,9,0.00132062,11,0.00785153,2,True,observed_nonzero,True,6815,Naive1|Naive2|Naive3,L82979,2
L82979,CoCl2,45,0.00693481,20,0.0038956,6,0.00428266,1,True,observed_nonzero,True,5134,Naive1|Naive2|Naive3,L82979,2
L82979,Dabrafenib,45,0.00693481,1,0.00016223,182,0.12990721,140,True,observed_nonzero,True,6164,Naive1|Naive2|Naive3,L82979,2
L82979,Doxorubicin,45,0.00693481,22,0.00776836,8,0.00571021,1,True,observed_nonzero,True,2832,Naive1|Naive2|Naive3,L82979,2
L82979,Trametinib,45,0.00693481,5,0.00061797,85,0.06067095,6,True,observed_nonzero,True,8091,Naive1|Naive2|Naive3,L82979,2
L83489,Acid,3,0.00046232,2,0.00027601,380,0.27123483,107,True,observed_nonzero,True,7246,Naive2|Naive3,L83489,4
L83489,Cisplatin,3,0.00046232,0,0.0,273,0.19486081,1129,False,observed_zero,True,6815,Naive2|Naive3,L83489,4
L83489,CoCl2,3,0.00046232,6,0.00116868,36,0.02569593,11,True,observed_nonzero,True,5134,Naive2|Naive3,L83489,4
L83489,Dabrafenib,3,0.00046232,10,0.00162232,56,0.03997145,6,True,observed_nonzero,True,6164,Naive2|Naive3,L83489,4
L83489,Doxorubicin,3,0.00046232,1,0.00035311,218,0.15560314,188,True,observed_nonzero,True,2832,Naive2|Naive3,L83489,4
L83489,Trametinib,3,0.00046232,2,0.00024719,124,0.08850821,37,True,observed_nonzero,True,8091,Naive2|Naive3,L83489,4
L83701,Acid,1,0.00015411,0,0.0,666,0.47537473,736,False,observed_zero,True,7246,Naive3,L83701,2
L83701,Cisplatin,1,0.00015411,0,0.0,273,0.19486081,1129,False,observed_zero,True,6815,Naive3,L83701,2
L83701,CoCl2,1,0.00015411,0,0.0,320,0.22840828,1082,False,observed_zero,True,5134,Naive3,L83701,2
L83701,Dabrafenib,1,0.00015411,0,0.0,322,0.22983583,1080,False,observed_zero,True,6164,Naive3,L83701,2
L83701,Doxorubicin,1,0.00015411,0,0.0,406,0.289793,996,False,observed_zero,True,2832,Naive3,L83701,2
L83701,Trametinib,1,0.00015411,0,0.0,275,0.19628837,1127,False,observed_zero,True,8091,Naive3,L83701,2
L8380,Acid,2,0.00030821,1,0.00013801,487,0.34760885,179,True,observed_nonzero,True,7246,Naive3,L8380,0
L8380,Cisplatin,2,0.00030821,0,0.0,273,0.19486081,1129,False,observed_zero,True,6815,Naive3,L8380,0
L8380,CoCl2,2,0.00030821,0,0.0,320,0.22840828,1082,False,observed_zero,True,5134,Naive3,L8380,0
L8380,Dabrafenib,2,0.00030821,0,0.0,322,0.22983583,1080,False,observed_zero,True,6164,Naive3,L8380,0
L8380,Doxorubicin,2,0.00030821,0,0.0,406,0.289793,996,False,observed_zero,True,2832,Naive3,L8380,0
L8380,Trametinib,2,0.00030821,0,0.0,275,0.19628837,1127,False,observed_zero,True,8091,Naive3,L8380,0
L8387,Acid,27,0.00416089,19,0.00262214,78,0.05567452,8,True,observed_nonzero,True,7246,Naive1|Naive2|Naive3,L8387,0
L8387,Cisplatin,27,0.00416089,1,0.00014674,110,0.07851535,163,True,observed_nonzero,True,6815,Naive1|Naive2|Naive3,L8387,0
L8387,CoCl2,27,0.00416089,11,0.00214258,16,0.01142041,3,True,observed_nonzero,True,5134,Naive1|Naive2|Naive3,L8387,0
L8387,Dabrafenib,27,0.00416089,0,0.0,322,0.22983583,1080,False,observed_zero,True,6164,Naive1|Naive2|Naive3,L8387,0
L8387,Doxorubicin,27,0.00416089,0,0.0,406,0.289793,996,False,observed_zero,True,2832,Naive1|Naive2|Naive3,L8387,0
L8387,Trametinib,27,0.00416089,0,0.0,275,0.19628837,1127,False,observed_zero,True,8091,Naive1|Naive2|Naive3,L8387,0
L84010,Acid,23,0.00354446,9,0.00124206,156,0.11134904,17,True,observed_nonzero,True,7246,Naive1|Naive2|Naive3,L84010,3
L84010,Cisplatin,23,0.00354446,3,0.00044021,37,0.02640971,23,True,observed_nonzero,True,6815,Naive1|Naive2|Naive3,L84010,3
L84010,CoCl2,23,0.00354446,1,0.00019478,179,0.12776588,141,True,observed_nonzero,True,5134,Naive1|Naive2|Naive3,L84010,3
L84010,Dabrafenib,23,0.00354446,13,0.00210902,46,0.03283369,2,True,observed_nonzero,True,6164,Naive1|Naive2|Naive3,L84010,3
L84010,Doxorubicin,23,0.00354446,5,0.00176554,59,0.04211278,11,True,observed_nonzero,True,2832,Naive1|Naive2|Naive3,L84010,3
L84010,Trametinib,23,0.00354446,11,0.00135954,46,0.03283369,4,True,observed_nonzero,True,8091,Naive1|Naive2|Naive3,L84010,3
L84024,Acid,1,0.00015411,0,0.0,666,0.47537473,736,False,observed_zero,True,7246,Naive1,L84024,0
L84024,Cisplatin,1,0.00015411,0,0.0,273,0.19486081,1129,False,observed_zero,True,6815,Naive1,L84024,0
L84024,CoCl2,1,0.00015411,0,0.0,320,0.22840828,1082,False,observed_zero,True,5134,Naive1,L84024,0
L84024,Dabrafenib,1,0.00015411,0,0.0,322,0.22983583,1080,False,observed_zero,True,6164,Naive1,L84024,0
L84024,Doxorubicin,1,0.00015411,0,0.0,406,0.289793,996,False,observed_zero,True,2832,Naive1,L84024,0
L84024,Trametinib,1,0.00015411,0,0.0,275,0.19628837,1127,False,observed_zero,True,8091,Naive1,L84024,0
L84060,Acid,4,0.00061643,0,0.0,666,0.47537473,736,False,observed_zero,True,7246,Naive1|Naive2|Naive3,L84060,4
L84060,Cisplatin,4,0.00061643,0,0.0,273,0.19486081,1129,False,observed_zero,True,6815,Naive1|Naive2|Naive3,L84060,4
L84060,CoCl2,4,0.00061643,0,0.0,320,0.22840828,1082,False,observed_zero,True,5134,Naive1|Naive2|Naive3,L84060,4
L84060,Dabrafenib,4,0.00061643,0,0.0,322,0.22983583,1080,False,observed_zero,True,6164,Naive1|Naive2|Naive3,L84060,4
L84060,Doxorubicin,4,0.00061643,0,0.0,406,0.289793,996,False,observed_zero,True,2832,Naive1|Naive2|Naive3,L84060,4
L84060,Trametinib,4,0.00061643,0,0.0,275,0.19628837,1127,False,observed_zero,True,8091,Naive1|Naive2|Naive3,L84060,4
L8434,Acid,20,0.00308214,93,0.01283467,8,0.00571021,1,True,observed_nonzero,True,7246,Naive1|Naive2|Naive3,L8434,0
L8434,Cisplatin,20,0.00308214,1,0.00014674,110,0.07851535,163,True,observed_nonzero,True,6815,Naive1|Naive2|Naive3,L8434,0
L8434,CoCl2,20,0.00308214,3,0.00058434,80,0.05710207,30,True,observed_nonzero,True,5134,Naive1|Naive2|Naive3,L8434,0
L8434,Dabrafenib,20,0.00308214,0,0.0,322,0.22983583,1080,False,observed_zero,True,6164,Naive1|Naive2|Naive3,L8434,0
L8434,Doxorubicin,20,0.00308214,3,0.00105932,96,0.06852248,39,True,observed_nonzero,True,2832,Naive1|Naive2|Naive3,L8434,0
L8434,Trametinib,20,0.00308214,0,0.0,275,0.19628837,1127,False,observed_zero,True,8091,Naive1|Naive2|Naive3,L8434,0
L84351,Acid,34,0.00523964,25,0.00345018,57,0.04068522,2,True,observed_nonzero,True,7246,Naive1|Naive2|Naive3,L84351,3
L84351,Cisplatin,34,0.00523964,1,0.00014674,110,0.07851535,163,True,observed_nonzero,True,6815,Naive1|Naive2|Naive3,L84351,3
L84351,CoCl2,34,0.00523964,0,0.0,320,0.22840828,1082,False,observed_zero,True,5134,Naive1|Naive2|Naive3,L84351,3
L84351,Dabrafenib,34,0.00523964,1,0.00016223,182,0.12990721,140,True,observed_nonzero,True,6164,Naive1|Naive2|Naive3,L84351,3
L84351,Doxorubicin,34,0.00523964,3,0.00105932,96,0.06852248,39,True,observed_nonzero,True,2832,Naive1|Naive2|Naive3,L84351,3
L84351,Trametinib,34,0.00523964,0,0.0,275,0.19628837,1127,False,observed_zero,True,8091,Naive1|Naive2|Naive3,L84351,3
L8437,Acid,1,0.00015411,0,0.0,666,0.47537473,736,False,observed_zero,True,7246,Naive2,L8437,0
L8437,Cisplatin,1,0.00015411,0,0.0,273,0.19486081,1129,False,observed_zero,True,6815,Naive2,L8437,0
L8437,CoCl2,1,0.00015411,0,0.0,320,0.22840828,1082,False,observed_zero,True,5134,Naive2,L8437,0
L8437,Dabrafenib,1,0.00015411,0,0.0,322,0.22983583,1080,False,observed_zero,True,6164,Naive2,L8437,0
L8437,Doxorubicin,1,0.00015411,0,0.0,406,0.289793,996,False,observed_zero,True,2832,Naive2,L8437,0
L8437,Trametinib,1,0.00015411,0,0.0,275,0.19628837,1127,False,observed_zero,True,8091,Naive2,L8437,0
L84404,Acid,1,0.00015411,1,0.00013801,487,0.34760885,179,True,observed_nonzero,True,7246,Naive3,L84404,4
L84404,Cisplatin,1,0.00015411,0,0.0,273,0.19486081,1129,False,observed_zero,True,6815,Naive3,L84404,4
L84404,CoCl2,1,0.00015411,1,0.00019478,179,0.12776588,141,True,observed_nonzero,True,5134,Naive3,L84404,4
L84404,Dabrafenib,1,0.00015411,0,0.0,322,0.22983583,1080,False,observed_zero,True,6164,Naive3,L84404,4
L84404,Doxorubicin,1,0.00015411,0,0.0,406,0.289793,996,False,observed_zero,True,2832,Naive3,L84404,4
L84404,Trametinib,1,0.00015411,0,0.0,275,0.19628837,1127,False,observed_zero,True,8091,Naive3,L84404,4
L84720,Acid,1,0.00015411,0,0.0,666,0.47537473,736,False,observed_zero,True,7246,Naive1,L84720,0
L84720,Cisplatin,1,0.00015411,0,0.0,273,0.19486081,1129,False,observed_zero,True,6815,Naive1,L84720,0
L84720,CoCl2,1,0.00015411,0,0.0,320,0.22840828,1082,False,observed_zero,True,5134,Naive1,L84720,0
L84720,Dabrafenib,1,0.00015411,0,0.0,322,0.22983583,1080,False,observed_zero,True,6164,Naive1,L84720,0
L84720,Doxorubicin,1,0.00015411,0,0.0,406,0.289793,996,False,observed_zero,True,2832,Naive1,L84720,0
L84720,Trametinib,1,0.00015411,0,0.0,275,0.19628837,1127,False,observed_zero,True,8091,Naive1,L84720,0
L84803,Acid,1,0.00015411,0,0.0,666,0.47537473,736,False,observed_zero,True,7246,Naive2,L84803,4
L84803,Cisplatin,1,0.00015411,0,0.0,273,0.19486081,1129,False,observed_zero,True,6815,Naive2,L84803,4
L84803,CoCl2,1,0.00015411,0,0.0,320,0.22840828,1082,False,observed_zero,True,5134,Naive2,L84803,4
L84803,Dabrafenib,1,0.00015411,41,0.00665152,18,0.01284797,1,True,observed_nonzero,True,6164,Naive2,L84803,4
L84803,Doxorubicin,1,0.00015411,0,0.0,406,0.289793,996,False,observed_zero,True,2832,Naive2,L84803,4
L84803,Trametinib,1,0.00015411,4,0.00049438,91,0.0649536,9,True,observed_nonzero,True,8091,Naive2,L84803,4
L85031,Acid,8,0.00123286,8,0.00110406,173,0.12348323,19,True,observed_nonzero,True,7246,Naive1|Naive2|Naive3,L85031,0
L85031,Cisplatin,8,0.00123286,1,0.00014674,110,0.07851535,163,True,observed_nonzero,True,6815,Naive1|Naive2|Naive3,L85031,0
L85031,CoCl2,8,0.00123286,2,0.00038956,110,0.07851535,69,True,observed_nonzero,True,5134,Naive1|Naive2|Naive3,L85031,0
L85031,Dabrafenib,8,0.00123286,1,0.00016223,182,0.12990721,140,True,observed_nonzero,True,6164,Naive1|Naive2|Naive3,L85031,0
L85031,Doxorubicin,8,0.00123286,2,0.00070621,135,0.09635974,83,True,observed_nonzero,True,2832,Naive1|Naive2|Naive3,L85031,0
L85031,Trametinib,8,0.00123286,2,0.00024719,124,0.08850821,37,True,observed_nonzero,True,8091,Naive1|Naive2|Naive3,L85031,0
L85759,Acid,1,0.00015411,5,0.00069004,232,0.165596,35,True,observed_nonzero,True,7246,Naive1,L85759,2
L85759,Cisplatin,1,0.00015411,0,0.0,273,0.19486081,1129,False,observed_zero,True,6815,Naive1,L85759,2
L85759,CoCl2,1,0.00015411,1,0.00019478,179,0.12776588,141,True,observed_nonzero,True,5134,Naive1,L85759,2
L85759,Dabrafenib,1,0.00015411,36,0.00584036,21,0.01498929,1,True,observed_nonzero,True,6164,Naive1,L85759,2
L85759,Doxorubicin,1,0.00015411,0,0.0,406,0.289793,996,False,observed_zero,True,2832,Naive1,L85759,2
L85759,Trametinib,1,0.00015411,28,0.00346064,19,0.01356174,2,True,observed_nonzero,True,8091,Naive1,L85759,2
L85766,Acid,2,0.00030821,0,0.0,666,0.47537473,736,False,observed_zero,True,7246,Naive3,L85766,3
L85766,Cisplatin,2,0.00030821,0,0.0,273,0.19486081,1129,False,observed_zero,True,6815,Naive3,L85766,3
L85766,CoCl2,2,0.00030821,0,0.0,320,0.22840828,1082,False,observed_zero,True,5134,Naive3,L85766,3
L85766,Dabrafenib,2,0.00030821,0,0.0,322,0.22983583,1080,False,observed_zero,True,6164,Naive3,L85766,3
L85766,Doxorubicin,2,0.00030821,2,0.00070621,135,0.09635974,83,True,observed_nonzero,True,2832,Naive3,L85766,3
L85766,Trametinib,2,0.00030821,0,0.0,275,0.19628837,1127,False,observed_zero,True,8091,Naive3,L85766,3
L85780,Acid,1,0.00015411,0,0.0,666,0.47537473,736,False,observed_zero,True,7246,Naive2,L85780,4
L85780,Cisplatin,1,0.00015411,0,0.0,273,0.19486081,1129,False,observed_zero,True,6815,Naive2,L85780,4
L85780,CoCl2,1,0.00015411,0,0.0,320,0.22840828,1082,False,observed_zero,True,5134,Naive2,L85780,4
L85780,Dabrafenib,1,0.00015411,0,0.0,322,0.22983583,1080,False,observed_zero,True,6164,Naive2,L85780,4
L85780,Doxorubicin,1,0.00015411,0,0.0,406,0.289793,996,False,observed_zero,True,2832,Naive2,L85780,4
L85780,Trametinib,1,0.00015411,0,0.0,275,0.19628837,1127,False,observed_zero,True,8091,Naive2,L85780,4
L85922,Acid,4,0.00061643,0,0.0,666,0.47537473,736,False,observed_zero,True,7246,Naive2|Naive3,L85922,0
L85922,Cisplatin,4,0.00061643,0,0.0,273,0.19486081,1129,False,observed_zero,True,6815,Naive2|Naive3,L85922,0
L85922,CoCl2,4,0.00061643,0,0.0,320,0.22840828,1082,False,observed_zero,True,5134,Naive2|Naive3,L85922,0
L85922,Dabrafenib,4,0.00061643,0,0.0,322,0.22983583,1080,False,observed_zero,True,6164,Naive2|Naive3,L85922,0
L85922,Doxorubicin,4,0.00061643,0,0.0,406,0.289793,996,False,observed_zero,True,2832,Naive2|Naive3,L85922,0
L85922,Trametinib,4,0.00061643,0,0.0,275,0.19628837,1127,False,observed_zero,True,8091,Naive2|Naive3,L85922,0
L85940,Acid,4,0.00061643,2,0.00027601,380,0.27123483,107,True,observed_nonzero,True,7246,Naive1|Naive2|Naive3,L85940,3
L85940,Cisplatin,4,0.00061643,0,0.0,273,0.19486081,1129,False,observed_zero,True,6815,Naive1|Naive2|Naive3,L85940,3
L85940,CoCl2,4,0.00061643,0,0.0,320,0.22840828,1082,False,observed_zero,True,5134,Naive1|Naive2|Naive3,L85940,3
L85940,Dabrafenib,4,0.00061643,0,0.0,322,0.22983583,1080,False,observed_zero,True,6164,Naive1|Naive2|Naive3,L85940,3
L85940,Doxorubicin,4,0.00061643,1,0.00035311,218,0.15560314,188,True,observed_nonzero,True,2832,Naive1|Naive2|Naive3,L85940,3
L85940,Trametinib,4,0.00061643,1,0.00012359,161,0.11491792,114,True,observed_nonzero,True,8091,Naive1|Naive2|Naive3,L85940,3
L86391,Acid,1,0.00015411,0,0.0,666,0.47537473,736,False,observed_zero,True,7246,Naive3,L86391,4
L86391,Cisplatin,1,0.00015411,0,0.0,273,0.19486081,1129,False,observed_zero,True,6815,Naive3,L86391,4
L86391,CoCl2,1,0.00015411,0,0.0,320,0.22840828,1082,False,observed_zero,True,5134,Naive3,L86391,4
L86391,Dabrafenib,1,0.00015411,0,0.0,322,0.22983583,1080,False,observed_zero,True,6164,Naive3,L86391,4
L86391,Doxorubicin,1,0.00015411,0,0.0,406,0.289793,996,False,observed_zero,True,2832,Naive3,L86391,4
L86391,Trametinib,1,0.00015411,1,0.00012359,161,0.11491792,114,True,observed_nonzero,True,8091,Naive3,L86391,4
L86394,Acid,28,0.00431499,15,0.00207011,97,0.06923626,6,True,observed_nonzero,True,7246,Naive1|Naive2|Naive3,L86394,1
L86394,Cisplatin,28,0.00431499,4,0.00058694,23,0.01641685,14,True,observed_nonzero,True,6815,Naive1|Naive2|Naive3,L86394,1
L86394,CoCl2,28,0.00431499,1,0.00019478,179,0.12776588,141,True,observed_nonzero,True,5134,Naive1|Naive2|Naive3,L86394,1
L86394,Dabrafenib,28,0.00431499,0,0.0,322,0.22983583,1080,False,observed_zero,True,6164,Naive1|Naive2|Naive3,L86394,1
L86394,Doxorubicin,28,0.00431499,9,0.00317797,27,0.01927195,5,True,observed_nonzero,True,2832,Naive1|Naive2|Naive3,L86394,1
L86394,Trametinib,28,0.00431499,0,0.0,275,0.19628837,1127,False,observed_zero,True,8091,Naive1|Naive2|Naive3,L86394,1
L870,Acid,4,0.00061643,1,0.00013801,487,0.34760885,179,True,observed_nonzero,True,7246,Naive1|Naive3,L870,2
L870,Cisplatin,4,0.00061643,0,0.0,273,0.19486081,1129,False,observed_zero,True,6815,Naive1|Naive3,L870,2
L870,CoCl2,4,0.00061643,0,0.0,320,0.22840828,1082,False,observed_zero,True,5134,Naive1|Naive3,L870,2
L870,Dabrafenib,4,0.00061643,0,0.0,322,0.22983583,1080,False,observed_zero,True,6164,Naive1|Naive3,L870,2
L870,Doxorubicin,4,0.00061643,0,0.0,406,0.289793,996,False,observed_zero,True,2832,Naive1|Naive3,L870,2
L870,Trametinib,4,0.00061643,0,0.0,275,0.19628837,1127,False,observed_zero,True,8091,Naive1|Naive3,L870,2
L87202,Acid,3,0.00046232,0,0.0,666,0.47537473,736,False,observed_zero,True,7246,Naive1|Naive3,L87202,2
L87202,Cisplatin,3,0.00046232,0,0.0,273,0.19486081,1129,False,observed_zero,True,6815,Naive1|Naive3,L87202,2
L87202,CoCl2,3,0.00046232,0,0.0,320,0.22840828,1082,False,observed_zero,True,5134,Naive1|Naive3,L87202,2
L87202,Dabrafenib,3,0.00046232,0,0.0,322,0.22983583,1080,False,observed_zero,True,6164,Naive1|Naive3,L87202,2
L87202,Doxorubicin,3,0.00046232,0,0.0,406,0.289793,996,False,observed_zero,True,2832,Naive1|Naive3,L87202,2
L87202,Trametinib,3,0.00046232,0,0.0,275,0.19628837,1127,False,observed_zero,True,8091,Naive1|Naive3,L87202,2
L87366,Acid,26,0.00400678,30,0.00414022,47,0.03354747,1,True,observed_nonzero,True,7246,Naive1|Naive2|Naive3,L87366,3
L87366,Cisplatin,26,0.00400678,1,0.00014674,110,0.07851535,163,True,observed_nonzero,True,6815,Naive1|Naive2|Naive3,L87366,3
L87366,CoCl2,26,0.00400678,0,0.0,320,0.22840828,1082,False,observed_zero,True,5134,Naive1|Naive2|Naive3,L87366,3
L87366,Dabrafenib,26,0.00400678,11,0.00178456,50,0.03568879,6,True,observed_nonzero,True,6164,Naive1|Naive2|Naive3,L87366,3
L87366,Doxorubicin,26,0.00400678,10,0.00353107,23,0.01641685,4,True,observed_nonzero,True,2832,Naive1|Naive2|Naive3,L87366,3
L87366,Trametinib,26,0.00400678,4,0.00049438,91,0.0649536,9,True,observed_nonzero,True,8091,Naive1|Naive2|Naive3,L87366,3
L879,Acid,7,0.00107875,4,0.00055203,267,0.19057816,51,True,observed_nonzero,True,7246,Naive1|Naive2|Naive3,L879,2
L879,Cisplatin,7,0.00107875,1,0.00014674,110,0.07851535,163,True,observed_nonzero,True,6815,Naive1|Naive2|Naive3,L879,2
L879,CoCl2,7,0.00107875,0,0.0,320,0.22840828,1082,False,observed_zero,True,5134,Naive1|Naive2|Naive3,L879,2
L879,Dabrafenib,7,0.00107875,1,0.00016223,182,0.12990721,140,True,observed_nonzero,True,6164,Naive1|Naive2|Naive3,L879,2
L879,Doxorubicin,7,0.00107875,0,0.0,406,0.289793,996,False,observed_zero,True,2832,Naive1|Naive2|Naive3,L879,2
L879,Trametinib,7,0.00107875,0,0.0,275,0.19628837,1127,False,observed_zero,True,8091,Naive1|Naive2|Naive3,L879,2
L88206,Acid,1,0.00015411,0,0.0,666,0.47537473,736,False,observed_zero,True,7246,Naive3,L88206,1
L88206,Cisplatin,1,0.00015411,0,0.0,273,0.19486081,1129,False,observed_zero,True,6815,Naive3,L88206,1
L88206,CoCl2,1,0.00015411,0,0.0,320,0.22840828,1082,False,observed_zero,True,5134,Naive3,L88206,1
L88206,Dabrafenib,1,0.00015411,1,0.00016223,182,0.12990721,140,True,observed_nonzero,True,6164,Naive3,L88206,1
L88206,Doxorubicin,1,0.00015411,0,0.0,406,0.289793,996,False,observed_zero,True,2832,Naive3,L88206,1
L88206,Trametinib,1,0.00015411,0,0.0,275,0.19628837,1127,False,observed_zero,True,8091,Naive3,L88206,1
L88295,Acid,1,0.00015411,0,0.0,666,0.47537473,736,False,observed_zero,True,7246,Naive3,L88295,3
L88295,Cisplatin,1,0.00015411,0,0.0,273,0.19486081,1129,False,observed_zero,True,6815,Naive3,L88295,3
L88295,CoCl2,1,0.00015411,0,0.0,320,0.22840828,1082,False,observed_zero,True,5134,Naive3,L88295,3
L88295,Dabrafenib,1,0.00015411,0,0.0,322,0.22983583,1080,False,observed_zero,True,6164,Naive3,L88295,3
L88295,Doxorubicin,1,0.00015411,0,0.0,406,0.289793,996,False,observed_zero,True,2832,Naive3,L88295,3
L88295,Trametinib,1,0.00015411,0,0.0,275,0.19628837,1127,False,observed_zero,True,8091,Naive3,L88295,3
L88421,Acid,1,0.00015411,0,0.0,666,0.47537473,736,False,observed_zero,True,7246,Naive2,L88421,3
L88421,Cisplatin,1,0.00015411,0,0.0,273,0.19486081,1129,False,observed_zero,True,6815,Naive2,L88421,3
L88421,CoCl2,1,0.00015411,0,0.0,320,0.22840828,1082,False,observed_zero,True,5134,Naive2,L88421,3
L88421,Dabrafenib,1,0.00015411,0,0.0,322,0.22983583,1080,False,observed_zero,True,6164,Naive2,L88421,3
L88421,Doxorubicin,1,0.00015411,0,0.0,406,0.289793,996,False,observed_zero,True,2832,Naive2,L88421,3
L88421,Trametinib,1,0.00015411,0,0.0,275,0.19628837,1127,False,observed_zero,True,8091,Naive2,L88421,3
L88461,Acid,20,0.00308214,24,0.00331217,59,0.04211278,5,True,observed_nonzero,True,7246,Naive1|Naive2|Naive3,L88461,3
L88461,Cisplatin,20,0.00308214,0,0.0,273,0.19486081,1129,False,observed_zero,True,6815,Naive1|Naive2|Naive3,L88461,3
L88461,CoCl2,20,0.00308214,0,0.0,320,0.22840828,1082,False,observed_zero,True,5134,Naive1|Naive2|Naive3,L88461,3
L88461,Dabrafenib,20,0.00308214,22,0.00356911,30,0.02141328,2,True,observed_nonzero,True,6164,Naive1|Naive2|Naive3,L88461,3
L88461,Doxorubicin,20,0.00308214,0,0.0,406,0.289793,996,False,observed_zero,True,2832,Naive1|Naive2|Naive3,L88461,3
L88461,Trametinib,20,0.00308214,10,0.00123594,50,0.03568879,7,True,observed_nonzero,True,8091,Naive1|Naive2|Naive3,L88461,3
L88830,Acid,2,0.00030821,0,0.0,666,0.47537473,736,False,observed_zero,True,7246,Naive2,L88830,1
L88830,Cisplatin,2,0.00030821,0,0.0,273,0.19486081,1129,False,observed_zero,True,6815,Naive2,L88830,1
L88830,CoCl2,2,0.00030821,0,0.0,320,0.22840828,1082,False,observed_zero,True,5134,Naive2,L88830,1
L88830,Dabrafenib,2,0.00030821,0,0.0,322,0.22983583,1080,False,observed_zero,True,6164,Naive2,L88830,1
L88830,Doxorubicin,2,0.00030821,0,0.0,406,0.289793,996,False,observed_zero,True,2832,Naive2,L88830,1
L88830,Trametinib,2,0.00030821,0,0.0,275,0.19628837,1127,False,observed_zero,True,8091,Naive2,L88830,1
L88932,Acid,1,0.00015411,1,0.00013801,487,0.34760885,179,True,observed_nonzero,True,7246,Naive1,L88932,2
L88932,Cisplatin,1,0.00015411,0,0.0,273,0.19486081,1129,False,observed_zero,True,6815,Naive1,L88932,2
L88932,CoCl2,1,0.00015411,0,0.0,320,0.22840828,1082,False,observed_zero,True,5134,Naive1,L88932,2
L88932,Dabrafenib,1,0.00015411,1,0.00016223,182,0.12990721,140,True,observed_nonzero,True,6164,Naive1,L88932,2
L88932,Doxorubicin,1,0.00015411,0,0.0,406,0.289793,996,False,observed_zero,True,2832,Naive1,L88932,2
L88932,Trametinib,1,0.00015411,0,0.0,275,0.19628837,1127,False,observed_zero,True,8091,Naive1,L88932,2
L89007,Acid,1,0.00015411,0,0.0,666,0.47537473,736,False,observed_zero,True,7246,Naive3,L89007,1
L89007,Cisplatin,1,0.00015411,0,0.0,273,0.19486081,1129,False,observed_zero,True,6815,Naive3,L89007,1
L89007,CoCl2,1,0.00015411,0,0.0,320,0.22840828,1082,False,observed_zero,True,5134,Naive3,L89007,1
L89007,Dabrafenib,1,0.00015411,0,0.0,322,0.22983583,1080,False,observed_zero,True,6164,Naive3,L89007,1
L89007,Doxorubicin,1,0.00015411,0,0.0,406,0.289793,996,False,observed_zero,True,2832,Naive3,L89007,1
L89007,Trametinib,1,0.00015411,0,0.0,275,0.19628837,1127,False,observed_zero,True,8091,Naive3,L89007,1
L89382,Acid,2,0.00030821,0,0.0,666,0.47537473,736,False,observed_zero,True,7246,Naive3,L89382,2
L89382,Cisplatin,2,0.00030821,0,0.0,273,0.19486081,1129,False,observed_zero,True,6815,Naive3,L89382,2
L89382,CoCl2,2,0.00030821,0,0.0,320,0.22840828,1082,False,observed_zero,True,5134,Naive3,L89382,2
L89382,Dabrafenib,2,0.00030821,0,0.0,322,0.22983583,1080,False,observed_zero,True,6164,Naive3,L89382,2
L89382,Doxorubicin,2,0.00030821,0,0.0,406,0.289793,996,False,observed_zero,True,2832,Naive3,L89382,2
L89382,Trametinib,2,0.00030821,1,0.00012359,161,0.11491792,114,True,observed_nonzero,True,8091,Naive3,L89382,2
L8950,Acid,2,0.00030821,1,0.00013801,487,0.34760885,179,True,observed_nonzero,True,7246,Naive3,L8950,3
L8950,Cisplatin,2,0.00030821,0,0.0,273,0.19486081,1129,False,observed_zero,True,6815,Naive3,L8950,3
L8950,CoCl2,2,0.00030821,0,0.0,320,0.22840828,1082,False,observed_zero,True,5134,Naive3,L8950,3
L8950,Dabrafenib,2,0.00030821,0,0.0,322,0.22983583,1080,False,observed_zero,True,6164,Naive3,L8950,3
L8950,Doxorubicin,2,0.00030821,0,0.0,406,0.289793,996,False,observed_zero,True,2832,Naive3,L8950,3
L8950,Trametinib,2,0.00030821,0,0.0,275,0.19628837,1127,False,observed_zero,True,8091,Naive3,L8950,3
L89642,Acid,1,0.00015411,0,0.0,666,0.47537473,736,False,observed_zero,True,7246,Naive1,L89642,0
L89642,Cisplatin,1,0.00015411,0,0.0,273,0.19486081,1129,False,observed_zero,True,6815,Naive1,L89642,0
L89642,CoCl2,1,0.00015411,0,0.0,320,0.22840828,1082,False,observed_zero,True,5134,Naive1,L89642,0
L89642,Dabrafenib,1,0.00015411,0,0.0,322,0.22983583,1080,False,observed_zero,True,6164,Naive1,L89642,0
L89642,Doxorubicin,1,0.00015411,0,0.0,406,0.289793,996,False,observed_zero,True,2832,Naive1,L89642,0
L89642,Trametinib,1,0.00015411,2,0.00024719,124,0.08850821,37,True,observed_nonzero,True,8091,Naive1,L89642,0
L89723,Acid,1,0.00015411,0,0.0,666,0.47537473,736,False,observed_zero,True,7246,Naive3,L89723,1
L89723,Cisplatin,1,0.00015411,0,0.0,273,0.19486081,1129,False,observed_zero,True,6815,Naive3,L89723,1
L89723,CoCl2,1,0.00015411,0,0.0,320,0.22840828,1082,False,observed_zero,True,5134,Naive3,L89723,1
L89723,Dabrafenib,1,0.00015411,0,0.0,322,0.22983583,1080,False,observed_zero,True,6164,Naive3,L89723,1
L89723,Doxorubicin,1,0.00015411,0,0.0,406,0.289793,996,False,observed_zero,True,2832,Naive3,L89723,1
L89723,Trametinib,1,0.00015411,0,0.0,275,0.19628837,1127,False,observed_zero,True,8091,Naive3,L89723,1
L90423,Acid,2,0.00030821,1,0.00013801,487,0.34760885,179,True,observed_nonzero,True,7246,Naive1|Naive3,L90423,4
L90423,Cisplatin,2,0.00030821,0,0.0,273,0.19486081,1129,False,observed_zero,True,6815,Naive1|Naive3,L90423,4
L90423,CoCl2,2,0.00030821,0,0.0,320,0.22840828,1082,False,observed_zero,True,5134,Naive1|Naive3,L90423,4
L90423,Dabrafenib,2,0.00030821,0,0.0,322,0.22983583,1080,False,observed_zero,True,6164,Naive1|Naive3,L90423,4
L90423,Doxorubicin,2,0.00030821,1,0.00035311,218,0.15560314,188,True,observed_nonzero,True,2832,Naive1|Naive3,L90423,4
L90423,Trametinib,2,0.00030821,0,0.0,275,0.19628837,1127,False,observed_zero,True,8091,Naive1|Naive3,L90423,4
L90680,Acid,2,0.00030821,2,0.00027601,380,0.27123483,107,True,observed_nonzero,True,7246,Naive2|Naive3,L90680,1
L90680,Cisplatin,2,0.00030821,0,0.0,273,0.19486081,1129,False,observed_zero,True,6815,Naive2|Naive3,L90680,1
L90680,CoCl2,2,0.00030821,0,0.0,320,0.22840828,1082,False,observed_zero,True,5134,Naive2|Naive3,L90680,1
L90680,Dabrafenib,2,0.00030821,0,0.0,322,0.22983583,1080,False,observed_zero,True,6164,Naive2|Naive3,L90680,1
L90680,Doxorubicin,2,0.00030821,5,0.00176554,59,0.04211278,11,True,observed_nonzero,True,2832,Naive2|Naive3,L90680,1
L90680,Trametinib,2,0.00030821,1,0.00012359,161,0.11491792,114,True,observed_nonzero,True,8091,Naive2|Naive3,L90680,1
L91035,Acid,6,0.00092464,0,0.0,666,0.47537473,736,False,observed_zero,True,7246,Naive2|Naive3,L91035,3
L91035,Cisplatin,6,0.00092464,0,0.0,273,0.19486081,1129,False,observed_zero,True,6815,Naive2|Naive3,L91035,3
L91035,CoCl2,6,0.00092464,0,0.0,320,0.22840828,1082,False,observed_zero,True,5134,Naive2|Naive3,L91035,3
L91035,Dabrafenib,6,0.00092464,1,0.00016223,182,0.12990721,140,True,observed_nonzero,True,6164,Naive2|Naive3,L91035,3
L91035,Doxorubicin,6,0.00092464,0,0.0,406,0.289793,996,False,observed_zero,True,2832,Naive2|Naive3,L91035,3
L91035,Trametinib,6,0.00092464,0,0.0,275,0.19628837,1127,False,observed_zero,True,8091,Naive2|Naive3,L91035,3
L91046,Acid,1,0.00015411,5,0.00069004,232,0.165596,35,True,observed_nonzero,True,7246,Naive1,L91046,1
L91046,Cisplatin,1,0.00015411,1,0.00014674,110,0.07851535,163,True,observed_nonzero,True,6815,Naive1,L91046,1
L91046,CoCl2,1,0.00015411,0,0.0,320,0.22840828,1082,False,observed_zero,True,5134,Naive1,L91046,1
L91046,Dabrafenib,1,0.00015411,0,0.0,322,0.22983583,1080,False,observed_zero,True,6164,Naive1,L91046,1
L91046,Doxorubicin,1,0.00015411,0,0.0,406,0.289793,996,False,observed_zero,True,2832,Naive1,L91046,1
L91046,Trametinib,1,0.00015411,0,0.0,275,0.19628837,1127,False,observed_zero,True,8091,Naive1,L91046,1
L91099,Acid,2,0.00030821,0,0.0,666,0.47537473,736,False,observed_zero,True,7246,Naive1|Naive3,L91099,0
L91099,Cisplatin,2,0.00030821,0,0.0,273,0.19486081,1129,False,observed_zero,True,6815,Naive1|Naive3,L91099,0
L91099,CoCl2,2,0.00030821,0,0.0,320,0.22840828,1082,False,observed_zero,True,5134,Naive1|Naive3,L91099,0
L91099,Dabrafenib,2,0.00030821,0,0.0,322,0.22983583,1080,False,observed_zero,True,6164,Naive1|Naive3,L91099,0
L91099,Doxorubicin,2,0.00030821,1,0.00035311,218,0.15560314,188,True,observed_nonzero,True,2832,Naive1|Naive3,L91099,0
L91099,Trametinib,2,0.00030821,0,0.0,275,0.19628837,1127,False,observed_zero,True,8091,Naive1|Naive3,L91099,0
L91183,Acid,1,0.00015411,0,0.0,666,0.47537473,736,False,observed_zero,True,7246,Naive2,L91183,1
L91183,Cisplatin,1,0.00015411,0,0.0,273,0.19486081,1129,False,observed_zero,True,6815,Naive2,L91183,1
L91183,CoCl2,1,0.00015411,0,0.0,320,0.22840828,1082,False,observed_zero,True,5134,Naive2,L91183,1
L91183,Dabrafenib,1,0.00015411,0,0.0,322,0.22983583,1080,False,observed_zero,True,6164,Naive2,L91183,1
L91183,Doxorubicin,1,0.00015411,7,0.00247175,41,0.02926481,9,True,observed_nonzero,True,2832,Naive2,L91183,1
L91183,Trametinib,1,0.00015411,0,0.0,275,0.19628837,1127,False,observed_zero,True,8091,Naive2,L91183,1
L91412,Acid,1,0.00015411,0,0.0,666,0.47537473,736,False,observed_zero,True,7246,Naive1,L91412,3
L91412,Cisplatin,1,0.00015411,0,0.0,273,0.19486081,1129,False,observed_zero,True,6815,Naive1,L91412,3
L91412,CoCl2,1,0.00015411,0,0.0,320,0.22840828,1082,False,observed_zero,True,5134,Naive1,L91412,3
L91412,Dabrafenib,1,0.00015411,0,0.0,322,0.22983583,1080,False,observed_zero,True,6164,Naive1,L91412,3
L91412,Doxorubicin,1,0.00015411,0,0.0,406,0.289793,996,False,observed_zero,True,2832,Naive1,L91412,3
L91412,Trametinib,1,0.00015411,0,0.0,275,0.19628837,1127,False,observed_zero,True,8091,Naive1,L91412,3
L91803,Acid,4,0.00061643,9,0.00124206,156,0.11134904,17,True,observed_nonzero,True,7246,Naive1|Naive3,L91803,3
L91803,Cisplatin,4,0.00061643,1,0.00014674,110,0.07851535,163,True,observed_nonzero,True,6815,Naive1|Naive3,L91803,3
L91803,CoCl2,4,0.00061643,0,0.0,320,0.22840828,1082,False,observed_zero,True,5134,Naive1|Naive3,L91803,3
L91803,Dabrafenib,4,0.00061643,0,0.0,322,0.22983583,1080,False,observed_zero,True,6164,Naive1|Naive3,L91803,3
L91803,Doxorubicin,4,0.00061643,2,0.00070621,135,0.09635974,83,True,observed_nonzero,True,2832,Naive1|Naive3,L91803,3
L91803,Trametinib,4,0.00061643,0,0.0,275,0.19628837,1127,False,observed_zero,True,8091,Naive1|Naive3,L91803,3
L9220,Acid,1,0.00015411,0,0.0,666,0.47537473,736,False,observed_zero,True,7246,Naive1,L9220,2
L9220,Cisplatin,1,0.00015411,0,0.0,273,0.19486081,1129,False,observed_zero,True,6815,Naive1,L9220,2
L9220,CoCl2,1,0.00015411,0,0.0,320,0.22840828,1082,False,observed_zero,True,5134,Naive1,L9220,2
L9220,Dabrafenib,1,0.00015411,0,0.0,322,0.22983583,1080,False,observed_zero,True,6164,Naive1,L9220,2
L9220,Doxorubicin,1,0.00015411,0,0.0,406,0.289793,996,False,observed_zero,True,2832,Naive1,L9220,2
L9220,Trametinib,1,0.00015411,0,0.0,275,0.19628837,1127,False,observed_zero,True,8091,Naive1,L9220,2
L9239,Acid,1,0.00015411,0,0.0,666,0.47537473,736,False,observed_zero,True,7246,Naive2,L9239,0
L9239,Cisplatin,1,0.00015411,0,0.0,273,0.19486081,1129,False,observed_zero,True,6815,Naive2,L9239,0
L9239,CoCl2,1,0.00015411,0,0.0,320,0.22840828,1082,False,observed_zero,True,5134,Naive2,L9239,0
L9239,Dabrafenib,1,0.00015411,0,0.0,322,0.22983583,1080,False,observed_zero,True,6164,Naive2,L9239,0
L9239,Doxorubicin,1,0.00015411,1,0.00035311,218,0.15560314,188,True,observed_nonzero,True,2832,Naive2,L9239,0
L9239,Trametinib,1,0.00015411,0,0.0,275,0.19628837,1127,False,observed_zero,True,8091,Naive2,L9239,0
L92515,Acid,4,0.00061643,0,0.0,666,0.47537473,736,False,observed_zero,True,7246,Naive1|Naive2|Naive3,L92515,3
L92515,Cisplatin,4,0.00061643,0,0.0,273,0.19486081,1129,False,observed_zero,True,6815,Naive1|Naive2|Naive3,L92515,3
L92515,CoCl2,4,0.00061643,0,0.0,320,0.22840828,1082,False,observed_zero,True,5134,Naive1|Naive2|Naive3,L92515,3
L92515,Dabrafenib,4,0.00061643,0,0.0,322,0.22983583,1080,False,observed_zero,True,6164,Naive1|Naive2|Naive3,L92515,3
L92515,Doxorubicin,4,0.00061643,1,0.00035311,218,0.15560314,188,True,observed_nonzero,True,2832,Naive1|Naive2|Naive3,L92515,3
L92515,Trametinib,4,0.00061643,0,0.0,275,0.19628837,1127,False,observed_zero,True,8091,Naive1|Naive2|Naive3,L92515,3
L9253,Acid,1,0.00015411,0,0.0,666,0.47537473,736,False,observed_zero,True,7246,Naive1,L9253,3
L9253,Cisplatin,1,0.00015411,0,0.0,273,0.19486081,1129,False,observed_zero,True,6815,Naive1,L9253,3
L9253,CoCl2,1,0.00015411,0,0.0,320,0.22840828,1082,False,observed_zero,True,5134,Naive1,L9253,3
L9253,Dabrafenib,1,0.00015411,0,0.0,322,0.22983583,1080,False,observed_zero,True,6164,Naive1,L9253,3
L9253,Doxorubicin,1,0.00015411,0,0.0,406,0.289793,996,False,observed_zero,True,2832,Naive1,L9253,3
L9253,Trametinib,1,0.00015411,0,0.0,275,0.19628837,1127,False,observed_zero,True,8091,Naive1,L9253,3
L92536,Acid,1,0.00015411,0,0.0,666,0.47537473,736,False,observed_zero,True,7246,Naive1,L92536,1
L92536,Cisplatin,1,0.00015411,0,0.0,273,0.19486081,1129,False,observed_zero,True,6815,Naive1,L92536,1
L92536,CoCl2,1,0.00015411,0,0.0,320,0.22840828,1082,False,observed_zero,True,5134,Naive1,L92536,1
L92536,Dabrafenib,1,0.00015411,0,0.0,322,0.22983583,1080,False,observed_zero,True,6164,Naive1,L92536,1
L92536,Doxorubicin,1,0.00015411,0,0.0,406,0.289793,996,False,observed_zero,True,2832,Naive1,L92536,1
L92536,Trametinib,1,0.00015411,0,0.0,275,0.19628837,1127,False,observed_zero,True,8091,Naive1,L92536,1
L92556,Acid,2,0.00030821,4,0.00055203,267,0.19057816,51,True,observed_nonzero,True,7246,Naive1|Naive2,L92556,0
L92556,Cisplatin,2,0.00030821,0,0.0,273,0.19486081,1129,False,observed_zero,True,6815,Naive1|Naive2,L92556,0
L92556,CoCl2,2,0.00030821,0,0.0,320,0.22840828,1082,False,observed_zero,True,5134,Naive1|Naive2,L92556,0
L92556,Dabrafenib,2,0.00030821,0,0.0,322,0.22983583,1080,False,observed_zero,True,6164,Naive1|Naive2,L92556,0
L92556,Doxorubicin,2,0.00030821,0,0.0,406,0.289793,996,False,observed_zero,True,2832,Naive1|Naive2,L92556,0
L92556,Trametinib,2,0.00030821,0,0.0,275,0.19628837,1127,False,observed_zero,True,8091,Naive1|Naive2,L92556,0
L92779,Acid,1,0.00015411,0,0.0,666,0.47537473,736,False,observed_zero,True,7246,Naive2,L92779,2
L92779,Cisplatin,1,0.00015411,0,0.0,273,0.19486081,1129,False,observed_zero,True,6815,Naive2,L92779,2
L92779,CoCl2,1,0.00015411,0,0.0,320,0.22840828,1082,False,observed_zero,True,5134,Naive2,L92779,2
L92779,Dabrafenib,1,0.00015411,0,0.0,322,0.22983583,1080,False,observed_zero,True,6164,Naive2,L92779,2
L92779,Doxorubicin,1,0.00015411,0,0.0,406,0.289793,996,False,observed_zero,True,2832,Naive2,L92779,2
L92779,Trametinib,1,0.00015411,0,0.0,275,0.19628837,1127,False,observed_zero,True,8091,Naive2,L92779,2
L93306,Acid,2,0.00030821,1,0.00013801,487,0.34760885,179,True,observed_nonzero,True,7246,Naive2|Naive3,L93306,0
L93306,Cisplatin,2,0.00030821,0,0.0,273,0.19486081,1129,False,observed_zero,True,6815,Naive2|Naive3,L93306,0
L93306,CoCl2,2,0.00030821,0,0.0,320,0.22840828,1082,False,observed_zero,True,5134,Naive2|Naive3,L93306,0
L93306,Dabrafenib,2,0.00030821,0,0.0,322,0.22983583,1080,False,observed_zero,True,6164,Naive2|Naive3,L93306,0
L93306,Doxorubicin,2,0.00030821,1,0.00035311,218,0.15560314,188,True,observed_nonzero,True,2832,Naive2|Naive3,L93306,0
L93306,Trametinib,2,0.00030821,0,0.0,275,0.19628837,1127,False,observed_zero,True,8091,Naive2|Naive3,L93306,0
L93681,Acid,7,0.00107875,28,0.0038642,48,0.03426124,1,True,observed_nonzero,True,7246,Naive1|Naive2|Naive3,L93681,4
L93681,Cisplatin,7,0.00107875,2,0.00029347,60,0.04282655,50,True,observed_nonzero,True,6815,Naive1|Naive2|Naive3,L93681,4
L93681,CoCl2,7,0.00107875,0,0.0,320,0.22840828,1082,False,observed_zero,True,5134,Naive1|Naive2|Naive3,L93681,4
L93681,Dabrafenib,7,0.00107875,0,0.0,322,0.22983583,1080,False,observed_zero,True,6164,Naive1|Naive2|Naive3,L93681,4
L93681,Doxorubicin,7,0.00107875,13,0.0045904,15,0.01070664,4,True,observed_nonzero,True,2832,Naive1|Naive2|Naive3,L93681,4
L93681,Trametinib,7,0.00107875,0,0.0,275,0.19628837,1127,False,observed_zero,True,8091,Naive1|Naive2|Naive3,L93681,4
L9405,Acid,1,0.00015411,1,0.00013801,487,0.34760885,179,True,observed_nonzero,True,7246,Naive1,L9405,3
L9405,Cisplatin,1,0.00015411,2,0.00029347,60,0.04282655,50,True,observed_nonzero,True,6815,Naive1,L9405,3
L9405,CoCl2,1,0.00015411,0,0.0,320,0.22840828,1082,False,observed_zero,True,5134,Naive1,L9405,3
L9405,Dabrafenib,1,0.00015411,1,0.00016223,182,0.12990721,140,True,observed_nonzero,True,6164,Naive1,L9405,3
L9405,Doxorubicin,1,0.00015411,1,0.00035311,218,0.15560314,188,True,observed_nonzero,True,2832,Naive1,L9405,3
L9405,Trametinib,1,0.00015411,0,0.0,275,0.19628837,1127,False,observed_zero,True,8091,Naive1,L9405,3
L94096,Acid,3,0.00046232,0,0.0,666,0.47537473,736,False,observed_zero,True,7246,Naive2|Naive3,L94096,1
L94096,Cisplatin,3,0.00046232,0,0.0,273,0.19486081,1129,False,observed_zero,True,6815,Naive2|Naive3,L94096,1
L94096,CoCl2,3,0.00046232,2,0.00038956,110,0.07851535,69,True,observed_nonzero,True,5134,Naive2|Naive3,L94096,1
L94096,Dabrafenib,3,0.00046232,0,0.0,322,0.22983583,1080,False,observed_zero,True,6164,Naive2|Naive3,L94096,1
L94096,Doxorubicin,3,0.00046232,0,0.0,406,0.289793,996,False,observed_zero,True,2832,Naive2|Naive3,L94096,1
L94096,Trametinib,3,0.00046232,0,0.0,275,0.19628837,1127,False,observed_zero,True,8091,Naive2|Naive3,L94096,1
L94397,Acid,1,0.00015411,0,0.0,666,0.47537473,736,False,observed_zero,True,7246,Naive3,L94397,0
L94397,Cisplatin,1,0.00015411,0,0.0,273,0.19486081,1129,False,observed_zero,True,6815,Naive3,L94397,0
L94397,CoCl2,1,0.00015411,2,0.00038956,110,0.07851535,69,True,observed_nonzero,True,5134,Naive3,L94397,0
L94397,Dabrafenib,1,0.00015411,1,0.00016223,182,0.12990721,140,True,observed_nonzero,True,6164,Naive3,L94397,0
L94397,Doxorubicin,1,0.00015411,0,0.0,406,0.289793,996,False,observed_zero,True,2832,Naive3,L94397,0
L94397,Trametinib,1,0.00015411,1,0.00012359,161,0.11491792,114,True,observed_nonzero,True,8091,Naive3,L94397,0
L95076,Acid,2,0.00030821,1,0.00013801,487,0.34760885,179,True,observed_nonzero,True,7246,Naive3,L95076,2
L95076,Cisplatin,2,0.00030821,0,0.0,273,0.19486081,1129,False,observed_zero,True,6815,Naive3,L95076,2
L95076,CoCl2,2,0.00030821,0,0.0,320,0.22840828,1082,False,observed_zero,True,5134,Naive3,L95076,2
L95076,Dabrafenib,2,0.00030821,0,0.0,322,0.22983583,1080,False,observed_zero,True,6164,Naive3,L95076,2
L95076,Doxorubicin,2,0.00030821,2,0.00070621,135,0.09635974,83,True,observed_nonzero,True,2832,Naive3,L95076,2
L95076,Trametinib,2,0.00030821,0,0.0,275,0.19628837,1127,False,observed_zero,True,8091,Naive3,L95076,2
L95387,Acid,1,0.00015411,0,0.0,666,0.47537473,736,False,observed_zero,True,7246,Naive2,L95387,3
L95387,Cisplatin,1,0.00015411,0,0.0,273,0.19486081,1129,False,observed_zero,True,6815,Naive2,L95387,3
L95387,CoCl2,1,0.00015411,0,0.0,320,0.22840828,1082,False,observed_zero,True,5134,Naive2,L95387,3
L95387,Dabrafenib,1,0.00015411,0,0.0,322,0.22983583,1080,False,observed_zero,True,6164,Naive2,L95387,3
L95387,Doxorubicin,1,0.00015411,0,0.0,406,0.289793,996,False,observed_zero,True,2832,Naive2,L95387,3
L95387,Trametinib,1,0.00015411,0,0.0,275,0.19628837,1127,False,observed_zero,True,8091,Naive2,L95387,3
L95404,Acid,1,0.00015411,1,0.00013801,487,0.34760885,179,True,observed_nonzero,True,7246,Naive3,L95404,3
L95404,Cisplatin,1,0.00015411,0,0.0,273,0.19486081,1129,False,observed_zero,True,6815,Naive3,L95404,3
L95404,CoCl2,1,0.00015411,0,0.0,320,0.22840828,1082,False,observed_zero,True,5134,Naive3,L95404,3
L95404,Dabrafenib,1,0.00015411,0,0.0,322,0.22983583,1080,False,observed_zero,True,6164,Naive3,L95404,3
L95404,Doxorubicin,1,0.00015411,0,0.0,406,0.289793,996,False,observed_zero,True,2832,Naive3,L95404,3
L95404,Trametinib,1,0.00015411,1,0.00012359,161,0.11491792,114,True,observed_nonzero,True,8091,Naive3,L95404,3
L96449,Acid,16,0.00246571,34,0.00469224,41,0.02926481,2,True,observed_nonzero,True,7246,Naive1|Naive2|Naive3,L96449,2
L96449,Cisplatin,16,0.00246571,2,0.00029347,60,0.04282655,50,True,observed_nonzero,True,6815,Naive1|Naive2|Naive3,L96449,2
L96449,CoCl2,16,0.00246571,3,0.00058434,80,0.05710207,30,True,observed_nonzero,True,5134,Naive1|Naive2|Naive3,L96449,2
L96449,Dabrafenib,16,0.00246571,1,0.00016223,182,0.12990721,140,True,observed_nonzero,True,6164,Naive1|Naive2|Naive3,L96449,2
L96449,Doxorubicin,16,0.00246571,14,0.0049435,13,0.00927909,2,True,observed_nonzero,True,2832,Naive1|Naive2|Naive3,L96449,2
L96449,Trametinib,16,0.00246571,0,0.0,275,0.19628837,1127,False,observed_zero,True,8091,Naive1|Naive2|Naive3,L96449,2
L96601,Acid,13,0.00200339,6,0.00082804,216,0.15417559,16,True,observed_nonzero,True,7246,Naive1|Naive2|Naive3,L96601,1
L96601,Cisplatin,13,0.00200339,0,0.0,273,0.19486081,1129,False,observed_zero,True,6815,Naive1|Naive2|Naive3,L96601,1
L96601,CoCl2,13,0.00200339,1,0.00019478,179,0.12776588,141,True,observed_nonzero,True,5134,Naive1|Naive2|Naive3,L96601,1
L96601,Dabrafenib,13,0.00200339,4,0.00064893,100,0.07137759,13,True,observed_nonzero,True,6164,Naive1|Naive2|Naive3,L96601,1
L96601,Doxorubicin,13,0.00200339,1,0.00035311,218,0.15560314,188,True,observed_nonzero,True,2832,Naive1|Naive2|Naive3,L96601,1
L96601,Trametinib,13,0.00200339,12,0.00148313,42,0.02997859,4,True,observed_nonzero,True,8091,Naive1|Naive2|Naive3,L96601,1
L96686,Acid,5,0.00077053,0,0.0,666,0.47537473,736,False,observed_zero,True,7246,Naive1|Naive3,L96686,2
L96686,Cisplatin,5,0.00077053,0,0.0,273,0.19486081,1129,False,observed_zero,True,6815,Naive1|Naive3,L96686,2
L96686,CoCl2,5,0.00077053,2,0.00038956,110,0.07851535,69,True,observed_nonzero,True,5134,Naive1|Naive3,L96686,2
L96686,Dabrafenib,5,0.00077053,0,0.0,322,0.22983583,1080,False,observed_zero,True,6164,Naive1|Naive3,L96686,2
L96686,Doxorubicin,5,0.00077053,1,0.00035311,218,0.15560314,188,True,observed_nonzero,True,2832,Naive1|Naive3,L96686,2
L96686,Trametinib,5,0.00077053,0,0.0,275,0.19628837,1127,False,observed_zero,True,8091,Naive1|Naive3,L96686,2
L96744,Acid,1,0.00015411,1,0.00013801,487,0.34760885,179,True,observed_nonzero,True,7246,Naive2,L96744,4
L96744,Cisplatin,1,0.00015411,0,0.0,273,0.19486081,1129,False,observed_zero,True,6815,Naive2,L96744,4
L96744,CoCl2,1,0.00015411,0,0.0,320,0.22840828,1082,False,observed_zero,True,5134,Naive2,L96744,4
L96744,Dabrafenib,1,0.00015411,0,0.0,322,0.22983583,1080,False,observed_zero,True,6164,Naive2,L96744,4
L96744,Doxorubicin,1,0.00015411,0,0.0,406,0.289793,996,False,observed_zero,True,2832,Naive2,L96744,4
L96744,Trametinib,1,0.00015411,0,0.0,275,0.19628837,1127,False,observed_zero,True,8091,Naive2,L96744,4
L9682,Acid,2,0.00030821,0,0.0,666,0.47537473,736,False,observed_zero,True,7246,Naive3,L9682,1
L9682,Cisplatin,2,0.00030821,0,0.0,273,0.19486081,1129,False,observed_zero,True,6815,Naive3,L9682,1
L9682,CoCl2,2,0.00030821,0,0.0,320,0.22840828,1082,False,observed_zero,True,5134,Naive3,L9682,1
L9682,Dabrafenib,2,0.00030821,0,0.0,322,0.22983583,1080,False,observed_zero,True,6164,Naive3,L9682,1
L9682,Doxorubicin,2,0.00030821,0,0.0,406,0.289793,996,False,observed_zero,True,2832,Naive3,L9682,1
L9682,Trametinib,2,0.00030821,0,0.0,275,0.19628837,1127,False,observed_zero,True,8091,Naive3,L9682,1
L97020,Acid,1,0.00015411,0,0.0,666,0.47537473,736,False,observed_zero,True,7246,Naive2,L97020,4
L97020,Cisplatin,1,0.00015411,0,0.0,273,0.19486081,1129,False,observed_zero,True,6815,Naive2,L97020,4
L97020,CoCl2,1,0.00015411,0,0.0,320,0.22840828,1082,False,observed_zero,True,5134,Naive2,L97020,4
L97020,Dabrafenib,1,0.00015411,0,0.0,322,0.22983583,1080,False,observed_zero,True,6164,Naive2,L97020,4
L97020,Doxorubicin,1,0.00015411,0,0.0,406,0.289793,996,False,observed_zero,True,2832,Naive2,L97020,4
L97020,Trametinib,1,0.00015411,0,0.0,275,0.19628837,1127,False,observed_zero,True,8091,Naive2,L97020,4
L97246,Acid,2,0.00030821,0,0.0,666,0.47537473,736,False,observed_zero,True,7246,Naive1,L97246,0
L97246,Cisplatin,2,0.00030821,0,0.0,273,0.19486081,1129,False,observed_zero,True,6815,Naive1,L97246,0
L97246,CoCl2,2,0.00030821,0,0.0,320,0.22840828,1082,False,observed_zero,True,5134,Naive1,L97246,0
L97246,Dabrafenib,2,0.00030821,0,0.0,322,0.22983583,1080,False,observed_zero,True,6164,Naive1,L97246,0
L97246,Doxorubicin,2,0.00030821,0,0.0,406,0.289793,996,False,observed_zero,True,2832,Naive1,L97246,0
L97246,Trametinib,2,0.00030821,0,0.0,275,0.19628837,1127,False,observed_zero,True,8091,Naive1,L97246,0
L97495,Acid,1,0.00015411,0,0.0,666,0.47537473,736,False,observed_zero,True,7246,Naive2,L97495,0
L97495,Cisplatin,1,0.00015411,0,0.0,273,0.19486081,1129,False,observed_zero,True,6815,Naive2,L97495,0
L97495,CoCl2,1,0.00015411,0,0.0,320,0.22840828,1082,False,observed_zero,True,5134,Naive2,L97495,0
L97495,Dabrafenib,1,0.00015411,0,0.0,322,0.22983583,1080,False,observed_zero,True,6164,Naive2,L97495,0
L97495,Doxorubicin,1,0.00015411,1,0.00035311,218,0.15560314,188,True,observed_nonzero,True,2832,Naive2,L97495,0
L97495,Trametinib,1,0.00015411,0,0.0,275,0.19628837,1127,False,observed_zero,True,8091,Naive2,L97495,0
L97812,Acid,1,0.00015411,0,0.0,666,0.47537473,736,False,observed_zero,True,7246,Naive2,L97812,4
L97812,Cisplatin,1,0.00015411,1,0.00014674,110,0.07851535,163,True,observed_nonzero,True,6815,Naive2,L97812,4
L97812,CoCl2,1,0.00015411,0,0.0,320,0.22840828,1082,False,observed_zero,True,5134,Naive2,L97812,4
L97812,Dabrafenib,1,0.00015411,0,0.0,322,0.22983583,1080,False,observed_zero,True,6164,Naive2,L97812,4
L97812,Doxorubicin,1,0.00015411,0,0.0,406,0.289793,996,False,observed_zero,True,2832,Naive2,L97812,4
L97812,Trametinib,1,0.00015411,0,0.0,275,0.19628837,1127,False,observed_zero,True,8091,Naive2,L97812,4
L97975,Acid,7,0.00107875,0,0.0,666,0.47537473,736,False,observed_zero,True,7246,Naive2|Naive3,L97975,4
L97975,Cisplatin,7,0.00107875,0,0.0,273,0.19486081,1129,False,observed_zero,True,6815,Naive2|Naive3,L97975,4
L97975,CoCl2,7,0.00107875,0,0.0,320,0.22840828,1082,False,observed_zero,True,5134,Naive2|Naive3,L97975,4
L97975,Dabrafenib,7,0.00107875,1,0.00016223,182,0.12990721,140,True,observed_nonzero,True,6164,Naive2|Naive3,L97975,4
L97975,Doxorubicin,7,0.00107875,1,0.00035311,218,0.15560314,188,True,observed_nonzero,True,2832,Naive2|Naive3,L97975,4
L97975,Trametinib,7,0.00107875,0,0.0,275,0.19628837,1127,False,observed_zero,True,8091,Naive2|Naive3,L97975,4
L98246,Acid,7,0.00107875,3,0.00041402,318,0.22698073,62,True,observed_nonzero,True,7246,Naive1|Naive2|Naive3,L98246,3
L98246,Cisplatin,7,0.00107875,3,0.00044021,37,0.02640971,23,True,observed_nonzero,True,6815,Naive1|Naive2|Naive3,L98246,3
L98246,CoCl2,7,0.00107875,0,0.0,320,0.22840828,1082,False,observed_zero,True,5134,Naive1|Naive2|Naive3,L98246,3
L98246,Dabrafenib,7,0.00107875,0,0.0,322,0.22983583,1080,False,observed_zero,True,6164,Naive1|Naive2|Naive3,L98246,3
L98246,Doxorubicin,7,0.00107875,1,0.00035311,218,0.15560314,188,True,observed_nonzero,True,2832,Naive1|Naive2|Naive3,L98246,3
L98246,Trametinib,7,0.00107875,0,0.0,275,0.19628837,1127,False,observed_zero,True,8091,Naive1|Naive2|Naive3,L98246,3
L98440,Acid,2,0.00030821,0,0.0,666,0.47537473,736,False,observed_zero,True,7246,Naive3,L98440,0
L98440,Cisplatin,2,0.00030821,0,0.0,273,0.19486081,1129,False,observed_zero,True,6815,Naive3,L98440,0
L98440,CoCl2,2,0.00030821,0,0.0,320,0.22840828,1082,False,observed_zero,True,5134,Naive3,L98440,0
L98440,Dabrafenib,2,0.00030821,0,0.0,322,0.22983583,1080,False,observed_zero,True,6164,Naive3,L98440,0
L98440,Doxorubicin,2,0.00030821,0,0.0,406,0.289793,996,False,observed_zero,True,2832,Naive3,L98440,0
L98440,Trametinib,2,0.00030821,0,0.0,275,0.19628837,1127,False,observed_zero,True,8091,Naive3,L98440,0
L98471,Acid,5,0.00077053,0,0.0,666,0.47537473,736,False,observed_zero,True,7246,Naive1|Naive2|Naive3,L98471,2
L98471,Cisplatin,5,0.00077053,0,0.0,273,0.19486081,1129,False,observed_zero,True,6815,Naive1|Naive2|Naive3,L98471,2
L98471,CoCl2,5,0.00077053,0,0.0,320,0.22840828,1082,False,observed_zero,True,5134,Naive1|Naive2|Naive3,L98471,2
L98471,Dabrafenib,5,0.00077053,0,0.0,322,0.22983583,1080,False,observed_zero,True,6164,Naive1|Naive2|Naive3,L98471,2
L98471,Doxorubicin,5,0.00077053,0,0.0,406,0.289793,996,False,observed_zero,True,2832,Naive1|Naive2|Naive3,L98471,2
L98471,Trametinib,5,0.00077053,2,0.00024719,124,0.08850821,37,True,observed_nonzero,True,8091,Naive1|Naive2|Naive3,L98471,2
L98475,Acid,7,0.00107875,7,0.00096605,192,0.13704497,24,True,observed_nonzero,True,7246,Naive1|Naive3,L98475,0
L98475,Cisplatin,7,0.00107875,1,0.00014674,110,0.07851535,163,True,observed_nonzero,True,6815,Naive1|Naive3,L98475,0
L98475,CoCl2,7,0.00107875,16,0.00311648,10,0.00713776,3,True,observed_nonzero,True,5134,Naive1|Naive3,L98475,0
L98475,Dabrafenib,7,0.00107875,0,0.0,322,0.22983583,1080,False,observed_zero,True,6164,Naive1|Naive3,L98475,0
L98475,Doxorubicin,7,0.00107875,0,0.0,406,0.289793,996,False,observed_zero,True,2832,Naive1|Naive3,L98475,0
L98475,Trametinib,7,0.00107875,0,0.0,275,0.19628837,1127,False,observed_zero,True,8091,Naive1|Naive3,L98475,0
L98634,Acid,38,0.00585606,33,0.00455424,43,0.03069236,2,True,observed_nonzero,True,7246,Naive1|Naive2|Naive3,L98634,2
L98634,Cisplatin,38,0.00585606,0,0.0,273,0.19486081,1129,False,observed_zero,True,6815,Naive1|Naive2|Naive3,L98634,2
L98634,CoCl2,38,0.00585606,3,0.00058434,80,0.05710207,30,True,observed_nonzero,True,5134,Naive1|Naive2|Naive3,L98634,2
L98634,Dabrafenib,38,0.00585606,2,0.00032446,135,0.09635974,47,True,observed_nonzero,True,6164,Naive1|Naive2|Naive3,L98634,2
L98634,Doxorubicin,38,0.00585606,6,0.00211864,50,0.03568879,9,True,observed_nonzero,True,2832,Naive1|Naive2|Naive3,L98634,2
L98634,Trametinib,38,0.00585606,0,0.0,275,0.19628837,1127,False,observed_zero,True,8091,Naive1|Naive2|Naive3,L98634,2
L98676,Acid,1,0.00015411,0,0.0,666,0.47537473,736,False,observed_zero,True,7246,Naive3,L98676,4
L98676,Cisplatin,1,0.00015411,0,0.0,273,0.19486081,1129,False,observed_zero,True,6815,Naive3,L98676,4
L98676,CoCl2,1,0.00015411,0,0.0,320,0.22840828,1082,False,observed_zero,True,5134,Naive3,L98676,4
L98676,Dabrafenib,1,0.00015411,23,0.00373134,29,0.0206995,1,True,observed_nonzero,True,6164,Naive3,L98676,4
L98676,Doxorubicin,1,0.00015411,0,0.0,406,0.289793,996,False,observed_zero,True,2832,Naive3,L98676,4
L98676,Trametinib,1,0.00015411,3,0.00037078,100,0.07137759,24,True,observed_nonzero,True,8091,Naive3,L98676,4
L98757,Acid,1,0.00015411,0,0.0,666,0.47537473,736,False,observed_zero,True,7246,Naive2,L98757,1
L98757,Cisplatin,1,0.00015411,0,0.0,273,0.19486081,1129,False,observed_zero,True,6815,Naive2,L98757,1
L98757,CoCl2,1,0.00015411,0,0.0,320,0.22840828,1082,False,observed_zero,True,5134,Naive2,L98757,1
L98757,Dabrafenib,1,0.00015411,0,0.0,322,0.22983583,1080,False,observed_zero,True,6164,Naive2,L98757,1
L98757,Doxorubicin,1,0.00015411,0,0.0,406,0.289793,996,False,observed_zero,True,2832,Naive2,L98757,1
L98757,Trametinib,1,0.00015411,0,0.0,275,0.19628837,1127,False,observed_zero,True,8091,Naive2,L98757,1
L98949,Acid,3,0.00046232,2,0.00027601,380,0.27123483,107,True,observed_nonzero,True,7246,Naive2,L98949,4
L98949,Cisplatin,3,0.00046232,0,0.0,273,0.19486081,1129,False,observed_zero,True,6815,Naive2,L98949,4
L98949,CoCl2,3,0.00046232,0,0.0,320,0.22840828,1082,False,observed_zero,True,5134,Naive2,L98949,4
L98949,Dabrafenib,3,0.00046232,0,0.0,322,0.22983583,1080,False,observed_zero,True,6164,Naive2,L98949,4
L98949,Doxorubicin,3,0.00046232,1,0.00035311,218,0.15560314,188,True,observed_nonzero,True,2832,Naive2,L98949,4
L98949,Trametinib,3,0.00046232,0,0.0,275,0.19628837,1127,False,observed_zero,True,8091,Naive2,L98949,4
L98994,Acid,2,0.00030821,3,0.00041402,318,0.22698073,62,True,observed_nonzero,True,7246,Naive1|Naive3,L98994,0
L98994,Cisplatin,2,0.00030821,0,0.0,273,0.19486081,1129,False,observed_zero,True,6815,Naive1|Naive3,L98994,0
L98994,CoCl2,2,0.00030821,0,0.0,320,0.22840828,1082,False,observed_zero,True,5134,Naive1|Naive3,L98994,0
L98994,Dabrafenib,2,0.00030821,1,0.00016223,182,0.12990721,140,True,observed_nonzero,True,6164,Naive1|Naive3,L98994,0
L98994,Doxorubicin,2,0.00030821,0,0.0,406,0.289793,996,False,observed_zero,True,2832,Naive1|Naive3,L98994,0
L98994,Trametinib,2,0.00030821,0,0.0,275,0.19628837,1127,False,observed_zero,True,8091,Naive1|Naive3,L98994,0
L99144,Acid,3,0.00046232,4,0.00055203,267,0.19057816,51,True,observed_nonzero,True,7246,Naive3,L99144,2
L99144,Cisplatin,3,0.00046232,0,0.0,273,0.19486081,1129,False,observed_zero,True,6815,Naive3,L99144,2
L99144,CoCl2,3,0.00046232,0,0.0,320,0.22840828,1082,False,observed_zero,True,5134,Naive3,L99144,2
L99144,Dabrafenib,3,0.00046232,0,0.0,322,0.22983583,1080,False,observed_zero,True,6164,Naive3,L99144,2
L99144,Doxorubicin,3,0.00046232,7,0.00247175,41,0.02926481,9,True,observed_nonzero,True,2832,Naive3,L99144,2
L99144,Trametinib,3,0.00046232,0,0.0,275,0.19628837,1127,False,observed_zero,True,8091,Naive3,L99144,2
L99360,Acid,3,0.00046232,5,0.00069004,232,0.165596,35,True,observed_nonzero,True,7246,Naive3,L99360,1
L99360,Cisplatin,3,0.00046232,1,0.00014674,110,0.07851535,163,True,observed_nonzero,True,6815,Naive3,L99360,1
L99360,CoCl2,3,0.00046232,1,0.00019478,179,0.12776588,141,True,observed_nonzero,True,5134,Naive3,L99360,1
L99360,Dabrafenib,3,0.00046232,1,0.00016223,182,0.12990721,140,True,observed_nonzero,True,6164,Naive3,L99360,1
L99360,Doxorubicin,3,0.00046232,7,0.00247175,41,0.02926481,9,True,observed_nonzero,True,2832,Naive3,L99360,1
L99360,Trametinib,3,0.00046232,2,0.00024719,124,0.08850821,37,True,observed_nonzero,True,8091,Naive3,L99360,1
L99829,Acid,3,0.00046232,0,0.0,666,0.47537473,736,False,observed_zero,True,7246,Naive2|Naive3,L99829,4
L99829,Cisplatin,3,0.00046232,0,0.0,273,0.19486081,1129,False,observed_zero,True,6815,Naive2|Naive3,L99829,4
L99829,CoCl2,3,0.00046232,0,0.0,320,0.22840828,1082,False,observed_zero,True,5134,Naive2|Naive3,L99829,4
L99829,Dabrafenib,3,0.00046232,0,0.0,322,0.22983583,1080,False,observed_zero,True,6164,Naive2|Naive3,L99829,4
L99829,Doxorubicin,3,0.00046232,0,0.0,406,0.289793,996,False,observed_zero,True,2832,Naive2|Naive3,L99829,4
L99829,Trametinib,3,0.00046232,0,0.0,275,0.19628837,1127,False,observed_zero,True,8091,Naive2|Naive3,L99829,4
L99904,Acid,1,0.00015411,1,0.00013801,487,0.34760885,179,True,observed_nonzero,True,7246,Naive1,L99904,0
L99904,Cisplatin,1,0.00015411,0,0.0,273,0.19486081,1129,False,observed_zero,True,6815,Naive1,L99904,0
L99904,CoCl2,1,0.00015411,0,0.0,320,0.22840828,1082,False,observed_zero,True,5134,Naive1,L99904,0
L99904,Dabrafenib,1,0.00015411,0,0.0,322,0.22983583,1080,False,observed_zero,True,6164,Naive1,L99904,0
L99904,Doxorubicin,1,0.00015411,0,0.0,406,0.289793,996,False,observed_zero,True,2832,Naive1,L99904,0
L99904,Trametinib,1,0.00015411,0,0.0,275,0.19628837,1127,False,observed_zero,True,8091,Naive1,L99904,0
L99912,Acid,2,0.00030821,5,0.00069004,232,0.165596,35,True,observed_nonzero,True,7246,Naive1|Naive3,L99912,2
L99912,Cisplatin,2,0.00030821,0,0.0,273,0.19486081,1129,False,observed_zero,True,6815,Naive1|Naive3,L99912,2
L99912,CoCl2,2,0.00030821,2,0.00038956,110,0.07851535,69,True,observed_nonzero,True,5134,Naive1|Naive3,L99912,2
L99912,Dabrafenib,2,0.00030821,6,0.00097339,80,0.05710207,11,True,observed_nonzero,True,6164,Naive1|Naive3,L99912,2
L99912,Doxorubicin,2,0.00030821,0,0.0,406,0.289793,996,False,observed_zero,True,2832,Naive1|Naive3,L99912,2
L99912,Trametinib,2,0.00030821,2,0.00024719,124,0.08850821,37,True,observed_nonzero,True,8091,Naive1|Naive3,L99912,2
