cell_uid,source_naive_sample,gsm,clone_id,assigned_posterior,expression_barcode,expression_column_index,expression_source,outer_group,outer_fold
GSM8562999:AAACCCACAAGTCCCG,Naive1,GSM8562999,L196731,1.0,AAACCCACAAGTCCCG-1,1,GSM8562999_Naive1_filtered_matrix.mtx.gz,L196731,4
GSM8562999:AAACCCACACCTGATA,Naive1,GSM8562999,L100162,1.0,AAACCCACACCTGATA-1,2,GSM8562999_Naive1_filtered_matrix.mtx.gz,L100162,2
GSM8562999:AAACGAACAAGTGACG,Naive1,GSM8562999,L177128,1.0,AAACGAACAAGTGACG-1,4,GSM8562999_Naive1_filtered_matrix.mtx.gz,L177128,3
GSM8562999:AAACGAAGTTGTTTGG,Naive1,GSM8562999,L86394,1.0,AAACGAAGTTGTTTGG-1,6,GSM8562999_Naive1_filtered_matrix.mtx.gz,L86394,1
GSM8562999:AAACGCTCACGGGTAA,Naive1,GSM8562999,L195677,1.0,AAACGCTCACGGGTAA-1,7,GSM8562999_Naive1_filtered_matrix.mtx.gz,L195677,0
GSM8562999:AAACGCTCATGGACAG,Naive1,GSM8562999,L58090,1.0,AAACGCTCATGGACAG-1,8,GSM8562999_Naive1_filtered_matrix.mtx.gz,L58090,2
GSM8562999:AAACGCTCATGTGACT,Naive1,GSM8562999,L5495,1.0,AAACGCTCATGTGACT-1,9,GSM8562999_Naive1_filtered_matrix.mtx.gz,L5495,0
GSM8562999:AAACGCTTCAAGCCTA,Naive1,GSM8562999,L151380,1.0,AAACGCTTCAAGCCTA-1,10,GSM8562999_Naive1_filtered_matrix.mtx.gz,L151380,4
GSM8562999:AAAGAACAGGACTAAT,Naive1,GSM8562999,L82788,1.0,AAAGAACAGGACTAAT-1,12,GSM8562999_Naive1_filtered_matrix.mtx.gz,L82788,3
GSM8562999:AAAGAACCACCAGTTA,Naive1,GSM8562999,L33021,1.0,AAAGAACCACCAGTTA-1,13,GSM8562999_Naive1_filtered_matrix.mtx.gz,L33021,2
GSM8562999:AAAGGGCAGTTCTCTT,Naive1,GSM8562999,L187340,1.0,AAAGGGCAGTTCTCTT-1,16,GSM8562999_Naive1_filtered_matrix.mtx.gz,L187340,4
GSM8562999:AAAGGGCCATGAAAGT,Naive1,GSM8562999,L23121,1.0,AAAGGGCCATGAAAGT-1,17,GSM8562999_Naive1_filtered_matrix.mtx.gz,L23121,1
GSM8562999:AAAGGGCGTACAACGG,Naive1,GSM8562999,L13633,1.0,AAAGGGCGTACAACGG-1,18,GSM8562999_Naive1_filtered_matrix.mtx.gz,L13633,4
GSM8562999:AAAGGGCGTGATGGCA,Naive1,GSM8562999,L223068,1.0,AAAGGGCGTGATGGCA-1,19,GSM8562999_Naive1_filtered_matrix.mtx.gz,L223068,0
GSM8562999:AAAGGTAAGCTTTCCC,Naive1,GSM8562999,L151380,1.0,AAAGGTAAGCTTTCCC-1,21,GSM8562999_Naive1_filtered_matrix.mtx.gz,L151380,4
GSM8562999:AAAGGTATCTTAATCC,Naive1,GSM8562999,L245078,1.0,AAAGGTATCTTAATCC-1,22,GSM8562999_Naive1_filtered_matrix.mtx.gz,L245078,3
GSM8562999:AAAGTCCTCGAAGAAT,Naive1,GSM8562999,L174623,1.0,AAAGTCCTCGAAGAAT-1,23,GSM8562999_Naive1_filtered_matrix.mtx.gz,L174623,0
GSM8562999:AAAGTGAGTTGCATCA,Naive1,GSM8562999,L46096,1.0,AAAGTGAGTTGCATCA-1,24,GSM8562999_Naive1_filtered_matrix.mtx.gz,L46096,3
GSM8562999:AAATGGATCTTAAGGC,Naive1,GSM8562999,L183358,1.0,AAATGGATCTTAAGGC-1,26,GSM8562999_Naive1_filtered_matrix.mtx.gz,L183358,0
GSM8562999:AACAAAGTCGGCTTCT,Naive1,GSM8562999,L239228,1.0,AACAAAGTCGGCTTCT-1,29,GSM8562999_Naive1_filtered_matrix.mtx.gz,L239228,2
GSM8562999:AACAAGAAGGCCACTC,Naive1,GSM8562999,L59420,1.0,AACAAGAAGGCCACTC-1,32,GSM8562999_Naive1_filtered_matrix.mtx.gz,L59420,0
GSM8562999:AACAAGACATGGTACT,Naive1,GSM8562999,L204569,1.0,AACAAGACATGGTACT-1,34,GSM8562999_Naive1_filtered_matrix.mtx.gz,L204569,1
GSM8562999:AACAAGAGTCATATGC,Naive1,GSM8562999,L239119,1.0,AACAAGAGTCATATGC-1,35,GSM8562999_Naive1_filtered_matrix.mtx.gz,L239119,4
GSM8562999:AACAGGGAGCCTGCCA,Naive1,GSM8562999,L173031,1.0,AACAGGGAGCCTGCCA-1,39,GSM8562999_Naive1_filtered_matrix.mtx.gz,L173031,0
GSM8562999:AACAGGGAGTTGAAAC,Naive1,GSM8562999,L67284,1.0,AACAGGGAGTTGAAAC-1,40,GSM8562999_Naive1_filtered_matrix.mtx.gz,L67284,3
GSM8562999:AACAGGGCAACGCATT,Naive1,GSM8562999,L196980,1.0,AACAGGGCAACGCATT-1,41,GSM8562999_Naive1_filtered_matrix.mtx.gz,L196980,3
GSM8562999:AACAGGGCACGTACTA,Naive1,GSM8562999,L192964,1.0,AACAGGGCACGTACTA-1,42,GSM8562999_Naive1_filtered_matrix.mtx.gz,L192964,0
GSM8562999:AACCAACAGGTTCAGG,Naive1,GSM8562999,L81641,0.999991,AACCAACAGGTTCAGG-1,44,GSM8562999_Naive1_filtered_matrix.mtx.gz,L81641,0
GSM8562999:AACCAACGTCCGAAAG,Naive1,GSM8562999,L35441,1.0,AACCAACGTCCGAAAG-1,46,GSM8562999_Naive1_filtered_matrix.mtx.gz,L35441,1
GSM8562999:AACCAACTCACTACTT,Naive1,GSM8562999,L173296,1.0,AACCAACTCACTACTT-1,47,GSM8562999_Naive1_filtered_matrix.mtx.gz,L173296,1
GSM8562999:AACCAACTCGCAGAGA,Naive1,GSM8562999,L84010,1.0,AACCAACTCGCAGAGA-1,48,GSM8562999_Naive1_filtered_matrix.mtx.gz,L84010,3
GSM8562999:AACCACAAGTTCATGC,Naive1,GSM8562999,L66204,1.0,AACCACAAGTTCATGC-1,49,GSM8562999_Naive1_filtered_matrix.mtx.gz,L66204,2
GSM8562999:AACCACATCTCGTGAA,Naive1,GSM8562999,L33701,1.0,AACCACATCTCGTGAA-1,50,GSM8562999_Naive1_filtered_matrix.mtx.gz,L33701,3
GSM8562999:AACCATGGTCCTACGG,Naive1,GSM8562999,L152572,1.0,AACCATGGTCCTACGG-1,52,GSM8562999_Naive1_filtered_matrix.mtx.gz,L152572,3
GSM8562999:AACCATGGTTCCCACT,Naive1,GSM8562999,L113271,1.0,AACCATGGTTCCCACT-1,53,GSM8562999_Naive1_filtered_matrix.mtx.gz,L113271,4
GSM8562999:AACCATGTCTTCTTCC,Naive1,GSM8562999,L167950,1.0,AACCATGTCTTCTTCC-1,54,GSM8562999_Naive1_filtered_matrix.mtx.gz,L167950,3
GSM8562999:AACCTGACAAGAGTAT,Naive1,GSM8562999,L303918,1.0,AACCTGACAAGAGTAT-1,57,GSM8562999_Naive1_filtered_matrix.mtx.gz,L303918,0
GSM8562999:AACCTTTAGACGGTTG,Naive1,GSM8562999,L77600,0.967032,AACCTTTAGACGGTTG-1,60,GSM8562999_Naive1_filtered_matrix.mtx.gz,L77600,4
GSM8562999:AACGGGATCGAAGGAC,Naive1,GSM8562999,L219307,1.0,AACGGGATCGAAGGAC-1,65,GSM8562999_Naive1_filtered_matrix.mtx.gz,L219307,3
GSM8562999:AACGTCAGTGCGTGCT,Naive1,GSM8562999,L51669,1.0,AACGTCAGTGCGTGCT-1,66,GSM8562999_Naive1_filtered_matrix.mtx.gz,L51669,4
GSM8562999:AACGTCATCAGAGTGG,Naive1,GSM8562999,L251719,1.0,AACGTCATCAGAGTGG-1,67,GSM8562999_Naive1_filtered_matrix.mtx.gz,L251719,2
GSM8562999:AACTTCTGTTGTGCCG,Naive1,GSM8562999,L303711,1.0,AACTTCTGTTGTGCCG-1,68,GSM8562999_Naive1_filtered_matrix.mtx.gz,L303711,3
GSM8562999:AACTTCTTCTGCCCTA,Naive1,GSM8562999,L164771,1.0,AACTTCTTCTGCCCTA-1,69,GSM8562999_Naive1_filtered_matrix.mtx.gz,L164771,2
GSM8562999:AAGACAAAGACTAGAT,Naive1,GSM8562999,L129163,1.0,AAGACAAAGACTAGAT-1,71,GSM8562999_Naive1_filtered_matrix.mtx.gz,L129163,3
GSM8562999:AAGACAACACTTGACA,Naive1,GSM8562999,L23022,0.540139,AAGACAACACTTGACA-1,73,GSM8562999_Naive1_filtered_matrix.mtx.gz,L23022,1
GSM8562999:AAGACAACATGGGTCC,Naive1,GSM8562999,L257154,1.0,AAGACAACATGGGTCC-1,74,GSM8562999_Naive1_filtered_matrix.mtx.gz,L257154,4
GSM8562999:AAGACAATCATGACAC,Naive1,GSM8562999,L183358,1.0,AAGACAATCATGACAC-1,77,GSM8562999_Naive1_filtered_matrix.mtx.gz,L183358,0
GSM8562999:AAGACAATCTCTTAAC,Naive1,GSM8562999,L222867,1.0,AAGACAATCTCTTAAC-1,78,GSM8562999_Naive1_filtered_matrix.mtx.gz,L222867,4
GSM8562999:AAGACTCCATTAGGAA,Naive1,GSM8562999,L316359,0.977458,AAGACTCCATTAGGAA-1,79,GSM8562999_Naive1_filtered_matrix.mtx.gz,L316359,0
GSM8562999:AAGACTCTCACTTGGA,Naive1,GSM8562999,L255305,1.0,AAGACTCTCACTTGGA-1,81,GSM8562999_Naive1_filtered_matrix.mtx.gz,L255305,2
GSM8562999:AAGATAGGTATCGTGT,Naive1,GSM8562999,L76568,1.0,AAGATAGGTATCGTGT-1,83,GSM8562999_Naive1_filtered_matrix.mtx.gz,L76568,0
GSM8562999:AAGCCATAGATTTGCC,Naive1,GSM8562999,L35389,1.0,AAGCCATAGATTTGCC-1,84,GSM8562999_Naive1_filtered_matrix.mtx.gz,L35389,4
GSM8562999:AAGCCATAGTCGGGAT,Naive1,GSM8562999,L199024,1.0,AAGCCATAGTCGGGAT-1,85,GSM8562999_Naive1_filtered_matrix.mtx.gz,L199024,0
GSM8562999:AAGCCATAGTTAACAG,Naive1,GSM8562999,L263788,1.0,AAGCCATAGTTAACAG-1,86,GSM8562999_Naive1_filtered_matrix.mtx.gz,L263788,0
GSM8562999:AAGCCATTCTAGGAAA,Naive1,GSM8562999,L181437,1.0,AAGCCATTCTAGGAAA-1,87,GSM8562999_Naive1_filtered_matrix.mtx.gz,L181437,0
GSM8562999:AAGCGAGAGAAGGATG,Naive1,GSM8562999,L6369,1.0,AAGCGAGAGAAGGATG-1,88,GSM8562999_Naive1_filtered_matrix.mtx.gz,L6369,4
GSM8562999:AAGCGTTAGTGAGTGC,Naive1,GSM8562999,L64990,1.0,AAGCGTTAGTGAGTGC-1,89,GSM8562999_Naive1_filtered_matrix.mtx.gz,L64990,4
GSM8562999:AAGCGTTCAGGGAGAG,Naive1,GSM8562999,L318033,1.0,AAGCGTTCAGGGAGAG-1,90,GSM8562999_Naive1_filtered_matrix.mtx.gz,L318033,2
GSM8562999:AAGCGTTCATCCGCGA,Naive1,GSM8562999,L216702,1.0,AAGCGTTCATCCGCGA-1,91,GSM8562999_Naive1_filtered_matrix.mtx.gz,L216702,2
GSM8562999:AAGGAATAGACTGGGT,Naive1,GSM8562999,L145073,1.0,AAGGAATAGACTGGGT-1,92,GSM8562999_Naive1_filtered_matrix.mtx.gz,L145073,1
GSM8562999:AAGGAATGTGATCGTT,Naive1,GSM8562999,L252321,1.0,AAGGAATGTGATCGTT-1,94,GSM8562999_Naive1_filtered_matrix.mtx.gz,L252321,2
GSM8562999:AAGTACCAGCTGGAGT,Naive1,GSM8562999,L276549,1.0,AAGTACCAGCTGGAGT-1,96,GSM8562999_Naive1_filtered_matrix.mtx.gz,L276549,1
GSM8562999:AAGTACCAGTGCAGCA,Naive1,GSM8562999,L23022,1.0,AAGTACCAGTGCAGCA-1,97,GSM8562999_Naive1_filtered_matrix.mtx.gz,L23022,1
GSM8562999:AAGTACCCAGTTAGGG,Naive1,GSM8562999,L6369,1.0,AAGTACCCAGTTAGGG-1,98,GSM8562999_Naive1_filtered_matrix.mtx.gz,L6369,4
GSM8562999:AAGTACCCATATCGGT,Naive1,GSM8562999,L229494,1.0,AAGTACCCATATCGGT-1,99,GSM8562999_Naive1_filtered_matrix.mtx.gz,L229494,1
GSM8562999:AAGTACCCATGTACGT,Naive1,GSM8562999,L183654,1.0,AAGTACCCATGTACGT-1,100,GSM8562999_Naive1_filtered_matrix.mtx.gz,L183654,3
GSM8562999:AAGTCGTCAGATAAAC,Naive1,GSM8562999,L55974,0.999999,AAGTCGTCAGATAAAC-1,102,GSM8562999_Naive1_filtered_matrix.mtx.gz,L55974,3
GSM8562999:AAGTCGTTCAATCCAG,Naive1,GSM8562999,L303711,1.0,AAGTCGTTCAATCCAG-1,103,GSM8562999_Naive1_filtered_matrix.mtx.gz,L303711,3
GSM8562999:AAGTCGTTCACTCCGT,Naive1,GSM8562999,L51669,1.0,AAGTCGTTCACTCCGT-1,104,GSM8562999_Naive1_filtered_matrix.mtx.gz,L51669,4
GSM8562999:AAGTTCGCAAAGTATG,Naive1,GSM8562999,L281881,1.0,AAGTTCGCAAAGTATG-1,106,GSM8562999_Naive1_filtered_matrix.mtx.gz,L281881,2
GSM8562999:AATAGAGCAGTCTGGC,Naive1,GSM8562999,L183654,1.0,AATAGAGCAGTCTGGC-1,107,GSM8562999_Naive1_filtered_matrix.mtx.gz,L183654,3
GSM8562999:AATCACGAGCGTGAAC,Naive1,GSM8562999,L196307,1.0,AATCACGAGCGTGAAC-1,109,GSM8562999_Naive1_filtered_matrix.mtx.gz,L196307,3
GSM8562999:AATCGACAGTGTGTTC,Naive1,GSM8562999,L145073,1.0,AATCGACAGTGTGTTC-1,110,GSM8562999_Naive1_filtered_matrix.mtx.gz,L145073,1
GSM8562999:AATCGACCACAGTGTT,Naive1,GSM8562999,L35389,1.0,AATCGACCACAGTGTT-1,111,GSM8562999_Naive1_filtered_matrix.mtx.gz,L35389,4
GSM8562999:AATCGACCAGGAGGAG,Naive1,GSM8562999,L219307,1.0,AATCGACCAGGAGGAG-1,112,GSM8562999_Naive1_filtered_matrix.mtx.gz,L219307,3
GSM8562999:AATCGACGTTCCTAGA,Naive1,GSM8562999,L77443,1.0,AATCGACGTTCCTAGA-1,113,GSM8562999_Naive1_filtered_matrix.mtx.gz,L77443,2
GSM8562999:AATCGACTCGCAATGT,Naive1,GSM8562999,L239119,1.0,AATCGACTCGCAATGT-1,114,GSM8562999_Naive1_filtered_matrix.mtx.gz,L239119,4
GSM8562999:AATCGTGTCGCTTGCT,Naive1,GSM8562999,L281881,1.0,AATCGTGTCGCTTGCT-1,117,GSM8562999_Naive1_filtered_matrix.mtx.gz,L281881,2
GSM8562999:AATGCCACAGAAATCA,Naive1,GSM8562999,L241262,1.0,AATGCCACAGAAATCA-1,119,GSM8562999_Naive1_filtered_matrix.mtx.gz,L241262,3
GSM8562999:AATGGAACAGTCAGTT,Naive1,GSM8562999,L292296,0.9961,AATGGAACAGTCAGTT-1,121,GSM8562999_Naive1_filtered_matrix.mtx.gz,L292296,3
GSM8562999:AATGGAATCTGCATGA,Naive1,GSM8562999,L177128,1.0,AATGGAATCTGCATGA-1,123,GSM8562999_Naive1_filtered_matrix.mtx.gz,L177128,3
GSM8562999:AATGGCTAGAAGCTGC,Naive1,GSM8562999,L267807,1.0,AATGGCTAGAAGCTGC-1,124,GSM8562999_Naive1_filtered_matrix.mtx.gz,L267807,1
GSM8562999:AATGGCTAGGGTTAGC,Naive1,GSM8562999,L23121,1.0,AATGGCTAGGGTTAGC-1,126,GSM8562999_Naive1_filtered_matrix.mtx.gz,L23121,1
GSM8562999:AATGGCTGTGTTCATG,Naive1,GSM8562999,L104099,1.0,AATGGCTGTGTTCATG-1,127,GSM8562999_Naive1_filtered_matrix.mtx.gz,L104099,4
GSM8562999:AATTCCTGTAGACTGG,Naive1,GSM8562999,L30697,1.0,AATTCCTGTAGACTGG-1,128,GSM8562999_Naive1_filtered_matrix.mtx.gz,L30697,1
GSM8562999:AATTTCCCACTCCTTG,Naive1,GSM8562999,L126247,1.0,AATTTCCCACTCCTTG-1,130,GSM8562999_Naive1_filtered_matrix.mtx.gz,L126247,1
GSM8562999:AATTTCCTCTTACCAT,Naive1,GSM8562999,L2779,1.0,AATTTCCTCTTACCAT-1,131,GSM8562999_Naive1_filtered_matrix.mtx.gz,L2779,4
GSM8562999:ACAAAGACAGCGTTTA,Naive1,GSM8562999,L279568,1.0,ACAAAGACAGCGTTTA-1,132,GSM8562999_Naive1_filtered_matrix.mtx.gz,L279568,2
GSM8562999:ACAACCATCGGATAAA,Naive1,GSM8562999,L304427,1.0,ACAACCATCGGATAAA-1,134,GSM8562999_Naive1_filtered_matrix.mtx.gz,L304427,2
GSM8562999:ACACCAATCCTCTTTC,Naive1,GSM8562999,L74841,1.0,ACACCAATCCTCTTTC-1,140,GSM8562999_Naive1_filtered_matrix.mtx.gz,L74841,4
GSM8562999:ACACGCGGTATGACAA,Naive1,GSM8562999,L132506,1.0,ACACGCGGTATGACAA-1,141,GSM8562999_Naive1_filtered_matrix.mtx.gz,L132506,1
GSM8562999:ACACGCGGTTCACCGG,Naive1,GSM8562999,L40629,1.0,ACACGCGGTTCACCGG-1,142,GSM8562999_Naive1_filtered_matrix.mtx.gz,L40629,4
GSM8562999:ACACGCGTCTTAGCTT,Naive1,GSM8562999,L314894,1.0,ACACGCGTCTTAGCTT-1,144,GSM8562999_Naive1_filtered_matrix.mtx.gz,L314894,1
GSM8562999:ACACTGATCTCCCATG,Naive1,GSM8562999,L47103,1.0,ACACTGATCTCCCATG-1,148,GSM8562999_Naive1_filtered_matrix.mtx.gz,L47103,4
GSM8562999:ACAGAAATCCAAACCA,Naive1,GSM8562999,L107578,1.0,ACAGAAATCCAAACCA-1,151,GSM8562999_Naive1_filtered_matrix.mtx.gz,L107578,2
GSM8562999:ACAGCCGCAATGTGGG,Naive1,GSM8562999,L167106,1.0,ACAGCCGCAATGTGGG-1,152,GSM8562999_Naive1_filtered_matrix.mtx.gz,L167106,1
GSM8562999:ACAGGGAGTACGCGTC,Naive1,GSM8562999,L173296,1.0,ACAGGGAGTACGCGTC-1,155,GSM8562999_Naive1_filtered_matrix.mtx.gz,L173296,1
GSM8562999:ACATCCCTCTTACGTT,Naive1,GSM8562999,L232125,1.0,ACATCCCTCTTACGTT-1,157,GSM8562999_Naive1_filtered_matrix.mtx.gz,L232125,0
GSM8562999:ACATGCAAGCGTGCTC,Naive1,GSM8562999,L176645,1.0,ACATGCAAGCGTGCTC-1,158,GSM8562999_Naive1_filtered_matrix.mtx.gz,L176645,0
GSM8562999:ACATGCACAATGACCT,Naive1,GSM8562999,L87366,1.0,ACATGCACAATGACCT-1,159,GSM8562999_Naive1_filtered_matrix.mtx.gz,L87366,3
GSM8562999:ACATGCACATCTCGTC,Naive1,GSM8562999,L229874,1.0,ACATGCACATCTCGTC-1,160,GSM8562999_Naive1_filtered_matrix.mtx.gz,L229874,1
GSM8562999:ACATGCATCTGTTGGA,Naive1,GSM8562999,L331210,1.0,ACATGCATCTGTTGGA-1,161,GSM8562999_Naive1_filtered_matrix.mtx.gz,L331210,0
GSM8562999:ACATTTCAGTGTGTTC,Naive1,GSM8562999,L31852,1.0,ACATTTCAGTGTGTTC-1,163,GSM8562999_Naive1_filtered_matrix.mtx.gz,L31852,2
GSM8562999:ACATTTCTCCTAGCCT,Naive1,GSM8562999,L323769,1.0,ACATTTCTCCTAGCCT-1,164,GSM8562999_Naive1_filtered_matrix.mtx.gz,L323769,0
GSM8562999:ACCAAACAGCTCATAC,Naive1,GSM8562999,L183654,1.0,ACCAAACAGCTCATAC-1,165,GSM8562999_Naive1_filtered_matrix.mtx.gz,L183654,3
GSM8562999:ACCAAACGTATAGGGC,Naive1,GSM8562999,L278282,1.0,ACCAAACGTATAGGGC-1,166,GSM8562999_Naive1_filtered_matrix.mtx.gz,L278282,3
GSM8562999:ACCAACACATTGACCA,Naive1,GSM8562999,L15809,0.996939,ACCAACACATTGACCA-1,168,GSM8562999_Naive1_filtered_matrix.mtx.gz,L15809,2
GSM8562999:ACCAACATCCCACAGG,Naive1,GSM8562999,L73592,1.0,ACCAACATCCCACAGG-1,169,GSM8562999_Naive1_filtered_matrix.mtx.gz,L73592,3
GSM8562999:ACCACAAAGACCTTTG,Naive1,GSM8562999,L191293,1.0,ACCACAAAGACCTTTG-1,170,GSM8562999_Naive1_filtered_matrix.mtx.gz,L191293,2
GSM8562999:ACCATTTCATCGGTTA,Naive1,GSM8562999,L6369,1.0,ACCATTTCATCGGTTA-1,173,GSM8562999_Naive1_filtered_matrix.mtx.gz,L6369,4
GSM8562999:ACCATTTCATGACTCA,Naive1,GSM8562999,L54153,1.0,ACCATTTCATGACTCA-1,174,GSM8562999_Naive1_filtered_matrix.mtx.gz,L54153,2
GSM8562999:ACCCTCAAGCCGGATA,Naive1,GSM8562999,L241262,1.0,ACCCTCAAGCCGGATA-1,179,GSM8562999_Naive1_filtered_matrix.mtx.gz,L241262,3
GSM8562999:ACCCTCAGTAGTAAGT,Naive1,GSM8562999,L307963,1.0,ACCCTCAGTAGTAAGT-1,180,GSM8562999_Naive1_filtered_matrix.mtx.gz,L307963,2
GSM8562999:ACCCTTGAGCATACTC,Naive1,GSM8562999,L222867,1.0,ACCCTTGAGCATACTC-1,181,GSM8562999_Naive1_filtered_matrix.mtx.gz,L222867,4
GSM8562999:ACCTACCCACACCGCA,Naive1,GSM8562999,L96449,1.0,ACCTACCCACACCGCA-1,185,GSM8562999_Naive1_filtered_matrix.mtx.gz,L96449,2
GSM8562999:ACCTGTCGTTCGGACC,Naive1,GSM8562999,L124052,1.0,ACCTGTCGTTCGGACC-1,189,GSM8562999_Naive1_filtered_matrix.mtx.gz,L124052,4
GSM8562999:ACGATCACAGGTCCGT,Naive1,GSM8562999,L170734,1.0,ACGATCACAGGTCCGT-1,190,GSM8562999_Naive1_filtered_matrix.mtx.gz,L170734,4
GSM8562999:ACGATCAGTTTGGCTA,Naive1,GSM8562999,L167950,1.0,ACGATCAGTTTGGCTA-1,191,GSM8562999_Naive1_filtered_matrix.mtx.gz,L167950,3
GSM8562999:ACGCACGTCCGTGTGG,Naive1,GSM8562999,L240741,1.0,ACGCACGTCCGTGTGG-1,197,GSM8562999_Naive1_filtered_matrix.mtx.gz,L240741,3
GSM8562999:ACGGAAGAGTGCTCAT,Naive1,GSM8562999,L146674,1.0,ACGGAAGAGTGCTCAT-1,199,GSM8562999_Naive1_filtered_matrix.mtx.gz,L146674,3
GSM8562999:ACGGAAGCATGTCTAG,Naive1,GSM8562999,L187885,1.0,ACGGAAGCATGTCTAG-1,201,GSM8562999_Naive1_filtered_matrix.mtx.gz,L187885,0
GSM8562999:ACGGAAGTCCAGCAAT,Naive1,GSM8562999,L113271,1.0,ACGGAAGTCCAGCAAT-1,203,GSM8562999_Naive1_filtered_matrix.mtx.gz,L113271,4
GSM8562999:ACGGGTCAGAATCGAT,Naive1,GSM8562999,L219307,1.0,ACGGGTCAGAATCGAT-1,204,GSM8562999_Naive1_filtered_matrix.mtx.gz,L219307,3
GSM8562999:ACGGTTACAGCTACTA,Naive1,GSM8562999,L269961,1.0,ACGGTTACAGCTACTA-1,206,GSM8562999_Naive1_filtered_matrix.mtx.gz,L269961,4
GSM8562999:ACGTAACAGCCAAGCA,Naive1,GSM8562999,L2779,1.0,ACGTAACAGCCAAGCA-1,209,GSM8562999_Naive1_filtered_matrix.mtx.gz,L2779,4
GSM8562999:ACGTACACAGTACTAC,Naive1,GSM8562999,L149612,1.0,ACGTACACAGTACTAC-1,211,GSM8562999_Naive1_filtered_matrix.mtx.gz,L149612,4
GSM8562999:ACGTACAGTAGACGGT,Naive1,GSM8562999,L204285,1.0,ACGTACAGTAGACGGT-1,212,GSM8562999_Naive1_filtered_matrix.mtx.gz,L204285,3
GSM8562999:ACGTACAGTGACTCGC,Naive1,GSM8562999,L55260,1.0,ACGTACAGTGACTCGC-1,213,GSM8562999_Naive1_filtered_matrix.mtx.gz,L55260,4
GSM8562999:ACGTACATCCGGCTTT,Naive1,GSM8562999,L53092,1.0,ACGTACATCCGGCTTT-1,214,GSM8562999_Naive1_filtered_matrix.mtx.gz,L53092,3
GSM8562999:ACGTAGTGTTCCGGTG,Naive1,GSM8562999,L98634,1.0,ACGTAGTGTTCCGGTG-1,215,GSM8562999_Naive1_filtered_matrix.mtx.gz,L98634,2
GSM8562999:ACGTAGTGTTTGACAC,Naive1,GSM8562999,L150868,1.0,ACGTAGTGTTTGACAC-1,216,GSM8562999_Naive1_filtered_matrix.mtx.gz,L150868,3
GSM8562999:ACGTTCCCACCAGTTA,Naive1,GSM8562999,L269961,1.0,ACGTTCCCACCAGTTA-1,217,GSM8562999_Naive1_filtered_matrix.mtx.gz,L269961,4
GSM8562999:ACTACGAAGTGAGCCA,Naive1,GSM8562999,L229494,1.0,ACTACGAAGTGAGCCA-1,218,GSM8562999_Naive1_filtered_matrix.mtx.gz,L229494,1
GSM8562999:ACTACGACACATATCG,Naive1,GSM8562999,L89642,1.0,ACTACGACACATATCG-1,219,GSM8562999_Naive1_filtered_matrix.mtx.gz,L89642,0
GSM8562999:ACTACGATCCGAGATT,Naive1,GSM8562999,L135709,1.0,ACTACGATCCGAGATT-1,220,GSM8562999_Naive1_filtered_matrix.mtx.gz,L135709,3
GSM8562999:ACTATGGTCGGACAAG,Naive1,GSM8562999,L289287,0.996437,ACTATGGTCGGACAAG-1,226,GSM8562999_Naive1_filtered_matrix.mtx.gz,L289287,4
GSM8562999:ACTATTCGTAGTCTGT,Naive1,GSM8562999,L105849,1.0,ACTATTCGTAGTCTGT-1,228,GSM8562999_Naive1_filtered_matrix.mtx.gz,L105849,3
GSM8562999:ACTATTCGTCAACGCC,Naive1,GSM8562999,L293527,1.0,ACTATTCGTCAACGCC-1,229,GSM8562999_Naive1_filtered_matrix.mtx.gz,L293527,3
GSM8562999:ACTATTCTCCGGTTCT,Naive1,GSM8562999,L303910,1.0,ACTATTCTCCGGTTCT-1,230,GSM8562999_Naive1_filtered_matrix.mtx.gz,L303910,0
GSM8562999:ACTCCCAAGCATCCTA,Naive1,GSM8562999,L51013,1.0,ACTCCCAAGCATCCTA-1,231,GSM8562999_Naive1_filtered_matrix.mtx.gz,L51013,3
GSM8562999:ACTCCCACATACATCG,Naive1,GSM8562999,L31852,1.0,ACTCCCACATACATCG-1,232,GSM8562999_Naive1_filtered_matrix.mtx.gz,L31852,2
GSM8562999:ACTCTCGGTCTAATCG,Naive1,GSM8562999,L6043,1.0,ACTCTCGGTCTAATCG-1,233,GSM8562999_Naive1_filtered_matrix.mtx.gz,L6043,1
GSM8562999:ACTCTCGGTTCAGTAC,Naive1,GSM8562999,L197925,1.0,ACTCTCGGTTCAGTAC-1,234,GSM8562999_Naive1_filtered_matrix.mtx.gz,L197925,0
GSM8562999:ACTCTCGTCCTCATAT,Naive1,GSM8562999,L219307,1.0,ACTCTCGTCCTCATAT-1,235,GSM8562999_Naive1_filtered_matrix.mtx.gz,L219307,3
GSM8562999:ACTGATGAGTCTGTAC,Naive1,GSM8562999,L135446,1.0,ACTGATGAGTCTGTAC-1,236,GSM8562999_Naive1_filtered_matrix.mtx.gz,L135446,3
GSM8562999:ACTGATGCAAGATCCT,Naive1,GSM8562999,L304696,1.0,ACTGATGCAAGATCCT-1,237,GSM8562999_Naive1_filtered_matrix.mtx.gz,L304696,2
GSM8562999:ACTGCAAAGCGGCTCT,Naive1,GSM8562999,L183654,1.0,ACTGCAAAGCGGCTCT-1,238,GSM8562999_Naive1_filtered_matrix.mtx.gz,L183654,3
GSM8562999:ACTGTCCCAACCGTAT,Naive1,GSM8562999,L221983,1.0,ACTGTCCCAACCGTAT-1,239,GSM8562999_Naive1_filtered_matrix.mtx.gz,L221983,3
GSM8562999:ACTTAGGCAAAGAACT,Naive1,GSM8562999,L196980,1.0,ACTTAGGCAAAGAACT-1,243,GSM8562999_Naive1_filtered_matrix.mtx.gz,L196980,3
GSM8562999:ACTTAGGCAGGTTCCG,Naive1,GSM8562999,L116287,1.0,ACTTAGGCAGGTTCCG-1,244,GSM8562999_Naive1_filtered_matrix.mtx.gz,L116287,0
GSM8562999:ACTTAGGCATCGCCTT,Naive1,GSM8562999,L152903,1.0,ACTTAGGCATCGCCTT-1,245,GSM8562999_Naive1_filtered_matrix.mtx.gz,L152903,2
GSM8562999:ACTTAGGGTGAGGCAT,Naive1,GSM8562999,L188027,1.0,ACTTAGGGTGAGGCAT-1,246,GSM8562999_Naive1_filtered_matrix.mtx.gz,L188027,1
GSM8562999:ACTTCCGAGCTGCCTG,Naive1,GSM8562999,L57101,1.0,ACTTCCGAGCTGCCTG-1,248,GSM8562999_Naive1_filtered_matrix.mtx.gz,L57101,0
GSM8562999:ACTTCCGCAGACATCT,Naive1,GSM8562999,L104099,1.0,ACTTCCGCAGACATCT-1,249,GSM8562999_Naive1_filtered_matrix.mtx.gz,L104099,4
GSM8562999:ACTTCGCCACTAGGCC,Naive1,GSM8562999,L212929,1.0,ACTTCGCCACTAGGCC-1,253,GSM8562999_Naive1_filtered_matrix.mtx.gz,L212929,4
GSM8562999:ACTTCGCGTATTAAGG,Naive1,GSM8562999,L73244,1.0,ACTTCGCGTATTAAGG-1,254,GSM8562999_Naive1_filtered_matrix.mtx.gz,L73244,0
GSM8562999:ACTTTCAGTTGGATCT,Naive1,GSM8562999,L305830,1.0,ACTTTCAGTTGGATCT-1,255,GSM8562999_Naive1_filtered_matrix.mtx.gz,L305830,0
GSM8562999:ACTTTCAGTTTGTTCT,Naive1,GSM8562999,L165149,1.0,ACTTTCAGTTTGTTCT-1,256,GSM8562999_Naive1_filtered_matrix.mtx.gz,L165149,2
GSM8562999:AGAACCTCATGAATCC,Naive1,GSM8562999,L315594,1.0,AGAACCTCATGAATCC-1,258,GSM8562999_Naive1_filtered_matrix.mtx.gz,L315594,2
GSM8562999:AGAACCTTCTGCTTTA,Naive1,GSM8562999,L244886,1.0,AGAACCTTCTGCTTTA-1,260,GSM8562999_Naive1_filtered_matrix.mtx.gz,L244886,4
GSM8562999:AGAAGCGGTCAACCTA,Naive1,GSM8562999,L252321,1.0,AGAAGCGGTCAACCTA-1,261,GSM8562999_Naive1_filtered_matrix.mtx.gz,L252321,2
GSM8562999:AGAAGTACACACAGAG,Naive1,GSM8562999,L139713,1.0,AGAAGTACACACAGAG-1,262,GSM8562999_Naive1_filtered_matrix.mtx.gz,L139713,0
GSM8562999:AGAAGTAGTATCACCA,Naive1,GSM8562999,L214973,1.0,AGAAGTAGTATCACCA-1,263,GSM8562999_Naive1_filtered_matrix.mtx.gz,L214973,2
GSM8562999:AGACACTGTAGGATAT,Naive1,GSM8562999,L84720,1.0,AGACACTGTAGGATAT-1,265,GSM8562999_Naive1_filtered_matrix.mtx.gz,L84720,0
GSM8562999:AGACACTGTCTCAAGT,Naive1,GSM8562999,L44509,0.999845,AGACACTGTCTCAAGT-1,266,GSM8562999_Naive1_filtered_matrix.mtx.gz,L44509,3
GSM8562999:AGACACTTCGATTTCT,Naive1,GSM8562999,L82979,1.0,AGACACTTCGATTTCT-1,267,GSM8562999_Naive1_filtered_matrix.mtx.gz,L82979,2
GSM8562999:AGACCATCAAGAGTTA,Naive1,GSM8562999,L315594,1.0,AGACCATCAAGAGTTA-1,271,GSM8562999_Naive1_filtered_matrix.mtx.gz,L315594,2
GSM8562999:AGACCCGCATGACTCA,Naive1,GSM8562999,L219307,1.0,AGACCCGCATGACTCA-1,273,GSM8562999_Naive1_filtered_matrix.mtx.gz,L219307,3
GSM8562999:AGACCCGTCTCTCAAT,Naive1,GSM8562999,L274951,1.0,AGACCCGTCTCTCAAT-1,274,GSM8562999_Naive1_filtered_matrix.mtx.gz,L274951,3
GSM8562999:AGAGAATAGGAGTATT,Naive1,GSM8562999,L8387,1.0,AGAGAATAGGAGTATT-1,275,GSM8562999_Naive1_filtered_matrix.mtx.gz,L8387,0
GSM8562999:AGAGAATGTGTTAGCT,Naive1,GSM8562999,L166707,1.0,AGAGAATGTGTTAGCT-1,276,GSM8562999_Naive1_filtered_matrix.mtx.gz,L166707,1
GSM8562999:AGAGCAGAGGTATAGT,Naive1,GSM8562999,L15809,1.0,AGAGCAGAGGTATAGT-1,278,GSM8562999_Naive1_filtered_matrix.mtx.gz,L15809,2
GSM8562999:AGAGCAGTCGCTAGCG,Naive1,GSM8562999,L16294,1.0,AGAGCAGTCGCTAGCG-1,279,GSM8562999_Naive1_filtered_matrix.mtx.gz,L16294,1
GSM8562999:AGAGCCCCAGGTCCCA,Naive1,GSM8562999,L307963,1.0,AGAGCCCCAGGTCCCA-1,280,GSM8562999_Naive1_filtered_matrix.mtx.gz,L307963,2
GSM8562999:AGAGCCCGTATGCGGA,Naive1,GSM8562999,L303711,1.0,AGAGCCCGTATGCGGA-1,281,GSM8562999_Naive1_filtered_matrix.mtx.gz,L303711,3
GSM8562999:AGAGCCCTCGTTCCTG,Naive1,GSM8562999,L216702,1.0,AGAGCCCTCGTTCCTG-1,282,GSM8562999_Naive1_filtered_matrix.mtx.gz,L216702,2
GSM8562999:AGATAGACAGGGCTTC,Naive1,GSM8562999,L260458,1.0,AGATAGACAGGGCTTC-1,283,GSM8562999_Naive1_filtered_matrix.mtx.gz,L260458,4
GSM8562999:AGATAGATCGTTACCC,Naive1,GSM8562999,L267807,1.0,AGATAGATCGTTACCC-1,284,GSM8562999_Naive1_filtered_matrix.mtx.gz,L267807,1
GSM8562999:AGATCCAGTCGTACTA,Naive1,GSM8562999,L279568,1.0,AGATCCAGTCGTACTA-1,287,GSM8562999_Naive1_filtered_matrix.mtx.gz,L279568,2
GSM8562999:AGATCCAGTGTGTTTG,Naive1,GSM8562999,L31852,1.0,AGATCCAGTGTGTTTG-1,288,GSM8562999_Naive1_filtered_matrix.mtx.gz,L31852,2
GSM8562999:AGATCCATCCACACCT,Naive1,GSM8562999,L70669,1.0,AGATCCATCCACACCT-1,289,GSM8562999_Naive1_filtered_matrix.mtx.gz,L70669,3
GSM8562999:AGATCGTCACCTCTAC,Naive1,GSM8562999,L98471,1.0,AGATCGTCACCTCTAC-1,290,GSM8562999_Naive1_filtered_matrix.mtx.gz,L98471,2
GSM8562999:AGATCGTTCTGCCTGT,Naive1,GSM8562999,L112164,1.0,AGATCGTTCTGCCTGT-1,291,GSM8562999_Naive1_filtered_matrix.mtx.gz,L112164,2
GSM8562999:AGATGAAAGGAAGTCC,Naive1,GSM8562999,L8434,1.0,AGATGAAAGGAAGTCC-1,292,GSM8562999_Naive1_filtered_matrix.mtx.gz,L8434,0
GSM8562999:AGATGCTGTCCATAGT,Naive1,GSM8562999,L87366,1.0,AGATGCTGTCCATAGT-1,296,GSM8562999_Naive1_filtered_matrix.mtx.gz,L87366,3
GSM8562999:AGCATCAGTAGGCTCC,Naive1,GSM8562999,L250608,1.0,AGCATCAGTAGGCTCC-1,298,GSM8562999_Naive1_filtered_matrix.mtx.gz,L250608,2
GSM8562999:AGCATCATCTGCATGA,Naive1,GSM8562999,L153570,1.0,AGCATCATCTGCATGA-1,299,GSM8562999_Naive1_filtered_matrix.mtx.gz,L153570,4
GSM8562999:AGCCAATCAGCCCACA,Naive1,GSM8562999,L41113,1.0,AGCCAATCAGCCCACA-1,301,GSM8562999_Naive1_filtered_matrix.mtx.gz,L41113,3
GSM8562999:AGCCAATTCATTGCGA,Naive1,GSM8562999,L314894,1.0,AGCCAATTCATTGCGA-1,302,GSM8562999_Naive1_filtered_matrix.mtx.gz,L314894,1
GSM8562999:AGCCAATTCGGTAAGG,Naive1,GSM8562999,L166707,1.0,AGCCAATTCGGTAAGG-1,303,GSM8562999_Naive1_filtered_matrix.mtx.gz,L166707,1
GSM8562999:AGCCAATTCGTCCTTG,Naive1,GSM8562999,L42496,1.0,AGCCAATTCGTCCTTG-1,304,GSM8562999_Naive1_filtered_matrix.mtx.gz,L42496,4
GSM8562999:AGCCACGGTTATGGTC,Naive1,GSM8562999,L314514,1.0,AGCCACGGTTATGGTC-1,307,GSM8562999_Naive1_filtered_matrix.mtx.gz,L314514,2
GSM8562999:AGCGATTAGAACCCGA,Naive1,GSM8562999,L173296,1.0,AGCGATTAGAACCCGA-1,309,GSM8562999_Naive1_filtered_matrix.mtx.gz,L173296,1
GSM8562999:AGCGATTAGGCCGCTT,Naive1,GSM8562999,L219307,1.0,AGCGATTAGGCCGCTT-1,310,GSM8562999_Naive1_filtered_matrix.mtx.gz,L219307,3
GSM8562999:AGCGATTTCCGAAATC,Naive1,GSM8562999,L183358,1.0,AGCGATTTCCGAAATC-1,311,GSM8562999_Naive1_filtered_matrix.mtx.gz,L183358,0
GSM8562999:AGCGCCATCATTCACT,Naive1,GSM8562999,L285082,1.0,AGCGCCATCATTCACT-1,312,GSM8562999_Naive1_filtered_matrix.mtx.gz,L285082,0
GSM8562999:AGCGCTGTCTCGGCTT,Naive1,GSM8562999,L31852,1.0,AGCGCTGTCTCGGCTT-1,314,GSM8562999_Naive1_filtered_matrix.mtx.gz,L31852,2
GSM8562999:AGCGTATTCTTCCCAG,Naive1,GSM8562999,L275170,1.0,AGCGTATTCTTCCCAG-1,316,GSM8562999_Naive1_filtered_matrix.mtx.gz,L275170,4
GSM8562999:AGCTCAAGTACCGTGC,Naive1,GSM8562999,L219307,1.0,AGCTCAAGTACCGTGC-1,319,GSM8562999_Naive1_filtered_matrix.mtx.gz,L219307,3
GSM8562999:AGCTCAAGTTGTTGCA,Naive1,GSM8562999,L196980,1.0,AGCTCAAGTTGTTGCA-1,320,GSM8562999_Naive1_filtered_matrix.mtx.gz,L196980,3
GSM8562999:AGCTCAATCGCAGTCG,Naive1,GSM8562999,L73244,1.0,AGCTCAATCGCAGTCG-1,321,GSM8562999_Naive1_filtered_matrix.mtx.gz,L73244,0
GSM8562999:AGCTTCCCAATCGTCA,Naive1,GSM8562999,L320820,1.0,AGCTTCCCAATCGTCA-1,322,GSM8562999_Naive1_filtered_matrix.mtx.gz,L320820,3
GSM8562999:AGCTTCCTCTAAGCCA,Naive1,GSM8562999,L35389,1.0,AGCTTCCTCTAAGCCA-1,323,GSM8562999_Naive1_filtered_matrix.mtx.gz,L35389,4
GSM8562999:AGGAAATCAAGAATAC,Naive1,GSM8562999,L240450,1.0,AGGAAATCAAGAATAC-1,324,GSM8562999_Naive1_filtered_matrix.mtx.gz,L240450,2
GSM8562999:AGGAATAAGCGAGTAC,Naive1,GSM8562999,L320820,1.0,AGGAATAAGCGAGTAC-1,326,GSM8562999_Naive1_filtered_matrix.mtx.gz,L320820,3
GSM8562999:AGGACGACACTTCTCG,Naive1,GSM8562999,L142448,1.0,AGGACGACACTTCTCG-1,327,GSM8562999_Naive1_filtered_matrix.mtx.gz,L142448,3
GSM8562999:AGGACGATCATCGTAG,Naive1,GSM8562999,L51204,1.0,AGGACGATCATCGTAG-1,329,GSM8562999_Naive1_filtered_matrix.mtx.gz,L51204,1
GSM8562999:AGGACTTGTGACCGAA,Naive1,GSM8562999,L206761,1.0,AGGACTTGTGACCGAA-1,330,GSM8562999_Naive1_filtered_matrix.mtx.gz,L206761,0
GSM8562999:AGGACTTGTTGGCCTG,Naive1,GSM8562999,L267510,1.0,AGGACTTGTTGGCCTG-1,331,GSM8562999_Naive1_filtered_matrix.mtx.gz,L267510,2
GSM8562999:AGGAGGTAGCGAAACC,Naive1,GSM8562999,L98634,1.0,AGGAGGTAGCGAAACC-1,332,GSM8562999_Naive1_filtered_matrix.mtx.gz,L98634,2
GSM8562999:AGGATAACAAGTGCAG,Naive1,GSM8562999,L227359,1.0,AGGATAACAAGTGCAG-1,334,GSM8562999_Naive1_filtered_matrix.mtx.gz,L227359,0
GSM8562999:AGGATCTCAAATACAG,Naive1,GSM8562999,L97246,1.0,AGGATCTCAAATACAG-1,335,GSM8562999_Naive1_filtered_matrix.mtx.gz,L97246,0
GSM8562999:AGGATCTTCAGCATTG,Naive1,GSM8562999,L100615,1.0,AGGATCTTCAGCATTG-1,339,GSM8562999_Naive1_filtered_matrix.mtx.gz,L100615,0
GSM8562999:AGGATCTTCGCCAATA,Naive1,GSM8562999,L59420,1.0,AGGATCTTCGCCAATA-1,340,GSM8562999_Naive1_filtered_matrix.mtx.gz,L59420,0
GSM8562999:AGGCATTGTAACGGTG,Naive1,GSM8562999,L72383,1.0,AGGCATTGTAACGGTG-1,341,GSM8562999_Naive1_filtered_matrix.mtx.gz,L72383,2
GSM8562999:AGGCCACAGCGTGAAC,Naive1,GSM8562999,L292296,1.0,AGGCCACAGCGTGAAC-1,343,GSM8562999_Naive1_filtered_matrix.mtx.gz,L292296,3
GSM8562999:AGGCCACAGTTGAAAC,Naive1,GSM8562999,L116189,1.0,AGGCCACAGTTGAAAC-1,344,GSM8562999_Naive1_filtered_matrix.mtx.gz,L116189,3
GSM8562999:AGGCCACGTTTACTGG,Naive1,GSM8562999,L82689,1.0,AGGCCACGTTTACTGG-1,345,GSM8562999_Naive1_filtered_matrix.mtx.gz,L82689,4
GSM8562999:AGGCTGCGTTCGGCCA,Naive1,GSM8562999,L80342,1.0,AGGCTGCGTTCGGCCA-1,347,GSM8562999_Naive1_filtered_matrix.mtx.gz,L80342,1
GSM8562999:AGGGAGTAGCATCGAG,Naive1,GSM8562999,L123574,1.0,AGGGAGTAGCATCGAG-1,348,GSM8562999_Naive1_filtered_matrix.mtx.gz,L123574,4
GSM8562999:AGGGAGTCAGGTTTAC,Naive1,GSM8562999,L329553,1.0,AGGGAGTCAGGTTTAC-1,349,GSM8562999_Naive1_filtered_matrix.mtx.gz,L329553,3
GSM8562999:AGGGAGTTCTTTGGAG,Naive1,GSM8562999,L6043,1.0,AGGGAGTTCTTTGGAG-1,350,GSM8562999_Naive1_filtered_matrix.mtx.gz,L6043,1
GSM8562999:AGGGCTCAGTGCAAAT,Naive1,GSM8562999,L147347,1.0,AGGGCTCAGTGCAAAT-1,353,GSM8562999_Naive1_filtered_matrix.mtx.gz,L147347,1
GSM8562999:AGGGTCCAGTCTGCGC,Naive1,GSM8562999,L139713,1.0,AGGGTCCAGTCTGCGC-1,355,GSM8562999_Naive1_filtered_matrix.mtx.gz,L139713,0
GSM8562999:AGGGTCCTCCGGACGT,Naive1,GSM8562999,L16603,1.0,AGGGTCCTCCGGACGT-1,356,GSM8562999_Naive1_filtered_matrix.mtx.gz,L16603,0
GSM8562999:AGGGTGAAGAGAGTTT,Naive1,GSM8562999,L16238,1.0,AGGGTGAAGAGAGTTT-1,357,GSM8562999_Naive1_filtered_matrix.mtx.gz,L16238,3
GSM8562999:AGGGTGAAGGGCAACT,Naive1,GSM8562999,L151380,1.0,AGGGTGAAGGGCAACT-1,358,GSM8562999_Naive1_filtered_matrix.mtx.gz,L151380,4
GSM8562999:AGGGTGAGTGGCAACA,Naive1,GSM8562999,L208093,1.0,AGGGTGAGTGGCAACA-1,359,GSM8562999_Naive1_filtered_matrix.mtx.gz,L208093,1
GSM8562999:AGGGTTTAGGTTACCT,Naive1,GSM8562999,L28407,1.0,AGGGTTTAGGTTACCT-1,360,GSM8562999_Naive1_filtered_matrix.mtx.gz,L28407,3
GSM8562999:AGGGTTTGTGCGGTAA,Naive1,GSM8562999,L12904,1.0,AGGGTTTGTGCGGTAA-1,361,GSM8562999_Naive1_filtered_matrix.mtx.gz,L12904,3
GSM8562999:AGGGTTTTCAGTGTGT,Naive1,GSM8562999,L236809,1.0,AGGGTTTTCAGTGTGT-1,362,GSM8562999_Naive1_filtered_matrix.mtx.gz,L236809,4
GSM8562999:AGGGTTTTCGACCACG,Naive1,GSM8562999,L7120,1.0,AGGGTTTTCGACCACG-1,363,GSM8562999_Naive1_filtered_matrix.mtx.gz,L7120,3
GSM8562999:AGGGTTTTCTCACGAA,Naive1,GSM8562999,L229114,1.0,AGGGTTTTCTCACGAA-1,364,GSM8562999_Naive1_filtered_matrix.mtx.gz,L229114,2
GSM8562999:AGGTAGGTCGGATAAA,Naive1,GSM8562999,L155963,1.0,AGGTAGGTCGGATAAA-1,366,GSM8562999_Naive1_filtered_matrix.mtx.gz,L155963,0
GSM8562999:AGGTAGGTCTGGGTCG,Naive1,GSM8562999,L258524,1.0,AGGTAGGTCTGGGTCG-1,367,GSM8562999_Naive1_filtered_matrix.mtx.gz,L258524,0
GSM8562999:AGGTCATAGTTCTCTT,Naive1,GSM8562999,L237845,1.0,AGGTCATAGTTCTCTT-1,370,GSM8562999_Naive1_filtered_matrix.mtx.gz,L237845,2
GSM8562999:AGGTCATCAATGGCAG,Naive1,GSM8562999,L87366,1.0,AGGTCATCAATGGCAG-1,371,GSM8562999_Naive1_filtered_matrix.mtx.gz,L87366,3
GSM8562999:AGGTCATCACCTGATA,Naive1,GSM8562999,L228182,1.0,AGGTCATCACCTGATA-1,372,GSM8562999_Naive1_filtered_matrix.mtx.gz,L228182,0
GSM8562999:AGGTCATTCTTACGGA,Naive1,GSM8562999,L15809,0.997143,AGGTCATTCTTACGGA-1,374,GSM8562999_Naive1_filtered_matrix.mtx.gz,L15809,2
GSM8562999:AGGTCTAAGCCGTCGT,Naive1,GSM8562999,L261918,1.0,AGGTCTAAGCCGTCGT-1,375,GSM8562999_Naive1_filtered_matrix.mtx.gz,L261918,0
GSM8562999:AGGTCTATCGTGCTCT,Naive1,GSM8562999,L112164,1.0,AGGTCTATCGTGCTCT-1,376,GSM8562999_Naive1_filtered_matrix.mtx.gz,L112164,2
GSM8562999:AGGTTACAGCCACCGT,Naive1,GSM8562999,L84024,1.0,AGGTTACAGCCACCGT-1,378,GSM8562999_Naive1_filtered_matrix.mtx.gz,L84024,0
GSM8562999:AGGTTGTGTAATGCGG,Naive1,GSM8562999,L88461,1.0,AGGTTGTGTAATGCGG-1,379,GSM8562999_Naive1_filtered_matrix.mtx.gz,L88461,3
GSM8562999:AGGTTGTGTACTCGCG,Naive1,GSM8562999,L305830,1.0,AGGTTGTGTACTCGCG-1,380,GSM8562999_Naive1_filtered_matrix.mtx.gz,L305830,0
GSM8562999:AGGTTGTTCCATCACC,Naive1,GSM8562999,L271165,0.997345,AGGTTGTTCCATCACC-1,381,GSM8562999_Naive1_filtered_matrix.mtx.gz,L271165,2
GSM8562999:AGTAACCAGCACGTCC,Naive1,GSM8562999,L242935,1.0,AGTAACCAGCACGTCC-1,383,GSM8562999_Naive1_filtered_matrix.mtx.gz,L242935,0
GSM8562999:AGTAACCAGTCGTTAC,Naive1,GSM8562999,L6369,1.0,AGTAACCAGTCGTTAC-1,385,GSM8562999_Naive1_filtered_matrix.mtx.gz,L6369,4
GSM8562999:AGTACTGCAAACTGCT,Naive1,GSM8562999,L7120,1.0,AGTACTGCAAACTGCT-1,390,GSM8562999_Naive1_filtered_matrix.mtx.gz,L7120,3
GSM8562999:AGTAGTCAGCGTGTTT,Naive1,GSM8562999,L145263,1.0,AGTAGTCAGCGTGTTT-1,393,GSM8562999_Naive1_filtered_matrix.mtx.gz,L145263,4
GSM8562999:AGTCACACAAATGGAT,Naive1,GSM8562999,L80342,1.0,AGTCACACAAATGGAT-1,395,GSM8562999_Naive1_filtered_matrix.mtx.gz,L80342,1
GSM8562999:AGTCACACACTACCCT,Naive1,GSM8562999,L80342,1.0,AGTCACACACTACCCT-1,396,GSM8562999_Naive1_filtered_matrix.mtx.gz,L80342,1
GSM8562999:AGTCATGGTACCCGCA,Naive1,GSM8562999,L257082,1.0,AGTCATGGTACCCGCA-1,398,GSM8562999_Naive1_filtered_matrix.mtx.gz,L257082,1
GSM8562999:AGTCTCCAGAATAACC,Naive1,GSM8562999,L52613,1.0,AGTCTCCAGAATAACC-1,399,GSM8562999_Naive1_filtered_matrix.mtx.gz,L52613,0
GSM8562999:AGTGACTTCACCGACG,Naive1,GSM8562999,L304696,1.0,AGTGACTTCACCGACG-1,400,GSM8562999_Naive1_filtered_matrix.mtx.gz,L304696,2
GSM8562999:AGTTAGCTCTGTGTGA,Naive1,GSM8562999,L289493,1.0,AGTTAGCTCTGTGTGA-1,404,GSM8562999_Naive1_filtered_matrix.mtx.gz,L289493,4
GSM8562999:AGTTCCCCACCGTGGT,Naive1,GSM8562999,L112548,1.0,AGTTCCCCACCGTGGT-1,406,GSM8562999_Naive1_filtered_matrix.mtx.gz,L112548,0
GSM8562999:AGTTCCCGTCTCTCAC,Naive1,GSM8562999,L221726,1.0,AGTTCCCGTCTCTCAC-1,407,GSM8562999_Naive1_filtered_matrix.mtx.gz,L221726,1
GSM8562999:AGTTCCCGTTCATCTT,Naive1,GSM8562999,L16438,1.0,AGTTCCCGTTCATCTT-1,408,GSM8562999_Naive1_filtered_matrix.mtx.gz,L16438,1
GSM8562999:AGTTCGAAGCGCAATG,Naive1,GSM8562999,L183654,1.0,AGTTCGAAGCGCAATG-1,409,GSM8562999_Naive1_filtered_matrix.mtx.gz,L183654,3
GSM8562999:ATACCGAAGCACCAGA,Naive1,GSM8562999,L205676,1.0,ATACCGAAGCACCAGA-1,410,GSM8562999_Naive1_filtered_matrix.mtx.gz,L205676,0
GSM8562999:ATACCTTGTGTTACTG,Naive1,GSM8562999,L229874,1.0,ATACCTTGTGTTACTG-1,413,GSM8562999_Naive1_filtered_matrix.mtx.gz,L229874,1
GSM8562999:ATACCTTTCATCACAG,Naive1,GSM8562999,L304696,1.0,ATACCTTTCATCACAG-1,414,GSM8562999_Naive1_filtered_matrix.mtx.gz,L304696,2
GSM8562999:ATACTTCGTACAAGCG,Naive1,GSM8562999,L2779,1.0,ATACTTCGTACAAGCG-1,415,GSM8562999_Naive1_filtered_matrix.mtx.gz,L2779,4
GSM8562999:ATAGACCAGCGCTTCG,Naive1,GSM8562999,L31856,1.0,ATAGACCAGCGCTTCG-1,417,GSM8562999_Naive1_filtered_matrix.mtx.gz,L31856,4
GSM8562999:ATAGACCTCTTCGGAA,Naive1,GSM8562999,L145073,1.0,ATAGACCTCTTCGGAA-1,418,GSM8562999_Naive1_filtered_matrix.mtx.gz,L145073,1
GSM8562999:ATAGGCTGTGTTATCG,Naive1,GSM8562999,L114118,1.0,ATAGGCTGTGTTATCG-1,421,GSM8562999_Naive1_filtered_matrix.mtx.gz,L114118,2
GSM8562999:ATAGGCTTCCGTGGGT,Naive1,GSM8562999,L290603,1.0,ATAGGCTTCCGTGGGT-1,422,GSM8562999_Naive1_filtered_matrix.mtx.gz,L290603,1
GSM8562999:ATATCCTCAGAGGTAC,Naive1,GSM8562999,L302652,1.0,ATATCCTCAGAGGTAC-1,423,GSM8562999_Naive1_filtered_matrix.mtx.gz,L302652,2
GSM8562999:ATCACAGCACCTGATA,Naive1,GSM8562999,L51669,1.0,ATCACAGCACCTGATA-1,426,GSM8562999_Naive1_filtered_matrix.mtx.gz,L51669,4
GSM8562999:ATCACGACAGTTAGGG,Naive1,GSM8562999,L31111,1.0,ATCACGACAGTTAGGG-1,428,GSM8562999_Naive1_filtered_matrix.mtx.gz,L31111,3
GSM8562999:ATCACTTAGTAGCCAG,Naive1,GSM8562999,L50807,1.0,ATCACTTAGTAGCCAG-1,429,GSM8562999_Naive1_filtered_matrix.mtx.gz,L50807,4
GSM8562999:ATCACTTGTCACTCTC,Naive1,GSM8562999,L244886,1.0,ATCACTTGTCACTCTC-1,430,GSM8562999_Naive1_filtered_matrix.mtx.gz,L244886,4
GSM8562999:ATCAGGTTCCTCATAT,Naive1,GSM8562999,L289410,1.0,ATCAGGTTCCTCATAT-1,432,GSM8562999_Naive1_filtered_matrix.mtx.gz,L289410,2
GSM8562999:ATCAGGTTCGGCCCAA,Naive1,GSM8562999,L84010,1.0,ATCAGGTTCGGCCCAA-1,433,GSM8562999_Naive1_filtered_matrix.mtx.gz,L84010,3
GSM8562999:ATCAGGTTCTACTATC,Naive1,GSM8562999,L320820,1.0,ATCAGGTTCTACTATC-1,434,GSM8562999_Naive1_filtered_matrix.mtx.gz,L320820,3
GSM8562999:ATCATTCAGGACTTCT,Naive1,GSM8562999,L116287,1.0,ATCATTCAGGACTTCT-1,435,GSM8562999_Naive1_filtered_matrix.mtx.gz,L116287,0
GSM8562999:ATCATTCTCTTTGGAG,Naive1,GSM8562999,L167106,1.0,ATCATTCTCTTTGGAG-1,436,GSM8562999_Naive1_filtered_matrix.mtx.gz,L167106,1
GSM8562999:ATCCGTCAGAAAGCGA,Naive1,GSM8562999,L152903,1.0,ATCCGTCAGAAAGCGA-1,443,GSM8562999_Naive1_filtered_matrix.mtx.gz,L152903,2
GSM8562999:ATCCGTCCATAAGCGG,Naive1,GSM8562999,L173296,1.0,ATCCGTCCATAAGCGG-1,444,GSM8562999_Naive1_filtered_matrix.mtx.gz,L173296,1
GSM8562999:ATCCGTCGTGGCCACT,Naive1,GSM8562999,L2779,1.0,ATCCGTCGTGGCCACT-1,445,GSM8562999_Naive1_filtered_matrix.mtx.gz,L2779,4
GSM8562999:ATCCGTCTCCAACACA,Naive1,GSM8562999,L164617,1.0,ATCCGTCTCCAACACA-1,446,GSM8562999_Naive1_filtered_matrix.mtx.gz,L164617,1
GSM8562999:ATCCTATCATAATCCG,Naive1,GSM8562999,L173296,1.0,ATCCTATCATAATCCG-1,447,GSM8562999_Naive1_filtered_matrix.mtx.gz,L173296,1
GSM8562999:ATCCTATTCCGGTAAT,Naive1,GSM8562999,L2779,1.0,ATCCTATTCCGGTAAT-1,448,GSM8562999_Naive1_filtered_matrix.mtx.gz,L2779,4
GSM8562999:ATCGATGCATGCACTA,Naive1,GSM8562999,L143819,1.0,ATCGATGCATGCACTA-1,450,GSM8562999_Naive1_filtered_matrix.mtx.gz,L143819,4
GSM8562999:ATCGCCTCACCCTTAC,Naive1,GSM8562999,L222867,1.0,ATCGCCTCACCCTTAC-1,452,GSM8562999_Naive1_filtered_matrix.mtx.gz,L222867,4
GSM8562999:ATCGCCTGTCGCAACC,Naive1,GSM8562999,L36415,1.0,ATCGCCTGTCGCAACC-1,453,GSM8562999_Naive1_filtered_matrix.mtx.gz,L36415,3
GSM8562999:ATCGGATGTACTAGCT,Naive1,GSM8562999,L153469,1.0,ATCGGATGTACTAGCT-1,457,GSM8562999_Naive1_filtered_matrix.mtx.gz,L153469,3
GSM8562999:ATCGGATTCCCGAAAT,Naive1,GSM8562999,L152903,1.0,ATCGGATTCCCGAAAT-1,458,GSM8562999_Naive1_filtered_matrix.mtx.gz,L152903,2
GSM8562999:ATCGGCGCAGCTCGGT,Naive1,GSM8562999,L219307,1.0,ATCGGCGCAGCTCGGT-1,460,GSM8562999_Naive1_filtered_matrix.mtx.gz,L219307,3
GSM8562999:ATCGGCGGTGTACAGG,Naive1,GSM8562999,L137611,1.0,ATCGGCGGTGTACAGG-1,462,GSM8562999_Naive1_filtered_matrix.mtx.gz,L137611,4
GSM8562999:ATCGTAGCAATGAACA,Naive1,GSM8562999,L138440,1.0,ATCGTAGCAATGAACA-1,465,GSM8562999_Naive1_filtered_matrix.mtx.gz,L138440,2
GSM8562999:ATCGTAGGTCCACAGC,Naive1,GSM8562999,L268930,1.0,ATCGTAGGTCCACAGC-1,466,GSM8562999_Naive1_filtered_matrix.mtx.gz,L268930,4
GSM8562999:ATCGTCCCAGCTGTAT,Naive1,GSM8562999,L135709,1.0,ATCGTCCCAGCTGTAT-1,468,GSM8562999_Naive1_filtered_matrix.mtx.gz,L135709,3
GSM8562999:ATCGTGATCATGACAC,Naive1,GSM8562999,L229096,1.0,ATCGTGATCATGACAC-1,471,GSM8562999_Naive1_filtered_matrix.mtx.gz,L229096,4
GSM8562999:ATCTCTAAGCGGTAGT,Naive1,GSM8562999,L229269,1.0,ATCTCTAAGCGGTAGT-1,472,GSM8562999_Naive1_filtered_matrix.mtx.gz,L229269,2
GSM8562999:ATGAAAGAGCGCATCC,Naive1,GSM8562999,L70669,1.0,ATGAAAGAGCGCATCC-1,478,GSM8562999_Naive1_filtered_matrix.mtx.gz,L70669,3
GSM8562999:ATGAGGGAGACCCTTA,Naive1,GSM8562999,L199024,1.0,ATGAGGGAGACCCTTA-1,482,GSM8562999_Naive1_filtered_matrix.mtx.gz,L199024,0
GSM8562999:ATGATCGGTTGGATCT,Naive1,GSM8562999,L48895,0.968361,ATGATCGGTTGGATCT-1,486,GSM8562999_Naive1_filtered_matrix.mtx.gz,L48895,3
GSM8562999:ATGATCGTCAAGTGTC,Naive1,GSM8562999,L96601,1.0,ATGATCGTCAAGTGTC-1,487,GSM8562999_Naive1_filtered_matrix.mtx.gz,L96601,1
GSM8562999:ATGCCTCCAGGTCAAG,Naive1,GSM8562999,L166707,1.0,ATGCCTCCAGGTCAAG-1,489,GSM8562999_Naive1_filtered_matrix.mtx.gz,L166707,1
GSM8562999:ATGCCTCTCTACACTT,Naive1,GSM8562999,L166312,0.955138,ATGCCTCTCTACACTT-1,490,GSM8562999_Naive1_filtered_matrix.mtx.gz,L166312,1
GSM8562999:ATGCGATAGAGGGTGG,Naive1,GSM8562999,L177375,1.0,ATGCGATAGAGGGTGG-1,491,GSM8562999_Naive1_filtered_matrix.mtx.gz,L177375,3
GSM8562999:ATGCGATAGATACAGT,Naive1,GSM8562999,L138125,1.0,ATGCGATAGATACAGT-1,492,GSM8562999_Naive1_filtered_matrix.mtx.gz,L138125,4
GSM8562999:ATGCGATCAAAGGCAC,Naive1,GSM8562999,L219307,1.0,ATGCGATCAAAGGCAC-1,493,GSM8562999_Naive1_filtered_matrix.mtx.gz,L219307,3
GSM8562999:ATGGAGGAGGCATCAG,Naive1,GSM8562999,L271069,1.0,ATGGAGGAGGCATCAG-1,495,GSM8562999_Naive1_filtered_matrix.mtx.gz,L271069,0
GSM8562999:ATGGAGGCACTTTAGG,Naive1,GSM8562999,L227359,1.0,ATGGAGGCACTTTAGG-1,497,GSM8562999_Naive1_filtered_matrix.mtx.gz,L227359,0
GSM8562999:ATGGGAGCAACAGATA,Naive1,GSM8562999,L244940,1.0,ATGGGAGCAACAGATA-1,500,GSM8562999_Naive1_filtered_matrix.mtx.gz,L244940,0
GSM8562999:ATGGGTTCACTTCATT,Naive1,GSM8562999,L305830,1.0,ATGGGTTCACTTCATT-1,503,GSM8562999_Naive1_filtered_matrix.mtx.gz,L305830,0
GSM8562999:ATGGGTTGTTGCATAC,Naive1,GSM8562999,L159660,1.0,ATGGGTTGTTGCATAC-1,504,GSM8562999_Naive1_filtered_matrix.mtx.gz,L159660,1
GSM8562999:ATGGGTTTCCGTAGTA,Naive1,GSM8562999,L47663,1.0,ATGGGTTTCCGTAGTA-1,505,GSM8562999_Naive1_filtered_matrix.mtx.gz,L47663,1
GSM8562999:ATGGTTGCAGGTGACA,Naive1,GSM8562999,L51669,1.0,ATGGTTGCAGGTGACA-1,506,GSM8562999_Naive1_filtered_matrix.mtx.gz,L51669,4
GSM8562999:ATGGTTGGTCATCGCG,Naive1,GSM8562999,L25515,1.0,ATGGTTGGTCATCGCG-1,507,GSM8562999_Naive1_filtered_matrix.mtx.gz,L25515,1
GSM8562999:ATGTCCCCACAAGCAG,Naive1,GSM8562999,L263990,1.0,ATGTCCCCACAAGCAG-1,508,GSM8562999_Naive1_filtered_matrix.mtx.gz,L263990,1
GSM8562999:ATGTCTTCAAATGGAT,Naive1,GSM8562999,L190318,1.0,ATGTCTTCAAATGGAT-1,512,GSM8562999_Naive1_filtered_matrix.mtx.gz,L190318,2
GSM8562999:ATGTCTTGTACGATTC,Naive1,GSM8562999,L172542,1.0,ATGTCTTGTACGATTC-1,514,GSM8562999_Naive1_filtered_matrix.mtx.gz,L172542,2
GSM8562999:ATGTCTTGTCTGTTAG,Naive1,GSM8562999,L173547,1.0,ATGTCTTGTCTGTTAG-1,515,GSM8562999_Naive1_filtered_matrix.mtx.gz,L173547,0
GSM8562999:ATTACCTAGTGCTCGC,Naive1,GSM8562999,L150587,1.0,ATTACCTAGTGCTCGC-1,516,GSM8562999_Naive1_filtered_matrix.mtx.gz,L150587,3
GSM8562999:ATTACTCGTCATCACA,Naive1,GSM8562999,L328314,1.0,ATTACTCGTCATCACA-1,518,GSM8562999_Naive1_filtered_matrix.mtx.gz,L328314,1
GSM8562999:ATTACTCTCATCGTAG,Naive1,GSM8562999,L56999,1.0,ATTACTCTCATCGTAG-1,519,GSM8562999_Naive1_filtered_matrix.mtx.gz,L56999,0
GSM8562999:ATTCAGGAGCGGTAAC,Naive1,GSM8562999,L6369,1.0,ATTCAGGAGCGGTAAC-1,524,GSM8562999_Naive1_filtered_matrix.mtx.gz,L6369,4
GSM8562999:ATTCATCAGACTGGGT,Naive1,GSM8562999,L17420,1.0,ATTCATCAGACTGGGT-1,527,GSM8562999_Naive1_filtered_matrix.mtx.gz,L17420,0
GSM8562999:ATTCCATCATCAGTCA,Naive1,GSM8562999,L25515,1.0,ATTCCATCATCAGTCA-1,530,GSM8562999_Naive1_filtered_matrix.mtx.gz,L25515,1
GSM8562999:ATTCCATGTCAAACGG,Naive1,GSM8562999,L183654,1.0,ATTCCATGTCAAACGG-1,532,GSM8562999_Naive1_filtered_matrix.mtx.gz,L183654,3
GSM8562999:ATTCCATTCCTTCTTC,Naive1,GSM8562999,L173296,1.0,ATTCCATTCCTTCTTC-1,533,GSM8562999_Naive1_filtered_matrix.mtx.gz,L173296,1
GSM8562999:ATTCCCGTCATACGGT,Naive1,GSM8562999,L119834,1.0,ATTCCCGTCATACGGT-1,535,GSM8562999_Naive1_filtered_matrix.mtx.gz,L119834,0
GSM8562999:ATTCTACCAGGAACCA,Naive1,GSM8562999,L85031,1.0,ATTCTACCAGGAACCA-1,542,GSM8562999_Naive1_filtered_matrix.mtx.gz,L85031,0
GSM8562999:ATTCTACTCTAGTCAG,Naive1,GSM8562999,L224895,1.0,ATTCTACTCTAGTCAG-1,543,GSM8562999_Naive1_filtered_matrix.mtx.gz,L224895,4
GSM8562999:ATTGTTCTCGTGGACC,Naive1,GSM8562999,L314894,1.0,ATTGTTCTCGTGGACC-1,545,GSM8562999_Naive1_filtered_matrix.mtx.gz,L314894,1
GSM8562999:ATTTACCTCCTACGAA,Naive1,GSM8562999,L67907,1.0,ATTTACCTCCTACGAA-1,546,GSM8562999_Naive1_filtered_matrix.mtx.gz,L67907,4
GSM8562999:ATTTCACCAATAGTAG,Naive1,GSM8562999,L107578,1.0,ATTTCACCAATAGTAG-1,547,GSM8562999_Naive1_filtered_matrix.mtx.gz,L107578,2
GSM8562999:ATTTCACCATTGCCGG,Naive1,GSM8562999,L123566,1.0,ATTTCACCATTGCCGG-1,548,GSM8562999_Naive1_filtered_matrix.mtx.gz,L123566,3
GSM8562999:ATTTCACGTTGTACGT,Naive1,GSM8562999,L119834,1.0,ATTTCACGTTGTACGT-1,549,GSM8562999_Naive1_filtered_matrix.mtx.gz,L119834,0
GSM8562999:ATTTCTGAGAACTGAT,Naive1,GSM8562999,L49732,1.0,ATTTCTGAGAACTGAT-1,550,GSM8562999_Naive1_filtered_matrix.mtx.gz,L49732,3
GSM8562999:CAAAGAAGTCGTTCAA,Naive1,GSM8562999,L217371,1.0,CAAAGAAGTCGTTCAA-1,553,GSM8562999_Naive1_filtered_matrix.mtx.gz,L217371,2
GSM8562999:CAACAACCACGCTGCA,Naive1,GSM8562999,L227359,1.0,CAACAACCACGCTGCA-1,554,GSM8562999_Naive1_filtered_matrix.mtx.gz,L227359,0
GSM8562999:CAACAGTCATTGAGCT,Naive1,GSM8562999,L183358,1.0,CAACAGTCATTGAGCT-1,555,GSM8562999_Naive1_filtered_matrix.mtx.gz,L183358,0
GSM8562999:CAACAGTGTGACTCTA,Naive1,GSM8562999,L870,1.0,CAACAGTGTGACTCTA-1,556,GSM8562999_Naive1_filtered_matrix.mtx.gz,L870,2
GSM8562999:CAACAGTTCGTGGACC,Naive1,GSM8562999,L70669,1.0,CAACAGTTCGTGGACC-1,557,GSM8562999_Naive1_filtered_matrix.mtx.gz,L70669,3
GSM8562999:CAACCAACACAGTGAG,Naive1,GSM8562999,L54153,1.0,CAACCAACACAGTGAG-1,558,GSM8562999_Naive1_filtered_matrix.mtx.gz,L54153,2
GSM8562999:CAACCAACATAGATGA,Naive1,GSM8562999,L61163,1.0,CAACCAACATAGATGA-1,559,GSM8562999_Naive1_filtered_matrix.mtx.gz,L61163,3
GSM8562999:CAACCTCCAGAATGTA,Naive1,GSM8562999,L124052,1.0,CAACCTCCAGAATGTA-1,560,GSM8562999_Naive1_filtered_matrix.mtx.gz,L124052,4
GSM8562999:CAACGATAGTCATACC,Naive1,GSM8562999,L173296,1.0,CAACGATAGTCATACC-1,561,GSM8562999_Naive1_filtered_matrix.mtx.gz,L173296,1
GSM8562999:CAACGGCCACACAGCC,Naive1,GSM8562999,L82788,1.0,CAACGGCCACACAGCC-1,564,GSM8562999_Naive1_filtered_matrix.mtx.gz,L82788,3
GSM8562999:CAACGGCGTACGATGG,Naive1,GSM8562999,L84351,1.0,CAACGGCGTACGATGG-1,566,GSM8562999_Naive1_filtered_matrix.mtx.gz,L84351,3
GSM8562999:CAACGGCGTTGGGCCT,Naive1,GSM8562999,L8387,1.0,CAACGGCGTTGGGCCT-1,567,GSM8562999_Naive1_filtered_matrix.mtx.gz,L8387,0
GSM8562999:CAAGACTAGGGCGAGA,Naive1,GSM8562999,L290642,1.0,CAAGACTAGGGCGAGA-1,569,GSM8562999_Naive1_filtered_matrix.mtx.gz,L290642,2
GSM8562999:CAAGAGGAGTGCTAGG,Naive1,GSM8562999,L104947,1.0,CAAGAGGAGTGCTAGG-1,570,GSM8562999_Naive1_filtered_matrix.mtx.gz,L104947,4
GSM8562999:CAAGAGGGTTTCCATT,Naive1,GSM8562999,L64990,1.0,CAAGAGGGTTTCCATT-1,572,GSM8562999_Naive1_filtered_matrix.mtx.gz,L64990,4
GSM8562999:CAAGGGAGTTAAGACA,Naive1,GSM8562999,L231007,1.0,CAAGGGAGTTAAGACA-1,574,GSM8562999_Naive1_filtered_matrix.mtx.gz,L231007,2
GSM8562999:CAATACGGTCTCACAA,Naive1,GSM8562999,L80342,1.0,CAATACGGTCTCACAA-1,577,GSM8562999_Naive1_filtered_matrix.mtx.gz,L80342,1
GSM8562999:CAATGACGTTCTTGTT,Naive1,GSM8562999,L106945,1.0,CAATGACGTTCTTGTT-1,581,GSM8562999_Naive1_filtered_matrix.mtx.gz,L106945,4
GSM8562999:CAATTTCAGGAGTCTG,Naive1,GSM8562999,L113046,1.0,CAATTTCAGGAGTCTG-1,583,GSM8562999_Naive1_filtered_matrix.mtx.gz,L113046,4
GSM8562999:CAATTTCTCCTCCACA,Naive1,GSM8562999,L210876,1.0,CAATTTCTCCTCCACA-1,585,GSM8562999_Naive1_filtered_matrix.mtx.gz,L210876,2
GSM8562999:CACAACACACGGATCC,Naive1,GSM8562999,L281881,1.0,CACAACACACGGATCC-1,587,GSM8562999_Naive1_filtered_matrix.mtx.gz,L281881,2
GSM8562999:CACACAATCGGAAACG,Naive1,GSM8562999,L76856,1.0,CACACAATCGGAAACG-1,590,GSM8562999_Naive1_filtered_matrix.mtx.gz,L76856,4
GSM8562999:CACAGGCTCGACTCCT,Naive1,GSM8562999,L314894,1.0,CACAGGCTCGACTCCT-1,594,GSM8562999_Naive1_filtered_matrix.mtx.gz,L314894,1
GSM8562999:CACCAAACAAGTTCCA,Naive1,GSM8562999,L84010,1.0,CACCAAACAAGTTCCA-1,595,GSM8562999_Naive1_filtered_matrix.mtx.gz,L84010,3
GSM8562999:CACGAATAGCTGGCTC,Naive1,GSM8562999,L141027,1.0,CACGAATAGCTGGCTC-1,597,GSM8562999_Naive1_filtered_matrix.mtx.gz,L141027,1
GSM8562999:CACGGGTGTGGGTCAA,Naive1,GSM8562999,L56999,1.0,CACGGGTGTGGGTCAA-1,599,GSM8562999_Naive1_filtered_matrix.mtx.gz,L56999,0
GSM8562999:CACGGGTTCCCTCTTT,Naive1,GSM8562999,L76568,1.0,CACGGGTTCCCTCTTT-1,600,GSM8562999_Naive1_filtered_matrix.mtx.gz,L76568,0
GSM8562999:CACGGGTTCGCAGTTA,Naive1,GSM8562999,L216702,1.0,CACGGGTTCGCAGTTA-1,601,GSM8562999_Naive1_filtered_matrix.mtx.gz,L216702,2
GSM8562999:CACGTGGCACGGTGTC,Naive1,GSM8562999,L96601,1.0,CACGTGGCACGGTGTC-1,602,GSM8562999_Naive1_filtered_matrix.mtx.gz,L96601,1
GSM8562999:CACGTTCAGTGTTCAC,Naive1,GSM8562999,L126247,1.0,CACGTTCAGTGTTCAC-1,603,GSM8562999_Naive1_filtered_matrix.mtx.gz,L126247,1
GSM8562999:CACTAAGGTTACCGTA,Naive1,GSM8562999,L61172,1.0,CACTAAGGTTACCGTA-1,604,GSM8562999_Naive1_filtered_matrix.mtx.gz,L61172,3
GSM8562999:CACTAAGTCTATCACT,Naive1,GSM8562999,L183654,1.0,CACTAAGTCTATCACT-1,605,GSM8562999_Naive1_filtered_matrix.mtx.gz,L183654,3
GSM8562999:CACTGAAAGCAGGTCA,Naive1,GSM8562999,L77443,1.0,CACTGAAAGCAGGTCA-1,606,GSM8562999_Naive1_filtered_matrix.mtx.gz,L77443,2
GSM8562999:CACTGGGCACCGAATT,Naive1,GSM8562999,L149354,1.0,CACTGGGCACCGAATT-1,607,GSM8562999_Naive1_filtered_matrix.mtx.gz,L149354,1
GSM8562999:CACTGGGGTTGGGTTT,Naive1,GSM8562999,L187096,1.0,CACTGGGGTTGGGTTT-1,608,GSM8562999_Naive1_filtered_matrix.mtx.gz,L187096,2
GSM8562999:CACTGTCGTCGAGCTC,Naive1,GSM8562999,L231007,1.0,CACTGTCGTCGAGCTC-1,609,GSM8562999_Naive1_filtered_matrix.mtx.gz,L231007,2
GSM8562999:CACTTCGTCTGCTTTA,Naive1,GSM8562999,L112736,0.99543,CACTTCGTCTGCTTTA-1,612,GSM8562999_Naive1_filtered_matrix.mtx.gz,L112736,0
GSM8562999:CAGAGCCAGGCATGGT,Naive1,GSM8562999,L13818,1.0,CAGAGCCAGGCATGGT-1,613,GSM8562999_Naive1_filtered_matrix.mtx.gz,L13818,3
GSM8562999:CAGAGCCCATGGCACC,Naive1,GSM8562999,L18366,1.0,CAGAGCCCATGGCACC-1,614,GSM8562999_Naive1_filtered_matrix.mtx.gz,L18366,1
GSM8562999:CAGATACAGGTAATCA,Naive1,GSM8562999,L227359,1.0,CAGATACAGGTAATCA-1,616,GSM8562999_Naive1_filtered_matrix.mtx.gz,L227359,0
GSM8562999:CAGATACCAAGACGAC,Naive1,GSM8562999,L251719,1.0,CAGATACCAAGACGAC-1,617,GSM8562999_Naive1_filtered_matrix.mtx.gz,L251719,2
GSM8562999:CAGATACCAGGTACGA,Naive1,GSM8562999,L171792,1.0,CAGATACCAGGTACGA-1,618,GSM8562999_Naive1_filtered_matrix.mtx.gz,L171792,2
GSM8562999:CAGATTGAGGAACGTC,Naive1,GSM8562999,L3167,1.0,CAGATTGAGGAACGTC-1,621,GSM8562999_Naive1_filtered_matrix.mtx.gz,L3167,2
GSM8562999:CAGATTGCAGCAGTTT,Naive1,GSM8562999,L325741,1.0,CAGATTGCAGCAGTTT-1,622,GSM8562999_Naive1_filtered_matrix.mtx.gz,L325741,0
GSM8562999:CAGATTGGTCTTGTCC,Naive1,GSM8562999,L60620,1.0,CAGATTGGTCTTGTCC-1,623,GSM8562999_Naive1_filtered_matrix.mtx.gz,L60620,0
GSM8562999:CAGATTGTCCACGTCT,Naive1,GSM8562999,L211180,1.0,CAGATTGTCCACGTCT-1,624,GSM8562999_Naive1_filtered_matrix.mtx.gz,L211180,0
GSM8562999:CAGCAATCATCATTGG,Naive1,GSM8562999,L142448,1.0,CAGCAATCATCATTGG-1,626,GSM8562999_Naive1_filtered_matrix.mtx.gz,L142448,3
GSM8562999:CAGCAATGTCACAGTT,Naive1,GSM8562999,L191539,1.0,CAGCAATGTCACAGTT-1,628,GSM8562999_Naive1_filtered_matrix.mtx.gz,L191539,3
GSM8562999:CAGCAATGTCCAAATC,Naive1,GSM8562999,L302652,1.0,CAGCAATGTCCAAATC-1,629,GSM8562999_Naive1_filtered_matrix.mtx.gz,L302652,2
GSM8562999:CAGCAATGTTCAGCTA,Naive1,GSM8562999,L75392,0.999605,CAGCAATGTTCAGCTA-1,630,GSM8562999_Naive1_filtered_matrix.mtx.gz,L75392,4
GSM8562999:CAGCACGCAGCAGAAC,Naive1,GSM8562999,L273673,0.558938,CAGCACGCAGCAGAAC-1,632,GSM8562999_Naive1_filtered_matrix.mtx.gz,L273673,4
GSM8562999:CAGCACGTCTACGGGC,Naive1,GSM8562999,L40629,1.0,CAGCACGTCTACGGGC-1,635,GSM8562999_Naive1_filtered_matrix.mtx.gz,L40629,4
GSM8562999:CAGCAGCAGGTATTGA,Naive1,GSM8562999,L162604,1.0,CAGCAGCAGGTATTGA-1,636,GSM8562999_Naive1_filtered_matrix.mtx.gz,L162604,0
GSM8562999:CAGCAGCTCACATACG,Naive1,GSM8562999,L209054,1.0,CAGCAGCTCACATACG-1,637,GSM8562999_Naive1_filtered_matrix.mtx.gz,L209054,4
GSM8562999:CAGCCAGCACTAGAGG,Naive1,GSM8562999,L70669,1.0,CAGCCAGCACTAGAGG-1,638,GSM8562999_Naive1_filtered_matrix.mtx.gz,L70669,3
GSM8562999:CAGCCAGTCTCATAGG,Naive1,GSM8562999,L84010,1.0,CAGCCAGTCTCATAGG-1,640,GSM8562999_Naive1_filtered_matrix.mtx.gz,L84010,3
GSM8562999:CAGCGTGGTTGCTCAA,Naive1,GSM8562999,L245078,1.0,CAGCGTGGTTGCTCAA-1,641,GSM8562999_Naive1_filtered_matrix.mtx.gz,L245078,3
GSM8562999:CAGGCCACACTTCATT,Naive1,GSM8562999,L127323,1.0,CAGGCCACACTTCATT-1,642,GSM8562999_Naive1_filtered_matrix.mtx.gz,L127323,0
GSM8562999:CAGGGCTAGATGGCGT,Naive1,GSM8562999,L75392,1.0,CAGGGCTAGATGGCGT-1,643,GSM8562999_Naive1_filtered_matrix.mtx.gz,L75392,4
GSM8562999:CAGGGCTCAATCCTAG,Naive1,GSM8562999,L173296,1.0,CAGGGCTCAATCCTAG-1,645,GSM8562999_Naive1_filtered_matrix.mtx.gz,L173296,1
GSM8562999:CAGGGCTGTGAGGATC,Naive1,GSM8562999,L219307,1.0,CAGGGCTGTGAGGATC-1,646,GSM8562999_Naive1_filtered_matrix.mtx.gz,L219307,3
GSM8562999:CAGGTATCAACGAGGT,Naive1,GSM8562999,L35389,1.0,CAGGTATCAACGAGGT-1,647,GSM8562999_Naive1_filtered_matrix.mtx.gz,L35389,4
GSM8562999:CAGGTATTCGTCTCAC,Naive1,GSM8562999,L165042,1.0,CAGGTATTCGTCTCAC-1,649,GSM8562999_Naive1_filtered_matrix.mtx.gz,L165042,0
GSM8562999:CAGTGCGCAACGTATC,Naive1,GSM8562999,L96449,1.0,CAGTGCGCAACGTATC-1,651,GSM8562999_Naive1_filtered_matrix.mtx.gz,L96449,2
GSM8562999:CAGTTAGCATCTCAAG,Naive1,GSM8562999,L11473,1.0,CAGTTAGCATCTCAAG-1,652,GSM8562999_Naive1_filtered_matrix.mtx.gz,L11473,2
GSM8562999:CAGTTCCCAGTCAGAG,Naive1,GSM8562999,L109937,1.0,CAGTTCCCAGTCAGAG-1,653,GSM8562999_Naive1_filtered_matrix.mtx.gz,L109937,1
GSM8562999:CAGTTCCCATGTCAGT,Naive1,GSM8562999,L188153,1.0,CAGTTCCCATGTCAGT-1,654,GSM8562999_Naive1_filtered_matrix.mtx.gz,L188153,3
GSM8562999:CAGTTCCTCACCTTAT,Naive1,GSM8562999,L35389,1.0,CAGTTCCTCACCTTAT-1,655,GSM8562999_Naive1_filtered_matrix.mtx.gz,L35389,4
GSM8562999:CAGTTCCTCTTAGCCC,Naive1,GSM8562999,L284687,1.0,CAGTTCCTCTTAGCCC-1,657,GSM8562999_Naive1_filtered_matrix.mtx.gz,L284687,0
GSM8562999:CATAAGCGTATGCTAC,Naive1,GSM8562999,L210749,1.0,CATAAGCGTATGCTAC-1,658,GSM8562999_Naive1_filtered_matrix.mtx.gz,L210749,2
GSM8562999:CATACAGAGCATACTC,Naive1,GSM8562999,L113820,1.0,CATACAGAGCATACTC-1,659,GSM8562999_Naive1_filtered_matrix.mtx.gz,L113820,1
GSM8562999:CATACCCAGCGCGTTC,Naive1,GSM8562999,L329553,1.0,CATACCCAGCGCGTTC-1,661,GSM8562999_Naive1_filtered_matrix.mtx.gz,L329553,3
GSM8562999:CATACTTAGCAACAAT,Naive1,GSM8562999,L48487,1.0,CATACTTAGCAACAAT-1,662,GSM8562999_Naive1_filtered_matrix.mtx.gz,L48487,1
GSM8562999:CATACTTTCGCTAGCG,Naive1,GSM8562999,L39024,1.0,CATACTTTCGCTAGCG-1,664,GSM8562999_Naive1_filtered_matrix.mtx.gz,L39024,3
GSM8562999:CATAGACCAATTGCTG,Naive1,GSM8562999,L68231,1.0,CATAGACCAATTGCTG-1,666,GSM8562999_Naive1_filtered_matrix.mtx.gz,L68231,0
GSM8562999:CATAGACGTGCCTTCT,Naive1,GSM8562999,L70669,1.0,CATAGACGTGCCTTCT-1,667,GSM8562999_Naive1_filtered_matrix.mtx.gz,L70669,3
GSM8562999:CATCAAGTCCGCCTAT,Naive1,GSM8562999,L282419,1.0,CATCAAGTCCGCCTAT-1,670,GSM8562999_Naive1_filtered_matrix.mtx.gz,L282419,4
GSM8562999:CATCAAGTCGCGTTTC,Naive1,GSM8562999,L173296,1.0,CATCAAGTCGCGTTTC-1,671,GSM8562999_Naive1_filtered_matrix.mtx.gz,L173296,1
GSM8562999:CATCAAGTCTTGCAAG,Naive1,GSM8562999,L193373,1.0,CATCAAGTCTTGCAAG-1,673,GSM8562999_Naive1_filtered_matrix.mtx.gz,L193373,2
GSM8562999:CATCCACCACCCTAAA,Naive1,GSM8562999,L70348,1.0,CATCCACCACCCTAAA-1,674,GSM8562999_Naive1_filtered_matrix.mtx.gz,L70348,3
GSM8562999:CATCCACGTGGTATGG,Naive1,GSM8562999,L244706,1.0,CATCCACGTGGTATGG-1,675,GSM8562999_Naive1_filtered_matrix.mtx.gz,L244706,4
GSM8562999:CATCCCAAGGGCAGAG,Naive1,GSM8562999,L227975,1.0,CATCCCAAGGGCAGAG-1,678,GSM8562999_Naive1_filtered_matrix.mtx.gz,L227975,1
GSM8562999:CATCCCAAGTCAGAGC,Naive1,GSM8562999,L123574,1.0,CATCCCAAGTCAGAGC-1,680,GSM8562999_Naive1_filtered_matrix.mtx.gz,L123574,4
GSM8562999:CATCCCAGTAGGACTG,Naive1,GSM8562999,L167950,1.0,CATCCCAGTAGGACTG-1,681,GSM8562999_Naive1_filtered_matrix.mtx.gz,L167950,3
GSM8562999:CATCCGTCAACCTAAC,Naive1,GSM8562999,L237845,1.0,CATCCGTCAACCTAAC-1,684,GSM8562999_Naive1_filtered_matrix.mtx.gz,L237845,2
GSM8562999:CATCGCTAGGTGAGAA,Naive1,GSM8562999,L268666,1.0,CATCGCTAGGTGAGAA-1,685,GSM8562999_Naive1_filtered_matrix.mtx.gz,L268666,0
GSM8562999:CATCGCTTCGCAGTTA,Naive1,GSM8562999,L119834,1.0,CATCGCTTCGCAGTTA-1,686,GSM8562999_Naive1_filtered_matrix.mtx.gz,L119834,0
GSM8562999:CATCGGGCAAGTGGTG,Naive1,GSM8562999,L199024,1.0,CATCGGGCAAGTGGTG-1,687,GSM8562999_Naive1_filtered_matrix.mtx.gz,L199024,0
GSM8562999:CATCGGGTCGCACTCT,Naive1,GSM8562999,L59420,1.0,CATCGGGTCGCACTCT-1,689,GSM8562999_Naive1_filtered_matrix.mtx.gz,L59420,0
GSM8562999:CATCGGGTCGGTCTAA,Naive1,GSM8562999,L249999,1.0,CATCGGGTCGGTCTAA-1,690,GSM8562999_Naive1_filtered_matrix.mtx.gz,L249999,3
GSM8562999:CATCGTCAGACCCGCT,Naive1,GSM8562999,L195483,1.0,CATCGTCAGACCCGCT-1,691,GSM8562999_Naive1_filtered_matrix.mtx.gz,L195483,2
GSM8562999:CATGAGTGTGAGTTGG,Naive1,GSM8562999,L152903,1.0,CATGAGTGTGAGTTGG-1,693,GSM8562999_Naive1_filtered_matrix.mtx.gz,L152903,2
GSM8562999:CATGAGTTCCCATAAG,Naive1,GSM8562999,L188153,1.0,CATGAGTTCCCATAAG-1,694,GSM8562999_Naive1_filtered_matrix.mtx.gz,L188153,3
GSM8562999:CATGAGTTCTCGTGGG,Naive1,GSM8562999,L98246,1.0,CATGAGTTCTCGTGGG-1,695,GSM8562999_Naive1_filtered_matrix.mtx.gz,L98246,3
GSM8562999:CATGCAAAGACGCATG,Naive1,GSM8562999,L229494,1.0,CATGCAAAGACGCATG-1,696,GSM8562999_Naive1_filtered_matrix.mtx.gz,L229494,1
GSM8562999:CATGCCTAGATCACTC,Naive1,GSM8562999,L212929,1.0,CATGCCTAGATCACTC-1,697,GSM8562999_Naive1_filtered_matrix.mtx.gz,L212929,4
GSM8562999:CATGCCTAGATTAGAC,Naive1,GSM8562999,L98471,1.0,CATGCCTAGATTAGAC-1,698,GSM8562999_Naive1_filtered_matrix.mtx.gz,L98471,2
GSM8562999:CATGCCTTCAGCAGAG,Naive1,GSM8562999,L231623,1.0,CATGCCTTCAGCAGAG-1,699,GSM8562999_Naive1_filtered_matrix.mtx.gz,L231623,3
GSM8562999:CATGCGGTCTCAACCC,Naive1,GSM8562999,L31111,1.0,CATGCGGTCTCAACCC-1,701,GSM8562999_Naive1_filtered_matrix.mtx.gz,L31111,3
GSM8562999:CATGCTCAGGCTAGCA,Naive1,GSM8562999,L19489,1.0,CATGCTCAGGCTAGCA-1,702,GSM8562999_Naive1_filtered_matrix.mtx.gz,L19489,0
GSM8562999:CATGCTCTCTACTGAG,Naive1,GSM8562999,L149354,1.0,CATGCTCTCTACTGAG-1,704,GSM8562999_Naive1_filtered_matrix.mtx.gz,L149354,1
GSM8562999:CATGGATCACGACGTC,Naive1,GSM8562999,L242834,1.0,CATGGATCACGACGTC-1,705,GSM8562999_Naive1_filtered_matrix.mtx.gz,L242834,4
GSM8562999:CATGGATGTAAGCTCT,Naive1,GSM8562999,L229874,1.0,CATGGATGTAAGCTCT-1,706,GSM8562999_Naive1_filtered_matrix.mtx.gz,L229874,1
GSM8562999:CATGGTAAGCACTTTG,Naive1,GSM8562999,L54918,1.0,CATGGTAAGCACTTTG-1,707,GSM8562999_Naive1_filtered_matrix.mtx.gz,L54918,1
GSM8562999:CATTCATGTTACGCCG,Naive1,GSM8562999,L38608,1.0,CATTCATGTTACGCCG-1,709,GSM8562999_Naive1_filtered_matrix.mtx.gz,L38608,4
GSM8562999:CATTCCGCACCTGATA,Naive1,GSM8562999,L173296,1.0,CATTCCGCACCTGATA-1,710,GSM8562999_Naive1_filtered_matrix.mtx.gz,L173296,1
GSM8562999:CATTCTAAGACGCCAA,Naive1,GSM8562999,L305830,1.0,CATTCTAAGACGCCAA-1,712,GSM8562999_Naive1_filtered_matrix.mtx.gz,L305830,0
GSM8562999:CATTGCCGTGCCTGCA,Naive1,GSM8562999,L15407,1.0,CATTGCCGTGCCTGCA-1,714,GSM8562999_Naive1_filtered_matrix.mtx.gz,L15407,3
GSM8562999:CATTGTTAGTAAACTG,Naive1,GSM8562999,L274951,1.0,CATTGTTAGTAAACTG-1,715,GSM8562999_Naive1_filtered_matrix.mtx.gz,L274951,3
GSM8562999:CATTGTTCAGAACTCT,Naive1,GSM8562999,L205402,1.0,CATTGTTCAGAACTCT-1,716,GSM8562999_Naive1_filtered_matrix.mtx.gz,L205402,2
GSM8562999:CATTGTTGTAAGTAGT,Naive1,GSM8562999,L23121,1.0,CATTGTTGTAAGTAGT-1,717,GSM8562999_Naive1_filtered_matrix.mtx.gz,L23121,1
GSM8562999:CATTGTTGTGCCTTTC,Naive1,GSM8562999,L85031,1.0,CATTGTTGTGCCTTTC-1,718,GSM8562999_Naive1_filtered_matrix.mtx.gz,L85031,0
GSM8562999:CCAATGATCTGAGAGG,Naive1,GSM8562999,L322120,1.0,CCAATGATCTGAGAGG-1,722,GSM8562999_Naive1_filtered_matrix.mtx.gz,L322120,3
GSM8562999:CCAATTTCAGCCGTCA,Naive1,GSM8562999,L51669,1.0,CCAATTTCAGCCGTCA-1,725,GSM8562999_Naive1_filtered_matrix.mtx.gz,L51669,4
GSM8562999:CCAATTTGTTAAGTCC,Naive1,GSM8562999,L302757,0.995273,CCAATTTGTTAAGTCC-1,728,GSM8562999_Naive1_filtered_matrix.mtx.gz,L302757,0
GSM8562999:CCACAAAAGGCGTTAG,Naive1,GSM8562999,L247066,1.0,CCACAAAAGGCGTTAG-1,729,GSM8562999_Naive1_filtered_matrix.mtx.gz,L247066,2
GSM8562999:CCACAAATCCACTTTA,Naive1,GSM8562999,L7120,1.0,CCACAAATCCACTTTA-1,730,GSM8562999_Naive1_filtered_matrix.mtx.gz,L7120,3
GSM8562999:CCACACTAGTCTCCTC,Naive1,GSM8562999,L152330,1.0,CCACACTAGTCTCCTC-1,732,GSM8562999_Naive1_filtered_matrix.mtx.gz,L152330,3
GSM8562999:CCACACTGTCCGTACG,Naive1,GSM8562999,L303918,1.0,CCACACTGTCCGTACG-1,734,GSM8562999_Naive1_filtered_matrix.mtx.gz,L303918,0
GSM8562999:CCACACTTCATGAGTC,Naive1,GSM8562999,L149354,1.0,CCACACTTCATGAGTC-1,735,GSM8562999_Naive1_filtered_matrix.mtx.gz,L149354,1
GSM8562999:CCACGAGAGAGGATGA,Naive1,GSM8562999,L196405,1.0,CCACGAGAGAGGATGA-1,737,GSM8562999_Naive1_filtered_matrix.mtx.gz,L196405,1
GSM8562999:CCACGAGCAAGTTTGC,Naive1,GSM8562999,L124052,1.0,CCACGAGCAAGTTTGC-1,738,GSM8562999_Naive1_filtered_matrix.mtx.gz,L124052,4
GSM8562999:CCACGTTCACAACGTT,Naive1,GSM8562999,L92536,0.996891,CCACGTTCACAACGTT-1,740,GSM8562999_Naive1_filtered_matrix.mtx.gz,L92536,1
GSM8562999:CCACTTGTCAGGACGA,Naive1,GSM8562999,L31852,1.0,CCACTTGTCAGGACGA-1,741,GSM8562999_Naive1_filtered_matrix.mtx.gz,L31852,2
GSM8562999:CCATAAGAGCAACAAT,Naive1,GSM8562999,L40629,1.0,CCATAAGAGCAACAAT-1,742,GSM8562999_Naive1_filtered_matrix.mtx.gz,L40629,4
GSM8562999:CCCATTGCAATCAAGA,Naive1,GSM8562999,L87366,1.0,CCCATTGCAATCAAGA-1,744,GSM8562999_Naive1_filtered_matrix.mtx.gz,L87366,3
GSM8562999:CCCATTGCAGTCACGC,Naive1,GSM8562999,L84060,1.0,CCCATTGCAGTCACGC-1,745,GSM8562999_Naive1_filtered_matrix.mtx.gz,L84060,4
GSM8562999:CCCATTGTCCATAGGT,Naive1,GSM8562999,L215362,1.0,CCCATTGTCCATAGGT-1,747,GSM8562999_Naive1_filtered_matrix.mtx.gz,L215362,2
GSM8562999:CCCATTGTCCGGCAAC,Naive1,GSM8562999,L302652,1.0,CCCATTGTCCGGCAAC-1,748,GSM8562999_Naive1_filtered_matrix.mtx.gz,L302652,2
GSM8562999:CCCGGAAAGGCAGCTA,Naive1,GSM8562999,L31856,1.0,CCCGGAAAGGCAGCTA-1,752,GSM8562999_Naive1_filtered_matrix.mtx.gz,L31856,4
GSM8562999:CCCGGAAAGTTGTAGA,Naive1,GSM8562999,L300084,1.0,CCCGGAAAGTTGTAGA-1,753,GSM8562999_Naive1_filtered_matrix.mtx.gz,L300084,1
GSM8562999:CCCGGAACAATCTCTT,Naive1,GSM8562999,L166657,1.0,CCCGGAACAATCTCTT-1,754,GSM8562999_Naive1_filtered_matrix.mtx.gz,L166657,3
GSM8562999:CCCGGAAGTGCGTGCT,Naive1,GSM8562999,L331210,1.0,CCCGGAAGTGCGTGCT-1,755,GSM8562999_Naive1_filtered_matrix.mtx.gz,L331210,0
GSM8562999:CCCTAACTCACGATCA,Naive1,GSM8562999,L167950,1.0,CCCTAACTCACGATCA-1,757,GSM8562999_Naive1_filtered_matrix.mtx.gz,L167950,3
GSM8562999:CCCTCAACACACTTAG,Naive1,GSM8562999,L6369,1.0,CCCTCAACACACTTAG-1,758,GSM8562999_Naive1_filtered_matrix.mtx.gz,L6369,4
GSM8562999:CCCTCTCAGTCCCGGT,Naive1,GSM8562999,L322777,1.0,CCCTCTCAGTCCCGGT-1,759,GSM8562999_Naive1_filtered_matrix.mtx.gz,L322777,4
GSM8562999:CCCTCTCAGTTCCGTA,Naive1,GSM8562999,L88461,1.0,CCCTCTCAGTTCCGTA-1,760,GSM8562999_Naive1_filtered_matrix.mtx.gz,L88461,3
GSM8562999:CCCTCTCCAGATTTCG,Naive1,GSM8562999,L116189,1.0,CCCTCTCCAGATTTCG-1,761,GSM8562999_Naive1_filtered_matrix.mtx.gz,L116189,3
GSM8562999:CCCTCTCGTATGAGAT,Naive1,GSM8562999,L212295,1.0,CCCTCTCGTATGAGAT-1,762,GSM8562999_Naive1_filtered_matrix.mtx.gz,L212295,0
GSM8562999:CCCTGATGTAGGCAAC,Naive1,GSM8562999,L135709,1.0,CCCTGATGTAGGCAAC-1,764,GSM8562999_Naive1_filtered_matrix.mtx.gz,L135709,3
GSM8562999:CCCTTAGGTACCATAC,Naive1,GSM8562999,L13818,1.0,CCCTTAGGTACCATAC-1,765,GSM8562999_Naive1_filtered_matrix.mtx.gz,L13818,3
GSM8562999:CCGAACGAGTTAACAG,Naive1,GSM8562999,L149376,1.0,CCGAACGAGTTAACAG-1,768,GSM8562999_Naive1_filtered_matrix.mtx.gz,L149376,0
GSM8562999:CCGAACGGTGGGTTGA,Naive1,GSM8562999,L82979,1.0,CCGAACGGTGGGTTGA-1,769,GSM8562999_Naive1_filtered_matrix.mtx.gz,L82979,2
GSM8562999:CCGATGGAGGATGAGA,Naive1,GSM8562999,L31856,1.0,CCGATGGAGGATGAGA-1,772,GSM8562999_Naive1_filtered_matrix.mtx.gz,L31856,4
GSM8562999:CCGGACACAACACTAC,Naive1,GSM8562999,L237845,1.0,CCGGACACAACACTAC-1,777,GSM8562999_Naive1_filtered_matrix.mtx.gz,L237845,2
GSM8562999:CCGGTAGAGAAATTGC,Naive1,GSM8562999,L278604,1.0,CCGGTAGAGAAATTGC-1,778,GSM8562999_Naive1_filtered_matrix.mtx.gz,L278604,2
GSM8562999:CCGGTAGCAGATCATC,Naive1,GSM8562999,L224816,1.0,CCGGTAGCAGATCATC-1,779,GSM8562999_Naive1_filtered_matrix.mtx.gz,L224816,2
GSM8562999:CCGGTAGGTGCGGATA,Naive1,GSM8562999,L204112,1.0,CCGGTAGGTGCGGATA-1,780,GSM8562999_Naive1_filtered_matrix.mtx.gz,L204112,1
GSM8562999:CCGTAGGCATTGCCTC,Naive1,GSM8562999,L305688,1.0,CCGTAGGCATTGCCTC-1,782,GSM8562999_Naive1_filtered_matrix.mtx.gz,L305688,3
GSM8562999:CCGTAGGTCCCAATAG,Naive1,GSM8562999,L49477,1.0,CCGTAGGTCCCAATAG-1,784,GSM8562999_Naive1_filtered_matrix.mtx.gz,L49477,4
GSM8562999:CCGTGAGAGAATCGTA,Naive1,GSM8562999,L161977,0.996651,CCGTGAGAGAATCGTA-1,787,GSM8562999_Naive1_filtered_matrix.mtx.gz,L161977,0
GSM8562999:CCGTGAGAGAGTACCG,Naive1,GSM8562999,L137611,1.0,CCGTGAGAGAGTACCG-1,789,GSM8562999_Naive1_filtered_matrix.mtx.gz,L137611,4
GSM8562999:CCGTGAGGTGACGCCT,Naive1,GSM8562999,L166707,1.0,CCGTGAGGTGACGCCT-1,790,GSM8562999_Naive1_filtered_matrix.mtx.gz,L166707,1
GSM8562999:CCGTTCACAACGATTC,Naive1,GSM8562999,L251719,1.0,CCGTTCACAACGATTC-1,792,GSM8562999_Naive1_filtered_matrix.mtx.gz,L251719,2
GSM8562999:CCGTTCATCCATTGGA,Naive1,GSM8562999,L21177,1.0,CCGTTCATCCATTGGA-1,794,GSM8562999_Naive1_filtered_matrix.mtx.gz,L21177,0
GSM8562999:CCGTTCATCCCTCTAG,Naive1,GSM8562999,L303910,1.0,CCGTTCATCCCTCTAG-1,795,GSM8562999_Naive1_filtered_matrix.mtx.gz,L303910,0
GSM8562999:CCTAACCAGACCATTC,Naive1,GSM8562999,L167950,1.0,CCTAACCAGACCATTC-1,797,GSM8562999_Naive1_filtered_matrix.mtx.gz,L167950,3
GSM8562999:CCTAACCAGGATGAGA,Naive1,GSM8562999,L13818,1.0,CCTAACCAGGATGAGA-1,798,GSM8562999_Naive1_filtered_matrix.mtx.gz,L13818,3
GSM8562999:CCTAACCGTGTCCGGT,Naive1,GSM8562999,L98475,1.0,CCTAACCGTGTCCGGT-1,799,GSM8562999_Naive1_filtered_matrix.mtx.gz,L98475,0
GSM8562999:CCTACGTGTACGTGAG,Naive1,GSM8562999,L325741,1.0,CCTACGTGTACGTGAG-1,801,GSM8562999_Naive1_filtered_matrix.mtx.gz,L325741,0
GSM8562999:CCTACGTTCTTGAACG,Naive1,GSM8562999,L153469,1.0,CCTACGTTCTTGAACG-1,803,GSM8562999_Naive1_filtered_matrix.mtx.gz,L153469,3
GSM8562999:CCTATCGAGAGCAGTC,Naive1,GSM8562999,L229874,1.0,CCTATCGAGAGCAGTC-1,804,GSM8562999_Naive1_filtered_matrix.mtx.gz,L229874,1
GSM8562999:CCTATCGGTACCTAAC,Naive1,GSM8562999,L10299,1.0,CCTATCGGTACCTAAC-1,805,GSM8562999_Naive1_filtered_matrix.mtx.gz,L10299,3
GSM8562999:CCTCAACAGATCGGTG,Naive1,GSM8562999,L303918,1.0,CCTCAACAGATCGGTG-1,806,GSM8562999_Naive1_filtered_matrix.mtx.gz,L303918,0
GSM8562999:CCTCACAGTTCTTGTT,Naive1,GSM8562999,L215117,1.0,CCTCACAGTTCTTGTT-1,808,GSM8562999_Naive1_filtered_matrix.mtx.gz,L215117,0
GSM8562999:CCTCAGTCAAGACGGT,Naive1,GSM8562999,L263517,1.0,CCTCAGTCAAGACGGT-1,812,GSM8562999_Naive1_filtered_matrix.mtx.gz,L263517,2
GSM8562999:CCTCAGTCAGCTGAAG,Naive1,GSM8562999,L241540,1.0,CCTCAGTCAGCTGAAG-1,813,GSM8562999_Naive1_filtered_matrix.mtx.gz,L241540,2
GSM8562999:CCTCAGTCATACCATG,Naive1,GSM8562999,L56999,1.0,CCTCAGTCATACCATG-1,814,GSM8562999_Naive1_filtered_matrix.mtx.gz,L56999,0
GSM8562999:CCTCAGTGTACTCCCT,Naive1,GSM8562999,L211840,1.0,CCTCAGTGTACTCCCT-1,815,GSM8562999_Naive1_filtered_matrix.mtx.gz,L211840,1
GSM8562999:CCTCAGTTCTTGATTC,Naive1,GSM8562999,L274951,1.0,CCTCAGTTCTTGATTC-1,816,GSM8562999_Naive1_filtered_matrix.mtx.gz,L274951,3
GSM8562999:CCTCATGCATCGCTAA,Naive1,GSM8562999,L161977,1.0,CCTCATGCATCGCTAA-1,817,GSM8562999_Naive1_filtered_matrix.mtx.gz,L161977,0
GSM8562999:CCTCATGGTGATAGTA,Naive1,GSM8562999,L54153,1.0,CCTCATGGTGATAGTA-1,818,GSM8562999_Naive1_filtered_matrix.mtx.gz,L54153,2
GSM8562999:CCTCCTCAGCTCGTGC,Naive1,GSM8562999,L264962,1.0,CCTCCTCAGCTCGTGC-1,820,GSM8562999_Naive1_filtered_matrix.mtx.gz,L264962,3
GSM8562999:CCTCCTCGTAGTAAGT,Naive1,GSM8562999,L99904,1.0,CCTCCTCGTAGTAAGT-1,822,GSM8562999_Naive1_filtered_matrix.mtx.gz,L99904,0
GSM8562999:CCTCTCCCATTGCTTT,Naive1,GSM8562999,L37973,1.0,CCTCTCCCATTGCTTT-1,826,GSM8562999_Naive1_filtered_matrix.mtx.gz,L37973,4
GSM8562999:CCTCTCCGTAGCGTAG,Naive1,GSM8562999,L124052,1.0,CCTCTCCGTAGCGTAG-1,827,GSM8562999_Naive1_filtered_matrix.mtx.gz,L124052,4
GSM8562999:CCTTTGGCACACCGAC,Naive1,GSM8562999,L31852,1.0,CCTTTGGCACACCGAC-1,831,GSM8562999_Naive1_filtered_matrix.mtx.gz,L31852,2
GSM8562999:CGAAGGAAGCATGAAT,Naive1,GSM8562999,L194820,1.0,CGAAGGAAGCATGAAT-1,832,GSM8562999_Naive1_filtered_matrix.mtx.gz,L194820,2
GSM8562999:CGAAGTTCAATGTTGC,Naive1,GSM8562999,L132063,1.0,CGAAGTTCAATGTTGC-1,834,GSM8562999_Naive1_filtered_matrix.mtx.gz,L132063,2
GSM8562999:CGACAGCAGCTGCGAA,Naive1,GSM8562999,L112164,1.0,CGACAGCAGCTGCGAA-1,835,GSM8562999_Naive1_filtered_matrix.mtx.gz,L112164,2
GSM8562999:CGACAGCCAGTGGCTC,Naive1,GSM8562999,L66564,1.0,CGACAGCCAGTGGCTC-1,836,GSM8562999_Naive1_filtered_matrix.mtx.gz,L66564,1
GSM8562999:CGAGAAGAGTCCGCCA,Naive1,GSM8562999,L242237,1.0,CGAGAAGAGTCCGCCA-1,838,GSM8562999_Naive1_filtered_matrix.mtx.gz,L242237,4
GSM8562999:CGAGAAGCACACTTAG,Naive1,GSM8562999,L107403,1.0,CGAGAAGCACACTTAG-1,840,GSM8562999_Naive1_filtered_matrix.mtx.gz,L107403,0
GSM8562999:CGAGAAGCACTATCGA,Naive1,GSM8562999,L124052,1.0,CGAGAAGCACTATCGA-1,841,GSM8562999_Naive1_filtered_matrix.mtx.gz,L124052,4
GSM8562999:CGAGAAGTCGCGGACT,Naive1,GSM8562999,L146976,1.0,CGAGAAGTCGCGGACT-1,843,GSM8562999_Naive1_filtered_matrix.mtx.gz,L146976,2
GSM8562999:CGAGGCTAGACATATG,Naive1,GSM8562999,L2779,1.0,CGAGGCTAGACATATG-1,846,GSM8562999_Naive1_filtered_matrix.mtx.gz,L2779,4
GSM8562999:CGAGGCTAGCCATTGT,Naive1,GSM8562999,L152330,1.0,CGAGGCTAGCCATTGT-1,847,GSM8562999_Naive1_filtered_matrix.mtx.gz,L152330,3
GSM8562999:CGAGGCTGTATTGGCT,Naive1,GSM8562999,L152330,1.0,CGAGGCTGTATTGGCT-1,849,GSM8562999_Naive1_filtered_matrix.mtx.gz,L152330,3
GSM8562999:CGAGGCTGTCTCGCGA,Naive1,GSM8562999,L129976,1.0,CGAGGCTGTCTCGCGA-1,850,GSM8562999_Naive1_filtered_matrix.mtx.gz,L129976,2
GSM8562999:CGAGTTAAGACTGAGC,Naive1,GSM8562999,L212929,1.0,CGAGTTAAGACTGAGC-1,852,GSM8562999_Naive1_filtered_matrix.mtx.gz,L212929,4
GSM8562999:CGATCGGGTTGCTCGG,Naive1,GSM8562999,L31872,1.0,CGATCGGGTTGCTCGG-1,855,GSM8562999_Naive1_filtered_matrix.mtx.gz,L31872,4
GSM8562999:CGATCGGTCTGACGCG,Naive1,GSM8562999,L84351,1.0,CGATCGGTCTGACGCG-1,856,GSM8562999_Naive1_filtered_matrix.mtx.gz,L84351,3
GSM8562999:CGATGCGAGTACAGAT,Naive1,GSM8562999,L98475,1.0,CGATGCGAGTACAGAT-1,857,GSM8562999_Naive1_filtered_matrix.mtx.gz,L98475,0
GSM8562999:CGATGCGCAGTCGGTC,Naive1,GSM8562999,L255411,0.997345,CGATGCGCAGTCGGTC-1,858,GSM8562999_Naive1_filtered_matrix.mtx.gz,L255411,2
GSM8562999:CGATGGCCACCGTCGA,Naive1,GSM8562999,L314894,1.0,CGATGGCCACCGTCGA-1,861,GSM8562999_Naive1_filtered_matrix.mtx.gz,L314894,1
GSM8562999:CGATGGCGTCCACATA,Naive1,GSM8562999,L112548,1.0,CGATGGCGTCCACATA-1,863,GSM8562999_Naive1_filtered_matrix.mtx.gz,L112548,0
GSM8562999:CGATGGCGTTTCGTTT,Naive1,GSM8562999,L113820,1.0,CGATGGCGTTTCGTTT-1,864,GSM8562999_Naive1_filtered_matrix.mtx.gz,L113820,1
GSM8562999:CGCAGGTCAATACCCA,Naive1,GSM8562999,L271521,1.0,CGCAGGTCAATACCCA-1,866,GSM8562999_Naive1_filtered_matrix.mtx.gz,L271521,4
GSM8562999:CGCAGGTGTTCTCACC,Naive1,GSM8562999,L12904,1.0,CGCAGGTGTTCTCACC-1,868,GSM8562999_Naive1_filtered_matrix.mtx.gz,L12904,3
GSM8562999:CGCAGGTTCCTACGAA,Naive1,GSM8562999,L33701,1.0,CGCAGGTTCCTACGAA-1,869,GSM8562999_Naive1_filtered_matrix.mtx.gz,L33701,3
GSM8562999:CGCATAAAGCGTCGAA,Naive1,GSM8562999,L48487,1.0,CGCATAAAGCGTCGAA-1,870,GSM8562999_Naive1_filtered_matrix.mtx.gz,L48487,1
GSM8562999:CGCATAATCTCTCAAT,Naive1,GSM8562999,L204285,1.0,CGCATAATCTCTCAAT-1,871,GSM8562999_Naive1_filtered_matrix.mtx.gz,L204285,3
GSM8562999:CGCCAGACAATTTCCT,Naive1,GSM8562999,L197414,1.0,CGCCAGACAATTTCCT-1,872,GSM8562999_Naive1_filtered_matrix.mtx.gz,L197414,1
GSM8562999:CGCCATTAGAATGTTG,Naive1,GSM8562999,L54250,1.0,CGCCATTAGAATGTTG-1,873,GSM8562999_Naive1_filtered_matrix.mtx.gz,L54250,4
GSM8562999:CGCCATTCAACCGATT,Naive1,GSM8562999,L56535,0.996891,CGCCATTCAACCGATT-1,874,GSM8562999_Naive1_filtered_matrix.mtx.gz,L56535,2
GSM8562999:CGCCATTCATATGGCT,Naive1,GSM8562999,L3161,0.50605,CGCCATTCATATGGCT-1,875,GSM8562999_Naive1_filtered_matrix.mtx.gz,L3161,1
GSM8562999:CGCCATTGTTTCTTAC,Naive1,GSM8562999,L290279,1.0,CGCCATTGTTTCTTAC-1,877,GSM8562999_Naive1_filtered_matrix.mtx.gz,L290279,2
GSM8562999:CGCGTGACACATACTG,Naive1,GSM8562999,L6369,0.982954,CGCGTGACACATACTG-1,879,GSM8562999_Naive1_filtered_matrix.mtx.gz,L6369,4
GSM8562999:CGCGTGATCGGTGTAT,Naive1,GSM8562999,L16603,1.0,CGCGTGATCGGTGTAT-1,882,GSM8562999_Naive1_filtered_matrix.mtx.gz,L16603,0
GSM8562999:CGGACACGTCGAGCAA,Naive1,GSM8562999,L227359,1.0,CGGACACGTCGAGCAA-1,886,GSM8562999_Naive1_filtered_matrix.mtx.gz,L227359,0
GSM8562999:CGGACACTCCCTCATG,Naive1,GSM8562999,L40629,1.0,CGGACACTCCCTCATG-1,887,GSM8562999_Naive1_filtered_matrix.mtx.gz,L40629,4
GSM8562999:CGGACACTCCCTCGTA,Naive1,GSM8562999,L167176,1.0,CGGACACTCCCTCGTA-1,888,GSM8562999_Naive1_filtered_matrix.mtx.gz,L167176,3
GSM8562999:CGGAGAAGTAACTAAG,Naive1,GSM8562999,L273673,1.0,CGGAGAAGTAACTAAG-1,889,GSM8562999_Naive1_filtered_matrix.mtx.gz,L273673,4
GSM8562999:CGGCAGTAGATACGAT,Naive1,GSM8562999,L305830,1.0,CGGCAGTAGATACGAT-1,890,GSM8562999_Naive1_filtered_matrix.mtx.gz,L305830,0
GSM8562999:CGGGACTAGAGTGTGC,Naive1,GSM8562999,L23858,1.0,CGGGACTAGAGTGTGC-1,891,GSM8562999_Naive1_filtered_matrix.mtx.gz,L23858,1
GSM8562999:CGGGACTGTTGAGAGC,Naive1,GSM8562999,L6043,1.0,CGGGACTGTTGAGAGC-1,892,GSM8562999_Naive1_filtered_matrix.mtx.gz,L6043,1
GSM8562999:CGGGCATGTGGGCTTC,Naive1,GSM8562999,L31852,1.0,CGGGCATGTGGGCTTC-1,894,GSM8562999_Naive1_filtered_matrix.mtx.gz,L31852,2
GSM8562999:CGGGCATTCCTATTTG,Naive1,GSM8562999,L153469,1.0,CGGGCATTCCTATTTG-1,895,GSM8562999_Naive1_filtered_matrix.mtx.gz,L153469,3
GSM8562999:CGGGTCAAGACGACTG,Naive1,GSM8562999,L177128,1.0,CGGGTCAAGACGACTG-1,896,GSM8562999_Naive1_filtered_matrix.mtx.gz,L177128,3
GSM8562999:CGGGTCACATTCGATG,Naive1,GSM8562999,L124049,1.0,CGGGTCACATTCGATG-1,898,GSM8562999_Naive1_filtered_matrix.mtx.gz,L124049,3
GSM8562999:CGGGTCAGTAGGTAGC,Naive1,GSM8562999,L229269,1.0,CGGGTCAGTAGGTAGC-1,899,GSM8562999_Naive1_filtered_matrix.mtx.gz,L229269,2
GSM8562999:CGGGTGTGTGTACGCC,Naive1,GSM8562999,L224816,1.0,CGGGTGTGTGTACGCC-1,901,GSM8562999_Naive1_filtered_matrix.mtx.gz,L224816,2
GSM8562999:CGGTCAGAGGATGAGA,Naive1,GSM8562999,L180119,1.0,CGGTCAGAGGATGAGA-1,903,GSM8562999_Naive1_filtered_matrix.mtx.gz,L180119,1
GSM8562999:CGGTCAGCAAACTGCT,Naive1,GSM8562999,L165222,1.0,CGGTCAGCAAACTGCT-1,904,GSM8562999_Naive1_filtered_matrix.mtx.gz,L165222,0
GSM8562999:CGGTCAGGTGAGAACC,Naive1,GSM8562999,L49199,1.0,CGGTCAGGTGAGAACC-1,905,GSM8562999_Naive1_filtered_matrix.mtx.gz,L49199,1
GSM8562999:CGGTCAGGTTTACCAG,Naive1,GSM8562999,L240104,1.0,CGGTCAGGTTTACCAG-1,906,GSM8562999_Naive1_filtered_matrix.mtx.gz,L240104,3
GSM8562999:CGTAATGCAGTTCTAG,Naive1,GSM8562999,L199024,1.0,CGTAATGCAGTTCTAG-1,909,GSM8562999_Naive1_filtered_matrix.mtx.gz,L199024,0
GSM8562999:CGTAATGGTACAAACA,Naive1,GSM8562999,L320444,1.0,CGTAATGGTACAAACA-1,910,GSM8562999_Naive1_filtered_matrix.mtx.gz,L320444,2
GSM8562999:CGTAGTAAGTATAGAC,Naive1,GSM8562999,L192615,1.0,CGTAGTAAGTATAGAC-1,912,GSM8562999_Naive1_filtered_matrix.mtx.gz,L192615,2
GSM8562999:CGTAGTACAGACGATG,Naive1,GSM8562999,L239228,1.0,CGTAGTACAGACGATG-1,913,GSM8562999_Naive1_filtered_matrix.mtx.gz,L239228,2
GSM8562999:CGTAGTAGTAAGCGGT,Naive1,GSM8562999,L328955,1.0,CGTAGTAGTAAGCGGT-1,914,GSM8562999_Naive1_filtered_matrix.mtx.gz,L328955,3
GSM8562999:CGTAGTAGTGTGTTTG,Naive1,GSM8562999,L246037,1.0,CGTAGTAGTGTGTTTG-1,915,GSM8562999_Naive1_filtered_matrix.mtx.gz,L246037,2
GSM8562999:CGTCAAAAGCCTAACT,Naive1,GSM8562999,L292133,1.0,CGTCAAAAGCCTAACT-1,917,GSM8562999_Naive1_filtered_matrix.mtx.gz,L292133,1
GSM8562999:CGTCCATGTAGAGTTA,Naive1,GSM8562999,L169592,1.0,CGTCCATGTAGAGTTA-1,919,GSM8562999_Naive1_filtered_matrix.mtx.gz,L169592,0
GSM8562999:CGTCCATGTCACTACA,Naive1,GSM8562999,L131755,1.0,CGTCCATGTCACTACA-1,920,GSM8562999_Naive1_filtered_matrix.mtx.gz,L131755,3
GSM8562999:CGTCCATTCGCGAAGA,Naive1,GSM8562999,L82979,1.0,CGTCCATTCGCGAAGA-1,921,GSM8562999_Naive1_filtered_matrix.mtx.gz,L82979,2
GSM8562999:CGTGAATTCACAAGGG,Naive1,GSM8562999,L292268,1.0,CGTGAATTCACAAGGG-1,923,GSM8562999_Naive1_filtered_matrix.mtx.gz,L292268,4
GSM8562999:CGTGATAAGGTTGGTG,Naive1,GSM8562999,L112164,1.0,CGTGATAAGGTTGGTG-1,924,GSM8562999_Naive1_filtered_matrix.mtx.gz,L112164,2
GSM8562999:CGTGATACATTCGATG,Naive1,GSM8562999,L244886,0.999999,CGTGATACATTCGATG-1,925,GSM8562999_Naive1_filtered_matrix.mtx.gz,L244886,4
GSM8562999:CGTGATAGTATCGGTT,Naive1,GSM8562999,L129541,1.0,CGTGATAGTATCGGTT-1,926,GSM8562999_Naive1_filtered_matrix.mtx.gz,L129541,2
GSM8562999:CGTGCTTCATCAGTCA,Naive1,GSM8562999,L294380,1.0,CGTGCTTCATCAGTCA-1,927,GSM8562999_Naive1_filtered_matrix.mtx.gz,L294380,3
GSM8562999:CGTGCTTTCTCCGAAA,Naive1,GSM8562999,L329364,1.0,CGTGCTTTCTCCGAAA-1,929,GSM8562999_Naive1_filtered_matrix.mtx.gz,L329364,0
GSM8562999:CGTTCTGTCTACTTCA,Naive1,GSM8562999,L106945,1.0,CGTTCTGTCTACTTCA-1,931,GSM8562999_Naive1_filtered_matrix.mtx.gz,L106945,4
GSM8562999:CGTTGGGAGTGCAACG,Naive1,GSM8562999,L305830,1.0,CGTTGGGAGTGCAACG-1,932,GSM8562999_Naive1_filtered_matrix.mtx.gz,L305830,0
GSM8562999:CGTTGGGCAAGTGGGT,Naive1,GSM8562999,L40629,1.0,CGTTGGGCAAGTGGGT-1,933,GSM8562999_Naive1_filtered_matrix.mtx.gz,L40629,4
GSM8562999:CGTTGGGTCCCAGGCA,Naive1,GSM8562999,L21177,1.0,CGTTGGGTCCCAGGCA-1,935,GSM8562999_Naive1_filtered_matrix.mtx.gz,L21177,0
GSM8562999:CTAACCCGTATCAGCT,Naive1,GSM8562999,L196980,1.0,CTAACCCGTATCAGCT-1,940,GSM8562999_Naive1_filtered_matrix.mtx.gz,L196980,3
GSM8562999:CTAACCCTCTTTCAGT,Naive1,GSM8562999,L55974,1.0,CTAACCCTCTTTCAGT-1,941,GSM8562999_Naive1_filtered_matrix.mtx.gz,L55974,3
GSM8562999:CTAACTTAGTAGTGCG,Naive1,GSM8562999,L98634,1.0,CTAACTTAGTAGTGCG-1,942,GSM8562999_Naive1_filtered_matrix.mtx.gz,L98634,2
GSM8562999:CTAAGTGAGTCGCCAC,Naive1,GSM8562999,L88932,1.0,CTAAGTGAGTCGCCAC-1,943,GSM8562999_Naive1_filtered_matrix.mtx.gz,L88932,2
GSM8562999:CTAAGTGTCAAGGCTT,Naive1,GSM8562999,L328262,1.0,CTAAGTGTCAAGGCTT-1,945,GSM8562999_Naive1_filtered_matrix.mtx.gz,L328262,2
GSM8562999:CTAAGTGTCGAGTGGA,Naive1,GSM8562999,L207711,1.0,CTAAGTGTCGAGTGGA-1,946,GSM8562999_Naive1_filtered_matrix.mtx.gz,L207711,0
GSM8562999:CTACAGATCAAACCCA,Naive1,GSM8562999,L229096,1.0,CTACAGATCAAACCCA-1,947,GSM8562999_Naive1_filtered_matrix.mtx.gz,L229096,4
GSM8562999:CTACATTGTACTGCCG,Naive1,GSM8562999,L204112,1.0,CTACATTGTACTGCCG-1,948,GSM8562999_Naive1_filtered_matrix.mtx.gz,L204112,1
GSM8562999:CTACATTTCTCGTCGT,Naive1,GSM8562999,L106119,1.0,CTACATTTCTCGTCGT-1,951,GSM8562999_Naive1_filtered_matrix.mtx.gz,L106119,1
GSM8562999:CTACCTGAGGAAGTGA,Naive1,GSM8562999,L293527,1.0,CTACCTGAGGAAGTGA-1,954,GSM8562999_Naive1_filtered_matrix.mtx.gz,L293527,3
GSM8562999:CTACCTGCAATCGCCG,Naive1,GSM8562999,L96601,1.0,CTACCTGCAATCGCCG-1,956,GSM8562999_Naive1_filtered_matrix.mtx.gz,L96601,1
GSM8562999:CTACGGGAGACAACTA,Naive1,GSM8562999,L167129,1.0,CTACGGGAGACAACTA-1,958,GSM8562999_Naive1_filtered_matrix.mtx.gz,L167129,1
GSM8562999:CTACGGGAGGTCTGGA,Naive1,GSM8562999,L231446,1.0,CTACGGGAGGTCTGGA-1,959,GSM8562999_Naive1_filtered_matrix.mtx.gz,L231446,0
GSM8562999:CTACGGGGTGGCCCAT,Naive1,GSM8562999,L15809,0.997034,CTACGGGGTGGCCCAT-1,960,GSM8562999_Naive1_filtered_matrix.mtx.gz,L15809,2
GSM8562999:CTACTATAGGTCCCTG,Naive1,GSM8562999,L266998,1.0,CTACTATAGGTCCCTG-1,961,GSM8562999_Naive1_filtered_matrix.mtx.gz,L266998,3
GSM8562999:CTAGGTACAGCTGAAG,Naive1,GSM8562999,L288451,1.0,CTAGGTACAGCTGAAG-1,963,GSM8562999_Naive1_filtered_matrix.mtx.gz,L288451,4
GSM8562999:CTAGGTATCTTAGCAG,Naive1,GSM8562999,L271069,1.0,CTAGGTATCTTAGCAG-1,966,GSM8562999_Naive1_filtered_matrix.mtx.gz,L271069,0
GSM8562999:CTATAGGGTCGTGGTC,Naive1,GSM8562999,L223068,1.0,CTATAGGGTCGTGGTC-1,967,GSM8562999_Naive1_filtered_matrix.mtx.gz,L223068,0
GSM8562999:CTATCCGAGCAGATAT,Naive1,GSM8562999,L15407,1.0,CTATCCGAGCAGATAT-1,968,GSM8562999_Naive1_filtered_matrix.mtx.gz,L15407,3
GSM8562999:CTATCCGAGTGGCAGT,Naive1,GSM8562999,L320820,1.0,CTATCCGAGTGGCAGT-1,969,GSM8562999_Naive1_filtered_matrix.mtx.gz,L320820,3
GSM8562999:CTATCTAAGCACTGGA,Naive1,GSM8562999,L322777,1.0,CTATCTAAGCACTGGA-1,970,GSM8562999_Naive1_filtered_matrix.mtx.gz,L322777,4
GSM8562999:CTATCTAAGGGTACAC,Naive1,GSM8562999,L316533,1.0,CTATCTAAGGGTACAC-1,971,GSM8562999_Naive1_filtered_matrix.mtx.gz,L316533,2
GSM8562999:CTATCTACAACGTTAC,Naive1,GSM8562999,L19489,1.0,CTATCTACAACGTTAC-1,972,GSM8562999_Naive1_filtered_matrix.mtx.gz,L19489,0
GSM8562999:CTATCTACACTACCGG,Naive1,GSM8562999,L3265,1.0,CTATCTACACTACCGG-1,973,GSM8562999_Naive1_filtered_matrix.mtx.gz,L3265,4
GSM8562999:CTATCTAGTCTGTGCG,Naive1,GSM8562999,L199313,1.0,CTATCTAGTCTGTGCG-1,974,GSM8562999_Naive1_filtered_matrix.mtx.gz,L199313,2
GSM8562999:CTCAACCTCCTCTAAT,Naive1,GSM8562999,L161977,1.0,CTCAACCTCCTCTAAT-1,976,GSM8562999_Naive1_filtered_matrix.mtx.gz,L161977,0
GSM8562999:CTCAAGAGTAGTACGG,Naive1,GSM8562999,L239228,1.0,CTCAAGAGTAGTACGG-1,978,GSM8562999_Naive1_filtered_matrix.mtx.gz,L239228,2
GSM8562999:CTCAAGAGTGAGGATC,Naive1,GSM8562999,L173296,1.0,CTCAAGAGTGAGGATC-1,979,GSM8562999_Naive1_filtered_matrix.mtx.gz,L173296,1
GSM8562999:CTCAAGATCACCCATC,Naive1,GSM8562999,L75392,1.0,CTCAAGATCACCCATC-1,980,GSM8562999_Naive1_filtered_matrix.mtx.gz,L75392,4
GSM8562999:CTCAATTAGACCATGG,Naive1,GSM8562999,L76568,1.0,CTCAATTAGACCATGG-1,981,GSM8562999_Naive1_filtered_matrix.mtx.gz,L76568,0
GSM8562999:CTCACTGGTACATACC,Naive1,GSM8562999,L116152,1.0,CTCACTGGTACATACC-1,982,GSM8562999_Naive1_filtered_matrix.mtx.gz,L116152,1
GSM8562999:CTCAGAACAAACGGCA,Naive1,GSM8562999,L161977,1.0,CTCAGAACAAACGGCA-1,983,GSM8562999_Naive1_filtered_matrix.mtx.gz,L161977,0
GSM8562999:CTCAGGGAGGAGATAG,Naive1,GSM8562999,L183531,1.0,CTCAGGGAGGAGATAG-1,984,GSM8562999_Naive1_filtered_matrix.mtx.gz,L183531,2
GSM8562999:CTCAGGGTCCGTGGCA,Naive1,GSM8562999,L52613,1.0,CTCAGGGTCCGTGGCA-1,985,GSM8562999_Naive1_filtered_matrix.mtx.gz,L52613,0
GSM8562999:CTCAGTCCAATGTCAC,Naive1,GSM8562999,L148876,1.0,CTCAGTCCAATGTCAC-1,986,GSM8562999_Naive1_filtered_matrix.mtx.gz,L148876,2
GSM8562999:CTCAGTCCACAAACGG,Naive1,GSM8562999,L247066,1.0,CTCAGTCCACAAACGG-1,987,GSM8562999_Naive1_filtered_matrix.mtx.gz,L247066,2
GSM8562999:CTCATCGCACACCGCA,Naive1,GSM8562999,L223068,1.0,CTCATCGCACACCGCA-1,991,GSM8562999_Naive1_filtered_matrix.mtx.gz,L223068,0
GSM8562999:CTCATGCCAGGTGTGA,Naive1,GSM8562999,L131897,1.0,CTCATGCCAGGTGTGA-1,992,GSM8562999_Naive1_filtered_matrix.mtx.gz,L131897,4
GSM8562999:CTCATGCGTTGAAGTA,Naive1,GSM8562999,L152903,1.0,CTCATGCGTTGAAGTA-1,993,GSM8562999_Naive1_filtered_matrix.mtx.gz,L152903,2
GSM8562999:CTCATTACAATGGCAG,Naive1,GSM8562999,L138906,1.0,CTCATTACAATGGCAG-1,994,GSM8562999_Naive1_filtered_matrix.mtx.gz,L138906,2
GSM8562999:CTCATTATCGCCACTT,Naive1,GSM8562999,L31852,1.0,CTCATTATCGCCACTT-1,995,GSM8562999_Naive1_filtered_matrix.mtx.gz,L31852,2
GSM8562999:CTCCAACCAATGTTGC,Naive1,GSM8562999,L329553,1.0,CTCCAACCAATGTTGC-1,996,GSM8562999_Naive1_filtered_matrix.mtx.gz,L329553,3
GSM8562999:CTCCAACTCTTGAACG,Naive1,GSM8562999,L198322,1.0,CTCCAACTCTTGAACG-1,998,GSM8562999_Naive1_filtered_matrix.mtx.gz,L198322,3
GSM8562999:CTCCACACACAATGAA,Naive1,GSM8562999,L204032,1.0,CTCCACACACAATGAA-1,999,GSM8562999_Naive1_filtered_matrix.mtx.gz,L204032,4
GSM8562999:CTCCACAGTCTACACA,Naive1,GSM8562999,L84351,1.0,CTCCACAGTCTACACA-1,1001,GSM8562999_Naive1_filtered_matrix.mtx.gz,L84351,3
GSM8562999:CTCCATGCACCCAACG,Naive1,GSM8562999,L233157,1.0,CTCCATGCACCCAACG-1,1002,GSM8562999_Naive1_filtered_matrix.mtx.gz,L233157,1
GSM8562999:CTCCATGGTCGCGGTT,Naive1,GSM8562999,L99912,1.0,CTCCATGGTCGCGGTT-1,1004,GSM8562999_Naive1_filtered_matrix.mtx.gz,L99912,2
GSM8562999:CTCCATGGTCTCTCTG,Naive1,GSM8562999,L49477,1.0,CTCCATGGTCTCTCTG-1,1005,GSM8562999_Naive1_filtered_matrix.mtx.gz,L49477,4
GSM8562999:CTCCCTCGTCCTACGG,Naive1,GSM8562999,L68277,1.0,CTCCCTCGTCCTACGG-1,1007,GSM8562999_Naive1_filtered_matrix.mtx.gz,L68277,4
GSM8562999:CTCCGATCAGTTCTAG,Naive1,GSM8562999,L165407,1.0,CTCCGATCAGTTCTAG-1,1010,GSM8562999_Naive1_filtered_matrix.mtx.gz,L165407,1
GSM8562999:CTCCGATGTATACGGG,Naive1,GSM8562999,L76975,1.0,CTCCGATGTATACGGG-1,1011,GSM8562999_Naive1_filtered_matrix.mtx.gz,L76975,2
GSM8562999:CTCCTCCGTTGTGGCC,Naive1,GSM8562999,L196980,1.0,CTCCTCCGTTGTGGCC-1,1014,GSM8562999_Naive1_filtered_matrix.mtx.gz,L196980,3
GSM8562999:CTCCTCCTCCACCTGT,Naive1,GSM8562999,L181765,1.0,CTCCTCCTCCACCTGT-1,1017,GSM8562999_Naive1_filtered_matrix.mtx.gz,L181765,4
GSM8562999:CTCCTCCTCTTGCAGA,Naive1,GSM8562999,L293527,1.0,CTCCTCCTCTTGCAGA-1,1018,GSM8562999_Naive1_filtered_matrix.mtx.gz,L293527,3
GSM8562999:CTCCTTTAGGACTAAT,Naive1,GSM8562999,L149612,1.0,CTCCTTTAGGACTAAT-1,1019,GSM8562999_Naive1_filtered_matrix.mtx.gz,L149612,4
GSM8562999:CTCCTTTAGGGCAGTT,Naive1,GSM8562999,L219307,1.0,CTCCTTTAGGGCAGTT-1,1020,GSM8562999_Naive1_filtered_matrix.mtx.gz,L219307,3
GSM8562999:CTCCTTTTCGCCTATC,Naive1,GSM8562999,L70669,1.0,CTCCTTTTCGCCTATC-1,1021,GSM8562999_Naive1_filtered_matrix.mtx.gz,L70669,3
GSM8562999:CTCCTTTTCTACCCAC,Naive1,GSM8562999,L116152,1.0,CTCCTTTTCTACCCAC-1,1022,GSM8562999_Naive1_filtered_matrix.mtx.gz,L116152,1
GSM8562999:CTCTCAGGTCCGTACG,Naive1,GSM8562999,L58090,1.0,CTCTCAGGTCCGTACG-1,1024,GSM8562999_Naive1_filtered_matrix.mtx.gz,L58090,2
GSM8562999:CTCTCGAAGAGGGTCT,Naive1,GSM8562999,L145263,1.0,CTCTCGAAGAGGGTCT-1,1025,GSM8562999_Naive1_filtered_matrix.mtx.gz,L145263,4
GSM8562999:CTCTCGATCAAGCTGT,Naive1,GSM8562999,L281862,1.0,CTCTCGATCAAGCTGT-1,1026,GSM8562999_Naive1_filtered_matrix.mtx.gz,L281862,0
GSM8562999:CTCTGGTAGAATTGTG,Naive1,GSM8562999,L61259,1.0,CTCTGGTAGAATTGTG-1,1028,GSM8562999_Naive1_filtered_matrix.mtx.gz,L61259,2
GSM8562999:CTCTGGTAGATCCGAG,Naive1,GSM8562999,L119834,1.0,CTCTGGTAGATCCGAG-1,1029,GSM8562999_Naive1_filtered_matrix.mtx.gz,L119834,0
GSM8562999:CTCTGGTGTTTGGGTT,Naive1,GSM8562999,L303918,1.0,CTCTGGTGTTTGGGTT-1,1030,GSM8562999_Naive1_filtered_matrix.mtx.gz,L303918,0
GSM8562999:CTGAGCGAGCTACTGT,Naive1,GSM8562999,L13633,1.0,CTGAGCGAGCTACTGT-1,1031,GSM8562999_Naive1_filtered_matrix.mtx.gz,L13633,4
GSM8562999:CTGAGGCTCCATGAGT,Naive1,GSM8562999,L115936,1.0,CTGAGGCTCCATGAGT-1,1034,GSM8562999_Naive1_filtered_matrix.mtx.gz,L115936,1
GSM8562999:CTGCAGGAGTGCCGAA,Naive1,GSM8562999,L211832,1.0,CTGCAGGAGTGCCGAA-1,1036,GSM8562999_Naive1_filtered_matrix.mtx.gz,L211832,4
GSM8562999:CTGCAGGCACAAATAG,Naive1,GSM8562999,L241262,1.0,CTGCAGGCACAAATAG-1,1037,GSM8562999_Naive1_filtered_matrix.mtx.gz,L241262,3
GSM8562999:CTGCATCAGGACTATA,Naive1,GSM8562999,L204285,1.0,CTGCATCAGGACTATA-1,1038,GSM8562999_Naive1_filtered_matrix.mtx.gz,L204285,3
GSM8562999:CTGCATCGTGGCTAGA,Naive1,GSM8562999,L231007,1.0,CTGCATCGTGGCTAGA-1,1040,GSM8562999_Naive1_filtered_matrix.mtx.gz,L231007,2
GSM8562999:CTGCATCTCCCTCGTA,Naive1,GSM8562999,L260364,1.0,CTGCATCTCCCTCGTA-1,1041,GSM8562999_Naive1_filtered_matrix.mtx.gz,L260364,0
GSM8562999:CTGCATCTCTGAGATC,Naive1,GSM8562999,L41113,1.0,CTGCATCTCTGAGATC-1,1042,GSM8562999_Naive1_filtered_matrix.mtx.gz,L41113,3
GSM8562999:CTGCCTACAGCTGGTC,Naive1,GSM8562999,L230913,1.0,CTGCCTACAGCTGGTC-1,1043,GSM8562999_Naive1_filtered_matrix.mtx.gz,L230913,1
GSM8562999:CTGCCTACATACTGTG,Naive1,GSM8562999,L20571,1.0,CTGCCTACATACTGTG-1,1044,GSM8562999_Naive1_filtered_matrix.mtx.gz,L20571,4
GSM8562999:CTGCGAGTCTTCTGTA,Naive1,GSM8562999,L179636,1.0,CTGCGAGTCTTCTGTA-1,1045,GSM8562999_Naive1_filtered_matrix.mtx.gz,L179636,1
GSM8562999:CTGGACGAGTTTGGCT,Naive1,GSM8562999,L302938,0.999835,CTGGACGAGTTTGGCT-1,1047,GSM8562999_Naive1_filtered_matrix.mtx.gz,L302938,2
GSM8562999:CTGGACGCAGGTTCCG,Naive1,GSM8562999,L166657,1.0,CTGGACGCAGGTTCCG-1,1048,GSM8562999_Naive1_filtered_matrix.mtx.gz,L166657,3
GSM8562999:CTGGACGTCATCCTGC,Naive1,GSM8562999,L251719,1.0,CTGGACGTCATCCTGC-1,1049,GSM8562999_Naive1_filtered_matrix.mtx.gz,L251719,2
GSM8562999:CTGGTCTAGACCATAA,Naive1,GSM8562999,L70669,1.0,CTGGTCTAGACCATAA-1,1050,GSM8562999_Naive1_filtered_matrix.mtx.gz,L70669,3
GSM8562999:CTGGTCTAGACCTTTG,Naive1,GSM8562999,L280587,0.936702,CTGGTCTAGACCTTTG-1,1051,GSM8562999_Naive1_filtered_matrix.mtx.gz,L280587,3
GSM8562999:CTGGTCTGTGATCATC,Naive1,GSM8562999,L71758,1.0,CTGGTCTGTGATCATC-1,1052,GSM8562999_Naive1_filtered_matrix.mtx.gz,L71758,0
GSM8562999:CTGTACCCAACCGCTG,Naive1,GSM8562999,L82823,1.0,CTGTACCCAACCGCTG-1,1053,GSM8562999_Naive1_filtered_matrix.mtx.gz,L82823,1
GSM8562999:CTGTAGAAGCATGATA,Naive1,GSM8562999,L124052,1.0,CTGTAGAAGCATGATA-1,1054,GSM8562999_Naive1_filtered_matrix.mtx.gz,L124052,4
GSM8562999:CTGTAGAAGCTTCATG,Naive1,GSM8562999,L91099,1.0,CTGTAGAAGCTTCATG-1,1055,GSM8562999_Naive1_filtered_matrix.mtx.gz,L91099,0
GSM8562999:CTGTAGACATCATTTC,Naive1,GSM8562999,L267504,0.563198,CTGTAGACATCATTTC-1,1056,GSM8562999_Naive1_filtered_matrix.mtx.gz,L267504,0
GSM8562999:CTGTCGTCATGGCCCA,Naive1,GSM8562999,L145263,1.0,CTGTCGTCATGGCCCA-1,1058,GSM8562999_Naive1_filtered_matrix.mtx.gz,L145263,4
GSM8562999:CTGTCGTTCCACAGCG,Naive1,GSM8562999,L181437,1.0,CTGTCGTTCCACAGCG-1,1059,GSM8562999_Naive1_filtered_matrix.mtx.gz,L181437,0
GSM8562999:CTGTGGGAGTAGCAAT,Naive1,GSM8562999,L7412,1.0,CTGTGGGAGTAGCAAT-1,1061,GSM8562999_Naive1_filtered_matrix.mtx.gz,L7412,3
GSM8562999:CTGTGGGCATCGCCTT,Naive1,GSM8562999,L318033,1.0,CTGTGGGCATCGCCTT-1,1062,GSM8562999_Naive1_filtered_matrix.mtx.gz,L318033,2
GSM8562999:CTGTGGGGTCCTACAA,Naive1,GSM8562999,L68749,0.521027,CTGTGGGGTCCTACAA-1,1063,GSM8562999_Naive1_filtered_matrix.mtx.gz,L68749,0
GSM8562999:CTTAGGATCGTACCTC,Naive1,GSM8562999,L219307,1.0,CTTAGGATCGTACCTC-1,1065,GSM8562999_Naive1_filtered_matrix.mtx.gz,L219307,3
GSM8562999:CTTCAATCAGTCAGCC,Naive1,GSM8562999,L231007,1.0,CTTCAATCAGTCAGCC-1,1066,GSM8562999_Naive1_filtered_matrix.mtx.gz,L231007,2
GSM8562999:CTTCAATTCCATCTAT,Naive1,GSM8562999,L167106,0.980863,CTTCAATTCCATCTAT-1,1068,GSM8562999_Naive1_filtered_matrix.mtx.gz,L167106,1
GSM8562999:CTTCCGAGTGTAGTGG,Naive1,GSM8562999,L185195,1.0,CTTCCGAGTGTAGTGG-1,1070,GSM8562999_Naive1_filtered_matrix.mtx.gz,L185195,1
GSM8562999:CTTCTAACAACCGGAA,Naive1,GSM8562999,L145073,1.0,CTTCTAACAACCGGAA-1,1076,GSM8562999_Naive1_filtered_matrix.mtx.gz,L145073,1
GSM8562999:CTTCTCTGTGCCTACG,Naive1,GSM8562999,L124052,1.0,CTTCTCTGTGCCTACG-1,1077,GSM8562999_Naive1_filtered_matrix.mtx.gz,L124052,4
GSM8562999:CTTCTCTTCAGTGTTG,Naive1,GSM8562999,L77622,1.0,CTTCTCTTCAGTGTTG-1,1079,GSM8562999_Naive1_filtered_matrix.mtx.gz,L77622,4
GSM8562999:CTTGAGAAGCACTCCG,Naive1,GSM8562999,L307329,1.0,CTTGAGAAGCACTCCG-1,1081,GSM8562999_Naive1_filtered_matrix.mtx.gz,L307329,1
GSM8562999:CTTGATTAGCTCGGCT,Naive1,GSM8562999,L112548,1.0,CTTGATTAGCTCGGCT-1,1082,GSM8562999_Naive1_filtered_matrix.mtx.gz,L112548,0
GSM8562999:CTTGATTCAAATACGA,Naive1,GSM8562999,L186861,1.0,CTTGATTCAAATACGA-1,1083,GSM8562999_Naive1_filtered_matrix.mtx.gz,L186861,1
GSM8562999:CTTTCGGGTACTGACT,Naive1,GSM8562999,L103561,1.0,CTTTCGGGTACTGACT-1,1087,GSM8562999_Naive1_filtered_matrix.mtx.gz,L103561,1
GSM8562999:GAAACCTCATTGACCA,Naive1,GSM8562999,L112548,1.0,GAAACCTCATTGACCA-1,1089,GSM8562999_Naive1_filtered_matrix.mtx.gz,L112548,0
GSM8562999:GAACGTTTCCGCAACG,Naive1,GSM8562999,L48487,1.0,GAACGTTTCCGCAACG-1,1095,GSM8562999_Naive1_filtered_matrix.mtx.gz,L48487,1
GSM8562999:GAAGAATAGATGTAGT,Naive1,GSM8562999,L244706,1.0,GAAGAATAGATGTAGT-1,1098,GSM8562999_Naive1_filtered_matrix.mtx.gz,L244706,4
GSM8562999:GAAGCCCCAGCGGATA,Naive1,GSM8562999,L267658,1.0,GAAGCCCCAGCGGATA-1,1100,GSM8562999_Naive1_filtered_matrix.mtx.gz,L267658,3
GSM8562999:GAAGCCCGTGCCTGCA,Naive1,GSM8562999,L271069,1.0,GAAGCCCGTGCCTGCA-1,1102,GSM8562999_Naive1_filtered_matrix.mtx.gz,L271069,0
GSM8562999:GAAGGGTAGATGCTGG,Naive1,GSM8562999,L222867,1.0,GAAGGGTAGATGCTGG-1,1106,GSM8562999_Naive1_filtered_matrix.mtx.gz,L222867,4
GSM8562999:GAAGTAACATCGCTGG,Naive1,GSM8562999,L51134,1.0,GAAGTAACATCGCTGG-1,1110,GSM8562999_Naive1_filtered_matrix.mtx.gz,L51134,0
GSM8562999:GAAGTAAGTCGCTCGA,Naive1,GSM8562999,L331535,1.0,GAAGTAAGTCGCTCGA-1,1111,GSM8562999_Naive1_filtered_matrix.mtx.gz,L331535,2
GSM8562999:GAATAGAAGGGCAGTT,Naive1,GSM8562999,L249999,1.0,GAATAGAAGGGCAGTT-1,1113,GSM8562999_Naive1_filtered_matrix.mtx.gz,L249999,3
GSM8562999:GAATAGAGTTCATCTT,Naive1,GSM8562999,L196980,1.0,GAATAGAGTTCATCTT-1,1115,GSM8562999_Naive1_filtered_matrix.mtx.gz,L196980,3
GSM8562999:GAATAGATCTGTACAG,Naive1,GSM8562999,L84010,1.0,GAATAGATCTGTACAG-1,1117,GSM8562999_Naive1_filtered_matrix.mtx.gz,L84010,3
GSM8562999:GAATCACCAACAAAGT,Naive1,GSM8562999,L328955,1.0,GAATCACCAACAAAGT-1,1118,GSM8562999_Naive1_filtered_matrix.mtx.gz,L328955,3
GSM8562999:GAATCACGTAGGAAAG,Naive1,GSM8562999,L227975,1.0,GAATCACGTAGGAAAG-1,1119,GSM8562999_Naive1_filtered_matrix.mtx.gz,L227975,1
GSM8562999:GAATCGTGTGCATTTG,Naive1,GSM8562999,L56999,1.0,GAATCGTGTGCATTTG-1,1121,GSM8562999_Naive1_filtered_matrix.mtx.gz,L56999,0
GSM8562999:GACACGCCATGGCGCT,Naive1,GSM8562999,L117154,1.0,GACACGCCATGGCGCT-1,1122,GSM8562999_Naive1_filtered_matrix.mtx.gz,L117154,4
GSM8562999:GACACGCGTGGCCCAT,Naive1,GSM8562999,L249999,1.0,GACACGCGTGGCCCAT-1,1123,GSM8562999_Naive1_filtered_matrix.mtx.gz,L249999,3
GSM8562999:GACAGCCCACAACGTT,Naive1,GSM8562999,L116215,1.0,GACAGCCCACAACGTT-1,1125,GSM8562999_Naive1_filtered_matrix.mtx.gz,L116215,4
GSM8562999:GACAGCCTCCTAGCCT,Naive1,GSM8562999,L82032,1.0,GACAGCCTCCTAGCCT-1,1127,GSM8562999_Naive1_filtered_matrix.mtx.gz,L82032,4
GSM8562999:GACATCACAACAGATA,Naive1,GSM8562999,L301536,1.0,GACATCACAACAGATA-1,1128,GSM8562999_Naive1_filtered_matrix.mtx.gz,L301536,1
GSM8562999:GACATCATCGCCTCTA,Naive1,GSM8562999,L205642,1.0,GACATCATCGCCTCTA-1,1129,GSM8562999_Naive1_filtered_matrix.mtx.gz,L205642,0
GSM8562999:GACCAATCAAGAATAC,Naive1,GSM8562999,L303910,1.0,GACCAATCAAGAATAC-1,1130,GSM8562999_Naive1_filtered_matrix.mtx.gz,L303910,0
GSM8562999:GACCAATTCCCATGGG,Naive1,GSM8562999,L204285,1.0,GACCAATTCCCATGGG-1,1131,GSM8562999_Naive1_filtered_matrix.mtx.gz,L204285,3
GSM8562999:GACCAATTCTATGCCC,Naive1,GSM8562999,L31111,1.0,GACCAATTCTATGCCC-1,1132,GSM8562999_Naive1_filtered_matrix.mtx.gz,L31111,3
GSM8562999:GACCCAGTCACCACAA,Naive1,GSM8562999,L206297,1.0,GACCCAGTCACCACAA-1,1133,GSM8562999_Naive1_filtered_matrix.mtx.gz,L206297,0
GSM8562999:GACCCAGTCCGCACTT,Naive1,GSM8562999,L239228,1.0,GACCCAGTCCGCACTT-1,1134,GSM8562999_Naive1_filtered_matrix.mtx.gz,L239228,2
GSM8562999:GACCCTTCATCGATCA,Naive1,GSM8562999,L33701,1.0,GACCCTTCATCGATCA-1,1135,GSM8562999_Naive1_filtered_matrix.mtx.gz,L33701,3
GSM8562999:GACCCTTCATTCTCTA,Naive1,GSM8562999,L191293,1.0,GACCCTTCATTCTCTA-1,1136,GSM8562999_Naive1_filtered_matrix.mtx.gz,L191293,2
GSM8562999:GACCCTTGTACGTTCA,Naive1,GSM8562999,L257154,1.0,GACCCTTGTACGTTCA-1,1137,GSM8562999_Naive1_filtered_matrix.mtx.gz,L257154,4
GSM8562999:GACCGTGCACGAGGTA,Naive1,GSM8562999,L118217,1.0,GACCGTGCACGAGGTA-1,1139,GSM8562999_Naive1_filtered_matrix.mtx.gz,L118217,4
GSM8562999:GACCGTGGTCGGTGTC,Naive1,GSM8562999,L59420,1.0,GACCGTGGTCGGTGTC-1,1141,GSM8562999_Naive1_filtered_matrix.mtx.gz,L59420,0
GSM8562999:GACCGTGGTGTGTTTG,Naive1,GSM8562999,L244706,1.0,GACCGTGGTGTGTTTG-1,1142,GSM8562999_Naive1_filtered_matrix.mtx.gz,L244706,4
GSM8562999:GACCGTGTCTTACCAT,Naive1,GSM8562999,L307963,1.0,GACCGTGTCTTACCAT-1,1143,GSM8562999_Naive1_filtered_matrix.mtx.gz,L307963,2
GSM8562999:GACCTTCAGTCGCGAA,Naive1,GSM8562999,L40629,1.0,GACCTTCAGTCGCGAA-1,1145,GSM8562999_Naive1_filtered_matrix.mtx.gz,L40629,4
GSM8562999:GACCTTCAGTTGCATC,Naive1,GSM8562999,L149612,1.0,GACCTTCAGTTGCATC-1,1146,GSM8562999_Naive1_filtered_matrix.mtx.gz,L149612,4
GSM8562999:GACCTTCGTAAGCGGT,Naive1,GSM8562999,L315953,1.0,GACCTTCGTAAGCGGT-1,1147,GSM8562999_Naive1_filtered_matrix.mtx.gz,L315953,3
GSM8562999:GACCTTCTCAGTGATC,Naive1,GSM8562999,L2779,1.0,GACCTTCTCAGTGATC-1,1149,GSM8562999_Naive1_filtered_matrix.mtx.gz,L2779,4
GSM8562999:GACGTTACACTTGAGT,Naive1,GSM8562999,L273392,1.0,GACGTTACACTTGAGT-1,1155,GSM8562999_Naive1_filtered_matrix.mtx.gz,L273392,3
GSM8562999:GACTATGAGTCCTGCG,Naive1,GSM8562999,L167950,1.0,GACTATGAGTCCTGCG-1,1156,GSM8562999_Naive1_filtered_matrix.mtx.gz,L167950,3
GSM8562999:GACTATGTCGGTTAGT,Naive1,GSM8562999,L37973,1.0,GACTATGTCGGTTAGT-1,1158,GSM8562999_Naive1_filtered_matrix.mtx.gz,L37973,4
GSM8562999:GACTCAAAGAGTCCGA,Naive1,GSM8562999,L3265,1.0,GACTCAAAGAGTCCGA-1,1159,GSM8562999_Naive1_filtered_matrix.mtx.gz,L3265,4
GSM8562999:GACTCAATCGGTCACG,Naive1,GSM8562999,L314514,1.0,GACTCAATCGGTCACG-1,1160,GSM8562999_Naive1_filtered_matrix.mtx.gz,L314514,2
GSM8562999:GACTCTCAGCGGACAT,Naive1,GSM8562999,L251719,1.0,GACTCTCAGCGGACAT-1,1161,GSM8562999_Naive1_filtered_matrix.mtx.gz,L251719,2
GSM8562999:GACTCTCCATCGTCCT,Naive1,GSM8562999,L62700,1.0,GACTCTCCATCGTCCT-1,1163,GSM8562999_Naive1_filtered_matrix.mtx.gz,L62700,2
GSM8562999:GACTCTCGTAGTTACC,Naive1,GSM8562999,L70669,1.0,GACTCTCGTAGTTACC-1,1164,GSM8562999_Naive1_filtered_matrix.mtx.gz,L70669,3
GSM8562999:GACTGATCACATTCGA,Naive1,GSM8562999,L171852,0.996891,GACTGATCACATTCGA-1,1165,GSM8562999_Naive1_filtered_matrix.mtx.gz,L171852,4
GSM8562999:GACTTCCCATTAGGCT,Naive1,GSM8562999,L54153,1.0,GACTTCCCATTAGGCT-1,1168,GSM8562999_Naive1_filtered_matrix.mtx.gz,L54153,2
GSM8562999:GACTTCCTCCGTACGG,Naive1,GSM8562999,L173296,1.0,GACTTCCTCCGTACGG-1,1170,GSM8562999_Naive1_filtered_matrix.mtx.gz,L173296,1
GSM8562999:GAGAAATCAAACTCTG,Naive1,GSM8562999,L82979,1.0,GAGAAATCAAACTCTG-1,1172,GSM8562999_Naive1_filtered_matrix.mtx.gz,L82979,2
GSM8562999:GAGAAATCAATAGGGC,Naive1,GSM8562999,L54153,1.0,GAGAAATCAATAGGGC-1,1173,GSM8562999_Naive1_filtered_matrix.mtx.gz,L54153,2
GSM8562999:GAGAAATCACCTGATA,Naive1,GSM8562999,L103055,0.528667,GAGAAATCACCTGATA-1,1174,GSM8562999_Naive1_filtered_matrix.mtx.gz,L103055,1
GSM8562999:GAGAAATGTCCATAGT,Naive1,GSM8562999,L275000,1.0,GAGAAATGTCCATAGT-1,1175,GSM8562999_Naive1_filtered_matrix.mtx.gz,L275000,4
GSM8562999:GAGAAATTCCTCGATC,Naive1,GSM8562999,L237845,1.0,GAGAAATTCCTCGATC-1,1177,GSM8562999_Naive1_filtered_matrix.mtx.gz,L237845,2
GSM8562999:GAGACCCAGTCGCCCA,Naive1,GSM8562999,L31852,1.0,GAGACCCAGTCGCCCA-1,1180,GSM8562999_Naive1_filtered_matrix.mtx.gz,L31852,2
GSM8562999:GAGACCCAGTGCCGAA,Naive1,GSM8562999,L315950,0.92617,GAGACCCAGTGCCGAA-1,1181,GSM8562999_Naive1_filtered_matrix.mtx.gz,L315950,3
GSM8562999:GAGACCCTCGCACGAC,Naive1,GSM8562999,L308730,1.0,GAGACCCTCGCACGAC-1,1182,GSM8562999_Naive1_filtered_matrix.mtx.gz,L308730,1
GSM8562999:GAGACTTAGTCGCCAC,Naive1,GSM8562999,L3167,1.0,GAGACTTAGTCGCCAC-1,1183,GSM8562999_Naive1_filtered_matrix.mtx.gz,L3167,2
GSM8562999:GAGACTTCACCTCTGT,Naive1,GSM8562999,L8387,1.0,GAGACTTCACCTCTGT-1,1184,GSM8562999_Naive1_filtered_matrix.mtx.gz,L8387,0
GSM8562999:GAGAGGTGTGTAGCAG,Naive1,GSM8562999,L320820,1.0,GAGAGGTGTGTAGCAG-1,1186,GSM8562999_Naive1_filtered_matrix.mtx.gz,L320820,3
GSM8562999:GAGATGGTCACTGATG,Naive1,GSM8562999,L196731,1.0,GAGATGGTCACTGATG-1,1187,GSM8562999_Naive1_filtered_matrix.mtx.gz,L196731,4
GSM8562999:GAGATGGTCGTGTGGC,Naive1,GSM8562999,L131755,1.0,GAGATGGTCGTGTGGC-1,1188,GSM8562999_Naive1_filtered_matrix.mtx.gz,L131755,3
GSM8562999:GAGCCTGCACGTCGTG,Naive1,GSM8562999,L271521,1.0,GAGCCTGCACGTCGTG-1,1189,GSM8562999_Naive1_filtered_matrix.mtx.gz,L271521,4
GSM8562999:GAGCCTGCAGAGTTGG,Naive1,GSM8562999,L21123,1.0,GAGCCTGCAGAGTTGG-1,1190,GSM8562999_Naive1_filtered_matrix.mtx.gz,L21123,1
GSM8562999:GAGCTGCTCATCCTAT,Naive1,GSM8562999,L231007,1.0,GAGCTGCTCATCCTAT-1,1192,GSM8562999_Naive1_filtered_matrix.mtx.gz,L231007,2
GSM8562999:GAGCTGCTCGATAACC,Naive1,GSM8562999,L2749,1.0,GAGCTGCTCGATAACC-1,1194,GSM8562999_Naive1_filtered_matrix.mtx.gz,L2749,1
GSM8562999:GAGGGATAGGCATCAG,Naive1,GSM8562999,L118217,1.0,GAGGGATAGGCATCAG-1,1197,GSM8562999_Naive1_filtered_matrix.mtx.gz,L118217,4
GSM8562999:GAGGGATGTTGAGGAC,Naive1,GSM8562999,L75392,1.0,GAGGGATGTTGAGGAC-1,1199,GSM8562999_Naive1_filtered_matrix.mtx.gz,L75392,4
GSM8562999:GAGGGTAGTTCAAACC,Naive1,GSM8562999,L62684,1.0,GAGGGTAGTTCAAACC-1,1201,GSM8562999_Naive1_filtered_matrix.mtx.gz,L62684,1
GSM8562999:GAGGGTATCTGGTTGA,Naive1,GSM8562999,L44586,1.0,GAGGGTATCTGGTTGA-1,1202,GSM8562999_Naive1_filtered_matrix.mtx.gz,L44586,0
GSM8562999:GAGTCATAGGTGGGTT,Naive1,GSM8562999,L196980,1.0,GAGTCATAGGTGGGTT-1,1203,GSM8562999_Naive1_filtered_matrix.mtx.gz,L196980,3
GSM8562999:GAGTCATCAAGAGTTA,Naive1,GSM8562999,L70669,1.0,GAGTCATCAAGAGTTA-1,1205,GSM8562999_Naive1_filtered_matrix.mtx.gz,L70669,3
GSM8562999:GAGTCATGTTATGTGC,Naive1,GSM8562999,L289410,1.0,GAGTCATGTTATGTGC-1,1206,GSM8562999_Naive1_filtered_matrix.mtx.gz,L289410,2
GSM8562999:GAGTCATTCTAACGCA,Naive1,GSM8562999,L223068,1.0,GAGTCATTCTAACGCA-1,1207,GSM8562999_Naive1_filtered_matrix.mtx.gz,L223068,0
GSM8562999:GAGTCTAAGTTATGGA,Naive1,GSM8562999,L303918,1.0,GAGTCTAAGTTATGGA-1,1208,GSM8562999_Naive1_filtered_matrix.mtx.gz,L303918,0
GSM8562999:GAGTCTAGTGGACTAG,Naive1,GSM8562999,L16178,1.0,GAGTCTAGTGGACTAG-1,1209,GSM8562999_Naive1_filtered_matrix.mtx.gz,L16178,0
GSM8562999:GAGTGTTTCACTGAAC,Naive1,GSM8562999,L329078,1.0,GAGTGTTTCACTGAAC-1,1211,GSM8562999_Naive1_filtered_matrix.mtx.gz,L329078,4
GSM8562999:GAGTGTTTCTTAGGAC,Naive1,GSM8562999,L47103,1.0,GAGTGTTTCTTAGGAC-1,1213,GSM8562999_Naive1_filtered_matrix.mtx.gz,L47103,4
GSM8562999:GAGTTACAGCTAGAGC,Naive1,GSM8562999,L216346,1.0,GAGTTACAGCTAGAGC-1,1214,GSM8562999_Naive1_filtered_matrix.mtx.gz,L216346,3
GSM8562999:GAGTTACGTATCGTAC,Naive1,GSM8562999,L125495,1.0,GAGTTACGTATCGTAC-1,1215,GSM8562999_Naive1_filtered_matrix.mtx.gz,L125495,3
GSM8562999:GAGTTGTAGCAGCAGT,Naive1,GSM8562999,L192531,1.0,GAGTTGTAGCAGCAGT-1,1217,GSM8562999_Naive1_filtered_matrix.mtx.gz,L192531,1
GSM8562999:GAGTTGTCAGTGGGTA,Naive1,GSM8562999,L244886,1.0,GAGTTGTCAGTGGGTA-1,1218,GSM8562999_Naive1_filtered_matrix.mtx.gz,L244886,4
GSM8562999:GAGTTGTGTCTACGTA,Naive1,GSM8562999,L320820,1.0,GAGTTGTGTCTACGTA-1,1219,GSM8562999_Naive1_filtered_matrix.mtx.gz,L320820,3
GSM8562999:GAGTTTGCATAGCTGT,Naive1,GSM8562999,L166657,1.0,GAGTTTGCATAGCTGT-1,1220,GSM8562999_Naive1_filtered_matrix.mtx.gz,L166657,3
GSM8562999:GATAGAACAAGCGCTC,Naive1,GSM8562999,L229874,1.0,GATAGAACAAGCGCTC-1,1221,GSM8562999_Naive1_filtered_matrix.mtx.gz,L229874,1
GSM8562999:GATAGCTCAAGAATGT,Naive1,GSM8562999,L81738,1.0,GATAGCTCAAGAATGT-1,1223,GSM8562999_Naive1_filtered_matrix.mtx.gz,L81738,0
GSM8562999:GATAGCTGTGTTCATG,Naive1,GSM8562999,L41799,1.0,GATAGCTGTGTTCATG-1,1224,GSM8562999_Naive1_filtered_matrix.mtx.gz,L41799,1
GSM8562999:GATAGCTTCTTAAGGC,Naive1,GSM8562999,L114452,1.0,GATAGCTTCTTAAGGC-1,1225,GSM8562999_Naive1_filtered_matrix.mtx.gz,L114452,2
GSM8562999:GATCACACAGCTATAC,Naive1,GSM8562999,L115717,1.0,GATCACACAGCTATAC-1,1227,GSM8562999_Naive1_filtered_matrix.mtx.gz,L115717,2
GSM8562999:GATCAGTCATGGCTAT,Naive1,GSM8562999,L319115,1.0,GATCAGTCATGGCTAT-1,1228,GSM8562999_Naive1_filtered_matrix.mtx.gz,L319115,4
GSM8562999:GATCGTATCACCATAG,Naive1,GSM8562999,L118217,1.0,GATCGTATCACCATAG-1,1232,GSM8562999_Naive1_filtered_matrix.mtx.gz,L118217,4
GSM8562999:GATGACTAGCTTCATG,Naive1,GSM8562999,L126247,1.0,GATGACTAGCTTCATG-1,1233,GSM8562999_Naive1_filtered_matrix.mtx.gz,L126247,1
GSM8562999:GATGACTCAAAGAGTT,Naive1,GSM8562999,L278604,1.0,GATGACTCAAAGAGTT-1,1234,GSM8562999_Naive1_filtered_matrix.mtx.gz,L278604,2
GSM8562999:GATGACTTCTAGCCTC,Naive1,GSM8562999,L31852,1.0,GATGACTTCTAGCCTC-1,1235,GSM8562999_Naive1_filtered_matrix.mtx.gz,L31852,2
GSM8562999:GATGAGGAGTGATTCC,Naive1,GSM8562999,L173031,1.0,GATGAGGAGTGATTCC-1,1237,GSM8562999_Naive1_filtered_matrix.mtx.gz,L173031,0
GSM8562999:GATGAGGGTGAGATTA,Naive1,GSM8562999,L139672,1.0,GATGAGGGTGAGATTA-1,1238,GSM8562999_Naive1_filtered_matrix.mtx.gz,L139672,2
GSM8562999:GATGAGGTCGAGATGG,Naive1,GSM8562999,L277200,0.569026,GATGAGGTCGAGATGG-1,1239,GSM8562999_Naive1_filtered_matrix.mtx.gz,L277200,2
GSM8562999:GATGATCAGCCGTAAG,Naive1,GSM8562999,L137162,0.994751,GATGATCAGCCGTAAG-1,1240,GSM8562999_Naive1_filtered_matrix.mtx.gz,L137162,0
GSM8562999:GATGTTGAGCTTGTGT,Naive1,GSM8562999,L199024,1.0,GATGTTGAGCTTGTGT-1,1245,GSM8562999_Naive1_filtered_matrix.mtx.gz,L199024,0
GSM8562999:GATGTTGTCTGTCCCA,Naive1,GSM8562999,L329452,1.0,GATGTTGTCTGTCCCA-1,1246,GSM8562999_Naive1_filtered_matrix.mtx.gz,L329452,3
GSM8562999:GATTCGAAGCGCATCC,Naive1,GSM8562999,L79914,1.0,GATTCGAAGCGCATCC-1,1247,GSM8562999_Naive1_filtered_matrix.mtx.gz,L79914,0
GSM8562999:GATTCTTAGCGCACAA,Naive1,GSM8562999,L183358,1.0,GATTCTTAGCGCACAA-1,1249,GSM8562999_Naive1_filtered_matrix.mtx.gz,L183358,0
GSM8562999:GATTGGTAGCATACTC,Naive1,GSM8562999,L35389,1.0,GATTGGTAGCATACTC-1,1250,GSM8562999_Naive1_filtered_matrix.mtx.gz,L35389,4
GSM8562999:GATTGGTTCAAGCCAT,Naive1,GSM8562999,L139713,1.0,GATTGGTTCAAGCCAT-1,1251,GSM8562999_Naive1_filtered_matrix.mtx.gz,L139713,0
GSM8562999:GATTTCTGTTCCTTGC,Naive1,GSM8562999,L147347,1.0,GATTTCTGTTCCTTGC-1,1252,GSM8562999_Naive1_filtered_matrix.mtx.gz,L147347,1
GSM8562999:GCAACATCAAATAGCA,Naive1,GSM8562999,L217032,1.0,GCAACATCAAATAGCA-1,1254,GSM8562999_Naive1_filtered_matrix.mtx.gz,L217032,0
GSM8562999:GCAACATCACGCGGTT,Naive1,GSM8562999,L289410,1.0,GCAACATCACGCGGTT-1,1255,GSM8562999_Naive1_filtered_matrix.mtx.gz,L289410,2
GSM8562999:GCAACATGTCCAATCA,Naive1,GSM8562999,L72287,1.0,GCAACATGTCCAATCA-1,1257,GSM8562999_Naive1_filtered_matrix.mtx.gz,L72287,1
GSM8562999:GCAACCGCAGGTGTGA,Naive1,GSM8562999,L303918,1.0,GCAACCGCAGGTGTGA-1,1259,GSM8562999_Naive1_filtered_matrix.mtx.gz,L303918,0
GSM8562999:GCACATAGTTGCTTGA,Naive1,GSM8562999,L302652,1.0,GCACATAGTTGCTTGA-1,1260,GSM8562999_Naive1_filtered_matrix.mtx.gz,L302652,2
GSM8562999:GCACGTGAGATTTGCC,Naive1,GSM8562999,L278604,1.0,GCACGTGAGATTTGCC-1,1263,GSM8562999_Naive1_filtered_matrix.mtx.gz,L278604,2
GSM8562999:GCACGTGGTCTAATCG,Naive1,GSM8562999,L177271,1.0,GCACGTGGTCTAATCG-1,1266,GSM8562999_Naive1_filtered_matrix.mtx.gz,L177271,0
GSM8562999:GCACTAAGTCGTATGT,Naive1,GSM8562999,L160569,1.0,GCACTAAGTCGTATGT-1,1267,GSM8562999_Naive1_filtered_matrix.mtx.gz,L160569,0
GSM8562999:GCAGCCACAGTCTACA,Naive1,GSM8562999,L296189,1.0,GCAGCCACAGTCTACA-1,1269,GSM8562999_Naive1_filtered_matrix.mtx.gz,L296189,1
GSM8562999:GCAGCCACATGAGTAA,Naive1,GSM8562999,L196405,1.0,GCAGCCACATGAGTAA-1,1270,GSM8562999_Naive1_filtered_matrix.mtx.gz,L196405,1
GSM8562999:GCAGCCAGTACGACAG,Naive1,GSM8562999,L138125,1.0,GCAGCCAGTACGACAG-1,1271,GSM8562999_Naive1_filtered_matrix.mtx.gz,L138125,4
GSM8562999:GCAGCTGCATAGATCC,Naive1,GSM8562999,L317590,0.996891,GCAGCTGCATAGATCC-1,1273,GSM8562999_Naive1_filtered_matrix.mtx.gz,L317590,2
GSM8562999:GCAGCTGTCATTGAGC,Naive1,GSM8562999,L37973,1.0,GCAGCTGTCATTGAGC-1,1274,GSM8562999_Naive1_filtered_matrix.mtx.gz,L37973,4
GSM8562999:GCAGCTGTCGAATCCA,Naive1,GSM8562999,L54250,1.0,GCAGCTGTCGAATCCA-1,1276,GSM8562999_Naive1_filtered_matrix.mtx.gz,L54250,4
GSM8562999:GCAGGCTCACGATTCA,Naive1,GSM8562999,L50672,1.0,GCAGGCTCACGATTCA-1,1277,GSM8562999_Naive1_filtered_matrix.mtx.gz,L50672,4
GSM8562999:GCAGGCTCACTAAACC,Naive1,GSM8562999,L52264,1.0,GCAGGCTCACTAAACC-1,1278,GSM8562999_Naive1_filtered_matrix.mtx.gz,L52264,2
GSM8562999:GCAGTTAAGGTGGCTA,Naive1,GSM8562999,L146674,1.0,GCAGTTAAGGTGGCTA-1,1280,GSM8562999_Naive1_filtered_matrix.mtx.gz,L146674,3
GSM8562999:GCAGTTAAGTGCAAAT,Naive1,GSM8562999,L249378,1.0,GCAGTTAAGTGCAAAT-1,1281,GSM8562999_Naive1_filtered_matrix.mtx.gz,L249378,4
GSM8562999:GCATCGGGTTCCGCGA,Naive1,GSM8562999,L307329,1.0,GCATCGGGTTCCGCGA-1,1284,GSM8562999_Naive1_filtered_matrix.mtx.gz,L307329,1
GSM8562999:GCATCTCAGAATCCCT,Naive1,GSM8562999,L73592,1.0,GCATCTCAGAATCCCT-1,1285,GSM8562999_Naive1_filtered_matrix.mtx.gz,L73592,3
GSM8562999:GCATCTCTCCGGACGT,Naive1,GSM8562999,L13633,1.0,GCATCTCTCCGGACGT-1,1290,GSM8562999_Naive1_filtered_matrix.mtx.gz,L13633,4
GSM8562999:GCATGATTCTGGCCTT,Naive1,GSM8562999,L61259,1.0,GCATGATTCTGGCCTT-1,1291,GSM8562999_Naive1_filtered_matrix.mtx.gz,L61259,2
GSM8562999:GCATTAGTCTCGCTTG,Naive1,GSM8562999,L222867,1.0,GCATTAGTCTCGCTTG-1,1294,GSM8562999_Naive1_filtered_matrix.mtx.gz,L222867,4
GSM8562999:GCCAACGAGCCGTTAT,Naive1,GSM8562999,L59420,1.0,GCCAACGAGCCGTTAT-1,1295,GSM8562999_Naive1_filtered_matrix.mtx.gz,L59420,0
GSM8562999:GCCAGCATCAGCATTG,Naive1,GSM8562999,L282391,1.0,GCCAGCATCAGCATTG-1,1296,GSM8562999_Naive1_filtered_matrix.mtx.gz,L282391,3
GSM8562999:GCCAGCATCCGTGTCT,Naive1,GSM8562999,L84351,1.0,GCCAGCATCCGTGTCT-1,1297,GSM8562999_Naive1_filtered_matrix.mtx.gz,L84351,3
GSM8562999:GCCAGTGAGCACTTTG,Naive1,GSM8562999,L46940,1.0,GCCAGTGAGCACTTTG-1,1298,GSM8562999_Naive1_filtered_matrix.mtx.gz,L46940,2
GSM8562999:GCCATGGAGCGCGTTC,Naive1,GSM8562999,L145077,1.0,GCCATGGAGCGCGTTC-1,1299,GSM8562999_Naive1_filtered_matrix.mtx.gz,L145077,0
GSM8562999:GCCATGGAGGCGACAT,Naive1,GSM8562999,L322777,1.0,GCCATGGAGGCGACAT-1,1300,GSM8562999_Naive1_filtered_matrix.mtx.gz,L322777,4
GSM8562999:GCCATGGGTGTGCTTA,Naive1,GSM8562999,L8387,1.0,GCCATGGGTGTGCTTA-1,1301,GSM8562999_Naive1_filtered_matrix.mtx.gz,L8387,0
GSM8562999:GCCATTCTCACAACCA,Naive1,GSM8562999,L296189,1.0,GCCATTCTCACAACCA-1,1302,GSM8562999_Naive1_filtered_matrix.mtx.gz,L296189,1
GSM8562999:GCCCAGAGTTAGAAAC,Naive1,GSM8562999,L35389,1.0,GCCCAGAGTTAGAAAC-1,1303,GSM8562999_Naive1_filtered_matrix.mtx.gz,L35389,4
GSM8562999:GCCGATGAGAAACTCA,Naive1,GSM8562999,L165861,1.0,GCCGATGAGAAACTCA-1,1307,GSM8562999_Naive1_filtered_matrix.mtx.gz,L165861,4
GSM8562999:GCCGATGAGCAGTACG,Naive1,GSM8562999,L80342,1.0,GCCGATGAGCAGTACG-1,1308,GSM8562999_Naive1_filtered_matrix.mtx.gz,L80342,1
GSM8562999:GCCGTGACAGGTGTGA,Naive1,GSM8562999,L183654,1.0,GCCGTGACAGGTGTGA-1,1310,GSM8562999_Naive1_filtered_matrix.mtx.gz,L183654,3
GSM8562999:GCCGTGACATGACTTG,Naive1,GSM8562999,L152903,1.0,GCCGTGACATGACTTG-1,1311,GSM8562999_Naive1_filtered_matrix.mtx.gz,L152903,2
GSM8562999:GCCGTGAGTAATGCGG,Naive1,GSM8562999,L282925,1.0,GCCGTGAGTAATGCGG-1,1312,GSM8562999_Naive1_filtered_matrix.mtx.gz,L282925,4
GSM8562999:GCCTGTTCAAGCACAG,Naive1,GSM8562999,L70669,1.0,GCCTGTTCAAGCACAG-1,1314,GSM8562999_Naive1_filtered_matrix.mtx.gz,L70669,3
GSM8562999:GCGAGAATCAGTGTCA,Naive1,GSM8562999,L231623,1.0,GCGAGAATCAGTGTCA-1,1317,GSM8562999_Naive1_filtered_matrix.mtx.gz,L231623,3
GSM8562999:GCGATCGAGAAGCTGC,Naive1,GSM8562999,L52264,1.0,GCGATCGAGAAGCTGC-1,1319,GSM8562999_Naive1_filtered_matrix.mtx.gz,L52264,2
GSM8562999:GCGATCGGTACAGAGC,Naive1,GSM8562999,L16438,1.0,GCGATCGGTACAGAGC-1,1322,GSM8562999_Naive1_filtered_matrix.mtx.gz,L16438,1
GSM8562999:GCGATCGGTTGGGATG,Naive1,GSM8562999,L173296,1.0,GCGATCGGTTGGGATG-1,1323,GSM8562999_Naive1_filtered_matrix.mtx.gz,L173296,1
GSM8562999:GCGGAAACAATCGAAA,Naive1,GSM8562999,L31852,1.0,GCGGAAACAATCGAAA-1,1324,GSM8562999_Naive1_filtered_matrix.mtx.gz,L31852,2
GSM8562999:GCGGAAACAGTCTGGC,Naive1,GSM8562999,L106945,1.0,GCGGAAACAGTCTGGC-1,1325,GSM8562999_Naive1_filtered_matrix.mtx.gz,L106945,4
GSM8562999:GCGGAAACATAAGATG,Naive1,GSM8562999,L165929,1.0,GCGGAAACATAAGATG-1,1326,GSM8562999_Naive1_filtered_matrix.mtx.gz,L165929,3
GSM8562999:GCGGAAATCGCTGTCT,Naive1,GSM8562999,L879,1.0,GCGGAAATCGCTGTCT-1,1330,GSM8562999_Naive1_filtered_matrix.mtx.gz,L879,2
GSM8562999:GCGGATCAGATGACAT,Naive1,GSM8562999,L8387,1.0,GCGGATCAGATGACAT-1,1331,GSM8562999_Naive1_filtered_matrix.mtx.gz,L8387,0
GSM8562999:GCGGATCGTATCGTGT,Naive1,GSM8562999,L165826,1.0,GCGGATCGTATCGTGT-1,1333,GSM8562999_Naive1_filtered_matrix.mtx.gz,L165826,1
GSM8562999:GCGGATCGTGACACGA,Naive1,GSM8562999,L169592,1.0,GCGGATCGTGACACGA-1,1334,GSM8562999_Naive1_filtered_matrix.mtx.gz,L169592,0
GSM8562999:GCTACAAAGGAATGTT,Naive1,GSM8562999,L211480,1.0,GCTACAAAGGAATGTT-1,1337,GSM8562999_Naive1_filtered_matrix.mtx.gz,L211480,4
GSM8562999:GCTACAAAGGCCCACT,Naive1,GSM8562999,L79914,1.0,GCTACAAAGGCCCACT-1,1338,GSM8562999_Naive1_filtered_matrix.mtx.gz,L79914,0
GSM8562999:GCTCAAACAAATGATG,Naive1,GSM8562999,L214973,1.0,GCTCAAACAAATGATG-1,1340,GSM8562999_Naive1_filtered_matrix.mtx.gz,L214973,2
GSM8562999:GCTCAAAGTCGTGGAA,Naive1,GSM8562999,L216346,1.0,GCTCAAAGTCGTGGAA-1,1341,GSM8562999_Naive1_filtered_matrix.mtx.gz,L216346,3
GSM8562999:GCTCAAATCGCCGAGT,Naive1,GSM8562999,L12989,1.0,GCTCAAATCGCCGAGT-1,1342,GSM8562999_Naive1_filtered_matrix.mtx.gz,L12989,3
GSM8562999:GCTGCAGAGTAGGATT,Naive1,GSM8562999,L329798,1.0,GCTGCAGAGTAGGATT-1,1347,GSM8562999_Naive1_filtered_matrix.mtx.gz,L329798,3
GSM8562999:GCTGCAGGTCACTCAA,Naive1,GSM8562999,L84351,1.0,GCTGCAGGTCACTCAA-1,1348,GSM8562999_Naive1_filtered_matrix.mtx.gz,L84351,3
GSM8562999:GCTGGGTAGTCGCCAC,Naive1,GSM8562999,L195677,1.0,GCTGGGTAGTCGCCAC-1,1349,GSM8562999_Naive1_filtered_matrix.mtx.gz,L195677,0
GSM8562999:GCTGGGTTCGATGCTA,Naive1,GSM8562999,L187885,1.0,GCTGGGTTCGATGCTA-1,1350,GSM8562999_Naive1_filtered_matrix.mtx.gz,L187885,0
GSM8562999:GCTTCACCAAAGAGTT,Naive1,GSM8562999,L257154,1.0,GCTTCACCAAAGAGTT-1,1352,GSM8562999_Naive1_filtered_matrix.mtx.gz,L257154,4
GSM8562999:GCTTGGGGTCTTTCTA,Naive1,GSM8562999,L88461,1.0,GCTTGGGGTCTTTCTA-1,1353,GSM8562999_Naive1_filtered_matrix.mtx.gz,L88461,3
GSM8562999:GCTTGGGTCATGTCAG,Naive1,GSM8562999,L305830,1.0,GCTTGGGTCATGTCAG-1,1354,GSM8562999_Naive1_filtered_matrix.mtx.gz,L305830,0
GSM8562999:GCTTTCGTCTTTGCAT,Naive1,GSM8562999,L19489,1.0,GCTTTCGTCTTTGCAT-1,1358,GSM8562999_Naive1_filtered_matrix.mtx.gz,L19489,0
GSM8562999:GGAACCCGTTGGAGAC,Naive1,GSM8562999,L214973,1.0,GGAACCCGTTGGAGAC-1,1359,GSM8562999_Naive1_filtered_matrix.mtx.gz,L214973,2
GSM8562999:GGAAGTGCACTATCCC,Naive1,GSM8562999,L320820,1.0,GGAAGTGCACTATCCC-1,1360,GSM8562999_Naive1_filtered_matrix.mtx.gz,L320820,3
GSM8562999:GGAAGTGGTGAACTAA,Naive1,GSM8562999,L10419,1.0,GGAAGTGGTGAACTAA-1,1362,GSM8562999_Naive1_filtered_matrix.mtx.gz,L10419,2
GSM8562999:GGAATGGAGAATTGCA,Naive1,GSM8562999,L214973,1.0,GGAATGGAGAATTGCA-1,1365,GSM8562999_Naive1_filtered_matrix.mtx.gz,L214973,2
GSM8562999:GGAATGGTCATTCGTT,Naive1,GSM8562999,L114452,1.0,GGAATGGTCATTCGTT-1,1368,GSM8562999_Naive1_filtered_matrix.mtx.gz,L114452,2
GSM8562999:GGACGTCCAAGCTGTT,Naive1,GSM8562999,L223068,1.0,GGACGTCCAAGCTGTT-1,1369,GSM8562999_Naive1_filtered_matrix.mtx.gz,L223068,0
GSM8562999:GGACGTCCACGACTAT,Naive1,GSM8562999,L152903,1.0,GGACGTCCACGACTAT-1,1370,GSM8562999_Naive1_filtered_matrix.mtx.gz,L152903,2
GSM8562999:GGACGTCCACTGGCGT,Naive1,GSM8562999,L181437,1.0,GGACGTCCACTGGCGT-1,1371,GSM8562999_Naive1_filtered_matrix.mtx.gz,L181437,0
GSM8562999:GGACGTCCAGTTGTCA,Naive1,GSM8562999,L46013,1.0,GGACGTCCAGTTGTCA-1,1372,GSM8562999_Naive1_filtered_matrix.mtx.gz,L46013,4
GSM8562999:GGAGCAAAGCTGGCTC,Naive1,GSM8562999,L274730,1.0,GGAGCAAAGCTGGCTC-1,1375,GSM8562999_Naive1_filtered_matrix.mtx.gz,L274730,4
GSM8562999:GGATCTACAAATGCGG,Naive1,GSM8562999,L178651,1.0,GGATCTACAAATGCGG-1,1378,GSM8562999_Naive1_filtered_matrix.mtx.gz,L178651,1
GSM8562999:GGATCTAGTTGGACTT,Naive1,GSM8562999,L173296,1.0,GGATCTAGTTGGACTT-1,1379,GSM8562999_Naive1_filtered_matrix.mtx.gz,L173296,1
GSM8562999:GGATGTTAGGGCAACT,Naive1,GSM8562999,L267658,1.0,GGATGTTAGGGCAACT-1,1382,GSM8562999_Naive1_filtered_matrix.mtx.gz,L267658,3
GSM8562999:GGCACGTCATCATCTT,Naive1,GSM8562999,L74009,1.0,GGCACGTCATCATCTT-1,1387,GSM8562999_Naive1_filtered_matrix.mtx.gz,L74009,1
GSM8562999:GGCACGTTCCCGAATA,Naive1,GSM8562999,L36541,1.0,GGCACGTTCCCGAATA-1,1388,GSM8562999_Naive1_filtered_matrix.mtx.gz,L36541,3
GSM8562999:GGCGTCAGTATAGCTC,Naive1,GSM8562999,L19489,1.0,GGCGTCAGTATAGCTC-1,1389,GSM8562999_Naive1_filtered_matrix.mtx.gz,L19489,0
GSM8562999:GGCTTGGCAATAGGGC,Naive1,GSM8562999,L216346,1.0,GGCTTGGCAATAGGGC-1,1394,GSM8562999_Naive1_filtered_matrix.mtx.gz,L216346,3
GSM8562999:GGCTTTCCAATGGCAG,Naive1,GSM8562999,L147347,1.0,GGCTTTCCAATGGCAG-1,1396,GSM8562999_Naive1_filtered_matrix.mtx.gz,L147347,1
GSM8562999:GGCTTTCCATTCAGCA,Naive1,GSM8562999,L304427,1.0,GGCTTTCCATTCAGCA-1,1397,GSM8562999_Naive1_filtered_matrix.mtx.gz,L304427,2
GSM8562999:GGCTTTCGTAACCCTA,Naive1,GSM8562999,L193373,1.0,GGCTTTCGTAACCCTA-1,1398,GSM8562999_Naive1_filtered_matrix.mtx.gz,L193373,2
GSM8562999:GGGAAGTAGTGTTGTC,Naive1,GSM8562999,L210870,1.0,GGGAAGTAGTGTTGTC-1,1399,GSM8562999_Naive1_filtered_matrix.mtx.gz,L210870,2
GSM8562999:GGGAAGTCAGACCGCT,Naive1,GSM8562999,L229096,1.0,GGGAAGTCAGACCGCT-1,1400,GSM8562999_Naive1_filtered_matrix.mtx.gz,L229096,4
GSM8562999:GGGACAAAGGTAGCAC,Naive1,GSM8562999,L304427,1.0,GGGACAAAGGTAGCAC-1,1403,GSM8562999_Naive1_filtered_matrix.mtx.gz,L304427,2
GSM8562999:GGGACAATCCTGATAG,Naive1,GSM8562999,L191293,1.0,GGGACAATCCTGATAG-1,1404,GSM8562999_Naive1_filtered_matrix.mtx.gz,L191293,2
GSM8562999:GGGACTCAGCCTTTGA,Naive1,GSM8562999,L167950,1.0,GGGACTCAGCCTTTGA-1,1405,GSM8562999_Naive1_filtered_matrix.mtx.gz,L167950,3
GSM8562999:GGGAGTAAGTCACTGT,Naive1,GSM8562999,L274951,1.0,GGGAGTAAGTCACTGT-1,1408,GSM8562999_Naive1_filtered_matrix.mtx.gz,L274951,3
GSM8562999:GGGATCCAGGTAAACT,Naive1,GSM8562999,L117154,1.0,GGGATCCAGGTAAACT-1,1409,GSM8562999_Naive1_filtered_matrix.mtx.gz,L117154,4
GSM8562999:GGGCCATAGACGTCGA,Naive1,GSM8562999,L16438,1.0,GGGCCATAGACGTCGA-1,1412,GSM8562999_Naive1_filtered_matrix.mtx.gz,L16438,1
GSM8562999:GGGCTACAGCTCGGCT,Naive1,GSM8562999,L227359,1.0,GGGCTACAGCTCGGCT-1,1414,GSM8562999_Naive1_filtered_matrix.mtx.gz,L227359,0
GSM8562999:GGGCTACTCAGACATC,Naive1,GSM8562999,L227502,1.0,GGGCTACTCAGACATC-1,1415,GSM8562999_Naive1_filtered_matrix.mtx.gz,L227502,2
GSM8562999:GGGCTCAAGAGCTGAC,Naive1,GSM8562999,L13818,1.0,GGGCTCAAGAGCTGAC-1,1416,GSM8562999_Naive1_filtered_matrix.mtx.gz,L13818,3
GSM8562999:GGGCTCACAAATTGCC,Naive1,GSM8562999,L269961,1.0,GGGCTCACAAATTGCC-1,1418,GSM8562999_Naive1_filtered_matrix.mtx.gz,L269961,4
GSM8562999:GGGTATTGTCAGGCAA,Naive1,GSM8562999,L210749,1.0,GGGTATTGTCAGGCAA-1,1419,GSM8562999_Naive1_filtered_matrix.mtx.gz,L210749,2
GSM8562999:GGGTATTTCGGATAAA,Naive1,GSM8562999,L114118,1.0,GGGTATTTCGGATAAA-1,1420,GSM8562999_Naive1_filtered_matrix.mtx.gz,L114118,2
GSM8562999:GGGTCACCAATTCACG,Naive1,GSM8562999,L114118,1.0,GGGTCACCAATTCACG-1,1421,GSM8562999_Naive1_filtered_matrix.mtx.gz,L114118,2
GSM8562999:GGGTCACCACGGTCTG,Naive1,GSM8562999,L51669,1.0,GGGTCACCACGGTCTG-1,1422,GSM8562999_Naive1_filtered_matrix.mtx.gz,L51669,4
GSM8562999:GGGTCTGAGCAGCAGT,Naive1,GSM8562999,L165407,1.0,GGGTCTGAGCAGCAGT-1,1423,GSM8562999_Naive1_filtered_matrix.mtx.gz,L165407,1
GSM8562999:GGGTCTGAGGAGGGTG,Naive1,GSM8562999,L202775,1.0,GGGTCTGAGGAGGGTG-1,1424,GSM8562999_Naive1_filtered_matrix.mtx.gz,L202775,0
GSM8562999:GGGTGAATCGCCAACG,Naive1,GSM8562999,L231474,1.0,GGGTGAATCGCCAACG-1,1426,GSM8562999_Naive1_filtered_matrix.mtx.gz,L231474,0
GSM8562999:GGGTGTCGTATGGGAC,Naive1,GSM8562999,L13818,1.0,GGGTGTCGTATGGGAC-1,1428,GSM8562999_Naive1_filtered_matrix.mtx.gz,L13818,3
GSM8562999:GGGTGTCTCTATCGGA,Naive1,GSM8562999,L91803,1.0,GGGTGTCTCTATCGGA-1,1430,GSM8562999_Naive1_filtered_matrix.mtx.gz,L91803,3
GSM8562999:GGGTTATCAAATGGAT,Naive1,GSM8562999,L328955,1.0,GGGTTATCAAATGGAT-1,1432,GSM8562999_Naive1_filtered_matrix.mtx.gz,L328955,3
GSM8562999:GGGTTATCACTTGAGT,Naive1,GSM8562999,L165222,1.0,GGGTTATCACTTGAGT-1,1433,GSM8562999_Naive1_filtered_matrix.mtx.gz,L165222,0
GSM8562999:GGGTTTACAGGCGTTC,Naive1,GSM8562999,L40787,1.0,GGGTTTACAGGCGTTC-1,1435,GSM8562999_Naive1_filtered_matrix.mtx.gz,L40787,0
GSM8562999:GGGTTTATCCAAGAGG,Naive1,GSM8562999,L76568,1.0,GGGTTTATCCAAGAGG-1,1436,GSM8562999_Naive1_filtered_matrix.mtx.gz,L76568,0
GSM8562999:GGTAACTTCAGGGATG,Naive1,GSM8562999,L212617,1.0,GGTAACTTCAGGGATG-1,1439,GSM8562999_Naive1_filtered_matrix.mtx.gz,L212617,1
GSM8562999:GGTAACTTCTGGTGGC,Naive1,GSM8562999,L879,1.0,GGTAACTTCTGGTGGC-1,1441,GSM8562999_Naive1_filtered_matrix.mtx.gz,L879,2
GSM8562999:GGTAATCGTAGACTGG,Naive1,GSM8562999,L320820,1.0,GGTAATCGTAGACTGG-1,1443,GSM8562999_Naive1_filtered_matrix.mtx.gz,L320820,3
GSM8562999:GGTAATCGTGACTCGC,Naive1,GSM8562999,L109193,1.0,GGTAATCGTGACTCGC-1,1444,GSM8562999_Naive1_filtered_matrix.mtx.gz,L109193,2
GSM8562999:GGTAATCGTGATACCT,Naive1,GSM8562999,L227975,1.0,GGTAATCGTGATACCT-1,1445,GSM8562999_Naive1_filtered_matrix.mtx.gz,L227975,1
GSM8562999:GGTAGAGTCTCATAGG,Naive1,GSM8562999,L183665,1.0,GGTAGAGTCTCATAGG-1,1448,GSM8562999_Naive1_filtered_matrix.mtx.gz,L183665,2
GSM8562999:GGTCACGGTTAAAGTG,Naive1,GSM8562999,L165042,1.0,GGTCACGGTTAAAGTG-1,1449,GSM8562999_Naive1_filtered_matrix.mtx.gz,L165042,0
GSM8562999:GGTCTGGCAATGTTGC,Naive1,GSM8562999,L229874,1.0,GGTCTGGCAATGTTGC-1,1451,GSM8562999_Naive1_filtered_matrix.mtx.gz,L229874,1
GSM8562999:GGTCTGGTCCATTGCC,Naive1,GSM8562999,L303918,1.0,GGTCTGGTCCATTGCC-1,1452,GSM8562999_Naive1_filtered_matrix.mtx.gz,L303918,0
GSM8562999:GGTGAAGAGTCGGCAA,Naive1,GSM8562999,L168572,1.0,GGTGAAGAGTCGGCAA-1,1453,GSM8562999_Naive1_filtered_matrix.mtx.gz,L168572,3
GSM8562999:GGTGAAGCAATAGTGA,Naive1,GSM8562999,L80268,1.0,GGTGAAGCAATAGTGA-1,1454,GSM8562999_Naive1_filtered_matrix.mtx.gz,L80268,2
GSM8562999:GGTGAAGCATTGTACG,Naive1,GSM8562999,L307963,1.0,GGTGAAGCATTGTACG-1,1455,GSM8562999_Naive1_filtered_matrix.mtx.gz,L307963,2
GSM8562999:GGTGATTAGTCCTACA,Naive1,GSM8562999,L64990,1.0,GGTGATTAGTCCTACA-1,1456,GSM8562999_Naive1_filtered_matrix.mtx.gz,L64990,4
GSM8562999:GGTGATTCACAAGCCC,Naive1,GSM8562999,L40629,1.0,GGTGATTCACAAGCCC-1,1457,GSM8562999_Naive1_filtered_matrix.mtx.gz,L40629,4
GSM8562999:GGTGGCTAGGTTCCGC,Naive1,GSM8562999,L109168,1.0,GGTGGCTAGGTTCCGC-1,1458,GSM8562999_Naive1_filtered_matrix.mtx.gz,L109168,2
GSM8562999:GGTGGCTCACCGTACG,Naive1,GSM8562999,L50807,1.0,GGTGGCTCACCGTACG-1,1459,GSM8562999_Naive1_filtered_matrix.mtx.gz,L50807,4
GSM8562999:GGTGGCTCATTAGGCT,Naive1,GSM8562999,L13633,1.0,GGTGGCTCATTAGGCT-1,1461,GSM8562999_Naive1_filtered_matrix.mtx.gz,L13633,4
GSM8562999:GGTGTCGAGGCGCTTC,Naive1,GSM8562999,L323769,1.0,GGTGTCGAGGCGCTTC-1,1463,GSM8562999_Naive1_filtered_matrix.mtx.gz,L323769,0
GSM8562999:GGTGTCGAGGTAAGGA,Naive1,GSM8562999,L187096,1.0,GGTGTCGAGGTAAGGA-1,1464,GSM8562999_Naive1_filtered_matrix.mtx.gz,L187096,2
GSM8562999:GGTGTCGCAAACAGGC,Naive1,GSM8562999,L173296,1.0,GGTGTCGCAAACAGGC-1,1465,GSM8562999_Naive1_filtered_matrix.mtx.gz,L173296,1
GSM8562999:GGTGTTAAGACATCCT,Naive1,GSM8562999,L229874,1.0,GGTGTTAAGACATCCT-1,1467,GSM8562999_Naive1_filtered_matrix.mtx.gz,L229874,1
GSM8562999:GGTTCTCAGTTCTCTT,Naive1,GSM8562999,L81738,1.0,GGTTCTCAGTTCTCTT-1,1469,GSM8562999_Naive1_filtered_matrix.mtx.gz,L81738,0
GSM8562999:GGTTGTAAGAGTCAGC,Naive1,GSM8562999,L325741,1.0,GGTTGTAAGAGTCAGC-1,1471,GSM8562999_Naive1_filtered_matrix.mtx.gz,L325741,0
GSM8562999:GGTTGTAGTTAAGTCC,Naive1,GSM8562999,L185259,1.0,GGTTGTAGTTAAGTCC-1,1472,GSM8562999_Naive1_filtered_matrix.mtx.gz,L185259,1
GSM8562999:GTAACACAGGCCTAAG,Naive1,GSM8562999,L268453,1.0,GTAACACAGGCCTAAG-1,1474,GSM8562999_Naive1_filtered_matrix.mtx.gz,L268453,2
GSM8562999:GTAACCACACAGCTTA,Naive1,GSM8562999,L212390,1.0,GTAACCACACAGCTTA-1,1476,GSM8562999_Naive1_filtered_matrix.mtx.gz,L212390,0
GSM8562999:GTAACCATCATTCTTG,Naive1,GSM8562999,L147347,1.0,GTAACCATCATTCTTG-1,1479,GSM8562999_Naive1_filtered_matrix.mtx.gz,L147347,1
GSM8562999:GTAAGTCCATTGCTTT,Naive1,GSM8562999,L322777,1.0,GTAAGTCCATTGCTTT-1,1480,GSM8562999_Naive1_filtered_matrix.mtx.gz,L322777,4
GSM8562999:GTAATGCAGGGCAGTT,Naive1,GSM8562999,L2749,1.0,GTAATGCAGGGCAGTT-1,1483,GSM8562999_Naive1_filtered_matrix.mtx.gz,L2749,1
GSM8562999:GTAATGCAGGTAGTAT,Naive1,GSM8562999,L88461,1.0,GTAATGCAGGTAGTAT-1,1484,GSM8562999_Naive1_filtered_matrix.mtx.gz,L88461,3
GSM8562999:GTAATGCCAACTGCCG,Naive1,GSM8562999,L227359,1.0,GTAATGCCAACTGCCG-1,1486,GSM8562999_Naive1_filtered_matrix.mtx.gz,L227359,0
GSM8562999:GTAATGCTCACACCCT,Naive1,GSM8562999,L173296,1.0,GTAATGCTCACACCCT-1,1488,GSM8562999_Naive1_filtered_matrix.mtx.gz,L173296,1
GSM8562999:GTACAACGTGGGACAT,Naive1,GSM8562999,L304696,1.0,GTACAACGTGGGACAT-1,1489,GSM8562999_Naive1_filtered_matrix.mtx.gz,L304696,2
GSM8562999:GTACAGTAGCTGGTGA,Naive1,GSM8562999,L56999,1.0,GTACAGTAGCTGGTGA-1,1491,GSM8562999_Naive1_filtered_matrix.mtx.gz,L56999,0
GSM8562999:GTACAGTAGTCCCTAA,Naive1,GSM8562999,L207012,1.0,GTACAGTAGTCCCTAA-1,1492,GSM8562999_Naive1_filtered_matrix.mtx.gz,L207012,4
GSM8562999:GTAGAAACAGTCAGTT,Naive1,GSM8562999,L325741,1.0,GTAGAAACAGTCAGTT-1,1493,GSM8562999_Naive1_filtered_matrix.mtx.gz,L325741,0
GSM8562999:GTAGAGGAGTCTAACC,Naive1,GSM8562999,L40629,1.0,GTAGAGGAGTCTAACC-1,1496,GSM8562999_Naive1_filtered_matrix.mtx.gz,L40629,4
GSM8562999:GTAGAGGCAGAACTAA,Naive1,GSM8562999,L139209,1.0,GTAGAGGCAGAACTAA-1,1497,GSM8562999_Naive1_filtered_matrix.mtx.gz,L139209,1
GSM8562999:GTAGATCAGAGCACTG,Naive1,GSM8562999,L318458,0.564229,GTAGATCAGAGCACTG-1,1498,GSM8562999_Naive1_filtered_matrix.mtx.gz,L318458,4
GSM8562999:GTAGCTAGTACTCGAT,Naive1,GSM8562999,L270871,0.777859,GTAGCTAGTACTCGAT-1,1501,GSM8562999_Naive1_filtered_matrix.mtx.gz,L270871,0
GSM8562999:GTAGCTATCTAACGCA,Naive1,GSM8562999,L244886,1.0,GTAGCTATCTAACGCA-1,1502,GSM8562999_Naive1_filtered_matrix.mtx.gz,L244886,4
GSM8562999:GTAGGAGTCCTTATCA,Naive1,GSM8562999,L196980,1.0,GTAGGAGTCCTTATCA-1,1504,GSM8562999_Naive1_filtered_matrix.mtx.gz,L196980,3
GSM8562999:GTAGGTTCAAGGCTTT,Naive1,GSM8562999,L166707,1.0,GTAGGTTCAAGGCTTT-1,1505,GSM8562999_Naive1_filtered_matrix.mtx.gz,L166707,1
GSM8562999:GTAGGTTTCAGCCCAG,Naive1,GSM8562999,L162604,1.0,GTAGGTTTCAGCCCAG-1,1506,GSM8562999_Naive1_filtered_matrix.mtx.gz,L162604,0
GSM8562999:GTAGGTTTCTGTCTCG,Naive1,GSM8562999,L231007,1.0,GTAGGTTTCTGTCTCG-1,1507,GSM8562999_Naive1_filtered_matrix.mtx.gz,L231007,2
GSM8562999:GTAGTACCAACACGAG,Naive1,GSM8562999,L17873,1.0,GTAGTACCAACACGAG-1,1508,GSM8562999_Naive1_filtered_matrix.mtx.gz,L17873,0
GSM8562999:GTATTGGGTCGAAACG,Naive1,GSM8562999,L85759,1.0,GTATTGGGTCGAAACG-1,1510,GSM8562999_Naive1_filtered_matrix.mtx.gz,L85759,2
GSM8562999:GTATTTCCACGTATAC,Naive1,GSM8562999,L241540,1.0,GTATTTCCACGTATAC-1,1511,GSM8562999_Naive1_filtered_matrix.mtx.gz,L241540,2
GSM8562999:GTATTTCCAGGAAGTC,Naive1,GSM8562999,L150868,1.0,GTATTTCCAGGAAGTC-1,1512,GSM8562999_Naive1_filtered_matrix.mtx.gz,L150868,3
GSM8562999:GTCAAACTCACTACTT,Naive1,GSM8562999,L16764,0.922222,GTCAAACTCACTACTT-1,1517,GSM8562999_Naive1_filtered_matrix.mtx.gz,L16764,4
GSM8562999:GTCAAGTTCACGGTCG,Naive1,GSM8562999,L277200,1.0,GTCAAGTTCACGGTCG-1,1519,GSM8562999_Naive1_filtered_matrix.mtx.gz,L277200,2
GSM8562999:GTCACTCTCAACGCTA,Naive1,GSM8562999,L5170,1.0,GTCACTCTCAACGCTA-1,1520,GSM8562999_Naive1_filtered_matrix.mtx.gz,L5170,0
GSM8562999:GTCATCCAGAACAGGA,Naive1,GSM8562999,L98994,1.0,GTCATCCAGAACAGGA-1,1523,GSM8562999_Naive1_filtered_matrix.mtx.gz,L98994,0
GSM8562999:GTCATGAGTGACCGAA,Naive1,GSM8562999,L290279,1.0,GTCATGAGTGACCGAA-1,1525,GSM8562999_Naive1_filtered_matrix.mtx.gz,L290279,2
GSM8562999:GTCATTTTCGCGTGAC,Naive1,GSM8562999,L81738,1.0,GTCATTTTCGCGTGAC-1,1526,GSM8562999_Naive1_filtered_matrix.mtx.gz,L81738,0
GSM8562999:GTCCACTCACCGTCGA,Naive1,GSM8562999,L168572,1.0,GTCCACTCACCGTCGA-1,1527,GSM8562999_Naive1_filtered_matrix.mtx.gz,L168572,3
GSM8562999:GTCCACTCATCTGGGC,Naive1,GSM8562999,L35389,1.0,GTCCACTCATCTGGGC-1,1528,GSM8562999_Naive1_filtered_matrix.mtx.gz,L35389,4
GSM8562999:GTCCACTTCCAGTTCC,Naive1,GSM8562999,L295735,0.82813,GTCCACTTCCAGTTCC-1,1529,GSM8562999_Naive1_filtered_matrix.mtx.gz,L295735,3
GSM8562999:GTCCCATCATACATCG,Naive1,GSM8562999,L112164,1.0,GTCCCATCATACATCG-1,1530,GSM8562999_Naive1_filtered_matrix.mtx.gz,L112164,2
GSM8562999:GTCCTCATCCATCAGA,Naive1,GSM8562999,L44586,1.0,GTCCTCATCCATCAGA-1,1534,GSM8562999_Naive1_filtered_matrix.mtx.gz,L44586,0
GSM8562999:GTCGAATCAGAAACCG,Naive1,GSM8562999,L109937,1.0,GTCGAATCAGAAACCG-1,1536,GSM8562999_Naive1_filtered_matrix.mtx.gz,L109937,1
GSM8562999:GTCGCGAGTACAGTAA,Naive1,GSM8562999,L247859,1.0,GTCGCGAGTACAGTAA-1,1539,GSM8562999_Naive1_filtered_matrix.mtx.gz,L247859,0
GSM8562999:GTCGCGAGTCGTATGT,Naive1,GSM8562999,L40629,1.0,GTCGCGAGTCGTATGT-1,1540,GSM8562999_Naive1_filtered_matrix.mtx.gz,L40629,4
GSM8562999:GTCGCGAGTGATTGGG,Naive1,GSM8562999,L59420,1.0,GTCGCGAGTGATTGGG-1,1541,GSM8562999_Naive1_filtered_matrix.mtx.gz,L59420,0
GSM8562999:GTCGCGATCTCAACCC,Naive1,GSM8562999,L205676,1.0,GTCGCGATCTCAACCC-1,1543,GSM8562999_Naive1_filtered_matrix.mtx.gz,L205676,0
GSM8562999:GTCGTAATCCGCAACG,Naive1,GSM8562999,L244174,1.0,GTCGTAATCCGCAACG-1,1544,GSM8562999_Naive1_filtered_matrix.mtx.gz,L244174,3
GSM8562999:GTCGTTCAGTCCCGAC,Naive1,GSM8562999,L145077,1.0,GTCGTTCAGTCCCGAC-1,1545,GSM8562999_Naive1_filtered_matrix.mtx.gz,L145077,0
GSM8562999:GTCGTTCCATATACCG,Naive1,GSM8562999,L267658,1.0,GTCGTTCCATATACCG-1,1546,GSM8562999_Naive1_filtered_matrix.mtx.gz,L267658,3
GSM8562999:GTCGTTCTCGCTACAA,Naive1,GSM8562999,L185259,1.0,GTCGTTCTCGCTACAA-1,1547,GSM8562999_Naive1_filtered_matrix.mtx.gz,L185259,1
GSM8562999:GTCTACCGTTCCGTTC,Naive1,GSM8562999,L25042,1.0,GTCTACCGTTCCGTTC-1,1548,GSM8562999_Naive1_filtered_matrix.mtx.gz,L25042,4
GSM8562999:GTCTACCGTTGACGGA,Naive1,GSM8562999,L42680,1.0,GTCTACCGTTGACGGA-1,1549,GSM8562999_Naive1_filtered_matrix.mtx.gz,L42680,4
GSM8562999:GTCTACCTCTTCGTGC,Naive1,GSM8562999,L10299,1.0,GTCTACCTCTTCGTGC-1,1550,GSM8562999_Naive1_filtered_matrix.mtx.gz,L10299,3
GSM8562999:GTCTAGACACTTCAAG,Naive1,GSM8562999,L152330,0.545528,GTCTAGACACTTCAAG-1,1551,GSM8562999_Naive1_filtered_matrix.mtx.gz,L152330,3
GSM8562999:GTCTAGATCAGGAACG,Naive1,GSM8562999,L222867,1.0,GTCTAGATCAGGAACG-1,1552,GSM8562999_Naive1_filtered_matrix.mtx.gz,L222867,4
GSM8562999:GTCTCACCAAAGGAGA,Naive1,GSM8562999,L165826,1.0,GTCTCACCAAAGGAGA-1,1553,GSM8562999_Naive1_filtered_matrix.mtx.gz,L165826,1
GSM8562999:GTCTCACCAGATCCTA,Naive1,GSM8562999,L249999,1.0,GTCTCACCAGATCCTA-1,1554,GSM8562999_Naive1_filtered_matrix.mtx.gz,L249999,3
GSM8562999:GTCTCACCAGTAGTTC,Naive1,GSM8562999,L98634,1.0,GTCTCACCAGTAGTTC-1,1555,GSM8562999_Naive1_filtered_matrix.mtx.gz,L98634,2
GSM8562999:GTCTCACGTAAGGCCA,Naive1,GSM8562999,L231623,1.0,GTCTCACGTAAGGCCA-1,1556,GSM8562999_Naive1_filtered_matrix.mtx.gz,L231623,3
GSM8562999:GTCTGTCCACTGCACG,Naive1,GSM8562999,L244886,1.0,GTCTGTCCACTGCACG-1,1557,GSM8562999_Naive1_filtered_matrix.mtx.gz,L244886,4
GSM8562999:GTCTTTAGTGGTTTAC,Naive1,GSM8562999,L239228,1.0,GTCTTTAGTGGTTTAC-1,1561,GSM8562999_Naive1_filtered_matrix.mtx.gz,L239228,2
GSM8562999:GTCTTTATCGAAGAAT,Naive1,GSM8562999,L96686,1.0,GTCTTTATCGAAGAAT-1,1563,GSM8562999_Naive1_filtered_matrix.mtx.gz,L96686,2
GSM8562999:GTCTTTATCGCTGATA,Naive1,GSM8562999,L12989,1.0,GTCTTTATCGCTGATA-1,1564,GSM8562999_Naive1_filtered_matrix.mtx.gz,L12989,3
GSM8562999:GTGACGCAGAGACAAG,Naive1,GSM8562999,L31852,1.0,GTGACGCAGAGACAAG-1,1566,GSM8562999_Naive1_filtered_matrix.mtx.gz,L31852,2
GSM8562999:GTGAGCCCAATCTGCA,Naive1,GSM8562999,L173296,1.0,GTGAGCCCAATCTGCA-1,1567,GSM8562999_Naive1_filtered_matrix.mtx.gz,L173296,1
GSM8562999:GTGAGCCGTTTGATCG,Naive1,GSM8562999,L263788,1.0,GTGAGCCGTTTGATCG-1,1568,GSM8562999_Naive1_filtered_matrix.mtx.gz,L263788,0
GSM8562999:GTGAGCCTCAGCGGAA,Naive1,GSM8562999,L53092,1.0,GTGAGCCTCAGCGGAA-1,1569,GSM8562999_Naive1_filtered_matrix.mtx.gz,L53092,3
GSM8562999:GTGAGGACAAAGCTCT,Naive1,GSM8562999,L325741,1.0,GTGAGGACAAAGCTCT-1,1571,GSM8562999_Naive1_filtered_matrix.mtx.gz,L325741,0
GSM8562999:GTGAGGATCTACTGAG,Naive1,GSM8562999,L19489,1.0,GTGAGGATCTACTGAG-1,1573,GSM8562999_Naive1_filtered_matrix.mtx.gz,L19489,0
GSM8562999:GTGAGTTCAGCTACCG,Naive1,GSM8562999,L35389,1.0,GTGAGTTCAGCTACCG-1,1574,GSM8562999_Naive1_filtered_matrix.mtx.gz,L35389,4
GSM8562999:GTGATGTCAGAATCGG,Naive1,GSM8562999,L314894,1.0,GTGATGTCAGAATCGG-1,1576,GSM8562999_Naive1_filtered_matrix.mtx.gz,L314894,1
GSM8562999:GTGATGTTCCGATCTC,Naive1,GSM8562999,L304696,1.0,GTGATGTTCCGATCTC-1,1578,GSM8562999_Naive1_filtered_matrix.mtx.gz,L304696,2
GSM8562999:GTGATGTTCTTAATCC,Naive1,GSM8562999,L214973,1.0,GTGATGTTCTTAATCC-1,1580,GSM8562999_Naive1_filtered_matrix.mtx.gz,L214973,2
GSM8562999:GTGCAGCTCCCTCGAT,Naive1,GSM8562999,L15809,1.0,GTGCAGCTCCCTCGAT-1,1581,GSM8562999_Naive1_filtered_matrix.mtx.gz,L15809,2
GSM8562999:GTGCGTGGTCTGCCTT,Naive1,GSM8562999,L124052,1.0,GTGCGTGGTCTGCCTT-1,1583,GSM8562999_Naive1_filtered_matrix.mtx.gz,L124052,4
GSM8562999:GTGCGTGTCCTTATGT,Naive1,GSM8562999,L172946,1.0,GTGCGTGTCCTTATGT-1,1584,GSM8562999_Naive1_filtered_matrix.mtx.gz,L172946,1
GSM8562999:GTGCTGGAGAACGTGC,Naive1,GSM8562999,L38872,1.0,GTGCTGGAGAACGTGC-1,1585,GSM8562999_Naive1_filtered_matrix.mtx.gz,L38872,3
GSM8562999:GTGCTGGCAACAGCCC,Naive1,GSM8562999,L145073,1.0,GTGCTGGCAACAGCCC-1,1587,GSM8562999_Naive1_filtered_matrix.mtx.gz,L145073,1
GSM8562999:GTGCTTCAGCTAATGA,Naive1,GSM8562999,L52820,1.0,GTGCTTCAGCTAATGA-1,1589,GSM8562999_Naive1_filtered_matrix.mtx.gz,L52820,0
GSM8562999:GTGCTTCCAGATTCGT,Naive1,GSM8562999,L107467,1.0,GTGCTTCCAGATTCGT-1,1590,GSM8562999_Naive1_filtered_matrix.mtx.gz,L107467,4
GSM8562999:GTGGAGAAGAGGTCAC,Naive1,GSM8562999,L70669,1.0,GTGGAGAAGAGGTCAC-1,1592,GSM8562999_Naive1_filtered_matrix.mtx.gz,L70669,3
GSM8562999:GTGGAGAGTAAGTTGA,Naive1,GSM8562999,L196980,1.0,GTGGAGAGTAAGTTGA-1,1595,GSM8562999_Naive1_filtered_matrix.mtx.gz,L196980,3
GSM8562999:GTGGAGAGTAATACCC,Naive1,GSM8562999,L19237,1.0,GTGGAGAGTAATACCC-1,1596,GSM8562999_Naive1_filtered_matrix.mtx.gz,L19237,0
GSM8562999:GTGGAGATCGCTGCGA,Naive1,GSM8562999,L303910,1.0,GTGGAGATCGCTGCGA-1,1597,GSM8562999_Naive1_filtered_matrix.mtx.gz,L303910,0
GSM8562999:GTGGCGTCATCATCTT,Naive1,GSM8562999,L138906,1.0,GTGGCGTCATCATCTT-1,1598,GSM8562999_Naive1_filtered_matrix.mtx.gz,L138906,2
GSM8562999:GTGGCGTGTCATCGGC,Naive1,GSM8562999,L30334,1.0,GTGGCGTGTCATCGGC-1,1599,GSM8562999_Naive1_filtered_matrix.mtx.gz,L30334,2
GSM8562999:GTGGCGTGTTGGGAAC,Naive1,GSM8562999,L144495,1.0,GTGGCGTGTTGGGAAC-1,1600,GSM8562999_Naive1_filtered_matrix.mtx.gz,L144495,4
GSM8562999:GTGGTTAGTGGCAACA,Naive1,GSM8562999,L247990,1.0,GTGGTTAGTGGCAACA-1,1606,GSM8562999_Naive1_filtered_matrix.mtx.gz,L247990,0
GSM8562999:GTGGTTAGTTATGGTC,Naive1,GSM8562999,L75392,1.0,GTGGTTAGTTATGGTC-1,1607,GSM8562999_Naive1_filtered_matrix.mtx.gz,L75392,4
GSM8562999:GTGTAACAGGTCGTCC,Naive1,GSM8562999,L52820,1.0,GTGTAACAGGTCGTCC-1,1610,GSM8562999_Naive1_filtered_matrix.mtx.gz,L52820,0
GSM8562999:GTGTAACGTTATCCAG,Naive1,GSM8562999,L316533,1.0,GTGTAACGTTATCCAG-1,1611,GSM8562999_Naive1_filtered_matrix.mtx.gz,L316533,2
GSM8562999:GTGTAACTCGGAATGG,Naive1,GSM8562999,L58090,1.0,GTGTAACTCGGAATGG-1,1612,GSM8562999_Naive1_filtered_matrix.mtx.gz,L58090,2
GSM8562999:GTGTCCTAGATACGAT,Naive1,GSM8562999,L179846,1.0,GTGTCCTAGATACGAT-1,1613,GSM8562999_Naive1_filtered_matrix.mtx.gz,L179846,1
GSM8562999:GTGTCCTGTACAGGTG,Naive1,GSM8562999,L44509,1.0,GTGTCCTGTACAGGTG-1,1617,GSM8562999_Naive1_filtered_matrix.mtx.gz,L44509,3
GSM8562999:GTGTTCCGTTGACGGA,Naive1,GSM8562999,L298485,1.0,GTGTTCCGTTGACGGA-1,1620,GSM8562999_Naive1_filtered_matrix.mtx.gz,L298485,3
GSM8562999:GTTACCCAGGGTGAGG,Naive1,GSM8562999,L206761,1.0,GTTACCCAGGGTGAGG-1,1622,GSM8562999_Naive1_filtered_matrix.mtx.gz,L206761,0
GSM8562999:GTTACGACAGAGTTCT,Naive1,GSM8562999,L216702,1.0,GTTACGACAGAGTTCT-1,1626,GSM8562999_Naive1_filtered_matrix.mtx.gz,L216702,2
GSM8562999:GTTAGACCACTTCATT,Naive1,GSM8562999,L249378,1.0,GTTAGACCACTTCATT-1,1629,GSM8562999_Naive1_filtered_matrix.mtx.gz,L249378,4
GSM8562999:GTTAGTGAGCGACTAG,Naive1,GSM8562999,L216702,1.0,GTTAGTGAGCGACTAG-1,1631,GSM8562999_Naive1_filtered_matrix.mtx.gz,L216702,2
GSM8562999:GTTAGTGCACCTATCC,Naive1,GSM8562999,L312519,1.0,GTTAGTGCACCTATCC-1,1632,GSM8562999_Naive1_filtered_matrix.mtx.gz,L312519,1
GSM8562999:GTTAGTGTCGAACTCA,Naive1,GSM8562999,L304696,1.0,GTTAGTGTCGAACTCA-1,1633,GSM8562999_Naive1_filtered_matrix.mtx.gz,L304696,2
GSM8562999:GTTATGGAGGCGAACT,Naive1,GSM8562999,L82979,1.0,GTTATGGAGGCGAACT-1,1634,GSM8562999_Naive1_filtered_matrix.mtx.gz,L82979,2
GSM8562999:GTTCCGTTCCAAACCA,Naive1,GSM8562999,L271521,1.0,GTTCCGTTCCAAACCA-1,1637,GSM8562999_Naive1_filtered_matrix.mtx.gz,L271521,4
GSM8562999:GTTCGCTCAGAAATCA,Naive1,GSM8562999,L145010,1.0,GTTCGCTCAGAAATCA-1,1638,GSM8562999_Naive1_filtered_matrix.mtx.gz,L145010,0
GSM8562999:GTTCGCTGTCTCACGG,Naive1,GSM8562999,L112164,1.0,GTTCGCTGTCTCACGG-1,1640,GSM8562999_Naive1_filtered_matrix.mtx.gz,L112164,2
GSM8562999:GTTGAACGTATGCTAC,Naive1,GSM8562999,L138906,1.0,GTTGAACGTATGCTAC-1,1642,GSM8562999_Naive1_filtered_matrix.mtx.gz,L138906,2
GSM8562999:GTTGCGGTCCCGATCT,Naive1,GSM8562999,L295193,1.0,GTTGCGGTCCCGATCT-1,1644,GSM8562999_Naive1_filtered_matrix.mtx.gz,L295193,1
GSM8562999:GTTGCTCAGCATGCGA,Naive1,GSM8562999,L51669,1.0,GTTGCTCAGCATGCGA-1,1645,GSM8562999_Naive1_filtered_matrix.mtx.gz,L51669,4
GSM8562999:GTTGCTCTCTCGGGAC,Naive1,GSM8562999,L70669,1.0,GTTGCTCTCTCGGGAC-1,1646,GSM8562999_Naive1_filtered_matrix.mtx.gz,L70669,3
GSM8562999:GTTGTAGGTTTGTTCT,Naive1,GSM8562999,L316533,1.0,GTTGTAGGTTTGTTCT-1,1647,GSM8562999_Naive1_filtered_matrix.mtx.gz,L316533,2
GSM8562999:GTTGTCCTCACTGCTC,Naive1,GSM8562999,L183358,1.0,GTTGTCCTCACTGCTC-1,1648,GSM8562999_Naive1_filtered_matrix.mtx.gz,L183358,0
GSM8562999:GTTTACTTCGTTCATT,Naive1,GSM8562999,L152903,1.0,GTTTACTTCGTTCATT-1,1651,GSM8562999_Naive1_filtered_matrix.mtx.gz,L152903,2
GSM8562999:GTTTGGATCAGCAATC,Naive1,GSM8562999,L215992,1.0,GTTTGGATCAGCAATC-1,1652,GSM8562999_Naive1_filtered_matrix.mtx.gz,L215992,0
GSM8562999:TAACACGAGCCGATTT,Naive1,GSM8562999,L162604,1.0,TAACACGAGCCGATTT-1,1654,GSM8562999_Naive1_filtered_matrix.mtx.gz,L162604,0
GSM8562999:TAACACGAGTATTAGG,Naive1,GSM8562999,L67284,0.534671,TAACACGAGTATTAGG-1,1655,GSM8562999_Naive1_filtered_matrix.mtx.gz,L67284,3
GSM8562999:TAACGACGTCCACTCT,Naive1,GSM8562999,L236809,1.0,TAACGACGTCCACTCT-1,1658,GSM8562999_Naive1_filtered_matrix.mtx.gz,L236809,4
GSM8562999:TAACGACGTCTGGTTA,Naive1,GSM8562999,L196980,1.0,TAACGACGTCTGGTTA-1,1659,GSM8562999_Naive1_filtered_matrix.mtx.gz,L196980,3
GSM8562999:TAACGACGTGACGCCT,Naive1,GSM8562999,L265836,1.0,TAACGACGTGACGCCT-1,1660,GSM8562999_Naive1_filtered_matrix.mtx.gz,L265836,0
GSM8562999:TAACGACTCCGGCAAC,Naive1,GSM8562999,L31852,1.0,TAACGACTCCGGCAAC-1,1662,GSM8562999_Naive1_filtered_matrix.mtx.gz,L31852,2
GSM8562999:TAAGCCAGTGGAAATT,Naive1,GSM8562999,L98634,1.0,TAAGCCAGTGGAAATT-1,1664,GSM8562999_Naive1_filtered_matrix.mtx.gz,L98634,2
GSM8562999:TAAGTCGCATTGTCGA,Naive1,GSM8562999,L129056,0.852744,TAAGTCGCATTGTCGA-1,1666,GSM8562999_Naive1_filtered_matrix.mtx.gz,L129056,3
GSM8562999:TAATCTCCAGAAATCA,Naive1,GSM8562999,L87366,1.0,TAATCTCCAGAAATCA-1,1670,GSM8562999_Naive1_filtered_matrix.mtx.gz,L87366,3
GSM8562999:TAATCTCTCACAAGGG,Naive1,GSM8562999,L98634,1.0,TAATCTCTCACAAGGG-1,1671,GSM8562999_Naive1_filtered_matrix.mtx.gz,L98634,2
GSM8562999:TAATTCCAGCAATAGT,Naive1,GSM8562999,L33701,1.0,TAATTCCAGCAATAGT-1,1672,GSM8562999_Naive1_filtered_matrix.mtx.gz,L33701,3
GSM8562999:TACAACGAGCGTGTCC,Naive1,GSM8562999,L51204,1.0,TACAACGAGCGTGTCC-1,1673,GSM8562999_Naive1_filtered_matrix.mtx.gz,L51204,1
GSM8562999:TACACCCGTAGTTACC,Naive1,GSM8562999,L18366,1.0,TACACCCGTAGTTACC-1,1674,GSM8562999_Naive1_filtered_matrix.mtx.gz,L18366,1
GSM8562999:TACAGGTTCTCTATGT,Naive1,GSM8562999,L50672,1.0,TACAGGTTCTCTATGT-1,1675,GSM8562999_Naive1_filtered_matrix.mtx.gz,L50672,4
GSM8562999:TACCCACTCATTGCCC,Naive1,GSM8562999,L82032,1.0,TACCCACTCATTGCCC-1,1679,GSM8562999_Naive1_filtered_matrix.mtx.gz,L82032,4
GSM8562999:TACCCGTTCACGATAC,Naive1,GSM8562999,L173296,1.0,TACCCGTTCACGATAC-1,1681,GSM8562999_Naive1_filtered_matrix.mtx.gz,L173296,1
GSM8562999:TACCGAAGTAGTACGG,Naive1,GSM8562999,L54153,1.0,TACCGAAGTAGTACGG-1,1682,GSM8562999_Naive1_filtered_matrix.mtx.gz,L54153,2
GSM8562999:TACCGGGCACAACGTT,Naive1,GSM8562999,L54153,1.0,TACCGGGCACAACGTT-1,1684,GSM8562999_Naive1_filtered_matrix.mtx.gz,L54153,2
GSM8562999:TACCGGGGTCAAACGG,Naive1,GSM8562999,L239228,1.0,TACCGGGGTCAAACGG-1,1686,GSM8562999_Naive1_filtered_matrix.mtx.gz,L239228,2
GSM8562999:TACCGGGGTCTTGAAC,Naive1,GSM8562999,L223068,1.0,TACCGGGGTCTTGAAC-1,1687,GSM8562999_Naive1_filtered_matrix.mtx.gz,L223068,0
GSM8562999:TACCGGGGTTAGAGAT,Naive1,GSM8562999,L190318,1.0,TACCGGGGTTAGAGAT-1,1688,GSM8562999_Naive1_filtered_matrix.mtx.gz,L190318,2
GSM8562999:TACCTCGAGAACAGGA,Naive1,GSM8562999,L278604,1.0,TACCTCGAGAACAGGA-1,1689,GSM8562999_Naive1_filtered_matrix.mtx.gz,L278604,2
GSM8562999:TACCTCGAGGCAGCTA,Naive1,GSM8562999,L81738,1.0,TACCTCGAGGCAGCTA-1,1690,GSM8562999_Naive1_filtered_matrix.mtx.gz,L81738,0
GSM8562999:TACCTCGCAGCAGTTT,Naive1,GSM8562999,L303918,1.0,TACCTCGCAGCAGTTT-1,1691,GSM8562999_Naive1_filtered_matrix.mtx.gz,L303918,0
GSM8562999:TACCTCGTCGGTCGGT,Naive1,GSM8562999,L286689,1.0,TACCTCGTCGGTCGGT-1,1693,GSM8562999_Naive1_filtered_matrix.mtx.gz,L286689,1
GSM8562999:TACCTGCAGACCGCCT,Naive1,GSM8562999,L166312,1.0,TACCTGCAGACCGCCT-1,1694,GSM8562999_Naive1_filtered_matrix.mtx.gz,L166312,1
GSM8562999:TACGCTCAGTTCCGGC,Naive1,GSM8562999,L137611,1.0,TACGCTCAGTTCCGGC-1,1698,GSM8562999_Naive1_filtered_matrix.mtx.gz,L137611,4
GSM8562999:TACGCTCTCCGAGCTG,Naive1,GSM8562999,L329553,1.0,TACGCTCTCCGAGCTG-1,1699,GSM8562999_Naive1_filtered_matrix.mtx.gz,L329553,3
GSM8562999:TACGGGCGTTTGAAAG,Naive1,GSM8562999,L224816,0.999158,TACGGGCGTTTGAAAG-1,1701,GSM8562999_Naive1_filtered_matrix.mtx.gz,L224816,2
GSM8562999:TACGGTAGTCTCTCTG,Naive1,GSM8562999,L74009,0.578913,TACGGTAGTCTCTCTG-1,1703,GSM8562999_Naive1_filtered_matrix.mtx.gz,L74009,1
GSM8562999:TACGTCCCACTTTAGG,Naive1,GSM8562999,L211180,1.0,TACGTCCCACTTTAGG-1,1705,GSM8562999_Naive1_filtered_matrix.mtx.gz,L211180,0
GSM8562999:TACGTCCCAGCGGTTC,Naive1,GSM8562999,L145263,1.0,TACGTCCCAGCGGTTC-1,1706,GSM8562999_Naive1_filtered_matrix.mtx.gz,L145263,4
GSM8562999:TACTGCCCACTATCGA,Naive1,GSM8562999,L112164,1.0,TACTGCCCACTATCGA-1,1708,GSM8562999_Naive1_filtered_matrix.mtx.gz,L112164,2
GSM8562999:TACTGCCCAGTAGTGG,Naive1,GSM8562999,L55579,1.0,TACTGCCCAGTAGTGG-1,1709,GSM8562999_Naive1_filtered_matrix.mtx.gz,L55579,1
GSM8562999:TACTGCCGTCAAGGCA,Naive1,GSM8562999,L170436,1.0,TACTGCCGTCAAGGCA-1,1710,GSM8562999_Naive1_filtered_matrix.mtx.gz,L170436,1
GSM8562999:TACTGCCGTCCACATA,Naive1,GSM8562999,L177312,1.0,TACTGCCGTCCACATA-1,1711,GSM8562999_Naive1_filtered_matrix.mtx.gz,L177312,1
GSM8562999:TACTTACAGAATCGAT,Naive1,GSM8562999,L187885,1.0,TACTTACAGAATCGAT-1,1712,GSM8562999_Naive1_filtered_matrix.mtx.gz,L187885,0
GSM8562999:TACTTACCAGTCTCTC,Naive1,GSM8562999,L314894,1.0,TACTTACCAGTCTCTC-1,1713,GSM8562999_Naive1_filtered_matrix.mtx.gz,L314894,1
GSM8562999:TACTTCAGTAGTTACC,Naive1,GSM8562999,L113271,1.0,TACTTCAGTAGTTACC-1,1715,GSM8562999_Naive1_filtered_matrix.mtx.gz,L113271,4
GSM8562999:TACTTCATCTACGGTA,Naive1,GSM8562999,L303918,1.0,TACTTCATCTACGGTA-1,1718,GSM8562999_Naive1_filtered_matrix.mtx.gz,L303918,0
GSM8562999:TACTTGTCAATGTGGG,Naive1,GSM8562999,L72050,1.0,TACTTGTCAATGTGGG-1,1719,GSM8562999_Naive1_filtered_matrix.mtx.gz,L72050,0
GSM8562999:TAGACCACAACAGCTT,Naive1,GSM8562999,L167969,1.0,TAGACCACAACAGCTT-1,1720,GSM8562999_Naive1_filtered_matrix.mtx.gz,L167969,1
GSM8562999:TAGACCACAACATCGT,Naive1,GSM8562999,L314894,1.0,TAGACCACAACATCGT-1,1721,GSM8562999_Naive1_filtered_matrix.mtx.gz,L314894,1
GSM8562999:TAGACCAGTACGTACT,Naive1,GSM8562999,L84351,1.0,TAGACCAGTACGTACT-1,1723,GSM8562999_Naive1_filtered_matrix.mtx.gz,L84351,3
GSM8562999:TAGACTGAGGCTTAGG,Naive1,GSM8562999,L249999,1.0,TAGACTGAGGCTTAGG-1,1725,GSM8562999_Naive1_filtered_matrix.mtx.gz,L249999,3
GSM8562999:TAGACTGCAGTTGTTG,Naive1,GSM8562999,L5495,1.0,TAGACTGCAGTTGTTG-1,1726,GSM8562999_Naive1_filtered_matrix.mtx.gz,L5495,0
GSM8562999:TAGCACACAACACGTT,Naive1,GSM8562999,L13818,1.0,TAGCACACAACACGTT-1,1728,GSM8562999_Naive1_filtered_matrix.mtx.gz,L13818,3
GSM8562999:TAGCACATCTCACTCG,Naive1,GSM8562999,L69200,1.0,TAGCACATCTCACTCG-1,1730,GSM8562999_Naive1_filtered_matrix.mtx.gz,L69200,3
GSM8562999:TAGGAGGAGCTATCTG,Naive1,GSM8562999,L109790,1.0,TAGGAGGAGCTATCTG-1,1731,GSM8562999_Naive1_filtered_matrix.mtx.gz,L109790,0
GSM8562999:TAGGAGGCACAGCTGC,Naive1,GSM8562999,L294564,0.814245,TAGGAGGCACAGCTGC-1,1732,GSM8562999_Naive1_filtered_matrix.mtx.gz,L294564,4
GSM8562999:TAGGGTTCATCCTTCG,Naive1,GSM8562999,L257154,1.0,TAGGGTTCATCCTTCG-1,1734,GSM8562999_Naive1_filtered_matrix.mtx.gz,L257154,4
GSM8562999:TAGGTACAGACGTCGA,Naive1,GSM8562999,L80342,1.0,TAGGTACAGACGTCGA-1,1735,GSM8562999_Naive1_filtered_matrix.mtx.gz,L80342,1
GSM8562999:TAGGTACAGTCGCCAC,Naive1,GSM8562999,L247904,0.997345,TAGGTACAGTCGCCAC-1,1736,GSM8562999_Naive1_filtered_matrix.mtx.gz,L247904,4
GSM8562999:TAGGTACGTCATACCA,Naive1,GSM8562999,L252321,1.0,TAGGTACGTCATACCA-1,1737,GSM8562999_Naive1_filtered_matrix.mtx.gz,L252321,2
GSM8562999:TAGGTACTCTCATTAC,Naive1,GSM8562999,L126645,1.0,TAGGTACTCTCATTAC-1,1738,GSM8562999_Naive1_filtered_matrix.mtx.gz,L126645,4
GSM8562999:TAGGTTGGTGAGACCA,Naive1,GSM8562999,L13633,1.0,TAGGTTGGTGAGACCA-1,1739,GSM8562999_Naive1_filtered_matrix.mtx.gz,L13633,4
GSM8562999:TAGGTTGTCCTCATAT,Naive1,GSM8562999,L2779,1.0,TAGGTTGTCCTCATAT-1,1741,GSM8562999_Naive1_filtered_matrix.mtx.gz,L2779,4
GSM8562999:TAGTGCACAACCGCCA,Naive1,GSM8562999,L100814,1.0,TAGTGCACAACCGCCA-1,1743,GSM8562999_Naive1_filtered_matrix.mtx.gz,L100814,0
GSM8562999:TAGTGCAGTCTGCCTT,Naive1,GSM8562999,L278604,1.0,TAGTGCAGTCTGCCTT-1,1744,GSM8562999_Naive1_filtered_matrix.mtx.gz,L278604,2
GSM8562999:TAGTGCATCGGAGTAG,Naive1,GSM8562999,L96601,1.0,TAGTGCATCGGAGTAG-1,1745,GSM8562999_Naive1_filtered_matrix.mtx.gz,L96601,1
GSM8562999:TATACCTAGGCCTTGC,Naive1,GSM8562999,L274951,1.0,TATACCTAGGCCTTGC-1,1747,GSM8562999_Naive1_filtered_matrix.mtx.gz,L274951,3
GSM8562999:TATATCCAGTAAGAGG,Naive1,GSM8562999,L98634,1.0,TATATCCAGTAAGAGG-1,1749,GSM8562999_Naive1_filtered_matrix.mtx.gz,L98634,2
GSM8562999:TATCAGGAGTGAGTGC,Naive1,GSM8562999,L169592,1.0,TATCAGGAGTGAGTGC-1,1751,GSM8562999_Naive1_filtered_matrix.mtx.gz,L169592,0
GSM8562999:TATCCTACAAATGAAC,Naive1,GSM8562999,L20635,1.0,TATCCTACAAATGAAC-1,1753,GSM8562999_Naive1_filtered_matrix.mtx.gz,L20635,1
GSM8562999:TATCCTACAGCTTCGG,Naive1,GSM8562999,L220884,1.0,TATCCTACAGCTTCGG-1,1754,GSM8562999_Naive1_filtered_matrix.mtx.gz,L220884,2
GSM8562999:TATCGCCAGGACTATA,Naive1,GSM8562999,L114452,1.0,TATCGCCAGGACTATA-1,1755,GSM8562999_Naive1_filtered_matrix.mtx.gz,L114452,2
GSM8562999:TATCTTGCAACCAACT,Naive1,GSM8562999,L19237,1.0,TATCTTGCAACCAACT-1,1759,GSM8562999_Naive1_filtered_matrix.mtx.gz,L19237,0
GSM8562999:TATGTTCTCACCGGGT,Naive1,GSM8562999,L152903,1.0,TATGTTCTCACCGGGT-1,1760,GSM8562999_Naive1_filtered_matrix.mtx.gz,L152903,2
GSM8562999:TATTCCAAGCCTCAAT,Naive1,GSM8562999,L312082,1.0,TATTCCAAGCCTCAAT-1,1761,GSM8562999_Naive1_filtered_matrix.mtx.gz,L312082,1
GSM8562999:TATTCCACATCAACCA,Naive1,GSM8562999,L239119,1.0,TATTCCACATCAACCA-1,1762,GSM8562999_Naive1_filtered_matrix.mtx.gz,L239119,4
GSM8562999:TATTGCTCAGCTGTCG,Naive1,GSM8562999,L204285,1.0,TATTGCTCAGCTGTCG-1,1763,GSM8562999_Naive1_filtered_matrix.mtx.gz,L204285,3
GSM8562999:TATTGGGGTACAAGCG,Naive1,GSM8562999,L278604,1.0,TATTGGGGTACAAGCG-1,1767,GSM8562999_Naive1_filtered_matrix.mtx.gz,L278604,2
GSM8562999:TATTTCGAGACATCAA,Naive1,GSM8562999,L246615,1.0,TATTTCGAGACATCAA-1,1768,GSM8562999_Naive1_filtered_matrix.mtx.gz,L246615,0
GSM8562999:TATTTCGAGTATGAAC,Naive1,GSM8562999,L325741,1.0,TATTTCGAGTATGAAC-1,1770,GSM8562999_Naive1_filtered_matrix.mtx.gz,L325741,0
GSM8562999:TATTTCGGTTGCTCGG,Naive1,GSM8562999,L187096,1.0,TATTTCGGTTGCTCGG-1,1771,GSM8562999_Naive1_filtered_matrix.mtx.gz,L187096,2
GSM8562999:TCAAGACCAAGTGATA,Naive1,GSM8562999,L35389,1.0,TCAAGACCAAGTGATA-1,1773,GSM8562999_Naive1_filtered_matrix.mtx.gz,L35389,4
GSM8562999:TCAAGACTCAAGAGTA,Naive1,GSM8562999,L31852,1.0,TCAAGACTCAAGAGTA-1,1775,GSM8562999_Naive1_filtered_matrix.mtx.gz,L31852,2
GSM8562999:TCAAGACTCATTCATC,Naive1,GSM8562999,L54153,1.0,TCAAGACTCATTCATC-1,1777,GSM8562999_Naive1_filtered_matrix.mtx.gz,L54153,2
GSM8562999:TCAAGCATCATTCCTA,Naive1,GSM8562999,L242413,1.0,TCAAGCATCATTCCTA-1,1779,GSM8562999_Naive1_filtered_matrix.mtx.gz,L242413,0
GSM8562999:TCAAGTGTCGATTTCT,Naive1,GSM8562999,L308730,1.0,TCAAGTGTCGATTTCT-1,1780,GSM8562999_Naive1_filtered_matrix.mtx.gz,L308730,1
GSM8562999:TCAATCTGTTGACTGT,Naive1,GSM8562999,L145073,1.0,TCAATCTGTTGACTGT-1,1782,GSM8562999_Naive1_filtered_matrix.mtx.gz,L145073,1
GSM8562999:TCAATCTTCATGGTAC,Naive1,GSM8562999,L196980,1.0,TCAATCTTCATGGTAC-1,1783,GSM8562999_Naive1_filtered_matrix.mtx.gz,L196980,3
GSM8562999:TCAATTCAGATACATG,Naive1,GSM8562999,L218300,1.0,TCAATTCAGATACATG-1,1784,GSM8562999_Naive1_filtered_matrix.mtx.gz,L218300,0
GSM8562999:TCACAAGCAATCAAGA,Naive1,GSM8562999,L146674,1.0,TCACAAGCAATCAAGA-1,1787,GSM8562999_Naive1_filtered_matrix.mtx.gz,L146674,3
GSM8562999:TCACACCGTGTGAGCA,Naive1,GSM8562999,L49732,1.0,TCACACCGTGTGAGCA-1,1788,GSM8562999_Naive1_filtered_matrix.mtx.gz,L49732,3
GSM8562999:TCACATTTCTCCGTGT,Naive1,GSM8562999,L231007,1.0,TCACATTTCTCCGTGT-1,1790,GSM8562999_Naive1_filtered_matrix.mtx.gz,L231007,2
GSM8562999:TCACTATAGACATAAC,Naive1,GSM8562999,L85940,1.0,TCACTATAGACATAAC-1,1792,GSM8562999_Naive1_filtered_matrix.mtx.gz,L85940,3
GSM8562999:TCACTCGAGCGCTGAA,Naive1,GSM8562999,L166707,1.0,TCACTCGAGCGCTGAA-1,1796,GSM8562999_Naive1_filtered_matrix.mtx.gz,L166707,1
GSM8562999:TCAGCAACAACGCCCA,Naive1,GSM8562999,L16603,1.0,TCAGCAACAACGCCCA-1,1798,GSM8562999_Naive1_filtered_matrix.mtx.gz,L16603,0
GSM8562999:TCAGCAAGTACAAGCG,Naive1,GSM8562999,L285237,1.0,TCAGCAAGTACAAGCG-1,1799,GSM8562999_Naive1_filtered_matrix.mtx.gz,L285237,1
GSM8562999:TCAGCAAGTAGGCAAC,Naive1,GSM8562999,L118470,1.0,TCAGCAAGTAGGCAAC-1,1800,GSM8562999_Naive1_filtered_matrix.mtx.gz,L118470,1
GSM8562999:TCAGCAAGTCTGTAAC,Naive1,GSM8562999,L78432,1.0,TCAGCAAGTCTGTAAC-1,1801,GSM8562999_Naive1_filtered_matrix.mtx.gz,L78432,4
GSM8562999:TCAGCAATCCACGTGG,Naive1,GSM8562999,L310641,1.0,TCAGCAATCCACGTGG-1,1802,GSM8562999_Naive1_filtered_matrix.mtx.gz,L310641,3
GSM8562999:TCAGCAATCGAACCAT,Naive1,GSM8562999,L96449,1.0,TCAGCAATCGAACCAT-1,1804,GSM8562999_Naive1_filtered_matrix.mtx.gz,L96449,2
GSM8562999:TCAGCCTCAATAGTGA,Naive1,GSM8562999,L263788,1.0,TCAGCCTCAATAGTGA-1,1806,GSM8562999_Naive1_filtered_matrix.mtx.gz,L263788,0
GSM8562999:TCAGCCTGTACTAACC,Naive1,GSM8562999,L264962,1.0,TCAGCCTGTACTAACC-1,1807,GSM8562999_Naive1_filtered_matrix.mtx.gz,L264962,3
GSM8562999:TCAGGGCGTAACCAGG,Naive1,GSM8562999,L44324,1.0,TCAGGGCGTAACCAGG-1,1810,GSM8562999_Naive1_filtered_matrix.mtx.gz,L44324,4
GSM8562999:TCAGGTAGTAAGGTCG,Naive1,GSM8562999,L244886,1.0,TCAGGTAGTAAGGTCG-1,1812,GSM8562999_Naive1_filtered_matrix.mtx.gz,L244886,4
GSM8562999:TCAGTGACATCAGTCA,Naive1,GSM8562999,L167176,1.0,TCAGTGACATCAGTCA-1,1815,GSM8562999_Naive1_filtered_matrix.mtx.gz,L167176,3
GSM8562999:TCAGTGAGTCGATTAC,Naive1,GSM8562999,L35389,1.0,TCAGTGAGTCGATTAC-1,1816,GSM8562999_Naive1_filtered_matrix.mtx.gz,L35389,4
GSM8562999:TCAGTTTAGACATAGT,Naive1,GSM8562999,L183654,1.0,TCAGTTTAGACATAGT-1,1817,GSM8562999_Naive1_filtered_matrix.mtx.gz,L183654,3
GSM8562999:TCAGTTTAGGCTTTCA,Naive1,GSM8562999,L207711,1.0,TCAGTTTAGGCTTTCA-1,1818,GSM8562999_Naive1_filtered_matrix.mtx.gz,L207711,0
GSM8562999:TCAGTTTCAGAACTAA,Naive1,GSM8562999,L35478,1.0,TCAGTTTCAGAACTAA-1,1819,GSM8562999_Naive1_filtered_matrix.mtx.gz,L35478,0
GSM8562999:TCAGTTTGTGGAATGC,Naive1,GSM8562999,L278604,1.0,TCAGTTTGTGGAATGC-1,1821,GSM8562999_Naive1_filtered_matrix.mtx.gz,L278604,2
GSM8562999:TCAGTTTGTGTAGCAG,Naive1,GSM8562999,L314514,0.99869,TCAGTTTGTGTAGCAG-1,1822,GSM8562999_Naive1_filtered_matrix.mtx.gz,L314514,2
GSM8562999:TCATACTAGGTCTTTG,Naive1,GSM8562999,L64481,0.997345,TCATACTAGGTCTTTG-1,1823,GSM8562999_Naive1_filtered_matrix.mtx.gz,L64481,2
GSM8562999:TCATACTCATATACCG,Naive1,GSM8562999,L104099,1.0,TCATACTCATATACCG-1,1824,GSM8562999_Naive1_filtered_matrix.mtx.gz,L104099,4
GSM8562999:TCATACTTCAAGAGGC,Naive1,GSM8562999,L184246,1.0,TCATACTTCAAGAGGC-1,1825,GSM8562999_Naive1_filtered_matrix.mtx.gz,L184246,4
GSM8562999:TCATATCCAGCTGGTC,Naive1,GSM8562999,L167106,1.0,TCATATCCAGCTGGTC-1,1828,GSM8562999_Naive1_filtered_matrix.mtx.gz,L167106,1
GSM8562999:TCATCATAGTTATGGA,Naive1,GSM8562999,L320820,1.0,TCATCATAGTTATGGA-1,1830,GSM8562999_Naive1_filtered_matrix.mtx.gz,L320820,3
GSM8562999:TCATCCGGTACCTAAC,Naive1,GSM8562999,L320820,1.0,TCATCCGGTACCTAAC-1,1833,GSM8562999_Naive1_filtered_matrix.mtx.gz,L320820,3
GSM8562999:TCATCCGTCGTGCATA,Naive1,GSM8562999,L100814,1.0,TCATCCGTCGTGCATA-1,1835,GSM8562999_Naive1_filtered_matrix.mtx.gz,L100814,0
GSM8562999:TCATGAGAGGGCAATC,Naive1,GSM8562999,L165407,1.0,TCATGAGAGGGCAATC-1,1836,GSM8562999_Naive1_filtered_matrix.mtx.gz,L165407,1
GSM8562999:TCATGAGGTTCGGTAT,Naive1,GSM8562999,L292268,1.0,TCATGAGGTTCGGTAT-1,1838,GSM8562999_Naive1_filtered_matrix.mtx.gz,L292268,4
GSM8562999:TCATGCCAGGTTCCGC,Naive1,GSM8562999,L2779,1.0,TCATGCCAGGTTCCGC-1,1839,GSM8562999_Naive1_filtered_matrix.mtx.gz,L2779,4
GSM8562999:TCATGGAGTTATGTCG,Naive1,GSM8562999,L289974,1.0,TCATGGAGTTATGTCG-1,1843,GSM8562999_Naive1_filtered_matrix.mtx.gz,L289974,1
GSM8562999:TCATGTTAGGCGACAT,Naive1,GSM8562999,L33701,1.0,TCATGTTAGGCGACAT-1,1845,GSM8562999_Naive1_filtered_matrix.mtx.gz,L33701,3
GSM8562999:TCATGTTGTACCTAGT,Naive1,GSM8562999,L266998,1.0,TCATGTTGTACCTAGT-1,1846,GSM8562999_Naive1_filtered_matrix.mtx.gz,L266998,3
GSM8562999:TCATTACAGAGTCACG,Naive1,GSM8562999,L31852,1.0,TCATTACAGAGTCACG-1,1847,GSM8562999_Naive1_filtered_matrix.mtx.gz,L31852,2
GSM8562999:TCATTACCAAGAGTAT,Naive1,GSM8562999,L8434,1.0,TCATTACCAAGAGTAT-1,1848,GSM8562999_Naive1_filtered_matrix.mtx.gz,L8434,0
GSM8562999:TCATTACCATACTGAC,Naive1,GSM8562999,L51669,1.0,TCATTACCATACTGAC-1,1849,GSM8562999_Naive1_filtered_matrix.mtx.gz,L51669,4
GSM8562999:TCATTACGTCGTACTA,Naive1,GSM8562999,L204032,1.0,TCATTACGTCGTACTA-1,1850,GSM8562999_Naive1_filtered_matrix.mtx.gz,L204032,4
GSM8562999:TCATTCAGTATGATCC,Naive1,GSM8562999,L97246,0.996891,TCATTCAGTATGATCC-1,1851,GSM8562999_Naive1_filtered_matrix.mtx.gz,L97246,0
GSM8562999:TCATTCATCCACCCTA,Naive1,GSM8562999,L165929,1.0,TCATTCATCCACCCTA-1,1852,GSM8562999_Naive1_filtered_matrix.mtx.gz,L165929,3
GSM8562999:TCATTGTGTAGGGAGG,Naive1,GSM8562999,L44509,1.0,TCATTGTGTAGGGAGG-1,1854,GSM8562999_Naive1_filtered_matrix.mtx.gz,L44509,3
GSM8562999:TCATTTGCACAACATC,Naive1,GSM8562999,L310896,1.0,TCATTTGCACAACATC-1,1856,GSM8562999_Naive1_filtered_matrix.mtx.gz,L310896,4
GSM8562999:TCCACCATCGTGTGAT,Naive1,GSM8562999,L270914,1.0,TCCACCATCGTGTGAT-1,1857,GSM8562999_Naive1_filtered_matrix.mtx.gz,L270914,4
GSM8562999:TCCACGTGTTTACTTC,Naive1,GSM8562999,L47601,1.0,TCCACGTGTTTACTTC-1,1858,GSM8562999_Naive1_filtered_matrix.mtx.gz,L47601,2
GSM8562999:TCCAGAAAGCAGTCTT,Naive1,GSM8562999,L257154,1.0,TCCAGAAAGCAGTCTT-1,1860,GSM8562999_Naive1_filtered_matrix.mtx.gz,L257154,4
GSM8562999:TCCAGAATCGCATTAG,Naive1,GSM8562999,L295492,1.0,TCCAGAATCGCATTAG-1,1862,GSM8562999_Naive1_filtered_matrix.mtx.gz,L295492,0
GSM8562999:TCCATCGCAAACTCTG,Naive1,GSM8562999,L103055,1.0,TCCATCGCAAACTCTG-1,1864,GSM8562999_Naive1_filtered_matrix.mtx.gz,L103055,1
GSM8562999:TCCATCGCACGACGTC,Naive1,GSM8562999,L137611,1.0,TCCATCGCACGACGTC-1,1865,GSM8562999_Naive1_filtered_matrix.mtx.gz,L137611,4
GSM8562999:TCCATCGCAGGTACGA,Naive1,GSM8562999,L54153,1.0,TCCATCGCAGGTACGA-1,1866,GSM8562999_Naive1_filtered_matrix.mtx.gz,L54153,2
GSM8562999:TCCATCGCATCACGGC,Naive1,GSM8562999,L239228,1.0,TCCATCGCATCACGGC-1,1867,GSM8562999_Naive1_filtered_matrix.mtx.gz,L239228,2
GSM8562999:TCCATGCGTAGACGTG,Naive1,GSM8562999,L244886,1.0,TCCATGCGTAGACGTG-1,1869,GSM8562999_Naive1_filtered_matrix.mtx.gz,L244886,4
GSM8562999:TCCATGCGTCCAGCAC,Naive1,GSM8562999,L119834,1.0,TCCATGCGTCCAGCAC-1,1870,GSM8562999_Naive1_filtered_matrix.mtx.gz,L119834,0
GSM8562999:TCCATGCTCGACGATT,Naive1,GSM8562999,L166707,1.0,TCCATGCTCGACGATT-1,1872,GSM8562999_Naive1_filtered_matrix.mtx.gz,L166707,1
GSM8562999:TCCCACAAGTAGACAT,Naive1,GSM8562999,L10693,1.0,TCCCACAAGTAGACAT-1,1873,GSM8562999_Naive1_filtered_matrix.mtx.gz,L10693,4
GSM8562999:TCCCAGTAGCGCCGTT,Naive1,GSM8562999,L229019,1.0,TCCCAGTAGCGCCGTT-1,1876,GSM8562999_Naive1_filtered_matrix.mtx.gz,L229019,0
GSM8562999:TCCCATGAGAAGTCTA,Naive1,GSM8562999,L219307,1.0,TCCCATGAGAAGTCTA-1,1879,GSM8562999_Naive1_filtered_matrix.mtx.gz,L219307,3
GSM8562999:TCCCATGTCACTGTCC,Naive1,GSM8562999,L152911,1.0,TCCCATGTCACTGTCC-1,1880,GSM8562999_Naive1_filtered_matrix.mtx.gz,L152911,4
GSM8562999:TCCGAAAGTAGATTAG,Naive1,GSM8562999,L271069,1.0,TCCGAAAGTAGATTAG-1,1882,GSM8562999_Naive1_filtered_matrix.mtx.gz,L271069,0
GSM8562999:TCCGGGATCATGGATC,Naive1,GSM8562999,L252275,1.0,TCCGGGATCATGGATC-1,1884,GSM8562999_Naive1_filtered_matrix.mtx.gz,L252275,0
GSM8562999:TCCGTGTCAATATCCG,Naive1,GSM8562999,L245078,1.0,TCCGTGTCAATATCCG-1,1885,GSM8562999_Naive1_filtered_matrix.mtx.gz,L245078,3
GSM8562999:TCCGTGTTCCCAAGCG,Naive1,GSM8562999,L82032,1.0,TCCGTGTTCCCAAGCG-1,1886,GSM8562999_Naive1_filtered_matrix.mtx.gz,L82032,4
GSM8562999:TCCGTGTTCTTTACAC,Naive1,GSM8562999,L230913,1.0,TCCGTGTTCTTTACAC-1,1887,GSM8562999_Naive1_filtered_matrix.mtx.gz,L230913,1
GSM8562999:TCCTAATGTACGATGG,Naive1,GSM8562999,L219307,1.0,TCCTAATGTACGATGG-1,1888,GSM8562999_Naive1_filtered_matrix.mtx.gz,L219307,3
GSM8562999:TCCTAATTCACTCCGT,Naive1,GSM8562999,L116287,1.0,TCCTAATTCACTCCGT-1,1889,GSM8562999_Naive1_filtered_matrix.mtx.gz,L116287,0
GSM8562999:TCCTAATTCCATTCAT,Naive1,GSM8562999,L305688,1.0,TCCTAATTCCATTCAT-1,1890,GSM8562999_Naive1_filtered_matrix.mtx.gz,L305688,3
GSM8562999:TCCTCGAAGCGACCCT,Naive1,GSM8562999,L185195,1.0,TCCTCGAAGCGACCCT-1,1893,GSM8562999_Naive1_filtered_matrix.mtx.gz,L185195,1
GSM8562999:TCCTCGACAGACCAGA,Naive1,GSM8562999,L323769,1.0,TCCTCGACAGACCAGA-1,1894,GSM8562999_Naive1_filtered_matrix.mtx.gz,L323769,0
GSM8562999:TCCTCGAGTAGCTTGT,Naive1,GSM8562999,L240627,0.875738,TCCTCGAGTAGCTTGT-1,1895,GSM8562999_Naive1_filtered_matrix.mtx.gz,L240627,1
GSM8562999:TCCTCGAGTGGTTCTA,Naive1,GSM8562999,L72864,1.0,TCCTCGAGTGGTTCTA-1,1896,GSM8562999_Naive1_filtered_matrix.mtx.gz,L72864,3
GSM8562999:TCCTCTTAGTAGCATA,Naive1,GSM8562999,L177375,0.994713,TCCTCTTAGTAGCATA-1,1897,GSM8562999_Naive1_filtered_matrix.mtx.gz,L177375,3
GSM8562999:TCCTCTTTCTAGCCAA,Naive1,GSM8562999,L31111,1.0,TCCTCTTTCTAGCCAA-1,1898,GSM8562999_Naive1_filtered_matrix.mtx.gz,L31111,3
GSM8562999:TCCTGCAAGAGTCTGG,Naive1,GSM8562999,L88461,1.0,TCCTGCAAGAGTCTGG-1,1899,GSM8562999_Naive1_filtered_matrix.mtx.gz,L88461,3
GSM8562999:TCCTGCATCCTACGGG,Naive1,GSM8562999,L173031,1.0,TCCTGCATCCTACGGG-1,1902,GSM8562999_Naive1_filtered_matrix.mtx.gz,L173031,0
GSM8562999:TCCTTTCAGCTAGAAT,Naive1,GSM8562999,L86394,1.0,TCCTTTCAGCTAGAAT-1,1905,GSM8562999_Naive1_filtered_matrix.mtx.gz,L86394,1
GSM8562999:TCCTTTCGTAGGTTTC,Naive1,GSM8562999,L173296,1.0,TCCTTTCGTAGGTTTC-1,1907,GSM8562999_Naive1_filtered_matrix.mtx.gz,L173296,1
GSM8562999:TCCTTTCTCCTGTAAG,Naive1,GSM8562999,L92556,1.0,TCCTTTCTCCTGTAAG-1,1909,GSM8562999_Naive1_filtered_matrix.mtx.gz,L92556,0
GSM8562999:TCGAACACAACCGTGC,Naive1,GSM8562999,L104099,1.0,TCGAACACAACCGTGC-1,1910,GSM8562999_Naive1_filtered_matrix.mtx.gz,L104099,4
GSM8562999:TCGAACACATTGAGCT,Naive1,GSM8562999,L215362,1.0,TCGAACACATTGAGCT-1,1911,GSM8562999_Naive1_filtered_matrix.mtx.gz,L215362,2
GSM8562999:TCGAACATCATGAGGG,Naive1,GSM8562999,L40629,1.0,TCGAACATCATGAGGG-1,1912,GSM8562999_Naive1_filtered_matrix.mtx.gz,L40629,4
GSM8562999:TCGAAGTCAACACTAC,Naive1,GSM8562999,L264326,1.0,TCGAAGTCAACACTAC-1,1914,GSM8562999_Naive1_filtered_matrix.mtx.gz,L264326,2
GSM8562999:TCGAAGTGTACAGAGC,Naive1,GSM8562999,L59420,1.0,TCGAAGTGTACAGAGC-1,1915,GSM8562999_Naive1_filtered_matrix.mtx.gz,L59420,0
GSM8562999:TCGAAGTTCCTTCACG,Naive1,GSM8562999,L167950,1.0,TCGAAGTTCCTTCACG-1,1916,GSM8562999_Naive1_filtered_matrix.mtx.gz,L167950,3
GSM8562999:TCGACCTCAAGGTCAG,Naive1,GSM8562999,L111615,1.0,TCGACCTCAAGGTCAG-1,1917,GSM8562999_Naive1_filtered_matrix.mtx.gz,L111615,0
GSM8562999:TCGACCTCATTGACAC,Naive1,GSM8562999,L211180,1.0,TCGACCTCATTGACAC-1,1918,GSM8562999_Naive1_filtered_matrix.mtx.gz,L211180,0
GSM8562999:TCGACGGTCCATTGCC,Naive1,GSM8562999,L325741,1.0,TCGACGGTCCATTGCC-1,1919,GSM8562999_Naive1_filtered_matrix.mtx.gz,L325741,0
GSM8562999:TCGACGGTCGTGGAAG,Naive1,GSM8562999,L49447,1.0,TCGACGGTCGTGGAAG-1,1920,GSM8562999_Naive1_filtered_matrix.mtx.gz,L49447,3
GSM8562999:TCGATTTTCCTTATAC,Naive1,GSM8562999,L185195,1.0,TCGATTTTCCTTATAC-1,1921,GSM8562999_Naive1_filtered_matrix.mtx.gz,L185195,1
GSM8562999:TCGCACTAGGTAGCCA,Naive1,GSM8562999,L257082,1.0,TCGCACTAGGTAGCCA-1,1922,GSM8562999_Naive1_filtered_matrix.mtx.gz,L257082,1
GSM8562999:TCGGGACCAAACTGCT,Naive1,GSM8562999,L214973,1.0,TCGGGACCAAACTGCT-1,1931,GSM8562999_Naive1_filtered_matrix.mtx.gz,L214973,2
GSM8562999:TCGGGACTCTCTGAGA,Naive1,GSM8562999,L86394,1.0,TCGGGACTCTCTGAGA-1,1935,GSM8562999_Naive1_filtered_matrix.mtx.gz,L86394,1
GSM8562999:TCGGGTGAGCTGAGCA,Naive1,GSM8562999,L116287,1.0,TCGGGTGAGCTGAGCA-1,1937,GSM8562999_Naive1_filtered_matrix.mtx.gz,L116287,0
GSM8562999:TCGGGTGAGCTTTCCC,Naive1,GSM8562999,L113271,1.0,TCGGGTGAGCTTTCCC-1,1938,GSM8562999_Naive1_filtered_matrix.mtx.gz,L113271,4
GSM8562999:TCGGTCTGTCCAAGAG,Naive1,GSM8562999,L278604,1.0,TCGGTCTGTCCAAGAG-1,1941,GSM8562999_Naive1_filtered_matrix.mtx.gz,L278604,2
GSM8562999:TCGTAGACATCTGTTT,Naive1,GSM8562999,L92515,1.0,TCGTAGACATCTGTTT-1,1943,GSM8562999_Naive1_filtered_matrix.mtx.gz,L92515,3
GSM8562999:TCGTAGATCCTTTAGT,Naive1,GSM8562999,L192531,1.0,TCGTAGATCCTTTAGT-1,1944,GSM8562999_Naive1_filtered_matrix.mtx.gz,L192531,1
GSM8562999:TCGTAGATCTCCAAGA,Naive1,GSM8562999,L84010,1.0,TCGTAGATCTCCAAGA-1,1945,GSM8562999_Naive1_filtered_matrix.mtx.gz,L84010,3
GSM8562999:TCGTCCACACACGCCA,Naive1,GSM8562999,L219307,1.0,TCGTCCACACACGCCA-1,1946,GSM8562999_Naive1_filtered_matrix.mtx.gz,L219307,3
GSM8562999:TCGTCCATCAAACTGC,Naive1,GSM8562999,L93681,1.0,TCGTCCATCAAACTGC-1,1947,GSM8562999_Naive1_filtered_matrix.mtx.gz,L93681,4
GSM8562999:TCGTGGGGTTCTCTAT,Naive1,GSM8562999,L135513,1.0,TCGTGGGGTTCTCTAT-1,1951,GSM8562999_Naive1_filtered_matrix.mtx.gz,L135513,1
GSM8562999:TCTAACTAGCGTTGTT,Naive1,GSM8562999,L167106,1.0,TCTAACTAGCGTTGTT-1,1953,GSM8562999_Naive1_filtered_matrix.mtx.gz,L167106,1
GSM8562999:TCTAACTGTGGGCTCT,Naive1,GSM8562999,L289410,1.0,TCTAACTGTGGGCTCT-1,1955,GSM8562999_Naive1_filtered_matrix.mtx.gz,L289410,2
GSM8562999:TCTACATCAAGTACCT,Naive1,GSM8562999,L147347,1.0,TCTACATCAAGTACCT-1,1957,GSM8562999_Naive1_filtered_matrix.mtx.gz,L147347,1
GSM8562999:TCTACATGTTGACGGA,Naive1,GSM8562999,L192716,1.0,TCTACATGTTGACGGA-1,1958,GSM8562999_Naive1_filtered_matrix.mtx.gz,L192716,2
GSM8562999:TCTACATGTTGGAGGT,Naive1,GSM8562999,L35389,1.0,TCTACATGTTGGAGGT-1,1959,GSM8562999_Naive1_filtered_matrix.mtx.gz,L35389,4
GSM8562999:TCTACCGCATAACGGG,Naive1,GSM8562999,L33167,1.0,TCTACCGCATAACGGG-1,1962,GSM8562999_Naive1_filtered_matrix.mtx.gz,L33167,0
GSM8562999:TCTACCGGTAACATAG,Naive1,GSM8562999,L169592,1.0,TCTACCGGTAACATAG-1,1963,GSM8562999_Naive1_filtered_matrix.mtx.gz,L169592,0
GSM8562999:TCTACCGGTTTGATCG,Naive1,GSM8562999,L51134,1.0,TCTACCGGTTTGATCG-1,1965,GSM8562999_Naive1_filtered_matrix.mtx.gz,L51134,0
GSM8562999:TCTATACAGCACACCC,Naive1,GSM8562999,L293527,1.0,TCTATACAGCACACCC-1,1966,GSM8562999_Naive1_filtered_matrix.mtx.gz,L293527,3
GSM8562999:TCTATACAGGTATAGT,Naive1,GSM8562999,L244886,1.0,TCTATACAGGTATAGT-1,1967,GSM8562999_Naive1_filtered_matrix.mtx.gz,L244886,4
GSM8562999:TCTATACCATACCGTA,Naive1,GSM8562999,L47103,1.0,TCTATACCATACCGTA-1,1968,GSM8562999_Naive1_filtered_matrix.mtx.gz,L47103,4
GSM8562999:TCTATACGTGATTAGA,Naive1,GSM8562999,L70348,1.0,TCTATACGTGATTAGA-1,1971,GSM8562999_Naive1_filtered_matrix.mtx.gz,L70348,3
GSM8562999:TCTATCATCCCTTTGG,Naive1,GSM8562999,L321617,1.0,TCTATCATCCCTTTGG-1,1973,GSM8562999_Naive1_filtered_matrix.mtx.gz,L321617,1
GSM8562999:TCTCACGAGGTTATAG,Naive1,GSM8562999,L214021,1.0,TCTCACGAGGTTATAG-1,1974,GSM8562999_Naive1_filtered_matrix.mtx.gz,L214021,2
GSM8562999:TCTCACGGTGGGATTG,Naive1,GSM8562999,L253198,1.0,TCTCACGGTGGGATTG-1,1975,GSM8562999_Naive1_filtered_matrix.mtx.gz,L253198,0
GSM8562999:TCTCAGCTCGCCATAA,Naive1,GSM8562999,L56999,1.0,TCTCAGCTCGCCATAA-1,1981,GSM8562999_Naive1_filtered_matrix.mtx.gz,L56999,0
GSM8562999:TCTCCGAGTATCAGGG,Naive1,GSM8562999,L180119,1.0,TCTCCGAGTATCAGGG-1,1983,GSM8562999_Naive1_filtered_matrix.mtx.gz,L180119,1
GSM8562999:TCTCTGGAGGGACACT,Naive1,GSM8562999,L61172,1.0,TCTCTGGAGGGACACT-1,1984,GSM8562999_Naive1_filtered_matrix.mtx.gz,L61172,3
GSM8562999:TCTCTGGGTTTCTATC,Naive1,GSM8562999,L9405,1.0,TCTCTGGGTTTCTATC-1,1985,GSM8562999_Naive1_filtered_matrix.mtx.gz,L9405,3
GSM8562999:TCTCTGGTCACCTTAT,Naive1,GSM8562999,L168572,1.0,TCTCTGGTCACCTTAT-1,1986,GSM8562999_Naive1_filtered_matrix.mtx.gz,L168572,3
GSM8562999:TCTCTGGTCAGTGATC,Naive1,GSM8562999,L240953,1.0,TCTCTGGTCAGTGATC-1,1987,GSM8562999_Naive1_filtered_matrix.mtx.gz,L240953,1
GSM8562999:TCTCTGGTCTGTTCAT,Naive1,GSM8562999,L72050,1.0,TCTCTGGTCTGTTCAT-1,1989,GSM8562999_Naive1_filtered_matrix.mtx.gz,L72050,0
GSM8562999:TCTGCCAAGGTAAGAG,Naive1,GSM8562999,L173296,1.0,TCTGCCAAGGTAAGAG-1,1990,GSM8562999_Naive1_filtered_matrix.mtx.gz,L173296,1
GSM8562999:TCTGCCAGTACTAACC,Naive1,GSM8562999,L148401,1.0,TCTGCCAGTACTAACC-1,1992,GSM8562999_Naive1_filtered_matrix.mtx.gz,L148401,4
GSM8562999:TCTGCCAGTCATCCCT,Naive1,GSM8562999,L31852,1.0,TCTGCCAGTCATCCCT-1,1993,GSM8562999_Naive1_filtered_matrix.mtx.gz,L31852,2
GSM8562999:TCTGGCTAGTATCTGC,Naive1,GSM8562999,L98634,1.0,TCTGGCTAGTATCTGC-1,1995,GSM8562999_Naive1_filtered_matrix.mtx.gz,L98634,2
GSM8562999:TCTGTCGGTCGAGCTC,Naive1,GSM8562999,L114452,1.0,TCTGTCGGTCGAGCTC-1,1997,GSM8562999_Naive1_filtered_matrix.mtx.gz,L114452,2
GSM8562999:TCTGTCGGTTCGTTCC,Naive1,GSM8562999,L31856,1.0,TCTGTCGGTTCGTTCC-1,1998,GSM8562999_Naive1_filtered_matrix.mtx.gz,L31856,4
GSM8562999:TCTTCCTCATCTCATT,Naive1,GSM8562999,L167950,1.0,TCTTCCTCATCTCATT-1,2001,GSM8562999_Naive1_filtered_matrix.mtx.gz,L167950,3
GSM8562999:TCTTTGACATGACTTG,Naive1,GSM8562999,L78561,1.0,TCTTTGACATGACTTG-1,2005,GSM8562999_Naive1_filtered_matrix.mtx.gz,L78561,2
GSM8562999:TGAACGTGTCTACGTA,Naive1,GSM8562999,L105784,1.0,TGAACGTGTCTACGTA-1,2009,GSM8562999_Naive1_filtered_matrix.mtx.gz,L105784,1
GSM8562999:TGAACGTGTGTTCGTA,Naive1,GSM8562999,L151380,1.0,TGAACGTGTGTTCGTA-1,2010,GSM8562999_Naive1_filtered_matrix.mtx.gz,L151380,4
GSM8562999:TGAATCGAGCAACTTC,Naive1,GSM8562999,L328955,1.0,TGAATCGAGCAACTTC-1,2012,GSM8562999_Naive1_filtered_matrix.mtx.gz,L328955,3
GSM8562999:TGAATCGAGTCTAGAA,Naive1,GSM8562999,L5045,1.0,TGAATCGAGTCTAGAA-1,2013,GSM8562999_Naive1_filtered_matrix.mtx.gz,L5045,3
GSM8562999:TGAATGCAGAGTCCGA,Naive1,GSM8562999,L274645,1.0,TGAATGCAGAGTCCGA-1,2015,GSM8562999_Naive1_filtered_matrix.mtx.gz,L274645,0
GSM8562999:TGAATGCGTATCTCGA,Naive1,GSM8562999,L76856,1.0,TGAATGCGTATCTCGA-1,2016,GSM8562999_Naive1_filtered_matrix.mtx.gz,L76856,4
GSM8562999:TGACAGTCATCACCAA,Naive1,GSM8562999,L33701,1.0,TGACAGTCATCACCAA-1,2019,GSM8562999_Naive1_filtered_matrix.mtx.gz,L33701,3
GSM8562999:TGACAGTGTCCACTTC,Naive1,GSM8562999,L257154,1.0,TGACAGTGTCCACTTC-1,2020,GSM8562999_Naive1_filtered_matrix.mtx.gz,L257154,4
GSM8562999:TGACAGTTCACTGGTA,Naive1,GSM8562999,L181437,1.0,TGACAGTTCACTGGTA-1,2021,GSM8562999_Naive1_filtered_matrix.mtx.gz,L181437,0
GSM8562999:TGACGCGTCCCAGCGA,Naive1,GSM8562999,L70669,1.0,TGACGCGTCCCAGCGA-1,2025,GSM8562999_Naive1_filtered_matrix.mtx.gz,L70669,3
GSM8562999:TGACTCCAGATAACGT,Naive1,GSM8562999,L241540,1.0,TGACTCCAGATAACGT-1,2026,GSM8562999_Naive1_filtered_matrix.mtx.gz,L241540,2
GSM8562999:TGAGACTTCAGCTCTC,Naive1,GSM8562999,L64121,1.0,TGAGACTTCAGCTCTC-1,2027,GSM8562999_Naive1_filtered_matrix.mtx.gz,L64121,3
GSM8562999:TGAGCATTCCAAACCA,Naive1,GSM8562999,L230913,1.0,TGAGCATTCCAAACCA-1,2029,GSM8562999_Naive1_filtered_matrix.mtx.gz,L230913,1
GSM8562999:TGAGGAGGTGTCTTGA,Naive1,GSM8562999,L263990,1.0,TGAGGAGGTGTCTTGA-1,2031,GSM8562999_Naive1_filtered_matrix.mtx.gz,L263990,1
GSM8562999:TGAGGAGTCGATCCCT,Naive1,GSM8562999,L314514,1.0,TGAGGAGTCGATCCCT-1,2032,GSM8562999_Naive1_filtered_matrix.mtx.gz,L314514,2
GSM8562999:TGAGGGAAGTGAGTTA,Naive1,GSM8562999,L75392,1.0,TGAGGGAAGTGAGTTA-1,2033,GSM8562999_Naive1_filtered_matrix.mtx.gz,L75392,4
GSM8562999:TGAGGGATCACGTAGT,Naive1,GSM8562999,L6043,1.0,TGAGGGATCACGTAGT-1,2035,GSM8562999_Naive1_filtered_matrix.mtx.gz,L6043,1
GSM8562999:TGAGTCAAGTCACGAG,Naive1,GSM8562999,L296352,1.0,TGAGTCAAGTCACGAG-1,2038,GSM8562999_Naive1_filtered_matrix.mtx.gz,L296352,3
GSM8562999:TGAGTCATCAATGTCG,Naive1,GSM8562999,L139565,1.0,TGAGTCATCAATGTCG-1,2040,GSM8562999_Naive1_filtered_matrix.mtx.gz,L139565,3
GSM8562999:TGAGTCATCTTGGCTC,Naive1,GSM8562999,L140054,1.0,TGAGTCATCTTGGCTC-1,2041,GSM8562999_Naive1_filtered_matrix.mtx.gz,L140054,2
GSM8562999:TGATCAGAGAAATTCG,Naive1,GSM8562999,L139713,1.0,TGATCAGAGAAATTCG-1,2042,GSM8562999_Naive1_filtered_matrix.mtx.gz,L139713,0
GSM8562999:TGATCAGTCCGGTTCT,Naive1,GSM8562999,L239228,1.0,TGATCAGTCCGGTTCT-1,2044,GSM8562999_Naive1_filtered_matrix.mtx.gz,L239228,2
GSM8562999:TGATCTTGTTGCCGAC,Naive1,GSM8562999,L129056,1.0,TGATCTTGTTGCCGAC-1,2045,GSM8562999_Naive1_filtered_matrix.mtx.gz,L129056,3
GSM8562999:TGATGCACAAATCAGA,Naive1,GSM8562999,L40629,1.0,TGATGCACAAATCAGA-1,2047,GSM8562999_Naive1_filtered_matrix.mtx.gz,L40629,4
GSM8562999:TGATGCACAGGTCCGT,Naive1,GSM8562999,L45022,1.0,TGATGCACAGGTCCGT-1,2048,GSM8562999_Naive1_filtered_matrix.mtx.gz,L45022,3
GSM8562999:TGATGGTAGTAGGAAG,Naive1,GSM8562999,L50675,1.0,TGATGGTAGTAGGAAG-1,2050,GSM8562999_Naive1_filtered_matrix.mtx.gz,L50675,1
GSM8562999:TGATGGTCAGGCAATG,Naive1,GSM8562999,L14194,1.0,TGATGGTCAGGCAATG-1,2051,GSM8562999_Naive1_filtered_matrix.mtx.gz,L14194,0
GSM8562999:TGATGGTCATCTGTTT,Naive1,GSM8562999,L139565,1.0,TGATGGTCATCTGTTT-1,2052,GSM8562999_Naive1_filtered_matrix.mtx.gz,L139565,3
GSM8562999:TGATGGTCATTCTGTT,Naive1,GSM8562999,L61693,1.0,TGATGGTCATTCTGTT-1,2053,GSM8562999_Naive1_filtered_matrix.mtx.gz,L61693,2
GSM8562999:TGATTTCTCAAAGGAT,Naive1,GSM8562999,L240450,1.0,TGATTTCTCAAAGGAT-1,2057,GSM8562999_Naive1_filtered_matrix.mtx.gz,L240450,2
GSM8562999:TGATTTCTCAGGACAG,Naive1,GSM8562999,L142131,1.0,TGATTTCTCAGGACAG-1,2058,GSM8562999_Naive1_filtered_matrix.mtx.gz,L142131,0
GSM8562999:TGCAGGCAGATAGCAT,Naive1,GSM8562999,L40629,1.0,TGCAGGCAGATAGCAT-1,2061,GSM8562999_Naive1_filtered_matrix.mtx.gz,L40629,4
GSM8562999:TGCAGGCTCTAGCATG,Naive1,GSM8562999,L51134,1.0,TGCAGGCTCTAGCATG-1,2062,GSM8562999_Naive1_filtered_matrix.mtx.gz,L51134,0
GSM8562999:TGCATGACAAGCACCC,Naive1,GSM8562999,L45022,1.0,TGCATGACAAGCACCC-1,2070,GSM8562999_Naive1_filtered_matrix.mtx.gz,L45022,3
GSM8562999:TGCATGACACCCTTAC,Naive1,GSM8562999,L278604,1.0,TGCATGACACCCTTAC-1,2071,GSM8562999_Naive1_filtered_matrix.mtx.gz,L278604,2
GSM8562999:TGCATGACATGGCACC,Naive1,GSM8562999,L231623,1.0,TGCATGACATGGCACC-1,2072,GSM8562999_Naive1_filtered_matrix.mtx.gz,L231623,3
GSM8562999:TGCGATATCCTAACAG,Naive1,GSM8562999,L257154,1.0,TGCGATATCCTAACAG-1,2075,GSM8562999_Naive1_filtered_matrix.mtx.gz,L257154,4
GSM8562999:TGCGGCACAAAGGATT,Naive1,GSM8562999,L68311,1.0,TGCGGCACAAAGGATT-1,2076,GSM8562999_Naive1_filtered_matrix.mtx.gz,L68311,2
GSM8562999:TGCGGCACAATAGTAG,Naive1,GSM8562999,L153469,1.0,TGCGGCACAATAGTAG-1,2077,GSM8562999_Naive1_filtered_matrix.mtx.gz,L153469,3
GSM8562999:TGCGGGTAGCATGTTC,Naive1,GSM8562999,L185195,1.0,TGCGGGTAGCATGTTC-1,2078,GSM8562999_Naive1_filtered_matrix.mtx.gz,L185195,1
GSM8562999:TGCTCCAAGTTAGTGA,Naive1,GSM8562999,L304427,1.0,TGCTCCAAGTTAGTGA-1,2081,GSM8562999_Naive1_filtered_matrix.mtx.gz,L304427,2
GSM8562999:TGCTCCAGTGAGAACC,Naive1,GSM8562999,L231007,1.0,TGCTCCAGTGAGAACC-1,2082,GSM8562999_Naive1_filtered_matrix.mtx.gz,L231007,2
GSM8562999:TGCTCGTAGGTTATAG,Naive1,GSM8562999,L187885,1.0,TGCTCGTAGGTTATAG-1,2084,GSM8562999_Naive1_filtered_matrix.mtx.gz,L187885,0
GSM8562999:TGCTGAAAGAGAGCAA,Naive1,GSM8562999,L116287,1.0,TGCTGAAAGAGAGCAA-1,2085,GSM8562999_Naive1_filtered_matrix.mtx.gz,L116287,0
GSM8562999:TGCTGAAGTGCAAGAC,Naive1,GSM8562999,L37950,1.0,TGCTGAAGTGCAAGAC-1,2086,GSM8562999_Naive1_filtered_matrix.mtx.gz,L37950,1
GSM8562999:TGCTTGCAGACTCAAA,Naive1,GSM8562999,L104947,1.0,TGCTTGCAGACTCAAA-1,2089,GSM8562999_Naive1_filtered_matrix.mtx.gz,L104947,4
GSM8562999:TGCTTGCGTAGATGTA,Naive1,GSM8562999,L329364,1.0,TGCTTGCGTAGATGTA-1,2090,GSM8562999_Naive1_filtered_matrix.mtx.gz,L329364,0
GSM8562999:TGCTTGCGTGCGGCTT,Naive1,GSM8562999,L188027,1.0,TGCTTGCGTGCGGCTT-1,2091,GSM8562999_Naive1_filtered_matrix.mtx.gz,L188027,1
GSM8562999:TGGAGAGAGGGAGTGG,Naive1,GSM8562999,L173296,1.0,TGGAGAGAGGGAGTGG-1,2094,GSM8562999_Naive1_filtered_matrix.mtx.gz,L173296,1
GSM8562999:TGGAGAGCACGATAGG,Naive1,GSM8562999,L263517,1.0,TGGAGAGCACGATAGG-1,2095,GSM8562999_Naive1_filtered_matrix.mtx.gz,L263517,2
GSM8562999:TGGAGAGCAGATTAAG,Naive1,GSM8562999,L295193,1.0,TGGAGAGCAGATTAAG-1,2096,GSM8562999_Naive1_filtered_matrix.mtx.gz,L295193,1
GSM8562999:TGGAGAGGTCACTTAG,Naive1,GSM8562999,L322777,1.0,TGGAGAGGTCACTTAG-1,2097,GSM8562999_Naive1_filtered_matrix.mtx.gz,L322777,4
GSM8562999:TGGATCACATGGGAAC,Naive1,GSM8562999,L51134,1.0,TGGATCACATGGGAAC-1,2098,GSM8562999_Naive1_filtered_matrix.mtx.gz,L51134,0
GSM8562999:TGGCGTGCAGTTGTTG,Naive1,GSM8562999,L220288,1.0,TGGCGTGCAGTTGTTG-1,2101,GSM8562999_Naive1_filtered_matrix.mtx.gz,L220288,4
GSM8562999:TGGCGTGGTCCGAAGA,Naive1,GSM8562999,L241540,1.0,TGGCGTGGTCCGAAGA-1,2102,GSM8562999_Naive1_filtered_matrix.mtx.gz,L241540,2
GSM8562999:TGGCGTGTCCGCTTAC,Naive1,GSM8562999,L124669,1.0,TGGCGTGTCCGCTTAC-1,2103,GSM8562999_Naive1_filtered_matrix.mtx.gz,L124669,3
GSM8562999:TGGGAAGAGCACACCC,Naive1,GSM8562999,L219307,1.0,TGGGAAGAGCACACCC-1,2104,GSM8562999_Naive1_filtered_matrix.mtx.gz,L219307,3
GSM8562999:TGGGAAGAGCCTTCTC,Naive1,GSM8562999,L279568,1.0,TGGGAAGAGCCTTCTC-1,2105,GSM8562999_Naive1_filtered_matrix.mtx.gz,L279568,2
GSM8562999:TGGGAGAAGTTTAGGA,Naive1,GSM8562999,L6369,1.0,TGGGAGAAGTTTAGGA-1,2108,GSM8562999_Naive1_filtered_matrix.mtx.gz,L6369,4
GSM8562999:TGGGAGACAATGAGCG,Naive1,GSM8562999,L227502,1.0,TGGGAGACAATGAGCG-1,2110,GSM8562999_Naive1_filtered_matrix.mtx.gz,L227502,2
GSM8562999:TGGGAGACAGTAGTGG,Naive1,GSM8562999,L137611,1.0,TGGGAGACAGTAGTGG-1,2111,GSM8562999_Naive1_filtered_matrix.mtx.gz,L137611,4
GSM8562999:TGGGATTGTCTAGGTT,Naive1,GSM8562999,L81738,1.0,TGGGATTGTCTAGGTT-1,2114,GSM8562999_Naive1_filtered_matrix.mtx.gz,L81738,0
GSM8562999:TGGGCGTAGCTGGAGT,Naive1,GSM8562999,L87202,1.0,TGGGCGTAGCTGGAGT-1,2117,GSM8562999_Naive1_filtered_matrix.mtx.gz,L87202,2
GSM8562999:TGGGCGTGTTAGAAGT,Naive1,GSM8562999,L223859,1.0,TGGGCGTGTTAGAAGT-1,2118,GSM8562999_Naive1_filtered_matrix.mtx.gz,L223859,1
GSM8562999:TGGGCGTTCCACCCTA,Naive1,GSM8562999,L234444,1.0,TGGGCGTTCCACCCTA-1,2119,GSM8562999_Naive1_filtered_matrix.mtx.gz,L234444,3
GSM8562999:TGGGCTGCATGTTCGA,Naive1,GSM8562999,L266998,1.0,TGGGCTGCATGTTCGA-1,2122,GSM8562999_Naive1_filtered_matrix.mtx.gz,L266998,3
GSM8562999:TGGGCTGGTGGATGAC,Naive1,GSM8562999,L15809,0.997708,TGGGCTGGTGGATGAC-1,2123,GSM8562999_Naive1_filtered_matrix.mtx.gz,L15809,2
GSM8562999:TGGGTTAAGCAATTAG,Naive1,GSM8562999,L56999,1.0,TGGGTTAAGCAATTAG-1,2124,GSM8562999_Naive1_filtered_matrix.mtx.gz,L56999,0
GSM8562999:TGGGTTACACCCTAGG,Naive1,GSM8562999,L82788,1.0,TGGGTTACACCCTAGG-1,2125,GSM8562999_Naive1_filtered_matrix.mtx.gz,L82788,3
GSM8562999:TGGTAGTCACAAGGTG,Naive1,GSM8562999,L312238,1.0,TGGTAGTCACAAGGTG-1,2129,GSM8562999_Naive1_filtered_matrix.mtx.gz,L312238,2
GSM8562999:TGGTGATAGGCCTGCT,Naive1,GSM8562999,L322447,1.0,TGGTGATAGGCCTGCT-1,2133,GSM8562999_Naive1_filtered_matrix.mtx.gz,L322447,2
GSM8562999:TGGTGATAGTGGTTCT,Naive1,GSM8562999,L75392,1.0,TGGTGATAGTGGTTCT-1,2134,GSM8562999_Naive1_filtered_matrix.mtx.gz,L75392,4
GSM8562999:TGGTGATCAATCCTTT,Naive1,GSM8562999,L91412,1.0,TGGTGATCAATCCTTT-1,2135,GSM8562999_Naive1_filtered_matrix.mtx.gz,L91412,3
GSM8562999:TGGTGATCACGTCGGT,Naive1,GSM8562999,L229064,1.0,TGGTGATCACGTCGGT-1,2136,GSM8562999_Naive1_filtered_matrix.mtx.gz,L229064,4
GSM8562999:TGGTTAGGTACTAGCT,Naive1,GSM8562999,L23858,1.0,TGGTTAGGTACTAGCT-1,2139,GSM8562999_Naive1_filtered_matrix.mtx.gz,L23858,1
GSM8562999:TGTAACGCATGGTACT,Naive1,GSM8562999,L165407,1.0,TGTAACGCATGGTACT-1,2140,GSM8562999_Naive1_filtered_matrix.mtx.gz,L165407,1
GSM8562999:TGTAGACGTATCAGGG,Naive1,GSM8562999,L54153,1.0,TGTAGACGTATCAGGG-1,2145,GSM8562999_Naive1_filtered_matrix.mtx.gz,L54153,2
GSM8562999:TGTCAGAAGATTAGTG,Naive1,GSM8562999,L231007,1.0,TGTCAGAAGATTAGTG-1,2147,GSM8562999_Naive1_filtered_matrix.mtx.gz,L231007,2
GSM8562999:TGTCAGACATCCTTCG,Naive1,GSM8562999,L168951,1.0,TGTCAGACATCCTTCG-1,2148,GSM8562999_Naive1_filtered_matrix.mtx.gz,L168951,2
GSM8562999:TGTCCACAGGTCTGGA,Naive1,GSM8562999,L185259,1.0,TGTCCACAGGTCTGGA-1,2149,GSM8562999_Naive1_filtered_matrix.mtx.gz,L185259,1
GSM8562999:TGTCCACCACTAACGT,Naive1,GSM8562999,L104099,1.0,TGTCCACCACTAACGT-1,2150,GSM8562999_Naive1_filtered_matrix.mtx.gz,L104099,4
GSM8562999:TGTCCACGTCGAACGA,Naive1,GSM8562999,L295492,1.0,TGTCCACGTCGAACGA-1,2151,GSM8562999_Naive1_filtered_matrix.mtx.gz,L295492,0
GSM8562999:TGTCCACGTTTATGCG,Naive1,GSM8562999,L177128,1.0,TGTCCACGTTTATGCG-1,2153,GSM8562999_Naive1_filtered_matrix.mtx.gz,L177128,3
GSM8562999:TGTCCACTCTACACTT,Naive1,GSM8562999,L6369,1.0,TGTCCACTCTACACTT-1,2154,GSM8562999_Naive1_filtered_matrix.mtx.gz,L6369,4
GSM8562999:TGTCCCAAGTTCCTGA,Naive1,GSM8562999,L35478,0.511198,TGTCCCAAGTTCCTGA-1,2156,GSM8562999_Naive1_filtered_matrix.mtx.gz,L35478,0
GSM8562999:TGTCCTGAGGAAGTAG,Naive1,GSM8562999,L305688,1.0,TGTCCTGAGGAAGTAG-1,2158,GSM8562999_Naive1_filtered_matrix.mtx.gz,L305688,3
GSM8562999:TGTCCTGCATAACTCG,Naive1,GSM8562999,L17895,1.0,TGTCCTGCATAACTCG-1,2159,GSM8562999_Naive1_filtered_matrix.mtx.gz,L17895,4
GSM8562999:TGTCCTGGTCGTACAT,Naive1,GSM8562999,L266998,1.0,TGTCCTGGTCGTACAT-1,2160,GSM8562999_Naive1_filtered_matrix.mtx.gz,L266998,3
GSM8562999:TGTGAGTAGAGGATGA,Naive1,GSM8562999,L227502,1.0,TGTGAGTAGAGGATGA-1,2161,GSM8562999_Naive1_filtered_matrix.mtx.gz,L227502,2
GSM8562999:TGTGAGTCAAAGACTA,Naive1,GSM8562999,L10299,1.0,TGTGAGTCAAAGACTA-1,2162,GSM8562999_Naive1_filtered_matrix.mtx.gz,L10299,3
GSM8562999:TGTGAGTTCGACATCA,Naive1,GSM8562999,L137611,1.0,TGTGAGTTCGACATCA-1,2165,GSM8562999_Naive1_filtered_matrix.mtx.gz,L137611,4
GSM8562999:TGTGATGTCCTGTTGC,Naive1,GSM8562999,L31852,1.0,TGTGATGTCCTGTTGC-1,2167,GSM8562999_Naive1_filtered_matrix.mtx.gz,L31852,2
GSM8562999:TGTGCGGAGAATAACC,Naive1,GSM8562999,L42654,1.0,TGTGCGGAGAATAACC-1,2168,GSM8562999_Naive1_filtered_matrix.mtx.gz,L42654,2
GSM8562999:TGTGCGGAGTCGCCCA,Naive1,GSM8562999,L80342,1.0,TGTGCGGAGTCGCCCA-1,2169,GSM8562999_Naive1_filtered_matrix.mtx.gz,L80342,1
GSM8562999:TGTGGCGAGTCCTACA,Naive1,GSM8562999,L289410,1.0,TGTGGCGAGTCCTACA-1,2171,GSM8562999_Naive1_filtered_matrix.mtx.gz,L289410,2
GSM8562999:TGTGTGAGTGACGTCC,Naive1,GSM8562999,L219307,1.0,TGTGTGAGTGACGTCC-1,2174,GSM8562999_Naive1_filtered_matrix.mtx.gz,L219307,3
GSM8562999:TGTGTGAGTGGGTATG,Naive1,GSM8562999,L219307,1.0,TGTGTGAGTGGGTATG-1,2175,GSM8562999_Naive1_filtered_matrix.mtx.gz,L219307,3
GSM8562999:TGTTCATCAACATCGT,Naive1,GSM8562999,L182194,1.0,TGTTCATCAACATCGT-1,2178,GSM8562999_Naive1_filtered_matrix.mtx.gz,L182194,2
GSM8562999:TGTTCCGAGAGTTGCG,Naive1,GSM8562999,L231007,1.0,TGTTCCGAGAGTTGCG-1,2181,GSM8562999_Naive1_filtered_matrix.mtx.gz,L231007,2
GSM8562999:TGTTCTAAGATTCGAA,Naive1,GSM8562999,L168951,1.0,TGTTCTAAGATTCGAA-1,2182,GSM8562999_Naive1_filtered_matrix.mtx.gz,L168951,2
GSM8562999:TGTTGAGCACTCAAGT,Naive1,GSM8562999,L308068,1.0,TGTTGAGCACTCAAGT-1,2185,GSM8562999_Naive1_filtered_matrix.mtx.gz,L308068,3
GSM8562999:TGTTTGTGTGGAACAC,Naive1,GSM8562999,L121689,1.0,TGTTTGTGTGGAACAC-1,2187,GSM8562999_Naive1_filtered_matrix.mtx.gz,L121689,3
GSM8562999:TGTTTGTTCCGCAACG,Naive1,GSM8562999,L251300,1.0,TGTTTGTTCCGCAACG-1,2188,GSM8562999_Naive1_filtered_matrix.mtx.gz,L251300,3
GSM8562999:TGTTTGTTCCTATGGA,Naive1,GSM8562999,L320820,1.0,TGTTTGTTCCTATGGA-1,2189,GSM8562999_Naive1_filtered_matrix.mtx.gz,L320820,3
GSM8562999:TTACAGGTCACGGACC,Naive1,GSM8562999,L167106,0.996532,TTACAGGTCACGGACC-1,2190,GSM8562999_Naive1_filtered_matrix.mtx.gz,L167106,1
GSM8562999:TTACCGCCAGTCGAGA,Naive1,GSM8562999,L81421,1.0,TTACCGCCAGTCGAGA-1,2193,GSM8562999_Naive1_filtered_matrix.mtx.gz,L81421,0
GSM8562999:TTACCGCGTTGCGTAT,Naive1,GSM8562999,L231119,1.0,TTACCGCGTTGCGTAT-1,2195,GSM8562999_Naive1_filtered_matrix.mtx.gz,L231119,1
GSM8562999:TTACGCCAGCATAGGC,Naive1,GSM8562999,L9220,1.0,TTACGCCAGCATAGGC-1,2198,GSM8562999_Naive1_filtered_matrix.mtx.gz,L9220,2
GSM8562999:TTACGCCAGCTGCCTG,Naive1,GSM8562999,L301536,1.0,TTACGCCAGCTGCCTG-1,2199,GSM8562999_Naive1_filtered_matrix.mtx.gz,L301536,1
GSM8562999:TTACGCCGTTGGCTAT,Naive1,GSM8562999,L137611,1.0,TTACGCCGTTGGCTAT-1,2200,GSM8562999_Naive1_filtered_matrix.mtx.gz,L137611,4
GSM8562999:TTACTGTGTAACTTCG,Naive1,GSM8562999,L190863,1.0,TTACTGTGTAACTTCG-1,2203,GSM8562999_Naive1_filtered_matrix.mtx.gz,L190863,1
GSM8562999:TTAGGCATCGTCGGGT,Naive1,GSM8562999,L229874,1.0,TTAGGCATCGTCGGGT-1,2205,GSM8562999_Naive1_filtered_matrix.mtx.gz,L229874,1
GSM8562999:TTAGGGTTCAAATGCC,Naive1,GSM8562999,L192531,1.0,TTAGGGTTCAAATGCC-1,2206,GSM8562999_Naive1_filtered_matrix.mtx.gz,L192531,1
GSM8562999:TTATTGCCAAATCAAG,Naive1,GSM8562999,L48895,1.0,TTATTGCCAAATCAAG-1,2212,GSM8562999_Naive1_filtered_matrix.mtx.gz,L48895,3
GSM8562999:TTCAATCAGCGCCATC,Naive1,GSM8562999,L7412,1.0,TTCAATCAGCGCCATC-1,2213,GSM8562999_Naive1_filtered_matrix.mtx.gz,L7412,3
GSM8562999:TTCAATCAGTTGAAGT,Naive1,GSM8562999,L59420,1.0,TTCAATCAGTTGAAGT-1,2215,GSM8562999_Naive1_filtered_matrix.mtx.gz,L59420,0
GSM8562999:TTCAATCGTATGCAAA,Naive1,GSM8562999,L80342,1.0,TTCAATCGTATGCAAA-1,2216,GSM8562999_Naive1_filtered_matrix.mtx.gz,L80342,1
GSM8562999:TTCACCGCAATAGTCC,Naive1,GSM8562999,L196980,1.0,TTCACCGCAATAGTCC-1,2218,GSM8562999_Naive1_filtered_matrix.mtx.gz,L196980,3
GSM8562999:TTCACGCCAGTGTATC,Naive1,GSM8562999,L31111,1.0,TTCACGCCAGTGTATC-1,2220,GSM8562999_Naive1_filtered_matrix.mtx.gz,L31111,3
GSM8562999:TTCACGCGTCCACTCT,Naive1,GSM8562999,L180119,1.0,TTCACGCGTCCACTCT-1,2221,GSM8562999_Naive1_filtered_matrix.mtx.gz,L180119,1
GSM8562999:TTCACGCTCAAGAAAC,Naive1,GSM8562999,L223068,1.0,TTCACGCTCAAGAAAC-1,2223,GSM8562999_Naive1_filtered_matrix.mtx.gz,L223068,0
GSM8562999:TTCAGGAAGACCATGG,Naive1,GSM8562999,L138125,0.997708,TTCAGGAAGACCATGG-1,2224,GSM8562999_Naive1_filtered_matrix.mtx.gz,L138125,4
GSM8562999:TTCATGTTCAATGTCG,Naive1,GSM8562999,L262482,1.0,TTCATGTTCAATGTCG-1,2228,GSM8562999_Naive1_filtered_matrix.mtx.gz,L262482,1
GSM8562999:TTCATTGAGGCAATGC,Naive1,GSM8562999,L264962,1.0,TTCATTGAGGCAATGC-1,2230,GSM8562999_Naive1_filtered_matrix.mtx.gz,L264962,3
GSM8562999:TTCATTGAGGTAGTCG,Naive1,GSM8562999,L42496,1.0,TTCATTGAGGTAGTCG-1,2231,GSM8562999_Naive1_filtered_matrix.mtx.gz,L42496,4
GSM8562999:TTCATTGTCGCTTAAG,Naive1,GSM8562999,L205676,1.0,TTCATTGTCGCTTAAG-1,2233,GSM8562999_Naive1_filtered_matrix.mtx.gz,L205676,0
GSM8562999:TTCCGGTAGGATTCAA,Naive1,GSM8562999,L13712,1.0,TTCCGGTAGGATTCAA-1,2235,GSM8562999_Naive1_filtered_matrix.mtx.gz,L13712,3
GSM8562999:TTCCGGTGTTGGGTTT,Naive1,GSM8562999,L8387,1.0,TTCCGGTGTTGGGTTT-1,2236,GSM8562999_Naive1_filtered_matrix.mtx.gz,L8387,0
GSM8562999:TTCCGGTTCAACCGAT,Naive1,GSM8562999,L229764,1.0,TTCCGGTTCAACCGAT-1,2237,GSM8562999_Naive1_filtered_matrix.mtx.gz,L229764,2
GSM8562999:TTCCTAATCGGTCGGT,Naive1,GSM8562999,L91046,1.0,TTCCTAATCGGTCGGT-1,2243,GSM8562999_Naive1_filtered_matrix.mtx.gz,L91046,1
GSM8562999:TTCCTCTAGCCTCGTG,Naive1,GSM8562999,L307329,1.0,TTCCTCTAGCCTCGTG-1,2244,GSM8562999_Naive1_filtered_matrix.mtx.gz,L307329,1
GSM8562999:TTCCTCTAGTCACGAG,Naive1,GSM8562999,L231007,1.0,TTCCTCTAGTCACGAG-1,2245,GSM8562999_Naive1_filtered_matrix.mtx.gz,L231007,2
GSM8562999:TTCCTCTGTAACTAAG,Naive1,GSM8562999,L190318,1.0,TTCCTCTGTAACTAAG-1,2246,GSM8562999_Naive1_filtered_matrix.mtx.gz,L190318,2
GSM8562999:TTCCTTCCAAGATGGC,Naive1,GSM8562999,L229874,1.0,TTCCTTCCAAGATGGC-1,2247,GSM8562999_Naive1_filtered_matrix.mtx.gz,L229874,1
GSM8562999:TTCCTTCCAGCTGTTA,Naive1,GSM8562999,L75392,1.0,TTCCTTCCAGCTGTTA-1,2249,GSM8562999_Naive1_filtered_matrix.mtx.gz,L75392,4
GSM8562999:TTCGATTGTAGGACTG,Naive1,GSM8562999,L16438,0.999308,TTCGATTGTAGGACTG-1,2250,GSM8562999_Naive1_filtered_matrix.mtx.gz,L16438,1
GSM8562999:TTCGCTGTCTAGTACG,Naive1,GSM8562999,L112164,1.0,TTCGCTGTCTAGTACG-1,2251,GSM8562999_Naive1_filtered_matrix.mtx.gz,L112164,2
GSM8562999:TTCGGTCAGAGGGCGA,Naive1,GSM8562999,L155963,1.0,TTCGGTCAGAGGGCGA-1,2252,GSM8562999_Naive1_filtered_matrix.mtx.gz,L155963,0
GSM8562999:TTCGGTCAGGAGAGTA,Naive1,GSM8562999,L244886,1.0,TTCGGTCAGGAGAGTA-1,2253,GSM8562999_Naive1_filtered_matrix.mtx.gz,L244886,4
GSM8562999:TTCGGTCCACAGGATG,Naive1,GSM8562999,L31852,1.0,TTCGGTCCACAGGATG-1,2254,GSM8562999_Naive1_filtered_matrix.mtx.gz,L31852,2
GSM8562999:TTCTAACAGCATGAAT,Naive1,GSM8562999,L257154,1.0,TTCTAACAGCATGAAT-1,2256,GSM8562999_Naive1_filtered_matrix.mtx.gz,L257154,4
GSM8562999:TTCTAACCAGTCAGTT,Naive1,GSM8562999,L196980,1.0,TTCTAACCAGTCAGTT-1,2257,GSM8562999_Naive1_filtered_matrix.mtx.gz,L196980,3
GSM8562999:TTCTAACGTACAAGTA,Naive1,GSM8562999,L173296,1.0,TTCTAACGTACAAGTA-1,2258,GSM8562999_Naive1_filtered_matrix.mtx.gz,L173296,1
GSM8562999:TTCTAACTCCAAAGGG,Naive1,GSM8562999,L274951,1.0,TTCTAACTCCAAAGGG-1,2259,GSM8562999_Naive1_filtered_matrix.mtx.gz,L274951,3
GSM8562999:TTCTAACTCCTACAAG,Naive1,GSM8562999,L112164,1.0,TTCTAACTCCTACAAG-1,2260,GSM8562999_Naive1_filtered_matrix.mtx.gz,L112164,2
GSM8562999:TTCTAGTTCGTGGGTC,Naive1,GSM8562999,L81738,1.0,TTCTAGTTCGTGGGTC-1,2262,GSM8562999_Naive1_filtered_matrix.mtx.gz,L81738,0
GSM8562999:TTCTCTCAGGGTTAGC,Naive1,GSM8562999,L164614,1.0,TTCTCTCAGGGTTAGC-1,2263,GSM8562999_Naive1_filtered_matrix.mtx.gz,L164614,3
GSM8562999:TTCTCTCCATCTTAGG,Naive1,GSM8562999,L6369,1.0,TTCTCTCCATCTTAGG-1,2264,GSM8562999_Naive1_filtered_matrix.mtx.gz,L6369,4
GSM8562999:TTCTGTAAGAGGGTAA,Naive1,GSM8562999,L304427,1.0,TTCTGTAAGAGGGTAA-1,2265,GSM8562999_Naive1_filtered_matrix.mtx.gz,L304427,2
GSM8562999:TTCTGTAAGATACCAA,Naive1,GSM8562999,L113265,1.0,TTCTGTAAGATACCAA-1,2266,GSM8562999_Naive1_filtered_matrix.mtx.gz,L113265,4
GSM8562999:TTCTGTAGTGTTGCCG,Naive1,GSM8562999,L282419,1.0,TTCTGTAGTGTTGCCG-1,2267,GSM8562999_Naive1_filtered_matrix.mtx.gz,L282419,4
GSM8562999:TTCTGTATCGCTAAAC,Naive1,GSM8562999,L244886,1.0,TTCTGTATCGCTAAAC-1,2268,GSM8562999_Naive1_filtered_matrix.mtx.gz,L244886,4
GSM8562999:TTCTTGAAGTGGAAAG,Naive1,GSM8562999,L82979,1.0,TTCTTGAAGTGGAAAG-1,2270,GSM8562999_Naive1_filtered_matrix.mtx.gz,L82979,2
GSM8562999:TTGAACGTCCTAGCGG,Naive1,GSM8562999,L247781,1.0,TTGAACGTCCTAGCGG-1,2273,GSM8562999_Naive1_filtered_matrix.mtx.gz,L247781,2
GSM8562999:TTGATGGTCCCGTTGT,Naive1,GSM8562999,L25093,1.0,TTGATGGTCCCGTTGT-1,2276,GSM8562999_Naive1_filtered_matrix.mtx.gz,L25093,4
GSM8562999:TTGCCTGTCTCTCTTC,Naive1,GSM8562999,L240450,1.0,TTGCCTGTCTCTCTTC-1,2281,GSM8562999_Naive1_filtered_matrix.mtx.gz,L240450,2
GSM8562999:TTGCGTCAGGCAGGGA,Naive1,GSM8562999,L164771,1.0,TTGCGTCAGGCAGGGA-1,2282,GSM8562999_Naive1_filtered_matrix.mtx.gz,L164771,2
GSM8562999:TTGCGTCTCGGACGTC,Naive1,GSM8562999,L82032,1.0,TTGCGTCTCGGACGTC-1,2283,GSM8562999_Naive1_filtered_matrix.mtx.gz,L82032,4
GSM8562999:TTGCTGCCAGTCACGC,Naive1,GSM8562999,L202607,1.0,TTGCTGCCAGTCACGC-1,2284,GSM8562999_Naive1_filtered_matrix.mtx.gz,L202607,0
GSM8562999:TTGCTGCGTCAAAGCG,Naive1,GSM8562999,L90423,1.0,TTGCTGCGTCAAAGCG-1,2285,GSM8562999_Naive1_filtered_matrix.mtx.gz,L90423,4
GSM8562999:TTGCTGCGTTGCCGCA,Naive1,GSM8562999,L84010,1.0,TTGCTGCGTTGCCGCA-1,2286,GSM8562999_Naive1_filtered_matrix.mtx.gz,L84010,3
GSM8562999:TTGCTGCTCACAAGGG,Naive1,GSM8562999,L204285,1.0,TTGCTGCTCACAAGGG-1,2287,GSM8562999_Naive1_filtered_matrix.mtx.gz,L204285,3
GSM8562999:TTGGGTAAGACCAACG,Naive1,GSM8562999,L173296,1.0,TTGGGTAAGACCAACG-1,2292,GSM8562999_Naive1_filtered_matrix.mtx.gz,L173296,1
GSM8562999:TTGGGTATCGGAACTT,Naive1,GSM8562999,L183358,1.0,TTGGGTATCGGAACTT-1,2294,GSM8562999_Naive1_filtered_matrix.mtx.gz,L183358,0
GSM8562999:TTGGTTTTCGGTAAGG,Naive1,GSM8562999,L137611,1.0,TTGGTTTTCGGTAAGG-1,2296,GSM8562999_Naive1_filtered_matrix.mtx.gz,L137611,4
GSM8562999:TTGTGGACAAACTAAG,Naive1,GSM8562999,L171615,1.0,TTGTGGACAAACTAAG-1,2298,GSM8562999_Naive1_filtered_matrix.mtx.gz,L171615,0
GSM8562999:TTGTGGACAGAAGCGT,Naive1,GSM8562999,L173296,1.0,TTGTGGACAGAAGCGT-1,2300,GSM8562999_Naive1_filtered_matrix.mtx.gz,L173296,1
GSM8562999:TTGTGTTCAAATCGGG,Naive1,GSM8562999,L70669,1.0,TTGTGTTCAAATCGGG-1,2304,GSM8562999_Naive1_filtered_matrix.mtx.gz,L70669,3
GSM8562999:TTGTGTTCAACTCGTA,Naive1,GSM8562999,L115717,1.0,TTGTGTTCAACTCGTA-1,2305,GSM8562999_Naive1_filtered_matrix.mtx.gz,L115717,2
GSM8562999:TTGTGTTGTAGTTACC,Naive1,GSM8562999,L51669,1.0,TTGTGTTGTAGTTACC-1,2306,GSM8562999_Naive1_filtered_matrix.mtx.gz,L51669,4
GSM8562999:TTGTTCAAGAAATCCA,Naive1,GSM8562999,L48852,1.0,TTGTTCAAGAAATCCA-1,2307,GSM8562999_Naive1_filtered_matrix.mtx.gz,L48852,1
GSM8562999:TTGTTCACACTGGCGT,Naive1,GSM8562999,L147347,1.0,TTGTTCACACTGGCGT-1,2309,GSM8562999_Naive1_filtered_matrix.mtx.gz,L147347,1
GSM8562999:TTGTTCAGTTCGGCTG,Naive1,GSM8562999,L145073,1.0,TTGTTCAGTTCGGCTG-1,2311,GSM8562999_Naive1_filtered_matrix.mtx.gz,L145073,1
GSM8562999:TTGTTCATCGACGACC,Naive1,GSM8562999,L148876,1.0,TTGTTCATCGACGACC-1,2312,GSM8562999_Naive1_filtered_matrix.mtx.gz,L148876,2
GSM8562999:TTGTTCATCGTCTACC,Naive1,GSM8562999,L82979,1.0,TTGTTCATCGTCTACC-1,2313,GSM8562999_Naive1_filtered_matrix.mtx.gz,L82979,2
GSM8562999:TTGTTGTTCATTCACT,Naive1,GSM8562999,L107483,1.0,TTGTTGTTCATTCACT-1,2315,GSM8562999_Naive1_filtered_matrix.mtx.gz,L107483,0
GSM8562999:TTGTTTGCAAATCAAG,Naive1,GSM8562999,L130334,1.0,TTGTTTGCAAATCAAG-1,2316,GSM8562999_Naive1_filtered_matrix.mtx.gz,L130334,2
GSM8562999:TTGTTTGCAGGTAGTG,Naive1,GSM8562999,L84351,1.0,TTGTTTGCAGGTAGTG-1,2318,GSM8562999_Naive1_filtered_matrix.mtx.gz,L84351,3
GSM8562999:TTTACCACAATACCCA,Naive1,GSM8562999,L8387,1.0,TTTACCACAATACCCA-1,2319,GSM8562999_Naive1_filtered_matrix.mtx.gz,L8387,0
GSM8562999:TTTACCATCACGATAC,Naive1,GSM8562999,L76568,1.0,TTTACCATCACGATAC-1,2321,GSM8562999_Naive1_filtered_matrix.mtx.gz,L76568,0
GSM8562999:TTTACCATCCAGTGTA,Naive1,GSM8562999,L16603,1.0,TTTACCATCCAGTGTA-1,2322,GSM8562999_Naive1_filtered_matrix.mtx.gz,L16603,0
GSM8562999:TTTACTGGTGCTAGCC,Naive1,GSM8562999,L179110,1.0,TTTACTGGTGCTAGCC-1,2323,GSM8562999_Naive1_filtered_matrix.mtx.gz,L179110,2
GSM8562999:TTTAGTCAGAATCGAT,Naive1,GSM8562999,L252321,1.0,TTTAGTCAGAATCGAT-1,2324,GSM8562999_Naive1_filtered_matrix.mtx.gz,L252321,2
GSM8562999:TTTAGTCAGATTGTGA,Naive1,GSM8562999,L150059,0.567285,TTTAGTCAGATTGTGA-1,2325,GSM8562999_Naive1_filtered_matrix.mtx.gz,L150059,2
GSM8562999:TTTATGCAGGAGTCTG,Naive1,GSM8562999,L52613,1.0,TTTATGCAGGAGTCTG-1,2328,GSM8562999_Naive1_filtered_matrix.mtx.gz,L52613,0
GSM8562999:TTTATGCGTACTCGTA,Naive1,GSM8562999,L93681,1.0,TTTATGCGTACTCGTA-1,2329,GSM8562999_Naive1_filtered_matrix.mtx.gz,L93681,4
GSM8562999:TTTATGCGTACTTGTG,Naive1,GSM8562999,L269961,0.999999,TTTATGCGTACTTGTG-1,2330,GSM8562999_Naive1_filtered_matrix.mtx.gz,L269961,4
GSM8562999:TTTCACAAGAATCTAG,Naive1,GSM8562999,L219307,1.0,TTTCACAAGAATCTAG-1,2332,GSM8562999_Naive1_filtered_matrix.mtx.gz,L219307,3
GSM8562999:TTTCACAAGTGGTGAC,Naive1,GSM8562999,L154401,1.0,TTTCACAAGTGGTGAC-1,2333,GSM8562999_Naive1_filtered_matrix.mtx.gz,L154401,3
GSM8562999:TTTCATGAGAATTGCA,Naive1,GSM8562999,L314894,1.0,TTTCATGAGAATTGCA-1,2338,GSM8562999_Naive1_filtered_matrix.mtx.gz,L314894,1
GSM8562999:TTTCATGAGAGAATCT,Naive1,GSM8562999,L16438,0.999999,TTTCATGAGAGAATCT-1,2339,GSM8562999_Naive1_filtered_matrix.mtx.gz,L16438,1
GSM8562999:TTTCATGAGGTTGAGC,Naive1,GSM8562999,L320548,1.0,TTTCATGAGGTTGAGC-1,2340,GSM8562999_Naive1_filtered_matrix.mtx.gz,L320548,3
GSM8562999:TTTCATGGTGGAGAAA,Naive1,GSM8562999,L177128,1.0,TTTCATGGTGGAGAAA-1,2342,GSM8562999_Naive1_filtered_matrix.mtx.gz,L177128,3
GSM8562999:TTTCCTCCAACACACT,Naive1,GSM8562999,L320820,1.0,TTTCCTCCAACACACT-1,2343,GSM8562999_Naive1_filtered_matrix.mtx.gz,L320820,3
GSM8562999:TTTCCTCCAGGTGTGA,Naive1,GSM8562999,L9253,0.994651,TTTCCTCCAGGTGTGA-1,2344,GSM8562999_Naive1_filtered_matrix.mtx.gz,L9253,3
GSM8562999:TTTGATCTCGACGTCG,Naive1,GSM8562999,L112548,1.0,TTTGATCTCGACGTCG-1,2352,GSM8562999_Naive1_filtered_matrix.mtx.gz,L112548,0
GSM8562999:TTTGGAGAGGTGGGTT,Naive1,GSM8562999,L96601,1.0,TTTGGAGAGGTGGGTT-1,2353,GSM8562999_Naive1_filtered_matrix.mtx.gz,L96601,1
GSM8562999:TTTGTTGGTCCGATCG,Naive1,GSM8562999,L205676,1.0,TTTGTTGGTCCGATCG-1,2356,GSM8562999_Naive1_filtered_matrix.mtx.gz,L205676,0
GSM8563000:AAACCCAGTACTTGTG,Naive2,GSM8563000,L93681,1.0,AAACCCAGTACTTGTG-1,1,GSM8563000_Naive2_filtered_matrix.mtx.gz,L93681,4
GSM8563000:AAACCCAGTTAACAGA,Naive2,GSM8563000,L278604,1.0,AAACCCAGTTAACAGA-1,2,GSM8563000_Naive2_filtered_matrix.mtx.gz,L278604,2
GSM8563000:AAACGAACAATCAAGA,Naive2,GSM8563000,L199024,1.0,AAACGAACAATCAAGA-1,3,GSM8563000_Naive2_filtered_matrix.mtx.gz,L199024,0
GSM8563000:AAACGCTAGCACCGAA,Naive2,GSM8563000,L77443,1.0,AAACGCTAGCACCGAA-1,9,GSM8563000_Naive2_filtered_matrix.mtx.gz,L77443,2
GSM8563000:AAACGCTAGCCGGAAT,Naive2,GSM8563000,L197925,1.0,AAACGCTAGCCGGAAT-1,10,GSM8563000_Naive2_filtered_matrix.mtx.gz,L197925,0
GSM8563000:AAACGCTGTGTAGTGG,Naive2,GSM8563000,L95387,0.996891,AAACGCTGTGTAGTGG-1,13,GSM8563000_Naive2_filtered_matrix.mtx.gz,L95387,3
GSM8563000:AAAGAACAGTCAGCCC,Naive2,GSM8563000,L82979,1.0,AAAGAACAGTCAGCCC-1,15,GSM8563000_Naive2_filtered_matrix.mtx.gz,L82979,2
GSM8563000:AAAGAACTCTCATGGA,Naive2,GSM8563000,L49447,1.0,AAAGAACTCTCATGGA-1,16,GSM8563000_Naive2_filtered_matrix.mtx.gz,L49447,3
GSM8563000:AAAGGATAGAGAGCGG,Naive2,GSM8563000,L180119,1.0,AAAGGATAGAGAGCGG-1,17,GSM8563000_Naive2_filtered_matrix.mtx.gz,L180119,1
GSM8563000:AAAGGATCAGCAGTAG,Naive2,GSM8563000,L41780,1.0,AAAGGATCAGCAGTAG-1,19,GSM8563000_Naive2_filtered_matrix.mtx.gz,L41780,4
GSM8563000:AAAGGGCCAGCAGACA,Naive2,GSM8563000,L299501,0.662773,AAAGGGCCAGCAGACA-1,21,GSM8563000_Naive2_filtered_matrix.mtx.gz,L299501,1
GSM8563000:AAAGGGCTCATTTCCA,Naive2,GSM8563000,L239228,1.0,AAAGGGCTCATTTCCA-1,23,GSM8563000_Naive2_filtered_matrix.mtx.gz,L239228,2
GSM8563000:AAAGGTACACAGTGAG,Naive2,GSM8563000,L19489,1.0,AAAGGTACACAGTGAG-1,25,GSM8563000_Naive2_filtered_matrix.mtx.gz,L19489,0
GSM8563000:AAAGTCCGTATGGAGC,Naive2,GSM8563000,L86394,1.0,AAAGTCCGTATGGAGC-1,27,GSM8563000_Naive2_filtered_matrix.mtx.gz,L86394,1
GSM8563000:AAAGTGATCGAGTGGA,Naive2,GSM8563000,L68231,1.0,AAAGTGATCGAGTGGA-1,29,GSM8563000_Naive2_filtered_matrix.mtx.gz,L68231,0
GSM8563000:AAATGGAAGTGGCGAT,Naive2,GSM8563000,L40629,1.0,AAATGGAAGTGGCGAT-1,30,GSM8563000_Naive2_filtered_matrix.mtx.gz,L40629,4
GSM8563000:AAATGGATCGAACGCC,Naive2,GSM8563000,L10299,1.0,AAATGGATCGAACGCC-1,32,GSM8563000_Naive2_filtered_matrix.mtx.gz,L10299,3
GSM8563000:AACAAAGAGGTTCCGC,Naive2,GSM8563000,L5936,1.0,AACAAAGAGGTTCCGC-1,34,GSM8563000_Naive2_filtered_matrix.mtx.gz,L5936,3
GSM8563000:AACAAAGCATCGTGGC,Naive2,GSM8563000,L139713,1.0,AACAAAGCATCGTGGC-1,36,GSM8563000_Naive2_filtered_matrix.mtx.gz,L139713,0
GSM8563000:AACAAAGTCTATGCCC,Naive2,GSM8563000,L314514,1.0,AACAAAGTCTATGCCC-1,38,GSM8563000_Naive2_filtered_matrix.mtx.gz,L314514,2
GSM8563000:AACAACCAGATGTAGT,Naive2,GSM8563000,L42561,1.0,AACAACCAGATGTAGT-1,39,GSM8563000_Naive2_filtered_matrix.mtx.gz,L42561,2
GSM8563000:AACAACCCACCCAACG,Naive2,GSM8563000,L109007,1.0,AACAACCCACCCAACG-1,40,GSM8563000_Naive2_filtered_matrix.mtx.gz,L109007,1
GSM8563000:AACAAGAAGCTAATGA,Naive2,GSM8563000,L239228,1.0,AACAAGAAGCTAATGA-1,41,GSM8563000_Naive2_filtered_matrix.mtx.gz,L239228,2
GSM8563000:AACAAGAGTTGTGGAG,Naive2,GSM8563000,L98634,1.0,AACAAGAGTTGTGGAG-1,42,GSM8563000_Naive2_filtered_matrix.mtx.gz,L98634,2
GSM8563000:AACACACGTCCATCTC,Naive2,GSM8563000,L244940,1.0,AACACACGTCCATCTC-1,43,GSM8563000_Naive2_filtered_matrix.mtx.gz,L244940,0
GSM8563000:AACAGGGGTCGCACGT,Naive2,GSM8563000,L219307,1.0,AACAGGGGTCGCACGT-1,48,GSM8563000_Naive2_filtered_matrix.mtx.gz,L219307,3
GSM8563000:AACAGGGTCGAAGAAT,Naive2,GSM8563000,L167106,1.0,AACAGGGTCGAAGAAT-1,49,GSM8563000_Naive2_filtered_matrix.mtx.gz,L167106,1
GSM8563000:AACCAACAGGATTCCT,Naive2,GSM8563000,L75392,1.0,AACCAACAGGATTCCT-1,50,GSM8563000_Naive2_filtered_matrix.mtx.gz,L75392,4
GSM8563000:AACCAACCAAGACGGT,Naive2,GSM8563000,L185259,1.0,AACCAACCAAGACGGT-1,51,GSM8563000_Naive2_filtered_matrix.mtx.gz,L185259,1
GSM8563000:AACCAACCAGAGTTGG,Naive2,GSM8563000,L244886,1.0,AACCAACCAGAGTTGG-1,53,GSM8563000_Naive2_filtered_matrix.mtx.gz,L244886,4
GSM8563000:AACCAACGTGAAAGTT,Naive2,GSM8563000,L87366,1.0,AACCAACGTGAAAGTT-1,54,GSM8563000_Naive2_filtered_matrix.mtx.gz,L87366,3
GSM8563000:AACCAACTCTGGAAGG,Naive2,GSM8563000,L54153,1.0,AACCAACTCTGGAAGG-1,56,GSM8563000_Naive2_filtered_matrix.mtx.gz,L54153,2
GSM8563000:AACCACACAGAGGCAT,Naive2,GSM8563000,L239228,1.0,AACCACACAGAGGCAT-1,58,GSM8563000_Naive2_filtered_matrix.mtx.gz,L239228,2
GSM8563000:AACCACACAGGTTCCG,Naive2,GSM8563000,L13717,1.0,AACCACACAGGTTCCG-1,59,GSM8563000_Naive2_filtered_matrix.mtx.gz,L13717,0
GSM8563000:AACCATGCATTGGCAT,Naive2,GSM8563000,L17420,1.0,AACCATGCATTGGCAT-1,62,GSM8563000_Naive2_filtered_matrix.mtx.gz,L17420,0
GSM8563000:AACCCAAGTACACGTT,Naive2,GSM8563000,L183654,1.0,AACCCAAGTACACGTT-1,65,GSM8563000_Naive2_filtered_matrix.mtx.gz,L183654,3
GSM8563000:AACCCAAGTCCTGAAT,Naive2,GSM8563000,L82979,1.0,AACCCAAGTCCTGAAT-1,66,GSM8563000_Naive2_filtered_matrix.mtx.gz,L82979,2
GSM8563000:AACCCAATCCTACACC,Naive2,GSM8563000,L322064,1.0,AACCCAATCCTACACC-1,67,GSM8563000_Naive2_filtered_matrix.mtx.gz,L322064,3
GSM8563000:AACCTTTGTCCAGAAG,Naive2,GSM8563000,L167950,1.0,AACCTTTGTCCAGAAG-1,69,GSM8563000_Naive2_filtered_matrix.mtx.gz,L167950,3
GSM8563000:AACGTCACACTGCGAC,Naive2,GSM8563000,L114326,1.0,AACGTCACACTGCGAC-1,73,GSM8563000_Naive2_filtered_matrix.mtx.gz,L114326,3
GSM8563000:AACGTCACATGTGACT,Naive2,GSM8563000,L123574,1.0,AACGTCACATGTGACT-1,74,GSM8563000_Naive2_filtered_matrix.mtx.gz,L123574,4
GSM8563000:AACGTCAGTATCGAGG,Naive2,GSM8563000,L172542,1.0,AACGTCAGTATCGAGG-1,75,GSM8563000_Naive2_filtered_matrix.mtx.gz,L172542,2
GSM8563000:AACTTCTAGTAAACAC,Naive2,GSM8563000,L192531,1.0,AACTTCTAGTAAACAC-1,76,GSM8563000_Naive2_filtered_matrix.mtx.gz,L192531,1
GSM8563000:AACTTCTCACACCTTC,Naive2,GSM8563000,L15809,1.0,AACTTCTCACACCTTC-1,77,GSM8563000_Naive2_filtered_matrix.mtx.gz,L15809,2
GSM8563000:AAGAACAGTACGCTAT,Naive2,GSM8563000,L58090,1.0,AAGAACAGTACGCTAT-1,80,GSM8563000_Naive2_filtered_matrix.mtx.gz,L58090,2
GSM8563000:AAGACAACATGTAACC,Naive2,GSM8563000,L5495,1.0,AAGACAACATGTAACC-1,82,GSM8563000_Naive2_filtered_matrix.mtx.gz,L5495,0
GSM8563000:AAGACAAGTTAGGGTG,Naive2,GSM8563000,L328955,1.0,AAGACAAGTTAGGGTG-1,83,GSM8563000_Naive2_filtered_matrix.mtx.gz,L328955,3
GSM8563000:AAGACAATCAAGCTGT,Naive2,GSM8563000,L23858,1.0,AAGACAATCAAGCTGT-1,84,GSM8563000_Naive2_filtered_matrix.mtx.gz,L23858,1
GSM8563000:AAGACTCAGGGAGATA,Naive2,GSM8563000,L218300,1.0,AAGACTCAGGGAGATA-1,85,GSM8563000_Naive2_filtered_matrix.mtx.gz,L218300,0
GSM8563000:AAGACTCGTTACTCAG,Naive2,GSM8563000,L32461,0.999982,AAGACTCGTTACTCAG-1,88,GSM8563000_Naive2_filtered_matrix.mtx.gz,L32461,1
GSM8563000:AAGACTCTCACAATGC,Naive2,GSM8563000,L258506,1.0,AAGACTCTCACAATGC-1,89,GSM8563000_Naive2_filtered_matrix.mtx.gz,L258506,1
GSM8563000:AAGACTCTCGACCAAT,Naive2,GSM8563000,L289410,1.0,AAGACTCTCGACCAAT-1,90,GSM8563000_Naive2_filtered_matrix.mtx.gz,L289410,2
GSM8563000:AAGATAGTCCTGCCAT,Naive2,GSM8563000,L94096,1.0,AAGATAGTCCTGCCAT-1,93,GSM8563000_Naive2_filtered_matrix.mtx.gz,L94096,1
GSM8563000:AAGATAGTCGGTGTTA,Naive2,GSM8563000,L98634,1.0,AAGATAGTCGGTGTTA-1,94,GSM8563000_Naive2_filtered_matrix.mtx.gz,L98634,2
GSM8563000:AAGCATCCAAGAGATT,Naive2,GSM8563000,L212617,1.0,AAGCATCCAAGAGATT-1,95,GSM8563000_Naive2_filtered_matrix.mtx.gz,L212617,1
GSM8563000:AAGCCATCAACATCGT,Naive2,GSM8563000,L314700,0.632115,AAGCCATCAACATCGT-1,98,GSM8563000_Naive2_filtered_matrix.mtx.gz,L314700,0
GSM8563000:AAGCCATGTTTGGAAA,Naive2,GSM8563000,L289410,1.0,AAGCCATGTTTGGAAA-1,99,GSM8563000_Naive2_filtered_matrix.mtx.gz,L289410,2
GSM8563000:AAGCCATTCTCGACGG,Naive2,GSM8563000,L244706,1.0,AAGCCATTCTCGACGG-1,100,GSM8563000_Naive2_filtered_matrix.mtx.gz,L244706,4
GSM8563000:AAGCGAGTCGTTGTAG,Naive2,GSM8563000,L62700,1.0,AAGCGAGTCGTTGTAG-1,101,GSM8563000_Naive2_filtered_matrix.mtx.gz,L62700,2
GSM8563000:AAGCGTTCAGAGGCAT,Naive2,GSM8563000,L231474,1.0,AAGCGTTCAGAGGCAT-1,102,GSM8563000_Naive2_filtered_matrix.mtx.gz,L231474,0
GSM8563000:AAGGAATAGACCGTTT,Naive2,GSM8563000,L139972,1.0,AAGGAATAGACCGTTT-1,104,GSM8563000_Naive2_filtered_matrix.mtx.gz,L139972,3
GSM8563000:AAGGAATAGTTCGCAT,Naive2,GSM8563000,L167106,1.0,AAGGAATAGTTCGCAT-1,105,GSM8563000_Naive2_filtered_matrix.mtx.gz,L167106,1
GSM8563000:AAGGAATTCCATTTGT,Naive2,GSM8563000,L48945,1.0,AAGGAATTCCATTTGT-1,107,GSM8563000_Naive2_filtered_matrix.mtx.gz,L48945,1
GSM8563000:AAGGAATTCGGAAACG,Naive2,GSM8563000,L123461,1.0,AAGGAATTCGGAAACG-1,109,GSM8563000_Naive2_filtered_matrix.mtx.gz,L123461,3
GSM8563000:AAGGTAAAGTAAACGT,Naive2,GSM8563000,L62285,1.0,AAGGTAAAGTAAACGT-1,112,GSM8563000_Naive2_filtered_matrix.mtx.gz,L62285,0
GSM8563000:AAGGTAACAATCAAGA,Naive2,GSM8563000,L154362,1.0,AAGGTAACAATCAAGA-1,113,GSM8563000_Naive2_filtered_matrix.mtx.gz,L154362,2
GSM8563000:AAGGTAATCAAACCTG,Naive2,GSM8563000,L127323,1.0,AAGGTAATCAAACCTG-1,117,GSM8563000_Naive2_filtered_matrix.mtx.gz,L127323,0
GSM8563000:AAGGTAATCCTTCAGC,Naive2,GSM8563000,L50844,1.0,AAGGTAATCCTTCAGC-1,118,GSM8563000_Naive2_filtered_matrix.mtx.gz,L50844,1
GSM8563000:AAGTCGTAGGGACAGG,Naive2,GSM8563000,L68231,1.0,AAGTCGTAGGGACAGG-1,123,GSM8563000_Naive2_filtered_matrix.mtx.gz,L68231,0
GSM8563000:AAGTGAAAGGCAATGC,Naive2,GSM8563000,L187096,1.0,AAGTGAAAGGCAATGC-1,128,GSM8563000_Naive2_filtered_matrix.mtx.gz,L187096,2
GSM8563000:AAGTGAAGTTTCACAG,Naive2,GSM8563000,L179303,1.0,AAGTGAAGTTTCACAG-1,130,GSM8563000_Naive2_filtered_matrix.mtx.gz,L179303,3
GSM8563000:AAGTTCGGTCACCACG,Naive2,GSM8563000,L326812,1.0,AAGTTCGGTCACCACG-1,132,GSM8563000_Naive2_filtered_matrix.mtx.gz,L326812,4
GSM8563000:AAGTTCGTCCTTCTTC,Naive2,GSM8563000,L8387,1.0,AAGTTCGTCCTTCTTC-1,134,GSM8563000_Naive2_filtered_matrix.mtx.gz,L8387,0
GSM8563000:AATAGAGAGCCGCACT,Naive2,GSM8563000,L10717,1.0,AATAGAGAGCCGCACT-1,135,GSM8563000_Naive2_filtered_matrix.mtx.gz,L10717,0
GSM8563000:AATAGAGTCTTCGGAA,Naive2,GSM8563000,L70542,1.0,AATAGAGTCTTCGGAA-1,136,GSM8563000_Naive2_filtered_matrix.mtx.gz,L70542,1
GSM8563000:AATCGACGTTTAGACC,Naive2,GSM8563000,L251893,0.674647,AATCGACGTTTAGACC-1,137,GSM8563000_Naive2_filtered_matrix.mtx.gz,L251893,2
GSM8563000:AATCGACTCGGTGAAG,Naive2,GSM8563000,L183654,1.0,AATCGACTCGGTGAAG-1,138,GSM8563000_Naive2_filtered_matrix.mtx.gz,L183654,3
GSM8563000:AATCGTGTCTCTCAAT,Naive2,GSM8563000,L109007,1.0,AATCGTGTCTCTCAAT-1,141,GSM8563000_Naive2_filtered_matrix.mtx.gz,L109007,1
GSM8563000:AATGAAGGTGGAGAAA,Naive2,GSM8563000,L40253,1.0,AATGAAGGTGGAGAAA-1,142,GSM8563000_Naive2_filtered_matrix.mtx.gz,L40253,2
GSM8563000:AATGACCGTTATTCCT,Naive2,GSM8563000,L88421,1.0,AATGACCGTTATTCCT-1,145,GSM8563000_Naive2_filtered_matrix.mtx.gz,L88421,3
GSM8563000:AATGCCAAGTGGATTA,Naive2,GSM8563000,L31111,1.0,AATGCCAAGTGGATTA-1,147,GSM8563000_Naive2_filtered_matrix.mtx.gz,L31111,3
GSM8563000:AATGCCATCTGTTGGA,Naive2,GSM8563000,L322120,1.0,AATGCCATCTGTTGGA-1,150,GSM8563000_Naive2_filtered_matrix.mtx.gz,L322120,3
GSM8563000:AATGGAACATGTCTAG,Naive2,GSM8563000,L80342,1.0,AATGGAACATGTCTAG-1,152,GSM8563000_Naive2_filtered_matrix.mtx.gz,L80342,1
GSM8563000:AATGGCTAGACCACGA,Naive2,GSM8563000,L274951,1.0,AATGGCTAGACCACGA-1,154,GSM8563000_Naive2_filtered_matrix.mtx.gz,L274951,3
GSM8563000:AATGGCTCACCGAATT,Naive2,GSM8563000,L172542,1.0,AATGGCTCACCGAATT-1,155,GSM8563000_Naive2_filtered_matrix.mtx.gz,L172542,2
GSM8563000:AATTTCCGTAAGGCCA,Naive2,GSM8563000,L173296,1.0,AATTTCCGTAAGGCCA-1,158,GSM8563000_Naive2_filtered_matrix.mtx.gz,L173296,1
GSM8563000:AATTTCCGTCTGATAC,Naive2,GSM8563000,L31111,1.0,AATTTCCGTCTGATAC-1,159,GSM8563000_Naive2_filtered_matrix.mtx.gz,L31111,3
GSM8563000:ACAAAGACAATGTCTG,Naive2,GSM8563000,L35389,1.0,ACAAAGACAATGTCTG-1,160,GSM8563000_Naive2_filtered_matrix.mtx.gz,L35389,4
GSM8563000:ACAAAGACACACTTAG,Naive2,GSM8563000,L228412,1.0,ACAAAGACACACTTAG-1,161,GSM8563000_Naive2_filtered_matrix.mtx.gz,L228412,4
GSM8563000:ACAAAGACAGTCAGAG,Naive2,GSM8563000,L233461,1.0,ACAAAGACAGTCAGAG-1,162,GSM8563000_Naive2_filtered_matrix.mtx.gz,L233461,4
GSM8563000:ACAACCAGTAACAGGC,Naive2,GSM8563000,L58090,1.0,ACAACCAGTAACAGGC-1,163,GSM8563000_Naive2_filtered_matrix.mtx.gz,L58090,2
GSM8563000:ACAAGCTAGAGAGAAC,Naive2,GSM8563000,L252275,1.0,ACAAGCTAGAGAGAAC-1,164,GSM8563000_Naive2_filtered_matrix.mtx.gz,L252275,0
GSM8563000:ACAAGCTGTCATCGGC,Naive2,GSM8563000,L11473,1.0,ACAAGCTGTCATCGGC-1,167,GSM8563000_Naive2_filtered_matrix.mtx.gz,L11473,2
GSM8563000:ACAAGCTTCATTGGTG,Naive2,GSM8563000,L55974,1.0,ACAAGCTTCATTGGTG-1,168,GSM8563000_Naive2_filtered_matrix.mtx.gz,L55974,3
GSM8563000:ACACAGTAGGTAAACT,Naive2,GSM8563000,L52264,1.0,ACACAGTAGGTAAACT-1,169,GSM8563000_Naive2_filtered_matrix.mtx.gz,L52264,2
GSM8563000:ACACAGTCACACACGC,Naive2,GSM8563000,L288445,1.0,ACACAGTCACACACGC-1,170,GSM8563000_Naive2_filtered_matrix.mtx.gz,L288445,3
GSM8563000:ACACCAAAGATTGATG,Naive2,GSM8563000,L260458,1.0,ACACCAAAGATTGATG-1,172,GSM8563000_Naive2_filtered_matrix.mtx.gz,L260458,4
GSM8563000:ACACCAATCTGGGCGT,Naive2,GSM8563000,L241540,0.999103,ACACCAATCTGGGCGT-1,174,GSM8563000_Naive2_filtered_matrix.mtx.gz,L241540,2
GSM8563000:ACACTGAAGTGCACCC,Naive2,GSM8563000,L256449,1.0,ACACTGAAGTGCACCC-1,178,GSM8563000_Naive2_filtered_matrix.mtx.gz,L256449,2
GSM8563000:ACACTGACACTACGGC,Naive2,GSM8563000,L62684,1.0,ACACTGACACTACGGC-1,179,GSM8563000_Naive2_filtered_matrix.mtx.gz,L62684,1
GSM8563000:ACACTGATCAAAGCCT,Naive2,GSM8563000,L114452,1.0,ACACTGATCAAAGCCT-1,180,GSM8563000_Naive2_filtered_matrix.mtx.gz,L114452,2
GSM8563000:ACAGAAAAGCTCGGCT,Naive2,GSM8563000,L227359,1.0,ACAGAAAAGCTCGGCT-1,182,GSM8563000_Naive2_filtered_matrix.mtx.gz,L227359,0
GSM8563000:ACAGAAAAGTCCCTAA,Naive2,GSM8563000,L82979,1.0,ACAGAAAAGTCCCTAA-1,183,GSM8563000_Naive2_filtered_matrix.mtx.gz,L82979,2
GSM8563000:ACAGAAACACCCATAA,Naive2,GSM8563000,L149354,1.0,ACAGAAACACCCATAA-1,184,GSM8563000_Naive2_filtered_matrix.mtx.gz,L149354,1
GSM8563000:ACAGAAAGTAGGGTAC,Naive2,GSM8563000,L81738,1.0,ACAGAAAGTAGGGTAC-1,185,GSM8563000_Naive2_filtered_matrix.mtx.gz,L81738,0
GSM8563000:ACAGAAAGTTCATCGA,Naive2,GSM8563000,L179445,0.98572,ACAGAAAGTTCATCGA-1,186,GSM8563000_Naive2_filtered_matrix.mtx.gz,L179445,0
GSM8563000:ACAGAAATCCGAGGCT,Naive2,GSM8563000,L8437,1.0,ACAGAAATCCGAGGCT-1,187,GSM8563000_Naive2_filtered_matrix.mtx.gz,L8437,0
GSM8563000:ACAGCCGAGTCCCGAC,Naive2,GSM8563000,L135513,1.0,ACAGCCGAGTCCCGAC-1,189,GSM8563000_Naive2_filtered_matrix.mtx.gz,L135513,1
GSM8563000:ACAGCCGCAACGACAG,Naive2,GSM8563000,L183654,1.0,ACAGCCGCAACGACAG-1,190,GSM8563000_Naive2_filtered_matrix.mtx.gz,L183654,3
GSM8563000:ACAGCCGTCCAACACA,Naive2,GSM8563000,L59420,1.0,ACAGCCGTCCAACACA-1,191,GSM8563000_Naive2_filtered_matrix.mtx.gz,L59420,0
GSM8563000:ACAGGGACATACCGTA,Naive2,GSM8563000,L54153,1.0,ACAGGGACATACCGTA-1,194,GSM8563000_Naive2_filtered_matrix.mtx.gz,L54153,2
GSM8563000:ACAGGGATCTCCACTG,Naive2,GSM8563000,L257154,1.0,ACAGGGATCTCCACTG-1,196,GSM8563000_Naive2_filtered_matrix.mtx.gz,L257154,4
GSM8563000:ACATCCCAGACCATTC,Naive2,GSM8563000,L318033,1.0,ACATCCCAGACCATTC-1,198,GSM8563000_Naive2_filtered_matrix.mtx.gz,L318033,2
GSM8563000:ACATCCCCAAGCGCTC,Naive2,GSM8563000,L130334,1.0,ACATCCCCAAGCGCTC-1,199,GSM8563000_Naive2_filtered_matrix.mtx.gz,L130334,2
GSM8563000:ACATCCCCACACCTTC,Naive2,GSM8563000,L2779,1.0,ACATCCCCACACCTTC-1,200,GSM8563000_Naive2_filtered_matrix.mtx.gz,L2779,4
GSM8563000:ACATCCCCACCCTGTT,Naive2,GSM8563000,L242413,1.0,ACATCCCCACCCTGTT-1,201,GSM8563000_Naive2_filtered_matrix.mtx.gz,L242413,0
GSM8563000:ACATTTCGTAATCAGA,Naive2,GSM8563000,L54153,1.0,ACATTTCGTAATCAGA-1,203,GSM8563000_Naive2_filtered_matrix.mtx.gz,L54153,2
GSM8563000:ACCAAACAGGTCCCTG,Naive2,GSM8563000,L263321,1.0,ACCAAACAGGTCCCTG-1,204,GSM8563000_Naive2_filtered_matrix.mtx.gz,L263321,2
GSM8563000:ACCAAACTCCACAGCG,Naive2,GSM8563000,L65794,1.0,ACCAAACTCCACAGCG-1,207,GSM8563000_Naive2_filtered_matrix.mtx.gz,L65794,4
GSM8563000:ACCAACAGTAGTCTTG,Naive2,GSM8563000,L187885,1.0,ACCAACAGTAGTCTTG-1,208,GSM8563000_Naive2_filtered_matrix.mtx.gz,L187885,0
GSM8563000:ACCACAAAGAACCGCA,Naive2,GSM8563000,L62684,1.0,ACCACAAAGAACCGCA-1,209,GSM8563000_Naive2_filtered_matrix.mtx.gz,L62684,1
GSM8563000:ACCACAAAGAACTTCC,Naive2,GSM8563000,L278604,1.0,ACCACAAAGAACTTCC-1,210,GSM8563000_Naive2_filtered_matrix.mtx.gz,L278604,2
GSM8563000:ACCACAACAGGACTTT,Naive2,GSM8563000,L149612,1.0,ACCACAACAGGACTTT-1,212,GSM8563000_Naive2_filtered_matrix.mtx.gz,L149612,4
GSM8563000:ACCCAAAAGCCGATTT,Naive2,GSM8563000,L52820,1.0,ACCCAAAAGCCGATTT-1,213,GSM8563000_Naive2_filtered_matrix.mtx.gz,L52820,0
GSM8563000:ACCCAAAGTCGAGCAA,Naive2,GSM8563000,L149354,1.0,ACCCAAAGTCGAGCAA-1,215,GSM8563000_Naive2_filtered_matrix.mtx.gz,L149354,1
GSM8563000:ACCCAAATCCCGAGGT,Naive2,GSM8563000,L139565,1.0,ACCCAAATCCCGAGGT-1,216,GSM8563000_Naive2_filtered_matrix.mtx.gz,L139565,3
GSM8563000:ACCCTCACACGATTCA,Naive2,GSM8563000,L191539,1.0,ACCCTCACACGATTCA-1,217,GSM8563000_Naive2_filtered_matrix.mtx.gz,L191539,3
GSM8563000:ACCCTCAGTGAGGAAA,Naive2,GSM8563000,L329553,1.0,ACCCTCAGTGAGGAAA-1,218,GSM8563000_Naive2_filtered_matrix.mtx.gz,L329553,3
GSM8563000:ACCCTCATCTGGCCAG,Naive2,GSM8563000,L29553,1.0,ACCCTCATCTGGCCAG-1,219,GSM8563000_Naive2_filtered_matrix.mtx.gz,L29553,1
GSM8563000:ACCCTTGGTGATTCTG,Naive2,GSM8563000,L70669,1.0,ACCCTTGGTGATTCTG-1,221,GSM8563000_Naive2_filtered_matrix.mtx.gz,L70669,3
GSM8563000:ACCGTTCCATCGTGGC,Naive2,GSM8563000,L219307,1.0,ACCGTTCCATCGTGGC-1,223,GSM8563000_Naive2_filtered_matrix.mtx.gz,L219307,3
GSM8563000:ACCTACCGTTGCATAC,Naive2,GSM8563000,L297967,1.0,ACCTACCGTTGCATAC-1,228,GSM8563000_Naive2_filtered_matrix.mtx.gz,L297967,4
GSM8563000:ACCTGAAGTTCAAACC,Naive2,GSM8563000,L149612,1.0,ACCTGAAGTTCAAACC-1,231,GSM8563000_Naive2_filtered_matrix.mtx.gz,L149612,4
GSM8563000:ACCTGAAGTTCTAAGC,Naive2,GSM8563000,L312449,0.978584,ACCTGAAGTTCTAAGC-1,232,GSM8563000_Naive2_filtered_matrix.mtx.gz,L312449,1
GSM8563000:ACCTGTCCAGACGGAT,Naive2,GSM8563000,L22805,1.0,ACCTGTCCAGACGGAT-1,234,GSM8563000_Naive2_filtered_matrix.mtx.gz,L22805,0
GSM8563000:ACCTGTCCAGGTGTGA,Naive2,GSM8563000,L116152,1.0,ACCTGTCCAGGTGTGA-1,235,GSM8563000_Naive2_filtered_matrix.mtx.gz,L116152,1
GSM8563000:ACGATCAGTAACTTCG,Naive2,GSM8563000,L264962,1.0,ACGATCAGTAACTTCG-1,236,GSM8563000_Naive2_filtered_matrix.mtx.gz,L264962,3
GSM8563000:ACGATCAGTGACTCTA,Naive2,GSM8563000,L136970,1.0,ACGATCAGTGACTCTA-1,237,GSM8563000_Naive2_filtered_matrix.mtx.gz,L136970,4
GSM8563000:ACGATGTAGGATCATA,Naive2,GSM8563000,L269067,1.0,ACGATGTAGGATCATA-1,239,GSM8563000_Naive2_filtered_matrix.mtx.gz,L269067,2
GSM8563000:ACGATGTAGGGAGGAC,Naive2,GSM8563000,L183654,1.0,ACGATGTAGGGAGGAC-1,240,GSM8563000_Naive2_filtered_matrix.mtx.gz,L183654,3
GSM8563000:ACGATGTCACTACTTT,Naive2,GSM8563000,L165929,1.0,ACGATGTCACTACTTT-1,241,GSM8563000_Naive2_filtered_matrix.mtx.gz,L165929,3
GSM8563000:ACGCACGTCAAGCGTT,Naive2,GSM8563000,L195483,1.0,ACGCACGTCAAGCGTT-1,243,GSM8563000_Naive2_filtered_matrix.mtx.gz,L195483,2
GSM8563000:ACGGAAGAGAAGAGCA,Naive2,GSM8563000,L109168,1.0,ACGGAAGAGAAGAGCA-1,244,GSM8563000_Naive2_filtered_matrix.mtx.gz,L109168,2
GSM8563000:ACGGAAGCAAACGAGC,Naive2,GSM8563000,L179445,1.0,ACGGAAGCAAACGAGC-1,246,GSM8563000_Naive2_filtered_matrix.mtx.gz,L179445,0
GSM8563000:ACGGAAGCATGTAACC,Naive2,GSM8563000,L46096,1.0,ACGGAAGCATGTAACC-1,247,GSM8563000_Naive2_filtered_matrix.mtx.gz,L46096,3
GSM8563000:ACGGAAGCATTCACAG,Naive2,GSM8563000,L23111,1.0,ACGGAAGCATTCACAG-1,248,GSM8563000_Naive2_filtered_matrix.mtx.gz,L23111,1
GSM8563000:ACGGAAGGTGTCCGGT,Naive2,GSM8563000,L9239,1.0,ACGGAAGGTGTCCGGT-1,249,GSM8563000_Naive2_filtered_matrix.mtx.gz,L9239,0
GSM8563000:ACGGTCGGTCAGTTTG,Naive2,GSM8563000,L115717,1.0,ACGGTCGGTCAGTTTG-1,255,GSM8563000_Naive2_filtered_matrix.mtx.gz,L115717,2
GSM8563000:ACGGTCGGTCGCTTGG,Naive2,GSM8563000,L40629,1.0,ACGGTCGGTCGCTTGG-1,256,GSM8563000_Naive2_filtered_matrix.mtx.gz,L40629,4
GSM8563000:ACGGTCGGTGTCCCTT,Naive2,GSM8563000,L267658,1.0,ACGGTCGGTGTCCCTT-1,258,GSM8563000_Naive2_filtered_matrix.mtx.gz,L267658,3
GSM8563000:ACGGTTACAAGCGAGT,Naive2,GSM8563000,L232125,1.0,ACGGTTACAAGCGAGT-1,259,GSM8563000_Naive2_filtered_matrix.mtx.gz,L232125,0
GSM8563000:ACGGTTATCGTTCTGC,Naive2,GSM8563000,L155592,1.0,ACGGTTATCGTTCTGC-1,262,GSM8563000_Naive2_filtered_matrix.mtx.gz,L155592,3
GSM8563000:ACGTAACAGCTCACTA,Naive2,GSM8563000,L244886,1.0,ACGTAACAGCTCACTA-1,263,GSM8563000_Naive2_filtered_matrix.mtx.gz,L244886,4
GSM8563000:ACGTAACAGTGCACTT,Naive2,GSM8563000,L173296,1.0,ACGTAACAGTGCACTT-1,264,GSM8563000_Naive2_filtered_matrix.mtx.gz,L173296,1
GSM8563000:ACGTAACCACAAGCAG,Naive2,GSM8563000,L35389,1.0,ACGTAACCACAAGCAG-1,265,GSM8563000_Naive2_filtered_matrix.mtx.gz,L35389,4
GSM8563000:ACGTAACGTCACTACA,Naive2,GSM8563000,L67284,1.0,ACGTAACGTCACTACA-1,267,GSM8563000_Naive2_filtered_matrix.mtx.gz,L67284,3
GSM8563000:ACGTACACAGAACTCT,Naive2,GSM8563000,L76568,1.0,ACGTACACAGAACTCT-1,269,GSM8563000_Naive2_filtered_matrix.mtx.gz,L76568,0
GSM8563000:ACGTACATCCCTCTTT,Naive2,GSM8563000,L234444,1.0,ACGTACATCCCTCTTT-1,270,GSM8563000_Naive2_filtered_matrix.mtx.gz,L234444,3
GSM8563000:ACGTAGTTCACTTATC,Naive2,GSM8563000,L109676,1.0,ACGTAGTTCACTTATC-1,272,GSM8563000_Naive2_filtered_matrix.mtx.gz,L109676,2
GSM8563000:ACGTTCCCAACCAGAG,Naive2,GSM8563000,L55974,1.0,ACGTTCCCAACCAGAG-1,274,GSM8563000_Naive2_filtered_matrix.mtx.gz,L55974,3
GSM8563000:ACTACGACATACTGTG,Naive2,GSM8563000,L196980,1.0,ACTACGACATACTGTG-1,279,GSM8563000_Naive2_filtered_matrix.mtx.gz,L196980,3
GSM8563000:ACTACGAGTAGCCCTG,Naive2,GSM8563000,L183654,1.0,ACTACGAGTAGCCCTG-1,280,GSM8563000_Naive2_filtered_matrix.mtx.gz,L183654,3
GSM8563000:ACTATCTCAGATTAAG,Naive2,GSM8563000,L115623,1.0,ACTATCTCAGATTAAG-1,285,GSM8563000_Naive2_filtered_matrix.mtx.gz,L115623,2
GSM8563000:ACTATCTCAGCGCGTT,Naive2,GSM8563000,L137611,1.0,ACTATCTCAGCGCGTT-1,286,GSM8563000_Naive2_filtered_matrix.mtx.gz,L137611,4
GSM8563000:ACTATGGAGCTCCACG,Naive2,GSM8563000,L328955,1.0,ACTATGGAGCTCCACG-1,289,GSM8563000_Naive2_filtered_matrix.mtx.gz,L328955,3
GSM8563000:ACTATGGGTAGGAGGG,Naive2,GSM8563000,L282419,1.0,ACTATGGGTAGGAGGG-1,290,GSM8563000_Naive2_filtered_matrix.mtx.gz,L282419,4
GSM8563000:ACTATTCGTGTTTCTT,Naive2,GSM8563000,L54250,1.0,ACTATTCGTGTTTCTT-1,291,GSM8563000_Naive2_filtered_matrix.mtx.gz,L54250,4
GSM8563000:ACTATTCTCATTTCCA,Naive2,GSM8563000,L112548,1.0,ACTATTCTCATTTCCA-1,292,GSM8563000_Naive2_filtered_matrix.mtx.gz,L112548,0
GSM8563000:ACTATTCTCTAGTCAG,Naive2,GSM8563000,L251719,1.0,ACTATTCTCTAGTCAG-1,294,GSM8563000_Naive2_filtered_matrix.mtx.gz,L251719,2
GSM8563000:ACTCCCAAGGAGTCTG,Naive2,GSM8563000,L168951,1.0,ACTCCCAAGGAGTCTG-1,295,GSM8563000_Naive2_filtered_matrix.mtx.gz,L168951,2
GSM8563000:ACTCCCAAGGCGATAC,Naive2,GSM8563000,L230913,1.0,ACTCCCAAGGCGATAC-1,296,GSM8563000_Naive2_filtered_matrix.mtx.gz,L230913,1
GSM8563000:ACTCTCGAGGGCCCTT,Naive2,GSM8563000,L289410,1.0,ACTCTCGAGGGCCCTT-1,297,GSM8563000_Naive2_filtered_matrix.mtx.gz,L289410,2
GSM8563000:ACTGATGAGTCATAGA,Naive2,GSM8563000,L30334,1.0,ACTGATGAGTCATAGA-1,298,GSM8563000_Naive2_filtered_matrix.mtx.gz,L30334,2
GSM8563000:ACTGTCCAGGGCCCTT,Naive2,GSM8563000,L304427,1.0,ACTGTCCAGGGCCCTT-1,301,GSM8563000_Naive2_filtered_matrix.mtx.gz,L304427,2
GSM8563000:ACTGTCCCACGCTTAA,Naive2,GSM8563000,L219307,1.0,ACTGTCCCACGCTTAA-1,302,GSM8563000_Naive2_filtered_matrix.mtx.gz,L219307,3
GSM8563000:ACTGTGAAGAGCAGAA,Naive2,GSM8563000,L114118,1.0,ACTGTGAAGAGCAGAA-1,304,GSM8563000_Naive2_filtered_matrix.mtx.gz,L114118,2
GSM8563000:ACTGTGACACCGAATT,Naive2,GSM8563000,L224816,1.0,ACTGTGACACCGAATT-1,305,GSM8563000_Naive2_filtered_matrix.mtx.gz,L224816,2
GSM8563000:ACTTATCGTATCGAAA,Naive2,GSM8563000,L216702,1.0,ACTTATCGTATCGAAA-1,311,GSM8563000_Naive2_filtered_matrix.mtx.gz,L216702,2
GSM8563000:ACTTCCGAGAGAATCT,Naive2,GSM8563000,L305673,1.0,ACTTCCGAGAGAATCT-1,313,GSM8563000_Naive2_filtered_matrix.mtx.gz,L305673,4
GSM8563000:ACTTCCGAGCCGGAAT,Naive2,GSM8563000,L167106,1.0,ACTTCCGAGCCGGAAT-1,314,GSM8563000_Naive2_filtered_matrix.mtx.gz,L167106,1
GSM8563000:ACTTCCGAGGTTGGAC,Naive2,GSM8563000,L98246,1.0,ACTTCCGAGGTTGGAC-1,315,GSM8563000_Naive2_filtered_matrix.mtx.gz,L98246,3
GSM8563000:ACTTCCGCACAAACGG,Naive2,GSM8563000,L54153,1.0,ACTTCCGCACAAACGG-1,316,GSM8563000_Naive2_filtered_matrix.mtx.gz,L54153,2
GSM8563000:ACTTCCGGTACGAGTG,Naive2,GSM8563000,L247405,1.0,ACTTCCGGTACGAGTG-1,317,GSM8563000_Naive2_filtered_matrix.mtx.gz,L247405,0
GSM8563000:ACTTCCGGTCCACACG,Naive2,GSM8563000,L212929,1.0,ACTTCCGGTCCACACG-1,318,GSM8563000_Naive2_filtered_matrix.mtx.gz,L212929,4
GSM8563000:ACTTCCGTCGAGAGAC,Naive2,GSM8563000,L15407,1.0,ACTTCCGTCGAGAGAC-1,319,GSM8563000_Naive2_filtered_matrix.mtx.gz,L15407,3
GSM8563000:ACTTCGCGTTTGACAC,Naive2,GSM8563000,L41780,1.0,ACTTCGCGTTTGACAC-1,321,GSM8563000_Naive2_filtered_matrix.mtx.gz,L41780,4
GSM8563000:ACTTCGCTCGCACGGT,Naive2,GSM8563000,L47601,1.0,ACTTCGCTCGCACGGT-1,322,GSM8563000_Naive2_filtered_matrix.mtx.gz,L47601,2
GSM8563000:ACTTTCAAGAATTTGG,Naive2,GSM8563000,L164771,1.0,ACTTTCAAGAATTTGG-1,323,GSM8563000_Naive2_filtered_matrix.mtx.gz,L164771,2
GSM8563000:ACTTTCAAGGAGAGTA,Naive2,GSM8563000,L293016,1.0,ACTTTCAAGGAGAGTA-1,324,GSM8563000_Naive2_filtered_matrix.mtx.gz,L293016,2
GSM8563000:ACTTTCAGTTATTCTC,Naive2,GSM8563000,L109193,1.0,ACTTTCAGTTATTCTC-1,325,GSM8563000_Naive2_filtered_matrix.mtx.gz,L109193,2
GSM8563000:ACTTTCATCATGCATG,Naive2,GSM8563000,L3698,1.0,ACTTTCATCATGCATG-1,326,GSM8563000_Naive2_filtered_matrix.mtx.gz,L3698,0
GSM8563000:ACTTTGTCACCCTCTA,Naive2,GSM8563000,L173885,1.0,ACTTTGTCACCCTCTA-1,327,GSM8563000_Naive2_filtered_matrix.mtx.gz,L173885,3
GSM8563000:AGAAATGCAAGTAGTA,Naive2,GSM8563000,L33701,1.0,AGAAATGCAAGTAGTA-1,330,GSM8563000_Naive2_filtered_matrix.mtx.gz,L33701,3
GSM8563000:AGAACAAAGCAATAAC,Naive2,GSM8563000,L12989,1.0,AGAACAAAGCAATAAC-1,333,GSM8563000_Naive2_filtered_matrix.mtx.gz,L12989,3
GSM8563000:AGAACAAAGGCCACCT,Naive2,GSM8563000,L222867,1.0,AGAACAAAGGCCACCT-1,334,GSM8563000_Naive2_filtered_matrix.mtx.gz,L222867,4
GSM8563000:AGAACAACATCGGATT,Naive2,GSM8563000,L8387,1.0,AGAACAACATCGGATT-1,336,GSM8563000_Naive2_filtered_matrix.mtx.gz,L8387,0
GSM8563000:AGAACAACATCGGCCA,Naive2,GSM8563000,L282391,1.0,AGAACAACATCGGCCA-1,337,GSM8563000_Naive2_filtered_matrix.mtx.gz,L282391,3
GSM8563000:AGAAGCGAGGGCAGTT,Naive2,GSM8563000,L154401,1.0,AGAAGCGAGGGCAGTT-1,339,GSM8563000_Naive2_filtered_matrix.mtx.gz,L154401,3
GSM8563000:AGACAAAAGCGATGCA,Naive2,GSM8563000,L166707,1.0,AGACAAAAGCGATGCA-1,341,GSM8563000_Naive2_filtered_matrix.mtx.gz,L166707,1
GSM8563000:AGACAAACATGTGGCC,Naive2,GSM8563000,L329587,1.0,AGACAAACATGTGGCC-1,342,GSM8563000_Naive2_filtered_matrix.mtx.gz,L329587,0
GSM8563000:AGACAAAGTCCTCATC,Naive2,GSM8563000,L272915,0.643505,AGACAAAGTCCTCATC-1,343,GSM8563000_Naive2_filtered_matrix.mtx.gz,L272915,0
GSM8563000:AGACAAAGTGTACGCC,Naive2,GSM8563000,L3167,1.0,AGACAAAGTGTACGCC-1,344,GSM8563000_Naive2_filtered_matrix.mtx.gz,L3167,2
GSM8563000:AGACAAAGTTAAAGTG,Naive2,GSM8563000,L68311,1.0,AGACAAAGTTAAAGTG-1,345,GSM8563000_Naive2_filtered_matrix.mtx.gz,L68311,2
GSM8563000:AGACACTCAGCCGTCA,Naive2,GSM8563000,L87366,1.0,AGACACTCAGCCGTCA-1,347,GSM8563000_Naive2_filtered_matrix.mtx.gz,L87366,3
GSM8563000:AGACCCGAGCCTGGAA,Naive2,GSM8563000,L135014,0.653324,AGACCCGAGCCTGGAA-1,351,GSM8563000_Naive2_filtered_matrix.mtx.gz,L135014,4
GSM8563000:AGACCCGCAACGGCCT,Naive2,GSM8563000,L212929,1.0,AGACCCGCAACGGCCT-1,352,GSM8563000_Naive2_filtered_matrix.mtx.gz,L212929,4
GSM8563000:AGACCCGCATTGCCTC,Naive2,GSM8563000,L98949,1.0,AGACCCGCATTGCCTC-1,353,GSM8563000_Naive2_filtered_matrix.mtx.gz,L98949,4
GSM8563000:AGACCCGGTAGATTGA,Naive2,GSM8563000,L145073,1.0,AGACCCGGTAGATTGA-1,354,GSM8563000_Naive2_filtered_matrix.mtx.gz,L145073,1
GSM8563000:AGACCCGGTCATCAGT,Naive2,GSM8563000,L266331,1.0,AGACCCGGTCATCAGT-1,355,GSM8563000_Naive2_filtered_matrix.mtx.gz,L266331,2
GSM8563000:AGACCCGGTCGAAGCA,Naive2,GSM8563000,L139081,1.0,AGACCCGGTCGAAGCA-1,356,GSM8563000_Naive2_filtered_matrix.mtx.gz,L139081,4
GSM8563000:AGACCCGTCTGAGATC,Naive2,GSM8563000,L214973,1.0,AGACCCGTCTGAGATC-1,358,GSM8563000_Naive2_filtered_matrix.mtx.gz,L214973,2
GSM8563000:AGACTCAAGTAACGAT,Naive2,GSM8563000,L62684,0.997316,AGACTCAAGTAACGAT-1,359,GSM8563000_Naive2_filtered_matrix.mtx.gz,L62684,1
GSM8563000:AGACTCAGTAGGATAT,Naive2,GSM8563000,L166657,1.0,AGACTCAGTAGGATAT-1,361,GSM8563000_Naive2_filtered_matrix.mtx.gz,L166657,3
GSM8563000:AGACTCATCACGGGCT,Naive2,GSM8563000,L177976,1.0,AGACTCATCACGGGCT-1,362,GSM8563000_Naive2_filtered_matrix.mtx.gz,L177976,2
GSM8563000:AGACTCATCCTTCAGC,Naive2,GSM8563000,L187885,1.0,AGACTCATCCTTCAGC-1,363,GSM8563000_Naive2_filtered_matrix.mtx.gz,L187885,0
GSM8563000:AGAGAATAGATGCAGC,Naive2,GSM8563000,L82032,1.0,AGAGAATAGATGCAGC-1,364,GSM8563000_Naive2_filtered_matrix.mtx.gz,L82032,4
GSM8563000:AGAGAATGTTCAGCGC,Naive2,GSM8563000,L166707,1.0,AGAGAATGTTCAGCGC-1,366,GSM8563000_Naive2_filtered_matrix.mtx.gz,L166707,1
GSM8563000:AGAGCAGTCAAGGAGC,Naive2,GSM8563000,L178651,1.0,AGAGCAGTCAAGGAGC-1,367,GSM8563000_Naive2_filtered_matrix.mtx.gz,L178651,1
GSM8563000:AGAGCCCCATGTTCAG,Naive2,GSM8563000,L179303,1.0,AGAGCCCCATGTTCAG-1,368,GSM8563000_Naive2_filtered_matrix.mtx.gz,L179303,3
GSM8563000:AGATAGAAGAAACCCG,Naive2,GSM8563000,L241540,1.0,AGATAGAAGAAACCCG-1,369,GSM8563000_Naive2_filtered_matrix.mtx.gz,L241540,2
GSM8563000:AGATAGAAGTGATCGG,Naive2,GSM8563000,L249378,0.827429,AGATAGAAGTGATCGG-1,370,GSM8563000_Naive2_filtered_matrix.mtx.gz,L249378,4
GSM8563000:AGATAGATCCGGCAAC,Naive2,GSM8563000,L292268,1.0,AGATAGATCCGGCAAC-1,372,GSM8563000_Naive2_filtered_matrix.mtx.gz,L292268,4
GSM8563000:AGATCCACAACTTGGT,Naive2,GSM8563000,L8387,1.0,AGATCCACAACTTGGT-1,374,GSM8563000_Naive2_filtered_matrix.mtx.gz,L8387,0
GSM8563000:AGATCCACAGACCTAT,Naive2,GSM8563000,L74036,1.0,AGATCCACAGACCTAT-1,375,GSM8563000_Naive2_filtered_matrix.mtx.gz,L74036,2
GSM8563000:AGATCCATCCGCACTT,Naive2,GSM8563000,L257154,1.0,AGATCCATCCGCACTT-1,377,GSM8563000_Naive2_filtered_matrix.mtx.gz,L257154,4
GSM8563000:AGATCGTAGAAGTCTA,Naive2,GSM8563000,L178651,1.0,AGATCGTAGAAGTCTA-1,378,GSM8563000_Naive2_filtered_matrix.mtx.gz,L178651,1
GSM8563000:AGATGAAAGATTGTGA,Naive2,GSM8563000,L68231,1.0,AGATGAAAGATTGTGA-1,379,GSM8563000_Naive2_filtered_matrix.mtx.gz,L68231,0
GSM8563000:AGATGCTAGAAACCAT,Naive2,GSM8563000,L239119,1.0,AGATGCTAGAAACCAT-1,383,GSM8563000_Naive2_filtered_matrix.mtx.gz,L239119,4
GSM8563000:AGATGCTAGCCGAACA,Naive2,GSM8563000,L269961,1.0,AGATGCTAGCCGAACA-1,384,GSM8563000_Naive2_filtered_matrix.mtx.gz,L269961,4
GSM8563000:AGATGCTAGCTGAGTG,Naive2,GSM8563000,L10717,1.0,AGATGCTAGCTGAGTG-1,385,GSM8563000_Naive2_filtered_matrix.mtx.gz,L10717,0
GSM8563000:AGATGCTCATTACGGT,Naive2,GSM8563000,L33701,1.0,AGATGCTCATTACGGT-1,386,GSM8563000_Naive2_filtered_matrix.mtx.gz,L33701,3
GSM8563000:AGATGCTTCCTTCTGG,Naive2,GSM8563000,L82979,1.0,AGATGCTTCCTTCTGG-1,387,GSM8563000_Naive2_filtered_matrix.mtx.gz,L82979,2
GSM8563000:AGCCAATAGAATAGTC,Naive2,GSM8563000,L145281,1.0,AGCCAATAGAATAGTC-1,390,GSM8563000_Naive2_filtered_matrix.mtx.gz,L145281,4
GSM8563000:AGCCAATGTAAGTTAG,Naive2,GSM8563000,L42654,1.0,AGCCAATGTAAGTTAG-1,392,GSM8563000_Naive2_filtered_matrix.mtx.gz,L42654,2
GSM8563000:AGCCACGAGCGAGAAA,Naive2,GSM8563000,L212617,1.0,AGCCACGAGCGAGAAA-1,394,GSM8563000_Naive2_filtered_matrix.mtx.gz,L212617,1
GSM8563000:AGCCACGAGGTCACAG,Naive2,GSM8563000,L2779,1.0,AGCCACGAGGTCACAG-1,395,GSM8563000_Naive2_filtered_matrix.mtx.gz,L2779,4
GSM8563000:AGCCACGAGTCCTACA,Naive2,GSM8563000,L217518,1.0,AGCCACGAGTCCTACA-1,396,GSM8563000_Naive2_filtered_matrix.mtx.gz,L217518,3
GSM8563000:AGCCACGCAAGGTTGG,Naive2,GSM8563000,L67792,1.0,AGCCACGCAAGGTTGG-1,397,GSM8563000_Naive2_filtered_matrix.mtx.gz,L67792,4
GSM8563000:AGCCACGCAGTCTGGC,Naive2,GSM8563000,L68311,1.0,AGCCACGCAGTCTGGC-1,398,GSM8563000_Naive2_filtered_matrix.mtx.gz,L68311,2
GSM8563000:AGCCACGTCAGCTCTC,Naive2,GSM8563000,L173296,1.0,AGCCACGTCAGCTCTC-1,399,GSM8563000_Naive2_filtered_matrix.mtx.gz,L173296,1
GSM8563000:AGCCAGCGTACAGTCT,Naive2,GSM8563000,L170734,1.0,AGCCAGCGTACAGTCT-1,400,GSM8563000_Naive2_filtered_matrix.mtx.gz,L170734,4
GSM8563000:AGCGATTAGCACCCAC,Naive2,GSM8563000,L91183,1.0,AGCGATTAGCACCCAC-1,402,GSM8563000_Naive2_filtered_matrix.mtx.gz,L91183,1
GSM8563000:AGCGATTTCGTGTTCC,Naive2,GSM8563000,L130334,1.0,AGCGATTTCGTGTTCC-1,403,GSM8563000_Naive2_filtered_matrix.mtx.gz,L130334,2
GSM8563000:AGCGCCAAGAAGCGCT,Naive2,GSM8563000,L219307,1.0,AGCGCCAAGAAGCGCT-1,405,GSM8563000_Naive2_filtered_matrix.mtx.gz,L219307,3
GSM8563000:AGCGCCAGTTAGTCGT,Naive2,GSM8563000,L35389,1.0,AGCGCCAGTTAGTCGT-1,408,GSM8563000_Naive2_filtered_matrix.mtx.gz,L35389,4
GSM8563000:AGCGCCATCTCGCTCA,Naive2,GSM8563000,L292268,1.0,AGCGCCATCTCGCTCA-1,410,GSM8563000_Naive2_filtered_matrix.mtx.gz,L292268,4
GSM8563000:AGCGCTGAGAGAGGGC,Naive2,GSM8563000,L208973,1.0,AGCGCTGAGAGAGGGC-1,411,GSM8563000_Naive2_filtered_matrix.mtx.gz,L208973,1
GSM8563000:AGCGCTGTCGAGTACT,Naive2,GSM8563000,L219307,1.0,AGCGCTGTCGAGTACT-1,412,GSM8563000_Naive2_filtered_matrix.mtx.gz,L219307,3
GSM8563000:AGCGTCGCACTGTGAT,Naive2,GSM8563000,L142069,1.0,AGCGTCGCACTGTGAT-1,413,GSM8563000_Naive2_filtered_matrix.mtx.gz,L142069,0
GSM8563000:AGCGTCGCAGCACAAG,Naive2,GSM8563000,L15407,0.999999,AGCGTCGCAGCACAAG-1,414,GSM8563000_Naive2_filtered_matrix.mtx.gz,L15407,3
GSM8563000:AGCTACAAGGCCACCT,Naive2,GSM8563000,L49199,1.0,AGCTACAAGGCCACCT-1,415,GSM8563000_Naive2_filtered_matrix.mtx.gz,L49199,1
GSM8563000:AGCTACACACACAGAG,Naive2,GSM8563000,L187885,1.0,AGCTACACACACAGAG-1,416,GSM8563000_Naive2_filtered_matrix.mtx.gz,L187885,0
GSM8563000:AGCTACACAGGTAGTG,Naive2,GSM8563000,L225616,1.0,AGCTACACAGGTAGTG-1,417,GSM8563000_Naive2_filtered_matrix.mtx.gz,L225616,2
GSM8563000:AGCTACATCGCGGACT,Naive2,GSM8563000,L96449,1.0,AGCTACATCGCGGACT-1,418,GSM8563000_Naive2_filtered_matrix.mtx.gz,L96449,2
GSM8563000:AGCTCAAGTATGCTAC,Naive2,GSM8563000,L322777,1.0,AGCTCAAGTATGCTAC-1,420,GSM8563000_Naive2_filtered_matrix.mtx.gz,L322777,4
GSM8563000:AGCTTCCCAATGGCCC,Naive2,GSM8563000,L99829,0.656105,AGCTTCCCAATGGCCC-1,421,GSM8563000_Naive2_filtered_matrix.mtx.gz,L99829,4
GSM8563000:AGCTTCCGTTGCATGT,Naive2,GSM8563000,L194064,1.0,AGCTTCCGTTGCATGT-1,423,GSM8563000_Naive2_filtered_matrix.mtx.gz,L194064,1
GSM8563000:AGCTTCCTCGAGTGAG,Naive2,GSM8563000,L97975,1.0,AGCTTCCTCGAGTGAG-1,425,GSM8563000_Naive2_filtered_matrix.mtx.gz,L97975,4
GSM8563000:AGGAAATGTTGTCCCT,Naive2,GSM8563000,L45022,1.0,AGGAAATGTTGTCCCT-1,428,GSM8563000_Naive2_filtered_matrix.mtx.gz,L45022,3
GSM8563000:AGGAATATCACATCAG,Naive2,GSM8563000,L264836,1.0,AGGAATATCACATCAG-1,433,GSM8563000_Naive2_filtered_matrix.mtx.gz,L264836,3
GSM8563000:AGGACGAGTACCATAC,Naive2,GSM8563000,L231007,1.0,AGGACGAGTACCATAC-1,436,GSM8563000_Naive2_filtered_matrix.mtx.gz,L231007,2
GSM8563000:AGGACGATCCCGTTCA,Naive2,GSM8563000,L70669,1.0,AGGACGATCCCGTTCA-1,437,GSM8563000_Naive2_filtered_matrix.mtx.gz,L70669,3
GSM8563000:AGGATAAGTTACCGTA,Naive2,GSM8563000,L145263,1.0,AGGATAAGTTACCGTA-1,438,GSM8563000_Naive2_filtered_matrix.mtx.gz,L145263,4
GSM8563000:AGGATCTAGCCTTTGA,Naive2,GSM8563000,L296371,0.994795,AGGATCTAGCCTTTGA-1,439,GSM8563000_Naive2_filtered_matrix.mtx.gz,L296371,1
GSM8563000:AGGATCTTCGGCTGTG,Naive2,GSM8563000,L232125,1.0,AGGATCTTCGGCTGTG-1,440,GSM8563000_Naive2_filtered_matrix.mtx.gz,L232125,0
GSM8563000:AGGCATTTCGTTAGTG,Naive2,GSM8563000,L10299,1.0,AGGCATTTCGTTAGTG-1,442,GSM8563000_Naive2_filtered_matrix.mtx.gz,L10299,3
GSM8563000:AGGCATTTCTAGTACG,Naive2,GSM8563000,L266331,1.0,AGGCATTTCTAGTACG-1,443,GSM8563000_Naive2_filtered_matrix.mtx.gz,L266331,2
GSM8563000:AGGCCACTCGTCCTTG,Naive2,GSM8563000,L192225,1.0,AGGCCACTCGTCCTTG-1,445,GSM8563000_Naive2_filtered_matrix.mtx.gz,L192225,0
GSM8563000:AGGCCACTCTGCGGGT,Naive2,GSM8563000,L183654,1.0,AGGCCACTCTGCGGGT-1,446,GSM8563000_Naive2_filtered_matrix.mtx.gz,L183654,3
GSM8563000:AGGCTGCTCTGAACGT,Naive2,GSM8563000,L8434,1.0,AGGCTGCTCTGAACGT-1,448,GSM8563000_Naive2_filtered_matrix.mtx.gz,L8434,0
GSM8563000:AGGGAGTAGGCCACCT,Naive2,GSM8563000,L278604,1.0,AGGGAGTAGGCCACCT-1,449,GSM8563000_Naive2_filtered_matrix.mtx.gz,L278604,2
GSM8563000:AGGGCTCAGCCGTTAT,Naive2,GSM8563000,L83489,1.0,AGGGCTCAGCCGTTAT-1,452,GSM8563000_Naive2_filtered_matrix.mtx.gz,L83489,4
GSM8563000:AGGGCTCCAACCCTCT,Naive2,GSM8563000,L312082,1.0,AGGGCTCCAACCCTCT-1,453,GSM8563000_Naive2_filtered_matrix.mtx.gz,L312082,1
GSM8563000:AGGGCTCGTCGAATTC,Naive2,GSM8563000,L82979,1.0,AGGGCTCGTCGAATTC-1,456,GSM8563000_Naive2_filtered_matrix.mtx.gz,L82979,2
GSM8563000:AGGGCTCTCAAGCTTG,Naive2,GSM8563000,L219307,1.0,AGGGCTCTCAAGCTTG-1,457,GSM8563000_Naive2_filtered_matrix.mtx.gz,L219307,3
GSM8563000:AGGGTCCGTCAGTCTA,Naive2,GSM8563000,L98634,1.0,AGGGTCCGTCAGTCTA-1,460,GSM8563000_Naive2_filtered_matrix.mtx.gz,L98634,2
GSM8563000:AGGGTGAGTATCATGC,Naive2,GSM8563000,L40629,1.0,AGGGTGAGTATCATGC-1,463,GSM8563000_Naive2_filtered_matrix.mtx.gz,L40629,4
GSM8563000:AGGGTGAGTTAGGGAC,Naive2,GSM8563000,L76568,1.0,AGGGTGAGTTAGGGAC-1,464,GSM8563000_Naive2_filtered_matrix.mtx.gz,L76568,0
GSM8563000:AGGGTGATCCAACTAG,Naive2,GSM8563000,L314514,1.0,AGGGTGATCCAACTAG-1,465,GSM8563000_Naive2_filtered_matrix.mtx.gz,L314514,2
GSM8563000:AGGGTTTAGAAGTATC,Naive2,GSM8563000,L308730,1.0,AGGGTTTAGAAGTATC-1,467,GSM8563000_Naive2_filtered_matrix.mtx.gz,L308730,1
GSM8563000:AGGGTTTCAAAGTGTA,Naive2,GSM8563000,L117526,1.0,AGGGTTTCAAAGTGTA-1,469,GSM8563000_Naive2_filtered_matrix.mtx.gz,L117526,3
GSM8563000:AGGGTTTGTAGGACTG,Naive2,GSM8563000,L239228,1.0,AGGGTTTGTAGGACTG-1,470,GSM8563000_Naive2_filtered_matrix.mtx.gz,L239228,2
GSM8563000:AGGGTTTGTTATTCTC,Naive2,GSM8563000,L260364,1.0,AGGGTTTGTTATTCTC-1,471,GSM8563000_Naive2_filtered_matrix.mtx.gz,L260364,0
GSM8563000:AGGTAGGCACAGCATT,Naive2,GSM8563000,L17420,1.0,AGGTAGGCACAGCATT-1,473,GSM8563000_Naive2_filtered_matrix.mtx.gz,L17420,0
GSM8563000:AGGTCATTCCTCACGT,Naive2,GSM8563000,L84010,1.0,AGGTCATTCCTCACGT-1,477,GSM8563000_Naive2_filtered_matrix.mtx.gz,L84010,3
GSM8563000:AGGTCTACAATGTGGG,Naive2,GSM8563000,L167176,1.0,AGGTCTACAATGTGGG-1,478,GSM8563000_Naive2_filtered_matrix.mtx.gz,L167176,3
GSM8563000:AGGTGTTAGCCTCACG,Naive2,GSM8563000,L137611,1.0,AGGTGTTAGCCTCACG-1,482,GSM8563000_Naive2_filtered_matrix.mtx.gz,L137611,4
GSM8563000:AGGTGTTAGGACGCAT,Naive2,GSM8563000,L229269,1.0,AGGTGTTAGGACGCAT-1,483,GSM8563000_Naive2_filtered_matrix.mtx.gz,L229269,2
GSM8563000:AGGTTACGTAACCCGC,Naive2,GSM8563000,L47994,1.0,AGGTTACGTAACCCGC-1,485,GSM8563000_Naive2_filtered_matrix.mtx.gz,L47994,2
GSM8563000:AGGTTACGTCTATGAC,Naive2,GSM8563000,L319523,1.0,AGGTTACGTCTATGAC-1,486,GSM8563000_Naive2_filtered_matrix.mtx.gz,L319523,4
GSM8563000:AGGTTACGTCTGTGGC,Naive2,GSM8563000,L132063,1.0,AGGTTACGTCTGTGGC-1,487,GSM8563000_Naive2_filtered_matrix.mtx.gz,L132063,2
GSM8563000:AGTAACCAGCAACAGC,Naive2,GSM8563000,L166554,1.0,AGTAACCAGCAACAGC-1,488,GSM8563000_Naive2_filtered_matrix.mtx.gz,L166554,0
GSM8563000:AGTAACCCACTCCGGA,Naive2,GSM8563000,L139565,1.0,AGTAACCCACTCCGGA-1,489,GSM8563000_Naive2_filtered_matrix.mtx.gz,L139565,3
GSM8563000:AGTAACCGTGGGACAT,Naive2,GSM8563000,L242413,1.0,AGTAACCGTGGGACAT-1,490,GSM8563000_Naive2_filtered_matrix.mtx.gz,L242413,0
GSM8563000:AGTACCATCGCTAATG,Naive2,GSM8563000,L10467,1.0,AGTACCATCGCTAATG-1,492,GSM8563000_Naive2_filtered_matrix.mtx.gz,L10467,2
GSM8563000:AGTAGCTAGTCTAACC,Naive2,GSM8563000,L216346,1.0,AGTAGCTAGTCTAACC-1,494,GSM8563000_Naive2_filtered_matrix.mtx.gz,L216346,3
GSM8563000:AGTAGCTTCCAACCGG,Naive2,GSM8563000,L271069,1.0,AGTAGCTTCCAACCGG-1,497,GSM8563000_Naive2_filtered_matrix.mtx.gz,L271069,0
GSM8563000:AGTAGTCTCGCTAGCG,Naive2,GSM8563000,L31852,1.0,AGTAGTCTCGCTAGCG-1,499,GSM8563000_Naive2_filtered_matrix.mtx.gz,L31852,2
GSM8563000:AGTCAACTCGTAGCTA,Naive2,GSM8563000,L316533,1.0,AGTCAACTCGTAGCTA-1,500,GSM8563000_Naive2_filtered_matrix.mtx.gz,L316533,2
GSM8563000:AGTCACACAAGCGATG,Naive2,GSM8563000,L31852,1.0,AGTCACACAAGCGATG-1,501,GSM8563000_Naive2_filtered_matrix.mtx.gz,L31852,2
GSM8563000:AGTCACACACGGGTAA,Naive2,GSM8563000,L269961,1.0,AGTCACACACGGGTAA-1,502,GSM8563000_Naive2_filtered_matrix.mtx.gz,L269961,4
GSM8563000:AGTCACACATGACTTG,Naive2,GSM8563000,L80626,1.0,AGTCACACATGACTTG-1,503,GSM8563000_Naive2_filtered_matrix.mtx.gz,L80626,3
GSM8563000:AGTCACAGTACTCGAT,Naive2,GSM8563000,L23858,1.0,AGTCACAGTACTCGAT-1,504,GSM8563000_Naive2_filtered_matrix.mtx.gz,L23858,1
GSM8563000:AGTCACAGTTTACGAC,Naive2,GSM8563000,L67284,1.0,AGTCACAGTTTACGAC-1,508,GSM8563000_Naive2_filtered_matrix.mtx.gz,L67284,3
GSM8563000:AGTCACATCATGAGTC,Naive2,GSM8563000,L126735,1.0,AGTCACATCATGAGTC-1,510,GSM8563000_Naive2_filtered_matrix.mtx.gz,L126735,1
GSM8563000:AGTCACATCCTCTCGA,Naive2,GSM8563000,L88830,0.999999,AGTCACATCCTCTCGA-1,511,GSM8563000_Naive2_filtered_matrix.mtx.gz,L88830,1
GSM8563000:AGTCATGAGTGGATTA,Naive2,GSM8563000,L82908,1.0,AGTCATGAGTGGATTA-1,512,GSM8563000_Naive2_filtered_matrix.mtx.gz,L82908,3
GSM8563000:AGTCTCCTCGAGAGCA,Naive2,GSM8563000,L137611,1.0,AGTCTCCTCGAGAGCA-1,514,GSM8563000_Naive2_filtered_matrix.mtx.gz,L137611,4
GSM8563000:AGTCTCCTCGCCAGTG,Naive2,GSM8563000,L167106,1.0,AGTCTCCTCGCCAGTG-1,515,GSM8563000_Naive2_filtered_matrix.mtx.gz,L167106,1
GSM8563000:AGTCTCCTCTGACGCG,Naive2,GSM8563000,L312082,1.0,AGTCTCCTCTGACGCG-1,516,GSM8563000_Naive2_filtered_matrix.mtx.gz,L312082,1
GSM8563000:AGTGACTTCCCATAGA,Naive2,GSM8563000,L73196,1.0,AGTGACTTCCCATAGA-1,518,GSM8563000_Naive2_filtered_matrix.mtx.gz,L73196,2
GSM8563000:AGTGATCAGCGACAGT,Naive2,GSM8563000,L23858,1.0,AGTGATCAGCGACAGT-1,519,GSM8563000_Naive2_filtered_matrix.mtx.gz,L23858,1
GSM8563000:AGTGATCGTTTAGTCG,Naive2,GSM8563000,L143819,1.0,AGTGATCGTTTAGTCG-1,521,GSM8563000_Naive2_filtered_matrix.mtx.gz,L143819,4
GSM8563000:AGTGATCTCACTGAAC,Naive2,GSM8563000,L155963,1.0,AGTGATCTCACTGAAC-1,522,GSM8563000_Naive2_filtered_matrix.mtx.gz,L155963,0
GSM8563000:AGTGCCGGTCTGATAC,Naive2,GSM8563000,L70669,1.0,AGTGCCGGTCTGATAC-1,525,GSM8563000_Naive2_filtered_matrix.mtx.gz,L70669,3
GSM8563000:AGTGCCGTCAAGTCGT,Naive2,GSM8563000,L16871,1.0,AGTGCCGTCAAGTCGT-1,526,GSM8563000_Naive2_filtered_matrix.mtx.gz,L16871,0
GSM8563000:AGTGCCGTCATGCCCT,Naive2,GSM8563000,L10299,1.0,AGTGCCGTCATGCCCT-1,527,GSM8563000_Naive2_filtered_matrix.mtx.gz,L10299,3
GSM8563000:AGTGCCGTCGCGGTAC,Naive2,GSM8563000,L64990,1.0,AGTGCCGTCGCGGTAC-1,529,GSM8563000_Naive2_filtered_matrix.mtx.gz,L64990,4
GSM8563000:AGTGTTGAGACGCCCT,Naive2,GSM8563000,L293527,1.0,AGTGTTGAGACGCCCT-1,530,GSM8563000_Naive2_filtered_matrix.mtx.gz,L293527,3
GSM8563000:AGTGTTGGTTGCTAGT,Naive2,GSM8563000,L59420,1.0,AGTGTTGGTTGCTAGT-1,533,GSM8563000_Naive2_filtered_matrix.mtx.gz,L59420,0
GSM8563000:AGTTAGCGTCACAGAG,Naive2,GSM8563000,L267658,1.0,AGTTAGCGTCACAGAG-1,536,GSM8563000_Naive2_filtered_matrix.mtx.gz,L267658,3
GSM8563000:AGTTAGCTCGCAGTCG,Naive2,GSM8563000,L183654,1.0,AGTTAGCTCGCAGTCG-1,537,GSM8563000_Naive2_filtered_matrix.mtx.gz,L183654,3
GSM8563000:AGTTCCCAGGCTCCCA,Naive2,GSM8563000,L247066,1.0,AGTTCCCAGGCTCCCA-1,538,GSM8563000_Naive2_filtered_matrix.mtx.gz,L247066,2
GSM8563000:AGTTCGAAGATGTTGA,Naive2,GSM8563000,L228182,1.0,AGTTCGAAGATGTTGA-1,541,GSM8563000_Naive2_filtered_matrix.mtx.gz,L228182,0
GSM8563000:AGTTCGAAGCCTGGAA,Naive2,GSM8563000,L85940,1.0,AGTTCGAAGCCTGGAA-1,542,GSM8563000_Naive2_filtered_matrix.mtx.gz,L85940,3
GSM8563000:AGTTCGACAGAGGGTT,Naive2,GSM8563000,L322777,1.0,AGTTCGACAGAGGGTT-1,543,GSM8563000_Naive2_filtered_matrix.mtx.gz,L322777,4
GSM8563000:AGTTCGATCAACCCGG,Naive2,GSM8563000,L70669,0.997921,AGTTCGATCAACCCGG-1,545,GSM8563000_Naive2_filtered_matrix.mtx.gz,L70669,3
GSM8563000:ATACCGACAACCCTAA,Naive2,GSM8563000,L23858,1.0,ATACCGACAACCCTAA-1,546,GSM8563000_Naive2_filtered_matrix.mtx.gz,L23858,1
GSM8563000:ATACCGACAATGCAAA,Naive2,GSM8563000,L10299,1.0,ATACCGACAATGCAAA-1,547,GSM8563000_Naive2_filtered_matrix.mtx.gz,L10299,3
GSM8563000:ATACCGATCCCGTAAA,Naive2,GSM8563000,L169857,1.0,ATACCGATCCCGTAAA-1,549,GSM8563000_Naive2_filtered_matrix.mtx.gz,L169857,1
GSM8563000:ATACCTTGTCCACAGC,Naive2,GSM8563000,L75392,1.0,ATACCTTGTCCACAGC-1,550,GSM8563000_Naive2_filtered_matrix.mtx.gz,L75392,4
GSM8563000:ATACTTCGTGCCGGTT,Naive2,GSM8563000,L151380,1.0,ATACTTCGTGCCGGTT-1,553,GSM8563000_Naive2_filtered_matrix.mtx.gz,L151380,4
GSM8563000:ATACTTCGTTCTATCT,Naive2,GSM8563000,L17420,1.0,ATACTTCGTTCTATCT-1,554,GSM8563000_Naive2_filtered_matrix.mtx.gz,L17420,0
GSM8563000:ATACTTCTCGGCACTG,Naive2,GSM8563000,L151380,1.0,ATACTTCTCGGCACTG-1,556,GSM8563000_Naive2_filtered_matrix.mtx.gz,L151380,4
GSM8563000:ATAGACCGTCCTATAG,Naive2,GSM8563000,L12904,1.0,ATAGACCGTCCTATAG-1,557,GSM8563000_Naive2_filtered_matrix.mtx.gz,L12904,3
GSM8563000:ATAGACCTCTAAGGAA,Naive2,GSM8563000,L278604,1.0,ATAGACCTCTAAGGAA-1,559,GSM8563000_Naive2_filtered_matrix.mtx.gz,L278604,2
GSM8563000:ATAGACCTCTGCAGCG,Naive2,GSM8563000,L8434,1.0,ATAGACCTCTGCAGCG-1,560,GSM8563000_Naive2_filtered_matrix.mtx.gz,L8434,0
GSM8563000:ATAGAGAAGAACCCGA,Naive2,GSM8563000,L80342,1.0,ATAGAGAAGAACCCGA-1,561,GSM8563000_Naive2_filtered_matrix.mtx.gz,L80342,1
GSM8563000:ATAGAGAGTCGAGCTC,Naive2,GSM8563000,L137611,1.0,ATAGAGAGTCGAGCTC-1,564,GSM8563000_Naive2_filtered_matrix.mtx.gz,L137611,4
GSM8563000:ATAGAGAGTTCACGAT,Naive2,GSM8563000,L15407,1.0,ATAGAGAGTTCACGAT-1,565,GSM8563000_Naive2_filtered_matrix.mtx.gz,L15407,3
GSM8563000:ATAGAGATCGTAGGAG,Naive2,GSM8563000,L54153,1.0,ATAGAGATCGTAGGAG-1,566,GSM8563000_Naive2_filtered_matrix.mtx.gz,L54153,2
GSM8563000:ATAGAGATCTGGGCCA,Naive2,GSM8563000,L295492,1.0,ATAGAGATCTGGGCCA-1,567,GSM8563000_Naive2_filtered_matrix.mtx.gz,L295492,0
GSM8563000:ATAGGCTAGATACGAT,Naive2,GSM8563000,L70669,1.0,ATAGGCTAGATACGAT-1,569,GSM8563000_Naive2_filtered_matrix.mtx.gz,L70669,3
GSM8563000:ATAGGCTCATGACACT,Naive2,GSM8563000,L35389,1.0,ATAGGCTCATGACACT-1,571,GSM8563000_Naive2_filtered_matrix.mtx.gz,L35389,4
GSM8563000:ATATCCTAGATGGCGT,Naive2,GSM8563000,L197414,1.0,ATATCCTAGATGGCGT-1,572,GSM8563000_Naive2_filtered_matrix.mtx.gz,L197414,1
GSM8563000:ATATCCTGTAAGATTG,Naive2,GSM8563000,L100814,1.0,ATATCCTGTAAGATTG-1,573,GSM8563000_Naive2_filtered_matrix.mtx.gz,L100814,0
GSM8563000:ATATCCTGTCCTACAA,Naive2,GSM8563000,L10299,1.0,ATATCCTGTCCTACAA-1,574,GSM8563000_Naive2_filtered_matrix.mtx.gz,L10299,3
GSM8563000:ATATCCTGTGCAATGG,Naive2,GSM8563000,L304696,1.0,ATATCCTGTGCAATGG-1,575,GSM8563000_Naive2_filtered_matrix.mtx.gz,L304696,2
GSM8563000:ATATCCTTCCGTCCTA,Naive2,GSM8563000,L97975,1.0,ATATCCTTCCGTCCTA-1,576,GSM8563000_Naive2_filtered_matrix.mtx.gz,L97975,4
GSM8563000:ATATCCTTCGCTAAAC,Naive2,GSM8563000,L25167,1.0,ATATCCTTCGCTAAAC-1,577,GSM8563000_Naive2_filtered_matrix.mtx.gz,L25167,0
GSM8563000:ATCACAGAGGCTCAAG,Naive2,GSM8563000,L173296,1.0,ATCACAGAGGCTCAAG-1,578,GSM8563000_Naive2_filtered_matrix.mtx.gz,L173296,1
GSM8563000:ATCACGAGTGGACCTC,Naive2,GSM8563000,L164771,1.0,ATCACGAGTGGACCTC-1,581,GSM8563000_Naive2_filtered_matrix.mtx.gz,L164771,2
GSM8563000:ATCACGATCAACCGAT,Naive2,GSM8563000,L242237,1.0,ATCACGATCAACCGAT-1,582,GSM8563000_Naive2_filtered_matrix.mtx.gz,L242237,4
GSM8563000:ATCACTTAGCTGGCTC,Naive2,GSM8563000,L257154,1.0,ATCACTTAGCTGGCTC-1,583,GSM8563000_Naive2_filtered_matrix.mtx.gz,L257154,4
GSM8563000:ATCACTTAGTGCGTCC,Naive2,GSM8563000,L68277,1.0,ATCACTTAGTGCGTCC-1,585,GSM8563000_Naive2_filtered_matrix.mtx.gz,L68277,4
GSM8563000:ATCACTTCACGGCACT,Naive2,GSM8563000,L264962,1.0,ATCACTTCACGGCACT-1,586,GSM8563000_Naive2_filtered_matrix.mtx.gz,L264962,3
GSM8563000:ATCACTTTCAGGCGAA,Naive2,GSM8563000,L173296,1.0,ATCACTTTCAGGCGAA-1,588,GSM8563000_Naive2_filtered_matrix.mtx.gz,L173296,1
GSM8563000:ATCAGGTGTACTGGGA,Naive2,GSM8563000,L227359,1.0,ATCAGGTGTACTGGGA-1,589,GSM8563000_Naive2_filtered_matrix.mtx.gz,L227359,0
GSM8563000:ATCAGGTTCGCAGTCG,Naive2,GSM8563000,L185195,1.0,ATCAGGTTCGCAGTCG-1,590,GSM8563000_Naive2_filtered_matrix.mtx.gz,L185195,1
GSM8563000:ATCATTCCATCGAACT,Naive2,GSM8563000,L257154,1.0,ATCATTCCATCGAACT-1,593,GSM8563000_Naive2_filtered_matrix.mtx.gz,L257154,4
GSM8563000:ATCATTCTCCTTCAGC,Naive2,GSM8563000,L231007,1.0,ATCATTCTCCTTCAGC-1,596,GSM8563000_Naive2_filtered_matrix.mtx.gz,L231007,2
GSM8563000:ATCCACCCACAATGTC,Naive2,GSM8563000,L199560,1.0,ATCCACCCACAATGTC-1,597,GSM8563000_Naive2_filtered_matrix.mtx.gz,L199560,3
GSM8563000:ATCCACCGTATCCTCC,Naive2,GSM8563000,L206384,1.0,ATCCACCGTATCCTCC-1,598,GSM8563000_Naive2_filtered_matrix.mtx.gz,L206384,3
GSM8563000:ATCCACCTCGGTCAGC,Naive2,GSM8563000,L106934,1.0,ATCCACCTCGGTCAGC-1,599,GSM8563000_Naive2_filtered_matrix.mtx.gz,L106934,3
GSM8563000:ATCCATTAGAATTTGG,Naive2,GSM8563000,L33701,1.0,ATCCATTAGAATTTGG-1,600,GSM8563000_Naive2_filtered_matrix.mtx.gz,L33701,3
GSM8563000:ATCCATTTCACCCTGT,Naive2,GSM8563000,L216702,1.0,ATCCATTTCACCCTGT-1,602,GSM8563000_Naive2_filtered_matrix.mtx.gz,L216702,2
GSM8563000:ATCCCTGGTAACATAG,Naive2,GSM8563000,L251719,1.0,ATCCCTGGTAACATAG-1,604,GSM8563000_Naive2_filtered_matrix.mtx.gz,L251719,2
GSM8563000:ATCCGTCCACATTCGA,Naive2,GSM8563000,L51134,1.0,ATCCGTCCACATTCGA-1,608,GSM8563000_Naive2_filtered_matrix.mtx.gz,L51134,0
GSM8563000:ATCCGTCGTCATTCCC,Naive2,GSM8563000,L212929,1.0,ATCCGTCGTCATTCCC-1,610,GSM8563000_Naive2_filtered_matrix.mtx.gz,L212929,4
GSM8563000:ATCCGTCTCCTCACCA,Naive2,GSM8563000,L82979,0.911729,ATCCGTCTCCTCACCA-1,612,GSM8563000_Naive2_filtered_matrix.mtx.gz,L82979,2
GSM8563000:ATCCTATCATAGAATG,Naive2,GSM8563000,L114118,1.0,ATCCTATCATAGAATG-1,613,GSM8563000_Naive2_filtered_matrix.mtx.gz,L114118,2
GSM8563000:ATCCTATTCCGCTTAC,Naive2,GSM8563000,L165826,1.0,ATCCTATTCCGCTTAC-1,614,GSM8563000_Naive2_filtered_matrix.mtx.gz,L165826,1
GSM8563000:ATCGATGCACTGGATT,Naive2,GSM8563000,L45022,1.0,ATCGATGCACTGGATT-1,616,GSM8563000_Naive2_filtered_matrix.mtx.gz,L45022,3
GSM8563000:ATCGATGCAGTGGCTC,Naive2,GSM8563000,L49447,1.0,ATCGATGCAGTGGCTC-1,619,GSM8563000_Naive2_filtered_matrix.mtx.gz,L49447,3
GSM8563000:ATCGCCTCAAATGGAT,Naive2,GSM8563000,L879,1.0,ATCGCCTCAAATGGAT-1,621,GSM8563000_Naive2_filtered_matrix.mtx.gz,L879,2
GSM8563000:ATCGCCTTCCAAGAGG,Naive2,GSM8563000,L6043,1.0,ATCGCCTTCCAAGAGG-1,622,GSM8563000_Naive2_filtered_matrix.mtx.gz,L6043,1
GSM8563000:ATCGGATCAAAGTATG,Naive2,GSM8563000,L257154,1.0,ATCGGATCAAAGTATG-1,623,GSM8563000_Naive2_filtered_matrix.mtx.gz,L257154,4
GSM8563000:ATCGGCGGTACCAGAG,Naive2,GSM8563000,L17873,1.0,ATCGGCGGTACCAGAG-1,625,GSM8563000_Naive2_filtered_matrix.mtx.gz,L17873,0
GSM8563000:ATCGGCGGTCACTAGT,Naive2,GSM8563000,L211840,1.0,ATCGGCGGTCACTAGT-1,627,GSM8563000_Naive2_filtered_matrix.mtx.gz,L211840,1
GSM8563000:ATCGGCGGTGGAGGTT,Naive2,GSM8563000,L146976,1.0,ATCGGCGGTGGAGGTT-1,628,GSM8563000_Naive2_filtered_matrix.mtx.gz,L146976,2
GSM8563000:ATCGTAGAGGTCCCTG,Naive2,GSM8563000,L325741,1.0,ATCGTAGAGGTCCCTG-1,629,GSM8563000_Naive2_filtered_matrix.mtx.gz,L325741,0
GSM8563000:ATCGTAGCAACCCTCT,Naive2,GSM8563000,L70669,0.999999,ATCGTAGCAACCCTCT-1,630,GSM8563000_Naive2_filtered_matrix.mtx.gz,L70669,3
GSM8563000:ATCGTAGTCGACGCTG,Naive2,GSM8563000,L305830,1.0,ATCGTAGTCGACGCTG-1,632,GSM8563000_Naive2_filtered_matrix.mtx.gz,L305830,0
GSM8563000:ATCGTCCAGCACTAGG,Naive2,GSM8563000,L305688,1.0,ATCGTCCAGCACTAGG-1,633,GSM8563000_Naive2_filtered_matrix.mtx.gz,L305688,3
GSM8563000:ATCGTCCGTACCTAAC,Naive2,GSM8563000,L304427,1.0,ATCGTCCGTACCTAAC-1,634,GSM8563000_Naive2_filtered_matrix.mtx.gz,L304427,2
GSM8563000:ATCGTCCTCTCATGCC,Naive2,GSM8563000,L53092,1.0,ATCGTCCTCTCATGCC-1,636,GSM8563000_Naive2_filtered_matrix.mtx.gz,L53092,3
GSM8563000:ATCGTCCTCTGAGCAT,Naive2,GSM8563000,L183654,1.0,ATCGTCCTCTGAGCAT-1,637,GSM8563000_Naive2_filtered_matrix.mtx.gz,L183654,3
GSM8563000:ATCGTGACAAACGGCA,Naive2,GSM8563000,L257154,1.0,ATCGTGACAAACGGCA-1,638,GSM8563000_Naive2_filtered_matrix.mtx.gz,L257154,4
GSM8563000:ATCGTGACAGCAAGAC,Naive2,GSM8563000,L82979,1.0,ATCGTGACAGCAAGAC-1,639,GSM8563000_Naive2_filtered_matrix.mtx.gz,L82979,2
GSM8563000:ATCGTGAGTCTCAGGC,Naive2,GSM8563000,L104947,1.0,ATCGTGAGTCTCAGGC-1,641,GSM8563000_Naive2_filtered_matrix.mtx.gz,L104947,4
GSM8563000:ATCGTGATCATGCTAG,Naive2,GSM8563000,L196405,1.0,ATCGTGATCATGCTAG-1,642,GSM8563000_Naive2_filtered_matrix.mtx.gz,L196405,1
GSM8563000:ATCGTGATCCGTGTAA,Naive2,GSM8563000,L73528,1.0,ATCGTGATCCGTGTAA-1,643,GSM8563000_Naive2_filtered_matrix.mtx.gz,L73528,0
GSM8563000:ATCTCTAGTTCACCGG,Naive2,GSM8563000,L85031,1.0,ATCTCTAGTTCACCGG-1,648,GSM8563000_Naive2_filtered_matrix.mtx.gz,L85031,0
GSM8563000:ATCTCTATCCAGTACA,Naive2,GSM8563000,L303918,1.0,ATCTCTATCCAGTACA-1,649,GSM8563000_Naive2_filtered_matrix.mtx.gz,L303918,0
GSM8563000:ATCTCTATCTGGACTA,Naive2,GSM8563000,L117620,1.0,ATCTCTATCTGGACTA-1,650,GSM8563000_Naive2_filtered_matrix.mtx.gz,L117620,0
GSM8563000:ATCTTCATCGTGGTAT,Naive2,GSM8563000,L31111,0.999998,ATCTTCATCGTGGTAT-1,651,GSM8563000_Naive2_filtered_matrix.mtx.gz,L31111,3
GSM8563000:ATGACCAAGCTCATAC,Naive2,GSM8563000,L188027,1.0,ATGACCAAGCTCATAC-1,654,GSM8563000_Naive2_filtered_matrix.mtx.gz,L188027,1
GSM8563000:ATGACCAGTCTAGATC,Naive2,GSM8563000,L320820,1.0,ATGACCAGTCTAGATC-1,656,GSM8563000_Naive2_filtered_matrix.mtx.gz,L320820,3
GSM8563000:ATGACCATCCAGGACC,Naive2,GSM8563000,L70669,1.0,ATGACCATCCAGGACC-1,658,GSM8563000_Naive2_filtered_matrix.mtx.gz,L70669,3
GSM8563000:ATGAGGGCAATCACGT,Naive2,GSM8563000,L116287,1.0,ATGAGGGCAATCACGT-1,659,GSM8563000_Naive2_filtered_matrix.mtx.gz,L116287,0
GSM8563000:ATGAGGGGTATCGTGT,Naive2,GSM8563000,L107467,1.0,ATGAGGGGTATCGTGT-1,660,GSM8563000_Naive2_filtered_matrix.mtx.gz,L107467,4
GSM8563000:ATGAGGGGTCGCCTAG,Naive2,GSM8563000,L107483,1.0,ATGAGGGGTCGCCTAG-1,661,GSM8563000_Naive2_filtered_matrix.mtx.gz,L107483,0
GSM8563000:ATGAGGGGTGATATAG,Naive2,GSM8563000,L24904,0.995928,ATGAGGGGTGATATAG-1,662,GSM8563000_Naive2_filtered_matrix.mtx.gz,L24904,2
GSM8563000:ATGAGTCAGGTACAAT,Naive2,GSM8563000,L325741,1.0,ATGAGTCAGGTACAAT-1,663,GSM8563000_Naive2_filtered_matrix.mtx.gz,L325741,0
GSM8563000:ATGAGTCAGTGACACG,Naive2,GSM8563000,L31852,1.0,ATGAGTCAGTGACACG-1,664,GSM8563000_Naive2_filtered_matrix.mtx.gz,L31852,2
GSM8563000:ATGAGTCTCACGGGCT,Naive2,GSM8563000,L318458,1.0,ATGAGTCTCACGGGCT-1,665,GSM8563000_Naive2_filtered_matrix.mtx.gz,L318458,4
GSM8563000:ATGAGTCTCGCTTTAT,Naive2,GSM8563000,L6043,1.0,ATGAGTCTCGCTTTAT-1,666,GSM8563000_Naive2_filtered_matrix.mtx.gz,L6043,1
GSM8563000:ATGATCGAGTGATCGG,Naive2,GSM8563000,L114118,1.0,ATGATCGAGTGATCGG-1,667,GSM8563000_Naive2_filtered_matrix.mtx.gz,L114118,2
GSM8563000:ATGATCGGTCTGCAAT,Naive2,GSM8563000,L70669,1.0,ATGATCGGTCTGCAAT-1,668,GSM8563000_Naive2_filtered_matrix.mtx.gz,L70669,3
GSM8563000:ATGCATGCACATAACC,Naive2,GSM8563000,L187905,1.0,ATGCATGCACATAACC-1,670,GSM8563000_Naive2_filtered_matrix.mtx.gz,L187905,0
GSM8563000:ATGCATGTCGTTTACT,Naive2,GSM8563000,L180119,1.0,ATGCATGTCGTTTACT-1,672,GSM8563000_Naive2_filtered_matrix.mtx.gz,L180119,1
GSM8563000:ATGCCTCCAAAGCGTG,Naive2,GSM8563000,L293998,1.0,ATGCCTCCAAAGCGTG-1,673,GSM8563000_Naive2_filtered_matrix.mtx.gz,L293998,2
GSM8563000:ATGCCTCCACGTTCGG,Naive2,GSM8563000,L155963,1.0,ATGCCTCCACGTTCGG-1,674,GSM8563000_Naive2_filtered_matrix.mtx.gz,L155963,0
GSM8563000:ATGCCTCTCACCCTGT,Naive2,GSM8563000,L87366,1.0,ATGCCTCTCACCCTGT-1,675,GSM8563000_Naive2_filtered_matrix.mtx.gz,L87366,3
GSM8563000:ATGCGATAGAAGGATG,Naive2,GSM8563000,L35389,1.0,ATGCGATAGAAGGATG-1,676,GSM8563000_Naive2_filtered_matrix.mtx.gz,L35389,4
GSM8563000:ATGCGATTCTTAGCAG,Naive2,GSM8563000,L193060,1.0,ATGCGATTCTTAGCAG-1,679,GSM8563000_Naive2_filtered_matrix.mtx.gz,L193060,0
GSM8563000:ATGGAGGAGATACGAT,Naive2,GSM8563000,L37950,1.0,ATGGAGGAGATACGAT-1,680,GSM8563000_Naive2_filtered_matrix.mtx.gz,L37950,1
GSM8563000:ATGGAGGAGCCATATC,Naive2,GSM8563000,L185762,1.0,ATGGAGGAGCCATATC-1,681,GSM8563000_Naive2_filtered_matrix.mtx.gz,L185762,1
GSM8563000:ATGGAGGGTTGCTAGT,Naive2,GSM8563000,L51669,1.0,ATGGAGGGTTGCTAGT-1,683,GSM8563000_Naive2_filtered_matrix.mtx.gz,L51669,4
GSM8563000:ATGGAGGTCGGTGAAG,Naive2,GSM8563000,L86394,1.0,ATGGAGGTCGGTGAAG-1,684,GSM8563000_Naive2_filtered_matrix.mtx.gz,L86394,1
GSM8563000:ATGGATCGTAAGCAAT,Naive2,GSM8563000,L219307,0.999622,ATGGATCGTAAGCAAT-1,685,GSM8563000_Naive2_filtered_matrix.mtx.gz,L219307,3
GSM8563000:ATGGATCGTTACACAC,Naive2,GSM8563000,L300022,1.0,ATGGATCGTTACACAC-1,686,GSM8563000_Naive2_filtered_matrix.mtx.gz,L300022,1
GSM8563000:ATGGGAGAGTGTTCCA,Naive2,GSM8563000,L40629,1.0,ATGGGAGAGTGTTCCA-1,689,GSM8563000_Naive2_filtered_matrix.mtx.gz,L40629,4
GSM8563000:ATGGGAGCAGTTCACA,Naive2,GSM8563000,L62700,1.0,ATGGGAGCAGTTCACA-1,690,GSM8563000_Naive2_filtered_matrix.mtx.gz,L62700,2
GSM8563000:ATGGGAGGTGGTTTGT,Naive2,GSM8563000,L82979,1.0,ATGGGAGGTGGTTTGT-1,692,GSM8563000_Naive2_filtered_matrix.mtx.gz,L82979,2
GSM8563000:ATGGGTTCAGTCTTCC,Naive2,GSM8563000,L167106,1.0,ATGGGTTCAGTCTTCC-1,694,GSM8563000_Naive2_filtered_matrix.mtx.gz,L167106,1
GSM8563000:ATGGTTGCAGATCACT,Naive2,GSM8563000,L113271,1.0,ATGGTTGCAGATCACT-1,695,GSM8563000_Naive2_filtered_matrix.mtx.gz,L113271,4
GSM8563000:ATGGTTGTCGACCATA,Naive2,GSM8563000,L316034,1.0,ATGGTTGTCGACCATA-1,697,GSM8563000_Naive2_filtered_matrix.mtx.gz,L316034,3
GSM8563000:ATGTCCCCATCTAACG,Naive2,GSM8563000,L139081,1.0,ATGTCCCCATCTAACG-1,701,GSM8563000_Naive2_filtered_matrix.mtx.gz,L139081,4
GSM8563000:ATGTCCCTCGACACCG,Naive2,GSM8563000,L312932,1.0,ATGTCCCTCGACACCG-1,703,GSM8563000_Naive2_filtered_matrix.mtx.gz,L312932,3
GSM8563000:ATGTCTTGTACAACGG,Naive2,GSM8563000,L76568,1.0,ATGTCTTGTACAACGG-1,704,GSM8563000_Naive2_filtered_matrix.mtx.gz,L76568,0
GSM8563000:ATTACCTCATCGTCCT,Naive2,GSM8563000,L112164,1.0,ATTACCTCATCGTCCT-1,707,GSM8563000_Naive2_filtered_matrix.mtx.gz,L112164,2
GSM8563000:ATTACCTGTGTGTACT,Naive2,GSM8563000,L183654,1.0,ATTACCTGTGTGTACT-1,708,GSM8563000_Naive2_filtered_matrix.mtx.gz,L183654,3
GSM8563000:ATTACCTGTTAGTTCG,Naive2,GSM8563000,L232125,1.0,ATTACCTGTTAGTTCG-1,709,GSM8563000_Naive2_filtered_matrix.mtx.gz,L232125,0
GSM8563000:ATTACTCTCCAAGCCG,Naive2,GSM8563000,L247317,1.0,ATTACTCTCCAAGCCG-1,710,GSM8563000_Naive2_filtered_matrix.mtx.gz,L247317,0
GSM8563000:ATTATCCAGCACCGAA,Naive2,GSM8563000,L303711,1.0,ATTATCCAGCACCGAA-1,711,GSM8563000_Naive2_filtered_matrix.mtx.gz,L303711,3
GSM8563000:ATTATCCCATAATCCG,Naive2,GSM8563000,L84060,0.811619,ATTATCCCATAATCCG-1,712,GSM8563000_Naive2_filtered_matrix.mtx.gz,L84060,4
GSM8563000:ATTATCCCATCTAACG,Naive2,GSM8563000,L224455,1.0,ATTATCCCATCTAACG-1,713,GSM8563000_Naive2_filtered_matrix.mtx.gz,L224455,0
GSM8563000:ATTCACTTCCATCCGT,Naive2,GSM8563000,L35478,1.0,ATTCACTTCCATCCGT-1,715,GSM8563000_Naive2_filtered_matrix.mtx.gz,L35478,0
GSM8563000:ATTCCATAGGATTTGA,Naive2,GSM8563000,L282419,1.0,ATTCCATAGGATTTGA-1,717,GSM8563000_Naive2_filtered_matrix.mtx.gz,L282419,4
GSM8563000:ATTCCCGCATTAAAGG,Naive2,GSM8563000,L31386,1.0,ATTCCCGCATTAAAGG-1,721,GSM8563000_Naive2_filtered_matrix.mtx.gz,L31386,4
GSM8563000:ATTCCTAAGGACGCTA,Naive2,GSM8563000,L6369,1.0,ATTCCTAAGGACGCTA-1,725,GSM8563000_Naive2_filtered_matrix.mtx.gz,L6369,4
GSM8563000:ATTCGTTCACCGCTGA,Naive2,GSM8563000,L107467,1.0,ATTCGTTCACCGCTGA-1,727,GSM8563000_Naive2_filtered_matrix.mtx.gz,L107467,4
GSM8563000:ATTCGTTGTAGGAGTC,Naive2,GSM8563000,L183358,1.0,ATTCGTTGTAGGAGTC-1,728,GSM8563000_Naive2_filtered_matrix.mtx.gz,L183358,0
GSM8563000:ATTCTACCACCAGCGT,Naive2,GSM8563000,L314514,1.0,ATTCTACCACCAGCGT-1,730,GSM8563000_Naive2_filtered_matrix.mtx.gz,L314514,2
GSM8563000:ATTCTTGAGTAACGAT,Naive2,GSM8563000,L174664,1.0,ATTCTTGAGTAACGAT-1,733,GSM8563000_Naive2_filtered_matrix.mtx.gz,L174664,0
GSM8563000:ATTCTTGAGTAACGTA,Naive2,GSM8563000,L56999,1.0,ATTCTTGAGTAACGTA-1,734,GSM8563000_Naive2_filtered_matrix.mtx.gz,L56999,0
GSM8563000:ATTCTTGAGTTGCATC,Naive2,GSM8563000,L136317,0.870191,ATTCTTGAGTTGCATC-1,735,GSM8563000_Naive2_filtered_matrix.mtx.gz,L136317,0
GSM8563000:ATTCTTGCAGTGGCTC,Naive2,GSM8563000,L70669,1.0,ATTCTTGCAGTGGCTC-1,736,GSM8563000_Naive2_filtered_matrix.mtx.gz,L70669,3
GSM8563000:ATTGGGTCAGAATGTA,Naive2,GSM8563000,L275355,1.0,ATTGGGTCAGAATGTA-1,738,GSM8563000_Naive2_filtered_matrix.mtx.gz,L275355,1
GSM8563000:ATTGGGTGTTCTCGCT,Naive2,GSM8563000,L15407,1.0,ATTGGGTGTTCTCGCT-1,740,GSM8563000_Naive2_filtered_matrix.mtx.gz,L15407,3
GSM8563000:ATTGTTCCAAGCAGGT,Naive2,GSM8563000,L293016,1.0,ATTGTTCCAAGCAGGT-1,742,GSM8563000_Naive2_filtered_matrix.mtx.gz,L293016,2
GSM8563000:ATTGTTCTCTGGGCGT,Naive2,GSM8563000,L103055,1.0,ATTGTTCTCTGGGCGT-1,744,GSM8563000_Naive2_filtered_matrix.mtx.gz,L103055,1
GSM8563000:ATTTACCGTTCTTAGG,Naive2,GSM8563000,L185210,1.0,ATTTACCGTTCTTAGG-1,747,GSM8563000_Naive2_filtered_matrix.mtx.gz,L185210,2
GSM8563000:ATTTCTGAGTAACCGG,Naive2,GSM8563000,L107467,1.0,ATTTCTGAGTAACCGG-1,754,GSM8563000_Naive2_filtered_matrix.mtx.gz,L107467,4
GSM8563000:ATTTCTGGTGCAACAG,Naive2,GSM8563000,L214973,1.0,ATTTCTGGTGCAACAG-1,755,GSM8563000_Naive2_filtered_matrix.mtx.gz,L214973,2
GSM8563000:ATTTCTGTCGCACGGT,Naive2,GSM8563000,L152903,1.0,ATTTCTGTCGCACGGT-1,757,GSM8563000_Naive2_filtered_matrix.mtx.gz,L152903,2
GSM8563000:CAAAGAAAGCACACCC,Naive2,GSM8563000,L314894,1.0,CAAAGAAAGCACACCC-1,758,GSM8563000_Naive2_filtered_matrix.mtx.gz,L314894,1
GSM8563000:CAAAGAATCGTGTTCC,Naive2,GSM8563000,L100814,1.0,CAAAGAATCGTGTTCC-1,761,GSM8563000_Naive2_filtered_matrix.mtx.gz,L100814,0
GSM8563000:CAACAACCACTGAATC,Naive2,GSM8563000,L3265,1.0,CAACAACCACTGAATC-1,762,GSM8563000_Naive2_filtered_matrix.mtx.gz,L3265,4
GSM8563000:CAACAGTTCAGTGGGA,Naive2,GSM8563000,L2749,1.0,CAACAGTTCAGTGGGA-1,764,GSM8563000_Naive2_filtered_matrix.mtx.gz,L2749,1
GSM8563000:CAACAGTTCGTTGTGA,Naive2,GSM8563000,L227359,1.0,CAACAGTTCGTTGTGA-1,765,GSM8563000_Naive2_filtered_matrix.mtx.gz,L227359,0
GSM8563000:CAACCAAAGACTCTAC,Naive2,GSM8563000,L189345,1.0,CAACCAAAGACTCTAC-1,766,GSM8563000_Naive2_filtered_matrix.mtx.gz,L189345,1
GSM8563000:CAACCAAGTGAGACGT,Naive2,GSM8563000,L137611,1.0,CAACCAAGTGAGACGT-1,767,GSM8563000_Naive2_filtered_matrix.mtx.gz,L137611,4
GSM8563000:CAACCTCGTCTTTCAT,Naive2,GSM8563000,L190318,1.0,CAACCTCGTCTTTCAT-1,769,GSM8563000_Naive2_filtered_matrix.mtx.gz,L190318,2
GSM8563000:CAACCTCTCAATCTTC,Naive2,GSM8563000,L282419,1.0,CAACCTCTCAATCTTC-1,770,GSM8563000_Naive2_filtered_matrix.mtx.gz,L282419,4
GSM8563000:CAACGATTCCACTTTA,Naive2,GSM8563000,L5495,1.0,CAACGATTCCACTTTA-1,772,GSM8563000_Naive2_filtered_matrix.mtx.gz,L5495,0
GSM8563000:CAACGATTCCGTCACT,Naive2,GSM8563000,L132063,1.0,CAACGATTCCGTCACT-1,773,GSM8563000_Naive2_filtered_matrix.mtx.gz,L132063,2
GSM8563000:CAACGGCGTTCCTTGC,Naive2,GSM8563000,L99829,1.0,CAACGGCGTTCCTTGC-1,775,GSM8563000_Naive2_filtered_matrix.mtx.gz,L99829,4
GSM8563000:CAAGACTAGTAGACAT,Naive2,GSM8563000,L98634,1.0,CAAGACTAGTAGACAT-1,776,GSM8563000_Naive2_filtered_matrix.mtx.gz,L98634,2
GSM8563000:CAAGACTTCAGGACGA,Naive2,GSM8563000,L331210,1.0,CAAGACTTCAGGACGA-1,777,GSM8563000_Naive2_filtered_matrix.mtx.gz,L331210,0
GSM8563000:CAAGAGGAGTCATAGA,Naive2,GSM8563000,L109019,1.0,CAAGAGGAGTCATAGA-1,778,GSM8563000_Naive2_filtered_matrix.mtx.gz,L109019,3
GSM8563000:CAAGCTACACATTACG,Naive2,GSM8563000,L239228,1.0,CAAGCTACACATTACG-1,780,GSM8563000_Naive2_filtered_matrix.mtx.gz,L239228,2
GSM8563000:CAAGCTAGTTTCGTGA,Naive2,GSM8563000,L11049,1.0,CAAGCTAGTTTCGTGA-1,782,GSM8563000_Naive2_filtered_matrix.mtx.gz,L11049,3
GSM8563000:CAAGCTATCTTTCTAG,Naive2,GSM8563000,L113556,1.0,CAAGCTATCTTTCTAG-1,783,GSM8563000_Naive2_filtered_matrix.mtx.gz,L113556,3
GSM8563000:CAAGGGAGTACAGAAT,Naive2,GSM8563000,L239228,1.0,CAAGGGAGTACAGAAT-1,785,GSM8563000_Naive2_filtered_matrix.mtx.gz,L239228,2
GSM8563000:CAAGGGATCTCAGAAC,Naive2,GSM8563000,L242090,1.0,CAAGGGATCTCAGAAC-1,786,GSM8563000_Naive2_filtered_matrix.mtx.gz,L242090,1
GSM8563000:CAATACGGTACTCGAT,Naive2,GSM8563000,L6369,1.0,CAATACGGTACTCGAT-1,788,GSM8563000_Naive2_filtered_matrix.mtx.gz,L6369,4
GSM8563000:CAATACGTCGCAATGT,Naive2,GSM8563000,L70669,1.0,CAATACGTCGCAATGT-1,789,GSM8563000_Naive2_filtered_matrix.mtx.gz,L70669,3
GSM8563000:CAATCGACACCTAAAC,Naive2,GSM8563000,L113046,1.0,CAATCGACACCTAAAC-1,791,GSM8563000_Naive2_filtered_matrix.mtx.gz,L113046,4
GSM8563000:CAATGACCAGTCTACA,Naive2,GSM8563000,L136444,1.0,CAATGACCAGTCTACA-1,794,GSM8563000_Naive2_filtered_matrix.mtx.gz,L136444,0
GSM8563000:CAATTTCCAGTGTACT,Naive2,GSM8563000,L254373,1.0,CAATTTCCAGTGTACT-1,797,GSM8563000_Naive2_filtered_matrix.mtx.gz,L254373,4
GSM8563000:CAATTTCCATTCTCTA,Naive2,GSM8563000,L204257,1.0,CAATTTCCATTCTCTA-1,798,GSM8563000_Naive2_filtered_matrix.mtx.gz,L204257,1
GSM8563000:CACAACAGTATTGACC,Naive2,GSM8563000,L239228,1.0,CACAACAGTATTGACC-1,801,GSM8563000_Naive2_filtered_matrix.mtx.gz,L239228,2
GSM8563000:CACACAACAAGAGGCT,Naive2,GSM8563000,L267695,1.0,CACACAACAAGAGGCT-1,803,GSM8563000_Naive2_filtered_matrix.mtx.gz,L267695,2
GSM8563000:CACACAACAGGTCCGT,Naive2,GSM8563000,L137611,0.999999,CACACAACAGGTCCGT-1,804,GSM8563000_Naive2_filtered_matrix.mtx.gz,L137611,4
GSM8563000:CACACAAGTACCTATG,Naive2,GSM8563000,L249999,1.0,CACACAAGTACCTATG-1,805,GSM8563000_Naive2_filtered_matrix.mtx.gz,L249999,3
GSM8563000:CACACAAGTGATACTC,Naive2,GSM8563000,L285237,1.0,CACACAAGTGATACTC-1,806,GSM8563000_Naive2_filtered_matrix.mtx.gz,L285237,1
GSM8563000:CACAGATCAGGTCAAG,Naive2,GSM8563000,L179445,1.0,CACAGATCAGGTCAAG-1,809,GSM8563000_Naive2_filtered_matrix.mtx.gz,L179445,0
GSM8563000:CACATGACATCACGGC,Naive2,GSM8563000,L276586,0.948819,CACATGACATCACGGC-1,811,GSM8563000_Naive2_filtered_matrix.mtx.gz,L276586,1
GSM8563000:CACCAAACAAAGGATT,Naive2,GSM8563000,L48945,0.544715,CACCAAACAAAGGATT-1,814,GSM8563000_Naive2_filtered_matrix.mtx.gz,L48945,1
GSM8563000:CACCGTTAGAAATGGG,Naive2,GSM8563000,L80342,1.0,CACCGTTAGAAATGGG-1,817,GSM8563000_Naive2_filtered_matrix.mtx.gz,L80342,1
GSM8563000:CACCGTTGTGTCCGGT,Naive2,GSM8563000,L31852,1.0,CACCGTTGTGTCCGGT-1,819,GSM8563000_Naive2_filtered_matrix.mtx.gz,L31852,2
GSM8563000:CACCGTTGTTTGGGAG,Naive2,GSM8563000,L263548,1.0,CACCGTTGTTTGGGAG-1,820,GSM8563000_Naive2_filtered_matrix.mtx.gz,L263548,2
GSM8563000:CACCGTTTCTGAGGCC,Naive2,GSM8563000,L187096,1.0,CACCGTTTCTGAGGCC-1,823,GSM8563000_Naive2_filtered_matrix.mtx.gz,L187096,2
GSM8563000:CACCGTTTCTTCTTCC,Naive2,GSM8563000,L26658,1.0,CACCGTTTCTTCTTCC-1,824,GSM8563000_Naive2_filtered_matrix.mtx.gz,L26658,1
GSM8563000:CACGAATCAAGCTGCC,Naive2,GSM8563000,L212210,1.0,CACGAATCAAGCTGCC-1,825,GSM8563000_Naive2_filtered_matrix.mtx.gz,L212210,2
GSM8563000:CACGGGTGTATACCTG,Naive2,GSM8563000,L131897,1.0,CACGGGTGTATACCTG-1,829,GSM8563000_Naive2_filtered_matrix.mtx.gz,L131897,4
GSM8563000:CACGGGTTCCACGTGG,Naive2,GSM8563000,L100814,1.0,CACGGGTTCCACGTGG-1,830,GSM8563000_Naive2_filtered_matrix.mtx.gz,L100814,0
GSM8563000:CACGGGTTCTTACGGA,Naive2,GSM8563000,L273673,0.525019,CACGGGTTCTTACGGA-1,832,GSM8563000_Naive2_filtered_matrix.mtx.gz,L273673,4
GSM8563000:CACGTGGCACAATGCT,Naive2,GSM8563000,L164771,1.0,CACGTGGCACAATGCT-1,833,GSM8563000_Naive2_filtered_matrix.mtx.gz,L164771,2
GSM8563000:CACGTGGGTACCGTGC,Naive2,GSM8563000,L275878,1.0,CACGTGGGTACCGTGC-1,834,GSM8563000_Naive2_filtered_matrix.mtx.gz,L275878,4
GSM8563000:CACGTTCGTCTAATCG,Naive2,GSM8563000,L167106,1.0,CACGTTCGTCTAATCG-1,835,GSM8563000_Naive2_filtered_matrix.mtx.gz,L167106,1
GSM8563000:CACGTTCTCCGCAGTG,Naive2,GSM8563000,L315594,1.0,CACGTTCTCCGCAGTG-1,837,GSM8563000_Naive2_filtered_matrix.mtx.gz,L315594,2
GSM8563000:CACGTTCTCGAGTGGA,Naive2,GSM8563000,L241540,1.0,CACGTTCTCGAGTGGA-1,838,GSM8563000_Naive2_filtered_matrix.mtx.gz,L241540,2
GSM8563000:CACTAAGGTGGAAATT,Naive2,GSM8563000,L219307,1.0,CACTAAGGTGGAAATT-1,840,GSM8563000_Naive2_filtered_matrix.mtx.gz,L219307,3
GSM8563000:CACTAAGTCCACGTCT,Naive2,GSM8563000,L98634,1.0,CACTAAGTCCACGTCT-1,841,GSM8563000_Naive2_filtered_matrix.mtx.gz,L98634,2
GSM8563000:CACTGAAAGAGGTCAC,Naive2,GSM8563000,L210499,1.0,CACTGAAAGAGGTCAC-1,844,GSM8563000_Naive2_filtered_matrix.mtx.gz,L210499,1
GSM8563000:CACTTCGCAATGCAAA,Naive2,GSM8563000,L257154,1.0,CACTTCGCAATGCAAA-1,850,GSM8563000_Naive2_filtered_matrix.mtx.gz,L257154,4
GSM8563000:CACTTCGGTAGCACAG,Naive2,GSM8563000,L82032,1.0,CACTTCGGTAGCACAG-1,852,GSM8563000_Naive2_filtered_matrix.mtx.gz,L82032,4
GSM8563000:CACTTCGGTTACCTGA,Naive2,GSM8563000,L10419,1.0,CACTTCGGTTACCTGA-1,853,GSM8563000_Naive2_filtered_matrix.mtx.gz,L10419,2
GSM8563000:CACTTCGGTTAGTCGT,Naive2,GSM8563000,L48487,1.0,CACTTCGGTTAGTCGT-1,854,GSM8563000_Naive2_filtered_matrix.mtx.gz,L48487,1
GSM8563000:CACTTCGGTTCGATTG,Naive2,GSM8563000,L293527,1.0,CACTTCGGTTCGATTG-1,855,GSM8563000_Naive2_filtered_matrix.mtx.gz,L293527,3
GSM8563000:CACTTCGTCGAGTCTA,Naive2,GSM8563000,L100814,1.0,CACTTCGTCGAGTCTA-1,856,GSM8563000_Naive2_filtered_matrix.mtx.gz,L100814,0
GSM8563000:CAGAGCCCAATGGCAG,Naive2,GSM8563000,L75392,1.0,CAGAGCCCAATGGCAG-1,857,GSM8563000_Naive2_filtered_matrix.mtx.gz,L75392,4
GSM8563000:CAGAGCCTCTTGGATG,Naive2,GSM8563000,L97812,1.0,CAGAGCCTCTTGGATG-1,858,GSM8563000_Naive2_filtered_matrix.mtx.gz,L97812,4
GSM8563000:CAGATACAGTCGCCCA,Naive2,GSM8563000,L244886,1.0,CAGATACAGTCGCCCA-1,859,GSM8563000_Naive2_filtered_matrix.mtx.gz,L244886,4
GSM8563000:CAGATACAGTTGCCTA,Naive2,GSM8563000,L130334,1.0,CAGATACAGTTGCCTA-1,860,GSM8563000_Naive2_filtered_matrix.mtx.gz,L130334,2
GSM8563000:CAGATACGTAGCTCGC,Naive2,GSM8563000,L229874,1.0,CAGATACGTAGCTCGC-1,861,GSM8563000_Naive2_filtered_matrix.mtx.gz,L229874,1
GSM8563000:CAGATCAAGTGTACCT,Naive2,GSM8563000,L87366,1.0,CAGATCAAGTGTACCT-1,863,GSM8563000_Naive2_filtered_matrix.mtx.gz,L87366,3
GSM8563000:CAGATTGGTCTTACAG,Naive2,GSM8563000,L164771,1.0,CAGATTGGTCTTACAG-1,866,GSM8563000_Naive2_filtered_matrix.mtx.gz,L164771,2
GSM8563000:CAGATTGTCCCTAGGG,Naive2,GSM8563000,L219307,1.0,CAGATTGTCCCTAGGG-1,867,GSM8563000_Naive2_filtered_matrix.mtx.gz,L219307,3
GSM8563000:CAGATTGTCGCCTAGG,Naive2,GSM8563000,L35441,1.0,CAGATTGTCGCCTAGG-1,868,GSM8563000_Naive2_filtered_matrix.mtx.gz,L35441,1
GSM8563000:CAGCAATAGTCATACC,Naive2,GSM8563000,L75392,1.0,CAGCAATAGTCATACC-1,869,GSM8563000_Naive2_filtered_matrix.mtx.gz,L75392,4
GSM8563000:CAGCAATAGTCTGCAT,Naive2,GSM8563000,L227671,1.0,CAGCAATAGTCTGCAT-1,870,GSM8563000_Naive2_filtered_matrix.mtx.gz,L227671,2
GSM8563000:CAGCAATTCAAAGGTA,Naive2,GSM8563000,L149354,1.0,CAGCAATTCAAAGGTA-1,871,GSM8563000_Naive2_filtered_matrix.mtx.gz,L149354,1
GSM8563000:CAGCACGAGAACCCGA,Naive2,GSM8563000,L50672,1.0,CAGCACGAGAACCCGA-1,872,GSM8563000_Naive2_filtered_matrix.mtx.gz,L50672,4
GSM8563000:CAGCACGGTGTTCCTC,Naive2,GSM8563000,L263517,0.999603,CAGCACGGTGTTCCTC-1,873,GSM8563000_Naive2_filtered_matrix.mtx.gz,L263517,2
GSM8563000:CAGCACGTCGGTAAGG,Naive2,GSM8563000,L267658,1.0,CAGCACGTCGGTAAGG-1,874,GSM8563000_Naive2_filtered_matrix.mtx.gz,L267658,3
GSM8563000:CAGCAGCAGCTACTAC,Naive2,GSM8563000,L275878,1.0,CAGCAGCAGCTACTAC-1,875,GSM8563000_Naive2_filtered_matrix.mtx.gz,L275878,4
GSM8563000:CAGCAGCGTCAACGCC,Naive2,GSM8563000,L35389,1.0,CAGCAGCGTCAACGCC-1,877,GSM8563000_Naive2_filtered_matrix.mtx.gz,L35389,4
GSM8563000:CAGCCAGTCCAAAGGG,Naive2,GSM8563000,L70669,1.0,CAGCCAGTCCAAAGGG-1,878,GSM8563000_Naive2_filtered_matrix.mtx.gz,L70669,3
GSM8563000:CAGCGTGAGTTCATGC,Naive2,GSM8563000,L252275,1.0,CAGCGTGAGTTCATGC-1,879,GSM8563000_Naive2_filtered_matrix.mtx.gz,L252275,0
GSM8563000:CAGCGTGCAGATCACT,Naive2,GSM8563000,L232125,1.0,CAGCGTGCAGATCACT-1,880,GSM8563000_Naive2_filtered_matrix.mtx.gz,L232125,0
GSM8563000:CAGGCCACAGCACGAA,Naive2,GSM8563000,L244886,1.0,CAGGCCACAGCACGAA-1,881,GSM8563000_Naive2_filtered_matrix.mtx.gz,L244886,4
GSM8563000:CAGGGCTCATCGTGCG,Naive2,GSM8563000,L141176,1.0,CAGGGCTCATCGTGCG-1,885,GSM8563000_Naive2_filtered_matrix.mtx.gz,L141176,4
GSM8563000:CAGGTATCAAGGTCGA,Naive2,GSM8563000,L10717,1.0,CAGGTATCAAGGTCGA-1,887,GSM8563000_Naive2_filtered_matrix.mtx.gz,L10717,0
GSM8563000:CAGTTAGAGTACAGCG,Naive2,GSM8563000,L103055,0.528667,CAGTTAGAGTACAGCG-1,889,GSM8563000_Naive2_filtered_matrix.mtx.gz,L103055,1
GSM8563000:CAGTTAGGTTTCTTAC,Naive2,GSM8563000,L232125,1.0,CAGTTAGGTTTCTTAC-1,892,GSM8563000_Naive2_filtered_matrix.mtx.gz,L232125,0
GSM8563000:CAGTTAGTCAAGCCAT,Naive2,GSM8563000,L48852,1.0,CAGTTAGTCAAGCCAT-1,893,GSM8563000_Naive2_filtered_matrix.mtx.gz,L48852,1
GSM8563000:CAGTTCCCAAGATTGA,Naive2,GSM8563000,L81738,1.0,CAGTTCCCAAGATTGA-1,896,GSM8563000_Naive2_filtered_matrix.mtx.gz,L81738,0
GSM8563000:CAGTTCCCAAGCGAGT,Naive2,GSM8563000,L22744,0.999998,CAGTTCCCAAGCGAGT-1,897,GSM8563000_Naive2_filtered_matrix.mtx.gz,L22744,4
GSM8563000:CAGTTCCCAGTTAGGG,Naive2,GSM8563000,L84351,1.0,CAGTTCCCAGTTAGGG-1,899,GSM8563000_Naive2_filtered_matrix.mtx.gz,L84351,3
GSM8563000:CAGTTCCTCTGAGAAA,Naive2,GSM8563000,L98634,1.0,CAGTTCCTCTGAGAAA-1,902,GSM8563000_Naive2_filtered_matrix.mtx.gz,L98634,2
GSM8563000:CATAAGCAGAGGACTC,Naive2,GSM8563000,L172542,1.0,CATAAGCAGAGGACTC-1,903,GSM8563000_Naive2_filtered_matrix.mtx.gz,L172542,2
GSM8563000:CATAAGCCAAGAGGTC,Naive2,GSM8563000,L174555,1.0,CATAAGCCAAGAGGTC-1,906,GSM8563000_Naive2_filtered_matrix.mtx.gz,L174555,0
GSM8563000:CATAAGCTCGTCAGAT,Naive2,GSM8563000,L35389,1.0,CATAAGCTCGTCAGAT-1,907,GSM8563000_Naive2_filtered_matrix.mtx.gz,L35389,4
GSM8563000:CATACAGGTTCTCCAC,Naive2,GSM8563000,L166707,1.0,CATACAGGTTCTCCAC-1,910,GSM8563000_Naive2_filtered_matrix.mtx.gz,L166707,1
GSM8563000:CATACCCAGCCATCCG,Naive2,GSM8563000,L23858,1.0,CATACCCAGCCATCCG-1,911,GSM8563000_Naive2_filtered_matrix.mtx.gz,L23858,1
GSM8563000:CATACTTAGTCGAGGT,Naive2,GSM8563000,L227975,1.0,CATACTTAGTCGAGGT-1,912,GSM8563000_Naive2_filtered_matrix.mtx.gz,L227975,1
GSM8563000:CATACTTCAGCGTGCT,Naive2,GSM8563000,L253300,1.0,CATACTTCAGCGTGCT-1,913,GSM8563000_Naive2_filtered_matrix.mtx.gz,L253300,2
GSM8563000:CATACTTCAGTAGTTC,Naive2,GSM8563000,L290603,1.0,CATACTTCAGTAGTTC-1,914,GSM8563000_Naive2_filtered_matrix.mtx.gz,L290603,1
GSM8563000:CATAGACCAGTTCCAA,Naive2,GSM8563000,L84351,1.0,CATAGACCAGTTCCAA-1,916,GSM8563000_Naive2_filtered_matrix.mtx.gz,L84351,3
GSM8563000:CATAGACTCGGTAGGA,Naive2,GSM8563000,L10299,1.0,CATAGACTCGGTAGGA-1,918,GSM8563000_Naive2_filtered_matrix.mtx.gz,L10299,3
GSM8563000:CATCAAGAGTGCCGAA,Naive2,GSM8563000,L98634,1.0,CATCAAGAGTGCCGAA-1,920,GSM8563000_Naive2_filtered_matrix.mtx.gz,L98634,2
GSM8563000:CATCAAGCAAGAGTGC,Naive2,GSM8563000,L239228,1.0,CATCAAGCAAGAGTGC-1,921,GSM8563000_Naive2_filtered_matrix.mtx.gz,L239228,2
GSM8563000:CATCAAGGTGCATACT,Naive2,GSM8563000,L267658,1.0,CATCAAGGTGCATACT-1,922,GSM8563000_Naive2_filtered_matrix.mtx.gz,L267658,3
GSM8563000:CATCAAGTCGGAGCAA,Naive2,GSM8563000,L134289,1.0,CATCAAGTCGGAGCAA-1,924,GSM8563000_Naive2_filtered_matrix.mtx.gz,L134289,3
GSM8563000:CATCAAGTCGTGGTAT,Naive2,GSM8563000,L13818,1.0,CATCAAGTCGTGGTAT-1,925,GSM8563000_Naive2_filtered_matrix.mtx.gz,L13818,3
GSM8563000:CATCAAGTCTACTGCC,Naive2,GSM8563000,L37973,1.0,CATCAAGTCTACTGCC-1,926,GSM8563000_Naive2_filtered_matrix.mtx.gz,L37973,4
GSM8563000:CATCCACAGTACCCTA,Naive2,GSM8563000,L251719,1.0,CATCCACAGTACCCTA-1,927,GSM8563000_Naive2_filtered_matrix.mtx.gz,L251719,2
GSM8563000:CATCCACAGTTGCGCC,Naive2,GSM8563000,L98634,1.0,CATCCACAGTTGCGCC-1,928,GSM8563000_Naive2_filtered_matrix.mtx.gz,L98634,2
GSM8563000:CATCCCACATTCGGGC,Naive2,GSM8563000,L139713,1.0,CATCCCACATTCGGGC-1,929,GSM8563000_Naive2_filtered_matrix.mtx.gz,L139713,0
GSM8563000:CATCCCAGTGAAAGTT,Naive2,GSM8563000,L75392,1.0,CATCCCAGTGAAAGTT-1,930,GSM8563000_Naive2_filtered_matrix.mtx.gz,L75392,4
GSM8563000:CATCCGTCACGACAGA,Naive2,GSM8563000,L179445,1.0,CATCCGTCACGACAGA-1,932,GSM8563000_Naive2_filtered_matrix.mtx.gz,L179445,0
GSM8563000:CATCCGTCACTATCCC,Naive2,GSM8563000,L104099,1.0,CATCCGTCACTATCCC-1,933,GSM8563000_Naive2_filtered_matrix.mtx.gz,L104099,4
GSM8563000:CATCGGGAGCATCCCG,Naive2,GSM8563000,L167106,1.0,CATCGGGAGCATCCCG-1,935,GSM8563000_Naive2_filtered_matrix.mtx.gz,L167106,1
GSM8563000:CATCGGGAGGGTAATT,Naive2,GSM8563000,L138440,1.0,CATCGGGAGGGTAATT-1,936,GSM8563000_Naive2_filtered_matrix.mtx.gz,L138440,2
GSM8563000:CATCGGGCAATGAGCG,Naive2,GSM8563000,L24429,1.0,CATCGGGCAATGAGCG-1,937,GSM8563000_Naive2_filtered_matrix.mtx.gz,L24429,4
GSM8563000:CATCGGGGTTCTCTCG,Naive2,GSM8563000,L166707,1.0,CATCGGGGTTCTCTCG-1,938,GSM8563000_Naive2_filtered_matrix.mtx.gz,L166707,1
GSM8563000:CATCGGGTCTTACACT,Naive2,GSM8563000,L167950,1.0,CATCGGGTCTTACACT-1,939,GSM8563000_Naive2_filtered_matrix.mtx.gz,L167950,3
GSM8563000:CATCGTCAGCCTGTCG,Naive2,GSM8563000,L100615,1.0,CATCGTCAGCCTGTCG-1,940,GSM8563000_Naive2_filtered_matrix.mtx.gz,L100615,0
GSM8563000:CATCGTCCATCCAACA,Naive2,GSM8563000,L21782,1.0,CATCGTCCATCCAACA-1,941,GSM8563000_Naive2_filtered_matrix.mtx.gz,L21782,2
GSM8563000:CATGAGTAGCCTGACC,Naive2,GSM8563000,L59420,1.0,CATGAGTAGCCTGACC-1,942,GSM8563000_Naive2_filtered_matrix.mtx.gz,L59420,0
GSM8563000:CATGCAATCTGGGTCG,Naive2,GSM8563000,L166657,1.0,CATGCAATCTGGGTCG-1,945,GSM8563000_Naive2_filtered_matrix.mtx.gz,L166657,3
GSM8563000:CATGCCTAGACGTCCC,Naive2,GSM8563000,L31386,1.0,CATGCCTAGACGTCCC-1,946,GSM8563000_Naive2_filtered_matrix.mtx.gz,L31386,4
GSM8563000:CATGCCTCACGTAGTT,Naive2,GSM8563000,L36694,1.0,CATGCCTCACGTAGTT-1,947,GSM8563000_Naive2_filtered_matrix.mtx.gz,L36694,2
GSM8563000:CATGCCTTCAAGAGGC,Naive2,GSM8563000,L145073,1.0,CATGCCTTCAAGAGGC-1,949,GSM8563000_Naive2_filtered_matrix.mtx.gz,L145073,1
GSM8563000:CATGCCTTCACCTGTC,Naive2,GSM8563000,L17873,1.0,CATGCCTTCACCTGTC-1,950,GSM8563000_Naive2_filtered_matrix.mtx.gz,L17873,0
GSM8563000:CATGCGGAGGAAAGAC,Naive2,GSM8563000,L141027,0.999911,CATGCGGAGGAAAGAC-1,951,GSM8563000_Naive2_filtered_matrix.mtx.gz,L141027,1
GSM8563000:CATGGTAAGACGACGT,Naive2,GSM8563000,L84351,1.0,CATGGTAAGACGACGT-1,957,GSM8563000_Naive2_filtered_matrix.mtx.gz,L84351,3
GSM8563000:CATGGTAGTCAACGCC,Naive2,GSM8563000,L271709,1.0,CATGGTAGTCAACGCC-1,959,GSM8563000_Naive2_filtered_matrix.mtx.gz,L271709,0
GSM8563000:CATGGTAGTGGGTTGA,Naive2,GSM8563000,L100814,1.0,CATGGTAGTGGGTTGA-1,960,GSM8563000_Naive2_filtered_matrix.mtx.gz,L100814,0
GSM8563000:CATGGTATCCACGAAT,Naive2,GSM8563000,L2779,1.0,CATGGTATCCACGAAT-1,961,GSM8563000_Naive2_filtered_matrix.mtx.gz,L2779,4
GSM8563000:CATTCCGAGCTGCCTG,Naive2,GSM8563000,L281881,1.0,CATTCCGAGCTGCCTG-1,967,GSM8563000_Naive2_filtered_matrix.mtx.gz,L281881,2
GSM8563000:CATTCCGAGGGTGGGA,Naive2,GSM8563000,L46431,1.0,CATTCCGAGGGTGGGA-1,968,GSM8563000_Naive2_filtered_matrix.mtx.gz,L46431,4
GSM8563000:CATTCCGCATGTGCTA,Naive2,GSM8563000,L56999,1.0,CATTCCGCATGTGCTA-1,969,GSM8563000_Naive2_filtered_matrix.mtx.gz,L56999,0
GSM8563000:CATTCCGTCCACCTCA,Naive2,GSM8563000,L879,1.0,CATTCCGTCCACCTCA-1,971,GSM8563000_Naive2_filtered_matrix.mtx.gz,L879,2
GSM8563000:CATTGAGGTTCCACAA,Naive2,GSM8563000,L98246,1.0,CATTGAGGTTCCACAA-1,976,GSM8563000_Naive2_filtered_matrix.mtx.gz,L98246,3
GSM8563000:CATTGAGTCCTCTCGA,Naive2,GSM8563000,L214973,1.0,CATTGAGTCCTCTCGA-1,977,GSM8563000_Naive2_filtered_matrix.mtx.gz,L214973,2
GSM8563000:CATTGCCAGTGCACTT,Naive2,GSM8563000,L54153,1.0,CATTGCCAGTGCACTT-1,979,GSM8563000_Naive2_filtered_matrix.mtx.gz,L54153,2
GSM8563000:CATTGCCCATACCATG,Naive2,GSM8563000,L217633,1.0,CATTGCCCATACCATG-1,980,GSM8563000_Naive2_filtered_matrix.mtx.gz,L217633,2
GSM8563000:CATTGCCGTAGTCACT,Naive2,GSM8563000,L239228,1.0,CATTGCCGTAGTCACT-1,981,GSM8563000_Naive2_filtered_matrix.mtx.gz,L239228,2
GSM8563000:CATTGCCGTGATCGTT,Naive2,GSM8563000,L164771,1.0,CATTGCCGTGATCGTT-1,982,GSM8563000_Naive2_filtered_matrix.mtx.gz,L164771,2
GSM8563000:CATTGTTAGCAGATAT,Naive2,GSM8563000,L249292,1.0,CATTGTTAGCAGATAT-1,983,GSM8563000_Naive2_filtered_matrix.mtx.gz,L249292,3
GSM8563000:CATTTCAGTGACAACG,Naive2,GSM8563000,L244706,1.0,CATTTCAGTGACAACG-1,985,GSM8563000_Naive2_filtered_matrix.mtx.gz,L244706,4
GSM8563000:CCAAGCGTCTTTGATC,Naive2,GSM8563000,L82032,1.0,CCAAGCGTCTTTGATC-1,988,GSM8563000_Naive2_filtered_matrix.mtx.gz,L82032,4
GSM8563000:CCAATGACATCCGATA,Naive2,GSM8563000,L12989,1.0,CCAATGACATCCGATA-1,990,GSM8563000_Naive2_filtered_matrix.mtx.gz,L12989,3
GSM8563000:CCAATTTAGCATGGGT,Naive2,GSM8563000,L239393,0.544375,CCAATTTAGCATGGGT-1,993,GSM8563000_Naive2_filtered_matrix.mtx.gz,L239393,3
GSM8563000:CCAATTTAGGTCGACA,Naive2,GSM8563000,L82979,1.0,CCAATTTAGGTCGACA-1,994,GSM8563000_Naive2_filtered_matrix.mtx.gz,L82979,2
GSM8563000:CCACAAATCGGCTGGT,Naive2,GSM8563000,L282419,1.0,CCACAAATCGGCTGGT-1,999,GSM8563000_Naive2_filtered_matrix.mtx.gz,L282419,4
GSM8563000:CCACGAGAGCATTTCG,Naive2,GSM8563000,L47103,0.999994,CCACGAGAGCATTTCG-1,1001,GSM8563000_Naive2_filtered_matrix.mtx.gz,L47103,4
GSM8563000:CCACGTTTCGCCAATA,Naive2,GSM8563000,L312082,1.0,CCACGTTTCGCCAATA-1,1006,GSM8563000_Naive2_filtered_matrix.mtx.gz,L312082,1
GSM8563000:CCACTTGAGAGTCACG,Naive2,GSM8563000,L70669,0.999604,CCACTTGAGAGTCACG-1,1007,GSM8563000_Naive2_filtered_matrix.mtx.gz,L70669,3
GSM8563000:CCACTTGCATGTCGTA,Naive2,GSM8563000,L108005,1.0,CCACTTGCATGTCGTA-1,1009,GSM8563000_Naive2_filtered_matrix.mtx.gz,L108005,2
GSM8563000:CCACTTGGTACGATGG,Naive2,GSM8563000,L69200,1.0,CCACTTGGTACGATGG-1,1010,GSM8563000_Naive2_filtered_matrix.mtx.gz,L69200,3
GSM8563000:CCACTTGGTGTGTACT,Naive2,GSM8563000,L82823,1.0,CCACTTGGTGTGTACT-1,1012,GSM8563000_Naive2_filtered_matrix.mtx.gz,L82823,1
GSM8563000:CCATAAGGTTTGCAGT,Naive2,GSM8563000,L84351,1.0,CCATAAGGTTTGCAGT-1,1013,GSM8563000_Naive2_filtered_matrix.mtx.gz,L84351,3
GSM8563000:CCATCACCAGCCTACG,Naive2,GSM8563000,L103874,0.997345,CCATCACCAGCCTACG-1,1015,GSM8563000_Naive2_filtered_matrix.mtx.gz,L103874,1
GSM8563000:CCCAACTCACAATGAA,Naive2,GSM8563000,L293527,1.0,CCCAACTCACAATGAA-1,1017,GSM8563000_Naive2_filtered_matrix.mtx.gz,L293527,3
GSM8563000:CCCAACTTCAGACCGC,Naive2,GSM8563000,L77443,1.0,CCCAACTTCAGACCGC-1,1019,GSM8563000_Naive2_filtered_matrix.mtx.gz,L77443,2
GSM8563000:CCCATTGAGCTAGATA,Naive2,GSM8563000,L239119,1.0,CCCATTGAGCTAGATA-1,1020,GSM8563000_Naive2_filtered_matrix.mtx.gz,L239119,4
GSM8563000:CCCATTGGTATGCGTT,Naive2,GSM8563000,L274951,1.0,CCCATTGGTATGCGTT-1,1021,GSM8563000_Naive2_filtered_matrix.mtx.gz,L274951,3
GSM8563000:CCCATTGGTTCCCACT,Naive2,GSM8563000,L173031,1.0,CCCATTGGTTCCCACT-1,1022,GSM8563000_Naive2_filtered_matrix.mtx.gz,L173031,0
GSM8563000:CCCATTGTCCGATCGG,Naive2,GSM8563000,L144132,1.0,CCCATTGTCCGATCGG-1,1023,GSM8563000_Naive2_filtered_matrix.mtx.gz,L144132,3
GSM8563000:CCCATTGTCGATCCAA,Naive2,GSM8563000,L76358,1.0,CCCATTGTCGATCCAA-1,1024,GSM8563000_Naive2_filtered_matrix.mtx.gz,L76358,0
GSM8563000:CCCGAAGAGTAAGCAT,Naive2,GSM8563000,L23121,1.0,CCCGAAGAGTAAGCAT-1,1027,GSM8563000_Naive2_filtered_matrix.mtx.gz,L23121,1
GSM8563000:CCCGAAGCATTCAGGT,Naive2,GSM8563000,L137611,1.0,CCCGAAGCATTCAGGT-1,1028,GSM8563000_Naive2_filtered_matrix.mtx.gz,L137611,4
GSM8563000:CCCTAACAGACCAAAT,Naive2,GSM8563000,L137611,1.0,CCCTAACAGACCAAAT-1,1033,GSM8563000_Naive2_filtered_matrix.mtx.gz,L137611,4
GSM8563000:CCCTAACCATCGAGCC,Naive2,GSM8563000,L17420,1.0,CCCTAACCATCGAGCC-1,1035,GSM8563000_Naive2_filtered_matrix.mtx.gz,L17420,0
GSM8563000:CCCTAACTCAGGGATG,Naive2,GSM8563000,L101260,1.0,CCCTAACTCAGGGATG-1,1036,GSM8563000_Naive2_filtered_matrix.mtx.gz,L101260,4
GSM8563000:CCCTAACTCATATGGC,Naive2,GSM8563000,L117154,1.0,CCCTAACTCATATGGC-1,1037,GSM8563000_Naive2_filtered_matrix.mtx.gz,L117154,4
GSM8563000:CCCTCAAAGATACGAT,Naive2,GSM8563000,L166707,1.0,CCCTCAAAGATACGAT-1,1038,GSM8563000_Naive2_filtered_matrix.mtx.gz,L166707,1
GSM8563000:CCCTCAAAGGTAGACC,Naive2,GSM8563000,L205676,1.0,CCCTCAAAGGTAGACC-1,1039,GSM8563000_Naive2_filtered_matrix.mtx.gz,L205676,0
GSM8563000:CCCTCTCGTGGGCTTC,Naive2,GSM8563000,L321617,1.0,CCCTCTCGTGGGCTTC-1,1044,GSM8563000_Naive2_filtered_matrix.mtx.gz,L321617,1
GSM8563000:CCCTCTCGTGTCATCA,Naive2,GSM8563000,L75392,1.0,CCCTCTCGTGTCATCA-1,1045,GSM8563000_Naive2_filtered_matrix.mtx.gz,L75392,4
GSM8563000:CCCTGATCACTCAAGT,Naive2,GSM8563000,L293527,1.0,CCCTGATCACTCAAGT-1,1047,GSM8563000_Naive2_filtered_matrix.mtx.gz,L293527,3
GSM8563000:CCCTGATCAGCAGTAG,Naive2,GSM8563000,L273673,0.558938,CCCTGATCAGCAGTAG-1,1048,GSM8563000_Naive2_filtered_matrix.mtx.gz,L273673,4
GSM8563000:CCCTGATGTCTCAAGT,Naive2,GSM8563000,L144044,1.0,CCCTGATGTCTCAAGT-1,1049,GSM8563000_Naive2_filtered_matrix.mtx.gz,L144044,0
GSM8563000:CCCTGATTCACTGGGC,Naive2,GSM8563000,L124052,1.0,CCCTGATTCACTGGGC-1,1050,GSM8563000_Naive2_filtered_matrix.mtx.gz,L124052,4
GSM8563000:CCCTGATTCTGGGTCG,Naive2,GSM8563000,L165222,1.0,CCCTGATTCTGGGTCG-1,1051,GSM8563000_Naive2_filtered_matrix.mtx.gz,L165222,0
GSM8563000:CCCTTAGCACCGAATT,Naive2,GSM8563000,L253198,1.0,CCCTTAGCACCGAATT-1,1053,GSM8563000_Naive2_filtered_matrix.mtx.gz,L253198,0
GSM8563000:CCCTTAGCACTGATTG,Naive2,GSM8563000,L183696,1.0,CCCTTAGCACTGATTG-1,1054,GSM8563000_Naive2_filtered_matrix.mtx.gz,L183696,3
GSM8563000:CCCTTAGCAGGCTACC,Naive2,GSM8563000,L248375,1.0,CCCTTAGCAGGCTACC-1,1055,GSM8563000_Naive2_filtered_matrix.mtx.gz,L248375,2
GSM8563000:CCGAACGCAATCGCCG,Naive2,GSM8563000,L76201,1.0,CCGAACGCAATCGCCG-1,1056,GSM8563000_Naive2_filtered_matrix.mtx.gz,L76201,2
GSM8563000:CCGAACGTCCCTCTTT,Naive2,GSM8563000,L289410,1.0,CCGAACGTCCCTCTTT-1,1057,GSM8563000_Naive2_filtered_matrix.mtx.gz,L289410,2
GSM8563000:CCGATGGCAGATGCGA,Naive2,GSM8563000,L70669,1.0,CCGATGGCAGATGCGA-1,1059,GSM8563000_Naive2_filtered_matrix.mtx.gz,L70669,3
GSM8563000:CCGATGGTCTATCGGA,Naive2,GSM8563000,L296189,1.0,CCGATGGTCTATCGGA-1,1062,GSM8563000_Naive2_filtered_matrix.mtx.gz,L296189,1
GSM8563000:CCGCAAGAGAGCTGAC,Naive2,GSM8563000,L20588,1.0,CCGCAAGAGAGCTGAC-1,1063,GSM8563000_Naive2_filtered_matrix.mtx.gz,L20588,3
GSM8563000:CCGCAAGAGAGTGGCT,Naive2,GSM8563000,L237845,1.0,CCGCAAGAGAGTGGCT-1,1064,GSM8563000_Naive2_filtered_matrix.mtx.gz,L237845,2
GSM8563000:CCGCAAGTCATGGATC,Naive2,GSM8563000,L224816,1.0,CCGCAAGTCATGGATC-1,1066,GSM8563000_Naive2_filtered_matrix.mtx.gz,L224816,2
GSM8563000:CCGGACAAGACGCAGT,Naive2,GSM8563000,L173296,1.0,CCGGACAAGACGCAGT-1,1067,GSM8563000_Naive2_filtered_matrix.mtx.gz,L173296,1
GSM8563000:CCGGACAAGGACATCG,Naive2,GSM8563000,L104690,1.0,CCGGACAAGGACATCG-1,1068,GSM8563000_Naive2_filtered_matrix.mtx.gz,L104690,4
GSM8563000:CCGGACACACCAGCCA,Naive2,GSM8563000,L172542,1.0,CCGGACACACCAGCCA-1,1069,GSM8563000_Naive2_filtered_matrix.mtx.gz,L172542,2
GSM8563000:CCGGACATCCCGTAAA,Naive2,GSM8563000,L199024,1.0,CCGGACATCCCGTAAA-1,1070,GSM8563000_Naive2_filtered_matrix.mtx.gz,L199024,0
GSM8563000:CCGGGTAAGGGCCCTT,Naive2,GSM8563000,L81738,1.0,CCGGGTAAGGGCCCTT-1,1071,GSM8563000_Naive2_filtered_matrix.mtx.gz,L81738,0
GSM8563000:CCGGTAGCACGCTGCA,Naive2,GSM8563000,L58090,1.0,CCGGTAGCACGCTGCA-1,1073,GSM8563000_Naive2_filtered_matrix.mtx.gz,L58090,2
GSM8563000:CCGGTAGGTAGCTTAC,Naive2,GSM8563000,L104690,1.0,CCGGTAGGTAGCTTAC-1,1076,GSM8563000_Naive2_filtered_matrix.mtx.gz,L104690,4
GSM8563000:CCGGTGACAATAGGGC,Naive2,GSM8563000,L196980,1.0,CCGGTGACAATAGGGC-1,1078,GSM8563000_Naive2_filtered_matrix.mtx.gz,L196980,3
GSM8563000:CCGGTGAGTGGACCTC,Naive2,GSM8563000,L16178,1.0,CCGGTGAGTGGACCTC-1,1079,GSM8563000_Naive2_filtered_matrix.mtx.gz,L16178,0
GSM8563000:CCGGTGAGTTCCGTTC,Naive2,GSM8563000,L329553,1.0,CCGGTGAGTTCCGTTC-1,1080,GSM8563000_Naive2_filtered_matrix.mtx.gz,L329553,3
GSM8563000:CCGGTGATCACTGAAC,Naive2,GSM8563000,L92779,1.0,CCGGTGATCACTGAAC-1,1081,GSM8563000_Naive2_filtered_matrix.mtx.gz,L92779,2
GSM8563000:CCGTAGGAGAGTGGCT,Naive2,GSM8563000,L67284,0.635113,CCGTAGGAGAGTGGCT-1,1083,GSM8563000_Naive2_filtered_matrix.mtx.gz,L67284,3
GSM8563000:CCGTAGGCAAGTGGAC,Naive2,GSM8563000,L17873,1.0,CCGTAGGCAAGTGGAC-1,1084,GSM8563000_Naive2_filtered_matrix.mtx.gz,L17873,0
GSM8563000:CCGTAGGCATTGTCGA,Naive2,GSM8563000,L149612,1.0,CCGTAGGCATTGTCGA-1,1086,GSM8563000_Naive2_filtered_matrix.mtx.gz,L149612,4
GSM8563000:CCGTAGGGTTTCGATG,Naive2,GSM8563000,L167950,1.0,CCGTAGGGTTTCGATG-1,1088,GSM8563000_Naive2_filtered_matrix.mtx.gz,L167950,3
GSM8563000:CCGTAGGTCGCCTAGG,Naive2,GSM8563000,L12904,1.0,CCGTAGGTCGCCTAGG-1,1089,GSM8563000_Naive2_filtered_matrix.mtx.gz,L12904,3
GSM8563000:CCGTGAGCAAGAGTAT,Naive2,GSM8563000,L98634,1.0,CCGTGAGCAAGAGTAT-1,1090,GSM8563000_Naive2_filtered_matrix.mtx.gz,L98634,2
GSM8563000:CCGTTCAAGGTTACAA,Naive2,GSM8563000,L252275,1.0,CCGTTCAAGGTTACAA-1,1091,GSM8563000_Naive2_filtered_matrix.mtx.gz,L252275,0
GSM8563000:CCTAAGACATTGCAAC,Naive2,GSM8563000,L289410,1.0,CCTAAGACATTGCAAC-1,1095,GSM8563000_Naive2_filtered_matrix.mtx.gz,L289410,2
GSM8563000:CCTACGTAGCATGGGT,Naive2,GSM8563000,L78561,1.0,CCTACGTAGCATGGGT-1,1096,GSM8563000_Naive2_filtered_matrix.mtx.gz,L78561,2
GSM8563000:CCTACGTAGGTAGCCA,Naive2,GSM8563000,L6369,1.0,CCTACGTAGGTAGCCA-1,1097,GSM8563000_Naive2_filtered_matrix.mtx.gz,L6369,4
GSM8563000:CCTACGTGTTTCGTGA,Naive2,GSM8563000,L141176,1.0,CCTACGTGTTTCGTGA-1,1099,GSM8563000_Naive2_filtered_matrix.mtx.gz,L141176,4
GSM8563000:CCTATCGAGTCCCGGT,Naive2,GSM8563000,L303918,1.0,CCTATCGAGTCCCGGT-1,1101,GSM8563000_Naive2_filtered_matrix.mtx.gz,L303918,0
GSM8563000:CCTATCGCAGAGTCTT,Naive2,GSM8563000,L213986,0.999606,CCTATCGCAGAGTCTT-1,1103,GSM8563000_Naive2_filtered_matrix.mtx.gz,L213986,3
GSM8563000:CCTCAACAGCATGCAG,Naive2,GSM8563000,L270293,1.0,CCTCAACAGCATGCAG-1,1104,GSM8563000_Naive2_filtered_matrix.mtx.gz,L270293,3
GSM8563000:CCTCAACAGTGATTCC,Naive2,GSM8563000,L148401,1.0,CCTCAACAGTGATTCC-1,1105,GSM8563000_Naive2_filtered_matrix.mtx.gz,L148401,4
GSM8563000:CCTCAACGTTCGGTTA,Naive2,GSM8563000,L109019,1.0,CCTCAACGTTCGGTTA-1,1107,GSM8563000_Naive2_filtered_matrix.mtx.gz,L109019,3
GSM8563000:CCTCAACTCTGAATCG,Naive2,GSM8563000,L16294,1.0,CCTCAACTCTGAATCG-1,1108,GSM8563000_Naive2_filtered_matrix.mtx.gz,L16294,1
GSM8563000:CCTCACACAATAAGGT,Naive2,GSM8563000,L33701,1.0,CCTCACACAATAAGGT-1,1110,GSM8563000_Naive2_filtered_matrix.mtx.gz,L33701,3
GSM8563000:CCTCACACATCATCTT,Naive2,GSM8563000,L187096,1.0,CCTCACACATCATCTT-1,1111,GSM8563000_Naive2_filtered_matrix.mtx.gz,L187096,2
GSM8563000:CCTCAGTGTTGACTAC,Naive2,GSM8563000,L36415,1.0,CCTCAGTGTTGACTAC-1,1113,GSM8563000_Naive2_filtered_matrix.mtx.gz,L36415,3
GSM8563000:CCTCAGTTCCGTGCGA,Naive2,GSM8563000,L242237,1.0,CCTCAGTTCCGTGCGA-1,1114,GSM8563000_Naive2_filtered_matrix.mtx.gz,L242237,4
GSM8563000:CCTCATGCACGCCACA,Naive2,GSM8563000,L53092,1.0,CCTCATGCACGCCACA-1,1117,GSM8563000_Naive2_filtered_matrix.mtx.gz,L53092,3
GSM8563000:CCTCATGGTCGATTTG,Naive2,GSM8563000,L244886,1.0,CCTCATGGTCGATTTG-1,1118,GSM8563000_Naive2_filtered_matrix.mtx.gz,L244886,4
GSM8563000:CCTCATGTCCTCACGT,Naive2,GSM8563000,L33701,1.0,CCTCATGTCCTCACGT-1,1119,GSM8563000_Naive2_filtered_matrix.mtx.gz,L33701,3
GSM8563000:CCTCCAAAGCTGCGAA,Naive2,GSM8563000,L141027,0.999278,CCTCCAAAGCTGCGAA-1,1121,GSM8563000_Naive2_filtered_matrix.mtx.gz,L141027,1
GSM8563000:CCTCCAAAGTCACGCC,Naive2,GSM8563000,L128433,1.0,CCTCCAAAGTCACGCC-1,1122,GSM8563000_Naive2_filtered_matrix.mtx.gz,L128433,0
GSM8563000:CCTCCTCAGCCGGATA,Naive2,GSM8563000,L227502,1.0,CCTCCTCAGCCGGATA-1,1125,GSM8563000_Naive2_filtered_matrix.mtx.gz,L227502,2
GSM8563000:CCTCCTCCAAGATCCT,Naive2,GSM8563000,L187096,1.0,CCTCCTCCAAGATCCT-1,1126,GSM8563000_Naive2_filtered_matrix.mtx.gz,L187096,2
GSM8563000:CCTCCTCCACACCGCA,Naive2,GSM8563000,L100814,1.0,CCTCCTCCACACCGCA-1,1127,GSM8563000_Naive2_filtered_matrix.mtx.gz,L100814,0
GSM8563000:CCTCCTCCATGGCCCA,Naive2,GSM8563000,L116287,1.0,CCTCCTCCATGGCCCA-1,1128,GSM8563000_Naive2_filtered_matrix.mtx.gz,L116287,0
GSM8563000:CCTCTAGAGTCGAGGT,Naive2,GSM8563000,L275594,1.0,CCTCTAGAGTCGAGGT-1,1129,GSM8563000_Naive2_filtered_matrix.mtx.gz,L275594,0
GSM8563000:CCTCTCCGTGGAGGTT,Naive2,GSM8563000,L139081,1.0,CCTCTCCGTGGAGGTT-1,1133,GSM8563000_Naive2_filtered_matrix.mtx.gz,L139081,4
GSM8563000:CCTCTCCGTTTGAAAG,Naive2,GSM8563000,L118229,1.0,CCTCTCCGTTTGAAAG-1,1134,GSM8563000_Naive2_filtered_matrix.mtx.gz,L118229,0
GSM8563000:CCTGCATCACGACCTG,Naive2,GSM8563000,L58090,1.0,CCTGCATCACGACCTG-1,1136,GSM8563000_Naive2_filtered_matrix.mtx.gz,L58090,2
GSM8563000:CCTGCATGTATCGTTG,Naive2,GSM8563000,L123574,1.0,CCTGCATGTATCGTTG-1,1137,GSM8563000_Naive2_filtered_matrix.mtx.gz,L123574,4
GSM8563000:CCTTCAGAGTACAGCG,Naive2,GSM8563000,L165149,1.0,CCTTCAGAGTACAGCG-1,1142,GSM8563000_Naive2_filtered_matrix.mtx.gz,L165149,2
GSM8563000:CCTTCAGCACTCATAG,Naive2,GSM8563000,L56999,0.997216,CCTTCAGCACTCATAG-1,1143,GSM8563000_Naive2_filtered_matrix.mtx.gz,L56999,0
GSM8563000:CCTTCAGCAGCGTGCT,Naive2,GSM8563000,L293527,1.0,CCTTCAGCAGCGTGCT-1,1144,GSM8563000_Naive2_filtered_matrix.mtx.gz,L293527,3
GSM8563000:CCTTCAGTCACATACG,Naive2,GSM8563000,L108076,1.0,CCTTCAGTCACATACG-1,1146,GSM8563000_Naive2_filtered_matrix.mtx.gz,L108076,1
GSM8563000:CCTTGTGCAAGCTGTT,Naive2,GSM8563000,L190678,1.0,CCTTGTGCAAGCTGTT-1,1147,GSM8563000_Naive2_filtered_matrix.mtx.gz,L190678,0
GSM8563000:CCTTGTGGTAGTCTTG,Naive2,GSM8563000,L62700,1.0,CCTTGTGGTAGTCTTG-1,1150,GSM8563000_Naive2_filtered_matrix.mtx.gz,L62700,2
GSM8563000:CCTTTGGAGACAACTA,Naive2,GSM8563000,L250048,1.0,CCTTTGGAGACAACTA-1,1151,GSM8563000_Naive2_filtered_matrix.mtx.gz,L250048,2
GSM8563000:CCTTTGGTCCGTGCGA,Naive2,GSM8563000,L222867,1.0,CCTTTGGTCCGTGCGA-1,1152,GSM8563000_Naive2_filtered_matrix.mtx.gz,L222867,4
GSM8563000:CGAAGGAGTGACAACG,Naive2,GSM8563000,L68311,1.0,CGAAGGAGTGACAACG-1,1154,GSM8563000_Naive2_filtered_matrix.mtx.gz,L68311,2
GSM8563000:CGAAGGATCTATTCGT,Naive2,GSM8563000,L118613,1.0,CGAAGGATCTATTCGT-1,1155,GSM8563000_Naive2_filtered_matrix.mtx.gz,L118613,2
GSM8563000:CGAAGTTTCAAGCCGC,Naive2,GSM8563000,L75392,1.0,CGAAGTTTCAAGCCGC-1,1158,GSM8563000_Naive2_filtered_matrix.mtx.gz,L75392,4
GSM8563000:CGAATTGGTGCAGGAT,Naive2,GSM8563000,L296371,0.999999,CGAATTGGTGCAGGAT-1,1161,GSM8563000_Naive2_filtered_matrix.mtx.gz,L296371,1
GSM8563000:CGAATTGTCTACTATC,Naive2,GSM8563000,L281881,1.0,CGAATTGTCTACTATC-1,1163,GSM8563000_Naive2_filtered_matrix.mtx.gz,L281881,2
GSM8563000:CGACAGCTCCTCTCGA,Naive2,GSM8563000,L314514,1.0,CGACAGCTCCTCTCGA-1,1167,GSM8563000_Naive2_filtered_matrix.mtx.gz,L314514,2
GSM8563000:CGAGAAGCACAGCCTG,Naive2,GSM8563000,L183665,1.0,CGAGAAGCACAGCCTG-1,1168,GSM8563000_Naive2_filtered_matrix.mtx.gz,L183665,2
GSM8563000:CGAGGAAGTCAGCTTA,Naive2,GSM8563000,L257154,1.0,CGAGGAAGTCAGCTTA-1,1172,GSM8563000_Naive2_filtered_matrix.mtx.gz,L257154,4
GSM8563000:CGAGGAATCTGAGGTT,Naive2,GSM8563000,L126247,1.0,CGAGGAATCTGAGGTT-1,1173,GSM8563000_Naive2_filtered_matrix.mtx.gz,L126247,1
GSM8563000:CGAGGCTAGTACTGGG,Naive2,GSM8563000,L320444,1.0,CGAGGCTAGTACTGGG-1,1176,GSM8563000_Naive2_filtered_matrix.mtx.gz,L320444,2
GSM8563000:CGAGGCTTCCCTAGGG,Naive2,GSM8563000,L220469,1.0,CGAGGCTTCCCTAGGG-1,1179,GSM8563000_Naive2_filtered_matrix.mtx.gz,L220469,0
GSM8563000:CGAGTGCCAAGAGCTG,Naive2,GSM8563000,L25167,1.0,CGAGTGCCAAGAGCTG-1,1181,GSM8563000_Naive2_filtered_matrix.mtx.gz,L25167,0
GSM8563000:CGAGTGCCACAACATC,Naive2,GSM8563000,L192342,1.0,CGAGTGCCACAACATC-1,1182,GSM8563000_Naive2_filtered_matrix.mtx.gz,L192342,4
GSM8563000:CGAGTGCGTCGAACAG,Naive2,GSM8563000,L278604,1.0,CGAGTGCGTCGAACAG-1,1183,GSM8563000_Naive2_filtered_matrix.mtx.gz,L278604,2
GSM8563000:CGATCGGGTCTACATG,Naive2,GSM8563000,L293527,1.0,CGATCGGGTCTACATG-1,1186,GSM8563000_Naive2_filtered_matrix.mtx.gz,L293527,3
GSM8563000:CGATGGCAGCCTTCTC,Naive2,GSM8563000,L57101,1.0,CGATGGCAGCCTTCTC-1,1187,GSM8563000_Naive2_filtered_matrix.mtx.gz,L57101,0
GSM8563000:CGATGGCAGGAAGAAC,Naive2,GSM8563000,L254794,1.0,CGATGGCAGGAAGAAC-1,1188,GSM8563000_Naive2_filtered_matrix.mtx.gz,L254794,1
GSM8563000:CGATGGCCAATAGTGA,Naive2,GSM8563000,L178651,1.0,CGATGGCCAATAGTGA-1,1189,GSM8563000_Naive2_filtered_matrix.mtx.gz,L178651,1
GSM8563000:CGATGGCTCTGGCCAG,Naive2,GSM8563000,L169881,1.0,CGATGGCTCTGGCCAG-1,1191,GSM8563000_Naive2_filtered_matrix.mtx.gz,L169881,3
GSM8563000:CGCAGGTAGAGCAGAA,Naive2,GSM8563000,L146674,1.0,CGCAGGTAGAGCAGAA-1,1192,GSM8563000_Naive2_filtered_matrix.mtx.gz,L146674,3
GSM8563000:CGCAGGTAGTAATCCC,Naive2,GSM8563000,L255407,1.0,CGCAGGTAGTAATCCC-1,1193,GSM8563000_Naive2_filtered_matrix.mtx.gz,L255407,3
GSM8563000:CGCAGGTCATGTGACT,Naive2,GSM8563000,L308068,1.0,CGCAGGTCATGTGACT-1,1195,GSM8563000_Naive2_filtered_matrix.mtx.gz,L308068,3
GSM8563000:CGCAGGTTCTTAAGGC,Naive2,GSM8563000,L249999,1.0,CGCAGGTTCTTAAGGC-1,1197,GSM8563000_Naive2_filtered_matrix.mtx.gz,L249999,3
GSM8563000:CGCATAACATCCGGTG,Naive2,GSM8563000,L251719,1.0,CGCATAACATCCGGTG-1,1198,GSM8563000_Naive2_filtered_matrix.mtx.gz,L251719,2
GSM8563000:CGCATAAGTCAGACGA,Naive2,GSM8563000,L86394,1.0,CGCATAAGTCAGACGA-1,1199,GSM8563000_Naive2_filtered_matrix.mtx.gz,L86394,1
GSM8563000:CGCATAATCTACCACC,Naive2,GSM8563000,L35389,1.0,CGCATAATCTACCACC-1,1201,GSM8563000_Naive2_filtered_matrix.mtx.gz,L35389,4
GSM8563000:CGCATGGAGGGTAATT,Naive2,GSM8563000,L122300,1.0,CGCATGGAGGGTAATT-1,1204,GSM8563000_Naive2_filtered_matrix.mtx.gz,L122300,3
GSM8563000:CGCATGGAGTCAACAA,Naive2,GSM8563000,L5495,1.0,CGCATGGAGTCAACAA-1,1205,GSM8563000_Naive2_filtered_matrix.mtx.gz,L5495,0
GSM8563000:CGCATGGGTCCGAAAG,Naive2,GSM8563000,L303918,1.0,CGCATGGGTCCGAAAG-1,1207,GSM8563000_Naive2_filtered_matrix.mtx.gz,L303918,0
GSM8563000:CGCATGGGTTTCCCAC,Naive2,GSM8563000,L82979,1.0,CGCATGGGTTTCCCAC-1,1208,GSM8563000_Naive2_filtered_matrix.mtx.gz,L82979,2
GSM8563000:CGCATGGTCCACCTGT,Naive2,GSM8563000,L12989,1.0,CGCATGGTCCACCTGT-1,1209,GSM8563000_Naive2_filtered_matrix.mtx.gz,L12989,3
GSM8563000:CGCATGGTCTGGACCG,Naive2,GSM8563000,L152903,1.0,CGCATGGTCTGGACCG-1,1210,GSM8563000_Naive2_filtered_matrix.mtx.gz,L152903,2
GSM8563000:CGCCAGAAGGAAAGTG,Naive2,GSM8563000,L92515,1.0,CGCCAGAAGGAAAGTG-1,1211,GSM8563000_Naive2_filtered_matrix.mtx.gz,L92515,3
GSM8563000:CGCCAGACAATGGCCC,Naive2,GSM8563000,L208068,1.0,CGCCAGACAATGGCCC-1,1212,GSM8563000_Naive2_filtered_matrix.mtx.gz,L208068,4
GSM8563000:CGCCAGAGTGCCGTAC,Naive2,GSM8563000,L303918,1.0,CGCCAGAGTGCCGTAC-1,1215,GSM8563000_Naive2_filtered_matrix.mtx.gz,L303918,0
GSM8563000:CGCCATTAGGGCAACT,Naive2,GSM8563000,L254701,1.0,CGCCATTAGGGCAACT-1,1216,GSM8563000_Naive2_filtered_matrix.mtx.gz,L254701,1
GSM8563000:CGCCATTGTTCTAACG,Naive2,GSM8563000,L10299,1.0,CGCCATTGTTCTAACG-1,1217,GSM8563000_Naive2_filtered_matrix.mtx.gz,L10299,3
GSM8563000:CGCGTGAAGTGGGAAA,Naive2,GSM8563000,L234444,1.0,CGCGTGAAGTGGGAAA-1,1220,GSM8563000_Naive2_filtered_matrix.mtx.gz,L234444,3
GSM8563000:CGGAATTAGTCGGGAT,Naive2,GSM8563000,L251719,1.0,CGGAATTAGTCGGGAT-1,1222,GSM8563000_Naive2_filtered_matrix.mtx.gz,L251719,2
GSM8563000:CGGACACAGCGATTCT,Naive2,GSM8563000,L214973,0.997708,CGGACACAGCGATTCT-1,1225,GSM8563000_Naive2_filtered_matrix.mtx.gz,L214973,2
GSM8563000:CGGACACGTATGCTTG,Naive2,GSM8563000,L145073,1.0,CGGACACGTATGCTTG-1,1227,GSM8563000_Naive2_filtered_matrix.mtx.gz,L145073,1
GSM8563000:CGGACACTCCAGTACA,Naive2,GSM8563000,L322777,0.997708,CGGACACTCCAGTACA-1,1228,GSM8563000_Naive2_filtered_matrix.mtx.gz,L322777,4
GSM8563000:CGGAGAAAGCTGTGCC,Naive2,GSM8563000,L85922,1.0,CGGAGAAAGCTGTGCC-1,1229,GSM8563000_Naive2_filtered_matrix.mtx.gz,L85922,0
GSM8563000:CGGAGAATCGATACTG,Naive2,GSM8563000,L197414,1.0,CGGAGAATCGATACTG-1,1230,GSM8563000_Naive2_filtered_matrix.mtx.gz,L197414,1
GSM8563000:CGGGACTAGGGCAGTT,Naive2,GSM8563000,L70669,1.0,CGGGACTAGGGCAGTT-1,1233,GSM8563000_Naive2_filtered_matrix.mtx.gz,L70669,3
GSM8563000:CGGGACTCAATTTCCT,Naive2,GSM8563000,L123574,1.0,CGGGACTCAATTTCCT-1,1234,GSM8563000_Naive2_filtered_matrix.mtx.gz,L123574,4
GSM8563000:CGGGACTTCGAGTGGA,Naive2,GSM8563000,L246037,1.0,CGGGACTTCGAGTGGA-1,1236,GSM8563000_Naive2_filtered_matrix.mtx.gz,L246037,2
GSM8563000:CGGGCATCACGGGTAA,Naive2,GSM8563000,L242237,1.0,CGGGCATCACGGGTAA-1,1237,GSM8563000_Naive2_filtered_matrix.mtx.gz,L242237,4
GSM8563000:CGGGCATTCGAATGCT,Naive2,GSM8563000,L64990,1.0,CGGGCATTCGAATGCT-1,1240,GSM8563000_Naive2_filtered_matrix.mtx.gz,L64990,4
GSM8563000:CGGGCATTCGGTCGGT,Naive2,GSM8563000,L234444,1.0,CGGGCATTCGGTCGGT-1,1241,GSM8563000_Naive2_filtered_matrix.mtx.gz,L234444,3
GSM8563000:CGGGTCAGTCAACCAT,Naive2,GSM8563000,L48487,1.0,CGGGTCAGTCAACCAT-1,1242,GSM8563000_Naive2_filtered_matrix.mtx.gz,L48487,1
GSM8563000:CGGGTCAGTCCTCATC,Naive2,GSM8563000,L326812,0.817456,CGGGTCAGTCCTCATC-1,1243,GSM8563000_Naive2_filtered_matrix.mtx.gz,L326812,4
GSM8563000:CGGGTGTAGTCACTGT,Naive2,GSM8563000,L187200,1.0,CGGGTGTAGTCACTGT-1,1244,GSM8563000_Naive2_filtered_matrix.mtx.gz,L187200,0
GSM8563000:CGGGTGTGTCTGATAC,Naive2,GSM8563000,L164771,1.0,CGGGTGTGTCTGATAC-1,1246,GSM8563000_Naive2_filtered_matrix.mtx.gz,L164771,2
GSM8563000:CGGGTGTTCACTCACC,Naive2,GSM8563000,L137611,1.0,CGGGTGTTCACTCACC-1,1247,GSM8563000_Naive2_filtered_matrix.mtx.gz,L137611,4
GSM8563000:CGGTCAGAGAGAACCC,Naive2,GSM8563000,L251719,1.0,CGGTCAGAGAGAACCC-1,1249,GSM8563000_Naive2_filtered_matrix.mtx.gz,L251719,2
GSM8563000:CGGTCAGAGTGCAAAT,Naive2,GSM8563000,L239228,1.0,CGGTCAGAGTGCAAAT-1,1250,GSM8563000_Naive2_filtered_matrix.mtx.gz,L239228,2
GSM8563000:CGGTCAGTCTCGCTTG,Naive2,GSM8563000,L315953,1.0,CGGTCAGTCTCGCTTG-1,1251,GSM8563000_Naive2_filtered_matrix.mtx.gz,L315953,3
GSM8563000:CGTAAGTAGGCTCCCA,Naive2,GSM8563000,L328955,1.0,CGTAAGTAGGCTCCCA-1,1252,GSM8563000_Naive2_filtered_matrix.mtx.gz,L328955,3
GSM8563000:CGTAAGTTCCACCTCA,Naive2,GSM8563000,L54153,1.0,CGTAAGTTCCACCTCA-1,1253,GSM8563000_Naive2_filtered_matrix.mtx.gz,L54153,2
GSM8563000:CGTAATGTCTGCGAGC,Naive2,GSM8563000,L2779,1.0,CGTAATGTCTGCGAGC-1,1255,GSM8563000_Naive2_filtered_matrix.mtx.gz,L2779,4
GSM8563000:CGTAGTAAGCAAATGT,Naive2,GSM8563000,L239119,0.973121,CGTAGTAAGCAAATGT-1,1256,GSM8563000_Naive2_filtered_matrix.mtx.gz,L239119,4
GSM8563000:CGTAGTAAGGTATTGA,Naive2,GSM8563000,L251719,1.0,CGTAGTAAGGTATTGA-1,1257,GSM8563000_Naive2_filtered_matrix.mtx.gz,L251719,2
GSM8563000:CGTAGTATCGAAGTGG,Naive2,GSM8563000,L241549,0.999212,CGTAGTATCGAAGTGG-1,1260,GSM8563000_Naive2_filtered_matrix.mtx.gz,L241549,3
GSM8563000:CGTCAAAAGGCCGCTT,Naive2,GSM8563000,L212929,1.0,CGTCAAAAGGCCGCTT-1,1261,GSM8563000_Naive2_filtered_matrix.mtx.gz,L212929,4
GSM8563000:CGTCAAACAGCTTCCT,Naive2,GSM8563000,L257154,1.0,CGTCAAACAGCTTCCT-1,1263,GSM8563000_Naive2_filtered_matrix.mtx.gz,L257154,4
GSM8563000:CGTCAAAGTCATAAAG,Naive2,GSM8563000,L117526,1.0,CGTCAAAGTCATAAAG-1,1264,GSM8563000_Naive2_filtered_matrix.mtx.gz,L117526,3
GSM8563000:CGTCCATAGTCGCCAC,Naive2,GSM8563000,L212210,1.0,CGTCCATAGTCGCCAC-1,1265,GSM8563000_Naive2_filtered_matrix.mtx.gz,L212210,2
GSM8563000:CGTCCATAGTTAACAG,Naive2,GSM8563000,L320548,1.0,CGTCCATAGTTAACAG-1,1266,GSM8563000_Naive2_filtered_matrix.mtx.gz,L320548,3
GSM8563000:CGTCCATGTTCAAACC,Naive2,GSM8563000,L227502,1.0,CGTCCATGTTCAAACC-1,1269,GSM8563000_Naive2_filtered_matrix.mtx.gz,L227502,2
GSM8563000:CGTGAATCAAAGAACT,Naive2,GSM8563000,L197414,1.0,CGTGAATCAAAGAACT-1,1270,GSM8563000_Naive2_filtered_matrix.mtx.gz,L197414,1
GSM8563000:CGTGAATGTTCGGTCG,Naive2,GSM8563000,L219307,1.0,CGTGAATGTTCGGTCG-1,1271,GSM8563000_Naive2_filtered_matrix.mtx.gz,L219307,3
GSM8563000:CGTGAATTCAAAGCCT,Naive2,GSM8563000,L82979,1.0,CGTGAATTCAAAGCCT-1,1273,GSM8563000_Naive2_filtered_matrix.mtx.gz,L82979,2
GSM8563000:CGTGATATCCTCTCGA,Naive2,GSM8563000,L257082,1.0,CGTGATATCCTCTCGA-1,1274,GSM8563000_Naive2_filtered_matrix.mtx.gz,L257082,1
GSM8563000:CGTGATATCGCTAATG,Naive2,GSM8563000,L239858,1.0,CGTGATATCGCTAATG-1,1275,GSM8563000_Naive2_filtered_matrix.mtx.gz,L239858,4
GSM8563000:CGTGCTTTCTGACCCT,Naive2,GSM8563000,L55,1.0,CGTGCTTTCTGACCCT-1,1277,GSM8563000_Naive2_filtered_matrix.mtx.gz,L55,0
GSM8563000:CGTGTCTTCTGCTTTA,Naive2,GSM8563000,L59420,1.0,CGTGTCTTCTGCTTTA-1,1279,GSM8563000_Naive2_filtered_matrix.mtx.gz,L59420,0
GSM8563000:CGTTAGATCCAACCGG,Naive2,GSM8563000,L2779,1.0,CGTTAGATCCAACCGG-1,1282,GSM8563000_Naive2_filtered_matrix.mtx.gz,L2779,4
GSM8563000:CTAACTTGTTCGGCTG,Naive2,GSM8563000,L122300,1.0,CTAACTTGTTCGGCTG-1,1286,GSM8563000_Naive2_filtered_matrix.mtx.gz,L122300,3
GSM8563000:CTAACTTGTTGGGACA,Naive2,GSM8563000,L135540,1.0,CTAACTTGTTGGGACA-1,1287,GSM8563000_Naive2_filtered_matrix.mtx.gz,L135540,3
GSM8563000:CTAACTTTCAGGTAAA,Naive2,GSM8563000,L234444,1.0,CTAACTTTCAGGTAAA-1,1288,GSM8563000_Naive2_filtered_matrix.mtx.gz,L234444,3
GSM8563000:CTAAGTGGTGACTGAG,Naive2,GSM8563000,L160197,1.0,CTAAGTGGTGACTGAG-1,1289,GSM8563000_Naive2_filtered_matrix.mtx.gz,L160197,1
GSM8563000:CTAAGTGTCCGTAGTA,Naive2,GSM8563000,L82979,1.0,CTAAGTGTCCGTAGTA-1,1291,GSM8563000_Naive2_filtered_matrix.mtx.gz,L82979,2
GSM8563000:CTACCTGCAGGTGACA,Naive2,GSM8563000,L209054,1.0,CTACCTGCAGGTGACA-1,1293,GSM8563000_Naive2_filtered_matrix.mtx.gz,L209054,4
GSM8563000:CTACCTGGTATAATGG,Naive2,GSM8563000,L183665,1.0,CTACCTGGTATAATGG-1,1294,GSM8563000_Naive2_filtered_matrix.mtx.gz,L183665,2
GSM8563000:CTACGGGCAAAGAACT,Naive2,GSM8563000,L224816,1.0,CTACGGGCAAAGAACT-1,1296,GSM8563000_Naive2_filtered_matrix.mtx.gz,L224816,2
GSM8563000:CTACGGGCAAGCACCC,Naive2,GSM8563000,L227315,1.0,CTACGGGCAAGCACCC-1,1297,GSM8563000_Naive2_filtered_matrix.mtx.gz,L227315,2
GSM8563000:CTACGGGGTGATACTC,Naive2,GSM8563000,L149612,1.0,CTACGGGGTGATACTC-1,1299,GSM8563000_Naive2_filtered_matrix.mtx.gz,L149612,4
GSM8563000:CTACGGGGTTCCTTGC,Naive2,GSM8563000,L6369,1.0,CTACGGGGTTCCTTGC-1,1300,GSM8563000_Naive2_filtered_matrix.mtx.gz,L6369,4
GSM8563000:CTACGGGGTTGAGTCT,Naive2,GSM8563000,L16603,1.0,CTACGGGGTTGAGTCT-1,1301,GSM8563000_Naive2_filtered_matrix.mtx.gz,L16603,0
GSM8563000:CTAGACATCATTCATC,Naive2,GSM8563000,L109108,1.0,CTAGACATCATTCATC-1,1307,GSM8563000_Naive2_filtered_matrix.mtx.gz,L109108,1
GSM8563000:CTAGACATCCAGCAAT,Naive2,GSM8563000,L2779,1.0,CTAGACATCCAGCAAT-1,1308,GSM8563000_Naive2_filtered_matrix.mtx.gz,L2779,4
GSM8563000:CTAGACATCGCAATTG,Naive2,GSM8563000,L223068,1.0,CTAGACATCGCAATTG-1,1309,GSM8563000_Naive2_filtered_matrix.mtx.gz,L223068,0
GSM8563000:CTAGACATCGCTCATC,Naive2,GSM8563000,L260458,1.0,CTAGACATCGCTCATC-1,1310,GSM8563000_Naive2_filtered_matrix.mtx.gz,L260458,4
GSM8563000:CTAGGTACAGTCTTCC,Naive2,GSM8563000,L112548,1.0,CTAGGTACAGTCTTCC-1,1311,GSM8563000_Naive2_filtered_matrix.mtx.gz,L112548,0
GSM8563000:CTATAGGAGGTACAAT,Naive2,GSM8563000,L219307,1.0,CTATAGGAGGTACAAT-1,1312,GSM8563000_Naive2_filtered_matrix.mtx.gz,L219307,3
GSM8563000:CTATAGGCAAACGTGG,Naive2,GSM8563000,L293527,1.0,CTATAGGCAAACGTGG-1,1313,GSM8563000_Naive2_filtered_matrix.mtx.gz,L293527,3
GSM8563000:CTATAGGTCATCCCGT,Naive2,GSM8563000,L29912,1.0,CTATAGGTCATCCCGT-1,1314,GSM8563000_Naive2_filtered_matrix.mtx.gz,L29912,3
GSM8563000:CTATAGGTCCGTGGCA,Naive2,GSM8563000,L183654,1.0,CTATAGGTCCGTGGCA-1,1315,GSM8563000_Naive2_filtered_matrix.mtx.gz,L183654,3
GSM8563000:CTATCCGAGATACGAT,Naive2,GSM8563000,L249378,0.846617,CTATCCGAGATACGAT-1,1316,GSM8563000_Naive2_filtered_matrix.mtx.gz,L249378,4
GSM8563000:CTATCCGGTATACCTG,Naive2,GSM8563000,L328955,1.0,CTATCCGGTATACCTG-1,1317,GSM8563000_Naive2_filtered_matrix.mtx.gz,L328955,3
GSM8563000:CTATCTACAGTCTACA,Naive2,GSM8563000,L75392,1.0,CTATCTACAGTCTACA-1,1318,GSM8563000_Naive2_filtered_matrix.mtx.gz,L75392,4
GSM8563000:CTATCTAGTGAGAGGG,Naive2,GSM8563000,L279030,1.0,CTATCTAGTGAGAGGG-1,1319,GSM8563000_Naive2_filtered_matrix.mtx.gz,L279030,2
GSM8563000:CTATCTAGTGCACGCT,Naive2,GSM8563000,L239228,1.0,CTATCTAGTGCACGCT-1,1320,GSM8563000_Naive2_filtered_matrix.mtx.gz,L239228,2
GSM8563000:CTCAACCAGAAGTATC,Naive2,GSM8563000,L31852,1.0,CTCAACCAGAAGTATC-1,1322,GSM8563000_Naive2_filtered_matrix.mtx.gz,L31852,2
GSM8563000:CTCAACCAGCCATGCC,Naive2,GSM8563000,L56999,1.0,CTCAACCAGCCATGCC-1,1323,GSM8563000_Naive2_filtered_matrix.mtx.gz,L56999,0
GSM8563000:CTCAACCCAGCTATTG,Naive2,GSM8563000,L206761,1.0,CTCAACCCAGCTATTG-1,1324,GSM8563000_Naive2_filtered_matrix.mtx.gz,L206761,0
GSM8563000:CTCAACCCATGACAGG,Naive2,GSM8563000,L52264,1.0,CTCAACCCATGACAGG-1,1325,GSM8563000_Naive2_filtered_matrix.mtx.gz,L52264,2
GSM8563000:CTCAACCTCGGCATTA,Naive2,GSM8563000,L112164,1.0,CTCAACCTCGGCATTA-1,1327,GSM8563000_Naive2_filtered_matrix.mtx.gz,L112164,2
GSM8563000:CTCAAGAGTATTAAGG,Naive2,GSM8563000,L8387,1.0,CTCAAGAGTATTAAGG-1,1328,GSM8563000_Naive2_filtered_matrix.mtx.gz,L8387,0
GSM8563000:CTCAATTCAACACACT,Naive2,GSM8563000,L107482,1.0,CTCAATTCAACACACT-1,1329,GSM8563000_Naive2_filtered_matrix.mtx.gz,L107482,1
GSM8563000:CTCACTGCAAATCAAG,Naive2,GSM8563000,L88830,0.998893,CTCACTGCAAATCAAG-1,1333,GSM8563000_Naive2_filtered_matrix.mtx.gz,L88830,1
GSM8563000:CTCAGAAAGGCAGCTA,Naive2,GSM8563000,L88461,1.0,CTCAGAAAGGCAGCTA-1,1335,GSM8563000_Naive2_filtered_matrix.mtx.gz,L88461,3
GSM8563000:CTCAGGGAGAATAGTC,Naive2,GSM8563000,L76866,0.517826,CTCAGGGAGAATAGTC-1,1336,GSM8563000_Naive2_filtered_matrix.mtx.gz,L76866,3
GSM8563000:CTCAGGGGTCCAACGC,Naive2,GSM8563000,L11519,0.585102,CTCAGGGGTCCAACGC-1,1338,GSM8563000_Naive2_filtered_matrix.mtx.gz,L11519,2
GSM8563000:CTCAGGGTCAACTTTC,Naive2,GSM8563000,L84060,0.999999,CTCAGGGTCAACTTTC-1,1339,GSM8563000_Naive2_filtered_matrix.mtx.gz,L84060,4
GSM8563000:CTCAGGGTCGAGTTGT,Naive2,GSM8563000,L187885,1.0,CTCAGGGTCGAGTTGT-1,1340,GSM8563000_Naive2_filtered_matrix.mtx.gz,L187885,0
GSM8563000:CTCAGTCGTTCACGAT,Naive2,GSM8563000,L27195,1.0,CTCAGTCGTTCACGAT-1,1344,GSM8563000_Naive2_filtered_matrix.mtx.gz,L27195,3
GSM8563000:CTCATCGTCTAGACCA,Naive2,GSM8563000,L242237,1.0,CTCATCGTCTAGACCA-1,1345,GSM8563000_Naive2_filtered_matrix.mtx.gz,L242237,4
GSM8563000:CTCATGCGTATCAAGA,Naive2,GSM8563000,L141027,0.806825,CTCATGCGTATCAAGA-1,1347,GSM8563000_Naive2_filtered_matrix.mtx.gz,L141027,1
GSM8563000:CTCATGCGTTATCCAG,Naive2,GSM8563000,L84351,1.0,CTCATGCGTTATCCAG-1,1348,GSM8563000_Naive2_filtered_matrix.mtx.gz,L84351,3
GSM8563000:CTCATGCTCACACCCT,Naive2,GSM8563000,L314514,1.0,CTCATGCTCACACCCT-1,1349,GSM8563000_Naive2_filtered_matrix.mtx.gz,L314514,2
GSM8563000:CTCATGCTCGTAATGC,Naive2,GSM8563000,L132329,1.0,CTCATGCTCGTAATGC-1,1350,GSM8563000_Naive2_filtered_matrix.mtx.gz,L132329,4
GSM8563000:CTCATGCTCTGGCCTT,Naive2,GSM8563000,L304427,1.0,CTCATGCTCTGGCCTT-1,1351,GSM8563000_Naive2_filtered_matrix.mtx.gz,L304427,2
GSM8563000:CTCATTAAGTGTCATC,Naive2,GSM8563000,L305830,1.0,CTCATTAAGTGTCATC-1,1354,GSM8563000_Naive2_filtered_matrix.mtx.gz,L305830,0
GSM8563000:CTCATTATCGTGTGAT,Naive2,GSM8563000,L164293,1.0,CTCATTATCGTGTGAT-1,1357,GSM8563000_Naive2_filtered_matrix.mtx.gz,L164293,4
GSM8563000:CTCCAACCATACTGAC,Naive2,GSM8563000,L208973,0.99965,CTCCAACCATACTGAC-1,1359,GSM8563000_Naive2_filtered_matrix.mtx.gz,L208973,1
GSM8563000:CTCCACACACAAAGTA,Naive2,GSM8563000,L229874,1.0,CTCCACACACAAAGTA-1,1363,GSM8563000_Naive2_filtered_matrix.mtx.gz,L229874,1
GSM8563000:CTCCCAACAGAATGTA,Naive2,GSM8563000,L879,1.0,CTCCCAACAGAATGTA-1,1366,GSM8563000_Naive2_filtered_matrix.mtx.gz,L879,2
GSM8563000:CTCCCAACATCGATAC,Naive2,GSM8563000,L84351,1.0,CTCCCAACATCGATAC-1,1367,GSM8563000_Naive2_filtered_matrix.mtx.gz,L84351,3
GSM8563000:CTCCCAAGTGAGGCAT,Naive2,GSM8563000,L331210,1.0,CTCCCAAGTGAGGCAT-1,1368,GSM8563000_Naive2_filtered_matrix.mtx.gz,L331210,0
GSM8563000:CTCCCAAGTGCAACGA,Naive2,GSM8563000,L282391,1.0,CTCCCAAGTGCAACGA-1,1369,GSM8563000_Naive2_filtered_matrix.mtx.gz,L282391,3
GSM8563000:CTCCCAATCCTATTTG,Naive2,GSM8563000,L251893,1.0,CTCCCAATCCTATTTG-1,1370,GSM8563000_Naive2_filtered_matrix.mtx.gz,L251893,2
GSM8563000:CTCCCAATCTCCCAAC,Naive2,GSM8563000,L66506,1.0,CTCCCAATCTCCCAAC-1,1371,GSM8563000_Naive2_filtered_matrix.mtx.gz,L66506,0
GSM8563000:CTCCCTCAGATTAGAC,Naive2,GSM8563000,L251719,1.0,CTCCCTCAGATTAGAC-1,1373,GSM8563000_Naive2_filtered_matrix.mtx.gz,L251719,2
GSM8563000:CTCCGATAGGTTAGTA,Naive2,GSM8563000,L116287,0.997465,CTCCGATAGGTTAGTA-1,1376,GSM8563000_Naive2_filtered_matrix.mtx.gz,L116287,0
GSM8563000:CTCCGATTCTGATTCT,Naive2,GSM8563000,L296371,1.0,CTCCGATTCTGATTCT-1,1378,GSM8563000_Naive2_filtered_matrix.mtx.gz,L296371,1
GSM8563000:CTCCTCCTCGGAACTT,Naive2,GSM8563000,L98634,0.999999,CTCCTCCTCGGAACTT-1,1380,GSM8563000_Naive2_filtered_matrix.mtx.gz,L98634,2
GSM8563000:CTCCTTTCAAGCGAGT,Naive2,GSM8563000,L239228,1.0,CTCCTTTCAAGCGAGT-1,1381,GSM8563000_Naive2_filtered_matrix.mtx.gz,L239228,2
GSM8563000:CTCCTTTGTGCACATT,Naive2,GSM8563000,L303918,1.0,CTCCTTTGTGCACATT-1,1382,GSM8563000_Naive2_filtered_matrix.mtx.gz,L303918,0
GSM8563000:CTCGAGGAGCTAGAGC,Naive2,GSM8563000,L65002,1.0,CTCGAGGAGCTAGAGC-1,1383,GSM8563000_Naive2_filtered_matrix.mtx.gz,L65002,2
GSM8563000:CTCGAGGCATTACGGT,Naive2,GSM8563000,L295561,1.0,CTCGAGGCATTACGGT-1,1384,GSM8563000_Naive2_filtered_matrix.mtx.gz,L295561,0
GSM8563000:CTCTCGAAGTTGGAAT,Naive2,GSM8563000,L45022,1.0,CTCTCGAAGTTGGAAT-1,1390,GSM8563000_Naive2_filtered_matrix.mtx.gz,L45022,3
GSM8563000:CTCTCGACACAAGGTG,Naive2,GSM8563000,L304702,1.0,CTCTCGACACAAGGTG-1,1391,GSM8563000_Naive2_filtered_matrix.mtx.gz,L304702,1
GSM8563000:CTCTCGACATGTCAGT,Naive2,GSM8563000,L199957,1.0,CTCTCGACATGTCAGT-1,1392,GSM8563000_Naive2_filtered_matrix.mtx.gz,L199957,4
GSM8563000:CTCTGGTAGCGTGAGT,Naive2,GSM8563000,L165929,0.999621,CTCTGGTAGCGTGAGT-1,1394,GSM8563000_Naive2_filtered_matrix.mtx.gz,L165929,3
GSM8563000:CTGAGCGCATTGAAGA,Naive2,GSM8563000,L272915,1.0,CTGAGCGCATTGAAGA-1,1401,GSM8563000_Naive2_filtered_matrix.mtx.gz,L272915,0
GSM8563000:CTGAGCGTCACTTGTT,Naive2,GSM8563000,L303918,1.0,CTGAGCGTCACTTGTT-1,1402,GSM8563000_Naive2_filtered_matrix.mtx.gz,L303918,0
GSM8563000:CTGAGGCTCCAATGCA,Naive2,GSM8563000,L295492,1.0,CTGAGGCTCCAATGCA-1,1405,GSM8563000_Naive2_filtered_matrix.mtx.gz,L295492,0
GSM8563000:CTGATCCAGAGATCGC,Naive2,GSM8563000,L219307,1.0,CTGATCCAGAGATCGC-1,1408,GSM8563000_Naive2_filtered_matrix.mtx.gz,L219307,3
GSM8563000:CTGATCCAGGATTACA,Naive2,GSM8563000,L31572,1.0,CTGATCCAGGATTACA-1,1410,GSM8563000_Naive2_filtered_matrix.mtx.gz,L31572,3
GSM8563000:CTGATCCCACGAAAGC,Naive2,GSM8563000,L314894,1.0,CTGATCCCACGAAAGC-1,1412,GSM8563000_Naive2_filtered_matrix.mtx.gz,L314894,1
GSM8563000:CTGATCCGTTTCCCAC,Naive2,GSM8563000,L82979,1.0,CTGATCCGTTTCCCAC-1,1415,GSM8563000_Naive2_filtered_matrix.mtx.gz,L82979,2
GSM8563000:CTGATCCTCACTAGCA,Naive2,GSM8563000,L264962,1.0,CTGATCCTCACTAGCA-1,1416,GSM8563000_Naive2_filtered_matrix.mtx.gz,L264962,3
GSM8563000:CTGCAGGCAATAGTAG,Naive2,GSM8563000,L231446,1.0,CTGCAGGCAATAGTAG-1,1418,GSM8563000_Naive2_filtered_matrix.mtx.gz,L231446,0
GSM8563000:CTGCAGGGTGAGTCAG,Naive2,GSM8563000,L267658,1.0,CTGCAGGGTGAGTCAG-1,1419,GSM8563000_Naive2_filtered_matrix.mtx.gz,L267658,3
GSM8563000:CTGCAGGTCCGTGACG,Naive2,GSM8563000,L84351,1.0,CTGCAGGTCCGTGACG-1,1420,GSM8563000_Naive2_filtered_matrix.mtx.gz,L84351,3
GSM8563000:CTGCATCAGCAGATAT,Naive2,GSM8563000,L13712,1.0,CTGCATCAGCAGATAT-1,1421,GSM8563000_Naive2_filtered_matrix.mtx.gz,L13712,3
GSM8563000:CTGCATCAGCTGAGCA,Naive2,GSM8563000,L284521,1.0,CTGCATCAGCTGAGCA-1,1422,GSM8563000_Naive2_filtered_matrix.mtx.gz,L284521,1
GSM8563000:CTGCATCAGGTGTGAC,Naive2,GSM8563000,L203095,1.0,CTGCATCAGGTGTGAC-1,1423,GSM8563000_Naive2_filtered_matrix.mtx.gz,L203095,1
GSM8563000:CTGCATCAGTCGAATA,Naive2,GSM8563000,L44586,1.0,CTGCATCAGTCGAATA-1,1424,GSM8563000_Naive2_filtered_matrix.mtx.gz,L44586,0
GSM8563000:CTGCATCCATGTCTAG,Naive2,GSM8563000,L112164,1.0,CTGCATCCATGTCTAG-1,1425,GSM8563000_Naive2_filtered_matrix.mtx.gz,L112164,2
GSM8563000:CTGCATCCATTGTCGA,Naive2,GSM8563000,L244706,1.0,CTGCATCCATTGTCGA-1,1426,GSM8563000_Naive2_filtered_matrix.mtx.gz,L244706,4
GSM8563000:CTGCATCTCTTCGTAT,Naive2,GSM8563000,L260458,1.0,CTGCATCTCTTCGTAT-1,1427,GSM8563000_Naive2_filtered_matrix.mtx.gz,L260458,4
GSM8563000:CTGCCATAGGCTATCT,Naive2,GSM8563000,L90680,1.0,CTGCCATAGGCTATCT-1,1428,GSM8563000_Naive2_filtered_matrix.mtx.gz,L90680,1
GSM8563000:CTGCCTACAACCCTAA,Naive2,GSM8563000,L81738,1.0,CTGCCTACAACCCTAA-1,1430,GSM8563000_Naive2_filtered_matrix.mtx.gz,L81738,0
GSM8563000:CTGCCTACATATTCGG,Naive2,GSM8563000,L235874,1.0,CTGCCTACATATTCGG-1,1431,GSM8563000_Naive2_filtered_matrix.mtx.gz,L235874,0
GSM8563000:CTGCCTAGTGCATACT,Naive2,GSM8563000,L10299,1.0,CTGCCTAGTGCATACT-1,1432,GSM8563000_Naive2_filtered_matrix.mtx.gz,L10299,3
GSM8563000:CTGCGAGCAAGTTCCA,Naive2,GSM8563000,L59420,1.0,CTGCGAGCAAGTTCCA-1,1433,GSM8563000_Naive2_filtered_matrix.mtx.gz,L59420,0
GSM8563000:CTGCGAGGTTGTAAAG,Naive2,GSM8563000,L31852,1.0,CTGCGAGGTTGTAAAG-1,1435,GSM8563000_Naive2_filtered_matrix.mtx.gz,L31852,2
GSM8563000:CTGCGAGTCAGGAAAT,Naive2,GSM8563000,L166056,1.0,CTGCGAGTCAGGAAAT-1,1436,GSM8563000_Naive2_filtered_matrix.mtx.gz,L166056,4
GSM8563000:CTGCTCACACGATAGG,Naive2,GSM8563000,L177128,1.0,CTGCTCACACGATAGG-1,1438,GSM8563000_Naive2_filtered_matrix.mtx.gz,L177128,3
GSM8563000:CTGCTCACAGAGACTG,Naive2,GSM8563000,L204112,1.0,CTGCTCACAGAGACTG-1,1439,GSM8563000_Naive2_filtered_matrix.mtx.gz,L204112,1
GSM8563000:CTGGACGAGCCTGAGA,Naive2,GSM8563000,L27072,1.0,CTGGACGAGCCTGAGA-1,1440,GSM8563000_Naive2_filtered_matrix.mtx.gz,L27072,2
GSM8563000:CTGGACGCAATATCCG,Naive2,GSM8563000,L173296,1.0,CTGGACGCAATATCCG-1,1443,GSM8563000_Naive2_filtered_matrix.mtx.gz,L173296,1
GSM8563000:CTGGACGCACGGTCTG,Naive2,GSM8563000,L86394,1.0,CTGGACGCACGGTCTG-1,1444,GSM8563000_Naive2_filtered_matrix.mtx.gz,L86394,1
GSM8563000:CTGGACGCATACCGTA,Naive2,GSM8563000,L329587,1.0,CTGGACGCATACCGTA-1,1445,GSM8563000_Naive2_filtered_matrix.mtx.gz,L329587,0
GSM8563000:CTGGACGGTCGACTGC,Naive2,GSM8563000,L234444,1.0,CTGGACGGTCGACTGC-1,1446,GSM8563000_Naive2_filtered_matrix.mtx.gz,L234444,3
GSM8563000:CTGGACGTCCATCAGA,Naive2,GSM8563000,L223068,1.0,CTGGACGTCCATCAGA-1,1447,GSM8563000_Naive2_filtered_matrix.mtx.gz,L223068,0
GSM8563000:CTGGCAGCACCGTGAC,Naive2,GSM8563000,L198322,1.0,CTGGCAGCACCGTGAC-1,1448,GSM8563000_Naive2_filtered_matrix.mtx.gz,L198322,3
GSM8563000:CTGGCAGGTGCAAGAC,Naive2,GSM8563000,L24429,1.0,CTGGCAGGTGCAAGAC-1,1450,GSM8563000_Naive2_filtered_matrix.mtx.gz,L24429,4
GSM8563000:CTGGCAGTCCGCAGTG,Naive2,GSM8563000,L133077,1.0,CTGGCAGTCCGCAGTG-1,1452,GSM8563000_Naive2_filtered_matrix.mtx.gz,L133077,1
GSM8563000:CTGGTCTAGCACCGTC,Naive2,GSM8563000,L98634,1.0,CTGGTCTAGCACCGTC-1,1453,GSM8563000_Naive2_filtered_matrix.mtx.gz,L98634,2
GSM8563000:CTGGTCTTCTTAGCAG,Naive2,GSM8563000,L160952,0.997673,CTGGTCTTCTTAGCAG-1,1455,GSM8563000_Naive2_filtered_matrix.mtx.gz,L160952,4
GSM8563000:CTGTAGAAGTGCAACG,Naive2,GSM8563000,L206384,1.0,CTGTAGAAGTGCAACG-1,1458,GSM8563000_Naive2_filtered_matrix.mtx.gz,L206384,3
GSM8563000:CTGTAGACACAACGTT,Naive2,GSM8563000,L322777,1.0,CTGTAGACACAACGTT-1,1459,GSM8563000_Naive2_filtered_matrix.mtx.gz,L322777,4
GSM8563000:CTGTATTGTCATCGGC,Naive2,GSM8563000,L172795,1.0,CTGTATTGTCATCGGC-1,1462,GSM8563000_Naive2_filtered_matrix.mtx.gz,L172795,0
GSM8563000:CTGTGAATCTATGTGG,Naive2,GSM8563000,L131897,1.0,CTGTGAATCTATGTGG-1,1464,GSM8563000_Naive2_filtered_matrix.mtx.gz,L131897,4
GSM8563000:CTGTGGGAGGCTGGAT,Naive2,GSM8563000,L219307,1.0,CTGTGGGAGGCTGGAT-1,1465,GSM8563000_Naive2_filtered_matrix.mtx.gz,L219307,3
GSM8563000:CTGTGGGAGTAACGAT,Naive2,GSM8563000,L219307,1.0,CTGTGGGAGTAACGAT-1,1466,GSM8563000_Naive2_filtered_matrix.mtx.gz,L219307,3
GSM8563000:CTTACCGCAGAGGTAC,Naive2,GSM8563000,L285237,1.0,CTTACCGCAGAGGTAC-1,1467,GSM8563000_Naive2_filtered_matrix.mtx.gz,L285237,1
GSM8563000:CTTAGGAAGTAACGTA,Naive2,GSM8563000,L177375,1.0,CTTAGGAAGTAACGTA-1,1470,GSM8563000_Naive2_filtered_matrix.mtx.gz,L177375,3
GSM8563000:CTTAGGACATGTGGCC,Naive2,GSM8563000,L13818,1.0,CTTAGGACATGTGGCC-1,1472,GSM8563000_Naive2_filtered_matrix.mtx.gz,L13818,3
GSM8563000:CTTAGGAGTCTCGCGA,Naive2,GSM8563000,L116287,1.0,CTTAGGAGTCTCGCGA-1,1473,GSM8563000_Naive2_filtered_matrix.mtx.gz,L116287,0
GSM8563000:CTTAGGATCGTGGGAA,Naive2,GSM8563000,L247405,1.0,CTTAGGATCGTGGGAA-1,1475,GSM8563000_Naive2_filtered_matrix.mtx.gz,L247405,0
GSM8563000:CTTAGGATCTCTCCGA,Naive2,GSM8563000,L70669,0.990869,CTTAGGATCTCTCCGA-1,1476,GSM8563000_Naive2_filtered_matrix.mtx.gz,L70669,3
GSM8563000:CTTCAATCAAGAGCTG,Naive2,GSM8563000,L187885,1.0,CTTCAATCAAGAGCTG-1,1477,GSM8563000_Naive2_filtered_matrix.mtx.gz,L187885,0
GSM8563000:CTTCAATGTCGCATGC,Naive2,GSM8563000,L162222,1.0,CTTCAATGTCGCATGC-1,1478,GSM8563000_Naive2_filtered_matrix.mtx.gz,L162222,1
GSM8563000:CTTCAATTCCGTGTGG,Naive2,GSM8563000,L329364,1.0,CTTCAATTCCGTGTGG-1,1479,GSM8563000_Naive2_filtered_matrix.mtx.gz,L329364,0
GSM8563000:CTTCCGAGTTTCTATC,Naive2,GSM8563000,L210001,1.0,CTTCCGAGTTTCTATC-1,1480,GSM8563000_Naive2_filtered_matrix.mtx.gz,L210001,4
GSM8563000:CTTCCTTAGTGGATAT,Naive2,GSM8563000,L70669,1.0,CTTCCTTAGTGGATAT-1,1482,GSM8563000_Naive2_filtered_matrix.mtx.gz,L70669,3
GSM8563000:CTTCGGTAGCAGGGAG,Naive2,GSM8563000,L253198,1.0,CTTCGGTAGCAGGGAG-1,1486,GSM8563000_Naive2_filtered_matrix.mtx.gz,L253198,0
GSM8563000:CTTCGGTTCAACACGT,Naive2,GSM8563000,L84010,1.0,CTTCGGTTCAACACGT-1,1489,GSM8563000_Naive2_filtered_matrix.mtx.gz,L84010,3
GSM8563000:CTTCGGTTCTGGCCGA,Naive2,GSM8563000,L197628,1.0,CTTCGGTTCTGGCCGA-1,1490,GSM8563000_Naive2_filtered_matrix.mtx.gz,L197628,3
GSM8563000:CTTCTCTCAGGCATTT,Naive2,GSM8563000,L321690,1.0,CTTCTCTCAGGCATTT-1,1494,GSM8563000_Naive2_filtered_matrix.mtx.gz,L321690,3
GSM8563000:CTTGAGAAGTAAACAC,Naive2,GSM8563000,L178651,1.0,CTTGAGAAGTAAACAC-1,1495,GSM8563000_Naive2_filtered_matrix.mtx.gz,L178651,1
GSM8563000:CTTGAGAGTGCCGAAA,Naive2,GSM8563000,L23858,1.0,CTTGAGAGTGCCGAAA-1,1496,GSM8563000_Naive2_filtered_matrix.mtx.gz,L23858,1
GSM8563000:GAAACCTCATGTTCAG,Naive2,GSM8563000,L285237,1.0,GAAACCTCATGTTCAG-1,1503,GSM8563000_Naive2_filtered_matrix.mtx.gz,L285237,1
GSM8563000:GAAATGAAGTCGAAGC,Naive2,GSM8563000,L11473,1.0,GAAATGAAGTCGAAGC-1,1504,GSM8563000_Naive2_filtered_matrix.mtx.gz,L11473,2
GSM8563000:GAAATGATCTGCTAGA,Naive2,GSM8563000,L271521,1.0,GAAATGATCTGCTAGA-1,1505,GSM8563000_Naive2_filtered_matrix.mtx.gz,L271521,4
GSM8563000:GAACACTAGACCATGG,Naive2,GSM8563000,L162604,1.0,GAACACTAGACCATGG-1,1506,GSM8563000_Naive2_filtered_matrix.mtx.gz,L162604,0
GSM8563000:GAACACTCAAGATGGC,Naive2,GSM8563000,L21716,1.0,GAACACTCAAGATGGC-1,1508,GSM8563000_Naive2_filtered_matrix.mtx.gz,L21716,4
GSM8563000:GAACACTGTCTTGTCC,Naive2,GSM8563000,L107467,1.0,GAACACTGTCTTGTCC-1,1510,GSM8563000_Naive2_filtered_matrix.mtx.gz,L107467,4
GSM8563000:GAACACTGTTCCGGTG,Naive2,GSM8563000,L231446,1.0,GAACACTGTTCCGGTG-1,1511,GSM8563000_Naive2_filtered_matrix.mtx.gz,L231446,0
GSM8563000:GAACACTGTTGGACCC,Naive2,GSM8563000,L104099,0.940635,GAACACTGTTGGACCC-1,1512,GSM8563000_Naive2_filtered_matrix.mtx.gz,L104099,4
GSM8563000:GAACGTTGTAGCGCTC,Naive2,GSM8563000,L328955,1.0,GAACGTTGTAGCGCTC-1,1514,GSM8563000_Naive2_filtered_matrix.mtx.gz,L328955,3
GSM8563000:GAACTGTAGGAACGCT,Naive2,GSM8563000,L47601,1.0,GAACTGTAGGAACGCT-1,1515,GSM8563000_Naive2_filtered_matrix.mtx.gz,L47601,2
GSM8563000:GAACTGTGTTGTATGC,Naive2,GSM8563000,L7778,1.0,GAACTGTGTTGTATGC-1,1517,GSM8563000_Naive2_filtered_matrix.mtx.gz,L7778,4
GSM8563000:GAAGAATCATGGTGGA,Naive2,GSM8563000,L44509,1.0,GAAGAATCATGGTGGA-1,1519,GSM8563000_Naive2_filtered_matrix.mtx.gz,L44509,3
GSM8563000:GAAGCCCGTAACAGGC,Naive2,GSM8563000,L173031,1.0,GAAGCCCGTAACAGGC-1,1521,GSM8563000_Naive2_filtered_matrix.mtx.gz,L173031,0
GSM8563000:GAAGCGAAGCAAATGT,Naive2,GSM8563000,L147347,1.0,GAAGCGAAGCAAATGT-1,1524,GSM8563000_Naive2_filtered_matrix.mtx.gz,L147347,1
GSM8563000:GAAGCGAAGGATCATA,Naive2,GSM8563000,L80184,1.0,GAAGCGAAGGATCATA-1,1525,GSM8563000_Naive2_filtered_matrix.mtx.gz,L80184,3
GSM8563000:GAAGCGAAGTAGAATC,Naive2,GSM8563000,L230913,1.0,GAAGCGAAGTAGAATC-1,1526,GSM8563000_Naive2_filtered_matrix.mtx.gz,L230913,1
GSM8563000:GAAGCGACAAGAGATT,Naive2,GSM8563000,L286512,1.0,GAAGCGACAAGAGATT-1,1527,GSM8563000_Naive2_filtered_matrix.mtx.gz,L286512,1
GSM8563000:GAAGGACAGGATTTAG,Naive2,GSM8563000,L316533,1.0,GAAGGACAGGATTTAG-1,1528,GSM8563000_Naive2_filtered_matrix.mtx.gz,L316533,2
GSM8563000:GAAGGGTAGTGCAAAT,Naive2,GSM8563000,L278604,1.0,GAAGGGTAGTGCAAAT-1,1529,GSM8563000_Naive2_filtered_matrix.mtx.gz,L278604,2
GSM8563000:GAAGGGTCAGGTCCCA,Naive2,GSM8563000,L12904,1.0,GAAGGGTCAGGTCCCA-1,1530,GSM8563000_Naive2_filtered_matrix.mtx.gz,L12904,3
GSM8563000:GAAGTAACAAGTCCCG,Naive2,GSM8563000,L116287,1.0,GAAGTAACAAGTCCCG-1,1532,GSM8563000_Naive2_filtered_matrix.mtx.gz,L116287,0
GSM8563000:GAATAGAAGCGCTGCT,Naive2,GSM8563000,L247405,1.0,GAATAGAAGCGCTGCT-1,1537,GSM8563000_Naive2_filtered_matrix.mtx.gz,L247405,0
GSM8563000:GAATAGAAGCTATCTG,Naive2,GSM8563000,L289938,1.0,GAATAGAAGCTATCTG-1,1538,GSM8563000_Naive2_filtered_matrix.mtx.gz,L289938,1
GSM8563000:GAATAGACACTTCCTG,Naive2,GSM8563000,L172601,1.0,GAATAGACACTTCCTG-1,1539,GSM8563000_Naive2_filtered_matrix.mtx.gz,L172601,0
GSM8563000:GAATAGACAGCAGTGA,Naive2,GSM8563000,L2779,1.0,GAATAGACAGCAGTGA-1,1540,GSM8563000_Naive2_filtered_matrix.mtx.gz,L2779,4
GSM8563000:GAATAGAGTACTCGTA,Naive2,GSM8563000,L219307,0.997708,GAATAGAGTACTCGTA-1,1541,GSM8563000_Naive2_filtered_matrix.mtx.gz,L219307,3
GSM8563000:GAATCACGTAGCGTAG,Naive2,GSM8563000,L98634,1.0,GAATCACGTAGCGTAG-1,1544,GSM8563000_Naive2_filtered_matrix.mtx.gz,L98634,2
GSM8563000:GAATCGTCACCCGTAG,Naive2,GSM8563000,L212617,1.0,GAATCGTCACCCGTAG-1,1549,GSM8563000_Naive2_filtered_matrix.mtx.gz,L212617,1
GSM8563000:GACAGCCAGCCAGACA,Naive2,GSM8563000,L70669,1.0,GACAGCCAGCCAGACA-1,1555,GSM8563000_Naive2_filtered_matrix.mtx.gz,L70669,3
GSM8563000:GACAGCCCAGGAGACT,Naive2,GSM8563000,L193176,1.0,GACAGCCCAGGAGACT-1,1556,GSM8563000_Naive2_filtered_matrix.mtx.gz,L193176,1
GSM8563000:GACAGCCTCGAAGCAG,Naive2,GSM8563000,L117526,1.0,GACAGCCTCGAAGCAG-1,1559,GSM8563000_Naive2_filtered_matrix.mtx.gz,L117526,3
GSM8563000:GACATCAAGACGCCAA,Naive2,GSM8563000,L316533,1.0,GACATCAAGACGCCAA-1,1561,GSM8563000_Naive2_filtered_matrix.mtx.gz,L316533,2
GSM8563000:GACATCATCAGTGATC,Naive2,GSM8563000,L85780,1.0,GACATCATCAGTGATC-1,1562,GSM8563000_Naive2_filtered_matrix.mtx.gz,L85780,4
GSM8563000:GACCAATTCCCGAGAC,Naive2,GSM8563000,L70669,1.0,GACCAATTCCCGAGAC-1,1563,GSM8563000_Naive2_filtered_matrix.mtx.gz,L70669,3
GSM8563000:GACCCAGGTACAGGTG,Naive2,GSM8563000,L310359,1.0,GACCCAGGTACAGGTG-1,1565,GSM8563000_Naive2_filtered_matrix.mtx.gz,L310359,4
GSM8563000:GACCCAGGTTGTGGCC,Naive2,GSM8563000,L8434,1.0,GACCCAGGTTGTGGCC-1,1566,GSM8563000_Naive2_filtered_matrix.mtx.gz,L8434,0
GSM8563000:GACCCAGTCGTCACCT,Naive2,GSM8563000,L242413,1.0,GACCCAGTCGTCACCT-1,1567,GSM8563000_Naive2_filtered_matrix.mtx.gz,L242413,0
GSM8563000:GACCCTTAGTGTAGTA,Naive2,GSM8563000,L114118,1.0,GACCCTTAGTGTAGTA-1,1569,GSM8563000_Naive2_filtered_matrix.mtx.gz,L114118,2
GSM8563000:GACCCTTCACCTATCC,Naive2,GSM8563000,L167950,1.0,GACCCTTCACCTATCC-1,1570,GSM8563000_Naive2_filtered_matrix.mtx.gz,L167950,3
GSM8563000:GACCGTGTCATGACAC,Naive2,GSM8563000,L62936,1.0,GACCGTGTCATGACAC-1,1574,GSM8563000_Naive2_filtered_matrix.mtx.gz,L62936,0
GSM8563000:GACCTTCGTGCCTTCT,Naive2,GSM8563000,L179636,1.0,GACCTTCGTGCCTTCT-1,1576,GSM8563000_Naive2_filtered_matrix.mtx.gz,L179636,1
GSM8563000:GACCTTCGTTAGCGGA,Naive2,GSM8563000,L144495,1.0,GACCTTCGTTAGCGGA-1,1577,GSM8563000_Naive2_filtered_matrix.mtx.gz,L144495,4
GSM8563000:GACGCTGCACTGGAAG,Naive2,GSM8563000,L137611,1.0,GACGCTGCACTGGAAG-1,1579,GSM8563000_Naive2_filtered_matrix.mtx.gz,L137611,4
GSM8563000:GACGCTGCATCAGCAT,Naive2,GSM8563000,L110835,1.0,GACGCTGCATCAGCAT-1,1580,GSM8563000_Naive2_filtered_matrix.mtx.gz,L110835,1
GSM8563000:GACGTTAAGATAACGT,Naive2,GSM8563000,L62700,1.0,GACGTTAAGATAACGT-1,1582,GSM8563000_Naive2_filtered_matrix.mtx.gz,L62700,2
GSM8563000:GACGTTAAGGGCAGAG,Naive2,GSM8563000,L47103,1.0,GACGTTAAGGGCAGAG-1,1583,GSM8563000_Naive2_filtered_matrix.mtx.gz,L47103,4
GSM8563000:GACGTTACAGATCACT,Naive2,GSM8563000,L68311,1.0,GACGTTACAGATCACT-1,1585,GSM8563000_Naive2_filtered_matrix.mtx.gz,L68311,2
GSM8563000:GACGTTATCCCATTTA,Naive2,GSM8563000,L5045,1.0,GACGTTATCCCATTTA-1,1587,GSM8563000_Naive2_filtered_matrix.mtx.gz,L5045,3
GSM8563000:GACTATGCATGCCGCA,Naive2,GSM8563000,L320820,1.0,GACTATGCATGCCGCA-1,1588,GSM8563000_Naive2_filtered_matrix.mtx.gz,L320820,3
GSM8563000:GACTATGTCAACGTGT,Naive2,GSM8563000,L71758,1.0,GACTATGTCAACGTGT-1,1590,GSM8563000_Naive2_filtered_matrix.mtx.gz,L71758,0
GSM8563000:GACTCAACATGTTTGG,Naive2,GSM8563000,L70669,1.0,GACTCAACATGTTTGG-1,1591,GSM8563000_Naive2_filtered_matrix.mtx.gz,L70669,3
GSM8563000:GACTCAAGTGAAGCGT,Naive2,GSM8563000,L64121,1.0,GACTCAAGTGAAGCGT-1,1592,GSM8563000_Naive2_filtered_matrix.mtx.gz,L64121,3
GSM8563000:GACTCAAGTGGTTTAC,Naive2,GSM8563000,L75392,1.0,GACTCAAGTGGTTTAC-1,1593,GSM8563000_Naive2_filtered_matrix.mtx.gz,L75392,4
GSM8563000:GACTCAATCAGCCTCT,Naive2,GSM8563000,L75392,1.0,GACTCAATCAGCCTCT-1,1594,GSM8563000_Naive2_filtered_matrix.mtx.gz,L75392,4
GSM8563000:GACTCAATCGTCCATC,Naive2,GSM8563000,L72864,1.0,GACTCAATCGTCCATC-1,1595,GSM8563000_Naive2_filtered_matrix.mtx.gz,L72864,3
GSM8563000:GACTCTCAGAGTTGTA,Naive2,GSM8563000,L41780,1.0,GACTCTCAGAGTTGTA-1,1596,GSM8563000_Naive2_filtered_matrix.mtx.gz,L41780,4
GSM8563000:GACTCTCCACATAGCT,Naive2,GSM8563000,L70669,0.999999,GACTCTCCACATAGCT-1,1597,GSM8563000_Naive2_filtered_matrix.mtx.gz,L70669,3
GSM8563000:GACTCTCGTGCGGTAA,Naive2,GSM8563000,L239228,1.0,GACTCTCGTGCGGTAA-1,1598,GSM8563000_Naive2_filtered_matrix.mtx.gz,L239228,2
GSM8563000:GACTCTCTCAGTGCGC,Naive2,GSM8563000,L167106,1.0,GACTCTCTCAGTGCGC-1,1600,GSM8563000_Naive2_filtered_matrix.mtx.gz,L167106,1
GSM8563000:GACTCTCTCGCCGAGT,Naive2,GSM8563000,L190318,1.0,GACTCTCTCGCCGAGT-1,1601,GSM8563000_Naive2_filtered_matrix.mtx.gz,L190318,2
GSM8563000:GACTGATAGCTGCCTG,Naive2,GSM8563000,L70669,1.0,GACTGATAGCTGCCTG-1,1602,GSM8563000_Naive2_filtered_matrix.mtx.gz,L70669,3
GSM8563000:GACTGATCATGGAAGC,Naive2,GSM8563000,L35389,1.0,GACTGATCATGGAAGC-1,1605,GSM8563000_Naive2_filtered_matrix.mtx.gz,L35389,4
GSM8563000:GACTGATGTCTCTCAC,Naive2,GSM8563000,L8434,1.0,GACTGATGTCTCTCAC-1,1606,GSM8563000_Naive2_filtered_matrix.mtx.gz,L8434,0
GSM8563000:GACTGATTCCATTGTT,Naive2,GSM8563000,L97020,1.0,GACTGATTCCATTGTT-1,1608,GSM8563000_Naive2_filtered_matrix.mtx.gz,L97020,4
GSM8563000:GACTTCCCATTGTGCA,Naive2,GSM8563000,L54250,1.0,GACTTCCCATTGTGCA-1,1609,GSM8563000_Naive2_filtered_matrix.mtx.gz,L54250,4
GSM8563000:GAGAAATGTATCGCAT,Naive2,GSM8563000,L87366,1.0,GAGAAATGTATCGCAT-1,1610,GSM8563000_Naive2_filtered_matrix.mtx.gz,L87366,3
GSM8563000:GAGAAATGTCAACACT,Naive2,GSM8563000,L7120,1.0,GAGAAATGTCAACACT-1,1611,GSM8563000_Naive2_filtered_matrix.mtx.gz,L7120,3
GSM8563000:GAGACCCAGAAGTCCG,Naive2,GSM8563000,L173296,1.0,GAGACCCAGAAGTCCG-1,1612,GSM8563000_Naive2_filtered_matrix.mtx.gz,L173296,1
GSM8563000:GAGACTTAGGGTCAAC,Naive2,GSM8563000,L192380,1.0,GAGACTTAGGGTCAAC-1,1614,GSM8563000_Naive2_filtered_matrix.mtx.gz,L192380,4
GSM8563000:GAGAGGTGTCGAACAG,Naive2,GSM8563000,L130334,1.0,GAGAGGTGTCGAACAG-1,1616,GSM8563000_Naive2_filtered_matrix.mtx.gz,L130334,2
GSM8563000:GAGATGGAGACTCATC,Naive2,GSM8563000,L246665,1.0,GAGATGGAGACTCATC-1,1618,GSM8563000_Naive2_filtered_matrix.mtx.gz,L246665,4
GSM8563000:GAGCCTGAGACCAGCA,Naive2,GSM8563000,L265836,1.0,GAGCCTGAGACCAGCA-1,1619,GSM8563000_Naive2_filtered_matrix.mtx.gz,L265836,0
GSM8563000:GAGCTGCGTAGCTGTT,Naive2,GSM8563000,L172925,1.0,GAGCTGCGTAGCTGTT-1,1623,GSM8563000_Naive2_filtered_matrix.mtx.gz,L172925,1
GSM8563000:GAGGCCTGTAGATCGG,Naive2,GSM8563000,L268453,1.0,GAGGCCTGTAGATCGG-1,1627,GSM8563000_Naive2_filtered_matrix.mtx.gz,L268453,2
GSM8563000:GAGGCCTGTGTCACAT,Naive2,GSM8563000,L50061,1.0,GAGGCCTGTGTCACAT-1,1628,GSM8563000_Naive2_filtered_matrix.mtx.gz,L50061,4
GSM8563000:GAGGGTACATCAGTGT,Naive2,GSM8563000,L32461,1.0,GAGGGTACATCAGTGT-1,1630,GSM8563000_Naive2_filtered_matrix.mtx.gz,L32461,1
GSM8563000:GAGGGTAGTTTCACAG,Naive2,GSM8563000,L15407,1.0,GAGGGTAGTTTCACAG-1,1631,GSM8563000_Naive2_filtered_matrix.mtx.gz,L15407,3
GSM8563000:GAGTCATCACAGCGCT,Naive2,GSM8563000,L84010,1.0,GAGTCATCACAGCGCT-1,1632,GSM8563000_Naive2_filtered_matrix.mtx.gz,L84010,3
GSM8563000:GAGTCATTCATTCACT,Naive2,GSM8563000,L267658,1.0,GAGTCATTCATTCACT-1,1634,GSM8563000_Naive2_filtered_matrix.mtx.gz,L267658,3
GSM8563000:GAGTCTAGTCCTGGTG,Naive2,GSM8563000,L91035,1.0,GAGTCTAGTCCTGGTG-1,1637,GSM8563000_Naive2_filtered_matrix.mtx.gz,L91035,3
GSM8563000:GAGTGAGGTACTGGGA,Naive2,GSM8563000,L316533,1.0,GAGTGAGGTACTGGGA-1,1638,GSM8563000_Naive2_filtered_matrix.mtx.gz,L316533,2
GSM8563000:GAGTGTTAGATCCTAC,Naive2,GSM8563000,L30726,1.0,GAGTGTTAGATCCTAC-1,1640,GSM8563000_Naive2_filtered_matrix.mtx.gz,L30726,2
GSM8563000:GAGTGTTTCACTGGTA,Naive2,GSM8563000,L35389,1.0,GAGTGTTTCACTGGTA-1,1642,GSM8563000_Naive2_filtered_matrix.mtx.gz,L35389,4
GSM8563000:GAGTTACGTTGCAAGG,Naive2,GSM8563000,L187885,1.0,GAGTTACGTTGCAAGG-1,1646,GSM8563000_Naive2_filtered_matrix.mtx.gz,L187885,0
GSM8563000:GAGTTGTGTAAGGAGA,Naive2,GSM8563000,L164614,1.0,GAGTTGTGTAAGGAGA-1,1651,GSM8563000_Naive2_filtered_matrix.mtx.gz,L164614,3
GSM8563000:GAGTTTGAGGTTAAAC,Naive2,GSM8563000,L131755,1.0,GAGTTTGAGGTTAAAC-1,1654,GSM8563000_Naive2_filtered_matrix.mtx.gz,L131755,3
GSM8563000:GAGTTTGGTCGTGTTA,Naive2,GSM8563000,L84351,1.0,GAGTTTGGTCGTGTTA-1,1655,GSM8563000_Naive2_filtered_matrix.mtx.gz,L84351,3
GSM8563000:GAGTTTGGTTGGATCT,Naive2,GSM8563000,L72864,1.0,GAGTTTGGTTGGATCT-1,1656,GSM8563000_Naive2_filtered_matrix.mtx.gz,L72864,3
GSM8563000:GATAGAAAGTAACCTC,Naive2,GSM8563000,L219307,1.0,GATAGAAAGTAACCTC-1,1658,GSM8563000_Naive2_filtered_matrix.mtx.gz,L219307,3
GSM8563000:GATAGAAAGTTAGAAC,Naive2,GSM8563000,L113265,1.0,GATAGAAAGTTAGAAC-1,1659,GSM8563000_Naive2_filtered_matrix.mtx.gz,L113265,4
GSM8563000:GATAGAAGTAGTAAGT,Naive2,GSM8563000,L227050,1.0,GATAGAAGTAGTAAGT-1,1660,GSM8563000_Naive2_filtered_matrix.mtx.gz,L227050,3
GSM8563000:GATAGCTAGCCATTTG,Naive2,GSM8563000,L249301,1.0,GATAGCTAGCCATTTG-1,1663,GSM8563000_Naive2_filtered_matrix.mtx.gz,L249301,4
GSM8563000:GATAGCTGTGGCTAGA,Naive2,GSM8563000,L240177,1.0,GATAGCTGTGGCTAGA-1,1664,GSM8563000_Naive2_filtered_matrix.mtx.gz,L240177,2
GSM8563000:GATCACAGTAGTCTTG,Naive2,GSM8563000,L104947,1.0,GATCACAGTAGTCTTG-1,1665,GSM8563000_Naive2_filtered_matrix.mtx.gz,L104947,4
GSM8563000:GATCACATCGTCAAAC,Naive2,GSM8563000,L7412,1.0,GATCACATCGTCAAAC-1,1667,GSM8563000_Naive2_filtered_matrix.mtx.gz,L7412,3
GSM8563000:GATCAGTAGGTGGCTA,Naive2,GSM8563000,L62684,1.0,GATCAGTAGGTGGCTA-1,1669,GSM8563000_Naive2_filtered_matrix.mtx.gz,L62684,1
GSM8563000:GATCAGTCAACGTAAA,Naive2,GSM8563000,L53092,1.0,GATCAGTCAACGTAAA-1,1670,GSM8563000_Naive2_filtered_matrix.mtx.gz,L53092,3
GSM8563000:GATCATGTCACCTCTG,Naive2,GSM8563000,L141173,1.0,GATCATGTCACCTCTG-1,1673,GSM8563000_Naive2_filtered_matrix.mtx.gz,L141173,3
GSM8563000:GATCATGTCTGAACGT,Naive2,GSM8563000,L15407,1.0,GATCATGTCTGAACGT-1,1674,GSM8563000_Naive2_filtered_matrix.mtx.gz,L15407,3
GSM8563000:GATGACTCACTTTAGG,Naive2,GSM8563000,L139081,1.0,GATGACTCACTTTAGG-1,1678,GSM8563000_Naive2_filtered_matrix.mtx.gz,L139081,4
GSM8563000:GATGAGGAGTCATCCA,Naive2,GSM8563000,L289410,1.0,GATGAGGAGTCATCCA-1,1680,GSM8563000_Naive2_filtered_matrix.mtx.gz,L289410,2
GSM8563000:GATGAGGTCCGTGGGT,Naive2,GSM8563000,L252275,1.0,GATGAGGTCCGTGGGT-1,1682,GSM8563000_Naive2_filtered_matrix.mtx.gz,L252275,0
GSM8563000:GATGAGGTCCGTGTCT,Naive2,GSM8563000,L116189,1.0,GATGAGGTCCGTGTCT-1,1683,GSM8563000_Naive2_filtered_matrix.mtx.gz,L116189,3
GSM8563000:GATGATCCACCGTCGA,Naive2,GSM8563000,L179445,0.885188,GATGATCCACCGTCGA-1,1685,GSM8563000_Naive2_filtered_matrix.mtx.gz,L179445,0
GSM8563000:GATGCTAAGCCTGAAG,Naive2,GSM8563000,L189345,1.0,GATGCTAAGCCTGAAG-1,1686,GSM8563000_Naive2_filtered_matrix.mtx.gz,L189345,1
GSM8563000:GATGCTATCAATGCAC,Naive2,GSM8563000,L167129,1.0,GATGCTATCAATGCAC-1,1688,GSM8563000_Naive2_filtered_matrix.mtx.gz,L167129,1
GSM8563000:GATGCTATCGGTCATA,Naive2,GSM8563000,L320820,1.0,GATGCTATCGGTCATA-1,1689,GSM8563000_Naive2_filtered_matrix.mtx.gz,L320820,3
GSM8563000:GATGGAGGTTGTTGTG,Naive2,GSM8563000,L145263,1.0,GATGGAGGTTGTTGTG-1,1691,GSM8563000_Naive2_filtered_matrix.mtx.gz,L145263,4
GSM8563000:GATGTTGAGGATATGT,Naive2,GSM8563000,L294541,1.0,GATGTTGAGGATATGT-1,1692,GSM8563000_Naive2_filtered_matrix.mtx.gz,L294541,2
GSM8563000:GATGTTGCAAGGTACG,Naive2,GSM8563000,L167950,1.0,GATGTTGCAAGGTACG-1,1694,GSM8563000_Naive2_filtered_matrix.mtx.gz,L167950,3
GSM8563000:GATGTTGCAGTTGTTG,Naive2,GSM8563000,L70669,1.0,GATGTTGCAGTTGTTG-1,1695,GSM8563000_Naive2_filtered_matrix.mtx.gz,L70669,3
GSM8563000:GATGTTGTCAAGTGGG,Naive2,GSM8563000,L84351,1.0,GATGTTGTCAAGTGGG-1,1696,GSM8563000_Naive2_filtered_matrix.mtx.gz,L84351,3
GSM8563000:GATGTTGTCGTGGCTG,Naive2,GSM8563000,L252321,1.0,GATGTTGTCGTGGCTG-1,1698,GSM8563000_Naive2_filtered_matrix.mtx.gz,L252321,2
GSM8563000:GATGTTGTCTAAGAAG,Naive2,GSM8563000,L272915,1.0,GATGTTGTCTAAGAAG-1,1699,GSM8563000_Naive2_filtered_matrix.mtx.gz,L272915,0
GSM8563000:GATGTTGTCTCTATAC,Naive2,GSM8563000,L50672,1.0,GATGTTGTCTCTATAC-1,1700,GSM8563000_Naive2_filtered_matrix.mtx.gz,L50672,4
GSM8563000:GATTCGAAGGTCGAGT,Naive2,GSM8563000,L97975,0.992839,GATTCGAAGGTCGAGT-1,1701,GSM8563000_Naive2_filtered_matrix.mtx.gz,L97975,4
GSM8563000:GATTCGACAGCGCGTT,Naive2,GSM8563000,L148876,1.0,GATTCGACAGCGCGTT-1,1702,GSM8563000_Naive2_filtered_matrix.mtx.gz,L148876,2
GSM8563000:GATTCGACAGGATGAC,Naive2,GSM8563000,L132385,1.0,GATTCGACAGGATGAC-1,1703,GSM8563000_Naive2_filtered_matrix.mtx.gz,L132385,3
GSM8563000:GATTCGACAGGTTCGC,Naive2,GSM8563000,L188027,1.0,GATTCGACAGGTTCGC-1,1704,GSM8563000_Naive2_filtered_matrix.mtx.gz,L188027,1
GSM8563000:GATTCGATCCTTCTTC,Naive2,GSM8563000,L292026,1.0,GATTCGATCCTTCTTC-1,1705,GSM8563000_Naive2_filtered_matrix.mtx.gz,L292026,3
GSM8563000:GATTCTTAGATACTGA,Naive2,GSM8563000,L309797,1.0,GATTCTTAGATACTGA-1,1706,GSM8563000_Naive2_filtered_matrix.mtx.gz,L309797,1
GSM8563000:GATTGGTCAACCGACC,Naive2,GSM8563000,L70669,1.0,GATTGGTCAACCGACC-1,1708,GSM8563000_Naive2_filtered_matrix.mtx.gz,L70669,3
GSM8563000:GATTGGTTCCTTATCA,Naive2,GSM8563000,L252321,1.0,GATTGGTTCCTTATCA-1,1709,GSM8563000_Naive2_filtered_matrix.mtx.gz,L252321,2
GSM8563000:GATTGGTTCTTAATCC,Naive2,GSM8563000,L260546,0.717259,GATTGGTTCTTAATCC-1,1710,GSM8563000_Naive2_filtered_matrix.mtx.gz,L260546,1
GSM8563000:GATTTCTAGCTGGTGA,Naive2,GSM8563000,L167950,1.0,GATTTCTAGCTGGTGA-1,1711,GSM8563000_Naive2_filtered_matrix.mtx.gz,L167950,3
GSM8563000:GATTTCTCAGTGTGCC,Naive2,GSM8563000,L214973,1.0,GATTTCTCAGTGTGCC-1,1712,GSM8563000_Naive2_filtered_matrix.mtx.gz,L214973,2
GSM8563000:GATTTCTGTGCGCTCA,Naive2,GSM8563000,L192225,1.0,GATTTCTGTGCGCTCA-1,1713,GSM8563000_Naive2_filtered_matrix.mtx.gz,L192225,0
GSM8563000:GCAACATAGGTTGGAC,Naive2,GSM8563000,L274951,1.0,GCAACATAGGTTGGAC-1,1717,GSM8563000_Naive2_filtered_matrix.mtx.gz,L274951,3
GSM8563000:GCAACATTCGACGAGA,Naive2,GSM8563000,L71065,1.0,GCAACATTCGACGAGA-1,1720,GSM8563000_Naive2_filtered_matrix.mtx.gz,L71065,4
GSM8563000:GCAACCGGTCGTACTA,Naive2,GSM8563000,L15809,1.0,GCAACCGGTCGTACTA-1,1723,GSM8563000_Naive2_filtered_matrix.mtx.gz,L15809,2
GSM8563000:GCAACCGTCAAACGAA,Naive2,GSM8563000,L307329,1.0,GCAACCGTCAAACGAA-1,1724,GSM8563000_Naive2_filtered_matrix.mtx.gz,L307329,1
GSM8563000:GCAACCGTCCTTCACG,Naive2,GSM8563000,L212929,1.0,GCAACCGTCCTTCACG-1,1725,GSM8563000_Naive2_filtered_matrix.mtx.gz,L212929,4
GSM8563000:GCACATAAGTCGCTAT,Naive2,GSM8563000,L244706,1.0,GCACATAAGTCGCTAT-1,1727,GSM8563000_Naive2_filtered_matrix.mtx.gz,L244706,4
GSM8563000:GCACGGTAGCCTCATA,Naive2,GSM8563000,L55974,1.0,GCACGGTAGCCTCATA-1,1731,GSM8563000_Naive2_filtered_matrix.mtx.gz,L55974,3
GSM8563000:GCACGGTAGTCCCAAT,Naive2,GSM8563000,L190318,1.0,GCACGGTAGTCCCAAT-1,1732,GSM8563000_Naive2_filtered_matrix.mtx.gz,L190318,2
GSM8563000:GCACGGTCAATTCACG,Naive2,GSM8563000,L104099,0.973119,GCACGGTCAATTCACG-1,1733,GSM8563000_Naive2_filtered_matrix.mtx.gz,L104099,4
GSM8563000:GCACGGTTCTAGGAAA,Naive2,GSM8563000,L315953,1.0,GCACGGTTCTAGGAAA-1,1735,GSM8563000_Naive2_filtered_matrix.mtx.gz,L315953,3
GSM8563000:GCACGTGAGAGCCGAT,Naive2,GSM8563000,L222674,1.0,GCACGTGAGAGCCGAT-1,1736,GSM8563000_Naive2_filtered_matrix.mtx.gz,L222674,1
GSM8563000:GCACGTGCAGAACGCA,Naive2,GSM8563000,L40593,1.0,GCACGTGCAGAACGCA-1,1737,GSM8563000_Naive2_filtered_matrix.mtx.gz,L40593,1
GSM8563000:GCACTAACATAGGCGA,Naive2,GSM8563000,L62936,1.0,GCACTAACATAGGCGA-1,1738,GSM8563000_Naive2_filtered_matrix.mtx.gz,L62936,0
GSM8563000:GCACTAAGTCGCTTAA,Naive2,GSM8563000,L190825,1.0,GCACTAAGTCGCTTAA-1,1739,GSM8563000_Naive2_filtered_matrix.mtx.gz,L190825,1
GSM8563000:GCACTAAGTGTTATCG,Naive2,GSM8563000,L278604,1.0,GCACTAAGTGTTATCG-1,1740,GSM8563000_Naive2_filtered_matrix.mtx.gz,L278604,2
GSM8563000:GCACTAAGTTGTGTAC,Naive2,GSM8563000,L87366,1.0,GCACTAAGTTGTGTAC-1,1741,GSM8563000_Naive2_filtered_matrix.mtx.gz,L87366,3
GSM8563000:GCAGCCACAGGTCAAG,Naive2,GSM8563000,L303918,1.0,GCAGCCACAGGTCAAG-1,1743,GSM8563000_Naive2_filtered_matrix.mtx.gz,L303918,0
GSM8563000:GCAGCTGAGAGTTGAT,Naive2,GSM8563000,L274269,1.0,GCAGCTGAGAGTTGAT-1,1744,GSM8563000_Naive2_filtered_matrix.mtx.gz,L274269,3
GSM8563000:GCAGCTGGTCGTGATT,Naive2,GSM8563000,L222867,1.0,GCAGCTGGTCGTGATT-1,1746,GSM8563000_Naive2_filtered_matrix.mtx.gz,L222867,4
GSM8563000:GCAGGCTAGGGTGGGA,Naive2,GSM8563000,L221726,1.0,GCAGGCTAGGGTGGGA-1,1748,GSM8563000_Naive2_filtered_matrix.mtx.gz,L221726,1
GSM8563000:GCAGGCTCACCGCTAG,Naive2,GSM8563000,L156620,1.0,GCAGGCTCACCGCTAG-1,1749,GSM8563000_Naive2_filtered_matrix.mtx.gz,L156620,2
GSM8563000:GCAGGCTCAGAGGGTT,Naive2,GSM8563000,L325741,1.0,GCAGGCTCAGAGGGTT-1,1750,GSM8563000_Naive2_filtered_matrix.mtx.gz,L325741,0
GSM8563000:GCAGTTACAGAACTAA,Naive2,GSM8563000,L244352,1.0,GCAGTTACAGAACTAA-1,1753,GSM8563000_Naive2_filtered_matrix.mtx.gz,L244352,4
GSM8563000:GCAGTTAGTACGATCT,Naive2,GSM8563000,L190835,1.0,GCAGTTAGTACGATCT-1,1755,GSM8563000_Naive2_filtered_matrix.mtx.gz,L190835,3
GSM8563000:GCAGTTATCTCCGAAA,Naive2,GSM8563000,L314894,1.0,GCAGTTATCTCCGAAA-1,1756,GSM8563000_Naive2_filtered_matrix.mtx.gz,L314894,1
GSM8563000:GCATCGGCAACGACTT,Naive2,GSM8563000,L22635,1.0,GCATCGGCAACGACTT-1,1757,GSM8563000_Naive2_filtered_matrix.mtx.gz,L22635,3
GSM8563000:GCATCGGTCCGCGGAT,Naive2,GSM8563000,L161943,1.0,GCATCGGTCCGCGGAT-1,1758,GSM8563000_Naive2_filtered_matrix.mtx.gz,L161943,4
GSM8563000:GCATCGGTCGCCAGAC,Naive2,GSM8563000,L298261,1.0,GCATCGGTCGCCAGAC-1,1759,GSM8563000_Naive2_filtered_matrix.mtx.gz,L298261,3
GSM8563000:GCATGATCAGCTCATA,Naive2,GSM8563000,L247990,1.0,GCATGATCAGCTCATA-1,1762,GSM8563000_Naive2_filtered_matrix.mtx.gz,L247990,0
GSM8563000:GCATGATTCGGTAGGA,Naive2,GSM8563000,L274951,1.0,GCATGATTCGGTAGGA-1,1763,GSM8563000_Naive2_filtered_matrix.mtx.gz,L274951,3
GSM8563000:GCATTAGAGTGTGTTC,Naive2,GSM8563000,L98634,1.0,GCATTAGAGTGTGTTC-1,1764,GSM8563000_Naive2_filtered_matrix.mtx.gz,L98634,2
GSM8563000:GCATTAGCAAGGAGTC,Naive2,GSM8563000,L116200,1.0,GCATTAGCAAGGAGTC-1,1765,GSM8563000_Naive2_filtered_matrix.mtx.gz,L116200,4
GSM8563000:GCATTAGTCTTCTCAA,Naive2,GSM8563000,L98949,1.0,GCATTAGTCTTCTCAA-1,1766,GSM8563000_Naive2_filtered_matrix.mtx.gz,L98949,4
GSM8563000:GCCAACGAGGTTTACC,Naive2,GSM8563000,L139209,1.0,GCCAACGAGGTTTACC-1,1768,GSM8563000_Naive2_filtered_matrix.mtx.gz,L139209,1
GSM8563000:GCCAACGTCGGTCGGT,Naive2,GSM8563000,L328955,1.0,GCCAACGTCGGTCGGT-1,1771,GSM8563000_Naive2_filtered_matrix.mtx.gz,L328955,3
GSM8563000:GCCAGCAAGTCGAAGC,Naive2,GSM8563000,L48487,1.0,GCCAGCAAGTCGAAGC-1,1772,GSM8563000_Naive2_filtered_matrix.mtx.gz,L48487,1
GSM8563000:GCCAGCAGTCGCTTGG,Naive2,GSM8563000,L16603,1.0,GCCAGCAGTCGCTTGG-1,1773,GSM8563000_Naive2_filtered_matrix.mtx.gz,L16603,0
GSM8563000:GCCAGGTTCGGTCGGT,Naive2,GSM8563000,L320820,1.0,GCCAGGTTCGGTCGGT-1,1777,GSM8563000_Naive2_filtered_matrix.mtx.gz,L320820,3
GSM8563000:GCCAGTGAGAAGTCAT,Naive2,GSM8563000,L114118,1.0,GCCAGTGAGAAGTCAT-1,1778,GSM8563000_Naive2_filtered_matrix.mtx.gz,L114118,2
GSM8563000:GCCAGTGAGGCTTTCA,Naive2,GSM8563000,L223841,1.0,GCCAGTGAGGCTTTCA-1,1779,GSM8563000_Naive2_filtered_matrix.mtx.gz,L223841,1
GSM8563000:GCCAGTGCAAGGTCTT,Naive2,GSM8563000,L233176,1.0,GCCAGTGCAAGGTCTT-1,1780,GSM8563000_Naive2_filtered_matrix.mtx.gz,L233176,0
GSM8563000:GCCAGTGCATATGAAG,Naive2,GSM8563000,L47994,1.0,GCCAGTGCATATGAAG-1,1782,GSM8563000_Naive2_filtered_matrix.mtx.gz,L47994,2
GSM8563000:GCCATGGAGCCATTTG,Naive2,GSM8563000,L216702,1.0,GCCATGGAGCCATTTG-1,1785,GSM8563000_Naive2_filtered_matrix.mtx.gz,L216702,2
GSM8563000:GCCATGGTCTTTGGAG,Naive2,GSM8563000,L195450,1.0,GCCATGGTCTTTGGAG-1,1787,GSM8563000_Naive2_filtered_matrix.mtx.gz,L195450,0
GSM8563000:GCCATTCAGTACTGGG,Naive2,GSM8563000,L12301,1.0,GCCATTCAGTACTGGG-1,1788,GSM8563000_Naive2_filtered_matrix.mtx.gz,L12301,0
GSM8563000:GCCATTCCAAGACCGA,Naive2,GSM8563000,L230614,1.0,GCCATTCCAAGACCGA-1,1789,GSM8563000_Naive2_filtered_matrix.mtx.gz,L230614,1
GSM8563000:GCCCAGACAGGGAATC,Naive2,GSM8563000,L223068,1.0,GCCCAGACAGGGAATC-1,1793,GSM8563000_Naive2_filtered_matrix.mtx.gz,L223068,0
GSM8563000:GCCCAGAGTCTGATCA,Naive2,GSM8563000,L294576,1.0,GCCCAGAGTCTGATCA-1,1794,GSM8563000_Naive2_filtered_matrix.mtx.gz,L294576,2
GSM8563000:GCCGATGAGAGCAGTC,Naive2,GSM8563000,L12989,1.0,GCCGATGAGAGCAGTC-1,1795,GSM8563000_Naive2_filtered_matrix.mtx.gz,L12989,3
GSM8563000:GCCGATGCAAGCTACT,Naive2,GSM8563000,L51669,1.0,GCCGATGCAAGCTACT-1,1796,GSM8563000_Naive2_filtered_matrix.mtx.gz,L51669,4
GSM8563000:GCCGATGGTATCAAGA,Naive2,GSM8563000,L75392,1.0,GCCGATGGTATCAAGA-1,1798,GSM8563000_Naive2_filtered_matrix.mtx.gz,L75392,4
GSM8563000:GCCGATGGTTTCGTTT,Naive2,GSM8563000,L303918,1.0,GCCGATGGTTTCGTTT-1,1799,GSM8563000_Naive2_filtered_matrix.mtx.gz,L303918,0
GSM8563000:GCCGTGAAGGACAGTC,Naive2,GSM8563000,L19489,1.0,GCCGTGAAGGACAGTC-1,1801,GSM8563000_Naive2_filtered_matrix.mtx.gz,L19489,0
GSM8563000:GCCGTGACATCGTGCG,Naive2,GSM8563000,L240628,1.0,GCCGTGACATCGTGCG-1,1803,GSM8563000_Naive2_filtered_matrix.mtx.gz,L240628,1
GSM8563000:GCCTGTTCACGCACCA,Naive2,GSM8563000,L129963,1.0,GCCTGTTCACGCACCA-1,1805,GSM8563000_Naive2_filtered_matrix.mtx.gz,L129963,0
GSM8563000:GCGAGAACAATACCCA,Naive2,GSM8563000,L189345,1.0,GCGAGAACAATACCCA-1,1807,GSM8563000_Naive2_filtered_matrix.mtx.gz,L189345,1
GSM8563000:GCGATCGCACACAGCC,Naive2,GSM8563000,L116189,1.0,GCGATCGCACACAGCC-1,1809,GSM8563000_Naive2_filtered_matrix.mtx.gz,L116189,3
GSM8563000:GCGATCGCAGCGTTTA,Naive2,GSM8563000,L316244,1.0,GCGATCGCAGCGTTTA-1,1810,GSM8563000_Naive2_filtered_matrix.mtx.gz,L316244,3
GSM8563000:GCGATCGGTACCCGAC,Naive2,GSM8563000,L88461,1.0,GCGATCGGTACCCGAC-1,1811,GSM8563000_Naive2_filtered_matrix.mtx.gz,L88461,3
GSM8563000:GCGATCGGTCAAGTTC,Naive2,GSM8563000,L17873,1.0,GCGATCGGTCAAGTTC-1,1812,GSM8563000_Naive2_filtered_matrix.mtx.gz,L17873,0
GSM8563000:GCGATCGTCCACGGGT,Naive2,GSM8563000,L167950,1.0,GCGATCGTCCACGGGT-1,1813,GSM8563000_Naive2_filtered_matrix.mtx.gz,L167950,3
GSM8563000:GCGGAAAAGACGGAAA,Naive2,GSM8563000,L231007,1.0,GCGGAAAAGACGGAAA-1,1815,GSM8563000_Naive2_filtered_matrix.mtx.gz,L231007,2
GSM8563000:GCGGAAACAATGCAAA,Naive2,GSM8563000,L228182,1.0,GCGGAAACAATGCAAA-1,1816,GSM8563000_Naive2_filtered_matrix.mtx.gz,L228182,0
GSM8563000:GCGGAAAGTAGTGCGA,Naive2,GSM8563000,L232125,1.0,GCGGAAAGTAGTGCGA-1,1817,GSM8563000_Naive2_filtered_matrix.mtx.gz,L232125,0
GSM8563000:GCGGAAAGTCACCGCA,Naive2,GSM8563000,L318033,1.0,GCGGAAAGTCACCGCA-1,1818,GSM8563000_Naive2_filtered_matrix.mtx.gz,L318033,2
GSM8563000:GCGGAAATCCAAAGGG,Naive2,GSM8563000,L277200,1.0,GCGGAAATCCAAAGGG-1,1819,GSM8563000_Naive2_filtered_matrix.mtx.gz,L277200,2
GSM8563000:GCGGATCAGACGACTG,Naive2,GSM8563000,L145263,1.0,GCGGATCAGACGACTG-1,1821,GSM8563000_Naive2_filtered_matrix.mtx.gz,L145263,4
GSM8563000:GCGGATCAGGGCGAAG,Naive2,GSM8563000,L199024,1.0,GCGGATCAGGGCGAAG-1,1823,GSM8563000_Naive2_filtered_matrix.mtx.gz,L199024,0
GSM8563000:GCGGATCAGTTGAAGT,Naive2,GSM8563000,L232959,1.0,GCGGATCAGTTGAAGT-1,1824,GSM8563000_Naive2_filtered_matrix.mtx.gz,L232959,4
GSM8563000:GCGTGCAAGTCACGAG,Naive2,GSM8563000,L116189,1.0,GCGTGCAAGTCACGAG-1,1827,GSM8563000_Naive2_filtered_matrix.mtx.gz,L116189,3
GSM8563000:GCGTGCAGTCCTTGTC,Naive2,GSM8563000,L107042,1.0,GCGTGCAGTCCTTGTC-1,1829,GSM8563000_Naive2_filtered_matrix.mtx.gz,L107042,3
GSM8563000:GCGTTTCAGATGGCAC,Naive2,GSM8563000,L87366,1.0,GCGTTTCAGATGGCAC-1,1830,GSM8563000_Naive2_filtered_matrix.mtx.gz,L87366,3
GSM8563000:GCGTTTCAGTTGGCTT,Naive2,GSM8563000,L109560,1.0,GCGTTTCAGTTGGCTT-1,1831,GSM8563000_Naive2_filtered_matrix.mtx.gz,L109560,4
GSM8563000:GCTACAAAGAGTTCGG,Naive2,GSM8563000,L219307,1.0,GCTACAAAGAGTTCGG-1,1834,GSM8563000_Naive2_filtered_matrix.mtx.gz,L219307,3
GSM8563000:GCTACAACACCGTGCA,Naive2,GSM8563000,L314514,1.0,GCTACAACACCGTGCA-1,1836,GSM8563000_Naive2_filtered_matrix.mtx.gz,L314514,2
GSM8563000:GCTACCTAGAATCCCT,Naive2,GSM8563000,L247990,1.0,GCTACCTAGAATCCCT-1,1837,GSM8563000_Naive2_filtered_matrix.mtx.gz,L247990,0
GSM8563000:GCTACCTAGATTGAGT,Naive2,GSM8563000,L124052,1.0,GCTACCTAGATTGAGT-1,1838,GSM8563000_Naive2_filtered_matrix.mtx.gz,L124052,4
GSM8563000:GCTACCTCAGCACGAA,Naive2,GSM8563000,L179445,1.0,GCTACCTCAGCACGAA-1,1839,GSM8563000_Naive2_filtered_matrix.mtx.gz,L179445,0
GSM8563000:GCTACCTTCTGTCGTC,Naive2,GSM8563000,L82979,1.0,GCTACCTTCTGTCGTC-1,1841,GSM8563000_Naive2_filtered_matrix.mtx.gz,L82979,2
GSM8563000:GCTCAAACAGCGTTTA,Naive2,GSM8563000,L253198,1.0,GCTCAAACAGCGTTTA-1,1842,GSM8563000_Naive2_filtered_matrix.mtx.gz,L253198,0
GSM8563000:GCTCAAAGTCTTAGTG,Naive2,GSM8563000,L31111,1.0,GCTCAAAGTCTTAGTG-1,1843,GSM8563000_Naive2_filtered_matrix.mtx.gz,L31111,3
GSM8563000:GCTCAAAGTGTTCCTC,Naive2,GSM8563000,L291864,1.0,GCTCAAAGTGTTCCTC-1,1844,GSM8563000_Naive2_filtered_matrix.mtx.gz,L291864,0
GSM8563000:GCTGAATCACATACGT,Naive2,GSM8563000,L31852,1.0,GCTGAATCACATACGT-1,1845,GSM8563000_Naive2_filtered_matrix.mtx.gz,L31852,2
GSM8563000:GCTGAATCACGCCAGT,Naive2,GSM8563000,L314514,1.0,GCTGAATCACGCCAGT-1,1846,GSM8563000_Naive2_filtered_matrix.mtx.gz,L314514,2
GSM8563000:GCTGCAGAGACTCCGC,Naive2,GSM8563000,L165222,1.0,GCTGCAGAGACTCCGC-1,1847,GSM8563000_Naive2_filtered_matrix.mtx.gz,L165222,0
GSM8563000:GCTGCAGAGCCGATCC,Naive2,GSM8563000,L143819,0.999996,GCTGCAGAGCCGATCC-1,1848,GSM8563000_Naive2_filtered_matrix.mtx.gz,L143819,4
GSM8563000:GCTGGGTCACCCTTGT,Naive2,GSM8563000,L173296,1.0,GCTGGGTCACCCTTGT-1,1851,GSM8563000_Naive2_filtered_matrix.mtx.gz,L173296,1
GSM8563000:GCTGGGTCACCGTGAC,Naive2,GSM8563000,L239907,1.0,GCTGGGTCACCGTGAC-1,1852,GSM8563000_Naive2_filtered_matrix.mtx.gz,L239907,0
GSM8563000:GCTTCACTCCATGATG,Naive2,GSM8563000,L267695,1.0,GCTTCACTCCATGATG-1,1856,GSM8563000_Naive2_filtered_matrix.mtx.gz,L267695,2
GSM8563000:GCTTTCGAGCACTTTG,Naive2,GSM8563000,L92556,1.0,GCTTTCGAGCACTTTG-1,1858,GSM8563000_Naive2_filtered_matrix.mtx.gz,L92556,0
GSM8563000:GCTTTCGCAGCAGTAG,Naive2,GSM8563000,L239228,1.0,GCTTTCGCAGCAGTAG-1,1860,GSM8563000_Naive2_filtered_matrix.mtx.gz,L239228,2
GSM8563000:GGAACCCAGGTAGCAC,Naive2,GSM8563000,L211568,1.0,GGAACCCAGGTAGCAC-1,1862,GSM8563000_Naive2_filtered_matrix.mtx.gz,L211568,3
GSM8563000:GGAACCCGTACAAACA,Naive2,GSM8563000,L219307,1.0,GGAACCCGTACAAACA-1,1863,GSM8563000_Naive2_filtered_matrix.mtx.gz,L219307,3
GSM8563000:GGAACCCTCTCTCCGA,Naive2,GSM8563000,L64990,1.0,GGAACCCTCTCTCCGA-1,1864,GSM8563000_Naive2_filtered_matrix.mtx.gz,L64990,4
GSM8563000:GGAACCCTCTGTCAGA,Naive2,GSM8563000,L6369,1.0,GGAACCCTCTGTCAGA-1,1865,GSM8563000_Naive2_filtered_matrix.mtx.gz,L6369,4
GSM8563000:GGAAGTGGTATGCGGA,Naive2,GSM8563000,L84010,1.0,GGAAGTGGTATGCGGA-1,1866,GSM8563000_Naive2_filtered_matrix.mtx.gz,L84010,3
GSM8563000:GGAATCTCACGGCGTT,Naive2,GSM8563000,L17873,1.0,GGAATCTCACGGCGTT-1,1871,GSM8563000_Naive2_filtered_matrix.mtx.gz,L17873,0
GSM8563000:GGAATCTCATTCCTAT,Naive2,GSM8563000,L66506,1.0,GGAATCTCATTCCTAT-1,1872,GSM8563000_Naive2_filtered_matrix.mtx.gz,L66506,0
GSM8563000:GGAATCTTCTTCGTGC,Naive2,GSM8563000,L86394,1.0,GGAATCTTCTTCGTGC-1,1874,GSM8563000_Naive2_filtered_matrix.mtx.gz,L86394,1
GSM8563000:GGAATGGAGGTATCTC,Naive2,GSM8563000,L30836,1.0,GGAATGGAGGTATCTC-1,1876,GSM8563000_Naive2_filtered_matrix.mtx.gz,L30836,3
GSM8563000:GGAATGGGTTAGAGAT,Naive2,GSM8563000,L88461,1.0,GGAATGGGTTAGAGAT-1,1877,GSM8563000_Naive2_filtered_matrix.mtx.gz,L88461,3
GSM8563000:GGAATGGTCGCTGACG,Naive2,GSM8563000,L15407,0.992855,GGAATGGTCGCTGACG-1,1878,GSM8563000_Naive2_filtered_matrix.mtx.gz,L15407,3
GSM8563000:GGACGTCCATTATGCG,Naive2,GSM8563000,L244886,1.0,GGACGTCCATTATGCG-1,1880,GSM8563000_Naive2_filtered_matrix.mtx.gz,L244886,4
GSM8563000:GGACGTCGTCCAAATC,Naive2,GSM8563000,L252321,1.0,GGACGTCGTCCAAATC-1,1881,GSM8563000_Naive2_filtered_matrix.mtx.gz,L252321,2
GSM8563000:GGACGTCGTTTCTATC,Naive2,GSM8563000,L41113,1.0,GGACGTCGTTTCTATC-1,1882,GSM8563000_Naive2_filtered_matrix.mtx.gz,L41113,3
GSM8563000:GGAGATGAGGGAGGAC,Naive2,GSM8563000,L70669,1.0,GGAGATGAGGGAGGAC-1,1885,GSM8563000_Naive2_filtered_matrix.mtx.gz,L70669,3
GSM8563000:GGAGATGTCTCCGAAA,Naive2,GSM8563000,L224816,1.0,GGAGATGTCTCCGAAA-1,1888,GSM8563000_Naive2_filtered_matrix.mtx.gz,L224816,2
GSM8563000:GGAGATGTCTCTGCCA,Naive2,GSM8563000,L216702,1.0,GGAGATGTCTCTGCCA-1,1889,GSM8563000_Naive2_filtered_matrix.mtx.gz,L216702,2
GSM8563000:GGAGCAAAGAAAGCGA,Naive2,GSM8563000,L135446,1.0,GGAGCAAAGAAAGCGA-1,1890,GSM8563000_Naive2_filtered_matrix.mtx.gz,L135446,3
GSM8563000:GGAGCAAAGAGGTGCT,Naive2,GSM8563000,L7412,1.0,GGAGCAAAGAGGTGCT-1,1891,GSM8563000_Naive2_filtered_matrix.mtx.gz,L7412,3
GSM8563000:GGAGCAACATCTGGGC,Naive2,GSM8563000,L35389,1.0,GGAGCAACATCTGGGC-1,1893,GSM8563000_Naive2_filtered_matrix.mtx.gz,L35389,4
GSM8563000:GGAGGATCAAGGGTCA,Naive2,GSM8563000,L115717,1.0,GGAGGATCAAGGGTCA-1,1895,GSM8563000_Naive2_filtered_matrix.mtx.gz,L115717,2
GSM8563000:GGAGGTACATGATGCT,Naive2,GSM8563000,L23121,1.0,GGAGGTACATGATGCT-1,1898,GSM8563000_Naive2_filtered_matrix.mtx.gz,L23121,1
GSM8563000:GGAGGTATCACATTGG,Naive2,GSM8563000,L56999,1.0,GGAGGTATCACATTGG-1,1900,GSM8563000_Naive2_filtered_matrix.mtx.gz,L56999,0
GSM8563000:GGATCTAAGGATCACG,Naive2,GSM8563000,L296189,1.0,GGATCTAAGGATCACG-1,1901,GSM8563000_Naive2_filtered_matrix.mtx.gz,L296189,1
GSM8563000:GGATCTAAGTCGGCCT,Naive2,GSM8563000,L173296,1.0,GGATCTAAGTCGGCCT-1,1902,GSM8563000_Naive2_filtered_matrix.mtx.gz,L173296,1
GSM8563000:GGATCTAGTTGCATAC,Naive2,GSM8563000,L314514,1.0,GGATCTAGTTGCATAC-1,1905,GSM8563000_Naive2_filtered_matrix.mtx.gz,L314514,2
GSM8563000:GGATCTATCTCCCTAG,Naive2,GSM8563000,L251680,1.0,GGATCTATCTCCCTAG-1,1906,GSM8563000_Naive2_filtered_matrix.mtx.gz,L251680,3
GSM8563000:GGCACGTGTGGAATGC,Naive2,GSM8563000,L182194,1.0,GGCACGTGTGGAATGC-1,1908,GSM8563000_Naive2_filtered_matrix.mtx.gz,L182194,2
GSM8563000:GGCAGTCCACTTTATC,Naive2,GSM8563000,L19489,1.0,GGCAGTCCACTTTATC-1,1913,GSM8563000_Naive2_filtered_matrix.mtx.gz,L19489,0
GSM8563000:GGCAGTCGTTTCGATG,Naive2,GSM8563000,L202775,1.0,GGCAGTCGTTTCGATG-1,1914,GSM8563000_Naive2_filtered_matrix.mtx.gz,L202775,0
GSM8563000:GGCGTCAGTTGCACGC,Naive2,GSM8563000,L219307,1.0,GGCGTCAGTTGCACGC-1,1917,GSM8563000_Naive2_filtered_matrix.mtx.gz,L219307,3
GSM8563000:GGCGTCATCGAGTGGA,Naive2,GSM8563000,L206761,1.0,GGCGTCATCGAGTGGA-1,1918,GSM8563000_Naive2_filtered_matrix.mtx.gz,L206761,0
GSM8563000:GGCTGTGAGAGTCCGA,Naive2,GSM8563000,L117526,1.0,GGCTGTGAGAGTCCGA-1,1921,GSM8563000_Naive2_filtered_matrix.mtx.gz,L117526,3
GSM8563000:GGCTGTGAGCTGAGTG,Naive2,GSM8563000,L305688,1.0,GGCTGTGAGCTGAGTG-1,1922,GSM8563000_Naive2_filtered_matrix.mtx.gz,L305688,3
GSM8563000:GGCTTGGCAGATGCGA,Naive2,GSM8563000,L236809,1.0,GGCTTGGCAGATGCGA-1,1924,GSM8563000_Naive2_filtered_matrix.mtx.gz,L236809,4
GSM8563000:GGCTTTCAGAAACCCG,Naive2,GSM8563000,L77443,1.0,GGCTTTCAGAAACCCG-1,1926,GSM8563000_Naive2_filtered_matrix.mtx.gz,L77443,2
GSM8563000:GGCTTTCAGGAGAATG,Naive2,GSM8563000,L230913,1.0,GGCTTTCAGGAGAATG-1,1928,GSM8563000_Naive2_filtered_matrix.mtx.gz,L230913,1
GSM8563000:GGCTTTCGTATAGGAT,Naive2,GSM8563000,L167950,1.0,GGCTTTCGTATAGGAT-1,1930,GSM8563000_Naive2_filtered_matrix.mtx.gz,L167950,3
GSM8563000:GGGAAGTAGAGCCGAT,Naive2,GSM8563000,L197845,1.0,GGGAAGTAGAGCCGAT-1,1932,GSM8563000_Naive2_filtered_matrix.mtx.gz,L197845,1
GSM8563000:GGGAAGTAGGTCGACA,Naive2,GSM8563000,L254958,1.0,GGGAAGTAGGTCGACA-1,1933,GSM8563000_Naive2_filtered_matrix.mtx.gz,L254958,1
GSM8563000:GGGACAACACGATAGG,Naive2,GSM8563000,L33021,1.0,GGGACAACACGATAGG-1,1935,GSM8563000_Naive2_filtered_matrix.mtx.gz,L33021,2
GSM8563000:GGGACAACAGGTCTCG,Naive2,GSM8563000,L315594,1.0,GGGACAACAGGTCTCG-1,1936,GSM8563000_Naive2_filtered_matrix.mtx.gz,L315594,2
GSM8563000:GGGACAAGTTATCTTC,Naive2,GSM8563000,L222867,1.0,GGGACAAGTTATCTTC-1,1938,GSM8563000_Naive2_filtered_matrix.mtx.gz,L222867,4
GSM8563000:GGGACAATCGGTCTAA,Naive2,GSM8563000,L167950,1.0,GGGACAATCGGTCTAA-1,1939,GSM8563000_Naive2_filtered_matrix.mtx.gz,L167950,3
GSM8563000:GGGACCTAGTAGGGTC,Naive2,GSM8563000,L66204,1.0,GGGACCTAGTAGGGTC-1,1940,GSM8563000_Naive2_filtered_matrix.mtx.gz,L66204,2
GSM8563000:GGGACCTAGTTTGCTG,Naive2,GSM8563000,L289938,1.0,GGGACCTAGTTTGCTG-1,1941,GSM8563000_Naive2_filtered_matrix.mtx.gz,L289938,1
GSM8563000:GGGACCTGTCGTACAT,Naive2,GSM8563000,L2779,1.0,GGGACCTGTCGTACAT-1,1942,GSM8563000_Naive2_filtered_matrix.mtx.gz,L2779,4
GSM8563000:GGGACCTTCGCTGACG,Naive2,GSM8563000,L40629,1.0,GGGACCTTCGCTGACG-1,1943,GSM8563000_Naive2_filtered_matrix.mtx.gz,L40629,4
GSM8563000:GGGACCTTCTCTAAGG,Naive2,GSM8563000,L100814,1.0,GGGACCTTCTCTAAGG-1,1944,GSM8563000_Naive2_filtered_matrix.mtx.gz,L100814,0
GSM8563000:GGGACTCCAAATTGCC,Naive2,GSM8563000,L131755,1.0,GGGACTCCAAATTGCC-1,1946,GSM8563000_Naive2_filtered_matrix.mtx.gz,L131755,3
GSM8563000:GGGACTCTCGTAGAGG,Naive2,GSM8563000,L289410,1.0,GGGACTCTCGTAGAGG-1,1947,GSM8563000_Naive2_filtered_matrix.mtx.gz,L289410,2
GSM8563000:GGGAGATAGTAGAGTT,Naive2,GSM8563000,L123574,1.0,GGGAGATAGTAGAGTT-1,1948,GSM8563000_Naive2_filtered_matrix.mtx.gz,L123574,4
GSM8563000:GGGAGATGTGGACTGA,Naive2,GSM8563000,L109019,1.0,GGGAGATGTGGACTGA-1,1950,GSM8563000_Naive2_filtered_matrix.mtx.gz,L109019,3
GSM8563000:GGGATCCAGAAACACT,Naive2,GSM8563000,L191539,1.0,GGGATCCAGAAACACT-1,1954,GSM8563000_Naive2_filtered_matrix.mtx.gz,L191539,3
GSM8563000:GGGATCCCATAATGAG,Naive2,GSM8563000,L289938,1.0,GGGATCCCATAATGAG-1,1955,GSM8563000_Naive2_filtered_matrix.mtx.gz,L289938,1
GSM8563000:GGGATCCCATAGTCAC,Naive2,GSM8563000,L73592,1.0,GGGATCCCATAGTCAC-1,1956,GSM8563000_Naive2_filtered_matrix.mtx.gz,L73592,3
GSM8563000:GGGATCCTCTCGTCAC,Naive2,GSM8563000,L13818,1.0,GGGATCCTCTCGTCAC-1,1957,GSM8563000_Naive2_filtered_matrix.mtx.gz,L13818,3
GSM8563000:GGGATGACATGGAACG,Naive2,GSM8563000,L230913,1.0,GGGATGACATGGAACG-1,1961,GSM8563000_Naive2_filtered_matrix.mtx.gz,L230913,1
GSM8563000:GGGCCATCAATCGCGC,Naive2,GSM8563000,L173296,1.0,GGGCCATCAATCGCGC-1,1963,GSM8563000_Naive2_filtered_matrix.mtx.gz,L173296,1
GSM8563000:GGGCCATCAGCGTATT,Naive2,GSM8563000,L225616,1.0,GGGCCATCAGCGTATT-1,1964,GSM8563000_Naive2_filtered_matrix.mtx.gz,L225616,2
GSM8563000:GGGCCATGTCAAAGAT,Naive2,GSM8563000,L319892,1.0,GGGCCATGTCAAAGAT-1,1965,GSM8563000_Naive2_filtered_matrix.mtx.gz,L319892,4
GSM8563000:GGGCGTTGTACGAGTG,Naive2,GSM8563000,L2749,1.0,GGGCGTTGTACGAGTG-1,1967,GSM8563000_Naive2_filtered_matrix.mtx.gz,L2749,1
GSM8563000:GGGCGTTGTTTGACAC,Naive2,GSM8563000,L312932,1.0,GGGCGTTGTTTGACAC-1,1968,GSM8563000_Naive2_filtered_matrix.mtx.gz,L312932,3
GSM8563000:GGGCGTTTCATTCGGA,Naive2,GSM8563000,L305830,1.0,GGGCGTTTCATTCGGA-1,1969,GSM8563000_Naive2_filtered_matrix.mtx.gz,L305830,0
GSM8563000:GGGCTACGTCTCTCAC,Naive2,GSM8563000,L235372,1.0,GGGCTACGTCTCTCAC-1,1971,GSM8563000_Naive2_filtered_matrix.mtx.gz,L235372,1
GSM8563000:GGGCTCAAGTAGACAT,Naive2,GSM8563000,L16603,1.0,GGGCTCAAGTAGACAT-1,1974,GSM8563000_Naive2_filtered_matrix.mtx.gz,L16603,0
GSM8563000:GGGCTCATCCTGGGAC,Naive2,GSM8563000,L97495,1.0,GGGCTCATCCTGGGAC-1,1978,GSM8563000_Naive2_filtered_matrix.mtx.gz,L97495,0
GSM8563000:GGGTAGAGTAATCAGA,Naive2,GSM8563000,L107467,1.0,GGGTAGAGTAATCAGA-1,1979,GSM8563000_Naive2_filtered_matrix.mtx.gz,L107467,4
GSM8563000:GGGTAGAGTCATAGTC,Naive2,GSM8563000,L166707,1.0,GGGTAGAGTCATAGTC-1,1980,GSM8563000_Naive2_filtered_matrix.mtx.gz,L166707,1
GSM8563000:GGGTAGATCTGAGATC,Naive2,GSM8563000,L55579,1.0,GGGTAGATCTGAGATC-1,1981,GSM8563000_Naive2_filtered_matrix.mtx.gz,L55579,1
GSM8563000:GGGTCACAGTGGAAGA,Naive2,GSM8563000,L246615,1.0,GGGTCACAGTGGAAGA-1,1982,GSM8563000_Naive2_filtered_matrix.mtx.gz,L246615,0
GSM8563000:GGGTCACGTCATCACA,Naive2,GSM8563000,L138906,1.0,GGGTCACGTCATCACA-1,1983,GSM8563000_Naive2_filtered_matrix.mtx.gz,L138906,2
GSM8563000:GGGTCTGAGCACAAAT,Naive2,GSM8563000,L74841,1.0,GGGTCTGAGCACAAAT-1,1986,GSM8563000_Naive2_filtered_matrix.mtx.gz,L74841,4
GSM8563000:GGGTCTGAGGTTCCAT,Naive2,GSM8563000,L196980,1.0,GGGTCTGAGGTTCCAT-1,1987,GSM8563000_Naive2_filtered_matrix.mtx.gz,L196980,3
GSM8563000:GGGTCTGAGGTTTGAA,Naive2,GSM8563000,L144495,1.0,GGGTCTGAGGTTTGAA-1,1988,GSM8563000_Naive2_filtered_matrix.mtx.gz,L144495,4
GSM8563000:GGGTGAACATGGCCCA,Naive2,GSM8563000,L247990,1.0,GGGTGAACATGGCCCA-1,1990,GSM8563000_Naive2_filtered_matrix.mtx.gz,L247990,0
GSM8563000:GGGTGTCGTCGCAACC,Naive2,GSM8563000,L269961,1.0,GGGTGTCGTCGCAACC-1,1992,GSM8563000_Naive2_filtered_matrix.mtx.gz,L269961,4
GSM8563000:GGGTTATAGAGGTCGT,Naive2,GSM8563000,L205528,1.0,GGGTTATAGAGGTCGT-1,1995,GSM8563000_Naive2_filtered_matrix.mtx.gz,L205528,1
GSM8563000:GGGTTATAGCCACTCG,Naive2,GSM8563000,L322777,1.0,GGGTTATAGCCACTCG-1,1996,GSM8563000_Naive2_filtered_matrix.mtx.gz,L322777,4
GSM8563000:GGGTTATTCCCAATAG,Naive2,GSM8563000,L204285,1.0,GGGTTATTCCCAATAG-1,1998,GSM8563000_Naive2_filtered_matrix.mtx.gz,L204285,3
GSM8563000:GGTAACTAGTGACCTT,Naive2,GSM8563000,L189345,1.0,GGTAACTAGTGACCTT-1,2001,GSM8563000_Naive2_filtered_matrix.mtx.gz,L189345,1
GSM8563000:GGTAACTCATGACTAC,Naive2,GSM8563000,L239228,1.0,GGTAACTCATGACTAC-1,2002,GSM8563000_Naive2_filtered_matrix.mtx.gz,L239228,2
GSM8563000:GGTAACTCATTCAGCA,Naive2,GSM8563000,L166657,1.0,GGTAACTCATTCAGCA-1,2003,GSM8563000_Naive2_filtered_matrix.mtx.gz,L166657,3
GSM8563000:GGTAACTTCAAGAGGC,Naive2,GSM8563000,L13818,1.0,GGTAACTTCAAGAGGC-1,2005,GSM8563000_Naive2_filtered_matrix.mtx.gz,L13818,3
GSM8563000:GGTAACTTCCTGTAGA,Naive2,GSM8563000,L202878,1.0,GGTAACTTCCTGTAGA-1,2007,GSM8563000_Naive2_filtered_matrix.mtx.gz,L202878,0
GSM8563000:GGTAATCGTTCGATTG,Naive2,GSM8563000,L309032,1.0,GGTAATCGTTCGATTG-1,2009,GSM8563000_Naive2_filtered_matrix.mtx.gz,L309032,3
GSM8563000:GGTAGAGGTTCGGACC,Naive2,GSM8563000,L19489,1.0,GGTAGAGGTTCGGACC-1,2010,GSM8563000_Naive2_filtered_matrix.mtx.gz,L19489,0
GSM8563000:GGTAGAGTCATGCCAA,Naive2,GSM8563000,L3161,1.0,GGTAGAGTCATGCCAA-1,2011,GSM8563000_Naive2_filtered_matrix.mtx.gz,L3161,1
GSM8563000:GGTCACGAGAAGGATG,Naive2,GSM8563000,L96744,1.0,GGTCACGAGAAGGATG-1,2012,GSM8563000_Naive2_filtered_matrix.mtx.gz,L96744,4
GSM8563000:GGTCACGAGGCCACTC,Naive2,GSM8563000,L82823,1.0,GGTCACGAGGCCACTC-1,2013,GSM8563000_Naive2_filtered_matrix.mtx.gz,L82823,1
GSM8563000:GGTCACGGTTACGTAC,Naive2,GSM8563000,L328314,1.0,GGTCACGGTTACGTAC-1,2014,GSM8563000_Naive2_filtered_matrix.mtx.gz,L328314,1
GSM8563000:GGTCTGGCACAGCCTG,Naive2,GSM8563000,L19489,1.0,GGTCTGGCACAGCCTG-1,2016,GSM8563000_Naive2_filtered_matrix.mtx.gz,L19489,0
GSM8563000:GGTCTGGGTAAGGAGA,Naive2,GSM8563000,L212486,1.0,GGTCTGGGTAAGGAGA-1,2017,GSM8563000_Naive2_filtered_matrix.mtx.gz,L212486,4
GSM8563000:GGTGAAGCAACCAACT,Naive2,GSM8563000,L55883,1.0,GGTGAAGCAACCAACT-1,2018,GSM8563000_Naive2_filtered_matrix.mtx.gz,L55883,2
GSM8563000:GGTGAAGGTGCAACGA,Naive2,GSM8563000,L107467,1.0,GGTGAAGGTGCAACGA-1,2020,GSM8563000_Naive2_filtered_matrix.mtx.gz,L107467,4
GSM8563000:GGTGAAGGTGCAATAA,Naive2,GSM8563000,L212929,1.0,GGTGAAGGTGCAATAA-1,2021,GSM8563000_Naive2_filtered_matrix.mtx.gz,L212929,4
GSM8563000:GGTGAAGGTGGGTTGA,Naive2,GSM8563000,L161977,1.0,GGTGAAGGTGGGTTGA-1,2022,GSM8563000_Naive2_filtered_matrix.mtx.gz,L161977,0
GSM8563000:GGTGATTTCCGACGGT,Naive2,GSM8563000,L286442,1.0,GGTGATTTCCGACGGT-1,2024,GSM8563000_Naive2_filtered_matrix.mtx.gz,L286442,4
GSM8563000:GGTGGCTAGGTAGACC,Naive2,GSM8563000,L172925,1.0,GGTGGCTAGGTAGACC-1,2026,GSM8563000_Naive2_filtered_matrix.mtx.gz,L172925,1
GSM8563000:GGTGGCTCAGCGATTT,Naive2,GSM8563000,L145010,1.0,GGTGGCTCAGCGATTT-1,2027,GSM8563000_Naive2_filtered_matrix.mtx.gz,L145010,0
GSM8563000:GGTGGCTGTGGATGAC,Naive2,GSM8563000,L84010,1.0,GGTGGCTGTGGATGAC-1,2028,GSM8563000_Naive2_filtered_matrix.mtx.gz,L84010,3
GSM8563000:GGTGGCTTCGAAGTGG,Naive2,GSM8563000,L167950,1.0,GGTGGCTTCGAAGTGG-1,2029,GSM8563000_Naive2_filtered_matrix.mtx.gz,L167950,3
GSM8563000:GGTGTCGAGCGTGCCT,Naive2,GSM8563000,L145073,1.0,GGTGTCGAGCGTGCCT-1,2030,GSM8563000_Naive2_filtered_matrix.mtx.gz,L145073,1
GSM8563000:GGTGTTACATCGGAAG,Naive2,GSM8563000,L178651,1.0,GGTGTTACATCGGAAG-1,2034,GSM8563000_Naive2_filtered_matrix.mtx.gz,L178651,1
GSM8563000:GGTGTTATCTTACCAT,Naive2,GSM8563000,L51179,1.0,GGTGTTATCTTACCAT-1,2036,GSM8563000_Naive2_filtered_matrix.mtx.gz,L51179,3
GSM8563000:GGTGTTATCTTCACAT,Naive2,GSM8563000,L57101,1.0,GGTGTTATCTTCACAT-1,2037,GSM8563000_Naive2_filtered_matrix.mtx.gz,L57101,0
GSM8563000:GGTTAACAGCACCTGC,Naive2,GSM8563000,L57101,1.0,GGTTAACAGCACCTGC-1,2038,GSM8563000_Naive2_filtered_matrix.mtx.gz,L57101,0
GSM8563000:GGTTAACAGTCACACT,Naive2,GSM8563000,L329553,1.0,GGTTAACAGTCACACT-1,2040,GSM8563000_Naive2_filtered_matrix.mtx.gz,L329553,3
GSM8563000:GGTTAACTCGAGGCAA,Naive2,GSM8563000,L100814,1.0,GGTTAACTCGAGGCAA-1,2043,GSM8563000_Naive2_filtered_matrix.mtx.gz,L100814,0
GSM8563000:GGTTCTCGTCTAGATC,Naive2,GSM8563000,L86394,1.0,GGTTCTCGTCTAGATC-1,2044,GSM8563000_Naive2_filtered_matrix.mtx.gz,L86394,1
GSM8563000:GGTTGTAAGCACTAAA,Naive2,GSM8563000,L222867,1.0,GGTTGTAAGCACTAAA-1,2045,GSM8563000_Naive2_filtered_matrix.mtx.gz,L222867,4
GSM8563000:GGTTGTACACACGGTC,Naive2,GSM8563000,L173296,1.0,GGTTGTACACACGGTC-1,2048,GSM8563000_Naive2_filtered_matrix.mtx.gz,L173296,1
GSM8563000:GGTTGTACACTGGCGT,Naive2,GSM8563000,L325741,1.0,GGTTGTACACTGGCGT-1,2049,GSM8563000_Naive2_filtered_matrix.mtx.gz,L325741,0
GSM8563000:GGTTGTAGTTATAGCC,Naive2,GSM8563000,L56999,1.0,GGTTGTAGTTATAGCC-1,2051,GSM8563000_Naive2_filtered_matrix.mtx.gz,L56999,0
GSM8563000:GTAACACCAAGGAGTC,Naive2,GSM8563000,L20571,1.0,GTAACACCAAGGAGTC-1,2052,GSM8563000_Naive2_filtered_matrix.mtx.gz,L20571,4
GSM8563000:GTAACACGTAACAGTA,Naive2,GSM8563000,L191539,1.0,GTAACACGTAACAGTA-1,2053,GSM8563000_Naive2_filtered_matrix.mtx.gz,L191539,3
GSM8563000:GTAACACTCAAAGAAC,Naive2,GSM8563000,L21716,1.0,GTAACACTCAAAGAAC-1,2054,GSM8563000_Naive2_filtered_matrix.mtx.gz,L21716,4
GSM8563000:GTAACCAAGCAGTCTT,Naive2,GSM8563000,L307185,0.913596,GTAACCAAGCAGTCTT-1,2055,GSM8563000_Naive2_filtered_matrix.mtx.gz,L307185,3
GSM8563000:GTAACCACACCGAATT,Naive2,GSM8563000,L139713,1.0,GTAACCACACCGAATT-1,2057,GSM8563000_Naive2_filtered_matrix.mtx.gz,L139713,0
GSM8563000:GTAACCAGTGCATTAC,Naive2,GSM8563000,L137611,1.0,GTAACCAGTGCATTAC-1,2060,GSM8563000_Naive2_filtered_matrix.mtx.gz,L137611,4
GSM8563000:GTAAGTCCAGTAGAGC,Naive2,GSM8563000,L167950,1.0,GTAAGTCCAGTAGAGC-1,2062,GSM8563000_Naive2_filtered_matrix.mtx.gz,L167950,3
GSM8563000:GTAAGTCTCGTGGCTG,Naive2,GSM8563000,L299027,1.0,GTAAGTCTCGTGGCTG-1,2063,GSM8563000_Naive2_filtered_matrix.mtx.gz,L299027,0
GSM8563000:GTAATCGGTGCAGGAT,Naive2,GSM8563000,L303918,1.0,GTAATCGGTGCAGGAT-1,2065,GSM8563000_Naive2_filtered_matrix.mtx.gz,L303918,0
GSM8563000:GTAATGCAGAGCAAGA,Naive2,GSM8563000,L239228,1.0,GTAATGCAGAGCAAGA-1,2067,GSM8563000_Naive2_filtered_matrix.mtx.gz,L239228,2
GSM8563000:GTAATGCCAACACACT,Naive2,GSM8563000,L189345,1.0,GTAATGCCAACACACT-1,2069,GSM8563000_Naive2_filtered_matrix.mtx.gz,L189345,1
GSM8563000:GTAATGCTCATTGGTG,Naive2,GSM8563000,L289459,1.0,GTAATGCTCATTGGTG-1,2070,GSM8563000_Naive2_filtered_matrix.mtx.gz,L289459,4
GSM8563000:GTACAACCATGAAGGC,Naive2,GSM8563000,L206384,1.0,GTACAACCATGAAGGC-1,2071,GSM8563000_Naive2_filtered_matrix.mtx.gz,L206384,3
GSM8563000:GTACAACTCGGCAGTC,Naive2,GSM8563000,L229269,1.0,GTACAACTCGGCAGTC-1,2073,GSM8563000_Naive2_filtered_matrix.mtx.gz,L229269,2
GSM8563000:GTAGAGGTCTGCGGGT,Naive2,GSM8563000,L33701,1.0,GTAGAGGTCTGCGGGT-1,2079,GSM8563000_Naive2_filtered_matrix.mtx.gz,L33701,3
GSM8563000:GTAGATCGTAATGATG,Naive2,GSM8563000,L251719,1.0,GTAGATCGTAATGATG-1,2082,GSM8563000_Naive2_filtered_matrix.mtx.gz,L251719,2
GSM8563000:GTAGCTAAGCTGCCAC,Naive2,GSM8563000,L133025,1.0,GTAGCTAAGCTGCCAC-1,2083,GSM8563000_Naive2_filtered_matrix.mtx.gz,L133025,1
GSM8563000:GTAGCTAAGGAGCTGT,Naive2,GSM8563000,L68311,1.0,GTAGCTAAGGAGCTGT-1,2084,GSM8563000_Naive2_filtered_matrix.mtx.gz,L68311,2
GSM8563000:GTAGCTAAGTTCCGTA,Naive2,GSM8563000,L241549,1.0,GTAGCTAAGTTCCGTA-1,2085,GSM8563000_Naive2_filtered_matrix.mtx.gz,L241549,3
GSM8563000:GTAGGAGAGCCAAGTG,Naive2,GSM8563000,L247066,1.0,GTAGGAGAGCCAAGTG-1,2087,GSM8563000_Naive2_filtered_matrix.mtx.gz,L247066,2
GSM8563000:GTAGGAGCACTGAGTT,Naive2,GSM8563000,L199024,1.0,GTAGGAGCACTGAGTT-1,2088,GSM8563000_Naive2_filtered_matrix.mtx.gz,L199024,0
GSM8563000:GTAGTACTCGAGAACG,Naive2,GSM8563000,L289410,1.0,GTAGTACTCGAGAACG-1,2092,GSM8563000_Naive2_filtered_matrix.mtx.gz,L289410,2
GSM8563000:GTATTGGAGAATAGTC,Naive2,GSM8563000,L100814,1.0,GTATTGGAGAATAGTC-1,2094,GSM8563000_Naive2_filtered_matrix.mtx.gz,L100814,0
GSM8563000:GTATTGGCAGTTGGTT,Naive2,GSM8563000,L70669,1.0,GTATTGGCAGTTGGTT-1,2096,GSM8563000_Naive2_filtered_matrix.mtx.gz,L70669,3
GSM8563000:GTATTGGGTCTGATCA,Naive2,GSM8563000,L263433,1.0,GTATTGGGTCTGATCA-1,2097,GSM8563000_Naive2_filtered_matrix.mtx.gz,L263433,3
GSM8563000:GTATTGGTCCCGAGAC,Naive2,GSM8563000,L215992,1.0,GTATTGGTCCCGAGAC-1,2099,GSM8563000_Naive2_filtered_matrix.mtx.gz,L215992,0
GSM8563000:GTATTTCAGTTGTCGT,Naive2,GSM8563000,L289410,1.0,GTATTTCAGTTGTCGT-1,2101,GSM8563000_Naive2_filtered_matrix.mtx.gz,L289410,2
GSM8563000:GTCAAACGTCGCATCG,Naive2,GSM8563000,L167950,1.0,GTCAAACGTCGCATCG-1,2102,GSM8563000_Naive2_filtered_matrix.mtx.gz,L167950,3
GSM8563000:GTCAAACTCCTATTTG,Naive2,GSM8563000,L135014,0.942467,GTCAAACTCCTATTTG-1,2103,GSM8563000_Naive2_filtered_matrix.mtx.gz,L135014,4
GSM8563000:GTCAAACTCTGTCGTC,Naive2,GSM8563000,L216702,1.0,GTCAAACTCTGTCGTC-1,2105,GSM8563000_Naive2_filtered_matrix.mtx.gz,L216702,2
GSM8563000:GTCAAGTCATTGCTGA,Naive2,GSM8563000,L127688,1.0,GTCAAGTCATTGCTGA-1,2106,GSM8563000_Naive2_filtered_matrix.mtx.gz,L127688,1
GSM8563000:GTCACTCCAATTGAGA,Naive2,GSM8563000,L112548,0.998314,GTCACTCCAATTGAGA-1,2109,GSM8563000_Naive2_filtered_matrix.mtx.gz,L112548,0
GSM8563000:GTCACTCGTCTTACAG,Naive2,GSM8563000,L172946,1.0,GTCACTCGTCTTACAG-1,2111,GSM8563000_Naive2_filtered_matrix.mtx.gz,L172946,1
GSM8563000:GTCACTCGTGCGGATA,Naive2,GSM8563000,L6369,1.0,GTCACTCGTGCGGATA-1,2112,GSM8563000_Naive2_filtered_matrix.mtx.gz,L6369,4
GSM8563000:GTCAGCGGTACGTGTT,Naive2,GSM8563000,L93306,1.0,GTCAGCGGTACGTGTT-1,2115,GSM8563000_Naive2_filtered_matrix.mtx.gz,L93306,0
GSM8563000:GTCAGCGGTCACTCAA,Naive2,GSM8563000,L168584,1.0,GTCAGCGGTCACTCAA-1,2117,GSM8563000_Naive2_filtered_matrix.mtx.gz,L168584,4
GSM8563000:GTCAGCGGTGAGAACC,Naive2,GSM8563000,L198763,1.0,GTCAGCGGTGAGAACC-1,2118,GSM8563000_Naive2_filtered_matrix.mtx.gz,L198763,3
GSM8563000:GTCATGAGTTTGGCTA,Naive2,GSM8563000,L109193,1.0,GTCATGAGTTTGGCTA-1,2125,GSM8563000_Naive2_filtered_matrix.mtx.gz,L109193,2
GSM8563000:GTCATTTAGATGGGCT,Naive2,GSM8563000,L5905,1.0,GTCATTTAGATGGGCT-1,2126,GSM8563000_Naive2_filtered_matrix.mtx.gz,L5905,4
GSM8563000:GTCATTTTCGTAATGC,Naive2,GSM8563000,L33701,1.0,GTCATTTTCGTAATGC-1,2128,GSM8563000_Naive2_filtered_matrix.mtx.gz,L33701,3
GSM8563000:GTCCACTAGCATCAGG,Naive2,GSM8563000,L88461,1.0,GTCCACTAGCATCAGG-1,2130,GSM8563000_Naive2_filtered_matrix.mtx.gz,L88461,3
GSM8563000:GTCCACTTCCTGTACC,Naive2,GSM8563000,L195943,1.0,GTCCACTTCCTGTACC-1,2133,GSM8563000_Naive2_filtered_matrix.mtx.gz,L195943,3
GSM8563000:GTCGAATAGAGAACCC,Naive2,GSM8563000,L74748,1.0,GTCGAATAGAGAACCC-1,2136,GSM8563000_Naive2_filtered_matrix.mtx.gz,L74748,3
GSM8563000:GTCGAATGTAAGGCTG,Naive2,GSM8563000,L322777,1.0,GTCGAATGTAAGGCTG-1,2137,GSM8563000_Naive2_filtered_matrix.mtx.gz,L322777,4
GSM8563000:GTCGAATGTCTTGAAC,Naive2,GSM8563000,L145073,1.0,GTCGAATGTCTTGAAC-1,2138,GSM8563000_Naive2_filtered_matrix.mtx.gz,L145073,1
GSM8563000:GTCGAATTCTGAATGC,Naive2,GSM8563000,L167950,1.0,GTCGAATTCTGAATGC-1,2139,GSM8563000_Naive2_filtered_matrix.mtx.gz,L167950,3
GSM8563000:GTCGCGAGTTTACACG,Naive2,GSM8563000,L237062,1.0,GTCGCGAGTTTACACG-1,2140,GSM8563000_Naive2_filtered_matrix.mtx.gz,L237062,1
GSM8563000:GTCGTAAAGGTCTTTG,Naive2,GSM8563000,L307329,1.0,GTCGTAAAGGTCTTTG-1,2143,GSM8563000_Naive2_filtered_matrix.mtx.gz,L307329,1
GSM8563000:GTCGTAACAAGATCCT,Naive2,GSM8563000,L145263,1.0,GTCGTAACAAGATCCT-1,2145,GSM8563000_Naive2_filtered_matrix.mtx.gz,L145263,4
GSM8563000:GTCGTTCAGACGCTCC,Naive2,GSM8563000,L231007,1.0,GTCGTTCAGACGCTCC-1,2148,GSM8563000_Naive2_filtered_matrix.mtx.gz,L231007,2
GSM8563000:GTCGTTCTCTTTCTAG,Naive2,GSM8563000,L107403,1.0,GTCGTTCTCTTTCTAG-1,2150,GSM8563000_Naive2_filtered_matrix.mtx.gz,L107403,0
GSM8563000:GTCTACCAGCGTTACT,Naive2,GSM8563000,L56999,1.0,GTCTACCAGCGTTACT-1,2152,GSM8563000_Naive2_filtered_matrix.mtx.gz,L56999,0
GSM8563000:GTCTACCGTGTCGATT,Naive2,GSM8563000,L98757,0.821299,GTCTACCGTGTCGATT-1,2154,GSM8563000_Naive2_filtered_matrix.mtx.gz,L98757,1
GSM8563000:GTCTAGATCCCATTCG,Naive2,GSM8563000,L132063,1.0,GTCTAGATCCCATTCG-1,2158,GSM8563000_Naive2_filtered_matrix.mtx.gz,L132063,2
GSM8563000:GTCTCACAGTTGCCCG,Naive2,GSM8563000,L112164,1.0,GTCTCACAGTTGCCCG-1,2160,GSM8563000_Naive2_filtered_matrix.mtx.gz,L112164,2
GSM8563000:GTCTCACTCTTAGCAG,Naive2,GSM8563000,L24429,1.0,GTCTCACTCTTAGCAG-1,2162,GSM8563000_Naive2_filtered_matrix.mtx.gz,L24429,4
GSM8563000:GTCTGTCTCCGATAAC,Naive2,GSM8563000,L35389,1.0,GTCTGTCTCCGATAAC-1,2164,GSM8563000_Naive2_filtered_matrix.mtx.gz,L35389,4
GSM8563000:GTCTTTACACAAGCCC,Naive2,GSM8563000,L186949,1.0,GTCTTTACACAAGCCC-1,2165,GSM8563000_Naive2_filtered_matrix.mtx.gz,L186949,2
GSM8563000:GTCTTTACACCCATAA,Naive2,GSM8563000,L8006,1.0,GTCTTTACACCCATAA-1,2166,GSM8563000_Naive2_filtered_matrix.mtx.gz,L8006,4
GSM8563000:GTGACGCAGCTGAGTG,Naive2,GSM8563000,L187885,1.0,GTGACGCAGCTGAGTG-1,2167,GSM8563000_Naive2_filtered_matrix.mtx.gz,L187885,0
GSM8563000:GTGAGCCGTATGCGGA,Naive2,GSM8563000,L33007,1.0,GTGAGCCGTATGCGGA-1,2168,GSM8563000_Naive2_filtered_matrix.mtx.gz,L33007,1
GSM8563000:GTGAGCCGTTCAATCG,Naive2,GSM8563000,L214973,1.0,GTGAGCCGTTCAATCG-1,2169,GSM8563000_Naive2_filtered_matrix.mtx.gz,L214973,2
GSM8563000:GTGAGGAGTAAGATCA,Naive2,GSM8563000,L316533,1.0,GTGAGGAGTAAGATCA-1,2170,GSM8563000_Naive2_filtered_matrix.mtx.gz,L316533,2
GSM8563000:GTGAGTTCAATTGAAG,Naive2,GSM8563000,L204285,1.0,GTGAGTTCAATTGAAG-1,2171,GSM8563000_Naive2_filtered_matrix.mtx.gz,L204285,3
GSM8563000:GTGAGTTTCCCTCAAC,Naive2,GSM8563000,L173296,1.0,GTGAGTTTCCCTCAAC-1,2172,GSM8563000_Naive2_filtered_matrix.mtx.gz,L173296,1
GSM8563000:GTGATGTCATGGAACG,Naive2,GSM8563000,L227359,1.0,GTGATGTCATGGAACG-1,2173,GSM8563000_Naive2_filtered_matrix.mtx.gz,L227359,0
GSM8563000:GTGATGTGTGGAACAC,Naive2,GSM8563000,L55883,0.603318,GTGATGTGTGGAACAC-1,2174,GSM8563000_Naive2_filtered_matrix.mtx.gz,L55883,2
GSM8563000:GTGATGTTCATACGAC,Naive2,GSM8563000,L77443,0.997316,GTGATGTTCATACGAC-1,2175,GSM8563000_Naive2_filtered_matrix.mtx.gz,L77443,2
GSM8563000:GTGCACGTCGCCAGAC,Naive2,GSM8563000,L315950,1.0,GTGCACGTCGCCAGAC-1,2178,GSM8563000_Naive2_filtered_matrix.mtx.gz,L315950,3
GSM8563000:GTGCAGCAGCTGTACT,Naive2,GSM8563000,L69904,1.0,GTGCAGCAGCTGTACT-1,2179,GSM8563000_Naive2_filtered_matrix.mtx.gz,L69904,4
GSM8563000:GTGCAGCAGTGTACAA,Naive2,GSM8563000,L211252,0.999926,GTGCAGCAGTGTACAA-1,2180,GSM8563000_Naive2_filtered_matrix.mtx.gz,L211252,2
GSM8563000:GTGCGTGTCCCTCTAG,Naive2,GSM8563000,L107578,1.0,GTGCGTGTCCCTCTAG-1,2183,GSM8563000_Naive2_filtered_matrix.mtx.gz,L107578,2
GSM8563000:GTGCTGGCACCCTGAG,Naive2,GSM8563000,L231446,1.0,GTGCTGGCACCCTGAG-1,2184,GSM8563000_Naive2_filtered_matrix.mtx.gz,L231446,0
GSM8563000:GTGCTTCAGACAGCTG,Naive2,GSM8563000,L98634,1.0,GTGCTTCAGACAGCTG-1,2185,GSM8563000_Naive2_filtered_matrix.mtx.gz,L98634,2
GSM8563000:GTGGAAGGTAACACCT,Naive2,GSM8563000,L68311,1.0,GTGGAAGGTAACACCT-1,2187,GSM8563000_Naive2_filtered_matrix.mtx.gz,L68311,2
GSM8563000:GTGGAAGTCACCTGTC,Naive2,GSM8563000,L322777,1.0,GTGGAAGTCACCTGTC-1,2188,GSM8563000_Naive2_filtered_matrix.mtx.gz,L322777,4
GSM8563000:GTGGAGAGTCTGGTTA,Naive2,GSM8563000,L259644,1.0,GTGGAGAGTCTGGTTA-1,2190,GSM8563000_Naive2_filtered_matrix.mtx.gz,L259644,0
GSM8563000:GTGGCGTGTACCGGAA,Naive2,GSM8563000,L107467,1.0,GTGGCGTGTACCGGAA-1,2192,GSM8563000_Naive2_filtered_matrix.mtx.gz,L107467,4
GSM8563000:GTGGGAAAGTCTCTGA,Naive2,GSM8563000,L233176,0.999651,GTGGGAAAGTCTCTGA-1,2193,GSM8563000_Naive2_filtered_matrix.mtx.gz,L233176,0
GSM8563000:GTGGGAAGTCCCACGA,Naive2,GSM8563000,L2779,1.0,GTGGGAAGTCCCACGA-1,2194,GSM8563000_Naive2_filtered_matrix.mtx.gz,L2779,4
GSM8563000:GTGGTTACAGACCAAG,Naive2,GSM8563000,L253916,1.0,GTGGTTACAGACCAAG-1,2196,GSM8563000_Naive2_filtered_matrix.mtx.gz,L253916,1
GSM8563000:GTGTAACCATATACCG,Naive2,GSM8563000,L307963,1.0,GTGTAACCATATACCG-1,2198,GSM8563000_Naive2_filtered_matrix.mtx.gz,L307963,2
GSM8563000:GTGTCCTAGTGAGGTC,Naive2,GSM8563000,L187096,1.0,GTGTCCTAGTGAGGTC-1,2199,GSM8563000_Naive2_filtered_matrix.mtx.gz,L187096,2
GSM8563000:GTGTCCTCAAATGAAC,Naive2,GSM8563000,L329437,0.512769,GTGTCCTCAAATGAAC-1,2200,GSM8563000_Naive2_filtered_matrix.mtx.gz,L329437,3
GSM8563000:GTGTCCTCAACGGGTA,Naive2,GSM8563000,L219307,1.0,GTGTCCTCAACGGGTA-1,2201,GSM8563000_Naive2_filtered_matrix.mtx.gz,L219307,3
GSM8563000:GTGTGATTCACTGATG,Naive2,GSM8563000,L167950,1.0,GTGTGATTCACTGATG-1,2204,GSM8563000_Naive2_filtered_matrix.mtx.gz,L167950,3
GSM8563000:GTGTGATTCTTAATCC,Naive2,GSM8563000,L282791,1.0,GTGTGATTCTTAATCC-1,2205,GSM8563000_Naive2_filtered_matrix.mtx.gz,L282791,4
GSM8563000:GTGTGATTCTTCCACG,Naive2,GSM8563000,L70669,1.0,GTGTGATTCTTCCACG-1,2206,GSM8563000_Naive2_filtered_matrix.mtx.gz,L70669,3
GSM8563000:GTGTGGCTCTTGGCTC,Naive2,GSM8563000,L166707,1.0,GTGTGGCTCTTGGCTC-1,2207,GSM8563000_Naive2_filtered_matrix.mtx.gz,L166707,1
GSM8563000:GTGTTAGGTGTTTACG,Naive2,GSM8563000,L66564,1.0,GTGTTAGGTGTTTACG-1,2208,GSM8563000_Naive2_filtered_matrix.mtx.gz,L66564,1
GSM8563000:GTTACCCAGGCCACCT,Naive2,GSM8563000,L113820,1.0,GTTACCCAGGCCACCT-1,2214,GSM8563000_Naive2_filtered_matrix.mtx.gz,L113820,1
GSM8563000:GTTACGAAGCGTGAAC,Naive2,GSM8563000,L217371,1.0,GTTACGAAGCGTGAAC-1,2218,GSM8563000_Naive2_filtered_matrix.mtx.gz,L217371,2
GSM8563000:GTTACGAGTAGGAGTC,Naive2,GSM8563000,L260546,1.0,GTTACGAGTAGGAGTC-1,2220,GSM8563000_Naive2_filtered_matrix.mtx.gz,L260546,1
GSM8563000:GTTACGATCTTGCGCT,Naive2,GSM8563000,L237845,1.0,GTTACGATCTTGCGCT-1,2221,GSM8563000_Naive2_filtered_matrix.mtx.gz,L237845,2
GSM8563000:GTTAGACCACGAGGAT,Naive2,GSM8563000,L314894,1.0,GTTAGACCACGAGGAT-1,2222,GSM8563000_Naive2_filtered_matrix.mtx.gz,L314894,1
GSM8563000:GTTAGACCATTCAGCA,Naive2,GSM8563000,L3550,1.0,GTTAGACCATTCAGCA-1,2224,GSM8563000_Naive2_filtered_matrix.mtx.gz,L3550,3
GSM8563000:GTTAGACTCGGTTAGT,Naive2,GSM8563000,L64673,0.917464,GTTAGACTCGGTTAGT-1,2225,GSM8563000_Naive2_filtered_matrix.mtx.gz,L64673,0
GSM8563000:GTTAGTGAGTGGGAAA,Naive2,GSM8563000,L33701,1.0,GTTAGTGAGTGGGAAA-1,2227,GSM8563000_Naive2_filtered_matrix.mtx.gz,L33701,3
GSM8563000:GTTAGTGCACAGCATT,Naive2,GSM8563000,L124052,1.0,GTTAGTGCACAGCATT-1,2228,GSM8563000_Naive2_filtered_matrix.mtx.gz,L124052,4
GSM8563000:GTTAGTGCACTCCTTG,Naive2,GSM8563000,L114035,1.0,GTTAGTGCACTCCTTG-1,2229,GSM8563000_Naive2_filtered_matrix.mtx.gz,L114035,3
GSM8563000:GTTAGTGGTACGCTAT,Naive2,GSM8563000,L273363,1.0,GTTAGTGGTACGCTAT-1,2231,GSM8563000_Naive2_filtered_matrix.mtx.gz,L273363,1
GSM8563000:GTTAGTGGTGACATCT,Naive2,GSM8563000,L210499,1.0,GTTAGTGGTGACATCT-1,2232,GSM8563000_Naive2_filtered_matrix.mtx.gz,L210499,1
GSM8563000:GTTAGTGGTGTTAAAG,Naive2,GSM8563000,L174664,1.0,GTTAGTGGTGTTAAAG-1,2233,GSM8563000_Naive2_filtered_matrix.mtx.gz,L174664,0
GSM8563000:GTTAGTGTCAGAGTTC,Naive2,GSM8563000,L196980,1.0,GTTAGTGTCAGAGTTC-1,2234,GSM8563000_Naive2_filtered_matrix.mtx.gz,L196980,3
GSM8563000:GTTAGTGTCAGTCATG,Naive2,GSM8563000,L210749,1.0,GTTAGTGTCAGTCATG-1,2235,GSM8563000_Naive2_filtered_matrix.mtx.gz,L210749,2
GSM8563000:GTTATGGAGACCCGCT,Naive2,GSM8563000,L62684,1.0,GTTATGGAGACCCGCT-1,2237,GSM8563000_Naive2_filtered_matrix.mtx.gz,L62684,1
GSM8563000:GTTATGGAGGATTACA,Naive2,GSM8563000,L19489,1.0,GTTATGGAGGATTACA-1,2239,GSM8563000_Naive2_filtered_matrix.mtx.gz,L19489,0
GSM8563000:GTTATGGGTCGTTCAA,Naive2,GSM8563000,L22744,1.0,GTTATGGGTCGTTCAA-1,2241,GSM8563000_Naive2_filtered_matrix.mtx.gz,L22744,4
GSM8563000:GTTCATTAGGGAACAA,Naive2,GSM8563000,L229177,1.0,GTTCATTAGGGAACAA-1,2242,GSM8563000_Naive2_filtered_matrix.mtx.gz,L229177,1
GSM8563000:GTTCCGTAGTGGGAAA,Naive2,GSM8563000,L132173,1.0,GTTCCGTAGTGGGAAA-1,2243,GSM8563000_Naive2_filtered_matrix.mtx.gz,L132173,1
GSM8563000:GTTCCGTGTCGCTTGG,Naive2,GSM8563000,L241540,1.0,GTTCCGTGTCGCTTGG-1,2245,GSM8563000_Naive2_filtered_matrix.mtx.gz,L241540,2
GSM8563000:GTTCGCTGTCGTGATT,Naive2,GSM8563000,L62700,1.0,GTTCGCTGTCGTGATT-1,2248,GSM8563000_Naive2_filtered_matrix.mtx.gz,L62700,2
GSM8563000:GTTCGCTTCTGCTAGA,Naive2,GSM8563000,L84351,1.0,GTTCGCTTCTGCTAGA-1,2250,GSM8563000_Naive2_filtered_matrix.mtx.gz,L84351,3
GSM8563000:GTTCTATTCAGGCGAA,Naive2,GSM8563000,L35089,1.0,GTTCTATTCAGGCGAA-1,2251,GSM8563000_Naive2_filtered_matrix.mtx.gz,L35089,1
GSM8563000:GTTGAACGTAGCGTCC,Naive2,GSM8563000,L75392,1.0,GTTGAACGTAGCGTCC-1,2252,GSM8563000_Naive2_filtered_matrix.mtx.gz,L75392,4
GSM8563000:GTTGCGGGTAAGTTGA,Naive2,GSM8563000,L329553,1.0,GTTGCGGGTAAGTTGA-1,2255,GSM8563000_Naive2_filtered_matrix.mtx.gz,L329553,3
GSM8563000:GTTGCGGGTAGGAGGG,Naive2,GSM8563000,L76568,1.0,GTTGCGGGTAGGAGGG-1,2256,GSM8563000_Naive2_filtered_matrix.mtx.gz,L76568,0
GSM8563000:GTTGCGGGTATCAGGG,Naive2,GSM8563000,L293016,1.0,GTTGCGGGTATCAGGG-1,2257,GSM8563000_Naive2_filtered_matrix.mtx.gz,L293016,2
GSM8563000:GTTGCTCGTCGGTAAG,Naive2,GSM8563000,L229874,1.0,GTTGCTCGTCGGTAAG-1,2260,GSM8563000_Naive2_filtered_matrix.mtx.gz,L229874,1
GSM8563000:GTTGTAGGTTAGCGGA,Naive2,GSM8563000,L80184,1.0,GTTGTAGGTTAGCGGA-1,2261,GSM8563000_Naive2_filtered_matrix.mtx.gz,L80184,3
GSM8563000:GTTGTAGTCCTATGGA,Naive2,GSM8563000,L271069,1.0,GTTGTAGTCCTATGGA-1,2262,GSM8563000_Naive2_filtered_matrix.mtx.gz,L271069,0
GSM8563000:GTTGTAGTCTCATGGA,Naive2,GSM8563000,L316533,1.0,GTTGTAGTCTCATGGA-1,2263,GSM8563000_Naive2_filtered_matrix.mtx.gz,L316533,2
GSM8563000:GTTGTCCGTCACTGAT,Naive2,GSM8563000,L24713,1.0,GTTGTCCGTCACTGAT-1,2265,GSM8563000_Naive2_filtered_matrix.mtx.gz,L24713,2
GSM8563000:GTTGTCCGTCGTGCCA,Naive2,GSM8563000,L232125,1.0,GTTGTCCGTCGTGCCA-1,2266,GSM8563000_Naive2_filtered_matrix.mtx.gz,L232125,0
GSM8563000:GTTGTCCTCGTTAGAC,Naive2,GSM8563000,L227975,1.0,GTTGTCCTCGTTAGAC-1,2269,GSM8563000_Naive2_filtered_matrix.mtx.gz,L227975,1
GSM8563000:GTTGTGAAGGTTCACT,Naive2,GSM8563000,L162604,1.0,GTTGTGAAGGTTCACT-1,2270,GSM8563000_Naive2_filtered_matrix.mtx.gz,L162604,0
GSM8563000:GTTGTGACAATTGTGC,Naive2,GSM8563000,L65984,1.0,GTTGTGACAATTGTGC-1,2272,GSM8563000_Naive2_filtered_matrix.mtx.gz,L65984,2
GSM8563000:GTTTGGAAGGCAGGGA,Naive2,GSM8563000,L260458,1.0,GTTTGGAAGGCAGGGA-1,2277,GSM8563000_Naive2_filtered_matrix.mtx.gz,L260458,4
GSM8563000:GTTTGGAGTACACTCA,Naive2,GSM8563000,L3265,1.0,GTTTGGAGTACACTCA-1,2278,GSM8563000_Naive2_filtered_matrix.mtx.gz,L3265,4
GSM8563000:GTTTGGAGTGGACTGA,Naive2,GSM8563000,L166657,1.0,GTTTGGAGTGGACTGA-1,2279,GSM8563000_Naive2_filtered_matrix.mtx.gz,L166657,3
GSM8563000:TAACACGGTAGCACGA,Naive2,GSM8563000,L179445,0.999952,TAACACGGTAGCACGA-1,2281,GSM8563000_Naive2_filtered_matrix.mtx.gz,L179445,0
GSM8563000:TAACACGGTCAACCAT,Naive2,GSM8563000,L160952,0.987219,TAACACGGTCAACCAT-1,2282,GSM8563000_Naive2_filtered_matrix.mtx.gz,L160952,4
GSM8563000:TAACACGGTTATAGAG,Naive2,GSM8563000,L23121,1.0,TAACACGGTTATAGAG-1,2284,GSM8563000_Naive2_filtered_matrix.mtx.gz,L23121,1
GSM8563000:TAACCAGAGCTAGCCC,Naive2,GSM8563000,L293983,1.0,TAACCAGAGCTAGCCC-1,2286,GSM8563000_Naive2_filtered_matrix.mtx.gz,L293983,3
GSM8563000:TAACCAGCATAACGGG,Naive2,GSM8563000,L100814,1.0,TAACCAGCATAACGGG-1,2287,GSM8563000_Naive2_filtered_matrix.mtx.gz,L100814,0
GSM8563000:TAACCAGTCACATCAG,Naive2,GSM8563000,L229874,1.0,TAACCAGTCACATCAG-1,2288,GSM8563000_Naive2_filtered_matrix.mtx.gz,L229874,1
GSM8563000:TAACGACGTGATAGAT,Naive2,GSM8563000,L314894,1.0,TAACGACGTGATAGAT-1,2291,GSM8563000_Naive2_filtered_matrix.mtx.gz,L314894,1
GSM8563000:TAACTTCCACTGTGAT,Naive2,GSM8563000,L31852,1.0,TAACTTCCACTGTGAT-1,2295,GSM8563000_Naive2_filtered_matrix.mtx.gz,L31852,2
GSM8563000:TAACTTCTCCACTTCG,Naive2,GSM8563000,L173031,1.0,TAACTTCTCCACTTCG-1,2297,GSM8563000_Naive2_filtered_matrix.mtx.gz,L173031,0
GSM8563000:TAACTTCTCTCGACCT,Naive2,GSM8563000,L314894,1.0,TAACTTCTCTCGACCT-1,2298,GSM8563000_Naive2_filtered_matrix.mtx.gz,L314894,1
GSM8563000:TAAGCACAGACCTGGA,Naive2,GSM8563000,L212210,1.0,TAAGCACAGACCTGGA-1,2299,GSM8563000_Naive2_filtered_matrix.mtx.gz,L212210,2
GSM8563000:TAAGCACCATGACAAA,Naive2,GSM8563000,L305830,1.0,TAAGCACCATGACAAA-1,2300,GSM8563000_Naive2_filtered_matrix.mtx.gz,L305830,0
GSM8563000:TAAGCACTCTATACTC,Naive2,GSM8563000,L81738,1.0,TAAGCACTCTATACTC-1,2302,GSM8563000_Naive2_filtered_matrix.mtx.gz,L81738,0
GSM8563000:TAAGCCAAGACTTAAG,Naive2,GSM8563000,L84010,1.0,TAAGCCAAGACTTAAG-1,2303,GSM8563000_Naive2_filtered_matrix.mtx.gz,L84010,3
GSM8563000:TAAGCCACATCAGCGC,Naive2,GSM8563000,L303918,1.0,TAAGCCACATCAGCGC-1,2304,GSM8563000_Naive2_filtered_matrix.mtx.gz,L303918,0
GSM8563000:TAAGCCAGTCATACCA,Naive2,GSM8563000,L86394,1.0,TAAGCCAGTCATACCA-1,2305,GSM8563000_Naive2_filtered_matrix.mtx.gz,L86394,1
GSM8563000:TAAGCCATCACACCCT,Naive2,GSM8563000,L229874,1.0,TAAGCCATCACACCCT-1,2306,GSM8563000_Naive2_filtered_matrix.mtx.gz,L229874,1
GSM8563000:TAAGCGTAGAGCCATG,Naive2,GSM8563000,L162604,1.0,TAAGCGTAGAGCCATG-1,2307,GSM8563000_Naive2_filtered_matrix.mtx.gz,L162604,0
GSM8563000:TAAGCGTAGCAGATAT,Naive2,GSM8563000,L145010,0.999692,TAAGCGTAGCAGATAT-1,2308,GSM8563000_Naive2_filtered_matrix.mtx.gz,L145010,0
GSM8563000:TAAGCGTTCAGACTGT,Naive2,GSM8563000,L84010,1.0,TAAGCGTTCAGACTGT-1,2309,GSM8563000_Naive2_filtered_matrix.mtx.gz,L84010,3
GSM8563000:TAAGTCGAGAGGATCC,Naive2,GSM8563000,L70669,1.0,TAAGTCGAGAGGATCC-1,2310,GSM8563000_Naive2_filtered_matrix.mtx.gz,L70669,3
GSM8563000:TAAGTCGCAACAGAGC,Naive2,GSM8563000,L51669,1.0,TAAGTCGCAACAGAGC-1,2312,GSM8563000_Naive2_filtered_matrix.mtx.gz,L51669,4
GSM8563000:TAATCTCAGGCGTCCT,Naive2,GSM8563000,L239228,1.0,TAATCTCAGGCGTCCT-1,2314,GSM8563000_Naive2_filtered_matrix.mtx.gz,L239228,2
GSM8563000:TAATCTCAGGTATAGT,Naive2,GSM8563000,L265375,1.0,TAATCTCAGGTATAGT-1,2315,GSM8563000_Naive2_filtered_matrix.mtx.gz,L265375,2
GSM8563000:TAATCTCGTTGCTGAT,Naive2,GSM8563000,L204032,1.0,TAATCTCGTTGCTGAT-1,2317,GSM8563000_Naive2_filtered_matrix.mtx.gz,L204032,4
GSM8563000:TAATTCCCACTCTCGT,Naive2,GSM8563000,L41780,1.0,TAATTCCCACTCTCGT-1,2320,GSM8563000_Naive2_filtered_matrix.mtx.gz,L41780,4
GSM8563000:TAATTCCGTCAGGTGA,Naive2,GSM8563000,L2779,1.0,TAATTCCGTCAGGTGA-1,2321,GSM8563000_Naive2_filtered_matrix.mtx.gz,L2779,4
GSM8563000:TACAACGTCCAAACCA,Naive2,GSM8563000,L320820,1.0,TACAACGTCCAAACCA-1,2324,GSM8563000_Naive2_filtered_matrix.mtx.gz,L320820,3
GSM8563000:TACACCCCAAGGTCAG,Naive2,GSM8563000,L241540,1.0,TACACCCCAAGGTCAG-1,2326,GSM8563000_Naive2_filtered_matrix.mtx.gz,L241540,2
GSM8563000:TACAGGTCACTCTGCT,Naive2,GSM8563000,L124052,1.0,TACAGGTCACTCTGCT-1,2329,GSM8563000_Naive2_filtered_matrix.mtx.gz,L124052,4
GSM8563000:TACATTCCAGGCTACC,Naive2,GSM8563000,L241549,1.0,TACATTCCAGGCTACC-1,2330,GSM8563000_Naive2_filtered_matrix.mtx.gz,L241549,3
GSM8563000:TACATTCCATTCTGTT,Naive2,GSM8563000,L273673,0.558938,TACATTCCATTCTGTT-1,2331,GSM8563000_Naive2_filtered_matrix.mtx.gz,L273673,4
GSM8563000:TACATTCGTATTTCTC,Naive2,GSM8563000,L118399,1.0,TACATTCGTATTTCTC-1,2332,GSM8563000_Naive2_filtered_matrix.mtx.gz,L118399,3
GSM8563000:TACATTCGTTAGGCCC,Naive2,GSM8563000,L230913,1.0,TACATTCGTTAGGCCC-1,2333,GSM8563000_Naive2_filtered_matrix.mtx.gz,L230913,1
GSM8563000:TACATTCTCATCAGTG,Naive2,GSM8563000,L55272,1.0,TACATTCTCATCAGTG-1,2334,GSM8563000_Naive2_filtered_matrix.mtx.gz,L55272,4
GSM8563000:TACCCACCAGTTCCAA,Naive2,GSM8563000,L212929,1.0,TACCCACCAGTTCCAA-1,2336,GSM8563000_Naive2_filtered_matrix.mtx.gz,L212929,4
GSM8563000:TACCCGTCACTGATTG,Naive2,GSM8563000,L55974,1.0,TACCCGTCACTGATTG-1,2337,GSM8563000_Naive2_filtered_matrix.mtx.gz,L55974,3
GSM8563000:TACCCGTCATACCGTA,Naive2,GSM8563000,L210992,1.0,TACCCGTCATACCGTA-1,2338,GSM8563000_Naive2_filtered_matrix.mtx.gz,L210992,1
GSM8563000:TACCCGTGTGCGGCTT,Naive2,GSM8563000,L70669,1.0,TACCCGTGTGCGGCTT-1,2339,GSM8563000_Naive2_filtered_matrix.mtx.gz,L70669,3
GSM8563000:TACCGAATCGCACTCT,Naive2,GSM8563000,L251719,1.0,TACCGAATCGCACTCT-1,2343,GSM8563000_Naive2_filtered_matrix.mtx.gz,L251719,2
GSM8563000:TACCGGGTCAAGTCTG,Naive2,GSM8563000,L152572,1.0,TACCGGGTCAAGTCTG-1,2345,GSM8563000_Naive2_filtered_matrix.mtx.gz,L152572,3
GSM8563000:TACCGGGTCCATCAGA,Naive2,GSM8563000,L228182,1.0,TACCGGGTCCATCAGA-1,2346,GSM8563000_Naive2_filtered_matrix.mtx.gz,L228182,0
GSM8563000:TACCTCGCAGCGACCT,Naive2,GSM8563000,L272263,1.0,TACCTCGCAGCGACCT-1,2347,GSM8563000_Naive2_filtered_matrix.mtx.gz,L272263,2
GSM8563000:TACCTCGTCGCGGTAC,Naive2,GSM8563000,L172925,1.0,TACCTCGTCGCGGTAC-1,2348,GSM8563000_Naive2_filtered_matrix.mtx.gz,L172925,1
GSM8563000:TACGCTCTCCCGAAAT,Naive2,GSM8563000,L146976,1.0,TACGCTCTCCCGAAAT-1,2353,GSM8563000_Naive2_filtered_matrix.mtx.gz,L146976,2
GSM8563000:TACGCTCTCTCATTGT,Naive2,GSM8563000,L59420,1.0,TACGCTCTCTCATTGT-1,2354,GSM8563000_Naive2_filtered_matrix.mtx.gz,L59420,0
GSM8563000:TACGGGCTCGAGATGG,Naive2,GSM8563000,L77443,1.0,TACGGGCTCGAGATGG-1,2357,GSM8563000_Naive2_filtered_matrix.mtx.gz,L77443,2
GSM8563000:TACGGTAAGTGTTGTC,Naive2,GSM8563000,L296406,1.0,TACGGTAAGTGTTGTC-1,2358,GSM8563000_Naive2_filtered_matrix.mtx.gz,L296406,1
GSM8563000:TACGGTAGTGCTAGCC,Naive2,GSM8563000,L154401,1.0,TACGGTAGTGCTAGCC-1,2362,GSM8563000_Naive2_filtered_matrix.mtx.gz,L154401,3
GSM8563000:TACGGTAGTTCAAGGG,Naive2,GSM8563000,L31111,1.0,TACGGTAGTTCAAGGG-1,2363,GSM8563000_Naive2_filtered_matrix.mtx.gz,L31111,3
GSM8563000:TACGTCCGTAATGCTC,Naive2,GSM8563000,L147347,1.0,TACGTCCGTAATGCTC-1,2366,GSM8563000_Naive2_filtered_matrix.mtx.gz,L147347,1
GSM8563000:TACGTCCTCCTTCGAC,Naive2,GSM8563000,L23121,1.0,TACGTCCTCCTTCGAC-1,2367,GSM8563000_Naive2_filtered_matrix.mtx.gz,L23121,1
GSM8563000:TACTGCCAGAACGTGC,Naive2,GSM8563000,L116287,0.999999,TACTGCCAGAACGTGC-1,2368,GSM8563000_Naive2_filtered_matrix.mtx.gz,L116287,0
GSM8563000:TACTGCCAGCGAGTAC,Naive2,GSM8563000,L187096,1.0,TACTGCCAGCGAGTAC-1,2369,GSM8563000_Naive2_filtered_matrix.mtx.gz,L187096,2
GSM8563000:TACTGCCGTCCAAGAG,Naive2,GSM8563000,L323778,1.0,TACTGCCGTCCAAGAG-1,2372,GSM8563000_Naive2_filtered_matrix.mtx.gz,L323778,4
GSM8563000:TACTGCCTCAGATGCT,Naive2,GSM8563000,L328955,1.0,TACTGCCTCAGATGCT-1,2373,GSM8563000_Naive2_filtered_matrix.mtx.gz,L328955,3
GSM8563000:TACTTACCAACGGCTC,Naive2,GSM8563000,L300084,1.0,TACTTACCAACGGCTC-1,2376,GSM8563000_Naive2_filtered_matrix.mtx.gz,L300084,1
GSM8563000:TACTTCACAGTAACGG,Naive2,GSM8563000,L296371,1.0,TACTTCACAGTAACGG-1,2377,GSM8563000_Naive2_filtered_matrix.mtx.gz,L296371,1
GSM8563000:TACTTCATCACAACCA,Naive2,GSM8563000,L13633,1.0,TACTTCATCACAACCA-1,2378,GSM8563000_Naive2_filtered_matrix.mtx.gz,L13633,4
GSM8563000:TACTTCATCTAACACG,Naive2,GSM8563000,L109019,1.0,TACTTCATCTAACACG-1,2379,GSM8563000_Naive2_filtered_matrix.mtx.gz,L109019,3
GSM8563000:TACTTCATCTCCTGCA,Naive2,GSM8563000,L257154,1.0,TACTTCATCTCCTGCA-1,2380,GSM8563000_Naive2_filtered_matrix.mtx.gz,L257154,4
GSM8563000:TACTTGTCATGATCTG,Naive2,GSM8563000,L322091,0.998589,TACTTGTCATGATCTG-1,2382,GSM8563000_Naive2_filtered_matrix.mtx.gz,L322091,3
GSM8563000:TACTTGTTCCATCTGC,Naive2,GSM8563000,L150059,0.719394,TACTTGTTCCATCTGC-1,2384,GSM8563000_Naive2_filtered_matrix.mtx.gz,L150059,2
GSM8563000:TACTTGTTCTCTCGAC,Naive2,GSM8563000,L248375,1.0,TACTTGTTCTCTCGAC-1,2385,GSM8563000_Naive2_filtered_matrix.mtx.gz,L248375,2
GSM8563000:TAGACCAAGCTTTGTG,Naive2,GSM8563000,L96449,1.0,TAGACCAAGCTTTGTG-1,2386,GSM8563000_Naive2_filtered_matrix.mtx.gz,L96449,2
GSM8563000:TAGACCAGTGGTCTTA,Naive2,GSM8563000,L331640,1.0,TAGACCAGTGGTCTTA-1,2387,GSM8563000_Naive2_filtered_matrix.mtx.gz,L331640,1
GSM8563000:TAGACTGCAATGACCT,Naive2,GSM8563000,L116548,1.0,TAGACTGCAATGACCT-1,2389,GSM8563000_Naive2_filtered_matrix.mtx.gz,L116548,0
GSM8563000:TAGACTGTCAAACTGC,Naive2,GSM8563000,L16178,1.0,TAGACTGTCAAACTGC-1,2392,GSM8563000_Naive2_filtered_matrix.mtx.gz,L16178,0
GSM8563000:TAGAGTCGTTCAATCG,Naive2,GSM8563000,L223068,1.0,TAGAGTCGTTCAATCG-1,2396,GSM8563000_Naive2_filtered_matrix.mtx.gz,L223068,0
GSM8563000:TAGATCGAGCCTTTCC,Naive2,GSM8563000,L249999,1.0,TAGATCGAGCCTTTCC-1,2397,GSM8563000_Naive2_filtered_matrix.mtx.gz,L249999,3
GSM8563000:TAGATCGTCTCTCTTC,Naive2,GSM8563000,L229096,1.0,TAGATCGTCTCTCTTC-1,2398,GSM8563000_Naive2_filtered_matrix.mtx.gz,L229096,4
GSM8563000:TAGGAGGCAGTAGATA,Naive2,GSM8563000,L66564,1.0,TAGGAGGCAGTAGATA-1,2401,GSM8563000_Naive2_filtered_matrix.mtx.gz,L66564,1
GSM8563000:TAGGGTTCACAGTACT,Naive2,GSM8563000,L314700,0.707444,TAGGGTTCACAGTACT-1,2403,GSM8563000_Naive2_filtered_matrix.mtx.gz,L314700,0
GSM8563000:TAGGGTTTCCGAGCTG,Naive2,GSM8563000,L104099,1.0,TAGGGTTTCCGAGCTG-1,2404,GSM8563000_Naive2_filtered_matrix.mtx.gz,L104099,4
GSM8563000:TAGGGTTTCGGTGCAC,Naive2,GSM8563000,L116189,1.0,TAGGGTTTCGGTGCAC-1,2405,GSM8563000_Naive2_filtered_matrix.mtx.gz,L116189,3
GSM8563000:TAGGTACAGGTTAAAC,Naive2,GSM8563000,L54385,1.0,TAGGTACAGGTTAAAC-1,2406,GSM8563000_Naive2_filtered_matrix.mtx.gz,L54385,0
GSM8563000:TAGGTACCAAATCAAG,Naive2,GSM8563000,L47663,1.0,TAGGTACCAAATCAAG-1,2407,GSM8563000_Naive2_filtered_matrix.mtx.gz,L47663,1
GSM8563000:TAGGTTGCAGAGTTCT,Naive2,GSM8563000,L285237,1.0,TAGGTTGCAGAGTTCT-1,2409,GSM8563000_Naive2_filtered_matrix.mtx.gz,L285237,1
GSM8563000:TAGGTTGTCGTTCATT,Naive2,GSM8563000,L173296,1.0,TAGGTTGTCGTTCATT-1,2411,GSM8563000_Naive2_filtered_matrix.mtx.gz,L173296,1
GSM8563000:TAGTGCAAGCCGATCC,Naive2,GSM8563000,L96601,1.0,TAGTGCAAGCCGATCC-1,2412,GSM8563000_Naive2_filtered_matrix.mtx.gz,L96601,1
GSM8563000:TAGTGCATCATAGACC,Naive2,GSM8563000,L328955,1.0,TAGTGCATCATAGACC-1,2413,GSM8563000_Naive2_filtered_matrix.mtx.gz,L328955,3
GSM8563000:TATACCTAGAGGTCAC,Naive2,GSM8563000,L100814,1.0,TATACCTAGAGGTCAC-1,2416,GSM8563000_Naive2_filtered_matrix.mtx.gz,L100814,0
GSM8563000:TATACCTCAGACTCTA,Naive2,GSM8563000,L109808,1.0,TATACCTCAGACTCTA-1,2417,GSM8563000_Naive2_filtered_matrix.mtx.gz,L109808,1
GSM8563000:TATATCCAGTATGAAC,Naive2,GSM8563000,L32307,1.0,TATATCCAGTATGAAC-1,2421,GSM8563000_Naive2_filtered_matrix.mtx.gz,L32307,0
GSM8563000:TATCAGGAGTCATTGC,Naive2,GSM8563000,L164299,0.569361,TATCAGGAGTCATTGC-1,2424,GSM8563000_Naive2_filtered_matrix.mtx.gz,L164299,4
GSM8563000:TATCGCCCACATACGT,Naive2,GSM8563000,L78888,1.0,TATCGCCCACATACGT-1,2433,GSM8563000_Naive2_filtered_matrix.mtx.gz,L78888,4
GSM8563000:TATCGCCTCCCTCGTA,Naive2,GSM8563000,L219307,1.0,TATCGCCTCCCTCGTA-1,2434,GSM8563000_Naive2_filtered_matrix.mtx.gz,L219307,3
GSM8563000:TATCGCCTCCTATGGA,Naive2,GSM8563000,L70669,1.0,TATCGCCTCCTATGGA-1,2435,GSM8563000_Naive2_filtered_matrix.mtx.gz,L70669,3
GSM8563000:TATCTGTTCAACGCTA,Naive2,GSM8563000,L204285,1.0,TATCTGTTCAACGCTA-1,2437,GSM8563000_Naive2_filtered_matrix.mtx.gz,L204285,3
GSM8563000:TATCTGTTCCTGGGAC,Naive2,GSM8563000,L212764,1.0,TATCTGTTCCTGGGAC-1,2438,GSM8563000_Naive2_filtered_matrix.mtx.gz,L212764,1
GSM8563000:TATCTTGGTAGAGATT,Naive2,GSM8563000,L206384,1.0,TATCTTGGTAGAGATT-1,2441,GSM8563000_Naive2_filtered_matrix.mtx.gz,L206384,3
GSM8563000:TATGTTCAGGTTCTAC,Naive2,GSM8563000,L86394,1.0,TATGTTCAGGTTCTAC-1,2443,GSM8563000_Naive2_filtered_matrix.mtx.gz,L86394,1
GSM8563000:TATGTTCGTACAAACA,Naive2,GSM8563000,L103055,1.0,TATGTTCGTACAAACA-1,2444,GSM8563000_Naive2_filtered_matrix.mtx.gz,L103055,1
GSM8563000:TATTCCAGTTCTCAGA,Naive2,GSM8563000,L54153,1.0,TATTCCAGTTCTCAGA-1,2447,GSM8563000_Naive2_filtered_matrix.mtx.gz,L54153,2
GSM8563000:TATTGCTAGTTTCGGT,Naive2,GSM8563000,L80068,1.0,TATTGCTAGTTTCGGT-1,2449,GSM8563000_Naive2_filtered_matrix.mtx.gz,L80068,0
GSM8563000:TATTGCTCAAGCGATG,Naive2,GSM8563000,L7412,1.0,TATTGCTCAAGCGATG-1,2450,GSM8563000_Naive2_filtered_matrix.mtx.gz,L7412,3
GSM8563000:TATTGCTCAGTCTTCC,Naive2,GSM8563000,L12989,1.0,TATTGCTCAGTCTTCC-1,2452,GSM8563000_Naive2_filtered_matrix.mtx.gz,L12989,3
GSM8563000:TATTGCTTCCTGTTGC,Naive2,GSM8563000,L70669,0.645914,TATTGCTTCCTGTTGC-1,2453,GSM8563000_Naive2_filtered_matrix.mtx.gz,L70669,3
GSM8563000:TATTGGGAGCTCCATA,Naive2,GSM8563000,L271521,1.0,TATTGGGAGCTCCATA-1,2454,GSM8563000_Naive2_filtered_matrix.mtx.gz,L271521,4
GSM8563000:TATTGGGTCGTTTACT,Naive2,GSM8563000,L77443,1.0,TATTGGGTCGTTTACT-1,2457,GSM8563000_Naive2_filtered_matrix.mtx.gz,L77443,2
GSM8563000:TATTTCGCAACGATTC,Naive2,GSM8563000,L165861,0.732334,TATTTCGCAACGATTC-1,2458,GSM8563000_Naive2_filtered_matrix.mtx.gz,L165861,4
GSM8563000:TATTTCGCACTTGTGA,Naive2,GSM8563000,L82032,1.0,TATTTCGCACTTGTGA-1,2462,GSM8563000_Naive2_filtered_matrix.mtx.gz,L82032,4
GSM8563000:TATTTCGTCAGTCACA,Naive2,GSM8563000,L40629,1.0,TATTTCGTCAGTCACA-1,2464,GSM8563000_Naive2_filtered_matrix.mtx.gz,L40629,4
GSM8563000:TCAAGCACAAGAATGT,Naive2,GSM8563000,L145010,1.0,TCAAGCACAAGAATGT-1,2467,GSM8563000_Naive2_filtered_matrix.mtx.gz,L145010,0
GSM8563000:TCAAGTGAGCTCCACG,Naive2,GSM8563000,L274951,1.0,TCAAGTGAGCTCCACG-1,2471,GSM8563000_Naive2_filtered_matrix.mtx.gz,L274951,3
GSM8563000:TCAAGTGCAGGCCCTA,Naive2,GSM8563000,L3265,1.0,TCAAGTGCAGGCCCTA-1,2473,GSM8563000_Naive2_filtered_matrix.mtx.gz,L3265,4
GSM8563000:TCAATCTGTGTTACAC,Naive2,GSM8563000,L277050,1.0,TCAATCTGTGTTACAC-1,2477,GSM8563000_Naive2_filtered_matrix.mtx.gz,L277050,3
GSM8563000:TCACAAGTCCGGTTCT,Naive2,GSM8563000,L123461,1.0,TCACAAGTCCGGTTCT-1,2482,GSM8563000_Naive2_filtered_matrix.mtx.gz,L123461,3
GSM8563000:TCACACCCACCATTCC,Naive2,GSM8563000,L102444,0.999998,TCACACCCACCATTCC-1,2484,GSM8563000_Naive2_filtered_matrix.mtx.gz,L102444,2
GSM8563000:TCACATTGTATTGAGA,Naive2,GSM8563000,L84351,1.0,TCACATTGTATTGAGA-1,2489,GSM8563000_Naive2_filtered_matrix.mtx.gz,L84351,3
GSM8563000:TCACGCTAGCCATTGT,Naive2,GSM8563000,L98246,1.0,TCACGCTAGCCATTGT-1,2491,GSM8563000_Naive2_filtered_matrix.mtx.gz,L98246,3
GSM8563000:TCACGCTAGTCTCCTC,Naive2,GSM8563000,L18385,1.0,TCACGCTAGTCTCCTC-1,2492,GSM8563000_Naive2_filtered_matrix.mtx.gz,L18385,4
GSM8563000:TCACGCTGTACATACC,Naive2,GSM8563000,L281881,1.0,TCACGCTGTACATACC-1,2493,GSM8563000_Naive2_filtered_matrix.mtx.gz,L281881,2
GSM8563000:TCACGGGAGATCGCCC,Naive2,GSM8563000,L50672,1.0,TCACGGGAGATCGCCC-1,2496,GSM8563000_Naive2_filtered_matrix.mtx.gz,L50672,4
GSM8563000:TCACGGGGTTGTGTTG,Naive2,GSM8563000,L145263,1.0,TCACGGGGTTGTGTTG-1,2497,GSM8563000_Naive2_filtered_matrix.mtx.gz,L145263,4
GSM8563000:TCACGGGTCAGGTGTT,Naive2,GSM8563000,L146976,1.0,TCACGGGTCAGGTGTT-1,2498,GSM8563000_Naive2_filtered_matrix.mtx.gz,L146976,2
GSM8563000:TCACTCGCATGAATAG,Naive2,GSM8563000,L70669,0.991128,TCACTCGCATGAATAG-1,2502,GSM8563000_Naive2_filtered_matrix.mtx.gz,L70669,3
GSM8563000:TCAGCCTAGAAGAACG,Naive2,GSM8563000,L58986,1.0,TCAGCCTAGAAGAACG-1,2505,GSM8563000_Naive2_filtered_matrix.mtx.gz,L58986,0
GSM8563000:TCAGGGCGTGTCTTAG,Naive2,GSM8563000,L112164,1.0,TCAGGGCGTGTCTTAG-1,2507,GSM8563000_Naive2_filtered_matrix.mtx.gz,L112164,2
GSM8563000:TCAGGTACACTCAGAT,Naive2,GSM8563000,L3698,1.0,TCAGGTACACTCAGAT-1,2508,GSM8563000_Naive2_filtered_matrix.mtx.gz,L3698,0
GSM8563000:TCAGGTACAGATACCT,Naive2,GSM8563000,L101216,1.0,TCAGGTACAGATACCT-1,2509,GSM8563000_Naive2_filtered_matrix.mtx.gz,L101216,1
GSM8563000:TCAGTCCCAGTAGTGG,Naive2,GSM8563000,L139565,1.0,TCAGTCCCAGTAGTGG-1,2510,GSM8563000_Naive2_filtered_matrix.mtx.gz,L139565,3
GSM8563000:TCAGTCCTCGACGTCG,Naive2,GSM8563000,L105502,1.0,TCAGTCCTCGACGTCG-1,2512,GSM8563000_Naive2_filtered_matrix.mtx.gz,L105502,1
GSM8563000:TCAGTGAAGAGTTGCG,Naive2,GSM8563000,L79015,1.0,TCAGTGAAGAGTTGCG-1,2513,GSM8563000_Naive2_filtered_matrix.mtx.gz,L79015,1
GSM8563000:TCAGTGAAGTCGAGGT,Naive2,GSM8563000,L159393,1.0,TCAGTGAAGTCGAGGT-1,2514,GSM8563000_Naive2_filtered_matrix.mtx.gz,L159393,0
GSM8563000:TCAGTGATCGTAGAGG,Naive2,GSM8563000,L303910,1.0,TCAGTGATCGTAGAGG-1,2515,GSM8563000_Naive2_filtered_matrix.mtx.gz,L303910,0
GSM8563000:TCAGTTTCATAAGCAA,Naive2,GSM8563000,L73592,1.0,TCAGTTTCATAAGCAA-1,2516,GSM8563000_Naive2_filtered_matrix.mtx.gz,L73592,3
GSM8563000:TCAGTTTGTACCTAAC,Naive2,GSM8563000,L193296,1.0,TCAGTTTGTACCTAAC-1,2517,GSM8563000_Naive2_filtered_matrix.mtx.gz,L193296,2
GSM8563000:TCATACTAGGTTCCAT,Naive2,GSM8563000,L13818,1.0,TCATACTAGGTTCCAT-1,2519,GSM8563000_Naive2_filtered_matrix.mtx.gz,L13818,3
GSM8563000:TCATCATAGATGGCAC,Naive2,GSM8563000,L247990,1.0,TCATCATAGATGGCAC-1,2525,GSM8563000_Naive2_filtered_matrix.mtx.gz,L247990,0
GSM8563000:TCATCATCATCGAACT,Naive2,GSM8563000,L249378,1.0,TCATCATCATCGAACT-1,2526,GSM8563000_Naive2_filtered_matrix.mtx.gz,L249378,4
GSM8563000:TCATCATGTAGCTGTT,Naive2,GSM8563000,L40629,1.0,TCATCATGTAGCTGTT-1,2527,GSM8563000_Naive2_filtered_matrix.mtx.gz,L40629,4
GSM8563000:TCATCATGTCTTCCGT,Naive2,GSM8563000,L260458,1.0,TCATCATGTCTTCCGT-1,2528,GSM8563000_Naive2_filtered_matrix.mtx.gz,L260458,4
GSM8563000:TCATCCGGTTCTCTAT,Naive2,GSM8563000,L75392,1.0,TCATCCGGTTCTCTAT-1,2529,GSM8563000_Naive2_filtered_matrix.mtx.gz,L75392,4
GSM8563000:TCATGAGAGGGAGGCA,Naive2,GSM8563000,L98471,1.0,TCATGAGAGGGAGGCA-1,2531,GSM8563000_Naive2_filtered_matrix.mtx.gz,L98471,2
GSM8563000:TCATGAGCACCGAATT,Naive2,GSM8563000,L244886,1.0,TCATGAGCACCGAATT-1,2532,GSM8563000_Naive2_filtered_matrix.mtx.gz,L244886,4
GSM8563000:TCATGCCGTCAAGTTC,Naive2,GSM8563000,L51669,1.0,TCATGCCGTCAAGTTC-1,2534,GSM8563000_Naive2_filtered_matrix.mtx.gz,L51669,4
GSM8563000:TCATGTTTCCGATCTC,Naive2,GSM8563000,L173031,1.0,TCATGTTTCCGATCTC-1,2537,GSM8563000_Naive2_filtered_matrix.mtx.gz,L173031,0
GSM8563000:TCATTACAGCCTCATA,Naive2,GSM8563000,L222867,1.0,TCATTACAGCCTCATA-1,2538,GSM8563000_Naive2_filtered_matrix.mtx.gz,L222867,4
GSM8563000:TCATTACAGGCTTTCA,Naive2,GSM8563000,L124052,1.0,TCATTACAGGCTTTCA-1,2539,GSM8563000_Naive2_filtered_matrix.mtx.gz,L124052,4
GSM8563000:TCATTGTCATTGCTTT,Naive2,GSM8563000,L322777,1.0,TCATTGTCATTGCTTT-1,2544,GSM8563000_Naive2_filtered_matrix.mtx.gz,L322777,4
GSM8563000:TCATTGTGTGACTGAG,Naive2,GSM8563000,L77443,0.999997,TCATTGTGTGACTGAG-1,2545,GSM8563000_Naive2_filtered_matrix.mtx.gz,L77443,2
GSM8563000:TCATTTGAGAGAACCC,Naive2,GSM8563000,L78561,1.0,TCATTTGAGAGAACCC-1,2547,GSM8563000_Naive2_filtered_matrix.mtx.gz,L78561,2
GSM8563000:TCATTTGAGGTACAAT,Naive2,GSM8563000,L8387,1.0,TCATTTGAGGTACAAT-1,2548,GSM8563000_Naive2_filtered_matrix.mtx.gz,L8387,0
GSM8563000:TCATTTGTCTGACGCG,Naive2,GSM8563000,L116287,1.0,TCATTTGTCTGACGCG-1,2551,GSM8563000_Naive2_filtered_matrix.mtx.gz,L116287,0
GSM8563000:TCCACCAAGATCCCGC,Naive2,GSM8563000,L112164,1.0,TCCACCAAGATCCCGC-1,2552,GSM8563000_Naive2_filtered_matrix.mtx.gz,L112164,2
GSM8563000:TCCACCAAGCAAATCA,Naive2,GSM8563000,L328087,1.0,TCCACCAAGCAAATCA-1,2553,GSM8563000_Naive2_filtered_matrix.mtx.gz,L328087,0
GSM8563000:TCCACCATCCGTGGCA,Naive2,GSM8563000,L128910,1.0,TCCACCATCCGTGGCA-1,2558,GSM8563000_Naive2_filtered_matrix.mtx.gz,L128910,2
GSM8563000:TCCACGTCAGCAGAAC,Naive2,GSM8563000,L188153,1.0,TCCACGTCAGCAGAAC-1,2559,GSM8563000_Naive2_filtered_matrix.mtx.gz,L188153,3
GSM8563000:TCCACGTCAGGGAGAG,Naive2,GSM8563000,L149612,1.0,TCCACGTCAGGGAGAG-1,2560,GSM8563000_Naive2_filtered_matrix.mtx.gz,L149612,4
GSM8563000:TCCACGTTCCTTCTGG,Naive2,GSM8563000,L219307,1.0,TCCACGTTCCTTCTGG-1,2561,GSM8563000_Naive2_filtered_matrix.mtx.gz,L219307,3
GSM8563000:TCCAGAAAGAGGTTTA,Naive2,GSM8563000,L193,1.0,TCCAGAAAGAGGTTTA-1,2562,GSM8563000_Naive2_filtered_matrix.mtx.gz,L193,4
GSM8563000:TCCAGAAAGCGAACTG,Naive2,GSM8563000,L247990,1.0,TCCAGAAAGCGAACTG-1,2563,GSM8563000_Naive2_filtered_matrix.mtx.gz,L247990,0
GSM8563000:TCCAGAACAGATGCGA,Naive2,GSM8563000,L84803,1.0,TCCAGAACAGATGCGA-1,2564,GSM8563000_Naive2_filtered_matrix.mtx.gz,L84803,4
GSM8563000:TCCATCGAGAGTGAAG,Naive2,GSM8563000,L31872,1.0,TCCATCGAGAGTGAAG-1,2567,GSM8563000_Naive2_filtered_matrix.mtx.gz,L31872,4
GSM8563000:TCCATCGCACGCTGTG,Naive2,GSM8563000,L307329,1.0,TCCATCGCACGCTGTG-1,2568,GSM8563000_Naive2_filtered_matrix.mtx.gz,L307329,1
GSM8563000:TCCATCGTCGCCTAGG,Naive2,GSM8563000,L121505,1.0,TCCATCGTCGCCTAGG-1,2569,GSM8563000_Naive2_filtered_matrix.mtx.gz,L121505,4
GSM8563000:TCCATGCAGTCACTCA,Naive2,GSM8563000,L231474,1.0,TCCATGCAGTCACTCA-1,2570,GSM8563000_Naive2_filtered_matrix.mtx.gz,L231474,0
GSM8563000:TCCATGCTCATCGACA,Naive2,GSM8563000,L248720,0.999977,TCCATGCTCATCGACA-1,2571,GSM8563000_Naive2_filtered_matrix.mtx.gz,L248720,2
GSM8563000:TCCCATGCAGGGTTGA,Naive2,GSM8563000,L70669,1.0,TCCCATGCAGGGTTGA-1,2578,GSM8563000_Naive2_filtered_matrix.mtx.gz,L70669,3
GSM8563000:TCCCATGTCGCATTAG,Naive2,GSM8563000,L197414,1.0,TCCCATGTCGCATTAG-1,2579,GSM8563000_Naive2_filtered_matrix.mtx.gz,L197414,1
GSM8563000:TCCGAAAAGCCTGTGC,Naive2,GSM8563000,L328955,1.0,TCCGAAAAGCCTGTGC-1,2581,GSM8563000_Naive2_filtered_matrix.mtx.gz,L328955,3
GSM8563000:TCCGAAACACTGAGGA,Naive2,GSM8563000,L319892,1.0,TCCGAAACACTGAGGA-1,2583,GSM8563000_Naive2_filtered_matrix.mtx.gz,L319892,4
GSM8563000:TCCGAAACATTCTCCG,Naive2,GSM8563000,L159393,1.0,TCCGAAACATTCTCCG-1,2584,GSM8563000_Naive2_filtered_matrix.mtx.gz,L159393,0
GSM8563000:TCCGATCCACGGTGCT,Naive2,GSM8563000,L274951,1.0,TCCGATCCACGGTGCT-1,2585,GSM8563000_Naive2_filtered_matrix.mtx.gz,L274951,3
GSM8563000:TCCGGGACACATACGT,Naive2,GSM8563000,L289938,1.0,TCCGGGACACATACGT-1,2588,GSM8563000_Naive2_filtered_matrix.mtx.gz,L289938,1
GSM8563000:TCCTAATAGCTTCTAG,Naive2,GSM8563000,L180119,1.0,TCCTAATAGCTTCTAG-1,2590,GSM8563000_Naive2_filtered_matrix.mtx.gz,L180119,1
GSM8563000:TCCTAATAGGCCTAGA,Naive2,GSM8563000,L66564,1.0,TCCTAATAGGCCTAGA-1,2591,GSM8563000_Naive2_filtered_matrix.mtx.gz,L66564,1
GSM8563000:TCCTAATTCCACTGGG,Naive2,GSM8563000,L249999,1.0,TCCTAATTCCACTGGG-1,2592,GSM8563000_Naive2_filtered_matrix.mtx.gz,L249999,3
GSM8563000:TCCTCCCAGGACATCG,Naive2,GSM8563000,L241540,1.0,TCCTCCCAGGACATCG-1,2595,GSM8563000_Naive2_filtered_matrix.mtx.gz,L241540,2
GSM8563000:TCCTCCCCAAAGAGTT,Naive2,GSM8563000,L331971,1.0,TCCTCCCCAAAGAGTT-1,2597,GSM8563000_Naive2_filtered_matrix.mtx.gz,L331971,4
GSM8563000:TCCTCGATCATGGTAC,Naive2,GSM8563000,L31856,1.0,TCCTCGATCATGGTAC-1,2599,GSM8563000_Naive2_filtered_matrix.mtx.gz,L31856,4
GSM8563000:TCCTCTTCATGTGCTA,Naive2,GSM8563000,L48583,1.0,TCCTCTTCATGTGCTA-1,2600,GSM8563000_Naive2_filtered_matrix.mtx.gz,L48583,2
GSM8563000:TCCTGCAAGAAGCGAA,Naive2,GSM8563000,L159186,1.0,TCCTGCAAGAAGCGAA-1,2602,GSM8563000_Naive2_filtered_matrix.mtx.gz,L159186,3
GSM8563000:TCCTGCAGTGACTCTA,Naive2,GSM8563000,L77443,0.996037,TCCTGCAGTGACTCTA-1,2604,GSM8563000_Naive2_filtered_matrix.mtx.gz,L77443,2
GSM8563000:TCGAACAGTAGTGCGA,Naive2,GSM8563000,L227359,1.0,TCGAACAGTAGTGCGA-1,2606,GSM8563000_Naive2_filtered_matrix.mtx.gz,L227359,0
GSM8563000:TCGAACAGTTTGGGTT,Naive2,GSM8563000,L124052,1.0,TCGAACAGTTTGGGTT-1,2607,GSM8563000_Naive2_filtered_matrix.mtx.gz,L124052,4
GSM8563000:TCGAACATCAAGCCTA,Naive2,GSM8563000,L97975,1.0,TCGAACATCAAGCCTA-1,2608,GSM8563000_Naive2_filtered_matrix.mtx.gz,L97975,4
GSM8563000:TCGAACATCTATCGTT,Naive2,GSM8563000,L312082,1.0,TCGAACATCTATCGTT-1,2609,GSM8563000_Naive2_filtered_matrix.mtx.gz,L312082,1
GSM8563000:TCGAAGTAGAAGGTAG,Naive2,GSM8563000,L139713,1.0,TCGAAGTAGAAGGTAG-1,2610,GSM8563000_Naive2_filtered_matrix.mtx.gz,L139713,0
GSM8563000:TCGAAGTAGGGCTGAT,Naive2,GSM8563000,L231623,1.0,TCGAAGTAGGGCTGAT-1,2611,GSM8563000_Naive2_filtered_matrix.mtx.gz,L231623,3
GSM8563000:TCGAAGTAGTCGAGGT,Naive2,GSM8563000,L266331,1.0,TCGAAGTAGTCGAGGT-1,2612,GSM8563000_Naive2_filtered_matrix.mtx.gz,L266331,2
GSM8563000:TCGAAGTGTCCATCTC,Naive2,GSM8563000,L17873,1.0,TCGAAGTGTCCATCTC-1,2613,GSM8563000_Naive2_filtered_matrix.mtx.gz,L17873,0
GSM8563000:TCGACCTCAATTGAGA,Naive2,GSM8563000,L329452,1.0,TCGACCTCAATTGAGA-1,2615,GSM8563000_Naive2_filtered_matrix.mtx.gz,L329452,3
GSM8563000:TCGACCTGTGGGTATG,Naive2,GSM8563000,L112164,1.0,TCGACCTGTGGGTATG-1,2617,GSM8563000_Naive2_filtered_matrix.mtx.gz,L112164,2
GSM8563000:TCGCACTAGGGACCAT,Naive2,GSM8563000,L324331,1.0,TCGCACTAGGGACCAT-1,2621,GSM8563000_Naive2_filtered_matrix.mtx.gz,L324331,2
GSM8563000:TCGCACTCAAACCACT,Naive2,GSM8563000,L188846,0.678648,TCGCACTCAAACCACT-1,2622,GSM8563000_Naive2_filtered_matrix.mtx.gz,L188846,4
GSM8563000:TCGCACTCATAGAAAC,Naive2,GSM8563000,L247990,1.0,TCGCACTCATAGAAAC-1,2623,GSM8563000_Naive2_filtered_matrix.mtx.gz,L247990,0
GSM8563000:TCGCACTTCGCTTGAA,Naive2,GSM8563000,L194164,1.0,TCGCACTTCGCTTGAA-1,2625,GSM8563000_Naive2_filtered_matrix.mtx.gz,L194164,2
GSM8563000:TCGCAGGGTATGCGGA,Naive2,GSM8563000,L114035,1.0,TCGCAGGGTATGCGGA-1,2627,GSM8563000_Naive2_filtered_matrix.mtx.gz,L114035,3
GSM8563000:TCGCAGGGTCTGCAAT,Naive2,GSM8563000,L10419,1.0,TCGCAGGGTCTGCAAT-1,2628,GSM8563000_Naive2_filtered_matrix.mtx.gz,L10419,2
GSM8563000:TCGCTCAAGGAGGGTG,Naive2,GSM8563000,L36461,1.0,TCGCTCAAGGAGGGTG-1,2629,GSM8563000_Naive2_filtered_matrix.mtx.gz,L36461,3
GSM8563000:TCGCTTGAGGATAATC,Naive2,GSM8563000,L37973,1.0,TCGCTTGAGGATAATC-1,2633,GSM8563000_Naive2_filtered_matrix.mtx.gz,L37973,4
GSM8563000:TCGCTTGCACATGGTT,Naive2,GSM8563000,L2779,1.0,TCGCTTGCACATGGTT-1,2635,GSM8563000_Naive2_filtered_matrix.mtx.gz,L2779,4
GSM8563000:TCGCTTGCACCCTAGG,Naive2,GSM8563000,L154401,1.0,TCGCTTGCACCCTAGG-1,2636,GSM8563000_Naive2_filtered_matrix.mtx.gz,L154401,3
GSM8563000:TCGCTTGTCATGCCAA,Naive2,GSM8563000,L231446,1.0,TCGCTTGTCATGCCAA-1,2638,GSM8563000_Naive2_filtered_matrix.mtx.gz,L231446,0
GSM8563000:TCGGATAAGACGACGT,Naive2,GSM8563000,L35441,0.848746,TCGGATAAGACGACGT-1,2639,GSM8563000_Naive2_filtered_matrix.mtx.gz,L35441,1
GSM8563000:TCGGATAAGGTAAAGG,Naive2,GSM8563000,L114118,1.0,TCGGATAAGGTAAAGG-1,2640,GSM8563000_Naive2_filtered_matrix.mtx.gz,L114118,2
GSM8563000:TCGGATAGTCACCGAC,Naive2,GSM8563000,L312270,1.0,TCGGATAGTCACCGAC-1,2641,GSM8563000_Naive2_filtered_matrix.mtx.gz,L312270,3
GSM8563000:TCGGGACAGTCGTTAC,Naive2,GSM8563000,L206761,1.0,TCGGGACAGTCGTTAC-1,2642,GSM8563000_Naive2_filtered_matrix.mtx.gz,L206761,0
GSM8563000:TCGGGACCACTGCATA,Naive2,GSM8563000,L47899,1.0,TCGGGACCACTGCATA-1,2643,GSM8563000_Naive2_filtered_matrix.mtx.gz,L47899,1
GSM8563000:TCGGGCATCACTTATC,Naive2,GSM8563000,L182194,1.0,TCGGGCATCACTTATC-1,2646,GSM8563000_Naive2_filtered_matrix.mtx.gz,L182194,2
GSM8563000:TCGGGCATCGTCGGGT,Naive2,GSM8563000,L159660,1.0,TCGGGCATCGTCGGGT-1,2648,GSM8563000_Naive2_filtered_matrix.mtx.gz,L159660,1
GSM8563000:TCGGGTGTCACACCCT,Naive2,GSM8563000,L138458,1.0,TCGGGTGTCACACCCT-1,2650,GSM8563000_Naive2_filtered_matrix.mtx.gz,L138458,1
GSM8563000:TCGGTCTAGACGGTTG,Naive2,GSM8563000,L173296,1.0,TCGGTCTAGACGGTTG-1,2652,GSM8563000_Naive2_filtered_matrix.mtx.gz,L173296,1
GSM8563000:TCGGTCTGTCACTTAG,Naive2,GSM8563000,L214973,1.0,TCGGTCTGTCACTTAG-1,2653,GSM8563000_Naive2_filtered_matrix.mtx.gz,L214973,2
GSM8563000:TCGTCCACATGGCACC,Naive2,GSM8563000,L230913,1.0,TCGTCCACATGGCACC-1,2659,GSM8563000_Naive2_filtered_matrix.mtx.gz,L230913,1
GSM8563000:TCGTCCATCAGATGCT,Naive2,GSM8563000,L190678,1.0,TCGTCCATCAGATGCT-1,2660,GSM8563000_Naive2_filtered_matrix.mtx.gz,L190678,0
GSM8563000:TCGTCCATCAGCCCAG,Naive2,GSM8563000,L212210,1.0,TCGTCCATCAGCCCAG-1,2661,GSM8563000_Naive2_filtered_matrix.mtx.gz,L212210,2
GSM8563000:TCGTCCATCGAGCCAC,Naive2,GSM8563000,L205676,1.0,TCGTCCATCGAGCCAC-1,2662,GSM8563000_Naive2_filtered_matrix.mtx.gz,L205676,0
GSM8563000:TCGTGGGCACAAGTGG,Naive2,GSM8563000,L52820,1.0,TCGTGGGCACAAGTGG-1,2664,GSM8563000_Naive2_filtered_matrix.mtx.gz,L52820,0
GSM8563000:TCGTGGGGTACGGTTT,Naive2,GSM8563000,L239228,1.0,TCGTGGGGTACGGTTT-1,2666,GSM8563000_Naive2_filtered_matrix.mtx.gz,L239228,2
GSM8563000:TCGTGGGGTTGTATGC,Naive2,GSM8563000,L321183,1.0,TCGTGGGGTTGTATGC-1,2668,GSM8563000_Naive2_filtered_matrix.mtx.gz,L321183,4
GSM8563000:TCTAACTGTCAACCTA,Naive2,GSM8563000,L48895,1.0,TCTAACTGTCAACCTA-1,2671,GSM8563000_Naive2_filtered_matrix.mtx.gz,L48895,3
GSM8563000:TCTACATAGGCACCAA,Naive2,GSM8563000,L136317,0.960108,TCTACATAGGCACCAA-1,2672,GSM8563000_Naive2_filtered_matrix.mtx.gz,L136317,0
GSM8563000:TCTACATCAAGACGGT,Naive2,GSM8563000,L55974,1.0,TCTACATCAAGACGGT-1,2673,GSM8563000_Naive2_filtered_matrix.mtx.gz,L55974,3
GSM8563000:TCTACATCATCCGAAT,Naive2,GSM8563000,L164614,1.0,TCTACATCATCCGAAT-1,2674,GSM8563000_Naive2_filtered_matrix.mtx.gz,L164614,3
GSM8563000:TCTACATGTTGCCAAT,Naive2,GSM8563000,L91035,1.0,TCTACATGTTGCCAAT-1,2676,GSM8563000_Naive2_filtered_matrix.mtx.gz,L91035,3
GSM8563000:TCTACCGCACATAACC,Naive2,GSM8563000,L15407,1.0,TCTACCGCACATAACC-1,2678,GSM8563000_Naive2_filtered_matrix.mtx.gz,L15407,3
GSM8563000:TCTACCGGTGAATGTA,Naive2,GSM8563000,L48487,1.0,TCTACCGGTGAATGTA-1,2679,GSM8563000_Naive2_filtered_matrix.mtx.gz,L48487,1
GSM8563000:TCTACCGTCGATAACC,Naive2,GSM8563000,L3550,1.0,TCTACCGTCGATAACC-1,2680,GSM8563000_Naive2_filtered_matrix.mtx.gz,L3550,3
GSM8563000:TCTATACAGACGGATC,Naive2,GSM8563000,L124052,1.0,TCTATACAGACGGATC-1,2682,GSM8563000_Naive2_filtered_matrix.mtx.gz,L124052,4
GSM8563000:TCTATACCACGAGGAT,Naive2,GSM8563000,L192380,1.0,TCTATACCACGAGGAT-1,2683,GSM8563000_Naive2_filtered_matrix.mtx.gz,L192380,4
GSM8563000:TCTATACGTTGCACGC,Naive2,GSM8563000,L269961,1.0,TCTATACGTTGCACGC-1,2684,GSM8563000_Naive2_filtered_matrix.mtx.gz,L269961,4
GSM8563000:TCTATACGTTGTTGAC,Naive2,GSM8563000,L116189,1.0,TCTATACGTTGTTGAC-1,2685,GSM8563000_Naive2_filtered_matrix.mtx.gz,L116189,3
GSM8563000:TCTCACGCAAATTAGG,Naive2,GSM8563000,L151909,1.0,TCTCACGCAAATTAGG-1,2688,GSM8563000_Naive2_filtered_matrix.mtx.gz,L151909,1
GSM8563000:TCTCACGTCACTCCGT,Naive2,GSM8563000,L35441,0.999981,TCTCACGTCACTCCGT-1,2690,GSM8563000_Naive2_filtered_matrix.mtx.gz,L35441,1
GSM8563000:TCTCCGAAGCATTGTC,Naive2,GSM8563000,L232125,1.0,TCTCCGAAGCATTGTC-1,2692,GSM8563000_Naive2_filtered_matrix.mtx.gz,L232125,0
GSM8563000:TCTCCGACATTCACAG,Naive2,GSM8563000,L31852,1.0,TCTCCGACATTCACAG-1,2696,GSM8563000_Naive2_filtered_matrix.mtx.gz,L31852,2
GSM8563000:TCTGCCAGTACACGCC,Naive2,GSM8563000,L303918,1.0,TCTGCCAGTACACGCC-1,2702,GSM8563000_Naive2_filtered_matrix.mtx.gz,L303918,0
GSM8563000:TCTGCCATCATGACAC,Naive2,GSM8563000,L112164,1.0,TCTGCCATCATGACAC-1,2703,GSM8563000_Naive2_filtered_matrix.mtx.gz,L112164,2
GSM8563000:TCTGCCATCTGAGCAT,Naive2,GSM8563000,L121689,1.0,TCTGCCATCTGAGCAT-1,2704,GSM8563000_Naive2_filtered_matrix.mtx.gz,L121689,3
GSM8563000:TCTGTCGAGGCTGTAG,Naive2,GSM8563000,L137611,0.993761,TCTGTCGAGGCTGTAG-1,2706,GSM8563000_Naive2_filtered_matrix.mtx.gz,L137611,4
GSM8563000:TCTTAGTGTAAGATAC,Naive2,GSM8563000,L316393,1.0,TCTTAGTGTAAGATAC-1,2707,GSM8563000_Naive2_filtered_matrix.mtx.gz,L316393,1
GSM8563000:TCTTCCTCACTAGTAC,Naive2,GSM8563000,L155963,1.0,TCTTCCTCACTAGTAC-1,2708,GSM8563000_Naive2_filtered_matrix.mtx.gz,L155963,0
GSM8563000:TCTTGCGGTTCGTAAC,Naive2,GSM8563000,L173031,1.0,TCTTGCGGTTCGTAAC-1,2712,GSM8563000_Naive2_filtered_matrix.mtx.gz,L173031,0
GSM8563000:TCTTGCGTCTGGACCG,Naive2,GSM8563000,L278604,1.0,TCTTGCGTCTGGACCG-1,2713,GSM8563000_Naive2_filtered_matrix.mtx.gz,L278604,2
GSM8563000:TCTTTGACAACAAAGT,Naive2,GSM8563000,L232639,1.0,TCTTTGACAACAAAGT-1,2714,GSM8563000_Naive2_filtered_matrix.mtx.gz,L232639,2
GSM8563000:TCTTTGAGTTACGTAC,Naive2,GSM8563000,L86394,1.0,TCTTTGAGTTACGTAC-1,2715,GSM8563000_Naive2_filtered_matrix.mtx.gz,L86394,1
GSM8563000:TGAACGTTCCGCGAGT,Naive2,GSM8563000,L7798,1.0,TGAACGTTCCGCGAGT-1,2717,GSM8563000_Naive2_filtered_matrix.mtx.gz,L7798,1
GSM8563000:TGAATGCGTTTCGGCG,Naive2,GSM8563000,L230913,1.0,TGAATGCGTTTCGGCG-1,2719,GSM8563000_Naive2_filtered_matrix.mtx.gz,L230913,1
GSM8563000:TGACAGTCATCCTAAG,Naive2,GSM8563000,L86394,0.999995,TGACAGTCATCCTAAG-1,2721,GSM8563000_Naive2_filtered_matrix.mtx.gz,L86394,1
GSM8563000:TGACAGTTCTACTTCA,Naive2,GSM8563000,L214973,1.0,TGACAGTTCTACTTCA-1,2724,GSM8563000_Naive2_filtered_matrix.mtx.gz,L214973,2
GSM8563000:TGACCCTAGAGGGTCT,Naive2,GSM8563000,L45022,1.0,TGACCCTAGAGGGTCT-1,2725,GSM8563000_Naive2_filtered_matrix.mtx.gz,L45022,3
GSM8563000:TGACCCTTCGCCCAGA,Naive2,GSM8563000,L239228,1.0,TGACCCTTCGCCCAGA-1,2726,GSM8563000_Naive2_filtered_matrix.mtx.gz,L239228,2
GSM8563000:TGACGCGAGTAGGATT,Naive2,GSM8563000,L79914,1.0,TGACGCGAGTAGGATT-1,2727,GSM8563000_Naive2_filtered_matrix.mtx.gz,L79914,0
GSM8563000:TGACTCCCACGCACCA,Naive2,GSM8563000,L308730,1.0,TGACTCCCACGCACCA-1,2730,GSM8563000_Naive2_filtered_matrix.mtx.gz,L308730,1
GSM8563000:TGACTCCGTGAGCGAT,Naive2,GSM8563000,L3102,1.0,TGACTCCGTGAGCGAT-1,2731,GSM8563000_Naive2_filtered_matrix.mtx.gz,L3102,4
GSM8563000:TGACTCCTCGTGCAGC,Naive2,GSM8563000,L210749,1.0,TGACTCCTCGTGCAGC-1,2732,GSM8563000_Naive2_filtered_matrix.mtx.gz,L210749,2
GSM8563000:TGAGACTTCAGATTGC,Naive2,GSM8563000,L20588,0.748466,TGAGACTTCAGATTGC-1,2734,GSM8563000_Naive2_filtered_matrix.mtx.gz,L20588,3
GSM8563000:TGAGACTTCCCACAGG,Naive2,GSM8563000,L253198,0.598043,TGAGACTTCCCACAGG-1,2735,GSM8563000_Naive2_filtered_matrix.mtx.gz,L253198,0
GSM8563000:TGAGCATAGCTCCATA,Naive2,GSM8563000,L244486,1.0,TGAGCATAGCTCCATA-1,2736,GSM8563000_Naive2_filtered_matrix.mtx.gz,L244486,2
GSM8563000:TGAGGAGGTATCATGC,Naive2,GSM8563000,L259056,1.0,TGAGGAGGTATCATGC-1,2740,GSM8563000_Naive2_filtered_matrix.mtx.gz,L259056,4
GSM8563000:TGAGGAGTCAACCCGG,Naive2,GSM8563000,L283864,0.891581,TGAGGAGTCAACCCGG-1,2741,GSM8563000_Naive2_filtered_matrix.mtx.gz,L283864,1
GSM8563000:TGAGGAGTCAGTGTGT,Naive2,GSM8563000,L285082,1.0,TGAGGAGTCAGTGTGT-1,2742,GSM8563000_Naive2_filtered_matrix.mtx.gz,L285082,0
GSM8563000:TGAGGGAAGGTACAGC,Naive2,GSM8563000,L229874,1.0,TGAGGGAAGGTACAGC-1,2743,GSM8563000_Naive2_filtered_matrix.mtx.gz,L229874,1
GSM8563000:TGAGGGATCAGATTGC,Naive2,GSM8563000,L70669,1.0,TGAGGGATCAGATTGC-1,2745,GSM8563000_Naive2_filtered_matrix.mtx.gz,L70669,3
GSM8563000:TGAGGTTAGATTAGAC,Naive2,GSM8563000,L17873,1.0,TGAGGTTAGATTAGAC-1,2746,GSM8563000_Naive2_filtered_matrix.mtx.gz,L17873,0
GSM8563000:TGAGGTTCACAGTCGC,Naive2,GSM8563000,L104690,1.0,TGAGGTTCACAGTCGC-1,2747,GSM8563000_Naive2_filtered_matrix.mtx.gz,L104690,4
GSM8563000:TGAGGTTGTAGGACTG,Naive2,GSM8563000,L305830,1.0,TGAGGTTGTAGGACTG-1,2748,GSM8563000_Naive2_filtered_matrix.mtx.gz,L305830,0
GSM8563000:TGAGTCAAGTTTGTCG,Naive2,GSM8563000,L205402,1.0,TGAGTCAAGTTTGTCG-1,2749,GSM8563000_Naive2_filtered_matrix.mtx.gz,L205402,2
GSM8563000:TGATCTTTCATCCTAT,Naive2,GSM8563000,L73592,1.0,TGATCTTTCATCCTAT-1,2753,GSM8563000_Naive2_filtered_matrix.mtx.gz,L73592,3
GSM8563000:TGATGCAAGAATTCAG,Naive2,GSM8563000,L227359,1.0,TGATGCAAGAATTCAG-1,2754,GSM8563000_Naive2_filtered_matrix.mtx.gz,L227359,0
GSM8563000:TGATGCAAGACGTCCC,Naive2,GSM8563000,L54153,1.0,TGATGCAAGACGTCCC-1,2755,GSM8563000_Naive2_filtered_matrix.mtx.gz,L54153,2
GSM8563000:TGATGCACAGCCCAGT,Naive2,GSM8563000,L219307,1.0,TGATGCACAGCCCAGT-1,2756,GSM8563000_Naive2_filtered_matrix.mtx.gz,L219307,3
GSM8563000:TGATGGTCATTGCAAC,Naive2,GSM8563000,L251680,1.0,TGATGGTCATTGCAAC-1,2757,GSM8563000_Naive2_filtered_matrix.mtx.gz,L251680,3
GSM8563000:TGATGGTGTAGATCGG,Naive2,GSM8563000,L241540,1.0,TGATGGTGTAGATCGG-1,2758,GSM8563000_Naive2_filtered_matrix.mtx.gz,L241540,2
GSM8563000:TGATTCTAGCACTCCG,Naive2,GSM8563000,L77622,1.0,TGATTCTAGCACTCCG-1,2760,GSM8563000_Naive2_filtered_matrix.mtx.gz,L77622,4
GSM8563000:TGATTCTAGCCGATAG,Naive2,GSM8563000,L263517,1.0,TGATTCTAGCCGATAG-1,2761,GSM8563000_Naive2_filtered_matrix.mtx.gz,L263517,2
GSM8563000:TGATTCTTCCTTACCG,Naive2,GSM8563000,L81738,1.0,TGATTCTTCCTTACCG-1,2762,GSM8563000_Naive2_filtered_matrix.mtx.gz,L81738,0
GSM8563000:TGATTTCAGCCATTCA,Naive2,GSM8563000,L292026,1.0,TGATTTCAGCCATTCA-1,2763,GSM8563000_Naive2_filtered_matrix.mtx.gz,L292026,3
GSM8563000:TGATTTCAGCGGCTCT,Naive2,GSM8563000,L86394,1.0,TGATTTCAGCGGCTCT-1,2764,GSM8563000_Naive2_filtered_matrix.mtx.gz,L86394,1
GSM8563000:TGATTTCTCACCTTAT,Naive2,GSM8563000,L260458,1.0,TGATTTCTCACCTTAT-1,2765,GSM8563000_Naive2_filtered_matrix.mtx.gz,L260458,4
GSM8563000:TGCACGGAGTTGTACC,Naive2,GSM8563000,L33701,1.0,TGCACGGAGTTGTACC-1,2766,GSM8563000_Naive2_filtered_matrix.mtx.gz,L33701,3
GSM8563000:TGCACGGGTACCAATC,Naive2,GSM8563000,L116152,1.0,TGCACGGGTACCAATC-1,2768,GSM8563000_Naive2_filtered_matrix.mtx.gz,L116152,1
GSM8563000:TGCACGGGTCGTACTA,Naive2,GSM8563000,L230913,1.0,TGCACGGGTCGTACTA-1,2770,GSM8563000_Naive2_filtered_matrix.mtx.gz,L230913,1
GSM8563000:TGCAGATAGTAAGACT,Naive2,GSM8563000,L75392,1.0,TGCAGATAGTAAGACT-1,2772,GSM8563000_Naive2_filtered_matrix.mtx.gz,L75392,4
GSM8563000:TGCAGGCAGCGCAATG,Naive2,GSM8563000,L219307,1.0,TGCAGGCAGCGCAATG-1,2774,GSM8563000_Naive2_filtered_matrix.mtx.gz,L219307,3
GSM8563000:TGCATCCAGTGGCAGT,Naive2,GSM8563000,L303918,1.0,TGCATCCAGTGGCAGT-1,2779,GSM8563000_Naive2_filtered_matrix.mtx.gz,L303918,0
GSM8563000:TGCATGAAGACGTCGA,Naive2,GSM8563000,L124052,1.0,TGCATGAAGACGTCGA-1,2782,GSM8563000_Naive2_filtered_matrix.mtx.gz,L124052,4
GSM8563000:TGCATGAAGATAACGT,Naive2,GSM8563000,L144132,1.0,TGCATGAAGATAACGT-1,2783,GSM8563000_Naive2_filtered_matrix.mtx.gz,L144132,3
GSM8563000:TGCATGAGTTTCGTAG,Naive2,GSM8563000,L268453,0.758911,TGCATGAGTTTCGTAG-1,2784,GSM8563000_Naive2_filtered_matrix.mtx.gz,L268453,2
GSM8563000:TGCCGAGGTCCAGCCA,Naive2,GSM8563000,L244706,1.0,TGCCGAGGTCCAGCCA-1,2787,GSM8563000_Naive2_filtered_matrix.mtx.gz,L244706,4
GSM8563000:TGCGACGCATGGATCT,Naive2,GSM8563000,L228182,1.0,TGCGACGCATGGATCT-1,2790,GSM8563000_Naive2_filtered_matrix.mtx.gz,L228182,0
GSM8563000:TGCGATACAATAGTAG,Naive2,GSM8563000,L252275,1.0,TGCGATACAATAGTAG-1,2795,GSM8563000_Naive2_filtered_matrix.mtx.gz,L252275,0
GSM8563000:TGCGATAGTTGCCATA,Naive2,GSM8563000,L191539,1.0,TGCGATAGTTGCCATA-1,2797,GSM8563000_Naive2_filtered_matrix.mtx.gz,L191539,3
GSM8563000:TGCGATATCACTCTTA,Naive2,GSM8563000,L61172,1.0,TGCGATATCACTCTTA-1,2798,GSM8563000_Naive2_filtered_matrix.mtx.gz,L61172,3
GSM8563000:TGCGGGTAGGAAAGGT,Naive2,GSM8563000,L289410,1.0,TGCGGGTAGGAAAGGT-1,2800,GSM8563000_Naive2_filtered_matrix.mtx.gz,L289410,2
GSM8563000:TGCGGGTTCTTGCAGA,Naive2,GSM8563000,L211180,1.0,TGCGGGTTCTTGCAGA-1,2801,GSM8563000_Naive2_filtered_matrix.mtx.gz,L211180,0
GSM8563000:TGCTCCAAGGAATCGC,Naive2,GSM8563000,L206761,1.0,TGCTCCAAGGAATCGC-1,2802,GSM8563000_Naive2_filtered_matrix.mtx.gz,L206761,0
GSM8563000:TGCTCCATCGGTAAGG,Naive2,GSM8563000,L316393,1.0,TGCTCCATCGGTAAGG-1,2805,GSM8563000_Naive2_filtered_matrix.mtx.gz,L316393,1
GSM8563000:TGCTCGTCATGTGACT,Naive2,GSM8563000,L152903,1.0,TGCTCGTCATGTGACT-1,2806,GSM8563000_Naive2_filtered_matrix.mtx.gz,L152903,2
GSM8563000:TGCTCGTGTGAAAGTT,Naive2,GSM8563000,L189345,1.0,TGCTCGTGTGAAAGTT-1,2807,GSM8563000_Naive2_filtered_matrix.mtx.gz,L189345,1
GSM8563000:TGCTCGTTCACGATAC,Naive2,GSM8563000,L147347,1.0,TGCTCGTTCACGATAC-1,2809,GSM8563000_Naive2_filtered_matrix.mtx.gz,L147347,1
GSM8563000:TGCTGAACAAATGAGT,Naive2,GSM8563000,L115717,1.0,TGCTGAACAAATGAGT-1,2810,GSM8563000_Naive2_filtered_matrix.mtx.gz,L115717,2
GSM8563000:TGCTGAACAATCACGT,Naive2,GSM8563000,L79366,1.0,TGCTGAACAATCACGT-1,2811,GSM8563000_Naive2_filtered_matrix.mtx.gz,L79366,4
GSM8563000:TGCTGAACAGGCATTT,Naive2,GSM8563000,L165222,1.0,TGCTGAACAGGCATTT-1,2813,GSM8563000_Naive2_filtered_matrix.mtx.gz,L165222,0
GSM8563000:TGCTTCGTCCTTATGT,Naive2,GSM8563000,L187885,1.0,TGCTTCGTCCTTATGT-1,2816,GSM8563000_Naive2_filtered_matrix.mtx.gz,L187885,0
GSM8563000:TGCTTGCAGGCTTAAA,Naive2,GSM8563000,L102444,1.0,TGCTTGCAGGCTTAAA-1,2819,GSM8563000_Naive2_filtered_matrix.mtx.gz,L102444,2
GSM8563000:TGCTTGCTCTTAGCAG,Naive2,GSM8563000,L160952,1.0,TGCTTGCTCTTAGCAG-1,2821,GSM8563000_Naive2_filtered_matrix.mtx.gz,L160952,4
GSM8563000:TGGAACTGTCGAGTTT,Naive2,GSM8563000,L319635,1.0,TGGAACTGTCGAGTTT-1,2824,GSM8563000_Naive2_filtered_matrix.mtx.gz,L319635,1
GSM8563000:TGGAGAGAGCCGGAAT,Naive2,GSM8563000,L27694,1.0,TGGAGAGAGCCGGAAT-1,2826,GSM8563000_Naive2_filtered_matrix.mtx.gz,L27694,0
GSM8563000:TGGATCAAGTTGCGCC,Naive2,GSM8563000,L197013,1.0,TGGATCAAGTTGCGCC-1,2833,GSM8563000_Naive2_filtered_matrix.mtx.gz,L197013,1
GSM8563000:TGGATCATCAAGGACG,Naive2,GSM8563000,L241540,1.0,TGGATCATCAAGGACG-1,2834,GSM8563000_Naive2_filtered_matrix.mtx.gz,L241540,2
GSM8563000:TGGATGTCATCGGAAG,Naive2,GSM8563000,L257154,1.0,TGGATGTCATCGGAAG-1,2836,GSM8563000_Naive2_filtered_matrix.mtx.gz,L257154,4
GSM8563000:TGGATGTGTCAAGTTC,Naive2,GSM8563000,L33021,1.0,TGGATGTGTCAAGTTC-1,2837,GSM8563000_Naive2_filtered_matrix.mtx.gz,L33021,2
GSM8563000:TGGATGTTCGACCAAT,Naive2,GSM8563000,L192531,1.0,TGGATGTTCGACCAAT-1,2838,GSM8563000_Naive2_filtered_matrix.mtx.gz,L192531,1
GSM8563000:TGGCGTGCAAATGATG,Naive2,GSM8563000,L66564,1.0,TGGCGTGCAAATGATG-1,2839,GSM8563000_Naive2_filtered_matrix.mtx.gz,L66564,1
GSM8563000:TGGCGTGGTGAGTGAC,Naive2,GSM8563000,L196980,1.0,TGGCGTGGTGAGTGAC-1,2841,GSM8563000_Naive2_filtered_matrix.mtx.gz,L196980,3
GSM8563000:TGGGAAGAGACTTGTC,Naive2,GSM8563000,L190318,1.0,TGGGAAGAGACTTGTC-1,2843,GSM8563000_Naive2_filtered_matrix.mtx.gz,L190318,2
GSM8563000:TGGGAAGAGTAAATGC,Naive2,GSM8563000,L75392,1.0,TGGGAAGAGTAAATGC-1,2844,GSM8563000_Naive2_filtered_matrix.mtx.gz,L75392,4
GSM8563000:TGGGAAGCACATCCCT,Naive2,GSM8563000,L135014,1.0,TGGGAAGCACATCCCT-1,2845,GSM8563000_Naive2_filtered_matrix.mtx.gz,L135014,4
GSM8563000:TGGGAAGCAGCTCCTT,Naive2,GSM8563000,L199024,1.0,TGGGAAGCAGCTCCTT-1,2846,GSM8563000_Naive2_filtered_matrix.mtx.gz,L199024,0
GSM8563000:TGGGAGATCTTCACAT,Naive2,GSM8563000,L289410,1.0,TGGGAGATCTTCACAT-1,2848,GSM8563000_Naive2_filtered_matrix.mtx.gz,L289410,2
GSM8563000:TGGGATTGTGAGATTA,Naive2,GSM8563000,L179636,1.0,TGGGATTGTGAGATTA-1,2850,GSM8563000_Naive2_filtered_matrix.mtx.gz,L179636,1
GSM8563000:TGGGATTTCACCTCGT,Naive2,GSM8563000,L242834,0.999821,TGGGATTTCACCTCGT-1,2851,GSM8563000_Naive2_filtered_matrix.mtx.gz,L242834,4
GSM8563000:TGGGCGTGTAGATTGA,Naive2,GSM8563000,L205676,1.0,TGGGCGTGTAGATTGA-1,2853,GSM8563000_Naive2_filtered_matrix.mtx.gz,L205676,0
GSM8563000:TGGGCTGAGCAAGGAA,Naive2,GSM8563000,L161593,1.0,TGGGCTGAGCAAGGAA-1,2855,GSM8563000_Naive2_filtered_matrix.mtx.gz,L161593,2
GSM8563000:TGGGCTGAGGATGAGA,Naive2,GSM8563000,L173031,1.0,TGGGCTGAGGATGAGA-1,2856,GSM8563000_Naive2_filtered_matrix.mtx.gz,L173031,0
GSM8563000:TGGGCTGAGGGTTTCT,Naive2,GSM8563000,L126735,1.0,TGGGCTGAGGGTTTCT-1,2857,GSM8563000_Naive2_filtered_matrix.mtx.gz,L126735,1
GSM8563000:TGGGTTAAGCATCAAA,Naive2,GSM8563000,L284015,1.0,TGGGTTAAGCATCAAA-1,2858,GSM8563000_Naive2_filtered_matrix.mtx.gz,L284015,0
GSM8563000:TGGGTTAGTGTTGAGG,Naive2,GSM8563000,L75467,1.0,TGGGTTAGTGTTGAGG-1,2860,GSM8563000_Naive2_filtered_matrix.mtx.gz,L75467,1
GSM8563000:TGGTAGTAGTTGAAAC,Naive2,GSM8563000,L6369,1.0,TGGTAGTAGTTGAAAC-1,2864,GSM8563000_Naive2_filtered_matrix.mtx.gz,L6369,4
GSM8563000:TGGTAGTCACAGGATG,Naive2,GSM8563000,L62936,1.0,TGGTAGTCACAGGATG-1,2866,GSM8563000_Naive2_filtered_matrix.mtx.gz,L62936,0
GSM8563000:TGGTAGTGTCCTGTCT,Naive2,GSM8563000,L145263,1.0,TGGTAGTGTCCTGTCT-1,2867,GSM8563000_Naive2_filtered_matrix.mtx.gz,L145263,4
GSM8563000:TGGTAGTGTCTGCGCA,Naive2,GSM8563000,L40629,1.0,TGGTAGTGTCTGCGCA-1,2868,GSM8563000_Naive2_filtered_matrix.mtx.gz,L40629,4
GSM8563000:TGGTAGTTCGAATCCA,Naive2,GSM8563000,L159831,1.0,TGGTAGTTCGAATCCA-1,2871,GSM8563000_Naive2_filtered_matrix.mtx.gz,L159831,2
GSM8563000:TGGTGATAGTCGGGAT,Naive2,GSM8563000,L298261,1.0,TGGTGATAGTCGGGAT-1,2873,GSM8563000_Naive2_filtered_matrix.mtx.gz,L298261,3
GSM8563000:TGGTGATCACAGCTGC,Naive2,GSM8563000,L260458,1.0,TGGTGATCACAGCTGC-1,2874,GSM8563000_Naive2_filtered_matrix.mtx.gz,L260458,4
GSM8563000:TGGTTAGAGCAGTAAT,Naive2,GSM8563000,L74841,1.0,TGGTTAGAGCAGTAAT-1,2875,GSM8563000_Naive2_filtered_matrix.mtx.gz,L74841,4
GSM8563000:TGTAACGAGCCACTCG,Naive2,GSM8563000,L54250,1.0,TGTAACGAGCCACTCG-1,2877,GSM8563000_Naive2_filtered_matrix.mtx.gz,L54250,4
GSM8563000:TGTAAGCTCCACTAGA,Naive2,GSM8563000,L239228,1.0,TGTAAGCTCCACTAGA-1,2880,GSM8563000_Naive2_filtered_matrix.mtx.gz,L239228,2
GSM8563000:TGTACAGCACTTGTGA,Naive2,GSM8563000,L300513,0.997345,TGTACAGCACTTGTGA-1,2882,GSM8563000_Naive2_filtered_matrix.mtx.gz,L300513,2
GSM8563000:TGTACAGCATCAGCTA,Naive2,GSM8563000,L214973,1.0,TGTACAGCATCAGCTA-1,2883,GSM8563000_Naive2_filtered_matrix.mtx.gz,L214973,2
GSM8563000:TGTACAGGTTGTGGCC,Naive2,GSM8563000,L244886,1.0,TGTACAGGTTGTGGCC-1,2885,GSM8563000_Naive2_filtered_matrix.mtx.gz,L244886,4
GSM8563000:TGTACAGTCGAACTCA,Naive2,GSM8563000,L70669,0.999045,TGTACAGTCGAACTCA-1,2886,GSM8563000_Naive2_filtered_matrix.mtx.gz,L70669,3
GSM8563000:TGTACAGTCTAGAGCT,Naive2,GSM8563000,L189345,1.0,TGTACAGTCTAGAGCT-1,2888,GSM8563000_Naive2_filtered_matrix.mtx.gz,L189345,1
GSM8563000:TGTAGACCAACTTGCA,Naive2,GSM8563000,L166707,1.0,TGTAGACCAACTTGCA-1,2889,GSM8563000_Naive2_filtered_matrix.mtx.gz,L166707,1
GSM8563000:TGTCAGAGTCGTCATA,Naive2,GSM8563000,L101216,1.0,TGTCAGAGTCGTCATA-1,2892,GSM8563000_Naive2_filtered_matrix.mtx.gz,L101216,1
GSM8563000:TGTCAGATCGAGATAA,Naive2,GSM8563000,L263788,1.0,TGTCAGATCGAGATAA-1,2894,GSM8563000_Naive2_filtered_matrix.mtx.gz,L263788,0
GSM8563000:TGTCCACCAGAGCCCT,Naive2,GSM8563000,L191293,1.0,TGTCCACCAGAGCCCT-1,2896,GSM8563000_Naive2_filtered_matrix.mtx.gz,L191293,2
GSM8563000:TGTCCCAAGTAGTCAA,Naive2,GSM8563000,L149376,1.0,TGTCCCAAGTAGTCAA-1,2899,GSM8563000_Naive2_filtered_matrix.mtx.gz,L149376,0
GSM8563000:TGTCCCACACCGTCTT,Naive2,GSM8563000,L22366,1.0,TGTCCCACACCGTCTT-1,2900,GSM8563000_Naive2_filtered_matrix.mtx.gz,L22366,2
GSM8563000:TGTCCCACACGACGAA,Naive2,GSM8563000,L124052,1.0,TGTCCCACACGACGAA-1,2901,GSM8563000_Naive2_filtered_matrix.mtx.gz,L124052,4
GSM8563000:TGTCCCAGTGCTCTTC,Naive2,GSM8563000,L88461,1.0,TGTCCCAGTGCTCTTC-1,2902,GSM8563000_Naive2_filtered_matrix.mtx.gz,L88461,3
GSM8563000:TGTCCTGGTCTTGAAC,Naive2,GSM8563000,L188027,1.0,TGTCCTGGTCTTGAAC-1,2904,GSM8563000_Naive2_filtered_matrix.mtx.gz,L188027,1
GSM8563000:TGTGAGTTCTCGTCAC,Naive2,GSM8563000,L48852,1.0,TGTGAGTTCTCGTCAC-1,2907,GSM8563000_Naive2_filtered_matrix.mtx.gz,L48852,1
GSM8563000:TGTGAGTTCTGCATAG,Naive2,GSM8563000,L331210,1.0,TGTGAGTTCTGCATAG-1,2908,GSM8563000_Naive2_filtered_matrix.mtx.gz,L331210,0
GSM8563000:TGTGATGAGGGATGTC,Naive2,GSM8563000,L31852,1.0,TGTGATGAGGGATGTC-1,2909,GSM8563000_Naive2_filtered_matrix.mtx.gz,L31852,2
GSM8563000:TGTGATGTCATGCATG,Naive2,GSM8563000,L129285,1.0,TGTGATGTCATGCATG-1,2911,GSM8563000_Naive2_filtered_matrix.mtx.gz,L129285,2
GSM8563000:TGTGCGGCAAGGTCTT,Naive2,GSM8563000,L320820,1.0,TGTGCGGCAAGGTCTT-1,2913,GSM8563000_Naive2_filtered_matrix.mtx.gz,L320820,3
GSM8563000:TGTGGCGCACTGTGTA,Naive2,GSM8563000,L165861,1.0,TGTGGCGCACTGTGTA-1,2917,GSM8563000_Naive2_filtered_matrix.mtx.gz,L165861,4
GSM8563000:TGTGGCGGTTGTGCCG,Naive2,GSM8563000,L272178,1.0,TGTGGCGGTTGTGCCG-1,2918,GSM8563000_Naive2_filtered_matrix.mtx.gz,L272178,0
GSM8563000:TGTGTGATCTACCAGA,Naive2,GSM8563000,L199024,1.0,TGTGTGATCTACCAGA-1,2920,GSM8563000_Naive2_filtered_matrix.mtx.gz,L199024,0
GSM8563000:TGTGTGATCTCTGACC,Naive2,GSM8563000,L116200,0.999606,TGTGTGATCTCTGACC-1,2921,GSM8563000_Naive2_filtered_matrix.mtx.gz,L116200,4
GSM8563000:TGTTACTGTATGTGTC,Naive2,GSM8563000,L290559,1.0,TGTTACTGTATGTGTC-1,2922,GSM8563000_Naive2_filtered_matrix.mtx.gz,L290559,0
GSM8563000:TGTTACTGTTGCTCAA,Naive2,GSM8563000,L314569,1.0,TGTTACTGTTGCTCAA-1,2923,GSM8563000_Naive2_filtered_matrix.mtx.gz,L314569,4
GSM8563000:TGTTACTTCAACTCTT,Naive2,GSM8563000,L206761,1.0,TGTTACTTCAACTCTT-1,2924,GSM8563000_Naive2_filtered_matrix.mtx.gz,L206761,0
GSM8563000:TGTTACTTCCAAGGGA,Naive2,GSM8563000,L320820,1.0,TGTTACTTCCAAGGGA-1,2925,GSM8563000_Naive2_filtered_matrix.mtx.gz,L320820,3
GSM8563000:TGTTCATGTTCGTTCC,Naive2,GSM8563000,L115717,1.0,TGTTCATGTTCGTTCC-1,2926,GSM8563000_Naive2_filtered_matrix.mtx.gz,L115717,2
GSM8563000:TGTTCATTCAAATGCC,Naive2,GSM8563000,L127688,0.585501,TGTTCATTCAAATGCC-1,2927,GSM8563000_Naive2_filtered_matrix.mtx.gz,L127688,1
GSM8563000:TGTTCCGAGAGGTTTA,Naive2,GSM8563000,L86394,1.0,TGTTCCGAGAGGTTTA-1,2928,GSM8563000_Naive2_filtered_matrix.mtx.gz,L86394,1
GSM8563000:TGTTCTAAGTTGTAAG,Naive2,GSM8563000,L41780,1.0,TGTTCTAAGTTGTAAG-1,2930,GSM8563000_Naive2_filtered_matrix.mtx.gz,L41780,4
GSM8563000:TGTTCTACACGTGTGC,Naive2,GSM8563000,L319635,1.0,TGTTCTACACGTGTGC-1,2931,GSM8563000_Naive2_filtered_matrix.mtx.gz,L319635,1
GSM8563000:TGTTGAGAGTAGTCTC,Naive2,GSM8563000,L128570,1.0,TGTTGAGAGTAGTCTC-1,2935,GSM8563000_Naive2_filtered_matrix.mtx.gz,L128570,1
GSM8563000:TGTTGAGGTTCCAAAC,Naive2,GSM8563000,L206761,1.0,TGTTGAGGTTCCAAAC-1,2937,GSM8563000_Naive2_filtered_matrix.mtx.gz,L206761,0
GSM8563000:TGTTGGACAACATACC,Naive2,GSM8563000,L6369,1.0,TGTTGGACAACATACC-1,2938,GSM8563000_Naive2_filtered_matrix.mtx.gz,L6369,4
GSM8563000:TGTTGGACAACTCGTA,Naive2,GSM8563000,L289410,1.0,TGTTGGACAACTCGTA-1,2939,GSM8563000_Naive2_filtered_matrix.mtx.gz,L289410,2
GSM8563000:TGTTGGAGTCAGCGTC,Naive2,GSM8563000,L85922,1.0,TGTTGGAGTCAGCGTC-1,2940,GSM8563000_Naive2_filtered_matrix.mtx.gz,L85922,0
GSM8563000:TGTTTGTGTTGTCTAG,Naive2,GSM8563000,L274951,1.0,TGTTTGTGTTGTCTAG-1,2942,GSM8563000_Naive2_filtered_matrix.mtx.gz,L274951,3
GSM8563000:TGTTTGTTCCATTTGT,Naive2,GSM8563000,L177128,1.0,TGTTTGTTCCATTTGT-1,2943,GSM8563000_Naive2_filtered_matrix.mtx.gz,L177128,3
GSM8563000:TTAATCCCAAGACAAT,Naive2,GSM8563000,L210001,1.0,TTAATCCCAAGACAAT-1,2944,GSM8563000_Naive2_filtered_matrix.mtx.gz,L210001,4
GSM8563000:TTAATCCTCACGGGCT,Naive2,GSM8563000,L31856,1.0,TTAATCCTCACGGGCT-1,2946,GSM8563000_Naive2_filtered_matrix.mtx.gz,L31856,4
GSM8563000:TTACAGGAGAAGTCCG,Naive2,GSM8563000,L114326,1.0,TTACAGGAGAAGTCCG-1,2948,GSM8563000_Naive2_filtered_matrix.mtx.gz,L114326,3
GSM8563000:TTACAGGAGTCGCTAT,Naive2,GSM8563000,L91035,1.0,TTACAGGAGTCGCTAT-1,2949,GSM8563000_Naive2_filtered_matrix.mtx.gz,L91035,3
GSM8563000:TTACAGGCACAGAGCA,Naive2,GSM8563000,L292880,1.0,TTACAGGCACAGAGCA-1,2950,GSM8563000_Naive2_filtered_matrix.mtx.gz,L292880,3
GSM8563000:TTACAGGCATCTCAAG,Naive2,GSM8563000,L145073,1.0,TTACAGGCATCTCAAG-1,2951,GSM8563000_Naive2_filtered_matrix.mtx.gz,L145073,1
GSM8563000:TTACCATAGCTCACTA,Naive2,GSM8563000,L198322,1.0,TTACCATAGCTCACTA-1,2952,GSM8563000_Naive2_filtered_matrix.mtx.gz,L198322,3
GSM8563000:TTACCGCGTCCGGCAT,Naive2,GSM8563000,L199024,1.0,TTACCGCGTCCGGCAT-1,2956,GSM8563000_Naive2_filtered_matrix.mtx.gz,L199024,0
GSM8563000:TTACCGCTCCGTATAG,Naive2,GSM8563000,L70669,1.0,TTACCGCTCCGTATAG-1,2957,GSM8563000_Naive2_filtered_matrix.mtx.gz,L70669,3
GSM8563000:TTACGCCAGATCCGAG,Naive2,GSM8563000,L289410,1.0,TTACGCCAGATCCGAG-1,2958,GSM8563000_Naive2_filtered_matrix.mtx.gz,L289410,2
GSM8563000:TTACGCCAGTGGCCTC,Naive2,GSM8563000,L31852,1.0,TTACGCCAGTGGCCTC-1,2959,GSM8563000_Naive2_filtered_matrix.mtx.gz,L31852,2
GSM8563000:TTACGCCTCTTCGGAA,Naive2,GSM8563000,L104099,1.0,TTACGCCTCTTCGGAA-1,2962,GSM8563000_Naive2_filtered_matrix.mtx.gz,L104099,4
GSM8563000:TTACGTTGTCTTGAGT,Naive2,GSM8563000,L188153,1.0,TTACGTTGTCTTGAGT-1,2963,GSM8563000_Naive2_filtered_matrix.mtx.gz,L188153,3
GSM8563000:TTAGGCAGTACAAGTA,Naive2,GSM8563000,L165929,0.896925,TTAGGCAGTACAAGTA-1,2965,GSM8563000_Naive2_filtered_matrix.mtx.gz,L165929,3
GSM8563000:TTAGGGTCAAGAGTAT,Naive2,GSM8563000,L70669,1.0,TTAGGGTCAAGAGTAT-1,2966,GSM8563000_Naive2_filtered_matrix.mtx.gz,L70669,3
GSM8563000:TTAGGGTGTGGACTGA,Naive2,GSM8563000,L285237,1.0,TTAGGGTGTGGACTGA-1,2967,GSM8563000_Naive2_filtered_matrix.mtx.gz,L285237,1
GSM8563000:TTAGGGTGTTAGGGAC,Naive2,GSM8563000,L1679,1.0,TTAGGGTGTTAGGGAC-1,2968,GSM8563000_Naive2_filtered_matrix.mtx.gz,L1679,1
GSM8563000:TTAGGGTTCAAAGACA,Naive2,GSM8563000,L166657,1.0,TTAGGGTTCAAAGACA-1,2970,GSM8563000_Naive2_filtered_matrix.mtx.gz,L166657,3
GSM8563000:TTAGGGTTCGGCCTTT,Naive2,GSM8563000,L75392,1.0,TTAGGGTTCGGCCTTT-1,2971,GSM8563000_Naive2_filtered_matrix.mtx.gz,L75392,4
GSM8563000:TTAGTCTGTCGCAACC,Naive2,GSM8563000,L40629,1.0,TTAGTCTGTCGCAACC-1,2972,GSM8563000_Naive2_filtered_matrix.mtx.gz,L40629,4
GSM8563000:TTAGTCTGTTCACCGG,Naive2,GSM8563000,L75392,1.0,TTAGTCTGTTCACCGG-1,2973,GSM8563000_Naive2_filtered_matrix.mtx.gz,L75392,4
GSM8563000:TTATTGCGTAACATAG,Naive2,GSM8563000,L216702,1.0,TTATTGCGTAACATAG-1,2976,GSM8563000_Naive2_filtered_matrix.mtx.gz,L216702,2
GSM8563000:TTCAATCCAAGTTTGC,Naive2,GSM8563000,L35478,1.0,TTCAATCCAAGTTTGC-1,2978,GSM8563000_Naive2_filtered_matrix.mtx.gz,L35478,0
GSM8563000:TTCAATCTCGAAGAAT,Naive2,GSM8563000,L31856,1.0,TTCAATCTCGAAGAAT-1,2979,GSM8563000_Naive2_filtered_matrix.mtx.gz,L31856,4
GSM8563000:TTCACCGCACTCCGGA,Naive2,GSM8563000,L21716,1.0,TTCACCGCACTCCGGA-1,2982,GSM8563000_Naive2_filtered_matrix.mtx.gz,L21716,4
GSM8563000:TTCACCGCACTTACAG,Naive2,GSM8563000,L13818,1.0,TTCACCGCACTTACAG-1,2983,GSM8563000_Naive2_filtered_matrix.mtx.gz,L13818,3
GSM8563000:TTCACCGGTTGTTGTG,Naive2,GSM8563000,L222867,1.0,TTCACCGGTTGTTGTG-1,2984,GSM8563000_Naive2_filtered_matrix.mtx.gz,L222867,4
GSM8563000:TTCACGCAGATCCAAA,Naive2,GSM8563000,L329587,0.630576,TTCACGCAGATCCAAA-1,2986,GSM8563000_Naive2_filtered_matrix.mtx.gz,L329587,0
GSM8563000:TTCATGTCAAAGTATG,Naive2,GSM8563000,L295561,1.0,TTCATGTCAAAGTATG-1,2993,GSM8563000_Naive2_filtered_matrix.mtx.gz,L295561,0
GSM8563000:TTCCAATGTTCCGCGA,Naive2,GSM8563000,L46767,1.0,TTCCAATGTTCCGCGA-1,2999,GSM8563000_Naive2_filtered_matrix.mtx.gz,L46767,2
GSM8563000:TTCCACGGTGTCTTAG,Naive2,GSM8563000,L80342,1.0,TTCCACGGTGTCTTAG-1,3003,GSM8563000_Naive2_filtered_matrix.mtx.gz,L80342,1
GSM8563000:TTCCACGGTGTGAATA,Naive2,GSM8563000,L36415,1.0,TTCCACGGTGTGAATA-1,3004,GSM8563000_Naive2_filtered_matrix.mtx.gz,L36415,3
GSM8563000:TTCCACGTCAGCGGAA,Naive2,GSM8563000,L8434,1.0,TTCCACGTCAGCGGAA-1,3005,GSM8563000_Naive2_filtered_matrix.mtx.gz,L8434,0
GSM8563000:TTCCACGTCAGTGTGT,Naive2,GSM8563000,L104690,1.0,TTCCACGTCAGTGTGT-1,3006,GSM8563000_Naive2_filtered_matrix.mtx.gz,L104690,4
GSM8563000:TTCCGGTGTTCGATTG,Naive2,GSM8563000,L286512,0.996891,TTCCGGTGTTCGATTG-1,3008,GSM8563000_Naive2_filtered_matrix.mtx.gz,L286512,1
GSM8563000:TTCCGGTTCAGACCCG,Naive2,GSM8563000,L274951,1.0,TTCCGGTTCAGACCCG-1,3009,GSM8563000_Naive2_filtered_matrix.mtx.gz,L274951,3
GSM8563000:TTCCGGTTCAGTAGGG,Naive2,GSM8563000,L145073,1.0,TTCCGGTTCAGTAGGG-1,3010,GSM8563000_Naive2_filtered_matrix.mtx.gz,L145073,1
GSM8563000:TTCCGTGAGGAAAGAC,Naive2,GSM8563000,L212210,1.0,TTCCGTGAGGAAAGAC-1,3012,GSM8563000_Naive2_filtered_matrix.mtx.gz,L212210,2
GSM8563000:TTCCGTGAGTGCCCGT,Naive2,GSM8563000,L107578,1.0,TTCCGTGAGTGCCCGT-1,3013,GSM8563000_Naive2_filtered_matrix.mtx.gz,L107578,2
GSM8563000:TTCCGTGCAGTACTAC,Naive2,GSM8563000,L230229,1.0,TTCCGTGCAGTACTAC-1,3014,GSM8563000_Naive2_filtered_matrix.mtx.gz,L230229,3
GSM8563000:TTCCGTGGTGCCTACG,Naive2,GSM8563000,L75392,1.0,TTCCGTGGTGCCTACG-1,3015,GSM8563000_Naive2_filtered_matrix.mtx.gz,L75392,4
GSM8563000:TTCCGTGTCCTACTGC,Naive2,GSM8563000,L61163,1.0,TTCCGTGTCCTACTGC-1,3016,GSM8563000_Naive2_filtered_matrix.mtx.gz,L61163,3
GSM8563000:TTCCTAAAGCCAGTAG,Naive2,GSM8563000,L23858,1.0,TTCCTAAAGCCAGTAG-1,3017,GSM8563000_Naive2_filtered_matrix.mtx.gz,L23858,1
GSM8563000:TTCCTAAGTAATTAGG,Naive2,GSM8563000,L200066,1.0,TTCCTAAGTAATTAGG-1,3018,GSM8563000_Naive2_filtered_matrix.mtx.gz,L200066,1
GSM8563000:TTCCTCTAGACGGATC,Naive2,GSM8563000,L166707,1.0,TTCCTCTAGACGGATC-1,3019,GSM8563000_Naive2_filtered_matrix.mtx.gz,L166707,1
GSM8563000:TTCCTCTGTAGGACCA,Naive2,GSM8563000,L161079,1.0,TTCCTCTGTAGGACCA-1,3021,GSM8563000_Naive2_filtered_matrix.mtx.gz,L161079,2
GSM8563000:TTCGATTAGTGGCGAT,Naive2,GSM8563000,L173296,1.0,TTCGATTAGTGGCGAT-1,3028,GSM8563000_Naive2_filtered_matrix.mtx.gz,L173296,1
GSM8563000:TTCGCTGAGCTCCACG,Naive2,GSM8563000,L188027,1.0,TTCGCTGAGCTCCACG-1,3031,GSM8563000_Naive2_filtered_matrix.mtx.gz,L188027,1
GSM8563000:TTCGCTGCAAGTTTGC,Naive2,GSM8563000,L164771,1.0,TTCGCTGCAAGTTTGC-1,3032,GSM8563000_Naive2_filtered_matrix.mtx.gz,L164771,2
GSM8563000:TTCGCTGGTGATTCTG,Naive2,GSM8563000,L264326,1.0,TTCGCTGGTGATTCTG-1,3034,GSM8563000_Naive2_filtered_matrix.mtx.gz,L264326,2
GSM8563000:TTCGCTGTCAACTACG,Naive2,GSM8563000,L239228,1.0,TTCGCTGTCAACTACG-1,3036,GSM8563000_Naive2_filtered_matrix.mtx.gz,L239228,2
GSM8563000:TTCGCTGTCTTCTGGC,Naive2,GSM8563000,L36541,1.0,TTCGCTGTCTTCTGGC-1,3038,GSM8563000_Naive2_filtered_matrix.mtx.gz,L36541,3
GSM8563000:TTCGGTCCAATGTCTG,Naive2,GSM8563000,L52820,1.0,TTCGGTCCAATGTCTG-1,3040,GSM8563000_Naive2_filtered_matrix.mtx.gz,L52820,0
GSM8563000:TTCTAACAGCGCACAA,Naive2,GSM8563000,L15809,0.997708,TTCTAACAGCGCACAA-1,3044,GSM8563000_Naive2_filtered_matrix.mtx.gz,L15809,2
GSM8563000:TTCTAACGTTGTACGT,Naive2,GSM8563000,L124052,1.0,TTCTAACGTTGTACGT-1,3046,GSM8563000_Naive2_filtered_matrix.mtx.gz,L124052,4
GSM8563000:TTCTAACTCTACTTCA,Naive2,GSM8563000,L167950,1.0,TTCTAACTCTACTTCA-1,3047,GSM8563000_Naive2_filtered_matrix.mtx.gz,L167950,3
GSM8563000:TTCTAGTAGACTTCAC,Naive2,GSM8563000,L8387,1.0,TTCTAGTAGACTTCAC-1,3048,GSM8563000_Naive2_filtered_matrix.mtx.gz,L8387,0
GSM8563000:TTCTAGTTCAATCAGC,Naive2,GSM8563000,L77171,1.0,TTCTAGTTCAATCAGC-1,3051,GSM8563000_Naive2_filtered_matrix.mtx.gz,L77171,0
GSM8563000:TTCTAGTTCGGTGTTA,Naive2,GSM8563000,L322120,1.0,TTCTAGTTCGGTGTTA-1,3052,GSM8563000_Naive2_filtered_matrix.mtx.gz,L322120,3
GSM8563000:TTCTAGTTCTGTACAG,Naive2,GSM8563000,L165929,0.808576,TTCTAGTTCTGTACAG-1,3053,GSM8563000_Naive2_filtered_matrix.mtx.gz,L165929,3
GSM8563000:TTCTCTCCAGGCGAAT,Naive2,GSM8563000,L287148,1.0,TTCTCTCCAGGCGAAT-1,3055,GSM8563000_Naive2_filtered_matrix.mtx.gz,L287148,3
GSM8563000:TTCTCTCTCGTGTCAA,Naive2,GSM8563000,L98634,1.0,TTCTCTCTCGTGTCAA-1,3056,GSM8563000_Naive2_filtered_matrix.mtx.gz,L98634,2
GSM8563000:TTCTGTATCGGCTGAC,Naive2,GSM8563000,L21782,1.0,TTCTGTATCGGCTGAC-1,3059,GSM8563000_Naive2_filtered_matrix.mtx.gz,L21782,2
GSM8563000:TTCTGTATCGGTCATA,Naive2,GSM8563000,L221983,1.0,TTCTGTATCGGTCATA-1,3060,GSM8563000_Naive2_filtered_matrix.mtx.gz,L221983,3
GSM8563000:TTCTTCCAGTTGCATC,Naive2,GSM8563000,L189345,1.0,TTCTTCCAGTTGCATC-1,3062,GSM8563000_Naive2_filtered_matrix.mtx.gz,L189345,1
GSM8563000:TTCTTCCCAGATACCT,Naive2,GSM8563000,L13712,1.0,TTCTTCCCAGATACCT-1,3063,GSM8563000_Naive2_filtered_matrix.mtx.gz,L13712,3
GSM8563000:TTCTTCCTCTGAACGT,Naive2,GSM8563000,L221726,1.0,TTCTTCCTCTGAACGT-1,3066,GSM8563000_Naive2_filtered_matrix.mtx.gz,L221726,1
GSM8563000:TTGAACGCATGGATCT,Naive2,GSM8563000,L17895,1.0,TTGAACGCATGGATCT-1,3072,GSM8563000_Naive2_filtered_matrix.mtx.gz,L17895,4
GSM8563000:TTGAACGGTGCTTCAA,Naive2,GSM8563000,L131755,1.0,TTGAACGGTGCTTCAA-1,3075,GSM8563000_Naive2_filtered_matrix.mtx.gz,L131755,3
GSM8563000:TTGAACGGTTAGGACG,Naive2,GSM8563000,L35389,1.0,TTGAACGGTTAGGACG-1,3077,GSM8563000_Naive2_filtered_matrix.mtx.gz,L35389,4
GSM8563000:TTGAACGTCAGGACAG,Naive2,GSM8563000,L52309,1.0,TTGAACGTCAGGACAG-1,3078,GSM8563000_Naive2_filtered_matrix.mtx.gz,L52309,2
GSM8563000:TTGAACGTCCCTCAAC,Naive2,GSM8563000,L40629,1.0,TTGAACGTCCCTCAAC-1,3079,GSM8563000_Naive2_filtered_matrix.mtx.gz,L40629,4
GSM8563000:TTGACCCAGGTAGTAT,Naive2,GSM8563000,L23111,1.0,TTGACCCAGGTAGTAT-1,3080,GSM8563000_Naive2_filtered_matrix.mtx.gz,L23111,1
GSM8563000:TTGAGTGTCCAGGACC,Naive2,GSM8563000,L93681,0.997316,TTGAGTGTCCAGGACC-1,3084,GSM8563000_Naive2_filtered_matrix.mtx.gz,L93681,4
GSM8563000:TTGCATTAGAGCACTG,Naive2,GSM8563000,L13818,1.0,TTGCATTAGAGCACTG-1,3087,GSM8563000_Naive2_filtered_matrix.mtx.gz,L13818,3
GSM8563000:TTGCATTGTCCAGGTC,Naive2,GSM8563000,L102444,0.999999,TTGCATTGTCCAGGTC-1,3088,GSM8563000_Naive2_filtered_matrix.mtx.gz,L102444,2
GSM8563000:TTGCTGCCAGACGGAT,Naive2,GSM8563000,L8434,1.0,TTGCTGCCAGACGGAT-1,3094,GSM8563000_Naive2_filtered_matrix.mtx.gz,L8434,0
GSM8563000:TTGCTGCGTCTTTCTA,Naive2,GSM8563000,L150587,1.0,TTGCTGCGTCTTTCTA-1,3095,GSM8563000_Naive2_filtered_matrix.mtx.gz,L150587,3
GSM8563000:TTGGATGAGATAGGGA,Naive2,GSM8563000,L319318,0.999994,TTGGATGAGATAGGGA-1,3097,GSM8563000_Naive2_filtered_matrix.mtx.gz,L319318,2
GSM8563000:TTGGATGAGCCTCTCT,Naive2,GSM8563000,L132506,1.0,TTGGATGAGCCTCTCT-1,3098,GSM8563000_Naive2_filtered_matrix.mtx.gz,L132506,1
GSM8563000:TTGGATGAGTAATTGG,Naive2,GSM8563000,L325741,1.0,TTGGATGAGTAATTGG-1,3100,GSM8563000_Naive2_filtered_matrix.mtx.gz,L325741,0
GSM8563000:TTGGATGCACCGAATT,Naive2,GSM8563000,L329587,1.0,TTGGATGCACCGAATT-1,3101,GSM8563000_Naive2_filtered_matrix.mtx.gz,L329587,0
GSM8563000:TTGGATGCAGGAACCA,Naive2,GSM8563000,L87366,1.0,TTGGATGCAGGAACCA-1,3103,GSM8563000_Naive2_filtered_matrix.mtx.gz,L87366,3
GSM8563000:TTGGGATCAATTGAAG,Naive2,GSM8563000,L31852,1.0,TTGGGATCAATTGAAG-1,3108,GSM8563000_Naive2_filtered_matrix.mtx.gz,L31852,2
GSM8563000:TTGGGATGTGGTCTCG,Naive2,GSM8563000,L116006,1.0,TTGGGATGTGGTCTCG-1,3109,GSM8563000_Naive2_filtered_matrix.mtx.gz,L116006,3
GSM8563000:TTGGGATTCTTCGACC,Naive2,GSM8563000,L135998,1.0,TTGGGATTCTTCGACC-1,3110,GSM8563000_Naive2_filtered_matrix.mtx.gz,L135998,4
GSM8563000:TTGGGCGTCCTCAGGG,Naive2,GSM8563000,L84351,1.0,TTGGGCGTCCTCAGGG-1,3113,GSM8563000_Naive2_filtered_matrix.mtx.gz,L84351,3
GSM8563000:TTGGGCGTCTTCGATT,Naive2,GSM8563000,L54250,1.0,TTGGGCGTCTTCGATT-1,3114,GSM8563000_Naive2_filtered_matrix.mtx.gz,L54250,4
GSM8563000:TTGGGTACAAGATCCT,Naive2,GSM8563000,L173296,1.0,TTGGGTACAAGATCCT-1,3115,GSM8563000_Naive2_filtered_matrix.mtx.gz,L173296,1
GSM8563000:TTGTGGACAGGGATAC,Naive2,GSM8563000,L40282,1.0,TTGTGGACAGGGATAC-1,3118,GSM8563000_Naive2_filtered_matrix.mtx.gz,L40282,0
GSM8563000:TTGTGGAGTCGTTATG,Naive2,GSM8563000,L155295,1.0,TTGTGGAGTCGTTATG-1,3119,GSM8563000_Naive2_filtered_matrix.mtx.gz,L155295,4
GSM8563000:TTGTGTTAGAGCAGCT,Naive2,GSM8563000,L229874,1.0,TTGTGTTAGAGCAGCT-1,3122,GSM8563000_Naive2_filtered_matrix.mtx.gz,L229874,1
GSM8563000:TTGTTCACAAATTGCC,Naive2,GSM8563000,L102444,1.0,TTGTTCACAAATTGCC-1,3124,GSM8563000_Naive2_filtered_matrix.mtx.gz,L102444,2
GSM8563000:TTGTTGTCAAGGACAC,Naive2,GSM8563000,L98634,1.0,TTGTTGTCAAGGACAC-1,3125,GSM8563000_Naive2_filtered_matrix.mtx.gz,L98634,2
GSM8563000:TTGTTGTCAGACTCTA,Naive2,GSM8563000,L187096,1.0,TTGTTGTCAGACTCTA-1,3126,GSM8563000_Naive2_filtered_matrix.mtx.gz,L187096,2
GSM8563000:TTGTTGTGTACTCGCG,Naive2,GSM8563000,L259385,1.0,TTGTTGTGTACTCGCG-1,3127,GSM8563000_Naive2_filtered_matrix.mtx.gz,L259385,3
GSM8563000:TTGTTTGTCTATGTGG,Naive2,GSM8563000,L5495,1.0,TTGTTTGTCTATGTGG-1,3129,GSM8563000_Naive2_filtered_matrix.mtx.gz,L5495,0
GSM8563000:TTTACCAAGGATATGT,Naive2,GSM8563000,L295492,1.0,TTTACCAAGGATATGT-1,3130,GSM8563000_Naive2_filtered_matrix.mtx.gz,L295492,0
GSM8563000:TTTACCAAGGGCAATC,Naive2,GSM8563000,L6369,1.0,TTTACCAAGGGCAATC-1,3131,GSM8563000_Naive2_filtered_matrix.mtx.gz,L6369,4
GSM8563000:TTTACCAGTTATGACC,Naive2,GSM8563000,L258524,1.0,TTTACCAGTTATGACC-1,3134,GSM8563000_Naive2_filtered_matrix.mtx.gz,L258524,0
GSM8563000:TTTACGTGTGCCCAGT,Naive2,GSM8563000,L244706,1.0,TTTACGTGTGCCCAGT-1,3136,GSM8563000_Naive2_filtered_matrix.mtx.gz,L244706,4
GSM8563000:TTTACGTTCGCTGTTC,Naive2,GSM8563000,L131897,1.0,TTTACGTTCGCTGTTC-1,3137,GSM8563000_Naive2_filtered_matrix.mtx.gz,L131897,4
GSM8563000:TTTACTGAGGATTACA,Naive2,GSM8563000,L109790,1.0,TTTACTGAGGATTACA-1,3138,GSM8563000_Naive2_filtered_matrix.mtx.gz,L109790,0
GSM8563000:TTTAGTCAGGGACTGT,Naive2,GSM8563000,L23858,1.0,TTTAGTCAGGGACTGT-1,3140,GSM8563000_Naive2_filtered_matrix.mtx.gz,L23858,1
GSM8563000:TTTAGTCCAGAAGCGT,Naive2,GSM8563000,L62700,1.0,TTTAGTCCAGAAGCGT-1,3142,GSM8563000_Naive2_filtered_matrix.mtx.gz,L62700,2
GSM8563000:TTTAGTCCATGACTAC,Naive2,GSM8563000,L264962,1.0,TTTAGTCCATGACTAC-1,3143,GSM8563000_Naive2_filtered_matrix.mtx.gz,L264962,3
GSM8563000:TTTATGCAGATTGTGA,Naive2,GSM8563000,L239228,1.0,TTTATGCAGATTGTGA-1,3145,GSM8563000_Naive2_filtered_matrix.mtx.gz,L239228,2
GSM8563000:TTTATGCGTTGCACGC,Naive2,GSM8563000,L70669,1.0,TTTATGCGTTGCACGC-1,3146,GSM8563000_Naive2_filtered_matrix.mtx.gz,L70669,3
GSM8563000:TTTATGCTCTGCCTCA,Naive2,GSM8563000,L54153,1.0,TTTATGCTCTGCCTCA-1,3147,GSM8563000_Naive2_filtered_matrix.mtx.gz,L54153,2
GSM8563000:TTTATGCTCTGCTAGA,Naive2,GSM8563000,L173296,1.0,TTTATGCTCTGCTAGA-1,3148,GSM8563000_Naive2_filtered_matrix.mtx.gz,L173296,1
GSM8563000:TTTATGCTCTTGGGCG,Naive2,GSM8563000,L273673,0.999951,TTTATGCTCTTGGGCG-1,3149,GSM8563000_Naive2_filtered_matrix.mtx.gz,L273673,4
GSM8563000:TTTCAGTAGTGGCAGT,Naive2,GSM8563000,L64990,1.0,TTTCAGTAGTGGCAGT-1,3152,GSM8563000_Naive2_filtered_matrix.mtx.gz,L64990,4
GSM8563000:TTTCAGTCAAGGCTTT,Naive2,GSM8563000,L240450,1.0,TTTCAGTCAAGGCTTT-1,3153,GSM8563000_Naive2_filtered_matrix.mtx.gz,L240450,2
GSM8563000:TTTCAGTCACACAGCC,Naive2,GSM8563000,L31852,1.0,TTTCAGTCACACAGCC-1,3154,GSM8563000_Naive2_filtered_matrix.mtx.gz,L31852,2
GSM8563000:TTTCATGAGTTTCGAC,Naive2,GSM8563000,L312238,1.0,TTTCATGAGTTTCGAC-1,3157,GSM8563000_Naive2_filtered_matrix.mtx.gz,L312238,2
GSM8563000:TTTCATGGTAGCTGCC,Naive2,GSM8563000,L4121,1.0,TTTCATGGTAGCTGCC-1,3158,GSM8563000_Naive2_filtered_matrix.mtx.gz,L4121,4
GSM8563000:TTTCATGTCACATCAG,Naive2,GSM8563000,L166291,1.0,TTTCATGTCACATCAG-1,3159,GSM8563000_Naive2_filtered_matrix.mtx.gz,L166291,2
GSM8563000:TTTCATGTCACTTTGT,Naive2,GSM8563000,L183654,1.0,TTTCATGTCACTTTGT-1,3161,GSM8563000_Naive2_filtered_matrix.mtx.gz,L183654,3
GSM8563000:TTTCCTCAGCATCAAA,Naive2,GSM8563000,L33701,1.0,TTTCCTCAGCATCAAA-1,3163,GSM8563000_Naive2_filtered_matrix.mtx.gz,L33701,3
GSM8563000:TTTCCTCGTAAGTTAG,Naive2,GSM8563000,L88461,1.0,TTTCCTCGTAAGTTAG-1,3164,GSM8563000_Naive2_filtered_matrix.mtx.gz,L88461,3
GSM8563000:TTTCCTCTCACATACG,Naive2,GSM8563000,L205394,1.0,TTTCCTCTCACATACG-1,3166,GSM8563000_Naive2_filtered_matrix.mtx.gz,L205394,0
GSM8563000:TTTGACTAGAGGTTAT,Naive2,GSM8563000,L12904,1.0,TTTGACTAGAGGTTAT-1,3169,GSM8563000_Naive2_filtered_matrix.mtx.gz,L12904,3
GSM8563000:TTTGACTAGATAACGT,Naive2,GSM8563000,L21177,1.0,TTTGACTAGATAACGT-1,3170,GSM8563000_Naive2_filtered_matrix.mtx.gz,L21177,0
GSM8563000:TTTGATCGTAGAGCTG,Naive2,GSM8563000,L35389,1.0,TTTGATCGTAGAGCTG-1,3175,GSM8563000_Naive2_filtered_matrix.mtx.gz,L35389,4
GSM8563000:TTTGGAGAGGCCGCTT,Naive2,GSM8563000,L16603,1.0,TTTGGAGAGGCCGCTT-1,3177,GSM8563000_Naive2_filtered_matrix.mtx.gz,L16603,0
GSM8563000:TTTGGAGGTGCAATGG,Naive2,GSM8563000,L109808,1.0,TTTGGAGGTGCAATGG-1,3180,GSM8563000_Naive2_filtered_matrix.mtx.gz,L109808,1
GSM8563000:TTTGGTTCAAATTGCC,Naive2,GSM8563000,L204112,1.0,TTTGGTTCAAATTGCC-1,3181,GSM8563000_Naive2_filtered_matrix.mtx.gz,L204112,1
GSM8563000:TTTGTTGAGTTGCGCC,Naive2,GSM8563000,L98949,1.0,TTTGTTGAGTTGCGCC-1,3186,GSM8563000_Naive2_filtered_matrix.mtx.gz,L98949,4
GSM8563001:AAACCCAAGCTGTCCG,Naive3,GSM8563001,L274951,1.0,AAACCCAAGCTGTCCG-1,1,GSM8563001_Naive3_filtered_matrix.mtx.gz,L274951,3
GSM8563001:AAACCCAAGTATCCTG,Naive3,GSM8563001,L139565,1.0,AAACCCAAGTATCCTG-1,2,GSM8563001_Naive3_filtered_matrix.mtx.gz,L139565,3
GSM8563001:AAACCCACAATGACCT,Naive3,GSM8563001,L173296,1.0,AAACCCACAATGACCT-1,3,GSM8563001_Naive3_filtered_matrix.mtx.gz,L173296,1
GSM8563001:AAACGCTAGCTATCCA,Naive3,GSM8563001,L127213,1.0,AAACGCTAGCTATCCA-1,10,GSM8563001_Naive3_filtered_matrix.mtx.gz,L127213,0
GSM8563001:AAACGCTCAGCACACC,Naive3,GSM8563001,L279030,1.0,AAACGCTCAGCACACC-1,11,GSM8563001_Naive3_filtered_matrix.mtx.gz,L279030,2
GSM8563001:AAACGCTCATTGACAC,Naive3,GSM8563001,L52264,1.0,AAACGCTCATTGACAC-1,12,GSM8563001_Naive3_filtered_matrix.mtx.gz,L52264,2
GSM8563001:AAACGCTTCAACTGAC,Naive3,GSM8563001,L239228,1.0,AAACGCTTCAACTGAC-1,13,GSM8563001_Naive3_filtered_matrix.mtx.gz,L239228,2
GSM8563001:AAAGAACAGGTAATCA,Naive3,GSM8563001,L102484,1.0,AAAGAACAGGTAATCA-1,14,GSM8563001_Naive3_filtered_matrix.mtx.gz,L102484,2
GSM8563001:AAAGAACTCCATCTCG,Naive3,GSM8563001,L196331,1.0,AAAGAACTCCATCTCG-1,15,GSM8563001_Naive3_filtered_matrix.mtx.gz,L196331,1
GSM8563001:AAAGAACTCCGATTAG,Naive3,GSM8563001,L30726,1.0,AAAGAACTCCGATTAG-1,16,GSM8563001_Naive3_filtered_matrix.mtx.gz,L30726,2
GSM8563001:AAAGAACTCCTATGGA,Naive3,GSM8563001,L320820,1.0,AAAGAACTCCTATGGA-1,17,GSM8563001_Naive3_filtered_matrix.mtx.gz,L320820,3
GSM8563001:AAAGAACTCTCGAGTA,Naive3,GSM8563001,L2779,1.0,AAAGAACTCTCGAGTA-1,18,GSM8563001_Naive3_filtered_matrix.mtx.gz,L2779,4
GSM8563001:AAAGGATAGACCAGCA,Naive3,GSM8563001,L70669,1.0,AAAGGATAGACCAGCA-1,19,GSM8563001_Naive3_filtered_matrix.mtx.gz,L70669,3
GSM8563001:AAAGGATGTGCGAACA,Naive3,GSM8563001,L117526,1.0,AAAGGATGTGCGAACA-1,20,GSM8563001_Naive3_filtered_matrix.mtx.gz,L117526,3
GSM8563001:AAAGGATGTGGTTTGT,Naive3,GSM8563001,L88461,1.0,AAAGGATGTGGTTTGT-1,21,GSM8563001_Naive3_filtered_matrix.mtx.gz,L88461,3
GSM8563001:AAAGGGCCAGACACCC,Naive3,GSM8563001,L112548,0.999923,AAAGGGCCAGACACCC-1,23,GSM8563001_Naive3_filtered_matrix.mtx.gz,L112548,0
GSM8563001:AAAGGGCTCAACTGGT,Naive3,GSM8563001,L179761,1.0,AAAGGGCTCAACTGGT-1,24,GSM8563001_Naive3_filtered_matrix.mtx.gz,L179761,2
GSM8563001:AAAGGGCTCACAGTGT,Naive3,GSM8563001,L152903,1.0,AAAGGGCTCACAGTGT-1,25,GSM8563001_Naive3_filtered_matrix.mtx.gz,L152903,2
GSM8563001:AAAGGGCTCTGTGCAA,Naive3,GSM8563001,L265836,1.0,AAAGGGCTCTGTGCAA-1,26,GSM8563001_Naive3_filtered_matrix.mtx.gz,L265836,0
GSM8563001:AAAGTCCAGCATCTTG,Naive3,GSM8563001,L173168,1.0,AAAGTCCAGCATCTTG-1,27,GSM8563001_Naive3_filtered_matrix.mtx.gz,L173168,1
GSM8563001:AAAGTCCAGTGCAGCA,Naive3,GSM8563001,L45022,1.0,AAAGTCCAGTGCAGCA-1,28,GSM8563001_Naive3_filtered_matrix.mtx.gz,L45022,3
GSM8563001:AAAGTGACAGGGACTA,Naive3,GSM8563001,L239228,1.0,AAAGTGACAGGGACTA-1,32,GSM8563001_Naive3_filtered_matrix.mtx.gz,L239228,2
GSM8563001:AAATGGACATAGATGA,Naive3,GSM8563001,L197414,1.0,AAATGGACATAGATGA-1,33,GSM8563001_Naive3_filtered_matrix.mtx.gz,L197414,1
GSM8563001:AAATGGACATTCTCTA,Naive3,GSM8563001,L40629,1.0,AAATGGACATTCTCTA-1,34,GSM8563001_Naive3_filtered_matrix.mtx.gz,L40629,4
GSM8563001:AAATGGAGTGCCGTAC,Naive3,GSM8563001,L241540,1.0,AAATGGAGTGCCGTAC-1,35,GSM8563001_Naive3_filtered_matrix.mtx.gz,L241540,2
GSM8563001:AAATGGATCGAACACT,Naive3,GSM8563001,L265944,0.872977,AAATGGATCGAACACT-1,36,GSM8563001_Naive3_filtered_matrix.mtx.gz,L265944,3
GSM8563001:AACAAAGAGTTTCGAC,Naive3,GSM8563001,L252321,1.0,AACAAAGAGTTTCGAC-1,38,GSM8563001_Naive3_filtered_matrix.mtx.gz,L252321,2
GSM8563001:AACAAAGTCATACGGT,Naive3,GSM8563001,L249999,1.0,AACAAAGTCATACGGT-1,39,GSM8563001_Naive3_filtered_matrix.mtx.gz,L249999,3
GSM8563001:AACAAAGTCGCGTGCA,Naive3,GSM8563001,L219307,1.0,AACAAAGTCGCGTGCA-1,40,GSM8563001_Naive3_filtered_matrix.mtx.gz,L219307,3
GSM8563001:AACAACCAGCTAGCCC,Naive3,GSM8563001,L52613,1.0,AACAACCAGCTAGCCC-1,41,GSM8563001_Naive3_filtered_matrix.mtx.gz,L52613,0
GSM8563001:AACAACCAGTCGGCAA,Naive3,GSM8563001,L59420,1.0,AACAACCAGTCGGCAA-1,42,GSM8563001_Naive3_filtered_matrix.mtx.gz,L59420,0
GSM8563001:AACAACCCACGAAAGC,Naive3,GSM8563001,L29023,1.0,AACAACCCACGAAAGC-1,43,GSM8563001_Naive3_filtered_matrix.mtx.gz,L29023,3
GSM8563001:AACAACCCATTGCCGG,Naive3,GSM8563001,L316244,1.0,AACAACCCATTGCCGG-1,44,GSM8563001_Naive3_filtered_matrix.mtx.gz,L316244,3
GSM8563001:AACAACCGTGGTTCTA,Naive3,GSM8563001,L239228,1.0,AACAACCGTGGTTCTA-1,45,GSM8563001_Naive3_filtered_matrix.mtx.gz,L239228,2
GSM8563001:AACAACCTCCTTCAGC,Naive3,GSM8563001,L284309,1.0,AACAACCTCCTTCAGC-1,46,GSM8563001_Naive3_filtered_matrix.mtx.gz,L284309,0
GSM8563001:AACAAGAGTCCTACGG,Naive3,GSM8563001,L152903,1.0,AACAAGAGTCCTACGG-1,47,GSM8563001_Naive3_filtered_matrix.mtx.gz,L152903,2
GSM8563001:AACAAGAGTGGCTGAA,Naive3,GSM8563001,L56999,1.0,AACAAGAGTGGCTGAA-1,48,GSM8563001_Naive3_filtered_matrix.mtx.gz,L56999,0
GSM8563001:AACACACCACAATTCG,Naive3,GSM8563001,L79584,1.0,AACACACCACAATTCG-1,52,GSM8563001_Naive3_filtered_matrix.mtx.gz,L79584,2
GSM8563001:AACACACGTAGGTGCA,Naive3,GSM8563001,L86394,1.0,AACACACGTAGGTGCA-1,54,GSM8563001_Naive3_filtered_matrix.mtx.gz,L86394,1
GSM8563001:AACACACGTTCGTAAC,Naive3,GSM8563001,L31852,1.0,AACACACGTTCGTAAC-1,55,GSM8563001_Naive3_filtered_matrix.mtx.gz,L31852,2
GSM8563001:AACAGGGCAACGTATC,Naive3,GSM8563001,L164771,1.0,AACAGGGCAACGTATC-1,57,GSM8563001_Naive3_filtered_matrix.mtx.gz,L164771,2
GSM8563001:AACAGGGGTAACGATA,Naive3,GSM8563001,L311233,1.0,AACAGGGGTAACGATA-1,58,GSM8563001_Naive3_filtered_matrix.mtx.gz,L311233,2
GSM8563001:AACCAACAGCGTGCTC,Naive3,GSM8563001,L138125,1.0,AACCAACAGCGTGCTC-1,59,GSM8563001_Naive3_filtered_matrix.mtx.gz,L138125,4
GSM8563001:AACCAACCACGATAGG,Naive3,GSM8563001,L64990,1.0,AACCAACCACGATAGG-1,62,GSM8563001_Naive3_filtered_matrix.mtx.gz,L64990,4
GSM8563001:AACCACAAGCCTATCA,Naive3,GSM8563001,L24429,1.0,AACCACAAGCCTATCA-1,63,GSM8563001_Naive3_filtered_matrix.mtx.gz,L24429,4
GSM8563001:AACCACACAGCCCAGT,Naive3,GSM8563001,L82823,1.0,AACCACACAGCCCAGT-1,64,GSM8563001_Naive3_filtered_matrix.mtx.gz,L82823,1
GSM8563001:AACCACACAGCGAACA,Naive3,GSM8563001,L251719,1.0,AACCACACAGCGAACA-1,65,GSM8563001_Naive3_filtered_matrix.mtx.gz,L251719,2
GSM8563001:AACCACACATGTGGCC,Naive3,GSM8563001,L247781,1.0,AACCACACATGTGGCC-1,66,GSM8563001_Naive3_filtered_matrix.mtx.gz,L247781,2
GSM8563001:AACCACAGTCAGGCAA,Naive3,GSM8563001,L307329,1.0,AACCACAGTCAGGCAA-1,67,GSM8563001_Naive3_filtered_matrix.mtx.gz,L307329,1
GSM8563001:AACCACAGTCCACTCT,Naive3,GSM8563001,L6369,1.0,AACCACAGTCCACTCT-1,68,GSM8563001_Naive3_filtered_matrix.mtx.gz,L6369,4
GSM8563001:AACCACATCTAGGCAT,Naive3,GSM8563001,L11473,1.0,AACCACATCTAGGCAT-1,70,GSM8563001_Naive3_filtered_matrix.mtx.gz,L11473,2
GSM8563001:AACCATGGTAAGCGGT,Naive3,GSM8563001,L306495,1.0,AACCATGGTAAGCGGT-1,73,GSM8563001_Naive3_filtered_matrix.mtx.gz,L306495,4
GSM8563001:AACCATGGTTGATCGT,Naive3,GSM8563001,L245078,1.0,AACCATGGTTGATCGT-1,75,GSM8563001_Naive3_filtered_matrix.mtx.gz,L245078,3
GSM8563001:AACCATGTCACGACTA,Naive3,GSM8563001,L35389,1.0,AACCATGTCACGACTA-1,76,GSM8563001_Naive3_filtered_matrix.mtx.gz,L35389,4
GSM8563001:AACCATGTCCACTGGG,Naive3,GSM8563001,L269961,1.0,AACCATGTCCACTGGG-1,77,GSM8563001_Naive3_filtered_matrix.mtx.gz,L269961,4
GSM8563001:AACCCAACAATGCAAA,Naive3,GSM8563001,L239194,1.0,AACCCAACAATGCAAA-1,79,GSM8563001_Naive3_filtered_matrix.mtx.gz,L239194,0
GSM8563001:AACCCAACATGCCATA,Naive3,GSM8563001,L198322,1.0,AACCCAACATGCCATA-1,80,GSM8563001_Naive3_filtered_matrix.mtx.gz,L198322,3
GSM8563001:AACCCAATCACGATAC,Naive3,GSM8563001,L231623,1.0,AACCCAATCACGATAC-1,81,GSM8563001_Naive3_filtered_matrix.mtx.gz,L231623,3
GSM8563001:AACCTGAAGCTGGCCT,Naive3,GSM8563001,L75392,1.0,AACCTGAAGCTGGCCT-1,83,GSM8563001_Naive3_filtered_matrix.mtx.gz,L75392,4
GSM8563001:AACCTGACAAGGATGC,Naive3,GSM8563001,L139565,1.0,AACCTGACAAGGATGC-1,84,GSM8563001_Naive3_filtered_matrix.mtx.gz,L139565,3
GSM8563001:AACCTGAGTCTCCTGT,Naive3,GSM8563001,L88461,1.0,AACCTGAGTCTCCTGT-1,85,GSM8563001_Naive3_filtered_matrix.mtx.gz,L88461,3
GSM8563001:AACCTGAGTCTGCGCA,Naive3,GSM8563001,L244886,1.0,AACCTGAGTCTGCGCA-1,86,GSM8563001_Naive3_filtered_matrix.mtx.gz,L244886,4
GSM8563001:AACCTGAGTGCACAAG,Naive3,GSM8563001,L178651,1.0,AACCTGAGTGCACAAG-1,87,GSM8563001_Naive3_filtered_matrix.mtx.gz,L178651,1
GSM8563001:AACCTGAGTGCGCTCA,Naive3,GSM8563001,L6369,1.0,AACCTGAGTGCGCTCA-1,88,GSM8563001_Naive3_filtered_matrix.mtx.gz,L6369,4
GSM8563001:AACCTTTAGCGAGGAG,Naive3,GSM8563001,L328955,1.0,AACCTTTAGCGAGGAG-1,90,GSM8563001_Naive3_filtered_matrix.mtx.gz,L328955,3
GSM8563001:AACCTTTCAGCGCGTT,Naive3,GSM8563001,L177375,1.0,AACCTTTCAGCGCGTT-1,91,GSM8563001_Naive3_filtered_matrix.mtx.gz,L177375,3
GSM8563001:AACCTTTTCTTGAACG,Naive3,GSM8563001,L167106,1.0,AACCTTTTCTTGAACG-1,94,GSM8563001_Naive3_filtered_matrix.mtx.gz,L167106,1
GSM8563001:AACGAAACATTAAGCC,Naive3,GSM8563001,L282419,1.0,AACGAAACATTAAGCC-1,95,GSM8563001_Naive3_filtered_matrix.mtx.gz,L282419,4
GSM8563001:AACGGGAAGATGGCGT,Naive3,GSM8563001,L245624,1.0,AACGGGAAGATGGCGT-1,96,GSM8563001_Naive3_filtered_matrix.mtx.gz,L245624,3
GSM8563001:AACGGGAAGCCTGTGC,Naive3,GSM8563001,L183654,1.0,AACGGGAAGCCTGTGC-1,97,GSM8563001_Naive3_filtered_matrix.mtx.gz,L183654,3
GSM8563001:AACGGGACAAGCAATA,Naive3,GSM8563001,L23858,1.0,AACGGGACAAGCAATA-1,98,GSM8563001_Naive3_filtered_matrix.mtx.gz,L23858,1
GSM8563001:AACGGGACAGGTCAGA,Naive3,GSM8563001,L118613,1.0,AACGGGACAGGTCAGA-1,99,GSM8563001_Naive3_filtered_matrix.mtx.gz,L118613,2
GSM8563001:AACGGGATCATAGACC,Naive3,GSM8563001,L72287,1.0,AACGGGATCATAGACC-1,101,GSM8563001_Naive3_filtered_matrix.mtx.gz,L72287,1
GSM8563001:AACGGGATCCGATGCG,Naive3,GSM8563001,L223068,1.0,AACGGGATCCGATGCG-1,102,GSM8563001_Naive3_filtered_matrix.mtx.gz,L223068,0
GSM8563001:AACGTCAAGATGCCGA,Naive3,GSM8563001,L192342,1.0,AACGTCAAGATGCCGA-1,103,GSM8563001_Naive3_filtered_matrix.mtx.gz,L192342,4
GSM8563001:AACGTCAAGGCTAAAT,Naive3,GSM8563001,L117889,0.999971,AACGTCAAGGCTAAAT-1,105,GSM8563001_Naive3_filtered_matrix.mtx.gz,L117889,3
GSM8563001:AACGTCACAAGATGTA,Naive3,GSM8563001,L229874,1.0,AACGTCACAAGATGTA-1,106,GSM8563001_Naive3_filtered_matrix.mtx.gz,L229874,1
GSM8563001:AACGTCATCACCTGTC,Naive3,GSM8563001,L139032,1.0,AACGTCATCACCTGTC-1,107,GSM8563001_Naive3_filtered_matrix.mtx.gz,L139032,0
GSM8563001:AAGAACAAGAAACTAC,Naive3,GSM8563001,L76646,1.0,AAGAACAAGAAACTAC-1,110,GSM8563001_Naive3_filtered_matrix.mtx.gz,L76646,2
GSM8563001:AAGAACAAGTATTCCG,Naive3,GSM8563001,L285237,1.0,AAGAACAAGTATTCCG-1,112,GSM8563001_Naive3_filtered_matrix.mtx.gz,L285237,1
GSM8563001:AAGAACACACGTCATA,Naive3,GSM8563001,L265837,1.0,AAGAACACACGTCATA-1,113,GSM8563001_Naive3_filtered_matrix.mtx.gz,L265837,1
GSM8563001:AAGAACAGTCATAAAG,Naive3,GSM8563001,L146976,1.0,AAGAACAGTCATAAAG-1,114,GSM8563001_Naive3_filtered_matrix.mtx.gz,L146976,2
GSM8563001:AAGAACATCAAGAAAC,Naive3,GSM8563001,L190835,1.0,AAGAACATCAAGAAAC-1,115,GSM8563001_Naive3_filtered_matrix.mtx.gz,L190835,3
GSM8563001:AAGAACATCACTTGTT,Naive3,GSM8563001,L205394,1.0,AAGAACATCACTTGTT-1,116,GSM8563001_Naive3_filtered_matrix.mtx.gz,L205394,0
GSM8563001:AAGACAAAGGTCCAGA,Naive3,GSM8563001,L167106,1.0,AAGACAAAGGTCCAGA-1,117,GSM8563001_Naive3_filtered_matrix.mtx.gz,L167106,1
GSM8563001:AAGACAAGTAGATGTA,Naive3,GSM8563001,L304229,1.0,AAGACAAGTAGATGTA-1,119,GSM8563001_Naive3_filtered_matrix.mtx.gz,L304229,0
GSM8563001:AAGACAAGTCACTCAA,Naive3,GSM8563001,L36541,1.0,AAGACAAGTCACTCAA-1,120,GSM8563001_Naive3_filtered_matrix.mtx.gz,L36541,3
GSM8563001:AAGACTCAGATACTGA,Naive3,GSM8563001,L247990,1.0,AAGACTCAGATACTGA-1,121,GSM8563001_Naive3_filtered_matrix.mtx.gz,L247990,0
GSM8563001:AAGACTCCATGAATAG,Naive3,GSM8563001,L232813,0.67409,AAGACTCCATGAATAG-1,122,GSM8563001_Naive3_filtered_matrix.mtx.gz,L232813,1
GSM8563001:AAGATAGAGCCATCCG,Naive3,GSM8563001,L232125,1.0,AAGATAGAGCCATCCG-1,124,GSM8563001_Naive3_filtered_matrix.mtx.gz,L232125,0
GSM8563001:AAGATAGGTTGTGCCG,Naive3,GSM8563001,L2779,1.0,AAGATAGGTTGTGCCG-1,125,GSM8563001_Naive3_filtered_matrix.mtx.gz,L2779,4
GSM8563001:AAGATAGTCCGTTGGG,Naive3,GSM8563001,L289410,1.0,AAGATAGTCCGTTGGG-1,126,GSM8563001_Naive3_filtered_matrix.mtx.gz,L289410,2
GSM8563001:AAGATAGTCGCTGACG,Naive3,GSM8563001,L30697,1.0,AAGATAGTCGCTGACG-1,127,GSM8563001_Naive3_filtered_matrix.mtx.gz,L30697,1
GSM8563001:AAGCATCGTTAAACAG,Naive3,GSM8563001,L145263,1.0,AAGCATCGTTAAACAG-1,128,GSM8563001_Naive3_filtered_matrix.mtx.gz,L145263,4
GSM8563001:AAGCATCTCGCTCTCA,Naive3,GSM8563001,L15809,1.0,AAGCATCTCGCTCTCA-1,129,GSM8563001_Naive3_filtered_matrix.mtx.gz,L15809,2
GSM8563001:AAGCCATAGCGAGTAC,Naive3,GSM8563001,L161977,1.0,AAGCCATAGCGAGTAC-1,130,GSM8563001_Naive3_filtered_matrix.mtx.gz,L161977,0
GSM8563001:AAGCCATGTATTGCCA,Naive3,GSM8563001,L260458,1.0,AAGCCATGTATTGCCA-1,133,GSM8563001_Naive3_filtered_matrix.mtx.gz,L260458,4
GSM8563001:AAGCCATGTTCTCTCG,Naive3,GSM8563001,L114326,1.0,AAGCCATGTTCTCTCG-1,135,GSM8563001_Naive3_filtered_matrix.mtx.gz,L114326,3
GSM8563001:AAGCCATTCACCATAG,Naive3,GSM8563001,L6043,1.0,AAGCCATTCACCATAG-1,136,GSM8563001_Naive3_filtered_matrix.mtx.gz,L6043,1
GSM8563001:AAGCCATTCCTCACCA,Naive3,GSM8563001,L165643,0.533445,AAGCCATTCCTCACCA-1,138,GSM8563001_Naive3_filtered_matrix.mtx.gz,L165643,0
GSM8563001:AAGCCATTCTAAGCCA,Naive3,GSM8563001,L98246,1.0,AAGCCATTCTAAGCCA-1,139,GSM8563001_Naive3_filtered_matrix.mtx.gz,L98246,3
GSM8563001:AAGCGAGAGGAGACCT,Naive3,GSM8563001,L139713,1.0,AAGCGAGAGGAGACCT-1,141,GSM8563001_Naive3_filtered_matrix.mtx.gz,L139713,0
GSM8563001:AAGCGAGAGGGCCCTT,Naive3,GSM8563001,L35389,1.0,AAGCGAGAGGGCCCTT-1,142,GSM8563001_Naive3_filtered_matrix.mtx.gz,L35389,4
GSM8563001:AAGCGAGCACGACCTG,Naive3,GSM8563001,L322777,1.0,AAGCGAGCACGACCTG-1,143,GSM8563001_Naive3_filtered_matrix.mtx.gz,L322777,4
GSM8563001:AAGCGAGGTTAAACCC,Naive3,GSM8563001,L131897,1.0,AAGCGAGGTTAAACCC-1,145,GSM8563001_Naive3_filtered_matrix.mtx.gz,L131897,4
GSM8563001:AAGCGAGTCGAGTGGA,Naive3,GSM8563001,L137611,1.0,AAGCGAGTCGAGTGGA-1,146,GSM8563001_Naive3_filtered_matrix.mtx.gz,L137611,4
GSM8563001:AAGCGTTAGGTACATA,Naive3,GSM8563001,L194420,1.0,AAGCGTTAGGTACATA-1,147,GSM8563001_Naive3_filtered_matrix.mtx.gz,L194420,1
GSM8563001:AAGCGTTAGGTCCAGA,Naive3,GSM8563001,L86394,1.0,AAGCGTTAGGTCCAGA-1,148,GSM8563001_Naive3_filtered_matrix.mtx.gz,L86394,1
GSM8563001:AAGCGTTCACCGTGCA,Naive3,GSM8563001,L320820,1.0,AAGCGTTCACCGTGCA-1,150,GSM8563001_Naive3_filtered_matrix.mtx.gz,L320820,3
GSM8563001:AAGCGTTCACTAACGT,Naive3,GSM8563001,L274951,1.0,AAGCGTTCACTAACGT-1,151,GSM8563001_Naive3_filtered_matrix.mtx.gz,L274951,3
GSM8563001:AAGCGTTGTCGATGCC,Naive3,GSM8563001,L293527,1.0,AAGCGTTGTCGATGCC-1,152,GSM8563001_Naive3_filtered_matrix.mtx.gz,L293527,3
GSM8563001:AAGCGTTGTTCGGACC,Naive3,GSM8563001,L264962,1.0,AAGCGTTGTTCGGACC-1,153,GSM8563001_Naive3_filtered_matrix.mtx.gz,L264962,3
GSM8563001:AAGCGTTTCGCTATTT,Naive3,GSM8563001,L52613,1.0,AAGCGTTTCGCTATTT-1,154,GSM8563001_Naive3_filtered_matrix.mtx.gz,L52613,0
GSM8563001:AAGCGTTTCGGTTCAA,Naive3,GSM8563001,L181437,1.0,AAGCGTTTCGGTTCAA-1,155,GSM8563001_Naive3_filtered_matrix.mtx.gz,L181437,0
GSM8563001:AAGCGTTTCTGTCGTC,Naive3,GSM8563001,L10419,0.977749,AAGCGTTTCTGTCGTC-1,156,GSM8563001_Naive3_filtered_matrix.mtx.gz,L10419,2
GSM8563001:AAGGAATCAAGCTCTA,Naive3,GSM8563001,L99144,0.999953,AAGGAATCAAGCTCTA-1,158,GSM8563001_Naive3_filtered_matrix.mtx.gz,L99144,2
GSM8563001:AAGGAATCAGTGACCC,Naive3,GSM8563001,L98634,1.0,AAGGAATCAGTGACCC-1,159,GSM8563001_Naive3_filtered_matrix.mtx.gz,L98634,2
GSM8563001:AAGGTAAAGGTTCTAC,Naive3,GSM8563001,L99829,1.0,AAGGTAAAGGTTCTAC-1,161,GSM8563001_Naive3_filtered_matrix.mtx.gz,L99829,4
GSM8563001:AAGGTAAAGTACCCTA,Naive3,GSM8563001,L222867,1.0,AAGGTAAAGTACCCTA-1,162,GSM8563001_Naive3_filtered_matrix.mtx.gz,L222867,4
GSM8563001:AAGGTAACAGAGCTAG,Naive3,GSM8563001,L164771,1.0,AAGGTAACAGAGCTAG-1,163,GSM8563001_Naive3_filtered_matrix.mtx.gz,L164771,2
GSM8563001:AAGGTAACAGAGTGTG,Naive3,GSM8563001,L68277,1.0,AAGGTAACAGAGTGTG-1,164,GSM8563001_Naive3_filtered_matrix.mtx.gz,L68277,4
GSM8563001:AAGGTAACAGCTACAT,Naive3,GSM8563001,L266998,1.0,AAGGTAACAGCTACAT-1,165,GSM8563001_Naive3_filtered_matrix.mtx.gz,L266998,3
GSM8563001:AAGGTAATCGATGGAG,Naive3,GSM8563001,L190835,1.0,AAGGTAATCGATGGAG-1,166,GSM8563001_Naive3_filtered_matrix.mtx.gz,L190835,3
GSM8563001:AAGTACCGTCTAGTGT,Naive3,GSM8563001,L105784,1.0,AAGTACCGTCTAGTGT-1,168,GSM8563001_Naive3_filtered_matrix.mtx.gz,L105784,1
GSM8563001:AAGTACCTCCCATAGA,Naive3,GSM8563001,L98440,1.0,AAGTACCTCCCATAGA-1,169,GSM8563001_Naive3_filtered_matrix.mtx.gz,L98440,0
GSM8563001:AAGTACCTCTTTGGAG,Naive3,GSM8563001,L56999,1.0,AAGTACCTCTTTGGAG-1,170,GSM8563001_Naive3_filtered_matrix.mtx.gz,L56999,0
GSM8563001:AAGTCGTAGGTTGACG,Naive3,GSM8563001,L329798,1.0,AAGTCGTAGGTTGACG-1,171,GSM8563001_Naive3_filtered_matrix.mtx.gz,L329798,3
GSM8563001:AAGTCGTCAGCTCCTT,Naive3,GSM8563001,L231623,1.0,AAGTCGTCAGCTCCTT-1,172,GSM8563001_Naive3_filtered_matrix.mtx.gz,L231623,3
GSM8563001:AAGTCGTTCAAGCCTA,Naive3,GSM8563001,L12989,1.0,AAGTCGTTCAAGCCTA-1,174,GSM8563001_Naive3_filtered_matrix.mtx.gz,L12989,3
GSM8563001:AAGTCGTTCGCAGAGA,Naive3,GSM8563001,L251719,1.0,AAGTCGTTCGCAGAGA-1,175,GSM8563001_Naive3_filtered_matrix.mtx.gz,L251719,2
GSM8563001:AAGTGAACACAGAGAC,Naive3,GSM8563001,L323748,0.964005,AAGTGAACACAGAGAC-1,176,GSM8563001_Naive3_filtered_matrix.mtx.gz,L323748,2
GSM8563001:AAGTGAACATGTGCTA,Naive3,GSM8563001,L210749,1.0,AAGTGAACATGTGCTA-1,177,GSM8563001_Naive3_filtered_matrix.mtx.gz,L210749,2
GSM8563001:AAGTGAAGTGCGGATA,Naive3,GSM8563001,L11473,1.0,AAGTGAAGTGCGGATA-1,179,GSM8563001_Naive3_filtered_matrix.mtx.gz,L11473,2
GSM8563001:AAGTGAATCAAAGCCT,Naive3,GSM8563001,L82032,1.0,AAGTGAATCAAAGCCT-1,180,GSM8563001_Naive3_filtered_matrix.mtx.gz,L82032,4
GSM8563001:AAGTGAATCACGGGCT,Naive3,GSM8563001,L70669,1.0,AAGTGAATCACGGGCT-1,181,GSM8563001_Naive3_filtered_matrix.mtx.gz,L70669,3
GSM8563001:AAGTTCGAGCCTCAGC,Naive3,GSM8563001,L31852,1.0,AAGTTCGAGCCTCAGC-1,182,GSM8563001_Naive3_filtered_matrix.mtx.gz,L31852,2
GSM8563001:AAGTTCGGTAGATCCT,Naive3,GSM8563001,L16178,1.0,AAGTTCGGTAGATCCT-1,184,GSM8563001_Naive3_filtered_matrix.mtx.gz,L16178,0
GSM8563001:AATAGAGAGAGATCGC,Naive3,GSM8563001,L181437,1.0,AATAGAGAGAGATCGC-1,186,GSM8563001_Naive3_filtered_matrix.mtx.gz,L181437,0
GSM8563001:AATAGAGCACACGGAA,Naive3,GSM8563001,L247066,1.0,AATAGAGCACACGGAA-1,187,GSM8563001_Naive3_filtered_matrix.mtx.gz,L247066,2
GSM8563001:AATAGAGCACCACATA,Naive3,GSM8563001,L108181,1.0,AATAGAGCACCACATA-1,188,GSM8563001_Naive3_filtered_matrix.mtx.gz,L108181,1
GSM8563001:AATAGAGGTCCCAAAT,Naive3,GSM8563001,L219307,1.0,AATAGAGGTCCCAAAT-1,189,GSM8563001_Naive3_filtered_matrix.mtx.gz,L219307,3
GSM8563001:AATCACGCAACGATTC,Naive3,GSM8563001,L17420,1.0,AATCACGCAACGATTC-1,191,GSM8563001_Naive3_filtered_matrix.mtx.gz,L17420,0
GSM8563001:AATCACGCACGGCCAT,Naive3,GSM8563001,L25167,0.999998,AATCACGCACGGCCAT-1,192,GSM8563001_Naive3_filtered_matrix.mtx.gz,L25167,0
GSM8563001:AATCACGCAGACACAG,Naive3,GSM8563001,L302652,1.0,AATCACGCAGACACAG-1,193,GSM8563001_Naive3_filtered_matrix.mtx.gz,L302652,2
GSM8563001:AATCACGGTATGGTTC,Naive3,GSM8563001,L84010,1.0,AATCACGGTATGGTTC-1,195,GSM8563001_Naive3_filtered_matrix.mtx.gz,L84010,3
GSM8563001:AATCACGGTCAACACT,Naive3,GSM8563001,L204112,1.0,AATCACGGTCAACACT-1,196,GSM8563001_Naive3_filtered_matrix.mtx.gz,L204112,1
GSM8563001:AATCACGTCACTCGAA,Naive3,GSM8563001,L22366,1.0,AATCACGTCACTCGAA-1,197,GSM8563001_Naive3_filtered_matrix.mtx.gz,L22366,2
GSM8563001:AATCACGTCTCTAGGA,Naive3,GSM8563001,L13818,1.0,AATCACGTCTCTAGGA-1,198,GSM8563001_Naive3_filtered_matrix.mtx.gz,L13818,3
GSM8563001:AATCGACAGACGATAT,Naive3,GSM8563001,L296189,1.0,AATCGACAGACGATAT-1,199,GSM8563001_Naive3_filtered_matrix.mtx.gz,L296189,1
GSM8563001:AATCGACCACGTCTCT,Naive3,GSM8563001,L31852,1.0,AATCGACCACGTCTCT-1,200,GSM8563001_Naive3_filtered_matrix.mtx.gz,L31852,2
GSM8563001:AATCGACCATGGACAG,Naive3,GSM8563001,L216702,1.0,AATCGACCATGGACAG-1,201,GSM8563001_Naive3_filtered_matrix.mtx.gz,L216702,2
GSM8563001:AATCGACGTAGTGCGA,Naive3,GSM8563001,L31856,1.0,AATCGACGTAGTGCGA-1,202,GSM8563001_Naive3_filtered_matrix.mtx.gz,L31856,4
GSM8563001:AATCGACGTCGATTCA,Naive3,GSM8563001,L281881,1.0,AATCGACGTCGATTCA-1,203,GSM8563001_Naive3_filtered_matrix.mtx.gz,L281881,2
GSM8563001:AATCGACGTTCGGGTC,Naive3,GSM8563001,L8006,1.0,AATCGACGTTCGGGTC-1,205,GSM8563001_Naive3_filtered_matrix.mtx.gz,L8006,4
GSM8563001:AATCGTGAGAGCTGCA,Naive3,GSM8563001,L20571,1.0,AATCGTGAGAGCTGCA-1,207,GSM8563001_Naive3_filtered_matrix.mtx.gz,L20571,4
GSM8563001:AATCGTGAGGTAACTA,Naive3,GSM8563001,L2843,1.0,AATCGTGAGGTAACTA-1,208,GSM8563001_Naive3_filtered_matrix.mtx.gz,L2843,4
GSM8563001:AATCGTGAGTGTAGAT,Naive3,GSM8563001,L130334,1.0,AATCGTGAGTGTAGAT-1,209,GSM8563001_Naive3_filtered_matrix.mtx.gz,L130334,2
GSM8563001:AATCGTGCAGAGCTAG,Naive3,GSM8563001,L227671,1.0,AATCGTGCAGAGCTAG-1,210,GSM8563001_Naive3_filtered_matrix.mtx.gz,L227671,2
GSM8563001:AATCGTGCAGCGTTTA,Naive3,GSM8563001,L177128,1.0,AATCGTGCAGCGTTTA-1,211,GSM8563001_Naive3_filtered_matrix.mtx.gz,L177128,3
GSM8563001:AATCGTGCATCCGAAT,Naive3,GSM8563001,L16764,1.0,AATCGTGCATCCGAAT-1,212,GSM8563001_Naive3_filtered_matrix.mtx.gz,L16764,4
GSM8563001:AATCGTGGTAGGTCAG,Naive3,GSM8563001,L45022,1.0,AATCGTGGTAGGTCAG-1,213,GSM8563001_Naive3_filtered_matrix.mtx.gz,L45022,3
GSM8563001:AATCGTGGTCCCGGTA,Naive3,GSM8563001,L296189,0.997316,AATCGTGGTCCCGGTA-1,214,GSM8563001_Naive3_filtered_matrix.mtx.gz,L296189,1
GSM8563001:AATCGTGTCTATCGTT,Naive3,GSM8563001,L222867,1.0,AATCGTGTCTATCGTT-1,215,GSM8563001_Naive3_filtered_matrix.mtx.gz,L222867,4
GSM8563001:AATGAAGAGAGCATCG,Naive3,GSM8563001,L167106,1.0,AATGAAGAGAGCATCG-1,216,GSM8563001_Naive3_filtered_matrix.mtx.gz,L167106,1
GSM8563001:AATGAAGAGTAAGGGA,Naive3,GSM8563001,L131755,1.0,AATGAAGAGTAAGGGA-1,217,GSM8563001_Naive3_filtered_matrix.mtx.gz,L131755,3
GSM8563001:AATGAAGAGTCAACAA,Naive3,GSM8563001,L55974,1.0,AATGAAGAGTCAACAA-1,218,GSM8563001_Naive3_filtered_matrix.mtx.gz,L55974,3
GSM8563001:AATGACCCATGGCCAC,Naive3,GSM8563001,L164617,1.0,AATGACCCATGGCCAC-1,219,GSM8563001_Naive3_filtered_matrix.mtx.gz,L164617,1
GSM8563001:AATGACCTCGGTTAGT,Naive3,GSM8563001,L40629,1.0,AATGACCTCGGTTAGT-1,221,GSM8563001_Naive3_filtered_matrix.mtx.gz,L40629,4
GSM8563001:AATGACCTCTACCTTA,Naive3,GSM8563001,L281881,1.0,AATGACCTCTACCTTA-1,222,GSM8563001_Naive3_filtered_matrix.mtx.gz,L281881,2
GSM8563001:AATGCCACACCACATA,Naive3,GSM8563001,L70669,1.0,AATGCCACACCACATA-1,224,GSM8563001_Naive3_filtered_matrix.mtx.gz,L70669,3
GSM8563001:AATGCCACATCGATGT,Naive3,GSM8563001,L295193,1.0,AATGCCACATCGATGT-1,225,GSM8563001_Naive3_filtered_matrix.mtx.gz,L295193,1
GSM8563001:AATGGAACAATACGAA,Naive3,GSM8563001,L115333,1.0,AATGGAACAATACGAA-1,226,GSM8563001_Naive3_filtered_matrix.mtx.gz,L115333,0
GSM8563001:AATGGAACAGTAGGAC,Naive3,GSM8563001,L81084,1.0,AATGGAACAGTAGGAC-1,227,GSM8563001_Naive3_filtered_matrix.mtx.gz,L81084,2
GSM8563001:AATGGCTAGCACTGGA,Naive3,GSM8563001,L307329,1.0,AATGGCTAGCACTGGA-1,229,GSM8563001_Naive3_filtered_matrix.mtx.gz,L307329,1
GSM8563001:AATGGCTTCAAGAGTA,Naive3,GSM8563001,L289938,1.0,AATGGCTTCAAGAGTA-1,230,GSM8563001_Naive3_filtered_matrix.mtx.gz,L289938,1
GSM8563001:AATGGCTTCTGTGCTC,Naive3,GSM8563001,L8434,1.0,AATGGCTTCTGTGCTC-1,231,GSM8563001_Naive3_filtered_matrix.mtx.gz,L8434,0
GSM8563001:AATTCCTCACCAGTAT,Naive3,GSM8563001,L70669,1.0,AATTCCTCACCAGTAT-1,232,GSM8563001_Naive3_filtered_matrix.mtx.gz,L70669,3
GSM8563001:AATTCCTCAGATTCGT,Naive3,GSM8563001,L54250,1.0,AATTCCTCAGATTCGT-1,233,GSM8563001_Naive3_filtered_matrix.mtx.gz,L54250,4
GSM8563001:AATTCCTCATACCACA,Naive3,GSM8563001,L116189,1.0,AATTCCTCATACCACA-1,234,GSM8563001_Naive3_filtered_matrix.mtx.gz,L116189,3
GSM8563001:AATTTCCAGGGAGGTG,Naive3,GSM8563001,L119834,1.0,AATTTCCAGGGAGGTG-1,235,GSM8563001_Naive3_filtered_matrix.mtx.gz,L119834,0
GSM8563001:ACAAAGACAAGGCTTT,Naive3,GSM8563001,L187885,1.0,ACAAAGACAAGGCTTT-1,236,GSM8563001_Naive3_filtered_matrix.mtx.gz,L187885,0
GSM8563001:ACAAAGAGTTGTGCCG,Naive3,GSM8563001,L175598,1.0,ACAAAGAGTTGTGCCG-1,237,GSM8563001_Naive3_filtered_matrix.mtx.gz,L175598,3
GSM8563001:ACAACCACAATTGTGC,Naive3,GSM8563001,L17906,1.0,ACAACCACAATTGTGC-1,238,GSM8563001_Naive3_filtered_matrix.mtx.gz,L17906,1
GSM8563001:ACAACCACATAGAAAC,Naive3,GSM8563001,L31852,1.0,ACAACCACATAGAAAC-1,239,GSM8563001_Naive3_filtered_matrix.mtx.gz,L31852,2
GSM8563001:ACAACCAGTCGCGTTG,Naive3,GSM8563001,L62684,0.999604,ACAACCAGTCGCGTTG-1,240,GSM8563001_Naive3_filtered_matrix.mtx.gz,L62684,1
GSM8563001:ACAACCAGTCGGATTT,Naive3,GSM8563001,L13633,1.0,ACAACCAGTCGGATTT-1,241,GSM8563001_Naive3_filtered_matrix.mtx.gz,L13633,4
GSM8563001:ACAACCATCCTGTTGC,Naive3,GSM8563001,L20571,1.0,ACAACCATCCTGTTGC-1,242,GSM8563001_Naive3_filtered_matrix.mtx.gz,L20571,4
GSM8563001:ACAAGCTAGCTTACGT,Naive3,GSM8563001,L277200,1.0,ACAAGCTAGCTTACGT-1,244,GSM8563001_Naive3_filtered_matrix.mtx.gz,L277200,2
GSM8563001:ACAAGCTCACATGTTG,Naive3,GSM8563001,L82979,1.0,ACAAGCTCACATGTTG-1,245,GSM8563001_Naive3_filtered_matrix.mtx.gz,L82979,2
GSM8563001:ACAAGCTGTCGTGATT,Naive3,GSM8563001,L266998,1.0,ACAAGCTGTCGTGATT-1,248,GSM8563001_Naive3_filtered_matrix.mtx.gz,L266998,3
GSM8563001:ACAAGCTTCCGACAGC,Naive3,GSM8563001,L210749,1.0,ACAAGCTTCCGACAGC-1,252,GSM8563001_Naive3_filtered_matrix.mtx.gz,L210749,2
GSM8563001:ACAAGCTTCCTTGACC,Naive3,GSM8563001,L54153,1.0,ACAAGCTTCCTTGACC-1,253,GSM8563001_Naive3_filtered_matrix.mtx.gz,L54153,2
GSM8563001:ACACAGTAGAACCCGA,Naive3,GSM8563001,L145263,1.0,ACACAGTAGAACCCGA-1,254,GSM8563001_Naive3_filtered_matrix.mtx.gz,L145263,4
GSM8563001:ACACAGTAGTCACGCC,Naive3,GSM8563001,L112164,1.0,ACACAGTAGTCACGCC-1,255,GSM8563001_Naive3_filtered_matrix.mtx.gz,L112164,2
GSM8563001:ACACCAACAGGTACGA,Naive3,GSM8563001,L320548,0.671883,ACACCAACAGGTACGA-1,258,GSM8563001_Naive3_filtered_matrix.mtx.gz,L320548,3
GSM8563001:ACACCAAGTAGCCAGA,Naive3,GSM8563001,L20830,1.0,ACACCAAGTAGCCAGA-1,259,GSM8563001_Naive3_filtered_matrix.mtx.gz,L20830,1
GSM8563001:ACACCAATCAGTGCGC,Naive3,GSM8563001,L173031,1.0,ACACCAATCAGTGCGC-1,261,GSM8563001_Naive3_filtered_matrix.mtx.gz,L173031,0
GSM8563001:ACACGCGCAGAGTAAT,Naive3,GSM8563001,L124049,1.0,ACACGCGCAGAGTAAT-1,262,GSM8563001_Naive3_filtered_matrix.mtx.gz,L124049,3
GSM8563001:ACACGCGCAGGCTTGC,Naive3,GSM8563001,L214973,1.0,ACACGCGCAGGCTTGC-1,263,GSM8563001_Naive3_filtered_matrix.mtx.gz,L214973,2
GSM8563001:ACACGCGCAGTTCTAG,Naive3,GSM8563001,L314603,1.0,ACACGCGCAGTTCTAG-1,264,GSM8563001_Naive3_filtered_matrix.mtx.gz,L314603,2
GSM8563001:ACACGCGGTAACGGTG,Naive3,GSM8563001,L274951,1.0,ACACGCGGTAACGGTG-1,265,GSM8563001_Naive3_filtered_matrix.mtx.gz,L274951,3
GSM8563001:ACACGCGTCATGCCAA,Naive3,GSM8563001,L28431,0.921701,ACACGCGTCATGCCAA-1,267,GSM8563001_Naive3_filtered_matrix.mtx.gz,L28431,0
GSM8563001:ACACTGACAGAGAATT,Naive3,GSM8563001,L140054,1.0,ACACTGACAGAGAATT-1,269,GSM8563001_Naive3_filtered_matrix.mtx.gz,L140054,2
GSM8563001:ACACTGAGTTGCGAAG,Naive3,GSM8563001,L64990,1.0,ACACTGAGTTGCGAAG-1,271,GSM8563001_Naive3_filtered_matrix.mtx.gz,L64990,4
GSM8563001:ACACTGATCAGCGCGT,Naive3,GSM8563001,L145263,1.0,ACACTGATCAGCGCGT-1,272,GSM8563001_Naive3_filtered_matrix.mtx.gz,L145263,4
GSM8563001:ACACTGATCAGGAACG,Naive3,GSM8563001,L37973,1.0,ACACTGATCAGGAACG-1,273,GSM8563001_Naive3_filtered_matrix.mtx.gz,L37973,4
GSM8563001:ACACTGATCCTGTTAT,Naive3,GSM8563001,L177128,1.0,ACACTGATCCTGTTAT-1,274,GSM8563001_Naive3_filtered_matrix.mtx.gz,L177128,3
GSM8563001:ACAGAAAAGCGTCAAG,Naive3,GSM8563001,L36541,1.0,ACAGAAAAGCGTCAAG-1,275,GSM8563001_Naive3_filtered_matrix.mtx.gz,L36541,3
GSM8563001:ACAGAAATCCCTAGGG,Naive3,GSM8563001,L300600,1.0,ACAGAAATCCCTAGGG-1,277,GSM8563001_Naive3_filtered_matrix.mtx.gz,L300600,4
GSM8563001:ACAGCCGAGGTCACAG,Naive3,GSM8563001,L96686,1.0,ACAGCCGAGGTCACAG-1,278,GSM8563001_Naive3_filtered_matrix.mtx.gz,L96686,2
GSM8563001:ACAGGGAAGCGTCTGC,Naive3,GSM8563001,L304696,1.0,ACAGGGAAGCGTCTGC-1,282,GSM8563001_Naive3_filtered_matrix.mtx.gz,L304696,2
GSM8563001:ACATCCCAGCCGCTTG,Naive3,GSM8563001,L124052,1.0,ACATCCCAGCCGCTTG-1,285,GSM8563001_Naive3_filtered_matrix.mtx.gz,L124052,4
GSM8563001:ACATCCCCACGGCGTT,Naive3,GSM8563001,L137611,1.0,ACATCCCCACGGCGTT-1,287,GSM8563001_Naive3_filtered_matrix.mtx.gz,L137611,4
GSM8563001:ACATCCCGTACGGTTT,Naive3,GSM8563001,L145281,1.0,ACATCCCGTACGGTTT-1,289,GSM8563001_Naive3_filtered_matrix.mtx.gz,L145281,4
GSM8563001:ACATCCCTCGACGTCG,Naive3,GSM8563001,L227050,1.0,ACATCCCTCGACGTCG-1,290,GSM8563001_Naive3_filtered_matrix.mtx.gz,L227050,3
GSM8563001:ACATCCCTCGGTCAGC,Naive3,GSM8563001,L76568,1.0,ACATCCCTCGGTCAGC-1,291,GSM8563001_Naive3_filtered_matrix.mtx.gz,L76568,0
GSM8563001:ACATCGAAGAGAGCAA,Naive3,GSM8563001,L75819,1.0,ACATCGAAGAGAGCAA-1,292,GSM8563001_Naive3_filtered_matrix.mtx.gz,L75819,1
GSM8563001:ACATCGAGTCGTTATG,Naive3,GSM8563001,L309797,0.947365,ACATCGAGTCGTTATG-1,295,GSM8563001_Naive3_filtered_matrix.mtx.gz,L309797,1
GSM8563001:ACATCGATCTGAGCAT,Naive3,GSM8563001,L329127,1.0,ACATCGATCTGAGCAT-1,296,GSM8563001_Naive3_filtered_matrix.mtx.gz,L329127,2
GSM8563001:ACATGCAAGCCTTGAT,Naive3,GSM8563001,L2749,1.0,ACATGCAAGCCTTGAT-1,297,GSM8563001_Naive3_filtered_matrix.mtx.gz,L2749,1
GSM8563001:ACATGCACAACCCGCA,Naive3,GSM8563001,L49199,1.0,ACATGCACAACCCGCA-1,299,GSM8563001_Naive3_filtered_matrix.mtx.gz,L49199,1
GSM8563001:ACATGCACACGCCAGT,Naive3,GSM8563001,L276586,0.513713,ACATGCACACGCCAGT-1,301,GSM8563001_Naive3_filtered_matrix.mtx.gz,L276586,1
GSM8563001:ACATGCATCGCTGCGA,Naive3,GSM8563001,L296189,1.0,ACATGCATCGCTGCGA-1,302,GSM8563001_Naive3_filtered_matrix.mtx.gz,L296189,1
GSM8563001:ACATGCATCTAAGAAG,Naive3,GSM8563001,L87366,1.0,ACATGCATCTAAGAAG-1,303,GSM8563001_Naive3_filtered_matrix.mtx.gz,L87366,3
GSM8563001:ACATGCATCTGGTGCG,Naive3,GSM8563001,L187885,0.999999,ACATGCATCTGGTGCG-1,304,GSM8563001_Naive3_filtered_matrix.mtx.gz,L187885,0
GSM8563001:ACATTTCAGCATTGAA,Naive3,GSM8563001,L115891,1.0,ACATTTCAGCATTGAA-1,305,GSM8563001_Naive3_filtered_matrix.mtx.gz,L115891,1
GSM8563001:ACATTTCCAACTAGAA,Naive3,GSM8563001,L192531,1.0,ACATTTCCAACTAGAA-1,306,GSM8563001_Naive3_filtered_matrix.mtx.gz,L192531,1
GSM8563001:ACATTTCGTCGACTTA,Naive3,GSM8563001,L139209,1.0,ACATTTCGTCGACTTA-1,307,GSM8563001_Naive3_filtered_matrix.mtx.gz,L139209,1
GSM8563001:ACATTTCGTGTCGCTG,Naive3,GSM8563001,L318033,1.0,ACATTTCGTGTCGCTG-1,309,GSM8563001_Naive3_filtered_matrix.mtx.gz,L318033,2
GSM8563001:ACATTTCTCGTGGCTG,Naive3,GSM8563001,L98475,1.0,ACATTTCTCGTGGCTG-1,311,GSM8563001_Naive3_filtered_matrix.mtx.gz,L98475,0
GSM8563001:ACCAAACAGGCCCACT,Naive3,GSM8563001,L209225,1.0,ACCAAACAGGCCCACT-1,314,GSM8563001_Naive3_filtered_matrix.mtx.gz,L209225,1
GSM8563001:ACCAAACGTATGGGAC,Naive3,GSM8563001,L187885,1.0,ACCAAACGTATGGGAC-1,316,GSM8563001_Naive3_filtered_matrix.mtx.gz,L187885,0
GSM8563001:ACCAACAAGTCCGCGT,Naive3,GSM8563001,L65036,1.0,ACCAACAAGTCCGCGT-1,319,GSM8563001_Naive3_filtered_matrix.mtx.gz,L65036,0
GSM8563001:ACCAACAGTCACCTTC,Naive3,GSM8563001,L96601,1.0,ACCAACAGTCACCTTC-1,320,GSM8563001_Naive3_filtered_matrix.mtx.gz,L96601,1
GSM8563001:ACCAACAGTCACTTCC,Naive3,GSM8563001,L17919,0.95144,ACCAACAGTCACTTCC-1,321,GSM8563001_Naive3_filtered_matrix.mtx.gz,L17919,0
GSM8563001:ACCACAAAGACTTCCA,Naive3,GSM8563001,L113271,1.0,ACCACAAAGACTTCCA-1,323,GSM8563001_Naive3_filtered_matrix.mtx.gz,L113271,4
GSM8563001:ACCACAACACAGCGCT,Naive3,GSM8563001,L104099,1.0,ACCACAACACAGCGCT-1,325,GSM8563001_Naive3_filtered_matrix.mtx.gz,L104099,4
GSM8563001:ACCACAACAGAACCGA,Naive3,GSM8563001,L2779,1.0,ACCACAACAGAACCGA-1,326,GSM8563001_Naive3_filtered_matrix.mtx.gz,L2779,4
GSM8563001:ACCACAACAGCGGTCT,Naive3,GSM8563001,L204366,1.0,ACCACAACAGCGGTCT-1,327,GSM8563001_Naive3_filtered_matrix.mtx.gz,L204366,3
GSM8563001:ACCACAATCACGGGAA,Naive3,GSM8563001,L137611,1.0,ACCACAATCACGGGAA-1,329,GSM8563001_Naive3_filtered_matrix.mtx.gz,L137611,4
GSM8563001:ACCATTTAGTGGCCTC,Naive3,GSM8563001,L252321,1.0,ACCATTTAGTGGCCTC-1,330,GSM8563001_Naive3_filtered_matrix.mtx.gz,L252321,2
GSM8563001:ACCATTTGTCTCTCTG,Naive3,GSM8563001,L223859,1.0,ACCATTTGTCTCTCTG-1,331,GSM8563001_Naive3_filtered_matrix.mtx.gz,L223859,1
GSM8563001:ACCCAAACAAACCATC,Naive3,GSM8563001,L328314,1.0,ACCCAAACAAACCATC-1,334,GSM8563001_Naive3_filtered_matrix.mtx.gz,L328314,1
GSM8563001:ACCCAAACACTGAGGA,Naive3,GSM8563001,L87366,1.0,ACCCAAACACTGAGGA-1,335,GSM8563001_Naive3_filtered_matrix.mtx.gz,L87366,3
GSM8563001:ACCCAAAGTTGCATGT,Naive3,GSM8563001,L126735,1.0,ACCCAAAGTTGCATGT-1,337,GSM8563001_Naive3_filtered_matrix.mtx.gz,L126735,1
GSM8563001:ACCCAAAGTTTCGTGA,Naive3,GSM8563001,L188027,1.0,ACCCAAAGTTTCGTGA-1,338,GSM8563001_Naive3_filtered_matrix.mtx.gz,L188027,1
GSM8563001:ACCCTCACACAGCATT,Naive3,GSM8563001,L240177,1.0,ACCCTCACACAGCATT-1,339,GSM8563001_Naive3_filtered_matrix.mtx.gz,L240177,2
GSM8563001:ACCCTCAGTCCTCATC,Naive3,GSM8563001,L40629,1.0,ACCCTCAGTCCTCATC-1,341,GSM8563001_Naive3_filtered_matrix.mtx.gz,L40629,4
GSM8563001:ACCCTCATCTCTGCTG,Naive3,GSM8563001,L82077,0.582714,ACCCTCATCTCTGCTG-1,342,GSM8563001_Naive3_filtered_matrix.mtx.gz,L82077,4
GSM8563001:ACCCTTGAGGTCACAG,Naive3,GSM8563001,L300377,0.996065,ACCCTTGAGGTCACAG-1,343,GSM8563001_Naive3_filtered_matrix.mtx.gz,L300377,3
GSM8563001:ACCCTTGCAAACAGGC,Naive3,GSM8563001,L324293,1.0,ACCCTTGCAAACAGGC-1,344,GSM8563001_Naive3_filtered_matrix.mtx.gz,L324293,1
GSM8563001:ACCCTTGCATGTGCTA,Naive3,GSM8563001,L31852,1.0,ACCCTTGCATGTGCTA-1,345,GSM8563001_Naive3_filtered_matrix.mtx.gz,L31852,2
GSM8563001:ACCCTTGTCCTTTAGT,Naive3,GSM8563001,L76568,1.0,ACCCTTGTCCTTTAGT-1,346,GSM8563001_Naive3_filtered_matrix.mtx.gz,L76568,0
GSM8563001:ACCGTTCAGAATTCAG,Naive3,GSM8563001,L254958,1.0,ACCGTTCAGAATTCAG-1,347,GSM8563001_Naive3_filtered_matrix.mtx.gz,L254958,1
GSM8563001:ACCGTTCAGACATAGT,Naive3,GSM8563001,L252321,1.0,ACCGTTCAGACATAGT-1,348,GSM8563001_Naive3_filtered_matrix.mtx.gz,L252321,2
GSM8563001:ACCGTTCAGCTCCATA,Naive3,GSM8563001,L246615,1.0,ACCGTTCAGCTCCATA-1,349,GSM8563001_Naive3_filtered_matrix.mtx.gz,L246615,0
GSM8563001:ACCGTTCAGCTGAAAT,Naive3,GSM8563001,L57740,1.0,ACCGTTCAGCTGAAAT-1,350,GSM8563001_Naive3_filtered_matrix.mtx.gz,L57740,1
GSM8563001:ACCGTTCCAGCCCAGT,Naive3,GSM8563001,L5415,1.0,ACCGTTCCAGCCCAGT-1,353,GSM8563001_Naive3_filtered_matrix.mtx.gz,L5415,3
GSM8563001:ACCGTTCGTACCCAGC,Naive3,GSM8563001,L240450,1.0,ACCGTTCGTACCCAGC-1,354,GSM8563001_Naive3_filtered_matrix.mtx.gz,L240450,2
GSM8563001:ACCGTTCTCGGTGTTA,Naive3,GSM8563001,L116189,1.0,ACCGTTCTCGGTGTTA-1,356,GSM8563001_Naive3_filtered_matrix.mtx.gz,L116189,3
GSM8563001:ACCGTTCTCTTACCAT,Naive3,GSM8563001,L20571,1.0,ACCGTTCTCTTACCAT-1,358,GSM8563001_Naive3_filtered_matrix.mtx.gz,L20571,4
GSM8563001:ACCTACCAGATGTAGT,Naive3,GSM8563001,L239228,1.0,ACCTACCAGATGTAGT-1,359,GSM8563001_Naive3_filtered_matrix.mtx.gz,L239228,2
GSM8563001:ACCTACCAGTGATTCC,Naive3,GSM8563001,L233176,0.997667,ACCTACCAGTGATTCC-1,360,GSM8563001_Naive3_filtered_matrix.mtx.gz,L233176,0
GSM8563001:ACCTACCCAACCTAAC,Naive3,GSM8563001,L31852,0.995374,ACCTACCCAACCTAAC-1,361,GSM8563001_Naive3_filtered_matrix.mtx.gz,L31852,2
GSM8563001:ACCTACCCAAGGCAAC,Naive3,GSM8563001,L82979,1.0,ACCTACCCAAGGCAAC-1,362,GSM8563001_Naive3_filtered_matrix.mtx.gz,L82979,2
GSM8563001:ACCTACCCAATGAACA,Naive3,GSM8563001,L264836,1.0,ACCTACCCAATGAACA-1,363,GSM8563001_Naive3_filtered_matrix.mtx.gz,L264836,3
GSM8563001:ACCTACCTCTGGCCAG,Naive3,GSM8563001,L227801,1.0,ACCTACCTCTGGCCAG-1,367,GSM8563001_Naive3_filtered_matrix.mtx.gz,L227801,4
GSM8563001:ACCTGAAGTCACATTG,Naive3,GSM8563001,L282391,1.0,ACCTGAAGTCACATTG-1,369,GSM8563001_Naive3_filtered_matrix.mtx.gz,L282391,3
GSM8563001:ACCTGTCCACACGTGC,Naive3,GSM8563001,L227502,1.0,ACCTGTCCACACGTGC-1,370,GSM8563001_Naive3_filtered_matrix.mtx.gz,L227502,2
GSM8563001:ACCTGTCCATATCGGT,Naive3,GSM8563001,L143472,1.0,ACCTGTCCATATCGGT-1,372,GSM8563001_Naive3_filtered_matrix.mtx.gz,L143472,2
GSM8563001:ACGATCAAGAGCCTGA,Naive3,GSM8563001,L231007,1.0,ACGATCAAGAGCCTGA-1,374,GSM8563001_Naive3_filtered_matrix.mtx.gz,L231007,2
GSM8563001:ACGATCAAGGAGAGGC,Naive3,GSM8563001,L137611,1.0,ACGATCAAGGAGAGGC-1,375,GSM8563001_Naive3_filtered_matrix.mtx.gz,L137611,4
GSM8563001:ACGATCACAGAACCGA,Naive3,GSM8563001,L137746,1.0,ACGATCACAGAACCGA-1,376,GSM8563001_Naive3_filtered_matrix.mtx.gz,L137746,2
GSM8563001:ACGATCACAGTGTACT,Naive3,GSM8563001,L152903,1.0,ACGATCACAGTGTACT-1,377,GSM8563001_Naive3_filtered_matrix.mtx.gz,L152903,2
GSM8563001:ACGATCAGTCGCGTTG,Naive3,GSM8563001,L188153,1.0,ACGATCAGTCGCGTTG-1,378,GSM8563001_Naive3_filtered_matrix.mtx.gz,L188153,3
GSM8563001:ACGATCATCACACCCT,Naive3,GSM8563001,L303918,1.0,ACGATCATCACACCCT-1,379,GSM8563001_Naive3_filtered_matrix.mtx.gz,L303918,0
GSM8563001:ACGATCATCTGTCCGT,Naive3,GSM8563001,L40282,1.0,ACGATCATCTGTCCGT-1,380,GSM8563001_Naive3_filtered_matrix.mtx.gz,L40282,0
GSM8563001:ACGATGTAGGCACAAC,Naive3,GSM8563001,L82979,1.0,ACGATGTAGGCACAAC-1,381,GSM8563001_Naive3_filtered_matrix.mtx.gz,L82979,2
GSM8563001:ACGATGTAGTTGTAGA,Naive3,GSM8563001,L131755,1.0,ACGATGTAGTTGTAGA-1,382,GSM8563001_Naive3_filtered_matrix.mtx.gz,L131755,3
GSM8563001:ACGATGTCATCCTTGC,Naive3,GSM8563001,L200066,1.0,ACGATGTCATCCTTGC-1,383,GSM8563001_Naive3_filtered_matrix.mtx.gz,L200066,1
GSM8563001:ACGATGTGTACCTGTA,Naive3,GSM8563001,L230913,0.999606,ACGATGTGTACCTGTA-1,384,GSM8563001_Naive3_filtered_matrix.mtx.gz,L230913,1
GSM8563001:ACGATGTGTGGTCTTA,Naive3,GSM8563001,L263872,1.0,ACGATGTGTGGTCTTA-1,385,GSM8563001_Naive3_filtered_matrix.mtx.gz,L263872,4
GSM8563001:ACGATGTGTTAGGCTT,Naive3,GSM8563001,L31852,1.0,ACGATGTGTTAGGCTT-1,386,GSM8563001_Naive3_filtered_matrix.mtx.gz,L31852,2
GSM8563001:ACGCACGCAGTATTCG,Naive3,GSM8563001,L278604,1.0,ACGCACGCAGTATTCG-1,387,GSM8563001_Naive3_filtered_matrix.mtx.gz,L278604,2
GSM8563001:ACGCACGGTCCCAAAT,Naive3,GSM8563001,L80342,1.0,ACGCACGGTCCCAAAT-1,388,GSM8563001_Naive3_filtered_matrix.mtx.gz,L80342,1
GSM8563001:ACGCACGGTGAATTGA,Naive3,GSM8563001,L203095,0.999846,ACGCACGGTGAATTGA-1,389,GSM8563001_Naive3_filtered_matrix.mtx.gz,L203095,1
GSM8563001:ACGGAAGCAAACGGCA,Naive3,GSM8563001,L173031,0.999999,ACGGAAGCAAACGGCA-1,393,GSM8563001_Naive3_filtered_matrix.mtx.gz,L173031,0
GSM8563001:ACGGAAGCATCTTTCA,Naive3,GSM8563001,L31572,1.0,ACGGAAGCATCTTTCA-1,394,GSM8563001_Naive3_filtered_matrix.mtx.gz,L31572,3
GSM8563001:ACGGAAGGTATACGGG,Naive3,GSM8563001,L240104,1.0,ACGGAAGGTATACGGG-1,395,GSM8563001_Naive3_filtered_matrix.mtx.gz,L240104,3
GSM8563001:ACGGAAGGTTCGCGTG,Naive3,GSM8563001,L204285,1.0,ACGGAAGGTTCGCGTG-1,396,GSM8563001_Naive3_filtered_matrix.mtx.gz,L204285,3
GSM8563001:ACGGGTCAGTTAACGA,Naive3,GSM8563001,L145263,1.0,ACGGGTCAGTTAACGA-1,399,GSM8563001_Naive3_filtered_matrix.mtx.gz,L145263,4
GSM8563001:ACGGGTCCACTGTCGG,Naive3,GSM8563001,L80184,1.0,ACGGGTCCACTGTCGG-1,400,GSM8563001_Naive3_filtered_matrix.mtx.gz,L80184,3
GSM8563001:ACGGGTCCATGGAGAC,Naive3,GSM8563001,L145263,1.0,ACGGGTCCATGGAGAC-1,401,GSM8563001_Naive3_filtered_matrix.mtx.gz,L145263,4
GSM8563001:ACGGGTCTCCACACCT,Naive3,GSM8563001,L96686,1.0,ACGGGTCTCCACACCT-1,402,GSM8563001_Naive3_filtered_matrix.mtx.gz,L96686,2
GSM8563001:ACGGGTCTCGTGGTAT,Naive3,GSM8563001,L222867,1.0,ACGGGTCTCGTGGTAT-1,403,GSM8563001_Naive3_filtered_matrix.mtx.gz,L222867,4
GSM8563001:ACGGTCGAGCACACCC,Naive3,GSM8563001,L37973,1.0,ACGGTCGAGCACACCC-1,404,GSM8563001_Naive3_filtered_matrix.mtx.gz,L37973,4
GSM8563001:ACGGTCGAGGGTATAT,Naive3,GSM8563001,L8387,1.0,ACGGTCGAGGGTATAT-1,407,GSM8563001_Naive3_filtered_matrix.mtx.gz,L8387,0
GSM8563001:ACGGTCGGTATATGGA,Naive3,GSM8563001,L183654,1.0,ACGGTCGGTATATGGA-1,408,GSM8563001_Naive3_filtered_matrix.mtx.gz,L183654,3
GSM8563001:ACGGTTAAGGAACTCG,Naive3,GSM8563001,L68311,1.0,ACGGTTAAGGAACTCG-1,411,GSM8563001_Naive3_filtered_matrix.mtx.gz,L68311,2
GSM8563001:ACGGTTACATGACGGA,Naive3,GSM8563001,L81048,0.755443,ACGGTTACATGACGGA-1,413,GSM8563001_Naive3_filtered_matrix.mtx.gz,L81048,4
GSM8563001:ACGGTTATCCTACCAC,Naive3,GSM8563001,L303910,1.0,ACGGTTATCCTACCAC-1,414,GSM8563001_Naive3_filtered_matrix.mtx.gz,L303910,0
GSM8563001:ACGTAACCACACCTGG,Naive3,GSM8563001,L173031,1.0,ACGTAACCACACCTGG-1,415,GSM8563001_Naive3_filtered_matrix.mtx.gz,L173031,0
GSM8563001:ACGTAACCATTCCTCG,Naive3,GSM8563001,L320820,1.0,ACGTAACCATTCCTCG-1,416,GSM8563001_Naive3_filtered_matrix.mtx.gz,L320820,3
GSM8563001:ACGTAGTTCCACATAG,Naive3,GSM8563001,L167950,1.0,ACGTAGTTCCACATAG-1,420,GSM8563001_Naive3_filtered_matrix.mtx.gz,L167950,3
GSM8563001:ACGTAGTTCGAGAATA,Naive3,GSM8563001,L138589,1.0,ACGTAGTTCGAGAATA-1,421,GSM8563001_Naive3_filtered_matrix.mtx.gz,L138589,2
GSM8563001:ACGTTCCGTAGCTTGT,Naive3,GSM8563001,L51669,1.0,ACGTTCCGTAGCTTGT-1,425,GSM8563001_Naive3_filtered_matrix.mtx.gz,L51669,4
GSM8563001:ACGTTCCGTCCTGGGT,Naive3,GSM8563001,L309797,1.0,ACGTTCCGTCCTGGGT-1,426,GSM8563001_Naive3_filtered_matrix.mtx.gz,L309797,1
GSM8563001:ACTACGAAGACTCGAG,Naive3,GSM8563001,L23858,1.0,ACTACGAAGACTCGAG-1,427,GSM8563001_Naive3_filtered_matrix.mtx.gz,L23858,1
GSM8563001:ACTACGATCTGGGATT,Naive3,GSM8563001,L37973,1.0,ACTACGATCTGGGATT-1,428,GSM8563001_Naive3_filtered_matrix.mtx.gz,L37973,4
GSM8563001:ACTATCTCAGATCCAT,Naive3,GSM8563001,L137611,1.0,ACTATCTCAGATCCAT-1,429,GSM8563001_Naive3_filtered_matrix.mtx.gz,L137611,4
GSM8563001:ACTATCTCAGGAACCA,Naive3,GSM8563001,L232125,1.0,ACTATCTCAGGAACCA-1,430,GSM8563001_Naive3_filtered_matrix.mtx.gz,L232125,0
GSM8563001:ACTATCTGTAGGACTG,Naive3,GSM8563001,L219307,1.0,ACTATCTGTAGGACTG-1,431,GSM8563001_Naive3_filtered_matrix.mtx.gz,L219307,3
GSM8563001:ACTATCTGTAGTCGTT,Naive3,GSM8563001,L33701,1.0,ACTATCTGTAGTCGTT-1,432,GSM8563001_Naive3_filtered_matrix.mtx.gz,L33701,3
GSM8563001:ACTATCTTCTCGGTCT,Naive3,GSM8563001,L303918,1.0,ACTATCTTCTCGGTCT-1,434,GSM8563001_Naive3_filtered_matrix.mtx.gz,L303918,0
GSM8563001:ACTATGGAGCTACTAC,Naive3,GSM8563001,L208166,1.0,ACTATGGAGCTACTAC-1,437,GSM8563001_Naive3_filtered_matrix.mtx.gz,L208166,4
GSM8563001:ACTATGGAGTTCCTGA,Naive3,GSM8563001,L108266,1.0,ACTATGGAGTTCCTGA-1,438,GSM8563001_Naive3_filtered_matrix.mtx.gz,L108266,0
GSM8563001:ACTATGGGTGAGTCAG,Naive3,GSM8563001,L116189,1.0,ACTATGGGTGAGTCAG-1,441,GSM8563001_Naive3_filtered_matrix.mtx.gz,L116189,3
GSM8563001:ACTATGGGTTCGGCTG,Naive3,GSM8563001,L37973,1.0,ACTATGGGTTCGGCTG-1,442,GSM8563001_Naive3_filtered_matrix.mtx.gz,L37973,4
GSM8563001:ACTATGGTCTCTGCTG,Naive3,GSM8563001,L60553,1.0,ACTATGGTCTCTGCTG-1,444,GSM8563001_Naive3_filtered_matrix.mtx.gz,L60553,4
GSM8563001:ACTATTCAGGGCGAGA,Naive3,GSM8563001,L240450,1.0,ACTATTCAGGGCGAGA-1,445,GSM8563001_Naive3_filtered_matrix.mtx.gz,L240450,2
GSM8563001:ACTCCCACAGTGCGCT,Naive3,GSM8563001,L33701,1.0,ACTCCCACAGTGCGCT-1,450,GSM8563001_Naive3_filtered_matrix.mtx.gz,L33701,3
GSM8563001:ACTCCCAGTCATGACT,Naive3,GSM8563001,L16238,1.0,ACTCCCAGTCATGACT-1,451,GSM8563001_Naive3_filtered_matrix.mtx.gz,L16238,3
GSM8563001:ACTCCCATCGTAGTGT,Naive3,GSM8563001,L96449,1.0,ACTCCCATCGTAGTGT-1,452,GSM8563001_Naive3_filtered_matrix.mtx.gz,L96449,2
GSM8563001:ACTCTCGAGGGAGGTG,Naive3,GSM8563001,L196980,1.0,ACTCTCGAGGGAGGTG-1,453,GSM8563001_Naive3_filtered_matrix.mtx.gz,L196980,3
GSM8563001:ACTCTCGGTCCCGTGA,Naive3,GSM8563001,L167670,1.0,ACTCTCGGTCCCGTGA-1,455,GSM8563001_Naive3_filtered_matrix.mtx.gz,L167670,2
GSM8563001:ACTGATGAGTTGCGAG,Naive3,GSM8563001,L220437,1.0,ACTGATGAGTTGCGAG-1,456,GSM8563001_Naive3_filtered_matrix.mtx.gz,L220437,4
GSM8563001:ACTGATGCATCGCCTT,Naive3,GSM8563001,L161977,0.994249,ACTGATGCATCGCCTT-1,457,GSM8563001_Naive3_filtered_matrix.mtx.gz,L161977,0
GSM8563001:ACTGATGGTCGATTCA,Naive3,GSM8563001,L172601,1.0,ACTGATGGTCGATTCA-1,458,GSM8563001_Naive3_filtered_matrix.mtx.gz,L172601,0
GSM8563001:ACTGATGTCATCTATC,Naive3,GSM8563001,L84351,1.0,ACTGATGTCATCTATC-1,460,GSM8563001_Naive3_filtered_matrix.mtx.gz,L84351,3
GSM8563001:ACTGCAAAGCCAGTAG,Naive3,GSM8563001,L31852,1.0,ACTGCAAAGCCAGTAG-1,461,GSM8563001_Naive3_filtered_matrix.mtx.gz,L31852,2
GSM8563001:ACTGCAATCAAATGCC,Naive3,GSM8563001,L271709,1.0,ACTGCAATCAAATGCC-1,462,GSM8563001_Naive3_filtered_matrix.mtx.gz,L271709,0
GSM8563001:ACTGTCCAGAGGTATT,Naive3,GSM8563001,L249378,1.0,ACTGTCCAGAGGTATT-1,463,GSM8563001_Naive3_filtered_matrix.mtx.gz,L249378,4
GSM8563001:ACTGTCCAGTCGAAAT,Naive3,GSM8563001,L263517,0.999428,ACTGTCCAGTCGAAAT-1,464,GSM8563001_Naive3_filtered_matrix.mtx.gz,L263517,2
GSM8563001:ACTGTCCCACAGCGCT,Naive3,GSM8563001,L132063,1.0,ACTGTCCCACAGCGCT-1,465,GSM8563001_Naive3_filtered_matrix.mtx.gz,L132063,2
GSM8563001:ACTGTCCCAGCCTACG,Naive3,GSM8563001,L37973,1.0,ACTGTCCCAGCCTACG-1,466,GSM8563001_Naive3_filtered_matrix.mtx.gz,L37973,4
GSM8563001:ACTGTCCTCCGCACGA,Naive3,GSM8563001,L5986,1.0,ACTGTCCTCCGCACGA-1,468,GSM8563001_Naive3_filtered_matrix.mtx.gz,L5986,3
GSM8563001:ACTGTGAAGACTTGTC,Naive3,GSM8563001,L329452,1.0,ACTGTGAAGACTTGTC-1,469,GSM8563001_Naive3_filtered_matrix.mtx.gz,L329452,3
GSM8563001:ACTGTGACAGGCACAA,Naive3,GSM8563001,L89382,1.0,ACTGTGACAGGCACAA-1,470,GSM8563001_Naive3_filtered_matrix.mtx.gz,L89382,2
GSM8563001:ACTGTGACATTGGGAG,Naive3,GSM8563001,L282419,1.0,ACTGTGACATTGGGAG-1,471,GSM8563001_Naive3_filtered_matrix.mtx.gz,L282419,4
GSM8563001:ACTGTGAGTACACTCA,Naive3,GSM8563001,L195483,1.0,ACTGTGAGTACACTCA-1,472,GSM8563001_Naive3_filtered_matrix.mtx.gz,L195483,2
GSM8563001:ACTTAGGGTATGATCC,Naive3,GSM8563001,L240450,1.0,ACTTAGGGTATGATCC-1,473,GSM8563001_Naive3_filtered_matrix.mtx.gz,L240450,2
GSM8563001:ACTTATCAGTGAGTTA,Naive3,GSM8563001,L131897,1.0,ACTTATCAGTGAGTTA-1,475,GSM8563001_Naive3_filtered_matrix.mtx.gz,L131897,4
GSM8563001:ACTTCCGCAAAGGATT,Naive3,GSM8563001,L11473,1.0,ACTTCCGCAAAGGATT-1,477,GSM8563001_Naive3_filtered_matrix.mtx.gz,L11473,2
GSM8563001:ACTTCCGGTGGGTCAA,Naive3,GSM8563001,L274951,1.0,ACTTCCGGTGGGTCAA-1,478,GSM8563001_Naive3_filtered_matrix.mtx.gz,L274951,3
GSM8563001:ACTTCCGGTTCGTTCC,Naive3,GSM8563001,L106449,0.986219,ACTTCCGGTTCGTTCC-1,479,GSM8563001_Naive3_filtered_matrix.mtx.gz,L106449,2
GSM8563001:ACTTCGCCATTCATCT,Naive3,GSM8563001,L188027,1.0,ACTTCGCCATTCATCT-1,482,GSM8563001_Naive3_filtered_matrix.mtx.gz,L188027,1
GSM8563001:ACTTCGCTCCCATTCG,Naive3,GSM8563001,L257154,1.0,ACTTCGCTCCCATTCG-1,483,GSM8563001_Naive3_filtered_matrix.mtx.gz,L257154,4
GSM8563001:ACTTCGCTCCTCAGGG,Naive3,GSM8563001,L163387,1.0,ACTTCGCTCCTCAGGG-1,484,GSM8563001_Naive3_filtered_matrix.mtx.gz,L163387,3
GSM8563001:ACTTTCAAGAATTGTG,Naive3,GSM8563001,L48945,1.0,ACTTTCAAGAATTGTG-1,486,GSM8563001_Naive3_filtered_matrix.mtx.gz,L48945,1
GSM8563001:ACTTTCAAGAGTGTGC,Naive3,GSM8563001,L164771,1.0,ACTTTCAAGAGTGTGC-1,487,GSM8563001_Naive3_filtered_matrix.mtx.gz,L164771,2
GSM8563001:ACTTTCACATAAGCGG,Naive3,GSM8563001,L124052,1.0,ACTTTCACATAAGCGG-1,490,GSM8563001_Naive3_filtered_matrix.mtx.gz,L124052,4
GSM8563001:ACTTTCAGTATGAAAC,Naive3,GSM8563001,L314514,1.0,ACTTTCAGTATGAAAC-1,492,GSM8563001_Naive3_filtered_matrix.mtx.gz,L314514,2
GSM8563001:ACTTTCAGTTGCATCA,Naive3,GSM8563001,L223983,0.659714,ACTTTCAGTTGCATCA-1,493,GSM8563001_Naive3_filtered_matrix.mtx.gz,L223983,3
GSM8563001:ACTTTCATCGAGCCAC,Naive3,GSM8563001,L147347,1.0,ACTTTCATCGAGCCAC-1,494,GSM8563001_Naive3_filtered_matrix.mtx.gz,L147347,1
GSM8563001:ACTTTGTGTATGTCTG,Naive3,GSM8563001,L207711,1.0,ACTTTGTGTATGTCTG-1,496,GSM8563001_Naive3_filtered_matrix.mtx.gz,L207711,0
GSM8563001:ACTTTGTTCGGCATAT,Naive3,GSM8563001,L138589,0.941173,ACTTTGTTCGGCATAT-1,497,GSM8563001_Naive3_filtered_matrix.mtx.gz,L138589,2
GSM8563001:ACTTTGTTCGTTCCCA,Naive3,GSM8563001,L135657,0.99614,ACTTTGTTCGTTCCCA-1,498,GSM8563001_Naive3_filtered_matrix.mtx.gz,L135657,4
GSM8563001:AGAAATGCAGACACCC,Naive3,GSM8563001,L74026,1.0,AGAAATGCAGACACCC-1,499,GSM8563001_Naive3_filtered_matrix.mtx.gz,L74026,0
GSM8563001:AGAAATGGTCGGCTAC,Naive3,GSM8563001,L167106,1.0,AGAAATGGTCGGCTAC-1,501,GSM8563001_Naive3_filtered_matrix.mtx.gz,L167106,1
GSM8563001:AGAAATGGTCGTGGAA,Naive3,GSM8563001,L98471,1.0,AGAAATGGTCGTGGAA-1,502,GSM8563001_Naive3_filtered_matrix.mtx.gz,L98471,2
GSM8563001:AGAAATGTCGAGTGGA,Naive3,GSM8563001,L33701,1.0,AGAAATGTCGAGTGGA-1,503,GSM8563001_Naive3_filtered_matrix.mtx.gz,L33701,3
GSM8563001:AGAACAAAGAGGCTGT,Naive3,GSM8563001,L326276,1.0,AGAACAAAGAGGCTGT-1,504,GSM8563001_Naive3_filtered_matrix.mtx.gz,L326276,2
GSM8563001:AGAACAAAGCCTCAGC,Naive3,GSM8563001,L72050,1.0,AGAACAAAGCCTCAGC-1,505,GSM8563001_Naive3_filtered_matrix.mtx.gz,L72050,0
GSM8563001:AGAACAAGTTAGGCCC,Naive3,GSM8563001,L64990,1.0,AGAACAAGTTAGGCCC-1,506,GSM8563001_Naive3_filtered_matrix.mtx.gz,L64990,4
GSM8563001:AGAACCTCACAGTGAG,Naive3,GSM8563001,L328955,1.0,AGAACCTCACAGTGAG-1,507,GSM8563001_Naive3_filtered_matrix.mtx.gz,L328955,3
GSM8563001:AGAACCTGTTTCACAG,Naive3,GSM8563001,L271524,1.0,AGAACCTGTTTCACAG-1,508,GSM8563001_Naive3_filtered_matrix.mtx.gz,L271524,4
GSM8563001:AGAACCTTCGGCCAAC,Naive3,GSM8563001,L241540,1.0,AGAACCTTCGGCCAAC-1,510,GSM8563001_Naive3_filtered_matrix.mtx.gz,L241540,2
GSM8563001:AGAAGCGTCCTTCTGG,Naive3,GSM8563001,L62700,1.0,AGAAGCGTCCTTCTGG-1,515,GSM8563001_Naive3_filtered_matrix.mtx.gz,L62700,2
GSM8563001:AGAAGTAAGTCATAGA,Naive3,GSM8563001,L314894,1.0,AGAAGTAAGTCATAGA-1,518,GSM8563001_Naive3_filtered_matrix.mtx.gz,L314894,1
GSM8563001:AGAAGTACAAACAGGC,Naive3,GSM8563001,L101260,1.0,AGAAGTACAAACAGGC-1,519,GSM8563001_Naive3_filtered_matrix.mtx.gz,L101260,4
GSM8563001:AGACAAAAGCCGTTAT,Naive3,GSM8563001,L165149,1.0,AGACAAAAGCCGTTAT-1,524,GSM8563001_Naive3_filtered_matrix.mtx.gz,L165149,2
GSM8563001:AGACAAAGTACTTCCC,Naive3,GSM8563001,L81421,1.0,AGACAAAGTACTTCCC-1,525,GSM8563001_Naive3_filtered_matrix.mtx.gz,L81421,0
GSM8563001:AGACAAATCGCATTAG,Naive3,GSM8563001,L29951,0.554178,AGACAAATCGCATTAG-1,526,GSM8563001_Naive3_filtered_matrix.mtx.gz,L29951,0
GSM8563001:AGACAAATCTAAGAAG,Naive3,GSM8563001,L89723,1.0,AGACAAATCTAAGAAG-1,527,GSM8563001_Naive3_filtered_matrix.mtx.gz,L89723,1
GSM8563001:AGACACTCAAGTCCCG,Naive3,GSM8563001,L124052,1.0,AGACACTCAAGTCCCG-1,528,GSM8563001_Naive3_filtered_matrix.mtx.gz,L124052,4
GSM8563001:AGACACTCATCCTTCG,Naive3,GSM8563001,L56999,1.0,AGACACTCATCCTTCG-1,529,GSM8563001_Naive3_filtered_matrix.mtx.gz,L56999,0
GSM8563001:AGACACTCATTCTTCA,Naive3,GSM8563001,L214021,0.653729,AGACACTCATTCTTCA-1,530,GSM8563001_Naive3_filtered_matrix.mtx.gz,L214021,2
GSM8563001:AGACACTTCCTTCAGC,Naive3,GSM8563001,L56999,1.0,AGACACTTCCTTCAGC-1,531,GSM8563001_Naive3_filtered_matrix.mtx.gz,L56999,0
GSM8563001:AGACACTTCGACGATT,Naive3,GSM8563001,L80342,1.0,AGACACTTCGACGATT-1,532,GSM8563001_Naive3_filtered_matrix.mtx.gz,L80342,1
GSM8563001:AGACACTTCTCTATGT,Naive3,GSM8563001,L62684,1.0,AGACACTTCTCTATGT-1,533,GSM8563001_Naive3_filtered_matrix.mtx.gz,L62684,1
GSM8563001:AGACAGGGTAAGCAAT,Naive3,GSM8563001,L161977,0.999999,AGACAGGGTAAGCAAT-1,535,GSM8563001_Naive3_filtered_matrix.mtx.gz,L161977,0
GSM8563001:AGACCATCATTCATCT,Naive3,GSM8563001,L54250,1.0,AGACCATCATTCATCT-1,538,GSM8563001_Naive3_filtered_matrix.mtx.gz,L54250,4
GSM8563001:AGACCCGGTCACCCTT,Naive3,GSM8563001,L169857,0.541629,AGACCCGGTCACCCTT-1,541,GSM8563001_Naive3_filtered_matrix.mtx.gz,L169857,1
GSM8563001:AGACTCAAGGAAAGGT,Naive3,GSM8563001,L96449,1.0,AGACTCAAGGAAAGGT-1,542,GSM8563001_Naive3_filtered_matrix.mtx.gz,L96449,2
GSM8563001:AGACTCATCCGGTAGC,Naive3,GSM8563001,L284309,1.0,AGACTCATCCGGTAGC-1,544,GSM8563001_Naive3_filtered_matrix.mtx.gz,L284309,0
GSM8563001:AGAGAATCATTCAGCA,Naive3,GSM8563001,L314894,1.0,AGAGAATCATTCAGCA-1,547,GSM8563001_Naive3_filtered_matrix.mtx.gz,L314894,1
GSM8563001:AGAGAATTCATTACTC,Naive3,GSM8563001,L216702,1.0,AGAGAATTCATTACTC-1,548,GSM8563001_Naive3_filtered_matrix.mtx.gz,L216702,2
GSM8563001:AGAGAATTCTGAGGCC,Naive3,GSM8563001,L257082,1.0,AGAGAATTCTGAGGCC-1,549,GSM8563001_Naive3_filtered_matrix.mtx.gz,L257082,1
GSM8563001:AGAGAGCAGCGGGTTA,Naive3,GSM8563001,L216554,1.0,AGAGAGCAGCGGGTTA-1,550,GSM8563001_Naive3_filtered_matrix.mtx.gz,L216554,2
GSM8563001:AGAGAGCCAAACTCTG,Naive3,GSM8563001,L244886,1.0,AGAGAGCCAAACTCTG-1,551,GSM8563001_Naive3_filtered_matrix.mtx.gz,L244886,4
GSM8563001:AGAGAGCCAACGGCTC,Naive3,GSM8563001,L33701,1.0,AGAGAGCCAACGGCTC-1,552,GSM8563001_Naive3_filtered_matrix.mtx.gz,L33701,3
GSM8563001:AGAGAGCCAGGAACCA,Naive3,GSM8563001,L35389,1.0,AGAGAGCCAGGAACCA-1,554,GSM8563001_Naive3_filtered_matrix.mtx.gz,L35389,4
GSM8563001:AGAGCAGCAAGTGGGT,Naive3,GSM8563001,L44586,1.0,AGAGCAGCAAGTGGGT-1,559,GSM8563001_Naive3_filtered_matrix.mtx.gz,L44586,0
GSM8563001:AGAGCAGCAGTGTGGA,Naive3,GSM8563001,L164771,1.0,AGAGCAGCAGTGTGGA-1,560,GSM8563001_Naive3_filtered_matrix.mtx.gz,L164771,2
GSM8563001:AGAGCCCGTACTCGCG,Naive3,GSM8563001,L78432,1.0,AGAGCCCGTACTCGCG-1,563,GSM8563001_Naive3_filtered_matrix.mtx.gz,L78432,4
GSM8563001:AGAGCCCGTAGGTTTC,Naive3,GSM8563001,L115936,1.0,AGAGCCCGTAGGTTTC-1,564,GSM8563001_Naive3_filtered_matrix.mtx.gz,L115936,1
GSM8563001:AGAGCCCGTTGCCGCA,Naive3,GSM8563001,L124052,1.0,AGAGCCCGTTGCCGCA-1,566,GSM8563001_Naive3_filtered_matrix.mtx.gz,L124052,4
GSM8563001:AGAGCCCTCGTAATGC,Naive3,GSM8563001,L8387,1.0,AGAGCCCTCGTAATGC-1,567,GSM8563001_Naive3_filtered_matrix.mtx.gz,L8387,0
GSM8563001:AGAGCCCTCTAGGCAT,Naive3,GSM8563001,L49199,1.0,AGAGCCCTCTAGGCAT-1,568,GSM8563001_Naive3_filtered_matrix.mtx.gz,L49199,1
GSM8563001:AGATAGACAAGCCATT,Naive3,GSM8563001,L84351,1.0,AGATAGACAAGCCATT-1,569,GSM8563001_Naive3_filtered_matrix.mtx.gz,L84351,3
GSM8563001:AGATAGACACTAAACC,Naive3,GSM8563001,L50672,0.999606,AGATAGACACTAAACC-1,570,GSM8563001_Naive3_filtered_matrix.mtx.gz,L50672,4
GSM8563001:AGATCCAAGTTGAAGT,Naive3,GSM8563001,L62684,1.0,AGATCCAAGTTGAAGT-1,571,GSM8563001_Naive3_filtered_matrix.mtx.gz,L62684,1
GSM8563001:AGATCCACACACGCCA,Naive3,GSM8563001,L107467,1.0,AGATCCACACACGCCA-1,572,GSM8563001_Naive3_filtered_matrix.mtx.gz,L107467,4
GSM8563001:AGATCCACACTGAGGA,Naive3,GSM8563001,L42533,1.0,AGATCCACACTGAGGA-1,573,GSM8563001_Naive3_filtered_matrix.mtx.gz,L42533,3
GSM8563001:AGATCCACAGGTCAAG,Naive3,GSM8563001,L107467,1.0,AGATCCACAGGTCAAG-1,574,GSM8563001_Naive3_filtered_matrix.mtx.gz,L107467,4
GSM8563001:AGATCGTCATAGTCGT,Naive3,GSM8563001,L126247,1.0,AGATCGTCATAGTCGT-1,576,GSM8563001_Naive3_filtered_matrix.mtx.gz,L126247,1
GSM8563001:AGATCGTGTACGACTT,Naive3,GSM8563001,L82979,1.0,AGATCGTGTACGACTT-1,577,GSM8563001_Naive3_filtered_matrix.mtx.gz,L82979,2
GSM8563001:AGATCGTGTCCCGCAA,Naive3,GSM8563001,L69904,1.0,AGATCGTGTCCCGCAA-1,578,GSM8563001_Naive3_filtered_matrix.mtx.gz,L69904,4
GSM8563001:AGATCGTGTCCTGTTC,Naive3,GSM8563001,L167670,1.0,AGATCGTGTCCTGTTC-1,579,GSM8563001_Naive3_filtered_matrix.mtx.gz,L167670,2
GSM8563001:AGATCGTTCGGTCACG,Naive3,GSM8563001,L239228,1.0,AGATCGTTCGGTCACG-1,580,GSM8563001_Naive3_filtered_matrix.mtx.gz,L239228,2
GSM8563001:AGATCGTTCGTTCTCG,Naive3,GSM8563001,L198433,1.0,AGATCGTTCGTTCTCG-1,581,GSM8563001_Naive3_filtered_matrix.mtx.gz,L198433,3
GSM8563001:AGATCGTTCTATACTC,Naive3,GSM8563001,L143620,1.0,AGATCGTTCTATACTC-1,582,GSM8563001_Naive3_filtered_matrix.mtx.gz,L143620,2
GSM8563001:AGATGAAGTGTTTCTT,Naive3,GSM8563001,L221983,1.0,AGATGAAGTGTTTCTT-1,585,GSM8563001_Naive3_filtered_matrix.mtx.gz,L221983,3
GSM8563001:AGATGAATCGCACGAC,Naive3,GSM8563001,L82979,1.0,AGATGAATCGCACGAC-1,586,GSM8563001_Naive3_filtered_matrix.mtx.gz,L82979,2
GSM8563001:AGATGCTAGAATTGTG,Naive3,GSM8563001,L224816,0.996798,AGATGCTAGAATTGTG-1,587,GSM8563001_Naive3_filtered_matrix.mtx.gz,L224816,2
GSM8563001:AGATGCTAGGTCACTT,Naive3,GSM8563001,L6369,1.0,AGATGCTAGGTCACTT-1,589,GSM8563001_Naive3_filtered_matrix.mtx.gz,L6369,4
GSM8563001:AGATGCTAGTGCTACT,Naive3,GSM8563001,L205259,1.0,AGATGCTAGTGCTACT-1,590,GSM8563001_Naive3_filtered_matrix.mtx.gz,L205259,0
GSM8563001:AGATGCTCAAGTATCC,Naive3,GSM8563001,L13818,1.0,AGATGCTCAAGTATCC-1,591,GSM8563001_Naive3_filtered_matrix.mtx.gz,L13818,3
GSM8563001:AGATGCTCACCACTGG,Naive3,GSM8563001,L173296,1.0,AGATGCTCACCACTGG-1,592,GSM8563001_Naive3_filtered_matrix.mtx.gz,L173296,1
GSM8563001:AGATGCTGTCTACAGT,Naive3,GSM8563001,L41113,1.0,AGATGCTGTCTACAGT-1,593,GSM8563001_Naive3_filtered_matrix.mtx.gz,L41113,3
GSM8563001:AGATGCTTCCCTAGGG,Naive3,GSM8563001,L179636,1.0,AGATGCTTCCCTAGGG-1,594,GSM8563001_Naive3_filtered_matrix.mtx.gz,L179636,1
GSM8563001:AGCATCATCAAGCCGC,Naive3,GSM8563001,L205394,1.0,AGCATCATCAAGCCGC-1,597,GSM8563001_Naive3_filtered_matrix.mtx.gz,L205394,0
GSM8563001:AGCCAATAGTCTTCGA,Naive3,GSM8563001,L228798,1.0,AGCCAATAGTCTTCGA-1,600,GSM8563001_Naive3_filtered_matrix.mtx.gz,L228798,0
GSM8563001:AGCCAATCAAGGGTCA,Naive3,GSM8563001,L169857,1.0,AGCCAATCAAGGGTCA-1,601,GSM8563001_Naive3_filtered_matrix.mtx.gz,L169857,1
GSM8563001:AGCCAATGTCGTGCCA,Naive3,GSM8563001,L257749,1.0,AGCCAATGTCGTGCCA-1,602,GSM8563001_Naive3_filtered_matrix.mtx.gz,L257749,0
GSM8563001:AGCCAATTCACTTGGA,Naive3,GSM8563001,L215992,1.0,AGCCAATTCACTTGGA-1,603,GSM8563001_Naive3_filtered_matrix.mtx.gz,L215992,0
GSM8563001:AGCCACGAGCGAGTCA,Naive3,GSM8563001,L116152,1.0,AGCCACGAGCGAGTCA-1,604,GSM8563001_Naive3_filtered_matrix.mtx.gz,L116152,1
GSM8563001:AGCCACGAGGACTTCT,Naive3,GSM8563001,L325781,1.0,AGCCACGAGGACTTCT-1,605,GSM8563001_Naive3_filtered_matrix.mtx.gz,L325781,3
GSM8563001:AGCCACGAGTTGCGAG,Naive3,GSM8563001,L61172,1.0,AGCCACGAGTTGCGAG-1,606,GSM8563001_Naive3_filtered_matrix.mtx.gz,L61172,3
GSM8563001:AGCCACGCAAGGTCAG,Naive3,GSM8563001,L198322,1.0,AGCCACGCAAGGTCAG-1,607,GSM8563001_Naive3_filtered_matrix.mtx.gz,L198322,3
GSM8563001:AGCCACGGTGCTGATT,Naive3,GSM8563001,L124052,1.0,AGCCACGGTGCTGATT-1,609,GSM8563001_Naive3_filtered_matrix.mtx.gz,L124052,4
GSM8563001:AGCCACGGTGTTCAGT,Naive3,GSM8563001,L77622,1.0,AGCCACGGTGTTCAGT-1,610,GSM8563001_Naive3_filtered_matrix.mtx.gz,L77622,4
GSM8563001:AGCCAGCTCGCTGCGA,Naive3,GSM8563001,L210749,1.0,AGCCAGCTCGCTGCGA-1,614,GSM8563001_Naive3_filtered_matrix.mtx.gz,L210749,2
GSM8563001:AGCGATTCAGATCCTA,Naive3,GSM8563001,L195943,1.0,AGCGATTCAGATCCTA-1,616,GSM8563001_Naive3_filtered_matrix.mtx.gz,L195943,3
GSM8563001:AGCGATTGTGGACAGT,Naive3,GSM8563001,L54918,1.0,AGCGATTGTGGACAGT-1,617,GSM8563001_Naive3_filtered_matrix.mtx.gz,L54918,1
GSM8563001:AGCGATTTCAGCCTCT,Naive3,GSM8563001,L47994,1.0,AGCGATTTCAGCCTCT-1,618,GSM8563001_Naive3_filtered_matrix.mtx.gz,L47994,2
GSM8563001:AGCGCCAAGCTACTAC,Naive3,GSM8563001,L210992,1.0,AGCGCCAAGCTACTAC-1,619,GSM8563001_Naive3_filtered_matrix.mtx.gz,L210992,1
GSM8563001:AGCGCCACATGCAGGA,Naive3,GSM8563001,L185259,1.0,AGCGCCACATGCAGGA-1,622,GSM8563001_Naive3_filtered_matrix.mtx.gz,L185259,1
GSM8563001:AGCGCCAGTCCACATA,Naive3,GSM8563001,L117154,1.0,AGCGCCAGTCCACATA-1,623,GSM8563001_Naive3_filtered_matrix.mtx.gz,L117154,4
GSM8563001:AGCGCCAGTCTACGTA,Naive3,GSM8563001,L50672,1.0,AGCGCCAGTCTACGTA-1,624,GSM8563001_Naive3_filtered_matrix.mtx.gz,L50672,4
GSM8563001:AGCGCTGCACCCTATC,Naive3,GSM8563001,L70669,1.0,AGCGCTGCACCCTATC-1,627,GSM8563001_Naive3_filtered_matrix.mtx.gz,L70669,3
GSM8563001:AGCGCTGCATAGATCC,Naive3,GSM8563001,L138125,1.0,AGCGCTGCATAGATCC-1,628,GSM8563001_Naive3_filtered_matrix.mtx.gz,L138125,4
GSM8563001:AGCGCTGGTCCAAAGG,Naive3,GSM8563001,L230913,1.0,AGCGCTGGTCCAAAGG-1,630,GSM8563001_Naive3_filtered_matrix.mtx.gz,L230913,1
GSM8563001:AGCGCTGTCAGCATTG,Naive3,GSM8563001,L172946,1.0,AGCGCTGTCAGCATTG-1,632,GSM8563001_Naive3_filtered_matrix.mtx.gz,L172946,1
GSM8563001:AGCGCTGTCGCCAATA,Naive3,GSM8563001,L106119,1.0,AGCGCTGTCGCCAATA-1,633,GSM8563001_Naive3_filtered_matrix.mtx.gz,L106119,1
GSM8563001:AGCGTATCACTCTCGT,Naive3,GSM8563001,L229269,1.0,AGCGTATCACTCTCGT-1,637,GSM8563001_Naive3_filtered_matrix.mtx.gz,L229269,2
GSM8563001:AGCGTATCAGTCTTCC,Naive3,GSM8563001,L264962,1.0,AGCGTATCAGTCTTCC-1,638,GSM8563001_Naive3_filtered_matrix.mtx.gz,L264962,3
GSM8563001:AGCGTATGTCTACGTA,Naive3,GSM8563001,L187885,1.0,AGCGTATGTCTACGTA-1,640,GSM8563001_Naive3_filtered_matrix.mtx.gz,L187885,0
GSM8563001:AGCGTATGTGTTGAGG,Naive3,GSM8563001,L155963,1.0,AGCGTATGTGTTGAGG-1,641,GSM8563001_Naive3_filtered_matrix.mtx.gz,L155963,0
GSM8563001:AGCGTCGCATGACAGG,Naive3,GSM8563001,L331971,0.789256,AGCGTCGCATGACAGG-1,642,GSM8563001_Naive3_filtered_matrix.mtx.gz,L331971,4
GSM8563001:AGCGTCGGTATCAGGG,Naive3,GSM8563001,L212182,1.0,AGCGTCGGTATCAGGG-1,643,GSM8563001_Naive3_filtered_matrix.mtx.gz,L212182,3
GSM8563001:AGCTACAAGCTAGATA,Naive3,GSM8563001,L135446,1.0,AGCTACAAGCTAGATA-1,645,GSM8563001_Naive3_filtered_matrix.mtx.gz,L135446,3
GSM8563001:AGCTACAGTGTGTGGA,Naive3,GSM8563001,L271069,1.0,AGCTACAGTGTGTGGA-1,646,GSM8563001_Naive3_filtered_matrix.mtx.gz,L271069,0
GSM8563001:AGCTCAAAGAGCATAT,Naive3,GSM8563001,L99360,0.999606,AGCTCAAAGAGCATAT-1,648,GSM8563001_Naive3_filtered_matrix.mtx.gz,L99360,1
GSM8563001:AGCTCAAAGCAACTCT,Naive3,GSM8563001,L242834,1.0,AGCTCAAAGCAACTCT-1,649,GSM8563001_Naive3_filtered_matrix.mtx.gz,L242834,4
GSM8563001:AGCTTCCCAATCTCGA,Naive3,GSM8563001,L62700,1.0,AGCTTCCCAATCTCGA-1,654,GSM8563001_Naive3_filtered_matrix.mtx.gz,L62700,2
GSM8563001:AGCTTCCTCAGCGCGT,Naive3,GSM8563001,L137611,1.0,AGCTTCCTCAGCGCGT-1,657,GSM8563001_Naive3_filtered_matrix.mtx.gz,L137611,4
GSM8563001:AGGAAATCACGGCGTT,Naive3,GSM8563001,L98994,1.0,AGGAAATCACGGCGTT-1,658,GSM8563001_Naive3_filtered_matrix.mtx.gz,L98994,0
GSM8563001:AGGAAATTCACTACTT,Naive3,GSM8563001,L296406,1.0,AGGAAATTCACTACTT-1,659,GSM8563001_Naive3_filtered_matrix.mtx.gz,L296406,1
GSM8563001:AGGAATACATAGCTGT,Naive3,GSM8563001,L40629,1.0,AGGAATACATAGCTGT-1,661,GSM8563001_Naive3_filtered_matrix.mtx.gz,L40629,4
GSM8563001:AGGAATAGTTCCTTGC,Naive3,GSM8563001,L22093,1.0,AGGAATAGTTCCTTGC-1,662,GSM8563001_Naive3_filtered_matrix.mtx.gz,L22093,4
GSM8563001:AGGAATATCTACGCGG,Naive3,GSM8563001,L273673,0.597542,AGGAATATCTACGCGG-1,663,GSM8563001_Naive3_filtered_matrix.mtx.gz,L273673,4
GSM8563001:AGGAATATCTCTATAC,Naive3,GSM8563001,L293527,1.0,AGGAATATCTCTATAC-1,664,GSM8563001_Naive3_filtered_matrix.mtx.gz,L293527,3
GSM8563001:AGGACGAAGACTTCCA,Naive3,GSM8563001,L310647,1.0,AGGACGAAGACTTCCA-1,665,GSM8563001_Naive3_filtered_matrix.mtx.gz,L310647,4
GSM8563001:AGGACGAAGGTCATAA,Naive3,GSM8563001,L75591,1.0,AGGACGAAGGTCATAA-1,666,GSM8563001_Naive3_filtered_matrix.mtx.gz,L75591,0
GSM8563001:AGGACTTAGCATGCAG,Naive3,GSM8563001,L204285,1.0,AGGACTTAGCATGCAG-1,669,GSM8563001_Naive3_filtered_matrix.mtx.gz,L204285,3
GSM8563001:AGGACTTGTGCAGGAT,Naive3,GSM8563001,L167950,1.0,AGGACTTGTGCAGGAT-1,670,GSM8563001_Naive3_filtered_matrix.mtx.gz,L167950,3
GSM8563001:AGGACTTTCGGTCAGC,Naive3,GSM8563001,L184246,1.0,AGGACTTTCGGTCAGC-1,671,GSM8563001_Naive3_filtered_matrix.mtx.gz,L184246,4
GSM8563001:AGGAGGTAGGCTAAAT,Naive3,GSM8563001,L149612,1.0,AGGAGGTAGGCTAAAT-1,672,GSM8563001_Naive3_filtered_matrix.mtx.gz,L149612,4
GSM8563001:AGGAGGTTCGGATAAA,Naive3,GSM8563001,L194069,1.0,AGGAGGTTCGGATAAA-1,673,GSM8563001_Naive3_filtered_matrix.mtx.gz,L194069,2
GSM8563001:AGGATAACAAGAGCTG,Naive3,GSM8563001,L47601,1.0,AGGATAACAAGAGCTG-1,675,GSM8563001_Naive3_filtered_matrix.mtx.gz,L47601,2
GSM8563001:AGGATAAGTACGAAAT,Naive3,GSM8563001,L8006,1.0,AGGATAAGTACGAAAT-1,676,GSM8563001_Naive3_filtered_matrix.mtx.gz,L8006,4
GSM8563001:AGGATAATCTACGCGG,Naive3,GSM8563001,L299297,1.0,AGGATAATCTACGCGG-1,678,GSM8563001_Naive3_filtered_matrix.mtx.gz,L299297,1
GSM8563001:AGGATCTAGCGTCGAA,Naive3,GSM8563001,L130334,1.0,AGGATCTAGCGTCGAA-1,679,GSM8563001_Naive3_filtered_matrix.mtx.gz,L130334,2
GSM8563001:AGGATCTGTTTCGCTC,Naive3,GSM8563001,L45022,1.0,AGGATCTGTTTCGCTC-1,682,GSM8563001_Naive3_filtered_matrix.mtx.gz,L45022,3
GSM8563001:AGGATCTTCTCCGCAT,Naive3,GSM8563001,L183654,1.0,AGGATCTTCTCCGCAT-1,683,GSM8563001_Naive3_filtered_matrix.mtx.gz,L183654,3
GSM8563001:AGGCATTCAGTTCTAG,Naive3,GSM8563001,L265836,1.0,AGGCATTCAGTTCTAG-1,684,GSM8563001_Naive3_filtered_matrix.mtx.gz,L265836,0
GSM8563001:AGGCATTGTCAACATC,Naive3,GSM8563001,L251719,1.0,AGGCATTGTCAACATC-1,685,GSM8563001_Naive3_filtered_matrix.mtx.gz,L251719,2
GSM8563001:AGGCATTGTCAGGTAG,Naive3,GSM8563001,L138181,1.0,AGGCATTGTCAGGTAG-1,686,GSM8563001_Naive3_filtered_matrix.mtx.gz,L138181,0
GSM8563001:AGGCATTTCAGCTTCC,Naive3,GSM8563001,L322777,1.0,AGGCATTTCAGCTTCC-1,687,GSM8563001_Naive3_filtered_matrix.mtx.gz,L322777,4
GSM8563001:AGGCCACAGCATACTC,Naive3,GSM8563001,L136970,1.0,AGGCCACAGCATACTC-1,688,GSM8563001_Naive3_filtered_matrix.mtx.gz,L136970,4
GSM8563001:AGGCCACTCATGCCAA,Naive3,GSM8563001,L320705,0.999995,AGGCCACTCATGCCAA-1,691,GSM8563001_Naive3_filtered_matrix.mtx.gz,L320705,1
GSM8563001:AGGCTGCCAGTGCGCT,Naive3,GSM8563001,L162604,1.0,AGGCTGCCAGTGCGCT-1,692,GSM8563001_Naive3_filtered_matrix.mtx.gz,L162604,0
GSM8563001:AGGCTGCGTCTTACAG,Naive3,GSM8563001,L172050,1.0,AGGCTGCGTCTTACAG-1,694,GSM8563001_Naive3_filtered_matrix.mtx.gz,L172050,2
GSM8563001:AGGCTGCGTGGAAATT,Naive3,GSM8563001,L5495,1.0,AGGCTGCGTGGAAATT-1,695,GSM8563001_Naive3_filtered_matrix.mtx.gz,L5495,0
GSM8563001:AGGCTGCTCCTTCACG,Naive3,GSM8563001,L23022,1.0,AGGCTGCTCCTTCACG-1,696,GSM8563001_Naive3_filtered_matrix.mtx.gz,L23022,1
GSM8563001:AGGGAGTAGAGGGTCT,Naive3,GSM8563001,L25042,1.0,AGGGAGTAGAGGGTCT-1,697,GSM8563001_Naive3_filtered_matrix.mtx.gz,L25042,4
GSM8563001:AGGGAGTAGTGCACCC,Naive3,GSM8563001,L106663,1.0,AGGGAGTAGTGCACCC-1,698,GSM8563001_Naive3_filtered_matrix.mtx.gz,L106663,3
GSM8563001:AGGGAGTCAAGTGGGT,Naive3,GSM8563001,L183358,1.0,AGGGAGTCAAGTGGGT-1,699,GSM8563001_Naive3_filtered_matrix.mtx.gz,L183358,0
GSM8563001:AGGGAGTGTCGTTATG,Naive3,GSM8563001,L246665,1.0,AGGGAGTGTCGTTATG-1,701,GSM8563001_Naive3_filtered_matrix.mtx.gz,L246665,4
GSM8563001:AGGGAGTTCCAAGCTA,Naive3,GSM8563001,L145073,1.0,AGGGAGTTCCAAGCTA-1,702,GSM8563001_Naive3_filtered_matrix.mtx.gz,L145073,1
GSM8563001:AGGGAGTTCCCGAAAT,Naive3,GSM8563001,L31852,1.0,AGGGAGTTCCCGAAAT-1,703,GSM8563001_Naive3_filtered_matrix.mtx.gz,L31852,2
GSM8563001:AGGGCCTGTAAGGCTG,Naive3,GSM8563001,L123574,1.0,AGGGCCTGTAAGGCTG-1,704,GSM8563001_Naive3_filtered_matrix.mtx.gz,L123574,4
GSM8563001:AGGGCCTTCACACGAT,Naive3,GSM8563001,L75392,1.0,AGGGCCTTCACACGAT-1,705,GSM8563001_Naive3_filtered_matrix.mtx.gz,L75392,4
GSM8563001:AGGGTCCAGAAGGTAG,Naive3,GSM8563001,L168675,1.0,AGGGTCCAGAAGGTAG-1,711,GSM8563001_Naive3_filtered_matrix.mtx.gz,L168675,1
GSM8563001:AGGGTCCAGTCTGCGC,Naive3,GSM8563001,L20635,1.0,AGGGTCCAGTCTGCGC-1,712,GSM8563001_Naive3_filtered_matrix.mtx.gz,L20635,1
GSM8563001:AGGGTCCGTACCCAGC,Naive3,GSM8563001,L139713,1.0,AGGGTCCGTACCCAGC-1,713,GSM8563001_Naive3_filtered_matrix.mtx.gz,L139713,0
GSM8563001:AGGGTCCTCCCGTGTT,Naive3,GSM8563001,L70669,1.0,AGGGTCCTCCCGTGTT-1,714,GSM8563001_Naive3_filtered_matrix.mtx.gz,L70669,3
GSM8563001:AGGGTGAAGAGAGGGC,Naive3,GSM8563001,L322447,0.999998,AGGGTGAAGAGAGGGC-1,715,GSM8563001_Naive3_filtered_matrix.mtx.gz,L322447,2
GSM8563001:AGGGTGACAAATGCGG,Naive3,GSM8563001,L6369,1.0,AGGGTGACAAATGCGG-1,716,GSM8563001_Naive3_filtered_matrix.mtx.gz,L6369,4
GSM8563001:AGGGTGACAGACCAAG,Naive3,GSM8563001,L239228,1.0,AGGGTGACAGACCAAG-1,717,GSM8563001_Naive3_filtered_matrix.mtx.gz,L239228,2
GSM8563001:AGGGTGACAGGCTTGC,Naive3,GSM8563001,L199024,1.0,AGGGTGACAGGCTTGC-1,718,GSM8563001_Naive3_filtered_matrix.mtx.gz,L199024,0
GSM8563001:AGGGTGAGTCACGTGC,Naive3,GSM8563001,L242990,0.999545,AGGGTGAGTCACGTGC-1,720,GSM8563001_Naive3_filtered_matrix.mtx.gz,L242990,1
GSM8563001:AGGGTGAGTCCACATA,Naive3,GSM8563001,L320454,1.0,AGGGTGAGTCCACATA-1,721,GSM8563001_Naive3_filtered_matrix.mtx.gz,L320454,4
GSM8563001:AGGGTTTGTCCGACGT,Naive3,GSM8563001,L98475,1.0,AGGGTTTGTCCGACGT-1,723,GSM8563001_Naive3_filtered_matrix.mtx.gz,L98475,0
GSM8563001:AGGGTTTTCCATTTAC,Naive3,GSM8563001,L87366,1.0,AGGGTTTTCCATTTAC-1,724,GSM8563001_Naive3_filtered_matrix.mtx.gz,L87366,3
GSM8563001:AGGGTTTTCGCTTTAT,Naive3,GSM8563001,L241540,1.0,AGGGTTTTCGCTTTAT-1,725,GSM8563001_Naive3_filtered_matrix.mtx.gz,L241540,2
GSM8563001:AGGGTTTTCGGATACT,Naive3,GSM8563001,L50807,1.0,AGGGTTTTCGGATACT-1,726,GSM8563001_Naive3_filtered_matrix.mtx.gz,L50807,4
GSM8563001:AGGTAGGCAAAGTATG,Naive3,GSM8563001,L257154,1.0,AGGTAGGCAAAGTATG-1,727,GSM8563001_Naive3_filtered_matrix.mtx.gz,L257154,4
GSM8563001:AGGTAGGCACATTGTG,Naive3,GSM8563001,L131897,1.0,AGGTAGGCACATTGTG-1,728,GSM8563001_Naive3_filtered_matrix.mtx.gz,L131897,4
GSM8563001:AGGTCATCACCAACAT,Naive3,GSM8563001,L282391,1.0,AGGTCATCACCAACAT-1,729,GSM8563001_Naive3_filtered_matrix.mtx.gz,L282391,3
GSM8563001:AGGTCATCACTTACAG,Naive3,GSM8563001,L176645,1.0,AGGTCATCACTTACAG-1,730,GSM8563001_Naive3_filtered_matrix.mtx.gz,L176645,0
GSM8563001:AGGTCATGTGTGTGGA,Naive3,GSM8563001,L219307,0.994199,AGGTCATGTGTGTGGA-1,732,GSM8563001_Naive3_filtered_matrix.mtx.gz,L219307,3
GSM8563001:AGGTCTACACGGCTAC,Naive3,GSM8563001,L166657,1.0,AGGTCTACACGGCTAC-1,734,GSM8563001_Naive3_filtered_matrix.mtx.gz,L166657,3
GSM8563001:AGGTCTACATCAACCA,Naive3,GSM8563001,L285237,1.0,AGGTCTACATCAACCA-1,735,GSM8563001_Naive3_filtered_matrix.mtx.gz,L285237,1
GSM8563001:AGGTCTAGTGCAAGAC,Naive3,GSM8563001,L17906,1.0,AGGTCTAGTGCAAGAC-1,736,GSM8563001_Naive3_filtered_matrix.mtx.gz,L17906,1
GSM8563001:AGGTGTTCACGACAGA,Naive3,GSM8563001,L196980,1.0,AGGTGTTCACGACAGA-1,737,GSM8563001_Naive3_filtered_matrix.mtx.gz,L196980,3
GSM8563001:AGGTGTTCACGAGAAC,Naive3,GSM8563001,L193296,1.0,AGGTGTTCACGAGAAC-1,738,GSM8563001_Naive3_filtered_matrix.mtx.gz,L193296,2
GSM8563001:AGGTGTTGTCAAGCGA,Naive3,GSM8563001,L240104,1.0,AGGTGTTGTCAAGCGA-1,739,GSM8563001_Naive3_filtered_matrix.mtx.gz,L240104,3
GSM8563001:AGGTGTTGTGATACTC,Naive3,GSM8563001,L55974,1.0,AGGTGTTGTGATACTC-1,740,GSM8563001_Naive3_filtered_matrix.mtx.gz,L55974,3
GSM8563001:AGGTTACAGATCGACG,Naive3,GSM8563001,L173296,1.0,AGGTTACAGATCGACG-1,741,GSM8563001_Naive3_filtered_matrix.mtx.gz,L173296,1
GSM8563001:AGGTTACGTCCACTTC,Naive3,GSM8563001,L93681,1.0,AGGTTACGTCCACTTC-1,743,GSM8563001_Naive3_filtered_matrix.mtx.gz,L93681,4
GSM8563001:AGGTTACGTTGGTACT,Naive3,GSM8563001,L272263,0.5292,AGGTTACGTTGGTACT-1,744,GSM8563001_Naive3_filtered_matrix.mtx.gz,L272263,2
GSM8563001:AGGTTACGTTGTCATG,Naive3,GSM8563001,L139713,1.0,AGGTTACGTTGTCATG-1,745,GSM8563001_Naive3_filtered_matrix.mtx.gz,L139713,0
GSM8563001:AGGTTACTCAGGCGAA,Naive3,GSM8563001,L187885,0.994132,AGGTTACTCAGGCGAA-1,746,GSM8563001_Naive3_filtered_matrix.mtx.gz,L187885,0
GSM8563001:AGGTTACTCCTGGGTG,Naive3,GSM8563001,L239228,1.0,AGGTTACTCCTGGGTG-1,747,GSM8563001_Naive3_filtered_matrix.mtx.gz,L239228,2
GSM8563001:AGGTTGTAGATGTAGT,Naive3,GSM8563001,L314894,1.0,AGGTTGTAGATGTAGT-1,749,GSM8563001_Naive3_filtered_matrix.mtx.gz,L314894,1
GSM8563001:AGGTTGTAGGGTGGGA,Naive3,GSM8563001,L72864,1.0,AGGTTGTAGGGTGGGA-1,750,GSM8563001_Naive3_filtered_matrix.mtx.gz,L72864,3
GSM8563001:AGGTTGTCATGGCCCA,Naive3,GSM8563001,L117646,1.0,AGGTTGTCATGGCCCA-1,751,GSM8563001_Naive3_filtered_matrix.mtx.gz,L117646,0
GSM8563001:AGGTTGTTCCCAGCGA,Naive3,GSM8563001,L321183,1.0,AGGTTGTTCCCAGCGA-1,753,GSM8563001_Naive3_filtered_matrix.mtx.gz,L321183,4
GSM8563001:AGGTTGTTCCGTCAAA,Naive3,GSM8563001,L252321,1.0,AGGTTGTTCCGTCAAA-1,754,GSM8563001_Naive3_filtered_matrix.mtx.gz,L252321,2
GSM8563001:AGTAACCAGTACCGGA,Naive3,GSM8563001,L29951,1.0,AGTAACCAGTACCGGA-1,755,GSM8563001_Naive3_filtered_matrix.mtx.gz,L29951,0
GSM8563001:AGTAACCCAGCACACC,Naive3,GSM8563001,L224895,0.996242,AGTAACCCAGCACACC-1,756,GSM8563001_Naive3_filtered_matrix.mtx.gz,L224895,4
GSM8563001:AGTAACCGTAGTCGGA,Naive3,GSM8563001,L81738,1.0,AGTAACCGTAGTCGGA-1,757,GSM8563001_Naive3_filtered_matrix.mtx.gz,L81738,0
GSM8563001:AGTAACCGTCTTCAAG,Naive3,GSM8563001,L35389,1.0,AGTAACCGTCTTCAAG-1,758,GSM8563001_Naive3_filtered_matrix.mtx.gz,L35389,4
GSM8563001:AGTACCAAGCCAACCC,Naive3,GSM8563001,L131195,1.0,AGTACCAAGCCAACCC-1,759,GSM8563001_Naive3_filtered_matrix.mtx.gz,L131195,3
GSM8563001:AGTACCACACAGCATT,Naive3,GSM8563001,L223068,1.0,AGTACCACACAGCATT-1,760,GSM8563001_Naive3_filtered_matrix.mtx.gz,L223068,0
GSM8563001:AGTACCACAGATTTCG,Naive3,GSM8563001,L88461,1.0,AGTACCACAGATTTCG-1,761,GSM8563001_Naive3_filtered_matrix.mtx.gz,L88461,3
GSM8563001:AGTACCATCATTGTGG,Naive3,GSM8563001,L206761,1.0,AGTACCATCATTGTGG-1,763,GSM8563001_Naive3_filtered_matrix.mtx.gz,L206761,0
GSM8563001:AGTACCATCCGCACTT,Naive3,GSM8563001,L185762,1.0,AGTACCATCCGCACTT-1,764,GSM8563001_Naive3_filtered_matrix.mtx.gz,L185762,1
GSM8563001:AGTACTGGTAGCGATG,Naive3,GSM8563001,L271521,1.0,AGTACTGGTAGCGATG-1,766,GSM8563001_Naive3_filtered_matrix.mtx.gz,L271521,4
GSM8563001:AGTACTGGTGTGCTTA,Naive3,GSM8563001,L274269,1.0,AGTACTGGTGTGCTTA-1,767,GSM8563001_Naive3_filtered_matrix.mtx.gz,L274269,3
GSM8563001:AGTAGCTCATCCAATG,Naive3,GSM8563001,L137611,1.0,AGTAGCTCATCCAATG-1,769,GSM8563001_Naive3_filtered_matrix.mtx.gz,L137611,4
GSM8563001:AGTAGCTGTGTGTCCG,Naive3,GSM8563001,L219307,1.0,AGTAGCTGTGTGTCCG-1,771,GSM8563001_Naive3_filtered_matrix.mtx.gz,L219307,3
GSM8563001:AGTAGCTGTTATCTGG,Naive3,GSM8563001,L312519,1.0,AGTAGCTGTTATCTGG-1,772,GSM8563001_Naive3_filtered_matrix.mtx.gz,L312519,1
GSM8563001:AGTAGCTTCGCACGGT,Naive3,GSM8563001,L87366,1.0,AGTAGCTTCGCACGGT-1,773,GSM8563001_Naive3_filtered_matrix.mtx.gz,L87366,3
GSM8563001:AGTAGTCTCCACTAGA,Naive3,GSM8563001,L158461,1.0,AGTAGTCTCCACTAGA-1,775,GSM8563001_Naive3_filtered_matrix.mtx.gz,L158461,4
GSM8563001:AGTAGTCTCCCTCTTT,Naive3,GSM8563001,L249999,1.0,AGTAGTCTCCCTCTTT-1,776,GSM8563001_Naive3_filtered_matrix.mtx.gz,L249999,3
GSM8563001:AGTAGTCTCTGCCTCA,Naive3,GSM8563001,L267695,1.0,AGTAGTCTCTGCCTCA-1,777,GSM8563001_Naive3_filtered_matrix.mtx.gz,L267695,2
GSM8563001:AGTAGTCTCTGTCTCG,Naive3,GSM8563001,L230913,1.0,AGTAGTCTCTGTCTCG-1,778,GSM8563001_Naive3_filtered_matrix.mtx.gz,L230913,1
GSM8563001:AGTCAACGTGTCCGTG,Naive3,GSM8563001,L285237,1.0,AGTCAACGTGTCCGTG-1,782,GSM8563001_Naive3_filtered_matrix.mtx.gz,L285237,1
GSM8563001:AGTCAACTCCCACAGG,Naive3,GSM8563001,L12989,1.0,AGTCAACTCCCACAGG-1,783,GSM8563001_Naive3_filtered_matrix.mtx.gz,L12989,3
GSM8563001:AGTCACATCTGGGCCA,Naive3,GSM8563001,L96601,1.0,AGTCACATCTGGGCCA-1,784,GSM8563001_Naive3_filtered_matrix.mtx.gz,L96601,1
GSM8563001:AGTCATGAGCGAGTCA,Naive3,GSM8563001,L159660,1.0,AGTCATGAGCGAGTCA-1,785,GSM8563001_Naive3_filtered_matrix.mtx.gz,L159660,1
GSM8563001:AGTCATGAGGAAGAAC,Naive3,GSM8563001,L303918,1.0,AGTCATGAGGAAGAAC-1,786,GSM8563001_Naive3_filtered_matrix.mtx.gz,L303918,0
GSM8563001:AGTCATGAGGATTTCC,Naive3,GSM8563001,L230913,1.0,AGTCATGAGGATTTCC-1,787,GSM8563001_Naive3_filtered_matrix.mtx.gz,L230913,1
GSM8563001:AGTCATGGTCCCAAAT,Naive3,GSM8563001,L199024,1.0,AGTCATGGTCCCAAAT-1,788,GSM8563001_Naive3_filtered_matrix.mtx.gz,L199024,0
GSM8563001:AGTCTCCAGCTCACTA,Naive3,GSM8563001,L322120,1.0,AGTCTCCAGCTCACTA-1,790,GSM8563001_Naive3_filtered_matrix.mtx.gz,L322120,3
GSM8563001:AGTCTCCCAAGTACCT,Naive3,GSM8563001,L6369,1.0,AGTCTCCCAAGTACCT-1,791,GSM8563001_Naive3_filtered_matrix.mtx.gz,L6369,4
GSM8563001:AGTCTCCGTGACACGA,Naive3,GSM8563001,L17873,1.0,AGTCTCCGTGACACGA-1,792,GSM8563001_Naive3_filtered_matrix.mtx.gz,L17873,0
GSM8563001:AGTGACTAGCCTAACT,Naive3,GSM8563001,L84351,1.0,AGTGACTAGCCTAACT-1,794,GSM8563001_Naive3_filtered_matrix.mtx.gz,L84351,3
GSM8563001:AGTGACTAGGTATAGT,Naive3,GSM8563001,L17420,1.0,AGTGACTAGGTATAGT-1,795,GSM8563001_Naive3_filtered_matrix.mtx.gz,L17420,0
GSM8563001:AGTGACTGTGCCTACG,Naive3,GSM8563001,L84351,1.0,AGTGACTGTGCCTACG-1,796,GSM8563001_Naive3_filtered_matrix.mtx.gz,L84351,3
GSM8563001:AGTGATCAGACATGCG,Naive3,GSM8563001,L267510,1.0,AGTGATCAGACATGCG-1,797,GSM8563001_Naive3_filtered_matrix.mtx.gz,L267510,2
GSM8563001:AGTGATCAGACGCTCC,Naive3,GSM8563001,L314894,1.0,AGTGATCAGACGCTCC-1,798,GSM8563001_Naive3_filtered_matrix.mtx.gz,L314894,1
GSM8563001:AGTGATCAGGTGCATG,Naive3,GSM8563001,L129221,1.0,AGTGATCAGGTGCATG-1,799,GSM8563001_Naive3_filtered_matrix.mtx.gz,L129221,3
GSM8563001:AGTGATCAGTTACGGG,Naive3,GSM8563001,L281881,1.0,AGTGATCAGTTACGGG-1,800,GSM8563001_Naive3_filtered_matrix.mtx.gz,L281881,2
GSM8563001:AGTGATCCAATGTTGC,Naive3,GSM8563001,L64990,1.0,AGTGATCCAATGTTGC-1,801,GSM8563001_Naive3_filtered_matrix.mtx.gz,L64990,4
GSM8563001:AGTGATCGTCAGGAGT,Naive3,GSM8563001,L320820,1.0,AGTGATCGTCAGGAGT-1,802,GSM8563001_Naive3_filtered_matrix.mtx.gz,L320820,3
GSM8563001:AGTGCCGAGAGTGGCT,Naive3,GSM8563001,L16013,1.0,AGTGCCGAGAGTGGCT-1,804,GSM8563001_Naive3_filtered_matrix.mtx.gz,L16013,4
GSM8563001:AGTGCCGTCCGTATAG,Naive3,GSM8563001,L27978,0.578025,AGTGCCGTCCGTATAG-1,807,GSM8563001_Naive3_filtered_matrix.mtx.gz,L27978,3
GSM8563001:AGTGTTGAGTGCACAG,Naive3,GSM8563001,L205402,1.0,AGTGTTGAGTGCACAG-1,808,GSM8563001_Naive3_filtered_matrix.mtx.gz,L205402,2
GSM8563001:AGTGTTGCAATACCCA,Naive3,GSM8563001,L212210,1.0,AGTGTTGCAATACCCA-1,809,GSM8563001_Naive3_filtered_matrix.mtx.gz,L212210,2
GSM8563001:AGTGTTGCAATTGGTC,Naive3,GSM8563001,L70669,1.0,AGTGTTGCAATTGGTC-1,810,GSM8563001_Naive3_filtered_matrix.mtx.gz,L70669,3
GSM8563001:AGTGTTGGTACTGTTG,Naive3,GSM8563001,L155963,1.0,AGTGTTGGTACTGTTG-1,811,GSM8563001_Naive3_filtered_matrix.mtx.gz,L155963,0
GSM8563001:AGTGTTGTCCGAGTGC,Naive3,GSM8563001,L194069,1.0,AGTGTTGTCCGAGTGC-1,813,GSM8563001_Naive3_filtered_matrix.mtx.gz,L194069,2
GSM8563001:AGTTAGCAGATCACTC,Naive3,GSM8563001,L278604,1.0,AGTTAGCAGATCACTC-1,814,GSM8563001_Naive3_filtered_matrix.mtx.gz,L278604,2
GSM8563001:AGTTCCCAGTCGTTAC,Naive3,GSM8563001,L76568,1.0,AGTTCCCAGTCGTTAC-1,817,GSM8563001_Naive3_filtered_matrix.mtx.gz,L76568,0
GSM8563001:AGTTCCCCAATCGCAT,Naive3,GSM8563001,L193373,0.999998,AGTTCCCCAATCGCAT-1,818,GSM8563001_Naive3_filtered_matrix.mtx.gz,L193373,2
GSM8563001:AGTTCCCCACTAGAGG,Naive3,GSM8563001,L228345,1.0,AGTTCCCCACTAGAGG-1,819,GSM8563001_Naive3_filtered_matrix.mtx.gz,L228345,2
GSM8563001:AGTTCCCCAGCCTACG,Naive3,GSM8563001,L107467,0.866654,AGTTCCCCAGCCTACG-1,820,GSM8563001_Naive3_filtered_matrix.mtx.gz,L107467,4
GSM8563001:AGTTCGAAGTGGTGAC,Naive3,GSM8563001,L330523,1.0,AGTTCGAAGTGGTGAC-1,821,GSM8563001_Naive3_filtered_matrix.mtx.gz,L330523,4
GSM8563001:AGTTCGACAATTTCCT,Naive3,GSM8563001,L96449,1.0,AGTTCGACAATTTCCT-1,822,GSM8563001_Naive3_filtered_matrix.mtx.gz,L96449,2
GSM8563001:AGTTCGACACTTCTCG,Naive3,GSM8563001,L293016,1.0,AGTTCGACACTTCTCG-1,824,GSM8563001_Naive3_filtered_matrix.mtx.gz,L293016,2
GSM8563001:ATACCGAAGCGTGTCC,Naive3,GSM8563001,L214973,1.0,ATACCGAAGCGTGTCC-1,826,GSM8563001_Naive3_filtered_matrix.mtx.gz,L214973,2
GSM8563001:ATACCGAAGTCCGCGT,Naive3,GSM8563001,L219307,1.0,ATACCGAAGTCCGCGT-1,827,GSM8563001_Naive3_filtered_matrix.mtx.gz,L219307,3
GSM8563001:ATACCGACATGAAGGC,Naive3,GSM8563001,L244706,1.0,ATACCGACATGAAGGC-1,828,GSM8563001_Naive3_filtered_matrix.mtx.gz,L244706,4
GSM8563001:ATACCGATCAGTGTCA,Naive3,GSM8563001,L115936,1.0,ATACCGATCAGTGTCA-1,829,GSM8563001_Naive3_filtered_matrix.mtx.gz,L115936,1
GSM8563001:ATACCGATCCGTGTGG,Naive3,GSM8563001,L275355,1.0,ATACCGATCCGTGTGG-1,830,GSM8563001_Naive3_filtered_matrix.mtx.gz,L275355,1
GSM8563001:ATACCTTAGACAGTCG,Naive3,GSM8563001,L145073,1.0,ATACCTTAGACAGTCG-1,832,GSM8563001_Naive3_filtered_matrix.mtx.gz,L145073,1
GSM8563001:ATACCTTGTTGGGCCT,Naive3,GSM8563001,L285161,1.0,ATACCTTGTTGGGCCT-1,834,GSM8563001_Naive3_filtered_matrix.mtx.gz,L285161,4
GSM8563001:ATACTTCGTTTGTTCT,Naive3,GSM8563001,L262260,1.0,ATACTTCGTTTGTTCT-1,835,GSM8563001_Naive3_filtered_matrix.mtx.gz,L262260,2
GSM8563001:ATACTTCTCCCGAATA,Naive3,GSM8563001,L257154,1.0,ATACTTCTCCCGAATA-1,836,GSM8563001_Naive3_filtered_matrix.mtx.gz,L257154,4
GSM8563001:ATAGACCAGACCTTTG,Naive3,GSM8563001,L179168,1.0,ATAGACCAGACCTTTG-1,837,GSM8563001_Naive3_filtered_matrix.mtx.gz,L179168,2
GSM8563001:ATAGACCGTTGCCATA,Naive3,GSM8563001,L296189,1.0,ATAGACCGTTGCCATA-1,840,GSM8563001_Naive3_filtered_matrix.mtx.gz,L296189,1
GSM8563001:ATAGACCGTTTACTTC,Naive3,GSM8563001,L51167,1.0,ATAGACCGTTTACTTC-1,841,GSM8563001_Naive3_filtered_matrix.mtx.gz,L51167,2
GSM8563001:ATAGACCTCGTTCATT,Naive3,GSM8563001,L76568,1.0,ATAGACCTCGTTCATT-1,842,GSM8563001_Naive3_filtered_matrix.mtx.gz,L76568,0
GSM8563001:ATAGAGAAGCTCCCTT,Naive3,GSM8563001,L303711,1.0,ATAGAGAAGCTCCCTT-1,844,GSM8563001_Naive3_filtered_matrix.mtx.gz,L303711,3
GSM8563001:ATAGAGATCTCGAGTA,Naive3,GSM8563001,L231623,1.0,ATAGAGATCTCGAGTA-1,848,GSM8563001_Naive3_filtered_matrix.mtx.gz,L231623,3
GSM8563001:ATAGGCTAGAAGAACG,Naive3,GSM8563001,L144579,1.0,ATAGGCTAGAAGAACG-1,849,GSM8563001_Naive3_filtered_matrix.mtx.gz,L144579,0
GSM8563001:ATAGGCTGTGGCTGCT,Naive3,GSM8563001,L165149,1.0,ATAGGCTGTGGCTGCT-1,850,GSM8563001_Naive3_filtered_matrix.mtx.gz,L165149,2
GSM8563001:ATATCCTAGTATGACA,Naive3,GSM8563001,L99144,1.0,ATATCCTAGTATGACA-1,851,GSM8563001_Naive3_filtered_matrix.mtx.gz,L99144,2
GSM8563001:ATATCCTCACAGAAGC,Naive3,GSM8563001,L239228,1.0,ATATCCTCACAGAAGC-1,852,GSM8563001_Naive3_filtered_matrix.mtx.gz,L239228,2
GSM8563001:ATATCCTCAGGAGGTT,Naive3,GSM8563001,L293527,1.0,ATATCCTCAGGAGGTT-1,853,GSM8563001_Naive3_filtered_matrix.mtx.gz,L293527,3
GSM8563001:ATATCCTGTGCCTTCT,Naive3,GSM8563001,L45022,1.0,ATATCCTGTGCCTTCT-1,854,GSM8563001_Naive3_filtered_matrix.mtx.gz,L45022,3
GSM8563001:ATCACAGCAAAGTGTA,Naive3,GSM8563001,L316533,1.0,ATCACAGCAAAGTGTA-1,855,GSM8563001_Naive3_filtered_matrix.mtx.gz,L316533,2
GSM8563001:ATCACAGCAAATGGAT,Naive3,GSM8563001,L117526,1.0,ATCACAGCAAATGGAT-1,856,GSM8563001_Naive3_filtered_matrix.mtx.gz,L117526,3
GSM8563001:ATCACAGCATAGGTAA,Naive3,GSM8563001,L107403,1.0,ATCACAGCATAGGTAA-1,857,GSM8563001_Naive3_filtered_matrix.mtx.gz,L107403,0
GSM8563001:ATCACAGTCATATGGC,Naive3,GSM8563001,L135014,1.0,ATCACAGTCATATGGC-1,859,GSM8563001_Naive3_filtered_matrix.mtx.gz,L135014,4
GSM8563001:ATCACGATCCACGGAC,Naive3,GSM8563001,L147347,1.0,ATCACGATCCACGGAC-1,862,GSM8563001_Naive3_filtered_matrix.mtx.gz,L147347,1
GSM8563001:ATCACTTGTAGATGTA,Naive3,GSM8563001,L305673,1.0,ATCACTTGTAGATGTA-1,867,GSM8563001_Naive3_filtered_matrix.mtx.gz,L305673,4
GSM8563001:ATCAGGTAGCGCTTCG,Naive3,GSM8563001,L68311,1.0,ATCAGGTAGCGCTTCG-1,868,GSM8563001_Naive3_filtered_matrix.mtx.gz,L68311,2
GSM8563001:ATCAGGTAGTTCATGC,Naive3,GSM8563001,L75819,1.0,ATCAGGTAGTTCATGC-1,869,GSM8563001_Naive3_filtered_matrix.mtx.gz,L75819,1
GSM8563001:ATCAGGTCACGCGTGT,Naive3,GSM8563001,L177252,1.0,ATCAGGTCACGCGTGT-1,870,GSM8563001_Naive3_filtered_matrix.mtx.gz,L177252,2
GSM8563001:ATCAGGTTCGGTGCAC,Naive3,GSM8563001,L270914,1.0,ATCAGGTTCGGTGCAC-1,871,GSM8563001_Naive3_filtered_matrix.mtx.gz,L270914,4
GSM8563001:ATCATTCGTAAGAACT,Naive3,GSM8563001,L240628,1.0,ATCATTCGTAAGAACT-1,874,GSM8563001_Naive3_filtered_matrix.mtx.gz,L240628,1
GSM8563001:ATCCACCCATGGGTTT,Naive3,GSM8563001,L300077,1.0,ATCCACCCATGGGTTT-1,876,GSM8563001_Naive3_filtered_matrix.mtx.gz,L300077,3
GSM8563001:ATCCACCGTACGCTAT,Naive3,GSM8563001,L78561,1.0,ATCCACCGTACGCTAT-1,877,GSM8563001_Naive3_filtered_matrix.mtx.gz,L78561,2
GSM8563001:ATCCATTAGCTAGAAT,Naive3,GSM8563001,L289410,1.0,ATCCATTAGCTAGAAT-1,878,GSM8563001_Naive3_filtered_matrix.mtx.gz,L289410,2
GSM8563001:ATCCATTAGTAACGAT,Naive3,GSM8563001,L290343,1.0,ATCCATTAGTAACGAT-1,879,GSM8563001_Naive3_filtered_matrix.mtx.gz,L290343,4
GSM8563001:ATCCATTCAGTCGAGA,Naive3,GSM8563001,L314700,0.630652,ATCCATTCAGTCGAGA-1,880,GSM8563001_Naive3_filtered_matrix.mtx.gz,L314700,0
GSM8563001:ATCCATTTCGCGTGCA,Naive3,GSM8563001,L879,1.0,ATCCATTTCGCGTGCA-1,882,GSM8563001_Naive3_filtered_matrix.mtx.gz,L879,2
GSM8563001:ATCCCTGAGACTAAGT,Naive3,GSM8563001,L126892,1.0,ATCCCTGAGACTAAGT-1,883,GSM8563001_Naive3_filtered_matrix.mtx.gz,L126892,0
GSM8563001:ATCCGTCAGCATCTTG,Naive3,GSM8563001,L22426,0.709671,ATCCGTCAGCATCTTG-1,885,GSM8563001_Naive3_filtered_matrix.mtx.gz,L22426,0
GSM8563001:ATCCGTCAGTGCTACT,Naive3,GSM8563001,L109790,1.0,ATCCGTCAGTGCTACT-1,887,GSM8563001_Naive3_filtered_matrix.mtx.gz,L109790,0
GSM8563001:ATCCGTCCAGATGCGA,Naive3,GSM8563001,L190318,1.0,ATCCGTCCAGATGCGA-1,888,GSM8563001_Naive3_filtered_matrix.mtx.gz,L190318,2
GSM8563001:ATCCGTCTCTCAGTCC,Naive3,GSM8563001,L282391,1.0,ATCCGTCTCTCAGTCC-1,890,GSM8563001_Naive3_filtered_matrix.mtx.gz,L282391,3
GSM8563001:ATCCTATAGTGCTCAT,Naive3,GSM8563001,L124052,1.0,ATCCTATAGTGCTCAT-1,892,GSM8563001_Naive3_filtered_matrix.mtx.gz,L124052,4
GSM8563001:ATCCTATGTAACATAG,Naive3,GSM8563001,L223157,0.535845,ATCCTATGTAACATAG-1,894,GSM8563001_Naive3_filtered_matrix.mtx.gz,L223157,0
GSM8563001:ATCCTATTCGCTATTT,Naive3,GSM8563001,L275878,1.0,ATCCTATTCGCTATTT-1,895,GSM8563001_Naive3_filtered_matrix.mtx.gz,L275878,4
GSM8563001:ATCGATGCAAGCTCTA,Naive3,GSM8563001,L36038,1.0,ATCGATGCAAGCTCTA-1,897,GSM8563001_Naive3_filtered_matrix.mtx.gz,L36038,0
GSM8563001:ATCGATGCATCTCATT,Naive3,GSM8563001,L69282,1.0,ATCGATGCATCTCATT-1,899,GSM8563001_Naive3_filtered_matrix.mtx.gz,L69282,3
GSM8563001:ATCGCCTAGATACCAA,Naive3,GSM8563001,L54153,1.0,ATCGCCTAGATACCAA-1,900,GSM8563001_Naive3_filtered_matrix.mtx.gz,L54153,2
GSM8563001:ATCGCCTCAACCGTAT,Naive3,GSM8563001,L289938,1.0,ATCGCCTCAACCGTAT-1,901,GSM8563001_Naive3_filtered_matrix.mtx.gz,L289938,1
GSM8563001:ATCGCCTTCAAGAGTA,Naive3,GSM8563001,L231623,1.0,ATCGCCTTCAAGAGTA-1,903,GSM8563001_Naive3_filtered_matrix.mtx.gz,L231623,3
GSM8563001:ATCGCCTTCGGAATTC,Naive3,GSM8563001,L119834,1.0,ATCGCCTTCGGAATTC-1,904,GSM8563001_Naive3_filtered_matrix.mtx.gz,L119834,0
GSM8563001:ATCGGATGTGCATTTG,Naive3,GSM8563001,L252321,1.0,ATCGGATGTGCATTTG-1,905,GSM8563001_Naive3_filtered_matrix.mtx.gz,L252321,2
GSM8563001:ATCGGCGAGTGGTTAA,Naive3,GSM8563001,L331971,1.0,ATCGGCGAGTGGTTAA-1,908,GSM8563001_Naive3_filtered_matrix.mtx.gz,L331971,4
GSM8563001:ATCGGCGCATCAGTGT,Naive3,GSM8563001,L64990,1.0,ATCGGCGCATCAGTGT-1,909,GSM8563001_Naive3_filtered_matrix.mtx.gz,L64990,4
GSM8563001:ATCGGCGCATGTGTCA,Naive3,GSM8563001,L149612,1.0,ATCGGCGCATGTGTCA-1,910,GSM8563001_Naive3_filtered_matrix.mtx.gz,L149612,4
GSM8563001:ATCGTAGGTCAACCTA,Naive3,GSM8563001,L267695,1.0,ATCGTAGGTCAACCTA-1,912,GSM8563001_Naive3_filtered_matrix.mtx.gz,L267695,2
GSM8563001:ATCGTCCAGCGTCAAG,Naive3,GSM8563001,L177128,1.0,ATCGTCCAGCGTCAAG-1,913,GSM8563001_Naive3_filtered_matrix.mtx.gz,L177128,3
GSM8563001:ATCGTCCCACAAGCTT,Naive3,GSM8563001,L202454,1.0,ATCGTCCCACAAGCTT-1,914,GSM8563001_Naive3_filtered_matrix.mtx.gz,L202454,4
GSM8563001:ATCGTCCCAGGCGATA,Naive3,GSM8563001,L238644,0.946455,ATCGTCCCAGGCGATA-1,916,GSM8563001_Naive3_filtered_matrix.mtx.gz,L238644,4
GSM8563001:ATCGTCCGTGTTAAAG,Naive3,GSM8563001,L254234,1.0,ATCGTCCGTGTTAAAG-1,917,GSM8563001_Naive3_filtered_matrix.mtx.gz,L254234,3
GSM8563001:ATCGTCCTCCTGCCAT,Naive3,GSM8563001,L96601,1.0,ATCGTCCTCCTGCCAT-1,919,GSM8563001_Naive3_filtered_matrix.mtx.gz,L96601,1
GSM8563001:ATCGTGAAGCTCGGCT,Naive3,GSM8563001,L124481,1.0,ATCGTGAAGCTCGGCT-1,920,GSM8563001_Naive3_filtered_matrix.mtx.gz,L124481,3
GSM8563001:ATCTCTATCGGCAGTC,Naive3,GSM8563001,L149612,1.0,ATCTCTATCGGCAGTC-1,923,GSM8563001_Naive3_filtered_matrix.mtx.gz,L149612,4
GSM8563001:ATCTTCACAATTCGTG,Naive3,GSM8563001,L251680,1.0,ATCTTCACAATTCGTG-1,925,GSM8563001_Naive3_filtered_matrix.mtx.gz,L251680,3
GSM8563001:ATCTTCACACGTAGAG,Naive3,GSM8563001,L316748,1.0,ATCTTCACACGTAGAG-1,926,GSM8563001_Naive3_filtered_matrix.mtx.gz,L316748,4
GSM8563001:ATCTTCAGTATACAGA,Naive3,GSM8563001,L166707,1.0,ATCTTCAGTATACAGA-1,927,GSM8563001_Naive3_filtered_matrix.mtx.gz,L166707,1
GSM8563001:ATCTTCAGTCTGTTAG,Naive3,GSM8563001,L137611,0.996265,ATCTTCAGTCTGTTAG-1,929,GSM8563001_Naive3_filtered_matrix.mtx.gz,L137611,4
GSM8563001:ATGAAAGAGGAATCGC,Naive3,GSM8563001,L145263,1.0,ATGAAAGAGGAATCGC-1,931,GSM8563001_Naive3_filtered_matrix.mtx.gz,L145263,4
GSM8563001:ATGACCAGTAGTTCCA,Naive3,GSM8563001,L206384,1.0,ATGACCAGTAGTTCCA-1,933,GSM8563001_Naive3_filtered_matrix.mtx.gz,L206384,3
GSM8563001:ATGACCAGTCAGGTGA,Naive3,GSM8563001,L145460,1.0,ATGACCAGTCAGGTGA-1,934,GSM8563001_Naive3_filtered_matrix.mtx.gz,L145460,2
GSM8563001:ATGAGGGAGCTCCACG,Naive3,GSM8563001,L198433,1.0,ATGAGGGAGCTCCACG-1,935,GSM8563001_Naive3_filtered_matrix.mtx.gz,L198433,3
GSM8563001:ATGAGGGCAGAAGCTG,Naive3,GSM8563001,L17420,1.0,ATGAGGGCAGAAGCTG-1,937,GSM8563001_Naive3_filtered_matrix.mtx.gz,L17420,0
GSM8563001:ATGAGGGGTTGCAAGG,Naive3,GSM8563001,L219307,1.0,ATGAGGGGTTGCAAGG-1,938,GSM8563001_Naive3_filtered_matrix.mtx.gz,L219307,3
GSM8563001:ATGAGTCGTAGCGTTT,Naive3,GSM8563001,L96686,1.0,ATGAGTCGTAGCGTTT-1,940,GSM8563001_Naive3_filtered_matrix.mtx.gz,L96686,2
GSM8563001:ATGAGTCGTCCTGGGT,Naive3,GSM8563001,L159660,1.0,ATGAGTCGTCCTGGGT-1,941,GSM8563001_Naive3_filtered_matrix.mtx.gz,L159660,1
GSM8563001:ATGATCGTCTGCACCT,Naive3,GSM8563001,L304427,1.0,ATGATCGTCTGCACCT-1,943,GSM8563001_Naive3_filtered_matrix.mtx.gz,L304427,2
GSM8563001:ATGCATGAGTGCCGAA,Naive3,GSM8563001,L278604,1.0,ATGCATGAGTGCCGAA-1,944,GSM8563001_Naive3_filtered_matrix.mtx.gz,L278604,2
GSM8563001:ATGCCTCAGGCAGCTA,Naive3,GSM8563001,L322777,1.0,ATGCCTCAGGCAGCTA-1,947,GSM8563001_Naive3_filtered_matrix.mtx.gz,L322777,4
GSM8563001:ATGCCTCGTAATCAAG,Naive3,GSM8563001,L223983,0.665071,ATGCCTCGTAATCAAG-1,949,GSM8563001_Naive3_filtered_matrix.mtx.gz,L223983,3
GSM8563001:ATGCCTCGTCCATCTC,Naive3,GSM8563001,L218518,1.0,ATGCCTCGTCCATCTC-1,950,GSM8563001_Naive3_filtered_matrix.mtx.gz,L218518,2
GSM8563001:ATGCCTCGTGGTCTGC,Naive3,GSM8563001,L147347,1.0,ATGCCTCGTGGTCTGC-1,951,GSM8563001_Naive3_filtered_matrix.mtx.gz,L147347,1
GSM8563001:ATGCCTCTCCTCCACA,Naive3,GSM8563001,L35389,1.0,ATGCCTCTCCTCCACA-1,953,GSM8563001_Naive3_filtered_matrix.mtx.gz,L35389,4
GSM8563001:ATGCGATAGAAGTCAT,Naive3,GSM8563001,L107467,1.0,ATGCGATAGAAGTCAT-1,954,GSM8563001_Naive3_filtered_matrix.mtx.gz,L107467,4
GSM8563001:ATGCGATGTCCGGCAT,Naive3,GSM8563001,L166707,1.0,ATGCGATGTCCGGCAT-1,955,GSM8563001_Naive3_filtered_matrix.mtx.gz,L166707,1
GSM8563001:ATGCGATTCAGCGTCG,Naive3,GSM8563001,L139713,1.0,ATGCGATTCAGCGTCG-1,956,GSM8563001_Naive3_filtered_matrix.mtx.gz,L139713,0
GSM8563001:ATGGAGGAGATCCCAT,Naive3,GSM8563001,L84010,1.0,ATGGAGGAGATCCCAT-1,958,GSM8563001_Naive3_filtered_matrix.mtx.gz,L84010,3
GSM8563001:ATGGAGGAGGGTTGCA,Naive3,GSM8563001,L321617,1.0,ATGGAGGAGGGTTGCA-1,959,GSM8563001_Naive3_filtered_matrix.mtx.gz,L321617,1
GSM8563001:ATGGAGGCATCCTATT,Naive3,GSM8563001,L167106,1.0,ATGGAGGCATCCTATT-1,960,GSM8563001_Naive3_filtered_matrix.mtx.gz,L167106,1
GSM8563001:ATGGAGGCATGACACT,Naive3,GSM8563001,L70669,1.0,ATGGAGGCATGACACT-1,961,GSM8563001_Naive3_filtered_matrix.mtx.gz,L70669,3
GSM8563001:ATGGAGGGTATGACAA,Naive3,GSM8563001,L173296,0.999999,ATGGAGGGTATGACAA-1,962,GSM8563001_Naive3_filtered_matrix.mtx.gz,L173296,1
GSM8563001:ATGGAGGGTCGTCATA,Naive3,GSM8563001,L870,1.0,ATGGAGGGTCGTCATA-1,963,GSM8563001_Naive3_filtered_matrix.mtx.gz,L870,2
GSM8563001:ATGGATCCAACCCTAA,Naive3,GSM8563001,L77443,1.0,ATGGATCCAACCCTAA-1,965,GSM8563001_Naive3_filtered_matrix.mtx.gz,L77443,2
GSM8563001:ATGGATCGTAACAAGT,Naive3,GSM8563001,L304427,1.0,ATGGATCGTAACAAGT-1,966,GSM8563001_Naive3_filtered_matrix.mtx.gz,L304427,2
GSM8563001:ATGGATCGTTGCATCA,Naive3,GSM8563001,L294380,1.0,ATGGATCGTTGCATCA-1,967,GSM8563001_Naive3_filtered_matrix.mtx.gz,L294380,3
GSM8563001:ATGGATCTCTAGATCG,Naive3,GSM8563001,L82979,1.0,ATGGATCTCTAGATCG-1,968,GSM8563001_Naive3_filtered_matrix.mtx.gz,L82979,2
GSM8563001:ATGGATCTCTCGAACA,Naive3,GSM8563001,L16294,1.0,ATGGATCTCTCGAACA-1,969,GSM8563001_Naive3_filtered_matrix.mtx.gz,L16294,1
GSM8563001:ATGGGAGAGGGATCAC,Naive3,GSM8563001,L31852,1.0,ATGGGAGAGGGATCAC-1,970,GSM8563001_Naive3_filtered_matrix.mtx.gz,L31852,2
GSM8563001:ATGGGAGCACCGAATT,Naive3,GSM8563001,L52613,1.0,ATGGGAGCACCGAATT-1,971,GSM8563001_Naive3_filtered_matrix.mtx.gz,L52613,0
GSM8563001:ATGGGAGCATTGGGAG,Naive3,GSM8563001,L57672,0.97869,ATGGGAGCATTGGGAG-1,972,GSM8563001_Naive3_filtered_matrix.mtx.gz,L57672,2
GSM8563001:ATGGGAGGTCTAGGCC,Naive3,GSM8563001,L870,0.597526,ATGGGAGGTCTAGGCC-1,973,GSM8563001_Naive3_filtered_matrix.mtx.gz,L870,2
GSM8563001:ATGGGTTCACCATAAC,Naive3,GSM8563001,L124052,1.0,ATGGGTTCACCATAAC-1,974,GSM8563001_Naive3_filtered_matrix.mtx.gz,L124052,4
GSM8563001:ATGGGTTTCATAAGGA,Naive3,GSM8563001,L322091,1.0,ATGGGTTTCATAAGGA-1,975,GSM8563001_Naive3_filtered_matrix.mtx.gz,L322091,3
GSM8563001:ATGGGTTTCGGTAAGG,Naive3,GSM8563001,L241549,1.0,ATGGGTTTCGGTAAGG-1,976,GSM8563001_Naive3_filtered_matrix.mtx.gz,L241549,3
GSM8563001:ATGGTTGAGAGGTATT,Naive3,GSM8563001,L19489,1.0,ATGGTTGAGAGGTATT-1,978,GSM8563001_Naive3_filtered_matrix.mtx.gz,L19489,0
GSM8563001:ATGGTTGCACCGCTGA,Naive3,GSM8563001,L86394,1.0,ATGGTTGCACCGCTGA-1,979,GSM8563001_Naive3_filtered_matrix.mtx.gz,L86394,1
GSM8563001:ATGGTTGCATGCTGCG,Naive3,GSM8563001,L112164,1.0,ATGGTTGCATGCTGCG-1,980,GSM8563001_Naive3_filtered_matrix.mtx.gz,L112164,2
GSM8563001:ATGGTTGTCCGTATGA,Naive3,GSM8563001,L61285,1.0,ATGGTTGTCCGTATGA-1,981,GSM8563001_Naive3_filtered_matrix.mtx.gz,L61285,3
GSM8563001:ATGGTTGTCCGTGTAA,Naive3,GSM8563001,L197414,1.0,ATGGTTGTCCGTGTAA-1,982,GSM8563001_Naive3_filtered_matrix.mtx.gz,L197414,1
GSM8563001:ATGGTTGTCTGTACAG,Naive3,GSM8563001,L315953,1.0,ATGGTTGTCTGTACAG-1,984,GSM8563001_Naive3_filtered_matrix.mtx.gz,L315953,3
GSM8563001:ATGTCCCAGCGTCTCG,Naive3,GSM8563001,L320820,1.0,ATGTCCCAGCGTCTCG-1,985,GSM8563001_Naive3_filtered_matrix.mtx.gz,L320820,3
GSM8563001:ATGTCCCCATGACCCG,Naive3,GSM8563001,L104099,1.0,ATGTCCCCATGACCCG-1,986,GSM8563001_Naive3_filtered_matrix.mtx.gz,L104099,4
GSM8563001:ATGTCCCTCCTAAGTG,Naive3,GSM8563001,L263517,1.0,ATGTCCCTCCTAAGTG-1,988,GSM8563001_Naive3_filtered_matrix.mtx.gz,L263517,2
GSM8563001:ATGTCTTAGCTAGAGC,Naive3,GSM8563001,L111734,1.0,ATGTCTTAGCTAGAGC-1,990,GSM8563001_Naive3_filtered_matrix.mtx.gz,L111734,1
GSM8563001:ATGTCTTCAAAGACTA,Naive3,GSM8563001,L314894,1.0,ATGTCTTCAAAGACTA-1,991,GSM8563001_Naive3_filtered_matrix.mtx.gz,L314894,1
GSM8563001:ATGTCTTCATGATGCT,Naive3,GSM8563001,L73599,1.0,ATGTCTTCATGATGCT-1,993,GSM8563001_Naive3_filtered_matrix.mtx.gz,L73599,2
GSM8563001:ATGTCTTGTCCCGCAA,Naive3,GSM8563001,L269961,1.0,ATGTCTTGTCCCGCAA-1,994,GSM8563001_Naive3_filtered_matrix.mtx.gz,L269961,4
GSM8563001:ATGTCTTGTGAACGGT,Naive3,GSM8563001,L214973,1.0,ATGTCTTGTGAACGGT-1,995,GSM8563001_Naive3_filtered_matrix.mtx.gz,L214973,2
GSM8563001:ATTACCTAGTAGGATT,Naive3,GSM8563001,L144132,1.0,ATTACCTAGTAGGATT-1,996,GSM8563001_Naive3_filtered_matrix.mtx.gz,L144132,3
GSM8563001:ATTACCTGTCAGGCAA,Naive3,GSM8563001,L264962,1.0,ATTACCTGTCAGGCAA-1,997,GSM8563001_Naive3_filtered_matrix.mtx.gz,L264962,3
GSM8563001:ATTACCTGTTAGAGTA,Naive3,GSM8563001,L322183,1.0,ATTACCTGTTAGAGTA-1,998,GSM8563001_Naive3_filtered_matrix.mtx.gz,L322183,1
GSM8563001:ATTACCTTCCTATTGT,Naive3,GSM8563001,L228182,1.0,ATTACCTTCCTATTGT-1,999,GSM8563001_Naive3_filtered_matrix.mtx.gz,L228182,0
GSM8563001:ATTACTCCACAACGAG,Naive3,GSM8563001,L231007,1.0,ATTACTCCACAACGAG-1,1000,GSM8563001_Naive3_filtered_matrix.mtx.gz,L231007,2
GSM8563001:ATTACTCCATTATGCG,Naive3,GSM8563001,L190863,1.0,ATTACTCCATTATGCG-1,1001,GSM8563001_Naive3_filtered_matrix.mtx.gz,L190863,1
GSM8563001:ATTACTCTCGCCTAGG,Naive3,GSM8563001,L33701,1.0,ATTACTCTCGCCTAGG-1,1003,GSM8563001_Naive3_filtered_matrix.mtx.gz,L33701,3
GSM8563001:ATTATCCAGCGCCATC,Naive3,GSM8563001,L138906,1.0,ATTATCCAGCGCCATC-1,1004,GSM8563001_Naive3_filtered_matrix.mtx.gz,L138906,2
GSM8563001:ATTATCCAGGTTGGAC,Naive3,GSM8563001,L264962,1.0,ATTATCCAGGTTGGAC-1,1005,GSM8563001_Naive3_filtered_matrix.mtx.gz,L264962,3
GSM8563001:ATTATCCCAATACAGA,Naive3,GSM8563001,L285082,1.0,ATTATCCCAATACAGA-1,1006,GSM8563001_Naive3_filtered_matrix.mtx.gz,L285082,0
GSM8563001:ATTATCCTCGGTGTAT,Naive3,GSM8563001,L272183,1.0,ATTATCCTCGGTGTAT-1,1007,GSM8563001_Naive3_filtered_matrix.mtx.gz,L272183,4
GSM8563001:ATTCACTAGGTCATAA,Naive3,GSM8563001,L321791,1.0,ATTCACTAGGTCATAA-1,1008,GSM8563001_Naive3_filtered_matrix.mtx.gz,L321791,0
GSM8563001:ATTCACTTCCGAGATT,Naive3,GSM8563001,L197845,1.0,ATTCACTTCCGAGATT-1,1010,GSM8563001_Naive3_filtered_matrix.mtx.gz,L197845,1
GSM8563001:ATTCAGGAGGAGTACC,Naive3,GSM8563001,L54153,1.0,ATTCAGGAGGAGTACC-1,1012,GSM8563001_Naive3_filtered_matrix.mtx.gz,L54153,2
GSM8563001:ATTCAGGAGGCGCTTC,Naive3,GSM8563001,L282800,1.0,ATTCAGGAGGCGCTTC-1,1013,GSM8563001_Naive3_filtered_matrix.mtx.gz,L282800,3
GSM8563001:ATTCAGGAGGTTTGAA,Naive3,GSM8563001,L58090,1.0,ATTCAGGAGGTTTGAA-1,1014,GSM8563001_Naive3_filtered_matrix.mtx.gz,L58090,2
GSM8563001:ATTCAGGTCACTACTT,Naive3,GSM8563001,L329553,1.0,ATTCAGGTCACTACTT-1,1015,GSM8563001_Naive3_filtered_matrix.mtx.gz,L329553,3
GSM8563001:ATTCAGGTCGGAGTAG,Naive3,GSM8563001,L85031,1.0,ATTCAGGTCGGAGTAG-1,1016,GSM8563001_Naive3_filtered_matrix.mtx.gz,L85031,0
GSM8563001:ATTCATCAGTCAGAGC,Naive3,GSM8563001,L82077,1.0,ATTCATCAGTCAGAGC-1,1017,GSM8563001_Naive3_filtered_matrix.mtx.gz,L82077,4
GSM8563001:ATTCATCTCTCCACTG,Naive3,GSM8563001,L204112,1.0,ATTCATCTCTCCACTG-1,1019,GSM8563001_Naive3_filtered_matrix.mtx.gz,L204112,1
GSM8563001:ATTCCATCACGACGAA,Naive3,GSM8563001,L6369,1.0,ATTCCATCACGACGAA-1,1021,GSM8563001_Naive3_filtered_matrix.mtx.gz,L6369,4
GSM8563001:ATTCCATGTACGAGTG,Naive3,GSM8563001,L68311,1.0,ATTCCATGTACGAGTG-1,1022,GSM8563001_Naive3_filtered_matrix.mtx.gz,L68311,2
GSM8563001:ATTCCATTCGTTCGCT,Naive3,GSM8563001,L216702,1.0,ATTCCATTCGTTCGCT-1,1023,GSM8563001_Naive3_filtered_matrix.mtx.gz,L216702,2
GSM8563001:ATTCCCGAGGTCCTGC,Naive3,GSM8563001,L167950,1.0,ATTCCCGAGGTCCTGC-1,1024,GSM8563001_Naive3_filtered_matrix.mtx.gz,L167950,3
GSM8563001:ATTCCCGCATACAGGG,Naive3,GSM8563001,L173296,1.0,ATTCCCGCATACAGGG-1,1026,GSM8563001_Naive3_filtered_matrix.mtx.gz,L173296,1
GSM8563001:ATTCCCGGTAGAATAC,Naive3,GSM8563001,L54153,1.0,ATTCCCGGTAGAATAC-1,1027,GSM8563001_Naive3_filtered_matrix.mtx.gz,L54153,2
GSM8563001:ATTCCCGGTTAGTCGT,Naive3,GSM8563001,L55260,1.0,ATTCCCGGTTAGTCGT-1,1028,GSM8563001_Naive3_filtered_matrix.mtx.gz,L55260,4
GSM8563001:ATTCCCGTCTCAATCT,Naive3,GSM8563001,L169099,1.0,ATTCCCGTCTCAATCT-1,1029,GSM8563001_Naive3_filtered_matrix.mtx.gz,L169099,1
GSM8563001:ATTCCTAAGAAGCCTG,Naive3,GSM8563001,L149612,1.0,ATTCCTAAGAAGCCTG-1,1030,GSM8563001_Naive3_filtered_matrix.mtx.gz,L149612,4
GSM8563001:ATTCCTAAGGGAGGTG,Naive3,GSM8563001,L214973,1.0,ATTCCTAAGGGAGGTG-1,1031,GSM8563001_Naive3_filtered_matrix.mtx.gz,L214973,2
GSM8563001:ATTCCTACAACCGCTG,Naive3,GSM8563001,L165027,1.0,ATTCCTACAACCGCTG-1,1032,GSM8563001_Naive3_filtered_matrix.mtx.gz,L165027,0
GSM8563001:ATTCCTACACACGCCA,Naive3,GSM8563001,L66014,0.964004,ATTCCTACACACGCCA-1,1033,GSM8563001_Naive3_filtered_matrix.mtx.gz,L66014,4
GSM8563001:ATTCCTATCAGTGTTG,Naive3,GSM8563001,L149376,1.0,ATTCCTATCAGTGTTG-1,1034,GSM8563001_Naive3_filtered_matrix.mtx.gz,L149376,0
GSM8563001:ATTCCTATCGGTCGGT,Naive3,GSM8563001,L64121,1.0,ATTCCTATCGGTCGGT-1,1035,GSM8563001_Naive3_filtered_matrix.mtx.gz,L64121,3
GSM8563001:ATTCGTTAGCTATCCA,Naive3,GSM8563001,L70669,1.0,ATTCGTTAGCTATCCA-1,1036,GSM8563001_Naive3_filtered_matrix.mtx.gz,L70669,3
GSM8563001:ATTCGTTAGGCCACTC,Naive3,GSM8563001,L310641,1.0,ATTCGTTAGGCCACTC-1,1037,GSM8563001_Naive3_filtered_matrix.mtx.gz,L310641,3
GSM8563001:ATTCGTTCAGCAGTCC,Naive3,GSM8563001,L274951,1.0,ATTCGTTCAGCAGTCC-1,1038,GSM8563001_Naive3_filtered_matrix.mtx.gz,L274951,3
GSM8563001:ATTCGTTGTTCTTGCC,Naive3,GSM8563001,L153469,1.0,ATTCGTTGTTCTTGCC-1,1039,GSM8563001_Naive3_filtered_matrix.mtx.gz,L153469,3
GSM8563001:ATTCTACAGACATAGT,Naive3,GSM8563001,L173031,1.0,ATTCTACAGACATAGT-1,1042,GSM8563001_Naive3_filtered_matrix.mtx.gz,L173031,0
GSM8563001:ATTCTACTCAAAGGTA,Naive3,GSM8563001,L196405,0.575874,ATTCTACTCAAAGGTA-1,1046,GSM8563001_Naive3_filtered_matrix.mtx.gz,L196405,1
GSM8563001:ATTCTACTCATTGCTT,Naive3,GSM8563001,L185259,1.0,ATTCTACTCATTGCTT-1,1047,GSM8563001_Naive3_filtered_matrix.mtx.gz,L185259,1
GSM8563001:ATTCTTGAGAGCCTGA,Naive3,GSM8563001,L251719,1.0,ATTCTTGAGAGCCTGA-1,1048,GSM8563001_Naive3_filtered_matrix.mtx.gz,L251719,2
GSM8563001:ATTCTTGAGGATCACG,Naive3,GSM8563001,L173296,1.0,ATTCTTGAGGATCACG-1,1049,GSM8563001_Naive3_filtered_matrix.mtx.gz,L173296,1
GSM8563001:ATTGGGTAGGCAGCTA,Naive3,GSM8563001,L289410,1.0,ATTGGGTAGGCAGCTA-1,1054,GSM8563001_Naive3_filtered_matrix.mtx.gz,L289410,2
GSM8563001:ATTGGGTCAACTCGTA,Naive3,GSM8563001,L269103,1.0,ATTGGGTCAACTCGTA-1,1055,GSM8563001_Naive3_filtered_matrix.mtx.gz,L269103,3
GSM8563001:ATTGTTCAGAAGGTAG,Naive3,GSM8563001,L244886,1.0,ATTGTTCAGAAGGTAG-1,1057,GSM8563001_Naive3_filtered_matrix.mtx.gz,L244886,4
GSM8563001:ATTGTTCAGAGGTTTA,Naive3,GSM8563001,L162604,1.0,ATTGTTCAGAGGTTTA-1,1058,GSM8563001_Naive3_filtered_matrix.mtx.gz,L162604,0
GSM8563001:ATTGTTCTCCGCGAGT,Naive3,GSM8563001,L147347,1.0,ATTGTTCTCCGCGAGT-1,1060,GSM8563001_Naive3_filtered_matrix.mtx.gz,L147347,1
GSM8563001:ATTGTTCTCCTCACCA,Naive3,GSM8563001,L268052,1.0,ATTGTTCTCCTCACCA-1,1061,GSM8563001_Naive3_filtered_matrix.mtx.gz,L268052,3
GSM8563001:ATTTACCGTTCAATCG,Naive3,GSM8563001,L98475,1.0,ATTTACCGTTCAATCG-1,1063,GSM8563001_Naive3_filtered_matrix.mtx.gz,L98475,0
GSM8563001:ATTTCACAGGAGGTTC,Naive3,GSM8563001,L269961,1.0,ATTTCACAGGAGGTTC-1,1064,GSM8563001_Naive3_filtered_matrix.mtx.gz,L269961,4
GSM8563001:ATTTCACCACGCCAGT,Naive3,GSM8563001,L299436,1.0,ATTTCACCACGCCAGT-1,1065,GSM8563001_Naive3_filtered_matrix.mtx.gz,L299436,0
GSM8563001:ATTTCACGTTCCTAAG,Naive3,GSM8563001,L161977,1.0,ATTTCACGTTCCTAAG-1,1066,GSM8563001_Naive3_filtered_matrix.mtx.gz,L161977,0
GSM8563001:ATTTCTGCAAGACCGA,Naive3,GSM8563001,L82077,1.0,ATTTCTGCAAGACCGA-1,1067,GSM8563001_Naive3_filtered_matrix.mtx.gz,L82077,4
GSM8563001:ATTTCTGCATAGGAGC,Naive3,GSM8563001,L16438,0.99919,ATTTCTGCATAGGAGC-1,1068,GSM8563001_Naive3_filtered_matrix.mtx.gz,L16438,1
GSM8563001:ATTTCTGGTGGGTTGA,Naive3,GSM8563001,L13818,1.0,ATTTCTGGTGGGTTGA-1,1069,GSM8563001_Naive3_filtered_matrix.mtx.gz,L13818,3
GSM8563001:CAAAGAACAGAGACTG,Naive3,GSM8563001,L39199,1.0,CAAAGAACAGAGACTG-1,1070,GSM8563001_Naive3_filtered_matrix.mtx.gz,L39199,2
GSM8563001:CAAAGAAGTAGTGGCA,Naive3,GSM8563001,L115717,1.0,CAAAGAAGTAGTGGCA-1,1072,GSM8563001_Naive3_filtered_matrix.mtx.gz,L115717,2
GSM8563001:CAACAACCACCAATTG,Naive3,GSM8563001,L295492,1.0,CAACAACCACCAATTG-1,1076,GSM8563001_Naive3_filtered_matrix.mtx.gz,L295492,0
GSM8563001:CAACAACGTGGTTTAC,Naive3,GSM8563001,L258524,1.0,CAACAACGTGGTTTAC-1,1078,GSM8563001_Naive3_filtered_matrix.mtx.gz,L258524,0
GSM8563001:CAACAGTAGAGGTCGT,Naive3,GSM8563001,L52613,1.0,CAACAGTAGAGGTCGT-1,1080,GSM8563001_Naive3_filtered_matrix.mtx.gz,L52613,0
GSM8563001:CAACAGTAGGAGGGTG,Naive3,GSM8563001,L272183,1.0,CAACAGTAGGAGGGTG-1,1082,GSM8563001_Naive3_filtered_matrix.mtx.gz,L272183,4
GSM8563001:CAACAGTCACAGCTTA,Naive3,GSM8563001,L173303,1.0,CAACAGTCACAGCTTA-1,1085,GSM8563001_Naive3_filtered_matrix.mtx.gz,L173303,0
GSM8563001:CAACAGTTCATCGCAA,Naive3,GSM8563001,L46431,1.0,CAACAGTTCATCGCAA-1,1086,GSM8563001_Naive3_filtered_matrix.mtx.gz,L46431,4
GSM8563001:CAACCAACAGCTCTGG,Naive3,GSM8563001,L210499,1.0,CAACCAACAGCTCTGG-1,1089,GSM8563001_Naive3_filtered_matrix.mtx.gz,L210499,1
GSM8563001:CAACCAATCACCTGTC,Naive3,GSM8563001,L145263,1.0,CAACCAATCACCTGTC-1,1091,GSM8563001_Naive3_filtered_matrix.mtx.gz,L145263,4
GSM8563001:CAACCTCGTCTAATCG,Naive3,GSM8563001,L40629,1.0,CAACCTCGTCTAATCG-1,1093,GSM8563001_Naive3_filtered_matrix.mtx.gz,L40629,4
GSM8563001:CAACCTCTCCGATCTC,Naive3,GSM8563001,L314496,1.0,CAACCTCTCCGATCTC-1,1094,GSM8563001_Naive3_filtered_matrix.mtx.gz,L314496,2
GSM8563001:CAACGATAGGATTTGA,Naive3,GSM8563001,L289410,1.0,CAACGATAGGATTTGA-1,1096,GSM8563001_Naive3_filtered_matrix.mtx.gz,L289410,2
GSM8563001:CAACGATAGGTAAGGA,Naive3,GSM8563001,L303711,1.0,CAACGATAGGTAAGGA-1,1097,GSM8563001_Naive3_filtered_matrix.mtx.gz,L303711,3
GSM8563001:CAACGATCAACTCATG,Naive3,GSM8563001,L30334,1.0,CAACGATCAACTCATG-1,1098,GSM8563001_Naive3_filtered_matrix.mtx.gz,L30334,2
GSM8563001:CAACGATGTCAACCAT,Naive3,GSM8563001,L223068,1.0,CAACGATGTCAACCAT-1,1099,GSM8563001_Naive3_filtered_matrix.mtx.gz,L223068,0
GSM8563001:CAACGATTCATCGTAG,Naive3,GSM8563001,L5905,1.0,CAACGATTCATCGTAG-1,1100,GSM8563001_Naive3_filtered_matrix.mtx.gz,L5905,4
GSM8563001:CAACGGCGTTAGGCTT,Naive3,GSM8563001,L283864,1.0,CAACGGCGTTAGGCTT-1,1103,GSM8563001_Naive3_filtered_matrix.mtx.gz,L283864,1
GSM8563001:CAACGGCTCGAAGCAG,Naive3,GSM8563001,L289410,1.0,CAACGGCTCGAAGCAG-1,1104,GSM8563001_Naive3_filtered_matrix.mtx.gz,L289410,2
GSM8563001:CAAGACTAGCTCGTGC,Naive3,GSM8563001,L314894,1.0,CAAGACTAGCTCGTGC-1,1105,GSM8563001_Naive3_filtered_matrix.mtx.gz,L314894,1
GSM8563001:CAAGACTGTACGGTTT,Naive3,GSM8563001,L173296,1.0,CAAGACTGTACGGTTT-1,1106,GSM8563001_Naive3_filtered_matrix.mtx.gz,L173296,1
GSM8563001:CAAGAGGGTGCCTATA,Naive3,GSM8563001,L56999,1.0,CAAGAGGGTGCCTATA-1,1108,GSM8563001_Naive3_filtered_matrix.mtx.gz,L56999,0
GSM8563001:CAAGCTAAGCTCTATG,Naive3,GSM8563001,L132063,1.0,CAAGCTAAGCTCTATG-1,1109,GSM8563001_Naive3_filtered_matrix.mtx.gz,L132063,2
GSM8563001:CAAGCTATCTAGGCCG,Naive3,GSM8563001,L70669,1.0,CAAGCTATCTAGGCCG-1,1112,GSM8563001_Naive3_filtered_matrix.mtx.gz,L70669,3
GSM8563001:CAAGGGAAGCTGAAGC,Naive3,GSM8563001,L42680,1.0,CAAGGGAAGCTGAAGC-1,1115,GSM8563001_Naive3_filtered_matrix.mtx.gz,L42680,4
GSM8563001:CAAGGGATCAAGCGTT,Naive3,GSM8563001,L299436,1.0,CAAGGGATCAAGCGTT-1,1118,GSM8563001_Naive3_filtered_matrix.mtx.gz,L299436,0
GSM8563001:CAAGGGATCATTGGTG,Naive3,GSM8563001,L145263,1.0,CAAGGGATCATTGGTG-1,1119,GSM8563001_Naive3_filtered_matrix.mtx.gz,L145263,4
GSM8563001:CAATACGAGGAAACGA,Naive3,GSM8563001,L147347,1.0,CAATACGAGGAAACGA-1,1121,GSM8563001_Naive3_filtered_matrix.mtx.gz,L147347,1
GSM8563001:CAATACGAGGATGTTA,Naive3,GSM8563001,L296278,1.0,CAATACGAGGATGTTA-1,1122,GSM8563001_Naive3_filtered_matrix.mtx.gz,L296278,2
GSM8563001:CAATACGCAGGGAATC,Naive3,GSM8563001,L82979,1.0,CAATACGCAGGGAATC-1,1123,GSM8563001_Naive3_filtered_matrix.mtx.gz,L82979,2
GSM8563001:CAATACGGTACCGGCT,Naive3,GSM8563001,L185195,1.0,CAATACGGTACCGGCT-1,1124,GSM8563001_Naive3_filtered_matrix.mtx.gz,L185195,1
GSM8563001:CAATACGGTAGGCTCC,Naive3,GSM8563001,L31111,0.999998,CAATACGGTAGGCTCC-1,1125,GSM8563001_Naive3_filtered_matrix.mtx.gz,L31111,3
GSM8563001:CAATACGGTCCAAAGG,Naive3,GSM8563001,L35389,1.0,CAATACGGTCCAAAGG-1,1126,GSM8563001_Naive3_filtered_matrix.mtx.gz,L35389,4
GSM8563001:CAATACGTCAAGGCTT,Naive3,GSM8563001,L198322,1.0,CAATACGTCAAGGCTT-1,1127,GSM8563001_Naive3_filtered_matrix.mtx.gz,L198322,3
GSM8563001:CAATACGTCGGTGTAT,Naive3,GSM8563001,L96601,1.0,CAATACGTCGGTGTAT-1,1128,GSM8563001_Naive3_filtered_matrix.mtx.gz,L96601,1
GSM8563001:CAATCGAAGTTTCAGC,Naive3,GSM8563001,L196980,1.0,CAATCGAAGTTTCAGC-1,1130,GSM8563001_Naive3_filtered_matrix.mtx.gz,L196980,3
GSM8563001:CAATCGACACTACCGG,Naive3,GSM8563001,L20109,1.0,CAATCGACACTACCGG-1,1131,GSM8563001_Naive3_filtered_matrix.mtx.gz,L20109,1
GSM8563001:CAATCGACAGCACCCA,Naive3,GSM8563001,L162604,1.0,CAATCGACAGCACCCA-1,1132,GSM8563001_Naive3_filtered_matrix.mtx.gz,L162604,0
GSM8563001:CAATCGACAGCTTCGG,Naive3,GSM8563001,L167950,1.0,CAATCGACAGCTTCGG-1,1133,GSM8563001_Naive3_filtered_matrix.mtx.gz,L167950,3
GSM8563001:CAATCGATCATATGGC,Naive3,GSM8563001,L249999,1.0,CAATCGATCATATGGC-1,1134,GSM8563001_Naive3_filtered_matrix.mtx.gz,L249999,3
GSM8563001:CAATGACAGTCTGGTT,Naive3,GSM8563001,L248375,1.0,CAATGACAGTCTGGTT-1,1135,GSM8563001_Naive3_filtered_matrix.mtx.gz,L248375,2
GSM8563001:CAATGACAGTGTTGAA,Naive3,GSM8563001,L149612,1.0,CAATGACAGTGTTGAA-1,1136,GSM8563001_Naive3_filtered_matrix.mtx.gz,L149612,4
GSM8563001:CAATGACCACCGTACG,Naive3,GSM8563001,L190678,1.0,CAATGACCACCGTACG-1,1137,GSM8563001_Naive3_filtered_matrix.mtx.gz,L190678,0
GSM8563001:CAATGACTCGCAGTGC,Naive3,GSM8563001,L206297,1.0,CAATGACTCGCAGTGC-1,1139,GSM8563001_Naive3_filtered_matrix.mtx.gz,L206297,0
GSM8563001:CAATGACTCGCTGTCT,Naive3,GSM8563001,L40629,1.0,CAATGACTCGCTGTCT-1,1140,GSM8563001_Naive3_filtered_matrix.mtx.gz,L40629,4
GSM8563001:CAATTTCAGGATACCG,Naive3,GSM8563001,L13818,1.0,CAATTTCAGGATACCG-1,1141,GSM8563001_Naive3_filtered_matrix.mtx.gz,L13818,3
GSM8563001:CAATTTCAGGGTATAT,Naive3,GSM8563001,L178651,1.0,CAATTTCAGGGTATAT-1,1142,GSM8563001_Naive3_filtered_matrix.mtx.gz,L178651,1
GSM8563001:CAATTTCAGGTAAACT,Naive3,GSM8563001,L84351,0.806645,CAATTTCAGGTAAACT-1,1143,GSM8563001_Naive3_filtered_matrix.mtx.gz,L84351,3
GSM8563001:CACAACAGTGGACCTC,Naive3,GSM8563001,L305688,1.0,CACAACAGTGGACCTC-1,1147,GSM8563001_Naive3_filtered_matrix.mtx.gz,L305688,3
GSM8563001:CACAACAGTGGCAACA,Naive3,GSM8563001,L62684,1.0,CACAACAGTGGCAACA-1,1148,GSM8563001_Naive3_filtered_matrix.mtx.gz,L62684,1
GSM8563001:CACACAAGTAAGATTG,Naive3,GSM8563001,L109790,1.0,CACACAAGTAAGATTG-1,1153,GSM8563001_Naive3_filtered_matrix.mtx.gz,L109790,0
GSM8563001:CACACAAGTTGCTGAT,Naive3,GSM8563001,L331210,1.0,CACACAAGTTGCTGAT-1,1154,GSM8563001_Naive3_filtered_matrix.mtx.gz,L331210,0
GSM8563001:CACACAATCGTTCCCA,Naive3,GSM8563001,L48852,1.0,CACACAATCGTTCCCA-1,1155,GSM8563001_Naive3_filtered_matrix.mtx.gz,L48852,1
GSM8563001:CACAGATAGCCTCTGG,Naive3,GSM8563001,L77253,1.0,CACAGATAGCCTCTGG-1,1156,GSM8563001_Naive3_filtered_matrix.mtx.gz,L77253,4
GSM8563001:CACAGATAGGCATGGT,Naive3,GSM8563001,L128570,0.990563,CACAGATAGGCATGGT-1,1157,GSM8563001_Naive3_filtered_matrix.mtx.gz,L128570,1
GSM8563001:CACAGATAGTGCGTCC,Naive3,GSM8563001,L329553,1.0,CACAGATAGTGCGTCC-1,1158,GSM8563001_Naive3_filtered_matrix.mtx.gz,L329553,3
GSM8563001:CACAGATCAAGGTTGG,Naive3,GSM8563001,L181437,1.0,CACAGATCAAGGTTGG-1,1159,GSM8563001_Naive3_filtered_matrix.mtx.gz,L181437,0
GSM8563001:CACAGATTCTAGTTCT,Naive3,GSM8563001,L54153,1.0,CACAGATTCTAGTTCT-1,1161,GSM8563001_Naive3_filtered_matrix.mtx.gz,L54153,2
GSM8563001:CACAGGCAGCCAACCC,Naive3,GSM8563001,L113521,1.0,CACAGGCAGCCAACCC-1,1162,GSM8563001_Naive3_filtered_matrix.mtx.gz,L113521,1
GSM8563001:CACAGGCAGGTAGCCA,Naive3,GSM8563001,L87202,1.0,CACAGGCAGGTAGCCA-1,1163,GSM8563001_Naive3_filtered_matrix.mtx.gz,L87202,2
GSM8563001:CACAGGCCAGCTTTGA,Naive3,GSM8563001,L314894,1.0,CACAGGCCAGCTTTGA-1,1164,GSM8563001_Naive3_filtered_matrix.mtx.gz,L314894,1
GSM8563001:CACAGGCCATCCAATG,Naive3,GSM8563001,L173296,1.0,CACAGGCCATCCAATG-1,1165,GSM8563001_Naive3_filtered_matrix.mtx.gz,L173296,1
GSM8563001:CACAGGCGTGTCCATA,Naive3,GSM8563001,L231623,1.0,CACAGGCGTGTCCATA-1,1166,GSM8563001_Naive3_filtered_matrix.mtx.gz,L231623,3
GSM8563001:CACAGGCTCTCTCCGA,Naive3,GSM8563001,L255104,1.0,CACAGGCTCTCTCCGA-1,1169,GSM8563001_Naive3_filtered_matrix.mtx.gz,L255104,3
GSM8563001:CACATGAAGCTGACTT,Naive3,GSM8563001,L10551,0.996437,CACATGAAGCTGACTT-1,1170,GSM8563001_Naive3_filtered_matrix.mtx.gz,L10551,2
GSM8563001:CACATGACAGCAGGAT,Naive3,GSM8563001,L315758,0.987997,CACATGACAGCAGGAT-1,1171,GSM8563001_Naive3_filtered_matrix.mtx.gz,L315758,4
GSM8563001:CACATGACAGGTGTGA,Naive3,GSM8563001,L173296,1.0,CACATGACAGGTGTGA-1,1172,GSM8563001_Naive3_filtered_matrix.mtx.gz,L173296,1
GSM8563001:CACATGAGTCCCGTGA,Naive3,GSM8563001,L132236,1.0,CACATGAGTCCCGTGA-1,1174,GSM8563001_Naive3_filtered_matrix.mtx.gz,L132236,4
GSM8563001:CACATGAGTCGCCTAG,Naive3,GSM8563001,L282419,1.0,CACATGAGTCGCCTAG-1,1175,GSM8563001_Naive3_filtered_matrix.mtx.gz,L282419,4
GSM8563001:CACATGAGTCTACATG,Naive3,GSM8563001,L37950,1.0,CACATGAGTCTACATG-1,1176,GSM8563001_Naive3_filtered_matrix.mtx.gz,L37950,1
GSM8563001:CACCAAACAAAGGATT,Naive3,GSM8563001,L202775,1.0,CACCAAACAAAGGATT-1,1177,GSM8563001_Naive3_filtered_matrix.mtx.gz,L202775,0
GSM8563001:CACCAAAGTAGAGCTG,Naive3,GSM8563001,L13633,1.0,CACCAAAGTAGAGCTG-1,1180,GSM8563001_Naive3_filtered_matrix.mtx.gz,L13633,4
GSM8563001:CACCAAATCTGGACCG,Naive3,GSM8563001,L135513,1.0,CACCAAATCTGGACCG-1,1181,GSM8563001_Naive3_filtered_matrix.mtx.gz,L135513,1
GSM8563001:CACCGTTAGAGACAAG,Naive3,GSM8563001,L285237,1.0,CACCGTTAGAGACAAG-1,1182,GSM8563001_Naive3_filtered_matrix.mtx.gz,L285237,1
GSM8563001:CACCGTTAGTGGTTGG,Naive3,GSM8563001,L207711,1.0,CACCGTTAGTGGTTGG-1,1184,GSM8563001_Naive3_filtered_matrix.mtx.gz,L207711,0
GSM8563001:CACCGTTGTCTGCCTT,Naive3,GSM8563001,L58090,1.0,CACCGTTGTCTGCCTT-1,1186,GSM8563001_Naive3_filtered_matrix.mtx.gz,L58090,2
GSM8563001:CACCGTTGTTGACGGA,Naive3,GSM8563001,L322447,1.0,CACCGTTGTTGACGGA-1,1187,GSM8563001_Naive3_filtered_matrix.mtx.gz,L322447,2
GSM8563001:CACCGTTTCCGTGTGG,Naive3,GSM8563001,L293527,1.0,CACCGTTTCCGTGTGG-1,1188,GSM8563001_Naive3_filtered_matrix.mtx.gz,L293527,3
GSM8563001:CACCGTTTCGCCGAAC,Naive3,GSM8563001,L305688,1.0,CACCGTTTCGCCGAAC-1,1190,GSM8563001_Naive3_filtered_matrix.mtx.gz,L305688,3
GSM8563001:CACCGTTTCTTGGGCG,Naive3,GSM8563001,L145073,1.0,CACCGTTTCTTGGGCG-1,1191,GSM8563001_Naive3_filtered_matrix.mtx.gz,L145073,1
GSM8563001:CACGAATAGATTTGCC,Naive3,GSM8563001,L173296,1.0,CACGAATAGATTTGCC-1,1192,GSM8563001_Naive3_filtered_matrix.mtx.gz,L173296,1
GSM8563001:CACGAATCAGAAACCG,Naive3,GSM8563001,L223068,1.0,CACGAATCAGAAACCG-1,1194,GSM8563001_Naive3_filtered_matrix.mtx.gz,L223068,0
GSM8563001:CACGAATGTCTTACAG,Naive3,GSM8563001,L187885,1.0,CACGAATGTCTTACAG-1,1196,GSM8563001_Naive3_filtered_matrix.mtx.gz,L187885,0
GSM8563001:CACGAATGTTCAGCTA,Naive3,GSM8563001,L167106,1.0,CACGAATGTTCAGCTA-1,1197,GSM8563001_Naive3_filtered_matrix.mtx.gz,L167106,1
GSM8563001:CACGAATTCTTCTGGC,Naive3,GSM8563001,L179303,1.0,CACGAATTCTTCTGGC-1,1200,GSM8563001_Naive3_filtered_matrix.mtx.gz,L179303,3
GSM8563001:CACGGGTAGACCTGGA,Naive3,GSM8563001,L115891,1.0,CACGGGTAGACCTGGA-1,1201,GSM8563001_Naive3_filtered_matrix.mtx.gz,L115891,1
GSM8563001:CACGGGTCATGTAACC,Naive3,GSM8563001,L151380,1.0,CACGGGTCATGTAACC-1,1202,GSM8563001_Naive3_filtered_matrix.mtx.gz,L151380,4
GSM8563001:CACGGGTCATTCATCT,Naive3,GSM8563001,L167950,1.0,CACGGGTCATTCATCT-1,1203,GSM8563001_Naive3_filtered_matrix.mtx.gz,L167950,3
GSM8563001:CACGGGTGTAGGCTGA,Naive3,GSM8563001,L62684,1.0,CACGGGTGTAGGCTGA-1,1204,GSM8563001_Naive3_filtered_matrix.mtx.gz,L62684,1
GSM8563001:CACGGGTGTCGTCGGT,Naive3,GSM8563001,L153469,1.0,CACGGGTGTCGTCGGT-1,1205,GSM8563001_Naive3_filtered_matrix.mtx.gz,L153469,3
GSM8563001:CACGGGTGTTGTGGAG,Naive3,GSM8563001,L234026,0.998122,CACGGGTGTTGTGGAG-1,1206,GSM8563001_Naive3_filtered_matrix.mtx.gz,L234026,4
GSM8563001:CACGGGTTCACGATAC,Naive3,GSM8563001,L216702,1.0,CACGGGTTCACGATAC-1,1207,GSM8563001_Naive3_filtered_matrix.mtx.gz,L216702,2
GSM8563001:CACGGGTTCTCCGATC,Naive3,GSM8563001,L196980,1.0,CACGGGTTCTCCGATC-1,1208,GSM8563001_Naive3_filtered_matrix.mtx.gz,L196980,3
GSM8563001:CACGTTCAGTAAGCAT,Naive3,GSM8563001,L314496,0.998819,CACGTTCAGTAAGCAT-1,1211,GSM8563001_Naive3_filtered_matrix.mtx.gz,L314496,2
GSM8563001:CACGTTCCAAATGGTA,Naive3,GSM8563001,L22366,1.0,CACGTTCCAAATGGTA-1,1213,GSM8563001_Naive3_filtered_matrix.mtx.gz,L22366,2
GSM8563001:CACGTTCCAACGGGTA,Naive3,GSM8563001,L231021,1.0,CACGTTCCAACGGGTA-1,1214,GSM8563001_Naive3_filtered_matrix.mtx.gz,L231021,1
GSM8563001:CACTAAGAGCATCTTG,Naive3,GSM8563001,L62684,1.0,CACTAAGAGCATCTTG-1,1216,GSM8563001_Naive3_filtered_matrix.mtx.gz,L62684,1
GSM8563001:CACTAAGTCTCCGTGT,Naive3,GSM8563001,L314894,1.0,CACTAAGTCTCCGTGT-1,1217,GSM8563001_Naive3_filtered_matrix.mtx.gz,L314894,1
GSM8563001:CACTGAAAGGCTTCCG,Naive3,GSM8563001,L224816,1.0,CACTGAAAGGCTTCCG-1,1218,GSM8563001_Naive3_filtered_matrix.mtx.gz,L224816,2
GSM8563001:CACTGAAGTGAGGCAT,Naive3,GSM8563001,L161977,1.0,CACTGAAGTGAGGCAT-1,1220,GSM8563001_Naive3_filtered_matrix.mtx.gz,L161977,0
GSM8563001:CACTGGGAGTGTCATC,Naive3,GSM8563001,L80342,1.0,CACTGGGAGTGTCATC-1,1222,GSM8563001_Naive3_filtered_matrix.mtx.gz,L80342,1
GSM8563001:CACTGGGGTCTGTTAG,Naive3,GSM8563001,L173296,1.0,CACTGGGGTCTGTTAG-1,1223,GSM8563001_Naive3_filtered_matrix.mtx.gz,L173296,1
GSM8563001:CACTGGGTCGATTGAC,Naive3,GSM8563001,L257082,1.0,CACTGGGTCGATTGAC-1,1224,GSM8563001_Naive3_filtered_matrix.mtx.gz,L257082,1
GSM8563001:CACTGTCAGCCTCTGG,Naive3,GSM8563001,L205259,1.0,CACTGTCAGCCTCTGG-1,1225,GSM8563001_Naive3_filtered_matrix.mtx.gz,L205259,0
GSM8563001:CACTGTCAGGGTGAGG,Naive3,GSM8563001,L307329,0.999606,CACTGTCAGGGTGAGG-1,1226,GSM8563001_Naive3_filtered_matrix.mtx.gz,L307329,1
GSM8563001:CACTGTCCACGCTGCA,Naive3,GSM8563001,L190318,1.0,CACTGTCCACGCTGCA-1,1228,GSM8563001_Naive3_filtered_matrix.mtx.gz,L190318,2
GSM8563001:CACTGTCGTCTGGTTA,Naive3,GSM8563001,L202775,1.0,CACTGTCGTCTGGTTA-1,1232,GSM8563001_Naive3_filtered_matrix.mtx.gz,L202775,0
GSM8563001:CACTGTCGTGATACTC,Naive3,GSM8563001,L305688,1.0,CACTGTCGTGATACTC-1,1233,GSM8563001_Naive3_filtered_matrix.mtx.gz,L305688,3
GSM8563001:CACTTCGAGACGCATG,Naive3,GSM8563001,L180143,1.0,CACTTCGAGACGCATG-1,1235,GSM8563001_Naive3_filtered_matrix.mtx.gz,L180143,0
GSM8563001:CACTTCGAGCCTCAGC,Naive3,GSM8563001,L169888,1.0,CACTTCGAGCCTCAGC-1,1236,GSM8563001_Naive3_filtered_matrix.mtx.gz,L169888,2
GSM8563001:CACTTCGGTATGCGTT,Naive3,GSM8563001,L121449,1.0,CACTTCGGTATGCGTT-1,1239,GSM8563001_Naive3_filtered_matrix.mtx.gz,L121449,0
GSM8563001:CACTTCGGTCCGGCAT,Naive3,GSM8563001,L238414,0.778657,CACTTCGGTCCGGCAT-1,1240,GSM8563001_Naive3_filtered_matrix.mtx.gz,L238414,0
GSM8563001:CACTTCGGTGTTCGAT,Naive3,GSM8563001,L177375,1.0,CACTTCGGTGTTCGAT-1,1241,GSM8563001_Naive3_filtered_matrix.mtx.gz,L177375,3
GSM8563001:CAGAGCCAGGAGCTGT,Naive3,GSM8563001,L202688,0.997838,CAGAGCCAGGAGCTGT-1,1243,GSM8563001_Naive3_filtered_matrix.mtx.gz,L202688,1
GSM8563001:CAGAGCCAGGTCGTGA,Naive3,GSM8563001,L81738,1.0,CAGAGCCAGGTCGTGA-1,1244,GSM8563001_Naive3_filtered_matrix.mtx.gz,L81738,0
GSM8563001:CAGAGCCAGTCTAGAA,Naive3,GSM8563001,L165149,1.0,CAGAGCCAGTCTAGAA-1,1245,GSM8563001_Naive3_filtered_matrix.mtx.gz,L165149,2
GSM8563001:CAGAGCCCAGAATTCC,Naive3,GSM8563001,L145073,1.0,CAGAGCCCAGAATTCC-1,1246,GSM8563001_Naive3_filtered_matrix.mtx.gz,L145073,1
GSM8563001:CAGATACCAATCTGCA,Naive3,GSM8563001,L197414,1.0,CAGATACCAATCTGCA-1,1247,GSM8563001_Naive3_filtered_matrix.mtx.gz,L197414,1
GSM8563001:CAGATACCACAGAGAC,Naive3,GSM8563001,L314514,1.0,CAGATACCACAGAGAC-1,1248,GSM8563001_Naive3_filtered_matrix.mtx.gz,L314514,2
GSM8563001:CAGATCAAGATCACCT,Naive3,GSM8563001,L254234,1.0,CAGATCAAGATCACCT-1,1251,GSM8563001_Naive3_filtered_matrix.mtx.gz,L254234,3
GSM8563001:CAGATCACAGGAGGTT,Naive3,GSM8563001,L183654,1.0,CAGATCACAGGAGGTT-1,1253,GSM8563001_Naive3_filtered_matrix.mtx.gz,L183654,3
GSM8563001:CAGATCAGTTAAGCAA,Naive3,GSM8563001,L19695,1.0,CAGATCAGTTAAGCAA-1,1254,GSM8563001_Naive3_filtered_matrix.mtx.gz,L19695,4
GSM8563001:CAGATTGCAGTATACC,Naive3,GSM8563001,L23580,0.991732,CAGATTGCAGTATACC-1,1255,GSM8563001_Naive3_filtered_matrix.mtx.gz,L23580,4
GSM8563001:CAGATTGGTTTCAGAC,Naive3,GSM8563001,L229096,1.0,CAGATTGGTTTCAGAC-1,1256,GSM8563001_Naive3_filtered_matrix.mtx.gz,L229096,4
GSM8563001:CAGATTGGTTTGGAGG,Naive3,GSM8563001,L202775,1.0,CAGATTGGTTTGGAGG-1,1257,GSM8563001_Naive3_filtered_matrix.mtx.gz,L202775,0
GSM8563001:CAGATTGTCGATTTCT,Naive3,GSM8563001,L50807,1.0,CAGATTGTCGATTTCT-1,1258,GSM8563001_Naive3_filtered_matrix.mtx.gz,L50807,4
GSM8563001:CAGCAATAGTTGCGCC,Naive3,GSM8563001,L161977,1.0,CAGCAATAGTTGCGCC-1,1260,GSM8563001_Naive3_filtered_matrix.mtx.gz,L161977,0
GSM8563001:CAGCAATCACCAGCTG,Naive3,GSM8563001,L244886,1.0,CAGCAATCACCAGCTG-1,1261,GSM8563001_Naive3_filtered_matrix.mtx.gz,L244886,4
GSM8563001:CAGCAATCATCAGCAT,Naive3,GSM8563001,L279030,1.0,CAGCAATCATCAGCAT-1,1262,GSM8563001_Naive3_filtered_matrix.mtx.gz,L279030,2
GSM8563001:CAGCACGCAGCATCTA,Naive3,GSM8563001,L293527,1.0,CAGCACGCAGCATCTA-1,1263,GSM8563001_Naive3_filtered_matrix.mtx.gz,L293527,3
GSM8563001:CAGCACGGTCCTCCAT,Naive3,GSM8563001,L307963,1.0,CAGCACGGTCCTCCAT-1,1264,GSM8563001_Naive3_filtered_matrix.mtx.gz,L307963,2
GSM8563001:CAGCACGTCCTTGAAG,Naive3,GSM8563001,L305688,1.0,CAGCACGTCCTTGAAG-1,1265,GSM8563001_Naive3_filtered_matrix.mtx.gz,L305688,3
GSM8563001:CAGCAGCAGTCAGAGC,Naive3,GSM8563001,L22366,1.0,CAGCAGCAGTCAGAGC-1,1266,GSM8563001_Naive3_filtered_matrix.mtx.gz,L22366,2
GSM8563001:CAGCAGCCACCGAATT,Naive3,GSM8563001,L148876,1.0,CAGCAGCCACCGAATT-1,1268,GSM8563001_Naive3_filtered_matrix.mtx.gz,L148876,2
GSM8563001:CAGCAGCCACGACGCT,Naive3,GSM8563001,L219307,1.0,CAGCAGCCACGACGCT-1,1269,GSM8563001_Naive3_filtered_matrix.mtx.gz,L219307,3
GSM8563001:CAGCAGCTCCAACTGA,Naive3,GSM8563001,L223068,1.0,CAGCAGCTCCAACTGA-1,1272,GSM8563001_Naive3_filtered_matrix.mtx.gz,L223068,0
GSM8563001:CAGCCAGCAAGCGCAA,Naive3,GSM8563001,L33701,1.0,CAGCCAGCAAGCGCAA-1,1273,GSM8563001_Naive3_filtered_matrix.mtx.gz,L33701,3
GSM8563001:CAGCCAGCACTAGGTT,Naive3,GSM8563001,L249292,1.0,CAGCCAGCACTAGGTT-1,1274,GSM8563001_Naive3_filtered_matrix.mtx.gz,L249292,3
GSM8563001:CAGCCAGCATCACCAA,Naive3,GSM8563001,L40629,1.0,CAGCCAGCATCACCAA-1,1275,GSM8563001_Naive3_filtered_matrix.mtx.gz,L40629,4
GSM8563001:CAGCCAGCATTGACTG,Naive3,GSM8563001,L173168,1.0,CAGCCAGCATTGACTG-1,1276,GSM8563001_Naive3_filtered_matrix.mtx.gz,L173168,1
GSM8563001:CAGCCAGTCACCCTGT,Naive3,GSM8563001,L282419,1.0,CAGCCAGTCACCCTGT-1,1277,GSM8563001_Naive3_filtered_matrix.mtx.gz,L282419,4
GSM8563001:CAGCCAGTCTGTGCGG,Naive3,GSM8563001,L47103,1.0,CAGCCAGTCTGTGCGG-1,1278,GSM8563001_Naive3_filtered_matrix.mtx.gz,L47103,4
GSM8563001:CAGCGTGCATTGTCGA,Naive3,GSM8563001,L319635,1.0,CAGCGTGCATTGTCGA-1,1281,GSM8563001_Naive3_filtered_matrix.mtx.gz,L319635,1
GSM8563001:CAGGCCAAGAAGCGGG,Naive3,GSM8563001,L287467,1.0,CAGGCCAAGAAGCGGG-1,1284,GSM8563001_Naive3_filtered_matrix.mtx.gz,L287467,2
GSM8563001:CAGGCCAAGGATAATC,Naive3,GSM8563001,L268355,1.0,CAGGCCAAGGATAATC-1,1285,GSM8563001_Naive3_filtered_matrix.mtx.gz,L268355,4
GSM8563001:CAGGCCAGTGGATTTC,Naive3,GSM8563001,L12904,1.0,CAGGCCAGTGGATTTC-1,1287,GSM8563001_Naive3_filtered_matrix.mtx.gz,L12904,3
GSM8563001:CAGGCCATCCGCTTAC,Naive3,GSM8563001,L197414,1.0,CAGGCCATCCGCTTAC-1,1288,GSM8563001_Naive3_filtered_matrix.mtx.gz,L197414,1
GSM8563001:CAGGGCTAGTGCCGAA,Naive3,GSM8563001,L84010,1.0,CAGGGCTAGTGCCGAA-1,1289,GSM8563001_Naive3_filtered_matrix.mtx.gz,L84010,3
GSM8563001:CAGGGCTGTGTCCGTG,Naive3,GSM8563001,L154362,1.0,CAGGGCTGTGTCCGTG-1,1290,GSM8563001_Naive3_filtered_matrix.mtx.gz,L154362,2
GSM8563001:CAGGTATCACATTACG,Naive3,GSM8563001,L11899,1.0,CAGGTATCACATTACG-1,1292,GSM8563001_Naive3_filtered_matrix.mtx.gz,L11899,1
GSM8563001:CAGGTATCATGCAGGA,Naive3,GSM8563001,L275355,1.0,CAGGTATCATGCAGGA-1,1293,GSM8563001_Naive3_filtered_matrix.mtx.gz,L275355,1
GSM8563001:CAGGTATGTAACAGTA,Naive3,GSM8563001,L278604,1.0,CAGGTATGTAACAGTA-1,1294,GSM8563001_Naive3_filtered_matrix.mtx.gz,L278604,2
GSM8563001:CAGGTATTCTTAGCAG,Naive3,GSM8563001,L326812,1.0,CAGGTATTCTTAGCAG-1,1295,GSM8563001_Naive3_filtered_matrix.mtx.gz,L326812,4
GSM8563001:CAGTGCGAGCAACTTC,Naive3,GSM8563001,L67920,1.0,CAGTGCGAGCAACTTC-1,1296,GSM8563001_Naive3_filtered_matrix.mtx.gz,L67920,1
GSM8563001:CAGTGCGGTGAGACGT,Naive3,GSM8563001,L90423,1.0,CAGTGCGGTGAGACGT-1,1298,GSM8563001_Naive3_filtered_matrix.mtx.gz,L90423,4
GSM8563001:CAGTGCGGTGCAGGAT,Naive3,GSM8563001,L8380,1.0,CAGTGCGGTGCAGGAT-1,1299,GSM8563001_Naive3_filtered_matrix.mtx.gz,L8380,0
GSM8563001:CAGTGCGGTGCCTACG,Naive3,GSM8563001,L231007,1.0,CAGTGCGGTGCCTACG-1,1300,GSM8563001_Naive3_filtered_matrix.mtx.gz,L231007,2
GSM8563001:CAGTGCGTCCATTGCC,Naive3,GSM8563001,L45022,1.0,CAGTGCGTCCATTGCC-1,1301,GSM8563001_Naive3_filtered_matrix.mtx.gz,L45022,3
GSM8563001:CAGTGCGTCGAGCTGC,Naive3,GSM8563001,L273673,1.0,CAGTGCGTCGAGCTGC-1,1302,GSM8563001_Naive3_filtered_matrix.mtx.gz,L273673,4
GSM8563001:CAGTGCGTCTGTCGCT,Naive3,GSM8563001,L100814,1.0,CAGTGCGTCTGTCGCT-1,1303,GSM8563001_Naive3_filtered_matrix.mtx.gz,L100814,0
GSM8563001:CAGTTAGAGCTTTCCC,Naive3,GSM8563001,L202367,1.0,CAGTTAGAGCTTTCCC-1,1304,GSM8563001_Naive3_filtered_matrix.mtx.gz,L202367,1
GSM8563001:CAGTTAGAGTCACGCC,Naive3,GSM8563001,L75392,1.0,CAGTTAGAGTCACGCC-1,1305,GSM8563001_Naive3_filtered_matrix.mtx.gz,L75392,4
GSM8563001:CAGTTAGCACTACCCT,Naive3,GSM8563001,L78561,1.0,CAGTTAGCACTACCCT-1,1306,GSM8563001_Naive3_filtered_matrix.mtx.gz,L78561,2
GSM8563001:CAGTTAGGTCTCAGAT,Naive3,GSM8563001,L193808,1.0,CAGTTAGGTCTCAGAT-1,1307,GSM8563001_Naive3_filtered_matrix.mtx.gz,L193808,0
GSM8563001:CAGTTAGTCCTTCGAC,Naive3,GSM8563001,L23858,1.0,CAGTTAGTCCTTCGAC-1,1308,GSM8563001_Naive3_filtered_matrix.mtx.gz,L23858,1
GSM8563001:CAGTTCCAGAAGAGCA,Naive3,GSM8563001,L329553,1.0,CAGTTCCAGAAGAGCA-1,1309,GSM8563001_Naive3_filtered_matrix.mtx.gz,L329553,3
GSM8563001:CAGTTCCGTCGGATTT,Naive3,GSM8563001,L98471,1.0,CAGTTCCGTCGGATTT-1,1310,GSM8563001_Naive3_filtered_matrix.mtx.gz,L98471,2
GSM8563001:CAGTTCCTCAGCTTCC,Naive3,GSM8563001,L289938,1.0,CAGTTCCTCAGCTTCC-1,1311,GSM8563001_Naive3_filtered_matrix.mtx.gz,L289938,1
GSM8563001:CAGTTCCTCTGACGCG,Naive3,GSM8563001,L328087,1.0,CAGTTCCTCTGACGCG-1,1312,GSM8563001_Naive3_filtered_matrix.mtx.gz,L328087,0
GSM8563001:CATAAGCCAGCTTCCT,Naive3,GSM8563001,L140054,1.0,CATAAGCCAGCTTCCT-1,1313,GSM8563001_Naive3_filtered_matrix.mtx.gz,L140054,2
GSM8563001:CATAAGCCATACTGAC,Naive3,GSM8563001,L193060,1.0,CATAAGCCATACTGAC-1,1314,GSM8563001_Naive3_filtered_matrix.mtx.gz,L193060,0
GSM8563001:CATAAGCGTAGTGCGA,Naive3,GSM8563001,L267510,0.527873,CATAAGCGTAGTGCGA-1,1315,GSM8563001_Naive3_filtered_matrix.mtx.gz,L267510,2
GSM8563001:CATAAGCGTGTGATGG,Naive3,GSM8563001,L307329,1.0,CATAAGCGTGTGATGG-1,1316,GSM8563001_Naive3_filtered_matrix.mtx.gz,L307329,1
GSM8563001:CATACAGAGACCAAGC,Naive3,GSM8563001,L177039,1.0,CATACAGAGACCAAGC-1,1318,GSM8563001_Naive3_filtered_matrix.mtx.gz,L177039,3
GSM8563001:CATACAGAGTAATTGG,Naive3,GSM8563001,L224160,1.0,CATACAGAGTAATTGG-1,1320,GSM8563001_Naive3_filtered_matrix.mtx.gz,L224160,4
GSM8563001:CATACAGCAGTGTGGA,Naive3,GSM8563001,L11473,1.0,CATACAGCAGTGTGGA-1,1321,GSM8563001_Naive3_filtered_matrix.mtx.gz,L11473,2
GSM8563001:CATACAGGTCCAGAAG,Naive3,GSM8563001,L216346,1.0,CATACAGGTCCAGAAG-1,1322,GSM8563001_Naive3_filtered_matrix.mtx.gz,L216346,3
GSM8563001:CATACAGGTCTCTCAC,Naive3,GSM8563001,L184957,1.0,CATACAGGTCTCTCAC-1,1323,GSM8563001_Naive3_filtered_matrix.mtx.gz,L184957,1
GSM8563001:CATACCCAGAGGTGCT,Naive3,GSM8563001,L139032,1.0,CATACCCAGAGGTGCT-1,1325,GSM8563001_Naive3_filtered_matrix.mtx.gz,L139032,0
GSM8563001:CATACCCAGGACGCTA,Naive3,GSM8563001,L213774,1.0,CATACCCAGGACGCTA-1,1326,GSM8563001_Naive3_filtered_matrix.mtx.gz,L213774,0
GSM8563001:CATACCCAGGTAGTAT,Naive3,GSM8563001,L229019,1.0,CATACCCAGGTAGTAT-1,1327,GSM8563001_Naive3_filtered_matrix.mtx.gz,L229019,0
GSM8563001:CATACCCGTTACCCAA,Naive3,GSM8563001,L11899,0.504809,CATACCCGTTACCCAA-1,1330,GSM8563001_Naive3_filtered_matrix.mtx.gz,L11899,1
GSM8563001:CATACTTCAAACCACT,Naive3,GSM8563001,L12904,1.0,CATACTTCAAACCACT-1,1333,GSM8563001_Naive3_filtered_matrix.mtx.gz,L12904,3
GSM8563001:CATACTTCAGCAGTAG,Naive3,GSM8563001,L156142,1.0,CATACTTCAGCAGTAG-1,1335,GSM8563001_Naive3_filtered_matrix.mtx.gz,L156142,4
GSM8563001:CATACTTGTAGCTTGT,Naive3,GSM8563001,L204569,1.0,CATACTTGTAGCTTGT-1,1336,GSM8563001_Naive3_filtered_matrix.mtx.gz,L204569,1
GSM8563001:CATAGACCATAACGGG,Naive3,GSM8563001,L31572,1.0,CATAGACCATAACGGG-1,1339,GSM8563001_Naive3_filtered_matrix.mtx.gz,L31572,3
GSM8563001:CATAGACCATAGTCAC,Naive3,GSM8563001,L229874,1.0,CATAGACCATAGTCAC-1,1340,GSM8563001_Naive3_filtered_matrix.mtx.gz,L229874,1
GSM8563001:CATAGACCATGAGGGT,Naive3,GSM8563001,L210749,1.0,CATAGACCATGAGGGT-1,1341,GSM8563001_Naive3_filtered_matrix.mtx.gz,L210749,2
GSM8563001:CATAGACTCCCTATTA,Naive3,GSM8563001,L80342,1.0,CATAGACTCCCTATTA-1,1343,GSM8563001_Naive3_filtered_matrix.mtx.gz,L80342,1
GSM8563001:CATAGACTCCGGCTTT,Naive3,GSM8563001,L167950,1.0,CATAGACTCCGGCTTT-1,1344,GSM8563001_Naive3_filtered_matrix.mtx.gz,L167950,3
GSM8563001:CATAGACTCGTTCTGC,Naive3,GSM8563001,L231474,1.0,CATAGACTCGTTCTGC-1,1345,GSM8563001_Naive3_filtered_matrix.mtx.gz,L231474,0
GSM8563001:CATCAAGCAACCACGC,Naive3,GSM8563001,L62684,1.0,CATCAAGCAACCACGC-1,1346,GSM8563001_Naive3_filtered_matrix.mtx.gz,L62684,1
GSM8563001:CATCAAGCAGATTCGT,Naive3,GSM8563001,L187885,1.0,CATCAAGCAGATTCGT-1,1348,GSM8563001_Naive3_filtered_matrix.mtx.gz,L187885,0
GSM8563001:CATCAAGCAGCGTAGA,Naive3,GSM8563001,L3265,1.0,CATCAAGCAGCGTAGA-1,1349,GSM8563001_Naive3_filtered_matrix.mtx.gz,L3265,4
GSM8563001:CATCAAGGTCCTCAGG,Naive3,GSM8563001,L276268,1.0,CATCAAGGTCCTCAGG-1,1350,GSM8563001_Naive3_filtered_matrix.mtx.gz,L276268,2
GSM8563001:CATCAAGTCCGTCACT,Naive3,GSM8563001,L169857,1.0,CATCAAGTCCGTCACT-1,1352,GSM8563001_Naive3_filtered_matrix.mtx.gz,L169857,1
GSM8563001:CATCCACCAAACTGCT,Naive3,GSM8563001,L54153,1.0,CATCCACCAAACTGCT-1,1353,GSM8563001_Naive3_filtered_matrix.mtx.gz,L54153,2
GSM8563001:CATCCACCACAATGCT,Naive3,GSM8563001,L8434,1.0,CATCCACCACAATGCT-1,1354,GSM8563001_Naive3_filtered_matrix.mtx.gz,L8434,0
GSM8563001:CATCCACCACCGTGCA,Naive3,GSM8563001,L173296,1.0,CATCCACCACCGTGCA-1,1355,GSM8563001_Naive3_filtered_matrix.mtx.gz,L173296,1
GSM8563001:CATCCCAAGAACTCCT,Naive3,GSM8563001,L191293,1.0,CATCCCAAGAACTCCT-1,1356,GSM8563001_Naive3_filtered_matrix.mtx.gz,L191293,2
GSM8563001:CATCCCAAGCGCCTCA,Naive3,GSM8563001,L51669,1.0,CATCCCAAGCGCCTCA-1,1357,GSM8563001_Naive3_filtered_matrix.mtx.gz,L51669,4
GSM8563001:CATCCGTAGAAACACT,Naive3,GSM8563001,L129056,1.0,CATCCGTAGAAACACT-1,1359,GSM8563001_Naive3_filtered_matrix.mtx.gz,L129056,3
GSM8563001:CATCCGTCAGACCATT,Naive3,GSM8563001,L269961,1.0,CATCCGTCAGACCATT-1,1360,GSM8563001_Naive3_filtered_matrix.mtx.gz,L269961,4
GSM8563001:CATCCGTGTCATATGC,Naive3,GSM8563001,L183654,1.0,CATCCGTGTCATATGC-1,1361,GSM8563001_Naive3_filtered_matrix.mtx.gz,L183654,3
GSM8563001:CATCCGTTCATTCCTA,Naive3,GSM8563001,L124052,1.0,CATCCGTTCATTCCTA-1,1362,GSM8563001_Naive3_filtered_matrix.mtx.gz,L124052,4
GSM8563001:CATCGGGCAGCTTTCC,Naive3,GSM8563001,L81421,0.552835,CATCGGGCAGCTTTCC-1,1364,GSM8563001_Naive3_filtered_matrix.mtx.gz,L81421,0
GSM8563001:CATCGGGGTACTCGTA,Naive3,GSM8563001,L129056,1.0,CATCGGGGTACTCGTA-1,1365,GSM8563001_Naive3_filtered_matrix.mtx.gz,L129056,3
GSM8563001:CATCGGGTCACTACTT,Naive3,GSM8563001,L187885,1.0,CATCGGGTCACTACTT-1,1367,GSM8563001_Naive3_filtered_matrix.mtx.gz,L187885,0
GSM8563001:CATCGGGTCCCTGGTT,Naive3,GSM8563001,L52264,0.954913,CATCGGGTCCCTGGTT-1,1368,GSM8563001_Naive3_filtered_matrix.mtx.gz,L52264,2
GSM8563001:CATCGTCAGGATTCCT,Naive3,GSM8563001,L211840,1.0,CATCGTCAGGATTCCT-1,1369,GSM8563001_Naive3_filtered_matrix.mtx.gz,L211840,1
GSM8563001:CATCGTCCATAATGAG,Naive3,GSM8563001,L248468,1.0,CATCGTCCATAATGAG-1,1370,GSM8563001_Naive3_filtered_matrix.mtx.gz,L248468,3
GSM8563001:CATCGTCGTCGTCATA,Naive3,GSM8563001,L73528,1.0,CATCGTCGTCGTCATA-1,1371,GSM8563001_Naive3_filtered_matrix.mtx.gz,L73528,0
GSM8563001:CATCGTCTCAAGCCCG,Naive3,GSM8563001,L15407,1.0,CATCGTCTCAAGCCCG-1,1373,GSM8563001_Naive3_filtered_matrix.mtx.gz,L15407,3
GSM8563001:CATCGTCTCAGTGTCA,Naive3,GSM8563001,L266998,1.0,CATCGTCTCAGTGTCA-1,1374,GSM8563001_Naive3_filtered_matrix.mtx.gz,L266998,3
GSM8563001:CATCGTCTCATTGCGA,Naive3,GSM8563001,L115717,1.0,CATCGTCTCATTGCGA-1,1375,GSM8563001_Naive3_filtered_matrix.mtx.gz,L115717,2
GSM8563001:CATGAGTAGCCATTTG,Naive3,GSM8563001,L193176,1.0,CATGAGTAGCCATTTG-1,1376,GSM8563001_Naive3_filtered_matrix.mtx.gz,L193176,1
GSM8563001:CATGAGTAGCTCTTCC,Naive3,GSM8563001,L48583,1.0,CATGAGTAGCTCTTCC-1,1377,GSM8563001_Naive3_filtered_matrix.mtx.gz,L48583,2
GSM8563001:CATGAGTGTTCCAAAC,Naive3,GSM8563001,L130334,1.0,CATGAGTGTTCCAAAC-1,1379,GSM8563001_Naive3_filtered_matrix.mtx.gz,L130334,2
GSM8563001:CATGAGTTCAAGATAG,Naive3,GSM8563001,L174623,1.0,CATGAGTTCAAGATAG-1,1380,GSM8563001_Naive3_filtered_matrix.mtx.gz,L174623,0
GSM8563001:CATGCAAAGGGTTAGC,Naive3,GSM8563001,L17873,1.0,CATGCAAAGGGTTAGC-1,1381,GSM8563001_Naive3_filtered_matrix.mtx.gz,L17873,0
GSM8563001:CATGCAAAGTCCGCCA,Naive3,GSM8563001,L279568,1.0,CATGCAAAGTCCGCCA-1,1382,GSM8563001_Naive3_filtered_matrix.mtx.gz,L279568,2
GSM8563001:CATGCAACAACAGCTT,Naive3,GSM8563001,L47103,1.0,CATGCAACAACAGCTT-1,1383,GSM8563001_Naive3_filtered_matrix.mtx.gz,L47103,4
GSM8563001:CATGCAACAGGGCTTC,Naive3,GSM8563001,L293998,1.0,CATGCAACAGGGCTTC-1,1384,GSM8563001_Naive3_filtered_matrix.mtx.gz,L293998,2
GSM8563001:CATGCAACAGTAGAGC,Naive3,GSM8563001,L84351,1.0,CATGCAACAGTAGAGC-1,1385,GSM8563001_Naive3_filtered_matrix.mtx.gz,L84351,3
GSM8563001:CATGCAAGTCGTATGT,Naive3,GSM8563001,L98634,1.0,CATGCAAGTCGTATGT-1,1386,GSM8563001_Naive3_filtered_matrix.mtx.gz,L98634,2
GSM8563001:CATGCAAGTGAATATG,Naive3,GSM8563001,L305673,0.674888,CATGCAAGTGAATATG-1,1387,GSM8563001_Naive3_filtered_matrix.mtx.gz,L305673,4
GSM8563001:CATGCAATCGCAGTGC,Naive3,GSM8563001,L51134,1.0,CATGCAATCGCAGTGC-1,1388,GSM8563001_Naive3_filtered_matrix.mtx.gz,L51134,0
GSM8563001:CATGCAATCGGAGTAG,Naive3,GSM8563001,L55260,1.0,CATGCAATCGGAGTAG-1,1389,GSM8563001_Naive3_filtered_matrix.mtx.gz,L55260,4
GSM8563001:CATGCCTAGCGAGGAG,Naive3,GSM8563001,L173296,1.0,CATGCCTAGCGAGGAG-1,1390,GSM8563001_Naive3_filtered_matrix.mtx.gz,L173296,1
GSM8563001:CATGCCTGTTTGGCTA,Naive3,GSM8563001,L44356,1.0,CATGCCTGTTTGGCTA-1,1392,GSM8563001_Naive3_filtered_matrix.mtx.gz,L44356,0
GSM8563001:CATGCGGAGACATAGT,Naive3,GSM8563001,L316533,1.0,CATGCGGAGACATAGT-1,1393,GSM8563001_Naive3_filtered_matrix.mtx.gz,L316533,2
GSM8563001:CATGCGGAGATCGCCC,Naive3,GSM8563001,L164614,1.0,CATGCGGAGATCGCCC-1,1394,GSM8563001_Naive3_filtered_matrix.mtx.gz,L164614,3
GSM8563001:CATGCGGGTAACATAG,Naive3,GSM8563001,L270293,1.0,CATGCGGGTAACATAG-1,1397,GSM8563001_Naive3_filtered_matrix.mtx.gz,L270293,3
GSM8563001:CATGCGGGTGGCGCTT,Naive3,GSM8563001,L104947,1.0,CATGCGGGTGGCGCTT-1,1399,GSM8563001_Naive3_filtered_matrix.mtx.gz,L104947,4
GSM8563001:CATGCGGTCATAGACC,Naive3,GSM8563001,L281881,1.0,CATGCGGTCATAGACC-1,1401,GSM8563001_Naive3_filtered_matrix.mtx.gz,L281881,2
GSM8563001:CATGCGGTCTTGATTC,Naive3,GSM8563001,L25515,1.0,CATGCGGTCTTGATTC-1,1403,GSM8563001_Naive3_filtered_matrix.mtx.gz,L25515,1
GSM8563001:CATGCTCGTACTAGCT,Naive3,GSM8563001,L183531,1.0,CATGCTCGTACTAGCT-1,1404,GSM8563001_Naive3_filtered_matrix.mtx.gz,L183531,2
GSM8563001:CATGCTCTCGTAGTGT,Naive3,GSM8563001,L219307,1.0,CATGCTCTCGTAGTGT-1,1406,GSM8563001_Naive3_filtered_matrix.mtx.gz,L219307,3
GSM8563001:CATGGATCAGAAGTGC,Naive3,GSM8563001,L52820,1.0,CATGGATCAGAAGTGC-1,1412,GSM8563001_Naive3_filtered_matrix.mtx.gz,L52820,0
GSM8563001:CATGGATGTCACGCTG,Naive3,GSM8563001,L31550,1.0,CATGGATGTCACGCTG-1,1414,GSM8563001_Naive3_filtered_matrix.mtx.gz,L31550,3
GSM8563001:CATGGATGTCCTGTTC,Naive3,GSM8563001,L82979,1.0,CATGGATGTCCTGTTC-1,1415,GSM8563001_Naive3_filtered_matrix.mtx.gz,L82979,2
GSM8563001:CATGGATGTGCCTTTC,Naive3,GSM8563001,L5045,1.0,CATGGATGTGCCTTTC-1,1416,GSM8563001_Naive3_filtered_matrix.mtx.gz,L5045,3
GSM8563001:CATGGATGTGCGGTAA,Naive3,GSM8563001,L35389,1.0,CATGGATGTGCGGTAA-1,1417,GSM8563001_Naive3_filtered_matrix.mtx.gz,L35389,4
GSM8563001:CATGGATGTGGATACG,Naive3,GSM8563001,L67907,0.751832,CATGGATGTGGATACG-1,1418,GSM8563001_Naive3_filtered_matrix.mtx.gz,L67907,4
GSM8563001:CATGGTATCTCCCTAG,Naive3,GSM8563001,L162604,1.0,CATGGTATCTCCCTAG-1,1420,GSM8563001_Naive3_filtered_matrix.mtx.gz,L162604,0
GSM8563001:CATTCATAGGTCATAA,Naive3,GSM8563001,L173296,1.0,CATTCATAGGTCATAA-1,1421,GSM8563001_Naive3_filtered_matrix.mtx.gz,L173296,1
GSM8563001:CATTCATCATGATCTG,Naive3,GSM8563001,L231007,1.0,CATTCATCATGATCTG-1,1425,GSM8563001_Naive3_filtered_matrix.mtx.gz,L231007,2
GSM8563001:CATTCATGTCGCTTAA,Naive3,GSM8563001,L167950,1.0,CATTCATGTCGCTTAA-1,1426,GSM8563001_Naive3_filtered_matrix.mtx.gz,L167950,3
GSM8563001:CATTCCGCATGAAGCG,Naive3,GSM8563001,L307329,1.0,CATTCCGCATGAAGCG-1,1430,GSM8563001_Naive3_filtered_matrix.mtx.gz,L307329,1
GSM8563001:CATTCCGGTTCACCGG,Naive3,GSM8563001,L164771,1.0,CATTCCGGTTCACCGG-1,1431,GSM8563001_Naive3_filtered_matrix.mtx.gz,L164771,2
GSM8563001:CATTCTACACACCGAC,Naive3,GSM8563001,L318033,1.0,CATTCTACACACCGAC-1,1432,GSM8563001_Naive3_filtered_matrix.mtx.gz,L318033,2
GSM8563001:CATTCTACAGGGATAC,Naive3,GSM8563001,L257154,1.0,CATTCTACAGGGATAC-1,1433,GSM8563001_Naive3_filtered_matrix.mtx.gz,L257154,4
GSM8563001:CATTCTAGTATCGTAC,Naive3,GSM8563001,L310359,1.0,CATTCTAGTATCGTAC-1,1434,GSM8563001_Naive3_filtered_matrix.mtx.gz,L310359,4
GSM8563001:CATTCTATCAGCTGAT,Naive3,GSM8563001,L21123,1.0,CATTCTATCAGCTGAT-1,1435,GSM8563001_Naive3_filtered_matrix.mtx.gz,L21123,1
GSM8563001:CATTGAGAGTCATCGT,Naive3,GSM8563001,L173296,1.0,CATTGAGAGTCATCGT-1,1437,GSM8563001_Naive3_filtered_matrix.mtx.gz,L173296,1
GSM8563001:CATTGAGAGTGCTAGG,Naive3,GSM8563001,L322091,1.0,CATTGAGAGTGCTAGG-1,1438,GSM8563001_Naive3_filtered_matrix.mtx.gz,L322091,3
GSM8563001:CATTGAGGTAAGTCAA,Naive3,GSM8563001,L246037,1.0,CATTGAGGTAAGTCAA-1,1440,GSM8563001_Naive3_filtered_matrix.mtx.gz,L246037,2
GSM8563001:CATTGAGGTACTTGTG,Naive3,GSM8563001,L54250,1.0,CATTGAGGTACTTGTG-1,1441,GSM8563001_Naive3_filtered_matrix.mtx.gz,L54250,4
GSM8563001:CATTGAGGTAGACAGC,Naive3,GSM8563001,L232125,1.0,CATTGAGGTAGACAGC-1,1442,GSM8563001_Naive3_filtered_matrix.mtx.gz,L232125,0
GSM8563001:CATTGAGTCGTTACCC,Naive3,GSM8563001,L327712,1.0,CATTGAGTCGTTACCC-1,1443,GSM8563001_Naive3_filtered_matrix.mtx.gz,L327712,3
GSM8563001:CATTGCCAGTTTGGCT,Naive3,GSM8563001,L109937,1.0,CATTGCCAGTTTGGCT-1,1444,GSM8563001_Naive3_filtered_matrix.mtx.gz,L109937,1
GSM8563001:CATTGCCCATCGGAAG,Naive3,GSM8563001,L130334,1.0,CATTGCCCATCGGAAG-1,1445,GSM8563001_Naive3_filtered_matrix.mtx.gz,L130334,2
GSM8563001:CATTGCCGTTGCTCCT,Naive3,GSM8563001,L239228,1.0,CATTGCCGTTGCTCCT-1,1446,GSM8563001_Naive3_filtered_matrix.mtx.gz,L239228,2
GSM8563001:CATTTCACAGGTCCGT,Naive3,GSM8563001,L167950,0.996924,CATTTCACAGGTCCGT-1,1450,GSM8563001_Naive3_filtered_matrix.mtx.gz,L167950,3
GSM8563001:CATTTCACATGTTTGG,Naive3,GSM8563001,L62684,1.0,CATTTCACATGTTTGG-1,1451,GSM8563001_Naive3_filtered_matrix.mtx.gz,L62684,1
GSM8563001:CATTTCATCGAATCCA,Naive3,GSM8563001,L183654,1.0,CATTTCATCGAATCCA-1,1454,GSM8563001_Naive3_filtered_matrix.mtx.gz,L183654,3
GSM8563001:CCAAGCGGTTCCAGGC,Naive3,GSM8563001,L329452,1.0,CCAAGCGGTTCCAGGC-1,1456,GSM8563001_Naive3_filtered_matrix.mtx.gz,L329452,3
GSM8563001:CCAATGAAGCCTCTCT,Naive3,GSM8563001,L104099,1.0,CCAATGAAGCCTCTCT-1,1457,GSM8563001_Naive3_filtered_matrix.mtx.gz,L104099,4
GSM8563001:CCAATGACACAATTCG,Naive3,GSM8563001,L6043,1.0,CCAATGACACAATTCG-1,1458,GSM8563001_Naive3_filtered_matrix.mtx.gz,L6043,1
GSM8563001:CCAATTTAGCTAGAAT,Naive3,GSM8563001,L265836,1.0,CCAATTTAGCTAGAAT-1,1461,GSM8563001_Naive3_filtered_matrix.mtx.gz,L265836,0
GSM8563001:CCAATTTCAGCTGTGC,Naive3,GSM8563001,L277200,1.0,CCAATTTCAGCTGTGC-1,1463,GSM8563001_Naive3_filtered_matrix.mtx.gz,L277200,2
GSM8563001:CCAATTTGTTCCCACT,Naive3,GSM8563001,L159660,1.0,CCAATTTGTTCCCACT-1,1464,GSM8563001_Naive3_filtered_matrix.mtx.gz,L159660,1
GSM8563001:CCAATTTTCGAGTGAG,Naive3,GSM8563001,L6043,1.0,CCAATTTTCGAGTGAG-1,1465,GSM8563001_Naive3_filtered_matrix.mtx.gz,L6043,1
GSM8563001:CCAATTTTCGTAGTCA,Naive3,GSM8563001,L285082,1.0,CCAATTTTCGTAGTCA-1,1466,GSM8563001_Naive3_filtered_matrix.mtx.gz,L285082,0
GSM8563001:CCACAAAGTAGGCTCC,Naive3,GSM8563001,L164771,1.0,CCACAAAGTAGGCTCC-1,1468,GSM8563001_Naive3_filtered_matrix.mtx.gz,L164771,2
GSM8563001:CCACAAAGTCTCGGAC,Naive3,GSM8563001,L99360,1.0,CCACAAAGTCTCGGAC-1,1469,GSM8563001_Naive3_filtered_matrix.mtx.gz,L99360,1
GSM8563001:CCACAAAGTTGTGGAG,Naive3,GSM8563001,L236978,1.0,CCACAAAGTTGTGGAG-1,1470,GSM8563001_Naive3_filtered_matrix.mtx.gz,L236978,2
GSM8563001:CCACAAATCATCGGGC,Naive3,GSM8563001,L202775,1.0,CCACAAATCATCGGGC-1,1471,GSM8563001_Naive3_filtered_matrix.mtx.gz,L202775,0
GSM8563001:CCACACTTCTGACCCT,Naive3,GSM8563001,L290642,1.0,CCACACTTCTGACCCT-1,1473,GSM8563001_Naive3_filtered_matrix.mtx.gz,L290642,2
GSM8563001:CCACCATCAACGCCCA,Naive3,GSM8563001,L15407,1.0,CCACCATCAACGCCCA-1,1475,GSM8563001_Naive3_filtered_matrix.mtx.gz,L15407,3
GSM8563001:CCACCATGTCCAGCGT,Naive3,GSM8563001,L210014,0.667692,CCACCATGTCCAGCGT-1,1476,GSM8563001_Naive3_filtered_matrix.mtx.gz,L210014,3
GSM8563001:CCACCATGTTGCCTAA,Naive3,GSM8563001,L53092,1.0,CCACCATGTTGCCTAA-1,1477,GSM8563001_Naive3_filtered_matrix.mtx.gz,L53092,3
GSM8563001:CCACCATTCTGCTCTG,Naive3,GSM8563001,L320820,1.0,CCACCATTCTGCTCTG-1,1478,GSM8563001_Naive3_filtered_matrix.mtx.gz,L320820,3
GSM8563001:CCACGAGAGGGAGATA,Naive3,GSM8563001,L312831,1.0,CCACGAGAGGGAGATA-1,1480,GSM8563001_Naive3_filtered_matrix.mtx.gz,L312831,0
GSM8563001:CCACGAGGTTGACGGA,Naive3,GSM8563001,L39024,1.0,CCACGAGGTTGACGGA-1,1481,GSM8563001_Naive3_filtered_matrix.mtx.gz,L39024,3
GSM8563001:CCACGAGTCTCGACCT,Naive3,GSM8563001,L257082,1.0,CCACGAGTCTCGACCT-1,1482,GSM8563001_Naive3_filtered_matrix.mtx.gz,L257082,1
GSM8563001:CCACTTGTCACCTCGT,Naive3,GSM8563001,L244685,1.0,CCACTTGTCACCTCGT-1,1487,GSM8563001_Naive3_filtered_matrix.mtx.gz,L244685,3
GSM8563001:CCATAAGAGGAGGCAG,Naive3,GSM8563001,L81738,1.0,CCATAAGAGGAGGCAG-1,1488,GSM8563001_Naive3_filtered_matrix.mtx.gz,L81738,0
GSM8563001:CCATAAGTCGCGTGCA,Naive3,GSM8563001,L244886,1.0,CCATAAGTCGCGTGCA-1,1489,GSM8563001_Naive3_filtered_matrix.mtx.gz,L244886,4
GSM8563001:CCATCACTCCATCGTC,Naive3,GSM8563001,L77190,1.0,CCATCACTCCATCGTC-1,1490,GSM8563001_Naive3_filtered_matrix.mtx.gz,L77190,2
GSM8563001:CCCAACTGTCGCAACC,Naive3,GSM8563001,L31111,1.0,CCCAACTGTCGCAACC-1,1491,GSM8563001_Naive3_filtered_matrix.mtx.gz,L31111,3
GSM8563001:CCCAACTTCCAGCACG,Naive3,GSM8563001,L109676,1.0,CCCAACTTCCAGCACG-1,1493,GSM8563001_Naive3_filtered_matrix.mtx.gz,L109676,2
GSM8563001:CCCATTGAGGGATGTC,Naive3,GSM8563001,L112548,1.0,CCCATTGAGGGATGTC-1,1494,GSM8563001_Naive3_filtered_matrix.mtx.gz,L112548,0
GSM8563001:CCCATTGCACTGATTG,Naive3,GSM8563001,L189320,1.0,CCCATTGCACTGATTG-1,1495,GSM8563001_Naive3_filtered_matrix.mtx.gz,L189320,0
GSM8563001:CCCATTGCATAATGAG,Naive3,GSM8563001,L7412,1.0,CCCATTGCATAATGAG-1,1496,GSM8563001_Naive3_filtered_matrix.mtx.gz,L7412,3
GSM8563001:CCCGAAGAGACTTCCA,Naive3,GSM8563001,L879,1.0,CCCGAAGAGACTTCCA-1,1498,GSM8563001_Naive3_filtered_matrix.mtx.gz,L879,2
GSM8563001:CCCGGAAAGGGAGAAT,Naive3,GSM8563001,L96601,1.0,CCCGGAAAGGGAGAAT-1,1501,GSM8563001_Naive3_filtered_matrix.mtx.gz,L96601,1
GSM8563001:CCCGGAAGTGTCTTAG,Naive3,GSM8563001,L139492,1.0,CCCGGAAGTGTCTTAG-1,1502,GSM8563001_Naive3_filtered_matrix.mtx.gz,L139492,4
GSM8563001:CCCGGAATCTGCGGAC,Naive3,GSM8563001,L252321,1.0,CCCGGAATCTGCGGAC-1,1504,GSM8563001_Naive3_filtered_matrix.mtx.gz,L252321,2
GSM8563001:CCCTAACAGCTTAAGA,Naive3,GSM8563001,L54250,1.0,CCCTAACAGCTTAAGA-1,1505,GSM8563001_Naive3_filtered_matrix.mtx.gz,L54250,4
GSM8563001:CCCTAACCATACTGAC,Naive3,GSM8563001,L177128,1.0,CCCTAACCATACTGAC-1,1506,GSM8563001_Naive3_filtered_matrix.mtx.gz,L177128,3
GSM8563001:CCCTAACGTGATTCAC,Naive3,GSM8563001,L290279,1.0,CCCTAACGTGATTCAC-1,1508,GSM8563001_Naive3_filtered_matrix.mtx.gz,L290279,2
GSM8563001:CCCTCAAAGTTGTCGT,Naive3,GSM8563001,L260364,1.0,CCCTCAAAGTTGTCGT-1,1510,GSM8563001_Naive3_filtered_matrix.mtx.gz,L260364,0
GSM8563001:CCCTCAACAGACCCGT,Naive3,GSM8563001,L331535,1.0,CCCTCAACAGACCCGT-1,1511,GSM8563001_Naive3_filtered_matrix.mtx.gz,L331535,2
GSM8563001:CCCTCAAGTGCTTCAA,Naive3,GSM8563001,L246037,1.0,CCCTCAAGTGCTTCAA-1,1512,GSM8563001_Naive3_filtered_matrix.mtx.gz,L246037,2
GSM8563001:CCCTCAAGTTGTCCCT,Naive3,GSM8563001,L17906,1.0,CCCTCAAGTTGTCCCT-1,1513,GSM8563001_Naive3_filtered_matrix.mtx.gz,L17906,1
GSM8563001:CCCTCAATCTGAGGTT,Naive3,GSM8563001,L310983,1.0,CCCTCAATCTGAGGTT-1,1514,GSM8563001_Naive3_filtered_matrix.mtx.gz,L310983,1
GSM8563001:CCCTCTCAGGAACGCT,Naive3,GSM8563001,L180119,1.0,CCCTCTCAGGAACGCT-1,1515,GSM8563001_Naive3_filtered_matrix.mtx.gz,L180119,1
GSM8563001:CCCTCTCTCCAGCAAT,Naive3,GSM8563001,L68231,1.0,CCCTCTCTCCAGCAAT-1,1517,GSM8563001_Naive3_filtered_matrix.mtx.gz,L68231,0
GSM8563001:CCCTCTCTCGCATAGT,Naive3,GSM8563001,L82032,1.0,CCCTCTCTCGCATAGT-1,1518,GSM8563001_Naive3_filtered_matrix.mtx.gz,L82032,4
GSM8563001:CCCTGATCACTCCTGT,Naive3,GSM8563001,L174071,1.0,CCCTGATCACTCCTGT-1,1520,GSM8563001_Naive3_filtered_matrix.mtx.gz,L174071,3
GSM8563001:CCCTGATCAGTCAGTT,Naive3,GSM8563001,L15809,0.999999,CCCTGATCAGTCAGTT-1,1521,GSM8563001_Naive3_filtered_matrix.mtx.gz,L15809,2
GSM8563001:CCCTGATGTCATAGTC,Naive3,GSM8563001,L304427,1.0,CCCTGATGTCATAGTC-1,1522,GSM8563001_Naive3_filtered_matrix.mtx.gz,L304427,2
GSM8563001:CCCTGATGTCGAGTTT,Naive3,GSM8563001,L241540,1.0,CCCTGATGTCGAGTTT-1,1524,GSM8563001_Naive3_filtered_matrix.mtx.gz,L241540,2
GSM8563001:CCCTGATGTTGAATCC,Naive3,GSM8563001,L64746,1.0,CCCTGATGTTGAATCC-1,1525,GSM8563001_Naive3_filtered_matrix.mtx.gz,L64746,0
GSM8563001:CCCTGATGTTTGGCTA,Naive3,GSM8563001,L267658,1.0,CCCTGATGTTTGGCTA-1,1526,GSM8563001_Naive3_filtered_matrix.mtx.gz,L267658,3
GSM8563001:CCCTTAGAGCAAGTGC,Naive3,GSM8563001,L189345,1.0,CCCTTAGAGCAAGTGC-1,1527,GSM8563001_Naive3_filtered_matrix.mtx.gz,L189345,1
GSM8563001:CCCTTAGGTTGGAGAC,Naive3,GSM8563001,L95076,1.0,CCCTTAGGTTGGAGAC-1,1528,GSM8563001_Naive3_filtered_matrix.mtx.gz,L95076,2
GSM8563001:CCCTTAGTCCTCCACA,Naive3,GSM8563001,L12989,1.0,CCCTTAGTCCTCCACA-1,1529,GSM8563001_Naive3_filtered_matrix.mtx.gz,L12989,3
GSM8563001:CCGAACGCAGCTCGGT,Naive3,GSM8563001,L214021,1.0,CCGAACGCAGCTCGGT-1,1530,GSM8563001_Naive3_filtered_matrix.mtx.gz,L214021,2
GSM8563001:CCGAACGCATAGATCC,Naive3,GSM8563001,L267807,1.0,CCGAACGCATAGATCC-1,1531,GSM8563001_Naive3_filtered_matrix.mtx.gz,L267807,1
GSM8563001:CCGAACGGTCTGCGCA,Naive3,GSM8563001,L114452,1.0,CCGAACGGTCTGCGCA-1,1532,GSM8563001_Naive3_filtered_matrix.mtx.gz,L114452,2
GSM8563001:CCGAACGGTTTGGGAG,Naive3,GSM8563001,L252770,1.0,CCGAACGGTTTGGGAG-1,1534,GSM8563001_Naive3_filtered_matrix.mtx.gz,L252770,4
GSM8563001:CCGAACGTCGCCGATG,Naive3,GSM8563001,L183654,1.0,CCGAACGTCGCCGATG-1,1536,GSM8563001_Naive3_filtered_matrix.mtx.gz,L183654,3
GSM8563001:CCGATCTCATGACCCG,Naive3,GSM8563001,L233176,1.0,CCGATCTCATGACCCG-1,1537,GSM8563001_Naive3_filtered_matrix.mtx.gz,L233176,0
GSM8563001:CCGATGGAGCATAGGC,Naive3,GSM8563001,L285082,1.0,CCGATGGAGCATAGGC-1,1540,GSM8563001_Naive3_filtered_matrix.mtx.gz,L285082,0
GSM8563001:CCGATGGGTTGCATTG,Naive3,GSM8563001,L244886,1.0,CCGATGGGTTGCATTG-1,1542,GSM8563001_Naive3_filtered_matrix.mtx.gz,L244886,4
GSM8563001:CCGGACACAACAACAA,Naive3,GSM8563001,L305830,1.0,CCGGACACAACAACAA-1,1544,GSM8563001_Naive3_filtered_matrix.mtx.gz,L305830,0
GSM8563001:CCGGACACACAAGGTG,Naive3,GSM8563001,L251719,1.0,CCGGACACACAAGGTG-1,1545,GSM8563001_Naive3_filtered_matrix.mtx.gz,L251719,2
GSM8563001:CCGGACACACACTGGC,Naive3,GSM8563001,L320820,1.0,CCGGACACACACTGGC-1,1546,GSM8563001_Naive3_filtered_matrix.mtx.gz,L320820,3
GSM8563001:CCGGACACATGAGATA,Naive3,GSM8563001,L112548,1.0,CCGGACACATGAGATA-1,1547,GSM8563001_Naive3_filtered_matrix.mtx.gz,L112548,0
GSM8563001:CCGGACAGTATCGAGG,Naive3,GSM8563001,L84010,1.0,CCGGACAGTATCGAGG-1,1548,GSM8563001_Naive3_filtered_matrix.mtx.gz,L84010,3
GSM8563001:CCGGGTACAGTAACAA,Naive3,GSM8563001,L149376,1.0,CCGGGTACAGTAACAA-1,1551,GSM8563001_Naive3_filtered_matrix.mtx.gz,L149376,0
GSM8563001:CCGGTAGCACCCAAGC,Naive3,GSM8563001,L218039,1.0,CCGGTAGCACCCAAGC-1,1553,GSM8563001_Naive3_filtered_matrix.mtx.gz,L218039,1
GSM8563001:CCGGTAGGTAACATAG,Naive3,GSM8563001,L303918,1.0,CCGGTAGGTAACATAG-1,1554,GSM8563001_Naive3_filtered_matrix.mtx.gz,L303918,0
GSM8563001:CCGGTAGGTTCTCCCA,Naive3,GSM8563001,L109560,0.997549,CCGGTAGGTTCTCCCA-1,1556,GSM8563001_Naive3_filtered_matrix.mtx.gz,L109560,4
GSM8563001:CCGGTAGTCATTTGCT,Naive3,GSM8563001,L34984,1.0,CCGGTAGTCATTTGCT-1,1557,GSM8563001_Naive3_filtered_matrix.mtx.gz,L34984,1
GSM8563001:CCGGTGAAGGCACGAT,Naive3,GSM8563001,L295561,1.0,CCGGTGAAGGCACGAT-1,1558,GSM8563001_Naive3_filtered_matrix.mtx.gz,L295561,0
GSM8563001:CCGGTGACACCGGTCA,Naive3,GSM8563001,L143061,1.0,CCGGTGACACCGGTCA-1,1559,GSM8563001_Naive3_filtered_matrix.mtx.gz,L143061,0
GSM8563001:CCGGTGATCGGAATTC,Naive3,GSM8563001,L319892,1.0,CCGGTGATCGGAATTC-1,1562,GSM8563001_Naive3_filtered_matrix.mtx.gz,L319892,4
GSM8563001:CCGGTGATCGGACCAC,Naive3,GSM8563001,L152903,1.0,CCGGTGATCGGACCAC-1,1563,GSM8563001_Naive3_filtered_matrix.mtx.gz,L152903,2
GSM8563001:CCGGTGATCGTAGAGG,Naive3,GSM8563001,L165929,1.0,CCGGTGATCGTAGAGG-1,1564,GSM8563001_Naive3_filtered_matrix.mtx.gz,L165929,3
GSM8563001:CCGTGAGGTCAGGCAA,Naive3,GSM8563001,L98634,1.0,CCGTGAGGTCAGGCAA-1,1567,GSM8563001_Naive3_filtered_matrix.mtx.gz,L98634,2
GSM8563001:CCGTGAGTCGGCCCAA,Naive3,GSM8563001,L331535,1.0,CCGTGAGTCGGCCCAA-1,1568,GSM8563001_Naive3_filtered_matrix.mtx.gz,L331535,2
GSM8563001:CCGTTCAAGCAGCGAT,Naive3,GSM8563001,L60553,1.0,CCGTTCAAGCAGCGAT-1,1569,GSM8563001_Naive3_filtered_matrix.mtx.gz,L60553,4
GSM8563001:CCGTTCAAGGCCTTGC,Naive3,GSM8563001,L266998,1.0,CCGTTCAAGGCCTTGC-1,1571,GSM8563001_Naive3_filtered_matrix.mtx.gz,L266998,3
GSM8563001:CCGTTCAAGGGTACGT,Naive3,GSM8563001,L54250,1.0,CCGTTCAAGGGTACGT-1,1572,GSM8563001_Naive3_filtered_matrix.mtx.gz,L54250,4
GSM8563001:CCGTTCACATGTTCGA,Naive3,GSM8563001,L212929,1.0,CCGTTCACATGTTCGA-1,1574,GSM8563001_Naive3_filtered_matrix.mtx.gz,L212929,4
GSM8563001:CCGTTCAGTACAGCGA,Naive3,GSM8563001,L296189,0.999992,CCGTTCAGTACAGCGA-1,1575,GSM8563001_Naive3_filtered_matrix.mtx.gz,L296189,1
GSM8563001:CCGTTCATCCGTAATG,Naive3,GSM8563001,L314603,1.0,CCGTTCATCCGTAATG-1,1576,GSM8563001_Naive3_filtered_matrix.mtx.gz,L314603,2
GSM8563001:CCGTTCATCTCTATGT,Naive3,GSM8563001,L263548,1.0,CCGTTCATCTCTATGT-1,1577,GSM8563001_Naive3_filtered_matrix.mtx.gz,L263548,2
GSM8563001:CCTAACCCAGTATACC,Naive3,GSM8563001,L13818,1.0,CCTAACCCAGTATACC-1,1578,GSM8563001_Naive3_filtered_matrix.mtx.gz,L13818,3
GSM8563001:CCTAACCGTGCGGATA,Naive3,GSM8563001,L214973,1.0,CCTAACCGTGCGGATA-1,1579,GSM8563001_Naive3_filtered_matrix.mtx.gz,L214973,2
GSM8563001:CCTAACCGTGTCGCTG,Naive3,GSM8563001,L81738,1.0,CCTAACCGTGTCGCTG-1,1580,GSM8563001_Naive3_filtered_matrix.mtx.gz,L81738,0
GSM8563001:CCTAACCGTTCGTGCG,Naive3,GSM8563001,L231007,1.0,CCTAACCGTTCGTGCG-1,1581,GSM8563001_Naive3_filtered_matrix.mtx.gz,L231007,2
GSM8563001:CCTAAGAAGCACGGAT,Naive3,GSM8563001,L41780,1.0,CCTAAGAAGCACGGAT-1,1582,GSM8563001_Naive3_filtered_matrix.mtx.gz,L41780,4
GSM8563001:CCTAAGACAACTTGGT,Naive3,GSM8563001,L257082,1.0,CCTAAGACAACTTGGT-1,1583,GSM8563001_Naive3_filtered_matrix.mtx.gz,L257082,1
GSM8563001:CCTAAGACATCACCAA,Naive3,GSM8563001,L229269,1.0,CCTAAGACATCACCAA-1,1584,GSM8563001_Naive3_filtered_matrix.mtx.gz,L229269,2
GSM8563001:CCTAAGAGTCACCGAC,Naive3,GSM8563001,L322777,1.0,CCTAAGAGTCACCGAC-1,1586,GSM8563001_Naive3_filtered_matrix.mtx.gz,L322777,4
GSM8563001:CCTAAGATCTCTAAGG,Naive3,GSM8563001,L167950,1.0,CCTAAGATCTCTAAGG-1,1587,GSM8563001_Naive3_filtered_matrix.mtx.gz,L167950,3
GSM8563001:CCTACGTAGACATAGT,Naive3,GSM8563001,L109790,0.790637,CCTACGTAGACATAGT-1,1588,GSM8563001_Naive3_filtered_matrix.mtx.gz,L109790,0
GSM8563001:CCTACGTCACACACTA,Naive3,GSM8563001,L293527,1.0,CCTACGTCACACACTA-1,1590,GSM8563001_Naive3_filtered_matrix.mtx.gz,L293527,3
GSM8563001:CCTATCGAGAGCAGTC,Naive3,GSM8563001,L31852,1.0,CCTATCGAGAGCAGTC-1,1592,GSM8563001_Naive3_filtered_matrix.mtx.gz,L31852,2
GSM8563001:CCTATCGAGGCTTCCG,Naive3,GSM8563001,L117984,0.704679,CCTATCGAGGCTTCCG-1,1593,GSM8563001_Naive3_filtered_matrix.mtx.gz,L117984,1
GSM8563001:CCTATCGAGTAGTCCT,Naive3,GSM8563001,L162604,1.0,CCTATCGAGTAGTCCT-1,1594,GSM8563001_Naive3_filtered_matrix.mtx.gz,L162604,0
GSM8563001:CCTATCGAGTCTTCGA,Naive3,GSM8563001,L217032,0.813042,CCTATCGAGTCTTCGA-1,1595,GSM8563001_Naive3_filtered_matrix.mtx.gz,L217032,0
GSM8563001:CCTATCGCAGAGGTAC,Naive3,GSM8563001,L195483,1.0,CCTATCGCAGAGGTAC-1,1596,GSM8563001_Naive3_filtered_matrix.mtx.gz,L195483,2
GSM8563001:CCTATCGGTATCAGGG,Naive3,GSM8563001,L323345,1.0,CCTATCGGTATCAGGG-1,1597,GSM8563001_Naive3_filtered_matrix.mtx.gz,L323345,4
GSM8563001:CCTCAACAGGTTGCCC,Naive3,GSM8563001,L212210,1.0,CCTCAACAGGTTGCCC-1,1600,GSM8563001_Naive3_filtered_matrix.mtx.gz,L212210,2
GSM8563001:CCTCAACTCTTCTCAA,Naive3,GSM8563001,L173296,1.0,CCTCAACTCTTCTCAA-1,1604,GSM8563001_Naive3_filtered_matrix.mtx.gz,L173296,1
GSM8563001:CCTCAGTAGAAATCCA,Naive3,GSM8563001,L30819,0.999912,CCTCAGTAGAAATCCA-1,1606,GSM8563001_Naive3_filtered_matrix.mtx.gz,L30819,4
GSM8563001:CCTCAGTAGACTACGG,Naive3,GSM8563001,L81738,1.0,CCTCAGTAGACTACGG-1,1607,GSM8563001_Naive3_filtered_matrix.mtx.gz,L81738,0
GSM8563001:CCTCAGTAGTGCAACG,Naive3,GSM8563001,L230913,1.0,CCTCAGTAGTGCAACG-1,1609,GSM8563001_Naive3_filtered_matrix.mtx.gz,L230913,1
GSM8563001:CCTCAGTCAACCGCCA,Naive3,GSM8563001,L223068,1.0,CCTCAGTCAACCGCCA-1,1610,GSM8563001_Naive3_filtered_matrix.mtx.gz,L223068,0
GSM8563001:CCTCAGTCACAAATAG,Naive3,GSM8563001,L329452,1.0,CCTCAGTCACAAATAG-1,1611,GSM8563001_Naive3_filtered_matrix.mtx.gz,L329452,3
GSM8563001:CCTCATGAGGGTCAAC,Naive3,GSM8563001,L2779,0.997316,CCTCATGAGGGTCAAC-1,1613,GSM8563001_Naive3_filtered_matrix.mtx.gz,L2779,4
GSM8563001:CCTCATGGTCACCCTT,Naive3,GSM8563001,L92515,1.0,CCTCATGGTCACCCTT-1,1615,GSM8563001_Naive3_filtered_matrix.mtx.gz,L92515,3
GSM8563001:CCTCATGGTTTCCAAG,Naive3,GSM8563001,L173296,1.0,CCTCATGGTTTCCAAG-1,1616,GSM8563001_Naive3_filtered_matrix.mtx.gz,L173296,1
GSM8563001:CCTCATGTCAAATAGG,Naive3,GSM8563001,L173296,1.0,CCTCATGTCAAATAGG-1,1617,GSM8563001_Naive3_filtered_matrix.mtx.gz,L173296,1
GSM8563001:CCTCCAAAGTGATAGT,Naive3,GSM8563001,L58090,1.0,CCTCCAAAGTGATAGT-1,1618,GSM8563001_Naive3_filtered_matrix.mtx.gz,L58090,2
GSM8563001:CCTCCAACAACTCGTA,Naive3,GSM8563001,L272263,1.0,CCTCCAACAACTCGTA-1,1619,GSM8563001_Naive3_filtered_matrix.mtx.gz,L272263,2
GSM8563001:CCTCCAACACAAACGG,Naive3,GSM8563001,L180119,1.0,CCTCCAACACAAACGG-1,1620,GSM8563001_Naive3_filtered_matrix.mtx.gz,L180119,1
GSM8563001:CCTCCAACACTTGGCG,Naive3,GSM8563001,L223068,1.0,CCTCCAACACTTGGCG-1,1621,GSM8563001_Naive3_filtered_matrix.mtx.gz,L223068,0
GSM8563001:CCTCCAATCCTAAACG,Naive3,GSM8563001,L54918,1.0,CCTCCAATCCTAAACG-1,1623,GSM8563001_Naive3_filtered_matrix.mtx.gz,L54918,1
GSM8563001:CCTCCAATCTCGTCAC,Naive3,GSM8563001,L305673,0.728556,CCTCCAATCTCGTCAC-1,1624,GSM8563001_Naive3_filtered_matrix.mtx.gz,L305673,4
GSM8563001:CCTCCTCAGAAGTCCG,Naive3,GSM8563001,L138906,1.0,CCTCCTCAGAAGTCCG-1,1625,GSM8563001_Naive3_filtered_matrix.mtx.gz,L138906,2
GSM8563001:CCTCCTCAGTCACGAG,Naive3,GSM8563001,L328955,1.0,CCTCCTCAGTCACGAG-1,1627,GSM8563001_Naive3_filtered_matrix.mtx.gz,L328955,3
GSM8563001:CCTCCTCGTTTGTTGG,Naive3,GSM8563001,L268666,1.0,CCTCCTCGTTTGTTGG-1,1629,GSM8563001_Naive3_filtered_matrix.mtx.gz,L268666,0
GSM8563001:CCTCTAGCACGTTCGG,Naive3,GSM8563001,L327389,1.0,CCTCTAGCACGTTCGG-1,1633,GSM8563001_Naive3_filtered_matrix.mtx.gz,L327389,1
GSM8563001:CCTCTCCAGACGGAAA,Naive3,GSM8563001,L9682,1.0,CCTCTCCAGACGGAAA-1,1634,GSM8563001_Naive3_filtered_matrix.mtx.gz,L9682,1
GSM8563001:CCTGCATAGCTTTCCC,Naive3,GSM8563001,L13818,1.0,CCTGCATAGCTTTCCC-1,1636,GSM8563001_Naive3_filtered_matrix.mtx.gz,L13818,3
GSM8563001:CCTGCATCACTGCTTC,Naive3,GSM8563001,L221983,1.0,CCTGCATCACTGCTTC-1,1637,GSM8563001_Naive3_filtered_matrix.mtx.gz,L221983,3
GSM8563001:CCTGCATGTGTTAAAG,Naive3,GSM8563001,L151380,1.0,CCTGCATGTGTTAAAG-1,1639,GSM8563001_Naive3_filtered_matrix.mtx.gz,L151380,4
GSM8563001:CCTGCATTCTATGTGG,Naive3,GSM8563001,L239228,1.0,CCTGCATTCTATGTGG-1,1641,GSM8563001_Naive3_filtered_matrix.mtx.gz,L239228,2
GSM8563001:CCTGTTGAGGTACCTT,Naive3,GSM8563001,L122873,1.0,CCTGTTGAGGTACCTT-1,1642,GSM8563001_Naive3_filtered_matrix.mtx.gz,L122873,4
GSM8563001:CCTGTTGCAAACTCGT,Naive3,GSM8563001,L12989,1.0,CCTGTTGCAAACTCGT-1,1643,GSM8563001_Naive3_filtered_matrix.mtx.gz,L12989,3
GSM8563001:CCTGTTGCAACCCGCA,Naive3,GSM8563001,L3698,1.0,CCTGTTGCAACCCGCA-1,1644,GSM8563001_Naive3_filtered_matrix.mtx.gz,L3698,0
GSM8563001:CCTGTTGGTTACCTTT,Naive3,GSM8563001,L6369,1.0,CCTGTTGGTTACCTTT-1,1646,GSM8563001_Naive3_filtered_matrix.mtx.gz,L6369,4
GSM8563001:CCTGTTGTCGTCTCAC,Naive3,GSM8563001,L36415,1.0,CCTGTTGTCGTCTCAC-1,1647,GSM8563001_Naive3_filtered_matrix.mtx.gz,L36415,3
GSM8563001:CCTTCAGGTCGTCTCT,Naive3,GSM8563001,L166707,1.0,CCTTCAGGTCGTCTCT-1,1649,GSM8563001_Naive3_filtered_matrix.mtx.gz,L166707,1
GSM8563001:CCTTGTGAGCATACTC,Naive3,GSM8563001,L249999,1.0,CCTTGTGAGCATACTC-1,1650,GSM8563001_Naive3_filtered_matrix.mtx.gz,L249999,3
GSM8563001:CCTTGTGCACAGACGA,Naive3,GSM8563001,L183654,1.0,CCTTGTGCACAGACGA-1,1651,GSM8563001_Naive3_filtered_matrix.mtx.gz,L183654,3
GSM8563001:CCTTGTGGTCGTGCCA,Naive3,GSM8563001,L159393,1.0,CCTTGTGGTCGTGCCA-1,1652,GSM8563001_Naive3_filtered_matrix.mtx.gz,L159393,0
GSM8563001:CCTTGTGTCGCTCTAC,Naive3,GSM8563001,L303918,1.0,CCTTGTGTCGCTCTAC-1,1654,GSM8563001_Naive3_filtered_matrix.mtx.gz,L303918,0
GSM8563001:CCTTGTGTCTTCTGGC,Naive3,GSM8563001,L142069,1.0,CCTTGTGTCTTCTGGC-1,1655,GSM8563001_Naive3_filtered_matrix.mtx.gz,L142069,0
GSM8563001:CGAAGTTGTGCAACAG,Naive3,GSM8563001,L161977,1.0,CGAAGTTGTGCAACAG-1,1659,GSM8563001_Naive3_filtered_matrix.mtx.gz,L161977,0
GSM8563001:CGAAGTTGTGGAAGTC,Naive3,GSM8563001,L197414,1.0,CGAAGTTGTGGAAGTC-1,1660,GSM8563001_Naive3_filtered_matrix.mtx.gz,L197414,1
GSM8563001:CGAAGTTTCATCTACT,Naive3,GSM8563001,L33701,1.0,CGAAGTTTCATCTACT-1,1661,GSM8563001_Naive3_filtered_matrix.mtx.gz,L33701,3
GSM8563001:CGAAGTTTCGGCCAAC,Naive3,GSM8563001,L55,1.0,CGAAGTTTCGGCCAAC-1,1662,GSM8563001_Naive3_filtered_matrix.mtx.gz,L55,0
GSM8563001:CGAAGTTTCGTCGACG,Naive3,GSM8563001,L159660,1.0,CGAAGTTTCGTCGACG-1,1663,GSM8563001_Naive3_filtered_matrix.mtx.gz,L159660,1
GSM8563001:CGAATTGGTCGGTGAA,Naive3,GSM8563001,L8387,1.0,CGAATTGGTCGGTGAA-1,1665,GSM8563001_Naive3_filtered_matrix.mtx.gz,L8387,0
GSM8563001:CGACAGCAGTTGGAGC,Naive3,GSM8563001,L231623,1.0,CGACAGCAGTTGGAGC-1,1667,GSM8563001_Naive3_filtered_matrix.mtx.gz,L231623,3
GSM8563001:CGACAGCCACGTGTGC,Naive3,GSM8563001,L10419,1.0,CGACAGCCACGTGTGC-1,1668,GSM8563001_Naive3_filtered_matrix.mtx.gz,L10419,2
GSM8563001:CGACAGCTCGATACAC,Naive3,GSM8563001,L124052,1.0,CGACAGCTCGATACAC-1,1669,GSM8563001_Naive3_filtered_matrix.mtx.gz,L124052,4
GSM8563001:CGACAGCTCTCGTTTA,Naive3,GSM8563001,L196980,1.0,CGACAGCTCTCGTTTA-1,1670,GSM8563001_Naive3_filtered_matrix.mtx.gz,L196980,3
GSM8563001:CGAGAAGCAGTTGGTT,Naive3,GSM8563001,L45474,1.0,CGAGAAGCAGTTGGTT-1,1672,GSM8563001_Naive3_filtered_matrix.mtx.gz,L45474,0
GSM8563001:CGAGAAGGTCATATGC,Naive3,GSM8563001,L167670,1.0,CGAGAAGGTCATATGC-1,1673,GSM8563001_Naive3_filtered_matrix.mtx.gz,L167670,2
GSM8563001:CGAGAAGTCATTGTTC,Naive3,GSM8563001,L316821,1.0,CGAGAAGTCATTGTTC-1,1674,GSM8563001_Naive3_filtered_matrix.mtx.gz,L316821,0
GSM8563001:CGAGGAAAGAATTGCA,Naive3,GSM8563001,L254373,1.0,CGAGGAAAGAATTGCA-1,1675,GSM8563001_Naive3_filtered_matrix.mtx.gz,L254373,4
GSM8563001:CGAGGAACACTGGCGT,Naive3,GSM8563001,L31852,1.0,CGAGGAACACTGGCGT-1,1676,GSM8563001_Naive3_filtered_matrix.mtx.gz,L31852,2
GSM8563001:CGAGGAATCACACCCT,Naive3,GSM8563001,L281881,1.0,CGAGGAATCACACCCT-1,1677,GSM8563001_Naive3_filtered_matrix.mtx.gz,L281881,2
GSM8563001:CGAGGCTAGTCTTCCC,Naive3,GSM8563001,L306495,1.0,CGAGGCTAGTCTTCCC-1,1678,GSM8563001_Naive3_filtered_matrix.mtx.gz,L306495,4
GSM8563001:CGAGGCTCATCGATAC,Naive3,GSM8563001,L117154,1.0,CGAGGCTCATCGATAC-1,1680,GSM8563001_Naive3_filtered_matrix.mtx.gz,L117154,4
GSM8563001:CGAGGCTCATGACGGA,Naive3,GSM8563001,L185762,1.0,CGAGGCTCATGACGGA-1,1681,GSM8563001_Naive3_filtered_matrix.mtx.gz,L185762,1
GSM8563001:CGAGGCTGTACGCTAT,Naive3,GSM8563001,L15809,1.0,CGAGGCTGTACGCTAT-1,1682,GSM8563001_Naive3_filtered_matrix.mtx.gz,L15809,2
GSM8563001:CGAGGCTTCGGCATAT,Naive3,GSM8563001,L161977,0.997708,CGAGGCTTCGGCATAT-1,1683,GSM8563001_Naive3_filtered_matrix.mtx.gz,L161977,0
GSM8563001:CGAGGCTTCGGTATGT,Naive3,GSM8563001,L306495,1.0,CGAGGCTTCGGTATGT-1,1684,GSM8563001_Naive3_filtered_matrix.mtx.gz,L306495,4
GSM8563001:CGAGTGCGTCTTCATT,Naive3,GSM8563001,L68231,1.0,CGAGTGCGTCTTCATT-1,1685,GSM8563001_Naive3_filtered_matrix.mtx.gz,L68231,0
GSM8563001:CGAGTGCGTTGTAGCT,Naive3,GSM8563001,L104947,1.0,CGAGTGCGTTGTAGCT-1,1686,GSM8563001_Naive3_filtered_matrix.mtx.gz,L104947,4
GSM8563001:CGAGTTACACCGAATT,Naive3,GSM8563001,L239228,1.0,CGAGTTACACCGAATT-1,1691,GSM8563001_Naive3_filtered_matrix.mtx.gz,L239228,2
GSM8563001:CGAGTTAGTAGCTTGT,Naive3,GSM8563001,L239228,1.0,CGAGTTAGTAGCTTGT-1,1692,GSM8563001_Naive3_filtered_matrix.mtx.gz,L239228,2
GSM8563001:CGATCGGCAAATTGCC,Naive3,GSM8563001,L126445,1.0,CGATCGGCAAATTGCC-1,1693,GSM8563001_Naive3_filtered_matrix.mtx.gz,L126445,4
GSM8563001:CGATCGGCACATAACC,Naive3,GSM8563001,L161943,1.0,CGATCGGCACATAACC-1,1694,GSM8563001_Naive3_filtered_matrix.mtx.gz,L161943,4
GSM8563001:CGATCGGCACGACGTC,Naive3,GSM8563001,L13818,1.0,CGATCGGCACGACGTC-1,1695,GSM8563001_Naive3_filtered_matrix.mtx.gz,L13818,3
GSM8563001:CGATCGGCAGACCTAT,Naive3,GSM8563001,L50807,0.999999,CGATCGGCAGACCTAT-1,1696,GSM8563001_Naive3_filtered_matrix.mtx.gz,L50807,4
GSM8563001:CGATGCGAGCGAACTG,Naive3,GSM8563001,L116152,1.0,CGATGCGAGCGAACTG-1,1697,GSM8563001_Naive3_filtered_matrix.mtx.gz,L116152,1
GSM8563001:CGATGCGAGTACGTCT,Naive3,GSM8563001,L66564,1.0,CGATGCGAGTACGTCT-1,1700,GSM8563001_Naive3_filtered_matrix.mtx.gz,L66564,1
GSM8563001:CGATGCGGTATCCTTT,Naive3,GSM8563001,L244886,1.0,CGATGCGGTATCCTTT-1,1701,GSM8563001_Naive3_filtered_matrix.mtx.gz,L244886,4
GSM8563001:CGATGCGGTCCGATCG,Naive3,GSM8563001,L81421,1.0,CGATGCGGTCCGATCG-1,1702,GSM8563001_Naive3_filtered_matrix.mtx.gz,L81421,0
GSM8563001:CGATGCGGTTAAGAAC,Naive3,GSM8563001,L224816,1.0,CGATGCGGTTAAGAAC-1,1703,GSM8563001_Naive3_filtered_matrix.mtx.gz,L224816,2
GSM8563001:CGATGGCCATAAGCAA,Naive3,GSM8563001,L188533,1.0,CGATGGCCATAAGCAA-1,1706,GSM8563001_Naive3_filtered_matrix.mtx.gz,L188533,4
GSM8563001:CGATGGCGTATCAAGA,Naive3,GSM8563001,L32461,0.999977,CGATGGCGTATCAAGA-1,1707,GSM8563001_Naive3_filtered_matrix.mtx.gz,L32461,1
GSM8563001:CGCAGGTAGCGCATCC,Naive3,GSM8563001,L179846,1.0,CGCAGGTAGCGCATCC-1,1708,GSM8563001_Naive3_filtered_matrix.mtx.gz,L179846,1
GSM8563001:CGCAGGTAGGGCAAGG,Naive3,GSM8563001,L21782,1.0,CGCAGGTAGGGCAAGG-1,1709,GSM8563001_Naive3_filtered_matrix.mtx.gz,L21782,2
GSM8563001:CGCAGGTCACATGAAA,Naive3,GSM8563001,L232813,1.0,CGCAGGTCACATGAAA-1,1710,GSM8563001_Naive3_filtered_matrix.mtx.gz,L232813,1
GSM8563001:CGCAGGTGTTATTCTC,Naive3,GSM8563001,L85031,1.0,CGCAGGTGTTATTCTC-1,1711,GSM8563001_Naive3_filtered_matrix.mtx.gz,L85031,0
GSM8563001:CGCATAAAGTGCCGAA,Naive3,GSM8563001,L212929,0.999999,CGCATAAAGTGCCGAA-1,1712,GSM8563001_Naive3_filtered_matrix.mtx.gz,L212929,4
GSM8563001:CGCATAAAGTGCGTCC,Naive3,GSM8563001,L164771,1.0,CGCATAAAGTGCGTCC-1,1713,GSM8563001_Naive3_filtered_matrix.mtx.gz,L164771,2
GSM8563001:CGCATAACAACAGAGC,Naive3,GSM8563001,L55260,1.0,CGCATAACAACAGAGC-1,1714,GSM8563001_Naive3_filtered_matrix.mtx.gz,L55260,4
GSM8563001:CGCATAATCCCGTTCA,Naive3,GSM8563001,L56999,1.0,CGCATAATCCCGTTCA-1,1715,GSM8563001_Naive3_filtered_matrix.mtx.gz,L56999,0
GSM8563001:CGCATAATCCGTGCGA,Naive3,GSM8563001,L124052,1.0,CGCATAATCCGTGCGA-1,1716,GSM8563001_Naive3_filtered_matrix.mtx.gz,L124052,4
GSM8563001:CGCATAATCTCTGACC,Naive3,GSM8563001,L165042,1.0,CGCATAATCTCTGACC-1,1717,GSM8563001_Naive3_filtered_matrix.mtx.gz,L165042,0
GSM8563001:CGCATGGAGAGGTTTA,Naive3,GSM8563001,L35389,1.0,CGCATGGAGAGGTTTA-1,1718,GSM8563001_Naive3_filtered_matrix.mtx.gz,L35389,4
GSM8563001:CGCCAGACATTGAAAG,Naive3,GSM8563001,L279184,1.0,CGCCAGACATTGAAAG-1,1726,GSM8563001_Naive3_filtered_matrix.mtx.gz,L279184,2
GSM8563001:CGCCAGATCAATCAGC,Naive3,GSM8563001,L164614,1.0,CGCCAGATCAATCAGC-1,1727,GSM8563001_Naive3_filtered_matrix.mtx.gz,L164614,3
GSM8563001:CGCCAGATCATACGAC,Naive3,GSM8563001,L41388,1.0,CGCCAGATCATACGAC-1,1728,GSM8563001_Naive3_filtered_matrix.mtx.gz,L41388,3
GSM8563001:CGCCATTAGGCCATAG,Naive3,GSM8563001,L114118,1.0,CGCCATTAGGCCATAG-1,1729,GSM8563001_Naive3_filtered_matrix.mtx.gz,L114118,2
GSM8563001:CGCCATTCAGGCTTGC,Naive3,GSM8563001,L56999,1.0,CGCCATTCAGGCTTGC-1,1731,GSM8563001_Naive3_filtered_matrix.mtx.gz,L56999,0
GSM8563001:CGCCATTCAGTCACGC,Naive3,GSM8563001,L183961,1.0,CGCCATTCAGTCACGC-1,1732,GSM8563001_Naive3_filtered_matrix.mtx.gz,L183961,0
GSM8563001:CGCCATTGTACTGAGG,Naive3,GSM8563001,L106015,1.0,CGCCATTGTACTGAGG-1,1733,GSM8563001_Naive3_filtered_matrix.mtx.gz,L106015,2
GSM8563001:CGCCATTGTTGCCGAC,Naive3,GSM8563001,L33701,1.0,CGCCATTGTTGCCGAC-1,1734,GSM8563001_Naive3_filtered_matrix.mtx.gz,L33701,3
GSM8563001:CGCCATTTCGTTGTAG,Naive3,GSM8563001,L275355,1.0,CGCCATTTCGTTGTAG-1,1736,GSM8563001_Naive3_filtered_matrix.mtx.gz,L275355,1
GSM8563001:CGCGTGACACAGTATC,Naive3,GSM8563001,L207711,1.0,CGCGTGACACAGTATC-1,1737,GSM8563001_Naive3_filtered_matrix.mtx.gz,L207711,0
GSM8563001:CGCGTGAGTATCGCTA,Naive3,GSM8563001,L132329,1.0,CGCGTGAGTATCGCTA-1,1738,GSM8563001_Naive3_filtered_matrix.mtx.gz,L132329,4
GSM8563001:CGCGTGAGTCCGCAGT,Naive3,GSM8563001,L295561,1.0,CGCGTGAGTCCGCAGT-1,1739,GSM8563001_Naive3_filtered_matrix.mtx.gz,L295561,0
GSM8563001:CGCGTGAGTTTGTTCT,Naive3,GSM8563001,L16764,1.0,CGCGTGAGTTTGTTCT-1,1740,GSM8563001_Naive3_filtered_matrix.mtx.gz,L16764,4
GSM8563001:CGCGTGATCCTCACTG,Naive3,GSM8563001,L98676,1.0,CGCGTGATCCTCACTG-1,1741,GSM8563001_Naive3_filtered_matrix.mtx.gz,L98676,4
GSM8563001:CGGAACCAGACATGCG,Naive3,GSM8563001,L8387,1.0,CGGAACCAGACATGCG-1,1742,GSM8563001_Naive3_filtered_matrix.mtx.gz,L8387,0
GSM8563001:CGGAACCAGAGTCACG,Naive3,GSM8563001,L188027,1.0,CGGAACCAGAGTCACG-1,1743,GSM8563001_Naive3_filtered_matrix.mtx.gz,L188027,1
GSM8563001:CGGAACCAGCGACTTT,Naive3,GSM8563001,L134452,1.0,CGGAACCAGCGACTTT-1,1744,GSM8563001_Naive3_filtered_matrix.mtx.gz,L134452,0
GSM8563001:CGGAACCCACTAGTAC,Naive3,GSM8563001,L164771,1.0,CGGAACCCACTAGTAC-1,1745,GSM8563001_Naive3_filtered_matrix.mtx.gz,L164771,2
GSM8563001:CGGAATTAGGTAGTCG,Naive3,GSM8563001,L227359,1.0,CGGAATTAGGTAGTCG-1,1746,GSM8563001_Naive3_filtered_matrix.mtx.gz,L227359,0
GSM8563001:CGGAATTGTACCCGCA,Naive3,GSM8563001,L137611,1.0,CGGAATTGTACCCGCA-1,1748,GSM8563001_Naive3_filtered_matrix.mtx.gz,L137611,4
GSM8563001:CGGAATTTCACAAGAA,Naive3,GSM8563001,L246311,1.0,CGGAATTTCACAAGAA-1,1749,GSM8563001_Naive3_filtered_matrix.mtx.gz,L246311,3
GSM8563001:CGGAATTTCCGATAAC,Naive3,GSM8563001,L70669,1.0,CGGAATTTCCGATAAC-1,1750,GSM8563001_Naive3_filtered_matrix.mtx.gz,L70669,3
GSM8563001:CGGAATTTCGTCAACA,Naive3,GSM8563001,L2779,1.0,CGGAATTTCGTCAACA-1,1751,GSM8563001_Naive3_filtered_matrix.mtx.gz,L2779,4
GSM8563001:CGGACACAGACCATTC,Naive3,GSM8563001,L229874,1.0,CGGACACAGACCATTC-1,1752,GSM8563001_Naive3_filtered_matrix.mtx.gz,L229874,1
GSM8563001:CGGACACCAGAAGTGC,Naive3,GSM8563001,L132364,1.0,CGGACACCAGAAGTGC-1,1753,GSM8563001_Naive3_filtered_matrix.mtx.gz,L132364,0
GSM8563001:CGGACACGTCCGGTGT,Naive3,GSM8563001,L139713,1.0,CGGACACGTCCGGTGT-1,1754,GSM8563001_Naive3_filtered_matrix.mtx.gz,L139713,0
GSM8563001:CGGACACGTTACACAC,Naive3,GSM8563001,L289410,1.0,CGGACACGTTACACAC-1,1755,GSM8563001_Naive3_filtered_matrix.mtx.gz,L289410,2
GSM8563001:CGGACACTCAGCGTCG,Naive3,GSM8563001,L206297,1.0,CGGACACTCAGCGTCG-1,1756,GSM8563001_Naive3_filtered_matrix.mtx.gz,L206297,0
GSM8563001:CGGACACTCGGCTTGG,Naive3,GSM8563001,L16871,1.0,CGGACACTCGGCTTGG-1,1757,GSM8563001_Naive3_filtered_matrix.mtx.gz,L16871,0
GSM8563001:CGGAGAAAGCGCACAA,Naive3,GSM8563001,L155963,1.0,CGGAGAAAGCGCACAA-1,1758,GSM8563001_Naive3_filtered_matrix.mtx.gz,L155963,0
GSM8563001:CGGAGAAAGTGGTGAC,Naive3,GSM8563001,L31852,1.0,CGGAGAAAGTGGTGAC-1,1759,GSM8563001_Naive3_filtered_matrix.mtx.gz,L31852,2
GSM8563001:CGGCAGTCACCTGTCT,Naive3,GSM8563001,L244706,1.0,CGGCAGTCACCTGTCT-1,1762,GSM8563001_Naive3_filtered_matrix.mtx.gz,L244706,4
GSM8563001:CGGCAGTCAGTCAGTT,Naive3,GSM8563001,L244886,1.0,CGGCAGTCAGTCAGTT-1,1763,GSM8563001_Naive3_filtered_matrix.mtx.gz,L244886,4
GSM8563001:CGGCAGTGTCAGATTC,Naive3,GSM8563001,L230913,1.0,CGGCAGTGTCAGATTC-1,1764,GSM8563001_Naive3_filtered_matrix.mtx.gz,L230913,1
GSM8563001:CGGGACTTCACCGACG,Naive3,GSM8563001,L263517,1.0,CGGGACTTCACCGACG-1,1765,GSM8563001_Naive3_filtered_matrix.mtx.gz,L263517,2
GSM8563001:CGGGCATAGCGAGTCA,Naive3,GSM8563001,L25042,1.0,CGGGCATAGCGAGTCA-1,1766,GSM8563001_Naive3_filtered_matrix.mtx.gz,L25042,4
GSM8563001:CGGGCATCACCGTGCA,Naive3,GSM8563001,L198322,1.0,CGGGCATCACCGTGCA-1,1769,GSM8563001_Naive3_filtered_matrix.mtx.gz,L198322,3
GSM8563001:CGGGCATGTACCCGAC,Naive3,GSM8563001,L271521,1.0,CGGGCATGTACCCGAC-1,1770,GSM8563001_Naive3_filtered_matrix.mtx.gz,L271521,4
GSM8563001:CGGGCATGTAGTGCGA,Naive3,GSM8563001,L192615,1.0,CGGGCATGTAGTGCGA-1,1771,GSM8563001_Naive3_filtered_matrix.mtx.gz,L192615,2
GSM8563001:CGGGCATTCCAGCCTT,Naive3,GSM8563001,L210749,1.0,CGGGCATTCCAGCCTT-1,1773,GSM8563001_Naive3_filtered_matrix.mtx.gz,L210749,2
GSM8563001:CGGGTCATCATACGAC,Naive3,GSM8563001,L173296,1.0,CGGGTCATCATACGAC-1,1774,GSM8563001_Naive3_filtered_matrix.mtx.gz,L173296,1
GSM8563001:CGGGTCATCGACTCCT,Naive3,GSM8563001,L146674,1.0,CGGGTCATCGACTCCT-1,1775,GSM8563001_Naive3_filtered_matrix.mtx.gz,L146674,3
GSM8563001:CGGGTCATCGATACTG,Naive3,GSM8563001,L249292,1.0,CGGGTCATCGATACTG-1,1776,GSM8563001_Naive3_filtered_matrix.mtx.gz,L249292,3
GSM8563001:CGGGTGTGTAACTTCG,Naive3,GSM8563001,L35389,1.0,CGGGTGTGTAACTTCG-1,1777,GSM8563001_Naive3_filtered_matrix.mtx.gz,L35389,4
GSM8563001:CGGTCAGAGGTGAGAA,Naive3,GSM8563001,L284007,0.96159,CGGTCAGAGGTGAGAA-1,1778,GSM8563001_Naive3_filtered_matrix.mtx.gz,L284007,1
GSM8563001:CGGTCAGCAGTTGTCA,Naive3,GSM8563001,L331971,0.736018,CGGTCAGCAGTTGTCA-1,1779,GSM8563001_Naive3_filtered_matrix.mtx.gz,L331971,4
GSM8563001:CGGTCAGTCACATACG,Naive3,GSM8563001,L165149,1.0,CGGTCAGTCACATACG-1,1780,GSM8563001_Naive3_filtered_matrix.mtx.gz,L165149,2
GSM8563001:CGGTCAGTCTGAACGT,Naive3,GSM8563001,L137746,1.0,CGGTCAGTCTGAACGT-1,1781,GSM8563001_Naive3_filtered_matrix.mtx.gz,L137746,2
GSM8563001:CGTAAGTAGCCGATAG,Naive3,GSM8563001,L222867,1.0,CGTAAGTAGCCGATAG-1,1782,GSM8563001_Naive3_filtered_matrix.mtx.gz,L222867,4
GSM8563001:CGTAAGTGTCTCAGAT,Naive3,GSM8563001,L8387,1.0,CGTAAGTGTCTCAGAT-1,1783,GSM8563001_Naive3_filtered_matrix.mtx.gz,L8387,0
GSM8563001:CGTAAGTTCAAACGAA,Naive3,GSM8563001,L51134,1.0,CGTAAGTTCAAACGAA-1,1784,GSM8563001_Naive3_filtered_matrix.mtx.gz,L51134,0
GSM8563001:CGTAATGAGTCACAGG,Naive3,GSM8563001,L126892,1.0,CGTAATGAGTCACAGG-1,1786,GSM8563001_Naive3_filtered_matrix.mtx.gz,L126892,0
GSM8563001:CGTAATGCAAGTCATC,Naive3,GSM8563001,L43772,1.0,CGTAATGCAAGTCATC-1,1787,GSM8563001_Naive3_filtered_matrix.mtx.gz,L43772,4
GSM8563001:CGTAATGCAATCGTCA,Naive3,GSM8563001,L56999,1.0,CGTAATGCAATCGTCA-1,1788,GSM8563001_Naive3_filtered_matrix.mtx.gz,L56999,0
GSM8563001:CGTAATGTCTCAATCT,Naive3,GSM8563001,L133458,1.0,CGTAATGTCTCAATCT-1,1790,GSM8563001_Naive3_filtered_matrix.mtx.gz,L133458,3
GSM8563001:CGTAATGTCTGAATCG,Naive3,GSM8563001,L293527,1.0,CGTAATGTCTGAATCG-1,1792,GSM8563001_Naive3_filtered_matrix.mtx.gz,L293527,3
GSM8563001:CGTAATGTCTTCACAT,Naive3,GSM8563001,L84010,1.0,CGTAATGTCTTCACAT-1,1793,GSM8563001_Naive3_filtered_matrix.mtx.gz,L84010,3
GSM8563001:CGTAGTACAACATACC,Naive3,GSM8563001,L316393,1.0,CGTAGTACAACATACC-1,1795,GSM8563001_Naive3_filtered_matrix.mtx.gz,L316393,1
GSM8563001:CGTAGTATCAAGGAGC,Naive3,GSM8563001,L219307,1.0,CGTAGTATCAAGGAGC-1,1796,GSM8563001_Naive3_filtered_matrix.mtx.gz,L219307,3
GSM8563001:CGTCAAACACTATCCC,Naive3,GSM8563001,L113820,1.0,CGTCAAACACTATCCC-1,1798,GSM8563001_Naive3_filtered_matrix.mtx.gz,L113820,1
GSM8563001:CGTCAAACAGACGGAT,Naive3,GSM8563001,L187885,1.0,CGTCAAACAGACGGAT-1,1799,GSM8563001_Naive3_filtered_matrix.mtx.gz,L187885,0
GSM8563001:CGTCAAAGTAGGAGGG,Naive3,GSM8563001,L323748,1.0,CGTCAAAGTAGGAGGG-1,1800,GSM8563001_Naive3_filtered_matrix.mtx.gz,L323748,2
GSM8563001:CGTCAAATCCCTTGTG,Naive3,GSM8563001,L76201,1.0,CGTCAAATCCCTTGTG-1,1802,GSM8563001_Naive3_filtered_matrix.mtx.gz,L76201,2
GSM8563001:CGTCCATAGGGATCGT,Naive3,GSM8563001,L40629,1.0,CGTCCATAGGGATCGT-1,1804,GSM8563001_Naive3_filtered_matrix.mtx.gz,L40629,4
GSM8563001:CGTCCATCACAATCTG,Naive3,GSM8563001,L68311,1.0,CGTCCATCACAATCTG-1,1805,GSM8563001_Naive3_filtered_matrix.mtx.gz,L68311,2
GSM8563001:CGTCCATCACGTAGTT,Naive3,GSM8563001,L240450,1.0,CGTCCATCACGTAGTT-1,1806,GSM8563001_Naive3_filtered_matrix.mtx.gz,L240450,2
GSM8563001:CGTCCATCAGCTCTGG,Naive3,GSM8563001,L217371,1.0,CGTCCATCAGCTCTGG-1,1807,GSM8563001_Naive3_filtered_matrix.mtx.gz,L217371,2
GSM8563001:CGTCCATGTAGAATGT,Naive3,GSM8563001,L297256,1.0,CGTCCATGTAGAATGT-1,1808,GSM8563001_Naive3_filtered_matrix.mtx.gz,L297256,1
GSM8563001:CGTCCATTCCTAGCTC,Naive3,GSM8563001,L294380,1.0,CGTCCATTCCTAGCTC-1,1809,GSM8563001_Naive3_filtered_matrix.mtx.gz,L294380,3
GSM8563001:CGTCCATTCGTAGCTA,Naive3,GSM8563001,L227975,1.0,CGTCCATTCGTAGCTA-1,1810,GSM8563001_Naive3_filtered_matrix.mtx.gz,L227975,1
GSM8563001:CGTGAATAGCAAATGT,Naive3,GSM8563001,L185195,1.0,CGTGAATAGCAAATGT-1,1811,GSM8563001_Naive3_filtered_matrix.mtx.gz,L185195,1
GSM8563001:CGTGAATCATGTACGT,Naive3,GSM8563001,L44586,1.0,CGTGAATCATGTACGT-1,1815,GSM8563001_Naive3_filtered_matrix.mtx.gz,L44586,0
GSM8563001:CGTGATACAATTAGGA,Naive3,GSM8563001,L7412,1.0,CGTGATACAATTAGGA-1,1817,GSM8563001_Naive3_filtered_matrix.mtx.gz,L7412,3
GSM8563001:CGTGATAGTATCTTCT,Naive3,GSM8563001,L52820,1.0,CGTGATAGTATCTTCT-1,1818,GSM8563001_Naive3_filtered_matrix.mtx.gz,L52820,0
GSM8563001:CGTGATATCCTTATCA,Naive3,GSM8563001,L19489,1.0,CGTGATATCCTTATCA-1,1819,GSM8563001_Naive3_filtered_matrix.mtx.gz,L19489,0
GSM8563001:CGTGCTTTCCGGACGT,Naive3,GSM8563001,L218518,1.0,CGTGCTTTCCGGACGT-1,1821,GSM8563001_Naive3_filtered_matrix.mtx.gz,L218518,2
GSM8563001:CGTGTCTTCAACTGGT,Naive3,GSM8563001,L84351,1.0,CGTGTCTTCAACTGGT-1,1824,GSM8563001_Naive3_filtered_matrix.mtx.gz,L84351,3
GSM8563001:CGTGTCTTCTGCATAG,Naive3,GSM8563001,L131897,1.0,CGTGTCTTCTGCATAG-1,1826,GSM8563001_Naive3_filtered_matrix.mtx.gz,L131897,4
GSM8563001:CGTGTCTTCTGTTGGA,Naive3,GSM8563001,L52820,1.0,CGTGTCTTCTGTTGGA-1,1828,GSM8563001_Naive3_filtered_matrix.mtx.gz,L52820,0
GSM8563001:CGTTAGAAGAGGCGGA,Naive3,GSM8563001,L177375,1.0,CGTTAGAAGAGGCGGA-1,1829,GSM8563001_Naive3_filtered_matrix.mtx.gz,L177375,3
GSM8563001:CGTTAGACAACCGTGC,Naive3,GSM8563001,L33701,1.0,CGTTAGACAACCGTGC-1,1830,GSM8563001_Naive3_filtered_matrix.mtx.gz,L33701,3
GSM8563001:CGTTAGATCCACAGCG,Naive3,GSM8563001,L49199,1.0,CGTTAGATCCACAGCG-1,1831,GSM8563001_Naive3_filtered_matrix.mtx.gz,L49199,1
GSM8563001:CGTTAGATCTGTGCAA,Naive3,GSM8563001,L40629,1.0,CGTTAGATCTGTGCAA-1,1832,GSM8563001_Naive3_filtered_matrix.mtx.gz,L40629,4
GSM8563001:CGTTCTGAGTGGTTAA,Naive3,GSM8563001,L2779,1.0,CGTTCTGAGTGGTTAA-1,1833,GSM8563001_Naive3_filtered_matrix.mtx.gz,L2779,4
GSM8563001:CGTTGGGGTCCGAAGA,Naive3,GSM8563001,L211840,1.0,CGTTGGGGTCCGAAGA-1,1836,GSM8563001_Naive3_filtered_matrix.mtx.gz,L211840,1
GSM8563001:CTAACCCAGTCGAAGC,Naive3,GSM8563001,L210992,1.0,CTAACCCAGTCGAAGC-1,1839,GSM8563001_Naive3_filtered_matrix.mtx.gz,L210992,1
GSM8563001:CTAACCCCACGTATAC,Naive3,GSM8563001,L173296,1.0,CTAACCCCACGTATAC-1,1842,GSM8563001_Naive3_filtered_matrix.mtx.gz,L173296,1
GSM8563001:CTAACCCGTAGCCCTG,Naive3,GSM8563001,L161977,1.0,CTAACCCGTAGCCCTG-1,1843,GSM8563001_Naive3_filtered_matrix.mtx.gz,L161977,0
GSM8563001:CTAACCCTCGAATGCT,Naive3,GSM8563001,L253300,1.0,CTAACCCTCGAATGCT-1,1844,GSM8563001_Naive3_filtered_matrix.mtx.gz,L253300,2
GSM8563001:CTAACTTAGCAAGCCA,Naive3,GSM8563001,L259056,1.0,CTAACTTAGCAAGCCA-1,1845,GSM8563001_Naive3_filtered_matrix.mtx.gz,L259056,4
GSM8563001:CTAACTTCAAAGGGCT,Naive3,GSM8563001,L51134,1.0,CTAACTTCAAAGGGCT-1,1847,GSM8563001_Naive3_filtered_matrix.mtx.gz,L51134,0
GSM8563001:CTAACTTGTAGAAACT,Naive3,GSM8563001,L112164,1.0,CTAACTTGTAGAAACT-1,1848,GSM8563001_Naive3_filtered_matrix.mtx.gz,L112164,2
GSM8563001:CTAACTTGTGCATTTG,Naive3,GSM8563001,L281862,1.0,CTAACTTGTGCATTTG-1,1849,GSM8563001_Naive3_filtered_matrix.mtx.gz,L281862,0
GSM8563001:CTAACTTGTTTAAGGA,Naive3,GSM8563001,L188027,1.0,CTAACTTGTTTAAGGA-1,1851,GSM8563001_Naive3_filtered_matrix.mtx.gz,L188027,1
GSM8563001:CTAACTTTCGAGATAA,Naive3,GSM8563001,L31852,1.0,CTAACTTTCGAGATAA-1,1852,GSM8563001_Naive3_filtered_matrix.mtx.gz,L31852,2
GSM8563001:CTAAGTGAGTTGCATC,Naive3,GSM8563001,L329452,1.0,CTAAGTGAGTTGCATC-1,1853,GSM8563001_Naive3_filtered_matrix.mtx.gz,L329452,3
GSM8563001:CTAAGTGCAATAGTAG,Naive3,GSM8563001,L117984,1.0,CTAAGTGCAATAGTAG-1,1854,GSM8563001_Naive3_filtered_matrix.mtx.gz,L117984,1
GSM8563001:CTAAGTGCAGAGACTG,Naive3,GSM8563001,L187096,1.0,CTAAGTGCAGAGACTG-1,1856,GSM8563001_Naive3_filtered_matrix.mtx.gz,L187096,2
GSM8563001:CTACAGACACCAACAT,Naive3,GSM8563001,L165826,1.0,CTACAGACACCAACAT-1,1858,GSM8563001_Naive3_filtered_matrix.mtx.gz,L165826,1
GSM8563001:CTACCCAGTCATCGGC,Naive3,GSM8563001,L83489,1.0,CTACCCAGTCATCGGC-1,1859,GSM8563001_Naive3_filtered_matrix.mtx.gz,L83489,4
GSM8563001:CTACCTGGTGACCGAA,Naive3,GSM8563001,L8006,1.0,CTACCTGGTGACCGAA-1,1861,GSM8563001_Naive3_filtered_matrix.mtx.gz,L8006,4
GSM8563001:CTACCTGGTTCGAACT,Naive3,GSM8563001,L5495,1.0,CTACCTGGTTCGAACT-1,1862,GSM8563001_Naive3_filtered_matrix.mtx.gz,L5495,0
GSM8563001:CTACGGGAGACCTCAT,Naive3,GSM8563001,L45022,1.0,CTACGGGAGACCTCAT-1,1863,GSM8563001_Naive3_filtered_matrix.mtx.gz,L45022,3
GSM8563001:CTACGGGCATGATCTG,Naive3,GSM8563001,L293527,1.0,CTACGGGCATGATCTG-1,1865,GSM8563001_Naive3_filtered_matrix.mtx.gz,L293527,3
GSM8563001:CTACGGGGTATAGGGC,Naive3,GSM8563001,L222867,1.0,CTACGGGGTATAGGGC-1,1866,GSM8563001_Naive3_filtered_matrix.mtx.gz,L222867,4
GSM8563001:CTACGGGGTGTTCAGT,Naive3,GSM8563001,L218518,1.0,CTACGGGGTGTTCAGT-1,1867,GSM8563001_Naive3_filtered_matrix.mtx.gz,L218518,2
GSM8563001:CTACGGGTCAGCAATC,Naive3,GSM8563001,L66476,0.762418,CTACGGGTCAGCAATC-1,1869,GSM8563001_Naive3_filtered_matrix.mtx.gz,L66476,1
GSM8563001:CTACTATAGCTCGACC,Naive3,GSM8563001,L98634,1.0,CTACTATAGCTCGACC-1,1870,GSM8563001_Naive3_filtered_matrix.mtx.gz,L98634,2
GSM8563001:CTACTATAGTAACGAT,Naive3,GSM8563001,L255751,1.0,CTACTATAGTAACGAT-1,1871,GSM8563001_Naive3_filtered_matrix.mtx.gz,L255751,0
GSM8563001:CTACTATCAGTGTGGA,Naive3,GSM8563001,L104099,1.0,CTACTATCAGTGTGGA-1,1874,GSM8563001_Naive3_filtered_matrix.mtx.gz,L104099,4
GSM8563001:CTACTATTCTCTCGCA,Naive3,GSM8563001,L17420,1.0,CTACTATTCTCTCGCA-1,1877,GSM8563001_Naive3_filtered_matrix.mtx.gz,L17420,0
GSM8563001:CTAGACACATGGCCAC,Naive3,GSM8563001,L139716,1.0,CTAGACACATGGCCAC-1,1879,GSM8563001_Naive3_filtered_matrix.mtx.gz,L139716,0
GSM8563001:CTAGACAGTTGACGGA,Naive3,GSM8563001,L275878,1.0,CTAGACAGTTGACGGA-1,1880,GSM8563001_Naive3_filtered_matrix.mtx.gz,L275878,4
GSM8563001:CTAGACATCCATCACC,Naive3,GSM8563001,L303918,1.0,CTAGACATCCATCACC-1,1881,GSM8563001_Naive3_filtered_matrix.mtx.gz,L303918,0
GSM8563001:CTAGGTACACTAGTAC,Naive3,GSM8563001,L246037,1.0,CTAGGTACACTAGTAC-1,1882,GSM8563001_Naive3_filtered_matrix.mtx.gz,L246037,2
GSM8563001:CTAGGTATCTTCCAGC,Naive3,GSM8563001,L30697,1.0,CTAGGTATCTTCCAGC-1,1884,GSM8563001_Naive3_filtered_matrix.mtx.gz,L30697,1
GSM8563001:CTATAGGAGTAGGTTA,Naive3,GSM8563001,L91035,1.0,CTATAGGAGTAGGTTA-1,1885,GSM8563001_Naive3_filtered_matrix.mtx.gz,L91035,3
GSM8563001:CTATAGGGTCTTCGAA,Naive3,GSM8563001,L47103,1.0,CTATAGGGTCTTCGAA-1,1889,GSM8563001_Naive3_filtered_matrix.mtx.gz,L47103,4
GSM8563001:CTATCCGAGACCTTTG,Naive3,GSM8563001,L244886,1.0,CTATCCGAGACCTTTG-1,1890,GSM8563001_Naive3_filtered_matrix.mtx.gz,L244886,4
GSM8563001:CTATCCGAGGGCGAGA,Naive3,GSM8563001,L229874,1.0,CTATCCGAGGGCGAGA-1,1891,GSM8563001_Naive3_filtered_matrix.mtx.gz,L229874,1
GSM8563001:CTATCTACATAGATGA,Naive3,GSM8563001,L234444,1.0,CTATCTACATAGATGA-1,1897,GSM8563001_Naive3_filtered_matrix.mtx.gz,L234444,3
GSM8563001:CTATCTAGTGGTCTGC,Naive3,GSM8563001,L218518,1.0,CTATCTAGTGGTCTGC-1,1898,GSM8563001_Naive3_filtered_matrix.mtx.gz,L218518,2
GSM8563001:CTATCTATCGCCTATC,Naive3,GSM8563001,L314514,0.9993,CTATCTATCGCCTATC-1,1900,GSM8563001_Naive3_filtered_matrix.mtx.gz,L314514,2
GSM8563001:CTCAACCAGAACGTGC,Naive3,GSM8563001,L161977,1.0,CTCAACCAGAACGTGC-1,1901,GSM8563001_Naive3_filtered_matrix.mtx.gz,L161977,0
GSM8563001:CTCAACCAGGTGATCG,Naive3,GSM8563001,L82979,1.0,CTCAACCAGGTGATCG-1,1902,GSM8563001_Naive3_filtered_matrix.mtx.gz,L82979,2
GSM8563001:CTCAACCGTATCGCGC,Naive3,GSM8563001,L190835,0.575248,CTCAACCGTATCGCGC-1,1904,GSM8563001_Naive3_filtered_matrix.mtx.gz,L190835,3
GSM8563001:CTCAACCGTCTACACA,Naive3,GSM8563001,L273673,1.0,CTCAACCGTCTACACA-1,1905,GSM8563001_Naive3_filtered_matrix.mtx.gz,L273673,4
GSM8563001:CTCAACCTCATCTGTT,Naive3,GSM8563001,L297256,1.0,CTCAACCTCATCTGTT-1,1907,GSM8563001_Naive3_filtered_matrix.mtx.gz,L297256,1
GSM8563001:CTCAAGAAGTAACCGG,Naive3,GSM8563001,L84351,1.0,CTCAAGAAGTAACCGG-1,1908,GSM8563001_Naive3_filtered_matrix.mtx.gz,L84351,3
GSM8563001:CTCAAGAGTCAAAGAT,Naive3,GSM8563001,L196691,1.0,CTCAAGAGTCAAAGAT-1,1909,GSM8563001_Naive3_filtered_matrix.mtx.gz,L196691,2
GSM8563001:CTCAAGAGTCTACTGA,Naive3,GSM8563001,L12904,1.0,CTCAAGAGTCTACTGA-1,1910,GSM8563001_Naive3_filtered_matrix.mtx.gz,L12904,3
GSM8563001:CTCAAGAGTCTGCCTT,Naive3,GSM8563001,L192225,0.996941,CTCAAGAGTCTGCCTT-1,1911,GSM8563001_Naive3_filtered_matrix.mtx.gz,L192225,0
GSM8563001:CTCAAGATCAAAGGTA,Naive3,GSM8563001,L216702,1.0,CTCAAGATCAAAGGTA-1,1912,GSM8563001_Naive3_filtered_matrix.mtx.gz,L216702,2
GSM8563001:CTCAAGATCGAAGAAT,Naive3,GSM8563001,L303711,1.0,CTCAAGATCGAAGAAT-1,1913,GSM8563001_Naive3_filtered_matrix.mtx.gz,L303711,3
GSM8563001:CTCAATTAGACCGTTT,Naive3,GSM8563001,L325741,1.0,CTCAATTAGACCGTTT-1,1914,GSM8563001_Naive3_filtered_matrix.mtx.gz,L325741,0
GSM8563001:CTCAATTAGACTTCGT,Naive3,GSM8563001,L8387,1.0,CTCAATTAGACTTCGT-1,1915,GSM8563001_Naive3_filtered_matrix.mtx.gz,L8387,0
GSM8563001:CTCAATTAGTATAGGT,Naive3,GSM8563001,L296189,1.0,CTCAATTAGTATAGGT-1,1917,GSM8563001_Naive3_filtered_matrix.mtx.gz,L296189,1
GSM8563001:CTCAATTCAAAGGGTC,Naive3,GSM8563001,L285237,1.0,CTCAATTCAAAGGGTC-1,1918,GSM8563001_Naive3_filtered_matrix.mtx.gz,L285237,1
GSM8563001:CTCAATTGTATGAGCG,Naive3,GSM8563001,L34148,1.0,CTCAATTGTATGAGCG-1,1920,GSM8563001_Naive3_filtered_matrix.mtx.gz,L34148,2
GSM8563001:CTCAATTTCCGTGACG,Naive3,GSM8563001,L70669,1.0,CTCAATTTCCGTGACG-1,1921,GSM8563001_Naive3_filtered_matrix.mtx.gz,L70669,3
GSM8563001:CTCAATTTCCTTGAAG,Naive3,GSM8563001,L154401,1.0,CTCAATTTCCTTGAAG-1,1922,GSM8563001_Naive3_filtered_matrix.mtx.gz,L154401,3
GSM8563001:CTCACTGAGTCGCCCA,Naive3,GSM8563001,L72287,1.0,CTCACTGAGTCGCCCA-1,1923,GSM8563001_Naive3_filtered_matrix.mtx.gz,L72287,1
GSM8563001:CTCACTGTCCATACTT,Naive3,GSM8563001,L190318,1.0,CTCACTGTCCATACTT-1,1924,GSM8563001_Naive3_filtered_matrix.mtx.gz,L190318,2
GSM8563001:CTCAGGGAGCGTCGAA,Naive3,GSM8563001,L45022,1.0,CTCAGGGAGCGTCGAA-1,1928,GSM8563001_Naive3_filtered_matrix.mtx.gz,L45022,3
GSM8563001:CTCAGGGAGTTTCTTC,Naive3,GSM8563001,L82979,0.97671,CTCAGGGAGTTTCTTC-1,1929,GSM8563001_Naive3_filtered_matrix.mtx.gz,L82979,2
GSM8563001:CTCAGGGCACTACACA,Naive3,GSM8563001,L52613,1.0,CTCAGGGCACTACACA-1,1930,GSM8563001_Naive3_filtered_matrix.mtx.gz,L52613,0
GSM8563001:CTCAGGGGTCCGTTTC,Naive3,GSM8563001,L83701,1.0,CTCAGGGGTCCGTTTC-1,1933,GSM8563001_Naive3_filtered_matrix.mtx.gz,L83701,2
GSM8563001:CTCAGGGGTCGTGCCA,Naive3,GSM8563001,L306495,1.0,CTCAGGGGTCGTGCCA-1,1934,GSM8563001_Naive3_filtered_matrix.mtx.gz,L306495,4
GSM8563001:CTCAGGGTCCATTCGC,Naive3,GSM8563001,L69904,1.0,CTCAGGGTCCATTCGC-1,1935,GSM8563001_Naive3_filtered_matrix.mtx.gz,L69904,4
GSM8563001:CTCAGTCAGATAGTGT,Naive3,GSM8563001,L183531,1.0,CTCAGTCAGATAGTGT-1,1936,GSM8563001_Naive3_filtered_matrix.mtx.gz,L183531,2
GSM8563001:CTCAGTCCATGATCTG,Naive3,GSM8563001,L223068,1.0,CTCAGTCCATGATCTG-1,1937,GSM8563001_Naive3_filtered_matrix.mtx.gz,L223068,0
GSM8563001:CTCAGTCGTTCGTAAC,Naive3,GSM8563001,L189345,1.0,CTCAGTCGTTCGTAAC-1,1938,GSM8563001_Naive3_filtered_matrix.mtx.gz,L189345,1
GSM8563001:CTCAGTCTCAAGCGTT,Naive3,GSM8563001,L54250,1.0,CTCAGTCTCAAGCGTT-1,1939,GSM8563001_Naive3_filtered_matrix.mtx.gz,L54250,4
GSM8563001:CTCAGTCTCCGTATAG,Naive3,GSM8563001,L234209,1.0,CTCAGTCTCCGTATAG-1,1940,GSM8563001_Naive3_filtered_matrix.mtx.gz,L234209,4
GSM8563001:CTCAGTCTCGTTCCCA,Naive3,GSM8563001,L90680,1.0,CTCAGTCTCGTTCCCA-1,1941,GSM8563001_Naive3_filtered_matrix.mtx.gz,L90680,1
GSM8563001:CTCATCGAGACGCCAA,Naive3,GSM8563001,L246037,1.0,CTCATCGAGACGCCAA-1,1942,GSM8563001_Naive3_filtered_matrix.mtx.gz,L246037,2
GSM8563001:CTCATCGAGCATACTC,Naive3,GSM8563001,L94096,1.0,CTCATCGAGCATACTC-1,1943,GSM8563001_Naive3_filtered_matrix.mtx.gz,L94096,1
GSM8563001:CTCATCGGTTAAACAG,Naive3,GSM8563001,L91803,1.0,CTCATCGGTTAAACAG-1,1944,GSM8563001_Naive3_filtered_matrix.mtx.gz,L91803,3
GSM8563001:CTCATGCAGATTAGCA,Naive3,GSM8563001,L275355,1.0,CTCATGCAGATTAGCA-1,1946,GSM8563001_Naive3_filtered_matrix.mtx.gz,L275355,1
GSM8563001:CTCATGCAGCACGGAT,Naive3,GSM8563001,L185195,1.0,CTCATGCAGCACGGAT-1,1947,GSM8563001_Naive3_filtered_matrix.mtx.gz,L185195,1
GSM8563001:CTCATGCCAACTCCAA,Naive3,GSM8563001,L40629,1.0,CTCATGCCAACTCCAA-1,1948,GSM8563001_Naive3_filtered_matrix.mtx.gz,L40629,4
GSM8563001:CTCATGCCACCATTCC,Naive3,GSM8563001,L242237,1.0,CTCATGCCACCATTCC-1,1949,GSM8563001_Naive3_filtered_matrix.mtx.gz,L242237,4
GSM8563001:CTCATGCGTCATGCAT,Naive3,GSM8563001,L77443,1.0,CTCATGCGTCATGCAT-1,1950,GSM8563001_Naive3_filtered_matrix.mtx.gz,L77443,2
GSM8563001:CTCATGCTCAACGCTA,Naive3,GSM8563001,L17873,1.0,CTCATGCTCAACGCTA-1,1951,GSM8563001_Naive3_filtered_matrix.mtx.gz,L17873,0
GSM8563001:CTCATGCTCAATCGGT,Naive3,GSM8563001,L304696,1.0,CTCATGCTCAATCGGT-1,1952,GSM8563001_Naive3_filtered_matrix.mtx.gz,L304696,2
GSM8563001:CTCATGCTCGTAACAC,Naive3,GSM8563001,L51134,1.0,CTCATGCTCGTAACAC-1,1954,GSM8563001_Naive3_filtered_matrix.mtx.gz,L51134,0
GSM8563001:CTCATTAAGATTAGAC,Naive3,GSM8563001,L3265,1.0,CTCATTAAGATTAGAC-1,1955,GSM8563001_Naive3_filtered_matrix.mtx.gz,L3265,4
GSM8563001:CTCATTAAGGAATTAC,Naive3,GSM8563001,L214021,1.0,CTCATTAAGGAATTAC-1,1956,GSM8563001_Naive3_filtered_matrix.mtx.gz,L214021,2
GSM8563001:CTCATTATCTTGGTGA,Naive3,GSM8563001,L72050,1.0,CTCATTATCTTGGTGA-1,1957,GSM8563001_Naive3_filtered_matrix.mtx.gz,L72050,0
GSM8563001:CTCATTATCTTTACAC,Naive3,GSM8563001,L82979,1.0,CTCATTATCTTTACAC-1,1958,GSM8563001_Naive3_filtered_matrix.mtx.gz,L82979,2
GSM8563001:CTCCAACAGCGACAGT,Naive3,GSM8563001,L50807,1.0,CTCCAACAGCGACAGT-1,1960,GSM8563001_Naive3_filtered_matrix.mtx.gz,L50807,4
GSM8563001:CTCCAACCAGAAGTGC,Naive3,GSM8563001,L284309,1.0,CTCCAACCAGAAGTGC-1,1961,GSM8563001_Naive3_filtered_matrix.mtx.gz,L284309,0
GSM8563001:CTCCAACCAGGTCCGT,Naive3,GSM8563001,L118613,1.0,CTCCAACCAGGTCCGT-1,1962,GSM8563001_Naive3_filtered_matrix.mtx.gz,L118613,2
GSM8563001:CTCCAACGTCTTTCAT,Naive3,GSM8563001,L127213,0.551022,CTCCAACGTCTTTCAT-1,1963,GSM8563001_Naive3_filtered_matrix.mtx.gz,L127213,0
GSM8563001:CTCCAACGTTGCATAC,Naive3,GSM8563001,L297256,1.0,CTCCAACGTTGCATAC-1,1964,GSM8563001_Naive3_filtered_matrix.mtx.gz,L297256,1
GSM8563001:CTCCACAAGCATTTCG,Naive3,GSM8563001,L191369,0.997345,CTCCACAAGCATTTCG-1,1965,GSM8563001_Naive3_filtered_matrix.mtx.gz,L191369,4
GSM8563001:CTCCACAAGGCCACTC,Naive3,GSM8563001,L5495,1.0,CTCCACAAGGCCACTC-1,1966,GSM8563001_Naive3_filtered_matrix.mtx.gz,L5495,0
GSM8563001:CTCCACAAGTCAGCGA,Naive3,GSM8563001,L269961,1.0,CTCCACAAGTCAGCGA-1,1967,GSM8563001_Naive3_filtered_matrix.mtx.gz,L269961,4
GSM8563001:CTCCACACAGTGGCTC,Naive3,GSM8563001,L70669,1.0,CTCCACACAGTGGCTC-1,1968,GSM8563001_Naive3_filtered_matrix.mtx.gz,L70669,3
GSM8563001:CTCCACAGTCTCAAGT,Naive3,GSM8563001,L267278,1.0,CTCCACAGTCTCAAGT-1,1969,GSM8563001_Naive3_filtered_matrix.mtx.gz,L267278,1
GSM8563001:CTCCATGCATGGAATA,Naive3,GSM8563001,L180119,1.0,CTCCATGCATGGAATA-1,1971,GSM8563001_Naive3_filtered_matrix.mtx.gz,L180119,1
GSM8563001:CTCCATGGTCTTGTCC,Naive3,GSM8563001,L70669,1.0,CTCCATGGTCTTGTCC-1,1972,GSM8563001_Naive3_filtered_matrix.mtx.gz,L70669,3
GSM8563001:CTCCCAAAGTATCCTG,Naive3,GSM8563001,L31856,1.0,CTCCCAAAGTATCCTG-1,1974,GSM8563001_Naive3_filtered_matrix.mtx.gz,L31856,4
GSM8563001:CTCCCAAGTCCATCTC,Naive3,GSM8563001,L166707,1.0,CTCCCAAGTCCATCTC-1,1976,GSM8563001_Naive3_filtered_matrix.mtx.gz,L166707,1
GSM8563001:CTCCCAAGTTGTCTAG,Naive3,GSM8563001,L289938,1.0,CTCCCAAGTTGTCTAG-1,1977,GSM8563001_Naive3_filtered_matrix.mtx.gz,L289938,1
GSM8563001:CTCCCAATCGCTTGAA,Naive3,GSM8563001,L293527,1.0,CTCCCAATCGCTTGAA-1,1979,GSM8563001_Naive3_filtered_matrix.mtx.gz,L293527,3
GSM8563001:CTCCCTCAGCCGCTTG,Naive3,GSM8563001,L13818,1.0,CTCCCTCAGCCGCTTG-1,1980,GSM8563001_Naive3_filtered_matrix.mtx.gz,L13818,3
GSM8563001:CTCCCTCAGTCCTGCG,Naive3,GSM8563001,L305688,1.0,CTCCCTCAGTCCTGCG-1,1981,GSM8563001_Naive3_filtered_matrix.mtx.gz,L305688,3
GSM8563001:CTCCCTCCATATGAAG,Naive3,GSM8563001,L31852,1.0,CTCCCTCCATATGAAG-1,1982,GSM8563001_Naive3_filtered_matrix.mtx.gz,L31852,2
GSM8563001:CTCCCTCTCCGGTAAT,Naive3,GSM8563001,L292133,1.0,CTCCCTCTCCGGTAAT-1,1983,GSM8563001_Naive3_filtered_matrix.mtx.gz,L292133,1
GSM8563001:CTCCGATGTGAACTAA,Naive3,GSM8563001,L31852,1.0,CTCCGATGTGAACTAA-1,1985,GSM8563001_Naive3_filtered_matrix.mtx.gz,L31852,2
GSM8563001:CTCCGATTCATGAGTC,Naive3,GSM8563001,L74748,1.0,CTCCGATTCATGAGTC-1,1986,GSM8563001_Naive3_filtered_matrix.mtx.gz,L74748,3
GSM8563001:CTCCGATTCCCGTTGT,Naive3,GSM8563001,L163721,1.0,CTCCGATTCCCGTTGT-1,1987,GSM8563001_Naive3_filtered_matrix.mtx.gz,L163721,1
GSM8563001:CTCCGATTCGCACGGT,Naive3,GSM8563001,L204285,1.0,CTCCGATTCGCACGGT-1,1988,GSM8563001_Naive3_filtered_matrix.mtx.gz,L204285,3
GSM8563001:CTCCTCCAGAAGGCTC,Naive3,GSM8563001,L239228,1.0,CTCCTCCAGAAGGCTC-1,1989,GSM8563001_Naive3_filtered_matrix.mtx.gz,L239228,2
GSM8563001:CTCCTCCAGGATAATC,Naive3,GSM8563001,L31856,1.0,CTCCTCCAGGATAATC-1,1990,GSM8563001_Naive3_filtered_matrix.mtx.gz,L31856,4
GSM8563001:CTCCTCCCAAATTAGG,Naive3,GSM8563001,L254234,1.0,CTCCTCCCAAATTAGG-1,1991,GSM8563001_Naive3_filtered_matrix.mtx.gz,L254234,3
GSM8563001:CTCCTCCCATCACGGC,Naive3,GSM8563001,L251680,1.0,CTCCTCCCATCACGGC-1,1993,GSM8563001_Naive3_filtered_matrix.mtx.gz,L251680,3
GSM8563001:CTCCTCCGTCATCGGC,Naive3,GSM8563001,L59420,1.0,CTCCTCCGTCATCGGC-1,1994,GSM8563001_Naive3_filtered_matrix.mtx.gz,L59420,0
GSM8563001:CTCCTCCTCATTCATC,Naive3,GSM8563001,L232125,1.0,CTCCTCCTCATTCATC-1,1997,GSM8563001_Naive3_filtered_matrix.mtx.gz,L232125,0
GSM8563001:CTCCTTTAGCTTGTTG,Naive3,GSM8563001,L22281,1.0,CTCCTTTAGCTTGTTG-1,1999,GSM8563001_Naive3_filtered_matrix.mtx.gz,L22281,0
GSM8563001:CTCCTTTAGGAGGCAG,Naive3,GSM8563001,L3243,0.81889,CTCCTTTAGGAGGCAG-1,2000,GSM8563001_Naive3_filtered_matrix.mtx.gz,L3243,0
GSM8563001:CTCCTTTAGTGATCGG,Naive3,GSM8563001,L187689,1.0,CTCCTTTAGTGATCGG-1,2002,GSM8563001_Naive3_filtered_matrix.mtx.gz,L187689,2
GSM8563001:CTCCTTTTCTCTAAGG,Naive3,GSM8563001,L214973,1.0,CTCCTTTTCTCTAAGG-1,2004,GSM8563001_Naive3_filtered_matrix.mtx.gz,L214973,2
GSM8563001:CTCCTTTTCTCTAGGA,Naive3,GSM8563001,L98634,1.0,CTCCTTTTCTCTAGGA-1,2005,GSM8563001_Naive3_filtered_matrix.mtx.gz,L98634,2
GSM8563001:CTCCTTTTCTGTAAGC,Naive3,GSM8563001,L314428,1.0,CTCCTTTTCTGTAAGC-1,2006,GSM8563001_Naive3_filtered_matrix.mtx.gz,L314428,3
GSM8563001:CTCGAGGAGACGCCAA,Naive3,GSM8563001,L88461,1.0,CTCGAGGAGACGCCAA-1,2007,GSM8563001_Naive3_filtered_matrix.mtx.gz,L88461,3
GSM8563001:CTCGAGGAGCAAGGAA,Naive3,GSM8563001,L67907,1.0,CTCGAGGAGCAAGGAA-1,2008,GSM8563001_Naive3_filtered_matrix.mtx.gz,L67907,4
GSM8563001:CTCGAGGAGTTCCATG,Naive3,GSM8563001,L6369,1.0,CTCGAGGAGTTCCATG-1,2009,GSM8563001_Naive3_filtered_matrix.mtx.gz,L6369,4
GSM8563001:CTCGAGGTCATGAGGG,Naive3,GSM8563001,L56999,1.0,CTCGAGGTCATGAGGG-1,2011,GSM8563001_Naive3_filtered_matrix.mtx.gz,L56999,0
GSM8563001:CTCGAGGTCGCCCAGA,Naive3,GSM8563001,L166707,1.0,CTCGAGGTCGCCCAGA-1,2012,GSM8563001_Naive3_filtered_matrix.mtx.gz,L166707,1
GSM8563001:CTCTCAGCACTCAAGT,Naive3,GSM8563001,L23858,1.0,CTCTCAGCACTCAAGT-1,2014,GSM8563001_Naive3_filtered_matrix.mtx.gz,L23858,1
GSM8563001:CTCTCAGCAGTTTCGA,Naive3,GSM8563001,L124481,1.0,CTCTCAGCAGTTTCGA-1,2015,GSM8563001_Naive3_filtered_matrix.mtx.gz,L124481,3
GSM8563001:CTCTCAGGTAGCTTGT,Naive3,GSM8563001,L197414,1.0,CTCTCAGGTAGCTTGT-1,2016,GSM8563001_Naive3_filtered_matrix.mtx.gz,L197414,1
GSM8563001:CTCTCAGTCAATCCGA,Naive3,GSM8563001,L86394,1.0,CTCTCAGTCAATCCGA-1,2017,GSM8563001_Naive3_filtered_matrix.mtx.gz,L86394,1
GSM8563001:CTCTCGACACGCGCAT,Naive3,GSM8563001,L113271,1.0,CTCTCGACACGCGCAT-1,2018,GSM8563001_Naive3_filtered_matrix.mtx.gz,L113271,4
GSM8563001:CTCTCGACAGCTATAC,Naive3,GSM8563001,L41699,1.0,CTCTCGACAGCTATAC-1,2019,GSM8563001_Naive3_filtered_matrix.mtx.gz,L41699,3
GSM8563001:CTCTCGATCCCGTGTT,Naive3,GSM8563001,L152903,1.0,CTCTCGATCCCGTGTT-1,2021,GSM8563001_Naive3_filtered_matrix.mtx.gz,L152903,2
GSM8563001:CTCTGGTAGAGGGCGA,Naive3,GSM8563001,L183654,1.0,CTCTGGTAGAGGGCGA-1,2022,GSM8563001_Naive3_filtered_matrix.mtx.gz,L183654,3
GSM8563001:CTCTGGTCACATGACT,Naive3,GSM8563001,L231007,1.0,CTCTGGTCACATGACT-1,2023,GSM8563001_Naive3_filtered_matrix.mtx.gz,L231007,2
GSM8563001:CTCTGGTGTACCTAGT,Naive3,GSM8563001,L185762,1.0,CTCTGGTGTACCTAGT-1,2024,GSM8563001_Naive3_filtered_matrix.mtx.gz,L185762,1
GSM8563001:CTGAATGAGGAAGAAC,Naive3,GSM8563001,L91035,1.0,CTGAATGAGGAAGAAC-1,2026,GSM8563001_Naive3_filtered_matrix.mtx.gz,L91035,3
GSM8563001:CTGAATGCAGTTAGGG,Naive3,GSM8563001,L149612,1.0,CTGAATGCAGTTAGGG-1,2027,GSM8563001_Naive3_filtered_matrix.mtx.gz,L149612,4
GSM8563001:CTGAATGGTTTGTTCT,Naive3,GSM8563001,L3157,1.0,CTGAATGGTTTGTTCT-1,2028,GSM8563001_Naive3_filtered_matrix.mtx.gz,L3157,3
GSM8563001:CTGAGCGAGCAGCAGT,Naive3,GSM8563001,L65794,1.0,CTGAGCGAGCAGCAGT-1,2030,GSM8563001_Naive3_filtered_matrix.mtx.gz,L65794,4
GSM8563001:CTGAGCGTCAGACCTA,Naive3,GSM8563001,L274645,1.0,CTGAGCGTCAGACCTA-1,2033,GSM8563001_Naive3_filtered_matrix.mtx.gz,L274645,0
GSM8563001:CTGAGGCCATATGGCT,Naive3,GSM8563001,L175598,1.0,CTGAGGCCATATGGCT-1,2037,GSM8563001_Naive3_filtered_matrix.mtx.gz,L175598,3
GSM8563001:CTGATCCAGTACTCGT,Naive3,GSM8563001,L47103,1.0,CTGATCCAGTACTCGT-1,2039,GSM8563001_Naive3_filtered_matrix.mtx.gz,L47103,4
GSM8563001:CTGATCCAGTAGGTTA,Naive3,GSM8563001,L317026,1.0,CTGATCCAGTAGGTTA-1,2040,GSM8563001_Naive3_filtered_matrix.mtx.gz,L317026,4
GSM8563001:CTGATCCAGTGACCTT,Naive3,GSM8563001,L137611,1.0,CTGATCCAGTGACCTT-1,2041,GSM8563001_Naive3_filtered_matrix.mtx.gz,L137611,4
GSM8563001:CTGATCCCACACCTGG,Naive3,GSM8563001,L138906,1.0,CTGATCCCACACCTGG-1,2042,GSM8563001_Naive3_filtered_matrix.mtx.gz,L138906,2
GSM8563001:CTGATCCGTATCGAGG,Naive3,GSM8563001,L57672,1.0,CTGATCCGTATCGAGG-1,2044,GSM8563001_Naive3_filtered_matrix.mtx.gz,L57672,2
GSM8563001:CTGATCCGTCGCTTGG,Naive3,GSM8563001,L100814,1.0,CTGATCCGTCGCTTGG-1,2046,GSM8563001_Naive3_filtered_matrix.mtx.gz,L100814,0
GSM8563001:CTGATCCGTCTTTATC,Naive3,GSM8563001,L70669,0.997316,CTGATCCGTCTTTATC-1,2047,GSM8563001_Naive3_filtered_matrix.mtx.gz,L70669,3
GSM8563001:CTGATCCGTTAGAGTA,Naive3,GSM8563001,L274951,1.0,CTGATCCGTTAGAGTA-1,2048,GSM8563001_Naive3_filtered_matrix.mtx.gz,L274951,3
GSM8563001:CTGATCCTCCATTGCC,Naive3,GSM8563001,L118637,1.0,CTGATCCTCCATTGCC-1,2049,GSM8563001_Naive3_filtered_matrix.mtx.gz,L118637,1
GSM8563001:CTGATCCTCCCGAAAT,Naive3,GSM8563001,L12301,1.0,CTGATCCTCCCGAAAT-1,2050,GSM8563001_Naive3_filtered_matrix.mtx.gz,L12301,0
GSM8563001:CTGATCCTCGATTTCT,Naive3,GSM8563001,L208068,1.0,CTGATCCTCGATTTCT-1,2051,GSM8563001_Naive3_filtered_matrix.mtx.gz,L208068,4
GSM8563001:CTGCAGGCAGTAGTTC,Naive3,GSM8563001,L25042,1.0,CTGCAGGCAGTAGTTC-1,2052,GSM8563001_Naive3_filtered_matrix.mtx.gz,L25042,4
GSM8563001:CTGCAGGCATCGCCTT,Naive3,GSM8563001,L293527,1.0,CTGCAGGCATCGCCTT-1,2053,GSM8563001_Naive3_filtered_matrix.mtx.gz,L293527,3
GSM8563001:CTGCAGGTCCGATAGT,Naive3,GSM8563001,L230913,1.0,CTGCAGGTCCGATAGT-1,2055,GSM8563001_Naive3_filtered_matrix.mtx.gz,L230913,1
GSM8563001:CTGCATCGTGGCGCTT,Naive3,GSM8563001,L62684,1.0,CTGCATCGTGGCGCTT-1,2058,GSM8563001_Naive3_filtered_matrix.mtx.gz,L62684,1
GSM8563001:CTGCATCTCTAGATCG,Naive3,GSM8563001,L267658,1.0,CTGCATCTCTAGATCG-1,2059,GSM8563001_Naive3_filtered_matrix.mtx.gz,L267658,3
GSM8563001:CTGCCATAGATAGCTA,Naive3,GSM8563001,L247317,1.0,CTGCCATAGATAGCTA-1,2060,GSM8563001_Naive3_filtered_matrix.mtx.gz,L247317,0
GSM8563001:CTGCCATCACGCCACA,Naive3,GSM8563001,L254373,1.0,CTGCCATCACGCCACA-1,2062,GSM8563001_Naive3_filtered_matrix.mtx.gz,L254373,4
GSM8563001:CTGCCATCAGACGGAT,Naive3,GSM8563001,L234444,1.0,CTGCCATCAGACGGAT-1,2063,GSM8563001_Naive3_filtered_matrix.mtx.gz,L234444,3
GSM8563001:CTGCCATGTTTCGTTT,Naive3,GSM8563001,L214973,1.0,CTGCCATGTTTCGTTT-1,2065,GSM8563001_Naive3_filtered_matrix.mtx.gz,L214973,2
GSM8563001:CTGCCTACAAGTGGGT,Naive3,GSM8563001,L241549,1.0,CTGCCTACAAGTGGGT-1,2066,GSM8563001_Naive3_filtered_matrix.mtx.gz,L241549,3
GSM8563001:CTGCCTACACTCGATA,Naive3,GSM8563001,L227050,1.0,CTGCCTACACTCGATA-1,2067,GSM8563001_Naive3_filtered_matrix.mtx.gz,L227050,3
GSM8563001:CTGCCTAGTGTGTACT,Naive3,GSM8563001,L183654,1.0,CTGCCTAGTGTGTACT-1,2068,GSM8563001_Naive3_filtered_matrix.mtx.gz,L183654,3
GSM8563001:CTGCCTATCGTGGTAT,Naive3,GSM8563001,L120471,1.0,CTGCCTATCGTGGTAT-1,2070,GSM8563001_Naive3_filtered_matrix.mtx.gz,L120471,1
GSM8563001:CTGCGAGAGCTCGAAG,Naive3,GSM8563001,L263990,1.0,CTGCGAGAGCTCGAAG-1,2071,GSM8563001_Naive3_filtered_matrix.mtx.gz,L263990,1
GSM8563001:CTGCGAGGTGAGCAGT,Naive3,GSM8563001,L173296,1.0,CTGCGAGGTGAGCAGT-1,2074,GSM8563001_Naive3_filtered_matrix.mtx.gz,L173296,1
GSM8563001:CTGCTCAAGATCCGAG,Naive3,GSM8563001,L264962,1.0,CTGCTCAAGATCCGAG-1,2075,GSM8563001_Naive3_filtered_matrix.mtx.gz,L264962,3
GSM8563001:CTGCTCACAAAGGCGT,Naive3,GSM8563001,L16438,1.0,CTGCTCACAAAGGCGT-1,2076,GSM8563001_Naive3_filtered_matrix.mtx.gz,L16438,1
GSM8563001:CTGCTCACAACCAACT,Naive3,GSM8563001,L198433,1.0,CTGCTCACAACCAACT-1,2077,GSM8563001_Naive3_filtered_matrix.mtx.gz,L198433,3
GSM8563001:CTGCTCACATTGCCTC,Naive3,GSM8563001,L274951,1.0,CTGCTCACATTGCCTC-1,2078,GSM8563001_Naive3_filtered_matrix.mtx.gz,L274951,3
GSM8563001:CTGCTCATCCAATGCA,Naive3,GSM8563001,L235372,0.999997,CTGCTCATCCAATGCA-1,2079,GSM8563001_Naive3_filtered_matrix.mtx.gz,L235372,1
GSM8563001:CTGCTCATCCATTGGA,Naive3,GSM8563001,L254373,0.744371,CTGCTCATCCATTGGA-1,2080,GSM8563001_Naive3_filtered_matrix.mtx.gz,L254373,4
GSM8563001:CTGCTCATCGGCATTA,Naive3,GSM8563001,L305830,1.0,CTGCTCATCGGCATTA-1,2081,GSM8563001_Naive3_filtered_matrix.mtx.gz,L305830,0
GSM8563001:CTGCTCATCGGCGATC,Naive3,GSM8563001,L219307,1.0,CTGCTCATCGGCGATC-1,2082,GSM8563001_Naive3_filtered_matrix.mtx.gz,L219307,3
GSM8563001:CTGGACGGTGCCGGTT,Naive3,GSM8563001,L314894,1.0,CTGGACGGTGCCGGTT-1,2086,GSM8563001_Naive3_filtered_matrix.mtx.gz,L314894,1
GSM8563001:CTGGCAGAGTGGCGAT,Naive3,GSM8563001,L112980,1.0,CTGGCAGAGTGGCGAT-1,2087,GSM8563001_Naive3_filtered_matrix.mtx.gz,L112980,0
GSM8563001:CTGGCAGCAAAGCACG,Naive3,GSM8563001,L164614,1.0,CTGGCAGCAAAGCACG-1,2088,GSM8563001_Naive3_filtered_matrix.mtx.gz,L164614,3
GSM8563001:CTGGCAGGTGGAGAAA,Naive3,GSM8563001,L152903,1.0,CTGGCAGGTGGAGAAA-1,2090,GSM8563001_Naive3_filtered_matrix.mtx.gz,L152903,2
GSM8563001:CTGGCAGGTTGCTTGA,Naive3,GSM8563001,L56999,1.0,CTGGCAGGTTGCTTGA-1,2091,GSM8563001_Naive3_filtered_matrix.mtx.gz,L56999,0
GSM8563001:CTGGTCTCAGGGATAC,Naive3,GSM8563001,L86394,1.0,CTGGTCTCAGGGATAC-1,2093,GSM8563001_Naive3_filtered_matrix.mtx.gz,L86394,1
GSM8563001:CTGGTCTGTCCTTGTC,Naive3,GSM8563001,L322777,1.0,CTGGTCTGTCCTTGTC-1,2094,GSM8563001_Naive3_filtered_matrix.mtx.gz,L322777,4
GSM8563001:CTGTACCCACTTGAAC,Naive3,GSM8563001,L56999,1.0,CTGTACCCACTTGAAC-1,2097,GSM8563001_Naive3_filtered_matrix.mtx.gz,L56999,0
GSM8563001:CTGTACCGTGTTATCG,Naive3,GSM8563001,L178651,0.99959,CTGTACCGTGTTATCG-1,2099,GSM8563001_Naive3_filtered_matrix.mtx.gz,L178651,1
GSM8563001:CTGTACCGTTAGGCCC,Naive3,GSM8563001,L202688,1.0,CTGTACCGTTAGGCCC-1,2100,GSM8563001_Naive3_filtered_matrix.mtx.gz,L202688,1
GSM8563001:CTGTAGACAACGGCTC,Naive3,GSM8563001,L139565,1.0,CTGTAGACAACGGCTC-1,2102,GSM8563001_Naive3_filtered_matrix.mtx.gz,L139565,3
GSM8563001:CTGTAGACAATTTCGG,Naive3,GSM8563001,L31852,1.0,CTGTAGACAATTTCGG-1,2103,GSM8563001_Naive3_filtered_matrix.mtx.gz,L31852,2
GSM8563001:CTGTAGAGTGTCCCTT,Naive3,GSM8563001,L110493,1.0,CTGTAGAGTGTCCCTT-1,2105,GSM8563001_Naive3_filtered_matrix.mtx.gz,L110493,0
GSM8563001:CTGTAGATCCACAGCG,Naive3,GSM8563001,L328262,1.0,CTGTAGATCCACAGCG-1,2107,GSM8563001_Naive3_filtered_matrix.mtx.gz,L328262,2
GSM8563001:CTGTAGATCCCACAGG,Naive3,GSM8563001,L165042,1.0,CTGTAGATCCCACAGG-1,2108,GSM8563001_Naive3_filtered_matrix.mtx.gz,L165042,0
GSM8563001:CTGTAGATCTTAGCCC,Naive3,GSM8563001,L47994,1.0,CTGTAGATCTTAGCCC-1,2109,GSM8563001_Naive3_filtered_matrix.mtx.gz,L47994,2
GSM8563001:CTGTATTAGCAGTACG,Naive3,GSM8563001,L68231,1.0,CTGTATTAGCAGTACG-1,2110,GSM8563001_Naive3_filtered_matrix.mtx.gz,L68231,0
GSM8563001:CTGTATTGTTCAATCG,Naive3,GSM8563001,L137611,1.0,CTGTATTGTTCAATCG-1,2112,GSM8563001_Naive3_filtered_matrix.mtx.gz,L137611,4
GSM8563001:CTGTCGTCAGCGAACA,Naive3,GSM8563001,L229494,1.0,CTGTCGTCAGCGAACA-1,2113,GSM8563001_Naive3_filtered_matrix.mtx.gz,L229494,1
GSM8563001:CTGTCGTGTCGATTTG,Naive3,GSM8563001,L177128,1.0,CTGTCGTGTCGATTTG-1,2114,GSM8563001_Naive3_filtered_matrix.mtx.gz,L177128,3
GSM8563001:CTGTCGTGTCGGCACT,Naive3,GSM8563001,L227502,1.0,CTGTCGTGTCGGCACT-1,2115,GSM8563001_Naive3_filtered_matrix.mtx.gz,L227502,2
GSM8563001:CTGTCGTGTGTGCTTA,Naive3,GSM8563001,L219307,1.0,CTGTCGTGTGTGCTTA-1,2116,GSM8563001_Naive3_filtered_matrix.mtx.gz,L219307,3
GSM8563001:CTGTCGTTCATCGTAG,Naive3,GSM8563001,L37950,0.508255,CTGTCGTTCATCGTAG-1,2117,GSM8563001_Naive3_filtered_matrix.mtx.gz,L37950,1
GSM8563001:CTGTCGTTCTACCTTA,Naive3,GSM8563001,L112164,1.0,CTGTCGTTCTACCTTA-1,2118,GSM8563001_Naive3_filtered_matrix.mtx.gz,L112164,2
GSM8563001:CTGTGAAAGGCTAAAT,Naive3,GSM8563001,L12989,1.0,CTGTGAAAGGCTAAAT-1,2119,GSM8563001_Naive3_filtered_matrix.mtx.gz,L12989,3
GSM8563001:CTGTGAACAGTTGCGC,Naive3,GSM8563001,L13712,1.0,CTGTGAACAGTTGCGC-1,2120,GSM8563001_Naive3_filtered_matrix.mtx.gz,L13712,3
GSM8563001:CTGTGAAGTTCAAGTC,Naive3,GSM8563001,L122300,0.998193,CTGTGAAGTTCAAGTC-1,2121,GSM8563001_Naive3_filtered_matrix.mtx.gz,L122300,3
GSM8563001:CTTACCGAGTAAGACT,Naive3,GSM8563001,L52613,1.0,CTTACCGAGTAAGACT-1,2125,GSM8563001_Naive3_filtered_matrix.mtx.gz,L52613,0
GSM8563001:CTTAGGATCTGCCTGT,Naive3,GSM8563001,L314894,1.0,CTTAGGATCTGCCTGT-1,2128,GSM8563001_Naive3_filtered_matrix.mtx.gz,L314894,1
GSM8563001:CTTCAATAGACGAGCT,Naive3,GSM8563001,L185259,1.0,CTTCAATAGACGAGCT-1,2129,GSM8563001_Naive3_filtered_matrix.mtx.gz,L185259,1
GSM8563001:CTTCAATCAAGTGATA,Naive3,GSM8563001,L295492,1.0,CTTCAATCAAGTGATA-1,2131,GSM8563001_Naive3_filtered_matrix.mtx.gz,L295492,0
GSM8563001:CTTCAATGTACGTGAG,Naive3,GSM8563001,L104099,1.0,CTTCAATGTACGTGAG-1,2132,GSM8563001_Naive3_filtered_matrix.mtx.gz,L104099,4
GSM8563001:CTTCCGACACATTGTG,Naive3,GSM8563001,L44509,1.0,CTTCCGACACATTGTG-1,2133,GSM8563001_Naive3_filtered_matrix.mtx.gz,L44509,3
GSM8563001:CTTCCGACAGAACGCA,Naive3,GSM8563001,L40917,1.0,CTTCCGACAGAACGCA-1,2134,GSM8563001_Naive3_filtered_matrix.mtx.gz,L40917,3
GSM8563001:CTTCCGAGTTCGATTG,Naive3,GSM8563001,L167950,1.0,CTTCCGAGTTCGATTG-1,2136,GSM8563001_Naive3_filtered_matrix.mtx.gz,L167950,3
GSM8563001:CTTCCGATCCTTCTGG,Naive3,GSM8563001,L54250,1.0,CTTCCGATCCTTCTGG-1,2138,GSM8563001_Naive3_filtered_matrix.mtx.gz,L54250,4
GSM8563001:CTTCCGATCGTTCATT,Naive3,GSM8563001,L318033,1.0,CTTCCGATCGTTCATT-1,2140,GSM8563001_Naive3_filtered_matrix.mtx.gz,L318033,2
GSM8563001:CTTCCTTTCCCAACTC,Naive3,GSM8563001,L222867,1.0,CTTCCTTTCCCAACTC-1,2142,GSM8563001_Naive3_filtered_matrix.mtx.gz,L222867,4
GSM8563001:CTTCGGTCAATGTGGG,Naive3,GSM8563001,L166707,1.0,CTTCGGTCAATGTGGG-1,2144,GSM8563001_Naive3_filtered_matrix.mtx.gz,L166707,1
GSM8563001:CTTCGGTGTCAGGCAA,Naive3,GSM8563001,L18366,1.0,CTTCGGTGTCAGGCAA-1,2146,GSM8563001_Naive3_filtered_matrix.mtx.gz,L18366,1
GSM8563001:CTTCTAACAATTAGGA,Naive3,GSM8563001,L8387,1.0,CTTCTAACAATTAGGA-1,2147,GSM8563001_Naive3_filtered_matrix.mtx.gz,L8387,0
GSM8563001:CTTCTAATCTTAGCCC,Naive3,GSM8563001,L74009,1.0,CTTCTAATCTTAGCCC-1,2148,GSM8563001_Naive3_filtered_matrix.mtx.gz,L74009,1
GSM8563001:CTTCTCTGTGATAGAT,Naive3,GSM8563001,L169857,1.0,CTTCTCTGTGATAGAT-1,2150,GSM8563001_Naive3_filtered_matrix.mtx.gz,L169857,1
GSM8563001:CTTGAGAAGCACAAAT,Naive3,GSM8563001,L227502,1.0,CTTGAGAAGCACAAAT-1,2153,GSM8563001_Naive3_filtered_matrix.mtx.gz,L227502,2
GSM8563001:CTTGAGAAGCGTTCAT,Naive3,GSM8563001,L305688,1.0,CTTGAGAAGCGTTCAT-1,2154,GSM8563001_Naive3_filtered_matrix.mtx.gz,L305688,3
GSM8563001:CTTGATTCAAGGTCAG,Naive3,GSM8563001,L16178,1.0,CTTGATTCAAGGTCAG-1,2156,GSM8563001_Naive3_filtered_matrix.mtx.gz,L16178,0
GSM8563001:CTTGATTTCGACCAAT,Naive3,GSM8563001,L198915,1.0,CTTGATTTCGACCAAT-1,2158,GSM8563001_Naive3_filtered_matrix.mtx.gz,L198915,1
GSM8563001:CTTGATTTCGTGGGTC,Naive3,GSM8563001,L87366,1.0,CTTGATTTCGTGGGTC-1,2159,GSM8563001_Naive3_filtered_matrix.mtx.gz,L87366,3
GSM8563001:CTTTCAACACAGCTGC,Naive3,GSM8563001,L192531,1.0,CTTTCAACACAGCTGC-1,2161,GSM8563001_Naive3_filtered_matrix.mtx.gz,L192531,1
GSM8563001:CTTTCAAGTAGGGTAC,Naive3,GSM8563001,L235421,0.887606,CTTTCAAGTAGGGTAC-1,2162,GSM8563001_Naive3_filtered_matrix.mtx.gz,L235421,3
GSM8563001:CTTTCAATCTAGTTCT,Naive3,GSM8563001,L112548,1.0,CTTTCAATCTAGTTCT-1,2164,GSM8563001_Naive3_filtered_matrix.mtx.gz,L112548,0
GSM8563001:CTTTCGGTCACAAGGG,Naive3,GSM8563001,L257154,1.0,CTTTCGGTCACAAGGG-1,2165,GSM8563001_Naive3_filtered_matrix.mtx.gz,L257154,4
GSM8563001:CTTTCGGTCATTTGTC,Naive3,GSM8563001,L219307,1.0,CTTTCGGTCATTTGTC-1,2166,GSM8563001_Naive3_filtered_matrix.mtx.gz,L219307,3
GSM8563001:GAAACCTAGAAGGCTC,Naive3,GSM8563001,L30726,1.0,GAAACCTAGAAGGCTC-1,2167,GSM8563001_Naive3_filtered_matrix.mtx.gz,L30726,2
GSM8563001:GAAACCTCAGTTAGGG,Naive3,GSM8563001,L55260,1.0,GAAACCTCAGTTAGGG-1,2168,GSM8563001_Naive3_filtered_matrix.mtx.gz,L55260,4
GSM8563001:GAAACCTTCAAATGAG,Naive3,GSM8563001,L239228,1.0,GAAACCTTCAAATGAG-1,2169,GSM8563001_Naive3_filtered_matrix.mtx.gz,L239228,2
GSM8563001:GAAACCTTCGAGCTGC,Naive3,GSM8563001,L113820,1.0,GAAACCTTCGAGCTGC-1,2170,GSM8563001_Naive3_filtered_matrix.mtx.gz,L113820,1
GSM8563001:GAAACCTTCGCACGGT,Naive3,GSM8563001,L289938,1.0,GAAACCTTCGCACGGT-1,2171,GSM8563001_Naive3_filtered_matrix.mtx.gz,L289938,1
GSM8563001:GAAATGAAGAGTTGCG,Naive3,GSM8563001,L219307,1.0,GAAATGAAGAGTTGCG-1,2172,GSM8563001_Naive3_filtered_matrix.mtx.gz,L219307,3
GSM8563001:GAAATGACACACACGC,Naive3,GSM8563001,L126735,1.0,GAAATGACACACACGC-1,2173,GSM8563001_Naive3_filtered_matrix.mtx.gz,L126735,1
GSM8563001:GAAATGAGTAAGTTAG,Naive3,GSM8563001,L117154,1.0,GAAATGAGTAAGTTAG-1,2174,GSM8563001_Naive3_filtered_matrix.mtx.gz,L117154,4
GSM8563001:GAACACTCAACGCCCA,Naive3,GSM8563001,L199024,1.0,GAACACTCAACGCCCA-1,2177,GSM8563001_Naive3_filtered_matrix.mtx.gz,L199024,0
GSM8563001:GAACGTTCAAAGGATT,Naive3,GSM8563001,L96449,1.0,GAACGTTCAAAGGATT-1,2179,GSM8563001_Naive3_filtered_matrix.mtx.gz,L96449,2
GSM8563001:GAACGTTGTCGTCAGC,Naive3,GSM8563001,L249292,1.0,GAACGTTGTCGTCAGC-1,2180,GSM8563001_Naive3_filtered_matrix.mtx.gz,L249292,3
GSM8563001:GAACGTTTCGTAACAC,Naive3,GSM8563001,L161977,1.0,GAACGTTTCGTAACAC-1,2181,GSM8563001_Naive3_filtered_matrix.mtx.gz,L161977,0
GSM8563001:GAACTGTCACAGCGCT,Naive3,GSM8563001,L312270,1.0,GAACTGTCACAGCGCT-1,2186,GSM8563001_Naive3_filtered_matrix.mtx.gz,L312270,3
GSM8563001:GAACTGTTCCACATAG,Naive3,GSM8563001,L129285,1.0,GAACTGTTCCACATAG-1,2188,GSM8563001_Naive3_filtered_matrix.mtx.gz,L129285,2
GSM8563001:GAACTGTTCTATACGG,Naive3,GSM8563001,L223157,1.0,GAACTGTTCTATACGG-1,2189,GSM8563001_Naive3_filtered_matrix.mtx.gz,L223157,0
GSM8563001:GAAGAATCAACCCTAA,Naive3,GSM8563001,L210749,1.0,GAAGAATCAACCCTAA-1,2190,GSM8563001_Naive3_filtered_matrix.mtx.gz,L210749,2
GSM8563001:GAAGAATGTTCGGCGT,Naive3,GSM8563001,L234444,1.0,GAAGAATGTTCGGCGT-1,2191,GSM8563001_Naive3_filtered_matrix.mtx.gz,L234444,3
GSM8563001:GAAGAATTCTGCGTCT,Naive3,GSM8563001,L227502,1.0,GAAGAATTCTGCGTCT-1,2192,GSM8563001_Naive3_filtered_matrix.mtx.gz,L227502,2
GSM8563001:GAAGCCCAGACTTCGT,Naive3,GSM8563001,L16294,0.999853,GAAGCCCAGACTTCGT-1,2193,GSM8563001_Naive3_filtered_matrix.mtx.gz,L16294,1
GSM8563001:GAAGCCCAGGAGGTTC,Naive3,GSM8563001,L266998,1.0,GAAGCCCAGGAGGTTC-1,2194,GSM8563001_Naive3_filtered_matrix.mtx.gz,L266998,3
GSM8563001:GAAGCCCCAGTCGCAC,Naive3,GSM8563001,L212617,1.0,GAAGCCCCAGTCGCAC-1,2195,GSM8563001_Naive3_filtered_matrix.mtx.gz,L212617,1
GSM8563001:GAAGCGACAGTTAGAA,Naive3,GSM8563001,L56999,1.0,GAAGCGACAGTTAGAA-1,2198,GSM8563001_Naive3_filtered_matrix.mtx.gz,L56999,0
GSM8563001:GAAGCGAGTCATGCAT,Naive3,GSM8563001,L152903,1.0,GAAGCGAGTCATGCAT-1,2199,GSM8563001_Naive3_filtered_matrix.mtx.gz,L152903,2
GSM8563001:GAAGCGATCAGTCTTT,Naive3,GSM8563001,L185259,1.0,GAAGCGATCAGTCTTT-1,2200,GSM8563001_Naive3_filtered_matrix.mtx.gz,L185259,1
GSM8563001:GAAGCGATCTCCGTGT,Naive3,GSM8563001,L320820,1.0,GAAGCGATCTCCGTGT-1,2201,GSM8563001_Naive3_filtered_matrix.mtx.gz,L320820,3
GSM8563001:GAAGGACAGGTGATAT,Naive3,GSM8563001,L257154,1.0,GAAGGACAGGTGATAT-1,2203,GSM8563001_Naive3_filtered_matrix.mtx.gz,L257154,4
GSM8563001:GAAGGACGTGATAGAT,Naive3,GSM8563001,L239190,1.0,GAAGGACGTGATAGAT-1,2204,GSM8563001_Naive3_filtered_matrix.mtx.gz,L239190,1
GSM8563001:GAAGGACGTGGTAATA,Naive3,GSM8563001,L177336,1.0,GAAGGACGTGGTAATA-1,2205,GSM8563001_Naive3_filtered_matrix.mtx.gz,L177336,4
GSM8563001:GAAGGACTCTGGACTA,Naive3,GSM8563001,L14939,1.0,GAAGGACTCTGGACTA-1,2207,GSM8563001_Naive3_filtered_matrix.mtx.gz,L14939,1
GSM8563001:GAAGGGTAGACCCTTA,Naive3,GSM8563001,L76568,1.0,GAAGGGTAGACCCTTA-1,2208,GSM8563001_Naive3_filtered_matrix.mtx.gz,L76568,0
GSM8563001:GAAGGGTAGGGAACAA,Naive3,GSM8563001,L229874,1.0,GAAGGGTAGGGAACAA-1,2209,GSM8563001_Naive3_filtered_matrix.mtx.gz,L229874,1
GSM8563001:GAAGGGTCAAGAGAGA,Naive3,GSM8563001,L55,1.0,GAAGGGTCAAGAGAGA-1,2210,GSM8563001_Naive3_filtered_matrix.mtx.gz,L55,0
GSM8563001:GAAGGGTCACGCGCTA,Naive3,GSM8563001,L51669,1.0,GAAGGGTCACGCGCTA-1,2211,GSM8563001_Naive3_filtered_matrix.mtx.gz,L51669,4
GSM8563001:GAAGGGTGTCGCTTAA,Naive3,GSM8563001,L316393,1.0,GAAGGGTGTCGCTTAA-1,2213,GSM8563001_Naive3_filtered_matrix.mtx.gz,L316393,1
GSM8563001:GAAGGGTTCGCAAGAG,Naive3,GSM8563001,L319635,1.0,GAAGGGTTCGCAAGAG-1,2214,GSM8563001_Naive3_filtered_matrix.mtx.gz,L319635,1
GSM8563001:GAAGGGTTCTGCTGAA,Naive3,GSM8563001,L13818,1.0,GAAGGGTTCTGCTGAA-1,2215,GSM8563001_Naive3_filtered_matrix.mtx.gz,L13818,3
GSM8563001:GAAGTAATCATGAAAG,Naive3,GSM8563001,L40629,1.0,GAAGTAATCATGAAAG-1,2217,GSM8563001_Naive3_filtered_matrix.mtx.gz,L40629,4
GSM8563001:GAAGTAATCTGACGCG,Naive3,GSM8563001,L195450,1.0,GAAGTAATCTGACGCG-1,2218,GSM8563001_Naive3_filtered_matrix.mtx.gz,L195450,0
GSM8563001:GAATAGACACGCTGCA,Naive3,GSM8563001,L239228,1.0,GAATAGACACGCTGCA-1,2219,GSM8563001_Naive3_filtered_matrix.mtx.gz,L239228,2
GSM8563001:GAATAGACATGCCGAC,Naive3,GSM8563001,L82823,1.0,GAATAGACATGCCGAC-1,2220,GSM8563001_Naive3_filtered_matrix.mtx.gz,L82823,1
GSM8563001:GAATAGAGTTAATCGC,Naive3,GSM8563001,L195812,1.0,GAATAGAGTTAATCGC-1,2221,GSM8563001_Naive3_filtered_matrix.mtx.gz,L195812,3
GSM8563001:GAATAGATCCCTCTTT,Naive3,GSM8563001,L82979,1.0,GAATAGATCCCTCTTT-1,2223,GSM8563001_Naive3_filtered_matrix.mtx.gz,L82979,2
GSM8563001:GAATCACAGCGCCATC,Naive3,GSM8563001,L187885,1.0,GAATCACAGCGCCATC-1,2224,GSM8563001_Naive3_filtered_matrix.mtx.gz,L187885,0
GSM8563001:GAATCACAGTGGACGT,Naive3,GSM8563001,L305324,1.0,GAATCACAGTGGACGT-1,2225,GSM8563001_Naive3_filtered_matrix.mtx.gz,L305324,4
GSM8563001:GAATCACAGTTGTAGA,Naive3,GSM8563001,L274951,1.0,GAATCACAGTTGTAGA-1,2226,GSM8563001_Naive3_filtered_matrix.mtx.gz,L274951,3
GSM8563001:GAATCACCATAACCCA,Naive3,GSM8563001,L40629,1.0,GAATCACCATAACCCA-1,2227,GSM8563001_Naive3_filtered_matrix.mtx.gz,L40629,4
GSM8563001:GAATCACCATGTTTGG,Naive3,GSM8563001,L56999,1.0,GAATCACCATGTTTGG-1,2228,GSM8563001_Naive3_filtered_matrix.mtx.gz,L56999,0
GSM8563001:GAATCACGTTCACGAT,Naive3,GSM8563001,L229494,1.0,GAATCACGTTCACGAT-1,2230,GSM8563001_Naive3_filtered_matrix.mtx.gz,L229494,1
GSM8563001:GAATCGTAGGCCTGCT,Naive3,GSM8563001,L204032,1.0,GAATCGTAGGCCTGCT-1,2232,GSM8563001_Naive3_filtered_matrix.mtx.gz,L204032,4
GSM8563001:GAATCGTCAACACAGG,Naive3,GSM8563001,L230913,1.0,GAATCGTCAACACAGG-1,2234,GSM8563001_Naive3_filtered_matrix.mtx.gz,L230913,1
GSM8563001:GAATCGTGTACTCGAT,Naive3,GSM8563001,L264962,1.0,GAATCGTGTACTCGAT-1,2236,GSM8563001_Naive3_filtered_matrix.mtx.gz,L264962,3
GSM8563001:GAATCGTGTCCGATCG,Naive3,GSM8563001,L167106,1.0,GAATCGTGTCCGATCG-1,2237,GSM8563001_Naive3_filtered_matrix.mtx.gz,L167106,1
GSM8563001:GAATCGTTCGATTTCT,Naive3,GSM8563001,L257082,1.0,GAATCGTTCGATTTCT-1,2238,GSM8563001_Naive3_filtered_matrix.mtx.gz,L257082,1
GSM8563001:GACACGCGTAGTAAGT,Naive3,GSM8563001,L196691,1.0,GACACGCGTAGTAAGT-1,2239,GSM8563001_Naive3_filtered_matrix.mtx.gz,L196691,2
GSM8563001:GACACGCTCAGACCCG,Naive3,GSM8563001,L265836,1.0,GACACGCTCAGACCCG-1,2240,GSM8563001_Naive3_filtered_matrix.mtx.gz,L265836,0
GSM8563001:GACACGCTCAGCCTCT,Naive3,GSM8563001,L19489,1.0,GACACGCTCAGCCTCT-1,2241,GSM8563001_Naive3_filtered_matrix.mtx.gz,L19489,0
GSM8563001:GACACGCTCTACACTT,Naive3,GSM8563001,L308730,0.999955,GACACGCTCTACACTT-1,2242,GSM8563001_Naive3_filtered_matrix.mtx.gz,L308730,1
GSM8563001:GACAGCCAGAGTAACT,Naive3,GSM8563001,L30726,1.0,GACAGCCAGAGTAACT-1,2243,GSM8563001_Naive3_filtered_matrix.mtx.gz,L30726,2
GSM8563001:GACAGCCCAATGTCAC,Naive3,GSM8563001,L155963,1.0,GACAGCCCAATGTCAC-1,2245,GSM8563001_Naive3_filtered_matrix.mtx.gz,L155963,0
GSM8563001:GACAGCCGTCCGTTTC,Naive3,GSM8563001,L8387,1.0,GACAGCCGTCCGTTTC-1,2247,GSM8563001_Naive3_filtered_matrix.mtx.gz,L8387,0
GSM8563001:GACAGCCGTCTTAGTG,Naive3,GSM8563001,L86394,1.0,GACAGCCGTCTTAGTG-1,2248,GSM8563001_Naive3_filtered_matrix.mtx.gz,L86394,1
GSM8563001:GACAGCCTCAAATGCC,Naive3,GSM8563001,L306454,1.0,GACAGCCTCAAATGCC-1,2249,GSM8563001_Naive3_filtered_matrix.mtx.gz,L306454,4
GSM8563001:GACATCAAGAAACTGT,Naive3,GSM8563001,L84351,1.0,GACATCAAGAAACTGT-1,2250,GSM8563001_Naive3_filtered_matrix.mtx.gz,L84351,3
GSM8563001:GACATCACAAAGGAGA,Naive3,GSM8563001,L297256,1.0,GACATCACAAAGGAGA-1,2251,GSM8563001_Naive3_filtered_matrix.mtx.gz,L297256,1
GSM8563001:GACATCACATATCGGT,Naive3,GSM8563001,L123574,1.0,GACATCACATATCGGT-1,2252,GSM8563001_Naive3_filtered_matrix.mtx.gz,L123574,4
GSM8563001:GACATCAGTCGTCATA,Naive3,GSM8563001,L31852,1.0,GACATCAGTCGTCATA-1,2253,GSM8563001_Naive3_filtered_matrix.mtx.gz,L31852,2
GSM8563001:GACCAATAGCACTAGG,Naive3,GSM8563001,L313443,0.911016,GACCAATAGCACTAGG-1,2255,GSM8563001_Naive3_filtered_matrix.mtx.gz,L313443,1
GSM8563001:GACCAATCATCTCGTC,Naive3,GSM8563001,L290603,1.0,GACCAATCATCTCGTC-1,2256,GSM8563001_Naive3_filtered_matrix.mtx.gz,L290603,1
GSM8563001:GACCAATGTGTAGCAG,Naive3,GSM8563001,L261529,1.0,GACCAATGTGTAGCAG-1,2257,GSM8563001_Naive3_filtered_matrix.mtx.gz,L261529,0
GSM8563001:GACCAATTCCGCGATG,Naive3,GSM8563001,L167129,1.0,GACCAATTCCGCGATG-1,2258,GSM8563001_Naive3_filtered_matrix.mtx.gz,L167129,1
GSM8563001:GACCCAGGTATCGTGT,Naive3,GSM8563001,L75392,1.0,GACCCAGGTATCGTGT-1,2261,GSM8563001_Naive3_filtered_matrix.mtx.gz,L75392,4
GSM8563001:GACCCTTAGCTGGAGT,Naive3,GSM8563001,L231446,1.0,GACCCTTAGCTGGAGT-1,2262,GSM8563001_Naive3_filtered_matrix.mtx.gz,L231446,0
GSM8563001:GACCCTTTCGACCAAT,Naive3,GSM8563001,L237845,1.0,GACCCTTTCGACCAAT-1,2264,GSM8563001_Naive3_filtered_matrix.mtx.gz,L237845,2
GSM8563001:GACCGTGAGCGCTTCG,Naive3,GSM8563001,L87366,1.0,GACCGTGAGCGCTTCG-1,2265,GSM8563001_Naive3_filtered_matrix.mtx.gz,L87366,3
GSM8563001:GACCGTGCAATTAGGA,Naive3,GSM8563001,L98440,1.0,GACCGTGCAATTAGGA-1,2267,GSM8563001_Naive3_filtered_matrix.mtx.gz,L98440,0
GSM8563001:GACCTTCGTATGACAA,Naive3,GSM8563001,L298485,1.0,GACCTTCGTATGACAA-1,2271,GSM8563001_Naive3_filtered_matrix.mtx.gz,L298485,3
GSM8563001:GACCTTCTCCGCACTT,Naive3,GSM8563001,L24429,1.0,GACCTTCTCCGCACTT-1,2273,GSM8563001_Naive3_filtered_matrix.mtx.gz,L24429,4
GSM8563001:GACGCTGAGCCAACCC,Naive3,GSM8563001,L287522,1.0,GACGCTGAGCCAACCC-1,2275,GSM8563001_Naive3_filtered_matrix.mtx.gz,L287522,4
GSM8563001:GACGCTGAGTCTAGAA,Naive3,GSM8563001,L210499,1.0,GACGCTGAGTCTAGAA-1,2276,GSM8563001_Naive3_filtered_matrix.mtx.gz,L210499,1
GSM8563001:GACGCTGGTACGTAGG,Naive3,GSM8563001,L213986,1.0,GACGCTGGTACGTAGG-1,2277,GSM8563001_Naive3_filtered_matrix.mtx.gz,L213986,3
GSM8563001:GACGCTGGTATGCTAC,Naive3,GSM8563001,L193060,1.0,GACGCTGGTATGCTAC-1,2278,GSM8563001_Naive3_filtered_matrix.mtx.gz,L193060,0
GSM8563001:GACGCTGGTCAACGCC,Naive3,GSM8563001,L31111,1.0,GACGCTGGTCAACGCC-1,2279,GSM8563001_Naive3_filtered_matrix.mtx.gz,L31111,3
GSM8563001:GACGCTGGTCTGTGGC,Naive3,GSM8563001,L320820,1.0,GACGCTGGTCTGTGGC-1,2280,GSM8563001_Naive3_filtered_matrix.mtx.gz,L320820,3
GSM8563001:GACGTTAAGGGATCAC,Naive3,GSM8563001,L31852,1.0,GACGTTAAGGGATCAC-1,2282,GSM8563001_Naive3_filtered_matrix.mtx.gz,L31852,2
GSM8563001:GACGTTAAGTGCTCAT,Naive3,GSM8563001,L96449,1.0,GACGTTAAGTGCTCAT-1,2283,GSM8563001_Naive3_filtered_matrix.mtx.gz,L96449,2
GSM8563001:GACGTTACAGAATGTA,Naive3,GSM8563001,L251680,1.0,GACGTTACAGAATGTA-1,2284,GSM8563001_Naive3_filtered_matrix.mtx.gz,L251680,3
GSM8563001:GACGTTAGTTTAGAGA,Naive3,GSM8563001,L206384,1.0,GACGTTAGTTTAGAGA-1,2286,GSM8563001_Naive3_filtered_matrix.mtx.gz,L206384,3
GSM8563001:GACGTTAGTTTCGACA,Naive3,GSM8563001,L86394,1.0,GACGTTAGTTTCGACA-1,2287,GSM8563001_Naive3_filtered_matrix.mtx.gz,L86394,1
GSM8563001:GACGTTATCTCGCGTT,Naive3,GSM8563001,L328955,1.0,GACGTTATCTCGCGTT-1,2290,GSM8563001_Naive3_filtered_matrix.mtx.gz,L328955,3
GSM8563001:GACTATGAGACGCAGT,Naive3,GSM8563001,L70542,1.0,GACTATGAGACGCAGT-1,2291,GSM8563001_Naive3_filtered_matrix.mtx.gz,L70542,1
GSM8563001:GACTATGAGCCAAGCA,Naive3,GSM8563001,L295193,1.0,GACTATGAGCCAAGCA-1,2292,GSM8563001_Naive3_filtered_matrix.mtx.gz,L295193,1
GSM8563001:GACTATGCAGTCGGAA,Naive3,GSM8563001,L12301,1.0,GACTATGCAGTCGGAA-1,2294,GSM8563001_Naive3_filtered_matrix.mtx.gz,L12301,0
GSM8563001:GACTATGGTAAGTCAA,Naive3,GSM8563001,L86394,1.0,GACTATGGTAAGTCAA-1,2295,GSM8563001_Naive3_filtered_matrix.mtx.gz,L86394,1
GSM8563001:GACTATGGTACTAGCT,Naive3,GSM8563001,L16438,0.997774,GACTATGGTACTAGCT-1,2296,GSM8563001_Naive3_filtered_matrix.mtx.gz,L16438,1
GSM8563001:GACTATGTCACGTCCT,Naive3,GSM8563001,L130771,1.0,GACTATGTCACGTCCT-1,2297,GSM8563001_Naive3_filtered_matrix.mtx.gz,L130771,2
GSM8563001:GACTCAAAGAGATTCA,Naive3,GSM8563001,L25515,1.0,GACTCAAAGAGATTCA-1,2299,GSM8563001_Naive3_filtered_matrix.mtx.gz,L25515,1
GSM8563001:GACTCAAAGGAGTATT,Naive3,GSM8563001,L212632,0.643373,GACTCAAAGGAGTATT-1,2300,GSM8563001_Naive3_filtered_matrix.mtx.gz,L212632,0
GSM8563001:GACTCAAAGTGCGTCC,Naive3,GSM8563001,L80342,1.0,GACTCAAAGTGCGTCC-1,2301,GSM8563001_Naive3_filtered_matrix.mtx.gz,L80342,1
GSM8563001:GACTCAACAACCGATT,Naive3,GSM8563001,L239228,1.0,GACTCAACAACCGATT-1,2302,GSM8563001_Naive3_filtered_matrix.mtx.gz,L239228,2
GSM8563001:GACTCAAGTCAGACGA,Naive3,GSM8563001,L229874,1.0,GACTCAAGTCAGACGA-1,2303,GSM8563001_Naive3_filtered_matrix.mtx.gz,L229874,1
GSM8563001:GACTCAATCATTGTGG,Naive3,GSM8563001,L257154,1.0,GACTCAATCATTGTGG-1,2305,GSM8563001_Naive3_filtered_matrix.mtx.gz,L257154,4
GSM8563001:GACTCTCAGTCTGGAG,Naive3,GSM8563001,L207012,1.0,GACTCTCAGTCTGGAG-1,2307,GSM8563001_Naive3_filtered_matrix.mtx.gz,L207012,4
GSM8563001:GACTCTCCAATTGCAC,Naive3,GSM8563001,L275878,1.0,GACTCTCCAATTGCAC-1,2308,GSM8563001_Naive3_filtered_matrix.mtx.gz,L275878,4
GSM8563001:GACTCTCCAGACCTAT,Naive3,GSM8563001,L303918,1.0,GACTCTCCAGACCTAT-1,2309,GSM8563001_Naive3_filtered_matrix.mtx.gz,L303918,0
GSM8563001:GACTCTCCAGAGGACT,Naive3,GSM8563001,L177238,1.0,GACTCTCCAGAGGACT-1,2310,GSM8563001_Naive3_filtered_matrix.mtx.gz,L177238,4
GSM8563001:GACTCTCGTAACGGTG,Naive3,GSM8563001,L223068,1.0,GACTCTCGTAACGGTG-1,2311,GSM8563001_Naive3_filtered_matrix.mtx.gz,L223068,0
GSM8563001:GACTCTCTCAGGGATG,Naive3,GSM8563001,L187885,1.0,GACTCTCTCAGGGATG-1,2312,GSM8563001_Naive3_filtered_matrix.mtx.gz,L187885,0
GSM8563001:GACTGATAGAAGCGCT,Naive3,GSM8563001,L260458,0.998979,GACTGATAGAAGCGCT-1,2313,GSM8563001_Naive3_filtered_matrix.mtx.gz,L260458,4
GSM8563001:GACTGATAGGATTTAG,Naive3,GSM8563001,L229764,1.0,GACTGATAGGATTTAG-1,2314,GSM8563001_Naive3_filtered_matrix.mtx.gz,L229764,2
GSM8563001:GACTGATAGTTACGAA,Naive3,GSM8563001,L25042,1.0,GACTGATAGTTACGAA-1,2315,GSM8563001_Naive3_filtered_matrix.mtx.gz,L25042,4
GSM8563001:GACTGATCACAATTCG,Naive3,GSM8563001,L55,1.0,GACTGATCACAATTCG-1,2316,GSM8563001_Naive3_filtered_matrix.mtx.gz,L55,0
GSM8563001:GACTTCCCAATCGCAT,Naive3,GSM8563001,L137611,1.0,GACTTCCCAATCGCAT-1,2319,GSM8563001_Naive3_filtered_matrix.mtx.gz,L137611,4
GSM8563001:GACTTCCCAGAGGCTA,Naive3,GSM8563001,L199024,1.0,GACTTCCCAGAGGCTA-1,2320,GSM8563001_Naive3_filtered_matrix.mtx.gz,L199024,0
GSM8563001:GAGACCCAGAGGCGGA,Naive3,GSM8563001,L255305,1.0,GAGACCCAGAGGCGGA-1,2325,GSM8563001_Naive3_filtered_matrix.mtx.gz,L255305,2
GSM8563001:GAGACCCTCCACTTTA,Naive3,GSM8563001,L117154,1.0,GAGACCCTCCACTTTA-1,2326,GSM8563001_Naive3_filtered_matrix.mtx.gz,L117154,4
GSM8563001:GAGACTTCAACGATCT,Naive3,GSM8563001,L153469,1.0,GAGACTTCAACGATCT-1,2328,GSM8563001_Naive3_filtered_matrix.mtx.gz,L153469,3
GSM8563001:GAGACTTCAGTTAGAA,Naive3,GSM8563001,L227975,1.0,GAGACTTCAGTTAGAA-1,2329,GSM8563001_Naive3_filtered_matrix.mtx.gz,L227975,1
GSM8563001:GAGACTTGTTTGTTGG,Naive3,GSM8563001,L16242,1.0,GAGACTTGTTTGTTGG-1,2330,GSM8563001_Naive3_filtered_matrix.mtx.gz,L16242,1
GSM8563001:GAGAGGTAGTAGTGCG,Naive3,GSM8563001,L224816,1.0,GAGAGGTAGTAGTGCG-1,2331,GSM8563001_Naive3_filtered_matrix.mtx.gz,L224816,2
GSM8563001:GAGAGGTCACAGAGCA,Naive3,GSM8563001,L40593,1.0,GAGAGGTCACAGAGCA-1,2332,GSM8563001_Naive3_filtered_matrix.mtx.gz,L40593,1
GSM8563001:GAGAGGTGTACCGGCT,Naive3,GSM8563001,L326124,1.0,GAGAGGTGTACCGGCT-1,2334,GSM8563001_Naive3_filtered_matrix.mtx.gz,L326124,1
GSM8563001:GAGAGGTGTGTTGACT,Naive3,GSM8563001,L149612,1.0,GAGAGGTGTGTTGACT-1,2335,GSM8563001_Naive3_filtered_matrix.mtx.gz,L149612,4
GSM8563001:GAGAGGTGTTTGGCTA,Naive3,GSM8563001,L103561,1.0,GAGAGGTGTTTGGCTA-1,2336,GSM8563001_Naive3_filtered_matrix.mtx.gz,L103561,1
GSM8563001:GAGAGGTTCCGTTGGG,Naive3,GSM8563001,L239228,1.0,GAGAGGTTCCGTTGGG-1,2337,GSM8563001_Naive3_filtered_matrix.mtx.gz,L239228,2
GSM8563001:GAGATGGAGGTTTACC,Naive3,GSM8563001,L152903,1.0,GAGATGGAGGTTTACC-1,2338,GSM8563001_Naive3_filtered_matrix.mtx.gz,L152903,2
GSM8563001:GAGATGGCAACATACC,Naive3,GSM8563001,L75591,1.0,GAGATGGCAACATACC-1,2339,GSM8563001_Naive3_filtered_matrix.mtx.gz,L75591,0
GSM8563001:GAGATGGCATCGGAAG,Naive3,GSM8563001,L189320,1.0,GAGATGGCATCGGAAG-1,2341,GSM8563001_Naive3_filtered_matrix.mtx.gz,L189320,0
GSM8563001:GAGCCTGGTCTGTCAA,Naive3,GSM8563001,L31572,1.0,GAGCCTGGTCTGTCAA-1,2344,GSM8563001_Naive3_filtered_matrix.mtx.gz,L31572,3
GSM8563001:GAGCCTGTCATAAGGA,Naive3,GSM8563001,L192225,0.999999,GAGCCTGTCATAAGGA-1,2347,GSM8563001_Naive3_filtered_matrix.mtx.gz,L192225,0
GSM8563001:GAGCCTGTCCCTTGTG,Naive3,GSM8563001,L47728,0.997993,GAGCCTGTCCCTTGTG-1,2348,GSM8563001_Naive3_filtered_matrix.mtx.gz,L47728,4
GSM8563001:GAGCTGCGTAGTGTGG,Naive3,GSM8563001,L239190,1.0,GAGCTGCGTAGTGTGG-1,2349,GSM8563001_Naive3_filtered_matrix.mtx.gz,L239190,1
GSM8563001:GAGCTGCGTGCTCTCT,Naive3,GSM8563001,L76568,1.0,GAGCTGCGTGCTCTCT-1,2350,GSM8563001_Naive3_filtered_matrix.mtx.gz,L76568,0
GSM8563001:GAGCTGCGTGGGTCAA,Naive3,GSM8563001,L173296,1.0,GAGCTGCGTGGGTCAA-1,2351,GSM8563001_Naive3_filtered_matrix.mtx.gz,L173296,1
GSM8563001:GAGCTGCGTTCGTGCG,Naive3,GSM8563001,L52309,1.0,GAGCTGCGTTCGTGCG-1,2352,GSM8563001_Naive3_filtered_matrix.mtx.gz,L52309,2
GSM8563001:GAGCTGCTCTGGCCAG,Naive3,GSM8563001,L222867,1.0,GAGCTGCTCTGGCCAG-1,2353,GSM8563001_Naive3_filtered_matrix.mtx.gz,L222867,4
GSM8563001:GAGGCCTAGGTATAGT,Naive3,GSM8563001,L320820,1.0,GAGGCCTAGGTATAGT-1,2355,GSM8563001_Naive3_filtered_matrix.mtx.gz,L320820,3
GSM8563001:GAGGCCTTCTTACGGA,Naive3,GSM8563001,L167670,1.0,GAGGCCTTCTTACGGA-1,2357,GSM8563001_Naive3_filtered_matrix.mtx.gz,L167670,2
GSM8563001:GAGGGATGTACCATAC,Naive3,GSM8563001,L123574,1.0,GAGGGATGTACCATAC-1,2358,GSM8563001_Naive3_filtered_matrix.mtx.gz,L123574,4
GSM8563001:GAGGGATGTCTCGGGT,Naive3,GSM8563001,L64990,1.0,GAGGGATGTCTCGGGT-1,2359,GSM8563001_Naive3_filtered_matrix.mtx.gz,L64990,4
GSM8563001:GAGGGATTCAGTGTGT,Naive3,GSM8563001,L144495,1.0,GAGGGATTCAGTGTGT-1,2361,GSM8563001_Naive3_filtered_matrix.mtx.gz,L144495,4
GSM8563001:GAGGGATTCGCCACTT,Naive3,GSM8563001,L328314,1.0,GAGGGATTCGCCACTT-1,2362,GSM8563001_Naive3_filtered_matrix.mtx.gz,L328314,1
GSM8563001:GAGGGATTCTTCCCAG,Naive3,GSM8563001,L240450,1.0,GAGGGATTCTTCCCAG-1,2363,GSM8563001_Naive3_filtered_matrix.mtx.gz,L240450,2
GSM8563001:GAGGGTATCTTTGCAT,Naive3,GSM8563001,L33701,1.0,GAGGGTATCTTTGCAT-1,2366,GSM8563001_Naive3_filtered_matrix.mtx.gz,L33701,3
GSM8563001:GAGTCATAGATGCTTC,Naive3,GSM8563001,L295193,1.0,GAGTCATAGATGCTTC-1,2367,GSM8563001_Naive3_filtered_matrix.mtx.gz,L295193,1
GSM8563001:GAGTCATCACCGTACG,Naive3,GSM8563001,L77190,1.0,GAGTCATCACCGTACG-1,2368,GSM8563001_Naive3_filtered_matrix.mtx.gz,L77190,2
GSM8563001:GAGTCATGTGAGGCAT,Naive3,GSM8563001,L75392,1.0,GAGTCATGTGAGGCAT-1,2370,GSM8563001_Naive3_filtered_matrix.mtx.gz,L75392,4
GSM8563001:GAGTCATGTTATGACC,Naive3,GSM8563001,L35389,1.0,GAGTCATGTTATGACC-1,2371,GSM8563001_Naive3_filtered_matrix.mtx.gz,L35389,4
GSM8563001:GAGTCATTCCGAGGCT,Naive3,GSM8563001,L274951,1.0,GAGTCATTCCGAGGCT-1,2373,GSM8563001_Naive3_filtered_matrix.mtx.gz,L274951,3
GSM8563001:GAGTCATTCGCTAATG,Naive3,GSM8563001,L229096,1.0,GAGTCATTCGCTAATG-1,2375,GSM8563001_Naive3_filtered_matrix.mtx.gz,L229096,4
GSM8563001:GAGTCATTCGGAAGGT,Naive3,GSM8563001,L210499,1.0,GAGTCATTCGGAAGGT-1,2376,GSM8563001_Naive3_filtered_matrix.mtx.gz,L210499,1
GSM8563001:GAGTCTAAGAAATTCG,Naive3,GSM8563001,L173031,1.0,GAGTCTAAGAAATTCG-1,2377,GSM8563001_Naive3_filtered_matrix.mtx.gz,L173031,0
GSM8563001:GAGTCTAAGGGTTTCT,Naive3,GSM8563001,L67284,1.0,GAGTCTAAGGGTTTCT-1,2379,GSM8563001_Naive3_filtered_matrix.mtx.gz,L67284,3
GSM8563001:GAGTCTAAGTTCCGTA,Naive3,GSM8563001,L186861,1.0,GAGTCTAAGTTCCGTA-1,2381,GSM8563001_Naive3_filtered_matrix.mtx.gz,L186861,1
GSM8563001:GAGTCTATCATCAGTG,Naive3,GSM8563001,L156142,0.613136,GAGTCTATCATCAGTG-1,2382,GSM8563001_Naive3_filtered_matrix.mtx.gz,L156142,4
GSM8563001:GAGTGAGAGCTGTTAC,Naive3,GSM8563001,L269961,1.0,GAGTGAGAGCTGTTAC-1,2385,GSM8563001_Naive3_filtered_matrix.mtx.gz,L269961,4
GSM8563001:GAGTGAGAGGTAGATT,Naive3,GSM8563001,L50672,1.0,GAGTGAGAGGTAGATT-1,2386,GSM8563001_Naive3_filtered_matrix.mtx.gz,L50672,4
GSM8563001:GAGTGTTAGTCATCCA,Naive3,GSM8563001,L241549,1.0,GAGTGTTAGTCATCCA-1,2388,GSM8563001_Naive3_filtered_matrix.mtx.gz,L241549,3
GSM8563001:GAGTGTTCAGAACATA,Naive3,GSM8563001,L48852,1.0,GAGTGTTCAGAACATA-1,2389,GSM8563001_Naive3_filtered_matrix.mtx.gz,L48852,1
GSM8563001:GAGTGTTCAGCACACC,Naive3,GSM8563001,L331210,1.0,GAGTGTTCAGCACACC-1,2391,GSM8563001_Naive3_filtered_matrix.mtx.gz,L331210,0
GSM8563001:GAGTGTTCATCTTTCA,Naive3,GSM8563001,L251893,1.0,GAGTGTTCATCTTTCA-1,2393,GSM8563001_Naive3_filtered_matrix.mtx.gz,L251893,2
GSM8563001:GAGTGTTGTTATTCTC,Naive3,GSM8563001,L107467,1.0,GAGTGTTGTTATTCTC-1,2394,GSM8563001_Naive3_filtered_matrix.mtx.gz,L107467,4
GSM8563001:GAGTGTTGTTGCCATA,Naive3,GSM8563001,L230913,1.0,GAGTGTTGTTGCCATA-1,2395,GSM8563001_Naive3_filtered_matrix.mtx.gz,L230913,1
GSM8563001:GAGTGTTTCTGGGTCG,Naive3,GSM8563001,L98475,1.0,GAGTGTTTCTGGGTCG-1,2397,GSM8563001_Naive3_filtered_matrix.mtx.gz,L98475,0
GSM8563001:GAGTTACGTCCGACGT,Naive3,GSM8563001,L277200,1.0,GAGTTACGTCCGACGT-1,2399,GSM8563001_Naive3_filtered_matrix.mtx.gz,L277200,2
GSM8563001:GAGTTACGTTTGGCTA,Naive3,GSM8563001,L109019,1.0,GAGTTACGTTTGGCTA-1,2400,GSM8563001_Naive3_filtered_matrix.mtx.gz,L109019,3
GSM8563001:GAGTTGTCAACGATTC,Naive3,GSM8563001,L269961,1.0,GAGTTGTCAACGATTC-1,2402,GSM8563001_Naive3_filtered_matrix.mtx.gz,L269961,4
GSM8563001:GAGTTGTCACAGCTTA,Naive3,GSM8563001,L70669,1.0,GAGTTGTCACAGCTTA-1,2403,GSM8563001_Naive3_filtered_matrix.mtx.gz,L70669,3
GSM8563001:GAGTTTGAGACCAAAT,Naive3,GSM8563001,L187885,1.0,GAGTTTGAGACCAAAT-1,2404,GSM8563001_Naive3_filtered_matrix.mtx.gz,L187885,0
GSM8563001:GAGTTTGCATCGTGGC,Naive3,GSM8563001,L14939,1.0,GAGTTTGCATCGTGGC-1,2405,GSM8563001_Naive3_filtered_matrix.mtx.gz,L14939,1
GSM8563001:GATAGAAGTACATTGC,Naive3,GSM8563001,L149612,1.0,GATAGAAGTACATTGC-1,2408,GSM8563001_Naive3_filtered_matrix.mtx.gz,L149612,4
GSM8563001:GATAGAATCCACTAGA,Naive3,GSM8563001,L246037,1.0,GATAGAATCCACTAGA-1,2411,GSM8563001_Naive3_filtered_matrix.mtx.gz,L246037,2
GSM8563001:GATAGCTAGAAGTGTT,Naive3,GSM8563001,L870,1.0,GATAGCTAGAAGTGTT-1,2412,GSM8563001_Naive3_filtered_matrix.mtx.gz,L870,2
GSM8563001:GATAGCTAGACTTGTC,Naive3,GSM8563001,L59420,1.0,GATAGCTAGACTTGTC-1,2413,GSM8563001_Naive3_filtered_matrix.mtx.gz,L59420,0
GSM8563001:GATAGCTTCCTCGCAT,Naive3,GSM8563001,L60064,1.0,GATAGCTTCCTCGCAT-1,2414,GSM8563001_Naive3_filtered_matrix.mtx.gz,L60064,3
GSM8563001:GATAGCTTCTATCACT,Naive3,GSM8563001,L183358,1.0,GATAGCTTCTATCACT-1,2415,GSM8563001_Naive3_filtered_matrix.mtx.gz,L183358,0
GSM8563001:GATAGCTTCTCGTGGG,Naive3,GSM8563001,L6369,1.0,GATAGCTTCTCGTGGG-1,2416,GSM8563001_Naive3_filtered_matrix.mtx.gz,L6369,4
GSM8563001:GATCACAGTCTTCTAT,Naive3,GSM8563001,L70669,1.0,GATCACAGTCTTCTAT-1,2418,GSM8563001_Naive3_filtered_matrix.mtx.gz,L70669,3
GSM8563001:GATCAGTAGCGAACTG,Naive3,GSM8563001,L195812,1.0,GATCAGTAGCGAACTG-1,2420,GSM8563001_Naive3_filtered_matrix.mtx.gz,L195812,3
GSM8563001:GATCCCTAGCTATCTG,Naive3,GSM8563001,L23858,1.0,GATCCCTAGCTATCTG-1,2423,GSM8563001_Naive3_filtered_matrix.mtx.gz,L23858,1
GSM8563001:GATCCCTAGGATGCGT,Naive3,GSM8563001,L196691,1.0,GATCCCTAGGATGCGT-1,2424,GSM8563001_Naive3_filtered_matrix.mtx.gz,L196691,2
GSM8563001:GATCCCTAGTGAGTTA,Naive3,GSM8563001,L307329,1.0,GATCCCTAGTGAGTTA-1,2425,GSM8563001_Naive3_filtered_matrix.mtx.gz,L307329,1
GSM8563001:GATCGTACAAATGATG,Naive3,GSM8563001,L173031,1.0,GATCGTACAAATGATG-1,2426,GSM8563001_Naive3_filtered_matrix.mtx.gz,L173031,0
GSM8563001:GATCGTACAAGAGAGA,Naive3,GSM8563001,L16178,1.0,GATCGTACAAGAGAGA-1,2427,GSM8563001_Naive3_filtered_matrix.mtx.gz,L16178,0
GSM8563001:GATCGTACAATTAGGA,Naive3,GSM8563001,L93681,1.0,GATCGTACAATTAGGA-1,2428,GSM8563001_Naive3_filtered_matrix.mtx.gz,L93681,4
GSM8563001:GATCGTAGTCACATTG,Naive3,GSM8563001,L40629,1.0,GATCGTAGTCACATTG-1,2429,GSM8563001_Naive3_filtered_matrix.mtx.gz,L40629,4
GSM8563001:GATCGTATCGTTGTTT,Naive3,GSM8563001,L68277,1.0,GATCGTATCGTTGTTT-1,2430,GSM8563001_Naive3_filtered_matrix.mtx.gz,L68277,4
GSM8563001:GATGACTAGGCATCAG,Naive3,GSM8563001,L42654,1.0,GATGACTAGGCATCAG-1,2431,GSM8563001_Naive3_filtered_matrix.mtx.gz,L42654,2
GSM8563001:GATGACTAGGGAGTGG,Naive3,GSM8563001,L5070,1.0,GATGACTAGGGAGTGG-1,2432,GSM8563001_Naive3_filtered_matrix.mtx.gz,L5070,1
GSM8563001:GATGACTAGGTCATAA,Naive3,GSM8563001,L289938,1.0,GATGACTAGGTCATAA-1,2433,GSM8563001_Naive3_filtered_matrix.mtx.gz,L289938,1
GSM8563001:GATGACTCACCTCTAC,Naive3,GSM8563001,L11473,1.0,GATGACTCACCTCTAC-1,2434,GSM8563001_Naive3_filtered_matrix.mtx.gz,L11473,2
GSM8563001:GATGACTTCCATTGGA,Naive3,GSM8563001,L219307,1.0,GATGACTTCCATTGGA-1,2437,GSM8563001_Naive3_filtered_matrix.mtx.gz,L219307,3
GSM8563001:GATGAGGGTCCCTGTT,Naive3,GSM8563001,L142069,1.0,GATGAGGGTCCCTGTT-1,2440,GSM8563001_Naive3_filtered_matrix.mtx.gz,L142069,0
GSM8563001:GATGAGGGTCGCGTTG,Naive3,GSM8563001,L173296,1.0,GATGAGGGTCGCGTTG-1,2441,GSM8563001_Naive3_filtered_matrix.mtx.gz,L173296,1
GSM8563001:GATGAGGTCAGCAGAG,Naive3,GSM8563001,L190863,0.856819,GATGAGGTCAGCAGAG-1,2442,GSM8563001_Naive3_filtered_matrix.mtx.gz,L190863,1
GSM8563001:GATGAGGTCCATCACC,Naive3,GSM8563001,L192615,1.0,GATGAGGTCCATCACC-1,2443,GSM8563001_Naive3_filtered_matrix.mtx.gz,L192615,2
GSM8563001:GATGATCAGACTCAAA,Naive3,GSM8563001,L17420,1.0,GATGATCAGACTCAAA-1,2444,GSM8563001_Naive3_filtered_matrix.mtx.gz,L17420,0
GSM8563001:GATGCTAAGGGAGGTG,Naive3,GSM8563001,L37973,1.0,GATGCTAAGGGAGGTG-1,2445,GSM8563001_Naive3_filtered_matrix.mtx.gz,L37973,4
GSM8563001:GATGCTAAGTAGACAT,Naive3,GSM8563001,L161723,1.0,GATGCTAAGTAGACAT-1,2446,GSM8563001_Naive3_filtered_matrix.mtx.gz,L161723,0
GSM8563001:GATGCTACATCTCAAG,Naive3,GSM8563001,L210499,1.0,GATGCTACATCTCAAG-1,2447,GSM8563001_Naive3_filtered_matrix.mtx.gz,L210499,1
GSM8563001:GATGCTAGTCGATTAC,Naive3,GSM8563001,L304696,1.0,GATGCTAGTCGATTAC-1,2449,GSM8563001_Naive3_filtered_matrix.mtx.gz,L304696,2
GSM8563001:GATGCTAGTTAGGACG,Naive3,GSM8563001,L319635,0.999618,GATGCTAGTTAGGACG-1,2451,GSM8563001_Naive3_filtered_matrix.mtx.gz,L319635,1
GSM8563001:GATGCTATCTTCGGTC,Naive3,GSM8563001,L82032,1.0,GATGCTATCTTCGGTC-1,2452,GSM8563001_Naive3_filtered_matrix.mtx.gz,L82032,4
GSM8563001:GATGGAGAGACTTGTC,Naive3,GSM8563001,L187096,1.0,GATGGAGAGACTTGTC-1,2453,GSM8563001_Naive3_filtered_matrix.mtx.gz,L187096,2
GSM8563001:GATGGAGAGTTAACGA,Naive3,GSM8563001,L285237,1.0,GATGGAGAGTTAACGA-1,2455,GSM8563001_Naive3_filtered_matrix.mtx.gz,L285237,1
GSM8563001:GATGTTGCATTGGCAT,Naive3,GSM8563001,L314514,1.0,GATGTTGCATTGGCAT-1,2459,GSM8563001_Naive3_filtered_matrix.mtx.gz,L314514,2
GSM8563001:GATGTTGGTGGAGAAA,Naive3,GSM8563001,L304696,1.0,GATGTTGGTGGAGAAA-1,2461,GSM8563001_Naive3_filtered_matrix.mtx.gz,L304696,2
GSM8563001:GATGTTGTCTCGTCAC,Naive3,GSM8563001,L133458,1.0,GATGTTGTCTCGTCAC-1,2462,GSM8563001_Naive3_filtered_matrix.mtx.gz,L133458,3
GSM8563001:GATGTTGTCTGGACCG,Naive3,GSM8563001,L307329,1.0,GATGTTGTCTGGACCG-1,2463,GSM8563001_Naive3_filtered_matrix.mtx.gz,L307329,1
GSM8563001:GATTCGAAGAGCAGCT,Naive3,GSM8563001,L32013,1.0,GATTCGAAGAGCAGCT-1,2464,GSM8563001_Naive3_filtered_matrix.mtx.gz,L32013,1
GSM8563001:GATTCGACAGAATCGG,Naive3,GSM8563001,L207711,1.0,GATTCGACAGAATCGG-1,2465,GSM8563001_Naive3_filtered_matrix.mtx.gz,L207711,0
GSM8563001:GATTCGACATCTAGAC,Naive3,GSM8563001,L290603,1.0,GATTCGACATCTAGAC-1,2468,GSM8563001_Naive3_filtered_matrix.mtx.gz,L290603,1
GSM8563001:GATTCGAGTACCATAC,Naive3,GSM8563001,L66564,1.0,GATTCGAGTACCATAC-1,2469,GSM8563001_Naive3_filtered_matrix.mtx.gz,L66564,1
GSM8563001:GATTCTTCACTGGCGT,Naive3,GSM8563001,L240450,1.0,GATTCTTCACTGGCGT-1,2470,GSM8563001_Naive3_filtered_matrix.mtx.gz,L240450,2
GSM8563001:GATTCTTCATGGCACC,Naive3,GSM8563001,L6369,1.0,GATTCTTCATGGCACC-1,2471,GSM8563001_Naive3_filtered_matrix.mtx.gz,L6369,4
GSM8563001:GATTCTTGTAGTGATA,Naive3,GSM8563001,L278604,1.0,GATTCTTGTAGTGATA-1,2472,GSM8563001_Naive3_filtered_matrix.mtx.gz,L278604,2
GSM8563001:GATTCTTGTGAGTTTC,Naive3,GSM8563001,L40629,1.0,GATTCTTGTGAGTTTC-1,2473,GSM8563001_Naive3_filtered_matrix.mtx.gz,L40629,4
GSM8563001:GATTCTTGTGGAGAAA,Naive3,GSM8563001,L168951,1.0,GATTCTTGTGGAGAAA-1,2474,GSM8563001_Naive3_filtered_matrix.mtx.gz,L168951,2
GSM8563001:GATTCTTGTGTCTTCC,Naive3,GSM8563001,L145263,1.0,GATTCTTGTGTCTTCC-1,2475,GSM8563001_Naive3_filtered_matrix.mtx.gz,L145263,4
GSM8563001:GATTCTTTCAGACCTA,Naive3,GSM8563001,L86394,1.0,GATTCTTTCAGACCTA-1,2476,GSM8563001_Naive3_filtered_matrix.mtx.gz,L86394,1
GSM8563001:GATTGGTCACCCTATC,Naive3,GSM8563001,L303711,1.0,GATTGGTCACCCTATC-1,2479,GSM8563001_Naive3_filtered_matrix.mtx.gz,L303711,3
GSM8563001:GATTGGTGTGTGACCC,Naive3,GSM8563001,L138181,0.713005,GATTGGTGTGTGACCC-1,2481,GSM8563001_Naive3_filtered_matrix.mtx.gz,L138181,0
GSM8563001:GATTTCTAGCTGAGCA,Naive3,GSM8563001,L195450,1.0,GATTTCTAGCTGAGCA-1,2483,GSM8563001_Naive3_filtered_matrix.mtx.gz,L195450,0
GSM8563001:GATTTCTCATCGAGCC,Naive3,GSM8563001,L187885,1.0,GATTTCTCATCGAGCC-1,2484,GSM8563001_Naive3_filtered_matrix.mtx.gz,L187885,0
GSM8563001:GATTTCTGTACTTGTG,Naive3,GSM8563001,L123574,1.0,GATTTCTGTACTTGTG-1,2485,GSM8563001_Naive3_filtered_matrix.mtx.gz,L123574,4
GSM8563001:GATTTCTTCCCAACTC,Naive3,GSM8563001,L51134,1.0,GATTTCTTCCCAACTC-1,2486,GSM8563001_Naive3_filtered_matrix.mtx.gz,L51134,0
GSM8563001:GCAACATTCGTTATCT,Naive3,GSM8563001,L295193,1.0,GCAACATTCGTTATCT-1,2489,GSM8563001_Naive3_filtered_matrix.mtx.gz,L295193,1
GSM8563001:GCAACCGCAAGCTACT,Naive3,GSM8563001,L51134,1.0,GCAACCGCAAGCTACT-1,2490,GSM8563001_Naive3_filtered_matrix.mtx.gz,L51134,0
GSM8563001:GCAACCGCACAGTGTT,Naive3,GSM8563001,L195483,1.0,GCAACCGCACAGTGTT-1,2491,GSM8563001_Naive3_filtered_matrix.mtx.gz,L195483,2
GSM8563001:GCACATAAGCTGGCCT,Naive3,GSM8563001,L69904,1.0,GCACATAAGCTGGCCT-1,2494,GSM8563001_Naive3_filtered_matrix.mtx.gz,L69904,4
GSM8563001:GCACATACAAGCGAAC,Naive3,GSM8563001,L177128,1.0,GCACATACAAGCGAAC-1,2495,GSM8563001_Naive3_filtered_matrix.mtx.gz,L177128,3
GSM8563001:GCACATACACGCTATA,Naive3,GSM8563001,L152572,1.0,GCACATACACGCTATA-1,2496,GSM8563001_Naive3_filtered_matrix.mtx.gz,L152572,3
GSM8563001:GCACATAGTGGTCCCA,Naive3,GSM8563001,L112548,1.0,GCACATAGTGGTCCCA-1,2497,GSM8563001_Naive3_filtered_matrix.mtx.gz,L112548,0
GSM8563001:GCACGGTAGAGAGGTA,Naive3,GSM8563001,L266998,1.0,GCACGGTAGAGAGGTA-1,2499,GSM8563001_Naive3_filtered_matrix.mtx.gz,L266998,3
GSM8563001:GCACGGTAGAGTGGCT,Naive3,GSM8563001,L124052,1.0,GCACGGTAGAGTGGCT-1,2500,GSM8563001_Naive3_filtered_matrix.mtx.gz,L124052,4
GSM8563001:GCACGGTAGCCAAGTG,Naive3,GSM8563001,L2779,1.0,GCACGGTAGCCAAGTG-1,2501,GSM8563001_Naive3_filtered_matrix.mtx.gz,L2779,4
GSM8563001:GCACGGTAGTACCATC,Naive3,GSM8563001,L59420,1.0,GCACGGTAGTACCATC-1,2502,GSM8563001_Naive3_filtered_matrix.mtx.gz,L59420,0
GSM8563001:GCACGGTCATAGCACT,Naive3,GSM8563001,L100615,1.0,GCACGGTCATAGCACT-1,2503,GSM8563001_Naive3_filtered_matrix.mtx.gz,L100615,0
GSM8563001:GCACGTGCAGGACGAT,Naive3,GSM8563001,L16178,1.0,GCACGTGCAGGACGAT-1,2505,GSM8563001_Naive3_filtered_matrix.mtx.gz,L16178,0
GSM8563001:GCACGTGGTCCTGGTG,Naive3,GSM8563001,L25093,1.0,GCACGTGGTCCTGGTG-1,2506,GSM8563001_Naive3_filtered_matrix.mtx.gz,L25093,4
GSM8563001:GCACGTGTCTCGTCAC,Naive3,GSM8563001,L249292,1.0,GCACGTGTCTCGTCAC-1,2507,GSM8563001_Naive3_filtered_matrix.mtx.gz,L249292,3
GSM8563001:GCACTAAAGTGTACAA,Naive3,GSM8563001,L213986,1.0,GCACTAAAGTGTACAA-1,2508,GSM8563001_Naive3_filtered_matrix.mtx.gz,L213986,3
GSM8563001:GCACTAAAGTTGCGAG,Naive3,GSM8563001,L48852,1.0,GCACTAAAGTTGCGAG-1,2509,GSM8563001_Naive3_filtered_matrix.mtx.gz,L48852,1
GSM8563001:GCACTAACACACCAGC,Naive3,GSM8563001,L70669,1.0,GCACTAACACACCAGC-1,2510,GSM8563001_Naive3_filtered_matrix.mtx.gz,L70669,3
GSM8563001:GCACTAATCATTTCCA,Naive3,GSM8563001,L44324,1.0,GCACTAATCATTTCCA-1,2512,GSM8563001_Naive3_filtered_matrix.mtx.gz,L44324,4
GSM8563001:GCAGCTGAGCAAGCCA,Naive3,GSM8563001,L97975,1.0,GCAGCTGAGCAAGCCA-1,2514,GSM8563001_Naive3_filtered_matrix.mtx.gz,L97975,4
GSM8563001:GCAGCTGCAAACTCGT,Naive3,GSM8563001,L273673,0.999964,GCAGCTGCAAACTCGT-1,2515,GSM8563001_Naive3_filtered_matrix.mtx.gz,L273673,4
GSM8563001:GCAGCTGCAAACTGCT,Naive3,GSM8563001,L13818,1.0,GCAGCTGCAAACTGCT-1,2516,GSM8563001_Naive3_filtered_matrix.mtx.gz,L13818,3
GSM8563001:GCAGCTGCAAGGTCGA,Naive3,GSM8563001,L322120,1.0,GCAGCTGCAAGGTCGA-1,2517,GSM8563001_Naive3_filtered_matrix.mtx.gz,L322120,3
GSM8563001:GCAGCTGTCATCACTT,Naive3,GSM8563001,L70669,1.0,GCAGCTGTCATCACTT-1,2518,GSM8563001_Naive3_filtered_matrix.mtx.gz,L70669,3
GSM8563001:GCAGGCTAGATCCGAG,Naive3,GSM8563001,L87366,1.0,GCAGGCTAGATCCGAG-1,2519,GSM8563001_Naive3_filtered_matrix.mtx.gz,L87366,3
GSM8563001:GCAGGCTAGCTCTTCC,Naive3,GSM8563001,L148401,1.0,GCAGGCTAGCTCTTCC-1,2520,GSM8563001_Naive3_filtered_matrix.mtx.gz,L148401,4
GSM8563001:GCAGGCTCAGGCATGA,Naive3,GSM8563001,L130334,1.0,GCAGGCTCAGGCATGA-1,2522,GSM8563001_Naive3_filtered_matrix.mtx.gz,L130334,2
GSM8563001:GCAGGCTCAGGGAATC,Naive3,GSM8563001,L213986,1.0,GCAGGCTCAGGGAATC-1,2523,GSM8563001_Naive3_filtered_matrix.mtx.gz,L213986,3
GSM8563001:GCAGTTAAGCGAGAAA,Naive3,GSM8563001,L36981,0.999994,GCAGTTAAGCGAGAAA-1,2525,GSM8563001_Naive3_filtered_matrix.mtx.gz,L36981,3
GSM8563001:GCAGTTACACAAATGA,Naive3,GSM8563001,L253300,1.0,GCAGTTACACAAATGA-1,2526,GSM8563001_Naive3_filtered_matrix.mtx.gz,L253300,2
GSM8563001:GCATCGGAGACTAAGT,Naive3,GSM8563001,L5045,1.0,GCATCGGAGACTAAGT-1,2527,GSM8563001_Naive3_filtered_matrix.mtx.gz,L5045,3
GSM8563001:GCATCGGCATAGCACT,Naive3,GSM8563001,L22481,1.0,GCATCGGCATAGCACT-1,2530,GSM8563001_Naive3_filtered_matrix.mtx.gz,L22481,1
GSM8563001:GCATCGGGTCATGACT,Naive3,GSM8563001,L116189,1.0,GCATCGGGTCATGACT-1,2531,GSM8563001_Naive3_filtered_matrix.mtx.gz,L116189,3
GSM8563001:GCATCTCCATCCGCGA,Naive3,GSM8563001,L143061,1.0,GCATCTCCATCCGCGA-1,2533,GSM8563001_Naive3_filtered_matrix.mtx.gz,L143061,0
GSM8563001:GCATCTCTCACCCATC,Naive3,GSM8563001,L99144,0.999974,GCATCTCTCACCCATC-1,2534,GSM8563001_Naive3_filtered_matrix.mtx.gz,L99144,2
GSM8563001:GCATCTCTCTCAACGA,Naive3,GSM8563001,L260364,1.0,GCATCTCTCTCAACGA-1,2536,GSM8563001_Naive3_filtered_matrix.mtx.gz,L260364,0
GSM8563001:GCATGATGTGTTGACT,Naive3,GSM8563001,L173735,1.0,GCATGATGTGTTGACT-1,2538,GSM8563001_Naive3_filtered_matrix.mtx.gz,L173735,2
GSM8563001:GCATGATTCTCAATCT,Naive3,GSM8563001,L98634,1.0,GCATGATTCTCAATCT-1,2540,GSM8563001_Naive3_filtered_matrix.mtx.gz,L98634,2
GSM8563001:GCATTAGAGGTAAGGA,Naive3,GSM8563001,L263554,0.654452,GCATTAGAGGTAAGGA-1,2541,GSM8563001_Naive3_filtered_matrix.mtx.gz,L263554,3
GSM8563001:GCATTAGAGTTGAATG,Naive3,GSM8563001,L237845,0.984556,GCATTAGAGTTGAATG-1,2542,GSM8563001_Naive3_filtered_matrix.mtx.gz,L237845,2
GSM8563001:GCATTAGCACGGGTAA,Naive3,GSM8563001,L251719,1.0,GCATTAGCACGGGTAA-1,2543,GSM8563001_Naive3_filtered_matrix.mtx.gz,L251719,2
GSM8563001:GCATTAGGTGACTGAG,Naive3,GSM8563001,L56263,1.0,GCATTAGGTGACTGAG-1,2544,GSM8563001_Naive3_filtered_matrix.mtx.gz,L56263,3
GSM8563001:GCCAACGAGAAATTCG,Naive3,GSM8563001,L223068,1.0,GCCAACGAGAAATTCG-1,2546,GSM8563001_Naive3_filtered_matrix.mtx.gz,L223068,0
GSM8563001:GCCAACGCAATGGCAG,Naive3,GSM8563001,L77443,1.0,GCCAACGCAATGGCAG-1,2548,GSM8563001_Naive3_filtered_matrix.mtx.gz,L77443,2
GSM8563001:GCCAACGCAGCTATTG,Naive3,GSM8563001,L151921,1.0,GCCAACGCAGCTATTG-1,2550,GSM8563001_Naive3_filtered_matrix.mtx.gz,L151921,2
GSM8563001:GCCAACGTCCAAATGC,Naive3,GSM8563001,L219307,1.0,GCCAACGTCCAAATGC-1,2552,GSM8563001_Naive3_filtered_matrix.mtx.gz,L219307,3
GSM8563001:GCCAGCAAGACCATGG,Naive3,GSM8563001,L130334,1.0,GCCAGCAAGACCATGG-1,2553,GSM8563001_Naive3_filtered_matrix.mtx.gz,L130334,2
GSM8563001:GCCAGCACAGCAGGAT,Naive3,GSM8563001,L107467,1.0,GCCAGCACAGCAGGAT-1,2555,GSM8563001_Naive3_filtered_matrix.mtx.gz,L107467,4
GSM8563001:GCCAGCACATCTATCT,Naive3,GSM8563001,L167950,1.0,GCCAGCACATCTATCT-1,2558,GSM8563001_Naive3_filtered_matrix.mtx.gz,L167950,3
GSM8563001:GCCAGCATCAAGCGTT,Naive3,GSM8563001,L151380,1.0,GCCAGCATCAAGCGTT-1,2559,GSM8563001_Naive3_filtered_matrix.mtx.gz,L151380,4
GSM8563001:GCCAGGTAGGAGAGTA,Naive3,GSM8563001,L96449,1.0,GCCAGGTAGGAGAGTA-1,2560,GSM8563001_Naive3_filtered_matrix.mtx.gz,L96449,2
GSM8563001:GCCAGGTTCACCTGTC,Naive3,GSM8563001,L177128,1.0,GCCAGGTTCACCTGTC-1,2561,GSM8563001_Naive3_filtered_matrix.mtx.gz,L177128,3
GSM8563001:GCCAGGTTCCGCACGA,Naive3,GSM8563001,L251298,1.0,GCCAGGTTCCGCACGA-1,2562,GSM8563001_Naive3_filtered_matrix.mtx.gz,L251298,1
GSM8563001:GCCAGGTTCTACGCGG,Naive3,GSM8563001,L231007,1.0,GCCAGGTTCTACGCGG-1,2563,GSM8563001_Naive3_filtered_matrix.mtx.gz,L231007,2
GSM8563001:GCCAGTGCAACACTAC,Naive3,GSM8563001,L80184,1.0,GCCAGTGCAACACTAC-1,2564,GSM8563001_Naive3_filtered_matrix.mtx.gz,L80184,3
GSM8563001:GCCAGTGCAGTAACAA,Naive3,GSM8563001,L210499,1.0,GCCAGTGCAGTAACAA-1,2567,GSM8563001_Naive3_filtered_matrix.mtx.gz,L210499,1
GSM8563001:GCCATGGAGACCAGAC,Naive3,GSM8563001,L70669,1.0,GCCATGGAGACCAGAC-1,2568,GSM8563001_Naive3_filtered_matrix.mtx.gz,L70669,3
GSM8563001:GCCATGGCAGCTACCG,Naive3,GSM8563001,L152903,1.0,GCCATGGCAGCTACCG-1,2569,GSM8563001_Naive3_filtered_matrix.mtx.gz,L152903,2
GSM8563001:GCCATGGCATCAGTCA,Naive3,GSM8563001,L186916,1.0,GCCATGGCATCAGTCA-1,2570,GSM8563001_Naive3_filtered_matrix.mtx.gz,L186916,1
GSM8563001:GCCATGGGTTGGACCC,Naive3,GSM8563001,L28531,1.0,GCCATGGGTTGGACCC-1,2571,GSM8563001_Naive3_filtered_matrix.mtx.gz,L28531,1
GSM8563001:GCCATGGTCACATTGG,Naive3,GSM8563001,L280910,1.0,GCCATGGTCACATTGG-1,2572,GSM8563001_Naive3_filtered_matrix.mtx.gz,L280910,2
GSM8563001:GCCATTCGTTCTTAGG,Naive3,GSM8563001,L98634,1.0,GCCATTCGTTCTTAGG-1,2574,GSM8563001_Naive3_filtered_matrix.mtx.gz,L98634,2
GSM8563001:GCCCAGAGTCGGTAAG,Naive3,GSM8563001,L249999,1.0,GCCCAGAGTCGGTAAG-1,2575,GSM8563001_Naive3_filtered_matrix.mtx.gz,L249999,3
GSM8563001:GCCCAGAGTGTTGAGG,Naive3,GSM8563001,L6369,1.0,GCCCAGAGTGTTGAGG-1,2576,GSM8563001_Naive3_filtered_matrix.mtx.gz,L6369,4
GSM8563001:GCCCAGATCTTACTGT,Naive3,GSM8563001,L58090,1.0,GCCCAGATCTTACTGT-1,2577,GSM8563001_Naive3_filtered_matrix.mtx.gz,L58090,2
GSM8563001:GCCCGAAAGTAGTCAA,Naive3,GSM8563001,L125192,1.0,GCCCGAAAGTAGTCAA-1,2578,GSM8563001_Naive3_filtered_matrix.mtx.gz,L125192,1
GSM8563001:GCCCGAACAAGGCTTT,Naive3,GSM8563001,L196980,1.0,GCCCGAACAAGGCTTT-1,2579,GSM8563001_Naive3_filtered_matrix.mtx.gz,L196980,3
GSM8563001:GCCCGAACAGGCTATT,Naive3,GSM8563001,L66057,1.0,GCCCGAACAGGCTATT-1,2580,GSM8563001_Naive3_filtered_matrix.mtx.gz,L66057,4
GSM8563001:GCCCGAAGTCGAGCTC,Naive3,GSM8563001,L35389,1.0,GCCCGAAGTCGAGCTC-1,2581,GSM8563001_Naive3_filtered_matrix.mtx.gz,L35389,4
GSM8563001:GCCCGAAGTGATTCAC,Naive3,GSM8563001,L212210,1.0,GCCCGAAGTGATTCAC-1,2583,GSM8563001_Naive3_filtered_matrix.mtx.gz,L212210,2
GSM8563001:GCCGATGAGCCTGACC,Naive3,GSM8563001,L293527,1.0,GCCGATGAGCCTGACC-1,2585,GSM8563001_Naive3_filtered_matrix.mtx.gz,L293527,3
GSM8563001:GCCGATGCACTCCGAG,Naive3,GSM8563001,L293527,1.0,GCCGATGCACTCCGAG-1,2586,GSM8563001_Naive3_filtered_matrix.mtx.gz,L293527,3
GSM8563001:GCCGATGGTTGCTCAA,Naive3,GSM8563001,L142131,1.0,GCCGATGGTTGCTCAA-1,2587,GSM8563001_Naive3_filtered_matrix.mtx.gz,L142131,0
GSM8563001:GCCGATGTCCGTGGCA,Naive3,GSM8563001,L196980,0.992621,GCCGATGTCCGTGGCA-1,2588,GSM8563001_Naive3_filtered_matrix.mtx.gz,L196980,3
GSM8563001:GCCGATGTCGTGAGAG,Naive3,GSM8563001,L47994,1.0,GCCGATGTCGTGAGAG-1,2589,GSM8563001_Naive3_filtered_matrix.mtx.gz,L47994,2
GSM8563001:GCCGTGACACCAAATC,Naive3,GSM8563001,L266998,1.0,GCCGTGACACCAAATC-1,2591,GSM8563001_Naive3_filtered_matrix.mtx.gz,L266998,3
GSM8563001:GCCTGTTAGCCGAACA,Naive3,GSM8563001,L5495,1.0,GCCTGTTAGCCGAACA-1,2592,GSM8563001_Naive3_filtered_matrix.mtx.gz,L5495,0
GSM8563001:GCCTGTTAGTAACGAT,Naive3,GSM8563001,L231446,1.0,GCCTGTTAGTAACGAT-1,2593,GSM8563001_Naive3_filtered_matrix.mtx.gz,L231446,0
GSM8563001:GCCTGTTGTCATCGCG,Naive3,GSM8563001,L66014,1.0,GCCTGTTGTCATCGCG-1,2596,GSM8563001_Naive3_filtered_matrix.mtx.gz,L66014,4
GSM8563001:GCCTGTTTCGTAGAGG,Naive3,GSM8563001,L215992,1.0,GCCTGTTTCGTAGAGG-1,2597,GSM8563001_Naive3_filtered_matrix.mtx.gz,L215992,0
GSM8563001:GCGAGAACACGTTCGG,Naive3,GSM8563001,L204285,1.0,GCGAGAACACGTTCGG-1,2598,GSM8563001_Naive3_filtered_matrix.mtx.gz,L204285,3
GSM8563001:GCGAGAATCAGACAAA,Naive3,GSM8563001,L178651,1.0,GCGAGAATCAGACAAA-1,2599,GSM8563001_Naive3_filtered_matrix.mtx.gz,L178651,1
GSM8563001:GCGAGAATCGAGTGGA,Naive3,GSM8563001,L8434,1.0,GCGAGAATCGAGTGGA-1,2601,GSM8563001_Naive3_filtered_matrix.mtx.gz,L8434,0
GSM8563001:GCGATCGGTAAGTTGA,Naive3,GSM8563001,L264933,1.0,GCGATCGGTAAGTTGA-1,2602,GSM8563001_Naive3_filtered_matrix.mtx.gz,L264933,1
GSM8563001:GCGATCGTCGTCGGGT,Naive3,GSM8563001,L82979,1.0,GCGATCGTCGTCGGGT-1,2604,GSM8563001_Naive3_filtered_matrix.mtx.gz,L82979,2
GSM8563001:GCGGAAACAGCTCCTT,Naive3,GSM8563001,L273673,0.597542,GCGGAAACAGCTCCTT-1,2605,GSM8563001_Naive3_filtered_matrix.mtx.gz,L273673,4
GSM8563001:GCGGAAACATGGATCT,Naive3,GSM8563001,L64990,1.0,GCGGAAACATGGATCT-1,2606,GSM8563001_Naive3_filtered_matrix.mtx.gz,L64990,4
GSM8563001:GCGGAAAGTGGCGCTT,Naive3,GSM8563001,L253300,1.0,GCGGAAAGTGGCGCTT-1,2607,GSM8563001_Naive3_filtered_matrix.mtx.gz,L253300,2
GSM8563001:GCGGAAATCAAACGTC,Naive3,GSM8563001,L303918,1.0,GCGGAAATCAAACGTC-1,2608,GSM8563001_Naive3_filtered_matrix.mtx.gz,L303918,0
GSM8563001:GCGGATCCACAGTCCG,Naive3,GSM8563001,L3265,1.0,GCGGATCCACAGTCCG-1,2609,GSM8563001_Naive3_filtered_matrix.mtx.gz,L3265,4
GSM8563001:GCGGATCCAGAGAAAG,Naive3,GSM8563001,L79015,0.608045,GCGGATCCAGAGAAAG-1,2610,GSM8563001_Naive3_filtered_matrix.mtx.gz,L79015,1
GSM8563001:GCGGATCCATAAGATG,Naive3,GSM8563001,L180119,1.0,GCGGATCCATAAGATG-1,2611,GSM8563001_Naive3_filtered_matrix.mtx.gz,L180119,1
GSM8563001:GCGGATCGTTACACTG,Naive3,GSM8563001,L84010,1.0,GCGGATCGTTACACTG-1,2612,GSM8563001_Naive3_filtered_matrix.mtx.gz,L84010,3
GSM8563001:GCGTGCAAGGCTAGCA,Naive3,GSM8563001,L22093,1.0,GCGTGCAAGGCTAGCA-1,2614,GSM8563001_Naive3_filtered_matrix.mtx.gz,L22093,4
GSM8563001:GCGTGCAAGTCTGGAG,Naive3,GSM8563001,L31856,1.0,GCGTGCAAGTCTGGAG-1,2615,GSM8563001_Naive3_filtered_matrix.mtx.gz,L31856,4
GSM8563001:GCGTTTCCAATTGCCA,Naive3,GSM8563001,L289410,1.0,GCGTTTCCAATTGCCA-1,2616,GSM8563001_Naive3_filtered_matrix.mtx.gz,L289410,2
GSM8563001:GCGTTTCTCTTGCAGA,Naive3,GSM8563001,L273392,1.0,GCGTTTCTCTTGCAGA-1,2618,GSM8563001_Naive3_filtered_matrix.mtx.gz,L273392,3
GSM8563001:GCGTTTCTCTTTGGAG,Naive3,GSM8563001,L70717,1.0,GCGTTTCTCTTTGGAG-1,2619,GSM8563001_Naive3_filtered_matrix.mtx.gz,L70717,1
GSM8563001:GCTACAACACATACGT,Naive3,GSM8563001,L239228,1.0,GCTACAACACATACGT-1,2621,GSM8563001_Naive3_filtered_matrix.mtx.gz,L239228,2
GSM8563001:GCTACAATCCGCTAGG,Naive3,GSM8563001,L263517,0.999603,GCTACAATCCGCTAGG-1,2622,GSM8563001_Naive3_filtered_matrix.mtx.gz,L263517,2
GSM8563001:GCTACCTGTGCCTGCA,Naive3,GSM8563001,L189345,1.0,GCTACCTGTGCCTGCA-1,2624,GSM8563001_Naive3_filtered_matrix.mtx.gz,L189345,1
GSM8563001:GCTCAAAAGAATTTGG,Naive3,GSM8563001,L144132,1.0,GCTCAAAAGAATTTGG-1,2626,GSM8563001_Naive3_filtered_matrix.mtx.gz,L144132,3
GSM8563001:GCTCAAATCACCTACC,Naive3,GSM8563001,L212929,1.0,GCTCAAATCACCTACC-1,2629,GSM8563001_Naive3_filtered_matrix.mtx.gz,L212929,4
GSM8563001:GCTGAATAGTGTTGTC,Naive3,GSM8563001,L51204,1.0,GCTGAATAGTGTTGTC-1,2631,GSM8563001_Naive3_filtered_matrix.mtx.gz,L51204,1
GSM8563001:GCTGAATCACTTGAGT,Naive3,GSM8563001,L289410,1.0,GCTGAATCACTTGAGT-1,2633,GSM8563001_Naive3_filtered_matrix.mtx.gz,L289410,2
GSM8563001:GCTGAATCAGTGTGGA,Naive3,GSM8563001,L31856,1.0,GCTGAATCAGTGTGGA-1,2634,GSM8563001_Naive3_filtered_matrix.mtx.gz,L31856,4
GSM8563001:GCTGAATGTATATGGA,Naive3,GSM8563001,L173296,1.0,GCTGAATGTATATGGA-1,2636,GSM8563001_Naive3_filtered_matrix.mtx.gz,L173296,1
GSM8563001:GCTGCAGAGATCGCCC,Naive3,GSM8563001,L30726,1.0,GCTGCAGAGATCGCCC-1,2637,GSM8563001_Naive3_filtered_matrix.mtx.gz,L30726,2
GSM8563001:GCTGCAGAGGACAACC,Naive3,GSM8563001,L98475,1.0,GCTGCAGAGGACAACC-1,2638,GSM8563001_Naive3_filtered_matrix.mtx.gz,L98475,0
GSM8563001:GCTGCAGGTGTTACAC,Naive3,GSM8563001,L85031,1.0,GCTGCAGGTGTTACAC-1,2639,GSM8563001_Naive3_filtered_matrix.mtx.gz,L85031,0
GSM8563001:GCTGCAGTCAACTGGT,Naive3,GSM8563001,L16242,1.0,GCTGCAGTCAACTGGT-1,2640,GSM8563001_Naive3_filtered_matrix.mtx.gz,L16242,1
GSM8563001:GCTGCAGTCAAGTCTG,Naive3,GSM8563001,L18598,1.0,GCTGCAGTCAAGTCTG-1,2641,GSM8563001_Naive3_filtered_matrix.mtx.gz,L18598,0
GSM8563001:GCTGGGTAGAGAAGGT,Naive3,GSM8563001,L304696,1.0,GCTGGGTAGAGAAGGT-1,2643,GSM8563001_Naive3_filtered_matrix.mtx.gz,L304696,2
GSM8563001:GCTGGGTTCGGCTGAC,Naive3,GSM8563001,L75392,1.0,GCTGGGTTCGGCTGAC-1,2646,GSM8563001_Naive3_filtered_matrix.mtx.gz,L75392,4
GSM8563001:GCTTCACAGGTCTGGA,Naive3,GSM8563001,L16294,1.0,GCTTCACAGGTCTGGA-1,2648,GSM8563001_Naive3_filtered_matrix.mtx.gz,L16294,1
GSM8563001:GCTTCACCACAATGAA,Naive3,GSM8563001,L142448,1.0,GCTTCACCACAATGAA-1,2649,GSM8563001_Naive3_filtered_matrix.mtx.gz,L142448,3
GSM8563001:GCTTGGGGTCACATTG,Naive3,GSM8563001,L100615,1.0,GCTTGGGGTCACATTG-1,2652,GSM8563001_Naive3_filtered_matrix.mtx.gz,L100615,0
GSM8563001:GCTTGGGGTGTACGCC,Naive3,GSM8563001,L161977,1.0,GCTTGGGGTGTACGCC-1,2653,GSM8563001_Naive3_filtered_matrix.mtx.gz,L161977,0
GSM8563001:GCTTTCGTCTGGACTA,Naive3,GSM8563001,L331210,1.0,GCTTTCGTCTGGACTA-1,2656,GSM8563001_Naive3_filtered_matrix.mtx.gz,L331210,0
GSM8563001:GGAACCCCACCGCTGA,Naive3,GSM8563001,L100688,1.0,GGAACCCCACCGCTGA-1,2657,GSM8563001_Naive3_filtered_matrix.mtx.gz,L100688,1
GSM8563001:GGAACCCCATGAAGGC,Naive3,GSM8563001,L167106,1.0,GGAACCCCATGAAGGC-1,2658,GSM8563001_Naive3_filtered_matrix.mtx.gz,L167106,1
GSM8563001:GGAACCCGTGTACGCC,Naive3,GSM8563001,L189345,1.0,GGAACCCGTGTACGCC-1,2659,GSM8563001_Naive3_filtered_matrix.mtx.gz,L189345,1
GSM8563001:GGAACCCTCAACTGGT,Naive3,GSM8563001,L196980,1.0,GGAACCCTCAACTGGT-1,2660,GSM8563001_Naive3_filtered_matrix.mtx.gz,L196980,3
GSM8563001:GGAAGTGCAAGTATCC,Naive3,GSM8563001,L13818,0.999606,GGAAGTGCAAGTATCC-1,2663,GSM8563001_Naive3_filtered_matrix.mtx.gz,L13818,3
GSM8563001:GGAAGTGTCCCTTCCC,Naive3,GSM8563001,L86394,1.0,GGAAGTGTCCCTTCCC-1,2665,GSM8563001_Naive3_filtered_matrix.mtx.gz,L86394,1
GSM8563001:GGAAGTGTCGAACCAT,Naive3,GSM8563001,L107467,1.0,GGAAGTGTCGAACCAT-1,2666,GSM8563001_Naive3_filtered_matrix.mtx.gz,L107467,4
GSM8563001:GGAAGTGTCGCTATTT,Naive3,GSM8563001,L50844,1.0,GGAAGTGTCGCTATTT-1,2667,GSM8563001_Naive3_filtered_matrix.mtx.gz,L50844,1
GSM8563001:GGAAGTGTCTCATAGG,Naive3,GSM8563001,L261955,1.0,GGAAGTGTCTCATAGG-1,2668,GSM8563001_Naive3_filtered_matrix.mtx.gz,L261955,1
GSM8563001:GGAATCTCAGCACAGA,Naive3,GSM8563001,L289410,1.0,GGAATCTCAGCACAGA-1,2670,GSM8563001_Naive3_filtered_matrix.mtx.gz,L289410,2
GSM8563001:GGAATCTTCTCCTGCA,Naive3,GSM8563001,L161943,1.0,GGAATCTTCTCCTGCA-1,2671,GSM8563001_Naive3_filtered_matrix.mtx.gz,L161943,4
GSM8563001:GGAATGGAGAGTCTGG,Naive3,GSM8563001,L240450,0.999999,GGAATGGAGAGTCTGG-1,2672,GSM8563001_Naive3_filtered_matrix.mtx.gz,L240450,2
GSM8563001:GGAATGGCAATTGCCA,Naive3,GSM8563001,L68311,1.0,GGAATGGCAATTGCCA-1,2674,GSM8563001_Naive3_filtered_matrix.mtx.gz,L68311,2
GSM8563001:GGAATGGGTACACTCA,Naive3,GSM8563001,L46096,1.0,GGAATGGGTACACTCA-1,2675,GSM8563001_Naive3_filtered_matrix.mtx.gz,L46096,3
GSM8563001:GGAATGGTCCATTGGA,Naive3,GSM8563001,L64990,1.0,GGAATGGTCCATTGGA-1,2676,GSM8563001_Naive3_filtered_matrix.mtx.gz,L64990,4
GSM8563001:GGACGTCAGATCCAAA,Naive3,GSM8563001,L274951,1.0,GGACGTCAGATCCAAA-1,2677,GSM8563001_Naive3_filtered_matrix.mtx.gz,L274951,3
GSM8563001:GGACGTCAGTCCGCGT,Naive3,GSM8563001,L82979,1.0,GGACGTCAGTCCGCGT-1,2678,GSM8563001_Naive3_filtered_matrix.mtx.gz,L82979,2
GSM8563001:GGACGTCCACAGCTTA,Naive3,GSM8563001,L190318,1.0,GGACGTCCACAGCTTA-1,2679,GSM8563001_Naive3_filtered_matrix.mtx.gz,L190318,2
GSM8563001:GGACGTCTCACCGACG,Naive3,GSM8563001,L293527,1.0,GGACGTCTCACCGACG-1,2680,GSM8563001_Naive3_filtered_matrix.mtx.gz,L293527,3
GSM8563001:GGACGTCTCGGAGATG,Naive3,GSM8563001,L285082,0.999617,GGACGTCTCGGAGATG-1,2681,GSM8563001_Naive3_filtered_matrix.mtx.gz,L285082,0
GSM8563001:GGAGAACAGGTGAGCT,Naive3,GSM8563001,L133480,1.0,GGAGAACAGGTGAGCT-1,2682,GSM8563001_Naive3_filtered_matrix.mtx.gz,L133480,1
GSM8563001:GGAGAACCAACCACGC,Naive3,GSM8563001,L242090,1.0,GGAGAACCAACCACGC-1,2683,GSM8563001_Naive3_filtered_matrix.mtx.gz,L242090,1
GSM8563001:GGAGAACCATGTCAGT,Naive3,GSM8563001,L95076,1.0,GGAGAACCATGTCAGT-1,2684,GSM8563001_Naive3_filtered_matrix.mtx.gz,L95076,2
GSM8563001:GGAGAACGTTTACTGG,Naive3,GSM8563001,L3265,1.0,GGAGAACGTTTACTGG-1,2685,GSM8563001_Naive3_filtered_matrix.mtx.gz,L3265,4
GSM8563001:GGAGATGAGTGACACG,Naive3,GSM8563001,L118637,0.890932,GGAGATGAGTGACACG-1,2687,GSM8563001_Naive3_filtered_matrix.mtx.gz,L118637,1
GSM8563001:GGAGATGGTTAAGACA,Naive3,GSM8563001,L35389,1.0,GGAGATGGTTAAGACA-1,2689,GSM8563001_Naive3_filtered_matrix.mtx.gz,L35389,4
GSM8563001:GGAGATGTCATGCATG,Naive3,GSM8563001,L329798,1.0,GGAGATGTCATGCATG-1,2691,GSM8563001_Naive3_filtered_matrix.mtx.gz,L329798,3
GSM8563001:GGAGATGTCCCAGTGG,Naive3,GSM8563001,L278604,1.0,GGAGATGTCCCAGTGG-1,2692,GSM8563001_Naive3_filtered_matrix.mtx.gz,L278604,2
GSM8563001:GGAGCAAAGACGCTCC,Naive3,GSM8563001,L216702,1.0,GGAGCAAAGACGCTCC-1,2694,GSM8563001_Naive3_filtered_matrix.mtx.gz,L216702,2
GSM8563001:GGAGGATCACAAACGG,Naive3,GSM8563001,L150552,0.656786,GGAGGATCACAAACGG-1,2697,GSM8563001_Naive3_filtered_matrix.mtx.gz,L150552,1
GSM8563001:GGAGGATCACGGTGAA,Naive3,GSM8563001,L6043,1.0,GGAGGATCACGGTGAA-1,2698,GSM8563001_Naive3_filtered_matrix.mtx.gz,L6043,1
GSM8563001:GGAGGATGTGATTCTG,Naive3,GSM8563001,L102444,1.0,GGAGGATGTGATTCTG-1,2699,GSM8563001_Naive3_filtered_matrix.mtx.gz,L102444,2
GSM8563001:GGAGGTAGTATACCTG,Naive3,GSM8563001,L305688,1.0,GGAGGTAGTATACCTG-1,2702,GSM8563001_Naive3_filtered_matrix.mtx.gz,L305688,3
GSM8563001:GGAGGTATCTTCACGC,Naive3,GSM8563001,L91803,1.0,GGAGGTATCTTCACGC-1,2704,GSM8563001_Naive3_filtered_matrix.mtx.gz,L91803,3
GSM8563001:GGATCTAAGCGAGGAG,Naive3,GSM8563001,L56999,1.0,GGATCTAAGCGAGGAG-1,2705,GSM8563001_Naive3_filtered_matrix.mtx.gz,L56999,0
GSM8563001:GGATCTACAAGAATGT,Naive3,GSM8563001,L244174,1.0,GGATCTACAAGAATGT-1,2706,GSM8563001_Naive3_filtered_matrix.mtx.gz,L244174,3
GSM8563001:GGATCTACAAGCCCAC,Naive3,GSM8563001,L191293,1.0,GGATCTACAAGCCCAC-1,2707,GSM8563001_Naive3_filtered_matrix.mtx.gz,L191293,2
GSM8563001:GGATCTACACAGTGAG,Naive3,GSM8563001,L147347,1.0,GGATCTACACAGTGAG-1,2708,GSM8563001_Naive3_filtered_matrix.mtx.gz,L147347,1
GSM8563001:GGATCTACATGACAAA,Naive3,GSM8563001,L145010,1.0,GGATCTACATGACAAA-1,2709,GSM8563001_Naive3_filtered_matrix.mtx.gz,L145010,0
GSM8563001:GGATGTTAGACATACA,Naive3,GSM8563001,L20571,1.0,GGATGTTAGACATACA-1,2711,GSM8563001_Naive3_filtered_matrix.mtx.gz,L20571,4
GSM8563001:GGATGTTAGCGTTGTT,Naive3,GSM8563001,L306327,1.0,GGATGTTAGCGTTGTT-1,2712,GSM8563001_Naive3_filtered_matrix.mtx.gz,L306327,4
GSM8563001:GGATGTTCAATTGAAG,Naive3,GSM8563001,L40629,1.0,GGATGTTCAATTGAAG-1,2715,GSM8563001_Naive3_filtered_matrix.mtx.gz,L40629,4
GSM8563001:GGATGTTCACTGCTTC,Naive3,GSM8563001,L124052,1.0,GGATGTTCACTGCTTC-1,2716,GSM8563001_Naive3_filtered_matrix.mtx.gz,L124052,4
GSM8563001:GGATGTTGTCTGTAGT,Naive3,GSM8563001,L154401,1.0,GGATGTTGTCTGTAGT-1,2718,GSM8563001_Naive3_filtered_matrix.mtx.gz,L154401,3
GSM8563001:GGATGTTGTCTTTCAT,Naive3,GSM8563001,L183358,1.0,GGATGTTGTCTTTCAT-1,2719,GSM8563001_Naive3_filtered_matrix.mtx.gz,L183358,0
GSM8563001:GGATGTTGTGGTAATA,Naive3,GSM8563001,L81421,1.0,GGATGTTGTGGTAATA-1,2720,GSM8563001_Naive3_filtered_matrix.mtx.gz,L81421,0
GSM8563001:GGATGTTGTTGCATTG,Naive3,GSM8563001,L100814,1.0,GGATGTTGTTGCATTG-1,2721,GSM8563001_Naive3_filtered_matrix.mtx.gz,L100814,0
GSM8563001:GGATGTTTCGACGAGA,Naive3,GSM8563001,L84010,1.0,GGATGTTTCGACGAGA-1,2722,GSM8563001_Naive3_filtered_matrix.mtx.gz,L84010,3
GSM8563001:GGATGTTTCGCTTTAT,Naive3,GSM8563001,L135446,1.0,GGATGTTTCGCTTTAT-1,2723,GSM8563001_Naive3_filtered_matrix.mtx.gz,L135446,3
GSM8563001:GGCACGTAGCATACTC,Naive3,GSM8563001,L139565,1.0,GGCACGTAGCATACTC-1,2724,GSM8563001_Naive3_filtered_matrix.mtx.gz,L139565,3
GSM8563001:GGCACGTAGTAATCCC,Naive3,GSM8563001,L167176,1.0,GGCACGTAGTAATCCC-1,2725,GSM8563001_Naive3_filtered_matrix.mtx.gz,L167176,3
GSM8563001:GGCACGTAGTACAACA,Naive3,GSM8563001,L227359,1.0,GGCACGTAGTACAACA-1,2726,GSM8563001_Naive3_filtered_matrix.mtx.gz,L227359,0
GSM8563001:GGCACGTAGTTCCGTA,Naive3,GSM8563001,L244886,1.0,GGCACGTAGTTCCGTA-1,2727,GSM8563001_Naive3_filtered_matrix.mtx.gz,L244886,4
GSM8563001:GGCACGTGTCGTGGTC,Naive3,GSM8563001,L196945,0.759173,GGCACGTGTCGTGGTC-1,2729,GSM8563001_Naive3_filtered_matrix.mtx.gz,L196945,0
GSM8563001:GGCAGTCAGGGCATGT,Naive3,GSM8563001,L51669,1.0,GGCAGTCAGGGCATGT-1,2730,GSM8563001_Naive3_filtered_matrix.mtx.gz,L51669,4
GSM8563001:GGCAGTCCACGCAAAG,Naive3,GSM8563001,L172542,1.0,GGCAGTCCACGCAAAG-1,2732,GSM8563001_Naive3_filtered_matrix.mtx.gz,L172542,2
GSM8563001:GGCAGTCCATTGTGCA,Naive3,GSM8563001,L231007,1.0,GGCAGTCCATTGTGCA-1,2733,GSM8563001_Naive3_filtered_matrix.mtx.gz,L231007,2
GSM8563001:GGCAGTCGTATCGCTA,Naive3,GSM8563001,L106945,1.0,GGCAGTCGTATCGCTA-1,2734,GSM8563001_Naive3_filtered_matrix.mtx.gz,L106945,4
GSM8563001:GGCAGTCTCCACTGGG,Naive3,GSM8563001,L23858,1.0,GGCAGTCTCCACTGGG-1,2735,GSM8563001_Naive3_filtered_matrix.mtx.gz,L23858,1
GSM8563001:GGCGTCAAGGAACTAT,Naive3,GSM8563001,L3550,1.0,GGCGTCAAGGAACTAT-1,2737,GSM8563001_Naive3_filtered_matrix.mtx.gz,L3550,3
GSM8563001:GGCGTCAAGTAAACGT,Naive3,GSM8563001,L218518,1.0,GGCGTCAAGTAAACGT-1,2738,GSM8563001_Naive3_filtered_matrix.mtx.gz,L218518,2
GSM8563001:GGCGTCACACAGCTTA,Naive3,GSM8563001,L257082,1.0,GGCGTCACACAGCTTA-1,2739,GSM8563001_Naive3_filtered_matrix.mtx.gz,L257082,1
GSM8563001:GGCGTCAGTATGACAA,Naive3,GSM8563001,L80217,1.0,GGCGTCAGTATGACAA-1,2740,GSM8563001_Naive3_filtered_matrix.mtx.gz,L80217,4
GSM8563001:GGCTTGGAGTCGGCAA,Naive3,GSM8563001,L314603,1.0,GGCTTGGAGTCGGCAA-1,2744,GSM8563001_Naive3_filtered_matrix.mtx.gz,L314603,2
GSM8563001:GGCTTGGGTGCAATGG,Naive3,GSM8563001,L62700,1.0,GGCTTGGGTGCAATGG-1,2745,GSM8563001_Naive3_filtered_matrix.mtx.gz,L62700,2
GSM8563001:GGCTTTCCAGTGTACT,Naive3,GSM8563001,L215374,1.0,GGCTTTCCAGTGTACT-1,2748,GSM8563001_Naive3_filtered_matrix.mtx.gz,L215374,3
GSM8563001:GGCTTTCGTATGATCC,Naive3,GSM8563001,L15407,1.0,GGCTTTCGTATGATCC-1,2749,GSM8563001_Naive3_filtered_matrix.mtx.gz,L15407,3
GSM8563001:GGCTTTCTCGTGCTCT,Naive3,GSM8563001,L309797,1.0,GGCTTTCTCGTGCTCT-1,2750,GSM8563001_Naive3_filtered_matrix.mtx.gz,L309797,1
GSM8563001:GGGAAGTCATCGATGT,Naive3,GSM8563001,L166657,1.0,GGGAAGTCATCGATGT-1,2752,GSM8563001_Naive3_filtered_matrix.mtx.gz,L166657,3
GSM8563001:GGGAAGTTCATTACGG,Naive3,GSM8563001,L138906,1.0,GGGAAGTTCATTACGG-1,2753,GSM8563001_Naive3_filtered_matrix.mtx.gz,L138906,2
GSM8563001:GGGAAGTTCGCTGACG,Naive3,GSM8563001,L223068,1.0,GGGAAGTTCGCTGACG-1,2754,GSM8563001_Naive3_filtered_matrix.mtx.gz,L223068,0
GSM8563001:GGGACAACAGTTAGGG,Naive3,GSM8563001,L31852,1.0,GGGACAACAGTTAGGG-1,2756,GSM8563001_Naive3_filtered_matrix.mtx.gz,L31852,2
GSM8563001:GGGACAAGTCAGACTT,Naive3,GSM8563001,L16238,1.0,GGGACAAGTCAGACTT-1,2757,GSM8563001_Naive3_filtered_matrix.mtx.gz,L16238,3
GSM8563001:GGGACAATCAGGCGAA,Naive3,GSM8563001,L187200,1.0,GGGACAATCAGGCGAA-1,2759,GSM8563001_Naive3_filtered_matrix.mtx.gz,L187200,0
GSM8563001:GGGACCTGTGTTAACC,Naive3,GSM8563001,L101260,1.0,GGGACCTGTGTTAACC-1,2762,GSM8563001_Naive3_filtered_matrix.mtx.gz,L101260,4
GSM8563001:GGGACCTGTTCCGCGA,Naive3,GSM8563001,L173296,1.0,GGGACCTGTTCCGCGA-1,2763,GSM8563001_Naive3_filtered_matrix.mtx.gz,L173296,1
GSM8563001:GGGACCTGTTTGTTGG,Naive3,GSM8563001,L167950,1.0,GGGACCTGTTTGTTGG-1,2764,GSM8563001_Naive3_filtered_matrix.mtx.gz,L167950,3
GSM8563001:GGGACTCAGCTTACGT,Naive3,GSM8563001,L135540,1.0,GGGACTCAGCTTACGT-1,2765,GSM8563001_Naive3_filtered_matrix.mtx.gz,L135540,3
GSM8563001:GGGACTCCAGATTAAG,Naive3,GSM8563001,L23121,1.0,GGGACTCCAGATTAAG-1,2766,GSM8563001_Naive3_filtered_matrix.mtx.gz,L23121,1
GSM8563001:GGGACTCTCGGTGTTA,Naive3,GSM8563001,L173296,1.0,GGGACTCTCGGTGTTA-1,2767,GSM8563001_Naive3_filtered_matrix.mtx.gz,L173296,1
GSM8563001:GGGAGATAGCGAGAAA,Naive3,GSM8563001,L86391,1.0,GGGAGATAGCGAGAAA-1,2769,GSM8563001_Naive3_filtered_matrix.mtx.gz,L86391,4
GSM8563001:GGGAGATAGGTCACCC,Naive3,GSM8563001,L40629,1.0,GGGAGATAGGTCACCC-1,2770,GSM8563001_Naive3_filtered_matrix.mtx.gz,L40629,4
GSM8563001:GGGAGATAGTGACCTT,Naive3,GSM8563001,L98634,1.0,GGGAGATAGTGACCTT-1,2771,GSM8563001_Naive3_filtered_matrix.mtx.gz,L98634,2
GSM8563001:GGGAGATCATCACAGT,Naive3,GSM8563001,L210749,1.0,GGGAGATCATCACAGT-1,2772,GSM8563001_Naive3_filtered_matrix.mtx.gz,L210749,2
GSM8563001:GGGAGTAAGACAACAT,Naive3,GSM8563001,L300217,1.0,GGGAGTAAGACAACAT-1,2775,GSM8563001_Naive3_filtered_matrix.mtx.gz,L300217,3
GSM8563001:GGGAGTAAGGGTTTCT,Naive3,GSM8563001,L183654,1.0,GGGAGTAAGGGTTTCT-1,2776,GSM8563001_Naive3_filtered_matrix.mtx.gz,L183654,3
GSM8563001:GGGAGTACAAATACGA,Naive3,GSM8563001,L30726,1.0,GGGAGTACAAATACGA-1,2777,GSM8563001_Naive3_filtered_matrix.mtx.gz,L30726,2
GSM8563001:GGGAGTAGTTGCATCA,Naive3,GSM8563001,L241540,1.0,GGGAGTAGTTGCATCA-1,2778,GSM8563001_Naive3_filtered_matrix.mtx.gz,L241540,2
GSM8563001:GGGATCCAGCATTTCG,Naive3,GSM8563001,L187885,1.0,GGGATCCAGCATTTCG-1,2779,GSM8563001_Naive3_filtered_matrix.mtx.gz,L187885,0
GSM8563001:GGGATCCAGGTCATCT,Naive3,GSM8563001,L239858,1.0,GGGATCCAGGTCATCT-1,2780,GSM8563001_Naive3_filtered_matrix.mtx.gz,L239858,4
GSM8563001:GGGATCCCAAGCAGGT,Naive3,GSM8563001,L70669,1.0,GGGATCCCAAGCAGGT-1,2781,GSM8563001_Naive3_filtered_matrix.mtx.gz,L70669,3
GSM8563001:GGGATCCCAATCAAGA,Naive3,GSM8563001,L100688,1.0,GGGATCCCAATCAAGA-1,2782,GSM8563001_Naive3_filtered_matrix.mtx.gz,L100688,1
GSM8563001:GGGATCCCACTATCCC,Naive3,GSM8563001,L306495,1.0,GGGATCCCACTATCCC-1,2783,GSM8563001_Naive3_filtered_matrix.mtx.gz,L306495,4
GSM8563001:GGGATCCCAGGCTACC,Naive3,GSM8563001,L205676,1.0,GGGATCCCAGGCTACC-1,2784,GSM8563001_Naive3_filtered_matrix.mtx.gz,L205676,0
GSM8563001:GGGATCCTCGCGGTAC,Naive3,GSM8563001,L274951,1.0,GGGATCCTCGCGGTAC-1,2785,GSM8563001_Naive3_filtered_matrix.mtx.gz,L274951,3
GSM8563001:GGGATGACAAATCGTC,Naive3,GSM8563001,L109019,0.999606,GGGATGACAAATCGTC-1,2786,GSM8563001_Naive3_filtered_matrix.mtx.gz,L109019,3
GSM8563001:GGGATGACATTGCCTC,Naive3,GSM8563001,L54153,1.0,GGGATGACATTGCCTC-1,2787,GSM8563001_Naive3_filtered_matrix.mtx.gz,L54153,2
GSM8563001:GGGCCATCAGGAGGAG,Naive3,GSM8563001,L267658,1.0,GGGCCATCAGGAGGAG-1,2790,GSM8563001_Naive3_filtered_matrix.mtx.gz,L267658,3
GSM8563001:GGGCCATGTGACTGTT,Naive3,GSM8563001,L196945,1.0,GGGCCATGTGACTGTT-1,2791,GSM8563001_Naive3_filtered_matrix.mtx.gz,L196945,0
GSM8563001:GGGCCATGTTATGTGC,Naive3,GSM8563001,L123574,1.0,GGGCCATGTTATGTGC-1,2792,GSM8563001_Naive3_filtered_matrix.mtx.gz,L123574,4
GSM8563001:GGGCCATGTTATTCCT,Naive3,GSM8563001,L230913,1.0,GGGCCATGTTATTCCT-1,2793,GSM8563001_Naive3_filtered_matrix.mtx.gz,L230913,1
GSM8563001:GGGCCATTCGAGAATA,Naive3,GSM8563001,L140099,1.0,GGGCCATTCGAGAATA-1,2794,GSM8563001_Naive3_filtered_matrix.mtx.gz,L140099,4
GSM8563001:GGGCGTTCATGCCGCA,Naive3,GSM8563001,L70669,1.0,GGGCGTTCATGCCGCA-1,2795,GSM8563001_Naive3_filtered_matrix.mtx.gz,L70669,3
GSM8563001:GGGCGTTTCAACCGAT,Naive3,GSM8563001,L67792,1.0,GGGCGTTTCAACCGAT-1,2797,GSM8563001_Naive3_filtered_matrix.mtx.gz,L67792,4
GSM8563001:GGGCGTTTCGATCCCT,Naive3,GSM8563001,L166657,1.0,GGGCGTTTCGATCCCT-1,2798,GSM8563001_Naive3_filtered_matrix.mtx.gz,L166657,3
GSM8563001:GGGCTACAGGAAGTGA,Naive3,GSM8563001,L11328,1.0,GGGCTACAGGAAGTGA-1,2799,GSM8563001_Naive3_filtered_matrix.mtx.gz,L11328,2
GSM8563001:GGGCTACTCATCGCTC,Naive3,GSM8563001,L73196,1.0,GGGCTACTCATCGCTC-1,2800,GSM8563001_Naive3_filtered_matrix.mtx.gz,L73196,2
GSM8563001:GGGCTACTCCAGTGTA,Naive3,GSM8563001,L5495,1.0,GGGCTACTCCAGTGTA-1,2801,GSM8563001_Naive3_filtered_matrix.mtx.gz,L5495,0
GSM8563001:GGGCTCAGTACACGCC,Naive3,GSM8563001,L137611,0.999804,GGGCTCAGTACACGCC-1,2804,GSM8563001_Naive3_filtered_matrix.mtx.gz,L137611,4
GSM8563001:GGGCTCAGTCCTGTTC,Naive3,GSM8563001,L11473,1.0,GGGCTCAGTCCTGTTC-1,2805,GSM8563001_Naive3_filtered_matrix.mtx.gz,L11473,2
GSM8563001:GGGTAGACACTAGGTT,Naive3,GSM8563001,L123574,1.0,GGGTAGACACTAGGTT-1,2809,GSM8563001_Naive3_filtered_matrix.mtx.gz,L123574,4
GSM8563001:GGGTAGAGTCCTGTTC,Naive3,GSM8563001,L263872,1.0,GGGTAGAGTCCTGTTC-1,2810,GSM8563001_Naive3_filtered_matrix.mtx.gz,L263872,4
GSM8563001:GGGTAGAGTGGCATCC,Naive3,GSM8563001,L173031,1.0,GGGTAGAGTGGCATCC-1,2811,GSM8563001_Naive3_filtered_matrix.mtx.gz,L173031,0
GSM8563001:GGGTAGATCAGGAGAC,Naive3,GSM8563001,L173296,1.0,GGGTAGATCAGGAGAC-1,2812,GSM8563001_Naive3_filtered_matrix.mtx.gz,L173296,1
GSM8563001:GGGTAGATCGCTCATC,Naive3,GSM8563001,L152903,1.0,GGGTAGATCGCTCATC-1,2814,GSM8563001_Naive3_filtered_matrix.mtx.gz,L152903,2
GSM8563001:GGGTATTAGCATCCTA,Naive3,GSM8563001,L310044,1.0,GGGTATTAGCATCCTA-1,2815,GSM8563001_Naive3_filtered_matrix.mtx.gz,L310044,0
GSM8563001:GGGTATTGTGTCCGTG,Naive3,GSM8563001,L15407,1.0,GGGTATTGTGTCCGTG-1,2818,GSM8563001_Naive3_filtered_matrix.mtx.gz,L15407,3
GSM8563001:GGGTATTTCGCTGATA,Naive3,GSM8563001,L318190,1.0,GGGTATTTCGCTGATA-1,2819,GSM8563001_Naive3_filtered_matrix.mtx.gz,L318190,2
GSM8563001:GGGTCACTCATACGGT,Naive3,GSM8563001,L232125,1.0,GGGTCACTCATACGGT-1,2822,GSM8563001_Naive3_filtered_matrix.mtx.gz,L232125,0
GSM8563001:GGGTCTGCAACATCGT,Naive3,GSM8563001,L13633,1.0,GGGTCTGCAACATCGT-1,2823,GSM8563001_Naive3_filtered_matrix.mtx.gz,L13633,4
GSM8563001:GGGTCTGCATCAGCAT,Naive3,GSM8563001,L229269,1.0,GGGTCTGCATCAGCAT-1,2825,GSM8563001_Naive3_filtered_matrix.mtx.gz,L229269,2
GSM8563001:GGGTCTGGTGCCTTCT,Naive3,GSM8563001,L185259,1.0,GGGTCTGGTGCCTTCT-1,2826,GSM8563001_Naive3_filtered_matrix.mtx.gz,L185259,1
GSM8563001:GGGTCTGTCGACGTCG,Naive3,GSM8563001,L145263,1.0,GGGTCTGTCGACGTCG-1,2830,GSM8563001_Naive3_filtered_matrix.mtx.gz,L145263,4
GSM8563001:GGGTGTCCAAAGGCGT,Naive3,GSM8563001,L293773,1.0,GGGTGTCCAAAGGCGT-1,2831,GSM8563001_Naive3_filtered_matrix.mtx.gz,L293773,0
GSM8563001:GGGTGTCTCTAACGCA,Naive3,GSM8563001,L196980,0.997708,GGGTGTCTCTAACGCA-1,2834,GSM8563001_Naive3_filtered_matrix.mtx.gz,L196980,3
GSM8563001:GGGTTATCAGCACGAA,Naive3,GSM8563001,L173296,1.0,GGGTTATCAGCACGAA-1,2835,GSM8563001_Naive3_filtered_matrix.mtx.gz,L173296,1
GSM8563001:GGGTTATGTATGAAGT,Naive3,GSM8563001,L115630,1.0,GGGTTATGTATGAAGT-1,2836,GSM8563001_Naive3_filtered_matrix.mtx.gz,L115630,3
GSM8563001:GGGTTATGTGCGTCGT,Naive3,GSM8563001,L278604,1.0,GGGTTATGTGCGTCGT-1,2837,GSM8563001_Naive3_filtered_matrix.mtx.gz,L278604,2
GSM8563001:GGGTTTAAGCAGCGAT,Naive3,GSM8563001,L89382,1.0,GGGTTTAAGCAGCGAT-1,2838,GSM8563001_Naive3_filtered_matrix.mtx.gz,L89382,2
GSM8563001:GGGTTTAAGGCTGAAC,Naive3,GSM8563001,L33701,1.0,GGGTTTAAGGCTGAAC-1,2839,GSM8563001_Naive3_filtered_matrix.mtx.gz,L33701,3
GSM8563001:GGGTTTAAGGGCTGAT,Naive3,GSM8563001,L320444,1.0,GGGTTTAAGGGCTGAT-1,2840,GSM8563001_Naive3_filtered_matrix.mtx.gz,L320444,2
GSM8563001:GGGTTTACACAAACGG,Naive3,GSM8563001,L110895,1.0,GGGTTTACACAAACGG-1,2841,GSM8563001_Naive3_filtered_matrix.mtx.gz,L110895,0
GSM8563001:GGTAACTAGTGGCCTC,Naive3,GSM8563001,L19489,1.0,GGTAACTAGTGGCCTC-1,2842,GSM8563001_Naive3_filtered_matrix.mtx.gz,L19489,0
GSM8563001:GGTAACTCAAACTAAG,Naive3,GSM8563001,L56999,1.0,GGTAACTCAAACTAAG-1,2843,GSM8563001_Naive3_filtered_matrix.mtx.gz,L56999,0
GSM8563001:GGTAATCAGACCTGGA,Naive3,GSM8563001,L319892,0.626357,GGTAATCAGACCTGGA-1,2846,GSM8563001_Naive3_filtered_matrix.mtx.gz,L319892,4
GSM8563001:GGTAATCCAATGACCT,Naive3,GSM8563001,L94397,1.0,GGTAATCCAATGACCT-1,2847,GSM8563001_Naive3_filtered_matrix.mtx.gz,L94397,0
GSM8563001:GGTAATCGTTTGGGAG,Naive3,GSM8563001,L257154,1.0,GGTAATCGTTTGGGAG-1,2848,GSM8563001_Naive3_filtered_matrix.mtx.gz,L257154,4
GSM8563001:GGTAATCTCGATTTCT,Naive3,GSM8563001,L240104,1.0,GGTAATCTCGATTTCT-1,2849,GSM8563001_Naive3_filtered_matrix.mtx.gz,L240104,3
GSM8563001:GGTAATCTCTGTAAGC,Naive3,GSM8563001,L316533,1.0,GGTAATCTCTGTAAGC-1,2850,GSM8563001_Naive3_filtered_matrix.mtx.gz,L316533,2
GSM8563001:GGTAGAGAGCTCCACG,Naive3,GSM8563001,L285082,1.0,GGTAGAGAGCTCCACG-1,2851,GSM8563001_Naive3_filtered_matrix.mtx.gz,L285082,0
GSM8563001:GGTAGAGGTGGAAGTC,Naive3,GSM8563001,L37973,1.0,GGTAGAGGTGGAAGTC-1,2852,GSM8563001_Naive3_filtered_matrix.mtx.gz,L37973,4
GSM8563001:GGTAGAGGTTGACTAC,Naive3,GSM8563001,L116200,1.0,GGTAGAGGTTGACTAC-1,2853,GSM8563001_Naive3_filtered_matrix.mtx.gz,L116200,4
GSM8563001:GGTAGAGTCGCAGTGC,Naive3,GSM8563001,L47103,1.0,GGTAGAGTCGCAGTGC-1,2854,GSM8563001_Naive3_filtered_matrix.mtx.gz,L47103,4
GSM8563001:GGTCACGAGTGCCCGT,Naive3,GSM8563001,L173896,1.0,GGTCACGAGTGCCCGT-1,2855,GSM8563001_Naive3_filtered_matrix.mtx.gz,L173896,0
GSM8563001:GGTCTGGCACAGTACT,Naive3,GSM8563001,L75392,1.0,GGTCTGGCACAGTACT-1,2859,GSM8563001_Naive3_filtered_matrix.mtx.gz,L75392,4
GSM8563001:GGTCTGGGTCTACTGA,Naive3,GSM8563001,L228182,1.0,GGTCTGGGTCTACTGA-1,2862,GSM8563001_Naive3_filtered_matrix.mtx.gz,L228182,0
GSM8563001:GGTCTGGTCTCTCAAT,Naive3,GSM8563001,L252275,1.0,GGTCTGGTCTCTCAAT-1,2863,GSM8563001_Naive3_filtered_matrix.mtx.gz,L252275,0
GSM8563001:GGTGAAGGTTGCATAC,Naive3,GSM8563001,L36448,1.0,GGTGAAGGTTGCATAC-1,2864,GSM8563001_Naive3_filtered_matrix.mtx.gz,L36448,2
GSM8563001:GGTGAAGTCAAGTCTG,Naive3,GSM8563001,L179382,1.0,GGTGAAGTCAAGTCTG-1,2865,GSM8563001_Naive3_filtered_matrix.mtx.gz,L179382,0
GSM8563001:GGTGATTGTGTTCGAT,Naive3,GSM8563001,L37973,1.0,GGTGATTGTGTTCGAT-1,2867,GSM8563001_Naive3_filtered_matrix.mtx.gz,L37973,4
GSM8563001:GGTGATTTCTTAGCAG,Naive3,GSM8563001,L40629,1.0,GGTGATTTCTTAGCAG-1,2868,GSM8563001_Naive3_filtered_matrix.mtx.gz,L40629,4
GSM8563001:GGTGGCTCAGACTCTA,Naive3,GSM8563001,L131897,1.0,GGTGGCTCAGACTCTA-1,2869,GSM8563001_Naive3_filtered_matrix.mtx.gz,L131897,4
GSM8563001:GGTGGCTCATACCATG,Naive3,GSM8563001,L35389,1.0,GGTGGCTCATACCATG-1,2870,GSM8563001_Naive3_filtered_matrix.mtx.gz,L35389,4
GSM8563001:GGTGGCTGTATTTCTC,Naive3,GSM8563001,L85922,1.0,GGTGGCTGTATTTCTC-1,2871,GSM8563001_Naive3_filtered_matrix.mtx.gz,L85922,0
GSM8563001:GGTGGCTTCTTGTTAC,Naive3,GSM8563001,L106015,1.0,GGTGGCTTCTTGTTAC-1,2872,GSM8563001_Naive3_filtered_matrix.mtx.gz,L106015,2
GSM8563001:GGTGTCGAGTGATGGC,Naive3,GSM8563001,L2779,1.0,GGTGTCGAGTGATGGC-1,2874,GSM8563001_Naive3_filtered_matrix.mtx.gz,L2779,4
GSM8563001:GGTGTCGCAACCTAAC,Naive3,GSM8563001,L8380,1.0,GGTGTCGCAACCTAAC-1,2876,GSM8563001_Naive3_filtered_matrix.mtx.gz,L8380,0
GSM8563001:GGTGTCGCATAAGCAA,Naive3,GSM8563001,L282391,1.0,GGTGTCGCATAAGCAA-1,2877,GSM8563001_Naive3_filtered_matrix.mtx.gz,L282391,3
GSM8563001:GGTGTCGGTCAGCGTC,Naive3,GSM8563001,L85940,1.0,GGTGTCGGTCAGCGTC-1,2878,GSM8563001_Naive3_filtered_matrix.mtx.gz,L85940,3
GSM8563001:GGTGTCGGTGTTACTG,Naive3,GSM8563001,L187885,1.0,GGTGTCGGTGTTACTG-1,2879,GSM8563001_Naive3_filtered_matrix.mtx.gz,L187885,0
GSM8563001:GGTGTCGGTTTCCCAC,Naive3,GSM8563001,L58090,0.999779,GGTGTCGGTTTCCCAC-1,2880,GSM8563001_Naive3_filtered_matrix.mtx.gz,L58090,2
GSM8563001:GGTGTCGTCTCATGGA,Naive3,GSM8563001,L17873,1.0,GGTGTCGTCTCATGGA-1,2881,GSM8563001_Naive3_filtered_matrix.mtx.gz,L17873,0
GSM8563001:GGTGTTACATTAGGCT,Naive3,GSM8563001,L84351,1.0,GGTGTTACATTAGGCT-1,2882,GSM8563001_Naive3_filtered_matrix.mtx.gz,L84351,3
GSM8563001:GGTTAACAGATACATG,Naive3,GSM8563001,L8387,1.0,GGTTAACAGATACATG-1,2883,GSM8563001_Naive3_filtered_matrix.mtx.gz,L8387,0
GSM8563001:GGTTAACTCCATCTAT,Naive3,GSM8563001,L19489,1.0,GGTTAACTCCATCTAT-1,2884,GSM8563001_Naive3_filtered_matrix.mtx.gz,L19489,0
GSM8563001:GGTTCTCCAGACATCT,Naive3,GSM8563001,L229874,1.0,GGTTCTCCAGACATCT-1,2885,GSM8563001_Naive3_filtered_matrix.mtx.gz,L229874,1
GSM8563001:GGTTCTCCAGTTAGGG,Naive3,GSM8563001,L17873,1.0,GGTTCTCCAGTTAGGG-1,2886,GSM8563001_Naive3_filtered_matrix.mtx.gz,L17873,0
GSM8563001:GGTTCTCCATGGCACC,Naive3,GSM8563001,L91099,1.0,GGTTCTCCATGGCACC-1,2887,GSM8563001_Naive3_filtered_matrix.mtx.gz,L91099,0
GSM8563001:GGTTCTCGTCGAGTTT,Naive3,GSM8563001,L216702,0.999999,GGTTCTCGTCGAGTTT-1,2888,GSM8563001_Naive3_filtered_matrix.mtx.gz,L216702,2
GSM8563001:GGTTGTAAGGCAGCTA,Naive3,GSM8563001,L216702,1.0,GGTTGTAAGGCAGCTA-1,2889,GSM8563001_Naive3_filtered_matrix.mtx.gz,L216702,2
GSM8563001:GGTTGTAAGTGGAAAG,Naive3,GSM8563001,L183358,1.0,GGTTGTAAGTGGAAAG-1,2891,GSM8563001_Naive3_filtered_matrix.mtx.gz,L183358,0
GSM8563001:GGTTGTACAACTCGTA,Naive3,GSM8563001,L109193,1.0,GGTTGTACAACTCGTA-1,2892,GSM8563001_Naive3_filtered_matrix.mtx.gz,L109193,2
GSM8563001:GGTTGTAGTCGCCTAG,Naive3,GSM8563001,L192964,1.0,GGTTGTAGTCGCCTAG-1,2893,GSM8563001_Naive3_filtered_matrix.mtx.gz,L192964,0
GSM8563001:GTAACACAGAAAGCGA,Naive3,GSM8563001,L109808,1.0,GTAACACAGAAAGCGA-1,2894,GSM8563001_Naive3_filtered_matrix.mtx.gz,L109808,1
GSM8563001:GTAACACGTCGACGCT,Naive3,GSM8563001,L3698,1.0,GTAACACGTCGACGCT-1,2895,GSM8563001_Naive3_filtered_matrix.mtx.gz,L3698,0
GSM8563001:GTAACCATCTGTCTCG,Naive3,GSM8563001,L278604,1.0,GTAACCATCTGTCTCG-1,2897,GSM8563001_Naive3_filtered_matrix.mtx.gz,L278604,2
GSM8563001:GTAAGTCCAAAGCTCT,Naive3,GSM8563001,L239228,1.0,GTAAGTCCAAAGCTCT-1,2899,GSM8563001_Naive3_filtered_matrix.mtx.gz,L239228,2
GSM8563001:GTAAGTCTCGGTCGGT,Naive3,GSM8563001,L173296,1.0,GTAAGTCTCGGTCGGT-1,2900,GSM8563001_Naive3_filtered_matrix.mtx.gz,L173296,1
GSM8563001:GTAATCGAGCTTTCCC,Naive3,GSM8563001,L84404,1.0,GTAATCGAGCTTTCCC-1,2901,GSM8563001_Naive3_filtered_matrix.mtx.gz,L84404,4
GSM8563001:GTAATCGCACACTTAG,Naive3,GSM8563001,L172542,1.0,GTAATCGCACACTTAG-1,2903,GSM8563001_Naive3_filtered_matrix.mtx.gz,L172542,2
GSM8563001:GTAATCGCAGGAGGAG,Naive3,GSM8563001,L177128,1.0,GTAATCGCAGGAGGAG-1,2904,GSM8563001_Naive3_filtered_matrix.mtx.gz,L177128,3
GSM8563001:GTAATCGGTGGCATCC,Naive3,GSM8563001,L45022,1.0,GTAATCGGTGGCATCC-1,2905,GSM8563001_Naive3_filtered_matrix.mtx.gz,L45022,3
GSM8563001:GTAATCGTCCCATGGG,Naive3,GSM8563001,L51134,1.0,GTAATCGTCCCATGGG-1,2906,GSM8563001_Naive3_filtered_matrix.mtx.gz,L51134,0
GSM8563001:GTAATCGTCTTCGTAT,Naive3,GSM8563001,L251719,1.0,GTAATCGTCTTCGTAT-1,2907,GSM8563001_Naive3_filtered_matrix.mtx.gz,L251719,2
GSM8563001:GTAATGCAGGCACCAA,Naive3,GSM8563001,L229874,1.0,GTAATGCAGGCACCAA-1,2908,GSM8563001_Naive3_filtered_matrix.mtx.gz,L229874,1
GSM8563001:GTAATGCCACTCACTC,Naive3,GSM8563001,L249999,1.0,GTAATGCCACTCACTC-1,2910,GSM8563001_Naive3_filtered_matrix.mtx.gz,L249999,3
GSM8563001:GTAATGCGTTGCTAGT,Naive3,GSM8563001,L196980,0.999606,GTAATGCGTTGCTAGT-1,2912,GSM8563001_Naive3_filtered_matrix.mtx.gz,L196980,3
GSM8563001:GTAATGCGTTTCCAAG,Naive3,GSM8563001,L22744,1.0,GTAATGCGTTTCCAAG-1,2913,GSM8563001_Naive3_filtered_matrix.mtx.gz,L22744,4
GSM8563001:GTAATGCTCAGTCAGT,Naive3,GSM8563001,L40629,1.0,GTAATGCTCAGTCAGT-1,2914,GSM8563001_Naive3_filtered_matrix.mtx.gz,L40629,4
GSM8563001:GTAATGCTCTTCTGTA,Naive3,GSM8563001,L145263,1.0,GTAATGCTCTTCTGTA-1,2915,GSM8563001_Naive3_filtered_matrix.mtx.gz,L145263,4
GSM8563001:GTACAACCACTACCCT,Naive3,GSM8563001,L198915,1.0,GTACAACCACTACCCT-1,2916,GSM8563001_Naive3_filtered_matrix.mtx.gz,L198915,1
GSM8563001:GTACAACTCGGCACTG,Naive3,GSM8563001,L244706,1.0,GTACAACTCGGCACTG-1,2921,GSM8563001_Naive3_filtered_matrix.mtx.gz,L244706,4
GSM8563001:GTACAGTAGTTCAACC,Naive3,GSM8563001,L219307,1.0,GTACAGTAGTTCAACC-1,2923,GSM8563001_Naive3_filtered_matrix.mtx.gz,L219307,3
GSM8563001:GTACAGTCATTGACAC,Naive3,GSM8563001,L8434,1.0,GTACAGTCATTGACAC-1,2924,GSM8563001_Naive3_filtered_matrix.mtx.gz,L8434,0
GSM8563001:GTACAGTTCTGTAACG,Naive3,GSM8563001,L7120,1.0,GTACAGTTCTGTAACG-1,2926,GSM8563001_Naive3_filtered_matrix.mtx.gz,L7120,3
GSM8563001:GTAGAAAAGGTATTGA,Naive3,GSM8563001,L173296,0.997708,GTAGAAAAGGTATTGA-1,2927,GSM8563001_Naive3_filtered_matrix.mtx.gz,L173296,1
GSM8563001:GTAGAAACATACTGTG,Naive3,GSM8563001,L274951,1.0,GTAGAAACATACTGTG-1,2928,GSM8563001_Naive3_filtered_matrix.mtx.gz,L274951,3
GSM8563001:GTAGAGGGTGAATATG,Naive3,GSM8563001,L219307,1.0,GTAGAGGGTGAATATG-1,2929,GSM8563001_Naive3_filtered_matrix.mtx.gz,L219307,3
GSM8563001:GTAGAGGTCTTCTGTA,Naive3,GSM8563001,L64990,1.0,GTAGAGGTCTTCTGTA-1,2930,GSM8563001_Naive3_filtered_matrix.mtx.gz,L64990,4
GSM8563001:GTAGATCAGAGCTGCA,Naive3,GSM8563001,L314603,1.0,GTAGATCAGAGCTGCA-1,2931,GSM8563001_Naive3_filtered_matrix.mtx.gz,L314603,2
GSM8563001:GTAGATCGTAGCTGAG,Naive3,GSM8563001,L242834,1.0,GTAGATCGTAGCTGAG-1,2933,GSM8563001_Naive3_filtered_matrix.mtx.gz,L242834,4
GSM8563001:GTAGATCGTAGCTTGT,Naive3,GSM8563001,L275355,1.0,GTAGATCGTAGCTTGT-1,2934,GSM8563001_Naive3_filtered_matrix.mtx.gz,L275355,1
GSM8563001:GTAGATCGTGGACAGT,Naive3,GSM8563001,L306495,1.0,GTAGATCGTGGACAGT-1,2935,GSM8563001_Naive3_filtered_matrix.mtx.gz,L306495,4
GSM8563001:GTAGCTAAGCCAAGTG,Naive3,GSM8563001,L249999,1.0,GTAGCTAAGCCAAGTG-1,2937,GSM8563001_Naive3_filtered_matrix.mtx.gz,L249999,3
GSM8563001:GTAGCTACACGTTCGG,Naive3,GSM8563001,L84351,1.0,GTAGCTACACGTTCGG-1,2938,GSM8563001_Naive3_filtered_matrix.mtx.gz,L84351,3
GSM8563001:GTAGCTAGTTGCTGAT,Naive3,GSM8563001,L173296,1.0,GTAGCTAGTTGCTGAT-1,2939,GSM8563001_Naive3_filtered_matrix.mtx.gz,L173296,1
GSM8563001:GTAGCTATCCGGGACT,Naive3,GSM8563001,L77190,1.0,GTAGCTATCCGGGACT-1,2940,GSM8563001_Naive3_filtered_matrix.mtx.gz,L77190,2
GSM8563001:GTAGGAGTCGCGGTAC,Naive3,GSM8563001,L106945,1.0,GTAGGAGTCGCGGTAC-1,2942,GSM8563001_Naive3_filtered_matrix.mtx.gz,L106945,4
GSM8563001:GTAGGTTAGTTCCATG,Naive3,GSM8563001,L88461,1.0,GTAGGTTAGTTCCATG-1,2943,GSM8563001_Naive3_filtered_matrix.mtx.gz,L88461,3
GSM8563001:GTAGGTTTCCCGAGAC,Naive3,GSM8563001,L100814,1.0,GTAGGTTTCCCGAGAC-1,2944,GSM8563001_Naive3_filtered_matrix.mtx.gz,L100814,0
GSM8563001:GTAGTACAGGGAGAAT,Naive3,GSM8563001,L306495,1.0,GTAGTACAGGGAGAAT-1,2945,GSM8563001_Naive3_filtered_matrix.mtx.gz,L306495,4
GSM8563001:GTAGTACAGTGCGCTC,Naive3,GSM8563001,L306495,1.0,GTAGTACAGTGCGCTC-1,2946,GSM8563001_Naive3_filtered_matrix.mtx.gz,L306495,4
GSM8563001:GTAGTACTCAGAATAG,Naive3,GSM8563001,L325741,1.0,GTAGTACTCAGAATAG-1,2947,GSM8563001_Naive3_filtered_matrix.mtx.gz,L325741,0
GSM8563001:GTATTGGCAGAGTTCT,Naive3,GSM8563001,L229494,1.0,GTATTGGCAGAGTTCT-1,2948,GSM8563001_Naive3_filtered_matrix.mtx.gz,L229494,1
GSM8563001:GTATTGGGTAGCCCTG,Naive3,GSM8563001,L62684,1.0,GTATTGGGTAGCCCTG-1,2949,GSM8563001_Naive3_filtered_matrix.mtx.gz,L62684,1
GSM8563001:GTATTGGGTTCAGCGC,Naive3,GSM8563001,L325741,1.0,GTATTGGGTTCAGCGC-1,2950,GSM8563001_Naive3_filtered_matrix.mtx.gz,L325741,0
GSM8563001:GTATTGGGTTCATCTT,Naive3,GSM8563001,L305830,1.0,GTATTGGGTTCATCTT-1,2951,GSM8563001_Naive3_filtered_matrix.mtx.gz,L305830,0
GSM8563001:GTATTTCAGGCCCACT,Naive3,GSM8563001,L229874,1.0,GTATTTCAGGCCCACT-1,2952,GSM8563001_Naive3_filtered_matrix.mtx.gz,L229874,1
GSM8563001:GTATTTCCAATCGCGC,Naive3,GSM8563001,L275355,1.0,GTATTTCCAATCGCGC-1,2953,GSM8563001_Naive3_filtered_matrix.mtx.gz,L275355,1
GSM8563001:GTATTTCGTTAGTCGT,Naive3,GSM8563001,L173296,1.0,GTATTTCGTTAGTCGT-1,2954,GSM8563001_Naive3_filtered_matrix.mtx.gz,L173296,1
GSM8563001:GTATTTCGTTGGTAGG,Naive3,GSM8563001,L2779,1.0,GTATTTCGTTGGTAGG-1,2955,GSM8563001_Naive3_filtered_matrix.mtx.gz,L2779,4
GSM8563001:GTATTTCGTTTATGCG,Naive3,GSM8563001,L3265,1.0,GTATTTCGTTTATGCG-1,2956,GSM8563001_Naive3_filtered_matrix.mtx.gz,L3265,4
GSM8563001:GTATTTCTCGTGTGAT,Naive3,GSM8563001,L70669,1.0,GTATTTCTCGTGTGAT-1,2957,GSM8563001_Naive3_filtered_matrix.mtx.gz,L70669,3
GSM8563001:GTCAAACGTGCATTAC,Naive3,GSM8563001,L81738,1.0,GTCAAACGTGCATTAC-1,2958,GSM8563001_Naive3_filtered_matrix.mtx.gz,L81738,0
GSM8563001:GTCAAACGTGTACAGG,Naive3,GSM8563001,L70669,1.0,GTCAAACGTGTACAGG-1,2959,GSM8563001_Naive3_filtered_matrix.mtx.gz,L70669,3
GSM8563001:GTCAAACTCACGATAC,Naive3,GSM8563001,L246037,1.0,GTCAAACTCACGATAC-1,2960,GSM8563001_Naive3_filtered_matrix.mtx.gz,L246037,2
GSM8563001:GTCAAACTCCATCTAT,Naive3,GSM8563001,L183358,1.0,GTCAAACTCCATCTAT-1,2961,GSM8563001_Naive3_filtered_matrix.mtx.gz,L183358,0
GSM8563001:GTCAAACTCCTCAGGG,Naive3,GSM8563001,L244706,1.0,GTCAAACTCCTCAGGG-1,2962,GSM8563001_Naive3_filtered_matrix.mtx.gz,L244706,4
GSM8563001:GTCAAACTCGGAGATG,Naive3,GSM8563001,L219307,1.0,GTCAAACTCGGAGATG-1,2963,GSM8563001_Naive3_filtered_matrix.mtx.gz,L219307,3
GSM8563001:GTCAAGTCAGTTGCGC,Naive3,GSM8563001,L82979,1.0,GTCAAGTCAGTTGCGC-1,2964,GSM8563001_Naive3_filtered_matrix.mtx.gz,L82979,2
GSM8563001:GTCAAGTGTCCTCAGG,Naive3,GSM8563001,L192531,1.0,GTCAAGTGTCCTCAGG-1,2965,GSM8563001_Naive3_filtered_matrix.mtx.gz,L192531,1
GSM8563001:GTCACGGTCATACGGT,Naive3,GSM8563001,L33701,1.0,GTCACGGTCATACGGT-1,2968,GSM8563001_Naive3_filtered_matrix.mtx.gz,L33701,3
GSM8563001:GTCAGCGAGCTTGTTG,Naive3,GSM8563001,L52820,1.0,GTCAGCGAGCTTGTTG-1,2972,GSM8563001_Naive3_filtered_matrix.mtx.gz,L52820,0
GSM8563001:GTCAGCGTCGCTCCTA,Naive3,GSM8563001,L126247,1.0,GTCAGCGTCGCTCCTA-1,2974,GSM8563001_Naive3_filtered_matrix.mtx.gz,L126247,1
GSM8563001:GTCATCCAGCAATAGT,Naive3,GSM8563001,L2779,1.0,GTCATCCAGCAATAGT-1,2975,GSM8563001_Naive3_filtered_matrix.mtx.gz,L2779,4
GSM8563001:GTCATCCAGTAAACTG,Naive3,GSM8563001,L100615,1.0,GTCATCCAGTAAACTG-1,2976,GSM8563001_Naive3_filtered_matrix.mtx.gz,L100615,0
GSM8563001:GTCATCCGTTGGTGTT,Naive3,GSM8563001,L212929,1.0,GTCATCCGTTGGTGTT-1,2977,GSM8563001_Naive3_filtered_matrix.mtx.gz,L212929,4
GSM8563001:GTCATGACAAAGGTTA,Naive3,GSM8563001,L206384,1.0,GTCATGACAAAGGTTA-1,2979,GSM8563001_Naive3_filtered_matrix.mtx.gz,L206384,3
GSM8563001:GTCATGACATCGGCCA,Naive3,GSM8563001,L78432,1.0,GTCATGACATCGGCCA-1,2980,GSM8563001_Naive3_filtered_matrix.mtx.gz,L78432,4
GSM8563001:GTCATGAGTCATCGCG,Naive3,GSM8563001,L259644,0.548821,GTCATGAGTCATCGCG-1,2981,GSM8563001_Naive3_filtered_matrix.mtx.gz,L259644,0
GSM8563001:GTCATGATCACGGACC,Naive3,GSM8563001,L239228,1.0,GTCATGATCACGGACC-1,2982,GSM8563001_Naive3_filtered_matrix.mtx.gz,L239228,2
GSM8563001:GTCATGATCCTTCTTC,Naive3,GSM8563001,L82979,1.0,GTCATGATCCTTCTTC-1,2983,GSM8563001_Naive3_filtered_matrix.mtx.gz,L82979,2
GSM8563001:GTCATGATCTTCCCGA,Naive3,GSM8563001,L44586,1.0,GTCATGATCTTCCCGA-1,2984,GSM8563001_Naive3_filtered_matrix.mtx.gz,L44586,0
GSM8563001:GTCATTTAGACCAAGC,Naive3,GSM8563001,L229874,1.0,GTCATTTAGACCAAGC-1,2985,GSM8563001_Naive3_filtered_matrix.mtx.gz,L229874,1
GSM8563001:GTCATTTCAAACTCGT,Naive3,GSM8563001,L157880,1.0,GTCATTTCAAACTCGT-1,2986,GSM8563001_Naive3_filtered_matrix.mtx.gz,L157880,2
GSM8563001:GTCATTTCAAGCTACT,Naive3,GSM8563001,L66204,1.0,GTCATTTCAAGCTACT-1,2987,GSM8563001_Naive3_filtered_matrix.mtx.gz,L66204,2
GSM8563001:GTCATTTCACCGGAAA,Naive3,GSM8563001,L257154,1.0,GTCATTTCACCGGAAA-1,2988,GSM8563001_Naive3_filtered_matrix.mtx.gz,L257154,4
GSM8563001:GTCATTTTCTGGGTCG,Naive3,GSM8563001,L197414,1.0,GTCATTTTCTGGGTCG-1,2989,GSM8563001_Naive3_filtered_matrix.mtx.gz,L197414,1
GSM8563001:GTCCACTAGGACATCG,Naive3,GSM8563001,L250048,1.0,GTCCACTAGGACATCG-1,2991,GSM8563001_Naive3_filtered_matrix.mtx.gz,L250048,2
GSM8563001:GTCCACTCAAGACTGG,Naive3,GSM8563001,L215992,1.0,GTCCACTCAAGACTGG-1,2992,GSM8563001_Naive3_filtered_matrix.mtx.gz,L215992,0
GSM8563001:GTCCACTCATTGTACG,Naive3,GSM8563001,L222867,1.0,GTCCACTCATTGTACG-1,2994,GSM8563001_Naive3_filtered_matrix.mtx.gz,L222867,4
GSM8563001:GTCCACTGTAGCTGTT,Naive3,GSM8563001,L115717,1.0,GTCCACTGTAGCTGTT-1,2995,GSM8563001_Naive3_filtered_matrix.mtx.gz,L115717,2
GSM8563001:GTCCACTGTCTGCCTT,Naive3,GSM8563001,L278604,1.0,GTCCACTGTCTGCCTT-1,2996,GSM8563001_Naive3_filtered_matrix.mtx.gz,L278604,2
GSM8563001:GTCCACTGTGTACAGG,Naive3,GSM8563001,L48583,1.0,GTCCACTGTGTACAGG-1,2997,GSM8563001_Naive3_filtered_matrix.mtx.gz,L48583,2
GSM8563001:GTCCACTGTGTATTGC,Naive3,GSM8563001,L303207,1.0,GTCCACTGTGTATTGC-1,2998,GSM8563001_Naive3_filtered_matrix.mtx.gz,L303207,2
GSM8563001:GTCCACTTCATTGCGA,Naive3,GSM8563001,L138125,1.0,GTCCACTTCATTGCGA-1,2999,GSM8563001_Naive3_filtered_matrix.mtx.gz,L138125,4
GSM8563001:GTCCACTTCCTCTGCA,Naive3,GSM8563001,L64121,1.0,GTCCACTTCCTCTGCA-1,3000,GSM8563001_Naive3_filtered_matrix.mtx.gz,L64121,3
GSM8563001:GTCCCATGTCCACGCA,Naive3,GSM8563001,L239119,1.0,GTCCCATGTCCACGCA-1,3003,GSM8563001_Naive3_filtered_matrix.mtx.gz,L239119,4
GSM8563001:GTCCCATTCAGGCGAA,Naive3,GSM8563001,L239228,1.0,GTCCCATTCAGGCGAA-1,3005,GSM8563001_Naive3_filtered_matrix.mtx.gz,L239228,2
GSM8563001:GTCCCATTCGGCCTTT,Naive3,GSM8563001,L139565,1.0,GTCCCATTCGGCCTTT-1,3006,GSM8563001_Naive3_filtered_matrix.mtx.gz,L139565,3
GSM8563001:GTCCTCAAGCAGGTCA,Naive3,GSM8563001,L280587,1.0,GTCCTCAAGCAGGTCA-1,3007,GSM8563001_Naive3_filtered_matrix.mtx.gz,L280587,3
GSM8563001:GTCCTCACAAGGAGTC,Naive3,GSM8563001,L303918,1.0,GTCCTCACAAGGAGTC-1,3009,GSM8563001_Naive3_filtered_matrix.mtx.gz,L303918,0
GSM8563001:GTCCTCACACTTTAGG,Naive3,GSM8563001,L196980,1.0,GTCCTCACACTTTAGG-1,3010,GSM8563001_Naive3_filtered_matrix.mtx.gz,L196980,3
GSM8563001:GTCCTCACAGACCATT,Naive3,GSM8563001,L250048,0.999998,GTCCTCACAGACCATT-1,3011,GSM8563001_Naive3_filtered_matrix.mtx.gz,L250048,2
GSM8563001:GTCGAATGTAGCGTAG,Naive3,GSM8563001,L280483,0.552119,GTCGAATGTAGCGTAG-1,3014,GSM8563001_Naive3_filtered_matrix.mtx.gz,L280483,4
GSM8563001:GTCGAATTCCTCGATC,Naive3,GSM8563001,L54153,1.0,GTCGAATTCCTCGATC-1,3016,GSM8563001_Naive3_filtered_matrix.mtx.gz,L54153,2
GSM8563001:GTCGCGAAGCTAGATA,Naive3,GSM8563001,L116200,1.0,GTCGCGAAGCTAGATA-1,3017,GSM8563001_Naive3_filtered_matrix.mtx.gz,L116200,4
GSM8563001:GTCGCGACACGAAGAC,Naive3,GSM8563001,L213816,1.0,GTCGCGACACGAAGAC-1,3018,GSM8563001_Naive3_filtered_matrix.mtx.gz,L213816,3
GSM8563001:GTCGCGATCTCCATAT,Naive3,GSM8563001,L47103,1.0,GTCGCGATCTCCATAT-1,3019,GSM8563001_Naive3_filtered_matrix.mtx.gz,L47103,4
GSM8563001:GTCGTAACAAATGAAC,Naive3,GSM8563001,L295735,1.0,GTCGTAACAAATGAAC-1,3020,GSM8563001_Naive3_filtered_matrix.mtx.gz,L295735,3
GSM8563001:GTCGTAACAACTGAAA,Naive3,GSM8563001,L70669,1.0,GTCGTAACAACTGAAA-1,3021,GSM8563001_Naive3_filtered_matrix.mtx.gz,L70669,3
GSM8563001:GTCGTAACACTCCTGT,Naive3,GSM8563001,L55260,1.0,GTCGTAACACTCCTGT-1,3022,GSM8563001_Naive3_filtered_matrix.mtx.gz,L55260,4
GSM8563001:GTCGTAATCACCTCTG,Naive3,GSM8563001,L88461,1.0,GTCGTAATCACCTCTG-1,3024,GSM8563001_Naive3_filtered_matrix.mtx.gz,L88461,3
GSM8563001:GTCGTTCCAACGATCT,Naive3,GSM8563001,L173296,1.0,GTCGTTCCAACGATCT-1,3025,GSM8563001_Naive3_filtered_matrix.mtx.gz,L173296,1
GSM8563001:GTCGTTCCATGCAGCC,Naive3,GSM8563001,L312238,1.0,GTCGTTCCATGCAGCC-1,3026,GSM8563001_Naive3_filtered_matrix.mtx.gz,L312238,2
GSM8563001:GTCGTTCTCCGTCACT,Naive3,GSM8563001,L227050,1.0,GTCGTTCTCCGTCACT-1,3028,GSM8563001_Naive3_filtered_matrix.mtx.gz,L227050,3
GSM8563001:GTCTACCAGTAGAGTT,Naive3,GSM8563001,L87366,1.0,GTCTACCAGTAGAGTT-1,3030,GSM8563001_Naive3_filtered_matrix.mtx.gz,L87366,3
GSM8563001:GTCTACCAGTCGCCAC,Naive3,GSM8563001,L227975,1.0,GTCTACCAGTCGCCAC-1,3031,GSM8563001_Naive3_filtered_matrix.mtx.gz,L227975,1
GSM8563001:GTCTACCTCCTAACAG,Naive3,GSM8563001,L35389,1.0,GTCTACCTCCTAACAG-1,3033,GSM8563001_Naive3_filtered_matrix.mtx.gz,L35389,4
GSM8563001:GTCTACCTCCTCCACA,Naive3,GSM8563001,L64990,1.0,GTCTACCTCCTCCACA-1,3034,GSM8563001_Naive3_filtered_matrix.mtx.gz,L64990,4
GSM8563001:GTCTACCTCTCCACTG,Naive3,GSM8563001,L296089,1.0,GTCTACCTCTCCACTG-1,3035,GSM8563001_Naive3_filtered_matrix.mtx.gz,L296089,3
GSM8563001:GTCTACCTCTCCGCAT,Naive3,GSM8563001,L137611,1.0,GTCTACCTCTCCGCAT-1,3036,GSM8563001_Naive3_filtered_matrix.mtx.gz,L137611,4
GSM8563001:GTCTAGAAGCACCGTC,Naive3,GSM8563001,L204285,1.0,GTCTAGAAGCACCGTC-1,3037,GSM8563001_Naive3_filtered_matrix.mtx.gz,L204285,3
GSM8563001:GTCTAGAAGCACTCCG,Naive3,GSM8563001,L33701,1.0,GTCTAGAAGCACTCCG-1,3038,GSM8563001_Naive3_filtered_matrix.mtx.gz,L33701,3
GSM8563001:GTCTAGAAGCTCTTCC,Naive3,GSM8563001,L61259,1.0,GTCTAGAAGCTCTTCC-1,3039,GSM8563001_Naive3_filtered_matrix.mtx.gz,L61259,2
GSM8563001:GTCTAGAAGTGTTCCA,Naive3,GSM8563001,L113271,1.0,GTCTAGAAGTGTTCCA-1,3040,GSM8563001_Naive3_filtered_matrix.mtx.gz,L113271,4
GSM8563001:GTCTAGACACATAACC,Naive3,GSM8563001,L35389,1.0,GTCTAGACACATAACC-1,3041,GSM8563001_Naive3_filtered_matrix.mtx.gz,L35389,4
GSM8563001:GTCTAGACACGTACAT,Naive3,GSM8563001,L219307,1.0,GTCTAGACACGTACAT-1,3042,GSM8563001_Naive3_filtered_matrix.mtx.gz,L219307,3
GSM8563001:GTCTAGACAGGGATAC,Naive3,GSM8563001,L186861,0.999444,GTCTAGACAGGGATAC-1,3043,GSM8563001_Naive3_filtered_matrix.mtx.gz,L186861,1
GSM8563001:GTCTAGACATTGGCAT,Naive3,GSM8563001,L67284,1.0,GTCTAGACATTGGCAT-1,3045,GSM8563001_Naive3_filtered_matrix.mtx.gz,L67284,3
GSM8563001:GTCTAGAGTTAGTCGT,Naive3,GSM8563001,L204112,1.0,GTCTAGAGTTAGTCGT-1,3047,GSM8563001_Naive3_filtered_matrix.mtx.gz,L204112,1
GSM8563001:GTCTAGATCAAGCCGC,Naive3,GSM8563001,L233461,1.0,GTCTAGATCAAGCCGC-1,3048,GSM8563001_Naive3_filtered_matrix.mtx.gz,L233461,4
GSM8563001:GTCTCACAGCTAAATG,Naive3,GSM8563001,L173031,1.0,GTCTCACAGCTAAATG-1,3049,GSM8563001_Naive3_filtered_matrix.mtx.gz,L173031,0
GSM8563001:GTCTCACAGTCGGCAA,Naive3,GSM8563001,L4181,1.0,GTCTCACAGTCGGCAA-1,3050,GSM8563001_Naive3_filtered_matrix.mtx.gz,L4181,1
GSM8563001:GTCTCACCAGAGAATT,Naive3,GSM8563001,L52613,1.0,GTCTCACCAGAGAATT-1,3051,GSM8563001_Naive3_filtered_matrix.mtx.gz,L52613,0
GSM8563001:GTCTCACCATGGCGCT,Naive3,GSM8563001,L62684,1.0,GTCTCACCATGGCGCT-1,3052,GSM8563001_Naive3_filtered_matrix.mtx.gz,L62684,1
GSM8563001:GTCTCACGTGGCTTGC,Naive3,GSM8563001,L199024,1.0,GTCTCACGTGGCTTGC-1,3053,GSM8563001_Naive3_filtered_matrix.mtx.gz,L199024,0
GSM8563001:GTCTCACTCCAAACCA,Naive3,GSM8563001,L114118,1.0,GTCTCACTCCAAACCA-1,3054,GSM8563001_Naive3_filtered_matrix.mtx.gz,L114118,2
GSM8563001:GTCTCACTCGCCAATA,Naive3,GSM8563001,L216702,1.0,GTCTCACTCGCCAATA-1,3055,GSM8563001_Naive3_filtered_matrix.mtx.gz,L216702,2
GSM8563001:GTCTCACTCTGTTCAT,Naive3,GSM8563001,L292268,1.0,GTCTCACTCTGTTCAT-1,3056,GSM8563001_Naive3_filtered_matrix.mtx.gz,L292268,4
GSM8563001:GTCTGTCAGGACATCG,Naive3,GSM8563001,L165149,1.0,GTCTGTCAGGACATCG-1,3057,GSM8563001_Naive3_filtered_matrix.mtx.gz,L165149,2
GSM8563001:GTCTGTCGTCAACCTA,Naive3,GSM8563001,L85922,1.0,GTCTGTCGTCAACCTA-1,3058,GSM8563001_Naive3_filtered_matrix.mtx.gz,L85922,0
GSM8563001:GTCTGTCTCCCTCATG,Naive3,GSM8563001,L204285,1.0,GTCTGTCTCCCTCATG-1,3059,GSM8563001_Naive3_filtered_matrix.mtx.gz,L204285,3
GSM8563001:GTCTTTAAGACTTCAC,Naive3,GSM8563001,L167950,1.0,GTCTTTAAGACTTCAC-1,3060,GSM8563001_Naive3_filtered_matrix.mtx.gz,L167950,3
GSM8563001:GTCTTTAAGAGAGGGC,Naive3,GSM8563001,L189320,1.0,GTCTTTAAGAGAGGGC-1,3061,GSM8563001_Naive3_filtered_matrix.mtx.gz,L189320,0
GSM8563001:GTCTTTACACTAGTAC,Naive3,GSM8563001,L192615,1.0,GTCTTTACACTAGTAC-1,3062,GSM8563001_Naive3_filtered_matrix.mtx.gz,L192615,2
GSM8563001:GTCTTTACACTCTGCT,Naive3,GSM8563001,L8434,1.0,GTCTTTACACTCTGCT-1,3063,GSM8563001_Naive3_filtered_matrix.mtx.gz,L8434,0
GSM8563001:GTCTTTACAGACAATA,Naive3,GSM8563001,L241549,1.0,GTCTTTACAGACAATA-1,3064,GSM8563001_Naive3_filtered_matrix.mtx.gz,L241549,3
GSM8563001:GTCTTTACAGTTCACA,Naive3,GSM8563001,L314894,1.0,GTCTTTACAGTTCACA-1,3065,GSM8563001_Naive3_filtered_matrix.mtx.gz,L314894,1
GSM8563001:GTCTTTACATCGATCA,Naive3,GSM8563001,L267807,1.0,GTCTTTACATCGATCA-1,3066,GSM8563001_Naive3_filtered_matrix.mtx.gz,L267807,1
GSM8563001:GTCTTTAGTTGCATGT,Naive3,GSM8563001,L147347,1.0,GTCTTTAGTTGCATGT-1,3068,GSM8563001_Naive3_filtered_matrix.mtx.gz,L147347,1
GSM8563001:GTCTTTATCAACGCTA,Naive3,GSM8563001,L323345,0.999998,GTCTTTATCAACGCTA-1,3069,GSM8563001_Naive3_filtered_matrix.mtx.gz,L323345,4
GSM8563001:GTGACGCGTACCCAGC,Naive3,GSM8563001,L100742,1.0,GTGACGCGTACCCAGC-1,3073,GSM8563001_Naive3_filtered_matrix.mtx.gz,L100742,0
GSM8563001:GTGACGCTCACTCTTA,Naive3,GSM8563001,L12904,1.0,GTGACGCTCACTCTTA-1,3074,GSM8563001_Naive3_filtered_matrix.mtx.gz,L12904,3
GSM8563001:GTGAGCCAGCTCTATG,Naive3,GSM8563001,L139032,1.0,GTGAGCCAGCTCTATG-1,3076,GSM8563001_Naive3_filtered_matrix.mtx.gz,L139032,0
GSM8563001:GTGAGCCCAGCGTATT,Naive3,GSM8563001,L37973,1.0,GTGAGCCCAGCGTATT-1,3077,GSM8563001_Naive3_filtered_matrix.mtx.gz,L37973,4
GSM8563001:GTGAGCCCAGGTCCCA,Naive3,GSM8563001,L48852,1.0,GTGAGCCCAGGTCCCA-1,3078,GSM8563001_Naive3_filtered_matrix.mtx.gz,L48852,1
GSM8563001:GTGAGCCGTCAGTCCG,Naive3,GSM8563001,L183654,0.999999,GTGAGCCGTCAGTCCG-1,3079,GSM8563001_Naive3_filtered_matrix.mtx.gz,L183654,3
GSM8563001:GTGAGGACAGGAGGAG,Naive3,GSM8563001,L35389,1.0,GTGAGGACAGGAGGAG-1,3082,GSM8563001_Naive3_filtered_matrix.mtx.gz,L35389,4
GSM8563001:GTGAGGACAGTGTGCC,Naive3,GSM8563001,L219307,1.0,GTGAGGACAGTGTGCC-1,3083,GSM8563001_Naive3_filtered_matrix.mtx.gz,L219307,3
GSM8563001:GTGAGGATCGCCTTTG,Naive3,GSM8563001,L112548,1.0,GTGAGGATCGCCTTTG-1,3084,GSM8563001_Naive3_filtered_matrix.mtx.gz,L112548,0
GSM8563001:GTGAGTTCAGTCAGCC,Naive3,GSM8563001,L329553,1.0,GTGAGTTCAGTCAGCC-1,3087,GSM8563001_Naive3_filtered_matrix.mtx.gz,L329553,3
GSM8563001:GTGAGTTGTACTCCCT,Naive3,GSM8563001,L68311,1.0,GTGAGTTGTACTCCCT-1,3088,GSM8563001_Naive3_filtered_matrix.mtx.gz,L68311,2
GSM8563001:GTGAGTTGTCTAGGCC,Naive3,GSM8563001,L249999,1.0,GTGAGTTGTCTAGGCC-1,3089,GSM8563001_Naive3_filtered_matrix.mtx.gz,L249999,3
GSM8563001:GTGAGTTGTGAGTCAG,Naive3,GSM8563001,L40629,1.0,GTGAGTTGTGAGTCAG-1,3090,GSM8563001_Naive3_filtered_matrix.mtx.gz,L40629,4
GSM8563001:GTGATGTAGATACATG,Naive3,GSM8563001,L12989,1.0,GTGATGTAGATACATG-1,3091,GSM8563001_Naive3_filtered_matrix.mtx.gz,L12989,3
GSM8563001:GTGATGTAGGACAAGA,Naive3,GSM8563001,L16238,1.0,GTGATGTAGGACAAGA-1,3092,GSM8563001_Naive3_filtered_matrix.mtx.gz,L16238,3
GSM8563001:GTGATGTGTGGTTCTA,Naive3,GSM8563001,L21964,1.0,GTGATGTGTGGTTCTA-1,3093,GSM8563001_Naive3_filtered_matrix.mtx.gz,L21964,2
GSM8563001:GTGCACGCAGTCGTTA,Naive3,GSM8563001,L77443,1.0,GTGCACGCAGTCGTTA-1,3094,GSM8563001_Naive3_filtered_matrix.mtx.gz,L77443,2
GSM8563001:GTGCACGGTATCTCGA,Naive3,GSM8563001,L124049,1.0,GTGCACGGTATCTCGA-1,3095,GSM8563001_Naive3_filtered_matrix.mtx.gz,L124049,3
GSM8563001:GTGCACGTCCCGTAAA,Naive3,GSM8563001,L274269,1.0,GTGCACGTCCCGTAAA-1,3096,GSM8563001_Naive3_filtered_matrix.mtx.gz,L274269,3
GSM8563001:GTGCAGCAGAGCAGAA,Naive3,GSM8563001,L17873,1.0,GTGCAGCAGAGCAGAA-1,3097,GSM8563001_Naive3_filtered_matrix.mtx.gz,L17873,0
GSM8563001:GTGCAGCGTGCCTTTC,Naive3,GSM8563001,L70669,1.0,GTGCAGCGTGCCTTTC-1,3100,GSM8563001_Naive3_filtered_matrix.mtx.gz,L70669,3
GSM8563001:GTGCAGCTCGCGTGAC,Naive3,GSM8563001,L19489,1.0,GTGCAGCTCGCGTGAC-1,3101,GSM8563001_Naive3_filtered_matrix.mtx.gz,L19489,0
GSM8563001:GTGCGTGCAACTCATG,Naive3,GSM8563001,L297256,1.0,GTGCGTGCAACTCATG-1,3103,GSM8563001_Naive3_filtered_matrix.mtx.gz,L297256,1
GSM8563001:GTGCTGGCAAGAGGTC,Naive3,GSM8563001,L196980,1.0,GTGCTGGCAAGAGGTC-1,3106,GSM8563001_Naive3_filtered_matrix.mtx.gz,L196980,3
GSM8563001:GTGCTGGTCCCTTGGT,Naive3,GSM8563001,L31856,1.0,GTGCTGGTCCCTTGGT-1,3109,GSM8563001_Naive3_filtered_matrix.mtx.gz,L31856,4
GSM8563001:GTGCTTCGTCGGCCTA,Naive3,GSM8563001,L68970,1.0,GTGCTTCGTCGGCCTA-1,3110,GSM8563001_Naive3_filtered_matrix.mtx.gz,L68970,3
GSM8563001:GTGCTTCGTCTTGCGG,Naive3,GSM8563001,L54250,1.0,GTGCTTCGTCTTGCGG-1,3111,GSM8563001_Naive3_filtered_matrix.mtx.gz,L54250,4
GSM8563001:GTGCTTCGTTTCTTAC,Naive3,GSM8563001,L229874,1.0,GTGCTTCGTTTCTTAC-1,3112,GSM8563001_Naive3_filtered_matrix.mtx.gz,L229874,1
GSM8563001:GTGGAAGAGGCAATGC,Naive3,GSM8563001,L96449,1.0,GTGGAAGAGGCAATGC-1,3114,GSM8563001_Naive3_filtered_matrix.mtx.gz,L96449,2
GSM8563001:GTGGAAGCACACCTAA,Naive3,GSM8563001,L36448,1.0,GTGGAAGCACACCTAA-1,3116,GSM8563001_Naive3_filtered_matrix.mtx.gz,L36448,2
GSM8563001:GTGGAAGCACGGGCTT,Naive3,GSM8563001,L275878,1.0,GTGGAAGCACGGGCTT-1,3117,GSM8563001_Naive3_filtered_matrix.mtx.gz,L275878,4
GSM8563001:GTGGAAGTCTGTCAGA,Naive3,GSM8563001,L78561,1.0,GTGGAAGTCTGTCAGA-1,3120,GSM8563001_Naive3_filtered_matrix.mtx.gz,L78561,2
GSM8563001:GTGGAAGTCTTTCGAT,Naive3,GSM8563001,L310044,1.0,GTGGAAGTCTTTCGAT-1,3121,GSM8563001_Naive3_filtered_matrix.mtx.gz,L310044,0
GSM8563001:GTGGAGACAGTTGTCA,Naive3,GSM8563001,L49447,1.0,GTGGAGACAGTTGTCA-1,3123,GSM8563001_Naive3_filtered_matrix.mtx.gz,L49447,3
GSM8563001:GTGGAGACATCCGGCA,Naive3,GSM8563001,L11473,1.0,GTGGAGACATCCGGCA-1,3124,GSM8563001_Naive3_filtered_matrix.mtx.gz,L11473,2
GSM8563001:GTGGAGATCGCGGTAC,Naive3,GSM8563001,L54918,1.0,GTGGAGATCGCGGTAC-1,3125,GSM8563001_Naive3_filtered_matrix.mtx.gz,L54918,1
GSM8563001:GTGGCGTAGGACAGCT,Naive3,GSM8563001,L293773,1.0,GTGGCGTAGGACAGCT-1,3126,GSM8563001_Naive3_filtered_matrix.mtx.gz,L293773,0
GSM8563001:GTGGCGTAGGCGAACT,Naive3,GSM8563001,L109193,1.0,GTGGCGTAGGCGAACT-1,3127,GSM8563001_Naive3_filtered_matrix.mtx.gz,L109193,2
GSM8563001:GTGGCGTGTCGAACGA,Naive3,GSM8563001,L82823,1.0,GTGGCGTGTCGAACGA-1,3128,GSM8563001_Naive3_filtered_matrix.mtx.gz,L82823,1
GSM8563001:GTGGGAAGTCCGTTTC,Naive3,GSM8563001,L244886,1.0,GTGGGAAGTCCGTTTC-1,3130,GSM8563001_Naive3_filtered_matrix.mtx.gz,L244886,4
GSM8563001:GTGGGAAGTTGACTGT,Naive3,GSM8563001,L93681,0.999999,GTGGGAAGTTGACTGT-1,3131,GSM8563001_Naive3_filtered_matrix.mtx.gz,L93681,4
GSM8563001:GTGGGAATCACTTCTA,Naive3,GSM8563001,L31510,1.0,GTGGGAATCACTTCTA-1,3132,GSM8563001_Naive3_filtered_matrix.mtx.gz,L31510,3
GSM8563001:GTGGGAATCAGCTGAT,Naive3,GSM8563001,L144132,1.0,GTGGGAATCAGCTGAT-1,3133,GSM8563001_Naive3_filtered_matrix.mtx.gz,L144132,3
GSM8563001:GTGGGAATCCGAGGCT,Naive3,GSM8563001,L131897,1.0,GTGGGAATCCGAGGCT-1,3134,GSM8563001_Naive3_filtered_matrix.mtx.gz,L131897,4
GSM8563001:GTGGGAATCGCTATTT,Naive3,GSM8563001,L161977,1.0,GTGGGAATCGCTATTT-1,3135,GSM8563001_Naive3_filtered_matrix.mtx.gz,L161977,0
GSM8563001:GTGGTTACAGGACTAG,Naive3,GSM8563001,L132173,1.0,GTGGTTACAGGACTAG-1,3136,GSM8563001_Naive3_filtered_matrix.mtx.gz,L132173,1
GSM8563001:GTGGTTAGTCCACATA,Naive3,GSM8563001,L306495,1.0,GTGGTTAGTCCACATA-1,3138,GSM8563001_Naive3_filtered_matrix.mtx.gz,L306495,4
GSM8563001:GTGGTTATCATCGGGC,Naive3,GSM8563001,L85940,1.0,GTGGTTATCATCGGGC-1,3140,GSM8563001_Naive3_filtered_matrix.mtx.gz,L85940,3
GSM8563001:GTGGTTATCGCCGATG,Naive3,GSM8563001,L131897,1.0,GTGGTTATCGCCGATG-1,3141,GSM8563001_Naive3_filtered_matrix.mtx.gz,L131897,4
GSM8563001:GTGTCCTAGATAGCAT,Naive3,GSM8563001,L59420,1.0,GTGTCCTAGATAGCAT-1,3144,GSM8563001_Naive3_filtered_matrix.mtx.gz,L59420,0
GSM8563001:GTGTGATCAAACGTGG,Naive3,GSM8563001,L96449,1.0,GTGTGATCAAACGTGG-1,3146,GSM8563001_Naive3_filtered_matrix.mtx.gz,L96449,2
GSM8563001:GTGTGATGTATACCCA,Naive3,GSM8563001,L27849,1.0,GTGTGATGTATACCCA-1,3147,GSM8563001_Naive3_filtered_matrix.mtx.gz,L27849,1
GSM8563001:GTGTGATGTCCACTTC,Naive3,GSM8563001,L98634,1.0,GTGTGATGTCCACTTC-1,3148,GSM8563001_Naive3_filtered_matrix.mtx.gz,L98634,2
GSM8563001:GTGTGATGTTAAGACA,Naive3,GSM8563001,L25042,1.0,GTGTGATGTTAAGACA-1,3149,GSM8563001_Naive3_filtered_matrix.mtx.gz,L25042,4
GSM8563001:GTGTGGCCACAACATC,Naive3,GSM8563001,L289410,1.0,GTGTGGCCACAACATC-1,3151,GSM8563001_Naive3_filtered_matrix.mtx.gz,L289410,2
GSM8563001:GTGTGGCCAGTAGATA,Naive3,GSM8563001,L212617,1.0,GTGTGGCCAGTAGATA-1,3152,GSM8563001_Naive3_filtered_matrix.mtx.gz,L212617,1
GSM8563001:GTGTGGCTCGGCACTG,Naive3,GSM8563001,L255751,1.0,GTGTGGCTCGGCACTG-1,3153,GSM8563001_Naive3_filtered_matrix.mtx.gz,L255751,0
GSM8563001:GTGTTAGAGGAGATAG,Naive3,GSM8563001,L309787,1.0,GTGTTAGAGGAGATAG-1,3154,GSM8563001_Naive3_filtered_matrix.mtx.gz,L309787,1
GSM8563001:GTGTTAGCAATTTCCT,Naive3,GSM8563001,L229494,1.0,GTGTTAGCAATTTCCT-1,3155,GSM8563001_Naive3_filtered_matrix.mtx.gz,L229494,1
GSM8563001:GTGTTAGCAGCTAACT,Naive3,GSM8563001,L93306,1.0,GTGTTAGCAGCTAACT-1,3156,GSM8563001_Naive3_filtered_matrix.mtx.gz,L93306,0
GSM8563001:GTGTTAGGTTTCGCTC,Naive3,GSM8563001,L145077,1.0,GTGTTAGGTTTCGCTC-1,3157,GSM8563001_Naive3_filtered_matrix.mtx.gz,L145077,0
GSM8563001:GTGTTCCAGATTGAGT,Naive3,GSM8563001,L107467,1.0,GTGTTCCAGATTGAGT-1,3158,GSM8563001_Naive3_filtered_matrix.mtx.gz,L107467,4
GSM8563001:GTGTTCCAGCGTCTGC,Naive3,GSM8563001,L70669,1.0,GTGTTCCAGCGTCTGC-1,3159,GSM8563001_Naive3_filtered_matrix.mtx.gz,L70669,3
GSM8563001:GTGTTCCAGTACCCTA,Naive3,GSM8563001,L323960,0.936202,GTGTTCCAGTACCCTA-1,3160,GSM8563001_Naive3_filtered_matrix.mtx.gz,L323960,2
GSM8563001:GTGTTCCCAGTAGTGG,Naive3,GSM8563001,L16871,1.0,GTGTTCCCAGTAGTGG-1,3162,GSM8563001_Naive3_filtered_matrix.mtx.gz,L16871,0
GSM8563001:GTTACAGAGTAAAGCT,Naive3,GSM8563001,L212617,1.0,GTTACAGAGTAAAGCT-1,3163,GSM8563001_Naive3_filtered_matrix.mtx.gz,L212617,1
GSM8563001:GTTACAGGTTCGAAGG,Naive3,GSM8563001,L183654,0.999993,GTTACAGGTTCGAAGG-1,3164,GSM8563001_Naive3_filtered_matrix.mtx.gz,L183654,3
GSM8563001:GTTACAGTCACCATCC,Naive3,GSM8563001,L281881,1.0,GTTACAGTCACCATCC-1,3165,GSM8563001_Naive3_filtered_matrix.mtx.gz,L281881,2
GSM8563001:GTTACAGTCTCGACCT,Naive3,GSM8563001,L105784,1.0,GTTACAGTCTCGACCT-1,3168,GSM8563001_Naive3_filtered_matrix.mtx.gz,L105784,1
GSM8563001:GTTACCCAGCGTCTGC,Naive3,GSM8563001,L177128,1.0,GTTACCCAGCGTCTGC-1,3169,GSM8563001_Naive3_filtered_matrix.mtx.gz,L177128,3
GSM8563001:GTTACCCCATCGTGCG,Naive3,GSM8563001,L239228,1.0,GTTACCCCATCGTGCG-1,3170,GSM8563001_Naive3_filtered_matrix.mtx.gz,L239228,2
GSM8563001:GTTACCCCATGCCGAC,Naive3,GSM8563001,L305688,1.0,GTTACCCCATGCCGAC-1,3171,GSM8563001_Naive3_filtered_matrix.mtx.gz,L305688,3
GSM8563001:GTTACCCTCCCTTGTG,Naive3,GSM8563001,L176569,1.0,GTTACCCTCCCTTGTG-1,3173,GSM8563001_Naive3_filtered_matrix.mtx.gz,L176569,4
GSM8563001:GTTACGAAGTAGCTCT,Naive3,GSM8563001,L219307,1.0,GTTACGAAGTAGCTCT-1,3174,GSM8563001_Naive3_filtered_matrix.mtx.gz,L219307,3
GSM8563001:GTTACGACAACCAACT,Naive3,GSM8563001,L166268,1.0,GTTACGACAACCAACT-1,3175,GSM8563001_Naive3_filtered_matrix.mtx.gz,L166268,2
GSM8563001:GTTACGAGTCCTGTTC,Naive3,GSM8563001,L273673,0.558938,GTTACGAGTCCTGTTC-1,3178,GSM8563001_Naive3_filtered_matrix.mtx.gz,L273673,4
GSM8563001:GTTAGACAGACTCTAC,Naive3,GSM8563001,L168951,1.0,GTTAGACAGACTCTAC-1,3179,GSM8563001_Naive3_filtered_matrix.mtx.gz,L168951,2
GSM8563001:GTTAGACAGCTATCCA,Naive3,GSM8563001,L331210,1.0,GTTAGACAGCTATCCA-1,3180,GSM8563001_Naive3_filtered_matrix.mtx.gz,L331210,0
GSM8563001:GTTAGACAGTGGAATT,Naive3,GSM8563001,L8950,1.0,GTTAGACAGTGGAATT-1,3182,GSM8563001_Naive3_filtered_matrix.mtx.gz,L8950,3
GSM8563001:GTTAGACCAAGACGAC,Naive3,GSM8563001,L3102,1.0,GTTAGACCAAGACGAC-1,3183,GSM8563001_Naive3_filtered_matrix.mtx.gz,L3102,4
GSM8563001:GTTAGACGTGTTTGCA,Naive3,GSM8563001,L281881,1.0,GTTAGACGTGTTTGCA-1,3184,GSM8563001_Naive3_filtered_matrix.mtx.gz,L281881,2
GSM8563001:GTTAGACGTTCGGTTA,Naive3,GSM8563001,L166707,1.0,GTTAGACGTTCGGTTA-1,3185,GSM8563001_Naive3_filtered_matrix.mtx.gz,L166707,1
GSM8563001:GTTAGTGAGATGATTG,Naive3,GSM8563001,L35389,1.0,GTTAGTGAGATGATTG-1,3186,GSM8563001_Naive3_filtered_matrix.mtx.gz,L35389,4
GSM8563001:GTTAGTGCAACAGATA,Naive3,GSM8563001,L84351,1.0,GTTAGTGCAACAGATA-1,3187,GSM8563001_Naive3_filtered_matrix.mtx.gz,L84351,3
GSM8563001:GTTCATTTCACAAGGG,Naive3,GSM8563001,L164771,1.0,GTTCATTTCACAAGGG-1,3189,GSM8563001_Naive3_filtered_matrix.mtx.gz,L164771,2
GSM8563001:GTTCATTTCGAAGTGG,Naive3,GSM8563001,L219307,0.938751,GTTCATTTCGAAGTGG-1,3191,GSM8563001_Naive3_filtered_matrix.mtx.gz,L219307,3
GSM8563001:GTTCCGTAGCCACAAG,Naive3,GSM8563001,L96449,1.0,GTTCCGTAGCCACAAG-1,3192,GSM8563001_Naive3_filtered_matrix.mtx.gz,L96449,2
GSM8563001:GTTCCGTGTACGAGTG,Naive3,GSM8563001,L265837,0.564828,GTTCCGTGTACGAGTG-1,3193,GSM8563001_Naive3_filtered_matrix.mtx.gz,L265837,1
GSM8563001:GTTCCGTTCATGGAGG,Naive3,GSM8563001,L11049,1.0,GTTCCGTTCATGGAGG-1,3194,GSM8563001_Naive3_filtered_matrix.mtx.gz,L11049,3
GSM8563001:GTTCCGTTCCAGTGTA,Naive3,GSM8563001,L126735,1.0,GTTCCGTTCCAGTGTA-1,3195,GSM8563001_Naive3_filtered_matrix.mtx.gz,L126735,1
GSM8563001:GTTCGCTAGATAGCAT,Naive3,GSM8563001,L2779,1.0,GTTCGCTAGATAGCAT-1,3196,GSM8563001_Naive3_filtered_matrix.mtx.gz,L2779,4
GSM8563001:GTTCGCTGTCAGTCGC,Naive3,GSM8563001,L204285,1.0,GTTCGCTGTCAGTCGC-1,3197,GSM8563001_Naive3_filtered_matrix.mtx.gz,L204285,3
GSM8563001:GTTCGCTTCCAAGCTA,Naive3,GSM8563001,L222867,1.0,GTTCGCTTCCAAGCTA-1,3198,GSM8563001_Naive3_filtered_matrix.mtx.gz,L222867,4
GSM8563001:GTTCTATAGTAGATCA,Naive3,GSM8563001,L17906,1.0,GTTCTATAGTAGATCA-1,3200,GSM8563001_Naive3_filtered_matrix.mtx.gz,L17906,1
GSM8563001:GTTCTATCACACGGTC,Naive3,GSM8563001,L101260,1.0,GTTCTATCACACGGTC-1,3201,GSM8563001_Naive3_filtered_matrix.mtx.gz,L101260,4
GSM8563001:GTTCTATCACCAAATC,Naive3,GSM8563001,L275170,1.0,GTTCTATCACCAAATC-1,3202,GSM8563001_Naive3_filtered_matrix.mtx.gz,L275170,4
GSM8563001:GTTCTATCAGAGACTG,Naive3,GSM8563001,L162367,1.0,GTTCTATCAGAGACTG-1,3203,GSM8563001_Naive3_filtered_matrix.mtx.gz,L162367,3
GSM8563001:GTTGAACGTCATTGCA,Naive3,GSM8563001,L240738,1.0,GTTGAACGTCATTGCA-1,3205,GSM8563001_Naive3_filtered_matrix.mtx.gz,L240738,4
GSM8563001:GTTGAACTCGAACCAT,Naive3,GSM8563001,L277580,1.0,GTTGAACTCGAACCAT-1,3206,GSM8563001_Naive3_filtered_matrix.mtx.gz,L277580,1
GSM8563001:GTTGCGGAGCGTATAA,Naive3,GSM8563001,L285237,1.0,GTTGCGGAGCGTATAA-1,3207,GSM8563001_Naive3_filtered_matrix.mtx.gz,L285237,1
GSM8563001:GTTGCGGAGGTGCTGA,Naive3,GSM8563001,L152456,1.0,GTTGCGGAGGTGCTGA-1,3209,GSM8563001_Naive3_filtered_matrix.mtx.gz,L152456,4
GSM8563001:GTTGCGGCAGACCTGC,Naive3,GSM8563001,L166707,1.0,GTTGCGGCAGACCTGC-1,3211,GSM8563001_Naive3_filtered_matrix.mtx.gz,L166707,1
GSM8563001:GTTGCGGCATAATGAG,Naive3,GSM8563001,L55974,1.0,GTTGCGGCATAATGAG-1,3212,GSM8563001_Naive3_filtered_matrix.mtx.gz,L55974,3
GSM8563001:GTTGCGGTCAGAGTTC,Naive3,GSM8563001,L212617,1.0,GTTGCGGTCAGAGTTC-1,3213,GSM8563001_Naive3_filtered_matrix.mtx.gz,L212617,1
GSM8563001:GTTGCGGTCAGGACGA,Naive3,GSM8563001,L289410,1.0,GTTGCGGTCAGGACGA-1,3214,GSM8563001_Naive3_filtered_matrix.mtx.gz,L289410,2
GSM8563001:GTTGCTCAGACCTCCG,Naive3,GSM8563001,L257082,1.0,GTTGCTCAGACCTCCG-1,3215,GSM8563001_Naive3_filtered_matrix.mtx.gz,L257082,1
GSM8563001:GTTGCTCAGTCCGCGT,Naive3,GSM8563001,L303918,1.0,GTTGCTCAGTCCGCGT-1,3216,GSM8563001_Naive3_filtered_matrix.mtx.gz,L303918,0
GSM8563001:GTTGCTCCAGCTAACT,Naive3,GSM8563001,L281862,1.0,GTTGCTCCAGCTAACT-1,3217,GSM8563001_Naive3_filtered_matrix.mtx.gz,L281862,0
GSM8563001:GTTGTAGCAGGATCTT,Naive3,GSM8563001,L66204,0.512287,GTTGTAGCAGGATCTT-1,3220,GSM8563001_Naive3_filtered_matrix.mtx.gz,L66204,2
GSM8563001:GTTGTAGGTAACGGTG,Naive3,GSM8563001,L173031,1.0,GTTGTAGGTAACGGTG-1,3221,GSM8563001_Naive3_filtered_matrix.mtx.gz,L173031,0
GSM8563001:GTTGTAGGTCTGCCTT,Naive3,GSM8563001,L139081,1.0,GTTGTAGGTCTGCCTT-1,3222,GSM8563001_Naive3_filtered_matrix.mtx.gz,L139081,4
GSM8563001:GTTGTCCGTTATGACC,Naive3,GSM8563001,L61163,1.0,GTTGTCCGTTATGACC-1,3223,GSM8563001_Naive3_filtered_matrix.mtx.gz,L61163,3
GSM8563001:GTTGTCCTCACTACTT,Naive3,GSM8563001,L8387,1.0,GTTGTCCTCACTACTT-1,3224,GSM8563001_Naive3_filtered_matrix.mtx.gz,L8387,0
GSM8563001:GTTGTGAGTACAGTTC,Naive3,GSM8563001,L54153,1.0,GTTGTGAGTACAGTTC-1,3225,GSM8563001_Naive3_filtered_matrix.mtx.gz,L54153,2
GSM8563001:GTTGTGAGTCAAAGTA,Naive3,GSM8563001,L219307,1.0,GTTGTGAGTCAAAGTA-1,3226,GSM8563001_Naive3_filtered_matrix.mtx.gz,L219307,3
GSM8563001:GTTGTGATCGGTGTAT,Naive3,GSM8563001,L114118,1.0,GTTGTGATCGGTGTAT-1,3227,GSM8563001_Naive3_filtered_matrix.mtx.gz,L114118,2
GSM8563001:GTTTACTAGGGAGGCA,Naive3,GSM8563001,L167106,1.0,GTTTACTAGGGAGGCA-1,3229,GSM8563001_Naive3_filtered_matrix.mtx.gz,L167106,1
GSM8563001:GTTTACTGTTGAGAGC,Naive3,GSM8563001,L82979,0.996924,GTTTACTGTTGAGAGC-1,3234,GSM8563001_Naive3_filtered_matrix.mtx.gz,L82979,2
GSM8563001:GTTTACTTCTCGTCAC,Naive3,GSM8563001,L52385,1.0,GTTTACTTCTCGTCAC-1,3235,GSM8563001_Naive3_filtered_matrix.mtx.gz,L52385,2
GSM8563001:GTTTGGAAGACATAAC,Naive3,GSM8563001,L98634,1.0,GTTTGGAAGACATAAC-1,3236,GSM8563001_Naive3_filtered_matrix.mtx.gz,L98634,2
GSM8563001:GTTTGGAAGACTTCGT,Naive3,GSM8563001,L76646,1.0,GTTTGGAAGACTTCGT-1,3237,GSM8563001_Naive3_filtered_matrix.mtx.gz,L76646,2
GSM8563001:GTTTGGACACGGCTAC,Naive3,GSM8563001,L229874,1.0,GTTTGGACACGGCTAC-1,3238,GSM8563001_Naive3_filtered_matrix.mtx.gz,L229874,1
GSM8563001:GTTTGGACAGATCCAT,Naive3,GSM8563001,L163616,0.641496,GTTTGGACAGATCCAT-1,3239,GSM8563001_Naive3_filtered_matrix.mtx.gz,L163616,2
GSM8563001:GTTTGGAGTATTTCCT,Naive3,GSM8563001,L260648,1.0,GTTTGGAGTATTTCCT-1,3241,GSM8563001_Naive3_filtered_matrix.mtx.gz,L260648,4
GSM8563001:TAACACGCAACTGGTT,Naive3,GSM8563001,L68231,1.0,TAACACGCAACTGGTT-1,3245,GSM8563001_Naive3_filtered_matrix.mtx.gz,L68231,0
GSM8563001:TAACACGGTTCAATCG,Naive3,GSM8563001,L177128,1.0,TAACACGGTTCAATCG-1,3246,GSM8563001_Naive3_filtered_matrix.mtx.gz,L177128,3
GSM8563001:TAACCAGGTGCTCTCT,Naive3,GSM8563001,L282419,1.0,TAACCAGGTGCTCTCT-1,3249,GSM8563001_Naive3_filtered_matrix.mtx.gz,L282419,4
GSM8563001:TAACGACAGAAGCCAC,Naive3,GSM8563001,L120471,1.0,TAACGACAGAAGCCAC-1,3252,GSM8563001_Naive3_filtered_matrix.mtx.gz,L120471,1
GSM8563001:TAACGACAGAGCTGCA,Naive3,GSM8563001,L132173,1.0,TAACGACAGAGCTGCA-1,3253,GSM8563001_Naive3_filtered_matrix.mtx.gz,L132173,1
GSM8563001:TAACGACAGCACACAG,Naive3,GSM8563001,L230913,1.0,TAACGACAGCACACAG-1,3254,GSM8563001_Naive3_filtered_matrix.mtx.gz,L230913,1
GSM8563001:TAACGACAGGCGCTCT,Naive3,GSM8563001,L292653,1.0,TAACGACAGGCGCTCT-1,3256,GSM8563001_Naive3_filtered_matrix.mtx.gz,L292653,3
GSM8563001:TAACGACAGTGGTTCT,Naive3,GSM8563001,L331535,1.0,TAACGACAGTGGTTCT-1,3257,GSM8563001_Naive3_filtered_matrix.mtx.gz,L331535,2
GSM8563001:TAACGACTCCCATAAG,Naive3,GSM8563001,L320820,1.0,TAACGACTCCCATAAG-1,3259,GSM8563001_Naive3_filtered_matrix.mtx.gz,L320820,3
GSM8563001:TAACTTCAGAGGTTTA,Naive3,GSM8563001,L232125,1.0,TAACTTCAGAGGTTTA-1,3260,GSM8563001_Naive3_filtered_matrix.mtx.gz,L232125,0
GSM8563001:TAACTTCAGCCATTTG,Naive3,GSM8563001,L173885,1.0,TAACTTCAGCCATTTG-1,3261,GSM8563001_Naive3_filtered_matrix.mtx.gz,L173885,3
GSM8563001:TAACTTCAGGAAAGGT,Naive3,GSM8563001,L187885,1.0,TAACTTCAGGAAAGGT-1,3262,GSM8563001_Naive3_filtered_matrix.mtx.gz,L187885,0
GSM8563001:TAACTTCGTTGGTGTT,Naive3,GSM8563001,L54250,1.0,TAACTTCGTTGGTGTT-1,3263,GSM8563001_Naive3_filtered_matrix.mtx.gz,L54250,4
GSM8563001:TAAGCACCAAATCAGA,Naive3,GSM8563001,L62684,1.0,TAAGCACCAAATCAGA-1,3265,GSM8563001_Naive3_filtered_matrix.mtx.gz,L62684,1
GSM8563001:TAAGCACCAATTCGTG,Naive3,GSM8563001,L107467,1.0,TAAGCACCAATTCGTG-1,3266,GSM8563001_Naive3_filtered_matrix.mtx.gz,L107467,4
GSM8563001:TAAGCACGTCTTTCTA,Naive3,GSM8563001,L304427,1.0,TAAGCACGTCTTTCTA-1,3267,GSM8563001_Naive3_filtered_matrix.mtx.gz,L304427,2
GSM8563001:TAAGCACTCTTACGTT,Naive3,GSM8563001,L59420,1.0,TAAGCACTCTTACGTT-1,3268,GSM8563001_Naive3_filtered_matrix.mtx.gz,L59420,0
GSM8563001:TAAGCCAAGCACTCGC,Naive3,GSM8563001,L296278,1.0,TAAGCCAAGCACTCGC-1,3269,GSM8563001_Naive3_filtered_matrix.mtx.gz,L296278,2
GSM8563001:TAAGCCAAGTACTCGT,Naive3,GSM8563001,L233176,1.0,TAAGCCAAGTACTCGT-1,3270,GSM8563001_Naive3_filtered_matrix.mtx.gz,L233176,0
GSM8563001:TAAGCCACAAGCTCTA,Naive3,GSM8563001,L87366,1.0,TAAGCCACAAGCTCTA-1,3271,GSM8563001_Naive3_filtered_matrix.mtx.gz,L87366,3
GSM8563001:TAAGCCACAGCGTACC,Naive3,GSM8563001,L140054,1.0,TAAGCCACAGCGTACC-1,3272,GSM8563001_Naive3_filtered_matrix.mtx.gz,L140054,2
GSM8563001:TAAGCCAGTGGCGTAA,Naive3,GSM8563001,L106015,1.0,TAAGCCAGTGGCGTAA-1,3273,GSM8563001_Naive3_filtered_matrix.mtx.gz,L106015,2
GSM8563001:TAAGCGTCAGTGCCTG,Naive3,GSM8563001,L82979,1.0,TAAGCGTCAGTGCCTG-1,3274,GSM8563001_Naive3_filtered_matrix.mtx.gz,L82979,2
GSM8563001:TAAGCGTGTTCGGTTA,Naive3,GSM8563001,L296371,1.0,TAAGCGTGTTCGGTTA-1,3275,GSM8563001_Naive3_filtered_matrix.mtx.gz,L296371,1
GSM8563001:TAAGCGTGTTGGTACT,Naive3,GSM8563001,L40629,1.0,TAAGCGTGTTGGTACT-1,3276,GSM8563001_Naive3_filtered_matrix.mtx.gz,L40629,4
GSM8563001:TAAGCGTGTTTAGAGA,Naive3,GSM8563001,L96601,1.0,TAAGCGTGTTTAGAGA-1,3277,GSM8563001_Naive3_filtered_matrix.mtx.gz,L96601,1
GSM8563001:TAAGTCGAGGCTCAAG,Naive3,GSM8563001,L269961,1.0,TAAGTCGAGGCTCAAG-1,3278,GSM8563001_Naive3_filtered_matrix.mtx.gz,L269961,4
GSM8563001:TAAGTCGAGGTCTGGA,Naive3,GSM8563001,L166657,1.0,TAAGTCGAGGTCTGGA-1,3279,GSM8563001_Naive3_filtered_matrix.mtx.gz,L166657,3
GSM8563001:TAAGTCGAGTCAGCCC,Naive3,GSM8563001,L247066,1.0,TAAGTCGAGTCAGCCC-1,3280,GSM8563001_Naive3_filtered_matrix.mtx.gz,L247066,2
GSM8563001:TAAGTCGCAGACCATT,Naive3,GSM8563001,L172925,0.62843,TAAGTCGCAGACCATT-1,3281,GSM8563001_Naive3_filtered_matrix.mtx.gz,L172925,1
GSM8563001:TAAGTCGGTCCTCATC,Naive3,GSM8563001,L323345,1.0,TAAGTCGGTCCTCATC-1,3282,GSM8563001_Naive3_filtered_matrix.mtx.gz,L323345,4
GSM8563001:TAAGTCGGTCTGATAC,Naive3,GSM8563001,L145073,1.0,TAAGTCGGTCTGATAC-1,3283,GSM8563001_Naive3_filtered_matrix.mtx.gz,L145073,1
GSM8563001:TAAGTCGTCAGATGCT,Naive3,GSM8563001,L205402,1.0,TAAGTCGTCAGATGCT-1,3284,GSM8563001_Naive3_filtered_matrix.mtx.gz,L205402,2
GSM8563001:TAATCTCAGATACCAA,Naive3,GSM8563001,L10419,1.0,TAATCTCAGATACCAA-1,3285,GSM8563001_Naive3_filtered_matrix.mtx.gz,L10419,2
GSM8563001:TAATCTCCATACCGTA,Naive3,GSM8563001,L70669,1.0,TAATCTCCATACCGTA-1,3286,GSM8563001_Naive3_filtered_matrix.mtx.gz,L70669,3
GSM8563001:TAATCTCCATCGTGGC,Naive3,GSM8563001,L78561,1.0,TAATCTCCATCGTGGC-1,3287,GSM8563001_Naive3_filtered_matrix.mtx.gz,L78561,2
GSM8563001:TAATCTCGTGAACTAA,Naive3,GSM8563001,L259644,1.0,TAATCTCGTGAACTAA-1,3288,GSM8563001_Naive3_filtered_matrix.mtx.gz,L259644,0
GSM8563001:TAATCTCGTTCACGAT,Naive3,GSM8563001,L72050,1.0,TAATCTCGTTCACGAT-1,3289,GSM8563001_Naive3_filtered_matrix.mtx.gz,L72050,0
GSM8563001:TAATTCCGTCATAAAG,Naive3,GSM8563001,L170436,1.0,TAATTCCGTCATAAAG-1,3290,GSM8563001_Naive3_filtered_matrix.mtx.gz,L170436,1
GSM8563001:TAATTCCGTCCTCCTA,Naive3,GSM8563001,L102444,0.997403,TAATTCCGTCCTCCTA-1,3291,GSM8563001_Naive3_filtered_matrix.mtx.gz,L102444,2
GSM8563001:TACAACGAGACGCCAA,Naive3,GSM8563001,L242834,1.0,TACAACGAGACGCCAA-1,3292,GSM8563001_Naive3_filtered_matrix.mtx.gz,L242834,4
GSM8563001:TACAACGAGAGAGTGA,Naive3,GSM8563001,L59420,1.0,TACAACGAGAGAGTGA-1,3293,GSM8563001_Naive3_filtered_matrix.mtx.gz,L59420,0
GSM8563001:TACAACGGTGATACAA,Naive3,GSM8563001,L167106,1.0,TACAACGGTGATACAA-1,3295,GSM8563001_Naive3_filtered_matrix.mtx.gz,L167106,1
GSM8563001:TACACCCCAAATTGGA,Naive3,GSM8563001,L267658,1.0,TACACCCCAAATTGGA-1,3297,GSM8563001_Naive3_filtered_matrix.mtx.gz,L267658,3
GSM8563001:TACACCCCAGAAATTG,Naive3,GSM8563001,L64990,1.0,TACACCCCAGAAATTG-1,3298,GSM8563001_Naive3_filtered_matrix.mtx.gz,L64990,4
GSM8563001:TACACCCTCGGAGCAA,Naive3,GSM8563001,L289410,1.0,TACACCCTCGGAGCAA-1,3300,GSM8563001_Naive3_filtered_matrix.mtx.gz,L289410,2
GSM8563001:TACAGGTGTGATACCT,Naive3,GSM8563001,L41113,1.0,TACAGGTGTGATACCT-1,3302,GSM8563001_Naive3_filtered_matrix.mtx.gz,L41113,3
GSM8563001:TACAGGTGTTAAGCAA,Naive3,GSM8563001,L62684,1.0,TACAGGTGTTAAGCAA-1,3303,GSM8563001_Naive3_filtered_matrix.mtx.gz,L62684,1
GSM8563001:TACAGGTTCCATCCGT,Naive3,GSM8563001,L140686,1.0,TACAGGTTCCATCCGT-1,3305,GSM8563001_Naive3_filtered_matrix.mtx.gz,L140686,2
GSM8563001:TACAGGTTCTGCAGCG,Naive3,GSM8563001,L10717,1.0,TACAGGTTCTGCAGCG-1,3306,GSM8563001_Naive3_filtered_matrix.mtx.gz,L10717,0
GSM8563001:TACATTCAGTGAGCCA,Naive3,GSM8563001,L31852,1.0,TACATTCAGTGAGCCA-1,3308,GSM8563001_Naive3_filtered_matrix.mtx.gz,L31852,2
GSM8563001:TACATTCCAACTCATG,Naive3,GSM8563001,L224816,0.999014,TACATTCCAACTCATG-1,3309,GSM8563001_Naive3_filtered_matrix.mtx.gz,L224816,2
GSM8563001:TACATTCGTCACGACC,Naive3,GSM8563001,L236809,0.995069,TACATTCGTCACGACC-1,3310,GSM8563001_Naive3_filtered_matrix.mtx.gz,L236809,4
GSM8563001:TACCCACAGCCTCACG,Naive3,GSM8563001,L85031,1.0,TACCCACAGCCTCACG-1,3312,GSM8563001_Naive3_filtered_matrix.mtx.gz,L85031,0
GSM8563001:TACCCACCACTAGTAC,Naive3,GSM8563001,L252321,1.0,TACCCACCACTAGTAC-1,3314,GSM8563001_Naive3_filtered_matrix.mtx.gz,L252321,2
GSM8563001:TACCCACCAGGTCCCA,Naive3,GSM8563001,L23858,1.0,TACCCACCAGGTCCCA-1,3315,GSM8563001_Naive3_filtered_matrix.mtx.gz,L23858,1
GSM8563001:TACCCACTCAACGAGG,Naive3,GSM8563001,L211555,1.0,TACCCACTCAACGAGG-1,3316,GSM8563001_Naive3_filtered_matrix.mtx.gz,L211555,3
GSM8563001:TACCCGTTCCTATGGA,Naive3,GSM8563001,L126445,1.0,TACCCGTTCCTATGGA-1,3317,GSM8563001_Naive3_filtered_matrix.mtx.gz,L126445,4
GSM8563001:TACCCGTTCTGTCGCT,Naive3,GSM8563001,L10299,1.0,TACCCGTTCTGTCGCT-1,3318,GSM8563001_Naive3_filtered_matrix.mtx.gz,L10299,3
GSM8563001:TACCGAAGTTTGGAAA,Naive3,GSM8563001,L59420,1.0,TACCGAAGTTTGGAAA-1,3321,GSM8563001_Naive3_filtered_matrix.mtx.gz,L59420,0
GSM8563001:TACCGGGAGACAACAT,Naive3,GSM8563001,L35389,1.0,TACCGGGAGACAACAT-1,3324,GSM8563001_Naive3_filtered_matrix.mtx.gz,L35389,4
GSM8563001:TACCGGGCAGACCGCT,Naive3,GSM8563001,L76201,0.510591,TACCGGGCAGACCGCT-1,3325,GSM8563001_Naive3_filtered_matrix.mtx.gz,L76201,2
GSM8563001:TACCGGGGTCCATAGT,Naive3,GSM8563001,L206297,1.0,TACCGGGGTCCATAGT-1,3326,GSM8563001_Naive3_filtered_matrix.mtx.gz,L206297,0
GSM8563001:TACCGGGTCCGCGAGT,Naive3,GSM8563001,L165407,1.0,TACCGGGTCCGCGAGT-1,3328,GSM8563001_Naive3_filtered_matrix.mtx.gz,L165407,1
GSM8563001:TACCTCGCAGAAACCG,Naive3,GSM8563001,L61163,1.0,TACCTCGCAGAAACCG-1,3329,GSM8563001_Naive3_filtered_matrix.mtx.gz,L61163,3
GSM8563001:TACCTCGGTAGCTTAC,Naive3,GSM8563001,L285237,1.0,TACCTCGGTAGCTTAC-1,3331,GSM8563001_Naive3_filtered_matrix.mtx.gz,L285237,1
GSM8563001:TACCTCGGTCGACTGC,Naive3,GSM8563001,L12989,1.0,TACCTCGGTCGACTGC-1,3332,GSM8563001_Naive3_filtered_matrix.mtx.gz,L12989,3
GSM8563001:TACCTGCCAGCAGTGA,Naive3,GSM8563001,L251680,1.0,TACCTGCCAGCAGTGA-1,3335,GSM8563001_Naive3_filtered_matrix.mtx.gz,L251680,3
GSM8563001:TACCTGCGTACGCTAT,Naive3,GSM8563001,L247066,1.0,TACCTGCGTACGCTAT-1,3337,GSM8563001_Naive3_filtered_matrix.mtx.gz,L247066,2
GSM8563001:TACCTGCGTAGCTGCC,Naive3,GSM8563001,L300344,1.0,TACCTGCGTAGCTGCC-1,3338,GSM8563001_Naive3_filtered_matrix.mtx.gz,L300344,0
GSM8563001:TACCTGCTCAACCGAT,Naive3,GSM8563001,L169857,1.0,TACCTGCTCAACCGAT-1,3339,GSM8563001_Naive3_filtered_matrix.mtx.gz,L169857,1
GSM8563001:TACGCTCCAAGCACCC,Naive3,GSM8563001,L34148,1.0,TACGCTCCAAGCACCC-1,3340,GSM8563001_Naive3_filtered_matrix.mtx.gz,L34148,2
GSM8563001:TACGCTCGTGAAAGTT,Naive3,GSM8563001,L242237,1.0,TACGCTCGTGAAAGTT-1,3341,GSM8563001_Naive3_filtered_matrix.mtx.gz,L242237,4
GSM8563001:TACGCTCGTTCTCCAC,Naive3,GSM8563001,L206761,1.0,TACGCTCGTTCTCCAC-1,3342,GSM8563001_Naive3_filtered_matrix.mtx.gz,L206761,0
GSM8563001:TACGCTCTCAAGGTGG,Naive3,GSM8563001,L304696,1.0,TACGCTCTCAAGGTGG-1,3343,GSM8563001_Naive3_filtered_matrix.mtx.gz,L304696,2
GSM8563001:TACGGGCAGAAGCGGG,Naive3,GSM8563001,L91803,1.0,TACGGGCAGAAGCGGG-1,3344,GSM8563001_Naive3_filtered_matrix.mtx.gz,L91803,3
GSM8563001:TACGGGCAGATACATG,Naive3,GSM8563001,L328955,1.0,TACGGGCAGATACATG-1,3345,GSM8563001_Naive3_filtered_matrix.mtx.gz,L328955,3
GSM8563001:TACGGGCAGCTCGTGC,Naive3,GSM8563001,L47601,1.0,TACGGGCAGCTCGTGC-1,3346,GSM8563001_Naive3_filtered_matrix.mtx.gz,L47601,2
GSM8563001:TACGGGCCAGACCGCT,Naive3,GSM8563001,L167969,1.0,TACGGGCCAGACCGCT-1,3347,GSM8563001_Naive3_filtered_matrix.mtx.gz,L167969,1
GSM8563001:TACGGGCCAGGTCAAG,Naive3,GSM8563001,L304229,1.0,TACGGGCCAGGTCAAG-1,3348,GSM8563001_Naive3_filtered_matrix.mtx.gz,L304229,0
GSM8563001:TACGGTACACTCATAG,Naive3,GSM8563001,L87366,1.0,TACGGTACACTCATAG-1,3350,GSM8563001_Naive3_filtered_matrix.mtx.gz,L87366,3
GSM8563001:TACGGTAGTATATGGA,Naive3,GSM8563001,L239228,1.0,TACGGTAGTATATGGA-1,3352,GSM8563001_Naive3_filtered_matrix.mtx.gz,L239228,2
GSM8563001:TACGTCCAGGCAGCTA,Naive3,GSM8563001,L289410,1.0,TACGTCCAGGCAGCTA-1,3353,GSM8563001_Naive3_filtered_matrix.mtx.gz,L289410,2
GSM8563001:TACGTCCAGTATCTGC,Naive3,GSM8563001,L196980,1.0,TACGTCCAGTATCTGC-1,3354,GSM8563001_Naive3_filtered_matrix.mtx.gz,L196980,3
GSM8563001:TACGTCCCAAGATCCT,Naive3,GSM8563001,L88461,1.0,TACGTCCCAAGATCCT-1,3355,GSM8563001_Naive3_filtered_matrix.mtx.gz,L88461,3
GSM8563001:TACTGCCAGCTAAGTA,Naive3,GSM8563001,L183654,1.0,TACTGCCAGCTAAGTA-1,3357,GSM8563001_Naive3_filtered_matrix.mtx.gz,L183654,3
GSM8563001:TACTGCCGTATAATGG,Naive3,GSM8563001,L209054,1.0,TACTGCCGTATAATGG-1,3358,GSM8563001_Naive3_filtered_matrix.mtx.gz,L209054,4
GSM8563001:TACTGCCGTTCAAACC,Naive3,GSM8563001,L112548,1.0,TACTGCCGTTCAAACC-1,3359,GSM8563001_Naive3_filtered_matrix.mtx.gz,L112548,0
GSM8563001:TACTTACAGCAGTCTT,Naive3,GSM8563001,L129056,1.0,TACTTACAGCAGTCTT-1,3360,GSM8563001_Naive3_filtered_matrix.mtx.gz,L129056,3
GSM8563001:TACTTACCACGTGAGA,Naive3,GSM8563001,L147347,1.0,TACTTACCACGTGAGA-1,3362,GSM8563001_Naive3_filtered_matrix.mtx.gz,L147347,1
GSM8563001:TACTTACTCGACACCG,Naive3,GSM8563001,L61163,1.0,TACTTACTCGACACCG-1,3364,GSM8563001_Naive3_filtered_matrix.mtx.gz,L61163,3
GSM8563001:TACTTCAAGAGCAAGA,Naive3,GSM8563001,L320548,1.0,TACTTCAAGAGCAAGA-1,3365,GSM8563001_Naive3_filtered_matrix.mtx.gz,L320548,3
GSM8563001:TACTTCAGTACAGTTC,Naive3,GSM8563001,L55579,0.920749,TACTTCAGTACAGTTC-1,3368,GSM8563001_Naive3_filtered_matrix.mtx.gz,L55579,1
GSM8563001:TACTTCAGTTCAGTAC,Naive3,GSM8563001,L15582,1.0,TACTTCAGTTCAGTAC-1,3369,GSM8563001_Naive3_filtered_matrix.mtx.gz,L15582,1
GSM8563001:TACTTCAGTTTGATCG,Naive3,GSM8563001,L325741,1.0,TACTTCAGTTTGATCG-1,3370,GSM8563001_Naive3_filtered_matrix.mtx.gz,L325741,0
GSM8563001:TACTTCAGTTTGTGGT,Naive3,GSM8563001,L285237,1.0,TACTTCAGTTTGTGGT-1,3371,GSM8563001_Naive3_filtered_matrix.mtx.gz,L285237,1
GSM8563001:TACTTCATCTGGGCGT,Naive3,GSM8563001,L48487,1.0,TACTTCATCTGGGCGT-1,3373,GSM8563001_Naive3_filtered_matrix.mtx.gz,L48487,1
GSM8563001:TACTTGTCAAACGAGC,Naive3,GSM8563001,L82979,1.0,TACTTGTCAAACGAGC-1,3374,GSM8563001_Naive3_filtered_matrix.mtx.gz,L82979,2
GSM8563001:TACTTGTTCGGATTAC,Naive3,GSM8563001,L77289,1.0,TACTTGTTCGGATTAC-1,3375,GSM8563001_Naive3_filtered_matrix.mtx.gz,L77289,4
GSM8563001:TACTTGTTCTACCTTA,Naive3,GSM8563001,L208666,1.0,TACTTGTTCTACCTTA-1,3376,GSM8563001_Naive3_filtered_matrix.mtx.gz,L208666,4
GSM8563001:TAGACCACAACTGATC,Naive3,GSM8563001,L240450,1.0,TAGACCACAACTGATC-1,3377,GSM8563001_Naive3_filtered_matrix.mtx.gz,L240450,2
GSM8563001:TAGACCACAGAGTGTG,Naive3,GSM8563001,L47103,1.0,TAGACCACAGAGTGTG-1,3378,GSM8563001_Naive3_filtered_matrix.mtx.gz,L47103,4
GSM8563001:TAGACTGAGAGCCCAA,Naive3,GSM8563001,L77622,1.0,TAGACTGAGAGCCCAA-1,3381,GSM8563001_Naive3_filtered_matrix.mtx.gz,L77622,4
GSM8563001:TAGACTGAGTCCCTAA,Naive3,GSM8563001,L176645,1.0,TAGACTGAGTCCCTAA-1,3382,GSM8563001_Naive3_filtered_matrix.mtx.gz,L176645,0
GSM8563001:TAGACTGCAGCCGTCA,Naive3,GSM8563001,L257154,1.0,TAGACTGCAGCCGTCA-1,3383,GSM8563001_Naive3_filtered_matrix.mtx.gz,L257154,4
GSM8563001:TAGACTGCATGCCGGT,Naive3,GSM8563001,L149284,1.0,TAGACTGCATGCCGGT-1,3384,GSM8563001_Naive3_filtered_matrix.mtx.gz,L149284,4
GSM8563001:TAGACTGTCTCTTAAC,Naive3,GSM8563001,L251719,1.0,TAGACTGTCTCTTAAC-1,3387,GSM8563001_Naive3_filtered_matrix.mtx.gz,L251719,2
GSM8563001:TAGAGTCAGAGGGCGA,Naive3,GSM8563001,L196405,1.0,TAGAGTCAGAGGGCGA-1,3388,GSM8563001_Naive3_filtered_matrix.mtx.gz,L196405,1
GSM8563001:TAGAGTCAGCAAATCA,Naive3,GSM8563001,L16438,0.993812,TAGAGTCAGCAAATCA-1,3389,GSM8563001_Naive3_filtered_matrix.mtx.gz,L16438,1
GSM8563001:TAGAGTCCAGAAGTGC,Naive3,GSM8563001,L314894,1.0,TAGAGTCCAGAAGTGC-1,3390,GSM8563001_Naive3_filtered_matrix.mtx.gz,L314894,1
GSM8563001:TAGAGTCCATTGTACG,Naive3,GSM8563001,L16178,1.0,TAGAGTCCATTGTACG-1,3391,GSM8563001_Naive3_filtered_matrix.mtx.gz,L16178,0
GSM8563001:TAGAGTCTCATTCGTT,Naive3,GSM8563001,L179303,1.0,TAGAGTCTCATTCGTT-1,3393,GSM8563001_Naive3_filtered_matrix.mtx.gz,L179303,3
GSM8563001:TAGATCGCAATGTCAC,Naive3,GSM8563001,L102089,1.0,TAGATCGCAATGTCAC-1,3395,GSM8563001_Naive3_filtered_matrix.mtx.gz,L102089,0
GSM8563001:TAGATCGCAGTAGTGG,Naive3,GSM8563001,L320820,1.0,TAGATCGCAGTAGTGG-1,3396,GSM8563001_Naive3_filtered_matrix.mtx.gz,L320820,3
GSM8563001:TAGATCGGTTAGCGGA,Naive3,GSM8563001,L80342,1.0,TAGATCGGTTAGCGGA-1,3397,GSM8563001_Naive3_filtered_matrix.mtx.gz,L80342,1
GSM8563001:TAGCACACACCATAAC,Naive3,GSM8563001,L216346,1.0,TAGCACACACCATAAC-1,3399,GSM8563001_Naive3_filtered_matrix.mtx.gz,L216346,3
GSM8563001:TAGCACATCACGTAGT,Naive3,GSM8563001,L304696,1.0,TAGCACATCACGTAGT-1,3400,GSM8563001_Naive3_filtered_matrix.mtx.gz,L304696,2
GSM8563001:TAGCACATCATTTGCT,Naive3,GSM8563001,L233176,1.0,TAGCACATCATTTGCT-1,3401,GSM8563001_Naive3_filtered_matrix.mtx.gz,L233176,0
GSM8563001:TAGGAGGAGCACGGAT,Naive3,GSM8563001,L173303,1.0,TAGGAGGAGCACGGAT-1,3403,GSM8563001_Naive3_filtered_matrix.mtx.gz,L173303,0
GSM8563001:TAGGAGGAGCTCTTCC,Naive3,GSM8563001,L252321,1.0,TAGGAGGAGCTCTTCC-1,3404,GSM8563001_Naive3_filtered_matrix.mtx.gz,L252321,2
GSM8563001:TAGGAGGCAGCTCTGG,Naive3,GSM8563001,L51134,1.0,TAGGAGGCAGCTCTGG-1,3405,GSM8563001_Naive3_filtered_matrix.mtx.gz,L51134,0
GSM8563001:TAGGAGGGTCTCGGGT,Naive3,GSM8563001,L193060,1.0,TAGGAGGGTCTCGGGT-1,3406,GSM8563001_Naive3_filtered_matrix.mtx.gz,L193060,0
GSM8563001:TAGGAGGTCCAACTAG,Naive3,GSM8563001,L194064,1.0,TAGGAGGTCCAACTAG-1,3407,GSM8563001_Naive3_filtered_matrix.mtx.gz,L194064,1
GSM8563001:TAGGGTTAGGCGACAT,Naive3,GSM8563001,L55,1.0,TAGGGTTAGGCGACAT-1,3409,GSM8563001_Naive3_filtered_matrix.mtx.gz,L55,0
GSM8563001:TAGGGTTAGTCATCGT,Naive3,GSM8563001,L6369,1.0,TAGGGTTAGTCATCGT-1,3410,GSM8563001_Naive3_filtered_matrix.mtx.gz,L6369,4
GSM8563001:TAGGGTTAGTTACGAA,Naive3,GSM8563001,L187096,1.0,TAGGGTTAGTTACGAA-1,3411,GSM8563001_Naive3_filtered_matrix.mtx.gz,L187096,2
GSM8563001:TAGGGTTGTACCCGCA,Naive3,GSM8563001,L249999,1.0,TAGGGTTGTACCCGCA-1,3413,GSM8563001_Naive3_filtered_matrix.mtx.gz,L249999,3
GSM8563001:TAGGGTTTCAATCTCT,Naive3,GSM8563001,L132173,1.0,TAGGGTTTCAATCTCT-1,3414,GSM8563001_Naive3_filtered_matrix.mtx.gz,L132173,1
GSM8563001:TAGGTACAGAAACCAT,Naive3,GSM8563001,L296189,1.0,TAGGTACAGAAACCAT-1,3416,GSM8563001_Naive3_filtered_matrix.mtx.gz,L296189,1
GSM8563001:TAGGTACAGGGTATAT,Naive3,GSM8563001,L173296,1.0,TAGGTACAGGGTATAT-1,3418,GSM8563001_Naive3_filtered_matrix.mtx.gz,L173296,1
GSM8563001:TAGGTACCACTAGGCC,Naive3,GSM8563001,L319635,1.0,TAGGTACCACTAGGCC-1,3419,GSM8563001_Naive3_filtered_matrix.mtx.gz,L319635,1
GSM8563001:TAGGTACGTCGGCTAC,Naive3,GSM8563001,L306369,1.0,TAGGTACGTCGGCTAC-1,3420,GSM8563001_Naive3_filtered_matrix.mtx.gz,L306369,0
GSM8563001:TAGGTACGTGGCTGAA,Naive3,GSM8563001,L313443,1.0,TAGGTACGTGGCTGAA-1,3421,GSM8563001_Naive3_filtered_matrix.mtx.gz,L313443,1
GSM8563001:TAGGTACTCGACCATA,Naive3,GSM8563001,L6369,1.0,TAGGTACTCGACCATA-1,3422,GSM8563001_Naive3_filtered_matrix.mtx.gz,L6369,4
GSM8563001:TAGGTTGAGCTTTGTG,Naive3,GSM8563001,L262018,0.997345,TAGGTTGAGCTTTGTG-1,3423,GSM8563001_Naive3_filtered_matrix.mtx.gz,L262018,4
GSM8563001:TAGGTTGAGTTGTCAC,Naive3,GSM8563001,L64783,0.996891,TAGGTTGAGTTGTCAC-1,3424,GSM8563001_Naive3_filtered_matrix.mtx.gz,L64783,4
GSM8563001:TAGGTTGCAGGACGAT,Naive3,GSM8563001,L172601,1.0,TAGGTTGCAGGACGAT-1,3425,GSM8563001_Naive3_filtered_matrix.mtx.gz,L172601,0
GSM8563001:TAGTGCAAGGCCCGTT,Naive3,GSM8563001,L82823,1.0,TAGTGCAAGGCCCGTT-1,3426,GSM8563001_Naive3_filtered_matrix.mtx.gz,L82823,1
GSM8563001:TAGTGCAAGGCCTAGA,Naive3,GSM8563001,L240177,1.0,TAGTGCAAGGCCTAGA-1,3427,GSM8563001_Naive3_filtered_matrix.mtx.gz,L240177,2
GSM8563001:TAGTGCAAGTACCCTA,Naive3,GSM8563001,L57101,1.0,TAGTGCAAGTACCCTA-1,3428,GSM8563001_Naive3_filtered_matrix.mtx.gz,L57101,0
GSM8563001:TATACCTAGCCTCATA,Naive3,GSM8563001,L179168,1.0,TATACCTAGCCTCATA-1,3431,GSM8563001_Naive3_filtered_matrix.mtx.gz,L179168,2
GSM8563001:TATACCTCACTCTAGA,Naive3,GSM8563001,L294380,1.0,TATACCTCACTCTAGA-1,3432,GSM8563001_Naive3_filtered_matrix.mtx.gz,L294380,3
GSM8563001:TATACCTCATGGAGAC,Naive3,GSM8563001,L228088,1.0,TATACCTCATGGAGAC-1,3433,GSM8563001_Naive3_filtered_matrix.mtx.gz,L228088,1
GSM8563001:TATACCTTCCCAAGCG,Naive3,GSM8563001,L165958,1.0,TATACCTTCCCAAGCG-1,3434,GSM8563001_Naive3_filtered_matrix.mtx.gz,L165958,2
GSM8563001:TATACCTTCTTCGCTG,Naive3,GSM8563001,L292653,1.0,TATACCTTCTTCGCTG-1,3437,GSM8563001_Naive3_filtered_matrix.mtx.gz,L292653,3
GSM8563001:TATACCTTCTTTCAGT,Naive3,GSM8563001,L126445,1.0,TATACCTTCTTTCAGT-1,3438,GSM8563001_Naive3_filtered_matrix.mtx.gz,L126445,4
GSM8563001:TATATCCAGGGCTGAT,Naive3,GSM8563001,L175009,0.700337,TATATCCAGGGCTGAT-1,3440,GSM8563001_Naive3_filtered_matrix.mtx.gz,L175009,0
GSM8563001:TATATCCGTATTTCTC,Naive3,GSM8563001,L3102,1.0,TATATCCGTATTTCTC-1,3441,GSM8563001_Naive3_filtered_matrix.mtx.gz,L3102,4
GSM8563001:TATATCCTCTGGACCG,Naive3,GSM8563001,L219307,1.0,TATATCCTCTGGACCG-1,3444,GSM8563001_Naive3_filtered_matrix.mtx.gz,L219307,3
GSM8563001:TATATCCTCTTCACGC,Naive3,GSM8563001,L124052,1.0,TATATCCTCTTCACGC-1,3445,GSM8563001_Naive3_filtered_matrix.mtx.gz,L124052,4
GSM8563001:TATCAGGAGACGCTCC,Naive3,GSM8563001,L272183,0.758488,TATCAGGAGACGCTCC-1,3446,GSM8563001_Naive3_filtered_matrix.mtx.gz,L272183,4
GSM8563001:TATCAGGAGTTGTACC,Naive3,GSM8563001,L258435,1.0,TATCAGGAGTTGTACC-1,3447,GSM8563001_Naive3_filtered_matrix.mtx.gz,L258435,2
GSM8563001:TATCAGGCACTGAGGA,Naive3,GSM8563001,L10717,1.0,TATCAGGCACTGAGGA-1,3448,GSM8563001_Naive3_filtered_matrix.mtx.gz,L10717,0
GSM8563001:TATCAGGGTCATCGCG,Naive3,GSM8563001,L166707,1.0,TATCAGGGTCATCGCG-1,3450,GSM8563001_Naive3_filtered_matrix.mtx.gz,L166707,1
GSM8563001:TATCAGGTCCAAGCAT,Naive3,GSM8563001,L70669,1.0,TATCAGGTCCAAGCAT-1,3451,GSM8563001_Naive3_filtered_matrix.mtx.gz,L70669,3
GSM8563001:TATCAGGTCCCTCTTT,Naive3,GSM8563001,L8387,1.0,TATCAGGTCCCTCTTT-1,3452,GSM8563001_Naive3_filtered_matrix.mtx.gz,L8387,0
GSM8563001:TATCAGGTCGCGGTAC,Naive3,GSM8563001,L178651,1.0,TATCAGGTCGCGGTAC-1,3453,GSM8563001_Naive3_filtered_matrix.mtx.gz,L178651,1
GSM8563001:TATCCTACAACAGAGC,Naive3,GSM8563001,L2843,1.0,TATCCTACAACAGAGC-1,3455,GSM8563001_Naive3_filtered_matrix.mtx.gz,L2843,4
GSM8563001:TATCCTACAACGAGGT,Naive3,GSM8563001,L192342,1.0,TATCCTACAACGAGGT-1,3456,GSM8563001_Naive3_filtered_matrix.mtx.gz,L192342,4
GSM8563001:TATCGCCAGGTCGAGT,Naive3,GSM8563001,L63265,1.0,TATCGCCAGGTCGAGT-1,3458,GSM8563001_Naive3_filtered_matrix.mtx.gz,L63265,3
GSM8563001:TATCTGTCAAGACAAT,Naive3,GSM8563001,L173296,1.0,TATCTGTCAAGACAAT-1,3459,GSM8563001_Naive3_filtered_matrix.mtx.gz,L173296,1
GSM8563001:TATCTTGGTACCAGAG,Naive3,GSM8563001,L112548,1.0,TATCTTGGTACCAGAG-1,3461,GSM8563001_Naive3_filtered_matrix.mtx.gz,L112548,0
GSM8563001:TATCTTGTCCATAGGT,Naive3,GSM8563001,L61901,1.0,TATCTTGTCCATAGGT-1,3463,GSM8563001_Naive3_filtered_matrix.mtx.gz,L61901,4
GSM8563001:TATGTTCAGAGAGTGA,Naive3,GSM8563001,L183654,1.0,TATGTTCAGAGAGTGA-1,3464,GSM8563001_Naive3_filtered_matrix.mtx.gz,L183654,3
GSM8563001:TATGTTCAGATTACCC,Naive3,GSM8563001,L256320,1.0,TATGTTCAGATTACCC-1,3465,GSM8563001_Naive3_filtered_matrix.mtx.gz,L256320,0
GSM8563001:TATGTTCAGCAGTAAT,Naive3,GSM8563001,L76557,1.0,TATGTTCAGCAGTAAT-1,3466,GSM8563001_Naive3_filtered_matrix.mtx.gz,L76557,4
GSM8563001:TATTCCACAAAGGGTC,Naive3,GSM8563001,L52820,1.0,TATTCCACAAAGGGTC-1,3467,GSM8563001_Naive3_filtered_matrix.mtx.gz,L52820,0
GSM8563001:TATTCCAGTACAGTTC,Naive3,GSM8563001,L112164,1.0,TATTCCAGTACAGTTC-1,3468,GSM8563001_Naive3_filtered_matrix.mtx.gz,L112164,2
GSM8563001:TATTGCTAGATAGGGA,Naive3,GSM8563001,L165826,1.0,TATTGCTAGATAGGGA-1,3469,GSM8563001_Naive3_filtered_matrix.mtx.gz,L165826,1
GSM8563001:TATTGCTAGGTTATAG,Naive3,GSM8563001,L2779,1.0,TATTGCTAGGTTATAG-1,3470,GSM8563001_Naive3_filtered_matrix.mtx.gz,L2779,4
GSM8563001:TATTGCTGTGTGTTTG,Naive3,GSM8563001,L64990,1.0,TATTGCTGTGTGTTTG-1,3474,GSM8563001_Naive3_filtered_matrix.mtx.gz,L64990,4
GSM8563001:TATTGCTTCTTGGCTC,Naive3,GSM8563001,L15899,0.9155,TATTGCTTCTTGGCTC-1,3475,GSM8563001_Naive3_filtered_matrix.mtx.gz,L15899,3
GSM8563001:TATTGGGAGCTCGCAC,Naive3,GSM8563001,L52613,1.0,TATTGGGAGCTCGCAC-1,3477,GSM8563001_Naive3_filtered_matrix.mtx.gz,L52613,0
GSM8563001:TATTGGGCAGGCTCTG,Naive3,GSM8563001,L70669,1.0,TATTGGGCAGGCTCTG-1,3478,GSM8563001_Naive3_filtered_matrix.mtx.gz,L70669,3
GSM8563001:TATTGGGGTCGAACAG,Naive3,GSM8563001,L242834,1.0,TATTGGGGTCGAACAG-1,3479,GSM8563001_Naive3_filtered_matrix.mtx.gz,L242834,4
GSM8563001:TATTTCGAGTGCCCGT,Naive3,GSM8563001,L248375,1.0,TATTTCGAGTGCCCGT-1,3480,GSM8563001_Naive3_filtered_matrix.mtx.gz,L248375,2
GSM8563001:TATTTCGCACAAGCTT,Naive3,GSM8563001,L137611,1.0,TATTTCGCACAAGCTT-1,3481,GSM8563001_Naive3_filtered_matrix.mtx.gz,L137611,4
GSM8563001:TATTTCGGTTCTAACG,Naive3,GSM8563001,L310647,0.806221,TATTTCGGTTCTAACG-1,3482,GSM8563001_Naive3_filtered_matrix.mtx.gz,L310647,4
GSM8563001:TATTTCGTCACTTCTA,Naive3,GSM8563001,L106015,1.0,TATTTCGTCACTTCTA-1,3483,GSM8563001_Naive3_filtered_matrix.mtx.gz,L106015,2
GSM8563001:TCAAGACAGATTGTGA,Naive3,GSM8563001,L316533,1.0,TCAAGACAGATTGTGA-1,3485,GSM8563001_Naive3_filtered_matrix.mtx.gz,L316533,2
GSM8563001:TCAAGACAGCCATCCG,Naive3,GSM8563001,L291848,1.0,TCAAGACAGCCATCCG-1,3486,GSM8563001_Naive3_filtered_matrix.mtx.gz,L291848,0
GSM8563001:TCAAGACAGCGTCTGC,Naive3,GSM8563001,L227359,1.0,TCAAGACAGCGTCTGC-1,3487,GSM8563001_Naive3_filtered_matrix.mtx.gz,L227359,0
GSM8563001:TCAAGACGTTCTCACC,Naive3,GSM8563001,L293527,1.0,TCAAGACGTTCTCACC-1,3490,GSM8563001_Naive3_filtered_matrix.mtx.gz,L293527,3
GSM8563001:TCAAGACTCAACGCTA,Naive3,GSM8563001,L56999,1.0,TCAAGACTCAACGCTA-1,3491,GSM8563001_Naive3_filtered_matrix.mtx.gz,L56999,0
GSM8563001:TCAAGACTCCGATCGG,Naive3,GSM8563001,L223068,1.0,TCAAGACTCCGATCGG-1,3492,GSM8563001_Naive3_filtered_matrix.mtx.gz,L223068,0
GSM8563001:TCAAGACTCCTTATGT,Naive3,GSM8563001,L44532,1.0,TCAAGACTCCTTATGT-1,3493,GSM8563001_Naive3_filtered_matrix.mtx.gz,L44532,0
GSM8563001:TCAAGCAAGACGCCCT,Naive3,GSM8563001,L31111,1.0,TCAAGCAAGACGCCCT-1,3494,GSM8563001_Naive3_filtered_matrix.mtx.gz,L31111,3
GSM8563001:TCAAGCACAACCACAT,Naive3,GSM8563001,L88295,1.0,TCAAGCACAACCACAT-1,3496,GSM8563001_Naive3_filtered_matrix.mtx.gz,L88295,3
GSM8563001:TCAAGCATCGTAGTCA,Naive3,GSM8563001,L145263,1.0,TCAAGCATCGTAGTCA-1,3498,GSM8563001_Naive3_filtered_matrix.mtx.gz,L145263,4
GSM8563001:TCAAGTGAGCCGCTTG,Naive3,GSM8563001,L70669,1.0,TCAAGTGAGCCGCTTG-1,3499,GSM8563001_Naive3_filtered_matrix.mtx.gz,L70669,3
GSM8563001:TCAAGTGCATGCCATA,Naive3,GSM8563001,L206761,1.0,TCAAGTGCATGCCATA-1,3501,GSM8563001_Naive3_filtered_matrix.mtx.gz,L206761,0
GSM8563001:TCAAGTGTCCTATGGA,Naive3,GSM8563001,L212617,1.0,TCAAGTGTCCTATGGA-1,3504,GSM8563001_Naive3_filtered_matrix.mtx.gz,L212617,1
GSM8563001:TCAAGTGTCGCTCATC,Naive3,GSM8563001,L171625,1.0,TCAAGTGTCGCTCATC-1,3505,GSM8563001_Naive3_filtered_matrix.mtx.gz,L171625,4
GSM8563001:TCAATCTAGACCTCAT,Naive3,GSM8563001,L269961,1.0,TCAATCTAGACCTCAT-1,3506,GSM8563001_Naive3_filtered_matrix.mtx.gz,L269961,4
GSM8563001:TCAATCTCACGATTCA,Naive3,GSM8563001,L242413,1.0,TCAATCTCACGATTCA-1,3507,GSM8563001_Naive3_filtered_matrix.mtx.gz,L242413,0
GSM8563001:TCAATTCGTCGACGCT,Naive3,GSM8563001,L58090,1.0,TCAATTCGTCGACGCT-1,3509,GSM8563001_Naive3_filtered_matrix.mtx.gz,L58090,2
GSM8563001:TCAATTCTCAGCCTCT,Naive3,GSM8563001,L31852,1.0,TCAATTCTCAGCCTCT-1,3510,GSM8563001_Naive3_filtered_matrix.mtx.gz,L31852,2
GSM8563001:TCACAAGCATCGATCA,Naive3,GSM8563001,L36415,1.0,TCACAAGCATCGATCA-1,3511,GSM8563001_Naive3_filtered_matrix.mtx.gz,L36415,3
GSM8563001:TCACAAGGTGGACTAG,Naive3,GSM8563001,L76201,1.0,TCACAAGGTGGACTAG-1,3512,GSM8563001_Naive3_filtered_matrix.mtx.gz,L76201,2
GSM8563001:TCACAAGTCGTGTGGC,Naive3,GSM8563001,L8387,1.0,TCACAAGTCGTGTGGC-1,3513,GSM8563001_Naive3_filtered_matrix.mtx.gz,L8387,0
GSM8563001:TCACACCAGAGGGTAA,Naive3,GSM8563001,L164614,1.0,TCACACCAGAGGGTAA-1,3514,GSM8563001_Naive3_filtered_matrix.mtx.gz,L164614,3
GSM8563001:TCACACCAGCAACAGC,Naive3,GSM8563001,L247405,0.999804,TCACACCAGCAACAGC-1,3515,GSM8563001_Naive3_filtered_matrix.mtx.gz,L247405,0
GSM8563001:TCACACCCAGACCATT,Naive3,GSM8563001,L204366,1.0,TCACACCCAGACCATT-1,3516,GSM8563001_Naive3_filtered_matrix.mtx.gz,L204366,3
GSM8563001:TCACACCGTCGTCTCT,Naive3,GSM8563001,L204366,1.0,TCACACCGTCGTCTCT-1,3518,GSM8563001_Naive3_filtered_matrix.mtx.gz,L204366,3
GSM8563001:TCACACCTCATCGCAA,Naive3,GSM8563001,L183654,1.0,TCACACCTCATCGCAA-1,3520,GSM8563001_Naive3_filtered_matrix.mtx.gz,L183654,3
GSM8563001:TCACATTCATACTGAC,Naive3,GSM8563001,L16438,0.999308,TCACATTCATACTGAC-1,3522,GSM8563001_Naive3_filtered_matrix.mtx.gz,L16438,1
GSM8563001:TCACATTCATCAACCA,Naive3,GSM8563001,L188846,1.0,TCACATTCATCAACCA-1,3523,GSM8563001_Naive3_filtered_matrix.mtx.gz,L188846,4
GSM8563001:TCACGCTAGGTCCCTG,Naive3,GSM8563001,L187096,1.0,TCACGCTAGGTCCCTG-1,3526,GSM8563001_Naive3_filtered_matrix.mtx.gz,L187096,2
GSM8563001:TCACGCTCACAATGCT,Naive3,GSM8563001,L329553,1.0,TCACGCTCACAATGCT-1,3527,GSM8563001_Naive3_filtered_matrix.mtx.gz,L329553,3
GSM8563001:TCACGCTCACCTTCGT,Naive3,GSM8563001,L27978,1.0,TCACGCTCACCTTCGT-1,3528,GSM8563001_Naive3_filtered_matrix.mtx.gz,L27978,3
GSM8563001:TCACGCTGTCCATCTC,Naive3,GSM8563001,L254373,0.834632,TCACGCTGTCCATCTC-1,3529,GSM8563001_Naive3_filtered_matrix.mtx.gz,L254373,4
GSM8563001:TCACGGGAGTCATGGG,Naive3,GSM8563001,L161723,1.0,TCACGGGAGTCATGGG-1,3531,GSM8563001_Naive3_filtered_matrix.mtx.gz,L161723,0
GSM8563001:TCACGGGCATCCTGTC,Naive3,GSM8563001,L305673,1.0,TCACGGGCATCCTGTC-1,3533,GSM8563001_Naive3_filtered_matrix.mtx.gz,L305673,4
GSM8563001:TCACGGGTCTTACTGT,Naive3,GSM8563001,L300377,1.0,TCACGGGTCTTACTGT-1,3538,GSM8563001_Naive3_filtered_matrix.mtx.gz,L300377,3
GSM8563001:TCACTATAGAGTTGCG,Naive3,GSM8563001,L275355,1.0,TCACTATAGAGTTGCG-1,3539,GSM8563001_Naive3_filtered_matrix.mtx.gz,L275355,1
GSM8563001:TCACTATCAAACTAGA,Naive3,GSM8563001,L135998,1.0,TCACTATCAAACTAGA-1,3540,GSM8563001_Naive3_filtered_matrix.mtx.gz,L135998,4
GSM8563001:TCACTATGTGGTCTCG,Naive3,GSM8563001,L86394,1.0,TCACTATGTGGTCTCG-1,3541,GSM8563001_Naive3_filtered_matrix.mtx.gz,L86394,1
GSM8563001:TCACTATTCAAAGACA,Naive3,GSM8563001,L62684,1.0,TCACTATTCAAAGACA-1,3542,GSM8563001_Naive3_filtered_matrix.mtx.gz,L62684,1
GSM8563001:TCACTCGCAGATGCGA,Naive3,GSM8563001,L324535,1.0,TCACTCGCAGATGCGA-1,3544,GSM8563001_Naive3_filtered_matrix.mtx.gz,L324535,4
GSM8563001:TCACTCGGTGGTCCCA,Naive3,GSM8563001,L70669,1.0,TCACTCGGTGGTCCCA-1,3546,GSM8563001_Naive3_filtered_matrix.mtx.gz,L70669,3
GSM8563001:TCACTCGGTTCAGCGC,Naive3,GSM8563001,L86394,1.0,TCACTCGGTTCAGCGC-1,3547,GSM8563001_Naive3_filtered_matrix.mtx.gz,L86394,1
GSM8563001:TCAGCAAAGCATCAAA,Naive3,GSM8563001,L98634,1.0,TCAGCAAAGCATCAAA-1,3550,GSM8563001_Naive3_filtered_matrix.mtx.gz,L98634,2
GSM8563001:TCAGCAAAGTAGTCCT,Naive3,GSM8563001,L293527,1.0,TCAGCAAAGTAGTCCT-1,3551,GSM8563001_Naive3_filtered_matrix.mtx.gz,L293527,3
GSM8563001:TCAGCAATCCCTTTGG,Naive3,GSM8563001,L54153,1.0,TCAGCAATCCCTTTGG-1,3552,GSM8563001_Naive3_filtered_matrix.mtx.gz,L54153,2
GSM8563001:TCAGCCTCAAGCACCC,Naive3,GSM8563001,L215425,1.0,TCAGCCTCAAGCACCC-1,3553,GSM8563001_Naive3_filtered_matrix.mtx.gz,L215425,4
GSM8563001:TCAGCCTCACCAAAGG,Naive3,GSM8563001,L1679,1.0,TCAGCCTCACCAAAGG-1,3554,GSM8563001_Naive3_filtered_matrix.mtx.gz,L1679,1
GSM8563001:TCAGCCTCACCATAAC,Naive3,GSM8563001,L146674,1.0,TCAGCCTCACCATAAC-1,3555,GSM8563001_Naive3_filtered_matrix.mtx.gz,L146674,3
GSM8563001:TCAGCCTCATGCGGTC,Naive3,GSM8563001,L219307,1.0,TCAGCCTCATGCGGTC-1,3556,GSM8563001_Naive3_filtered_matrix.mtx.gz,L219307,3
GSM8563001:TCAGGGCCACCAATTG,Naive3,GSM8563001,L5495,1.0,TCAGGGCCACCAATTG-1,3560,GSM8563001_Naive3_filtered_matrix.mtx.gz,L5495,0
GSM8563001:TCAGGGCCAGCGTGCT,Naive3,GSM8563001,L196980,1.0,TCAGGGCCAGCGTGCT-1,3561,GSM8563001_Naive3_filtered_matrix.mtx.gz,L196980,3
GSM8563001:TCAGGGCCAGGCTCTG,Naive3,GSM8563001,L316244,0.559984,TCAGGGCCAGGCTCTG-1,3562,GSM8563001_Naive3_filtered_matrix.mtx.gz,L316244,3
GSM8563001:TCAGGGCTCCTGTTAT,Naive3,GSM8563001,L318033,1.0,TCAGGGCTCCTGTTAT-1,3563,GSM8563001_Naive3_filtered_matrix.mtx.gz,L318033,2
GSM8563001:TCAGGTACAACTGTGT,Naive3,GSM8563001,L278604,1.0,TCAGGTACAACTGTGT-1,3564,GSM8563001_Naive3_filtered_matrix.mtx.gz,L278604,2
GSM8563001:TCAGGTAGTCCGATCG,Naive3,GSM8563001,L116152,1.0,TCAGGTAGTCCGATCG-1,3565,GSM8563001_Naive3_filtered_matrix.mtx.gz,L116152,1
GSM8563001:TCAGGTAGTTATGTGC,Naive3,GSM8563001,L293527,1.0,TCAGGTAGTTATGTGC-1,3566,GSM8563001_Naive3_filtered_matrix.mtx.gz,L293527,3
GSM8563001:TCAGGTATCGTACCTC,Naive3,GSM8563001,L195483,1.0,TCAGGTATCGTACCTC-1,3567,GSM8563001_Naive3_filtered_matrix.mtx.gz,L195483,2
GSM8563001:TCAGTCCAGGCAATGC,Naive3,GSM8563001,L10551,1.0,TCAGTCCAGGCAATGC-1,3568,GSM8563001_Naive3_filtered_matrix.mtx.gz,L10551,2
GSM8563001:TCAGTCCCATGTGACT,Naive3,GSM8563001,L35389,1.0,TCAGTCCCATGTGACT-1,3569,GSM8563001_Naive3_filtered_matrix.mtx.gz,L35389,4
GSM8563001:TCAGTCCGTTACCGTA,Naive3,GSM8563001,L100814,1.0,TCAGTCCGTTACCGTA-1,3570,GSM8563001_Naive3_filtered_matrix.mtx.gz,L100814,0
GSM8563001:TCAGTCCGTTGCACGC,Naive3,GSM8563001,L70669,1.0,TCAGTCCGTTGCACGC-1,3571,GSM8563001_Naive3_filtered_matrix.mtx.gz,L70669,3
GSM8563001:TCAGTTTCACGGTAGA,Naive3,GSM8563001,L323960,1.0,TCAGTTTCACGGTAGA-1,3575,GSM8563001_Naive3_filtered_matrix.mtx.gz,L323960,2
GSM8563001:TCAGTTTGTAGGAAAG,Naive3,GSM8563001,L216702,1.0,TCAGTTTGTAGGAAAG-1,3576,GSM8563001_Naive3_filtered_matrix.mtx.gz,L216702,2
GSM8563001:TCATACTCAAGTCCAT,Naive3,GSM8563001,L320820,1.0,TCATACTCAAGTCCAT-1,3579,GSM8563001_Naive3_filtered_matrix.mtx.gz,L320820,3
GSM8563001:TCATACTGTGCTCCGA,Naive3,GSM8563001,L55260,1.0,TCATACTGTGCTCCGA-1,3581,GSM8563001_Naive3_filtered_matrix.mtx.gz,L55260,4
GSM8563001:TCATATCAGCTCCCTT,Naive3,GSM8563001,L65002,0.854711,TCATATCAGCTCCCTT-1,3582,GSM8563001_Naive3_filtered_matrix.mtx.gz,L65002,2
GSM8563001:TCATATCAGGTGAGCT,Naive3,GSM8563001,L12904,1.0,TCATATCAGGTGAGCT-1,3584,GSM8563001_Naive3_filtered_matrix.mtx.gz,L12904,3
GSM8563001:TCATATCAGTACTGTC,Naive3,GSM8563001,L328955,1.0,TCATATCAGTACTGTC-1,3585,GSM8563001_Naive3_filtered_matrix.mtx.gz,L328955,3
GSM8563001:TCATATCCAACAGCCC,Naive3,GSM8563001,L161977,1.0,TCATATCCAACAGCCC-1,3586,GSM8563001_Naive3_filtered_matrix.mtx.gz,L161977,0
GSM8563001:TCATATCGTCGGCACT,Naive3,GSM8563001,L104099,1.0,TCATATCGTCGGCACT-1,3588,GSM8563001_Naive3_filtered_matrix.mtx.gz,L104099,4
GSM8563001:TCATATCTCTTCGATT,Naive3,GSM8563001,L301796,1.0,TCATATCTCTTCGATT-1,3589,GSM8563001_Naive3_filtered_matrix.mtx.gz,L301796,2
GSM8563001:TCATCATAGGAGAGTA,Naive3,GSM8563001,L187096,1.0,TCATCATAGGAGAGTA-1,3590,GSM8563001_Naive3_filtered_matrix.mtx.gz,L187096,2
GSM8563001:TCATCATAGTACGAGC,Naive3,GSM8563001,L130314,1.0,TCATCATAGTACGAGC-1,3591,GSM8563001_Naive3_filtered_matrix.mtx.gz,L130314,4
GSM8563001:TCATCATCATAGGCGA,Naive3,GSM8563001,L305830,1.0,TCATCATCATAGGCGA-1,3592,GSM8563001_Naive3_filtered_matrix.mtx.gz,L305830,0
GSM8563001:TCATCCGTCAGCTAGT,Naive3,GSM8563001,L129056,1.0,TCATCCGTCAGCTAGT-1,3594,GSM8563001_Naive3_filtered_matrix.mtx.gz,L129056,3
GSM8563001:TCATCCGTCCCATAAG,Naive3,GSM8563001,L316041,1.0,TCATCCGTCCCATAAG-1,3595,GSM8563001_Naive3_filtered_matrix.mtx.gz,L316041,3
GSM8563001:TCATGAGCAGATTAAG,Naive3,GSM8563001,L23858,1.0,TCATGAGCAGATTAAG-1,3596,GSM8563001_Naive3_filtered_matrix.mtx.gz,L23858,1
GSM8563001:TCATGAGCATGGAATA,Naive3,GSM8563001,L116152,1.0,TCATGAGCATGGAATA-1,3597,GSM8563001_Naive3_filtered_matrix.mtx.gz,L116152,1
GSM8563001:TCATGAGGTTGACTGT,Naive3,GSM8563001,L261918,1.0,TCATGAGGTTGACTGT-1,3599,GSM8563001_Naive3_filtered_matrix.mtx.gz,L261918,0
GSM8563001:TCATGAGTCCCGTTCA,Naive3,GSM8563001,L228182,0.99903,TCATGAGTCCCGTTCA-1,3600,GSM8563001_Naive3_filtered_matrix.mtx.gz,L228182,0
GSM8563001:TCATGCCAGGTGCAGT,Naive3,GSM8563001,L94096,1.0,TCATGCCAGGTGCAGT-1,3601,GSM8563001_Naive3_filtered_matrix.mtx.gz,L94096,1
GSM8563001:TCATGCCGTCTTACAG,Naive3,GSM8563001,L84351,1.0,TCATGCCGTCTTACAG-1,3602,GSM8563001_Naive3_filtered_matrix.mtx.gz,L84351,3
GSM8563001:TCATGGATCCATTCAT,Naive3,GSM8563001,L239228,1.0,TCATGGATCCATTCAT-1,3605,GSM8563001_Naive3_filtered_matrix.mtx.gz,L239228,2
GSM8563001:TCATGTTAGCAAATCA,Naive3,GSM8563001,L212929,1.0,TCATGTTAGCAAATCA-1,3606,GSM8563001_Naive3_filtered_matrix.mtx.gz,L212929,4
GSM8563001:TCATGTTTCCACTTTA,Naive3,GSM8563001,L100814,1.0,TCATGTTTCCACTTTA-1,3608,GSM8563001_Naive3_filtered_matrix.mtx.gz,L100814,0
GSM8563001:TCATTACAGGAAACGA,Naive3,GSM8563001,L269961,1.0,TCATTACAGGAAACGA-1,3611,GSM8563001_Naive3_filtered_matrix.mtx.gz,L269961,4
GSM8563001:TCATTACGTAACGTTC,Naive3,GSM8563001,L187096,1.0,TCATTACGTAACGTTC-1,3612,GSM8563001_Naive3_filtered_matrix.mtx.gz,L187096,2
GSM8563001:TCATTACGTCCGGATC,Naive3,GSM8563001,L41780,1.0,TCATTACGTCCGGATC-1,3613,GSM8563001_Naive3_filtered_matrix.mtx.gz,L41780,4
GSM8563001:TCATTACGTGTCCACG,Naive3,GSM8563001,L78561,1.0,TCATTACGTGTCCACG-1,3614,GSM8563001_Naive3_filtered_matrix.mtx.gz,L78561,2
GSM8563001:TCATTACTCAGCAGAG,Naive3,GSM8563001,L187885,1.0,TCATTACTCAGCAGAG-1,3615,GSM8563001_Naive3_filtered_matrix.mtx.gz,L187885,0
GSM8563001:TCATTCACAACAGTGG,Naive3,GSM8563001,L185721,1.0,TCATTCACAACAGTGG-1,3617,GSM8563001_Naive3_filtered_matrix.mtx.gz,L185721,2
GSM8563001:TCATTCACACACGCCA,Naive3,GSM8563001,L31856,1.0,TCATTCACACACGCCA-1,3618,GSM8563001_Naive3_filtered_matrix.mtx.gz,L31856,4
GSM8563001:TCATTGTCAGAGAAAG,Naive3,GSM8563001,L35389,1.0,TCATTGTCAGAGAAAG-1,3620,GSM8563001_Naive3_filtered_matrix.mtx.gz,L35389,4
GSM8563001:TCATTGTCAGCATTGT,Naive3,GSM8563001,L98246,1.0,TCATTGTCAGCATTGT-1,3621,GSM8563001_Naive3_filtered_matrix.mtx.gz,L98246,3
GSM8563001:TCATTGTGTCCCACGA,Naive3,GSM8563001,L31852,1.0,TCATTGTGTCCCACGA-1,3623,GSM8563001_Naive3_filtered_matrix.mtx.gz,L31852,2
GSM8563001:TCATTGTTCGTTCTAT,Naive3,GSM8563001,L112548,1.0,TCATTGTTCGTTCTAT-1,3624,GSM8563001_Naive3_filtered_matrix.mtx.gz,L112548,0
GSM8563001:TCATTTGAGATAGGGA,Naive3,GSM8563001,L126909,0.999691,TCATTTGAGATAGGGA-1,3625,GSM8563001_Naive3_filtered_matrix.mtx.gz,L126909,3
GSM8563001:TCATTTGAGCGTGAAC,Naive3,GSM8563001,L103561,1.0,TCATTTGAGCGTGAAC-1,3626,GSM8563001_Naive3_filtered_matrix.mtx.gz,L103561,1
GSM8563001:TCCACCAAGACCGTTT,Naive3,GSM8563001,L88461,1.0,TCCACCAAGACCGTTT-1,3627,GSM8563001_Naive3_filtered_matrix.mtx.gz,L88461,3
GSM8563001:TCCACCAAGGTAACTA,Naive3,GSM8563001,L77190,1.0,TCCACCAAGGTAACTA-1,3628,GSM8563001_Naive3_filtered_matrix.mtx.gz,L77190,2
GSM8563001:TCCACCACATCAACCA,Naive3,GSM8563001,L62700,1.0,TCCACCACATCAACCA-1,3629,GSM8563001_Naive3_filtered_matrix.mtx.gz,L62700,2
GSM8563001:TCCACCACATCCTCAC,Naive3,GSM8563001,L139716,1.0,TCCACCACATCCTCAC-1,3630,GSM8563001_Naive3_filtered_matrix.mtx.gz,L139716,0
GSM8563001:TCCACCAGTGGCTCTG,Naive3,GSM8563001,L152903,1.0,TCCACCAGTGGCTCTG-1,3632,GSM8563001_Naive3_filtered_matrix.mtx.gz,L152903,2
GSM8563001:TCCACCATCCGTATGA,Naive3,GSM8563001,L82979,1.0,TCCACCATCCGTATGA-1,3633,GSM8563001_Naive3_filtered_matrix.mtx.gz,L82979,2
GSM8563001:TCCACGTAGGACGGAG,Naive3,GSM8563001,L288391,0.621243,TCCACGTAGGACGGAG-1,3635,GSM8563001_Naive3_filtered_matrix.mtx.gz,L288391,4
GSM8563001:TCCACGTGTGGGAGAG,Naive3,GSM8563001,L96601,1.0,TCCACGTGTGGGAGAG-1,3636,GSM8563001_Naive3_filtered_matrix.mtx.gz,L96601,1
GSM8563001:TCCACGTGTTAAGAAC,Naive3,GSM8563001,L99912,1.0,TCCACGTGTTAAGAAC-1,3637,GSM8563001_Naive3_filtered_matrix.mtx.gz,L99912,2
GSM8563001:TCCACGTTCGAACGCC,Naive3,GSM8563001,L16178,1.0,TCCACGTTCGAACGCC-1,3638,GSM8563001_Naive3_filtered_matrix.mtx.gz,L16178,0
GSM8563001:TCCACGTTCGGACTTA,Naive3,GSM8563001,L21782,1.0,TCCACGTTCGGACTTA-1,3639,GSM8563001_Naive3_filtered_matrix.mtx.gz,L21782,2
GSM8563001:TCCAGAATCATAAGGA,Naive3,GSM8563001,L75392,1.0,TCCAGAATCATAAGGA-1,3641,GSM8563001_Naive3_filtered_matrix.mtx.gz,L75392,4
GSM8563001:TCCAGAATCCGTCAAA,Naive3,GSM8563001,L165042,1.0,TCCAGAATCCGTCAAA-1,3642,GSM8563001_Naive3_filtered_matrix.mtx.gz,L165042,0
GSM8563001:TCCATCGAGTAGCATA,Naive3,GSM8563001,L121689,1.0,TCCATCGAGTAGCATA-1,3644,GSM8563001_Naive3_filtered_matrix.mtx.gz,L121689,3
GSM8563001:TCCATCGCAAGAGGCT,Naive3,GSM8563001,L8434,1.0,TCCATCGCAAGAGGCT-1,3646,GSM8563001_Naive3_filtered_matrix.mtx.gz,L8434,0
GSM8563001:TCCATCGGTCACTCGG,Naive3,GSM8563001,L187096,1.0,TCCATCGGTCACTCGG-1,3647,GSM8563001_Naive3_filtered_matrix.mtx.gz,L187096,2
GSM8563001:TCCATGCCAGATCATC,Naive3,GSM8563001,L164614,1.0,TCCATGCCAGATCATC-1,3651,GSM8563001_Naive3_filtered_matrix.mtx.gz,L164614,3
GSM8563001:TCCATGCCAGTCGCAC,Naive3,GSM8563001,L77190,1.0,TCCATGCCAGTCGCAC-1,3652,GSM8563001_Naive3_filtered_matrix.mtx.gz,L77190,2
GSM8563001:TCCATGCGTCGAGTGA,Naive3,GSM8563001,L168951,1.0,TCCATGCGTCGAGTGA-1,3653,GSM8563001_Naive3_filtered_matrix.mtx.gz,L168951,2
GSM8563001:TCCATGCGTGCGTTTA,Naive3,GSM8563001,L113820,1.0,TCCATGCGTGCGTTTA-1,3654,GSM8563001_Naive3_filtered_matrix.mtx.gz,L113820,1
GSM8563001:TCCATGCGTTTACGTG,Naive3,GSM8563001,L152903,1.0,TCCATGCGTTTACGTG-1,3655,GSM8563001_Naive3_filtered_matrix.mtx.gz,L152903,2
GSM8563001:TCCATGCTCAAGCCAT,Naive3,GSM8563001,L239228,1.0,TCCATGCTCAAGCCAT-1,3656,GSM8563001_Naive3_filtered_matrix.mtx.gz,L239228,2
GSM8563001:TCCATGCTCCTCAGGG,Naive3,GSM8563001,L252321,1.0,TCCATGCTCCTCAGGG-1,3657,GSM8563001_Naive3_filtered_matrix.mtx.gz,L252321,2
GSM8563001:TCCCACACAATTAGGA,Naive3,GSM8563001,L49447,1.0,TCCCACACAATTAGGA-1,3660,GSM8563001_Naive3_filtered_matrix.mtx.gz,L49447,3
GSM8563001:TCCCACAGTTGCCATA,Naive3,GSM8563001,L129541,1.0,TCCCACAGTTGCCATA-1,3662,GSM8563001_Naive3_filtered_matrix.mtx.gz,L129541,2
GSM8563001:TCCCACATCGAATCCA,Naive3,GSM8563001,L186064,1.0,TCCCACATCGAATCCA-1,3664,GSM8563001_Naive3_filtered_matrix.mtx.gz,L186064,3
GSM8563001:TCCCACATCGACGAGA,Naive3,GSM8563001,L229874,1.0,TCCCACATCGACGAGA-1,3665,GSM8563001_Naive3_filtered_matrix.mtx.gz,L229874,1
GSM8563001:TCCCAGTCACGATAGG,Naive3,GSM8563001,L111734,1.0,TCCCAGTCACGATAGG-1,3666,GSM8563001_Naive3_filtered_matrix.mtx.gz,L111734,1
GSM8563001:TCCCAGTCATCAGCAT,Naive3,GSM8563001,L308730,1.0,TCCCAGTCATCAGCAT-1,3667,GSM8563001_Naive3_filtered_matrix.mtx.gz,L308730,1
GSM8563001:TCCCAGTGTACCGTGC,Naive3,GSM8563001,L72864,1.0,TCCCAGTGTACCGTGC-1,3668,GSM8563001_Naive3_filtered_matrix.mtx.gz,L72864,3
GSM8563001:TCCCAGTTCTCCGCAT,Naive3,GSM8563001,L278604,1.0,TCCCAGTTCTCCGCAT-1,3669,GSM8563001_Naive3_filtered_matrix.mtx.gz,L278604,2
GSM8563001:TCCCATGGTTCTCCTG,Naive3,GSM8563001,L274951,1.0,TCCCATGGTTCTCCTG-1,3670,GSM8563001_Naive3_filtered_matrix.mtx.gz,L274951,3
GSM8563001:TCCGAAAAGTCGTCTA,Naive3,GSM8563001,L15809,1.0,TCCGAAAAGTCGTCTA-1,3671,GSM8563001_Naive3_filtered_matrix.mtx.gz,L15809,2
GSM8563001:TCCGAAAAGTTCCTGA,Naive3,GSM8563001,L79015,1.0,TCCGAAAAGTTCCTGA-1,3672,GSM8563001_Naive3_filtered_matrix.mtx.gz,L79015,1
GSM8563001:TCCGAAAGTTACCTGA,Naive3,GSM8563001,L43064,1.0,TCCGAAAGTTACCTGA-1,3673,GSM8563001_Naive3_filtered_matrix.mtx.gz,L43064,0
GSM8563001:TCCGATCAGGGACCAT,Naive3,GSM8563001,L196405,1.0,TCCGATCAGGGACCAT-1,3674,GSM8563001_Naive3_filtered_matrix.mtx.gz,L196405,1
GSM8563001:TCCGATCTCATTCTTG,Naive3,GSM8563001,L164771,1.0,TCCGATCTCATTCTTG-1,3676,GSM8563001_Naive3_filtered_matrix.mtx.gz,L164771,2
GSM8563001:TCCGGGAAGCAACAAT,Naive3,GSM8563001,L290808,1.0,TCCGGGAAGCAACAAT-1,3677,GSM8563001_Naive3_filtered_matrix.mtx.gz,L290808,4
GSM8563001:TCCGGGAAGTATGTAG,Naive3,GSM8563001,L68231,1.0,TCCGGGAAGTATGTAG-1,3678,GSM8563001_Naive3_filtered_matrix.mtx.gz,L68231,0
GSM8563001:TCCGGGACACCCAACG,Naive3,GSM8563001,L55974,1.0,TCCGGGACACCCAACG-1,3679,GSM8563001_Naive3_filtered_matrix.mtx.gz,L55974,3
GSM8563001:TCCGTGTCACGACAAG,Naive3,GSM8563001,L89007,1.0,TCCGTGTCACGACAAG-1,3681,GSM8563001_Naive3_filtered_matrix.mtx.gz,L89007,1
GSM8563001:TCCGTGTGTTGAGAGC,Naive3,GSM8563001,L210749,1.0,TCCGTGTGTTGAGAGC-1,3682,GSM8563001_Naive3_filtered_matrix.mtx.gz,L210749,2
GSM8563001:TCCTAATAGTCTGCAT,Naive3,GSM8563001,L41113,1.0,TCCTAATAGTCTGCAT-1,3684,GSM8563001_Naive3_filtered_matrix.mtx.gz,L41113,3
GSM8563001:TCCTAATCACTCCGGA,Naive3,GSM8563001,L289410,1.0,TCCTAATCACTCCGGA-1,3685,GSM8563001_Naive3_filtered_matrix.mtx.gz,L289410,2
GSM8563001:TCCTAATGTCGGAACA,Naive3,GSM8563001,L30726,1.0,TCCTAATGTCGGAACA-1,3687,GSM8563001_Naive3_filtered_matrix.mtx.gz,L30726,2
GSM8563001:TCCTAATGTCTTTCAT,Naive3,GSM8563001,L99360,1.0,TCCTAATGTCTTTCAT-1,3688,GSM8563001_Naive3_filtered_matrix.mtx.gz,L99360,1
GSM8563001:TCCTAATTCGAAACAA,Naive3,GSM8563001,L322102,1.0,TCCTAATTCGAAACAA-1,3689,GSM8563001_Naive3_filtered_matrix.mtx.gz,L322102,4
GSM8563001:TCCTCGACAGGACATG,Naive3,GSM8563001,L130771,1.0,TCCTCGACAGGACATG-1,3691,GSM8563001_Naive3_filtered_matrix.mtx.gz,L130771,2
GSM8563001:TCCTCGACATGCCGAC,Naive3,GSM8563001,L329553,1.0,TCCTCGACATGCCGAC-1,3692,GSM8563001_Naive3_filtered_matrix.mtx.gz,L329553,3
GSM8563001:TCCTCGATCCTGTAGA,Naive3,GSM8563001,L166707,1.0,TCCTCGATCCTGTAGA-1,3693,GSM8563001_Naive3_filtered_matrix.mtx.gz,L166707,1
GSM8563001:TCCTCTTAGGAGAGTA,Naive3,GSM8563001,L329553,1.0,TCCTCTTAGGAGAGTA-1,3694,GSM8563001_Naive3_filtered_matrix.mtx.gz,L329553,3
GSM8563001:TCCTCTTCAGGCGATA,Naive3,GSM8563001,L56999,1.0,TCCTCTTCAGGCGATA-1,3695,GSM8563001_Naive3_filtered_matrix.mtx.gz,L56999,0
GSM8563001:TCCTCTTGTTGCATCA,Naive3,GSM8563001,L68311,1.0,TCCTCTTGTTGCATCA-1,3697,GSM8563001_Naive3_filtered_matrix.mtx.gz,L68311,2
GSM8563001:TCCTCTTTCGACACTA,Naive3,GSM8563001,L104099,1.0,TCCTCTTTCGACACTA-1,3698,GSM8563001_Naive3_filtered_matrix.mtx.gz,L104099,4
GSM8563001:TCCTGCAAGACCCTTA,Naive3,GSM8563001,L1323,1.0,TCCTGCAAGACCCTTA-1,3699,GSM8563001_Naive3_filtered_matrix.mtx.gz,L1323,2
GSM8563001:TCCTGCAAGCTCGCAC,Naive3,GSM8563001,L239228,1.0,TCCTGCAAGCTCGCAC-1,3700,GSM8563001_Naive3_filtered_matrix.mtx.gz,L239228,2
GSM8563001:TCCTGCAGTGCACGCT,Naive3,GSM8563001,L173296,1.0,TCCTGCAGTGCACGCT-1,3701,GSM8563001_Naive3_filtered_matrix.mtx.gz,L173296,1
GSM8563001:TCCTGCAGTTACGATC,Naive3,GSM8563001,L320820,1.0,TCCTGCAGTTACGATC-1,3702,GSM8563001_Naive3_filtered_matrix.mtx.gz,L320820,3
GSM8563001:TCCTGCAGTTCCCACT,Naive3,GSM8563001,L130334,1.0,TCCTGCAGTTCCCACT-1,3703,GSM8563001_Naive3_filtered_matrix.mtx.gz,L130334,2
GSM8563001:TCCTGCATCTGACAGT,Naive3,GSM8563001,L33701,1.0,TCCTGCATCTGACAGT-1,3704,GSM8563001_Naive3_filtered_matrix.mtx.gz,L33701,3
GSM8563001:TCCTTCTAGCTGACAG,Naive3,GSM8563001,L62700,1.0,TCCTTCTAGCTGACAG-1,3706,GSM8563001_Naive3_filtered_matrix.mtx.gz,L62700,2
GSM8563001:TCCTTCTAGGGCAGTT,Naive3,GSM8563001,L61259,1.0,TCCTTCTAGGGCAGTT-1,3707,GSM8563001_Naive3_filtered_matrix.mtx.gz,L61259,2
GSM8563001:TCCTTCTCAGAACCGA,Naive3,GSM8563001,L72050,1.0,TCCTTCTCAGAACCGA-1,3708,GSM8563001_Naive3_filtered_matrix.mtx.gz,L72050,0
GSM8563001:TCCTTCTTCACAAGAA,Naive3,GSM8563001,L20109,1.0,TCCTTCTTCACAAGAA-1,3709,GSM8563001_Naive3_filtered_matrix.mtx.gz,L20109,1
GSM8563001:TCCTTCTTCAGACCGC,Naive3,GSM8563001,L2660,1.0,TCCTTCTTCAGACCGC-1,3710,GSM8563001_Naive3_filtered_matrix.mtx.gz,L2660,3
GSM8563001:TCCTTTCAGTGAGCCA,Naive3,GSM8563001,L219307,1.0,TCCTTTCAGTGAGCCA-1,3711,GSM8563001_Naive3_filtered_matrix.mtx.gz,L219307,3
GSM8563001:TCCTTTCAGTTGAAGT,Naive3,GSM8563001,L129163,1.0,TCCTTTCAGTTGAAGT-1,3712,GSM8563001_Naive3_filtered_matrix.mtx.gz,L129163,3
GSM8563001:TCCTTTCAGTTGAATG,Naive3,GSM8563001,L263990,1.0,TCCTTTCAGTTGAATG-1,3713,GSM8563001_Naive3_filtered_matrix.mtx.gz,L263990,1
GSM8563001:TCCTTTCCAAAGCAAT,Naive3,GSM8563001,L198322,0.999998,TCCTTTCCAAAGCAAT-1,3714,GSM8563001_Naive3_filtered_matrix.mtx.gz,L198322,3
GSM8563001:TCCTTTCCAGAACGCA,Naive3,GSM8563001,L257082,1.0,TCCTTTCCAGAACGCA-1,3715,GSM8563001_Naive3_filtered_matrix.mtx.gz,L257082,1
GSM8563001:TCCTTTCGTGATTGGG,Naive3,GSM8563001,L66564,1.0,TCCTTTCGTGATTGGG-1,3716,GSM8563001_Naive3_filtered_matrix.mtx.gz,L66564,1
GSM8563001:TCGAACAAGCCGGATA,Naive3,GSM8563001,L11328,1.0,TCGAACAAGCCGGATA-1,3718,GSM8563001_Naive3_filtered_matrix.mtx.gz,L11328,2
GSM8563001:TCGAACACAACTCCAA,Naive3,GSM8563001,L19489,1.0,TCGAACACAACTCCAA-1,3719,GSM8563001_Naive3_filtered_matrix.mtx.gz,L19489,0
GSM8563001:TCGAACAGTAAGCGGT,Naive3,GSM8563001,L173296,1.0,TCGAACAGTAAGCGGT-1,3720,GSM8563001_Naive3_filtered_matrix.mtx.gz,L173296,1
GSM8563001:TCGAAGTCAACGGCTC,Naive3,GSM8563001,L303711,1.0,TCGAAGTCAACGGCTC-1,3723,GSM8563001_Naive3_filtered_matrix.mtx.gz,L303711,3
GSM8563001:TCGAAGTGTTGTGTTG,Naive3,GSM8563001,L145263,0.734186,TCGAAGTGTTGTGTTG-1,3724,GSM8563001_Naive3_filtered_matrix.mtx.gz,L145263,4
GSM8563001:TCGACGGCACTACAGT,Naive3,GSM8563001,L268355,1.0,TCGACGGCACTACAGT-1,3728,GSM8563001_Naive3_filtered_matrix.mtx.gz,L268355,4
GSM8563001:TCGACGGGTTTACCAG,Naive3,GSM8563001,L84351,1.0,TCGACGGGTTTACCAG-1,3729,GSM8563001_Naive3_filtered_matrix.mtx.gz,L84351,3
GSM8563001:TCGACGGTCCATTTGT,Naive3,GSM8563001,L86394,1.0,TCGACGGTCCATTTGT-1,3730,GSM8563001_Naive3_filtered_matrix.mtx.gz,L86394,1
GSM8563001:TCGATTTGTTGGAGAC,Naive3,GSM8563001,L77443,1.0,TCGATTTGTTGGAGAC-1,3731,GSM8563001_Naive3_filtered_matrix.mtx.gz,L77443,2
GSM8563001:TCGATTTGTTTACACG,Naive3,GSM8563001,L137611,1.0,TCGATTTGTTTACACG-1,3732,GSM8563001_Naive3_filtered_matrix.mtx.gz,L137611,4
GSM8563001:TCGATTTTCAATCTCT,Naive3,GSM8563001,L52820,1.0,TCGATTTTCAATCTCT-1,3733,GSM8563001_Naive3_filtered_matrix.mtx.gz,L52820,0
GSM8563001:TCGCACTGTATCGCAT,Naive3,GSM8563001,L45474,0.624193,TCGCACTGTATCGCAT-1,3734,GSM8563001_Naive3_filtered_matrix.mtx.gz,L45474,0
GSM8563001:TCGCACTTCATGCCGG,Naive3,GSM8563001,L314894,1.0,TCGCACTTCATGCCGG-1,3736,GSM8563001_Naive3_filtered_matrix.mtx.gz,L314894,1
GSM8563001:TCGCACTTCCGGGACT,Naive3,GSM8563001,L7120,1.0,TCGCACTTCCGGGACT-1,3737,GSM8563001_Naive3_filtered_matrix.mtx.gz,L7120,3
GSM8563001:TCGCAGGAGTGGCGAT,Naive3,GSM8563001,L145263,1.0,TCGCAGGAGTGGCGAT-1,3738,GSM8563001_Naive3_filtered_matrix.mtx.gz,L145263,4
GSM8563001:TCGCAGGGTCGACGCT,Naive3,GSM8563001,L219307,1.0,TCGCAGGGTCGACGCT-1,3739,GSM8563001_Naive3_filtered_matrix.mtx.gz,L219307,3
GSM8563001:TCGCTCAAGCACCGAA,Naive3,GSM8563001,L41780,1.0,TCGCTCAAGCACCGAA-1,3740,GSM8563001_Naive3_filtered_matrix.mtx.gz,L41780,4
GSM8563001:TCGCTCACAAAGACTA,Naive3,GSM8563001,L8434,1.0,TCGCTCACAAAGACTA-1,3742,GSM8563001_Naive3_filtered_matrix.mtx.gz,L8434,0
GSM8563001:TCGCTCACAGGTGAGT,Naive3,GSM8563001,L8434,1.0,TCGCTCACAGGTGAGT-1,3744,GSM8563001_Naive3_filtered_matrix.mtx.gz,L8434,0
GSM8563001:TCGCTCAGTGCCTTTC,Naive3,GSM8563001,L263554,1.0,TCGCTCAGTGCCTTTC-1,3745,GSM8563001_Naive3_filtered_matrix.mtx.gz,L263554,3
GSM8563001:TCGCTTGAGTTGCCCG,Naive3,GSM8563001,L238644,1.0,TCGCTTGAGTTGCCCG-1,3750,GSM8563001_Naive3_filtered_matrix.mtx.gz,L238644,4
GSM8563001:TCGCTTGTCATCGCCT,Naive3,GSM8563001,L238041,0.792659,TCGCTTGTCATCGCCT-1,3754,GSM8563001_Naive3_filtered_matrix.mtx.gz,L238041,4
GSM8563001:TCGGATAAGCTCGGCT,Naive3,GSM8563001,L40629,1.0,TCGGATAAGCTCGGCT-1,3757,GSM8563001_Naive3_filtered_matrix.mtx.gz,L40629,4
GSM8563001:TCGGATACAGACAATA,Naive3,GSM8563001,L8434,1.0,TCGGATACAGACAATA-1,3760,GSM8563001_Naive3_filtered_matrix.mtx.gz,L8434,0
GSM8563001:TCGGATACAGGATGAC,Naive3,GSM8563001,L267678,1.0,TCGGATACAGGATGAC-1,3761,GSM8563001_Naive3_filtered_matrix.mtx.gz,L267678,0
GSM8563001:TCGGATAGTTCGTAAC,Naive3,GSM8563001,L240450,1.0,TCGGATAGTTCGTAAC-1,3762,GSM8563001_Naive3_filtered_matrix.mtx.gz,L240450,2
GSM8563001:TCGGGACCATGAGGGT,Naive3,GSM8563001,L12904,1.0,TCGGGACCATGAGGGT-1,3766,GSM8563001_Naive3_filtered_matrix.mtx.gz,L12904,3
GSM8563001:TCGGGACTCACACGAT,Naive3,GSM8563001,L204050,1.0,TCGGGACTCACACGAT-1,3767,GSM8563001_Naive3_filtered_matrix.mtx.gz,L204050,0
GSM8563001:TCGGGCACATGATCTG,Naive3,GSM8563001,L6043,1.0,TCGGGCACATGATCTG-1,3769,GSM8563001_Naive3_filtered_matrix.mtx.gz,L6043,1
GSM8563001:TCGGGCATCCGGGACT,Naive3,GSM8563001,L82823,1.0,TCGGGCATCCGGGACT-1,3771,GSM8563001_Naive3_filtered_matrix.mtx.gz,L82823,1
GSM8563001:TCGGGTGCAGCACAAG,Naive3,GSM8563001,L37973,1.0,TCGGGTGCAGCACAAG-1,3772,GSM8563001_Naive3_filtered_matrix.mtx.gz,L37973,4
GSM8563001:TCGTAGAAGAAGGGAT,Naive3,GSM8563001,L198433,1.0,TCGTAGAAGAAGGGAT-1,3773,GSM8563001_Naive3_filtered_matrix.mtx.gz,L198433,3
GSM8563001:TCGTAGAAGATCCAAA,Naive3,GSM8563001,L131897,1.0,TCGTAGAAGATCCAAA-1,3775,GSM8563001_Naive3_filtered_matrix.mtx.gz,L131897,4
GSM8563001:TCGTAGATCAGAATAG,Naive3,GSM8563001,L303711,1.0,TCGTAGATCAGAATAG-1,3776,GSM8563001_Naive3_filtered_matrix.mtx.gz,L303711,3
GSM8563001:TCGTCCAGTACTCCGG,Naive3,GSM8563001,L36415,1.0,TCGTCCAGTACTCCGG-1,3778,GSM8563001_Naive3_filtered_matrix.mtx.gz,L36415,3
GSM8563001:TCGTCCAGTGAGTAGC,Naive3,GSM8563001,L153469,1.0,TCGTCCAGTGAGTAGC-1,3779,GSM8563001_Naive3_filtered_matrix.mtx.gz,L153469,3
GSM8563001:TCGTGCTTCAAGCCTA,Naive3,GSM8563001,L244886,1.0,TCGTGCTTCAAGCCTA-1,3782,GSM8563001_Naive3_filtered_matrix.mtx.gz,L244886,4
GSM8563001:TCGTGGGAGGTAGTAT,Naive3,GSM8563001,L139565,1.0,TCGTGGGAGGTAGTAT-1,3783,GSM8563001_Naive3_filtered_matrix.mtx.gz,L139565,3
GSM8563001:TCGTGGGGTTCCACAA,Naive3,GSM8563001,L212929,1.0,TCGTGGGGTTCCACAA-1,3785,GSM8563001_Naive3_filtered_matrix.mtx.gz,L212929,4
GSM8563001:TCGTGGGTCTCAATCT,Naive3,GSM8563001,L179303,0.999855,TCGTGGGTCTCAATCT-1,3787,GSM8563001_Naive3_filtered_matrix.mtx.gz,L179303,3
GSM8563001:TCGTGGGTCTGTTGGA,Naive3,GSM8563001,L126735,1.0,TCGTGGGTCTGTTGGA-1,3788,GSM8563001_Naive3_filtered_matrix.mtx.gz,L126735,1
GSM8563001:TCTAACTCAACACAAA,Naive3,GSM8563001,L222867,1.0,TCTAACTCAACACAAA-1,3789,GSM8563001_Naive3_filtered_matrix.mtx.gz,L222867,4
GSM8563001:TCTACATAGCATCTTG,Naive3,GSM8563001,L219307,1.0,TCTACATAGCATCTTG-1,3790,GSM8563001_Naive3_filtered_matrix.mtx.gz,L219307,3
GSM8563001:TCTACATAGGAGTACC,Naive3,GSM8563001,L170436,1.0,TCTACATAGGAGTACC-1,3791,GSM8563001_Naive3_filtered_matrix.mtx.gz,L170436,1
GSM8563001:TCTACATCACGTACAT,Naive3,GSM8563001,L322777,1.0,TCTACATCACGTACAT-1,3792,GSM8563001_Naive3_filtered_matrix.mtx.gz,L322777,4
GSM8563001:TCTACATTCAAGAATG,Naive3,GSM8563001,L37973,1.0,TCTACATTCAAGAATG-1,3794,GSM8563001_Naive3_filtered_matrix.mtx.gz,L37973,4
GSM8563001:TCTACATTCACTACGA,Naive3,GSM8563001,L80342,1.0,TCTACATTCACTACGA-1,3795,GSM8563001_Naive3_filtered_matrix.mtx.gz,L80342,1
GSM8563001:TCTACCGAGCTTTCCC,Naive3,GSM8563001,L260364,1.0,TCTACCGAGCTTTCCC-1,3796,GSM8563001_Naive3_filtered_matrix.mtx.gz,L260364,0
GSM8563001:TCTACCGCAACGTTAC,Naive3,GSM8563001,L15407,1.0,TCTACCGCAACGTTAC-1,3797,GSM8563001_Naive3_filtered_matrix.mtx.gz,L15407,3
GSM8563001:TCTACCGCACGCACCA,Naive3,GSM8563001,L247405,1.0,TCTACCGCACGCACCA-1,3798,GSM8563001_Naive3_filtered_matrix.mtx.gz,L247405,0
GSM8563001:TCTACCGCATGAAAGT,Naive3,GSM8563001,L117889,0.999955,TCTACCGCATGAAAGT-1,3799,GSM8563001_Naive3_filtered_matrix.mtx.gz,L117889,3
GSM8563001:TCTACCGGTCGGAAAC,Naive3,GSM8563001,L262260,1.0,TCTACCGGTCGGAAAC-1,3800,GSM8563001_Naive3_filtered_matrix.mtx.gz,L262260,2
GSM8563001:TCTACCGGTGACAGGT,Naive3,GSM8563001,L84010,1.0,TCTACCGGTGACAGGT-1,3801,GSM8563001_Naive3_filtered_matrix.mtx.gz,L84010,3
GSM8563001:TCTATACAGGAGAGTA,Naive3,GSM8563001,L209054,1.0,TCTATACAGGAGAGTA-1,3802,GSM8563001_Naive3_filtered_matrix.mtx.gz,L209054,4
GSM8563001:TCTATACCACAAATGA,Naive3,GSM8563001,L191293,1.0,TCTATACCACAAATGA-1,3803,GSM8563001_Naive3_filtered_matrix.mtx.gz,L191293,2
GSM8563001:TCTATACCACACCTTC,Naive3,GSM8563001,L246708,1.0,TCTATACCACACCTTC-1,3804,GSM8563001_Naive3_filtered_matrix.mtx.gz,L246708,1
GSM8563001:TCTATACGTGGTTTAC,Naive3,GSM8563001,L196980,1.0,TCTATACGTGGTTTAC-1,3806,GSM8563001_Naive3_filtered_matrix.mtx.gz,L196980,3
GSM8563001:TCTATACTCGGAGATG,Naive3,GSM8563001,L98634,1.0,TCTATACTCGGAGATG-1,3807,GSM8563001_Naive3_filtered_matrix.mtx.gz,L98634,2
GSM8563001:TCTATCATCGAGAATA,Naive3,GSM8563001,L289938,1.0,TCTATCATCGAGAATA-1,3808,GSM8563001_Naive3_filtered_matrix.mtx.gz,L289938,1
GSM8563001:TCTCACGAGACACACG,Naive3,GSM8563001,L75392,1.0,TCTCACGAGACACACG-1,3809,GSM8563001_Naive3_filtered_matrix.mtx.gz,L75392,4
GSM8563001:TCTCACGAGAGAATCT,Naive3,GSM8563001,L292380,0.964556,TCTCACGAGAGAATCT-1,3810,GSM8563001_Naive3_filtered_matrix.mtx.gz,L292380,2
GSM8563001:TCTCAGCAGGATTTAG,Naive3,GSM8563001,L54153,1.0,TCTCAGCAGGATTTAG-1,3812,GSM8563001_Naive3_filtered_matrix.mtx.gz,L54153,2
GSM8563001:TCTCAGCTCAGCGTCG,Naive3,GSM8563001,L312082,1.0,TCTCAGCTCAGCGTCG-1,3813,GSM8563001_Naive3_filtered_matrix.mtx.gz,L312082,1
GSM8563001:TCTCAGCTCCTCTAGC,Naive3,GSM8563001,L187096,1.0,TCTCAGCTCCTCTAGC-1,3814,GSM8563001_Naive3_filtered_matrix.mtx.gz,L187096,2
GSM8563001:TCTCAGCTCGAAGCAG,Naive3,GSM8563001,L97975,1.0,TCTCAGCTCGAAGCAG-1,3815,GSM8563001_Naive3_filtered_matrix.mtx.gz,L97975,4
GSM8563001:TCTCCGAAGAAACTAC,Naive3,GSM8563001,L95404,1.0,TCTCCGAAGAAACTAC-1,3817,GSM8563001_Naive3_filtered_matrix.mtx.gz,L95404,3
GSM8563001:TCTCCGACAACCCTCT,Naive3,GSM8563001,L10299,1.0,TCTCCGACAACCCTCT-1,3819,GSM8563001_Naive3_filtered_matrix.mtx.gz,L10299,3
GSM8563001:TCTCCGACATACCAGT,Naive3,GSM8563001,L149376,1.0,TCTCCGACATACCAGT-1,3820,GSM8563001_Naive3_filtered_matrix.mtx.gz,L149376,0
GSM8563001:TCTCCGAGTGGGCTCT,Naive3,GSM8563001,L85766,1.0,TCTCCGAGTGGGCTCT-1,3821,GSM8563001_Naive3_filtered_matrix.mtx.gz,L85766,3
GSM8563001:TCTCTGGCACTGTCCT,Naive3,GSM8563001,L25334,0.570414,TCTCTGGCACTGTCCT-1,3823,GSM8563001_Naive3_filtered_matrix.mtx.gz,L25334,3
GSM8563001:TCTCTGGTCAACTCTT,Naive3,GSM8563001,L252275,1.0,TCTCTGGTCAACTCTT-1,3825,GSM8563001_Naive3_filtered_matrix.mtx.gz,L252275,0
GSM8563001:TCTCTGGTCCGTGTGG,Naive3,GSM8563001,L13633,0.997366,TCTCTGGTCCGTGTGG-1,3826,GSM8563001_Naive3_filtered_matrix.mtx.gz,L13633,4
GSM8563001:TCTGCCATCGAGTCCG,Naive3,GSM8563001,L35389,1.0,TCTGCCATCGAGTCCG-1,3827,GSM8563001_Naive3_filtered_matrix.mtx.gz,L35389,4
GSM8563001:TCTGGCTAGAAGGATG,Naive3,GSM8563001,L88461,1.0,TCTGGCTAGAAGGATG-1,3829,GSM8563001_Naive3_filtered_matrix.mtx.gz,L88461,3
GSM8563001:TCTGGCTCACAGAAGC,Naive3,GSM8563001,L222867,1.0,TCTGGCTCACAGAAGC-1,3830,GSM8563001_Naive3_filtered_matrix.mtx.gz,L222867,4
GSM8563001:TCTGGCTCAGGCATGA,Naive3,GSM8563001,L306326,1.0,TCTGGCTCAGGCATGA-1,3831,GSM8563001_Naive3_filtered_matrix.mtx.gz,L306326,4
GSM8563001:TCTGGCTGTACTAAGA,Naive3,GSM8563001,L104690,1.0,TCTGGCTGTACTAAGA-1,3832,GSM8563001_Naive3_filtered_matrix.mtx.gz,L104690,4
GSM8563001:TCTGGCTGTCATAAAG,Naive3,GSM8563001,L197925,1.0,TCTGGCTGTCATAAAG-1,3833,GSM8563001_Naive3_filtered_matrix.mtx.gz,L197925,0
GSM8563001:TCTGGCTTCCAGCACG,Naive3,GSM8563001,L299327,1.0,TCTGGCTTCCAGCACG-1,3834,GSM8563001_Naive3_filtered_matrix.mtx.gz,L299327,2
GSM8563001:TCTGTCGAGAGGGTAA,Naive3,GSM8563001,L227050,1.0,TCTGTCGAGAGGGTAA-1,3836,GSM8563001_Naive3_filtered_matrix.mtx.gz,L227050,3
GSM8563001:TCTGTCGCACCTTCGT,Naive3,GSM8563001,L284007,1.0,TCTGTCGCACCTTCGT-1,3837,GSM8563001_Naive3_filtered_matrix.mtx.gz,L284007,1
GSM8563001:TCTGTCGCAGTCTACA,Naive3,GSM8563001,L35837,1.0,TCTGTCGCAGTCTACA-1,3838,GSM8563001_Naive3_filtered_matrix.mtx.gz,L35837,1
GSM8563001:TCTGTCGGTAGCGAGT,Naive3,GSM8563001,L82823,1.0,TCTGTCGGTAGCGAGT-1,3839,GSM8563001_Naive3_filtered_matrix.mtx.gz,L82823,1
GSM8563001:TCTGTCGGTTGCTCGG,Naive3,GSM8563001,L210876,1.0,TCTGTCGGTTGCTCGG-1,3841,GSM8563001_Naive3_filtered_matrix.mtx.gz,L210876,2
GSM8563001:TCTGTCGTCATAGGCT,Naive3,GSM8563001,L12916,1.0,TCTGTCGTCATAGGCT-1,3843,GSM8563001_Naive3_filtered_matrix.mtx.gz,L12916,0
GSM8563001:TCTTAGTAGGTCGTGA,Naive3,GSM8563001,L165222,1.0,TCTTAGTAGGTCGTGA-1,3846,GSM8563001_Naive3_filtered_matrix.mtx.gz,L165222,0
GSM8563001:TCTTAGTAGGTTCATC,Naive3,GSM8563001,L59420,1.0,TCTTAGTAGGTTCATC-1,3847,GSM8563001_Naive3_filtered_matrix.mtx.gz,L59420,0
GSM8563001:TCTTCCTCACTACCCT,Naive3,GSM8563001,L165861,1.0,TCTTCCTCACTACCCT-1,3849,GSM8563001_Naive3_filtered_matrix.mtx.gz,L165861,4
GSM8563001:TCTTCCTGTGGCGCTT,Naive3,GSM8563001,L8434,1.0,TCTTCCTGTGGCGCTT-1,3850,GSM8563001_Naive3_filtered_matrix.mtx.gz,L8434,0
GSM8563001:TCTTCCTTCGCAATGT,Naive3,GSM8563001,L325741,1.0,TCTTCCTTCGCAATGT-1,3851,GSM8563001_Naive3_filtered_matrix.mtx.gz,L325741,0
GSM8563001:TCTTGCGTCTTGATTC,Naive3,GSM8563001,L124052,1.0,TCTTGCGTCTTGATTC-1,3855,GSM8563001_Naive3_filtered_matrix.mtx.gz,L124052,4
GSM8563001:TCTTTGAAGGTTCCGC,Naive3,GSM8563001,L328955,1.0,TCTTTGAAGGTTCCGC-1,3857,GSM8563001_Naive3_filtered_matrix.mtx.gz,L328955,3
GSM8563001:TCTTTGACAGAAACCG,Naive3,GSM8563001,L241540,1.0,TCTTTGACAGAAACCG-1,3858,GSM8563001_Naive3_filtered_matrix.mtx.gz,L241540,2
GSM8563001:TCTTTGAGTTATAGCC,Naive3,GSM8563001,L124052,1.0,TCTTTGAGTTATAGCC-1,3860,GSM8563001_Naive3_filtered_matrix.mtx.gz,L124052,4
GSM8563001:TCTTTGATCGGACTTA,Naive3,GSM8563001,L129056,1.0,TCTTTGATCGGACTTA-1,3861,GSM8563001_Naive3_filtered_matrix.mtx.gz,L129056,3
GSM8563001:TCTTTGATCTGTCCGT,Naive3,GSM8563001,L58090,1.0,TCTTTGATCTGTCCGT-1,3862,GSM8563001_Naive3_filtered_matrix.mtx.gz,L58090,2
GSM8563001:TCTTTGATCTGTCTCG,Naive3,GSM8563001,L47158,1.0,TCTTTGATCTGTCTCG-1,3863,GSM8563001_Naive3_filtered_matrix.mtx.gz,L47158,2
GSM8563001:TGAACGTAGCGTACAG,Naive3,GSM8563001,L161977,1.0,TGAACGTAGCGTACAG-1,3865,GSM8563001_Naive3_filtered_matrix.mtx.gz,L161977,0
GSM8563001:TGAACGTCAATAGGAT,Naive3,GSM8563001,L109937,1.0,TGAACGTCAATAGGAT-1,3866,GSM8563001_Naive3_filtered_matrix.mtx.gz,L109937,1
GSM8563001:TGAACGTCACACGGAA,Naive3,GSM8563001,L167950,1.0,TGAACGTCACACGGAA-1,3867,GSM8563001_Naive3_filtered_matrix.mtx.gz,L167950,3
GSM8563001:TGAACGTCACGTATAC,Naive3,GSM8563001,L47103,1.0,TGAACGTCACGTATAC-1,3869,GSM8563001_Naive3_filtered_matrix.mtx.gz,L47103,4
GSM8563001:TGAACGTTCCACGGAC,Naive3,GSM8563001,L206297,1.0,TGAACGTTCCACGGAC-1,3870,GSM8563001_Naive3_filtered_matrix.mtx.gz,L206297,0
GSM8563001:TGAATCGAGCACCGAA,Naive3,GSM8563001,L218300,1.0,TGAATCGAGCACCGAA-1,3871,GSM8563001_Naive3_filtered_matrix.mtx.gz,L218300,0
GSM8563001:TGAATCGAGGCATCAG,Naive3,GSM8563001,L137611,1.0,TGAATCGAGGCATCAG-1,3873,GSM8563001_Naive3_filtered_matrix.mtx.gz,L137611,4
GSM8563001:TGAATCGGTGAGATCG,Naive3,GSM8563001,L232125,1.0,TGAATCGGTGAGATCG-1,3875,GSM8563001_Naive3_filtered_matrix.mtx.gz,L232125,0
GSM8563001:TGAATCGTCGCTGCGA,Naive3,GSM8563001,L230913,1.0,TGAATCGTCGCTGCGA-1,3876,GSM8563001_Naive3_filtered_matrix.mtx.gz,L230913,1
GSM8563001:TGAATGCAGAAATTGC,Naive3,GSM8563001,L88206,1.0,TGAATGCAGAAATTGC-1,3877,GSM8563001_Naive3_filtered_matrix.mtx.gz,L88206,1
GSM8563001:TGAATGCTCGCCAATA,Naive3,GSM8563001,L330256,0.585819,TGAATGCTCGCCAATA-1,3880,GSM8563001_Naive3_filtered_matrix.mtx.gz,L330256,1
GSM8563001:TGAATGCTCGTTCAGA,Naive3,GSM8563001,L70669,1.0,TGAATGCTCGTTCAGA-1,3881,GSM8563001_Naive3_filtered_matrix.mtx.gz,L70669,3
GSM8563001:TGACAGTAGAGTGAAG,Naive3,GSM8563001,L327389,1.0,TGACAGTAGAGTGAAG-1,3882,GSM8563001_Naive3_filtered_matrix.mtx.gz,L327389,1
GSM8563001:TGACAGTCACGCAGTC,Naive3,GSM8563001,L303918,1.0,TGACAGTCACGCAGTC-1,3883,GSM8563001_Naive3_filtered_matrix.mtx.gz,L303918,0
GSM8563001:TGACAGTCAGCGTGAA,Naive3,GSM8563001,L257154,1.0,TGACAGTCAGCGTGAA-1,3884,GSM8563001_Naive3_filtered_matrix.mtx.gz,L257154,4
GSM8563001:TGACAGTGTCGAGCTC,Naive3,GSM8563001,L31852,1.0,TGACAGTGTCGAGCTC-1,3885,GSM8563001_Naive3_filtered_matrix.mtx.gz,L31852,2
GSM8563001:TGACCCTCATGTGTCA,Naive3,GSM8563001,L17919,1.0,TGACCCTCATGTGTCA-1,3886,GSM8563001_Naive3_filtered_matrix.mtx.gz,L17919,0
GSM8563001:TGACCCTGTCCTGGGT,Naive3,GSM8563001,L40253,1.0,TGACCCTGTCCTGGGT-1,3887,GSM8563001_Naive3_filtered_matrix.mtx.gz,L40253,2
GSM8563001:TGACCCTTCCGGTAAT,Naive3,GSM8563001,L229874,1.0,TGACCCTTCCGGTAAT-1,3888,GSM8563001_Naive3_filtered_matrix.mtx.gz,L229874,1
GSM8563001:TGACGCGCAGAGTGAC,Naive3,GSM8563001,L150868,1.0,TGACGCGCAGAGTGAC-1,3890,GSM8563001_Naive3_filtered_matrix.mtx.gz,L150868,3
GSM8563001:TGACGCGCAGGTGTTT,Naive3,GSM8563001,L87366,1.0,TGACGCGCAGGTGTTT-1,3891,GSM8563001_Naive3_filtered_matrix.mtx.gz,L87366,3
GSM8563001:TGACTCCAGGCGATAC,Naive3,GSM8563001,L183654,1.0,TGACTCCAGGCGATAC-1,3893,GSM8563001_Naive3_filtered_matrix.mtx.gz,L183654,3
GSM8563001:TGACTCCTCATGCCGG,Naive3,GSM8563001,L12989,1.0,TGACTCCTCATGCCGG-1,3894,GSM8563001_Naive3_filtered_matrix.mtx.gz,L12989,3
GSM8563001:TGACTCCTCCGACATA,Naive3,GSM8563001,L72250,1.0,TGACTCCTCCGACATA-1,3895,GSM8563001_Naive3_filtered_matrix.mtx.gz,L72250,1
GSM8563001:TGACTCCTCGCGGACT,Naive3,GSM8563001,L19237,1.0,TGACTCCTCGCGGACT-1,3896,GSM8563001_Naive3_filtered_matrix.mtx.gz,L19237,0
GSM8563001:TGAGACTAGTGCAGCA,Naive3,GSM8563001,L84351,1.0,TGAGACTAGTGCAGCA-1,3898,GSM8563001_Naive3_filtered_matrix.mtx.gz,L84351,3
GSM8563001:TGAGACTCACCATAAC,Naive3,GSM8563001,L6369,1.0,TGAGACTCACCATAAC-1,3899,GSM8563001_Naive3_filtered_matrix.mtx.gz,L6369,4
GSM8563001:TGAGACTCATCAGTGT,Naive3,GSM8563001,L267658,1.0,TGAGACTCATCAGTGT-1,3900,GSM8563001_Naive3_filtered_matrix.mtx.gz,L267658,3
GSM8563001:TGAGACTTCCGTGTGG,Naive3,GSM8563001,L10299,1.0,TGAGACTTCCGTGTGG-1,3901,GSM8563001_Naive3_filtered_matrix.mtx.gz,L10299,3
GSM8563001:TGAGCATCAGCTAACT,Naive3,GSM8563001,L121689,1.0,TGAGCATCAGCTAACT-1,3903,GSM8563001_Naive3_filtered_matrix.mtx.gz,L121689,3
GSM8563001:TGAGCATGTTCACCGG,Naive3,GSM8563001,L123574,1.0,TGAGCATGTTCACCGG-1,3904,GSM8563001_Naive3_filtered_matrix.mtx.gz,L123574,4
GSM8563001:TGAGCATTCACTTATC,Naive3,GSM8563001,L55260,1.0,TGAGCATTCACTTATC-1,3905,GSM8563001_Naive3_filtered_matrix.mtx.gz,L55260,4
GSM8563001:TGAGCGCAGTAGACAT,Naive3,GSM8563001,L183654,1.0,TGAGCGCAGTAGACAT-1,3906,GSM8563001_Naive3_filtered_matrix.mtx.gz,L183654,3
GSM8563001:TGAGCGCCAACACGTT,Naive3,GSM8563001,L76568,1.0,TGAGCGCCAACACGTT-1,3907,GSM8563001_Naive3_filtered_matrix.mtx.gz,L76568,0
GSM8563001:TGAGCGCCACGACAGA,Naive3,GSM8563001,L328087,1.0,TGAGCGCCACGACAGA-1,3908,GSM8563001_Naive3_filtered_matrix.mtx.gz,L328087,0
GSM8563001:TGAGCGCCATTGACAC,Naive3,GSM8563001,L72864,1.0,TGAGCGCCATTGACAC-1,3909,GSM8563001_Naive3_filtered_matrix.mtx.gz,L72864,3
GSM8563001:TGAGGAGCAAACTGCT,Naive3,GSM8563001,L59420,0.999979,TGAGGAGCAAACTGCT-1,3913,GSM8563001_Naive3_filtered_matrix.mtx.gz,L59420,0
GSM8563001:TGAGGAGCAACCGACC,Naive3,GSM8563001,L47103,1.0,TGAGGAGCAACCGACC-1,3914,GSM8563001_Naive3_filtered_matrix.mtx.gz,L47103,4
GSM8563001:TGAGGAGGTCCTTAAG,Naive3,GSM8563001,L161079,1.0,TGAGGAGGTCCTTAAG-1,3915,GSM8563001_Naive3_filtered_matrix.mtx.gz,L161079,2
GSM8563001:TGAGGGAGTGAGATCG,Naive3,GSM8563001,L257154,1.0,TGAGGGAGTGAGATCG-1,3917,GSM8563001_Naive3_filtered_matrix.mtx.gz,L257154,4
GSM8563001:TGAGGGATCTCAGTCC,Naive3,GSM8563001,L5495,1.0,TGAGGGATCTCAGTCC-1,3919,GSM8563001_Naive3_filtered_matrix.mtx.gz,L5495,0
GSM8563001:TGAGGTTCACGACGTC,Naive3,GSM8563001,L40629,1.0,TGAGGTTCACGACGTC-1,3921,GSM8563001_Naive3_filtered_matrix.mtx.gz,L40629,4
GSM8563001:TGAGGTTCACTGGACC,Naive3,GSM8563001,L269961,1.0,TGAGGTTCACTGGACC-1,3922,GSM8563001_Naive3_filtered_matrix.mtx.gz,L269961,4
GSM8563001:TGAGGTTTCTAGATCG,Naive3,GSM8563001,L187885,1.0,TGAGGTTTCTAGATCG-1,3925,GSM8563001_Naive3_filtered_matrix.mtx.gz,L187885,0
GSM8563001:TGAGTCAAGCAGGCTA,Naive3,GSM8563001,L173885,1.0,TGAGTCAAGCAGGCTA-1,3926,GSM8563001_Naive3_filtered_matrix.mtx.gz,L173885,3
GSM8563001:TGAGTCAAGTTGGGAC,Naive3,GSM8563001,L55974,1.0,TGAGTCAAGTTGGGAC-1,3927,GSM8563001_Naive3_filtered_matrix.mtx.gz,L55974,3
GSM8563001:TGAGTCACATATGCGT,Naive3,GSM8563001,L326420,1.0,TGAGTCACATATGCGT-1,3929,GSM8563001_Naive3_filtered_matrix.mtx.gz,L326420,3
GSM8563001:TGAGTCAGTATCGTTG,Naive3,GSM8563001,L98634,1.0,TGAGTCAGTATCGTTG-1,3930,GSM8563001_Naive3_filtered_matrix.mtx.gz,L98634,2
GSM8563001:TGATCAGAGGTCATCT,Naive3,GSM8563001,L37973,1.0,TGATCAGAGGTCATCT-1,3931,GSM8563001_Naive3_filtered_matrix.mtx.gz,L37973,4
GSM8563001:TGATCAGAGTGCCTCG,Naive3,GSM8563001,L234444,0.994962,TGATCAGAGTGCCTCG-1,3932,GSM8563001_Naive3_filtered_matrix.mtx.gz,L234444,3
GSM8563001:TGATCAGCACAGAGAC,Naive3,GSM8563001,L302148,1.0,TGATCAGCACAGAGAC-1,3933,GSM8563001_Naive3_filtered_matrix.mtx.gz,L302148,1
GSM8563001:TGATCAGCACTGGAAG,Naive3,GSM8563001,L84010,1.0,TGATCAGCACTGGAAG-1,3934,GSM8563001_Naive3_filtered_matrix.mtx.gz,L84010,3
GSM8563001:TGATCAGGTACTGAGG,Naive3,GSM8563001,L257154,1.0,TGATCAGGTACTGAGG-1,3935,GSM8563001_Naive3_filtered_matrix.mtx.gz,L257154,4
GSM8563001:TGATCAGGTTTCGTTT,Naive3,GSM8563001,L78432,1.0,TGATCAGGTTTCGTTT-1,3936,GSM8563001_Naive3_filtered_matrix.mtx.gz,L78432,4
GSM8563001:TGATCAGTCAAAGAAC,Naive3,GSM8563001,L264933,1.0,TGATCAGTCAAAGAAC-1,3937,GSM8563001_Naive3_filtered_matrix.mtx.gz,L264933,1
GSM8563001:TGATCTTAGTTCTCTT,Naive3,GSM8563001,L42654,1.0,TGATCTTAGTTCTCTT-1,3939,GSM8563001_Naive3_filtered_matrix.mtx.gz,L42654,2
GSM8563001:TGATCTTGTTCACGAT,Naive3,GSM8563001,L150868,1.0,TGATCTTGTTCACGAT-1,3940,GSM8563001_Naive3_filtered_matrix.mtx.gz,L150868,3
GSM8563001:TGATCTTTCCCGGTAG,Naive3,GSM8563001,L21782,1.0,TGATCTTTCCCGGTAG-1,3941,GSM8563001_Naive3_filtered_matrix.mtx.gz,L21782,2
GSM8563001:TGATGCATCAAGATAG,Naive3,GSM8563001,L61442,1.0,TGATGCATCAAGATAG-1,3944,GSM8563001_Naive3_filtered_matrix.mtx.gz,L61442,3
GSM8563001:TGATGCATCCTAAACG,Naive3,GSM8563001,L78498,1.0,TGATGCATCCTAAACG-1,3945,GSM8563001_Naive3_filtered_matrix.mtx.gz,L78498,3
GSM8563001:TGATGGTGTCCATACA,Naive3,GSM8563001,L13633,1.0,TGATGGTGTCCATACA-1,3947,GSM8563001_Naive3_filtered_matrix.mtx.gz,L13633,4
GSM8563001:TGATGGTTCTTCCAGC,Naive3,GSM8563001,L23121,1.0,TGATGGTTCTTCCAGC-1,3949,GSM8563001_Naive3_filtered_matrix.mtx.gz,L23121,1
GSM8563001:TGATTCTAGTGCAACG,Naive3,GSM8563001,L219307,1.0,TGATTCTAGTGCAACG-1,3950,GSM8563001_Naive3_filtered_matrix.mtx.gz,L219307,3
GSM8563001:TGATTCTCAAGAGAGA,Naive3,GSM8563001,L52613,1.0,TGATTCTCAAGAGAGA-1,3951,GSM8563001_Naive3_filtered_matrix.mtx.gz,L52613,0
GSM8563001:TGATTCTCACAAATAG,Naive3,GSM8563001,L177128,1.0,TGATTCTCACAAATAG-1,3952,GSM8563001_Naive3_filtered_matrix.mtx.gz,L177128,3
GSM8563001:TGATTCTCATCGGCCA,Naive3,GSM8563001,L131897,1.0,TGATTCTCATCGGCCA-1,3954,GSM8563001_Naive3_filtered_matrix.mtx.gz,L131897,4
GSM8563001:TGATTCTTCGCCGAGT,Naive3,GSM8563001,L16178,1.0,TGATTCTTCGCCGAGT-1,3955,GSM8563001_Naive3_filtered_matrix.mtx.gz,L16178,0
GSM8563001:TGATTTCAGATGCTAA,Naive3,GSM8563001,L82979,1.0,TGATTTCAGATGCTAA-1,3956,GSM8563001_Naive3_filtered_matrix.mtx.gz,L82979,2
GSM8563001:TGATTTCGTCTAACGT,Naive3,GSM8563001,L166657,1.0,TGATTTCGTCTAACGT-1,3960,GSM8563001_Naive3_filtered_matrix.mtx.gz,L166657,3
GSM8563001:TGATTTCTCATCGCTC,Naive3,GSM8563001,L139713,1.0,TGATTTCTCATCGCTC-1,3961,GSM8563001_Naive3_filtered_matrix.mtx.gz,L139713,0
GSM8563001:TGCACGGAGCAGCGAT,Naive3,GSM8563001,L59420,1.0,TGCACGGAGCAGCGAT-1,3964,GSM8563001_Naive3_filtered_matrix.mtx.gz,L59420,0
GSM8563001:TGCACGGAGCTGCCAC,Naive3,GSM8563001,L241549,1.0,TGCACGGAGCTGCCAC-1,3965,GSM8563001_Naive3_filtered_matrix.mtx.gz,L241549,3
GSM8563001:TGCACGGCAGGTCCGT,Naive3,GSM8563001,L51669,1.0,TGCACGGCAGGTCCGT-1,3967,GSM8563001_Naive3_filtered_matrix.mtx.gz,L51669,4
GSM8563001:TGCACGGCATACAGGG,Naive3,GSM8563001,L289410,1.0,TGCACGGCATACAGGG-1,3968,GSM8563001_Naive3_filtered_matrix.mtx.gz,L289410,2
GSM8563001:TGCAGATTCATCCCGT,Naive3,GSM8563001,L16238,1.0,TGCAGATTCATCCCGT-1,3970,GSM8563001_Naive3_filtered_matrix.mtx.gz,L16238,3
GSM8563001:TGCAGATTCGTAGTGT,Naive3,GSM8563001,L173296,1.0,TGCAGATTCGTAGTGT-1,3971,GSM8563001_Naive3_filtered_matrix.mtx.gz,L173296,1
GSM8563001:TGCAGGCAGACCAGCA,Naive3,GSM8563001,L19489,1.0,TGCAGGCAGACCAGCA-1,3972,GSM8563001_Naive3_filtered_matrix.mtx.gz,L19489,0
GSM8563001:TGCAGGCCAGCTTCGG,Naive3,GSM8563001,L109790,1.0,TGCAGGCCAGCTTCGG-1,3973,GSM8563001_Naive3_filtered_matrix.mtx.gz,L109790,0
GSM8563001:TGCAGGCGTACGATCT,Naive3,GSM8563001,L126445,1.0,TGCAGGCGTACGATCT-1,3974,GSM8563001_Naive3_filtered_matrix.mtx.gz,L126445,4
GSM8563001:TGCAGGCGTGCTGATT,Naive3,GSM8563001,L55974,1.0,TGCAGGCGTGCTGATT-1,3975,GSM8563001_Naive3_filtered_matrix.mtx.gz,L55974,3
GSM8563001:TGCAGTAAGTGCGACA,Naive3,GSM8563001,L206761,1.0,TGCAGTAAGTGCGACA-1,3976,GSM8563001_Naive3_filtered_matrix.mtx.gz,L206761,0
GSM8563001:TGCAGTACAACTCGAT,Naive3,GSM8563001,L85766,1.0,TGCAGTACAACTCGAT-1,3977,GSM8563001_Naive3_filtered_matrix.mtx.gz,L85766,3
GSM8563001:TGCAGTATCGAGTGGA,Naive3,GSM8563001,L289410,1.0,TGCAGTATCGAGTGGA-1,3979,GSM8563001_Naive3_filtered_matrix.mtx.gz,L289410,2
GSM8563001:TGCATCCAGGTTCATC,Naive3,GSM8563001,L289410,1.0,TGCATCCAGGTTCATC-1,3981,GSM8563001_Naive3_filtered_matrix.mtx.gz,L289410,2
GSM8563001:TGCATCCTCGAACCAT,Naive3,GSM8563001,L70669,1.0,TGCATCCTCGAACCAT-1,3984,GSM8563001_Naive3_filtered_matrix.mtx.gz,L70669,3
GSM8563001:TGCCGAGAGCGTGCTC,Naive3,GSM8563001,L167670,1.0,TGCCGAGAGCGTGCTC-1,3987,GSM8563001_Naive3_filtered_matrix.mtx.gz,L167670,2
GSM8563001:TGCCGAGCAGTCGTTA,Naive3,GSM8563001,L320820,1.0,TGCCGAGCAGTCGTTA-1,3989,GSM8563001_Naive3_filtered_matrix.mtx.gz,L320820,3
GSM8563001:TGCCGAGCATACCGTA,Naive3,GSM8563001,L246037,1.0,TGCCGAGCATACCGTA-1,3990,GSM8563001_Naive3_filtered_matrix.mtx.gz,L246037,2
GSM8563001:TGCCGAGTCAGGGATG,Naive3,GSM8563001,L2843,1.0,TGCCGAGTCAGGGATG-1,3993,GSM8563001_Naive3_filtered_matrix.mtx.gz,L2843,4
GSM8563001:TGCGACGAGGGAGGAC,Naive3,GSM8563001,L166707,1.0,TGCGACGAGGGAGGAC-1,3994,GSM8563001_Naive3_filtered_matrix.mtx.gz,L166707,1
GSM8563001:TGCGACGCAGAGAGGG,Naive3,GSM8563001,L62684,1.0,TGCGACGCAGAGAGGG-1,3996,GSM8563001_Naive3_filtered_matrix.mtx.gz,L62684,1
GSM8563001:TGCGACGTCGTTCTGC,Naive3,GSM8563001,L209664,1.0,TGCGACGTCGTTCTGC-1,3997,GSM8563001_Naive3_filtered_matrix.mtx.gz,L209664,4
GSM8563001:TGCGATAAGCTCCCTT,Naive3,GSM8563001,L50672,1.0,TGCGATAAGCTCCCTT-1,4000,GSM8563001_Naive3_filtered_matrix.mtx.gz,L50672,4
GSM8563001:TGCGATACACCTCTAC,Naive3,GSM8563001,L292268,1.0,TGCGATACACCTCTAC-1,4001,GSM8563001_Naive3_filtered_matrix.mtx.gz,L292268,4
GSM8563001:TGCGATACATAGTCGT,Naive3,GSM8563001,L58090,1.0,TGCGATACATAGTCGT-1,4002,GSM8563001_Naive3_filtered_matrix.mtx.gz,L58090,2
GSM8563001:TGCGATAGTAGTGCGA,Naive3,GSM8563001,L196980,1.0,TGCGATAGTAGTGCGA-1,4003,GSM8563001_Naive3_filtered_matrix.mtx.gz,L196980,3
GSM8563001:TGCGATATCACGGTCG,Naive3,GSM8563001,L30726,0.992866,TGCGATATCACGGTCG-1,4006,GSM8563001_Naive3_filtered_matrix.mtx.gz,L30726,2
GSM8563001:TGCGATATCGGACTTA,Naive3,GSM8563001,L140100,1.0,TGCGATATCGGACTTA-1,4007,GSM8563001_Naive3_filtered_matrix.mtx.gz,L140100,1
GSM8563001:TGCGATATCTGTGCGG,Naive3,GSM8563001,L40629,1.0,TGCGATATCTGTGCGG-1,4008,GSM8563001_Naive3_filtered_matrix.mtx.gz,L40629,4
GSM8563001:TGCGGCAAGACTCAAA,Naive3,GSM8563001,L275355,1.0,TGCGGCAAGACTCAAA-1,4009,GSM8563001_Naive3_filtered_matrix.mtx.gz,L275355,1
GSM8563001:TGCGGCAGTGACGCCT,Naive3,GSM8563001,L327389,1.0,TGCGGCAGTGACGCCT-1,4011,GSM8563001_Naive3_filtered_matrix.mtx.gz,L327389,1
GSM8563001:TGCGGGTGTAATACCC,Naive3,GSM8563001,L11049,0.999998,TGCGGGTGTAATACCC-1,4014,GSM8563001_Naive3_filtered_matrix.mtx.gz,L11049,3
GSM8563001:TGCGGGTTCTGGTGCG,Naive3,GSM8563001,L245078,1.0,TGCGGGTTCTGGTGCG-1,4016,GSM8563001_Naive3_filtered_matrix.mtx.gz,L245078,3
GSM8563001:TGCTCCAAGAGGTTTA,Naive3,GSM8563001,L230913,1.0,TGCTCCAAGAGGTTTA-1,4018,GSM8563001_Naive3_filtered_matrix.mtx.gz,L230913,1
GSM8563001:TGCTCCAAGCGATGAC,Naive3,GSM8563001,L192531,1.0,TGCTCCAAGCGATGAC-1,4019,GSM8563001_Naive3_filtered_matrix.mtx.gz,L192531,1
GSM8563001:TGCTCCACAATCGCAT,Naive3,GSM8563001,L13633,1.0,TGCTCCACAATCGCAT-1,4020,GSM8563001_Naive3_filtered_matrix.mtx.gz,L13633,4
GSM8563001:TGCTCGTGTGCCGAAA,Naive3,GSM8563001,L8950,1.0,TGCTCGTGTGCCGAAA-1,4021,GSM8563001_Naive3_filtered_matrix.mtx.gz,L8950,3
GSM8563001:TGCTCGTTCATTGCTT,Naive3,GSM8563001,L240450,1.0,TGCTCGTTCATTGCTT-1,4023,GSM8563001_Naive3_filtered_matrix.mtx.gz,L240450,2
GSM8563001:TGCTCGTTCCGATTAG,Naive3,GSM8563001,L239228,1.0,TGCTCGTTCCGATTAG-1,4025,GSM8563001_Naive3_filtered_matrix.mtx.gz,L239228,2
GSM8563001:TGCTCGTTCGAGTCCG,Naive3,GSM8563001,L65002,1.0,TGCTCGTTCGAGTCCG-1,4026,GSM8563001_Naive3_filtered_matrix.mtx.gz,L65002,2
GSM8563001:TGCTGAAGTCTGTCAA,Naive3,GSM8563001,L16242,1.0,TGCTGAAGTCTGTCAA-1,4028,GSM8563001_Naive3_filtered_matrix.mtx.gz,L16242,1
GSM8563001:TGCTGAAGTTTGTGGT,Naive3,GSM8563001,L34984,1.0,TGCTGAAGTTTGTGGT-1,4029,GSM8563001_Naive3_filtered_matrix.mtx.gz,L34984,1
GSM8563001:TGCTGAATCCCAATAG,Naive3,GSM8563001,L56999,1.0,TGCTGAATCCCAATAG-1,4030,GSM8563001_Naive3_filtered_matrix.mtx.gz,L56999,0
GSM8563001:TGCTGAATCGGATACT,Naive3,GSM8563001,L68739,1.0,TGCTGAATCGGATACT-1,4031,GSM8563001_Naive3_filtered_matrix.mtx.gz,L68739,2
GSM8563001:TGCTTCGAGAGAGCGG,Naive3,GSM8563001,L322447,1.0,TGCTTCGAGAGAGCGG-1,4032,GSM8563001_Naive3_filtered_matrix.mtx.gz,L322447,2
GSM8563001:TGCTTCGAGGGCTTCC,Naive3,GSM8563001,L65794,1.0,TGCTTCGAGGGCTTCC-1,4033,GSM8563001_Naive3_filtered_matrix.mtx.gz,L65794,4
GSM8563001:TGCTTCGTCCGTTGGG,Naive3,GSM8563001,L192342,1.0,TGCTTCGTCCGTTGGG-1,4037,GSM8563001_Naive3_filtered_matrix.mtx.gz,L192342,4
GSM8563001:TGCTTCGTCGTAATGC,Naive3,GSM8563001,L8387,1.0,TGCTTCGTCGTAATGC-1,4038,GSM8563001_Naive3_filtered_matrix.mtx.gz,L8387,0
GSM8563001:TGCTTGCAGTCTGCGC,Naive3,GSM8563001,L23858,1.0,TGCTTGCAGTCTGCGC-1,4040,GSM8563001_Naive3_filtered_matrix.mtx.gz,L23858,1
GSM8563001:TGCTTGCCAAGTGGGT,Naive3,GSM8563001,L118750,1.0,TGCTTGCCAAGTGGGT-1,4041,GSM8563001_Naive3_filtered_matrix.mtx.gz,L118750,0
GSM8563001:TGCTTGCTCTGCTTAT,Naive3,GSM8563001,L68277,1.0,TGCTTGCTCTGCTTAT-1,4043,GSM8563001_Naive3_filtered_matrix.mtx.gz,L68277,4
GSM8563001:TGGAACTCATGACGTT,Naive3,GSM8563001,L17873,1.0,TGGAACTCATGACGTT-1,4044,GSM8563001_Naive3_filtered_matrix.mtx.gz,L17873,0
GSM8563001:TGGAACTTCATTTGTC,Naive3,GSM8563001,L98634,1.0,TGGAACTTCATTTGTC-1,4046,GSM8563001_Naive3_filtered_matrix.mtx.gz,L98634,2
GSM8563001:TGGAACTTCGGTCACG,Naive3,GSM8563001,L116152,0.999998,TGGAACTTCGGTCACG-1,4047,GSM8563001_Naive3_filtered_matrix.mtx.gz,L116152,1
GSM8563001:TGGAGAGCAATCAAGA,Naive3,GSM8563001,L68277,1.0,TGGAGAGCAATCAAGA-1,4048,GSM8563001_Naive3_filtered_matrix.mtx.gz,L68277,4
GSM8563001:TGGAGGAGTACTAGCT,Naive3,GSM8563001,L124052,1.0,TGGAGGAGTACTAGCT-1,4054,GSM8563001_Naive3_filtered_matrix.mtx.gz,L124052,4
GSM8563001:TGGATCAAGGACTAAT,Naive3,GSM8563001,L126049,0.993144,TGGATCAAGGACTAAT-1,4056,GSM8563001_Naive3_filtered_matrix.mtx.gz,L126049,3
GSM8563001:TGGATCACACAGGATG,Naive3,GSM8563001,L233461,1.0,TGGATCACACAGGATG-1,4057,GSM8563001_Naive3_filtered_matrix.mtx.gz,L233461,4
GSM8563001:TGGATCATCTGGGCAC,Naive3,GSM8563001,L25334,1.0,TGGATCATCTGGGCAC-1,4062,GSM8563001_Naive3_filtered_matrix.mtx.gz,L25334,3
GSM8563001:TGGATGTAGAGCCGAT,Naive3,GSM8563001,L109019,1.0,TGGATGTAGAGCCGAT-1,4063,GSM8563001_Naive3_filtered_matrix.mtx.gz,L109019,3
GSM8563001:TGGATGTAGTACGTCT,Naive3,GSM8563001,L149354,1.0,TGGATGTAGTACGTCT-1,4064,GSM8563001_Naive3_filtered_matrix.mtx.gz,L149354,1
GSM8563001:TGGATGTCAGGTTCAT,Naive3,GSM8563001,L263990,1.0,TGGATGTCAGGTTCAT-1,4066,GSM8563001_Naive3_filtered_matrix.mtx.gz,L263990,1
GSM8563001:TGGATGTGTACACTCA,Naive3,GSM8563001,L293773,1.0,TGGATGTGTACACTCA-1,4067,GSM8563001_Naive3_filtered_matrix.mtx.gz,L293773,0
GSM8563001:TGGATGTTCTAGGCCG,Naive3,GSM8563001,L130334,0.999948,TGGATGTTCTAGGCCG-1,4070,GSM8563001_Naive3_filtered_matrix.mtx.gz,L130334,2
GSM8563001:TGGCGTGAGATCCGAG,Naive3,GSM8563001,L306369,1.0,TGGCGTGAGATCCGAG-1,4071,GSM8563001_Naive3_filtered_matrix.mtx.gz,L306369,0
GSM8563001:TGGCGTGAGCATACTC,Naive3,GSM8563001,L59420,1.0,TGGCGTGAGCATACTC-1,4072,GSM8563001_Naive3_filtered_matrix.mtx.gz,L59420,0
GSM8563001:TGGCGTGAGTATGGAT,Naive3,GSM8563001,L305830,1.0,TGGCGTGAGTATGGAT-1,4073,GSM8563001_Naive3_filtered_matrix.mtx.gz,L305830,0
GSM8563001:TGGCGTGAGTGTGTTC,Naive3,GSM8563001,L318033,1.0,TGGCGTGAGTGTGTTC-1,4074,GSM8563001_Naive3_filtered_matrix.mtx.gz,L318033,2
GSM8563001:TGGCGTGCATGGCCAC,Naive3,GSM8563001,L242413,1.0,TGGCGTGCATGGCCAC-1,4075,GSM8563001_Naive3_filtered_matrix.mtx.gz,L242413,0
GSM8563001:TGGCGTGGTTCGGCTG,Naive3,GSM8563001,L115717,1.0,TGGCGTGGTTCGGCTG-1,4076,GSM8563001_Naive3_filtered_matrix.mtx.gz,L115717,2
GSM8563001:TGGGAAGAGATCCTAC,Naive3,GSM8563001,L75591,0.662221,TGGGAAGAGATCCTAC-1,4077,GSM8563001_Naive3_filtered_matrix.mtx.gz,L75591,0
GSM8563001:TGGGAAGGTCTGATCA,Naive3,GSM8563001,L87366,1.0,TGGGAAGGTCTGATCA-1,4078,GSM8563001_Naive3_filtered_matrix.mtx.gz,L87366,3
GSM8563001:TGGGAGACAGCCTATA,Naive3,GSM8563001,L2779,1.0,TGGGAGACAGCCTATA-1,4079,GSM8563001_Naive3_filtered_matrix.mtx.gz,L2779,4
GSM8563001:TGGGAGAGTATGCTTG,Naive3,GSM8563001,L151380,1.0,TGGGAGAGTATGCTTG-1,4081,GSM8563001_Naive3_filtered_matrix.mtx.gz,L151380,4
GSM8563001:TGGGAGATCGGCGATC,Naive3,GSM8563001,L118399,1.0,TGGGAGATCGGCGATC-1,4082,GSM8563001_Naive3_filtered_matrix.mtx.gz,L118399,3
GSM8563001:TGGGATTAGCTACAAA,Naive3,GSM8563001,L51669,1.0,TGGGATTAGCTACAAA-1,4085,GSM8563001_Naive3_filtered_matrix.mtx.gz,L51669,4
GSM8563001:TGGGATTCACCGTGCA,Naive3,GSM8563001,L13780,1.0,TGGGATTCACCGTGCA-1,4086,GSM8563001_Naive3_filtered_matrix.mtx.gz,L13780,1
GSM8563001:TGGGATTCATAAGCGG,Naive3,GSM8563001,L82823,1.0,TGGGATTCATAAGCGG-1,4087,GSM8563001_Naive3_filtered_matrix.mtx.gz,L82823,1
GSM8563001:TGGGCGTTCACTCTTA,Naive3,GSM8563001,L210267,1.0,TGGGCGTTCACTCTTA-1,4090,GSM8563001_Naive3_filtered_matrix.mtx.gz,L210267,0
GSM8563001:TGGGCTGCAGACCCGT,Naive3,GSM8563001,L15407,1.0,TGGGCTGCAGACCCGT-1,4092,GSM8563001_Naive3_filtered_matrix.mtx.gz,L15407,3
GSM8563001:TGGGTTACACCGGTCA,Naive3,GSM8563001,L267658,1.0,TGGGTTACACCGGTCA-1,4095,GSM8563001_Naive3_filtered_matrix.mtx.gz,L267658,3
GSM8563001:TGGGTTACACTAGAGG,Naive3,GSM8563001,L40629,1.0,TGGGTTACACTAGAGG-1,4096,GSM8563001_Naive3_filtered_matrix.mtx.gz,L40629,4
GSM8563001:TGGGTTACAGTAGGAC,Naive3,GSM8563001,L58090,1.0,TGGGTTACAGTAGGAC-1,4097,GSM8563001_Naive3_filtered_matrix.mtx.gz,L58090,2
GSM8563001:TGGTACAGTGATACCT,Naive3,GSM8563001,L52820,1.0,TGGTACAGTGATACCT-1,4101,GSM8563001_Naive3_filtered_matrix.mtx.gz,L52820,0
GSM8563001:TGGTAGTAGCTTTGTG,Naive3,GSM8563001,L325741,1.0,TGGTAGTAGCTTTGTG-1,4102,GSM8563001_Naive3_filtered_matrix.mtx.gz,L325741,0
GSM8563001:TGGTAGTAGGAACGTC,Naive3,GSM8563001,L41780,1.0,TGGTAGTAGGAACGTC-1,4103,GSM8563001_Naive3_filtered_matrix.mtx.gz,L41780,4
GSM8563001:TGGTAGTCATATCTCT,Naive3,GSM8563001,L296371,1.0,TGGTAGTCATATCTCT-1,4104,GSM8563001_Naive3_filtered_matrix.mtx.gz,L296371,1
GSM8563001:TGGTAGTGTTGAGAGC,Naive3,GSM8563001,L172925,1.0,TGGTAGTGTTGAGAGC-1,4105,GSM8563001_Naive3_filtered_matrix.mtx.gz,L172925,1
GSM8563001:TGGTAGTGTTGGACCC,Naive3,GSM8563001,L66947,1.0,TGGTAGTGTTGGACCC-1,4106,GSM8563001_Naive3_filtered_matrix.mtx.gz,L66947,2
GSM8563001:TGGTAGTTCATCTATC,Naive3,GSM8563001,L239119,1.0,TGGTAGTTCATCTATC-1,4107,GSM8563001_Naive3_filtered_matrix.mtx.gz,L239119,4
GSM8563001:TGGTAGTTCGCAGTGC,Naive3,GSM8563001,L212182,1.0,TGGTAGTTCGCAGTGC-1,4108,GSM8563001_Naive3_filtered_matrix.mtx.gz,L212182,3
GSM8563001:TGGTGATGTCACCACG,Naive3,GSM8563001,L278604,1.0,TGGTGATGTCACCACG-1,4109,GSM8563001_Naive3_filtered_matrix.mtx.gz,L278604,2
GSM8563001:TGGTGATGTCGTCAGC,Naive3,GSM8563001,L130314,1.0,TGGTGATGTCGTCAGC-1,4110,GSM8563001_Naive3_filtered_matrix.mtx.gz,L130314,4
GSM8563001:TGGTGATGTTATGTCG,Naive3,GSM8563001,L140520,1.0,TGGTGATGTTATGTCG-1,4112,GSM8563001_Naive3_filtered_matrix.mtx.gz,L140520,0
GSM8563001:TGGTGATTCACTGTTT,Naive3,GSM8563001,L118613,1.0,TGGTGATTCACTGTTT-1,4113,GSM8563001_Naive3_filtered_matrix.mtx.gz,L118613,2
GSM8563001:TGGTGATTCCATTGGA,Naive3,GSM8563001,L149354,1.0,TGGTGATTCCATTGGA-1,4114,GSM8563001_Naive3_filtered_matrix.mtx.gz,L149354,1
GSM8563001:TGGTTAGTCCATGCAA,Naive3,GSM8563001,L169857,1.0,TGGTTAGTCCATGCAA-1,4116,GSM8563001_Naive3_filtered_matrix.mtx.gz,L169857,1
GSM8563001:TGGTTAGTCTTAGCTT,Naive3,GSM8563001,L115936,1.0,TGGTTAGTCTTAGCTT-1,4119,GSM8563001_Naive3_filtered_matrix.mtx.gz,L115936,1
GSM8563001:TGTAACGAGCATCCTA,Naive3,GSM8563001,L96686,1.0,TGTAACGAGCATCCTA-1,4120,GSM8563001_Naive3_filtered_matrix.mtx.gz,L96686,2
GSM8563001:TGTAACGAGTAGGATT,Naive3,GSM8563001,L10717,1.0,TGTAACGAGTAGGATT-1,4121,GSM8563001_Naive3_filtered_matrix.mtx.gz,L10717,0
GSM8563001:TGTAACGAGTTGAATG,Naive3,GSM8563001,L288391,1.0,TGTAACGAGTTGAATG-1,4122,GSM8563001_Naive3_filtered_matrix.mtx.gz,L288391,4
GSM8563001:TGTAACGCAACTCGAT,Naive3,GSM8563001,L109790,0.790637,TGTAACGCAACTCGAT-1,4123,GSM8563001_Naive3_filtered_matrix.mtx.gz,L109790,0
GSM8563001:TGTAACGTCACTCTTA,Naive3,GSM8563001,L8387,1.0,TGTAACGTCACTCTTA-1,4125,GSM8563001_Naive3_filtered_matrix.mtx.gz,L8387,0
GSM8563001:TGTAAGCCATTGAAAG,Naive3,GSM8563001,L305830,1.0,TGTAAGCCATTGAAAG-1,4126,GSM8563001_Naive3_filtered_matrix.mtx.gz,L305830,0
GSM8563001:TGTAAGCGTACGATGG,Naive3,GSM8563001,L289938,1.0,TGTAAGCGTACGATGG-1,4127,GSM8563001_Naive3_filtered_matrix.mtx.gz,L289938,1
GSM8563001:TGTAAGCGTACGCTTA,Naive3,GSM8563001,L34649,1.0,TGTAAGCGTACGCTTA-1,4128,GSM8563001_Naive3_filtered_matrix.mtx.gz,L34649,3
GSM8563001:TGTAAGCGTTGCATAC,Naive3,GSM8563001,L41780,1.0,TGTAAGCGTTGCATAC-1,4129,GSM8563001_Naive3_filtered_matrix.mtx.gz,L41780,4
GSM8563001:TGTAAGCTCTTTGGAG,Naive3,GSM8563001,L10717,1.0,TGTAAGCTCTTTGGAG-1,4130,GSM8563001_Naive3_filtered_matrix.mtx.gz,L10717,0
GSM8563001:TGTACAGCAAGACAAT,Naive3,GSM8563001,L295492,1.0,TGTACAGCAAGACAAT-1,4134,GSM8563001_Naive3_filtered_matrix.mtx.gz,L295492,0
GSM8563001:TGTAGACAGTTTCTTC,Naive3,GSM8563001,L287919,1.0,TGTAGACAGTTTCTTC-1,4136,GSM8563001_Naive3_filtered_matrix.mtx.gz,L287919,4
GSM8563001:TGTAGACGTCTTACTT,Naive3,GSM8563001,L164771,1.0,TGTAGACGTCTTACTT-1,4137,GSM8563001_Naive3_filtered_matrix.mtx.gz,L164771,2
GSM8563001:TGTAGACGTGGCTTAT,Naive3,GSM8563001,L30697,1.0,TGTAGACGTGGCTTAT-1,4138,GSM8563001_Naive3_filtered_matrix.mtx.gz,L30697,1
GSM8563001:TGTAGACTCCGTGGGT,Naive3,GSM8563001,L13712,1.0,TGTAGACTCCGTGGGT-1,4140,GSM8563001_Naive3_filtered_matrix.mtx.gz,L13712,3
GSM8563001:TGTAGACTCGCTTACC,Naive3,GSM8563001,L264962,1.0,TGTAGACTCGCTTACC-1,4141,GSM8563001_Naive3_filtered_matrix.mtx.gz,L264962,3
GSM8563001:TGTAGACTCTAAGGAA,Naive3,GSM8563001,L114035,1.0,TGTAGACTCTAAGGAA-1,4142,GSM8563001_Naive3_filtered_matrix.mtx.gz,L114035,3
GSM8563001:TGTCAGAAGCCTGAAG,Naive3,GSM8563001,L54250,1.0,TGTCAGAAGCCTGAAG-1,4143,GSM8563001_Naive3_filtered_matrix.mtx.gz,L54250,4
GSM8563001:TGTCAGACAGTCGCTG,Naive3,GSM8563001,L16358,0.959193,TGTCAGACAGTCGCTG-1,4144,GSM8563001_Naive3_filtered_matrix.mtx.gz,L16358,2
GSM8563001:TGTCAGAGTACATTGC,Naive3,GSM8563001,L292026,1.0,TGTCAGAGTACATTGC-1,4145,GSM8563001_Naive3_filtered_matrix.mtx.gz,L292026,3
GSM8563001:TGTCAGAGTCTGTGTA,Naive3,GSM8563001,L139565,1.0,TGTCAGAGTCTGTGTA-1,4146,GSM8563001_Naive3_filtered_matrix.mtx.gz,L139565,3
GSM8563001:TGTCCACCACGGAAGT,Naive3,GSM8563001,L186030,1.0,TGTCCACCACGGAAGT-1,4147,GSM8563001_Naive3_filtered_matrix.mtx.gz,L186030,0
GSM8563001:TGTCCACTCACTCGAA,Naive3,GSM8563001,L316393,1.0,TGTCCACTCACTCGAA-1,4148,GSM8563001_Naive3_filtered_matrix.mtx.gz,L316393,1
GSM8563001:TGTCCACTCCGCACTT,Naive3,GSM8563001,L8434,1.0,TGTCCACTCCGCACTT-1,4149,GSM8563001_Naive3_filtered_matrix.mtx.gz,L8434,0
GSM8563001:TGTCCACTCCTAACAG,Naive3,GSM8563001,L202432,1.0,TGTCCACTCCTAACAG-1,4150,GSM8563001_Naive3_filtered_matrix.mtx.gz,L202432,4
GSM8563001:TGTCCCAAGGGCCAAT,Naive3,GSM8563001,L76201,1.0,TGTCCCAAGGGCCAAT-1,4151,GSM8563001_Naive3_filtered_matrix.mtx.gz,L76201,2
GSM8563001:TGTCCCACACTTTAGG,Naive3,GSM8563001,L11587,1.0,TGTCCCACACTTTAGG-1,4153,GSM8563001_Naive3_filtered_matrix.mtx.gz,L11587,4
GSM8563001:TGTCCCAGTCCACTCT,Naive3,GSM8563001,L160551,0.979709,TGTCCCAGTCCACTCT-1,4154,GSM8563001_Naive3_filtered_matrix.mtx.gz,L160551,2
GSM8563001:TGTCCTGAGTAAGACT,Naive3,GSM8563001,L116189,1.0,TGTCCTGAGTAAGACT-1,4155,GSM8563001_Naive3_filtered_matrix.mtx.gz,L116189,3
GSM8563001:TGTCCTGAGTTGCTGT,Naive3,GSM8563001,L219307,1.0,TGTCCTGAGTTGCTGT-1,4156,GSM8563001_Naive3_filtered_matrix.mtx.gz,L219307,3
GSM8563001:TGTCCTGTCGCCGAGT,Naive3,GSM8563001,L149376,1.0,TGTCCTGTCGCCGAGT-1,4158,GSM8563001_Naive3_filtered_matrix.mtx.gz,L149376,0
GSM8563001:TGTCCTGTCTGTCGTC,Naive3,GSM8563001,L321201,1.0,TGTCCTGTCTGTCGTC-1,4159,GSM8563001_Naive3_filtered_matrix.mtx.gz,L321201,2
GSM8563001:TGTGAGTCACGACCTG,Naive3,GSM8563001,L42533,1.0,TGTGAGTCACGACCTG-1,4160,GSM8563001_Naive3_filtered_matrix.mtx.gz,L42533,3
GSM8563001:TGTGAGTTCCAACCAA,Naive3,GSM8563001,L135014,1.0,TGTGAGTTCCAACCAA-1,4163,GSM8563001_Naive3_filtered_matrix.mtx.gz,L135014,4
GSM8563001:TGTGATGAGATGCTAA,Naive3,GSM8563001,L35389,1.0,TGTGATGAGATGCTAA-1,4164,GSM8563001_Naive3_filtered_matrix.mtx.gz,L35389,4
GSM8563001:TGTGATGTCGTCAGAT,Naive3,GSM8563001,L52309,0.610111,TGTGATGTCGTCAGAT-1,4165,GSM8563001_Naive3_filtered_matrix.mtx.gz,L52309,2
GSM8563001:TGTGCGGAGCCACTCG,Naive3,GSM8563001,L92515,1.0,TGTGCGGAGCCACTCG-1,4166,GSM8563001_Naive3_filtered_matrix.mtx.gz,L92515,3
GSM8563001:TGTGCGGTCGCTCATC,Naive3,GSM8563001,L189778,1.0,TGTGCGGTCGCTCATC-1,4169,GSM8563001_Naive3_filtered_matrix.mtx.gz,L189778,2
GSM8563001:TGTGGCGAGCGGTATG,Naive3,GSM8563001,L166707,1.0,TGTGGCGAGCGGTATG-1,4172,GSM8563001_Naive3_filtered_matrix.mtx.gz,L166707,1
GSM8563001:TGTGGCGAGGTACAGC,Naive3,GSM8563001,L2779,1.0,TGTGGCGAGGTACAGC-1,4173,GSM8563001_Naive3_filtered_matrix.mtx.gz,L2779,4
GSM8563001:TGTGGCGAGTCTAGCT,Naive3,GSM8563001,L44586,1.0,TGTGGCGAGTCTAGCT-1,4174,GSM8563001_Naive3_filtered_matrix.mtx.gz,L44586,0
GSM8563001:TGTGGCGAGTGAGTTA,Naive3,GSM8563001,L318033,1.0,TGTGGCGAGTGAGTTA-1,4175,GSM8563001_Naive3_filtered_matrix.mtx.gz,L318033,2
GSM8563001:TGTGGCGGTAACGGTG,Naive3,GSM8563001,L2779,1.0,TGTGGCGGTAACGGTG-1,4176,GSM8563001_Naive3_filtered_matrix.mtx.gz,L2779,4
GSM8563001:TGTGGCGGTGTTTGCA,Naive3,GSM8563001,L149612,1.0,TGTGGCGGTGTTTGCA-1,4177,GSM8563001_Naive3_filtered_matrix.mtx.gz,L149612,4
GSM8563001:TGTGTGAGTGTCCACG,Naive3,GSM8563001,L278604,1.0,TGTGTGAGTGTCCACG-1,4179,GSM8563001_Naive3_filtered_matrix.mtx.gz,L278604,2
GSM8563001:TGTTACTCACCCAACG,Naive3,GSM8563001,L80342,1.0,TGTTACTCACCCAACG-1,4181,GSM8563001_Naive3_filtered_matrix.mtx.gz,L80342,1
GSM8563001:TGTTACTGTAAGTAGT,Naive3,GSM8563001,L193373,1.0,TGTTACTGTAAGTAGT-1,4182,GSM8563001_Naive3_filtered_matrix.mtx.gz,L193373,2
GSM8563001:TGTTCATAGGCATCAG,Naive3,GSM8563001,L219307,1.0,TGTTCATAGGCATCAG-1,4184,GSM8563001_Naive3_filtered_matrix.mtx.gz,L219307,3
GSM8563001:TGTTCATGTGGTGATG,Naive3,GSM8563001,L8434,1.0,TGTTCATGTGGTGATG-1,4186,GSM8563001_Naive3_filtered_matrix.mtx.gz,L8434,0
GSM8563001:TGTTCATTCGGTCGAC,Naive3,GSM8563001,L307963,1.0,TGTTCATTCGGTCGAC-1,4187,GSM8563001_Naive3_filtered_matrix.mtx.gz,L307963,2
GSM8563001:TGTTCCGCAAAGTGTA,Naive3,GSM8563001,L289410,1.0,TGTTCCGCAAAGTGTA-1,4189,GSM8563001_Naive3_filtered_matrix.mtx.gz,L289410,2
GSM8563001:TGTTCCGTCTCAATCT,Naive3,GSM8563001,L140054,1.0,TGTTCCGTCTCAATCT-1,4190,GSM8563001_Naive3_filtered_matrix.mtx.gz,L140054,2
GSM8563001:TGTTCTACAAGAGTGC,Naive3,GSM8563001,L54250,1.0,TGTTCTACAAGAGTGC-1,4191,GSM8563001_Naive3_filtered_matrix.mtx.gz,L54250,4
GSM8563001:TGTTCTACACACACTA,Naive3,GSM8563001,L173896,0.930047,TGTTCTACACACACTA-1,4192,GSM8563001_Naive3_filtered_matrix.mtx.gz,L173896,0
GSM8563001:TGTTCTAGTCGGTGTC,Naive3,GSM8563001,L210749,1.0,TGTTCTAGTCGGTGTC-1,4193,GSM8563001_Naive3_filtered_matrix.mtx.gz,L210749,2
GSM8563001:TGTTGAGGTATGCTTG,Naive3,GSM8563001,L5495,1.0,TGTTGAGGTATGCTTG-1,4196,GSM8563001_Naive3_filtered_matrix.mtx.gz,L5495,0
GSM8563001:TGTTGAGGTCGCGGTT,Naive3,GSM8563001,L23071,0.982949,TGTTGAGGTCGCGGTT-1,4197,GSM8563001_Naive3_filtered_matrix.mtx.gz,L23071,4
GSM8563001:TGTTGAGTCCTCTTTC,Naive3,GSM8563001,L303711,1.0,TGTTGAGTCCTCTTTC-1,4198,GSM8563001_Naive3_filtered_matrix.mtx.gz,L303711,3
GSM8563001:TGTTGAGTCTTGGCTC,Naive3,GSM8563001,L318033,1.0,TGTTGAGTCTTGGCTC-1,4199,GSM8563001_Naive3_filtered_matrix.mtx.gz,L318033,2
GSM8563001:TGTTGGACAACGTATC,Naive3,GSM8563001,L68231,1.0,TGTTGGACAACGTATC-1,4200,GSM8563001_Naive3_filtered_matrix.mtx.gz,L68231,0
GSM8563001:TGTTGGAGTACGCGTC,Naive3,GSM8563001,L68277,1.0,TGTTGGAGTACGCGTC-1,4202,GSM8563001_Naive3_filtered_matrix.mtx.gz,L68277,4
GSM8563001:TGTTGGAGTTGTCAGT,Naive3,GSM8563001,L328955,1.0,TGTTGGAGTTGTCAGT-1,4203,GSM8563001_Naive3_filtered_matrix.mtx.gz,L328955,3
GSM8563001:TGTTTGTCACTATCCC,Naive3,GSM8563001,L145263,1.0,TGTTTGTCACTATCCC-1,4205,GSM8563001_Naive3_filtered_matrix.mtx.gz,L145263,4
GSM8563001:TGTTTGTGTAGAATAC,Naive3,GSM8563001,L80342,1.0,TGTTTGTGTAGAATAC-1,4207,GSM8563001_Naive3_filtered_matrix.mtx.gz,L80342,1
GSM8563001:TGTTTGTGTCCAGCGT,Naive3,GSM8563001,L118613,1.0,TGTTTGTGTCCAGCGT-1,4208,GSM8563001_Naive3_filtered_matrix.mtx.gz,L118613,2
GSM8563001:TGTTTGTGTGCAACAG,Naive3,GSM8563001,L45022,1.0,TGTTTGTGTGCAACAG-1,4209,GSM8563001_Naive3_filtered_matrix.mtx.gz,L45022,3
GSM8563001:TGTTTGTGTGTTGATC,Naive3,GSM8563001,L211180,1.0,TGTTTGTGTGTTGATC-1,4210,GSM8563001_Naive3_filtered_matrix.mtx.gz,L211180,0
GSM8563001:TGTTTGTGTTGGACCC,Naive3,GSM8563001,L195483,1.0,TGTTTGTGTTGGACCC-1,4211,GSM8563001_Naive3_filtered_matrix.mtx.gz,L195483,2
GSM8563001:TTAATCCAGTGCAAAT,Naive3,GSM8563001,L257082,1.0,TTAATCCAGTGCAAAT-1,4212,GSM8563001_Naive3_filtered_matrix.mtx.gz,L257082,1
GSM8563001:TTAATCCCACACCGAC,Naive3,GSM8563001,L21177,1.0,TTAATCCCACACCGAC-1,4213,GSM8563001_Naive3_filtered_matrix.mtx.gz,L21177,0
GSM8563001:TTAATCCTCAGCCCAG,Naive3,GSM8563001,L161079,1.0,TTAATCCTCAGCCCAG-1,4216,GSM8563001_Naive3_filtered_matrix.mtx.gz,L161079,2
GSM8563001:TTACAGGGTAGCTGAG,Naive3,GSM8563001,L269961,1.0,TTACAGGGTAGCTGAG-1,4217,GSM8563001_Naive3_filtered_matrix.mtx.gz,L269961,4
GSM8563001:TTACAGGGTGTTTCTT,Naive3,GSM8563001,L87202,0.995079,TTACAGGGTGTTTCTT-1,4219,GSM8563001_Naive3_filtered_matrix.mtx.gz,L87202,2
GSM8563001:TTACAGGTCTACACTT,Naive3,GSM8563001,L182194,1.0,TTACAGGTCTACACTT-1,4220,GSM8563001_Naive3_filtered_matrix.mtx.gz,L182194,2
GSM8563001:TTACCATTCTCGCAGG,Naive3,GSM8563001,L82979,0.999999,TTACCATTCTCGCAGG-1,4224,GSM8563001_Naive3_filtered_matrix.mtx.gz,L82979,2
GSM8563001:TTACCATTCTCGGCTT,Naive3,GSM8563001,L54250,1.0,TTACCATTCTCGGCTT-1,4225,GSM8563001_Naive3_filtered_matrix.mtx.gz,L54250,4
GSM8563001:TTACCGCGTACTGCGC,Naive3,GSM8563001,L275878,1.0,TTACCGCGTACTGCGC-1,4227,GSM8563001_Naive3_filtered_matrix.mtx.gz,L275878,4
GSM8563001:TTACCGCTCCTACGAA,Naive3,GSM8563001,L187096,1.0,TTACCGCTCCTACGAA-1,4229,GSM8563001_Naive3_filtered_matrix.mtx.gz,L187096,2
GSM8563001:TTACCGCTCCTACTGC,Naive3,GSM8563001,L239228,1.0,TTACCGCTCCTACTGC-1,4230,GSM8563001_Naive3_filtered_matrix.mtx.gz,L239228,2
GSM8563001:TTACGCCAGTAGGAAG,Naive3,GSM8563001,L82077,1.0,TTACGCCAGTAGGAAG-1,4231,GSM8563001_Naive3_filtered_matrix.mtx.gz,L82077,4
GSM8563001:TTACGCCCACCGGTCA,Naive3,GSM8563001,L82032,1.0,TTACGCCCACCGGTCA-1,4233,GSM8563001_Naive3_filtered_matrix.mtx.gz,L82032,4
GSM8563001:TTACGTTAGTGCGTCC,Naive3,GSM8563001,L137611,1.0,TTACGTTAGTGCGTCC-1,4235,GSM8563001_Naive3_filtered_matrix.mtx.gz,L137611,4
GSM8563001:TTACGTTTCACAGTGT,Naive3,GSM8563001,L274951,1.0,TTACGTTTCACAGTGT-1,4237,GSM8563001_Naive3_filtered_matrix.mtx.gz,L274951,3
GSM8563001:TTACGTTTCCGAGTGC,Naive3,GSM8563001,L17873,1.0,TTACGTTTCCGAGTGC-1,4238,GSM8563001_Naive3_filtered_matrix.mtx.gz,L17873,0
GSM8563001:TTACGTTTCCTAGAGT,Naive3,GSM8563001,L96449,1.0,TTACGTTTCCTAGAGT-1,4239,GSM8563001_Naive3_filtered_matrix.mtx.gz,L96449,2
GSM8563001:TTACTGTAGGCCATAG,Naive3,GSM8563001,L242237,1.0,TTACTGTAGGCCATAG-1,4240,GSM8563001_Naive3_filtered_matrix.mtx.gz,L242237,4
GSM8563001:TTACTGTGTGCGAACA,Naive3,GSM8563001,L200891,1.0,TTACTGTGTGCGAACA-1,4241,GSM8563001_Naive3_filtered_matrix.mtx.gz,L200891,2
GSM8563001:TTAGGCAAGAAGAACG,Naive3,GSM8563001,L251893,1.0,TTAGGCAAGAAGAACG-1,4242,GSM8563001_Naive3_filtered_matrix.mtx.gz,L251893,2
GSM8563001:TTAGGCACAGGTTTAC,Naive3,GSM8563001,L303918,1.0,TTAGGCACAGGTTTAC-1,4243,GSM8563001_Naive3_filtered_matrix.mtx.gz,L303918,0
GSM8563001:TTAGGCACAGTTAGGG,Naive3,GSM8563001,L185317,1.0,TTAGGCACAGTTAGGG-1,4244,GSM8563001_Naive3_filtered_matrix.mtx.gz,L185317,4
GSM8563001:TTAGGCAGTAATCAGA,Naive3,GSM8563001,L109019,1.0,TTAGGCAGTAATCAGA-1,4245,GSM8563001_Naive3_filtered_matrix.mtx.gz,L109019,3
GSM8563001:TTAGGCATCCGTACGG,Naive3,GSM8563001,L77443,1.0,TTAGGCATCCGTACGG-1,4246,GSM8563001_Naive3_filtered_matrix.mtx.gz,L77443,2
GSM8563001:TTAGGCATCTCAACGA,Naive3,GSM8563001,L244706,1.0,TTAGGCATCTCAACGA-1,4247,GSM8563001_Naive3_filtered_matrix.mtx.gz,L244706,4
GSM8563001:TTAGGCATCTGTGCTC,Naive3,GSM8563001,L145263,1.0,TTAGGCATCTGTGCTC-1,4248,GSM8563001_Naive3_filtered_matrix.mtx.gz,L145263,4
GSM8563001:TTAGGGTAGAAGTGTT,Naive3,GSM8563001,L273673,0.999964,TTAGGGTAGAAGTGTT-1,4249,GSM8563001_Naive3_filtered_matrix.mtx.gz,L273673,4
GSM8563001:TTAGGGTCAACGCCCA,Naive3,GSM8563001,L114118,1.0,TTAGGGTCAACGCCCA-1,4250,GSM8563001_Naive3_filtered_matrix.mtx.gz,L114118,2
GSM8563001:TTAGGGTTCCACTAGA,Naive3,GSM8563001,L75392,1.0,TTAGGGTTCCACTAGA-1,4253,GSM8563001_Naive3_filtered_matrix.mtx.gz,L75392,4
GSM8563001:TTAGTCTGTTGTACGT,Naive3,GSM8563001,L116375,1.0,TTAGTCTGTTGTACGT-1,4254,GSM8563001_Naive3_filtered_matrix.mtx.gz,L116375,3
GSM8563001:TTATTGCAGAGTAACT,Naive3,GSM8563001,L329553,1.0,TTATTGCAGAGTAACT-1,4255,GSM8563001_Naive3_filtered_matrix.mtx.gz,L329553,3
GSM8563001:TTATTGCGTATCGATC,Naive3,GSM8563001,L258800,0.985628,TTATTGCGTATCGATC-1,4256,GSM8563001_Naive3_filtered_matrix.mtx.gz,L258800,2
GSM8563001:TTATTGCTCACTCGAA,Naive3,GSM8563001,L246037,1.0,TTATTGCTCACTCGAA-1,4257,GSM8563001_Naive3_filtered_matrix.mtx.gz,L246037,2
GSM8563001:TTCAATCTCACACCCT,Naive3,GSM8563001,L162604,0.99774,TTCAATCTCACACCCT-1,4260,GSM8563001_Naive3_filtered_matrix.mtx.gz,L162604,0
GSM8563001:TTCACCGAGTCTCCTC,Naive3,GSM8563001,L80342,1.0,TTCACCGAGTCTCCTC-1,4261,GSM8563001_Naive3_filtered_matrix.mtx.gz,L80342,1
GSM8563001:TTCACCGCATGACAAA,Naive3,GSM8563001,L219307,1.0,TTCACCGCATGACAAA-1,4264,GSM8563001_Naive3_filtered_matrix.mtx.gz,L219307,3
GSM8563001:TTCACCGCATGCACTA,Naive3,GSM8563001,L219307,1.0,TTCACCGCATGCACTA-1,4265,GSM8563001_Naive3_filtered_matrix.mtx.gz,L219307,3
GSM8563001:TTCACCGGTATTGGCT,Naive3,GSM8563001,L305830,1.0,TTCACCGGTATTGGCT-1,4266,GSM8563001_Naive3_filtered_matrix.mtx.gz,L305830,0
GSM8563001:TTCACCGGTGCACAAG,Naive3,GSM8563001,L183358,1.0,TTCACCGGTGCACAAG-1,4267,GSM8563001_Naive3_filtered_matrix.mtx.gz,L183358,0
GSM8563001:TTCACCGGTTCAAGGG,Naive3,GSM8563001,L55,1.0,TTCACCGGTTCAAGGG-1,4268,GSM8563001_Naive3_filtered_matrix.mtx.gz,L55,0
GSM8563001:TTCACCGTCGCCAACG,Naive3,GSM8563001,L174664,1.0,TTCACCGTCGCCAACG-1,4269,GSM8563001_Naive3_filtered_matrix.mtx.gz,L174664,0
GSM8563001:TTCACGCAGGTAGATT,Naive3,GSM8563001,L30726,1.0,TTCACGCAGGTAGATT-1,4270,GSM8563001_Naive3_filtered_matrix.mtx.gz,L30726,2
GSM8563001:TTCACGCCAGTTAGAA,Naive3,GSM8563001,L280483,1.0,TTCACGCCAGTTAGAA-1,4271,GSM8563001_Naive3_filtered_matrix.mtx.gz,L280483,4
GSM8563001:TTCACGCCATAACTCG,Naive3,GSM8563001,L4851,0.655231,TTCACGCCATAACTCG-1,4272,GSM8563001_Naive3_filtered_matrix.mtx.gz,L4851,3
GSM8563001:TTCACGCGTCTCAGGC,Naive3,GSM8563001,L314428,1.0,TTCACGCGTCTCAGGC-1,4273,GSM8563001_Naive3_filtered_matrix.mtx.gz,L314428,3
GSM8563001:TTCAGGAAGGATATAC,Naive3,GSM8563001,L228088,1.0,TTCAGGAAGGATATAC-1,4274,GSM8563001_Naive3_filtered_matrix.mtx.gz,L228088,1
GSM8563001:TTCAGGACAGTTACCA,Naive3,GSM8563001,L308205,1.0,TTCAGGACAGTTACCA-1,4276,GSM8563001_Naive3_filtered_matrix.mtx.gz,L308205,2
GSM8563001:TTCAGGACATATAGCC,Naive3,GSM8563001,L82032,1.0,TTCAGGACATATAGCC-1,4277,GSM8563001_Naive3_filtered_matrix.mtx.gz,L82032,4
GSM8563001:TTCAGGAGTAATGCGG,Naive3,GSM8563001,L252275,1.0,TTCAGGAGTAATGCGG-1,4279,GSM8563001_Naive3_filtered_matrix.mtx.gz,L252275,0
GSM8563001:TTCAGGAGTGACATCT,Naive3,GSM8563001,L82979,1.0,TTCAGGAGTGACATCT-1,4281,GSM8563001_Naive3_filtered_matrix.mtx.gz,L82979,2
GSM8563001:TTCAGGATCCATCGTC,Naive3,GSM8563001,L123574,1.0,TTCAGGATCCATCGTC-1,4282,GSM8563001_Naive3_filtered_matrix.mtx.gz,L123574,4
GSM8563001:TTCAGGATCGCGGACT,Naive3,GSM8563001,L6369,1.0,TTCAGGATCGCGGACT-1,4283,GSM8563001_Naive3_filtered_matrix.mtx.gz,L6369,4
GSM8563001:TTCATGTGTACACTCA,Naive3,GSM8563001,L50332,1.0,TTCATGTGTACACTCA-1,4284,GSM8563001_Naive3_filtered_matrix.mtx.gz,L50332,0
GSM8563001:TTCATGTGTTTACTGG,Naive3,GSM8563001,L327389,1.0,TTCATGTGTTTACTGG-1,4285,GSM8563001_Naive3_filtered_matrix.mtx.gz,L327389,1
GSM8563001:TTCATGTTCACCATCC,Naive3,GSM8563001,L290279,1.0,TTCATGTTCACCATCC-1,4286,GSM8563001_Naive3_filtered_matrix.mtx.gz,L290279,2
GSM8563001:TTCATTGAGCATTTGC,Naive3,GSM8563001,L64990,1.0,TTCATTGAGCATTTGC-1,4288,GSM8563001_Naive3_filtered_matrix.mtx.gz,L64990,4
GSM8563001:TTCATTGAGCGTTCAT,Naive3,GSM8563001,L137611,1.0,TTCATTGAGCGTTCAT-1,4289,GSM8563001_Naive3_filtered_matrix.mtx.gz,L137611,4
GSM8563001:TTCATTGCACCAATTG,Naive3,GSM8563001,L239228,1.0,TTCATTGCACCAATTG-1,4290,GSM8563001_Naive3_filtered_matrix.mtx.gz,L239228,2
GSM8563001:TTCATTGGTTATTCTC,Naive3,GSM8563001,L100814,1.0,TTCATTGGTTATTCTC-1,4291,GSM8563001_Naive3_filtered_matrix.mtx.gz,L100814,0
GSM8563001:TTCCAATCACTACTTT,Naive3,GSM8563001,L179636,1.0,TTCCAATCACTACTTT-1,4295,GSM8563001_Naive3_filtered_matrix.mtx.gz,L179636,1
GSM8563001:TTCCACGAGCTCCCTT,Naive3,GSM8563001,L76856,1.0,TTCCACGAGCTCCCTT-1,4296,GSM8563001_Naive3_filtered_matrix.mtx.gz,L76856,4
GSM8563001:TTCCACGCAAGGCGTA,Naive3,GSM8563001,L16871,1.0,TTCCACGCAAGGCGTA-1,4297,GSM8563001_Naive3_filtered_matrix.mtx.gz,L16871,0
GSM8563001:TTCCACGTCCTACCAC,Naive3,GSM8563001,L124052,1.0,TTCCACGTCCTACCAC-1,4298,GSM8563001_Naive3_filtered_matrix.mtx.gz,L124052,4
GSM8563001:TTCCACGTCTCCCAAC,Naive3,GSM8563001,L230913,1.0,TTCCACGTCTCCCAAC-1,4299,GSM8563001_Naive3_filtered_matrix.mtx.gz,L230913,1
GSM8563001:TTCCGGTGTGGACCTC,Naive3,GSM8563001,L263044,1.0,TTCCGGTGTGGACCTC-1,4301,GSM8563001_Naive3_filtered_matrix.mtx.gz,L263044,3
GSM8563001:TTCCGGTTCAGTGATC,Naive3,GSM8563001,L255104,1.0,TTCCGGTTCAGTGATC-1,4303,GSM8563001_Naive3_filtered_matrix.mtx.gz,L255104,3
GSM8563001:TTCCGTGAGAATGTTG,Naive3,GSM8563001,L265944,1.0,TTCCGTGAGAATGTTG-1,4304,GSM8563001_Naive3_filtered_matrix.mtx.gz,L265944,3
GSM8563001:TTCCGTGAGCAATTAG,Naive3,GSM8563001,L46096,1.0,TTCCGTGAGCAATTAG-1,4305,GSM8563001_Naive3_filtered_matrix.mtx.gz,L46096,3
GSM8563001:TTCCGTGCATAGCACT,Naive3,GSM8563001,L188546,1.0,TTCCGTGCATAGCACT-1,4308,GSM8563001_Naive3_filtered_matrix.mtx.gz,L188546,1
GSM8563001:TTCCTAAAGACTCCGC,Naive3,GSM8563001,L5495,1.0,TTCCTAAAGACTCCGC-1,4310,GSM8563001_Naive3_filtered_matrix.mtx.gz,L5495,0
GSM8563001:TTCCTAAGTGCCCTTT,Naive3,GSM8563001,L145263,1.0,TTCCTAAGTGCCCTTT-1,4312,GSM8563001_Naive3_filtered_matrix.mtx.gz,L145263,4
GSM8563001:TTCCTAAGTGTGTGTT,Naive3,GSM8563001,L6043,1.0,TTCCTAAGTGTGTGTT-1,4313,GSM8563001_Naive3_filtered_matrix.mtx.gz,L6043,1
GSM8563001:TTCCTAAGTTAGTCGT,Naive3,GSM8563001,L59420,1.0,TTCCTAAGTTAGTCGT-1,4314,GSM8563001_Naive3_filtered_matrix.mtx.gz,L59420,0
GSM8563001:TTCCTAATCTGTTGGA,Naive3,GSM8563001,L96449,1.0,TTCCTAATCTGTTGGA-1,4318,GSM8563001_Naive3_filtered_matrix.mtx.gz,L96449,2
GSM8563001:TTCCTCTAGACTGAGC,Naive3,GSM8563001,L228088,1.0,TTCCTCTAGACTGAGC-1,4319,GSM8563001_Naive3_filtered_matrix.mtx.gz,L228088,1
GSM8563001:TTCCTCTAGCGCACAA,Naive3,GSM8563001,L80217,1.0,TTCCTCTAGCGCACAA-1,4320,GSM8563001_Naive3_filtered_matrix.mtx.gz,L80217,4
GSM8563001:TTCCTCTTCGCATTAG,Naive3,GSM8563001,L278604,1.0,TTCCTCTTCGCATTAG-1,4321,GSM8563001_Naive3_filtered_matrix.mtx.gz,L278604,2
GSM8563001:TTCCTCTTCTTCTTCC,Naive3,GSM8563001,L23071,1.0,TTCCTCTTCTTCTTCC-1,4322,GSM8563001_Naive3_filtered_matrix.mtx.gz,L23071,4
GSM8563001:TTCCTTCTCAGACCTA,Naive3,GSM8563001,L112164,1.0,TTCCTTCTCAGACCTA-1,4324,GSM8563001_Naive3_filtered_matrix.mtx.gz,L112164,2
GSM8563001:TTCCTTCTCGAACACT,Naive3,GSM8563001,L41780,1.0,TTCCTTCTCGAACACT-1,4325,GSM8563001_Naive3_filtered_matrix.mtx.gz,L41780,4
GSM8563001:TTCCTTCTCGATTCCC,Naive3,GSM8563001,L147347,1.0,TTCCTTCTCGATTCCC-1,4326,GSM8563001_Naive3_filtered_matrix.mtx.gz,L147347,1
GSM8563001:TTCCTTCTCGGACAAG,Naive3,GSM8563001,L117646,1.0,TTCCTTCTCGGACAAG-1,4327,GSM8563001_Naive3_filtered_matrix.mtx.gz,L117646,0
GSM8563001:TTCGATTAGCATTGAA,Naive3,GSM8563001,L46940,1.0,TTCGATTAGCATTGAA-1,4328,GSM8563001_Naive3_filtered_matrix.mtx.gz,L46940,2
GSM8563001:TTCGATTAGCTCACTA,Naive3,GSM8563001,L249292,1.0,TTCGATTAGCTCACTA-1,4329,GSM8563001_Naive3_filtered_matrix.mtx.gz,L249292,3
GSM8563001:TTCGATTGTAACAAGT,Naive3,GSM8563001,L323960,1.0,TTCGATTGTAACAAGT-1,4331,GSM8563001_Naive3_filtered_matrix.mtx.gz,L323960,2
GSM8563001:TTCGATTGTTCGTTCC,Naive3,GSM8563001,L40629,1.0,TTCGATTGTTCGTTCC-1,4334,GSM8563001_Naive3_filtered_matrix.mtx.gz,L40629,4
GSM8563001:TTCGATTTCGAGAAGC,Naive3,GSM8563001,L316533,1.0,TTCGATTTCGAGAAGC-1,4335,GSM8563001_Naive3_filtered_matrix.mtx.gz,L316533,2
GSM8563001:TTCGGTCGTCGCGGTT,Naive3,GSM8563001,L16438,1.0,TTCGGTCGTCGCGGTT-1,4337,GSM8563001_Naive3_filtered_matrix.mtx.gz,L16438,1
GSM8563001:TTCTAACGTAGTACGG,Naive3,GSM8563001,L145073,1.0,TTCTAACGTAGTACGG-1,4339,GSM8563001_Naive3_filtered_matrix.mtx.gz,L145073,1
GSM8563001:TTCTAACGTCACGTGC,Naive3,GSM8563001,L192531,1.0,TTCTAACGTCACGTGC-1,4340,GSM8563001_Naive3_filtered_matrix.mtx.gz,L192531,1
GSM8563001:TTCTAGTGTCTCTCCA,Naive3,GSM8563001,L211180,1.0,TTCTAGTGTCTCTCCA-1,4341,GSM8563001_Naive3_filtered_matrix.mtx.gz,L211180,0
GSM8563001:TTCTAGTGTGGCTAGA,Naive3,GSM8563001,L183654,1.0,TTCTAGTGTGGCTAGA-1,4342,GSM8563001_Naive3_filtered_matrix.mtx.gz,L183654,3
GSM8563001:TTCTAGTGTTGCTCAA,Naive3,GSM8563001,L59420,1.0,TTCTAGTGTTGCTCAA-1,4343,GSM8563001_Naive3_filtered_matrix.mtx.gz,L59420,0
GSM8563001:TTCTAGTTCGAAGAAT,Naive3,GSM8563001,L135446,1.0,TTCTAGTTCGAAGAAT-1,4344,GSM8563001_Naive3_filtered_matrix.mtx.gz,L135446,3
GSM8563001:TTCTCTCTCCTCTCTT,Naive3,GSM8563001,L116375,1.0,TTCTCTCTCCTCTCTT-1,4345,GSM8563001_Naive3_filtered_matrix.mtx.gz,L116375,3
GSM8563001:TTCTGTAAGAGGTCAC,Naive3,GSM8563001,L144132,1.0,TTCTGTAAGAGGTCAC-1,4346,GSM8563001_Naive3_filtered_matrix.mtx.gz,L144132,3
GSM8563001:TTCTGTAGTGGCTTGC,Naive3,GSM8563001,L270293,1.0,TTCTGTAGTGGCTTGC-1,4349,GSM8563001_Naive3_filtered_matrix.mtx.gz,L270293,3
GSM8563001:TTCTGTAGTTGTCAGT,Naive3,GSM8563001,L40894,1.0,TTCTGTAGTTGTCAGT-1,4350,GSM8563001_Naive3_filtered_matrix.mtx.gz,L40894,1
GSM8563001:TTCTGTATCACCTACC,Naive3,GSM8563001,L91035,1.0,TTCTGTATCACCTACC-1,4351,GSM8563001_Naive3_filtered_matrix.mtx.gz,L91035,3
GSM8563001:TTCTTCCCAATTTCTC,Naive3,GSM8563001,L113271,1.0,TTCTTCCCAATTTCTC-1,4353,GSM8563001_Naive3_filtered_matrix.mtx.gz,L113271,4
GSM8563001:TTCTTCCGTATGCGTT,Naive3,GSM8563001,L166707,1.0,TTCTTCCGTATGCGTT-1,4354,GSM8563001_Naive3_filtered_matrix.mtx.gz,L166707,1
GSM8563001:TTCTTCCTCCGATGCG,Naive3,GSM8563001,L217032,1.0,TTCTTCCTCCGATGCG-1,4355,GSM8563001_Naive3_filtered_matrix.mtx.gz,L217032,0
GSM8563001:TTCTTGACAAGTGCTT,Naive3,GSM8563001,L205676,1.0,TTCTTGACAAGTGCTT-1,4357,GSM8563001_Naive3_filtered_matrix.mtx.gz,L205676,0
GSM8563001:TTCTTGATCAGACAAA,Naive3,GSM8563001,L263554,0.717833,TTCTTGATCAGACAAA-1,4359,GSM8563001_Naive3_filtered_matrix.mtx.gz,L263554,3
GSM8563001:TTCTTGATCCCTCAAC,Naive3,GSM8563001,L6369,1.0,TTCTTGATCCCTCAAC-1,4360,GSM8563001_Naive3_filtered_matrix.mtx.gz,L6369,4
GSM8563001:TTGAACGCAATACGCT,Naive3,GSM8563001,L227050,1.0,TTGAACGCAATACGCT-1,4362,GSM8563001_Naive3_filtered_matrix.mtx.gz,L227050,3
GSM8563001:TTGAACGGTTTGAAAG,Naive3,GSM8563001,L194069,1.0,TTGAACGGTTTGAAAG-1,4364,GSM8563001_Naive3_filtered_matrix.mtx.gz,L194069,2
GSM8563001:TTGACCCAGTATGCAA,Naive3,GSM8563001,L17420,1.0,TTGACCCAGTATGCAA-1,4368,GSM8563001_Naive3_filtered_matrix.mtx.gz,L17420,0
GSM8563001:TTGAGTGGTAGGGTAC,Naive3,GSM8563001,L83489,1.0,TTGAGTGGTAGGGTAC-1,4371,GSM8563001_Naive3_filtered_matrix.mtx.gz,L83489,4
GSM8563001:TTGAGTGGTGTTGCCG,Naive3,GSM8563001,L197414,1.0,TTGAGTGGTGTTGCCG-1,4372,GSM8563001_Naive3_filtered_matrix.mtx.gz,L197414,1
GSM8563001:TTGATGGAGCCGAATG,Naive3,GSM8563001,L6369,1.0,TTGATGGAGCCGAATG-1,4374,GSM8563001_Naive3_filtered_matrix.mtx.gz,L6369,4
GSM8563001:TTGATGGGTATACCCA,Naive3,GSM8563001,L56999,1.0,TTGATGGGTATACCCA-1,4375,GSM8563001_Naive3_filtered_matrix.mtx.gz,L56999,0
GSM8563001:TTGATGGGTGCATTTG,Naive3,GSM8563001,L13633,1.0,TTGATGGGTGCATTTG-1,4376,GSM8563001_Naive3_filtered_matrix.mtx.gz,L13633,4
GSM8563001:TTGATGGTCGACGACC,Naive3,GSM8563001,L211840,1.0,TTGATGGTCGACGACC-1,4378,GSM8563001_Naive3_filtered_matrix.mtx.gz,L211840,1
GSM8563001:TTGCATTAGCAGGCAT,Naive3,GSM8563001,L31111,1.0,TTGCATTAGCAGGCAT-1,4379,GSM8563001_Naive3_filtered_matrix.mtx.gz,L31111,3
GSM8563001:TTGCATTCAATCGAAA,Naive3,GSM8563001,L31852,1.0,TTGCATTCAATCGAAA-1,4380,GSM8563001_Naive3_filtered_matrix.mtx.gz,L31852,2
GSM8563001:TTGCATTCAGCTGTTA,Naive3,GSM8563001,L124157,0.997345,TTGCATTCAGCTGTTA-1,4381,GSM8563001_Naive3_filtered_matrix.mtx.gz,L124157,4
GSM8563001:TTGCATTGTGTGCCTG,Naive3,GSM8563001,L84060,1.0,TTGCATTGTGTGCCTG-1,4382,GSM8563001_Naive3_filtered_matrix.mtx.gz,L84060,4
GSM8563001:TTGCATTTCTACTATC,Naive3,GSM8563001,L66476,1.0,TTGCATTTCTACTATC-1,4384,GSM8563001_Naive3_filtered_matrix.mtx.gz,L66476,1
GSM8563001:TTGCCTGAGATTGACA,Naive3,GSM8563001,L240104,1.0,TTGCCTGAGATTGACA-1,4385,GSM8563001_Naive3_filtered_matrix.mtx.gz,L240104,3
GSM8563001:TTGCCTGTCGGCCTTT,Naive3,GSM8563001,L12904,1.0,TTGCCTGTCGGCCTTT-1,4386,GSM8563001_Naive3_filtered_matrix.mtx.gz,L12904,3
GSM8563001:TTGCGTCAGACATATG,Naive3,GSM8563001,L41113,1.0,TTGCGTCAGACATATG-1,4387,GSM8563001_Naive3_filtered_matrix.mtx.gz,L41113,3
GSM8563001:TTGCGTCAGCCTTGAT,Naive3,GSM8563001,L55579,1.0,TTGCGTCAGCCTTGAT-1,4388,GSM8563001_Naive3_filtered_matrix.mtx.gz,L55579,1
GSM8563001:TTGCTGCAGAGAGTGA,Naive3,GSM8563001,L98246,1.0,TTGCTGCAGAGAGTGA-1,4391,GSM8563001_Naive3_filtered_matrix.mtx.gz,L98246,3
GSM8563001:TTGCTGCAGTCAGAGC,Naive3,GSM8563001,L31852,1.0,TTGCTGCAGTCAGAGC-1,4392,GSM8563001_Naive3_filtered_matrix.mtx.gz,L31852,2
GSM8563001:TTGCTGCCAACTCCAA,Naive3,GSM8563001,L132926,1.0,TTGCTGCCAACTCCAA-1,4393,GSM8563001_Naive3_filtered_matrix.mtx.gz,L132926,1
GSM8563001:TTGCTGCGTATCATGC,Naive3,GSM8563001,L138125,1.0,TTGCTGCGTATCATGC-1,4394,GSM8563001_Naive3_filtered_matrix.mtx.gz,L138125,4
GSM8563001:TTGCTGCGTCTTCGAA,Naive3,GSM8563001,L5045,0.999315,TTGCTGCGTCTTCGAA-1,4395,GSM8563001_Naive3_filtered_matrix.mtx.gz,L5045,3
GSM8563001:TTGGATGGTGTATCCA,Naive3,GSM8563001,L241540,1.0,TTGGATGGTGTATCCA-1,4398,GSM8563001_Naive3_filtered_matrix.mtx.gz,L241540,2
GSM8563001:TTGGATGGTTCAAACC,Naive3,GSM8563001,L231007,1.0,TTGGATGGTTCAAACC-1,4399,GSM8563001_Naive3_filtered_matrix.mtx.gz,L231007,2
GSM8563001:TTGGATGTCGAGCCTG,Naive3,GSM8563001,L320820,1.0,TTGGATGTCGAGCCTG-1,4400,GSM8563001_Naive3_filtered_matrix.mtx.gz,L320820,3
GSM8563001:TTGGATGTCTACTGCC,Naive3,GSM8563001,L129056,1.0,TTGGATGTCTACTGCC-1,4401,GSM8563001_Naive3_filtered_matrix.mtx.gz,L129056,3
GSM8563001:TTGGGATGTTCCAAAC,Naive3,GSM8563001,L23111,1.0,TTGGGATGTTCCAAAC-1,4402,GSM8563001_Naive3_filtered_matrix.mtx.gz,L23111,1
GSM8563001:TTGGGATTCGAACGGA,Naive3,GSM8563001,L11473,0.997708,TTGGGATTCGAACGGA-1,4403,GSM8563001_Naive3_filtered_matrix.mtx.gz,L11473,2
GSM8563001:TTGGGCGAGAGTCAGC,Naive3,GSM8563001,L65794,1.0,TTGGGCGAGAGTCAGC-1,4404,GSM8563001_Naive3_filtered_matrix.mtx.gz,L65794,4
GSM8563001:TTGGGCGAGCACGTCC,Naive3,GSM8563001,L51669,1.0,TTGGGCGAGCACGTCC-1,4405,GSM8563001_Naive3_filtered_matrix.mtx.gz,L51669,4
GSM8563001:TTGGGCGAGTGCGACA,Naive3,GSM8563001,L149612,1.0,TTGGGCGAGTGCGACA-1,4406,GSM8563001_Naive3_filtered_matrix.mtx.gz,L149612,4
GSM8563001:TTGGGCGCAGTGGCTC,Naive3,GSM8563001,L279030,1.0,TTGGGCGCAGTGGCTC-1,4407,GSM8563001_Naive3_filtered_matrix.mtx.gz,L279030,2
GSM8563001:TTGGGCGGTACGATCT,Naive3,GSM8563001,L13633,1.0,TTGGGCGGTACGATCT-1,4408,GSM8563001_Naive3_filtered_matrix.mtx.gz,L13633,4
GSM8563001:TTGGGCGTCCGAGTGC,Naive3,GSM8563001,L52264,1.0,TTGGGCGTCCGAGTGC-1,4409,GSM8563001_Naive3_filtered_matrix.mtx.gz,L52264,2
GSM8563001:TTGGGTAAGGCTCAAG,Naive3,GSM8563001,L229874,1.0,TTGGGTAAGGCTCAAG-1,4410,GSM8563001_Naive3_filtered_matrix.mtx.gz,L229874,1
GSM8563001:TTGGGTATCCTAGCGG,Naive3,GSM8563001,L112164,1.0,TTGGGTATCCTAGCGG-1,4412,GSM8563001_Naive3_filtered_matrix.mtx.gz,L112164,2
GSM8563001:TTGGTTTGTCGTATGT,Naive3,GSM8563001,L5986,1.0,TTGGTTTGTCGTATGT-1,4414,GSM8563001_Naive3_filtered_matrix.mtx.gz,L5986,3
GSM8563001:TTGGTTTGTCTACAGT,Naive3,GSM8563001,L196980,1.0,TTGGTTTGTCTACAGT-1,4415,GSM8563001_Naive3_filtered_matrix.mtx.gz,L196980,3
GSM8563001:TTGTGGAAGGGTGAGG,Naive3,GSM8563001,L183358,1.0,TTGTGGAAGGGTGAGG-1,4417,GSM8563001_Naive3_filtered_matrix.mtx.gz,L183358,0
GSM8563001:TTGTGGACAGCCCACA,Naive3,GSM8563001,L3243,1.0,TTGTGGACAGCCCACA-1,4418,GSM8563001_Naive3_filtered_matrix.mtx.gz,L3243,0
GSM8563001:TTGTTCAAGACTACGG,Naive3,GSM8563001,L187885,1.0,TTGTTCAAGACTACGG-1,4421,GSM8563001_Naive3_filtered_matrix.mtx.gz,L187885,0
GSM8563001:TTGTTCACAAGGCAAC,Naive3,GSM8563001,L280587,1.0,TTGTTCACAAGGCAAC-1,4422,GSM8563001_Naive3_filtered_matrix.mtx.gz,L280587,3
GSM8563001:TTGTTCACATCAGTCA,Naive3,GSM8563001,L195677,1.0,TTGTTCACATCAGTCA-1,4423,GSM8563001_Naive3_filtered_matrix.mtx.gz,L195677,0
GSM8563001:TTGTTCAGTGTGGACA,Naive3,GSM8563001,L181437,1.0,TTGTTCAGTGTGGACA-1,4424,GSM8563001_Naive3_filtered_matrix.mtx.gz,L181437,0
GSM8563001:TTGTTCAGTTCACCGG,Naive3,GSM8563001,L11473,1.0,TTGTTCAGTTCACCGG-1,4425,GSM8563001_Naive3_filtered_matrix.mtx.gz,L11473,2
GSM8563001:TTGTTTGCACATCCCT,Naive3,GSM8563001,L165027,1.0,TTGTTTGCACATCCCT-1,4427,GSM8563001_Naive3_filtered_matrix.mtx.gz,L165027,0
GSM8563001:TTGTTTGCATCCCACT,Naive3,GSM8563001,L31572,1.0,TTGTTTGCATCCCACT-1,4428,GSM8563001_Naive3_filtered_matrix.mtx.gz,L31572,3
GSM8563001:TTGTTTGGTCATCACA,Naive3,GSM8563001,L6369,1.0,TTGTTTGGTCATCACA-1,4430,GSM8563001_Naive3_filtered_matrix.mtx.gz,L6369,4
GSM8563001:TTGTTTGGTGACCGTC,Naive3,GSM8563001,L33701,1.0,TTGTTTGGTGACCGTC-1,4431,GSM8563001_Naive3_filtered_matrix.mtx.gz,L33701,3
GSM8563001:TTGTTTGGTTGACTGT,Naive3,GSM8563001,L70669,1.0,TTGTTTGGTTGACTGT-1,4432,GSM8563001_Naive3_filtered_matrix.mtx.gz,L70669,3
GSM8563001:TTTACCAAGGGTGAGG,Naive3,GSM8563001,L109019,1.0,TTTACCAAGGGTGAGG-1,4433,GSM8563001_Naive3_filtered_matrix.mtx.gz,L109019,3
GSM8563001:TTTACCAAGGTCTACT,Naive3,GSM8563001,L69904,1.0,TTTACCAAGGTCTACT-1,4434,GSM8563001_Naive3_filtered_matrix.mtx.gz,L69904,4
GSM8563001:TTTACCAGTGATAGAT,Naive3,GSM8563001,L131040,1.0,TTTACCAGTGATAGAT-1,4436,GSM8563001_Naive3_filtered_matrix.mtx.gz,L131040,1
GSM8563001:TTTACCATCGAGGCAA,Naive3,GSM8563001,L117526,1.0,TTTACCATCGAGGCAA-1,4437,GSM8563001_Naive3_filtered_matrix.mtx.gz,L117526,3
GSM8563001:TTTACGTAGTGCCGAA,Naive3,GSM8563001,L70669,1.0,TTTACGTAGTGCCGAA-1,4439,GSM8563001_Naive3_filtered_matrix.mtx.gz,L70669,3
GSM8563001:TTTACTGAGCTGAGTG,Naive3,GSM8563001,L278604,1.0,TTTACTGAGCTGAGTG-1,4442,GSM8563001_Naive3_filtered_matrix.mtx.gz,L278604,2
GSM8563001:TTTACTGCACACTGGC,Naive3,GSM8563001,L167969,1.0,TTTACTGCACACTGGC-1,4443,GSM8563001_Naive3_filtered_matrix.mtx.gz,L167969,1
GSM8563001:TTTACTGCACAGCTGC,Naive3,GSM8563001,L109808,1.0,TTTACTGCACAGCTGC-1,4444,GSM8563001_Naive3_filtered_matrix.mtx.gz,L109808,1
GSM8563001:TTTACTGCAGGAAGTC,Naive3,GSM8563001,L13818,1.0,TTTACTGCAGGAAGTC-1,4446,GSM8563001_Naive3_filtered_matrix.mtx.gz,L13818,3
GSM8563001:TTTAGTCAGTAAACTG,Naive3,GSM8563001,L231007,1.0,TTTAGTCAGTAAACTG-1,4451,GSM8563001_Naive3_filtered_matrix.mtx.gz,L231007,2
GSM8563001:TTTAGTCAGTTCTCTT,Naive3,GSM8563001,L190318,1.0,TTTAGTCAGTTCTCTT-1,4452,GSM8563001_Naive3_filtered_matrix.mtx.gz,L190318,2
GSM8563001:TTTAGTCCAAAGCTAA,Naive3,GSM8563001,L152903,1.0,TTTAGTCCAAAGCTAA-1,4453,GSM8563001_Naive3_filtered_matrix.mtx.gz,L152903,2
GSM8563001:TTTAGTCCAAGCACCC,Naive3,GSM8563001,L200082,1.0,TTTAGTCCAAGCACCC-1,4454,GSM8563001_Naive3_filtered_matrix.mtx.gz,L200082,2
GSM8563001:TTTAGTCCACGTCTCT,Naive3,GSM8563001,L290279,1.0,TTTAGTCCACGTCTCT-1,4455,GSM8563001_Naive3_filtered_matrix.mtx.gz,L290279,2
GSM8563001:TTTAGTCCAGCCGTTG,Naive3,GSM8563001,L165643,1.0,TTTAGTCCAGCCGTTG-1,4456,GSM8563001_Naive3_filtered_matrix.mtx.gz,L165643,0
GSM8563001:TTTAGTCCATCGGAGA,Naive3,GSM8563001,L104690,1.0,TTTAGTCCATCGGAGA-1,4457,GSM8563001_Naive3_filtered_matrix.mtx.gz,L104690,4
GSM8563001:TTTAGTCTCCACAGCG,Naive3,GSM8563001,L127688,1.0,TTTAGTCTCCACAGCG-1,4460,GSM8563001_Naive3_filtered_matrix.mtx.gz,L127688,1
GSM8563001:TTTAGTCTCTGACGCG,Naive3,GSM8563001,L9682,1.0,TTTAGTCTCTGACGCG-1,4461,GSM8563001_Naive3_filtered_matrix.mtx.gz,L9682,1
GSM8563001:TTTATGCGTAGTGATA,Naive3,GSM8563001,L325741,1.0,TTTATGCGTAGTGATA-1,4463,GSM8563001_Naive3_filtered_matrix.mtx.gz,L325741,0
GSM8563001:TTTCACAGTCTCACAA,Naive3,GSM8563001,L109676,1.0,TTTCACAGTCTCACAA-1,4464,GSM8563001_Naive3_filtered_matrix.mtx.gz,L109676,2
GSM8563001:TTTCACAGTGTTTGCA,Naive3,GSM8563001,L177128,1.0,TTTCACAGTGTTTGCA-1,4465,GSM8563001_Naive3_filtered_matrix.mtx.gz,L177128,3
GSM8563001:TTTCAGTCAGGTTCGC,Naive3,GSM8563001,L278604,0.999606,TTTCAGTCAGGTTCGC-1,4468,GSM8563001_Naive3_filtered_matrix.mtx.gz,L278604,2
GSM8563001:TTTCATGGTACCTAAC,Naive3,GSM8563001,L97975,0.999914,TTTCATGGTACCTAAC-1,4470,GSM8563001_Naive3_filtered_matrix.mtx.gz,L97975,4
GSM8563001:TTTCATGGTATCCTCC,Naive3,GSM8563001,L85031,1.0,TTTCATGGTATCCTCC-1,4471,GSM8563001_Naive3_filtered_matrix.mtx.gz,L85031,0
GSM8563001:TTTCATGGTTCTATCT,Naive3,GSM8563001,L135014,1.0,TTTCATGGTTCTATCT-1,4472,GSM8563001_Naive3_filtered_matrix.mtx.gz,L135014,4
GSM8563001:TTTCATGTCGGTAGAG,Naive3,GSM8563001,L118613,1.0,TTTCATGTCGGTAGAG-1,4474,GSM8563001_Naive3_filtered_matrix.mtx.gz,L118613,2
GSM8563001:TTTCCTCCACCACTGG,Naive3,GSM8563001,L183297,1.0,TTTCCTCCACCACTGG-1,4475,GSM8563001_Naive3_filtered_matrix.mtx.gz,L183297,4
GSM8563001:TTTCCTCTCCATTTCA,Naive3,GSM8563001,L219307,1.0,TTTCCTCTCCATTTCA-1,4476,GSM8563001_Naive3_filtered_matrix.mtx.gz,L219307,3
GSM8563001:TTTCCTCTCCTCTCGA,Naive3,GSM8563001,L87366,1.0,TTTCCTCTCCTCTCGA-1,4477,GSM8563001_Naive3_filtered_matrix.mtx.gz,L87366,3
GSM8563001:TTTCGATAGACCTGGA,Naive3,GSM8563001,L296189,1.0,TTTCGATAGACCTGGA-1,4479,GSM8563001_Naive3_filtered_matrix.mtx.gz,L296189,1
GSM8563001:TTTCGATAGGAGGCAG,Naive3,GSM8563001,L239228,1.0,TTTCGATAGGAGGCAG-1,4480,GSM8563001_Naive3_filtered_matrix.mtx.gz,L239228,2
GSM8563001:TTTCGATAGGTCGACA,Naive3,GSM8563001,L271069,1.0,TTTCGATAGGTCGACA-1,4482,GSM8563001_Naive3_filtered_matrix.mtx.gz,L271069,0
GSM8563001:TTTCGATCAATGGCAG,Naive3,GSM8563001,L218518,1.0,TTTCGATCAATGGCAG-1,4483,GSM8563001_Naive3_filtered_matrix.mtx.gz,L218518,2
GSM8563001:TTTCGATGTGATACTC,Naive3,GSM8563001,L131755,1.0,TTTCGATGTGATACTC-1,4484,GSM8563001_Naive3_filtered_matrix.mtx.gz,L131755,3
GSM8563001:TTTGACTCAACACGTT,Naive3,GSM8563001,L210269,1.0,TTTGACTCAACACGTT-1,4485,GSM8563001_Naive3_filtered_matrix.mtx.gz,L210269,2
GSM8563001:TTTGACTCACCTCTGT,Naive3,GSM8563001,L82979,1.0,TTTGACTCACCTCTGT-1,4486,GSM8563001_Naive3_filtered_matrix.mtx.gz,L82979,2
GSM8563001:TTTGACTGTTTGTTCT,Naive3,GSM8563001,L314894,1.0,TTTGACTGTTTGTTCT-1,4487,GSM8563001_Naive3_filtered_matrix.mtx.gz,L314894,1
GSM8563001:TTTGACTTCCACGTCT,Naive3,GSM8563001,L329553,1.0,TTTGACTTCCACGTCT-1,4488,GSM8563001_Naive3_filtered_matrix.mtx.gz,L329553,3
GSM8563001:TTTGACTTCCTCACTG,Naive3,GSM8563001,L204285,1.0,TTTGACTTCCTCACTG-1,4489,GSM8563001_Naive3_filtered_matrix.mtx.gz,L204285,3
GSM8563001:TTTGATCAGGTGATCG,Naive3,GSM8563001,L165027,1.0,TTTGATCAGGTGATCG-1,4492,GSM8563001_Naive3_filtered_matrix.mtx.gz,L165027,0
GSM8563001:TTTGATCAGTCATTGC,Naive3,GSM8563001,L153469,1.0,TTTGATCAGTCATTGC-1,4493,GSM8563001_Naive3_filtered_matrix.mtx.gz,L153469,3
GSM8563001:TTTGATCGTAACTGCT,Naive3,GSM8563001,L301536,1.0,TTTGATCGTAACTGCT-1,4494,GSM8563001_Naive3_filtered_matrix.mtx.gz,L301536,1
GSM8563001:TTTGATCGTATCGCGC,Naive3,GSM8563001,L10299,1.0,TTTGATCGTATCGCGC-1,4495,GSM8563001_Naive3_filtered_matrix.mtx.gz,L10299,3
GSM8563001:TTTGATCGTGCAAGAC,Naive3,GSM8563001,L162604,1.0,TTTGATCGTGCAAGAC-1,4496,GSM8563001_Naive3_filtered_matrix.mtx.gz,L162604,0
GSM8563001:TTTGGAGCACGCTGTG,Naive3,GSM8563001,L269961,1.0,TTTGGAGCACGCTGTG-1,4499,GSM8563001_Naive3_filtered_matrix.mtx.gz,L269961,4
GSM8563001:TTTGGAGCACTGCGAC,Naive3,GSM8563001,L21177,1.0,TTTGGAGCACTGCGAC-1,4500,GSM8563001_Naive3_filtered_matrix.mtx.gz,L21177,0
GSM8563001:TTTGGTTAGAGATGCC,Naive3,GSM8563001,L47103,1.0,TTTGGTTAGAGATGCC-1,4501,GSM8563001_Naive3_filtered_matrix.mtx.gz,L47103,4
GSM8563001:TTTGGTTAGGTCCTGC,Naive3,GSM8563001,L15037,1.0,TTTGGTTAGGTCCTGC-1,4502,GSM8563001_Naive3_filtered_matrix.mtx.gz,L15037,4
GSM8563001:TTTGGTTAGGTGGCTA,Naive3,GSM8563001,L46096,1.0,TTTGGTTAGGTGGCTA-1,4503,GSM8563001_Naive3_filtered_matrix.mtx.gz,L46096,3
GSM8563001:TTTGGTTTCATCGCTC,Naive3,GSM8563001,L235421,1.0,TTTGGTTTCATCGCTC-1,4505,GSM8563001_Naive3_filtered_matrix.mtx.gz,L235421,3
GSM8563001:TTTGTTGCAGCGTGCT,Naive3,GSM8563001,L314894,1.0,TTTGTTGCAGCGTGCT-1,4506,GSM8563001_Naive3_filtered_matrix.mtx.gz,L314894,1
