clone_id,treatment,outer_fold,y,pred_W1,pred_W4,pred_W5,detected_post,ranking_eligible
L100162,Acid,2,0,0.3123280499487586,0.2536232946280952,0.3283351528494846,False,False
L100162,Cisplatin,2,0,0.0888965001766363,0.0671300225624519,0.0734522840857613,False,False
L100162,CoCl2,2,0,0.10414634088636,0.0791011475725965,0.1304671421605411,False,False
L100162,Dabrafenib,2,0,0.1041463408863601,0.0791011475725965,0.0332345143689072,False,False
L100162,Doxorubicin,2,0,0.142795584893713,0.1101719756044021,0.1338483652949318,False,False
L100162,Trametinib,2,0,0.0840199282215226,0.0633434295991417,0.0365756347662169,False,False
L100615,Acid,0,0,0.6303847650381779,0.6082155338505646,0.6541259824971829,False,True
L100615,Cisplatin,0,0,0.2428523681013637,0.2193621195247201,0.2457357947946988,False,True
L100615,CoCl2,0,0,0.3058039928536218,0.2796902768446109,0.2127405206226653,False,True
L100615,Dabrafenib,0,0,0.3293891716958623,0.3026510083815577,0.2478604801026018,False,True
L100615,Doxorubicin,0,1,0.3899771015393171,0.3628469286842952,0.3928926208441807,True,True
L100615,Trametinib,0,0,0.2690947079774682,0.2442905439764614,0.1700245992727992,False,True
L100688,Acid,1,1,0.4158230698941236,0.4160802601161648,0.3374569183678404,True,True
L100688,Cisplatin,1,0,0.1278311601185779,0.1195446185468067,0.0809311243025186,False,True
L100688,CoCl2,1,0,0.1644139361003428,0.1553162764089293,0.2828216381514484,False,True
L100688,Dabrafenib,1,1,0.1611167897031677,0.1520678577113451,0.1491342252073944,True,True
L100688,Doxorubicin,1,0,0.2270276463322885,0.21801699666486,0.2637134863243364,False,True
L100688,Trametinib,1,1,0.1301330671248022,0.1217699166894491,0.0956761456338764,True,True
L100742,Acid,0,0,0.2846693786920213,0.2877563849404134,0.0920031099312088,False,False
L100742,Cisplatin,0,0,0.06962987611271,0.0681468226243836,0.0505307416688551,False,False
L100742,CoCl2,0,0,0.0932067590000554,0.0917775449048409,0.0338859803495773,False,False
L100742,Dabrafenib,0,0,0.102824000340023,0.1014853217992356,0.2229567520070359,False,False
L100742,Doxorubicin,0,0,0.1298040178991264,0.129076139671946,0.1232604918535489,False,False
L100742,Trametinib,0,0,0.0791097509577917,0.0775992553881017,0.1903002577133014,False,False
L100814,Acid,0,1,0.8794454425867445,0.8793161778977414,0.8923756471969218,True,True
L100814,Cisplatin,0,1,0.5784019748394237,0.5687530626230718,0.6648803850932818,True,True
L100814,CoCl2,0,0,0.6532852136396639,0.6456916611997434,0.5925130543235495,False,True
L100814,Dabrafenib,0,1,0.6775143888654733,0.6707208933899956,0.6037923075556176,True,True
L100814,Doxorubicin,0,1,0.7322195235188256,0.7277276711299713,0.7593315523694325,True,True
L100814,Trametinib,0,1,0.6116137944563584,0.602730261575966,0.5754115865165915,True,True
L101216,Acid,1,1,0.4172781131200817,0.3183779118222916,0.2692374841899954,True,True
L101216,Cisplatin,1,0,0.1285001353508123,0.0817277353462689,0.0764542065830597,False,True
L101216,CoCl2,1,0,0.1652380879475498,0.1075658347667975,0.0277705533241408,False,True
L101216,Dabrafenib,1,0,0.1619276169125846,0.1051917388003415,0.1419408254453495,False,True
L101216,Doxorubicin,1,1,0.2280799886407108,0.1545160887188314,0.1303797285844704,True,True
L101216,Trametinib,1,0,0.13081228206688,0.083315693766345,0.0966569190043673,False,True
L101260,Acid,4,1,0.5848915139737458,0.6176793422999638,0.493400793278566,True,True
L101260,Cisplatin,4,0,0.2235701198548117,0.2406062773001388,0.2465466217440765,False,True
L101260,CoCl2,4,0,0.2650402307610821,0.285003821418568,0.1723486067914132,False,True
L101260,Dabrafenib,4,1,0.2578908613459247,0.2773497951574156,0.3932439713894748,True,True
L101260,Doxorubicin,4,1,0.3451904959541029,0.3708194494439755,0.3544975608176198,True,True
L101260,Trametinib,4,1,0.2141718800980559,0.2305667564603674,0.3347756155596733,True,True
L102089,Acid,0,1,0.2846693786920213,0.3696027286472834,0.3775226491125597,True,True
L102089,Cisplatin,0,0,0.06962987611271,0.0959440146272593,0.1226413461670272,False,True
L102089,CoCl2,0,0,0.0932067590000554,0.1278908525248004,0.0813089462444433,False,True
L102089,Dabrafenib,0,0,0.102824000340023,0.1408262170963716,0.1550244959104573,False,True
L102089,Doxorubicin,0,1,0.1298040178991264,0.177005631184991,0.1639533133187378,True,True
L102089,Trametinib,0,0,0.0791097509577917,0.108801927130509,0.1165399313360849,False,True
L102444,Acid,2,1,0.6558774992811683,0.6526716978740882,0.6150550781599076,True,True
L102444,Cisplatin,2,0,0.2905015156662419,0.2846624784665537,0.2785981404682892,False,True
L102444,CoCl2,2,1,0.3278895491695717,0.3220342937616673,0.3803376476339724,True,True
L102444,Dabrafenib,2,0,0.3278895491695718,0.3220342937616674,0.3070338501058271,False,True
L102444,Doxorubicin,2,0,0.4114369858772221,0.4064159948410248,0.3904792846430415,False,True
L102444,Trametinib,2,0,0.2779393054784328,0.2721857060491435,0.2349937824052539,False,True
L102484,Acid,2,1,0.2879810790401368,0.3503874880026289,0.2971994983587753,True,True
L102484,Cisplatin,2,0,0.0799419805856406,0.1025147043771972,0.1327496698504905,False,True
L102484,CoCl2,2,0,0.0938138784504659,0.1199842989251006,0.0895933547856658,False,True
L102484,Dabrafenib,2,1,0.0938138784504659,0.1199842989251006,0.0901125967194523,True,True
L102484,Doxorubicin,2,0,0.1291816151328634,0.1642497502951251,0.1676927893607877,False,True
L102484,Trametinib,2,1,0.0755159104304394,0.0969395818400203,0.1051386642123972,True,True
L10299,Acid,3,1,0.8385009983202426,0.819765016647255,0.8661452260711118,True,True
L10299,Cisplatin,3,1,0.5178088218628984,0.4667486334003642,0.5362341595729999,True,True
L10299,CoCl2,3,1,0.5698800915479982,0.5207321453469708,0.5599891461330239,True,True
L10299,Dabrafenib,3,0,0.569880091547999,0.5207321453469708,0.4284433959706486,False,True
L10299,Doxorubicin,3,1,0.6741527251635806,0.6329968005078229,0.6857118000656357,True,True
L10299,Trametinib,3,0,0.5212487555439478,0.4702631265110495,0.3680108300968474,False,True
L103055,Acid,1,0,0.6445440917976828,0.4962505231637603,0.4443860339490095,False,False
L103055,Cisplatin,1,0,0.2718638547597963,0.1580429202695125,0.1509720828588733,False,False
L103055,CoCl2,1,0,0.3338862596590888,0.2026826126181275,0.1590275438146002,False,False
L103055,Dabrafenib,1,0,0.3285267461820262,0.1986765449402098,0.1445912881174376,False,False
L103055,Doxorubicin,1,0,0.4279829544741482,0.2782070306199505,0.2740851372316429,False,False
L103055,Trametinib,1,0,0.2759388297804382,0.160853930820464,0.1282921508972908,False,False
L103561,Acid,1,0,0.5091537836307407,0.5993248588658174,0.4795077651901477,False,True
L103561,Cisplatin,1,0,0.1759966798595818,0.2217993247885192,0.2124909019797761,False,True
L103561,CoCl2,1,0,0.2228416261213359,0.278490708821568,0.3903845089927376,False,True
L103561,Dabrafenib,1,1,0.218679419027207,0.273500254204915,0.2776290806615573,True,True
L103561,Doxorubicin,1,0,0.2997248977938739,0.3691833599497054,0.3325399341554436,False,True
L103561,Trametinib,1,1,0.1789879266198048,0.2254406943785812,0.2181980041229752,True,True
L103874,Acid,1,0,0.2846492613888907,0.237671995108368,0.2699373319981212,False,False
L103874,Cisplatin,1,0,0.0757290196169657,0.0560753738077378,0.036147048892931,False,False
L103874,CoCl2,1,0,0.09909531796825,0.0744611405913608,0.0982114348985191,False,False
L103874,Dabrafenib,1,0,0.0969560750019377,0.0727581327386764,0.0668527544736546,False,False
L103874,Doxorubicin,1,0,0.1410322674669205,0.1087222175991962,0.1413762802376354,False,False
L103874,Trametinib,1,0,0.0771757232365809,0.0571959553885849,0.0312892685167254,False,False
L104099,Acid,4,1,0.858898862239138,0.8914452100188976,0.8534577313791715,True,False
L104099,Cisplatin,4,1,0.5543609111658495,0.6169259485942684,0.6408249828475377,True,False
L104099,CoCl2,4,1,0.6090578440157818,0.6695398395189123,0.7561994902924996,True,False
L104099,Dabrafenib,4,1,0.6002070584180019,0.6611074714961831,0.6904172877563952,True,False
L104099,Doxorubicin,4,1,0.6948812314614055,0.7497306359457586,0.7663582462327808,True,False
L104099,Trametinib,4,1,0.5407416077298749,0.6036663912792865,0.6425754967748903,True,False
L10419,Acid,2,1,0.6676818497714082,0.6848764413962375,0.716482758642907,True,True
L10419,Cisplatin,2,0,0.3014912091798393,0.3151868350971706,0.4039901853807175,False,True
L10419,CoCl2,2,1,0.339616605755387,0.3545796456846987,0.3055372584962479,True,True
L10419,Dabrafenib,2,0,0.3396166057553871,0.3545796456846987,0.3049183624818146,False,True
L10419,Doxorubicin,2,1,0.4242659198431811,0.4419303080744345,0.4549828827305934,True,True
L10419,Trametinib,2,0,0.2886471084445555,0.3019368861180012,0.2549466713127455,False,True
L10467,Acid,2,0,0.2807695161874157,0.2206419344991561,0.1563993745124314,False,False
L10467,Cisplatin,2,0,0.0773739631839097,0.0565625213670045,0.0719918180813685,False,False
L10467,CoCl2,2,0,0.0908442457636326,0.066784080382801,0.0398844553278092,False,False
L10467,Dabrafenib,2,0,0.0908442457636327,0.066784080382801,0.0458028537665748,False,False
L10467,Doxorubicin,2,0,0.1252471706812583,0.0935080438013034,0.0916047685505645,False,False
L10467,Trametinib,2,0,0.0730787807484661,0.0533379262999255,0.0690080404557564,False,False
L104690,Acid,4,1,0.6652924983248589,0.5938731187462216,0.6357820373742907,True,True
L104690,Cisplatin,4,0,0.2888660030177321,0.2228614782722949,0.2499327510506173,False,True
L104690,CoCl2,4,0,0.3371879783359144,0.2651278592668857,0.1727861120032445,False,True
L104690,Dabrafenib,4,0,0.3289635379145483,0.2578151452826867,0.2254531212422061,False,True
L104690,Doxorubicin,4,1,0.4264953333150827,0.3478705418117956,0.3704592976871065,True,True
L104690,Trametinib,4,0,0.2777046603980344,0.213354352558711,0.1615901138907639,False,True
L104947,Acid,4,1,0.6628333245662733,0.768475199186999,0.676953037178703,True,True
L104947,Cisplatin,4,1,0.2866067891253402,0.3942822772802302,0.3977146154351906,True,True
L104947,CoCl2,4,1,0.334728727665821,0.4502246395569884,0.4896360485441925,True,True
L104947,Dabrafenib,4,1,0.326534720208415,0.4408694275650299,0.5661632651479181,True,True
L104947,Doxorubicin,4,0,0.4238012031386855,0.5476817965553576,0.5130040261493508,False,True
L104947,Trametinib,4,1,0.2754989212548642,0.381048028555032,0.4663929926562265,True,True
L105502,Acid,1,1,0.2846492613888907,0.3047260099353381,0.2593095321231324,True,True
L105502,Cisplatin,1,0,0.0757290196169657,0.0770758422651251,0.100545568399999,False,True
L105502,CoCl2,1,0,0.09909531796825,0.1016059831326928,0.1495009583439721,False,True
L105502,Dabrafenib,1,0,0.0969560750019377,0.09934878410096,0.0820062196662334,False,True
L105502,Doxorubicin,1,0,0.1410322674669205,0.1463815724184738,0.1454472857021058,False,True
L105502,Trametinib,1,0,0.0771757232365809,0.0785811498062371,0.0576688843080028,False,True
L10551,Acid,2,0,0.4182482055123107,0.2949427411455674,0.2976317454258943,False,False
L10551,Cisplatin,2,0,0.1337855071112935,0.0813793370146568,0.0703238771708133,False,False
L10551,CoCl2,2,0,0.1554222690865395,0.0956310165336164,0.1321021975928485,False,False
L10551,Dabrafenib,2,0,0.1554222690865395,0.0956310165336164,0.0530820321799197,False,False
L10551,Doxorubicin,2,0,0.20866797340549,0.1322622244810356,0.1520100527002753,False,False
L10551,Trametinib,2,0,0.1267891472075863,0.0768552034301669,0.0652007405916925,False,False
L105784,Acid,1,0,0.5091537836307407,0.4080077648551637,0.4082525199687643,False,False
L105784,Cisplatin,1,0,0.1759966798595818,0.1160815834800087,0.1838863186550103,False,False
L105784,CoCl2,1,0,0.2228416261213359,0.1509947014848965,0.239157926403299,False,False
L105784,Dabrafenib,1,0,0.218679419027207,0.147820850406967,0.0790646849847447,False,False
L105784,Doxorubicin,1,0,0.2997248977938739,0.2123894832977893,0.2422469132216156,False,False
L105784,Trametinib,1,0,0.1789879266198048,0.1182510758520427,0.0496195683717858,False,False
L105849,Acid,3,1,0.2940412912595201,0.2579840794107874,0.1799770606238349,True,True
L105849,Cisplatin,3,0,0.0793152022594877,0.0627123891754046,0.0635955857631237,False,True
L105849,CoCl2,3,0,0.0960772445913733,0.0766858067226847,0.1113222429964113,False,True
L105849,Dabrafenib,3,0,0.0960772445913736,0.0766858067226847,0.0402912651677733,False,True
L105849,Doxorubicin,3,0,0.1423477794644546,0.1164861800803921,0.1591513648210709,False,True
L105849,Trametinib,3,1,0.0803273884269043,0.0635471435478076,0.0343959615809615,True,True
L106015,Acid,2,1,0.5974253871585411,0.6206399630902133,0.5755232365810136,True,True
L106015,Cisplatin,2,0,0.241737546616509,0.2573116204138008,0.2845556760352121,False,True
L106015,CoCl2,2,1,0.2752846585139131,0.2925612444200985,0.293910180483142,True,True
L106015,Dabrafenib,2,1,0.2752846585139132,0.2925612444200985,0.2547658119237844,True,True
L106015,Doxorubicin,2,1,0.3524572433801913,0.3734744727082963,0.3837328293446333,True,True
L106015,Trametinib,2,0,0.2305986804685105,0.2456220149883722,0.1812158711169359,False,True
L106119,Acid,1,1,0.4130500535635625,0.322056386456397,0.3613551389317944,True,True
L106119,Cisplatin,1,1,0.1265625992972331,0.0830049612343025,0.078899865173888,True,True
L106119,CoCl2,1,0,0.1628501238050005,0.1091988355376429,0.0673173944976868,False,True
L106119,Dabrafenib,1,0,0.159578348822991,0.1067930104279542,0.0814205505619758,False,True
L106119,Doxorubicin,1,0,0.2250286722603371,0.156736677693239,0.2021720967365461,False,True
L106119,Trametinib,1,0,0.1288450374752859,0.0846154492404196,0.0685317645377637,False,True
L106449,Acid,2,0,0.2879810790401368,0.3059776196490531,0.1696633060332293,False,False
L106449,Cisplatin,2,0,0.0799419805856406,0.0853917500258593,0.0662104577632692,False,False
L106449,CoCl2,2,0,0.0938138784504659,0.1002694104299174,0.0685660926248755,False,False
L106449,Dabrafenib,2,0,0.0938138784504659,0.1002694104299174,0.1291676841948664,False,False
L106449,Doxorubicin,2,0,0.1291816151328634,0.138405431395631,0.1251634247402439,False,False
L106449,Trametinib,2,0,0.0755159104304394,0.0806641409161816,0.1397250538336859,False,False
L106663,Acid,3,0,0.2800284500633928,0.1692026294006179,0.0600897688856027,False,False
L106663,Cisplatin,3,0,0.0744561004084269,0.0377151994020319,0.0355807859095479,False,False
L106663,CoCl2,3,0,0.090291954794067,0.0463945040389702,0.0337841778205823,False,False
L106663,Dabrafenib,3,0,0.0902919547940672,0.0463945040389702,0.0449319062149087,False,False
L106663,Doxorubicin,3,0,0.1341899264720791,0.0716942627546842,0.0797493744272735,False,False
L106663,Trametinib,3,0,0.0754113559162071,0.038230792047724,0.0161343274835834,False,False
L10693,Acid,4,0,0.2968821351175162,0.2593200307286313,0.1999468206126208,False,False
L10693,Cisplatin,4,0,0.0794343772887644,0.0642495579390156,0.0843719259355223,False,False
L10693,CoCl2,4,0,0.0975269614574984,0.079512432818212,0.1656197681186982,False,False
L10693,Dabrafenib,4,0,0.094316337926325,0.076784401763673,0.0338934292512223,False,False
L10693,Doxorubicin,4,0,0.1364228780661134,0.1132547067183094,0.1318394870856247,False,False
L10693,Trametinib,4,0,0.0755059582532245,0.0609778005707164,0.0407016288657268,False,False
L106934,Acid,3,0,0.2839379758377813,0.2479328934203022,0.2199815800938853,False,False
L106934,Cisplatin,3,0,0.0757977484189873,0.0596574169981786,0.083010405101679,False,False
L106934,CoCl2,3,0,0.0918906235877918,0.0730031515304135,0.1512910734334734,False,False
L106934,Dabrafenib,3,0,0.0918906235877921,0.0730031515304135,0.073693751585988,False,False
L106934,Doxorubicin,3,0,0.136449253309681,0.1111222358315636,0.079101215529222,False,False
L106934,Trametinib,3,0,0.0767687892495874,0.0604541299380125,0.0453661530100178,False,False
L106945,Acid,4,1,0.6573648940454944,0.5320655000044828,0.6015066933810732,True,True
L106945,Cisplatin,4,0,0.2816494410529963,0.1823315803892849,0.2261217850876557,False,True
L106945,CoCl2,4,0,0.329323266737204,0.2190782260520279,0.1979682085689981,False,True
L106945,Dabrafenib,4,0,0.3211976959155656,0.2126680757673187,0.1398887049560566,False,True
L106945,Doxorubicin,4,0,0.4178608052972801,0.2931830661074268,0.3616636556006711,False,True
L106945,Trametinib,4,0,0.2706608087932071,0.174165949063886,0.1044154946449858,False,True
L107042,Acid,3,0,0.2839379758377813,0.2091304045835794,0.1765889388244804,False,False
L107042,Cisplatin,3,0,0.0757977484189873,0.0484235655075278,0.0560253803665029,False,False
L107042,CoCl2,3,0,0.0918906235877918,0.0594150053833544,0.0280450701530951,False,False
L107042,Dabrafenib,3,0,0.0918906235877921,0.0594150053833544,0.0589984594103679,False,False
L107042,Doxorubicin,3,0,0.136449253309681,0.0911364978767029,0.0846877798020655,False,False
L107042,Trametinib,3,0,0.0767687892495874,0.0490780826998408,0.0677119912984727,False,False
L10717,Acid,0,1,0.72664345261072,0.8115912962159132,0.7615864916049904,True,False
L10717,Cisplatin,0,1,0.333296395464686,0.4381135556287607,0.3907952600454014,True,False
L10717,CoCl2,0,1,0.4070874549117231,0.5186332199728941,0.431484865229399,True,False
L10717,Dabrafenib,0,1,0.4336049576772057,0.5463317602509532,0.6561157729924131,True,False
L10717,Doxorubicin,0,1,0.4990956658887694,0.6124297217113245,0.5577732164095814,True,False
L10717,Trametinib,0,1,0.3646056737136179,0.4728435382296623,0.5488751850771957,True,False
L107403,Acid,0,1,0.4951423832940624,0.5239232894287822,0.3630626780448596,True,True
L107403,Cisplatin,0,1,0.1557227929225017,0.1661117453259269,0.1066335231666023,True,True
L107403,CoCl2,0,1,0.2021180226005783,0.2158444104521528,0.2691156329258619,True,True
L107403,Dabrafenib,0,0,0.2202435020704015,0.2352757981125286,0.2620642348272654,False,True
L107403,Doxorubicin,0,1,0.2688023683384141,0.2875977222811208,0.2945824706936831,True,True
L107403,Trametinib,0,1,0.1747226877606323,0.1864339809571097,0.2352657781798942,True,True
L107467,Acid,4,1,0.8635509370575649,0.8696548082698002,0.8516071289168395,True,True
L107467,Cisplatin,4,0,0.5639561733929481,0.5668085552291076,0.6646659546191354,False,True
L107467,CoCl2,4,1,0.6182863279860732,0.6220892969954303,0.7190251314179453,True,True
L107467,Dabrafenib,4,0,0.6095105194537834,0.6131457195798091,0.5060288683485877,False,True
L107467,Doxorubicin,4,1,0.7030714711941972,0.7087864322545168,0.7334906269910927,True,True
L107467,Trametinib,4,0,0.5503922818690281,0.55307098150376,0.4909069083067822,False,True
L107482,Acid,1,0,0.2846492613888907,0.2403497849380584,0.1125149906554359,False,False
L107482,Cisplatin,1,0,0.0757290196169657,0.0568597659966398,0.0360674428214753,False,False
L107482,CoCl2,1,0,0.09909531796825,0.075482150121548,0.0942002080499491,False,False
L107482,Dabrafenib,1,0,0.0969560750019377,0.0737576515888061,0.0763835961565227,False,False
L107482,Doxorubicin,1,0,0.1410322674669205,0.1101571004736632,0.1233388845176215,False,False
L107482,Trametinib,1,0,0.0771757232365809,0.0579950593988162,0.0579740265081092,False,False
L107483,Acid,0,0,0.4149805867907848,0.3183769952562534,0.2500696618185464,False,False
L107483,Cisplatin,0,0,0.1177007767603611,0.0779562079376032,0.0514084325192243,False,False
L107483,CoCl2,0,0,0.1548455655223088,0.1046066084125815,0.0314366813111778,False,False
L107483,Dabrafenib,0,0,0.1696330495450506,0.1154988111707293,0.1768325851869681,False,False
L107483,Doxorubicin,0,0,0.2100391285020572,0.1462792292383328,0.1322599018612451,False,False
L107483,Trametinib,0,0,0.1327912236158765,0.0886398439542063,0.1987910580052085,False,False
L107578,Acid,2,1,0.6012435844269273,0.503252750974649,0.5337744562532633,True,True
L107578,Cisplatin,2,0,0.2446640650384607,0.1766453611578868,0.1487801441076485,False,True
L107578,CoCl2,2,0,0.278468156045157,0.2038779015921989,0.1238882762404321,False,True
L107578,Dabrafenib,2,0,0.2784681560451572,0.2038779015921989,0.158980364480112,False,True
L107578,Doxorubicin,2,1,0.3560946802016933,0.2696115886104642,0.312195125631974,True,True
L107578,Trametinib,2,0,0.2334318632040079,0.1677924658854755,0.1402580531598215,False,True
L108005,Acid,2,0,0.2807695161874157,0.3448050338980458,0.2689056178431173,False,False
L108005,Cisplatin,2,0,0.0773739631839097,0.1002718374967782,0.0741734789019293,False,False
L108005,CoCl2,2,0,0.0908442457636326,0.1174092242836623,0.1427986155338765,False,False
L108005,Dabrafenib,2,0,0.0908442457636327,0.1174092242836623,0.1238504454891347,False,False
L108005,Doxorubicin,2,0,0.1252471706812583,0.1608983576767902,0.1631448718832117,False,False
L108005,Trametinib,2,0,0.0730787807484661,0.0948058053700891,0.106557196225097,False,False
L108076,Acid,1,0,0.2846492613888907,0.2588263752049118,0.2566715238167835,False,True
L108076,Cisplatin,1,0,0.0757290196169657,0.0623892648606346,0.0605364915521724,False,True
L108076,CoCl2,1,1,0.09909531796825,0.0826639099362039,0.1344930186192723,True,True
L108076,Dabrafenib,1,0,0.0969560750019377,0.0807896717940086,0.0526882396088522,False,True
L108076,Doxorubicin,1,0,0.1410322674669205,0.120209045905402,0.160133295983279,False,True
L108076,Trametinib,1,0,0.0771757232365809,0.0636275149764107,0.038983191856061,False,True
L108181,Acid,1,0,0.2838807297763159,0.2904158580345298,0.1719263515142607,False,False
L108181,Cisplatin,1,0,0.0754650511914505,0.072343936529749,0.0719122901386861,False,False
L108181,CoCl2,1,0,0.0987586044275129,0.0955239727035001,0.068661753217271,False,False
L108181,Dabrafenib,1,0,0.0966258507238606,0.0933878418741894,0.0996772765391049,False,False
L108181,Doxorubicin,1,0,0.1405752922599338,0.1380311431743425,0.1522591765436459,False,False
L108181,Trametinib,1,0,0.0769071316414241,0.0737642151773558,0.1004446475519736,False,False
L108266,Acid,0,0,0.2846693786920213,0.3369317703220956,0.2397985640011606,False,False
L108266,Cisplatin,0,0,0.06962987611271,0.0842309009789073,0.0851713081587161,False,False
L108266,CoCl2,0,0,0.0932067590000554,0.1127640513809937,0.0893761710739178,False,False
L108266,Dabrafenib,0,0,0.102824000340023,0.1243876531479651,0.136575699497642,False,False
L108266,Doxorubicin,0,0,0.1298040178991264,0.1571161572119993,0.1743935201292031,False,False
L108266,Trametinib,0,0,0.0791097509577917,0.0956852236693056,0.1458326679143979,False,False
L109007,Acid,1,1,0.4172781131200817,0.3376895978030225,0.3087917506745724,True,True
L109007,Cisplatin,1,0,0.1285001353508123,0.0885498352899363,0.1284995741524522,False,True
L109007,CoCl2,1,0,0.1652380879475498,0.1162716376620182,0.063783018349824,False,True
L109007,Dabrafenib,1,0,0.1619276169125846,0.1137298818259847,0.0860017649875386,False,True
L109007,Doxorubicin,1,0,0.2280799886407108,0.1663136457155894,0.1595028526949917,False,True
L109007,Trametinib,1,0,0.13081228206688,0.0902573175255378,0.0692168476088085,False,True
L109019,Acid,3,1,0.7633639453877292,0.7164745848704205,0.7311408555040386,True,True
L109019,Cisplatin,3,1,0.4001980919547618,0.327191012912659,0.374650839559805,True,True
L109019,CoCl2,3,1,0.451516995208515,0.376427609223129,0.5184901882858414,True,True
L109019,Dabrafenib,3,0,0.4515169952085158,0.3764276092231289,0.2509378690577345,False,True
L109019,Doxorubicin,3,1,0.5624528074643066,0.4893464972950848,0.5114792509711734,True,True
L109019,Trametinib,3,0,0.403510535610546,0.330305578528682,0.1713751599541392,False,True
L109108,Acid,1,1,0.2846492613888907,0.1670261727022944,0.05157139934759,True,True
L109108,Cisplatin,1,0,0.0757290196169657,0.0368016774567017,0.0316540291166572,False,True
L109108,CoCl2,1,1,0.09909531796825,0.0491974293180958,0.0277166588879479,True,True
L109108,Dabrafenib,1,1,0.0969560750019377,0.0480422377157416,0.0794181182630083,True,True
L109108,Doxorubicin,1,0,0.1410322674669205,0.0727478413290425,0.0491615814083804,False,True
L109108,Trametinib,1,1,0.0771757232365809,0.0375524261104657,0.0562281898694037,True,True
L109168,Acid,2,1,0.4245481799777996,0.4908121560209952,0.444250163897473,True,True
L109168,Cisplatin,2,0,0.1368083254411842,0.1695232841804984,0.1974867242119552,False,True
L109168,CoCl2,2,0,0.1588443113304733,0.1959191150175256,0.2919243620027701,False,True
L109168,Dabrafenib,2,0,0.1588443113304734,0.1959191150175256,0.1563915587874544,False,True
L109168,Doxorubicin,2,0,0.2129667474206737,0.2599245389645838,0.2331264166994437,False,True
L109168,Trametinib,2,0,0.1296775516294521,0.1609575471153011,0.1019673727100249,False,True
L109193,Acid,2,1,0.6234929477423568,0.6140278363756019,0.6808275029992183,True,True
L109193,Cisplatin,2,0,0.2624012373030319,0.2519990217025675,0.3867290262077235,False,True
L109193,CoCl2,2,1,0.2976901448064215,0.2868019084478304,0.3910618181129026,True,True
L109193,Dabrafenib,2,0,0.2976901448064216,0.2868019084478304,0.1692648723439433,False,True
L109193,Doxorubicin,2,1,0.3778688424707558,0.3669484975909399,0.3708365337417508,True,True
L109193,Trametinib,2,0,0.2506249317151381,0.2404726204176018,0.1301328377733797,False,True
L109560,Acid,4,1,0.4062027571838147,0.4368921107987238,0.4426854055859673,True,True
L109560,Cisplatin,4,1,0.1226519397577298,0.1320614884979241,0.1523830849562448,True,True
L109560,CoCl2,4,0,0.1489948927966237,0.1606675759321036,0.1156378582902928,False,True
L109560,Dabrafenib,4,0,0.1443609557083698,0.1556259075596195,0.1919453718216993,False,True
L109560,Doxorubicin,4,0,0.2037823767384863,0.2205957984694028,0.2343739158373637,False,True
L109560,Trametinib,4,0,0.1168575141152345,0.1258008060614515,0.1097517660704616,False,True
L109676,Acid,2,1,0.4914190742779422,0.555910776195639,0.5436502756134184,True,True
L109676,Cisplatin,2,0,0.1718954499418562,0.2095447406021016,0.3007283941355897,False,True
L109676,CoCl2,2,1,0.1982847633344399,0.240368524926831,0.5022940232616948,True,True
L109676,Dabrafenib,2,0,0.19828476333444,0.240368524926831,0.1434652324214637,False,True
L109676,Doxorubicin,2,1,0.2616652057913922,0.3132383303551586,0.2683095471072828,True,True
L109676,Trametinib,2,0,0.1632817934473473,0.1994424285209946,0.1306848757726091,False,True
L109790,Acid,0,0,0.7222897011533175,0.651789672240735,0.6506511711681082,False,False
L109790,Cisplatin,0,0,0.3284674985304086,0.2530729516637892,0.2748645371523603,False,False
L109790,CoCl2,0,0,0.4018338204061096,0.3188849884701477,0.3089863949021055,False,False
L109790,Dabrafenib,0,0,0.4282562862492824,0.3435288026875743,0.2904416013843726,False,False
L109790,Doxorubicin,0,0,0.4936432282995401,0.4071086422959283,0.4558774372626979,False,False
L109790,Trametinib,0,0,0.3595678048208034,0.2804559777706165,0.2070600895722006,False,False
L109808,Acid,1,1,0.5663930193143293,0.5631066070033912,0.560128890369431,True,True
L109808,Cisplatin,1,1,0.2119553708527316,0.1971687700396494,0.2380844286911479,True,True
L109808,CoCl2,1,0,0.2652899812665003,0.2495837325286392,0.3282922649587118,False,True
L109808,Dabrafenib,1,1,0.2606007901556406,0.244935430914982,0.2238156108644959,True,True
L109808,Doxorubicin,1,0,0.3502187582714949,0.3352365501865944,0.3278117398579497,False,True
L109808,Trametinib,1,0,0.2153980143469874,0.2005099590999951,0.1575837533085853,False,True
L109937,Acid,1,1,0.58633120078254,0.6639155282712912,0.5613961029211161,True,True
L109937,Cisplatin,1,0,0.2259173392924913,0.2734731859424391,0.2600052442533431,False,True
L109937,CoCl2,1,0,0.2815101867166868,0.3376417892356694,0.3633319121639671,False,True
L109937,Dabrafenib,1,1,0.2766422451278775,0.3320792244958666,0.3745739214618104,True,True
L109937,Doxorubicin,1,0,0.3690235042982693,0.4359581447589837,0.398531669052075,False,True
L109937,Trametinib,1,1,0.2295207084556716,0.2776602166888769,0.2983194101678236,True,True
L11049,Acid,3,1,0.4964669704286963,0.5246080975835827,0.4674407535805533,True,True
L11049,Cisplatin,3,0,0.1693861859591082,0.1751662459874148,0.2022218004922039,False,True
L11049,CoCl2,3,1,0.2010271136525765,0.2086192914232605,0.2787489792177494,True,True
L11049,Dabrafenib,3,0,0.201027113652577,0.2086192914232605,0.1763165968399177,False,True
L11049,Doxorubicin,3,0,0.2820690949694706,0.2950151736786529,0.3054347277938323,False,True
L11049,Trametinib,3,0,0.1713339137606074,0.1772148419333143,0.1305661962269729,False,True
L110493,Acid,0,0,0.2846693786920213,0.2116444274831312,0.3047377721507604,False,False
L110493,Cisplatin,0,0,0.06962987611271,0.0463424372427616,0.1016648442511546,False,False
L110493,CoCl2,0,0,0.0932067590000554,0.062922776102646,0.0529236796669295,False,False
L110493,Dabrafenib,0,0,0.102824000340023,0.0698130469455705,0.0338222661137401,False,False
L110493,Doxorubicin,0,0,0.1298040178991264,0.0896522878222378,0.1125578139695593,False,False
L110493,Trametinib,0,0,0.0791097509577917,0.0529422810730247,0.0201566949066525,False,False
L110835,Acid,1,1,0.2846492613888907,0.3886850485892087,0.3360132569055519,True,True
L110835,Cisplatin,1,0,0.0757290196169657,0.1080604922586343,0.1261320333192748,False,True
L110835,CoCl2,1,0,0.09909531796825,0.140945837099393,0.172467900399881,False,True
L110835,Dabrafenib,1,0,0.0969560750019377,0.1379488891352799,0.1802515922591056,False,True
L110835,Doxorubicin,1,0,0.1410322674669205,0.1992134553835867,0.1379124393578447,False,True
L110835,Trametinib,1,1,0.0771757232365809,0.1100987477675984,0.1148300536288278,True,True
L110895,Acid,0,0,0.2846693786920213,0.1811659950928867,0.0909255166418873,False,True
L110895,Cisplatin,0,0,0.06962987611271,0.0385060599089726,0.0271433881386876,False,True
L110895,CoCl2,0,0,0.0932067590000554,0.0524368704300799,0.0162769870502297,False,True
L110895,Dabrafenib,0,0,0.102824000340023,0.0582502735763719,0.0484285757975378,False,True
L110895,Doxorubicin,0,1,0.1298040178991264,0.0750688231752344,0.0971243829343527,True,True
L110895,Trametinib,0,0,0.0791097509577917,0.0440414278559302,0.0807452864109734,False,True
L111615,Acid,0,0,0.2913335192140022,0.2250082600757172,0.2041359915205406,False,False
L111615,Cisplatin,0,0,0.0717649606822348,0.0499296879728612,0.060888161232395,False,False
L111615,CoCl2,0,0,0.0959902001688309,0.0677023543659421,0.0190014058760275,False,False
L111615,Dabrafenib,0,0,0.1058611135447152,0.0750740755131657,0.0625236607166619,False,False
L111615,Doxorubicin,0,0,0.1335194425566999,0.0962536724423874,0.0954542433104361,False,False
L111615,Trametinib,0,0,0.0815100531712696,0.0570098686468806,0.1233667145532918,False,False
L111734,Acid,1,1,0.4158230698941236,0.4521548547581907,0.4875062457360598,True,True
L111734,Cisplatin,1,0,0.1278311601185779,0.1358926054900476,0.1752141116105448,False,True
L111734,CoCl2,1,0,0.1644139361003428,0.1755805813822135,0.1231895217163184,False,True
L111734,Dabrafenib,1,0,0.1611167897031677,0.1719946368649498,0.1616274680304692,False,True
L111734,Doxorubicin,1,0,0.2270276463322885,0.2440978886827613,0.1929555052314202,False,True
L111734,Trametinib,1,0,0.1301330671248022,0.1383743912548009,0.1356978214215884,False,True
L112164,Acid,2,1,0.909889380319282,0.8885370323990811,0.8850612274851192,True,True
L112164,Cisplatin,2,0,0.6844631015975373,0.6279961490191287,0.648699395852437,False,True
L112164,CoCl2,2,0,0.7210272450632744,0.668329977066074,0.6787850716953328,False,True
L112164,Dabrafenib,2,0,0.7210272450632746,0.668329977066074,0.5997425598353773,False,True
L112164,Doxorubicin,2,1,0.7873927419354001,0.7438885705718737,0.7924929435043638,True,True
L112164,Trametinib,2,1,0.6709759048596271,0.6133744101832779,0.5858743835681897,True,True
L112548,Acid,0,1,0.8574206862111493,0.8542903134422081,0.8747636232029437,True,True
L112548,Cisplatin,0,0,0.5307257105929313,0.5148581057963915,0.58787684371995,False,True
L112548,CoCl2,0,1,0.6083430056110368,0.5945576464286981,0.6699974015977539,True,True
L112548,Dabrafenib,0,1,0.6339530743006088,0.6210792929486252,0.5602461587288007,True,True
L112548,Doxorubicin,0,1,0.6926960466687432,0.6826135052129,0.7273240713284538,True,True
L112548,Trametinib,0,1,0.5648678263346182,0.5497198190965581,0.4747170486114853,True,True
L112736,Acid,0,0,0.2913335192140022,0.3360773607521448,0.3099858139693371,False,False
L112736,Cisplatin,0,0,0.0717649606822348,0.0839361848954918,0.0627347680976917,False,False
L112736,CoCl2,0,0,0.0959902001688309,0.1123817520350132,0.1094274764917261,False,False
L112736,Dabrafenib,0,0,0.1058611135447152,0.1239714530339437,0.1009883175568847,False,False
L112736,Doxorubicin,0,0,0.1335194425566999,0.1566100343673235,0.1636618248200469,False,False
L112736,Trametinib,0,0,0.0815100531712696,0.0953546030642331,0.0886198703552208,False,False
L112980,Acid,0,1,0.2846693786920213,0.2790191461954888,0.2072416428427966,True,True
L112980,Cisplatin,0,1,0.06962987611271,0.0654647731159918,0.0928271363794595,True,True
L112980,CoCl2,0,0,0.0932067590000554,0.0882535439119603,0.0483626432405906,False,True
L112980,Dabrafenib,0,1,0.102824000340023,0.0976286379478146,0.1308116621872816,True,True
L112980,Doxorubicin,0,0,0.1298040178991264,0.1243160089351988,0.1136843186296577,False,True
L112980,Trametinib,0,0,0.0791097509577917,0.0745749593332097,0.1105013105912959,False,True
L113046,Acid,4,1,0.4037920086133574,0.3394013903960122,0.2491818788552913,True,True
L113046,Cisplatin,4,0,0.1215794623304753,0.0915353091399658,0.0765002552422265,False,True
L113046,CoCl2,4,0,0.147730856907084,0.1125007934499046,0.1164663607390456,False,True
L113046,Dabrafenib,4,0,0.1431296209565603,0.1087746958293583,0.0881703057967712,False,True
L113046,Doxorubicin,4,0,0.2021639556302915,0.1578416536713367,0.2012016027029923,False,True
L113046,Trametinib,4,0,0.1158290144356116,0.087003277252275,0.1059516081154872,False,True
L113265,Acid,4,1,0.4037920086133574,0.2109417243394912,0.2070369332645967,True,True
L113265,Cisplatin,4,0,0.1215794623304753,0.0498156633912553,0.0547931900833017,False,True
L113265,CoCl2,4,0,0.147730856907084,0.0618764115061545,0.1007336683647462,False,True
L113265,Dabrafenib,4,0,0.1431296209565603,0.0597142101942376,0.0282021859645943,False,True
L113265,Doxorubicin,4,0,0.2021639556302915,0.0888570396247206,0.1317013603132094,False,True
L113265,Trametinib,4,0,0.1158290144356116,0.0472418106593374,0.0296250114570075,False,True
L113271,Acid,4,1,0.7703906506543975,0.8169600317317272,0.8181404963736462,True,False
L113271,Cisplatin,4,1,0.4067663529827963,0.4667534696144493,0.4773475254849121,True,False
L113271,CoCl2,4,1,0.4619978601919507,0.5240816642535006,0.616314214193476,True,False
L113271,Dabrafenib,4,1,0.4528088832929609,0.5146283408749346,0.4586653843733311,True,False
L113271,Doxorubicin,4,1,0.5566023125785342,0.6195109267969175,0.6179976274990049,True,False
L113271,Trametinib,4,1,0.3935707153156524,0.4529055363934758,0.4176317544402766,True,False
L11328,Acid,2,0,0.4182482055123107,0.3150754103031736,0.1625188497570919,False,True
L11328,Cisplatin,2,1,0.1337855071112935,0.0887696563885356,0.0899905541184194,True,True
L11328,CoCl2,2,0,0.1554222690865395,0.1041688137572759,0.1066057225182238,False,True
L11328,Dabrafenib,2,0,0.1554222690865395,0.1041688137572759,0.1207237191051091,False,True
L11328,Doxorubicin,2,0,0.20866797340549,0.1435512919252747,0.1784620434296928,False,True
L11328,Trametinib,2,0,0.1267891472075863,0.0838721833344406,0.1011317229928122,False,True
L113521,Acid,1,1,0.2838807297763159,0.2973675856366497,0.2477662462229007,True,True
L113521,Cisplatin,1,0,0.0754650511914505,0.0746246163363994,0.0576340518551789,False,True
L113521,CoCl2,1,1,0.0987586044275129,0.0984578547382769,0.0951034151379581,True,True
L113521,Dabrafenib,1,0,0.0966258507238606,0.0962630983693951,0.1068907202514808,False,True
L113521,Doxorubicin,1,0,0.1405752922599338,0.1420655106121961,0.1589798241487203,False,True
L113521,Trametinib,1,1,0.0769071316414241,0.0760859975691518,0.0563701108424665,True,True
L113556,Acid,3,0,0.2839379758377813,0.3707386038531653,0.1587361007835868,False,False
L113556,Cisplatin,3,0,0.0757977484189873,0.1018342771957356,0.0237846334798575,False,False
L113556,CoCl2,3,0,0.0918906235877918,0.1233772920074748,0.1439198453077311,False,False
L113556,Dabrafenib,3,0,0.0918906235877921,0.1233772920074747,0.1654028008813846,False,False
L113556,Doxorubicin,3,0,0.136449253309681,0.1826178564727335,0.1711930589845672,False,False
L113556,Trametinib,3,0,0.0767687892495874,0.1031324775401233,0.1818795058324307,False,False
L113820,Acid,1,1,0.6657168980796896,0.6416340814627086,0.7049670056084427,True,True
L113820,Cisplatin,1,0,0.2908101946095528,0.2543773938534762,0.3136923974588381,False,True
L113820,CoCl2,1,0,0.3550473361293988,0.3160142500547274,0.3517244835415735,False,True
L113820,Dabrafenib,1,0,0.3495263831715352,0.3106408877962073,0.2368617625568099,False,True
L113820,Doxorubicin,1,1,0.4510693086766085,0.4119497516154077,0.4654744840958175,True,True
L113820,Trametinib,1,0,0.2950540800387566,0.25837603228492,0.1695312657261898,False,True
L114035,Acid,3,1,0.4992907486881012,0.4881573602527493,0.4517545186758898,True,True
L114035,Cisplatin,3,0,0.1709813190341188,0.1550751621932664,0.1960472023702434,False,True
L114035,CoCl2,3,0,0.2028474460267985,0.185554400100899,0.2400381540900179,False,True
L114035,Dabrafenib,3,0,0.202847446026799,0.185554400100899,0.1336251719593328,False,True
L114035,Doxorubicin,3,0,0.2843620918120689,0.2656041999179105,0.2601953087290232,False,True
L114035,Trametinib,3,0,0.172943569832285,0.1569334950962802,0.1053637233951514,False,True
L114118,Acid,2,1,0.8249557949015554,0.8084660031731138,0.842891043796353,True,True
L114118,Cisplatin,2,1,0.5030913010755221,0.4719841780983199,0.4805002684108019,True,True
L114118,CoCl2,2,0,0.5467552639538387,0.5162020376926109,0.4155004318439032,False,True
L114118,Dabrafenib,2,1,0.5467552639538388,0.5162020376926109,0.515006292607076,True,True
L114118,Doxorubicin,2,1,0.6335058807905228,0.6059854215005913,0.6387884603756082,True,True
L114118,Trametinib,2,1,0.4876546328634112,0.4565370104376182,0.4223307229929465,True,True
L114326,Acid,3,0,0.4992907486881012,0.5345817790079037,0.4034714838033405,False,False
L114326,Cisplatin,3,0,0.1709813190341188,0.1810262447947928,0.1977016289263707,False,False
L114326,CoCl2,3,0,0.2028474460267985,0.2153062980455754,0.26106272133644,False,False
L114326,Dabrafenib,3,0,0.202847446026799,0.2153062980455754,0.2699026579475846,False,False
L114326,Doxorubicin,3,0,0.2843620918120689,0.3034097515993629,0.2522501830400427,False,False
L114326,Trametinib,3,0,0.172943569832285,0.1831281586136066,0.2289667261616328,False,False
L114452,Acid,2,1,0.7122587916353952,0.705849836173496,0.7623545463721647,True,True
L114452,Cisplatin,2,0,0.3471600525030786,0.3369441641834392,0.3990930578302551,False,True
L114452,CoCl2,2,0,0.387853869359068,0.3775570396563723,0.3548592543390912,False,True
L114452,Dabrafenib,2,1,0.3878538693590682,0.3775570396563723,0.2859819286202407,True,True
L114452,Doxorubicin,2,1,0.475862619013892,0.4664770740771362,0.4664391166521008,True,True
L114452,Trametinib,2,0,0.3332987199629351,0.3232112561294469,0.2898284403511702,False,True
L11473,Acid,2,1,0.8204600834012398,0.8704408074710094,0.877264636398513,True,False
L11473,Cisplatin,2,1,0.4953855814908163,0.5872498216397547,0.602075339089214,True,False
L11473,CoCl2,2,1,0.5391063381913197,0.6293943476131388,0.658542425403208,True,False
L11473,Dabrafenib,2,1,0.5391063381913198,0.6293943476131388,0.6384753059750721,True,False
L11473,Doxorubicin,2,1,0.626320384064994,0.7099737597600894,0.6612514019331593,True,False
L11473,Trametinib,2,1,0.4799569792584045,0.5721177419770631,0.5557484605148829,True,False
L11519,Acid,2,1,0.2807695161874157,0.2848857032013259,0.1863505443185905,True,True
L11519,Cisplatin,2,0,0.0773739631839097,0.0778008803147669,0.0482104487863852,False,True
L11519,CoCl2,2,0,0.0908442457636326,0.0914882904647141,0.0581343710161376,False,True
L11519,Dabrafenib,2,0,0.0908442457636327,0.0914882904647141,0.1200005710581531,False,True
L11519,Doxorubicin,2,0,0.1252471706812583,0.126755050190611,0.1124204478966753,False,True
L11519,Trametinib,2,0,0.0730787807484661,0.0734597758619452,0.0718171656312244,False,True
L115333,Acid,0,0,0.2846693786920213,0.2597027207187607,0.0828621857466498,False,False
L115333,Cisplatin,0,0,0.06962987611271,0.0597082947575877,0.0415804612053509,False,False
L115333,CoCl2,0,0,0.0932067590000554,0.0806661609645627,0.0323089432239053,False,False
L115333,Dabrafenib,0,0,0.102824000340023,0.0893142096038582,0.1859570492833447,False,False
L115333,Doxorubicin,0,0,0.1298040178991264,0.1140159534299073,0.1015012965557148,False,False
L115333,Trametinib,0,0,0.0791097509577917,0.0680757542671606,0.1453939666943398,False,False
L115623,Acid,2,0,0.2807695161874157,0.2883517051411239,0.1974348735571787,False,False
L115623,Cisplatin,2,0,0.0773739631839097,0.079025848151376,0.1150639267224205,False,False
L115623,CoCl2,2,0,0.0908442457636326,0.0929070540577237,0.1719237146896327,False,False
L115623,Dabrafenib,2,0,0.0908442457636327,0.0929070540577237,0.0949560771821409,False,False
L115623,Doxorubicin,2,0,0.1252471706812583,0.1286432762699573,0.1267167123830043,False,False
L115623,Trametinib,2,0,0.0730787807484661,0.0746219241269508,0.0443229001492351,False,False
L115630,Acid,3,0,0.2800284500633928,0.3336699591091349,0.320028056868423,False,False
L115630,Cisplatin,3,0,0.0744561004084269,0.0878966924719942,0.1822651416427208,False,False
L115630,CoCl2,3,0,0.090291954794067,0.106841954920135,0.1148589840798597,False,False
L115630,Dabrafenib,3,0,0.0902919547940672,0.106841954920135,0.1516324762946636,False,False
L115630,Doxorubicin,3,0,0.1341899264720791,0.1595883402697224,0.1072873833041629,False,False
L115630,Trametinib,3,0,0.0754113559162071,0.0890348273800819,0.099755258240702,False,False
L115717,Acid,2,1,0.7773028748991887,0.7130135814322313,0.7185465599830413,True,True
L115717,Cisplatin,2,1,0.4285159806145966,0.3447519900818002,0.3894435372800627,True,True
L115717,CoCl2,2,0,0.4718535877922988,0.3857584442700973,0.2269992128096392,False,True
L115717,Dabrafenib,2,0,0.471853587792299,0.3857584442700973,0.3672129582582666,False,True
L115717,Doxorubicin,2,1,0.5614411517439524,0.4751355986454158,0.544378488622474,True,True
L115717,Trametinib,2,1,0.4134635733620057,0.3308596486542101,0.3306290672324428,True,True
L11587,Acid,4,0,0.29897467523817,0.1955089861993647,0.124858850664025,False,False
L11587,Cisplatin,4,0,0.0801690138735493,0.0454914707870271,0.0352054625623983,False,False
L11587,CoCl2,4,0,0.0984110368485007,0.0565676258345632,0.0541401262202635,False,False
L11587,Dabrafenib,4,0,0.0951743785327787,0.0545801410760604,0.0322923925557086,False,False
L11587,Doxorubicin,4,0,0.1376057808821043,0.0814343493485817,0.1783691191501507,False,False
L11587,Trametinib,4,0,0.0762072710844168,0.0431308969164054,0.0192064440221886,False,False
L115891,Acid,1,0,0.4158230698941236,0.3416871022880598,0.1353731582898695,False,True
L115891,Cisplatin,1,0,0.1278311601185779,0.0899988360672818,0.0664793281430062,False,True
L115891,CoCl2,1,0,0.1644139361003428,0.118115482706521,0.1605206222309179,False,True
L115891,Dabrafenib,1,0,0.1611167897031677,0.1155386892881397,0.0771994694198121,False,True
L115891,Doxorubicin,1,0,0.2270276463322885,0.1687994824506648,0.2107345957980687,False,True
L115891,Trametinib,1,1,0.1301330671248022,0.0917314469425668,0.0676500868588306,True,True
L115936,Acid,1,0,0.5851106614986483,0.5393116971590161,0.6035521599890716,False,False
L115936,Cisplatin,1,0,0.225038911752235,0.1823819477235267,0.1997838687870019,False,False
L115936,CoCl2,1,0,0.2804939261801946,0.2320019606068835,0.192757355420488,False,False
L115936,Dabrafenib,1,0,0.2756368162578368,0.2275817996237619,0.1465914114474631,False,False
L115936,Doxorubicin,1,0,0.3678530659390343,0.3141469326727947,0.3714329716235247,False,False
L115936,Trametinib,1,0,0.2286324082835333,0.185530468454166,0.1383343991485711,False,False
L116006,Acid,3,1,0.2839379758377813,0.3420402080469051,0.2792961186873407,True,True
L116006,Cisplatin,3,0,0.0757977484189873,0.0909430826087974,0.0722107848892511,False,True
L116006,CoCl2,3,1,0.0918906235877918,0.1104654407147802,0.120504454960142,True,True
L116006,Dabrafenib,3,0,0.0918906235877921,0.1104654407147802,0.1453725385995306,False,True
L116006,Doxorubicin,3,0,0.136449253309681,0.1646708789410193,0.1374255206448444,False,True
L116006,Trametinib,3,0,0.0767687892495874,0.0921166800268483,0.0983905170984055,False,True
L116152,Acid,1,1,0.750377733204886,0.7654652073702024,0.7532644709059958,True,True
L116152,Cisplatin,1,0,0.382322785756768,0.383437185893314,0.4866667276873099,False,True
L116152,CoCl2,1,1,0.4538382849942661,0.457171819455469,0.5572188620514498,True,True
L116152,Dabrafenib,1,0,0.447847855032811,0.4509808180332925,0.4183096041249654,False,True
L116152,Doxorubicin,1,1,0.5536428632622159,0.5608235856491065,0.5552854000612568,True,True
L116152,Trametinib,1,0,0.3871730595362724,0.3884077544053692,0.3144980753783257,False,True
L116189,Acid,3,1,0.7999144404836176,0.7407364011874512,0.7730549804177647,True,True
L116189,Cisplatin,3,0,0.4526196683022211,0.354765042090601,0.4308939286571516,False,True
L116189,CoCl2,3,1,0.5050010420804147,0.4056492924950763,0.4157838283708348,True,True
L116189,Dabrafenib,3,0,0.5050010420804155,0.4056492924950763,0.2903872319145363,False,True
L116189,Doxorubicin,3,1,0.6143585775973405,0.5200237994132523,0.5481528774184893,True,True
L116189,Trametinib,3,0,0.4560361114683102,0.3580024218395318,0.2496584824364515,False,True
L116200,Acid,4,1,0.5696325708634812,0.5781422437018758,0.5120803330791008,True,True
L116200,Cisplatin,4,0,0.2129028859704269,0.2118322057704435,0.2406273510503871,False,True
L116200,CoCl2,4,0,0.253039177513723,0.2526869796019549,0.149268189021289,False,True
L116200,Dabrafenib,4,0,0.2461051316192984,0.2456027258407709,0.3119906034204802,False,True
L116200,Doxorubicin,4,1,0.3311956653277221,0.3333080381442583,0.3326779659772613,True,True
L116200,Trametinib,4,1,0.2038353426674882,0.2026728777688128,0.2473260000533657,True,True
L116215,Acid,4,0,0.2968821351175162,0.2503097509450915,0.2075711780092574,False,False
L116215,Cisplatin,4,0,0.0794343772887644,0.0614547903928208,0.045173128547828,False,False
L116215,CoCl2,4,0,0.0975269614574984,0.0761077495529801,0.0479201176455677,False,False
L116215,Dabrafenib,4,0,0.094316337926325,0.0734872056744702,0.0913132796796682,False,False
L116215,Doxorubicin,4,0,0.1364228780661134,0.1085756197459765,0.1245238506524837,False,False
L116215,Trametinib,4,0,0.0755059582532245,0.0583164807068845,0.0701946588900567,False,False
L116287,Acid,0,1,0.8456528793745034,0.8517476111131915,0.8378543174725761,True,True
L116287,Cisplatin,0,0,0.5074825719948272,0.5097910329914781,0.5264134876076063,False,True
L116287,CoCl2,0,0,0.5859449866257476,0.5896595579100973,0.3931565624315547,False,True
L116287,Dabrafenib,0,0,0.6120857370857103,0.6162948317434772,0.5054903398397934,False,True
L116287,Doxorubicin,0,1,0.6725252243299539,0.6782034441118642,0.6425224847522701,True,True
L116287,Trametinib,0,0,0.5418559555784385,0.5446948628575718,0.4487776812164405,False,True
L116375,Acid,3,1,0.4146843208666432,0.4341539503195682,0.2448987499995947,True,True
L116375,Cisplatin,3,0,0.1278074763493444,0.1286575117837804,0.0512478456066627,False,True
L116375,CoCl2,3,1,0.153113315407486,0.1548963677008927,0.1575963198228433,True,True
L116375,Dabrafenib,3,1,0.1531133154074864,0.1548963677008926,0.1604037925146481,True,True
L116375,Doxorubicin,3,0,0.2201619795680417,0.2253800700757346,0.2511411049190983,False,True
L116375,Trametinib,3,1,0.129351556344138,0.1302480715243011,0.2042699406044363,True,True
L116548,Acid,0,0,0.283084547091898,0.3030229734604255,0.2243303963090251,False,False
L116548,Cisplatin,0,0,0.0691265369767683,0.0729557106260247,0.140301664144431,False,False
L116548,CoCl2,0,0,0.0925499417249437,0.0980784619520004,0.0577675305674134,False,False
L116548,Dabrafenib,0,0,0.1021070427147207,0.1083731914412733,0.1266354405930496,False,False
L116548,Doxorubicin,0,0,0.1289259711728003,0.1375499451555552,0.1310854287069849,False,False
L116548,Trametinib,0,0,0.078543669144304,0.0830157460686611,0.1672387258593179,False,False
L117154,Acid,4,1,0.7156832397151011,0.788725450411157,0.7654361723299371,True,True
L117154,Cisplatin,4,0,0.3396803461491819,0.4226733770646327,0.4271543180047448,False,True
L117154,CoCl2,4,0,0.3918191463830595,0.4794554296728588,0.4847959533080025,False,True
L117154,Dabrafenib,4,1,0.3830322342030721,0.4700120960398027,0.4883447916868784,True,True
L117154,Doxorubicin,4,0,0.4850080646869308,0.5766038164273584,0.5247388773600271,False,True
L117154,Trametinib,4,1,0.3274597069244458,0.4091298420186602,0.4743218989518605,True,True
L117526,Acid,3,1,0.7094208664467059,0.7189432260582397,0.6989778775217804,True,True
L117526,Cisplatin,3,0,0.3355299987821605,0.3298789416848079,0.4711577911481407,False,True
L117526,CoCl2,3,1,0.3838634188915929,0.3792919978318925,0.3444615498180747,True,True
L117526,Dabrafenib,3,0,0.3838634188915937,0.3792919978318925,0.3342865387990763,False,True
L117526,Doxorubicin,3,0,0.4931214570985364,0.4923916450489667,0.4672956627093763,False,True
L117526,Trametinib,3,1,0.3386093562781361,0.3330064298660769,0.2742142786103665,True,True
L117620,Acid,0,0,0.283084547091898,0.210490756132254,0.1411174460730658,False,False
L117620,Cisplatin,0,0,0.0691265369767683,0.0460372064408389,0.0326221498512877,False,False
L117620,CoCl2,0,0,0.0925499417249437,0.0625154989741034,0.0725257329129516,False,False
L117620,Dabrafenib,0,0,0.1021070427147207,0.0693644727662468,0.074102199667895,False,False
L117620,Doxorubicin,0,0,0.1289259711728003,0.0890884481409236,0.0830120992560341,False,False
L117620,Trametinib,0,0,0.078543669144304,0.0525959783361387,0.0567525752158057,False,False
L117646,Acid,0,1,0.4328777043248581,0.4768115262710045,0.4613725325600603,True,True
L117646,Cisplatin,0,0,0.125527930426065,0.1416046881072815,0.2002095829069131,False,True
L117646,CoCl2,0,0,0.1646818096685305,0.1856334725910909,0.1525794872980574,False,True
L117646,Dabrafenib,0,0,0.1802083459980085,0.203049370947825,0.1785237115254643,False,True
L117646,Doxorubicin,0,0,0.2224585775702799,0.2505526849675154,0.2298731912983471,False,True
L117646,Trametinib,0,0,0.1414610018446082,0.159502195707963,0.1187024530130061,False,True
L117889,Acid,3,0,0.4146843208666432,0.5409290172692383,0.5246029520159137,False,True
L117889,Cisplatin,3,0,0.1278074763493444,0.1848428189756767,0.1844712312839147,False,True
L117889,CoCl2,3,0,0.153113315407486,0.2196517604355717,0.4094528117449612,False,True
L117889,Dabrafenib,3,0,0.1531133154074864,0.2196517604355717,0.1521304434649937,False,True
L117889,Doxorubicin,3,1,0.2201619795680417,0.3088335432063985,0.2380058727737696,True,True
L117889,Trametinib,3,0,0.129351556344138,0.186978929999233,0.1376371104981176,False,True
L117984,Acid,1,0,0.4158230698941236,0.399847798870716,0.3456542154219633,False,False
L117984,Cisplatin,1,0,0.1278311601185779,0.1126490303448195,0.1239843955100682,False,False
L117984,CoCl2,1,0,0.1644139361003428,0.1467011031999275,0.1473897371719016,False,False
L117984,Dabrafenib,1,0,0.1611167897031677,0.1436022369130659,0.1061981700967008,False,False
L117984,Doxorubicin,1,0,0.2270276463322885,0.2067752848135612,0.2036263956527293,False,False
L117984,Trametinib,1,0,0.1301330671248022,0.1147626995896004,0.095009097016744,False,False
L118217,Acid,4,1,0.533232723551265,0.4135518929623099,0.4199272029428257,True,True
L118217,Cisplatin,4,0,0.1892730613074582,0.121492762330753,0.1545940923542985,False,True
L118217,CoCl2,4,0,0.2262350824896203,0.1482004379089674,0.0735591330460778,False,True
L118217,Dabrafenib,4,1,0.2198193941331648,0.1434831046789175,0.0909675154351737,True,True
L118217,Doxorubicin,4,0,0.2994313353522203,0.204612098042713,0.2020002610548202,False,True
L118217,Trametinib,4,1,0.1809805086335104,0.1156663442339554,0.0704496597186959,True,True
L118229,Acid,0,0,0.283084547091898,0.1606849422295367,0.1452546713679288,False,False
L118229,Cisplatin,0,0,0.0691265369767683,0.0334932115061974,0.0436287773918782,False,False
L118229,CoCl2,0,0,0.0925499417249437,0.0456966548046688,0.0365058697701197,False,False
L118229,Dabrafenib,0,0,0.1021070427147207,0.050802868671196,0.0338035993564692,False,False
L118229,Doxorubicin,0,0,0.1289259711728003,0.0656209670251504,0.0867569578093165,False,False
L118229,Trametinib,0,0,0.078543669144304,0.0383366989180689,0.0121155192033297,False,False
L118399,Acid,3,0,0.3997717732871692,0.4029494239827414,0.478022257135296,False,True
L118399,Cisplatin,3,0,0.1210773264101534,0.1149497742208631,0.128318048949557,False,True
L118399,CoCl2,3,1,0.1452725506487526,0.1388384743860089,0.1512203361690395,True,True
L118399,Dabrafenib,3,0,0.145272550648753,0.1388384743860089,0.1421554437181562,False,True
L118399,Doxorubicin,3,0,0.209738056390987,0.2037771293672478,0.1956648150453467,False,True
L118399,Trametinib,3,0,0.1225515221645141,0.1163935058098407,0.0896819038510715,False,True
L118470,Acid,1,1,0.2952569053890467,0.3074562347313663,0.2605212659086512,True,True
L118470,Cisplatin,1,0,0.0794154333052323,0.0779952181550868,0.0852384228008196,False,True
L118470,CoCl2,1,0,0.1037914496285774,0.1027853727098909,0.1079908626990446,False,True
L118470,Dabrafenib,1,0,0.1015622566428531,0.1005049043659658,0.1016455524050989,False,True
L118470,Doxorubicin,1,0,0.1473906496025865,0.1479950768776123,0.1848556046684024,False,True
L118470,Trametinib,1,0,0.0809263949015811,0.0795169342902566,0.0515425038425688,False,True
L118613,Acid,2,1,0.675733292461694,0.7299356238524691,0.6863495684254696,True,True
L118613,Cisplatin,2,1,0.3092359370498225,0.3640200454446852,0.3787471560066378,True,True
L118613,CoCl2,2,1,0.347852982488807,0.4058986389945589,0.4734751649951727,True,True
L118613,Dabrafenib,2,1,0.3478529824888072,0.4058986389945589,0.3377709333054587,True,True
L118613,Doxorubicin,2,0,0.4332085082693999,0.4961727485203259,0.475080868731681,False,True
L118613,Trametinib,2,0,0.2962018068662069,0.3497657220999626,0.2604663634085707,False,True
L118637,Acid,1,0,0.4158230698941236,0.4660196542071787,0.423644066744935,False,False
L118637,Cisplatin,1,0,0.1278311601185779,0.1425835703371067,0.1563537096552136,False,False
L118637,CoCl2,1,0,0.1644139361003428,0.1838099947279767,0.1582796158394813,False,False
L118637,Dabrafenib,1,0,0.1611167897031677,0.180092693007718,0.1699828124286607,False,False
L118637,Doxorubicin,1,0,0.2270276463322885,0.2545471436835612,0.2396143958549887,False,False
L118637,Trametinib,1,0,0.1301330671248022,0.1451670236527094,0.1565596416356899,False,False
L118750,Acid,0,0,0.2846693786920213,0.3478950488713844,0.1769120937502598,False,True
L118750,Cisplatin,0,0,0.06962987611271,0.0880637078186862,0.0324058577826298,False,True
L118750,CoCl2,0,1,0.0932067590000554,0.1177283054914871,0.0219053877973073,True,True
L118750,Dabrafenib,0,1,0.102824000340023,0.1297887622297734,0.3069664955695658,True,True
L118750,Doxorubicin,0,0,0.1298040178991264,0.1636727480755307,0.1187343848341002,False,True
L118750,Trametinib,0,1,0.0791097509577917,0.0999823378699512,0.3631813275673701,True,True
L11899,Acid,1,0,0.4158230698941236,0.486632868077354,0.3322403601879469,False,False
L11899,Cisplatin,1,0,0.1278311601185779,0.1529892824702699,0.1194988506626027,False,False
L11899,CoCl2,1,0,0.1644139361003428,0.1965347557248445,0.1456451422558592,False,False
L11899,Dabrafenib,1,0,0.1611167897031677,0.1926208457809066,0.2655081522370924,False,False
L11899,Doxorubicin,1,0,0.2270276463322885,0.270545661741637,0.2477108143022773,False,False
L11899,Trametinib,1,0,0.1301330671248022,0.1557270322781615,0.2383259358526037,False,False
L119834,Acid,0,1,0.7527164628046659,0.8090541085635071,0.7768996975080644,True,True
L119834,Cisplatin,0,1,0.3640521729384602,0.4340541122367571,0.3274172602640993,True,True
L119834,CoCl2,0,1,0.440157025604788,0.514510871217289,0.5937780011199023,True,True
L119834,Dabrafenib,0,1,0.4671315092068432,0.5422372516621571,0.454424578342432,True,True
L119834,Doxorubicin,0,1,0.5329214830083707,0.6085042833328008,0.5779841552207594,True,True
L119834,Trametinib,0,0,0.3965322322119747,0.4687307435080361,0.3728197608466216,False,True
L120471,Acid,1,0,0.4158230698941236,0.4484044565118361,0.4305947041025494,False,True
L120471,Cisplatin,1,1,0.1278311601185779,0.1341232245010509,0.235519335576764,True,True
L120471,CoCl2,1,0,0.1644139361003428,0.1733981414459095,0.1149977199674573,False,True
L120471,Dabrafenib,1,0,0.1611167897031677,0.16984758675917,0.106070260589541,False,True
L120471,Doxorubicin,1,1,0.2270276463322885,0.2413130755243275,0.1962325474696504,True,True
L120471,Trametinib,1,0,0.1301330671248022,0.1365778037604432,0.119336996624949,False,True
L121449,Acid,0,0,0.2846693786920213,0.3012902271830483,0.2858486333918627,False,False
L121449,Cisplatin,0,0,0.06962987611271,0.0724018738940599,0.0862426669077017,False,False
L121449,CoCl2,0,0,0.0932067590000554,0.0973539363430791,0.0732853791974429,False,False
L121449,Dabrafenib,0,0,0.102824000340023,0.1075816877628509,0.1613101052774694,False,False
L121449,Doxorubicin,0,0,0.1298040178991264,0.136577990200728,0.1460610142038105,False,False
L121449,Trametinib,0,0,0.0791097509577917,0.0823923269554436,0.1146581729283114,False,False
L121505,Acid,4,0,0.2811303118206386,0.3493708077922554,0.2668239266062115,False,True
L121505,Cisplatin,4,1,0.0740054563390073,0.0952740753129534,0.0823811376006074,True,True
L121505,CoCl2,4,0,0.0909837199544665,0.1169856233617963,0.030936809157847,False,True
L121505,Dabrafenib,4,1,0.0879675059053129,0.1131299198429767,0.2160711341434694,True,True
L121505,Doxorubicin,4,0,0.1276391277841468,0.1638003904279135,0.1020310738648514,False,True
L121505,Trametinib,4,1,0.0703250134578361,0.0905753881425305,0.2723273012901874,True,True
L121689,Acid,3,1,0.5626436733180362,0.5842069741109481,0.6267600086240901,True,True
L121689,Cisplatin,3,1,0.210161350514774,0.2128400351487464,0.2933917005175721,True,True
L121689,CoCl2,3,1,0.2471525985349805,0.2512959613950211,0.2815716010883959,True,True
L121689,Dabrafenib,3,1,0.2471525985349811,0.251295961395021,0.1847136608553244,True,True
L121689,Doxorubicin,3,0,0.3389021017609692,0.3476026606815938,0.3351318742272686,False,True
L121689,Trametinib,3,0,0.2124580135268596,0.2152142709870848,0.1564582031091715,False,True
L122300,Acid,3,1,0.4992907486881012,0.4015778439469527,0.4475485934946057,True,True
L122300,Cisplatin,3,0,0.1709813190341188,0.114370714918539,0.1797330448172246,False,True
L122300,CoCl2,3,1,0.2028474460267985,0.1381578609648311,0.1748611012582686,True,True
L122300,Dabrafenib,3,0,0.202847446026799,0.1381578609648311,0.0837117091469565,False,True
L122300,Doxorubicin,3,1,0.2843620918120689,0.2028531618169484,0.1802712616147156,True,True
L122300,Trametinib,3,0,0.172943569832285,0.1158081253515377,0.069997531085802,False,True
L122873,Acid,4,0,0.29897467523817,0.3659604156957581,0.2339447639062096,False,False
L122873,Cisplatin,4,0,0.0801690138735493,0.1016837667807007,0.1379078751270125,False,False
L122873,CoCl2,4,0,0.0984110368485007,0.1246547342229304,0.0562122437191937,False,False
L122873,Dabrafenib,4,0,0.0951743785327787,0.1205807826384502,0.2299297465668572,False,False
L122873,Doxorubicin,4,0,0.1376057808821043,0.1739339688176249,0.1760202315737601,False,False
L122873,Trametinib,4,0,0.0762072710844168,0.0967027569795342,0.1601132158608402,False,False
L12301,Acid,0,1,0.5115146125449378,0.4856958939846711,0.5048681257644272,True,True
L12301,Cisplatin,0,0,0.1645294175338874,0.1459859823335648,0.1754605892516609,False,True
L12301,CoCl2,0,0,0.2128868482927187,0.1910737992777413,0.1460905931933981,False,True
L12301,Dabrafenib,0,0,0.2316976140253872,0.208869193363444,0.1420732378620605,False,True
L12301,Doxorubicin,0,0,0.2818689779638529,0.257294479328332,0.2934761988575841,False,True
L12301,Trametinib,0,0,0.1843691722779054,0.164331233726876,0.1095957088893857,False,True
L123461,Acid,3,0,0.4221316365433675,0.3871910826725926,0.4394149708499124,False,False
L123461,Cisplatin,3,0,0.1312581210697443,0.1084093106023011,0.1902584996835697,False,False
L123461,CoCl2,3,0,0.1571241044872312,0.1311401814466896,0.1015269426670796,False,False
L123461,Dabrafenib,3,0,0.1571241044872316,0.1311401814466896,0.1129220804489371,False,False
L123461,Doxorubicin,3,0,0.2254615241173787,0.1932863015639017,0.1741255202122422,False,False
L123461,Trametinib,3,0,0.1328375400785524,0.1097810854560527,0.0772823791597477,False,False
L123566,Acid,3,0,0.2940412912595201,0.1904932710138739,0.1463471143463655,False,True
L123566,Cisplatin,3,0,0.0793152022594877,0.0433236464825232,0.0451309196615773,False,True
L123566,CoCl2,3,1,0.0960772445913733,0.0532222250918407,0.0712348249005664,True,True
L123566,Dabrafenib,3,1,0.0960772445913736,0.0532222250918407,0.04099479676918,True,True
L123566,Doxorubicin,3,1,0.1423477794644546,0.0819253916923137,0.0866596889905111,True,True
L123566,Trametinib,3,1,0.0803273884269043,0.0439124116671124,0.0348482075328869,True,True
L123574,Acid,4,1,0.8364900287585969,0.83204435031504,0.8451635623923028,True,True
L123574,Cisplatin,4,1,0.5111163938577106,0.4927798813083306,0.5158290901494279,True,True
L123574,CoCl2,4,0,0.5669750634717636,0.5500075984850564,0.4634967889549735,False,True
L123574,Dabrafenib,4,1,0.5578631662488143,0.540617850425731,0.5845331493153451,True,True
L123574,Doxorubicin,4,1,0.6568315609152029,0.6437718579579041,0.6701454058100887,True,True
L123574,Trametinib,4,0,0.4973737538950026,0.4788531837828385,0.4951999739294349,False,True
L124049,Acid,3,1,0.5087596213124757,0.4693788962762256,0.4943000508281455,True,True
L124049,Cisplatin,3,0,0.1764176562533436,0.1454681978460411,0.2119742800580791,False,True
L124049,CoCl2,3,1,0.2090414851984096,0.1744490865640285,0.2219607761845066,True,True
L124049,Dabrafenib,3,0,0.2090414851984101,0.1744490865640284,0.1203022277688264,False,True
L124049,Doxorubicin,3,0,0.2921330404726833,0.2511855411269331,0.2817099465768397,False,True
L124049,Trametinib,3,0,0.1784288686041105,0.1472314672116649,0.0721279952019895,False,True
L124052,Acid,4,1,0.9319094089583326,0.9425798236921068,0.9546998571083628,True,True
L124052,Cisplatin,4,0,0.7366305829447283,0.7629925317939769,0.8021918176754219,False,True
L124052,CoCl2,4,1,0.7779182614582503,0.8019839441106221,0.9098580619972548,True,True
L124052,Dabrafenib,4,1,0.7714558863335891,0.795900944288632,0.7312184111793799,True,True
L124052,Doxorubicin,4,1,0.8366160308144044,0.8569042385140572,0.8868401819721209,True,True
L124052,Trametinib,4,0,0.7258266940497576,0.7527626785699049,0.6617032439441631,False,True
L124157,Acid,4,0,0.29897467523817,0.2001003369317502,0.1864194425430906,False,False
L124157,Cisplatin,4,0,0.0801690138735493,0.0467645879651576,0.0437223425170684,False,False
L124157,CoCl2,4,0,0.0984110368485007,0.0581318403055873,0.1077688933545111,False,False
L124157,Dabrafenib,4,0,0.0951743785327787,0.0560926649800301,0.0211933871071824,False,False
L124157,Doxorubicin,4,0,0.1376057808821043,0.083625231341028,0.1100012638894225,False,False
L124157,Trametinib,4,0,0.0762072710844168,0.0443410203376577,0.0210303536744019,False,False
L124481,Acid,3,0,0.4146843208666432,0.452102611823921,0.3413765917258268,False,True
L124481,Cisplatin,3,1,0.1278074763493444,0.1370350684791706,0.1248166268644673,True,True
L124481,CoCl2,3,0,0.153113315407486,0.1646596039339691,0.1683975198880319,False,True
L124481,Dabrafenib,3,0,0.1531133154074864,0.164659603933969,0.1830707351716257,False,True
L124481,Doxorubicin,3,0,0.2201619795680417,0.2383330502495428,0.1845200836567202,False,True
L124481,Trametinib,3,0,0.129351556344138,0.1387127101181667,0.1381933610692878,False,True
L124669,Acid,3,0,0.2940412912595201,0.3331049860612642,0.1906373481153415,False,True
L124669,Cisplatin,3,0,0.0793152022594877,0.0876930976889553,0.0564010387731344,False,True
L124669,CoCl2,3,0,0.0960772445913733,0.1065996059842178,0.1003991094266113,False,True
L124669,Dabrafenib,3,1,0.0960772445913736,0.1065996059842178,0.1126089915352074,True,True
L124669,Doxorubicin,3,0,0.1423477794644546,0.1592476792951651,0.1695318208478516,False,True
L124669,Trametinib,3,0,0.0803273884269043,0.088828853081941,0.0877178394120511,False,True
L125192,Acid,1,0,0.2838807297763159,0.3560393202122828,0.3291943265405617,False,True
L125192,Cisplatin,1,1,0.0754650511914505,0.0953097332652682,0.1593113606878035,True,True
L125192,CoCl2,1,0,0.0987586044275129,0.1248579132833401,0.0960849308267143,False,True
L125192,Dabrafenib,1,0,0.0966258507238606,0.1221544022819645,0.1164345741067631,False,True
L125192,Doxorubicin,1,0,0.1405752922599338,0.1778516458887371,0.1385150347384034,False,True
L125192,Trametinib,1,0,0.0769071316414241,0.0971336733808923,0.100275542773981,False,True
L125495,Acid,3,0,0.2940412912595201,0.4024218128258881,0.151757863517872,False,False
L125495,Cisplatin,3,0,0.0793152022594877,0.1147268002674001,0.0534121010933005,False,False
L125495,CoCl2,3,0,0.0960772445913733,0.1385764176759449,0.0585381720486227,False,False
L125495,Dabrafenib,3,0,0.0960772445913736,0.1385764176759449,0.2870145079793069,False,False
L125495,Doxorubicin,3,0,0.1423477794644546,0.2034214548589079,0.1522685199195813,False,False
L125495,Trametinib,3,0,0.0803273884269043,0.1161680989560384,0.2901730361910186,False,False
L126049,Acid,3,0,0.2800284500633928,0.1782045414693517,0.1638133979455764,False,False
L126049,Cisplatin,3,0,0.0744561004084269,0.0400590226680454,0.0605507632573628,False,False
L126049,CoCl2,3,0,0.090291954794067,0.0492500999191111,0.0343410768004064,False,False
L126049,Dabrafenib,3,0,0.0902919547940672,0.0492500999191111,0.0537627717556258,False,False
L126049,Doxorubicin,3,0,0.1341899264720791,0.0759829886660147,0.0837775952221128,False,False
L126049,Trametinib,3,0,0.0754113559162071,0.0406053049306047,0.0488269401362776,False,False
L126247,Acid,1,1,0.6708053815046446,0.7792859093461126,0.7967911098257816,True,True
L126247,Cisplatin,1,0,0.2955667823298969,0.4021885574244125,0.4580179272854024,False,True
L126247,CoCl2,1,1,0.3603207827687818,0.4767409177205395,0.3843882246222947,True,True
L126247,Dabrafenib,1,0,0.3547629340440664,0.4705146134566937,0.5065952093424633,False,True
L126247,Doxorubicin,1,1,0.4567589114319739,0.5800881412967507,0.5251091567041979,True,True
L126247,Trametinib,1,1,0.29985073322996,0.4072416500157433,0.4318371579938305,True,True
L126445,Acid,4,1,0.6169864058419372,0.6150230651044586,0.6412607705557274,True,True
L126445,Cisplatin,4,0,0.247667508712894,0.2385597459945765,0.2948919660881572,False,True
L126445,CoCl2,4,0,0.2919268582579793,0.282720248623045,0.2351414127510232,False,True
L126445,Dabrafenib,4,0,0.2843328106110728,0.2751039532207482,0.2384451828284468,False,True
L126445,Doxorubicin,4,0,0.3760477037560993,0.3682023748570677,0.3650171743603602,False,True
L126445,Trametinib,4,0,0.2375662299934383,0.2285799148873388,0.1898063613554991,False,True
L126645,Acid,4,0,0.2968821351175162,0.152702386805641,0.1471822130089665,False,False
L126645,Cisplatin,4,0,0.0794343772887644,0.0341373536496968,0.0291705642243426,False,False
L126645,CoCl2,4,0,0.0975269614574984,0.0425723344234091,0.0406538126768882,False,False
L126645,Dabrafenib,4,0,0.094316337926325,0.0410551714990807,0.0298836083120361,False,False
L126645,Doxorubicin,4,0,0.1364228780661134,0.0616891096942638,0.0832932365256883,False,False
L126645,Trametinib,4,0,0.0755059582532245,0.0323459847088207,0.047179410384268,False,False
L126735,Acid,1,1,0.670942994192314,0.651910303962191,0.5521887564205826,True,True
L126735,Cisplatin,1,0,0.2956965618695998,0.2630031868294327,0.2412000779356113,False,True
L126735,CoCl2,1,1,0.360464445726452,0.3258168097040974,0.4060647936273729,True,True
L126735,Dabrafenib,1,1,0.35490561049579,0.3203548354143308,0.3012394953260358,True,True
L126735,Doxorubicin,1,0,0.4569135603143006,0.4228882836681116,0.4167352843638487,False,True
L126735,Trametinib,1,0,0.2999815927649191,0.2670888466812776,0.1981795084558501,False,True
L126892,Acid,0,0,0.4328777043248581,0.3699838128870271,0.3140503546213194,False,False
L126892,Cisplatin,0,0,0.125527930426065,0.0960859462398373,0.1034101391209122,False,False
L126892,CoCl2,0,0,0.1646818096685305,0.1280733486073926,0.0708796313164197,False,False
L126892,Dabrafenib,0,0,0.1802083459980085,0.1410241867212378,0.1108707772537842,False,False
L126892,Doxorubicin,0,0,0.2224585775702799,0.1772439686244238,0.2177139617205855,False,False
L126892,Trametinib,0,0,0.1414610018446082,0.1089605871903051,0.139805923972997,False,False
L126909,Acid,3,0,0.2800284500633928,0.2988361003386362,0.2175631080992124,False,False
L126909,Cisplatin,3,0,0.0744561004084269,0.0758017839019071,0.073560084795896,False,False
L126909,CoCl2,3,0,0.090291954794067,0.0924042145697727,0.0869085917141583,False,False
L126909,Dabrafenib,3,0,0.0902919547940672,0.0924042145697727,0.1179164268404517,False,False
L126909,Doxorubicin,3,0,0.1341899264720791,0.13913321996817,0.1966934885123579,False,False
L126909,Trametinib,3,0,0.0754113559162071,0.0767964935009894,0.1030272849209026,False,False
L127213,Acid,0,0,0.4328777043248581,0.3735056772933565,0.3923542880792249,False,False
L127213,Cisplatin,0,0,0.125527930426065,0.0974036755314661,0.1418407074270176,False,False
L127213,CoCl2,0,0,0.1646818096685305,0.1297667783815093,0.0999720658606463,False,False
L127213,Dabrafenib,0,0,0.1802083459980085,0.1428608000386761,0.1025661178206932,False,False
L127213,Doxorubicin,0,0,0.2224585775702799,0.1794537397983206,0.2138959074927836,False,False
L127213,Trametinib,0,0,0.1414610018446082,0.1104333089908339,0.0605590855108071,False,False
L127323,Acid,0,1,0.4149805867907848,0.5490932630188289,0.579517534358007,True,True
L127323,Cisplatin,0,0,0.1177007767603611,0.1806133990548925,0.2180654920272946,False,True
L127323,CoCl2,0,0,0.1548455655223088,0.2334721679176822,0.1612409677245411,False,True
L127323,Dabrafenib,0,1,0.1696330495450506,0.2539765078956002,0.3499351895300038,True,True
L127323,Doxorubicin,0,1,0.2100391285020572,0.3087779846559007,0.2529415185336674,True,True
L127323,Trametinib,0,1,0.1327912236158765,0.2022794172856476,0.1816202484740933,True,True
L127688,Acid,1,0,0.496825320815045,0.5080242704402552,0.4317480875365925,False,False
L127688,Cisplatin,1,0,0.1689583692158867,0.1644114266991405,0.2098204164355188,False,False
L127688,CoCl2,1,0,0.2144174130435116,0.210400411560279,0.1742143570803088,False,False
L127688,Dabrafenib,1,0,0.2103699600311866,0.2062812659034823,0.2249395230544495,False,False
L127688,Doxorubicin,1,0,0.289476823976551,0.2877627380671662,0.2589496497136187,False,False
L127688,Trametinib,1,0,0.1718549413378052,0.1673132004195197,0.1981703013108007,False,False
L128433,Acid,0,0,0.283084547091898,0.3936263994292196,0.1439504619696183,False,True
L128433,Cisplatin,0,0,0.0691265369767683,0.1051470999899962,0.0240745368679122,False,True
L128433,CoCl2,0,0,0.0925499417249437,0.1396848482935965,0.0400429221007662,False,True
L128433,Dabrafenib,0,1,0.1021070427147207,0.1536030007738306,0.4459223732044159,True,True
L128433,Doxorubicin,0,0,0.1289259711728003,0.1923300814711473,0.1350242974177195,False,True
L128433,Trametinib,0,1,0.078543669144304,0.1190759135207451,0.4021995306974902,True,True
L128570,Acid,1,0,0.4006161480198365,0.3937195907636447,0.4134048102640062,False,True
L128570,Cisplatin,1,1,0.1209752434080474,0.110114913436311,0.1524089038651783,True,True
L128570,CoCl2,1,0,0.1559468078263411,0.1435248625434665,0.0730138615030145,False,True
L128570,Dabrafenib,1,0,0.1527884125735933,0.1404820441937173,0.1561505682429295,False,True
L128570,Doxorubicin,1,0,0.2161701867667327,0.2026072033728627,0.1825771007316447,False,True
L128570,Trametinib,1,1,0.1231711282899808,0.112187045756188,0.1610744372500145,True,True
L128910,Acid,2,0,0.2807695161874157,0.1856022680960172,0.182598750339155,False,False
L128910,Cisplatin,2,0,0.0773739631839097,0.0460406256926174,0.0306630631759707,False,False
L128910,CoCl2,2,0,0.0908442457636326,0.0544705277447052,0.0385307800468053,False,False
L128910,Dabrafenib,2,0,0.0908442457636327,0.0544705277447052,0.0255737573553632,False,False
L128910,Doxorubicin,2,0,0.1252471706812583,0.0766719888977102,0.1023366079088776,False,False
L128910,Trametinib,2,0,0.0730787807484661,0.0433882908166388,0.0170931895685318,False,False
L12904,Acid,3,1,0.8147956517188206,0.7478144672083894,0.7853732567125241,True,True
L12904,Cisplatin,3,0,0.4764240380184413,0.3633234003059459,0.3599636085892553,False,True
L12904,CoCl2,3,1,0.528898427798545,0.4146463359356646,0.4576716474787891,True,True
L12904,Dabrafenib,3,0,0.5288984277985457,0.4146463359356646,0.2985972318237242,False,True
L12904,Doxorubicin,3,1,0.6367737808795803,0.5292984928244712,0.6368027158783417,True,True
L12904,Trametinib,3,0,0.4798626440462622,0.3665945064220324,0.2909525518704245,False,True
L129056,Acid,3,0,0.7594985197593646,0.7733045898305949,0.7449155747138329,False,False
L129056,Cisplatin,3,0,0.3951011972368072,0.3963031686781718,0.4040687604698075,False,False
L129056,CoCl2,3,0,0.4462527806178908,0.4489993820744269,0.4798792376749687,False,False
L129056,Dabrafenib,3,0,0.4462527806178916,0.4489993820744269,0.3545418134015984,False,False
L129056,Doxorubicin,3,0,0.5572091703221208,0.5639980863538977,0.5715688536943588,False,False
L129056,Trametinib,3,0,0.3983994752585449,0.3996848004993164,0.3228198524996655,False,False
L12916,Acid,0,0,0.2846693786920213,0.2861237887615494,0.2196448808833817,False,False
L12916,Cisplatin,0,0,0.06962987611271,0.0676418599525666,0.0519174593161997,False,False
L12916,CoCl2,0,0,0.0932067590000554,0.0911146014928774,0.0476447372830324,False,False
L12916,Dabrafenib,0,0,0.102824000340023,0.1007600350719417,0.1801376097122262,False,False
L12916,Doxorubicin,0,0,0.1298040178991264,0.1281817993812121,0.1204791536123593,False,False
L12916,Trametinib,0,0,0.0791097509577917,0.0770300408068795,0.126673526278649,False,False
L129163,Acid,3,0,0.4116274315616812,0.3788425910269532,0.337583888653186,False,True
L129163,Cisplatin,3,0,0.1264086162512261,0.1050414780444783,0.1385862146737109,False,True
L129163,CoCl2,3,0,0.1514855872923659,0.1271669123254341,0.1027108921909274,False,True
L129163,Dabrafenib,3,0,0.1514855872923663,0.1271669123254341,0.1055249548852057,False,True
L129163,Doxorubicin,3,1,0.2180049504580228,0.187837196621831,0.2149714305601168,True,True
L129163,Trametinib,3,0,0.1279382751993651,0.1063757219280936,0.0964061444914506,False,True
L129221,Acid,3,1,0.2800284500633928,0.4226675082950467,0.3587735963874653,True,True
L129221,Cisplatin,3,0,0.0744561004084269,0.1234896850128592,0.137179837283188,False,True
L129221,CoCl2,3,1,0.090291954794067,0.1488546457456799,0.2001921652264613,True,True
L129221,Dabrafenib,3,0,0.0902919547940672,0.1488546457456799,0.2247702689356054,False,True
L129221,Doxorubicin,3,0,0.1341899264720791,0.2172960232949824,0.1919779374028004,False,True
L129221,Trametinib,3,0,0.0754113559162071,0.1250255233524383,0.173524107149136,False,True
L129285,Acid,2,0,0.3964971561603091,0.3873129795645896,0.2800584610522891,False,False
L129285,Cisplatin,2,0,0.1236828129632373,0.1180658130853574,0.1387937928061386,False,False
L129285,CoCl2,2,0,0.1439572306507918,0.1377786520814992,0.1136289175062664,False,False
L129285,Dabrafenib,2,0,0.1439572306507918,0.1377786520814992,0.1839063391429221,False,False
L129285,Doxorubicin,2,0,0.1941781992172485,0.187212338423413,0.1742116688834248,False,False
L129285,Trametinib,2,0,0.1171433286036891,0.1117502701376375,0.1612006648086976,False,False
L129541,Acid,2,0,0.4332282471416219,0.3172945395506721,0.1844078759479206,False,True
L129541,Cisplatin,2,0,0.1410473861614739,0.0896033949310096,0.0964869920752723,False,True
L129541,CoCl2,2,0,0.1636367274924759,0.1051304971947977,0.1452625850886177,False,True
L129541,Dabrafenib,2,0,0.163636727492476,0.1051304971947977,0.1013006105601976,False,True
L129541,Doxorubicin,2,1,0.2189669938919418,0.1448177781768318,0.1875673461730069,True,True
L129541,Trametinib,2,0,0.1337298931096704,0.0846641977905563,0.0548828255085723,False,True
L12989,Acid,3,1,0.837139553418615,0.8840986112528663,0.8721653430305315,True,False
L12989,Cisplatin,3,1,0.5153066486397246,0.5948062893821442,0.7359180052562584,True,False
L12989,CoCl2,3,1,0.5674223943041203,0.6456674616663279,0.7525139799900908,True,False
L12989,Dabrafenib,3,1,0.5674223943041211,0.6456674616663279,0.6484284310258567,True,False
L12989,Doxorubicin,3,1,0.6719478600082098,0.7431045213289457,0.7317506444886197,True,False
L12989,Trametinib,3,1,0.5187478425376704,0.5982033345197479,0.5225492000613156,True,False
L129963,Acid,0,0,0.283084547091898,0.2321664289250248,0.1793065775858355,False,False
L129963,Cisplatin,0,0,0.0691265369767683,0.0518910306930665,0.0588612259103238,False,False
L129963,CoCl2,0,0,0.0925499417249437,0.0703101780712537,0.164879555126975,False,False
L129963,Dabrafenib,0,0,0.1021070427147207,0.0779421112691878,0.0654840323978278,False,False
L129963,Doxorubicin,0,0,0.1289259711728003,0.0998434845542012,0.0884753581207232,False,False
L129963,Trametinib,0,0,0.078543669144304,0.0592319960723904,0.0318312017232585,False,False
L129976,Acid,2,0,0.3123280499487586,0.249407184674153,0.1079349761353226,False,True
L129976,Cisplatin,2,0,0.0888965001766363,0.0657410218808013,0.0481909330333573,False,True
L129976,CoCl2,2,0,0.10414634088636,0.0774850238878423,0.0694969807627555,False,True
L129976,Dabrafenib,2,0,0.1041463408863601,0.0774850238878423,0.0676193797244697,False,True
L129976,Doxorubicin,2,1,0.142795584893713,0.1079954861110745,0.1197742658749056,True,True
L129976,Trametinib,2,0,0.0840199282215226,0.0620275685448453,0.0696621583954437,False,True
L130314,Acid,4,1,0.4343535892129345,0.4167927836493889,0.3344343937760437,True,True
L130314,Cisplatin,4,1,0.1356408285446726,0.1229246165684627,0.1422212345393005,True,True
L130314,CoCl2,4,1,0.1642512362708553,0.149893349899827,0.2022386590731563,True,True
L130314,Dabrafenib,4,0,0.159231589114579,0.1451313113076505,0.130530234195271,False,True
L130314,Doxorubicin,4,0,0.2231774654903519,0.2067929658716835,0.2346406390752668,False,True
L130314,Trametinib,4,0,0.1293232217737924,0.1170386793271505,0.0952753971228498,False,True
L130334,Acid,2,1,0.8228116225092389,0.8354890715966014,0.8213376703149998,True,True
L130334,Cisplatin,2,1,0.4993969849128875,0.5181885142396693,0.4929684900069204,True,True
L130334,CoCl2,2,1,0.5430907471549846,0.5621267337630443,0.5459914308848286,True,True
L130334,Dabrafenib,2,1,0.5430907471549848,0.5621267337630443,0.5793299371447437,True,True
L130334,Doxorubicin,2,0,0.6300681955255916,0.6491795949074249,0.6526684550114392,False,True
L130334,Trametinib,2,1,0.4839632698179065,0.502668755220186,0.5153467765888116,True,True
L130771,Acid,2,0,0.4182482055123107,0.5046133235838136,0.4245662337861073,False,False
L130771,Cisplatin,2,0,0.1337855071112935,0.1774383406278856,0.1612180403361206,False,False
L130771,CoCl2,2,0,0.1554222690865395,0.204762728101981,0.23105592948539,False,False
L130771,Dabrafenib,2,0,0.1554222690865395,0.204762728101981,0.2648506362805576,False,False
L130771,Doxorubicin,2,0,0.20866797340549,0.2706847007887187,0.2045225561631289,False,False
L130771,Trametinib,2,0,0.1267891472075863,0.1685538395183619,0.1843824495738891,False,False
L131040,Acid,1,0,0.2838807297763159,0.3608857362330107,0.1516202702912527,False,False
L131040,Cisplatin,1,0,0.0754650511914505,0.0971424725776478,0.0822550123886637,False,False
L131040,CoCl2,1,0,0.0987586044275129,0.1271789686113087,0.1091640560704789,False,False
L131040,Dabrafenib,1,0,0.0966258507238606,0.124432346317523,0.1825779083370049,False,False
L131040,Doxorubicin,1,0,0.1405752922599338,0.1809541354483591,0.1262700039564544,False,False
L131040,Trametinib,1,0,0.0769071316414241,0.0989976478352139,0.1748198080225782,False,False
L131195,Acid,3,1,0.2800284500633928,0.22565226334216,0.1707254359677167,True,True
L131195,Cisplatin,3,0,0.0744561004084269,0.0531016259540245,0.0643288565375418,False,True
L131195,CoCl2,3,0,0.090291954794067,0.0650822925654029,0.0412810398067553,False,True
L131195,Dabrafenib,3,0,0.0902919547940672,0.0650822925654029,0.0832239783205828,False,True
L131195,Doxorubicin,3,0,0.1341899264720791,0.0995094229083781,0.1109970636464049,False,True
L131195,Trametinib,3,0,0.0754113559162071,0.0538157981675708,0.0610649337700943,False,True
L131755,Acid,3,1,0.7222253018805509,0.786399462407166,0.8198848958622625,True,True
L131755,Cisplatin,3,0,0.349707634155019,0.414692255480288,0.4903868243881055,False,True
L131755,CoCl2,3,0,0.3988574358731384,0.4679383390171637,0.3737761900739483,False,True
L131755,Dabrafenib,3,0,0.3988574358731391,0.4679383390171637,0.4906969406580795,False,True
L131755,Doxorubicin,3,0,0.5088585419824341,0.5826583471686488,0.5639823075797791,False,True
L131755,Trametinib,3,0,0.3528480134873991,0.4181221219182061,0.4219164539421204,False,True
L131897,Acid,4,1,0.8336420712887653,0.8656733533970987,0.8333722735872796,True,True
L131897,Cisplatin,4,1,0.5059484077091702,0.5582751784262285,0.6394950491276418,True,True
L131897,CoCl2,4,0,0.5618914216736268,0.613903108188124,0.5284436880544218,False,True
L131897,Dabrafenib,4,0,0.5527569344045024,0.6048888444900226,0.6528018939421419,False,True
L131897,Doxorubicin,4,1,0.6521556285627232,0.7015773513674236,0.701300013585303,True,True
L131897,Trametinib,4,0,0.4922048237647992,0.5444844694620422,0.5755522683423953,False,True
L132063,Acid,2,0,0.6644103609414296,0.6431669879940365,0.6919709449854438,False,True
L132063,Cisplatin,2,1,0.2984028357615622,0.2762544300588112,0.336130683913185,True,True
L132063,CoCl2,2,0,0.3363257319870985,0.3130054008059987,0.2520503666032256,False,True
L132063,Dabrafenib,2,0,0.3363257319870986,0.3130054008059987,0.297293279432901,False,True
L132063,Doxorubicin,2,0,0.4206773119186843,0.3964045722988227,0.3997370253730021,False,True
L132063,Trametinib,2,0,0.2856365033454585,0.2640101709828908,0.2643792691003046,False,True
L132173,Acid,1,0,0.5725496822399037,0.4942416187570145,0.5018225224137604,False,True
L132173,Cisplatin,1,0,0.2161801356129022,0.15697649621082,0.1522667327766742,False,True
L132173,CoCl2,1,0,0.2702133076693188,0.2013870211986645,0.2226322556087803,False,True
L132173,Dabrafenib,1,1,0.2654685368647937,0.1974002212220608,0.1340975032498415,True,True
L132173,Doxorubicin,1,0,0.3559546074335131,0.2765961471547325,0.3025149675928412,False,True
L132173,Trametinib,1,0,0.219672270798143,0.1597721383304907,0.1026546043763398,False,True
L132236,Acid,4,0,0.29897467523817,0.3035072629196901,0.1933802467961535,False,True
L132236,Cisplatin,4,1,0.0801690138735493,0.0787306366947566,0.0409414437972858,True,True
L132236,CoCl2,4,0,0.0984110368485007,0.0970767003788027,0.1030893863102629,False,True
L132236,Dabrafenib,4,0,0.0951743785327787,0.0938074617430028,0.1292721880751619,False,True
L132236,Doxorubicin,4,0,0.1376057808821043,0.1371619601782956,0.1610842872682067,False,True
L132236,Trametinib,4,0,0.0762072710844168,0.074780394932881,0.1039382096030075,False,True
L1323,Acid,2,0,0.2879810790401368,0.2274136177007837,0.1156785876950059,False,False
L1323,Cisplatin,2,0,0.0799419805856406,0.0586776105104464,0.0398967867102318,False,False
L1323,CoCl2,2,0,0.0938138784504659,0.0692533355173141,0.0287589326340202,False,False
L1323,Dabrafenib,2,0,0.0938138784504659,0.0692533355173141,0.0376630412903039,False,False
L1323,Doxorubicin,2,0,0.1291816151328634,0.0968628251321224,0.1106306430349344,False,False
L1323,Trametinib,2,0,0.0755159104304394,0.0553395083890183,0.0527713374288862,False,False
L132329,Acid,4,1,0.4062027571838147,0.4307256061083953,0.3992742790156409,True,True
L132329,Cisplatin,4,0,0.1226519397577298,0.1292102555055749,0.154037174804524,False,True
L132329,CoCl2,4,0,0.1489948927966237,0.1573106717159098,0.0562383886311844,False,True
L132329,Dabrafenib,4,0,0.1443609557083698,0.1523552204232191,0.1909771305279091,False,True
L132329,Doxorubicin,4,0,0.2037823767384863,0.2163094739630164,0.1660762199097479,False,True
L132329,Trametinib,4,0,0.1168575141152345,0.1230655766593234,0.2356892273112259,False,True
L132364,Acid,0,0,0.2846693786920213,0.1998484365937964,0.1486396985559399,False,False
L132364,Cisplatin,0,0,0.06962987611271,0.0432540565258019,0.0652750634327184,False,False
L132364,CoCl2,0,0,0.0932067590000554,0.0587975643188928,0.0310154630744705,False,False
L132364,Dabrafenib,0,0,0.102824000340023,0.0652675723533493,0.0541936361054061,False,False
L132364,Doxorubicin,0,0,0.1298040178991264,0.0839316482190661,0.100038006562404,False,False
L132364,Trametinib,0,0,0.0791097509577917,0.0494368700612739,0.0267968915816692,False,False
L132385,Acid,3,0,0.2839379758377813,0.2459247901916792,0.075922406757474,False,True
L132385,Cisplatin,3,0,0.0757977484189873,0.0590544880403965,0.0430602356939959,False,True
L132385,CoCl2,3,1,0.0918906235877918,0.0722757105585007,0.0460281852067291,True,True
L132385,Dabrafenib,3,0,0.0918906235877921,0.0722757105585007,0.1408884984894603,False,True
L132385,Doxorubicin,3,0,0.136449253309681,0.1100600539375423,0.109610104761935,False,True
L132385,Trametinib,3,0,0.0767687892495874,0.0598436614151724,0.0705227240785877,False,True
L132506,Acid,1,0,0.4139661310128785,0.4423879835467848,0.2412160816010586,False,True
L132506,Cisplatin,1,0,0.1269807530488096,0.1313197030580912,0.084109169151796,False,True
L132506,CoCl2,1,0,0.1633657447244224,0.1699347899104049,0.1808511964564405,False,True
L132506,Dabrafenib,1,1,0.1600855915071559,0.1664408724296791,0.194324988190058,True,True
L132506,Doxorubicin,1,0,0.2256880899456498,0.2368819658754027,0.2533247664774093,False,True
L132506,Trametinib,1,1,0.1292696161615275,0.1337308994268692,0.1658305012146929,True,True
L132926,Acid,1,0,0.2838807297763159,0.3030684681169912,0.4136714006039383,False,False
L132926,Cisplatin,1,0,0.0754650511914505,0.076520308470525,0.0708008525606036,False,False
L132926,CoCl2,1,0,0.0987586044275129,0.1008929732834435,0.0623656611332886,False,False
L132926,Dabrafenib,1,0,0.0966258507238606,0.0986498746155386,0.0965817003082369,False,False
L132926,Doxorubicin,1,0,0.1405752922599338,0.1454052089888848,0.1203453189744487,False,False
L132926,Trametinib,1,0,0.0769071316414241,0.0780156834540077,0.1013102653814227,False,False
L133025,Acid,1,0,0.2846492613888907,0.3417098377367991,0.4465539589804162,False,False
L133025,Cisplatin,1,0,0.0757290196169657,0.0900071142016184,0.104378676179364,False,False
L133025,CoCl2,1,0,0.09909531796825,0.118126011314174,0.0992848455996951,False,False
L133025,Dabrafenib,1,0,0.0969560750019377,0.1155490183002028,0.1306538890075738,False,False
L133025,Doxorubicin,1,0,0.1410322674669205,0.1688136641112065,0.127790623832609,False,False
L133025,Trametinib,1,0,0.0771757232365809,0.0917398683770631,0.1063655164481102,False,False
L133077,Acid,1,1,0.2846492613888907,0.2870607434985212,0.4126390668285952,True,True
L133077,Cisplatin,1,1,0.0757290196169657,0.0712551743195191,0.1035952578597907,True,True
L133077,CoCl2,1,0,0.09909531796825,0.0941217509432513,0.0803904414211549,False,True
L133077,Dabrafenib,1,1,0.0969560750019377,0.092013786965169,0.0767914741471398,True,True
L133077,Doxorubicin,1,0,0.1410322674669205,0.1360988383535604,0.1629967438038256,False,True
L133077,Trametinib,1,0,0.0771757232365809,0.0726557521724426,0.039341256959245,False,True
L133458,Acid,3,1,0.4146843208666432,0.4928236447471308,0.3523781216096462,True,True
L133458,Cisplatin,3,1,0.1278074763493444,0.1575374862199065,0.1246024990431962,True,True
L133458,CoCl2,3,0,0.153113315407486,0.1883927735508199,0.0907544280390137,False,True
L133458,Dabrafenib,3,1,0.1531133154074864,0.1883927735508199,0.3474582162499797,True,True
L133458,Doxorubicin,3,1,0.2201619795680417,0.269262243360832,0.2243484288137154,True,True
L133458,Trametinib,3,1,0.129351556344138,0.1594197588433868,0.3054046481283907,True,True
L133480,Acid,1,0,0.2838807297763159,0.3444455471542264,0.1180757774217819,False,True
L133480,Cisplatin,1,0,0.0754650511914505,0.0910062888992401,0.1057584108357385,False,True
L133480,CoCl2,1,0,0.0987586044275129,0.119396379817942,0.0643508570928051,False,True
L133480,Dabrafenib,1,1,0.0966258507238606,0.1167953433439137,0.3157536354082035,True,True
L133480,Doxorubicin,1,0,0.1405752922599338,0.1705237395483594,0.0746813763916495,False,True
L133480,Trametinib,1,0,0.0769071316414241,0.0927563178074775,0.2554122266845504,False,True
L134289,Acid,3,0,0.2839379758377813,0.3071514230719122,0.2065392117037703,False,False
L134289,Cisplatin,3,0,0.0757977484189873,0.078606779336848,0.1036550353408925,False,False
L134289,CoCl2,3,0,0.0918906235877918,0.0957599155516836,0.0969812034507357,False,False
L134289,Dabrafenib,3,0,0.0918906235877921,0.0957599155516835,0.1287642919090248,False,False
L134289,Doxorubicin,3,0,0.136449253309681,0.1439168162786244,0.1245469924643285,False,False
L134289,Trametinib,3,0,0.0767687892495874,0.0796351258397298,0.0946415165980273,False,False
L134452,Acid,0,0,0.2846693786920213,0.1093326468913739,0.0665234724836686,False,False
L134452,Cisplatin,0,0,0.06962987611271,0.0217366116233942,0.0283893388724897,False,False
L134452,CoCl2,0,0,0.0932067590000554,0.0297884938874606,0.0126758989118198,False,False
L134452,Dabrafenib,0,0,0.102824000340023,0.0331789086972807,0.0216267260441744,False,False
L134452,Doxorubicin,0,0,0.1298040178991264,0.0430898388616687,0.0588084911022532,False,False
L134452,Trametinib,0,0,0.0791097509577917,0.0249238073842799,0.0385685558525273,False,False
L135014,Acid,4,1,0.6700453817047675,0.6608585652705308,0.6093824355286342,True,True
L135014,Cisplatin,4,0,0.2932860857132203,0.27648881074146,0.2776964088509146,False,True
L135014,CoCl2,4,0,0.3419918750248951,0.3246766652034585,0.3956316820749577,False,True
L135014,Dabrafenib,4,0,0.3337092552231422,0.3164287151557806,0.2507197199151402,False,True
L135014,Doxorubicin,4,0,0.4317427983347921,0.4154961195336177,0.4506794215161289,False,True
L135014,Trametinib,4,0,0.2820216878880726,0.2654754732415722,0.2085496739836158,False,True
L135446,Acid,3,1,0.6205432124148139,0.5950551196888945,0.6625192697198419,True,True
L135446,Cisplatin,3,0,0.2527503940096683,0.220448395029967,0.2295283232152625,False,True
L135446,CoCl2,3,1,0.2944433700416058,0.2598252465005452,0.2466902541776377,True,True
L135446,Dabrafenib,3,1,0.2944433700416064,0.2598252465005451,0.1994556261040148,True,True
L135446,Doxorubicin,3,0,0.39454801926848,0.3578384246404292,0.3911157689651834,False,True
L135446,Trametinib,3,0,0.2553620005339106,0.2228834710556375,0.1819271647069288,False,True
L135513,Acid,1,1,0.4934165770576021,0.5017097746565301,0.6144403186779481,True,True
L135513,Cisplatin,1,0,0.167052306884838,0.1609704549989819,0.2018020119118196,False,True
L135513,CoCl2,1,0,0.2121294205507139,0.2062344941484783,0.1648095192108759,False,True
L135513,Dabrafenib,1,0,0.2081137152984279,0.2021760243140017,0.1405815653881474,False,True
L135513,Doxorubicin,1,1,0.2866801763302718,0.2826133013430142,0.3250637498129515,True,True
L135513,Trametinib,1,0,0.1699228834915934,0.1638234042383357,0.1227656667194797,False,True
L135540,Acid,3,0,0.3997717732871692,0.2776334825331322,0.3897704674118913,False,True
L135540,Cisplatin,3,1,0.1210773264101534,0.0688692996915516,0.1448616759912659,True,True
L135540,CoCl2,3,0,0.1452725506487526,0.0840915035243141,0.0829429935812488,False,True
L135540,Dabrafenib,3,0,0.145272550648753,0.084091503524314,0.0521071525254197,False,True
L135540,Doxorubicin,3,0,0.209738056390987,0.1272059394082035,0.1254069737345955,False,True
L135540,Trametinib,3,0,0.1225515221645141,0.0697799063478184,0.0345045722511539,False,True
L135657,Acid,4,1,0.29897467523817,0.2613477620288256,0.2481980923178961,True,True
L135657,Cisplatin,4,0,0.0801690138735493,0.0648855756693078,0.0769814232812891,False,True
L135657,CoCl2,4,0,0.0984110368485007,0.0802865770625144,0.1174503962526991,False,True
L135657,Dabrafenib,4,0,0.0951743785327787,0.0775342227487424,0.0554990900878667,False,True
L135657,Doxorubicin,4,0,0.1376057808821043,0.1143165712174578,0.1500473972002098,False,True
L135657,Trametinib,4,0,0.0762072710844168,0.0615835620945445,0.0475204902017046,False,True
L135709,Acid,3,1,0.5542403741566174,0.6174292031800757,0.4211507831399594,True,True
L135709,Cisplatin,3,0,0.2045602184504246,0.2369801522624902,0.1072170050366042,False,True
L135709,CoCl2,3,0,0.2408662400775254,0.2782559040866259,0.2013402605460824,False,True
L135709,Dabrafenib,3,1,0.2408662400775259,0.2782559040866258,0.3448674447075038,True,True
L135709,Doxorubicin,3,0,0.331309067645028,0.3796554815754675,0.3240996244121906,False,True
L135709,Trametinib,3,1,0.2068116989385759,0.2395417256411601,0.3079310373430241,True,True
L135998,Acid,4,1,0.4062027571838147,0.470560772609005,0.3980708385413297,True,True
L135998,Cisplatin,4,0,0.1226519397577298,0.1484308464779443,0.1445623201486413,False,True
L135998,CoCl2,4,0,0.1489948927966237,0.1798479966110194,0.2833969478040291,False,True
L135998,Dabrafenib,4,1,0.1443609557083698,0.1743294651145558,0.1931948144698458,True,True
L135998,Doxorubicin,4,0,0.2037823767384863,0.2448434545936374,0.2206039282438087,False,True
L135998,Trametinib,4,0,0.1168575141152345,0.1415206707395202,0.1323335749209819,False,True
L136317,Acid,0,0,0.4298468745140477,0.4760725775716691,0.4828697918787302,False,False
L136317,Cisplatin,0,0,0.1241778454058183,0.1412449857107373,0.13002297933672,False,False
L136317,CoCl2,0,0,0.1629891035435423,0.18518605695804,0.1361072045815634,False,False
L136317,Dabrafenib,0,0,0.1783901304328464,0.2025704206991852,0.1642140352603475,False,False
L136317,Doxorubicin,0,0,0.2203286464606627,0.2499968337368186,0.2234730705886319,False,False
L136317,Trametinib,0,0,0.1399669809272736,0.1591054569643101,0.1033278421802647,False,False
L13633,Acid,4,1,0.8531260065414542,0.8776089021950633,0.8656579887302682,True,True
L13633,Cisplatin,4,0,0.5427614117876639,0.584411833405988,0.5475031499928373,False,True
L13633,CoCl2,4,0,0.5978492485200184,0.6388773909509176,0.7364042095564239,False,True
L13633,Dabrafenib,4,1,0.5889159789168796,0.6300948738574869,0.5977176302916931,True,True
L13633,Doxorubicin,4,1,0.6848600765009445,0.7234353662091051,0.7459316679658581,True,True
L13633,Trametinib,4,1,0.529088745034779,0.5708097984938637,0.4729158234406089,True,True
L136444,Acid,0,0,0.283084547091898,0.1617659109359067,0.1153035190499833,False,False
L136444,Cisplatin,0,0,0.0691265369767683,0.0337529388056453,0.0385563856696755,False,False
L136444,CoCl2,0,0,0.0925499417249437,0.0460465067020092,0.0714452389689112,False,False
L136444,Dabrafenib,0,0,0.1021070427147207,0.0511897165689113,0.0296864234050812,False,False
L136444,Doxorubicin,0,0,0.1289259711728003,0.0661127909770255,0.0847340823321543,False,False
L136444,Trametinib,0,0,0.078543669144304,0.0386324843493626,0.0220826630158926,False,False
L136970,Acid,4,0,0.4062027571838147,0.3139368728446575,0.3459283508543205,False,False
L136970,Cisplatin,4,0,0.1226519397577298,0.0823493654539387,0.1259842117280314,False,False
L136970,CoCl2,4,0,0.1489948927966237,0.1014458223914549,0.1030269313440245,False,False
L136970,Dabrafenib,4,0,0.1443609557083698,0.098045422695021,0.051624539243748,False,False
L136970,Doxorubicin,4,0,0.2037823767384863,0.1430493715670624,0.1812366492327113,False,False
L136970,Trametinib,4,0,0.1168575141152345,0.0782329754939279,0.0453557151038689,False,False
L13712,Acid,3,1,0.6153717214369409,0.6245073585075618,0.6561952653857609,True,True
L13712,Cisplatin,3,0,0.2486356296563294,0.2424610090797392,0.3113519236884635,False,True
L13712,CoCl2,3,1,0.2899131869179771,0.2843356476928158,0.3294311687493775,True,True
L13712,Dabrafenib,3,0,0.2899131869179777,0.2843356476928157,0.2815204979436282,False,True
L13712,Doxorubicin,3,0,0.3893275356682291,0.3867635099907004,0.3569997999314809,False,True
L13712,Trametinib,3,0,0.2512190131503846,0.2450627986736433,0.1720067318065712,False,True
L137162,Acid,0,0,0.2913335192140022,0.2059969452957336,0.1803831057750112,False,False
L137162,Cisplatin,0,0,0.0717649606822348,0.044854878616861,0.0305358814267183,False,False
L137162,CoCl2,0,0,0.0959902001688309,0.0609370083267431,0.0327309642089383,False,False
L137162,Dabrafenib,0,0,0.1058611135447152,0.067625522938574,0.076532775483229,False,False
L137162,Doxorubicin,0,0,0.1335194425566999,0.0869011964884799,0.0874651662636826,False,False
L137162,Trametinib,0,0,0.0815100531712696,0.0512542581206808,0.0705384244144925,False,False
L13717,Acid,0,0,0.283084547091898,0.1135185909576452,0.0748434984099332,False,True
L13717,Cisplatin,0,0,0.0691265369767683,0.0226541284864698,0.0256771047212165,False,True
L13717,CoCl2,0,0,0.0925499417249437,0.0310351036277444,0.0057894435747179,False,True
L13717,Dabrafenib,0,1,0.1021070427147207,0.0345623484658465,0.0190250749107701,True,True
L13717,Doxorubicin,0,0,0.1289259711728003,0.0448673506403232,0.0789903186222138,False,True
L13717,Trametinib,0,0,0.078543669144304,0.0259722861193984,0.0247594285212362,False,True
L137611,Acid,4,1,0.9388621509687122,0.9215010935069254,0.9215377693561492,True,False
L137611,Cisplatin,4,1,0.7583527828749882,0.6971685864598167,0.7455828960328537,True,False
L137611,CoCl2,4,1,0.7971727720657786,0.7433464070132911,0.8874907903077824,True,False
L137611,Dabrafenib,4,1,0.7911202417955406,0.7360549226645448,0.6105882582658402,True,False
L137611,Doxorubicin,4,1,0.8517512743623764,0.8106910215395635,0.8689348279856852,True,False
L137611,Trametinib,4,1,0.7481353033189229,0.6852695538932584,0.5959604204727768,True,False
L137746,Acid,2,0,0.4182482055123107,0.3935028619612619,0.1393961764409591,False,True
L137746,Cisplatin,2,0,0.1337855071112935,0.1208011000079142,0.0319087836361178,False,True
L137746,CoCl2,2,0,0.1554222690865395,0.1408976739323625,0.1016719719208585,False,True
L137746,Dabrafenib,2,1,0.1554222690865395,0.1408976739323625,0.3298625333942835,True,True
L137746,Doxorubicin,2,0,0.20866797340549,0.1912022748852258,0.137147338575388,False,True
L137746,Trametinib,2,1,0.1267891472075863,0.1143582141960759,0.3028497047721676,True,True
L13780,Acid,1,0,0.2838807297763159,0.2712605675619434,0.1736275047996608,False,False
L13780,Cisplatin,1,0,0.0754650511914505,0.0662297552303729,0.0587594262197186,False,False
L13780,CoCl2,1,0,0.0987586044275129,0.0876357936604577,0.0515747083175281,False,False
L13780,Dabrafenib,1,0,0.0966258507238606,0.0856593543488069,0.1383690908410135,False,False
L13780,Doxorubicin,1,0,0.1405752922599338,0.1271261674307892,0.1067670248814136,False,False
L13780,Trametinib,1,0,0.0769071316414241,0.0675387376509478,0.1598789241127726,False,False
L138125,Acid,4,1,0.7400836757331307,0.7604404791926578,0.7642148077780274,True,True
L138125,Cisplatin,4,1,0.3678470341265513,0.383676476754946,0.4671984840541,True,True
L138125,CoCl2,4,1,0.4215491720877442,0.4392051693431487,0.3675194913437392,True,True
L138125,Dabrafenib,4,0,0.4125477954065956,0.4298998837411696,0.3623463775149264,False,True
L138125,Doxorubicin,4,1,0.5158119975140646,0.5366051848611743,0.5437232271881958,True,True
L138125,Trametinib,4,0,0.355158083313966,0.3705804212508383,0.3393939745745719,False,True
L13818,Acid,3,1,0.8966151647976649,0.8733076426603641,0.9171490260808934,True,True
L13818,Cisplatin,3,1,0.642060159906029,0.570175638903283,0.649298119444371,True,True
L13818,CoCl2,3,1,0.6887782276221946,0.622164593961268,0.5729472820634081,True,True
L13818,Dabrafenib,3,1,0.6887782276221954,0.622164593961268,0.534623643192016,True,True
L13818,Doxorubicin,3,1,0.7755778582863024,0.7232948903348989,0.7695124479327476,True,True
L13818,Trametinib,3,0,0.6452210130647177,0.5736311600341886,0.5135097117505796,False,True
L138181,Acid,0,0,0.4328777043248581,0.4716330675265255,0.3796182353174661,False,False
L138181,Cisplatin,0,0,0.125527930426065,0.1390988728234176,0.1149826255848081,False,False
L138181,CoCl2,0,0,0.1646818096685305,0.1825141904611478,0.1526061665273899,False,False
L138181,Dabrafenib,0,0,0.1802083459980085,0.1997092083099621,0.1870713374968127,False,False
L138181,Doxorubicin,0,0,0.2224585775702799,0.2466729615864799,0.2535709168859021,False,False
L138181,Trametinib,0,0,0.1414610018446082,0.1567374983339635,0.2588136162164523,False,False
L138440,Acid,2,1,0.4245481799777996,0.4134102525294073,0.385841338771589,True,True
L138440,Cisplatin,2,0,0.1368083254411842,0.1298665367868832,0.160518558036373,False,True
L138440,CoCl2,2,0,0.1588443113304733,0.1512118632363649,0.1984839931166984,False,True
L138440,Dabrafenib,2,0,0.1588443113304734,0.1512118632363649,0.1494351917004077,False,True
L138440,Doxorubicin,2,0,0.2129667474206737,0.2043231187773924,0.2125749631699912,False,True
L138440,Trametinib,2,0,0.1296775516294521,0.1230077952284643,0.1041194105025053,False,True
L138458,Acid,1,1,0.2846492613888907,0.204271838967872,0.195865123415778,True,True
L138458,Cisplatin,1,0,0.0757290196169657,0.0466339472754861,0.047885354120699,False,True
L138458,CoCl2,1,0,0.09909531796825,0.062127846632769,0.0401252395531014,False,True
L138458,Dabrafenib,1,0,0.0969560750019377,0.0606884187489428,0.0588626337270612,False,True
L138458,Doxorubicin,1,0,0.1410322674669205,0.0912737564967279,0.1151170449700676,False,True
L138458,Trametinib,1,0,0.0771757232365809,0.0475753656325756,0.0394338491434995,False,True
L138589,Acid,2,0,0.4182482055123107,0.4966341749594926,0.5097086483771335,False,False
L138589,Cisplatin,2,0,0.1337855071112935,0.1728277395896994,0.3144709121975306,False,False
L138589,CoCl2,2,0,0.1554222690865395,0.1996144230078389,0.1826853201792476,False,False
L138589,Dabrafenib,2,0,0.1554222690865395,0.1996144230078389,0.1866066138615642,False,False
L138589,Doxorubicin,2,0,0.20866797340549,0.264430068354965,0.188973301349654,False,False
L138589,Trametinib,2,0,0.1267891472075863,0.1641280319680589,0.1516985783357719,False,False
L138906,Acid,2,1,0.7579777243417188,0.7602817981186748,0.7321638309609935,True,True
L138906,Cisplatin,2,0,0.4022012266282264,0.4017859822092743,0.4364102022697662,False,True
L138906,CoCl2,2,1,0.4449495807106413,0.444969486456921,0.5001103830980818,True,True
L138906,Dabrafenib,2,0,0.4449495807106414,0.444969486456921,0.4286792393575134,False,True
L138906,Doxorubicin,2,1,0.5345995575892446,0.5360920640542836,0.5069308182286705,True,True
L138906,Trametinib,2,0,0.3874464931320329,0.386952596683673,0.3325125108200505,False,True
L139032,Acid,0,1,0.5478487846568613,0.5212359543484361,0.5408266094774878,True,True
L139032,Cisplatin,0,0,0.1855800659140101,0.1646250760539993,0.1937192424518482,False,True
L139032,CoCl2,0,0,0.2383593993297293,0.2140268825454119,0.2861188453887399,False,True
L139032,Dabrafenib,0,0,0.2586812259433685,0.2333433370193816,0.1467637920592615,False,True
L139032,Doxorubicin,0,0,0.3123203573877082,0.2853958935275939,0.2852104553433128,False,True
L139032,Trametinib,0,0,0.2073282895653226,0.18480573962249,0.0952870699412605,False,True
L139081,Acid,4,0,0.6197858593803409,0.671893807859298,0.5635501710028196,False,True
L139081,Cisplatin,4,0,0.2498845131973331,0.2865283370987858,0.275062965154473,False,True
L139081,CoCl2,4,1,0.2943850244808046,0.3356541846548179,0.3972345797525038,True,True
L139081,Dabrafenib,4,1,0.2867529277078418,0.327262506219357,0.3120539392667824,True,True
L139081,Doxorubicin,4,1,0.3788352312560934,0.4276000247281803,0.4199567649775739,True,True
L139081,Trametinib,4,1,0.239721624382537,0.2752672438205887,0.2692775680414154,True,True
L139209,Acid,1,1,0.4934165770576021,0.4590994779213716,0.5013194549340615,True,True
L139209,Cisplatin,1,0,0.167052306884838,0.1392141115557666,0.1541819948397068,False,True
L139209,CoCl2,1,0,0.2121294205507139,0.1796704459468295,0.1727629268989816,False,True
L139209,Dabrafenib,1,0,0.2081137152984279,0.1760188065965559,0.1766225484941086,False,True
L139209,Doxorubicin,1,1,0.2866801763302718,0.2493011288422814,0.2326904693610842,True,True
L139209,Trametinib,1,1,0.1699228834915934,0.1417466068936627,0.1395201649280359,True,True
L139492,Acid,4,0,0.29897467523817,0.3014381223055863,0.1647003162911458,False,True
L139492,Cisplatin,4,0,0.0801690138735493,0.0780222339302778,0.0581500701031942,False,True
L139492,CoCl2,4,1,0.0984110368485007,0.0962204642567858,0.1576055123932939,True,True
L139492,Dabrafenib,4,0,0.0951743785327787,0.0929770916927615,0.093465144872357,False,True
L139492,Doxorubicin,4,0,0.1376057808821043,0.1360054199679445,0.203194069827272,False,True
L139492,Trametinib,4,0,0.0762072710844168,0.0741046766329882,0.0878702645625658,False,True
L139565,Acid,3,1,0.8033974021908846,0.8261043289668281,0.8583492582830398,True,True
L139565,Cisplatin,3,1,0.4580522559952465,0.4775918221793008,0.515947361439549,True,True
L139565,CoCl2,3,0,0.5104760173083672,0.5315792665954642,0.4336153844530008,False,True
L139565,Dabrafenib,3,0,0.510476017308368,0.5315792665954642,0.5120740873413865,False,True
L139565,Doxorubicin,3,0,0.6195352685839504,0.6430447914588372,0.6680628770441445,False,True
L139565,Trametinib,3,0,0.4614751345943491,0.4811142980172634,0.4957090053926357,False,True
L139672,Acid,2,0,0.3123280499487586,0.2725820521291071,0.2937151683915234,False,False
L139672,Cisplatin,2,0,0.0888965001766363,0.0735213187316152,0.0808683594392397,False,False
L139672,CoCl2,2,0,0.10414634088636,0.0865264726133159,0.0671039128869261,False,False
L139672,Dabrafenib,2,0,0.1041463408863601,0.0865264726133159,0.061627068148259,False,False
L139672,Doxorubicin,2,0,0.142795584893713,0.1201334736111765,0.1162288882746308,False,False
L139672,Trametinib,2,0,0.0840199282215226,0.0694010333194397,0.057632707103358,False,False
L139713,Acid,0,1,0.8228236854684755,0.7023588245065271,0.7588250827337744,True,True
L139713,Cisplatin,0,1,0.4662076502171421,0.2992966920865674,0.4090800471300055,True,True
L139713,CoCl2,0,1,0.5453546782568298,0.3711561422166485,0.492525837838301,True,True
L139713,Dabrafenib,0,0,0.5721870132552019,0.3974821348435637,0.2456634976978383,False,True
L139713,Doxorubicin,0,1,0.6351373506513761,0.4639898161672275,0.5826881441505078,True,True
L139713,Trametinib,0,0,0.5006270665918515,0.329475023064592,0.2206519102987618,False,True
L139716,Acid,0,0,0.4328777043248581,0.4128389440444299,0.4459947530397493,False,True
L139716,Cisplatin,0,0,0.125527930426065,0.1129008693985137,0.1026220505244509,False,True
L139716,CoCl2,0,0,0.1646818096685305,0.1495598343794808,0.1377888398013758,False,True
L139716,Dabrafenib,0,0,0.1802083459980085,0.164274047401232,0.1515567658991359,False,True
L139716,Doxorubicin,0,0,0.2224585775702799,0.2050398028068685,0.2337385296859834,False,True
L139716,Trametinib,0,1,0.1414610018446082,0.1277102332802716,0.081831154785379,True,True
L139972,Acid,3,0,0.2839379758377813,0.2520332299756233,0.2471865818189225,False,False
L139972,Cisplatin,3,0,0.0757977484189873,0.0608961597166526,0.1087634538142348,False,False
L139972,CoCl2,3,0,0.0918906235877918,0.0744970547613447,0.1172650210723055,False,False
L139972,Dabrafenib,3,0,0.0918906235877921,0.0744970547613447,0.0475957408657607,False,False
L139972,Doxorubicin,3,0,0.136449253309681,0.1133008499595894,0.0990919757762204,False,False
L139972,Trametinib,3,0,0.0767687892495874,0.0617083302031513,0.0354774232576128,False,False
L140054,Acid,2,1,0.6620134095718136,0.7141167379747246,0.6713799309699644,True,True
L140054,Cisplatin,2,1,0.296161021555528,0.3459722534352097,0.3198822637303761,True,True
L140054,CoCl2,2,1,0.3339346178062946,0.3870381187906062,0.4477003244210711,True,True
L140054,Dabrafenib,2,1,0.3339346178062947,0.3870381187906062,0.3953142081133923,True,True
L140054,Doxorubicin,2,1,0.4180642633936569,0.4764817689133401,0.4356249257536846,True,True
L140054,Trametinib,2,0,0.2834518504566971,0.332055658330075,0.3350362884120452,False,True
L140099,Acid,4,0,0.29897467523817,0.1983062487132529,0.1156411719688074,False,False
L140099,Cisplatin,4,0,0.0801690138735493,0.0462657816391757,0.03291782285406,False,False
L140099,CoCl2,4,0,0.0984110368485007,0.0575191033085489,0.1108493139328092,False,False
L140099,Dabrafenib,4,0,0.0951743785327787,0.0555001553127454,0.0269099281737812,False,False
L140099,Doxorubicin,4,0,0.1376057808821043,0.0827673952931838,0.1116318285157203,False,False
L140099,Trametinib,4,0,0.0762072710844168,0.0438668749581008,0.0267351399656726,False,False
L140100,Acid,1,0,0.2838807297763159,0.1302048943838621,0.0651545218008407,False,False
L140100,Cisplatin,1,0,0.0754650511914505,0.0277328613684106,0.0165353808794809,False,False
L140100,CoCl2,1,0,0.0987586044275129,0.0371919502284628,0.0907264151962146,False,False
L140100,Dabrafenib,1,0,0.0966258507238606,0.0363078913543452,0.0161294413236403,False,False
L140100,Doxorubicin,1,0,0.1405752922599338,0.0553298660972823,0.1224443582443908,False,False
L140100,Trametinib,1,0,0.0769071316414241,0.0283040439320166,0.0124697579776991,False,False
L140520,Acid,0,0,0.2846693786920213,0.1964820088380635,0.0844020892004984,False,True
L140520,Cisplatin,0,0,0.06962987611271,0.042385715345226,0.029493500044094,False,True
L140520,CoCl2,0,1,0.0932067590000554,0.0576359793843,0.034884470767415,True,True
L140520,Dabrafenib,0,0,0.102824000340023,0.0639868578011167,0.0328728372467586,False,True
L140520,Doxorubicin,0,0,0.1298040178991264,0.0823169498731776,0.1263277503710677,False,True
L140520,Trametinib,0,0,0.0791097509577917,0.0484506923039807,0.0344805530362559,False,True
L140686,Acid,2,0,0.2879810790401368,0.2628617478068408,0.2697360916030362,False,True
L140686,Cisplatin,2,0,0.0799419805856406,0.0702143523268852,0.1092697623876795,False,True
L140686,CoCl2,2,1,0.0938138784504659,0.0826867458165309,0.1775269509807887,True,True
L140686,Dabrafenib,2,0,0.0938138784504659,0.0826867458165309,0.0281323073107159,False,True
L140686,Doxorubicin,2,1,0.1291816151328634,0.1149901268275599,0.1295960625499086,True,True
L140686,Trametinib,2,0,0.0755159104304394,0.0662661404710613,0.030742404748643,False,True
L141027,Acid,1,1,0.5869434204909911,0.5507109393556171,0.5249541428844434,True,True
L141027,Cisplatin,1,0,0.2263591576027916,0.1893375097000879,0.1627399105965243,False,True
L141027,CoCl2,1,0,0.2820211157045985,0.240293738449863,0.2233282727942193,False,True
L141027,Dabrafenib,1,0,0.2771477470323866,0.2357640970238471,0.1624909971265409,False,True
L141027,Doxorubicin,1,0,0.3696115580528577,0.3241354899082563,0.3557524210434567,False,True
L141027,Trametinib,1,0,0.229967480200267,0.1925778244593252,0.1407508184933276,False,True
L141173,Acid,3,0,0.2839379758377813,0.3876139449415827,0.4182356621794309,False,False
L141173,Cisplatin,3,0,0.0757977484189873,0.1085816547127757,0.161603628946248,False,False
L141173,CoCl2,3,0,0.0918906235877918,0.1313433386526168,0.1620884253604013,False,False
L141173,Dabrafenib,3,0,0.0918906235877921,0.1313433386526168,0.1495265362207227,False,False
L141173,Doxorubicin,3,0,0.136449253309681,0.1935642851325904,0.127465186297675,False,False
L141173,Trametinib,3,0,0.0767687892495874,0.1099553414057548,0.102659073756629,False,False
L141176,Acid,4,1,0.4009545265371683,0.4049555805461459,0.3899383774488994,True,True
L141176,Cisplatin,4,0,0.1203248829592671,0.1177484191805696,0.0930291213445966,False,True
L141176,CoCl2,4,0,0.1462513504564812,0.1437676812144913,0.1281951464827019,False,True
L141176,Dabrafenib,4,0,0.1416885344508203,0.1391683931930931,0.0959139348524953,False,True
L141176,Doxorubicin,4,0,0.2002674063179937,0.198886004764787,0.2053029722804229,False,True
L141176,Trametinib,4,0,0.1146260307806866,0.1120786593185064,0.0766928357967625,False,True
L14194,Acid,0,1,0.2913335192140022,0.0912293789586458,0.0521638929484032,True,True
L14194,Cisplatin,0,0,0.0717649606822348,0.0178468418119128,0.0209805805423289,False,True
L14194,CoCl2,0,0,0.0959902001688309,0.0244939156961395,0.0060303640031691,False,True
L14194,Dabrafenib,0,0,0.1058611135447152,0.0272986769547313,0.0143601726088806,False,True
L14194,Doxorubicin,0,0,0.1335194425566999,0.0355176402410162,0.0553845125872753,False,True
L14194,Trametinib,0,0,0.0815100531712696,0.0204756261697662,0.0169046212470454,False,True
L142069,Acid,0,1,0.5115146125449378,0.4294238539205163,0.3977427415430253,True,True
L142069,Cisplatin,0,0,0.1645294175338874,0.119896867757231,0.1015877979583719,False,True
L142069,CoCl2,0,1,0.2128868482927187,0.1584217644170841,0.1026343966393471,True,True
L142069,Dabrafenib,0,1,0.2316976140253872,0.1738296353916036,0.1888732379411102,True,True
L142069,Doxorubicin,0,0,0.2818689779638529,0.2163527981604296,0.2376875369893352,False,True
L142069,Trametinib,0,0,0.1843691722779054,0.1354837529838788,0.1455824825435384,False,True
L142131,Acid,0,0,0.4168744560268722,0.4253622710084074,0.4237023400570092,False,True
L142131,Cisplatin,0,0,0.1185127757596139,0.118156607012531,0.1692524948409905,False,True
L142131,CoCl2,0,0,0.1558685498882306,0.1562215840821819,0.0755911662941719,False,True
L142131,Dabrafenib,0,0,0.1707339916372407,0.1714590652491484,0.2543481814205974,False,True
L142131,Doxorubicin,0,0,0.2113355690473484,0.2135522217444738,0.2035753356282479,False,True
L142131,Trametinib,0,1,0.1336915543255824,0.1335515846908367,0.2103898069711957,True,True
L142448,Acid,3,1,0.5187668325573956,0.4694797301355755,0.4862075764907005,True,True
L142448,Cisplatin,3,0,0.1823138745869944,0.1455185306999557,0.1489499354205007,False,True
L142448,CoCl2,3,0,0.2157424306317594,0.1745073992079813,0.1695026066310424,False,True
L142448,Dabrafenib,3,0,0.2157424306317598,0.1745073992079813,0.1211367784690753,False,True
L142448,Doxorubicin,3,0,0.300485650148038,0.2512616973742965,0.2670832567282978,False,True
L142448,Trametinib,3,0,0.1843772571532879,0.1472823050134873,0.1021305657935237,False,True
L143061,Acid,0,0,0.4328777043248581,0.3302012706519386,0.2507829872141213,False,False
L143061,Cisplatin,0,0,0.125527930426065,0.0819246274841015,0.0775841656480588,False,False
L143061,CoCl2,0,0,0.1646818096685305,0.109770175200571,0.0426736974711427,False,False
L143061,Dabrafenib,0,0,0.1802083459980085,0.1211273027964122,0.1258755319603865,False,False
L143061,Doxorubicin,0,0,0.2224585775702799,0.1531479952238808,0.1812642472996465,False,False
L143061,Trametinib,0,0,0.1414610018446082,0.0930972095659166,0.103958362959797,False,False
L143472,Acid,2,0,0.2879810790401368,0.2055619695386365,0.1916530276698262,False,False
L143472,Cisplatin,2,0,0.0799419805856406,0.0519492116294276,0.0498662592354468,False,False
L143472,CoCl2,2,0,0.0938138784504659,0.0613913369552343,0.0630419392471902,False,False
L143472,Dabrafenib,2,0,0.0938138784504659,0.0613913369552343,0.0833049527470854,False,False
L143472,Doxorubicin,2,0,0.1291816151328634,0.0861565938665768,0.0881719940978543,False,False
L143472,Trametinib,2,0,0.0755159104304394,0.0489739660861734,0.054378528932925,False,False
L143620,Acid,2,0,0.2879810790401368,0.2581258464158639,0.2298821851054302,False,False
L143620,Cisplatin,2,0,0.0799419805856406,0.0686261898355094,0.0830774678461474,False,False
L143620,CoCl2,2,0,0.0938138784504659,0.0808410014026338,0.0920409768383778,False,False
L143620,Dabrafenib,2,0,0.0938138784504659,0.0808410014026338,0.061214214293622,False,False
L143620,Doxorubicin,2,0,0.1291816151328634,0.1125117451698304,0.1321726416438903,False,False
L143620,Trametinib,2,0,0.0755159104304394,0.0647610615406665,0.0513644306498665,False,False
L143819,Acid,4,1,0.4912563503011584,0.3567840334326441,0.4280203126425023,True,True
L143819,Cisplatin,4,1,0.1648127615804563,0.0981086815451212,0.1147488648345722,True,True
L143819,CoCl2,4,0,0.1981656436016634,0.1203802440777826,0.235884307235781,False,True
L143819,Dabrafenib,4,0,0.1923480852710807,0.1164274099632896,0.0437787470093276,False,True
L143819,Doxorubicin,4,0,0.2653952094500689,0.1682945477361505,0.2003123868573036,False,True
L143819,Trametinib,4,0,0.1573838392867988,0.0932846125440837,0.026799555334297,False,True
L144044,Acid,0,0,0.283084547091898,0.2440841949897662,0.2090949946360414,False,True
L144044,Cisplatin,0,0,0.0691265369767683,0.0552202689283425,0.0619930050039146,False,True
L144044,CoCl2,0,1,0.0925499417249437,0.0747280143811263,0.0395347380634752,True,True
L144044,Dabrafenib,0,0,0.1021070427147207,0.0827967816162049,0.0748033003524181,False,True
L144044,Doxorubicin,0,0,0.1289259711728003,0.1059056126273884,0.1160999490638776,False,True
L144044,Trametinib,0,0,0.078543669144304,0.0630009214715153,0.1161403451387042,False,True
L144132,Acid,3,0,0.6735532911073193,0.6492747508831787,0.5488583427469844,False,True
L144132,Cisplatin,3,0,0.2991076064337819,0.2626761096505614,0.335600557967963,False,True
L144132,CoCl2,3,0,0.3449178302729416,0.3066288656054335,0.4032241145125365,False,True
L144132,Dabrafenib,3,0,0.3449178302729423,0.3066288656054334,0.2688299267567608,False,True
L144132,Doxorubicin,3,1,0.4512086316677096,0.4124591393999202,0.407572320286989,True,True
L144132,Trametinib,3,1,0.3020046212312515,0.2654188191509102,0.2254954585679244,True,True
L144495,Acid,4,1,0.5600708095051647,0.4737331790989158,0.4923332158508977,True,True
L144495,Cisplatin,4,0,0.2064565555289803,0.1500470133024554,0.2434908600445297,False,True
L144495,CoCl2,4,0,0.245757032146647,0.1817332408942902,0.1405286134497451,False,True
L144495,Dabrafenib,4,0,0.2389587006709399,0.1761692874854743,0.1394279242209567,False,True
L144495,Doxorubicin,4,0,0.322635794832262,0.2472046533375995,0.2677028172232498,False,True
L144495,Trametinib,4,0,0.1975946381974818,0.1430742384867157,0.1033566978213987,False,True
L144579,Acid,0,1,0.2846693786920213,0.1188425237453313,0.1199160114169335,True,True
L144579,Cisplatin,0,0,0.06962987611271,0.0238311498518676,0.0577684631705456,False,True
L144579,CoCl2,0,1,0.0932067590000554,0.0326330290152962,0.0335808413617269,True,True
L144579,Dabrafenib,0,0,0.102824000340023,0.0363350733424029,0.0174058539683404,False,True
L144579,Doxorubicin,0,0,0.1298040178991264,0.0471428162707787,0.0833698588578465,False,True
L144579,Trametinib,0,1,0.0791097509577917,0.0273168876341408,0.0204415946356905,True,True
L145010,Acid,0,1,0.6285664830940076,0.6951238169431686,0.6641871452812056,True,True
L145010,Cisplatin,0,1,0.2414217716489375,0.292138444915039,0.37463788406489,True,True
L145010,CoCl2,0,0,0.3041515279033174,0.3631700079351992,0.3353915661954887,False,True
L145010,Dabrafenib,0,0,0.3276694165710715,0.3892802048479984,0.3461238342387165,False,True
L145010,Doxorubicin,0,1,0.3881240952839889,0.4554529133991503,0.417298575298805,True,True
L145010,Trametinib,0,0,0.2675641521474269,0.3219266102028613,0.281069718687754,False,True
L145073,Acid,1,1,0.8739824410059566,0.8575315447042251,0.884925012718958,True,True
L145073,Cisplatin,1,0,0.588146987597772,0.5342147322839639,0.6296747547234924,False,True
L145073,CoCl2,1,1,0.6571990471706354,0.608336228037032,0.5432248148913308,True,True
L145073,Dabrafenib,1,0,0.6517274479979658,0.6023697641736336,0.5708939685531169,False,True
L145073,Doxorubicin,1,0,0.7410458711163359,0.7019420131714975,0.7555136898507431,False,True
L145073,Trametinib,1,0,0.5931011536388067,0.5394298190996555,0.4932613009419115,False,True
L145077,Acid,0,1,0.5263191457940031,0.6224757790068742,0.5669977979586375,True,True
L145077,Cisplatin,0,1,0.1728447844328539,0.2298541436534319,0.1976886004994895,True,True
L145077,CoCl2,0,0,0.2229938911978012,0.291988499313174,0.246178480113354,False,True
L145077,Dabrafenib,0,0,0.2424226653226404,0.3155165984707127,0.343874076032832,False,True
L145077,Doxorubicin,0,0,0.2940276409772041,0.3768884421913842,0.3111443104944995,False,True
L145077,Trametinib,0,0,0.1934550673384414,0.2555845162767803,0.325505613232495,False,True
L145263,Acid,4,1,0.916529714513122,0.9207627596644266,0.9372388373668934,True,True
L145263,Cisplatin,4,0,0.6917334922492888,0.6950185849540358,0.7235885480603147,False,True
L145263,CoCl2,4,0,0.7375519102562768,0.7414026458413894,0.7358382727537934,False,True
L145263,Dabrafenib,4,0,0.7303221135539825,0.7340756946297875,0.7089504915141067,False,True
L145263,Doxorubicin,4,1,0.8042338678402974,0.809126329158413,0.8340694998938405,True,True
L145263,Trametinib,4,0,0.6798882027754767,0.6830734766981713,0.6336423960328872,False,True
L145281,Acid,4,1,0.4062027571838147,0.500299727977382,0.4958652350345798,True,True
L145281,Cisplatin,4,0,0.1226519397577298,0.1641224465236916,0.1162528449459183,False,True
L145281,CoCl2,4,0,0.1489948927966237,0.1980883205233671,0.3432719826423568,False,True
L145281,Dabrafenib,4,0,0.1443609557083698,0.1921412175931439,0.1733199719918702,False,True
L145281,Doxorubicin,4,1,0.2037823767384863,0.2675254592709272,0.2586335620401393,True,True
L145281,Trametinib,4,0,0.1168575141152345,0.156616104102176,0.1135310099111567,False,True
L145460,Acid,2,1,0.2879810790401368,0.2728675153147885,0.2136937761474988,True,True
L145460,Cisplatin,2,0,0.0799419805856406,0.0736194126398702,0.0676696866065671,False,True
L145460,CoCl2,2,0,0.0938138784504659,0.0866402956455356,0.0548846724880087,False,True
L145460,Dabrafenib,2,0,0.0938138784504659,0.0866402956455356,0.0855247423307198,False,True
L145460,Doxorubicin,2,0,0.1291816151328634,0.1202856842463151,0.1560121097403926,False,True
L145460,Trametinib,2,0,0.0755159104304394,0.0694940421960784,0.0939099197837756,False,True
L146674,Acid,3,1,0.6720536619404234,0.7607103911605784,0.4733908468557988,True,True
L146674,Cisplatin,3,0,0.2976814382803324,0.379568485031813,0.1849525128992578,False,True
L146674,CoCl2,3,1,0.3433802467394844,0.4316304689078474,0.2895747465482697,True,True
L146674,Dabrafenib,3,1,0.3433802467394852,0.4316304689078473,0.710046372993999,True,True
L146674,Doxorubicin,3,0,0.4495223651831184,0.5465935925838519,0.4397100599967896,False,True
L146674,Trametinib,3,1,0.3005705635335411,0.3828978899378467,0.6139197776958075,True,True
L146976,Acid,2,1,0.6252933938724704,0.7009569507126134,0.6119033530227846,True,False
L146976,Cisplatin,2,1,0.2638897959601009,0.3317246219287746,0.3735406712204193,True,False
L146976,CoCl2,2,1,0.2992976606463752,0.3720613933299306,0.4476856747328753,True,False
L146976,Dabrafenib,2,1,0.2992976606463753,0.3720613933299306,0.3889201164820962,True,False
L146976,Doxorubicin,2,1,0.3796752570253046,0.4606449864175713,0.4074705250773661,True,False
L146976,Trametinib,2,1,0.2520695155231423,0.3181023883264833,0.3137798787304879,True,False
L147347,Acid,1,1,0.8657079008705257,0.8871714799417825,0.890714198392823,True,True
L147347,Cisplatin,1,1,0.5703309703232663,0.5997215269032202,0.6477973326226273,True,True
L147347,CoCl2,1,1,0.6405445029615215,0.6698608511387592,0.752160090394739,True,True
L147347,Dabrafenib,1,0,0.6349547304278511,0.6643144512891989,0.620341892926621,False,True
L147347,Doxorubicin,1,1,0.7267713334281382,0.7546918847462825,0.7806608716871759,True,True
L147347,Trametinib,1,0,0.5753447092668643,0.6047458315198777,0.5138820115705534,False,True
L148401,Acid,4,0,0.4967065084825668,0.3697150494465021,0.4219349552178937,False,False
L148401,Cisplatin,4,0,0.1678360483994835,0.1031681948486678,0.1088567434136871,False,False
L148401,CoCl2,4,0,0.2016530267185785,0.1264273081481041,0.1573359459253033,False,False
L148401,Dabrafenib,4,0,0.1957580837658171,0.1223035196535018,0.0621271321000253,False,False
L148401,Doxorubicin,4,0,0.2696678182715741,0.1762661797889279,0.2127642792478491,False,False
L148401,Trametinib,4,0,0.160297006760104,0.0981224125156126,0.0585253300078905,False,False
L148876,Acid,2,0,0.5930779876088499,0.611429966415588,0.3106921693614171,False,True
L148876,Cisplatin,2,1,0.2384453947750707,0.2499409792137635,0.0421279925013285,True,True
L148876,CoCl2,2,0,0.2716993427577592,0.2845677674262546,0.1814557770271623,False,True
L148876,Dabrafenib,2,1,0.2716993427577593,0.2845677674262546,0.7535826447042938,True,True
L148876,Doxorubicin,2,1,0.3483499514590749,0.3644090288203346,0.2433992480156394,True,True
L148876,Trametinib,2,1,0.2274127296687678,0.2384787003966741,0.632269425058259,True,True
L149284,Acid,4,0,0.29897467523817,0.1658488682646977,0.1131055974004994,False,False
L149284,Cisplatin,4,0,0.0801690138735493,0.0375284234465617,0.0420528001510033,False,False
L149284,CoCl2,4,0,0.0984110368485007,0.0467607363638547,0.0226794421671509,False,False
L149284,Dabrafenib,4,0,0.0951743785327787,0.0451013414314162,0.0569444501003796,False,False
L149284,Doxorubicin,4,0,0.1376057808821043,0.067625437617259,0.0810995358611262,False,False
L149284,Trametinib,4,0,0.0762072710844168,0.0355656595005811,0.0345962112999183,False,False
L149354,Acid,1,1,0.7262993902816723,0.6775803208194491,0.7374768248888784,True,True
L149354,Cisplatin,1,0,0.3533374186108293,0.2859389462368928,0.2951980549204242,False,True
L149354,CoCl2,1,0,0.4231453500094623,0.3516169408147978,0.214185484697147,False,True
L149354,Dabrafenib,1,0,0.4172505435371571,0.3459443899419001,0.3539952102234394,False,True
L149354,Doxorubicin,1,0,0.5226594753548591,0.4512304116961779,0.516067959003537,False,True
L149354,Trametinib,1,0,0.3580331200632508,0.2902405889659034,0.2510514402174515,False,True
L149376,Acid,0,1,0.6809143931064897,0.663939987976811,0.6897055144806081,True,True
L149376,Cisplatin,0,1,0.2863873209605783,0.2634132456314986,0.2550738555736424,True,True
L149376,CoCl2,0,0,0.3553279322343734,0.3307236553622483,0.5483086156226675,False,True
L149376,Dabrafenib,0,0,0.380638339163477,0.3558044423480933,0.2423056487107892,False,True
L149376,Doxorubicin,0,0,0.4444060327756169,0.4202019779580331,0.4779489145779472,False,True
L149376,Trametinib,0,0,0.3153745007591516,0.2914785000388764,0.1487727060919026,False,True
L14939,Acid,1,0,0.4158230698941236,0.3027180599286415,0.2446095883478333,False,True
L14939,Cisplatin,1,0,0.1278311601185779,0.0764031201730908,0.0832431226646737,False,True
L14939,CoCl2,1,0,0.1644139361003428,0.1007425309538258,0.0731112304291752,False,True
L14939,Dabrafenib,1,0,0.1611167897031677,0.098502410556866,0.0844049479922206,False,True
L14939,Doxorubicin,1,1,0.2270276463322885,0.1451991127792198,0.154455047466212,True,True
L14939,Trametinib,1,0,0.1301330671248022,0.077896398213271,0.0720320331618859,False,True
L149612,Acid,4,1,0.8704130363067303,0.8701938856574685,0.8923935638832851,True,True
L149612,Cisplatin,4,1,0.5785314968374733,0.5679779237520586,0.629737052905411,True,True
L149612,CoCl2,4,1,0.6322298919010073,0.6232086388139624,0.6904803657278455,True,True
L149612,Dabrafenib,4,1,0.6235794864077621,0.6142751264078015,0.5369024829205764,True,True
L149612,Doxorubicin,4,1,0.715343823347086,0.709768787513848,0.7621376448408574,True,True
L149612,Trametinib,4,0,0.5650713364957659,0.5542482701957102,0.5316660079257166,False,True
L150059,Acid,2,0,0.4245481799777996,0.3641308953922249,0.4541177383229755,False,False
L150059,Cisplatin,2,0,0.1368083254411842,0.1081543777886131,0.1042580010767855,False,False
L150059,CoCl2,2,0,0.1588443113304733,0.1264496256823765,0.1063914002965099,False,False
L150059,Dabrafenib,2,0,0.1588443113304734,0.1264496256823765,0.0658152617261091,False,False
L150059,Doxorubicin,2,0,0.2129667474206737,0.1726324003088883,0.1761198021638946,False,False
L150059,Trametinib,2,0,0.1296775516294521,0.1023075117888819,0.061410814831744,False,False
L15037,Acid,4,1,0.29897467523817,0.2548393770196055,0.2919213945864357,True,True
L15037,Cisplatin,4,0,0.0801690138735493,0.0628534046797013,0.07088331423931,False,True
L15037,CoCl2,4,0,0.0984110368485007,0.0778121943589731,0.0949535594934466,False,True
L15037,Dabrafenib,4,0,0.0951743785327787,0.0751377358949347,0.0488067431885758,False,True
L15037,Doxorubicin,4,0,0.1376057808821043,0.1109198911920891,0.1468732417964174,False,True
L15037,Trametinib,4,0,0.0762072710844168,0.0596482112153154,0.0308573488055944,False,True
L150552,Acid,1,0,0.2838807297763159,0.2142106987917826,0.054423999740614,False,True
L150552,Cisplatin,1,0,0.0754650511914505,0.0493788792857259,0.0230470061591026,False,True
L150552,CoCl2,1,0,0.0987586044275129,0.0657218992063228,0.0668713572522686,False,True
L150552,Dabrafenib,1,1,0.0966258507238606,0.0642049019190437,0.1284481527041225,True,True
L150552,Doxorubicin,1,0,0.1405752922599338,0.0963806102567566,0.071259077865719,False,True
L150552,Trametinib,1,0,0.0769071316414241,0.0503727828489052,0.0671323808457427,False,True
L150587,Acid,3,0,0.4163118584108475,0.38987348664904,0.3352593004568581,False,True
L150587,Cisplatin,3,0,0.1285563836819864,0.1095054777314897,0.0701427290564355,False,True
L150587,CoCl2,3,0,0.1539843269289207,0.1324320496821694,0.1094141962443001,False,True
L150587,Dabrafenib,3,1,0.1539843269289211,0.1324320496821694,0.1050034931156921,True,True
L150587,Doxorubicin,3,0,0.221314734022774,0.195052938617517,0.2653115685535796,False,True
L150587,Trametinib,3,0,0.1301081617589007,0.1108893980014642,0.1085654942025795,False,True
L150868,Acid,3,1,0.587524511028933,0.5940074501864486,0.6135433592831653,True,True
L150868,Cisplatin,3,0,0.2275653087977215,0.2197024338362979,0.2981364194387265,False,True
L150868,CoCl2,3,1,0.2665859549623633,0.2589903084035609,0.3315908730272118,True,True
L150868,Dabrafenib,3,0,0.2665859549623639,0.2589903084035608,0.2226291717433997,False,True
L150868,Doxorubicin,3,0,0.3620799918316849,0.3568403689106028,0.3524952834147171,False,True
L150868,Trametinib,3,0,0.2299967809852447,0.2221316179060941,0.1462741033250726,False,True
L151380,Acid,4,1,0.7802107305348475,0.7123038587121076,0.6948300281500386,True,True
L151380,Cisplatin,4,1,0.4204386648852096,0.3268496247594322,0.4128192169130503,True,True
L151380,CoCl2,4,1,0.4760369249633598,0.3792142503702994,0.514145430200845,True,True
L151380,Dabrafenib,4,1,0.4668109986699649,0.3703406173691059,0.2914282606620061,True,True
L151380,Doxorubicin,4,1,0.5704678965893282,0.4745687071349002,0.5478451583323273,True,True
L151380,Trametinib,4,0,0.4071038662606515,0.3147028208495957,0.2329549989576232,False,True
L151909,Acid,1,0,0.2846492613888907,0.1115685836674366,0.0418842777291283,False,False
L151909,Cisplatin,1,0,0.0757290196169657,0.0233693737747733,0.0124854158730256,False,False
L151909,CoCl2,1,0,0.09909531796825,0.0313882172182061,0.0097093514291158,False,False
L151909,Dabrafenib,1,0,0.0969560750019377,0.0306377241294989,0.0461518281881126,False,False
L151909,Doxorubicin,1,0,0.1410322674669205,0.0468334230613645,0.047649875046357,False,False
L151909,Trametinib,1,0,0.0771757232365809,0.0238528912917425,0.040417830034844,False,False
L151921,Acid,2,0,0.2879810790401368,0.3566184847196332,0.2757124892186906,False,False
L151921,Cisplatin,2,0,0.0799419805856406,0.1050505628780834,0.1286193522901962,False,False
L151921,CoCl2,2,0,0.0938138784504659,0.1228931218788584,0.1497701537031407,False,False
L151921,Dabrafenib,2,0,0.0938138784504659,0.1228931218788584,0.1633606448918738,False,False
L151921,Doxorubicin,2,0,0.1291816151328634,0.1680268147906434,0.1411090057662267,False,False
L151921,Trametinib,2,0,0.0755159104304394,0.0993527978612309,0.1105734111668182,False,False
L152330,Acid,3,0,0.6387393981471217,0.6995039486280867,0.5959294588583429,False,False
L152330,Cisplatin,3,0,0.2677723232520084,0.3093795594728354,0.2684326431474251,False,False
L152330,CoCl2,3,0,0.3109122490989339,0.3573594775606988,0.2530373894454695,False,False
L152330,Dabrafenib,3,0,0.3109122490989346,0.3573594775606988,0.3543621954011861,False,False
L152330,Doxorubicin,3,0,0.4133358713426327,0.4688591978731162,0.4016928504864066,False,False
L152330,Trametinib,3,0,0.2704829631975964,0.3124033021967223,0.2932280197905033,False,False
L152456,Acid,4,0,0.29897467523817,0.2258640211623077,0.1239373619455359,False,False
L152456,Cisplatin,4,0,0.0801690138735493,0.054121496610755,0.0881378308985211,False,False
L152456,CoCl2,4,0,0.0984110368485007,0.0671510460932323,0.0617138725728709,False,False
L152456,Dabrafenib,4,0,0.0951743785327787,0.0648172634887564,0.0871020086276415,False,False
L152456,Doxorubicin,4,0,0.1376057808821043,0.0961957902485712,0.1226376164882038,False,False
L152456,Trametinib,4,0,0.0762072710844168,0.0513371919278076,0.0951903247979823,False,False
L152572,Acid,3,1,0.4933153216520132,0.5155210393923334,0.550005755145878,True,True
L152572,Cisplatin,3,0,0.1676197029614535,0.1699679779682394,0.1427673419741476,False,True
L152572,CoCl2,3,1,0.1990097157440221,0.2026721978565814,0.2889333657691798,True,True
L152572,Dabrafenib,3,0,0.1990097157440226,0.2026721978565813,0.129265049240042,False,True
L152572,Doxorubicin,3,1,0.2795229369974526,0.2874999370689917,0.3293073838026997,True,True
L152572,Trametinib,3,0,0.1695512647418897,0.17196845434665,0.1046091081095036,False,True
L152903,Acid,2,1,0.9216229658349144,0.9330530090410526,0.9471868810595055,True,False
L152903,Cisplatin,2,1,0.7164011138302845,0.7469302749004662,0.7826303303887205,True,False
L152903,CoCl2,2,1,0.7506127656571338,0.7789087569800407,0.8631560532742776,True,False
L152903,Dabrafenib,2,1,0.7506127656571339,0.7789087569800407,0.730492764792806,True,False
L152903,Doxorubicin,2,1,0.8117773913771998,0.8354774342635328,0.8460240938578519,True,False
L152903,Trametinib,2,1,0.7036880763128615,0.735010726435454,0.6469043867033938,True,False
L152911,Acid,4,1,0.2968821351175162,0.4733266026920584,0.3877874682076098,True,True
L152911,Cisplatin,4,0,0.0794343772887644,0.1498391415632631,0.2004784306615952,False,True
L152911,CoCl2,4,1,0.0975269614574984,0.1814908451999782,0.0780351979900711,True,True
L152911,Dabrafenib,4,0,0.094316337926325,0.1759327173828809,0.302762302099608,False,True
L152911,Doxorubicin,4,1,0.1364228780661134,0.2469012813068777,0.219922567576694,True,True
L152911,Trametinib,4,0,0.0755059582532245,0.1428744028693795,0.1662051405463079,False,True
L153469,Acid,3,1,0.7833660568034392,0.759892088112244,0.7455664806922655,True,True
L153469,Cisplatin,3,1,0.4278911777969098,0.3785116395494902,0.3109493242153108,True,True
L153469,CoCl2,3,0,0.4799198549642759,0.4305292545577302,0.2329305679575681,False,True
L153469,Dabrafenib,3,1,0.4799198549642766,0.4305292545577301,0.4033706351541145,True,True
L153469,Doxorubicin,3,0,0.5903233242156227,0.5454805664990696,0.6188636486887348,False,True
L153469,Trametinib,3,1,0.4312680271396108,0.3818374795034407,0.3915692505263132,True,True
L153570,Acid,4,0,0.2968821351175162,0.26011929773316,0.2862197104220208,False,True
L153570,Cisplatin,4,0,0.0794343772887644,0.0644999428091816,0.0444481053346698,False,True
L153570,CoCl2,4,0,0.0975269614574984,0.0798172246060828,0.0432311787322726,False,True
L153570,Dabrafenib,4,0,0.094316337926325,0.0770796119678883,0.0887681557363398,False,True
L153570,Doxorubicin,4,1,0.1364228780661134,0.1136728685830004,0.1011031033230799,True,True
L153570,Trametinib,4,0,0.0755059582532245,0.061216269296103,0.045882065571684,False,True
L15407,Acid,3,1,0.8470558350402645,0.8342383557459329,0.8589778215496017,True,True
L15407,Cisplatin,3,0,0.533908452074162,0.4920031679913207,0.6326911591947512,False,True
L15407,CoCl2,3,1,0.5856324103517915,0.5459173017850307,0.5592669125119281,True,True
L15407,Dabrafenib,3,1,0.5856324103517921,0.5459173017850307,0.4502518775770927,True,True
L15407,Doxorubicin,3,1,0.6881758027105976,0.6561777291317862,0.6610225355076719,True,True
L15407,Trametinib,3,1,0.5373361541567049,0.4955311123210615,0.4103562453863268,True,True
L154362,Acid,2,0,0.3964971561603091,0.2612960401672141,0.2316383333066281,False,False
L154362,Cisplatin,2,0,0.1236828129632373,0.0696876472141301,0.0710033696414196,False,False
L154362,CoCl2,2,0,0.1439572306507918,0.0820747392608692,0.039501899297576,False,False
L154362,Dabrafenib,2,0,0.1439572306507918,0.0820747392608692,0.0536327278669275,False,False
L154362,Doxorubicin,2,0,0.1941781992172485,0.1141687841576208,0.1446054802367473,False,False
L154362,Trametinib,2,0,0.1171433286036891,0.0657669575101922,0.0456969943105858,False,False
L154401,Acid,3,1,0.661125482624748,0.6811613188064848,0.6231484332209527,True,True
L154401,Cisplatin,3,0,0.2875039843764437,0.2913483505235856,0.3644098790042447,False,True
L154401,CoCl2,3,1,0.3323798153788572,0.337900085720537,0.4002412036430949,True,True
L154401,Dabrafenib,3,1,0.3323798153788579,0.337900085720537,0.3504769714205688,True,True
L154401,Doxorubicin,3,0,0.4373866239936635,0.4475566975772523,0.4470583365151965,False,True
L154401,Trametinib,3,1,0.2903351668501454,0.2942709546476937,0.2633943613639318,True,True
L155295,Acid,4,0,0.2811303118206386,0.3549586015293901,0.298409915841115,False,True
L155295,Cisplatin,4,0,0.0740054563390073,0.0974063011614471,0.0867873552493751,False,True
L155295,CoCl2,4,1,0.0909837199544665,0.1195395505404231,0.131048329558421,True,True
L155295,Dabrafenib,4,0,0.0879675059053129,0.1156106934132497,0.1293711743130573,False,True
L155295,Doxorubicin,4,1,0.1276391277841468,0.1671828355891278,0.1348056003455864,True,True
L155295,Trametinib,4,0,0.0703250134578361,0.0926132221924483,0.0915569194241923,False,True
L155592,Acid,3,0,0.2839379758377813,0.2202131142371512,0.0799410349023741,False,False
L155592,Cisplatin,3,0,0.0757977484189873,0.0515448002821487,0.0540963103988052,False,False
L155592,CoCl2,3,0,0.0918906235877918,0.0631976623398199,0.0483934101130301,False,False
L155592,Dabrafenib,3,0,0.0918906235877921,0.0631976623398199,0.0701398631145391,False,False
L155592,Doxorubicin,3,0,0.136449253309681,0.0967310108741387,0.0788049618506682,False,False
L155592,Trametinib,3,0,0.0767687892495874,0.0522391896224617,0.0541664963267953,False,False
L15582,Acid,1,1,0.2838807297763159,0.2035691610337943,0.2074209423415584,True,True
L15582,Cisplatin,1,1,0.0754650511914505,0.0464418818935992,0.0423082055717386,True,True
L15582,CoCl2,1,0,0.0987586044275129,0.0618761101003262,0.0956939627769252,False,True
L15582,Dabrafenib,1,0,0.0966258507238606,0.0604421387735601,0.0338765994274184,False,True
L15582,Doxorubicin,1,0,0.1405752922599338,0.0909153713613369,0.1433742473027088,False,True
L15582,Trametinib,1,0,0.0769071316414241,0.0473796156401332,0.0240943756191774,False,True
L155963,Acid,0,1,0.7482649109673973,0.7969140274568672,0.7968961773257224,True,True
L155963,Cisplatin,0,1,0.3585662245575141,0.415302473600374,0.4624553085684915,True,True
L155963,CoCl2,0,1,0.4343074499482754,0.4953255090168967,0.5825988511244781,True,True
L155963,Dabrafenib,0,0,0.4612187815526942,0.5231320521845134,0.4746457782387961,False,True
L155963,Doxorubicin,0,1,0.5269995837434208,0.5900739472941537,0.5965808048438492,True,True
L155963,Trametinib,0,0,0.390857654461869,0.4496713236906083,0.3777026553996153,False,True
L156142,Acid,4,0,0.4343535892129345,0.3997248820303817,0.3366721991210527,False,False
L156142,Cisplatin,4,0,0.1356408285446726,0.1155073706438088,0.1543485063648836,False,False
L156142,CoCl2,4,0,0.1642512362708553,0.1411106267498142,0.1700892368671835,False,False
L156142,Dabrafenib,4,0,0.159231589114579,0.1365827816538717,0.1262619240150213,False,False
L156142,Doxorubicin,4,0,0.2231774654903519,0.1954427979463393,0.1950330688857836,False,False
L156142,Trametinib,4,0,0.1293232217737924,0.1099320745793732,0.0831105708435057,False,False
L156620,Acid,2,0,0.2807695161874157,0.1514038546102993,0.0435741973964505,False,False
L156620,Cisplatin,2,0,0.0773739631839097,0.0364077458630622,0.0344849714745284,False,False
L156620,CoCl2,2,0,0.0908442457636326,0.0431536819483078,0.0253921547264829,False,False
L156620,Dabrafenib,2,0,0.0908442457636327,0.0431536819483078,0.0401426933923277,False,False
L156620,Doxorubicin,2,0,0.1252471706812583,0.0610403218146595,0.0805575207828251,False,False
L156620,Trametinib,2,0,0.0730787807484661,0.0342904000908512,0.080229367038337,False,False
L157880,Acid,2,1,0.2879810790401368,0.4067461369272278,0.4514321704684247,True,True
L157880,Cisplatin,2,0,0.0799419805856406,0.1267852008359273,0.1654409726288986,False,True
L157880,CoCl2,2,1,0.0938138784504659,0.1477100422546848,0.1278054194536109,True,True
L157880,Dabrafenib,2,1,0.0938138784504659,0.1477100422546848,0.1138562060862187,True,True
L157880,Doxorubicin,2,0,0.1291816151328634,0.1998809729493922,0.1665473281724251,False,True
L157880,Trametinib,2,1,0.0755159104304394,0.1200667407311797,0.0855316300320729,True,True
L15809,Acid,2,1,0.8419110698921515,0.8617297549122056,0.8062629073300626,True,True
L15809,Cisplatin,2,0,0.5335969910002365,0.5689277041214215,0.5509929753183115,False,True
L15809,CoCl2,2,1,0.5768350900082093,0.6117060464293804,0.7064651941833645,True,True
L15809,Dabrafenib,2,0,0.5768350900082095,0.6117060464293804,0.6585125751016636,False,True
L15809,Doxorubicin,2,1,0.6613939272579176,0.6942631613808681,0.6840570878746493,True,True
L15809,Trametinib,2,0,0.5182004299549968,0.5536344757942038,0.572367340263154,False,True
L158461,Acid,4,1,0.29897467523817,0.3918106094422849,0.3399660537862082,True,True
L158461,Cisplatin,4,0,0.0801690138735493,0.1121688732124562,0.1100792188555598,False,True
L158461,CoCl2,4,0,0.0984110368485007,0.1371468646218639,0.1095985993321598,False,True
L158461,Dabrafenib,4,1,0.0951743785327787,0.1327265511498462,0.1485965789986493,True,True
L158461,Doxorubicin,4,0,0.1376057808821043,0.1902909904764639,0.2113757257625463,False,True
L158461,Trametinib,4,1,0.0762072710844168,0.1067352736705717,0.0946717645996312,True,True
L15899,Acid,3,0,0.2800284500633928,0.2369623637973791,0.1813337063801996,False,False
L15899,Cisplatin,3,0,0.0744561004084269,0.0563930191955142,0.0287351579045079,False,False
L15899,CoCl2,3,0,0.090291954794067,0.0690621210237867,0.0700013458598407,False,False
L15899,Dabrafenib,3,0,0.0902919547940672,0.0690621210237867,0.0567176580892183,False,False
L15899,Doxorubicin,3,0,0.1341899264720791,0.1053572518753599,0.1624482298670344,False,False
L15899,Trametinib,3,0,0.0754113559162071,0.0571487862365515,0.0477741881327194,False,False
L159186,Acid,3,0,0.2839379758377813,0.2620761818439214,0.2318068764443794,False,True
L159186,Cisplatin,3,0,0.0757977484189873,0.0639741680242719,0.0623108649855258,False,True
L159186,CoCl2,3,1,0.0918906235877918,0.0782052737209427,0.0953447249941349,True,True
L159186,Dabrafenib,3,1,0.0918906235877921,0.0782052737209427,0.0511020843935554,True,True
L159186,Doxorubicin,3,0,0.136449253309681,0.1186928823591984,0.1621652842914833,False,True
L159186,Trametinib,3,0,0.0767687892495874,0.0648245561324591,0.048444253032973,False,True
L159393,Acid,0,0,0.5103750822231757,0.5200854145382098,0.5882033180050276,False,True
L159393,Cisplatin,0,0,0.1639035184939039,0.1639920672897488,0.2461378219850231,False,True
L159393,CoCl2,0,0,0.2121236960220479,0.213252408114798,0.1214887010848668,False,True
L159393,Dabrafenib,0,0,0.2308868095249945,0.2325196428165714,0.2398096886461552,False,True
L159393,Doxorubicin,0,1,0.2809468044790885,0.2844566309542994,0.2718005950717479,True,True
L159393,Trametinib,0,1,0.1836843928021004,0.1841122352371243,0.1503528817593666,True,True
L159660,Acid,1,1,0.6679253992620203,0.637861568640841,0.6772649317184227,True,True
L159660,Cisplatin,1,0,0.2928645927183717,0.2512852221399829,0.2483696673258833,False,True
L159660,CoCl2,1,0,0.3573268843704549,0.3124868365864951,0.2890922398642566,False,True
L159660,Dabrafenib,1,1,0.3517898191080494,0.307146519261105,0.2657961601228974,True,True
L159660,Doxorubicin,1,1,0.4535318330772335,0.407990238394246,0.4741163708635445,True,True
L159660,Trametinib,1,0,0.2971258978496475,0.2552518935124306,0.1951239513572521,False,True
L159831,Acid,2,1,0.2807695161874157,0.3889948322534131,0.2022338860202123,True,True
L159831,Cisplatin,2,0,0.0773739631839097,0.1188052090954808,0.1263987212783659,False,True
L159831,CoCl2,2,0,0.0908442457636326,0.1386220969056056,0.186414304052391,False,True
L159831,Dabrafenib,2,1,0.0908442457636327,0.1386220969056056,0.2344178732118026,True,True
L159831,Doxorubicin,2,0,0.1252471706812583,0.1882923170083161,0.1473852853698433,False,True
L159831,Trametinib,2,1,0.0730787807484661,0.112455157793816,0.1698695064976611,True,True
L16013,Acid,4,0,0.29897467523817,0.3463883103385816,0.2141313580110029,False,True
L16013,Cisplatin,4,0,0.0801690138735493,0.0941468617846731,0.1020466286908682,False,True
L16013,CoCl2,4,0,0.0984110368485007,0.1156343662026136,0.0765897795896954,False,True
L16013,Dabrafenib,4,1,0.0951743785327787,0.1118175588323779,0.1898864509103502,True,True
L16013,Doxorubicin,4,0,0.1376057808821043,0.1620076035392993,0.1487805241825118,False,True
L16013,Trametinib,4,1,0.0762072710844168,0.0894982667849327,0.1205523341167913,True,True
L160197,Acid,1,0,0.2846492613888907,0.1654254127778674,0.0297071741124003,False,True
L160197,Cisplatin,1,0,0.0757290196169657,0.036394444022078,0.0148921629598899,False,True
L160197,CoCl2,1,0,0.09909531796825,0.0486599587294924,0.0575207543963983,False,True
L160197,Dabrafenib,1,0,0.0969560750019377,0.0475167566295402,0.0626967601566716,False,True
L160197,Doxorubicin,1,1,0.1410322674669205,0.0719725633578542,0.0527069492180701,True,True
L160197,Trametinib,1,0,0.0771757232365809,0.0371372054804885,0.0306499953058539,False,True
L160551,Acid,2,0,0.2879810790401368,0.3733368352250413,0.2981609696526798,False,False
L160551,Cisplatin,2,0,0.0799419805856406,0.1120289107935573,0.0405430955679018,False,False
L160551,CoCl2,2,0,0.0938138784504659,0.1308833842060203,0.1630693728427323,False,False
L160551,Dabrafenib,2,0,0.0938138784504659,0.1308833842060203,0.2050397438727771,False,False
L160551,Doxorubicin,2,0,0.1291816151328634,0.1783548638351976,0.1786986100406002,False,False
L160551,Trametinib,2,0,0.0755159104304394,0.1059974806434245,0.0854979309861913,False,False
L160569,Acid,0,0,0.2913335192140022,0.2015481435991417,0.2271209491141165,False,False
L160569,Cisplatin,0,0,0.0717649606822348,0.0436946600824566,0.0466967898773538,False,False
L160569,CoCl2,0,0,0.0959902001688309,0.0593866724784713,0.0700106068808073,False,False
L160569,Dabrafenib,0,0,0.1058611135447152,0.0659169652261287,0.0296652281519571,False,False
L160569,Doxorubicin,0,0,0.1335194425566999,0.0847499059329039,0.1296596101924334,False,False
L160569,Trametinib,0,0,0.0815100531712696,0.0499371670280053,0.0365194303054301,False,False
L160952,Acid,4,1,0.4949457292859942,0.3513561374217759,0.345721970857747,True,True
L160952,Cisplatin,4,1,0.1668545873855164,0.0960285924937315,0.1308282836622321,True,True
L160952,CoCl2,4,0,0.2005214642009954,0.117889678864745,0.0441595008575319,False,True
L160952,Dabrafenib,4,1,0.1946515350455211,0.1140080258823748,0.0971520884387505,True,True
L160952,Doxorubicin,4,0,0.2682828514972994,0.1649986249290355,0.1504658490573671,False,True
L160952,Trametinib,4,1,0.1593511899788926,0.0912964493404655,0.0901182023493311,True,True
L161079,Acid,2,1,0.4914190742779422,0.4868939620750255,0.4487189880240813,True,True
L161079,Cisplatin,2,1,0.1718954499418562,0.1673271074912142,0.1924830341573811,True,True
L161079,CoCl2,2,0,0.1982847633344399,0.1934606395977414,0.1795449381293677,False,True
L161079,Dabrafenib,2,0,0.19828476333444,0.1934606395977414,0.2072622381891794,False,True
L161079,Doxorubicin,2,1,0.2616652057913922,0.2569195240868483,0.2373842795176169,True,True
L161079,Trametinib,2,0,0.1632817934473473,0.1588511138099872,0.1863231123599689,False,True
L161593,Acid,2,1,0.2807695161874157,0.329012825649784,0.295880177026844,True,True
L161593,Cisplatin,2,0,0.0773739631839097,0.0940713186938927,0.0896823022912329,False,True
L161593,CoCl2,2,0,0.0908442457636326,0.110278869002602,0.122239235176705,False,True
L161593,Dabrafenib,2,0,0.0908442457636327,0.110278869002602,0.0777564754217018,False,True
L161593,Doxorubicin,2,0,0.1252471706812583,0.1515804734009325,0.1859063262234594,False,True
L161593,Trametinib,2,0,0.0730787807484661,0.0889098890567022,0.0431063870816438,False,True
L161723,Acid,0,0,0.4328777043248581,0.3656297819912385,0.2568720186753108,False,False
L161723,Cisplatin,0,0,0.125527930426065,0.094471855964014,0.0863763946249759,False,False
L161723,CoCl2,0,0,0.1646818096685305,0.1259968206908767,0.0727766203007043,False,False
L161723,Dabrafenib,0,0,0.1802083459980085,0.1387710985040498,0.1919212676342577,False,False
L161723,Doxorubicin,0,0,0.2224585775702799,0.1745297872317437,0.1787160785038505,False,False
L161723,Trametinib,0,0,0.1414610018446082,0.107155861986559,0.1726109822354912,False,False
L16178,Acid,0,1,0.791696234403284,0.8158077331087418,0.8187904787636787,True,True
L16178,Cisplatin,0,1,0.4168320116120706,0.444972199585534,0.4093431538807418,True,True
L16178,CoCl2,0,0,0.4953757660267478,0.525573328446264,0.4005747327842616,False,True
L16178,Dabrafenib,0,1,0.5225755155754793,0.5532165449188797,0.5626047105768798,True,True
L16178,Doxorubicin,0,1,0.5875639836040577,0.619010929563797,0.6359840474314973,True,True
L16178,Trametinib,0,0,0.4506838705455293,0.4797816289495891,0.438214216818266,False,True
L161943,Acid,4,1,0.5064317991162951,0.3505037848084977,0.3746430633648214,True,True
L161943,Cisplatin,4,0,0.1733399135068221,0.0957042482593373,0.1040671060302458,False,True
L161943,CoCl2,4,0,0.2079886843100183,0.1175010947092731,0.1328085346747826,False,True
L161943,Dabrafenib,4,0,0.2019553826844113,0.1136305881500381,0.0613821862894779,False,True
L161943,Doxorubicin,4,0,0.2773978968598879,0.1644837160607946,0.2220229416215036,False,True
L161943,Trametinib,4,1,0.1656028424317887,0.0909864795579444,0.0548392097256667,True,True
L161977,Acid,0,1,0.9030445234540472,0.9201741200047164,0.9267718907501066,True,True
L161977,Cisplatin,0,1,0.6365792444007403,0.676013279065429,0.664844660621599,True,True
L161977,CoCl2,0,1,0.7063748676058879,0.7424801321354263,0.7564198694163369,True,True
L161977,Dabrafenib,0,0,0.7284362393884738,0.7631797289098624,0.6963520188542189,False,True
L161977,Doxorubicin,0,0,0.7773420450536007,0.808743883092392,0.8173574620974431,False,True
L161977,Trametinib,0,0,0.6678399632901972,0.7059093918291699,0.5979220701903308,False,True
L162222,Acid,1,0,0.2846492613888907,0.3063634139169228,0.3283025993301303,False,True
L162222,Cisplatin,1,0,0.0757290196169657,0.0776265730924283,0.1437205775641775,False,True
L162222,CoCl2,1,0,0.09909531796825,0.1023125589290605,0.1432122983000025,False,True
L162222,Dabrafenib,1,1,0.0969560750019377,0.1000414110851733,0.0458192497994402,True,True
L162222,Doxorubicin,1,0,0.1410322674669205,0.1473484518418436,0.1452630029273305,False,True
L162222,Trametinib,1,0,0.0771757232365809,0.0791417141945342,0.0432832631646572,False,True
L162367,Acid,3,0,0.2800284500633928,0.2079054099592665,0.1770873973394803,False,False
L162367,Cisplatin,3,0,0.0744561004084269,0.0480826898830626,0.0544433399948608,False,False
L162367,CoCl2,3,0,0.090291954794067,0.0590015534706375,0.0345743017619946,False,False
L162367,Dabrafenib,3,0,0.0902919547940672,0.0590015534706375,0.070108284066287,False,False
L162367,Doxorubicin,3,0,0.1341899264720791,0.0905235497077469,0.081303598425765,False,False
L162367,Trametinib,3,0,0.0754113559162071,0.0487328355894334,0.0452156476658706,False,False
L16238,Acid,3,1,0.6468061880552075,0.7324870543687165,0.7454243150824892,True,True
L16238,Cisplatin,3,0,0.2747167640770723,0.3450926983340635,0.4625551669155882,False,True
L16238,CoCl2,3,1,0.3184888559049324,0.3954398671118155,0.5316188933541043,True,True
L16238,Dabrafenib,3,0,0.3184888559049331,0.3954398671118154,0.3342559162424354,False,True
L16238,Doxorubicin,3,1,0.4218803347700059,0.5094029506739299,0.4160378405118839,True,True
L16238,Trametinib,3,0,0.2774710632768232,0.3482894577565102,0.2642194955207654,False,True
L16242,Acid,1,1,0.5188329190088684,0.5350184621731422,0.511162142235976,True,True
L16242,Cisplatin,1,1,0.1816867255343861,0.1798210065548191,0.1799991986426727,True,True
L16242,CoCl2,1,1,0.2296241396079823,0.2289393675350213,0.3337573274905325,True,True
L16242,Dabrafenib,1,0,0.2253719870050036,0.224560494685893,0.1545110394414376,False,True
L16242,Doxorubicin,1,0,0.3079203063502099,0.3104382893050318,0.2755355788420716,False,True
L16242,Trametinib,1,0,0.184752997209819,0.1829352086037624,0.1209334862367214,False,True
L162604,Acid,0,1,0.8175532295842393,0.8610475140684485,0.8564597973333761,True,True
L162604,Cisplatin,0,1,0.4573253770233204,0.5286716810996682,0.5477235963861793,True,True
L162604,CoCl2,0,1,0.536479997467462,0.6078304553846132,0.652173498981968,True,True
L162604,Dabrafenib,0,0,0.563416798344871,0.634018313845811,0.642779864197815,False,True
L162604,Doxorubicin,0,1,0.6268159595649819,0.6944849215545581,0.689101744962163,True,True
L162604,Trametinib,0,1,0.4916930743515985,0.5633825493819207,0.5514235125249608,True,True
L16294,Acid,1,1,0.6206437501862662,0.5291870532224138,0.6195354044146911,True,True
L16294,Cisplatin,1,0,0.2519861919825461,0.1763924043425489,0.2070247194987401,False,True
L16294,CoCl2,1,0,0.3114132391180942,0.2248309627204303,0.140431294774878,False,True
L16294,Dabrafenib,1,0,0.306248611192578,0.2205081979299943,0.170079279814151,False,True
L16294,Doxorubicin,1,0,0.4030083293827077,0.3054467191174872,0.3518770947429546,False,True
L16294,Trametinib,1,0,0.2558679190350695,0.1794602208885777,0.1327938729017782,False,True
L163387,Acid,3,0,0.2800284500633928,0.4576450176299551,0.2913651109404483,False,True
L163387,Cisplatin,3,0,0.0744561004084269,0.1396998364359049,0.1206179113109006,False,True
L163387,CoCl2,3,0,0.090291954794067,0.1677571289389614,0.0658554348410045,False,True
L163387,Dabrafenib,3,0,0.0902919547940672,0.1677571289389613,0.3709501152987698,False,True
L163387,Doxorubicin,3,0,0.1341899264720791,0.2424143050324926,0.2475150587287495,False,True
L163387,Trametinib,3,1,0.0754113559162071,0.1414047556827274,0.3661067313494469,True,True
L16358,Acid,2,1,0.2879810790401368,0.1770297889659339,0.1724927999129521,True,True
L16358,Cisplatin,2,0,0.0799419805856406,0.0435692784188423,0.0434454439360532,False,True
L16358,CoCl2,2,0,0.0938138784504659,0.0515711461144086,0.0543796536708274,False,True
L16358,Dabrafenib,2,0,0.0938138784504659,0.0515711461144086,0.0403453994849674,False,True
L16358,Doxorubicin,2,0,0.1291816151328634,0.0726816975849531,0.0940025484642953,False,True
L16358,Trametinib,2,0,0.0755159104304394,0.0410531874802052,0.0342255366109287,False,True
L163616,Acid,2,0,0.2879810790401368,0.3190021622119673,0.3052410881620724,False,False
L163616,Cisplatin,2,0,0.0799419805856406,0.0902476105468772,0.1066980730990035,False,False
L163616,CoCl2,2,0,0.0938138784504659,0.1058733646441556,0.0657262914524059,False,False
L163616,Dabrafenib,2,0,0.0938138784504659,0.1058733646441556,0.0825846668609708,False,False
L163616,Doxorubicin,2,0,0.1291816151328634,0.1457953920779143,0.158869052809666,False,False
L163616,Trametinib,2,0,0.0755159104304394,0.085276228679652,0.0551797525385304,False,False
L163721,Acid,1,0,0.2838807297763159,0.1653015503723454,0.1950176695132464,False,False
L163721,Cisplatin,1,0,0.0754650511914505,0.0363629842016294,0.0572990572370217,False,False
L163721,CoCl2,1,0,0.0987586044275129,0.0486184313863936,0.0163667673587035,False,False
L163721,Dabrafenib,1,0,0.0966258507238606,0.0474761562286983,0.0326553781646124,False,False
L163721,Doxorubicin,1,0,0.1405752922599338,0.0719126445032646,0.0875460769669762,False,False
L163721,Trametinib,1,0,0.0769071316414241,0.0371051283308121,0.0358543998335982,False,False
L164293,Acid,4,1,0.2811303118206386,0.3786476021154554,0.3263995108589608,True,True
L164293,Cisplatin,4,0,0.0740054563390073,0.1067515395379546,0.1129139561898707,False,True
L164293,CoCl2,4,0,0.0909837199544665,0.1307007781512183,0.0688211566551915,False,True
L164293,Dabrafenib,4,0,0.0879675059053129,0.1264577764118966,0.1951842716820232,False,True
L164293,Doxorubicin,4,0,0.1276391277841468,0.1818735586361007,0.1451833438528255,False,True
L164293,Trametinib,4,0,0.0703250134578361,0.1015503464314908,0.1355872935625792,False,True
L164299,Acid,4,0,0.2811303118206386,0.2415073228806439,0.1635828608560091,False,False
L164299,Cisplatin,4,0,0.0740054563390073,0.0587730085942405,0.0478190686397118,False,False
L164299,CoCl2,4,0,0.0909837199544665,0.0728361609264968,0.0529746366029321,False,False
L164299,Dabrafenib,4,0,0.0879675059053129,0.0703196905973589,0.0883452482163112,False,False
L164299,Doxorubicin,4,0,0.1276391277841468,0.1040655644104938,0.1051126583751695,False,False
L164299,Trametinib,4,0,0.0703250134578361,0.0557635124784812,0.0489699670036997,False,False
L16438,Acid,1,1,0.8196150728055872,0.8125027044533345,0.8121770053122959,True,True
L16438,Cisplatin,1,1,0.4833594229302979,0.4522684474100263,0.401119343653773,True,True
L16438,CoCl2,1,0,0.5567394705822487,0.5279063325155929,0.3970839637679914,False,True
L16438,Dabrafenib,1,1,0.55076047722114,0.5216780091435346,0.5191955891872077,True,True
L16438,Doxorubicin,1,0,0.6521525111659116,0.6290119046892858,0.6852263944573239,False,True
L16438,Trametinib,1,0,0.4884778072540217,0.4574692517162985,0.4119504806214542,False,True
L164614,Acid,3,0,0.7288002350630711,0.6609562960078693,0.669329039774608,False,False
L164614,Cisplatin,3,0,0.3572529004934114,0.2728124941642713,0.2632971743112859,False,False
L164614,CoCl2,3,0,0.4067997733577329,0.3177304538524598,0.2620649267601047,False,False
L164614,Dabrafenib,3,0,0.4067997733577337,0.3177304538524598,0.2716454037002471,False,False
L164614,Doxorubicin,3,0,0.5171070849041087,0.4250435243227684,0.4248285784174812,False,False
L164614,Trametinib,3,0,0.3604234824385086,0.2756214781172782,0.2739082448999392,False,False
L164617,Acid,1,0,0.4130500535635625,0.3573762660067766,0.4116843987749251,False,False
L164617,Cisplatin,1,0,0.1265625992972331,0.0958132969991386,0.0959060111919723,False,False
L164617,CoCl2,1,0,0.1628501238050005,0.1254959372295268,0.0728182533204495,False,False
L164617,Dabrafenib,1,0,0.159578348822991,0.1227805494932529,0.1306721514184018,False,False
L164617,Doxorubicin,1,0,0.2250286722603371,0.1787051705076412,0.2022055892042972,False,False
L164617,Trametinib,1,0,0.1288450374752859,0.097645833686556,0.0917992154164147,False,False
L164771,Acid,2,1,0.8819005075351543,0.8914112238795953,0.856175230031193,True,True
L164771,Cisplatin,2,1,0.6160050883427634,0.6348275567091489,0.6840167120949237,True,True
L164771,CoCl2,2,1,0.656521204115855,0.6748042503646146,0.7726057620115014,True,True
L164771,Dabrafenib,2,1,0.6565212041158552,0.6748042503646146,0.6752165743354221,True,True
L164771,Doxorubicin,2,1,0.7325398909120935,0.7494408758269758,0.7335561212009782,True,True
L164771,Trametinib,2,0,0.6012962432006881,0.620311986392313,0.6478120199432265,False,True
L165027,Acid,0,1,0.5478487846568613,0.5674142744588873,0.5288292152834209,True,True
L165027,Cisplatin,0,1,0.1855800659140101,0.1918714078787041,0.1861803020188599,True,True
L165027,CoCl2,0,0,0.2383593993297293,0.2470316463870955,0.2683194215954169,False,True
L165027,Dabrafenib,0,0,0.2586812259433685,0.2683099935796753,0.2564760594468888,False,True
L165027,Doxorubicin,0,0,0.3123203573877082,0.3248574988264296,0.295195807228561,False,True
L165027,Trametinib,0,1,0.2073282895653226,0.2145343251642751,0.1527667441621497,True,True
L165042,Acid,0,1,0.6589622037837574,0.6105350942074969,0.6092551037763444,True,True
L165042,Cisplatin,0,0,0.266530079961844,0.2210353632908127,0.2240483123412096,False,True
L165042,CoCl2,0,1,0.3329206247450427,0.2816576587578069,0.4613544810418959,True,True
L165042,Dabrafenib,0,1,0.3575200925623513,0.3047115764409466,0.2052669452819615,True,True
L165042,Doxorubicin,0,1,0.420041406997382,0.3651027605643319,0.4053546699589343,True,True
L165042,Trametinib,0,0,0.2943363713819747,0.2460939922920832,0.1244505604047473,False,True
L165149,Acid,2,1,0.7177383280466454,0.6717350156684136,0.6118743266473682,True,True
L165149,Cisplatin,2,1,0.3532793359736105,0.3023333249089576,0.344939723065487,True,True
L165149,CoCl2,2,0,0.3942572663920597,0.3409194154924799,0.3998055943734859,False,True
L165149,Dabrafenib,2,1,0.39425726639206,0.3409194154924799,0.3277877326431902,True,True
L165149,Doxorubicin,2,1,0.482573573371538,0.4271319305988477,0.437592108594054,True,True
L165149,Trametinib,2,1,0.339300659388165,0.2893953740572635,0.2558533363756679,True,True
L165222,Acid,0,1,0.6697568374258328,0.6843481808536285,0.6512640160747256,True,True
L165222,Cisplatin,0,0,0.2761006538680138,0.2818349290896645,0.2530716092036706,False,True
L165222,CoCl2,0,0,0.3437578571024449,0.3516056466745649,0.5230691011278366,False,True
L165222,Dabrafenib,0,0,0.3687154808525776,0.3773771111317536,0.3121567882097826,False,True
L165222,Doxorubicin,0,0,0.4318785490514314,0.4429941278991756,0.4351146371340076,False,True
L165222,Trametinib,0,1,0.3044909126216667,0.3110341234679989,0.2123618152778552,True,True
L165407,Acid,1,1,0.6616458315823173,0.6450445156568281,0.7062238587458797,True,True
L165407,Cisplatin,1,0,0.287062985975928,0.2572067967505456,0.2280604333335041,False,True
L165407,CoCl2,1,0,0.3508819329924224,0.319235703034127,0.2386357054767282,False,True
L165407,Dabrafenib,1,0,0.3453910645573908,0.3138326975450491,0.2895796177286373,False,True
L165407,Doxorubicin,1,0,0.4465573722792414,0.4155550087543809,0.4623829958380241,False,True
L165407,Trametinib,1,0,0.2912746468049252,0.2612343288696342,0.1820128058671124,False,True
L165643,Acid,0,0,0.4328777043248581,0.3740123269076886,0.2850286577535906,False,False
L165643,Cisplatin,0,0,0.125527930426065,0.0975941435124544,0.0859721601063585,False,False
L165643,CoCl2,0,0,0.1646818096685305,0.1300114151914061,0.1373369797215062,False,False
L165643,Dabrafenib,0,0,0.1802083459980085,0.1431260618553196,0.1270078126287848,False,False
L165643,Doxorubicin,0,0,0.2224585775702799,0.1797726963027712,0.1809950685618015,False,False
L165643,Trametinib,0,0,0.1414610018446082,0.1106461324075607,0.1440272753873669,False,False
L165826,Acid,1,1,0.6218273190282232,0.6608239671522845,0.6757081418648111,True,True
L165826,Cisplatin,1,1,0.2529354752856885,0.2707351453116253,0.2905684011731488,True,True
L165826,CoCl2,1,1,0.3124928699116205,0.3345571326470903,0.402851305963413,True,True
L165826,Dabrafenib,1,0,0.3073183279747626,0.3290201430282435,0.2934814644043959,False,True
L165826,Doxorubicin,1,0,0.4042190991934632,0.4325618672617985,0.4753668490671627,False,True
L165826,Trametinib,1,0,0.2568268047725253,0.2748961167371517,0.2021861349351711,False,True
L165861,Acid,4,1,0.5600708095051647,0.5609607608541755,0.5532094385305445,True,True
L165861,Cisplatin,4,0,0.2064565555289803,0.2003663720178111,0.1785994593523099,False,True
L165861,CoCl2,4,0,0.245757032146647,0.2396822722608391,0.3147855100671209,False,True
L165861,Dabrafenib,4,0,0.2389587006709399,0.2328490130405257,0.1849200735016107,False,True
L165861,Doxorubicin,4,0,0.322635794832262,0.31791925864065,0.3384317727192382,False,True
L165861,Trametinib,4,0,0.1975946381974818,0.191582303144911,0.1474439402982048,False,True
L165929,Acid,3,0,0.7082345061808588,0.7104895265021748,0.6072160543597609,False,False
L165929,Cisplatin,3,0,0.3342496701674433,0.3207786809700602,0.2898100733886846,False,False
L165929,CoCl2,3,0,0.3825048270560837,0.3695803856682096,0.4495078209089078,False,False
L165929,Dabrafenib,3,0,0.3825048270560844,0.3695803856682095,0.3474579866899863,False,False
L165929,Doxorubicin,3,0,0.4916847582662856,0.4820330548067179,0.4472204964856926,False,False
L165929,Trametinib,3,0,0.337323242475765,0.3238615888178494,0.27415456124845,False,False
L165958,Acid,2,0,0.2879810790401368,0.3933968303257877,0.3527689632154286,False,True
L165958,Cisplatin,2,0,0.0799419805856406,0.1207539193253443,0.0663377384031033,False,True
L165958,CoCl2,2,0,0.0938138784504659,0.140843901610426,0.0774385231904533,False,True
L165958,Dabrafenib,2,0,0.0938138784504659,0.140843901610426,0.2357629922617893,False,True
L165958,Doxorubicin,2,1,0.1291816151328634,0.1911335755154236,0.178998561240748,True,True
L165958,Trametinib,2,0,0.0755159104304394,0.1143132227020038,0.2114903603065,False,True
L16603,Acid,0,1,0.7692206609821707,0.7991644962445821,0.7751000658446688,True,True
L16603,Cisplatin,0,1,0.3853131699251795,0.4186970693483148,0.4020017223113915,True,True
L16603,CoCl2,0,1,0.4626293338806838,0.4988161788283422,0.5268768404629239,True,True
L16603,Dabrafenib,0,1,0.4897761785640619,0.526614203073838,0.4325177292756793,True,True
L16603,Doxorubicin,0,0,0.555431114336297,0.5934471657353818,0.532437685049778,False,True
L16603,Trametinib,0,0,0.4184419924403563,0.4531291327967073,0.3332528516823667,False,True
L166056,Acid,4,0,0.2811303118206386,0.2694702712849394,0.1985543040350336,False,False
L166056,Cisplatin,4,0,0.0740054563390073,0.0674598169591713,0.0646115462590196,False,False
L166056,CoCl2,4,0,0.0909837199544665,0.0834173251351923,0.0751679548037928,False,False
L166056,Dabrafenib,4,0,0.0879675059053129,0.0805670455646894,0.0953221899876779,False,False
L166056,Doxorubicin,4,0,0.1276391277841468,0.1186031834870808,0.1513443956203685,False,False
L166056,Trametinib,4,0,0.0703250134578361,0.0640357717132429,0.0501921156660677,False,False
L166268,Acid,2,0,0.2879810790401368,0.2365039750849531,0.1246457602289367,False,False
L166268,Cisplatin,2,0,0.0799419805856406,0.0615605556896597,0.0563797329949697,False,False
L166268,CoCl2,2,0,0.0938138784504659,0.0726158030305084,0.0626410666110555,False,False
L166268,Dabrafenib,2,0,0.0938138784504659,0.0726158030305084,0.0798911755331986,False,False
L166268,Doxorubicin,2,0,0.1291816151328634,0.1014197483587755,0.0866964344257726,False,False
L166268,Trametinib,2,0,0.0755159104304394,0.0580685634541349,0.0841462893708867,False,False
L166291,Acid,2,0,0.2807695161874157,0.140523663758047,0.0367412854728119,False,False
L166291,Cisplatin,2,0,0.0773739631839097,0.033465514621898,0.0167163399795116,False,False
L166291,CoCl2,2,0,0.0908442457636326,0.0396887434246605,0.0374098579874547,False,False
L166291,Dabrafenib,2,0,0.0908442457636327,0.0396887434246605,0.0612470497123184,False,False
L166291,Doxorubicin,2,0,0.1252471706812583,0.0562235997698018,0.0891340056210408,False,False
L166291,Trametinib,2,0,0.0730787807484661,0.0315136825778164,0.0529266655523015,False,False
L166312,Acid,1,0,0.4372605235406531,0.3462559139871803,0.2163824925700727,False,False
L166312,Cisplatin,1,0,0.1379268978719352,0.0916708774880729,0.1317820476518482,False,False
L166312,CoCl2,1,0,0.1768131537799985,0.1202408672281849,0.1222905375882657,False,False
L166312,Dabrafenib,1,0,0.1733189304006449,0.1176238910228571,0.0853473932562145,False,False
L166312,Doxorubicin,1,0,0.2427768949753826,0.171659356993502,0.1613935545607365,False,False
L166312,Trametinib,1,0,0.1403813412895128,0.0934323726738421,0.0609590284643755,False,False
L166554,Acid,0,0,0.283084547091898,0.330474585752064,0.3674234838459863,False,False
L166554,Cisplatin,0,0,0.0691265369767683,0.0820176025828117,0.1145546237791815,False,False
L166554,CoCl2,0,0,0.0925499417249437,0.1098909692064361,0.078081261936329,False,False
L166554,Dabrafenib,0,0,0.1021070427147207,0.1212588921668892,0.0869753499606456,False,False
L166554,Doxorubicin,0,0,0.1289259711728003,0.1533083029434906,0.1606376815701969,False,False
L166554,Trametinib,0,0,0.078543669144304,0.0932015770560046,0.0593383225513878,False,False
L166657,Acid,3,1,0.8120807104055968,0.8262199852474319,0.8594109750691127,True,True
L166657,Cisplatin,3,1,0.4719633886914425,0.4777927473171478,0.5618268860682771,True,True
L166657,CoCl2,3,0,0.5244385879301293,0.5317797842833886,0.5935294700949614,False,True
L166657,Dabrafenib,3,0,0.5244385879301301,0.5317797842833886,0.4208165786276508,False,True
L166657,Doxorubicin,3,1,0.632625824515617,0.6432296180748699,0.6866022503693653,True,True
L166657,Trametinib,3,0,0.4753990323018178,0.4813153397237119,0.3718940199937551,False,True
L166707,Acid,1,1,0.9107605874959172,0.9036231368453912,0.9399430571570728,True,True
L166707,Cisplatin,1,1,0.6775703953738916,0.6411322962196736,0.6982166861547866,True,True
L166707,CoCl2,1,0,0.7383007298487598,0.7075537807116608,0.6925004293550603,False,True
L166707,Dabrafenib,1,0,0.7335988944383699,0.7023592565608899,0.6710850570631505,False,True
L166707,Doxorubicin,1,1,0.8081028570646733,0.785796543396147,0.8458257377082623,True,True
L166707,Trametinib,1,0,0.6820304297375316,0.6459436785904045,0.5670225915904429,False,True
L167106,Acid,1,1,0.8926005375318752,0.904237255872244,0.9225446109848032,True,False
L167106,Cisplatin,1,1,0.6311737051110382,0.6427577666687362,0.6950219509020443,True,False
L167106,CoCl2,1,1,0.6967315748401639,0.7090149440595509,0.8113927493252303,True,False
L167106,Dabrafenib,1,1,0.6915948630670004,0.7038355100065754,0.6995991458890302,True,False
L167106,Doxorubicin,1,1,0.7742307571719548,0.7869844710903268,0.8229255580480856,True,False
L167106,Trametinib,1,1,0.6359306837197021,0.6475593360548791,0.5810199279325605,True,False
L167129,Acid,1,1,0.4934165770576021,0.3411059424752688,0.3992354393744884,True,True
L167129,Cisplatin,1,0,0.167052306884838,0.0897873746460343,0.1021059949309245,False,True
L167129,CoCl2,1,0,0.2121294205507139,0.1178465136108853,0.1327078968756823,False,True
L167129,Dabrafenib,1,0,0.2081137152984279,0.1152748209860533,0.0887494552327405,False,True
L167129,Doxorubicin,1,0,0.2866801763302718,0.1684371413551984,0.2070598339304833,False,True
L167129,Trametinib,1,0,0.1699228834915934,0.0915163239796407,0.0608842575024528,False,True
L167176,Acid,3,1,0.5724756131613613,0.6592185491149937,0.6730967539818498,True,True
L167176,Cisplatin,3,0,0.2168883503233858,0.271278712499954,0.2867758039122543,False,True
L167176,CoCl2,3,0,0.2546818492484012,0.3160538959682022,0.3794599118056936,False,True
L167176,Dabrafenib,3,0,0.2546818492484017,0.3160538959682021,0.2785345412177366,False,True
L167176,Doxorubicin,3,0,0.3479346494988212,0.4231519095699738,0.4037526258057187,False,True
L167176,Trametinib,3,0,0.2192381212966052,0.2740778562184972,0.2251984098035165,False,True
L16764,Acid,4,1,0.5255779237450564,0.493317935748492,0.1760520929750517,True,True
L16764,Cisplatin,4,0,0.1846031353199273,0.1603268558763569,0.0665956674664271,False,True
L16764,CoCl2,4,0,0.2209016798175546,0.1936892345393191,0.0640426268077441,False,True
L16764,Dabrafenib,4,1,0.2145952919788072,0.1878432660914243,0.4745798436214517,True,True
L16764,Doxorubicin,4,1,0.293025836707728,0.2620883178816578,0.190427323597487,True,True
L16764,Trametinib,4,1,0.1764706488363831,0.152962342076106,0.3882850063178007,True,True
L167670,Acid,2,0,0.6577789189401924,0.6650249330403768,0.6416726634657035,False,False
L167670,Cisplatin,2,0,0.2922432459935012,0.2959860887217395,0.2372650788286293,False,False
L167670,CoCl2,2,0,0.3297512593348777,0.3341500887144664,0.3531833724103336,False,False
L167670,Dabrafenib,2,0,0.3297512593348779,0.3341500887144664,0.3339523666566953,False,False
L167670,Doxorubicin,2,0,0.4134812345775643,0.4197409621161783,0.3934092308825334,False,False
L167670,Trametinib,2,0,0.2796354029925868,0.2832094978465213,0.2373272760905381,False,False
L1679,Acid,1,1,0.4006161480198365,0.4690914181782167,0.2098309226806571,True,True
L1679,Cisplatin,1,0,0.1209752434080474,0.144098725193006,0.0918519244193068,False,True
L1679,CoCl2,1,0,0.1559468078263411,0.1856683737222143,0.0981168931960019,False,True
L1679,Dabrafenib,1,0,0.1527884125735933,0.1819218658324018,0.2971883460341322,False,True
L1679,Doxorubicin,1,0,0.2161701867667327,0.2568955969708055,0.2694499662705229,False,True
L1679,Trametinib,1,0,0.1231711282899808,0.1467049341820942,0.3057428808677111,False,True
L167950,Acid,3,1,0.93037317589059,0.9241800275655748,0.9436473856049415,True,True
L167950,Cisplatin,3,1,0.7343067670046204,0.7011095019573996,0.7685608176484494,True,True
L167950,CoCl2,3,1,0.7732371452860894,0.744361987009621,0.8486767371443565,True,True
L167950,Dabrafenib,3,1,0.7732371452860898,0.7443619870096209,0.7154474864065357,True,True
L167950,Doxorubicin,3,1,0.8418884801587705,0.8221355690813447,0.8587308393483537,True,True
L167950,Trametinib,3,0,0.7369867123013726,0.7040587465998147,0.5877670932911001,False,True
L167969,Acid,1,1,0.5091537836307407,0.5244816160897059,0.5018514058369448,True,True
L167969,Cisplatin,1,0,0.1759966798595818,0.1736668269332709,0.2151090866771107,False,True
L167969,CoCl2,1,1,0.2228416261213359,0.2215582665797083,0.1816719338992867,True,True
L167969,Dabrafenib,1,0,0.218679419027207,0.21728078758119,0.2147088817441832,False,True
L167969,Doxorubicin,1,0,0.2997248977938739,0.3014569099972116,0.277279066511704,False,True
L167969,Trametinib,1,0,0.1789879266198048,0.1766974101670647,0.1336739954657385,False,True
L168572,Acid,3,1,0.5542403741566174,0.6693182224063577,0.6082203083537201,True,True
L168572,Cisplatin,3,0,0.2045602184504246,0.2803239589227051,0.3022290359879583,False,True
L168572,CoCl2,3,1,0.2408662400775254,0.3259243567148516,0.3719608101220254,True,True
L168572,Dabrafenib,3,0,0.2408662400775259,0.3259243567148515,0.2652249720953106,False,True
L168572,Doxorubicin,3,0,0.331309067645028,0.434243491875859,0.3888247593896229,False,True
L168572,Trametinib,3,0,0.2068116989385759,0.2831801658543573,0.1659576819795824,False,True
L168584,Acid,4,0,0.2811303118206386,0.3142998015920595,0.2482881396469313,False,False
L168584,Cisplatin,4,0,0.0740054563390073,0.0824767515713923,0.0734639655984149,False,False
L168584,CoCl2,4,0,0.0909837199544665,0.1015994781813295,0.0650188651819838,False,False
L168584,Dabrafenib,4,0,0.0879675059053129,0.098194490883577,0.1713283769245649,False,False
L168584,Doxorubicin,4,0,0.1276391277841468,0.1432559960570661,0.0993576566781185,False,False
L168584,Trametinib,4,0,0.0703250134578361,0.0783545376808161,0.1343431976249277,False,False
L168675,Acid,1,0,0.2838807297763159,0.2302078340660638,0.1458544662270228,False,False
L168675,Cisplatin,1,0,0.0754650511914505,0.0539109929928633,0.0532008088858032,False,False
L168675,CoCl2,1,0,0.0987586044275129,0.0716409714778349,0.0720998763411461,False,False
L168675,Dabrafenib,1,0,0.0966258507238606,0.069997585884073,0.0835221208463652,False,False
L168675,Doxorubicin,1,0,0.1405752922599338,0.1047512942313015,0.1183833034054236,False,False
L168675,Trametinib,1,0,0.0769071316414241,0.0549908424482162,0.0734612819822882,False,False
L16871,Acid,0,1,0.5944798429836436,0.694815093346176,0.6433812276498181,True,True
L16871,Cisplatin,0,1,0.2161142430962646,0.2918373757207712,0.3269791347174512,True,True
L16871,CoCl2,0,0,0.2746490342557168,0.3628332578764989,0.3615962027177123,False,True
L16871,Dabrafenib,0,1,0.2968589043355798,0.3889340303874666,0.4117929490336984,True,True
L16871,Doxorubicin,0,0,0.3546274248048778,0.4550917435578274,0.4238528930320611,False,True
L16871,Trametinib,0,0,0.2403846051449596,0.3216087898581956,0.3318098202959079,False,True
L168951,Acid,2,1,0.6870312485732285,0.6738857362400623,0.6990719450224611,True,True
L168951,Cisplatin,2,0,0.3204619954867707,0.3043980537099133,0.3529023830786529,False,True
L168951,CoCl2,2,0,0.3597508285605177,0.3431180612552791,0.2091525206367789,False,True
L168951,Dabrafenib,2,1,0.3597508285605179,0.3431180612552791,0.3272890690518468,True,True
L168951,Doxorubicin,2,0,0.4460290840921256,0.4295242295470241,0.4405120159663331,False,True
L168951,Trametinib,2,1,0.307165100565951,0.2914086515448706,0.300744006624522,True,True
L169099,Acid,1,0,0.2838807297763159,0.3670994221496877,0.3406202388487242,False,False
L169099,Cisplatin,1,0,0.0754650511914505,0.0995221947340525,0.1362129482198295,False,False
L169099,CoCl2,1,0,0.0987586044275129,0.1301884009339796,0.1573722993071528,False,False
L169099,Dabrafenib,1,0,0.0966258507238606,0.1273862710131731,0.1330349950582961,False,False
L169099,Doxorubicin,1,0,0.1405752922599338,0.1849663866947992,0.1471322045620088,False,False
L169099,Trametinib,1,0,0.0769071316414241,0.1014177116488905,0.1210579595347653,False,False
L169592,Acid,0,1,0.6515546861669005,0.6115164539200442,0.5473365913168633,True,True
L169592,Cisplatin,0,0,0.2601686238576441,0.2217471132730784,0.2401333878383814,False,True
L169592,CoCl2,0,1,0.3256781752315621,0.2824938241169983,0.2535768265343083,True,True
L169592,Dabrafenib,0,0,0.3500232946192629,0.3055870675044853,0.1948767196123972,False,True
L169592,Doxorubicin,0,0,0.4120744588314661,0.3660604130764439,0.3337346058076243,False,True
L169592,Trametinib,0,0,0.2875714491778096,0.2468608613096485,0.1904180681093922,False,True
L169857,Acid,1,1,0.7211139782655566,0.8067246427779134,0.7579141454305108,True,True
L169857,Cisplatin,1,0,0.347434667480468,0.4429994494196037,0.4803669443749366,False,True
L169857,CoCl2,1,0,0.4168281155818291,0.5185547600803804,0.603961769009502,False,True
L169857,Dabrafenib,1,0,0.4109586182019937,0.5123170362465214,0.4582417841969314,False,True
L169857,Doxorubicin,1,0,0.5161859908827819,0.6202223030009839,0.5517280183044301,False,True
L169857,Trametinib,1,0,0.3520946356372241,0.4481808813251658,0.4370276426769813,False,True
L169881,Acid,3,0,0.2839379758377813,0.2292686519734499,0.1460763021847037,False,True
L169881,Cisplatin,3,1,0.0757977484189873,0.0541460197729834,0.0262265733769835,True,True
L169881,CoCl2,3,0,0.0918906235877918,0.0663458100941324,0.0373285339863505,False,True
L169881,Dabrafenib,3,0,0.0918906235877921,0.0663458100941324,0.0938252264793667,False,True
L169881,Doxorubicin,3,0,0.136449253309681,0.1013688453003601,0.1334150847437859,False,True
L169881,Trametinib,3,1,0.0767687892495874,0.0548734242169085,0.0951090489856182,True,True
L169888,Acid,2,0,0.2879810790401368,0.24749696530106,0.0671602457413369,False,False
L169888,Cisplatin,2,0,0.0799419805856406,0.0651154741522393,0.0312341710438868,False,False
L169888,CoCl2,2,0,0.0938138784504659,0.0767569090739362,0.0352997489777236,False,False
L169888,Dabrafenib,2,0,0.0938138784504659,0.0767569090739362,0.1297792542065646,False,False
L169888,Doxorubicin,2,0,0.1291816151328634,0.1070139273162009,0.0966499342311934,False,False
L169888,Trametinib,2,0,0.0755159104304394,0.0614350320187667,0.2003557620682181,False,False
L170436,Acid,1,0,0.5091537836307407,0.5358338217243015,0.4155736057923251,False,True
L170436,Cisplatin,1,0,0.1759966798595818,0.1803049555983284,0.1360796324294222,False,True
L170436,CoCl2,1,0,0.2228416261213359,0.2295185155702303,0.160992080665578,False,True
L170436,Dabrafenib,1,0,0.218679419027207,0.2251317997801598,0.3088318634583409,False,True
L170436,Doxorubicin,1,1,0.2997248977938739,0.3111404118062692,0.3014750909917874,True,True
L170436,Trametinib,1,0,0.1789879266198048,0.1834256644640808,0.2724493420431758,False,True
L170734,Acid,4,1,0.4037920086133574,0.41675264642661,0.2982619353899165,True,True
L170734,Cisplatin,4,0,0.1215794623304753,0.1229068149720817,0.1164316615697441,False,True
L170734,CoCl2,4,1,0.147730856907084,0.1498723101351211,0.2766967643456484,True,True
L170734,Dabrafenib,4,1,0.1431296209565603,0.1451108258680584,0.1112137236563984,True,True
L170734,Doxorubicin,4,1,0.2021639556302915,0.2067658819531609,0.2074904056417689,True,True
L170734,Trametinib,4,0,0.1158290144356116,0.1170216163882641,0.0880454730683247,False,True
L171615,Acid,0,0,0.2913335192140022,0.2033225351948876,0.1473484165354647,False,False
L171615,Cisplatin,0,0,0.0717649606822348,0.0441561937980314,0.0431620502752836,False,False
L171615,CoCl2,0,0,0.0959902001688309,0.0600035562412172,0.0465852563933018,False,False
L171615,Dabrafenib,0,0,0.1058611135447152,0.0665968801743742,0.0557403069136154,False,False
L171615,Doxorubicin,0,0,0.1335194425566999,0.0856062742650381,0.1065415847381555,False,False
L171615,Trametinib,0,0,0.0815100531712696,0.0504611591672368,0.0372622057707486,False,False
L171625,Acid,4,1,0.29897467523817,0.268340834020302,0.2446810739375207,True,True
L171625,Cisplatin,4,0,0.0801690138735493,0.0670993022308737,0.0624952449992615,False,True
L171625,CoCl2,4,0,0.0984110368485007,0.0829791195387637,0.1383365130710133,False,True
L171625,Dabrafenib,4,1,0.0951743785327787,0.0801425037953735,0.0526547964562391,True,True
L171625,Doxorubicin,4,0,0.1376057808821043,0.1180039370944749,0.1660497302688054,False,True
L171625,Trametinib,4,0,0.0762072710844168,0.0636923057740338,0.0431830308254401,False,True
L171792,Acid,2,1,0.3123280499487586,0.3197106360065259,0.3288229856243171,True,True
L171792,Cisplatin,2,0,0.0888965001766363,0.0905155690013787,0.0679427396713543,False,True
L171792,CoCl2,2,0,0.10414634088636,0.1061823032251005,0.0555120963867671,False,True
L171792,Dabrafenib,2,0,0.1041463408863601,0.1061823032251005,0.1109877347957164,False,True
L171792,Doxorubicin,2,0,0.142795584893713,0.1462017750749557,0.1521462248698708,False,True
L171792,Trametinib,2,0,0.0840199282215226,0.0855308141093571,0.073162894075402,False,True
L171852,Acid,4,0,0.2968821351175162,0.3758553826800243,0.3431568903022023,False,False
L171852,Cisplatin,4,0,0.0794343772887644,0.105623501794914,0.1312975612819768,False,False
L171852,CoCl2,4,0,0.0975269614574984,0.129356318629961,0.1656621855910856,False,False
L171852,Dabrafenib,4,0,0.094316337926325,0.1251506791484072,0.1312591828039239,False,False
L171852,Doxorubicin,4,0,0.1364228780661134,0.1801117719619989,0.1790926373082752,False,False
L171852,Trametinib,4,0,0.0755059582532245,0.1004710875243929,0.0708260440180243,False,False
L172050,Acid,2,0,0.2879810790401368,0.2036875630711444,0.1856177805344846,False,False
L172050,Cisplatin,2,0,0.0799419805856406,0.0513849162521864,0.0515880507031712,False,False
L172050,CoCl2,2,0,0.0938138784504659,0.0607310471926783,0.1124615783624701,False,False
L172050,Dabrafenib,2,0,0.0938138784504659,0.0607310471926783,0.033775883163513,False,False
L172050,Doxorubicin,2,0,0.1291816151328634,0.0852541369443266,0.1008108744980771,False,False
L172050,Trametinib,2,0,0.0755159104304394,0.0484403378458952,0.0174032761728666,False,False
L172542,Acid,2,1,0.6993100884677884,0.6938367405506515,0.7198991656767576,True,True
L172542,Cisplatin,2,0,0.3331635779978197,0.324287791714092,0.3814858480217382,False,True
L172542,CoCl2,2,0,0.3731545160253502,0.3642131118896579,0.3946424711878034,False,True
L172542,Dabrafenib,2,0,0.3731545160253503,0.3642131118896579,0.3239613294213367,False,True
L172542,Doxorubicin,2,1,0.4603360831392589,0.4522739713901388,0.4475361595089533,True,True
L172542,Trametinib,2,0,0.3195875183446404,0.3108289061927999,0.2778771064067244,False,True
L172601,Acid,0,0,0.5115146125449378,0.5524763168752719,0.4201642582021269,False,True
L172601,Cisplatin,0,1,0.1645294175338874,0.1826457890267998,0.1951722976861797,True,True
L172601,CoCl2,0,0,0.2128868482927187,0.2359280986735922,0.3948808822177722,False,True
L172601,Dabrafenib,0,0,0.2316976140253872,0.2565759307817328,0.2800806073974665,False,True
L172601,Doxorubicin,0,0,0.2818689779638529,0.3117039446373518,0.2774606125699566,False,True
L172601,Trametinib,0,1,0.1843691722779054,0.204494763002888,0.1682665455982078,True,True
L172795,Acid,0,0,0.283084547091898,0.4956921548107583,0.1075030344696383,False,False
L172795,Cisplatin,0,0,0.0691265369767683,0.1510439238183183,0.0845022976318216,False,False
L172795,CoCl2,0,0,0.0925499417249437,0.1973329298058076,0.170099019219619,False,False
L172795,Dabrafenib,0,0,0.1021070427147207,0.2155559235652608,0.5392590532964474,False,False
L172795,Doxorubicin,0,0,0.1289259711728003,0.2650121818019957,0.1249039152211307,False,False
L172795,Trametinib,0,0,0.078543669144304,0.1698983312059667,0.613558383112478,False,False
L172925,Acid,1,1,0.6242168496587106,0.6071211176283212,0.6551329052903155,True,True
L172925,Cisplatin,1,0,0.2548627849554607,0.2274726716819517,0.2082321695962037,False,True
L172925,CoCl2,1,0,0.3146828351582589,0.2850829281187823,0.2176789729985857,False,True
L172925,Dabrafenib,1,0,0.3094883541381671,0.280020190013492,0.2528884473964434,False,True
L172925,Doxorubicin,1,1,0.4066716467256857,0.376801237161577,0.4040363825895471,True,True
L172925,Trametinib,1,1,0.2587734947376985,0.2311795133921554,0.1716689273746997,True,True
L172946,Acid,1,1,0.4934165770576021,0.5752230643451614,0.4420213088898025,True,True
L172946,Cisplatin,1,0,0.167052306884838,0.2051078548208312,0.1840177059455374,False,True
L172946,CoCl2,1,0,0.2121294205507139,0.2589525845466128,0.2371566602079432,False,True
L172946,Dabrafenib,1,1,0.2081137152984279,0.2541888996539098,0.3714913316852449,True,True
L172946,Doxorubicin,1,0,0.2866801763302718,0.3463367183894306,0.3165740290377172,False,True
L172946,Trametinib,1,1,0.1699228834915934,0.2085486307595606,0.3308557894575673,True,True
L173031,Acid,0,1,0.8607435855734825,0.903026637747542,0.8956353702904701,True,False
L173031,Cisplatin,0,1,0.5375559719961857,0.6276412014248782,0.6493240199770841,True,False
L173031,CoCl2,0,1,0.614863362628867,0.6996222747933972,0.8519029790720972,True,False
L173031,Dabrafenib,0,1,0.6402991693925489,0.7224791773639402,0.7406430681883913,True,False
L173031,Doxorubicin,0,1,0.6985080578478376,0.7735505717709618,0.7586715982979488,True,False
L173031,Trametinib,0,1,0.5716022745499812,0.6597543147614524,0.6231626629352972,True,False
L173168,Acid,1,0,0.4158230698941236,0.3890360086479905,0.2649568008251859,False,False
L173168,Cisplatin,1,0,0.1278311601185779,0.1082029143092808,0.0859772840496533,False,False
L173168,CoCl2,1,0,0.1644139361003428,0.1411247437926313,0.1034227857680224,False,False
L173168,Dabrafenib,1,0,0.1611167897031677,0.1381246033658767,0.1732027093948034,False,False
L173168,Doxorubicin,1,0,0.2270276463322885,0.1994491511789005,0.1966756018404311,False,False
L173168,Trametinib,1,0,0.1301330671248022,0.1102435241702579,0.1227978013513861,False,False
L173296,Acid,1,1,0.9686542817981696,0.9778422695436024,0.9867100155332288,True,False
L173296,Cisplatin,1,1,0.8641859667809774,0.8937183211423501,0.9324097946205392,True,False
L173296,CoCl2,1,1,0.8952032504176608,0.9192758586663132,0.9387451714594064,True,False
L173296,Dabrafenib,1,1,0.8929115255138377,0.9174030041606897,0.9240328456591034,True,False
L173296,Doxorubicin,1,1,0.927277540889221,0.94525596424903,0.9566030450294922,True,False
L173296,Trametinib,1,1,0.8665729497327096,0.895694194063698,0.895246618431954,True,False
L173303,Acid,0,0,0.4328777043248581,0.3358403452414474,0.2817819513198185,False,True
L173303,Cisplatin,0,0,0.125527930426065,0.083854530666308,0.0633900927717014,False,True
L173303,CoCl2,0,1,0.1646818096685305,0.1122758171818537,0.2054189684745071,True,True
L173303,Dabrafenib,0,0,0.1802083459980085,0.1238561177620122,0.0801015177968983,False,True
L173303,Doxorubicin,0,1,0.2224585775702799,0.1564697577572937,0.1920117900632315,True,True
L173303,Trametinib,0,0,0.1414610018446082,0.0952629959851564,0.0330199745868062,False,True
L173547,Acid,0,0,0.2913335192140022,0.2541941143121264,0.2334658679017722,False,False
L173547,Cisplatin,0,0,0.0717649606822348,0.0581088294269334,0.0975239027010919,False,False
L173547,CoCl2,0,0,0.0959902001688309,0.0785521775594045,0.0768652771586939,False,False
L173547,Dabrafenib,0,0,0.1058611135447152,0.0869950366652919,0.059967984198607,False,False
L173547,Doxorubicin,0,0,0.1335194425566999,0.1111336378343278,0.1306877634583156,False,False
L173547,Trametinib,0,0,0.0815100531712696,0.0662679384976478,0.0409578944471701,False,False
L173735,Acid,2,1,0.2879810790401368,0.3474152589570428,0.3377127152129821,True,True
L173735,Cisplatin,2,1,0.0799419805856406,0.1013171661671797,0.1619431304312253,True,True
L173735,CoCl2,2,0,0.0938138784504659,0.1186096573473631,0.1231509065536919,False,True
L173735,Dabrafenib,2,0,0.0938138784504659,0.1186096573473631,0.0883187880766535,False,True
L173735,Doxorubicin,2,0,0.1291816151328634,0.1624615909351938,0.1482659719321766,False,True
L173735,Trametinib,2,0,0.0755159104304394,0.0958002183217644,0.068496214086709,False,True
L173885,Acid,3,1,0.4964669704286963,0.5740973780985746,0.5681990729373295,True,True
L173885,Cisplatin,3,0,0.1693861859591082,0.2059733816315597,0.2507424832969535,False,True
L173885,CoCl2,3,1,0.2010271136525765,0.243572543326464,0.2392181893762379,True,True
L173885,Dabrafenib,3,1,0.201027113652577,0.2435725433264639,0.2663714555340929,True,True
L173885,Doxorubicin,3,1,0.2820690949694706,0.3382565811305309,0.2970610731086215,True,True
L173885,Trametinib,3,1,0.1713339137606074,0.2082912883818216,0.224751881239034,True,True
L173896,Acid,0,0,0.4328777043248581,0.3364783239580213,0.2987623999528156,False,False
L173896,Cisplatin,0,0,0.125527930426065,0.0840744203873864,0.0707743219180443,False,False
L173896,CoCl2,0,0,0.1646818096685305,0.1125610785131678,0.0867091623447467,False,False
L173896,Dabrafenib,0,0,0.1802083459980085,0.1241666860666256,0.0930113204926228,False,False
L173896,Doxorubicin,0,0,0.2224585775702799,0.1568474645266133,0.1541380792496136,False,False
L173896,Trametinib,0,0,0.1414610018446082,0.0955096830431111,0.0869500495400495,False,False
L174071,Acid,3,0,0.2800284500633928,0.1995890801207531,0.107932020478655,False,False
L174071,Cisplatin,3,0,0.0744561004084269,0.0457897866511211,0.0298127747969008,False,False
L174071,CoCl2,3,0,0.090291954794067,0.0562187168028163,0.0696715331437727,False,False
L174071,Dabrafenib,3,0,0.0902919547940672,0.0562187168028163,0.0299976340400744,False,False
L174071,Doxorubicin,3,0,0.1341899264720791,0.0863904573204925,0.1103984682187298,False,False
L174071,Trametinib,3,0,0.0754113559162071,0.046410440631179,0.0292531118583678,False,False
L17420,Acid,0,1,0.7974314064872267,0.7857591120239368,0.75901667350153,True,True
L17420,Cisplatin,0,1,0.4253973485453832,0.3989946769500532,0.3751940688135226,True,True
L17420,CoCl2,0,0,0.5041597651347423,0.4784466982331935,0.5992869050062783,False,True
L17420,Dabrafenib,0,1,0.5313339862486727,0.5062562111272398,0.4754766647942943,True,True
L17420,Doxorubicin,0,0,0.596051812036167,0.5736363214075826,0.605172519873343,False,True
L17420,Trametinib,0,0,0.459396843265406,0.4330134169714204,0.3788513886468591,False,True
L174555,Acid,0,1,0.283084547091898,0.3474876989308685,0.2536704070867775,True,True
L174555,Cisplatin,0,0,0.0691265369767683,0.0879195756877672,0.0954115590854791,False,True
L174555,CoCl2,0,0,0.0925499417249437,0.1175418798257471,0.0712719466952152,False,True
L174555,Dabrafenib,0,1,0.1021070427147207,0.1295860436091349,0.1905252861424884,True,True
L174555,Doxorubicin,0,1,0.1289259711728003,0.163427044825753,0.1578956319126231,True,True
L174555,Trametinib,0,0,0.078543669144304,0.0998208339935511,0.150563303816831,False,True
L174623,Acid,0,0,0.4168744560268722,0.406829173466174,0.2293203072311395,False,False
L174623,Cisplatin,0,0,0.1185127757596139,0.11043612507225,0.0694928772084517,False,False
L174623,CoCl2,0,0,0.1558685498882306,0.1464268866165967,0.0613951578829754,False,False
L174623,Dabrafenib,0,0,0.1707339916372407,0.1608911821909057,0.2168053421931833,False,False
L174623,Doxorubicin,0,0,0.2113355690473484,0.2010193786589804,0.2269926696197782,False,False
L174623,Trametinib,0,0,0.1336915543255824,0.1249677295986011,0.3090835827076442,False,False
L174664,Acid,0,0,0.5103750822231757,0.451939383257363,0.5198547803682224,False,False
L174664,Cisplatin,0,0,0.1639035184939039,0.1298774451159134,0.2161396300142279,False,False
L174664,CoCl2,0,0,0.2121236960220479,0.1709862291578232,0.1973396965420461,False,False
L174664,Dabrafenib,0,0,0.2308868095249945,0.1873440714716213,0.1060808892814198,False,False
L174664,Doxorubicin,0,0,0.2809468044790885,0.2322438706952409,0.2596933826570662,False,False
L174664,Trametinib,0,0,0.1836843928021004,0.1465457833949996,0.0717598169641074,False,False
L175009,Acid,0,0,0.2846693786920213,0.2508625585227357,0.2518604117102326,False,False
L175009,Cisplatin,0,0,0.06962987611271,0.0571503016788822,0.0739577551704038,False,False
L175009,CoCl2,0,0,0.0932067590000554,0.0772840985023558,0.0804765784982948,False,False
L175009,Dabrafenib,0,0,0.102824000340023,0.0856033251846897,0.0671977065564852,False,False
L175009,Doxorubicin,0,0,0.1298040178991264,0.1094020388453277,0.1219356734698059,False,False
L175009,Trametinib,0,0,0.0791097509577917,0.0651841372913876,0.0358905030061303,False,False
L175598,Acid,3,0,0.4146843208666432,0.3947285427772979,0.3058652578428196,False,True
L175598,Cisplatin,3,0,0.1278074763493444,0.1115072289499445,0.0962977306649586,False,True
L175598,CoCl2,3,1,0.153113315407486,0.1347894604376419,0.1628179032129078,True,True
L175598,Dabrafenib,3,0,0.1531133154074864,0.1347894604376419,0.129678454839525,False,True
L175598,Doxorubicin,3,1,0.2201619795680417,0.1982703072599269,0.2266968274168785,True,True
L175598,Trametinib,3,1,0.129351556344138,0.1129132394313968,0.1162474248213865,True,True
L176569,Acid,4,1,0.29897467523817,0.2071790450857069,0.1379898253861191,True,True
L176569,Cisplatin,4,0,0.0801690138735493,0.0487495082658216,0.0689996462569857,False,True
L176569,CoCl2,4,0,0.0984110368485007,0.0605685860564378,0.0606806463938732,False,True
L176569,Dabrafenib,4,0,0.0951743785327787,0.0584492378859991,0.0367663296166075,False,True
L176569,Doxorubicin,4,0,0.1376057808821043,0.0870318539486816,0.1061034933407896,False,True
L176569,Trametinib,4,0,0.0762072710844168,0.0462280611380822,0.0425026445875528,False,True
L176645,Acid,0,0,0.5215772459934784,0.492156880984789,0.5401415390801665,False,True
L176645,Cisplatin,0,0,0.1701436226738069,0.149239277371914,0.2026971740034655,False,True
L176645,CoCl2,0,0,0.2197171934632886,0.1951023299275712,0.073014771791186,False,True
L176645,Dabrafenib,0,0,0.2389482736553993,0.213174042451309,0.2388537931367836,False,True
L176645,Doxorubicin,0,1,0.2900968619243606,0.2622665217199843,0.272401597603299,True,True
L176645,Trametinib,0,0,0.1905059970527224,0.1679129710347181,0.2124196023617932,False,True
L177039,Acid,3,0,0.2800284500633928,0.3482636254104644,0.1877229909643583,False,False
L177039,Cisplatin,3,0,0.0744561004084269,0.0932452627801018,0.0475763900493759,False,False
L177039,CoCl2,3,0,0.090291954794067,0.113200279823955,0.1558927089767649,False,False
L177039,Dabrafenib,3,0,0.0902919547940672,0.1132002798239549,0.1139765555435471,False,False
L177039,Doxorubicin,3,0,0.1341899264720791,0.1684935088399721,0.1870692365439409,False,False
L177039,Trametinib,3,0,0.0754113559162071,0.0944454826597676,0.10985555063271,False,False
L177128,Acid,3,1,0.8782058140102986,0.8511256671304993,0.8568276590331054,True,True
L177128,Cisplatin,3,0,0.5986148544771787,0.5238565976485359,0.5502841540330181,False,True
L177128,CoCl2,3,0,0.6478936938217806,0.5772945757034222,0.429516384260976,False,True
L177128,Dabrafenib,3,1,0.6478936938217813,0.5772945757034222,0.5525283402701175,True,True
L177128,Doxorubicin,3,1,0.741821882385888,0.6843414227090768,0.7637020930722975,True,True
L177128,Trametinib,3,1,0.6019214945639818,0.527375828725585,0.5508160434539573,True,True
L177238,Acid,4,0,0.29897467523817,0.162822704455777,0.0770992367558267,False,False
L177238,Cisplatin,4,0,0.0801690138735493,0.036740532544552,0.023044413942863,False,False
L177238,CoCl2,4,0,0.0984110368485007,0.0457882386569338,0.0221958968677267,False,False
L177238,Dabrafenib,4,0,0.0951743785327787,0.0441617558548172,0.0488624440854758,False,False
L177238,Doxorubicin,4,0,0.1376057808821043,0.0662491678507745,0.0719531117430395,False,False
L177238,Trametinib,4,0,0.0762072710844168,0.0348174851917692,0.0634929421507702,False,False
L177252,Acid,2,0,0.2879810790401368,0.1875802897571711,0.1104602259730214,False,True
L177252,Cisplatin,2,0,0.0799419805856406,0.0466164317010853,0.0471466268510657,False,True
L177252,CoCl2,2,0,0.0938138784504659,0.0551456676128283,0.0172091237334162,False,True
L177252,Dabrafenib,2,0,0.0938138784504659,0.0551456676128283,0.0413385691909624,False,True
L177252,Doxorubicin,2,1,0.1291816151328634,0.0775997228840245,0.089391075963042,True,True
L177252,Trametinib,2,0,0.0755159104304394,0.0439324530935667,0.0538677670518535,False,True
L177271,Acid,0,0,0.2913335192140022,0.2826499148777318,0.2840734857360153,False,False
L177271,Cisplatin,0,0,0.0717649606822348,0.066573236463122,0.0894751343363558,False,False
L177271,CoCl2,0,0,0.0959902001688309,0.089710830442043,0.0434972548711663,False,False
L177271,Dabrafenib,0,0,0.1058611135447152,0.0992238833961375,0.1297506083189976,False,False
L177271,Doxorubicin,0,0,0.1335194425566999,0.1262862965501618,0.1425219876648782,False,False
L177271,Trametinib,0,0,0.0815100531712696,0.0758251624755117,0.0962152409020137,False,False
L177312,Acid,1,0,0.2952569053890467,0.3447003041492864,0.3033168801888127,False,False
L177312,Cisplatin,1,0,0.0794154333052323,0.0910996472676898,0.0863652445406974,False,False
L177312,CoCl2,1,0,0.1037914496285774,0.1195150328063448,0.0721535533277322,False,False
L177312,Dabrafenib,1,0,0.1015622566428531,0.1169117546624055,0.1390842267952942,False,False
L177312,Doxorubicin,1,0,0.1473906496025865,0.1706833534844306,0.1589707437108881,False,False
L177312,Trametinib,1,0,0.0809263949015811,0.092851288053845,0.1036776158740859,False,False
L177336,Acid,4,0,0.29897467523817,0.2066991232075384,0.2296818879591631,False,False
L177336,Cisplatin,4,0,0.0801690138735493,0.0486140786186515,0.0987454882484839,False,False
L177336,CoCl2,4,0,0.0984110368485007,0.060402407065267,0.0576402919595538,False,False
L177336,Dabrafenib,4,0,0.0951743785327787,0.0582885128587423,0.0364837671117393,False,False
L177336,Doxorubicin,4,0,0.1376057808821043,0.0867997775210097,0.1097244089167151,False,False
L177336,Trametinib,4,0,0.0762072710844168,0.0460992967894832,0.0354010576223386,False,False
L177375,Acid,3,1,0.6657588532631791,0.7234979793394789,0.6895829467869483,True,True
L177375,Cisplatin,3,0,0.2917734087893467,0.3349059500393431,0.3086985109431063,False,True
L177375,CoCl2,3,0,0.3370004445118804,0.3846397963713838,0.3669757627963695,False,True
L177375,Dabrafenib,3,1,0.3370004445118811,0.3846397963713837,0.4134383673484375,True,True
L177375,Doxorubicin,3,0,0.4424994851905918,0.4980545484080793,0.5051642165440003,False,True
L177375,Trametinib,3,1,0.2946292487445139,0.3380570549212936,0.4129181174708505,True,True
L177976,Acid,2,0,0.2807695161874157,0.28350929947026,0.2398415292864381,False,True
L177976,Cisplatin,2,0,0.0773739631839097,0.0773168174750885,0.0926949725238609,False,True
L177976,CoCl2,2,0,0.0908442457636326,0.090927463768761,0.0448022345211645,False,True
L177976,Dabrafenib,2,1,0.0908442457636327,0.090927463768761,0.1036894635817119,True,True
L177976,Doxorubicin,2,0,0.1252471706812583,0.1260080213886108,0.1493197146242676,False,True
L177976,Trametinib,2,1,0.0730787807484661,0.0730005845236128,0.0796852954012627,True,True
L178651,Acid,1,1,0.7876506746309532,0.8381409992295068,0.8599096100216084,True,True
L178651,Cisplatin,1,1,0.4330282159037684,0.4966491865860239,0.549268809124422,True,True
L178651,CoCl2,1,0,0.5062546599231028,0.5719587697950589,0.4391909870021608,False,True
L178651,Dabrafenib,1,1,0.5002060140116099,0.5658336467089705,0.5893562240221771,True,True
L178651,Doxorubicin,1,1,0.6048212020469546,0.6695357638254051,0.6346374956052236,True,True
L178651,Trametinib,1,1,0.4380655421836948,0.5018927013985286,0.5517322113849688,True,True
L17873,Acid,0,1,0.8578381904451754,0.8029521274253064,0.7876015847441956,True,True
L17873,Cisplatin,0,1,0.5315772252222255,0.4244928295880466,0.5166465495523729,True,True
L17873,CoCl2,0,1,0.6091573992966576,0.5047579753156315,0.592243521115071,True,True
L17873,Dabrafenib,0,0,0.6347461887326796,0.5325352861337082,0.4375516080609229,False,True
L17873,Doxorubicin,0,0,0.6934234338591775,0.599168582259592,0.6301280798503321,False,True
L17873,Trametinib,0,0,0.5657080841648724,0.459025150929116,0.3409086852010895,False,True
L17895,Acid,4,0,0.4037920086133574,0.3627228842743455,0.3922091148566796,False,False
L17895,Cisplatin,4,0,0.1215794623304753,0.1004139358506685,0.0937059615856979,False,False
L17895,CoCl2,4,0,0.147730856907084,0.1231373628063637,0.0551766066664636,False,False
L17895,Dabrafenib,4,0,0.1431296209565603,0.1191062541036388,0.1392485524396593,False,False
L17895,Doxorubicin,4,0,0.2021639556302915,0.1719345645250911,0.1583265055199836,False,False
L17895,Trametinib,4,0,0.1158290144356116,0.0954885170872306,0.1137711227765888,False,False
L17906,Acid,1,1,0.5980887495647769,0.5648572916790655,0.5627592410939501,True,True
L17906,Cisplatin,1,0,0.2345453888131979,0.1982981409953736,0.2084732244060947,False,True
L17906,CoCl2,1,0,0.2914619698018734,0.2509194984663501,0.3385907069616457,False,True
L17906,Dabrafenib,1,0,0.286490558194324,0.246254483019151,0.1262270138111333,False,True
L17906,Doxorubicin,1,0,0.3804309230251247,0.3368249693783939,0.3637275955808979,False,True
L17906,Trametinib,1,0,0.2382440197167224,0.20165366110693,0.1003801839216641,False,True
L179110,Acid,2,0,0.3123280499487586,0.320310400976737,0.0451256517383035,False,False
L179110,Cisplatin,2,0,0.0888965001766363,0.0907427246071109,0.0294543308009741,False,False
L179110,CoCl2,2,0,0.10414634088636,0.1064441741128078,0.0453080593443993,False,False
L179110,Dabrafenib,2,0,0.1041463408863601,0.1064441741128078,0.246889528012722,False,False
L179110,Doxorubicin,2,0,0.142795584893713,0.1465461615361334,0.164008073668374,False,False
L179110,Trametinib,2,0,0.0840199282215226,0.085746639511772,0.3454525966827092,False,False
L179168,Acid,2,0,0.4182482055123107,0.5386268812404365,0.3569498863146835,False,True
L179168,Cisplatin,2,0,0.1337855071112935,0.1982229630773005,0.1343681626956692,False,True
L179168,CoCl2,2,0,0.1554222690865395,0.227861411347934,0.2523154904834508,False,True
L179168,Dabrafenib,2,1,0.1554222690865395,0.227861411347934,0.3467103978770725,True,True
L179168,Doxorubicin,2,0,0.20866797340549,0.2984291621195781,0.1961771088856838,False,True
L179168,Trametinib,2,0,0.1267891472075863,0.1885362929399358,0.2624164403168771,False,True
L17919,Acid,0,0,0.4328777043248581,0.3636174325682937,0.3815461506625828,False,False
L17919,Cisplatin,0,0,0.125527930426065,0.0937313936855009,0.1066354058142308,False,False
L17919,CoCl2,0,0,0.1646818096685305,0.1250433888331811,0.1016894086048939,False,False
L17919,Dabrafenib,0,0,0.1802083459980085,0.1377362358430134,0.1204371133463157,False,False
L17919,Doxorubicin,0,0,0.2224585775702799,0.1732819137558066,0.1842295120573951,False,False
L17919,Trametinib,0,0,0.1414610018446082,0.1063276570638251,0.0911313352316878,False,False
L179303,Acid,3,0,0.6261552687480805,0.5854080724139864,0.4942391352868234,False,False
L179303,Cisplatin,3,0,0.2572915761259182,0.2136699798426007,0.1877324025224576,False,False
L179303,CoCl2,3,0,0.2994334773839586,0.2522278109291637,0.1535253317595775,False,False
L179303,Dabrafenib,3,0,0.2994334773839592,0.2522278109291636,0.2367845095130062,False,False
L179303,Doxorubicin,3,0,0.4002721926706538,0.348725294904614,0.4144174319817982,False,False
L179303,Trametinib,3,0,0.2599337832289232,0.2160509326866558,0.2665721445065964,False,False
L179382,Acid,0,0,0.2846693786920213,0.4315220922159272,0.1189987835070208,False,True
L179382,Cisplatin,0,0,0.06962987611271,0.1208029114280513,0.0652807417623599,False,True
L179382,CoCl2,0,0,0.0932067590000554,0.1595661527795312,0.1015759078473018,False,True
L179382,Dabrafenib,0,1,0.102824000340023,0.1750621727448625,0.2938163083764974,True,True
L179382,Doxorubicin,0,0,0.1298040178991264,0.2178073570049117,0.1858372362078069,False,True
L179382,Trametinib,0,1,0.0791097509577917,0.1364893176048457,0.5379498894571145,True,True
L179445,Acid,0,0,0.7827890064476022,0.7892021174104156,0.6186130915296304,False,False
L179445,Cisplatin,0,0,0.4039632641735531,0.4039382435788459,0.4160799853541246,False,False
L179445,CoCl2,0,0,0.4820867142221774,0.4835825970977783,0.4567600541792719,False,False
L179445,Dabrafenib,0,0,0.5092932149268836,0.5113979226358318,0.3631982984792556,False,False
L179445,Doxorubicin,0,0,0.5746179566985913,0.5786603374462878,0.5042589403387633,False,False
L179445,Trametinib,0,0,0.4375541674853188,0.4380712517263481,0.3392738419967467,False,False
L179636,Acid,1,1,0.6147136512156031,0.679710833133892,0.7186062636834432,True,True
L179636,Cisplatin,1,0,0.2472824366172708,0.287937759780488,0.3373197222592399,False,True
L179636,CoCl2,1,0,0.3060540553743361,0.3538473571183183,0.2935272996530847,False,True
L179636,Dabrafenib,1,0,0.3009394630022026,0.3481581449175939,0.3022038750877281,False,True
L179636,Doxorubicin,1,0,0.3969816164149135,0.4536506038269523,0.4608234027056248,False,True
L179636,Trametinib,1,0,0.2511160298400494,0.2922571651915143,0.2882211516156208,False,True
L179761,Acid,2,0,0.2879810790401368,0.2234192492947795,0.2242629150825581,False,False
L179761,Cisplatin,2,0,0.0799419805856406,0.0574266817100465,0.0600269008918137,False,False
L179761,CoCl2,2,0,0.0938138784504659,0.0677931837471172,0.0998360723842774,False,False
L179761,Dabrafenib,2,0,0.0938138784504659,0.0677931837471172,0.0459297486421651,False,False
L179761,Doxorubicin,2,0,0.1291816151328634,0.0948798906037386,0.1245497274384063,False,False
L179761,Trametinib,2,0,0.0755159104304394,0.0541556493333498,0.0315425492196706,False,False
L179846,Acid,1,0,0.4130500535635625,0.3968250403981722,0.240595958917438,False,False
L179846,Cisplatin,1,0,0.1265625992972331,0.111394440066923,0.1252829466593385,False,False
L179846,CoCl2,1,0,0.1628501238050005,0.1451292960943354,0.1840893668569325,False,False
L179846,Dabrafenib,1,0,0.159578348822991,0.1420581045875335,0.1048070010247493,False,False
L179846,Doxorubicin,1,0,0.2250286722603371,0.2047142407951395,0.2529865625034411,False,False
L179846,Trametinib,1,0,0.1288450374752859,0.1134875797176694,0.0904094742066446,False,False
L180119,Acid,1,1,0.7673986649812435,0.8312351908731426,0.8351775763929269,True,True
L180119,Cisplatin,1,0,0.4045244389282229,0.4841409429324022,0.4860378779290714,False,True
L180119,CoCl2,1,1,0.4769858727339985,0.5596627168096256,0.6456442512162981,True,True
L180119,Dabrafenib,1,1,0.470953369394148,0.5534989990138051,0.5896892900103059,True,True
L180119,Doxorubicin,1,1,0.5765076155468725,0.6583684878899847,0.6467715597071243,True,True
L180119,Trametinib,1,0,0.4094696542537372,0.4893807925642773,0.4981406933545952,False,True
L180143,Acid,0,0,0.2846693786920213,0.1841907534423279,0.172931011750387,False,False
L180143,Cisplatin,0,0,0.06962987611271,0.0392631697636542,0.0371053504392423,False,False
L180143,CoCl2,0,0,0.0932067590000554,0.053452661708266,0.0187342724487258,False,False
L180143,Dabrafenib,0,0,0.102824000340023,0.0593716241829924,0.0375472752796557,False,False
L180143,Doxorubicin,0,0,0.1298040178991264,0.0764876444594727,0.1123324186324349,False,False
L180143,Trametinib,0,0,0.0791097509577917,0.0449022919033735,0.052892185968545,False,False
L181437,Acid,0,1,0.7724183756473947,0.8041680202499001,0.7798241695174173,True,True
L181437,Cisplatin,0,1,0.3896092598669072,0.4263756978245794,0.465805689304639,True,True
L181437,CoCl2,0,1,0.4671323561219623,0.5066834194846097,0.625406904653018,True,True
L181437,Dabrafenib,0,0,0.4943003792514635,0.5344523410979103,0.4193009844551916,False,True
L181437,Doxorubicin,0,0,0.5598962722921503,0.6010171072898246,0.5885647484596972,False,True
L181437,Trametinib,0,0,0.422853357610605,0.4609385114832428,0.3910878234391559,False,True
L181765,Acid,4,1,0.2968821351175162,0.3517158706578066,0.1143658178041362,True,True
L181765,Cisplatin,4,0,0.0794343772887644,0.0961656671067028,0.0208378240228603,False,True
L181765,CoCl2,4,0,0.0975269614574984,0.1180538835208091,0.0737884744814318,False,True
L181765,Dabrafenib,4,0,0.094316337926325,0.1141675236667672,0.4127993135150255,False,True
L181765,Doxorubicin,4,1,0.1364228780661134,0.1652161563469428,0.0805568661316078,True,True
L181765,Trametinib,4,0,0.0755059582532245,0.0914274523065112,0.2833058906728563,False,True
L182194,Acid,2,0,0.5715424076713342,0.5466287505522898,0.5916307035424706,False,False
L182194,Cisplatin,2,0,0.2227384009117829,0.2033971874047309,0.2983599320769068,False,False
L182194,CoCl2,2,0,0.2545339647335742,0.2335838989084429,0.1900013332603589,False,False
L182194,Dabrafenib,2,0,0.2545339647335743,0.2335838989084429,0.1862474155073218,False,False
L182194,Doxorubicin,2,0,0.3285263925936223,0.3052233248380713,0.3252219486314011,False,False
L182194,Trametinib,2,0,0.2122299546271515,0.1935186944519334,0.1514932834613928,False,False
L183297,Acid,4,0,0.29897467523817,0.3743128972778853,0.2656022695856009,False,False
L183297,Cisplatin,4,0,0.0801690138735493,0.1050034542297884,0.0847235725796671,False,False
L183297,CoCl2,4,0,0.0984110368485007,0.1286169860871426,0.0512870619081473,False,False
L183297,Dabrafenib,4,0,0.0951743785327787,0.124431948437392,0.1032006736740041,False,False
L183297,Doxorubicin,4,0,0.1376057808821043,0.1791420366729222,0.1263191719520314,False,False
L183297,Trametinib,4,0,0.0762072710844168,0.0998779087407243,0.1563259482912194,False,False
L183358,Acid,0,1,0.8581649277656445,0.8584300763991969,0.8628838446783181,True,True
L183358,Cisplatin,0,1,0.5322449455332761,0.5232598276183222,0.5739177676318187,True,True
L183358,CoCl2,0,1,0.6097957087804877,0.6026443651839748,0.7627584024501832,True,True
L183358,Dabrafenib,0,0,0.6353677228080359,0.6289671388870968,0.52225967921507,False,True
L183358,Doxorubicin,0,1,0.6939932559007732,0.6898600598247225,0.7319223991512891,True,True
L183358,Trametinib,0,0,0.5663668401928272,0.5580360630902028,0.3778235656512628,False,True
L183531,Acid,2,1,0.5292323397866742,0.5841803234002632,0.402687680560084,True,True
L183531,Cisplatin,2,1,0.1945263219053228,0.2292950381639783,0.2885516819569333,True,True
L183531,CoCl2,2,0,0.2234524304898659,0.2620608873275027,0.2462196858699832,False,True
L183531,Dabrafenib,2,1,0.223452430489866,0.2620608873275028,0.3138366917123325,True,True
L183531,Doxorubicin,2,0,0.2919480494610228,0.3385758260156273,0.3652178247986478,False,True
L183531,Trametinib,2,0,0.1850320237237592,0.2185037572588683,0.2419274369204324,False,True
L183654,Acid,3,1,0.9327050337815708,0.9357803194926227,0.9551847333903776,True,True
L183654,Cisplatin,3,1,0.7413797462535976,0.737131558424233,0.8286347568417081,True,True
L183654,CoCl2,3,1,0.7795848465185019,0.7768305539829241,0.7519112977275946,True,True
L183654,Dabrafenib,3,0,0.7795848465185025,0.776830553982924,0.7708974198817179,False,True
L183654,Doxorubicin,3,1,0.8466954557334324,0.8467596862876304,0.8750036532146898,True,True
L183654,Trametinib,3,0,0.7440132198227521,0.7398572466279983,0.7546235126668362,False,True
L18366,Acid,1,0,0.5172358209359385,0.5058421512941654,0.3808484850189351,False,True
L18366,Cisplatin,1,1,0.1807376184052569,0.1632155844787538,0.127206236358941,True,True
L18366,CoCl2,1,0,0.2284945372986944,0.2089537172266578,0.0812385634445214,False,True
L18366,Dabrafenib,1,1,0.2242572133319551,0.2048555462930006,0.2395973666518052,True,True
L18366,Doxorubicin,1,1,0.3065588084052791,0.2859767637734193,0.2730310612257378,True,True
L18366,Trametinib,1,1,0.1837914698511143,0.1661004477238508,0.3011471659934109,True,True
L183665,Acid,2,1,0.5152190142896127,0.5035053943950324,0.4589319125984605,True,True
L183665,Cisplatin,2,0,0.1858762834259343,0.176792395543479,0.1472187325070909,False,True
L183665,CoCl2,2,1,0.2138576390467288,0.2040419861137881,0.226661821807709,True,True
L183665,Dabrafenib,2,1,0.2138576390467289,0.2040419861137881,0.1932379709761428,True,True
L183665,Doxorubicin,2,1,0.2804744131920041,0.2698106473967729,0.2538573257893133,True,True
L183665,Trametinib,2,0,0.1767115475674063,0.1679336343607444,0.1588657772677169,False,True
L183696,Acid,3,0,0.2839379758377813,0.342304846724498,0.3354125410251087,False,False
L183696,Cisplatin,3,0,0.0757977484189873,0.0910403272774503,0.1188258272754399,False,False
L183696,CoCl2,3,0,0.0918906235877918,0.1105810211528779,0.1450901538639557,False,False
L183696,Dabrafenib,3,0,0.0918906235877921,0.1105810211528779,0.1354172190356769,False,False
L183696,Doxorubicin,3,0,0.136449253309681,0.1648326652688548,0.1354188912651122,False,False
L183696,Trametinib,3,0,0.0767687892495874,0.0922150523139889,0.0865946962158268,False,False
L18385,Acid,4,0,0.2811303118206386,0.1983857941543806,0.2826446514865831,False,False
L18385,Cisplatin,4,0,0.0740054563390073,0.0462878612139185,0.1102534384230254,False,False
L18385,CoCl2,4,0,0.0909837199544665,0.0575462293020766,0.0156923874025201,False,False
L18385,Dabrafenib,4,0,0.0879675059053129,0.0555263852661229,0.0329984292195046,False,False
L18385,Doxorubicin,4,0,0.1276391277841468,0.082805382230145,0.1015379168639719,False,False
L18385,Trametinib,4,0,0.0703250134578361,0.0438878623764058,0.0449379264721716,False,False
L183961,Acid,0,0,0.2846693786920213,0.1743751606688567,0.1878338303617552,False,False
L183961,Cisplatin,0,0,0.06962987611271,0.0368222260358963,0.0443367252641439,False,False
L183961,CoCl2,0,0,0.0932067590000554,0.0501756454610645,0.03148826512804,False,False
L183961,Dabrafenib,0,0,0.102824000340023,0.055753108569795,0.0506271073977462,False,False
L183961,Doxorubicin,0,0,0.1298040178991264,0.0719057049972501,0.0779746084140287,False,False
L183961,Trametinib,0,0,0.0791097509577917,0.042126142807547,0.0211186834284158,False,False
L184246,Acid,4,1,0.424821092297298,0.4593857391812332,0.2841068531794701,True,True
L184246,Cisplatin,4,0,0.1311440810112391,0.1428418901557283,0.193744853639172,False,True
L184246,CoCl2,4,0,0.1589804544029891,0.173316836810576,0.1132423180828295,False,True
L184246,Dabrafenib,4,0,0.1540921873118699,0.1679576695638237,0.2345062766621823,False,True
L184246,Doxorubicin,4,1,0.2165056114191431,0.2366329944680112,0.2136042658205222,True,True
L184246,Trametinib,4,1,0.1250056249684408,0.1361503073409962,0.2182849027674869,True,True
L184957,Acid,1,1,0.2838807297763159,0.2123358753969662,0.2597414711403411,True,True
L184957,Cisplatin,1,0,0.0754650511914505,0.0488570058595034,0.0737676208634397,False,True
L184957,CoCl2,1,0,0.0987586044275129,0.0650391177984422,0.0677350074646811,False,True
L184957,Dabrafenib,1,0,0.0966258507238606,0.0635368087375173,0.0479771833998408,False,True
L184957,Doxorubicin,1,0,0.1405752922599338,0.0954118446555191,0.1009628821995458,False,True
L184957,Trametinib,1,0,0.0769071316414241,0.0498409558370482,0.0288131858699696,False,True
L185195,Acid,1,1,0.737351166246792,0.7486092049834068,0.7729662270098644,True,True
L185195,Cisplatin,1,1,0.3663094437932935,0.3620088400563782,0.3801905687533239,True,True
L185195,CoCl2,1,1,0.4369485124574851,0.4345268794106414,0.5694112452206367,True,True
L185195,Dabrafenib,1,1,0.4310050879605097,0.4284005209517212,0.3080737215883415,True,True
L185195,Doxorubicin,1,0,0.5366886676296012,0.5381342497181043,0.6070687139901771,False,True
L185195,Trametinib,1,0,0.3710786126755658,0.3668669132194653,0.2274176058338523,False,True
L185210,Acid,2,0,0.2807695161874157,0.2428415146387555,0.2664121114415738,False,True
L185210,Cisplatin,2,0,0.0773739631839097,0.0636006914116387,0.0759720144241573,False,True
L185210,CoCl2,2,1,0.0908442457636326,0.0749930351617254,0.0508289501882797,True,True
L185210,Dabrafenib,2,0,0.0908442457636327,0.0749930351617254,0.0514910923731113,False,True
L185210,Doxorubicin,2,0,0.1252471706812583,0.1046335479497201,0.1190609216465829,False,True
L185210,Trametinib,2,1,0.0730787807484661,0.0600003725570277,0.0444693723769552,True,True
L185259,Acid,1,1,0.7592721680673027,0.7815925835087912,0.7909524778730863,True,True
L185259,Cisplatin,1,0,0.3937358996360587,0.4054293795989452,0.4009909470644663,False,True
L185259,CoCl2,1,0,0.4657764149736916,0.4801000280462777,0.5780335298325288,False,True
L185259,Dabrafenib,1,0,0.4597610569244552,0.4738695829273837,0.3912779946263903,False,True
L185259,Doxorubicin,1,1,0.5654880934237051,0.5833636083424089,0.6627184152983888,True,True
L185259,Trametinib,1,0,0.3986375188069194,0.4104952305220273,0.2693547008460197,False,True
L185317,Acid,4,0,0.29897467523817,0.3498472619709631,0.1531283610854859,False,True
L185317,Cisplatin,4,0,0.0801690138735493,0.0954548443834134,0.0758182817095291,False,True
L185317,CoCl2,4,0,0.0984110368485007,0.1172022504894537,0.101044780279431,False,True
L185317,Dabrafenib,4,0,0.0951743785327787,0.113340323637476,0.2139511653908575,False,True
L185317,Doxorubicin,4,0,0.1376057808821043,0.1640875973031784,0.1404304226652886,False,True
L185317,Trametinib,4,1,0.0762072710844168,0.0907481363438129,0.1444934327774318,True,True
L185721,Acid,2,0,0.2879810790401368,0.2405003835742873,0.0953977191015111,False,False
L185721,Cisplatin,2,0,0.0799419805856406,0.0628441217774771,0.0299596034516568,False,False
L185721,CoCl2,2,0,0.0938138784504659,0.0741116722402703,0.0360180043651894,False,False
L185721,Dabrafenib,2,0,0.0938138784504659,0.0741116722402703,0.1261056324120102,False,False
L185721,Doxorubicin,2,0,0.1291816151328634,0.1034427880632952,0.1330375212627268,False,False
L185721,Trametinib,2,0,0.0755159104304394,0.0592839194824599,0.1415144911889317,False,False
L185762,Acid,1,1,0.5725496822399037,0.5576030796093555,0.607735412107034,True,True
L185762,Cisplatin,1,0,0.2161801356129022,0.1936564290718525,0.2004833538121159,False,True
L185762,CoCl2,1,1,0.2702133076693188,0.2454231112177875,0.1985585355429115,True,True
L185762,Dabrafenib,1,0,0.2654685368647937,0.240827429972055,0.218578691071189,False,True
L185762,Doxorubicin,1,1,0.3559546074335131,0.3302765086907682,0.3612828238816027,True,True
L185762,Trametinib,1,0,0.219672270798143,0.1969527000818419,0.1709161219247727,False,True
L18598,Acid,0,0,0.2846693786920213,0.225140320591723,0.0973288333848977,False,False
L18598,Cisplatin,0,0,0.06962987611271,0.0499656173460782,0.0614610794995773,False,False
L18598,CoCl2,0,0,0.0932067590000554,0.0677501609325696,0.0419574669997218,False,False
L18598,Dabrafenib,0,0,0.102824000340023,0.075126668001088,0.1325750834009366,False,False
L18598,Doxorubicin,0,0,0.1298040178991264,0.0963195570036169,0.1012420220180123,False,False
L18598,Trametinib,0,0,0.0791097509577917,0.0570505869715413,0.0547675637099619,False,False
L186030,Acid,0,1,0.2846693786920213,0.2353966721290012,0.2314139067929037,True,True
L186030,Cisplatin,0,1,0.06962987611271,0.0527854481656437,0.0760775911569068,True,True
L186030,CoCl2,0,0,0.0932067590000554,0.0714981347256693,0.0617423216619406,False,True
L186030,Dabrafenib,0,0,0.102824000340023,0.079248024858038,0.0639968089872714,False,True
L186030,Doxorubicin,0,0,0.1298040178991264,0.1014759689644625,0.1246356822373676,False,True
L186030,Trametinib,0,0,0.0791097509577917,0.0602449056395788,0.0383242164470035,False,True
L186064,Acid,3,1,0.2800284500633928,0.3750825927140756,0.3245826906420582,True,True
L186064,Cisplatin,3,0,0.0744561004084269,0.1035459481861204,0.0999757816204163,False,True
L186064,CoCl2,3,0,0.090291954794067,0.1254005102116074,0.0777618652637894,False,True
L186064,Dabrafenib,3,1,0.0902919547940672,0.1254005102116073,0.1718809538432312,True,True
L186064,Doxorubicin,3,0,0.1341899264720791,0.1854070724644525,0.270191804268148,False,True
L186064,Trametinib,3,0,0.0754113559162071,0.1048634215722652,0.1397113807022472,False,True
L186861,Acid,1,1,0.5091537836307407,0.5459036032301597,0.6120321089430958,True,True
L186861,Cisplatin,1,0,0.1759966798595818,0.1863761370042357,0.2931008499028725,False,True
L186861,CoCl2,1,0,0.2228416261213359,0.2367681495569817,0.1561064557377812,False,True
L186861,Dabrafenib,1,0,0.218679419027207,0.2322846468207082,0.2081538767199919,False,True
L186861,Doxorubicin,1,0,0.2997248977938739,0.3198977575822982,0.2520227051805691,False,True
L186861,Trametinib,1,0,0.1789879266198048,0.1895776229181825,0.2031654924425415,False,True
L186916,Acid,1,0,0.2838807297763159,0.1622057518842773,0.0870806559519193,False,False
L186916,Cisplatin,1,0,0.0754650511914505,0.0355790411055825,0.0245764873175447,False,False
L186916,CoCl2,1,0,0.0987586044275129,0.0475833218321231,0.0292821325148994,False,False
L186916,Dabrafenib,1,0,0.0966258507238606,0.046464178521215,0.0614773148601743,False,False
L186916,Doxorubicin,1,0,0.1405752922599338,0.0704182983548862,0.0622203822483548,False,False
L186916,Trametinib,1,0,0.0769071316414241,0.0363057882851194,0.0468419156278812,False,False
L186949,Acid,2,0,0.2807695161874157,0.2280001626440009,0.0804731492256967,False,False
L186949,Cisplatin,2,0,0.0773739631839097,0.0588621092051219,0.0557332530967987,False,False
L186949,CoCl2,2,0,0.0908442457636326,0.0694686331883111,0.0507993217956276,False,False
L186949,Dabrafenib,2,0,0.0908442457636327,0.0694686331883111,0.0682817180398223,False,False
L186949,Doxorubicin,2,0,0.1252471706812583,0.0971549966989845,0.1272126097485259,False,False
L186949,Trametinib,2,0,0.0730787807484661,0.0555141301569333,0.0354348168297194,False,False
L187096,Acid,2,1,0.8765502462430889,0.8702309460349187,0.8532013233749451,True,False
L187096,Cisplatin,2,1,0.6040176809231173,0.5867989981691264,0.5903609312684671,True,False
L187096,CoCl2,2,1,0.6450698506277597,0.6289604719645425,0.6168560514146986,True,False
L187096,Dabrafenib,2,1,0.6450698506277599,0.6289604719645425,0.631273916627148,True,False
L187096,Doxorubicin,2,1,0.7225518983839776,0.7095906924538451,0.7389019795716708,True,False
L187096,Trametinib,2,1,0.5891559071255714,0.5716624459853276,0.6204505578533845,True,False
L187200,Acid,0,1,0.4071129074576573,0.3213357021627542,0.3535968353516936,True,True
L187200,Cisplatin,0,1,0.1143674354790799,0.0789394131378062,0.1145105749955778,True,True
L187200,CoCl2,0,0,0.1506398730167596,0.1058873356050602,0.1373682516427836,False,True
L187200,Dabrafenib,0,0,0.1651041818856903,0.1168954846355608,0.0814592327218031,False,True
L187200,Doxorubicin,0,0,0.2046974288052005,0.1479858410145893,0.1829367938258532,False,True
L187200,Trametinib,0,0,0.129093043945495,0.0897446790765289,0.0644579112232488,False,True
L187340,Acid,4,0,0.2968821351175162,0.2484408563402811,0.2969440800523802,False,True
L187340,Cisplatin,4,1,0.0794343772887644,0.0608814400920515,0.0841292287476042,True,True
L187340,CoCl2,4,0,0.0975269614574984,0.0754086764814613,0.0861502186645655,False,True
L187340,Dabrafenib,4,0,0.094316337926325,0.0728103061505075,0.0514001273746067,False,True
L187340,Doxorubicin,4,0,0.1364228780661134,0.1076130562138075,0.1086131750539683,False,True
L187340,Trametinib,4,0,0.0755059582532245,0.0577706074296475,0.0360320245484637,False,True
L187689,Acid,2,1,0.2879810790401368,0.3521760513472263,0.238413916992974,True,True
L187689,Cisplatin,2,1,0.0799419805856406,0.1032390762473443,0.1575552271414352,True,True
L187689,CoCl2,2,0,0.0938138784504659,0.1208154944213596,0.0995795971234689,False,True
L187689,Dabrafenib,2,0,0.0938138784504659,0.1208154944213596,0.1566903286075964,False,True
L187689,Doxorubicin,2,1,0.1291816151328634,0.1653299853519633,0.1313354945006754,True,True
L187689,Trametinib,2,1,0.0755159104304394,0.097628845027025,0.1114424495157701,True,True
L187885,Acid,0,1,0.9202912042998476,0.9266223875961176,0.937048439843278,True,True
L187885,Cisplatin,0,1,0.6846744467993574,0.6956614299008232,0.7757587014376988,True,True
L187885,CoCl2,0,1,0.7488770942511622,0.7595312531924803,0.8357471959163454,True,True
L187885,Dabrafenib,0,0,0.7687903370124362,0.7792677310244746,0.7359323254457861,False,True
L187885,Doxorubicin,0,1,0.8123013930278682,0.8224566437260022,0.8422297305573366,True,True
L187885,Trametinib,0,0,0.7136590093144353,0.724483422393918,0.6406637851403125,False,True
L187905,Acid,0,0,0.283084547091898,0.1337510084395103,0.0440431954416259,False,False
L187905,Cisplatin,0,0,0.0691265369767683,0.0271884688128836,0.0299743937999498,False,False
L187905,CoCl2,0,0,0.0925499417249437,0.0371831189322248,0.023760964028007,False,False
L187905,Dabrafenib,0,0,0.1021070427147207,0.0413792670335008,0.0481367329913559,False,False
L187905,Doxorubicin,0,0,0.1289259711728003,0.0536039294344871,0.0662077602512689,False,False
L187905,Trametinib,0,0,0.078543669144304,0.0311496053360963,0.0319634125331958,False,False
L188027,Acid,1,1,0.7661885753116762,0.791210532737871,0.7684703259289184,True,True
L188027,Cisplatin,1,0,0.4028954206699343,0.4193051359732381,0.4196695164616571,False,True
L188027,CoCl2,1,1,0.4752979636442341,0.4944063119464889,0.5371066790461224,True,True
L188027,Dabrafenib,1,1,0.4692676540065225,0.4881645339842661,0.4635244762847419,True,True
L188027,Doxorubicin,1,0,0.5748546138293738,0.597212307761527,0.6208951591541118,False,True
L188027,Trametinib,1,0,0.4078343607509104,0.424420602971495,0.377242439267158,False,True
L188153,Acid,3,1,0.6248087467563611,0.6430428901837602,0.5740096135857155,True,True
L188153,Cisplatin,3,0,0.2561946849288825,0.2574312918506239,0.2120306279071568,False,True
L188153,CoCl2,3,1,0.2982290671527139,0.3008645527417347,0.2228922546499703,True,True
L188153,Dabrafenib,3,1,0.2982290671527146,0.3008645527417347,0.3163561498846973,True,True
L188153,Doxorubicin,3,0,0.39889312422266,0.4058698940761407,0.4034848425086804,False,True
L188153,Trametinib,3,0,0.258829553264066,0.2601385593347595,0.2824357830259026,False,True
L188533,Acid,4,0,0.29897467523817,0.1269543632483053,0.1348781593860248,False,True
L188533,Cisplatin,4,0,0.0801690138735493,0.0277270414014498,0.0365657027704544,False,True
L188533,CoCl2,4,0,0.0984110368485007,0.0346348993526459,0.0147247998433953,False,True
L188533,Dabrafenib,4,1,0.0951743785327787,0.0333907399790944,0.017290392323872,True,True
L188533,Doxorubicin,4,0,0.1376057808821043,0.0503749635326759,0.0617712981865447,False,True
L188533,Trametinib,4,0,0.0762072710844168,0.0262629090740389,0.0420921669422484,False,True
L188546,Acid,1,0,0.2838807297763159,0.2405185665630289,0.1184466451589963,False,True
L188546,Cisplatin,1,0,0.0754650511914505,0.0569093478518466,0.0351374398142165,False,True
L188546,CoCl2,1,0,0.0987586044275129,0.0755466699966979,0.0260775958706418,False,True
L188546,Dabrafenib,1,0,0.0966258507238606,0.0738208151141697,0.1183492652665309,False,True
L188546,Doxorubicin,1,1,0.1405752922599338,0.1102477250246192,0.0913435620799625,True,True
L188546,Trametinib,1,0,0.0769071316414241,0.0580455703044107,0.1447599144244923,False,True
L188846,Acid,4,0,0.4062027571838147,0.1838330485996013,0.1760835980866796,False,False
L188846,Cisplatin,4,0,0.1226519397577298,0.0423035767295953,0.0239215743072512,False,False
L188846,CoCl2,4,0,0.1489948927966237,0.0526463615344995,0.0396272572968021,False,False
L188846,Dabrafenib,4,0,0.1443609557083698,0.0507892321885211,0.0488815123916986,False,False
L188846,Doxorubicin,4,0,0.2037823767384863,0.0759280546334425,0.093684446933337,False,False
L188846,Trametinib,4,0,0.1168575141152345,0.0401014743893819,0.0304147779629885,False,False
L189320,Acid,0,1,0.5478487846568613,0.4931833067838534,0.4185536094323897,True,True
L189320,Cisplatin,0,0,0.1855800659140101,0.1497614294695624,0.1557353259633081,False,True
L189320,CoCl2,0,1,0.2383593993297293,0.1957480253071064,0.2868886586018663,True,True
L189320,Dabrafenib,0,0,0.2586812259433685,0.2138636552022121,0.1557576965483666,False,True
L189320,Doxorubicin,0,1,0.3123203573877082,0.2630618510208374,0.2887429356770484,True,True
L189320,Trametinib,0,0,0.2073282895653226,0.1684875187546793,0.1013103073390294,False,True
L189345,Acid,1,1,0.8177043052108044,0.867776092359044,0.8459517299180679,True,True
L189345,Cisplatin,1,0,0.480145961212767,0.5556615306944668,0.5407274719360342,False,True
L189345,CoCl2,1,1,0.5535608712879514,0.6287419628905616,0.6090552629209854,True,True
L189345,Dabrafenib,1,1,0.5475738446537889,0.6228936551225788,0.5960768783447523,True,True
L189345,Doxorubicin,1,1,0.6492270333760578,0.7197178236949313,0.6607465343938479,True,True
L189345,Trametinib,1,1,0.4852622788399753,0.560833893870119,0.5793418860921261,True,True
L189778,Acid,2,0,0.2879810790401368,0.3733311742785662,0.2531142071009987,False,True
L189778,Cisplatin,2,0,0.0799419805856406,0.1120265037705966,0.0836713606566868,False,True
L189778,CoCl2,2,0,0.0938138784504659,0.130880631790106,0.0647977463720547,False,True
L189778,Dabrafenib,2,1,0.0938138784504659,0.1308806317901061,0.2142261872853848,True,True
L189778,Doxorubicin,2,0,0.1291816151328634,0.1783513179780399,0.2088200497550919,False,True
L189778,Trametinib,2,1,0.0755159104304394,0.1059951877413052,0.1394582382439803,True,True
L190318,Acid,2,0,0.8142049434269932,0.7882656046209849,0.7891751803996664,False,False
L190318,Cisplatin,2,0,0.4849150766646901,0.4408404992895936,0.4828696787102041,False,False
L190318,CoCl2,2,0,0.5286799037554826,0.4848196666191536,0.511027876328859,False,False
L190318,Dabrafenib,2,0,0.5286799037554827,0.4848196666191536,0.4182604911273538,False,False
L190318,Doxorubicin,2,0,0.616463289882717,0.5756392319703336,0.6141035547561304,False,False
L190318,Trametinib,2,0,0.4695091607156684,0.425591051080058,0.4180041825992837,False,False
L190678,Acid,0,1,0.5103750822231757,0.3898378272191853,0.395411060663882,True,True
L190678,Cisplatin,0,0,0.1639035184939039,0.1036604253183993,0.1059962492152659,False,True
L190678,CoCl2,0,0,0.2121236960220479,0.1377850349721387,0.116285766015465,False,True
L190678,Dabrafenib,0,0,0.2308868095249945,0.1515472359020579,0.0976540386887596,False,True
L190678,Doxorubicin,0,0,0.2809468044790885,0.1898722801131171,0.2086649153478927,False,True
L190678,Trametinib,0,0,0.1836843928021004,0.1174181407944239,0.079163417613132,False,True
L190825,Acid,1,0,0.2846492613888907,0.3066265553318953,0.3203192891444147,False,False
L190825,Cisplatin,1,0,0.0757290196169657,0.0777152602094922,0.0869701508191318,False,False
L190825,CoCl2,1,0,0.09909531796825,0.1024263175078666,0.1046467954271879,False,False
L190825,Dabrafenib,1,0,0.0969560750019377,0.10015292616976,0.0806503459182641,False,False
L190825,Doxorubicin,1,0,0.1410322674669205,0.1475040566451052,0.1751119355084149,False,False
L190825,Trametinib,1,0,0.0771757232365809,0.0792319836408519,0.0715697860448891,False,False
L190835,Acid,3,0,0.5738818617437471,0.4799440318708302,0.4882003084471059,False,False
L190835,Cisplatin,3,0,0.2178662455818775,0.1508147270511083,0.1395633736747637,False,False
L190835,CoCl2,3,0,0.2557744905996583,0.1806356178299027,0.1043654921542749,False,False
L190835,Dabrafenib,3,0,0.2557744905996589,0.1806356178299027,0.1270518293516455,False,False
L190835,Doxorubicin,3,0,0.3492398994452888,0.2592388483294331,0.3391402946258265,False,False
L190835,Trametinib,3,0,0.2202236317315153,0.1526312280651162,0.1105062930682494,False,False
L190863,Acid,1,0,0.5091537836307407,0.4821569350762394,0.4726828310076815,False,True
L190863,Cisplatin,1,0,0.1759966798595818,0.1506813897237176,0.191310595968351,False,True
L190863,CoCl2,1,0,0.2228416261213359,0.1937202047793627,0.1440761163703638,False,True
L190863,Dabrafenib,1,1,0.218679419027207,0.1898491013887354,0.1693765167186128,True,True
L190863,Doxorubicin,1,0,0.2997248977938739,0.2670234567772872,0.2917435125367235,False,True
L190863,Trametinib,1,1,0.1789879266198048,0.1533853186866524,0.1717740440838256,True,True
L191293,Acid,2,1,0.7299851802355171,0.7051683583859663,0.7441744309296662,True,True
L191293,Cisplatin,2,0,0.3674020050552486,0.3362117566699165,0.3180320877071663,False,True
L191293,CoCl2,2,0,0.4089821225412797,0.3767865182514253,0.4347000629880241,False,True
L191293,Dabrafenib,2,0,0.4089821225412798,0.3767865182514253,0.318717399971919,False,True
L191293,Doxorubicin,2,1,0.4978857461902471,0.4656608439878639,0.4805062371035405,True,True
L191293,Trametinib,2,0,0.3531696804906072,0.32249418076419,0.2582914104966714,False,True
L191369,Acid,4,0,0.29897467523817,0.1991962672854166,0.1783362092435366,False,False
L191369,Cisplatin,4,0,0.0801690138735493,0.0465130173799539,0.0470936196510581,False,False
L191369,CoCl2,4,0,0.0984110368485007,0.0578228288153108,0.1469262406809528,False,False
L191369,Dabrafenib,4,0,0.0951743785327787,0.0557938510235445,0.0258518261672395,False,False
L191369,Doxorubicin,4,0,0.1376057808821043,0.0831926742991129,0.0972653629265134,False,False
L191369,Trametinib,4,0,0.0762072710844168,0.0441018841685823,0.0210132558244542,False,False
L191539,Acid,3,1,0.6569800554422617,0.7946170263315149,0.7877331948819074,True,True
L191539,Cisplatin,3,1,0.2837397144274602,0.4267864737016514,0.4397412175353877,True,True
L191539,CoCl2,3,1,0.3282987191038293,0.4803111248315888,0.4764420819083166,True,True
L191539,Dabrafenib,3,0,0.3282987191038299,0.4803111248315887,0.4486954149633076,False,True
L191539,Doxorubicin,3,1,0.4328521405964151,0.5946741749085361,0.4911412778822698,True,True
L191539,Trametinib,3,0,0.2865487364722198,0.4302428408994622,0.3699602527322145,False,True
L192225,Acid,0,1,0.5836641772922005,0.5249078242670016,0.5649625338229385,True,True
L192225,Cisplatin,0,0,0.2086406496476221,0.1666592759983689,0.2096187945156504,False,True
L192225,CoCl2,0,1,0.2658376831605884,0.2165133054347694,0.1315579843448809,True,True
L192225,Dabrafenib,0,0,0.2876175497747041,0.2359867883380214,0.187204734002128,False,True
L192225,Doxorubicin,0,0,0.3444687262158307,0.2884071955213884,0.2980220888450962,False,True
L192225,Trametinib,0,0,0.232320448330099,0.187033472752794,0.1360583224315296,False,True
L192342,Acid,4,1,0.5848915139737458,0.6440993226697884,0.6621922209922424,True,True
L192342,Cisplatin,4,1,0.2235701198548117,0.2619482407839325,0.3491908532938644,True,True
L192342,CoCl2,4,1,0.2650402307610821,0.3086830994273937,0.1965558383503347,True,True
L192342,Dabrafenib,4,0,0.2578908613459247,0.30066055723058,0.2852125581085467,False,True
L192342,Doxorubicin,4,1,0.3451904959541029,0.3976631589748261,0.3817944287357582,True,True
L192342,Trametinib,4,1,0.2141718800980559,0.2513129121309542,0.261590332199345,True,True
L19237,Acid,0,1,0.5263191457940031,0.3664124100248691,0.4240305136058871,True,True
L19237,Cisplatin,0,0,0.1728447844328539,0.0947607728911468,0.0899617492630075,False,True
L19237,CoCl2,0,0,0.2229938911978012,0.12636869394954,0.0589538042413605,False,True
L19237,Dabrafenib,0,0,0.2424226653226404,0.1391746707001183,0.1134718914663354,False,True
L19237,Doxorubicin,0,0,0.2940276409772041,0.1750162192393767,0.2279473694702243,False,True
L19237,Trametinib,0,0,0.1934550673384414,0.1074789654169329,0.0718751701099785,False,True
L192380,Acid,4,1,0.4009545265371683,0.3158956658285485,0.2651660083873633,True,True
L192380,Cisplatin,4,0,0.1203248829592671,0.0830380739337545,0.0798933679346765,False,True
L192380,CoCl2,4,0,0.1462513504564812,0.1022764390952906,0.0823039498028623,False,True
L192380,Dabrafenib,4,0,0.1416885344508203,0.0988512605643772,0.0626188836261633,False,True
L192380,Doxorubicin,4,0,0.2002674063179937,0.1441659760629876,0.1306976710527387,False,True
L192380,Trametinib,4,0,0.1146260307806866,0.0788902171982614,0.065029105543192,False,True
L192531,Acid,1,1,0.7714562896159367,0.8373601519966295,0.822391373752488,True,True
L192531,Cisplatin,1,1,0.4100457807031911,0.4952131026230298,0.5330340302825277,True,True
L192531,CoCl2,1,1,0.4826945322448935,0.5705517585044293,0.6578248278818277,True,True
L192531,Dabrafenib,1,0,0.4766556294627078,0.5644218346064803,0.5631600421229205,False,True
L192531,Doxorubicin,1,0,0.5820817563409046,0.6682634650340542,0.6526416142227602,False,True
L192531,Trametinib,1,0,0.4150114516169845,0.5004565302543337,0.409743139200646,False,True
L192615,Acid,2,1,0.6038122237619251,0.5421050565739259,0.5162299897463103,True,True
L192615,Cisplatin,2,0,0.2466516131558873,0.2004580417915175,0.2287832528942527,False,True
L192615,CoCl2,2,0,0.280628289067114,0.2303346743668254,0.1776728061097034,False,True
L192615,Dabrafenib,2,0,0.2806282890671142,0.2303346743668254,0.1858148125231216,False,True
L192615,Doxorubicin,2,1,0.3585577383085783,0.301369426927977,0.3374952226830682,True,True
L192615,Trametinib,2,0,0.2353565970534309,0.1906881255037938,0.1718566261558114,False,True
L192716,Acid,2,0,0.3123280499487586,0.2651556086292801,0.1001290617833619,False,True
L192716,Cisplatin,2,0,0.0888965001766363,0.0709889765086227,0.0805192425887192,False,True
L192716,CoCl2,2,0,0.10414634088636,0.0835865989239463,0.1088581362508619,False,True
L192716,Dabrafenib,2,0,0.1041463408863601,0.0835865989239463,0.0839229302369476,False,True
L192716,Doxorubicin,2,1,0.142795584893713,0.1161969963363924,0.1099922667262118,True,True
L192716,Trametinib,2,0,0.0840199282215226,0.0670003456583806,0.100148733576265,False,True
L192964,Acid,0,1,0.4168744560268722,0.4306362575137367,0.3585593507979278,True,True
L192964,Cisplatin,0,0,0.1185127757596139,0.1204198109555671,0.119710498457766,False,True
L192964,CoCl2,0,1,0.1558685498882306,0.1590823659053304,0.2955119993976183,True,True
L192964,Dabrafenib,0,0,0.1707339916372407,0.174541160915387,0.1525306525323595,False,True
L192964,Doxorubicin,0,0,0.2113355690473484,0.2171926229083766,0.2766637362760569,False,True
L192964,Trametinib,0,0,0.1336915543255824,0.1360641697464144,0.0879503245128173,False,True
L193,Acid,4,0,0.2811303118206386,0.2254627113035801,0.217738808830982,False,False
L193,Cisplatin,4,0,0.0740054563390073,0.0540040475581454,0.055820472512529,False,False
L193,CoCl2,4,0,0.0909837199544665,0.067007324686636,0.0471977189955772,False,False
L193,Dabrafenib,4,0,0.0879675059053129,0.0646781906899134,0.0399157646830652,False,False
L193,Doxorubicin,4,0,0.1276391277841468,0.0959963022763465,0.1312194934388802,False,False
L193,Trametinib,4,0,0.0703250134578361,0.0512254578690477,0.0324488767833225,False,False
L193060,Acid,0,1,0.5944798429836436,0.5894230916666202,0.6296693223888725,True,True
L193060,Cisplatin,0,0,0.2161142430962646,0.2062590938757824,0.2199205863690635,False,True
L193060,CoCl2,0,1,0.2746490342557168,0.264203309094831,0.2330823825320712,True,True
L193060,Dabrafenib,0,0,0.2968589043355798,0.2863981677634199,0.2194657390540115,False,True
L193060,Doxorubicin,0,1,0.3546274248048778,0.3449605634966666,0.3679575335645136,True,True
L193060,Trametinib,0,0,0.2403846051449596,0.2301374614581131,0.1606650932375155,False,True
L193176,Acid,1,0,0.4006161480198365,0.162186573156747,0.1056168232386647,False,True
L193176,Cisplatin,1,1,0.1209752434080474,0.0355741986094506,0.0332579555087809,True,True
L193176,CoCl2,1,0,0.1559468078263411,0.0475769260908304,0.0486323961438225,False,True
L193176,Dabrafenib,1,0,0.1527884125735933,0.0464579258679401,0.0280941034247975,False,True
L193176,Doxorubicin,1,0,0.2161701867667327,0.0704090602342082,0.0961712629752539,False,True
L193176,Trametinib,1,0,0.1231711282899808,0.0363008505979762,0.0244359146232835,False,True
L193296,Acid,2,1,0.3964971561603091,0.3292845659669475,0.2930401430120846,True,True
L193296,Cisplatin,2,0,0.1236828129632373,0.094176249711665,0.0744722509482769,False,True
L193296,CoCl2,2,0,0.1439572306507918,0.1103996754702566,0.0770524482480742,False,True
L193296,Dabrafenib,2,0,0.1439572306507918,0.1103996754702567,0.1113516343824934,False,True
L193296,Doxorubicin,2,0,0.1941781992172485,0.1517388079929373,0.1659147146921313,False,True
L193296,Trametinib,2,0,0.1171433286036891,0.0890096284690182,0.1010707067694354,False,True
L193373,Acid,2,1,0.6146302014140563,0.5442904458909023,0.4909605131050938,True,True
L193373,Cisplatin,2,0,0.2551923354445242,0.2018733548607796,0.1933752390012872,False,True
L193373,CoCl2,2,0,0.2898927867250647,0.2318997468402115,0.1973559216708969,False,True
L193373,Dabrafenib,2,0,0.2898927867250648,0.2318997468402115,0.1543654165563373,False,True
L193373,Doxorubicin,2,0,0.3690750157000719,0.303227007774832,0.3014445298389513,False,True
L193373,Trametinib,2,0,0.2436326950947443,0.1920510280595535,0.2162254118983132,False,True
L193808,Acid,0,1,0.2846693786920213,0.1446437860550017,0.1489208680805351,True,True
L193808,Cisplatin,0,0,0.06962987611271,0.0297002697485675,0.0499708853224549,False,True
L193808,CoCl2,0,0,0.0932067590000554,0.0405797568279692,0.0234588950811803,False,True
L193808,Dabrafenib,0,0,0.102824000340023,0.0451412470515796,0.034987025190385,False,True
L193808,Doxorubicin,0,0,0.1298040178991264,0.058409591303521,0.0724495835862417,False,True
L193808,Trametinib,0,0,0.0791097509577917,0.0340145595556922,0.0409064335440009,False,True
L194064,Acid,1,1,0.4006161480198365,0.4535737135954618,0.4102553802188944,True,True
L194064,Cisplatin,1,0,0.1209752434080474,0.1365664274562359,0.1558147986535518,False,True
L194064,CoCl2,1,0,0.1559468078263411,0.176411019772076,0.206138983970396,False,True
L194064,Dabrafenib,1,1,0.1527884125735933,0.1728116700785733,0.1661461909365769,True,True
L194064,Doxorubicin,1,0,0.2161701867667327,0.2451560250084416,0.2531910327832156,False,True
L194064,Trametinib,1,0,0.1231711282899808,0.1390585387706119,0.1533882184391249,False,True
L194069,Acid,2,1,0.5195328177762818,0.5077004365338785,0.2913790418585863,True,True
L194069,Cisplatin,2,0,0.1885048238989836,0.179248111997528,0.1914275162047541,False,True
L194069,CoCl2,2,0,0.2167765121632057,0.2067811330318628,0.1794588086557322,False,True
L194069,Dabrafenib,2,0,0.2167765121632058,0.2067811330318628,0.226567063479476,False,True
L194069,Doxorubicin,2,0,0.2839740803144551,0.2731297351592243,0.2738571806516533,False,True
L194069,Trametinib,2,0,0.1792390197096389,0.170291754038722,0.1855928179499148,False,True
L194164,Acid,2,0,0.2807695161874157,0.1570268466608816,0.0351945999716081,False,False
L194164,Cisplatin,2,0,0.0773739631839097,0.0379508947320895,0.0026749673932562,False,False
L194164,CoCl2,2,0,0.0908442457636326,0.0449694147134256,0.0340751821710775,False,False
L194164,Dabrafenib,2,0,0.0908442457636327,0.0449694147134256,0.1061769646775962,False,False
L194164,Doxorubicin,2,0,0.1252471706812583,0.0635586607837825,0.0819525719945167,False,False
L194164,Trametinib,2,0,0.0730787807484661,0.0357471341840628,0.0699582042681427,False,False
L194420,Acid,1,0,0.2838807297763159,0.163734788121315,0.1286212193224105,False,True
L194420,Cisplatin,1,1,0.0754650511914505,0.0359656699360691,0.0391300054705791,True,True
L194420,CoCl2,1,0,0.0987586044275129,0.0480938930948126,0.0663504451907481,False,True
L194420,Dabrafenib,1,0,0.0966258507238606,0.0469633334569393,0.0363680291730924,False,True
L194420,Doxorubicin,1,0,0.1405752922599338,0.0711555843719575,0.0952603535534715,False,True
L194420,Trametinib,1,0,0.0769071316414241,0.0367000139747358,0.0243122257568277,False,True
L194820,Acid,2,0,0.3123280499487586,0.3019260518428702,0.3064022620629813,False,False
L194820,Cisplatin,2,0,0.0888965001766363,0.0839079100519819,0.0672204558965331,False,False
L194820,CoCl2,2,0,0.10414634088636,0.0985549014573248,0.0851823257866322,False,False
L194820,Dabrafenib,2,0,0.1041463408863601,0.0985549014573248,0.0965634858211073,False,False
L194820,Doxorubicin,2,0,0.142795584893713,0.1361375007263825,0.1284594530949942,False,False
L194820,Trametinib,2,0,0.0840199282215226,0.0792553331270494,0.0912763099263345,False,False
L19489,Acid,0,1,0.8627269955235805,0.8380615793196861,0.8560037031974312,True,True
L19489,Cisplatin,0,0,0.5416915395470343,0.4836734254795471,0.6159429550237839,False,True
L19489,CoCl2,0,1,0.618797844217716,0.5641592205522731,0.6698803076296405,True,True
L19489,Dabrafenib,0,0,0.6441242002940696,0.5913024723667071,0.5162047558546373,False,True
L19489,Doxorubicin,0,1,0.7020021798203087,0.6549860560971306,0.6898037698377903,True,True
L19489,Trametinib,0,0,0.5756737089627918,0.5186811165338151,0.390150167056862,False,True
L195450,Acid,0,1,0.5115146125449378,0.5575414452657964,0.6522727505535126,True,True
L195450,Cisplatin,0,0,0.1645294175338874,0.1857274414893879,0.319003932919037,False,True
L195450,CoCl2,0,0,0.2128868482927187,0.2396451638519912,0.1473457826003321,False,True
L195450,Dabrafenib,0,0,0.2316976140253872,0.2605073915533248,0.2695139195405736,False,True
L195450,Doxorubicin,0,0,0.2818689779638529,0.3161209284523673,0.3056015323432952,False,True
L195450,Trametinib,0,0,0.1843691722779054,0.2078513127900899,0.1647903389228805,False,True
L195483,Acid,2,1,0.7177383280466454,0.7110740143369298,0.7193216333101464,True,True
L195483,Cisplatin,2,1,0.3532793359736105,0.3426182336775061,0.3433043094773854,True,True
L195483,CoCl2,2,0,0.3942572663920597,0.3835194384076861,0.2794198388291214,False,True
L195483,Dabrafenib,2,1,0.39425726639206,0.383519438407686,0.4202224153829704,True,True
L195483,Doxorubicin,2,0,0.482573573371538,0.4727771185107313,0.4790314130138596,False,True
L195483,Trametinib,2,1,0.339300659388165,0.3287687336260425,0.3423344112536043,True,True
L195677,Acid,0,0,0.5263191457940031,0.5540644658411583,0.4957357989403708,False,False
L195677,Cisplatin,0,0,0.1728447844328539,0.1836069905077774,0.1888167289980979,False,False
L195677,CoCl2,0,0,0.2229938911978012,0.2370883695560688,0.1215041450170581,False,False
L195677,Dabrafenib,0,0,0.2424226653226404,0.2578034839585736,0.3214383244282465,False,False
L195677,Doxorubicin,0,0,0.2940276409772041,0.3130841741538538,0.2654397370758355,False,False
L195677,Trametinib,0,0,0.1934550673384414,0.2055420328636915,0.3675335440666734,False,False
L195812,Acid,3,0,0.4146843208666432,0.3624779699876648,0.3025593204487591,False,False
L195812,Cisplatin,3,0,0.1278074763493444,0.0986261668473282,0.1379155477321151,False,False
L195812,CoCl2,3,0,0.153113315407486,0.1195808648331274,0.1423065714474403,False,False
L195812,Dabrafenib,3,0,0.1531133154074864,0.1195808648331274,0.0449735791589544,False,False
L195812,Doxorubicin,3,0,0.2201619795680417,0.1773673700549665,0.2155483145627221,False,False
L195812,Trametinib,3,0,0.129351556344138,0.0998880180169,0.0567221935979785,False,False
L195943,Acid,3,0,0.3997717732871692,0.3636737512895971,0.3341755116456064,False,False
L195943,Cisplatin,3,0,0.1210773264101534,0.0990868108297232,0.1167694174178415,False,False
L195943,CoCl2,3,0,0.1452725506487526,0.1201263366432857,0.1239614334842005,False,False
L195943,Dabrafenib,3,0,0.145272550648753,0.1201263366432857,0.0739741557755895,False,False
L195943,Doxorubicin,3,0,0.209738056390987,0.1781231072539609,0.2130087291285426,False,False
L195943,Trametinib,3,0,0.1225515221645141,0.1003538994477254,0.0681419165099758,False,False
L196307,Acid,3,1,0.2940412912595201,0.235977347354883,0.1605052867823299,True,True
L196307,Cisplatin,3,0,0.0793152022594877,0.0561034131431931,0.0358429303040553,False,True
L196307,CoCl2,3,0,0.0960772445913733,0.0687121906008965,0.0903918912320777,False,True
L196307,Dabrafenib,3,0,0.0960772445913736,0.0687121906008965,0.0400526063259975,False,True
L196307,Doxorubicin,3,0,0.1423477794644546,0.1048441294805038,0.1845613211435316,False,True
L196307,Trametinib,3,0,0.0803273884269043,0.0568555328043624,0.0303393232867115,False,True
L196331,Acid,1,0,0.2838807297763159,0.1676671051626372,0.1465422292295452,False,False
L196331,Cisplatin,1,0,0.0754650511914505,0.0369650730469899,0.0272765666195674,False,False
L196331,CoCl2,1,0,0.0987586044275129,0.0494130373537187,0.0388484927564679,False,False
L196331,Dabrafenib,1,0,0.0966258507238606,0.0482530400447603,0.0273215361002799,False,False
L196331,Doxorubicin,1,0,0.1405752922599338,0.0730587286488721,0.1183981016450405,False,False
L196331,Trametinib,1,0,0.0769071316414241,0.0377190244155784,0.0334562233015571,False,False
L196405,Acid,1,1,0.6657168980796896,0.6128583327650704,0.602119110338666,True,True
L196405,Cisplatin,1,0,0.2908101946095528,0.2317384101888989,0.1499674801718607,False,True
L196405,CoCl2,1,0,0.3550473361293988,0.2900234304387961,0.3848476869856208,False,True
L196405,Dabrafenib,1,0,0.3495263831715352,0.2849079198673947,0.2499145763795417,False,True
L196405,Doxorubicin,1,1,0.4510693086766085,0.3824808486809051,0.4828706474327956,True,True
L196405,Trametinib,1,0,0.2950540800387566,0.2354935752200417,0.1435534681091708,False,True
L196691,Acid,2,1,0.5195328177762818,0.5348929024223217,0.4455776664018263,True,True
L196691,Cisplatin,2,0,0.1885048238989836,0.1958470887683102,0.1461106251574669,False,True
L196691,CoCl2,2,0,0.2167765121632057,0.2252300869694832,0.1505675330449878,False,True
L196691,Dabrafenib,2,1,0.2167765121632058,0.2252300869694832,0.242363325052731,True,True
L196691,Doxorubicin,2,1,0.2839740803144551,0.2952945794310424,0.2984018236811731,True,True
L196691,Trametinib,2,0,0.1792390197096389,0.1862495514916054,0.214163148841004,False,True
L196731,Acid,4,0,0.4304619877675255,0.4966882633424115,0.3164381722991449,False,True
L196731,Cisplatin,4,0,0.1337925194938859,0.1621502500928777,0.1216797139149143,False,True
L196731,CoCl2,4,0,0.162086174809846,0.1958035791422548,0.1315993240811105,False,True
L196731,Dabrafenib,4,1,0.1571202544728783,0.1899088254713856,0.2653753206870998,True,True
L196731,Doxorubicin,4,0,0.2204405473411889,0.2647041983940058,0.2368623443056578,False,True
L196731,Trametinib,4,1,0.1275482962412675,0.1547174127119822,0.1793470908320397,True,True
L196945,Acid,0,0,0.4328777043248581,0.3699547196313492,0.2880942515789111,False,False
L196945,Cisplatin,0,0,0.125527930426065,0.0960751062205352,0.0692235917223999,False,False
L196945,CoCl2,0,0,0.1646818096685305,0.1280594111518024,0.0822594201204922,False,False
L196945,Dabrafenib,0,0,0.1802083459980085,0.1410090678272986,0.1180975540224552,False,False
L196945,Doxorubicin,0,0,0.2224585775702799,0.1772257678450685,0.2068031061425874,False,False
L196945,Trametinib,0,0,0.1414610018446082,0.1089484697722169,0.1171876761827872,False,False
L19695,Acid,4,0,0.29897467523817,0.2120872003636327,0.0709460265951212,False,True
L19695,Cisplatin,4,0,0.0801690138735493,0.0501417778546922,0.0386463835765134,False,True
L19695,CoCl2,4,0,0.0984110368485007,0.0622763059451165,0.0368471703438379,False,True
L19695,Dabrafenib,4,0,0.0951743785327787,0.0601010260110717,0.048550668800243,False,True
L19695,Doxorubicin,4,1,0.1376057808821043,0.089414684657944,0.0803910918603726,True,True
L19695,Trametinib,4,0,0.0762072710844168,0.0475519188248294,0.1315183475080651,False,True
L196980,Acid,3,1,0.9300624099631988,0.9256911716842736,0.950611608923266,True,True
L196980,Cisplatin,3,1,0.7333716857514285,0.70565056933901,0.7993837750857867,True,True
L196980,CoCl2,3,0,0.7723966079837905,0.7484816599383791,0.7700353236080785,False,True
L196980,Dabrafenib,3,1,0.7723966079837911,0.7484816599383789,0.6961217528685502,True,True
L196980,Doxorubicin,3,1,0.8412501675910592,0.8252960634577579,0.8551212917619657,True,True
L196980,Trametinib,3,1,0.7360576726449566,0.7085736310138705,0.6287524106193526,True,True
L197013,Acid,1,0,0.2846492613888907,0.0957702926076893,0.1147449625257524,False,True
L197013,Cisplatin,1,0,0.0757290196169657,0.01978214475908,0.0237208863221944,False,True
L197013,CoCl2,1,0,0.09909531796825,0.0266036154325149,0.0400679690048484,False,True
L197013,Dabrafenib,1,0,0.0969560750019377,0.0259644557095228,0.0126187370092401,False,True
L197013,Doxorubicin,1,1,0.1410322674669205,0.0397911799731245,0.0693824186914455,True,True
L197013,Trametinib,1,0,0.0771757232365809,0.020192976310187,0.0063997533172322,False,True
L197414,Acid,1,1,0.8200024030150819,0.8510320481492846,0.8551412775569387,True,True
L197414,Cisplatin,1,1,0.484014228918024,0.5212008769917815,0.5698089504630295,True,True
L197414,CoCl2,1,1,0.5573864365817075,0.5958264876917697,0.5188129229082747,True,True
L197414,Dabrafenib,1,0,0.5514091384145481,0.5897979558446265,0.6191430689478378,False,True
L197414,Doxorubicin,1,1,0.6527470768067134,0.6909029329996,0.694235332388478,True,True
L197414,Trametinib,1,1,0.4891329824228383,0.5264325053852658,0.5139933930298475,True,True
L197628,Acid,3,1,0.2839379758377813,0.2183680810594909,0.2302409678891335,True,True
L197628,Cisplatin,3,0,0.0757977484189873,0.0510204754594788,0.0276462161586339,False,True
L197628,CoCl2,3,0,0.0918906235877918,0.0625626210027948,0.082202567965803,False,True
L197628,Dabrafenib,3,0,0.0918906235877921,0.0625626210027947,0.0559845883020724,False,True
L197628,Doxorubicin,3,0,0.136449253309681,0.0957934659590096,0.1229061940205787,False,True
L197628,Trametinib,3,0,0.0767687892495874,0.0517081864106729,0.0384254403130121,False,True
L197845,Acid,1,0,0.4006161480198365,0.3543548839555063,0.3898124611525373,False,True
L197845,Cisplatin,1,1,0.1209752434080474,0.0946774621617726,0.1454160435155384,True,True
L197845,CoCl2,1,1,0.1559468078263411,0.1240565029965002,0.1640152086175821,True,True
L197845,Dabrafenib,1,0,0.1527884125735933,0.1213679381559178,0.0728665454814521,False,True
L197845,Doxorubicin,1,0,0.2161701867667327,0.1767788003934758,0.1893606461074606,False,True
L197845,Trametinib,1,0,0.1231711282899808,0.0964905930312202,0.0732468432383316,False,True
L197925,Acid,0,0,0.4951423832940624,0.4489333214211615,0.3080778043862952,False,True
L197925,Cisplatin,0,1,0.1557227929225017,0.1285112614569029,0.1156043915069327,True,True
L197925,CoCl2,0,1,0.2021180226005783,0.1692717441676795,0.3345492078975587,True,True
L197925,Dabrafenib,0,0,0.2202435020704015,0.1855022675046123,0.1431166666725308,False,True
L197925,Doxorubicin,0,0,0.2688023683384141,0.2300856281087764,0.2436510368662498,False,True
L197925,Trametinib,0,0,0.1747226877606323,0.1450334901922995,0.0922678732070436,False,True
L198322,Acid,3,1,0.7288002350630711,0.7038242852076592,0.7477246862778772,True,True
L198322,Cisplatin,3,1,0.3572529004934114,0.3138066265580298,0.3014663371913088,True,True
L198322,CoCl2,3,0,0.4067997733577329,0.3621131246620078,0.2694038441499936,False,True
L198322,Dabrafenib,3,0,0.4067997733577337,0.3621131246620078,0.3199127034445722,False,True
L198322,Doxorubicin,3,1,0.5171070849041087,0.4740020549393852,0.5188476593096369,True,True
L198322,Trametinib,3,0,0.3604234824385086,0.3168537862383284,0.2916144521366713,False,True
L198433,Acid,3,1,0.6012993849306041,0.7629399568843105,0.5834638574587763,True,True
L198433,Cisplatin,3,1,0.2377655250857974,0.3824664509564143,0.389932459784772,True,True
L198433,CoCl2,3,0,0.2779059379763784,0.4346474598980556,0.3308487600345042,False,True
L198433,Dabrafenib,3,1,0.2779059379763791,0.4346474598980555,0.568630106095185,True,True
L198433,Doxorubicin,3,0,0.3753794974952429,0.5496370676351123,0.4072495402111612,False,True
L198433,Trametinib,3,0,0.2402720826244928,0.3858054687113441,0.478827273151886,False,True
L198763,Acid,3,0,0.2839379758377813,0.3584368733792984,0.1440207433412406,False,True
L198763,Cisplatin,3,0,0.0757977484189873,0.0970787038553166,0.0556199485406839,False,True
L198763,CoCl2,3,0,0.0918906235877918,0.117747568055876,0.1693371870890326,False,True
L198763,Dabrafenib,3,0,0.0918906235877921,0.117747568055876,0.110740740590143,False,True
L198763,Doxorubicin,3,1,0.136449253309681,0.1748240647250094,0.1722568050108055,True,True
L198763,Trametinib,3,0,0.0767687892495874,0.098322916007522,0.0841439846977244,False,True
L198915,Acid,1,0,0.4158230698941236,0.4768904907575486,0.4749042207936373,False,True
L198915,Cisplatin,1,0,0.1278311601185779,0.1480007695373638,0.1361997116015365,False,True
L198915,CoCl2,1,0,0.1644139361003428,0.1904456111299618,0.2505911408619149,False,True
L198915,Dabrafenib,1,0,0.1611167897031677,0.1866247977174124,0.1710428485814254,False,True
L198915,Doxorubicin,1,0,0.2270276463322885,0.2629138132702633,0.2612581320781358,False,True
L198915,Trametinib,1,1,0.1301330671248022,0.1506651288573515,0.1121890911678463,True,True
L199024,Acid,0,1,0.8486596830106725,0.8747284539987644,0.8864897194331565,True,True
L199024,Cisplatin,0,1,0.5132855862262293,0.5582899524360109,0.6328728888230825,True,True
L199024,CoCl2,0,0,0.5915675630080574,0.6359002490433066,0.5335542027869056,False,True
L199024,Dabrafenib,0,0,0.617585012366736,0.6612582979495615,0.7030417872853085,False,True
L199024,Doxorubicin,0,1,0.6776189595525121,0.7192174918271811,0.7258294817078097,True,True
L199024,Trametinib,0,0,0.5476149988812503,0.592500878417355,0.6291709772560131,False,True
L199313,Acid,2,0,0.3123280499487586,0.3151406274170279,0.2506993568505442,False,False
L199313,Cisplatin,2,0,0.0888965001766363,0.0887941034532182,0.1304133663375538,False,False
L199313,CoCl2,2,0,0.10414634088636,0.1041970167947394,0.0475119310139682,False,False
L199313,Dabrafenib,2,0,0.1041463408863601,0.1041970167947394,0.09453469145594,False,False
L199313,Doxorubicin,2,0,0.142795584893713,0.1435884484667606,0.1463885121615509,False,False
L199313,Trametinib,2,0,0.0840199282215226,0.0838954058183696,0.0561205107235277,False,False
L199560,Acid,3,0,0.2839379758377813,0.3117296341869887,0.2864764792442084,False,False
L199560,Cisplatin,3,0,0.0757977484189873,0.0801726307307116,0.0861814831257226,False,False
L199560,CoCl2,3,0,0.0918906235877918,0.0976312525866129,0.0681336694923039,False,False
L199560,Dabrafenib,3,0,0.0918906235877921,0.0976312525866129,0.0877522287119502,False,False
L199560,Doxorubicin,3,0,0.136449253309681,0.1465766853454513,0.1105248625941262,False,False
L199560,Trametinib,3,0,0.0767687892495874,0.0812196562505344,0.091816662809752,False,False
L199957,Acid,4,0,0.2811303118206386,0.3150687781618995,0.0676278096714814,False,True
L199957,Cisplatin,4,0,0.0740054563390073,0.0827469872773651,0.0223224602194305,False,True
L199957,CoCl2,4,0,0.0909837199544665,0.10192540937217,0.0806573258980285,False,True
L199957,Dabrafenib,4,1,0.0879675059053129,0.0985106966151535,0.2929510301551055,True,True
L199957,Doxorubicin,4,0,0.1276391277841468,0.1436941873439748,0.0879387342886189,False,True
L199957,Trametinib,4,1,0.0703250134578361,0.0786124241412146,0.23234463480539,True,True
L200066,Acid,1,0,0.4006161480198365,0.3269276716408369,0.3869163063013182,False,False
L200066,Cisplatin,1,0,0.1209752434080474,0.084712268137234,0.1436037877078208,False,False
L200066,CoCl2,1,0,0.1559468078263411,0.1113794769241902,0.1370603035661323,False,False
L200066,Dabrafenib,1,0,0.1527884125735933,0.1089314837281266,0.0709462894697866,False,False
L200066,Doxorubicin,1,0,0.2161701867667327,0.1596964393833872,0.1600550158087122,False,False
L200066,Trametinib,1,0,0.1231711282899808,0.0863527624183526,0.0584677814822249,False,False
L200082,Acid,2,1,0.2879810790401368,0.3355543784723941,0.2537758172933501,True,True
L200082,Cisplatin,2,0,0.0799419805856406,0.0966142758078439,0.0700535126789013,False,True
L200082,CoCl2,2,0,0.0938138784504659,0.1132052038570122,0.1012008010722299,False,True
L200082,Dabrafenib,2,1,0.0938138784504659,0.1132052038570122,0.2075783832295972,True,True
L200082,Doxorubicin,2,1,0.1291816151328634,0.1554113404988394,0.1347950217744716,True,True
L200082,Trametinib,2,0,0.0755159104304394,0.0913273868586394,0.1509122959007327,False,True
L200891,Acid,2,0,0.2879810790401368,0.4378311020720002,0.3478017474068078,False,True
L200891,Cisplatin,2,0,0.0799419805856406,0.1415806513657239,0.099990354047538,False,True
L200891,CoCl2,2,0,0.0938138784504659,0.1644873846324811,0.1027111142331578,False,True
L200891,Dabrafenib,2,1,0.0938138784504659,0.1644873846324811,0.2529220551223554,True,True
L200891,Doxorubicin,2,1,0.1291816151328634,0.2210471658521212,0.2014552766063091,True,True
L200891,Trametinib,2,1,0.0755159104304394,0.1341986587449518,0.2071716708508805,True,True
L20109,Acid,1,0,0.4158230698941236,0.5273851453960711,0.4197573865282645,False,True
L20109,Cisplatin,1,0,0.1278311601185779,0.1753443869435094,0.1732555980173669,False,True
L20109,CoCl2,1,0,0.1644139361003428,0.223573275671423,0.2165064378291923,False,True
L20109,Dabrafenib,1,1,0.1611167897031677,0.2192678520853674,0.2834679785803075,True,True
L20109,Doxorubicin,1,0,0.2270276463322885,0.3039148776932363,0.2388996739623,False,True
L20109,Trametinib,1,1,0.1301330671248022,0.1783979244655379,0.2003792827288085,True,True
L202367,Acid,1,0,0.2838807297763159,0.273595462326716,0.2171905518661439,False,False
L202367,Cisplatin,1,0,0.0754650511914505,0.0669619971364943,0.0588313867588032,False,False
L202367,CoCl2,1,0,0.0987586044275129,0.0885822511292564,0.0616648326549363,False,False
L202367,Dabrafenib,1,0,0.0966258507238606,0.0865864922242356,0.0855224454862256,False,False
L202367,Doxorubicin,1,0,0.1405752922599338,0.1284390769621355,0.1391551329899753,False,False
L202367,Trametinib,1,0,0.0769071316414241,0.0682843934608198,0.0902553435231475,False,False
L202432,Acid,4,1,0.29897467523817,0.3122269627735043,0.2602752885976001,True,True
L202432,Cisplatin,4,0,0.0801690138735493,0.0817505310557685,0.0836833301716189,False,True
L202432,CoCl2,4,0,0.0984110368485007,0.100723363277863,0.1054774986653364,False,True
L202432,Dabrafenib,4,0,0.0951743785327787,0.0973445564809363,0.0995888267536727,False,True
L202432,Doxorubicin,4,0,0.1376057808821043,0.1420774755090031,0.1557804835715325,False,True
L202432,Trametinib,4,0,0.0762072710844168,0.0776615416451011,0.0693102113940657,False,True
L202454,Acid,4,0,0.29897467523817,0.2429828080881811,0.0678342433626442,False,True
L202454,Cisplatin,4,0,0.0801690138735493,0.0592192451666598,0.0163073088281428,False,True
L202454,CoCl2,4,0,0.0984110368485007,0.0733808480800996,0.0456931858463345,False,True
L202454,Dabrafenib,4,1,0.0951743785327787,0.0708469969454173,0.2290999734589632,True,True
L202454,Doxorubicin,4,0,0.1376057808821043,0.1048173906763533,0.0590976338484468,False,True
L202454,Trametinib,4,1,0.0762072710844168,0.0561882633795831,0.1726517827065463,True,True
L202607,Acid,0,1,0.2913335192140022,0.1892929353939166,0.1746475830299417,True,True
L202607,Cisplatin,0,0,0.0717649606822348,0.0405503273391427,0.0438503615277726,False,True
L202607,CoCl2,0,1,0.0959902001688309,0.0551782745626996,0.0548078621280302,True,True
L202607,Dabrafenib,0,0,0.1058611135447152,0.0612759490344571,0.036457485277242,False,True
L202607,Doxorubicin,0,1,0.1335194425566999,0.0788949134819797,0.1106447069612945,True,True
L202607,Trametinib,0,0,0.0815100531712696,0.046365394131167,0.0145350251861684,False,True
L202688,Acid,1,1,0.4158230698941236,0.397813166930709,0.3086140443864356,True,True
L202688,Cisplatin,1,0,0.1278311601185779,0.1118035638979356,0.0879370268285438,False,True
L202688,CoCl2,1,0,0.1644139361003428,0.1456420124944033,0.1968710369864705,False,True
L202688,Dabrafenib,1,0,0.1611167897031677,0.1425617803935351,0.1345165544632438,False,True
L202688,Doxorubicin,1,0,0.2270276463322885,0.2053868859522007,0.2515059836721081,False,True
L202688,Trametinib,1,0,0.1301330671248022,0.1139034057150579,0.113886874341691,False,True
L202775,Acid,0,1,0.6809143931064897,0.6804031030740113,0.6929973123747835,True,True
L202775,Cisplatin,0,1,0.2863873209605783,0.2781654163421591,0.317832268879785,True,True
L202775,CoCl2,0,1,0.3553279322343734,0.3474672314247568,0.2355259366850576,True,True
L202775,Dabrafenib,0,0,0.380638339163477,0.3731099125182882,0.3545040936968911,False,True
L202775,Doxorubicin,0,0,0.4444060327756169,0.4385075231664275,0.4454154324783235,False,True
L202775,Trametinib,0,0,0.3153745007591516,0.3071470296745016,0.3192130698747451,False,True
L202878,Acid,0,0,0.283084547091898,0.2014061677120757,0.0888123132535308,False,False
L202878,Cisplatin,0,0,0.0691265369767683,0.0436578004057432,0.0222633910319744,False,False
L202878,CoCl2,0,0,0.0925499417249437,0.0593373967892805,0.0343706495988964,False,False
L202878,Dabrafenib,0,0,0.1021070427147207,0.0658626504769843,0.0679049789006533,False,False
L202878,Doxorubicin,0,0,0.1289259711728003,0.0846814799079628,0.1053857672924062,False,False
L202878,Trametinib,0,0,0.078543669144304,0.0498953160899541,0.05690597128288,False,False
L203095,Acid,1,0,0.4006161480198365,0.3274840624616438,0.3229207532200773,False,False
L203095,Cisplatin,1,0,0.1209752434080474,0.0849084399268229,0.0643124294282604,False,False
L203095,CoCl2,1,0,0.1559468078263411,0.1116298714414201,0.2495799957057187,False,False
L203095,Dabrafenib,1,0,0.1527884125735933,0.1091770510137942,0.0756146306083351,False,False
L203095,Doxorubicin,1,0,0.2161701867667327,0.1600358939497381,0.1858210266499472,False,False
L203095,Trametinib,1,0,0.1231711282899808,0.0865523739287356,0.0413970011396638,False,False
L204032,Acid,4,1,0.5710900605653149,0.410748971696994,0.4899897639400937,True,True
L204032,Cisplatin,4,0,0.2139012828306872,0.1202633895068393,0.1464705696599415,False,True
L204032,CoCl2,4,0,0.2541650134051239,0.1467459558163254,0.2927589992526405,False,True
L204032,Dabrafenib,4,0,0.2472103265720007,0.1420671981822577,0.049000354832971,False,True
L204032,Doxorubicin,4,1,0.3325144414904985,0.2027357468094364,0.2737891021459651,True,True
L204032,Trametinib,4,0,0.2048022819041163,0.1144882449920735,0.0480924491248959,False,True
L204050,Acid,0,1,0.2846693786920213,0.2694465647924436,0.1942217394213596,True,True
L204050,Cisplatin,0,0,0.06962987611271,0.062582841701442,0.0746688621510466,False,True
L204050,CoCl2,0,0,0.0932067590000554,0.0844590575175995,0.0792666184183722,False,True
L204050,Dabrafenib,0,0,0.102824000340023,0.0934723910234962,0.082186482915491,False,True
L204050,Doxorubicin,0,1,0.1298040178991264,0.1191736732768692,0.1735676322058982,True,True
L204050,Trametinib,0,0,0.0791097509577917,0.0713225815469454,0.0744079452719995,False,True
L204112,Acid,1,1,0.6944017443218118,0.6839268350594313,0.6953175623275569,True,True
L204112,Cisplatin,1,0,0.3187441197727264,0.2919386670290974,0.320621132456633,False,True
L204112,CoCl2,1,1,0.3857949700434128,0.3583032503833639,0.4089673203234759,True,True
L204112,Dabrafenib,1,1,0.3800776572636746,0.3525814883161388,0.3073014555180085,True,True
L204112,Doxorubicin,1,0,0.4838935459005054,0.4584715441938351,0.4675991917927689,False,True
L204112,Trametinib,1,0,0.3232098699149429,0.2962931167980672,0.2327253912655468,False,True
L204257,Acid,1,0,0.2846492613888907,0.3070183763094569,0.3443680124156439,False,False
L204257,Cisplatin,1,0,0.0757290196169657,0.0778474096404683,0.1659295859129287,False,False
L204257,CoCl2,1,0,0.09909531796825,0.1025958121023782,0.0559559355997871,False,False
L204257,Dabrafenib,1,0,0.0969560750019377,0.1003190792338487,0.1746862786780103,False,False
L204257,Doxorubicin,1,0,0.1410322674669205,0.1477358678248674,0.0705192712214189,False,False
L204257,Trametinib,1,0,0.0771757232365809,0.0793664902142382,0.1100020627223462,False,False
L204285,Acid,3,1,0.8572182143094002,0.8680253430479572,0.8831307654640994,True,False
L204285,Cisplatin,3,1,0.5539204152630945,0.558642039851071,0.6209458022943198,True,False
L204285,CoCl2,3,1,0.6050663049828481,0.6110744549514827,0.7437008436667477,True,False
L204285,Dabrafenib,3,1,0.6050663049828489,0.6110744549514825,0.5725020135003905,True,False
L204285,Doxorubicin,3,1,0.7052211654238756,0.7138076783893016,0.7322668713815756,True,False
L204285,Trametinib,3,1,0.5573229695928342,0.5621190749842431,0.4286770037630806,True,False
L204366,Acid,3,0,0.5202016809302542,0.5694631723792944,0.5302753851670012,False,False
L204366,Cisplatin,3,0,0.1831723448181675,0.2028951166060789,0.1931463797674567,False,False
L204366,CoCl2,3,0,0.2167165890367681,0.2401022761411546,0.3223843698224908,False,False
L204366,Dabrafenib,3,0,0.2167165890367686,0.2401022761411546,0.1934753212902891,False,False
L204366,Doxorubicin,3,0,0.3016952558218719,0.3340330238554377,0.3148858934616526,False,False
L204366,Trametinib,3,0,0.1852432422282446,0.2051873340378193,0.1232360245776214,False,False
L204569,Acid,1,1,0.4130500535635625,0.4045118550992428,0.4154370093402073,True,True
L204569,Cisplatin,1,1,0.1265625992972331,0.1146027469874251,0.1250724940163371,True,True
L204569,CoCl2,1,0,0.1628501238050005,0.1491461338314919,0.1078089193673003,False,True
L204569,Dabrafenib,1,1,0.159578348822991,0.1460044567960551,0.1569578093998027,True,True
L204569,Doxorubicin,1,0,0.2250286722603371,0.2099751767582382,0.233253272211655,False,True
L204569,Trametinib,1,0,0.1288450374752859,0.1167482513348808,0.1197775773743983,False,True
L205259,Acid,0,0,0.4328777043248581,0.4772798259319959,0.3748981700057793,False,False
L205259,Cisplatin,0,0,0.125527930426065,0.1418330151073279,0.1467881129527435,False,False
L205259,CoCl2,0,0,0.1646818096685305,0.185917416520951,0.1207679085946001,False,False
L205259,Dabrafenib,0,0,0.1802083459980085,0.2033533021199735,0.266161805214944,False,False
L205259,Doxorubicin,0,0,0.2224585775702799,0.2509053347348105,0.2551129149936402,False,False
L205259,Trametinib,0,0,0.1414610018446082,0.1597540103334997,0.2014379471834922,False,False
L205394,Acid,0,0,0.5115146125449378,0.4781967854440013,0.4214042319692302,False,False
L205394,Cisplatin,0,0,0.1645294175338874,0.1422809271456025,0.1083952024505695,False,False
L205394,CoCl2,0,0,0.2128868482927187,0.1864742966059517,0.2371046272480763,False,False
L205394,Dabrafenib,0,0,0.2316976140253872,0.2039493241009349,0.1379268855598317,False,False
L205394,Doxorubicin,0,0,0.2818689779638529,0.2515967133041172,0.2918764653658667,False,False
L205394,Trametinib,0,0,0.1843691722779054,0.1602479491700111,0.1533963721201148,False,False
L205402,Acid,2,1,0.5766110902145227,0.5684884940302204,0.5058950597498268,True,True
L205402,Cisplatin,2,1,0.2263479084673042,0.2181351297842916,0.2194492496793621,True,True
L205402,CoCl2,2,0,0.2584873710171144,0.2498231783646233,0.3154033436871878,False,True
L205402,Dabrafenib,2,0,0.2584873710171145,0.2498231783646233,0.2635512975514409,False,True
L205402,Doxorubicin,2,0,0.3331154981098806,0.3243354535155768,0.3079053477214294,False,True
L205402,Trametinib,2,0,0.2157164327991337,0.2077275047250155,0.2039332024716641,False,True
L205528,Acid,1,0,0.2846492613888907,0.2528530059630963,0.1156311563530766,False,False
L205528,Cisplatin,1,0,0.0757290196169657,0.0605788630573945,0.0593174129212475,False,False
L205528,CoCl2,1,0,0.09909531796825,0.0803155776379576,0.0740533629234405,False,False
L205528,Dabrafenib,1,0,0.0969560750019377,0.0784900275221424,0.1275462582357853,False,False
L205528,Doxorubicin,1,0,0.1410322674669205,0.1169300791015239,0.1152789402483206,False,False
L205528,Trametinib,1,0,0.0771757232365809,0.0617835495116384,0.0840607044059455,False,False
L205642,Acid,0,1,0.2913335192140022,0.397948086643255,0.3968322015549638,True,True
L205642,Cisplatin,0,0,0.0717649606822348,0.1068596851045716,0.1311198894204864,False,True
L205642,CoCl2,0,1,0.0959902001688309,0.1418707828814788,0.1187469872498526,True,True
L205642,Dabrafenib,0,0,0.1058611135447152,0.1559672549702111,0.1870552079636981,False,True
L205642,Doxorubicin,0,0,0.1335194425566999,0.1951529829872519,0.1551230360824813,False,True
L205642,Trametinib,0,1,0.0815100531712696,0.1209846920137073,0.1358347791026166,True,True
L205676,Acid,0,1,0.7527496376652212,0.6903997856305588,0.654541467484546,True,True
L205676,Cisplatin,0,1,0.3640934394433903,0.2875698743771697,0.2863760151084134,True,True
L205676,CoCl2,0,0,0.4402009474474683,0.3580524963344461,0.5356718802690809,False,True
L205676,Dabrafenib,0,1,0.4671758765881713,0.3840166318268161,0.2754706973536082,True,True
L205676,Doxorubicin,0,0,0.5329658492480356,0.4499538086510447,0.5225847023091874,False,True
L205676,Trametinib,0,0,0.3965748845293084,0.3171008829326007,0.1841767490401329,False,True
L20571,Acid,4,1,0.6819282156785123,0.6960233759327865,0.6862150042144259,True,True
L20571,Cisplatin,4,0,0.3046566348753929,0.3098895248989288,0.3515193907962019,False,True
L20571,CoCl2,4,1,0.3543040427028947,0.36099412784788,0.4648506004753765,True,True
L20571,Dabrafenib,4,1,0.3458799777260112,0.3523048858402255,0.2469370071295047,True,True
L20571,Doxorubicin,4,0,0.4451004507997328,0.4551259887225584,0.4796831815680542,False,True
L20571,Trametinib,4,1,0.293136666411866,0.2980938987552478,0.2354344387929819,True,True
L20588,Acid,3,0,0.4221316365433675,0.4838437789999853,0.4689618745505634,False,True
L20588,Cisplatin,3,1,0.1312581210697443,0.1528260464055639,0.2168848430485358,True,True
L20588,CoCl2,3,0,0.1571241044872312,0.1829589534425073,0.1291990273586458,False,True
L20588,Dabrafenib,3,0,0.1571241044872316,0.1829589534425072,0.1716209678894123,False,True
L20588,Doxorubicin,3,0,0.2254615241173787,0.2622495950735404,0.2446129532187528,False,True
L20588,Trametinib,3,0,0.1328375400785524,0.1546623607302193,0.1702712217473486,False,True
L206297,Acid,0,1,0.6685797891676423,0.6338032477796748,0.6150618514591474,True,True
L206297,Cisplatin,0,1,0.2750392515000875,0.2385515304232411,0.2483354430488322,True,True
L206297,CoCl2,0,0,0.3425594420653665,0.3021146814843948,0.1386710030021348,False,True
L206297,Dabrafenib,0,0,0.3674787801832512,0.3260829387003428,0.337926455096863,False,True
L206297,Doxorubicin,0,1,0.4305744917486601,0.3883439934337326,0.4195528765108731,True,True
L206297,Trametinib,0,0,0.3033661080854372,0.26492059962839,0.2614738030325942,False,True
L20635,Acid,1,1,0.4130500535635625,0.4711853489973986,0.4937935023193173,True,True
L20635,Cisplatin,1,0,0.1265625992972331,0.1451385429691621,0.0997741131080215,False,True
L20635,CoCl2,1,1,0.1628501238050005,0.1869426408529973,0.1794648848572861,True,True
L20635,Dabrafenib,1,0,0.159578348822991,0.1831762040224969,0.185413013867177,False,True
L20635,Doxorubicin,1,1,0.2250286722603371,0.2585035268769259,0.2765643895320859,True,True
L20635,Trametinib,1,0,0.1288450374752859,0.1477603116998841,0.1490691352088521,False,True
L206384,Acid,3,0,0.7094208664467059,0.7227798941600169,0.6592876363297054,False,False
L206384,Cisplatin,3,0,0.3355299987821605,0.3341075125974527,0.327852492256422,False,False
L206384,CoCl2,3,0,0.3838634188915929,0.3837912100616006,0.4432267777176249,False,False
L206384,Dabrafenib,3,0,0.3838634188915937,0.3837912100616006,0.3402660325211628,False,False
L206384,Doxorubicin,3,0,0.4931214570985364,0.4971578994287773,0.4656505682666388,False,False
L206384,Trametinib,3,0,0.3386093562781361,0.3372549144375302,0.3022048718866805,False,False
L206761,Acid,0,1,0.802701103407304,0.8048671609737598,0.8527534202419179,True,True
L206761,Cisplatin,0,0,0.4334694343577402,0.4274633328555521,0.4446463027340055,False,True
L206761,CoCl2,0,1,0.5123936573032785,0.5077945639745435,0.3439375264478819,True,True
L206761,Dabrafenib,0,0,0.5395287745364248,0.5355582711386818,0.5154182699004336,False,True
L206761,Doxorubicin,0,0,0.6039584599277827,0.6020826409111809,0.6203075322309907,False,True
L206761,Trametinib,0,1,0.4675890820942863,0.462043296452556,0.4317588054895563,True,True
L207012,Acid,4,1,0.424821092297298,0.3296028652523109,0.3979275375674497,True,True
L207012,Cisplatin,4,0,0.1311440810112391,0.0879400767288504,0.1057301326758675,False,True
L207012,CoCl2,4,0,0.1589804544029891,0.108180157636656,0.0480152757737331,False,True
L207012,Dabrafenib,4,0,0.1540921873118699,0.104580299471488,0.0768006485681395,False,True
L207012,Doxorubicin,4,1,0.2165056114191431,0.1520780722388854,0.180956741470803,True,True
L207012,Trametinib,4,0,0.1250056249684408,0.0835696748147244,0.0598281607422617,False,True
L207711,Acid,0,1,0.7073984335125539,0.6630753452810263,0.6560485974459734,True,True
L207711,Cisplatin,0,0,0.3125574159319479,0.2626625239197702,0.2621217602353165,False,True
L207711,CoCl2,0,1,0.3844042906330137,0.3298670095090777,0.4649097755027958,True,True
L207711,Dabrafenib,0,0,0.4104671290948538,0.3549172825943905,0.2753743813198651,False,True
L207711,Doxorubicin,0,0,0.4753963710578226,0.4192587518249235,0.4209525364210938,False,True
L207711,Trametinib,0,0,0.3429205635195612,0.2906793576206534,0.1971678244385108,False,True
L208068,Acid,4,1,0.4062027571838147,0.3878866482487632,0.4397464150124233,True,True
L208068,Cisplatin,4,0,0.1226519397577298,0.1105365087044965,0.1129915326078846,False,True
L208068,CoCl2,4,0,0.1489948927966237,0.1352063584398422,0.1155995486289443,False,True
L208068,Dabrafenib,4,0,0.1443609557083698,0.1308391046616977,0.1270582234164269,False,True
L208068,Doxorubicin,4,0,0.2037823767384863,0.1877621694186031,0.1697389688990686,False,True
L208068,Trametinib,4,0,0.1168575141152345,0.1051726158362779,0.0677597262928655,False,True
L208093,Acid,1,0,0.2952569053890467,0.3350233062920345,0.1917842225558277,False,True
L208093,Cisplatin,1,0,0.0794154333052323,0.0875905206566386,0.1138577534872018,False,True
L208093,CoCl2,1,1,0.1037914496285774,0.1150499052592421,0.1415414753824962,True,True
L208093,Dabrafenib,1,0,0.1015622566428531,0.1125314562214944,0.0884594410587303,False,True
L208093,Doxorubicin,1,0,0.1473906496025865,0.1646640688048419,0.1699863746718341,False,True
L208093,Trametinib,1,1,0.0809263949015811,0.0892813166864608,0.0710386885964864,True,True
L208166,Acid,4,1,0.29897467523817,0.1977289272005076,0.1107242496760907,True,True
L208166,Cisplatin,4,0,0.0801690138735493,0.0461056340534663,0.0288642009714898,False,True
L208166,CoCl2,4,0,0.0984110368485007,0.057322343890794,0.1128053794968955,False,True
L208166,Dabrafenib,4,0,0.0951743785327787,0.0553098969424272,0.0492215570225076,False,True
L208166,Doxorubicin,4,1,0.1376057808821043,0.0824918268782902,0.1009705500144338,True,True
L208166,Trametinib,4,0,0.0762072710844168,0.0437146505102472,0.0235440992450067,False,True
L20830,Acid,1,1,0.2838807297763159,0.200830979718263,0.1728522908395682,True,True
L20830,Cisplatin,1,0,0.0754650511914505,0.045695934571259,0.0417142753116574,False,True
L20830,CoCl2,1,0,0.0987586044275129,0.060898091076279,0.0356932580743286,False,True
L20830,Dabrafenib,1,0,0.0966258507238606,0.0594853480301638,0.0265420234174723,False,True
L20830,Doxorubicin,1,0,0.1405752922599338,0.089522155934473,0.1321959294722713,False,True
L20830,Trametinib,1,0,0.0769071316414241,0.046619342853803,0.0318559437385766,False,True
L208666,Acid,4,1,0.29897467523817,0.2838675763329143,0.2759471711762088,True,True
L208666,Cisplatin,4,0,0.0801690138735493,0.0721297367850212,0.106417208323895,False,True
L208666,CoCl2,4,0,0.0984110368485007,0.0890863774683433,0.0860935636417923,False,True
L208666,Dabrafenib,4,0,0.0951743785327787,0.0860605800790321,0.0641991565269057,False,True
L208666,Doxorubicin,4,0,0.1376057808821043,0.1263338839887613,0.1292714745029678,False,True
L208666,Trametinib,4,0,0.0762072710844168,0.0684860688783099,0.0563221765434751,False,True
L208973,Acid,1,0,0.4172781131200817,0.4285061066822312,0.3549462782003494,False,False
L208973,Cisplatin,1,0,0.1285001353508123,0.1250106243767687,0.085632321221487,False,False
L208973,CoCl2,1,0,0.1652380879475498,0.1621167282631193,0.1580982901251999,False,False
L208973,Dabrafenib,1,0,0.1619276169125846,0.1587528103453884,0.1833814800826095,False,False
L208973,Doxorubicin,1,0,0.2280799886407108,0.2268255608028772,0.2396837107326159,False,False
L208973,Trametinib,1,0,0.13081228206688,0.1273229571837343,0.1092296627604729,False,False
L209054,Acid,4,0,0.5725229038376216,0.5221554024334808,0.4723202188721501,False,False
L209054,Cisplatin,4,0,0.2148869421361153,0.1764787918284506,0.1962265647234206,False,False
L209054,CoCl2,4,0,0.2552759579467439,0.2123522174103017,0.4272358054322923,False,False
L209054,Dabrafenib,4,0,0.2483009926897347,0.2060869316245963,0.1115174264010604,False,False
L209054,Doxorubicin,4,0,0.3338145717837891,0.2850122843011778,0.3478262174321586,False,False
L209054,Trametinib,4,0,0.2057569874176308,0.1685212531084251,0.0969746577131983,False,False
L209225,Acid,1,0,0.2838807297763159,0.1804985206066291,0.1803627276530832,False,False
L209225,Cisplatin,1,0,0.0754650511914505,0.0402780160957594,0.0289907828574334,False,False
L209225,CoCl2,1,0,0.0987586044275129,0.053779310975283,0.053776898649518,False,False
L209225,Dabrafenib,1,0,0.0966258507238606,0.0525224765053162,0.0279433834022883,False,False
L209225,Doxorubicin,1,0,0.1405752922599338,0.0793400113223766,0.1004456956835696,False,False
L209225,Trametinib,1,0,0.0769071316414241,0.0410966557349561,0.0220568530834013,False,False
L209664,Acid,4,0,0.29897467523817,0.3463645244836904,0.1725611709521059,False,True
L209664,Cisplatin,4,0,0.0801690138735493,0.0941379022003848,0.0709408433169493,False,True
L209664,CoCl2,4,0,0.0984110368485007,0.1156236227473313,0.1326264890663739,False,True
L209664,Dabrafenib,4,1,0.0951743785327787,0.1118071251595531,0.2037103187526179,True,True
L209664,Doxorubicin,4,0,0.1376057808821043,0.1619933408050518,0.1632215108838883,False,True
L209664,Trametinib,4,0,0.0762072710844168,0.0894897058852548,0.0929271014857465,False,True
L210001,Acid,4,0,0.4009545265371683,0.5308255790140266,0.3028950849862903,False,True
L210001,Cisplatin,4,1,0.1203248829592671,0.1815903944015268,0.1373862646190304,True,True
L210001,CoCl2,4,1,0.1462513504564812,0.2182275304763226,0.302765351529635,True,True
L210001,Dabrafenib,4,0,0.1416885344508203,0.2118355192080378,0.2924238926552909,False,True
L210001,Doxorubicin,4,0,0.2002674063179937,0.2921522687112719,0.257823403294355,False,True
L210001,Trametinib,4,0,0.1146260307806866,0.1734509154049581,0.2302555648634597,False,True
L210014,Acid,3,0,0.2800284500633928,0.2278504765237969,0.1840156882250885,False,False
L210014,Cisplatin,3,0,0.0744561004084269,0.0537355672478736,0.0354797042623511,False,False
L210014,CoCl2,3,0,0.090291954794067,0.0658493157389299,0.0993973803803258,False,False
L210014,Dabrafenib,3,0,0.0902919547940672,0.0658493157389299,0.0545551630322434,False,False
L210014,Doxorubicin,3,0,0.1341899264720791,0.1006385093737961,0.1499981736385661,False,False
L210014,Trametinib,3,0,0.0754113559162071,0.0544577750949051,0.0300197865885596,False,False
L210267,Acid,0,0,0.2846693786920213,0.3078890568905343,0.2713840824026868,False,False
L210267,Cisplatin,0,0,0.06962987611271,0.0745222940707391,0.1176023596011358,False,False
L210267,CoCl2,0,0,0.0932067590000554,0.1001262429685327,0.0670967016097484,False,False
L210267,Dabrafenib,0,0,0.102824000340023,0.1106095560000657,0.1363540600820758,False,False
L210267,Doxorubicin,0,0,0.1298040178991264,0.1402936591017883,0.1220234843802963,False,False
L210267,Trametinib,0,0,0.0791097509577917,0.0847785942975159,0.1523160612208345,False,False
L210269,Acid,2,0,0.2879810790401368,0.3652937848087632,0.378336434216916,False,False
L210269,Cisplatin,2,0,0.0799419805856406,0.1086394491678054,0.152374897836884,False,False
L210269,CoCl2,2,0,0.0938138784504659,0.1270050660113731,0.347132810075908,False,False
L210269,Dabrafenib,2,0,0.0938138784504659,0.1270050660113731,0.0916099059980665,False,False
L210269,Doxorubicin,2,0,0.1291816151328634,0.1733504456735079,0.1249923350104116,False,False
L210269,Trametinib,2,0,0.0755159104304394,0.1027693817799123,0.0670787369328752,False,False
L210499,Acid,1,1,0.7096959521293986,0.704187897196352,0.6870788294308312,True,True
L210499,Cisplatin,1,1,0.3348297503537276,0.312051991687565,0.4015214074487737,True,True
L210499,CoCl2,1,0,0.4032613858437672,0.3805315659907087,0.3227161623822706,False,True
L210499,Dabrafenib,1,1,0.3974527270634661,0.3746620893324529,0.3037490521717367,True,True
L210499,Doxorubicin,1,0,0.5021700830552092,0.482244005377033,0.4580932285387424,False,True
L210499,Trametinib,1,1,0.3394085873729491,0.3165723138971407,0.2932445492945114,True,True
L210749,Acid,2,1,0.836095371853762,0.8295573594173353,0.8769012961526002,True,True
L210749,Cisplatin,2,0,0.5228670535505573,0.5075592598705704,0.5691169676629042,False,True
L210749,CoCl2,2,1,0.5662913629541966,0.5516280781291865,0.4844552325209917,True,True
L210749,Dabrafenib,2,0,0.5662913629541968,0.5516280781291865,0.429389528623684,False,True
L210749,Doxorubicin,2,0,0.6516848724678759,0.6394293326642931,0.6768808726325817,False,True
L210749,Trametinib,2,0,0.5074432494319868,0.4920327473753058,0.4371853356396604,False,True
L210870,Acid,2,0,0.3123280499487586,0.2296667393892495,0.138757977495075,False,True
L210870,Cisplatin,2,1,0.0888965001766363,0.0593874705204349,0.0332515476274195,True,True
L210870,CoCl2,2,0,0.10414634088636,0.0700816114889054,0.0261783398904337,False,True
L210870,Dabrafenib,2,0,0.1041463408863601,0.0700816114889054,0.0974667448705387,False,True
L210870,Doxorubicin,2,0,0.142795584893713,0.0979865491847473,0.1475489264659601,False,True
L210870,Trametinib,2,0,0.0840199282215226,0.0560113881872304,0.1026949885196882,False,True
L210876,Acid,2,0,0.4332282471416219,0.3648306953894986,0.32344527112023,False,False
L210876,Cisplatin,2,0,0.1410473861614739,0.108446132982737,0.0972911150383875,False,False
L210876,CoCl2,2,0,0.1636367274924759,0.1267837178378406,0.0819463368130424,False,False
L210876,Dabrafenib,2,0,0.163636727492476,0.1267837178378405,0.1111438293067023,False,False
L210876,Doxorubicin,2,0,0.2189669938919418,0.1730643378344177,0.2084942695974862,False,False
L210876,Trametinib,2,0,0.1337298931096704,0.102585308821639,0.1087519323429169,False,False
L210992,Acid,1,0,0.496272946343519,0.519279299288018,0.5223440286233186,False,False
L210992,Cisplatin,1,0,0.1686483425303422,0.1706951281426925,0.2337481079178416,False,False
L210992,CoCl2,1,0,0.2140454566038302,0.2179832528516243,0.2711238535897849,False,False
L210992,Dabrafenib,1,0,0.210003147903132,0.213755841648341,0.1601591693420023,False,False
L210992,Doxorubicin,1,0,0.2890225642677942,0.2970846905968555,0.2757496126211519,False,False
L210992,Trametinib,1,0,0.1715406967515763,0.1736847534240523,0.1100495024618928,False,False
L211180,Acid,0,1,0.6744475110404347,0.7113902891912689,0.7078090954696891,True,True
L211180,Cisplatin,0,1,0.280375010064848,0.3085175490401917,0.3497686131661139,True,True
L211180,CoCl2,0,1,0.3485752704742663,0.3813858842661277,0.5105541538618822,True,True
L211180,Dabrafenib,0,0,0.3736834886895189,0.4079667363166661,0.372059430246963,False,True
L211180,Doxorubicin,0,0,0.4371083299499504,0.4748461504407114,0.4618453550362096,False,True
L211180,Trametinib,0,1,0.3090171636322523,0.3391755825670798,0.2364583321809097,True,True
L21123,Acid,1,0,0.4130500535635625,0.3310120307783056,0.2293775599434146,False,True
L21123,Cisplatin,1,0,0.1265625992972331,0.0861579455097079,0.0751590793488319,False,True
L21123,CoCl2,1,0,0.1628501238050005,0.1132239531468448,0.0718199385818316,False,True
L21123,Dabrafenib,1,0,0.159578348822991,0.1107404725339267,0.127277602262919,False,True
L21123,Doxorubicin,1,1,0.2250286722603371,0.1621950127588449,0.173366836893673,True,True
L21123,Trametinib,1,0,0.1288450374752859,0.0878237497387703,0.1091930428528715,False,True
L211252,Acid,2,0,0.2807695161874157,0.3061793816464908,0.2237183637582237,False,False
L211252,Cisplatin,2,0,0.0773739631839097,0.0854659695712661,0.0802627294252247,False,False
L211252,CoCl2,2,0,0.0908442457636326,0.1003551422548888,0.0842201520353048,False,False
L211252,Dabrafenib,2,0,0.0908442457636327,0.1003551422548888,0.0876715501496593,False,False
L211252,Doxorubicin,2,0,0.1252471706812583,0.1385187500655099,0.10931704157722,False,False
L211252,Trametinib,2,0,0.0730787807484661,0.080734614105405,0.0757576430558256,False,False
L211480,Acid,4,0,0.2968821351175162,0.244425627398389,0.1897983166673081,False,False
L211480,Cisplatin,4,0,0.0794343772887644,0.0596568764916336,0.0773115995742756,False,False
L211480,CoCl2,4,0,0.0975269614574984,0.0739149114579627,0.0254029622368903,False,False
L211480,Dabrafenib,4,0,0.094316337926325,0.0713640393035706,0.0602681783490225,False,False
L211480,Doxorubicin,4,0,0.1364228780661134,0.1055541854905472,0.1021582444708979,False,False
L211480,Trametinib,4,0,0.0755059582532245,0.0566048433951692,0.0819266233245411,False,False
L211555,Acid,3,0,0.2800284500633928,0.3666788040235687,0.0745047890541335,False,False
L211555,Cisplatin,3,0,0.0744561004084269,0.1002500092922772,0.0241911797360816,False,False
L211555,CoCl2,3,0,0.090291954794067,0.1215032116900367,0.0385443739300119,False,False
L211555,Dabrafenib,3,0,0.0902919547940672,0.1215032116900367,0.450098731218189,False,False
L211555,Doxorubicin,3,0,0.1341899264720791,0.1800287216320057,0.1463297730943987,False,False
L211555,Trametinib,3,0,0.0754113559162071,0.1015302961758769,0.3970392561486811,False,False
L211568,Acid,3,0,0.2839379758377813,0.2129441925332001,0.0665256757817977,False,False
L211568,Cisplatin,3,0,0.0757977484189873,0.0494900321513369,0.0476935561770998,False,False
L211568,CoCl2,3,0,0.0918906235877918,0.0607081007465267,0.0414385030014198,False,False
L211568,Dabrafenib,3,0,0.0918906235877921,0.0607081007465267,0.076095094808781,False,False
L211568,Doxorubicin,3,0,0.136449253309681,0.0930516739885735,0.1114323636240983,False,False
L211568,Trametinib,3,0,0.0767687892495874,0.0501582044230454,0.1168228301444343,False,False
L21177,Acid,0,1,0.6254525161884797,0.7161529770311161,0.6345156739769713,True,True
L21177,Cisplatin,0,1,0.2389916851988758,0.3135129695266044,0.3227326215422552,True,True
L21177,CoCl2,0,1,0.3013408489370995,0.3869010054580613,0.6447098499840002,True,True
L21177,Dabrafenib,0,0,0.3247428325311391,0.4136092382322306,0.3705828278080313,False,True
L21177,Doxorubicin,0,0,0.384966727994581,0.4806626582238377,0.461208731656046,False,True
L21177,Trametinib,0,0,0.2649628361367242,0.3444201541178355,0.2648999053372078,False,True
L211832,Acid,4,0,0.2968821351175162,0.3366420037559197,0.0683731926140527,False,False
L211832,Cisplatin,4,0,0.0794343772887644,0.0905149920319181,0.0378733101309188,False,False
L211832,CoCl2,4,0,0.0975269614574984,0.1112754050741583,0.0482899266137934,False,False
L211832,Dabrafenib,4,0,0.094316337926325,0.1075849731963312,0.4077286966755312,False,False
L211832,Doxorubicin,4,0,0.1364228780661134,0.1562093261054401,0.0619009488039555,False,False
L211832,Trametinib,4,0,0.0755059582532245,0.0860286935486204,0.3653546196688553,False,False
L211840,Acid,1,1,0.6206437501862662,0.6089814324664857,0.6580106845418809,True,True
L211840,Cisplatin,1,0,0.2519861919825461,0.2288472938578657,0.2975175583566292,False,True
L211840,CoCl2,1,0,0.3114132391180942,0.2866764993230382,0.2225025863745123,False,True
L211840,Dabrafenib,1,0,0.306248611192578,0.2815966082506004,0.2497140081079113,False,True
L211840,Doxorubicin,1,1,0.4030083293827077,0.3786359671576668,0.4072379082138067,True,True
L211840,Trametinib,1,0,0.2558679190350695,0.2325697924008667,0.1953693207427345,False,True
L212182,Acid,3,0,0.4146843208666432,0.3787445882970098,0.2164178476773452,False,False
L212182,Cisplatin,3,0,0.1278074763493444,0.1050023316364598,0.1792307762891375,False,False
L212182,CoCl2,3,0,0.153113315407486,0.1271206915193089,0.1184465563942436,False,False
L212182,Dabrafenib,3,0,0.1531133154074864,0.1271206915193089,0.1413890516340033,False,False
L212182,Doxorubicin,3,0,0.2201619795680417,0.1877736682312306,0.1427270600683101,False,False
L212182,Trametinib,3,0,0.129351556344138,0.1063361373602978,0.1427906653393231,False,False
L212210,Acid,2,0,0.7212432038281684,0.6691561870161272,0.6601916033933423,False,True
L212210,Cisplatin,2,1,0.3572570775609784,0.2998771360174658,0.354500218013701,True,True
L212210,CoCl2,2,0,0.3984121588165569,0.3383017557169582,0.3397387656452554,False,True
L212210,Dabrafenib,2,0,0.398412158816557,0.3383017557169582,0.2382018825517979,False,True
L212210,Doxorubicin,2,1,0.4869110507608625,0.4242784428520296,0.4356037928568056,True,True
L212210,Trametinib,2,0,0.3432045341516471,0.2870010553781364,0.2475712623040789,False,True
L212295,Acid,0,0,0.2913335192140022,0.1989189006278116,0.1964605057553606,False,True
L212295,Cisplatin,0,0,0.0717649606822348,0.0430137190401354,0.0497131393139021,False,True
L212295,CoCl2,0,1,0.0959902001688309,0.0584761393396457,0.0463147874430877,True,True
L212295,Dabrafenib,0,0,0.1058611135447152,0.0649132175406328,0.0342277537954826,False,True
L212295,Doxorubicin,0,0,0.1335194425566999,0.0834850116472557,0.1113823978211474,False,True
L212295,Trametinib,0,0,0.0815100531712696,0.0491639436484646,0.0227931965174766,False,True
L212390,Acid,0,0,0.2913335192140022,0.2512399254278636,0.2199606594358354,False,False
L212390,Cisplatin,0,0,0.0717649606822348,0.0572585438304724,0.0441269018555593,False,False
L212390,CoCl2,0,0,0.0959902001688309,0.0774273423600826,0.022423398423732,False,False
L212390,Dabrafenib,0,0,0.1058611135447152,0.08576055535094,0.1495004867610098,False,False
L212390,Doxorubicin,0,0,0.1335194425566999,0.1095977416062063,0.1050121419472755,False,False
L212390,Trametinib,0,0,0.0815100531712696,0.0653065415165944,0.1059590352163488,False,False
L212486,Acid,4,0,0.2811303118206386,0.2274097763125797,0.095601738431988,False,True
L212486,Cisplatin,4,0,0.0740054563390073,0.0545747503884946,0.0290022871238317,False,True
L212486,CoCl2,4,0,0.0909837199544665,0.0677056083295065,0.0661229064529925,False,True
L212486,Dabrafenib,4,0,0.0879675059053129,0.065353902606155,0.0908195785499047,False,True
L212486,Doxorubicin,4,1,0.1276391277841468,0.096965283741098,0.0986717679916001,True,True
L212486,Trametinib,4,0,0.0703250134578361,0.0517684040588079,0.0758567686506973,False,True
L212617,Acid,1,0,0.7497286509253938,0.7800064466622024,0.767373476301446,False,True
L212617,Cisplatin,1,0,0.3815054985426501,0.4031973691901105,0.4120155501656191,False,True
L212617,CoCl2,1,1,0.4529802345349126,0.4777872739848284,0.4660387283583193,True,True
L212617,Dabrafenib,1,1,0.4469918610706153,0.4715596195252064,0.4282407053160411,True,True
L212617,Doxorubicin,1,0,0.552787101836365,0.581109420012029,0.6071889566470065,False,True
L212617,Trametinib,1,0,0.3863518892775751,0.4082544807369678,0.4155680922896505,False,True
L212632,Acid,0,0,0.2846693786920213,0.3026568317971755,0.3091380925579902,False,True
L212632,Cisplatin,0,1,0.06962987611271,0.0728385068180109,0.0645350211767468,True,True
L212632,CoCl2,0,0,0.0932067590000554,0.0979251615619029,0.0588245522924815,False,True
L212632,Dabrafenib,0,0,0.102824000340023,0.1082057304782712,0.0829147247811404,False,True
L212632,Doxorubicin,0,0,0.1298040178991264,0.1373443442895546,0.161760721632531,False,True
L212632,Trametinib,0,0,0.0791097509577917,0.082883825695199,0.0724706088244256,False,True
L212764,Acid,1,0,0.2846492613888907,0.1822070582234343,0.0312214030364284,False,True
L212764,Cisplatin,1,0,0.0757290196169657,0.0407252334337656,0.0098651393723099,False,True
L212764,CoCl2,1,1,0.09909531796825,0.0543679444550772,0.0196009171159414,True,True
L212764,Dabrafenib,1,1,0.0969560750019377,0.0530981254492208,0.1770349946539715,True,True
L212764,Doxorubicin,1,0,0.1410322674669205,0.0801847072966316,0.081187386244623,False,True
L212764,Trametinib,1,1,0.0771757232365809,0.0415525690965594,0.1046152122107621,True,True
L212929,Acid,4,1,0.8471803257097789,0.8765908498140025,0.8942737407330458,True,True
L212929,Cisplatin,4,0,0.5311563860000285,0.5821162332573971,0.6207352965122619,False,True
L212929,CoCl2,4,0,0.5865774026874918,0.6366956162583881,0.76569683642802,False,True
L212929,Dabrafenib,4,1,0.577570664140043,0.6278909431840793,0.5325454246271248,True,True
L212929,Doxorubicin,4,1,0.6747000464446329,0.7215417956323307,0.7354207187732248,True,True
L212929,Trametinib,4,1,0.517445225351,0.5684945401545778,0.5065777579925973,True,True
L213774,Acid,0,1,0.2846693786920213,0.2800376658963994,0.2160454620998005,True,True
L213774,Cisplatin,0,0,0.06962987611271,0.0657748610508457,0.1050707347956695,False,True
L213774,CoCl2,0,0,0.0932067590000554,0.0886613348798881,0.1400326288387489,False,True
L213774,Dabrafenib,0,0,0.102824000340023,0.0980750883977797,0.0929938010705956,False,True
L213774,Doxorubicin,0,0,0.1298040178991264,0.1248676117431956,0.1287538414197657,False,True
L213774,Trametinib,0,0,0.0791097509577917,0.0749247399536864,0.0586895829045724,False,True
L213816,Acid,3,0,0.2800284500633928,0.1747705947035107,0.1547451809488314,False,False
L213816,Cisplatin,3,0,0.0744561004084269,0.0391602467892255,0.091650637312476,False,False
L213816,CoCl2,3,0,0.090291954794067,0.0481554550717394,0.0541693814351806,False,False
L213816,Dabrafenib,3,0,0.0902919547940672,0.0481554550717394,0.0331458314794933,False,False
L213816,Doxorubicin,3,0,0.1341899264720791,0.0743406312768697,0.0713660895251922,False,False
L213816,Trametinib,3,0,0.0754113559162071,0.0396947793279448,0.0187430165009506,False,False
L213986,Acid,3,1,0.5738818617437471,0.590659201818905,0.5145460304232341,True,False
L213986,Cisplatin,3,1,0.2178662455818775,0.2173345971435547,0.1986159464098209,True,False
L213986,CoCl2,3,1,0.2557744905996583,0.2563381481748547,0.1849504244423244,True,False
L213986,Dabrafenib,3,1,0.2557744905996589,0.2563381481748546,0.2637640276119183,True,False
L213986,Doxorubicin,3,1,0.3492398994452888,0.3536644253081317,0.336533912651857,True,False
L213986,Trametinib,3,1,0.2202236317315153,0.2197449736117819,0.2374121491093931,True,False
L214021,Acid,2,0,0.6038122237619251,0.5540275556376131,0.5879676480698492,False,False
L214021,Cisplatin,2,0,0.2466516131558873,0.208284556636159,0.2312822508947644,False,False
L214021,CoCl2,2,0,0.280628289067114,0.2389790129317131,0.1587192246949661,False,False
L214021,Dabrafenib,2,0,0.2806282890671142,0.2389790129317131,0.254905602847465,False,False
L214021,Doxorubicin,2,0,0.3585577383085783,0.3116003692029132,0.3504358636592592,False,False
L214021,Trametinib,2,0,0.2353565970534309,0.1982277631909854,0.1921477393035014,False,False
L214973,Acid,2,1,0.896678674498017,0.9207182363258364,0.912254439147022,True,True
L214973,Cisplatin,2,1,0.6508841558800355,0.7109272730226809,0.7563878243778871,True,True
L214973,CoCl2,2,1,0.6895746638864715,0.7459075452666457,0.8354135884230928,True,True
L214973,Dabrafenib,2,1,0.6895746638864717,0.7459075452666457,0.7542991680713887,True,True
L214973,Doxorubicin,2,0,0.7609417064111881,0.8088477747652448,0.8015418681400777,False,True
L214973,Trametinib,2,1,0.6367234462652338,0.6979976163683728,0.7388101529058948,True,True
L215117,Acid,0,0,0.2913335192140022,0.3043101785962145,0.1732926416935259,False,False
L215117,Cisplatin,0,0,0.0717649606822348,0.0733684946812449,0.0311088232718957,False,False
L215117,CoCl2,0,0,0.0959902001688309,0.098618269505406,0.1486264848586902,False,False
L215117,Dabrafenib,0,0,0.1058611135447152,0.1089628142170362,0.1558694362208712,False,False
L215117,Doxorubicin,0,0,0.1335194425566999,0.138273691416233,0.1336656559117182,False,False
L215117,Trametinib,0,0,0.0815100531712696,0.0834803242689111,0.1311513825529641,False,False
L215362,Acid,2,0,0.4635175843386944,0.4695264068099302,0.5217307617378709,False,False
L215362,Cisplatin,2,0,0.156551295873542,0.1578517548371849,0.1774030120719047,False,False
L215362,CoCl2,2,0,0.1811001393176744,0.1828303429951425,0.2805075602489552,False,False
L215362,Dabrafenib,2,0,0.1811001393176745,0.1828303429951426,0.124579307458402,False,False
L215362,Doxorubicin,2,0,0.2406363483687891,0.2438565570745863,0.2506557567163129,False,False
L215362,Trametinib,2,0,0.1485685871243549,0.1497694060354818,0.0818491688779337,False,False
L215374,Acid,3,0,0.2800284500633928,0.2087635183543409,0.0528196596043282,False,False
L215374,Cisplatin,3,0,0.0744561004084269,0.0483213880707925,0.013229846519536,False,False
L215374,CoCl2,3,0,0.090291954794067,0.0592910802676039,0.0233486999596991,False,False
L215374,Dabrafenib,3,0,0.0902919547940672,0.0592910802676039,0.0904441300110048,False,False
L215374,Doxorubicin,3,0,0.1341899264720791,0.0909528073767461,0.0910234978006159,False,False
L215374,Trametinib,3,0,0.0754113559162071,0.0489745952614816,0.1086227623092875,False,False
L215425,Acid,4,0,0.29897467523817,0.2004470470818779,0.1541500939935095,False,True
L215425,Cisplatin,4,0,0.0801690138735493,0.0468611807694081,0.0322637757520583,False,True
L215425,CoCl2,4,0,0.0984110368485007,0.0582504775320499,0.0455321525488588,False,True
L215425,Dabrafenib,4,1,0.0951743785327787,0.0562073889458627,0.0414050559175519,True,True
L215425,Doxorubicin,4,0,0.1376057808821043,0.0837912677238331,0.0731880037812889,False,True
L215425,Trametinib,4,0,0.0762072710844168,0.0444328405732523,0.0363147551620056,False,True
L215992,Acid,0,1,0.6303847650381779,0.6158963729215335,0.6165581005818066,True,True
L215992,Cisplatin,0,0,0.2428523681013637,0.224951878110943,0.2780847216204533,False,True
L215992,CoCl2,0,0,0.3058039928536218,0.2862536039149316,0.1588282929126837,False,True
L215992,Dabrafenib,0,0,0.3293891716958623,0.3095216131115955,0.2955178124285997,False,True
L215992,Doxorubicin,0,0,0.3899771015393171,0.3703583077361828,0.3814272346474117,False,True
L215992,Trametinib,0,0,0.2690947079774682,0.2503118410937482,0.3229130117881286,False,True
L216346,Acid,3,0,0.6720536619404234,0.7197096409521169,0.6280875047446229,False,True
L216346,Cisplatin,3,0,0.2976814382803324,0.3307186423566698,0.2598893677754581,False,True
L216346,CoCl2,3,0,0.3433802467394844,0.3801861185507723,0.4370878859120035,False,True
L216346,Dabrafenib,3,1,0.3433802467394852,0.3801861185507723,0.4450346858707053,True,True
L216346,Doxorubicin,3,0,0.4495223651831184,0.4933404743051794,0.5160358344160229,False,True
L216346,Trametinib,3,0,0.3005705635335411,0.3338501253987139,0.3812949041045329,False,True
L216554,Acid,2,1,0.2879810790401368,0.3059728427548228,0.27465479448553,True,True
L216554,Cisplatin,2,0,0.0799419805856406,0.0853899931892949,0.0918695088264885,False,True
L216554,CoCl2,2,0,0.0938138784504659,0.1002673810590298,0.0736170137555042,False,True
L216554,Dabrafenib,2,0,0.0938138784504659,0.1002673810590298,0.1000326240542417,False,True
L216554,Doxorubicin,2,1,0.1291816151328634,0.1384027489128873,0.1662124447198988,True,True
L216554,Trametinib,2,0,0.0755159104304394,0.0806624727665648,0.0604979130407708,False,True
L216702,Acid,2,1,0.8926740108598147,0.9026387507989192,0.9272160720965338,True,True
L216702,Cisplatin,2,0,0.641165132204976,0.6625413636402449,0.7417303935560244,False,True
L216702,CoCl2,2,1,0.680403866108633,0.7009135054603892,0.7326522131473445,True,True
L216702,Dabrafenib,2,0,0.6804038661086332,0.7009135054603891,0.6435711246105162,False,True
L216702,Doxorubicin,2,1,0.7531244608792548,0.7715860857862908,0.7888603628947559,True,True
L216702,Trametinib,2,0,0.6268362163370558,0.6485174841880073,0.6357929690303822,False,True
L217032,Acid,0,0,0.5215772459934784,0.5094482109073624,0.5469255221932398,False,False
L217032,Cisplatin,0,0,0.1701436226738069,0.1582365970112641,0.2115215254722637,False,False
L217032,CoCl2,0,0,0.2197171934632886,0.2061945002891961,0.2168387186410382,False,False
L217032,Dabrafenib,0,0,0.2389482736553993,0.2250064301669418,0.1799105465467089,False,False
L217032,Doxorubicin,0,0,0.2900968619243606,0.275868444394223,0.2674767910721796,False,False
L217032,Trametinib,0,0,0.1905059970527224,0.1778008072484566,0.1046280592096579,False,False
L21716,Acid,4,1,0.4949457292859942,0.510483625324091,0.4065174141843363,True,True
L21716,Cisplatin,4,0,0.1668545873855164,0.1697884038571981,0.1526302560168954,False,True
L21716,CoCl2,4,1,0.2005214642009954,0.2046397979412765,0.1910356145440666,True,True
L21716,Dabrafenib,4,1,0.1946515350455211,0.1985447021275266,0.1915118584598966,True,True
L21716,Doxorubicin,4,1,0.2682828514972994,0.2755842435141178,0.2590994407998357,True,True
L21716,Trametinib,4,1,0.1593511899788926,0.1620731679677004,0.1659488578840266,True,True
L217371,Acid,2,1,0.5067370453832643,0.4691961998658153,0.4451865463714018,True,True
L217371,Cisplatin,2,0,0.1807941823099136,0.1576755892981002,0.1580330451454605,False,True
L217371,CoCl2,2,1,0.2082061461254913,0.1826323463292748,0.2307033156889589,True,True
L217371,Dabrafenib,2,1,0.2082061461254913,0.1826323463292748,0.1475991100675694,True,True
L217371,Doxorubicin,2,0,0.2736753302835227,0.2436121740000987,0.2825700297232043,False,True
L217371,Trametinib,2,0,0.1718271363492992,0.1496006582124404,0.133865242924339,False,True
L217518,Acid,3,0,0.2839379758377813,0.2892878760767426,0.3272811973526018,False,False
L217518,Cisplatin,3,0,0.0757977484189873,0.0726415232868659,0.0642547042135218,False,False
L217518,CoCl2,3,0,0.0918906235877918,0.0886181503039301,0.0639957929461689,False,False
L217518,Dabrafenib,3,0,0.0918906235877921,0.0886181503039301,0.0632207087435522,False,False
L217518,Doxorubicin,3,0,0.136449253309681,0.1337146130016436,0.1742309813292219,False,False
L217518,Trametinib,3,0,0.0767687892495874,0.0735980648237655,0.074238973825106,False,False
L217633,Acid,2,0,0.2807695161874157,0.3761535809534575,0.5316631819379264,False,False
L217633,Cisplatin,2,0,0.0773739631839097,0.1132303727935022,0.1685263488223335,False,False
L217633,CoCl2,2,0,0.0908442457636326,0.1322569351871902,0.0980425223164697,False,False
L217633,Dabrafenib,2,0,0.0908442457636327,0.1322569351871902,0.1356847120582685,False,False
L217633,Doxorubicin,2,0,0.1252471706812583,0.1801233537578947,0.1777877183509237,False,False
L217633,Trametinib,2,0,0.0730787807484661,0.1071420629362307,0.059493605155275,False,False
L21782,Acid,2,1,0.6143202169246856,0.6651243354787401,0.4888161297867223,True,True
L21782,Cisplatin,2,0,0.2549437040829534,0.2960790860966497,0.3018423936046795,False,True
L21782,CoCl2,2,1,0.289623493646032,0.3342493840114349,0.4190348156032519,True,True
L21782,Dabrafenib,2,0,0.2896234936460322,0.3342493840114349,0.4034431191492138,False,True
L21782,Doxorubicin,2,0,0.3687703656742593,0.4198496540787354,0.3913130357601802,False,True
L21782,Trametinib,2,1,0.2433916457836476,0.2833000962785341,0.3817064735194533,True,True
L218039,Acid,1,0,0.2838807297763159,0.3561602817948313,0.1310252120309179,False,False
L218039,Cisplatin,1,0,0.0754650511914505,0.0953552307159449,0.0362555455840468,False,False
L218039,CoCl2,1,0,0.0987586044275129,0.1249155683876517,0.1101244447981759,False,False
L218039,Dabrafenib,1,0,0.0966258507238606,0.1222109833313311,0.3844525361832955,False,False
L218039,Doxorubicin,1,0,0.1405752922599338,0.1779287964440637,0.185501194992884,False,False
L218039,Trametinib,1,0,0.0769071316414241,0.0971799479881818,0.1966891374315968,False,False
L218300,Acid,0,1,0.4951423832940624,0.5343220990560047,0.5465444964824798,True,True
L218300,Cisplatin,0,1,0.1557227929225017,0.1719741330760324,0.1806601298444932,True,True
L218300,CoCl2,0,0,0.2021180226005783,0.2229926031984991,0.1928544021097748,False,True
L218300,Dabrafenib,0,1,0.2202435020704015,0.2428681973832038,0.2573933411222331,True,True
L218300,Doxorubicin,0,0,0.2688023683384141,0.2962245249802756,0.2963890211187364,False,True
L218300,Trametinib,0,1,0.1747226877606323,0.1928477135554575,0.167883327830082,True,True
L218518,Acid,2,1,0.7051842121936467,0.7770410437877886,0.7750711372034285,True,True
L218518,Cisplatin,2,1,0.3394339931801881,0.4246413583264593,0.4401912163835468,True,True
L218518,CoCl2,2,1,0.3797489687066254,0.4683580951218396,0.5265174716870875,True,True
L218518,Dabrafenib,2,0,0.3797489687066255,0.4683580951218396,0.3979708621269181,False,True
L218518,Doxorubicin,2,0,0.4673226180578206,0.5594425988342989,0.5064907455078749,False,True
L218518,Trametinib,2,0,0.3257272302045002,0.4095418481317621,0.3560746081905256,False,True
L219307,Acid,3,1,0.9660517052777736,0.967217233986218,0.9807539265543578,True,True
L219307,Cisplatin,3,0,0.8547716911315684,0.8502498271732417,0.8943232666646987,False,True
L219307,CoCl2,3,0,0.8789605903418733,0.8757451093138022,0.8420990829215234,False,True
L219307,Dabrafenib,3,1,0.8789605903418737,0.8757451093138022,0.8835044365903713,True,True
L219307,Doxorubicin,3,1,0.9189592611208384,0.9179533584655062,0.9452202722911298,True,True
L219307,Trametinib,3,1,0.8564740505883213,0.8520380272234295,0.8843255016629734,True,True
L21964,Acid,2,0,0.2879810790401368,0.3101185587178311,0.2245471833265452,False,False
L21964,Cisplatin,2,0,0.0799419805856406,0.0869212830225332,0.0900083409725119,False,False
L21964,CoCl2,2,0,0.0938138784504659,0.1020357013976233,0.107594663458014,False,False
L21964,Dabrafenib,2,0,0.0938138784504659,0.1020357013976233,0.1110512917509444,False,False
L21964,Doxorubicin,2,0,0.1291816151328634,0.1407384233538302,0.1039942407916309,False,False
L21964,Trametinib,2,0,0.0755159104304394,0.0821165961198493,0.0935439679722449,False,False
L220288,Acid,4,1,0.2968821351175162,0.3239924226821614,0.3221041845972565,True,True
L220288,Cisplatin,4,0,0.0794343772887644,0.0859159974099534,0.1042281859414085,False,True
L220288,CoCl2,4,0,0.0975269614574984,0.1057442324908212,0.034645957554789,False,True
L220288,Dabrafenib,4,0,0.094316337926325,0.1022161428079376,0.1725366050907678,False,True
L220288,Doxorubicin,4,0,0.1364228780661134,0.1488186300158916,0.1384128762478872,False,True
L220288,Trametinib,4,0,0.0755059582532245,0.0816371833587168,0.1001384247479695,False,True
L220437,Acid,4,0,0.29897467523817,0.2367833873300139,0.2199258713639693,False,False
L220437,Cisplatin,4,0,0.0801690138735493,0.0573531248073235,0.0611450849313768,False,False
L220437,CoCl2,4,0,0.0984110368485007,0.0711021939220874,0.0920319516626017,False,False
L220437,Dabrafenib,4,0,0.0951743785327787,0.0686411964922576,0.0409483374819847,False,False
L220437,Doxorubicin,4,0,0.1376057808821043,0.1016696629326621,0.1440949705169275,False,False
L220437,Trametinib,4,0,0.0762072710844168,0.0544121313228095,0.0442537607041387,False,False
L220469,Acid,0,0,0.283084547091898,0.2580158334417679,0.2438925707267321,False,False
L220469,Cisplatin,0,0,0.0691265369767683,0.0592165505396645,0.0898589482935785,False,False
L220469,CoCl2,0,0,0.0925499417249437,0.0800165006291053,0.0413198129059615,False,False
L220469,Dabrafenib,0,0,0.1021070427147207,0.0886016130130803,0.0816207791931053,False,False
L220469,Doxorubicin,0,0,0.1289259711728003,0.11313075600309,0.1114929317924634,False,False
L220469,Trametinib,0,0,0.078543669144304,0.0675200459565713,0.1474701758596838,False,False
L220884,Acid,2,0,0.3123280499487586,0.2745433244540344,0.2675754672219251,False,False
L220884,Cisplatin,2,0,0.0888965001766363,0.0741964081669272,0.0671134179934732,False,False
L220884,CoCl2,2,0,0.10414634088636,0.0873097247431557,0.0543091616407261,False,False
L220884,Dabrafenib,2,0,0.1041463408863601,0.0873097247431557,0.0886097033890658,False,False
L220884,Doxorubicin,2,0,0.142795584893713,0.1211805848948849,0.1351059413358555,False,False
L220884,Trametinib,2,0,0.0840199282215226,0.0700411495375782,0.0681866805242354,False,False
L22093,Acid,4,1,0.4343535892129345,0.4486196916589521,0.3346134031139549,True,True
L22093,Cisplatin,4,0,0.1356408285446726,0.1376060203874371,0.1445253305218358,False,True
L22093,CoCl2,4,0,0.1642512362708553,0.1671817812120675,0.2057946956832575,False,True
L22093,Dabrafenib,4,0,0.159231589114579,0.161975148043652,0.1802328635604192,False,True
L22093,Doxorubicin,4,0,0.2231774654903519,0.2288771984917961,0.2136172910951526,False,True
L22093,Trametinib,4,0,0.1293232217737924,0.1311221962969488,0.1742468090746204,False,True
L221726,Acid,1,1,0.5106499318267715,0.5589712717753903,0.6011833840058902,True,True
L221726,Cisplatin,1,1,0.176866602597599,0.1945242686153493,0.2273139277457963,True,True
L221726,CoCl2,1,0,0.2238801848858516,0.2464520307625529,0.178547752833784,False,True
L221726,Dabrafenib,1,0,0.2197040635934303,0.241843257572087,0.2346739602234944,False,True
L221726,Doxorubicin,1,1,0.3009830017910798,0.3315048837209235,0.2806024594695964,True,True
L221726,Trametinib,1,0,0.1798694071705185,0.1978316871736469,0.1990494089005623,False,True
L221983,Acid,3,1,0.5626436733180362,0.5575745861323032,0.583006357966084,True,True
L221983,Cisplatin,3,1,0.210161350514774,0.1951898164497262,0.2358130011287777,True,True
L221983,CoCl2,3,0,0.2471525985349805,0.2313941549651322,0.1445059766408823,False,True
L221983,Dabrafenib,3,1,0.2471525985349811,0.2313941549651322,0.2392384541219312,True,True
L221983,Doxorubicin,3,0,0.3389021017609692,0.3233678849615711,0.3428164001904658,False,True
L221983,Trametinib,3,0,0.2124580135268596,0.1974165425359207,0.2120342750835996,False,True
L222674,Acid,1,0,0.2846492613888907,0.294484372173808,0.1828037284653794,False,True
L222674,Cisplatin,1,0,0.0757290196169657,0.073674619394927,0.05584433607778,False,True
L222674,CoCl2,1,0,0.09909531796825,0.0972363336396008,0.0684006451936627,False,True
L222674,Dabrafenib,1,1,0.0969560750019377,0.0950659353168514,0.1211368381992875,True,True
L222674,Doxorubicin,1,0,0.1410322674669205,0.1403872165650918,0.1497761894798922,False,True
L222674,Trametinib,1,0,0.0771757232365809,0.0751189069453836,0.0869351512350339,False,True
L22281,Acid,0,0,0.2846693786920213,0.1678811216468538,0.1170096376485041,False,True
L22281,Cisplatin,0,0,0.06962987611271,0.0352322971704781,0.0260208765818455,False,True
L22281,CoCl2,0,0,0.0932067590000554,0.0480378924444322,0.0815683483200357,False,True
L22281,Dabrafenib,0,0,0.102824000340023,0.05339108310061,0.0410915141975196,False,True
L22281,Doxorubicin,0,1,0.1298040178991264,0.0689093019177498,0.0896977594254175,True,True
L22281,Trametinib,0,1,0.0791097509577917,0.0403167848578654,0.0306895464933942,True,True
L222867,Acid,4,1,0.8995571487611761,0.916906253900573,0.9384979572654372,True,True
L222867,Cisplatin,4,1,0.64667280784679,0.6839463543494791,0.7666223625205157,True,True
L222867,CoCl2,4,1,0.6962477261726526,0.7313634930613636,0.8070748643553474,True,True
L222867,Dabrafenib,4,1,0.6883608698225157,0.7238580417296172,0.6703370719352342,True,True
L222867,Doxorubicin,4,1,0.7701536937391376,0.801010665631886,0.8358063701611159,True,True
L222867,Trametinib,4,0,0.6340121442531286,0.6717723839015632,0.6675984730041664,False,True
L223068,Acid,0,1,0.8910707529249443,0.9254221576243096,0.9327900158382854,True,False
L223068,Cisplatin,0,1,0.6060534448963452,0.6919393471795803,0.6951084066191047,True,False
L223068,CoCl2,0,1,0.6787531011653833,0.7563166800180828,0.8361703051535037,True,False
L223068,Dabrafenib,0,1,0.7020143306519279,0.7762392668999315,0.772053398540725,True,False
L223068,Doxorubicin,0,1,0.7540719894502668,0.8198837744854246,0.8253419587383077,True,False
L223068,Trametinib,0,1,0.6384486010234,0.7209724500995279,0.7052980297884016,True,False
L223157,Acid,0,0,0.4328777043248581,0.3299879087264197,0.3831109953573065,False,True
L223157,Cisplatin,0,0,0.125527930426065,0.0818520866293526,0.0682390260831328,False,True
L223157,CoCl2,0,1,0.1646818096685305,0.109675923755654,0.1106971682444031,True,True
L223157,Dabrafenib,0,0,0.1802083459980085,0.1210246255303612,0.0847329872563637,False,True
L223157,Doxorubicin,0,0,0.2224585775702799,0.153022900634533,0.2154458388071263,False,True
L223157,Trametinib,0,0,0.1414610018446082,0.0930157781591228,0.0539520357669401,False,True
L22366,Acid,2,1,0.5670892342802313,0.6709169745016417,0.671552620966052,True,True
L22366,Cisplatin,2,0,0.2196099482978536,0.3015518917134056,0.1985749163800022,False,True
L22366,CoCl2,2,0,0.2511032036553904,0.3400868657362431,0.3115513733372235,False,True
L22366,Dabrafenib,2,1,0.2511032036553905,0.3400868657362431,0.4651067965847553,True,True
L22366,Doxorubicin,2,0,0.3245324898172641,0.4262249972889713,0.3768127464874486,False,True
L22366,Trametinib,2,1,0.2092093703664751,0.2886335465384724,0.3645035283147415,True,True
L223841,Acid,1,0,0.2846492613888907,0.2399996110826392,0.1557415524009607,False,False
L223841,Cisplatin,1,0,0.0757290196169657,0.0567569513832671,0.0480131886749866,False,False
L223841,CoCl2,1,0,0.09909531796825,0.07534835244375,0.0397620098345505,False,False
L223841,Dabrafenib,1,0,0.0969560750019377,0.0736266672746144,0.0638658996616663,False,False
L223841,Doxorubicin,1,0,0.1410322674669205,0.109969149871364,0.1425333005674303,False,False
L223841,Trametinib,1,0,0.0771757232365809,0.0578903179371851,0.0749194195713557,False,False
L223859,Acid,1,0,0.4130500535635625,0.476997852078498,0.2330631122249502,False,True
L223859,Cisplatin,1,1,0.1265625992972331,0.1480550447108554,0.1152329019110741,True,True
L223859,CoCl2,1,0,0.1628501238050005,0.1905119712419679,0.1242474956034569,False,True
L223859,Dabrafenib,1,0,0.159578348822991,0.1866901335007016,0.3083687096783066,False,True
L223859,Doxorubicin,1,1,0.2250286722603371,0.2629972213726301,0.2356366542040542,True,True
L223859,Trametinib,1,0,0.1288450374752859,0.1507202082634667,0.2869144067257086,False,True
L223983,Acid,3,1,0.4146843208666432,0.4559322245681619,0.3551491487372551,True,True
L223983,Cisplatin,3,0,0.1278074763493444,0.1388723009820195,0.1145171686295626,False,True
L223983,CoCl2,3,0,0.153113315407486,0.16679561477878,0.1065993917393308,False,True
L223983,Dabrafenib,3,0,0.1531133154074864,0.1667956147787799,0.2082416663227666,False,True
L223983,Doxorubicin,3,0,0.2201619795680417,0.2411488754616818,0.2264384148040064,False,True
L223983,Trametinib,3,0,0.129351556344138,0.1405687710410013,0.2288934252428032,False,True
L224160,Acid,4,0,0.29897467523817,0.2480351879113374,0.1189676259291859,False,False
L224160,Cisplatin,4,0,0.0801690138735493,0.0607572710208334,0.0643989906309853,False,False
L224160,CoCl2,4,0,0.0984110368485007,0.0752572531048682,0.0477537111466126,False,False
L224160,Dabrafenib,4,0,0.0951743785327787,0.0726636903431585,0.0592652436318733,False,False
L224160,Doxorubicin,4,0,0.1376057808821043,0.107404477327712,0.1337669445351374,False,False
L224160,Trametinib,4,0,0.0762072710844168,0.0576523934766815,0.0796288577561506,False,False
L22426,Acid,0,0,0.2846693786920213,0.1943509595298786,0.184359757363347,False,False
L22426,Cisplatin,0,0,0.06962987611271,0.0418389728456999,0.0362833603469559,False,False
L22426,CoCl2,0,0,0.0932067590000554,0.0569042098945,0.0924970221476679,False,False
L22426,Dabrafenib,0,0,0.102824000340023,0.0631798609934834,0.0404165340141182,False,False
L22426,Doxorubicin,0,0,0.1298040178991264,0.081298854784705,0.1064076854834106,False,False
L22426,Trametinib,0,0,0.0791097509577917,0.0478296238548619,0.0192528174371519,False,False
L224455,Acid,0,0,0.283084547091898,0.2306006302779187,0.2032581874544164,False,True
L224455,Cisplatin,0,0,0.0691265369767683,0.0514595783757977,0.0307852544044589,False,True
L224455,CoCl2,0,0,0.0925499417249437,0.0697368427671494,0.0903176803512769,False,True
L224455,Dabrafenib,0,0,0.1021070427147207,0.0773117176088341,0.0743791870286947,False,True
L224455,Doxorubicin,0,0,0.1289259711728003,0.0990549827648134,0.1016840079808528,False,True
L224455,Trametinib,0,1,0.078543669144304,0.0587432884417009,0.0681371071890117,True,True
L22481,Acid,1,0,0.2838807297763159,0.2492020501883858,0.2510186277455977,False,False
L22481,Cisplatin,1,0,0.0754650511914505,0.0594831342507536,0.0527344668908847,False,False
L22481,CoCl2,1,0,0.0987586044275129,0.0788928383664857,0.0666740217065126,False,False
L22481,Dabrafenib,1,0,0.0966258507238606,0.0770969157827469,0.0540542782301796,False,False
L22481,Doxorubicin,1,0,0.1405752922599338,0.1149397979541863,0.162041339166389,False,False
L22481,Trametinib,1,0,0.0769071316414241,0.0606674379526982,0.0476466452033675,False,False
L224816,Acid,2,1,0.8142049434269932,0.7814341820929814,0.8356522812213384,True,True
L224816,Cisplatin,2,0,0.4849150766646901,0.4308925844585288,0.4969992046890794,False,True
L224816,CoCl2,2,0,0.5286799037554826,0.4747218876173437,0.4341960060000473,False,True
L224816,Dabrafenib,2,0,0.5286799037554827,0.4747218876173437,0.396207335405149,False,True
L224816,Doxorubicin,2,0,0.616463289882717,0.5657270447246344,0.610020322536792,False,True
L224816,Trametinib,2,0,0.4695091607156684,0.4157314042372125,0.2949620252512507,False,True
L224895,Acid,4,0,0.424821092297298,0.4868036464819028,0.4994216544964245,False,False
L224895,Cisplatin,4,0,0.1311440810112391,0.1568485446226743,0.1534525861117755,False,False
L224895,CoCl2,4,0,0.1589804544029891,0.1896506017324345,0.3291062124942865,False,False
L224895,Dabrafenib,4,0,0.1540921873118699,0.1838987270565356,0.114718572272375,False,False
L224895,Doxorubicin,4,0,0.2165056114191431,0.2570782070448204,0.2924424833396524,False,False
L224895,Trametinib,4,0,0.1250056249684408,0.1496153358809936,0.1251324429538003,False,False
L225616,Acid,2,0,0.4046476253627627,0.1552246510955284,0.1536789204697567,False,False
L225616,Cisplatin,2,0,0.1274092039915534,0.0374546110314003,0.0867640814347232,False,False
L225616,CoCl2,2,0,0.1481911644941574,0.0443855843165813,0.0317120284732378,False,False
L225616,Dabrafenib,2,0,0.1481911644941574,0.0443855843165813,0.0201497955951589,False,False
L225616,Doxorubicin,2,0,0.1995448816718135,0.0627493463897378,0.0749908573286357,False,False
L225616,Trametinib,2,0,0.1206998314487802,0.0352786122663425,0.0129494592884239,False,False
L22635,Acid,3,1,0.2839379758377813,0.3577743162184512,0.2962436810758595,True,True
L22635,Cisplatin,3,1,0.0757977484189873,0.0968263451840111,0.1128916186753841,True,True
L22635,CoCl2,3,0,0.0918906235877918,0.1174484690147885,0.0703817098647728,False,True
L22635,Dabrafenib,3,1,0.0918906235877921,0.1174484690147885,0.2149848808288683,True,True
L22635,Doxorubicin,3,1,0.136449253309681,0.1744086428579007,0.1674338920286867,True,True
L22635,Trametinib,3,1,0.0767687892495874,0.0980676742627576,0.1289004487101459,True,True
L227050,Acid,3,1,0.684796838430617,0.7454419454689466,0.7445553214049889,True,True
L227050,Cisplatin,3,1,0.3100369509211236,0.3604273054738042,0.3906345491620116,True,True
L227050,CoCl2,3,0,0.3566692617517086,0.4116056200531762,0.5045302071759112,False,True
L227050,Dabrafenib,3,1,0.3566692617517094,0.4116056200531762,0.345499282007611,True,True
L227050,Doxorubicin,3,0,0.4640162923299193,0.5261727721508237,0.4625885117718802,False,True
L227050,Trametinib,3,1,0.3129925506098193,0.3636872316134929,0.2810109130216825,True,True
L227315,Acid,2,0,0.2807695161874157,0.2571133955599047,0.2627419795563124,False,False
L227315,Cisplatin,2,0,0.0773739631839097,0.0682885985488726,0.0589119803123694,False,False
L227315,CoCl2,2,0,0.0908442457636326,0.0804485122418863,0.0762128755551014,False,False
L227315,Dabrafenib,2,0,0.0908442457636327,0.0804485122418863,0.0538851835605192,False,False
L227315,Doxorubicin,2,0,0.1252471706812583,0.1119842257246948,0.1411383921433977,False,False
L227315,Trametinib,2,0,0.0730787807484661,0.0644411683517707,0.0431427418225993,False,False
L227359,Acid,0,1,0.8472823285486758,0.8512083454279115,0.8785160963180949,True,True
L227359,Cisplatin,0,0,0.5106160757849761,0.5087253455702937,0.532608706521914,False,True
L227359,CoCl2,0,0,0.5889835995954698,0.5886273908327949,0.4598398607607137,False,True
L227359,Dabrafenib,0,1,0.6150585415195226,0.6152859509351513,0.6186833995324627,True,True
L227359,Doxorubicin,0,1,0.675280570982821,0.6772721008207798,0.7057110267852845,True,True
L227359,Trametinib,0,0,0.5449668571776353,0.5436371278636262,0.4890107338740705,False,True
L22744,Acid,4,0,0.4937568302464626,0.5081972997145882,0.2557002948812336,False,False
L22744,Cisplatin,4,0,0.1661944548339562,0.1685027199297977,0.1158652394767936,False,False
L22744,CoCl2,4,0,0.1997600704590429,0.2031547877913433,0.174661041448222,False,False
L22744,Dabrafenib,4,0,0.1939070239266045,0.1970929618570324,0.2663283124510818,False,False
L22744,Doxorubicin,4,0,0.2673502039231125,0.2737616117237705,0.2582344240231031,False,False
L22744,Trametinib,4,0,0.1587150881719445,0.1608345879975229,0.1959181107086946,False,False
L227502,Acid,2,1,0.770888555861974,0.7418416186474461,0.7519438738982729,True,True
L227502,Cisplatin,2,0,0.4195573875167449,0.3783184692141351,0.3926706030582972,False,True
L227502,CoCl2,2,0,0.462722566362172,0.4207537441300719,0.4042045796884889,False,True
L227502,Dabrafenib,2,0,0.4627225663621722,0.4207537441300719,0.4344797827640067,False,True
L227502,Doxorubicin,2,0,0.5523897090749215,0.5114872789291992,0.4906875289498961,False,True
L227502,Trametinib,2,0,0.4045968764608468,0.363824547967977,0.3643671663764484,False,True
L227671,Acid,2,1,0.3964971561603091,0.2818704636939877,0.2257618472247452,True,True
L227671,Cisplatin,2,0,0.1236828129632373,0.076742221893362,0.1504521246754852,False,True
L227671,CoCl2,2,0,0.1439572306507918,0.0902616129534639,0.0233621101965877,False,True
L227671,Dabrafenib,2,1,0.1439572306507918,0.0902616129534639,0.0735740254981652,True,True
L227671,Doxorubicin,2,0,0.1941781992172485,0.1251206371670147,0.098839409304018,False,True
L227671,Trametinib,2,1,0.1171433286036891,0.0724555469933564,0.1359921963691448,True,True
L227801,Acid,4,1,0.29897467523817,0.1608486202673761,0.0724306986045252,True,True
L227801,Cisplatin,4,0,0.0801690138735493,0.0362289335006753,0.0111521103147749,False,True
L227801,CoCl2,4,0,0.0984110368485007,0.0451565595688066,0.0483676765583215,False,True
L227801,Dabrafenib,4,0,0.0951743785327787,0.0435514910558205,0.0572368099191854,False,True
L227801,Doxorubicin,4,0,0.1376057808821043,0.0653545496762866,0.058508714660057,False,True
L227801,Trametinib,4,0,0.0762072710844168,0.0343317095174136,0.0400002393511033,False,True
L227975,Acid,1,1,0.7259876312135748,0.7009487562889757,0.7661587201027731,True,True
L227975,Cisplatin,1,1,0.3529792883138763,0.3087340573216852,0.3361499965161053,True,True
L227975,CoCl2,1,0,0.4227627216188988,0.3768844046092268,0.4602987438320667,False,True
L227975,Dabrafenib,1,1,0.4168693934743602,0.3710374885269545,0.287321882893134,True,True
L227975,Doxorubicin,1,0,0.5222683318642951,0.4783748063665863,0.521924787107216,False,True
L227975,Trametinib,1,0,0.3576728628197853,0.3132282000366739,0.2177935834896348,False,True
L22805,Acid,0,1,0.283084547091898,0.3405818180988178,0.2507321915502754,True,True
L22805,Cisplatin,0,0,0.0691265369767683,0.0854963729956048,0.0773946366961826,False,True
L22805,CoCl2,0,0,0.0925499417249437,0.1144046474522428,0.177956411588685,False,True
L22805,Dabrafenib,0,0,0.1021070427147207,0.1261733109953276,0.1171308292569707,False,True
L22805,Doxorubicin,0,0,0.1289259711728003,0.1592861820343817,0.1455070385513612,False,True
L22805,Trametinib,0,0,0.078543669144304,0.0971045361285457,0.0714183272599299,False,True
L228088,Acid,1,1,0.5188329190088684,0.5189377553669104,0.5308816544992098,True,True
L228088,Cisplatin,1,1,0.1816867255343861,0.1705015390041902,0.2266728877965524,True,True
L228088,CoCl2,1,0,0.2296241396079823,0.2177501149336809,0.1371328711219024,False,True
L228088,Dabrafenib,1,0,0.2253719870050036,0.2135259905179425,0.1814833721069498,False,True
L228088,Doxorubicin,1,1,0.3079203063502099,0.2967990604841988,0.2819409412151116,True,True
L228088,Trametinib,1,0,0.184752997209819,0.1734884829901236,0.1729283643950069,False,True
L228182,Acid,0,1,0.7312252895054742,0.7007042631252316,0.7493246420881372,True,True
L228182,Cisplatin,0,1,0.3384690165291706,0.2976421276677511,0.3692817246984635,True,True
L228182,CoCl2,0,0,0.4126963878634457,0.3693137022032832,0.3434699053739977,False,True
L228182,Dabrafenib,0,1,0.4393085442080817,0.3955912212387315,0.3462433387538757,True,True
L228182,Doxorubicin,0,1,0.5048927940707064,0.4620251274590094,0.502488169391216,True,True
L228182,Trametinib,0,0,0.3699945422860169,0.3277316574864526,0.2917262411326322,False,True
L228345,Acid,2,1,0.2879810790401368,0.3091312703163862,0.2472315766741358,True,True
L228345,Cisplatin,2,0,0.0799419805856406,0.086555411103945,0.0522304405484472,False,True
L228345,CoCl2,2,0,0.0938138784504659,0.1016132894287125,0.1692828078117022,False,True
L228345,Dabrafenib,2,0,0.0938138784504659,0.1016132894287125,0.1051435002890639,False,True
L228345,Doxorubicin,2,0,0.1291816151328634,0.1401808005033404,0.1806778501684987,False,True
L228345,Trametinib,2,0,0.0755159104304394,0.0817691371187525,0.0687729298785813,False,True
L228412,Acid,4,0,0.2811303118206386,0.2541648965851084,0.2238068421662941,False,False
L228412,Cisplatin,4,0,0.0740054563390073,0.0626443339581739,0.0445605240148643,False,False
L228412,CoCl2,4,0,0.0909837199544665,0.0775574837841026,0.0444500868690881,False,False
L228412,Dabrafenib,4,0,0.0879675059053129,0.0748910689360619,0.0649880771708401,False,False
L228412,Doxorubicin,4,0,0.1276391277841468,0.1105697999006123,0.0926523252281555,False,False
L228412,Trametinib,4,0,0.0703250134578361,0.0594491256755168,0.0580970608498385,False,False
L228798,Acid,0,1,0.2846693786920213,0.2382929816253354,0.2389815804146933,True,True
L228798,Cisplatin,0,0,0.06962987611271,0.0535924028059671,0.0560408208113638,False,True
L228798,CoCl2,0,0,0.0932067590000554,0.0725692418284564,0.060872899758324,False,True
L228798,Dabrafenib,0,0,0.102824000340023,0.0804251759553568,0.0602249914022672,False,True
L228798,Doxorubicin,0,0,0.1298040178991264,0.1029463784748871,0.1167725802879611,False,True
L228798,Trametinib,0,0,0.0791097509577917,0.0611585333933456,0.0403006209103851,False,True
L229019,Acid,0,0,0.4168744560268722,0.5365860423795304,0.1451692800211181,False,True
L229019,Cisplatin,0,0,0.1185127757596139,0.1732740571851412,0.0337034881053352,False,True
L229019,CoCl2,0,0,0.1558685498882306,0.2245735758501542,0.1267004991875925,False,True
L229019,Dabrafenib,0,1,0.1707339916372407,0.2445457344715331,0.5191917645872625,True,True
L229019,Doxorubicin,0,0,0.2113355690473484,0.2981254885173509,0.1900898725849305,False,True
L229019,Trametinib,0,0,0.1336915543255824,0.1942683998616172,0.5704435995643378,False,True
L229064,Acid,4,1,0.2968821351175162,0.1829051639429044,0.1741623331507959,True,True
L229064,Cisplatin,4,0,0.0794343772887644,0.0420532447134987,0.0525489118138695,False,True
L229064,CoCl2,4,0,0.0975269614574984,0.0523381707217682,0.0275422902045454,False,True
L229064,Dabrafenib,4,0,0.094316337926325,0.0504913335498546,0.0551513286782046,False,True
L229064,Doxorubicin,4,1,0.1364228780661134,0.0754944341980796,0.1065105225294299,True,True
L229064,Trametinib,4,0,0.0755059582532245,0.0398636309375215,0.039623332534295,False,True
L229096,Acid,4,1,0.6757543754784552,0.6858444100813185,0.6652463087584533,True,True
L229096,Cisplatin,4,1,0.2986909170999553,0.2997883646894101,0.3011503254079843,True,True
L229096,CoCl2,4,0,0.3478524855217537,0.3500721747237851,0.497279895123772,False,True
L229096,Dabrafenib,4,0,0.339501161648947,0.3415053280831833,0.26600395968952,False,True
L229096,Doxorubicin,4,0,0.4381173834620889,0.4433319382980523,0.4778190461637498,False,True
L229096,Trametinib,4,1,0.2873033238949416,0.2882166509099055,0.2445271552660048,True,True
L229114,Acid,2,0,0.3123280499487586,0.2482187577332962,0.0762861738200769,False,True
L229114,Cisplatin,2,1,0.0888965001766363,0.0653515673367141,0.0323929550048518,True,True
L229114,CoCl2,2,0,0.10414634088636,0.0770317334229589,0.0754081685062147,False,True
L229114,Dabrafenib,2,0,0.1041463408863601,0.0770317334229589,0.10369191101148,False,True
L229114,Doxorubicin,2,1,0.142795584893713,0.1073844848903463,0.1498160167343935,True,True
L229114,Trametinib,2,0,0.0840199282215226,0.0616586609043086,0.048513705309044,False,True
L229177,Acid,1,1,0.2846492613888907,0.2793605977997151,0.1671603546985779,True,True
L229177,Cisplatin,1,0,0.0757290196169657,0.0687853085045777,0.074269961509898,False,True
L229177,CoCl2,1,1,0.09909531796825,0.090936884920152,0.0930811363001799,True,True
L229177,Dabrafenib,1,0,0.0969560750019377,0.0888932502094475,0.0581836219186419,False,True
L229177,Doxorubicin,1,1,0.1410322674669205,0.1317000677026677,0.1641619277791721,True,True
L229177,Trametinib,1,0,0.0771757232365809,0.0701410055547571,0.0706052710406302,False,True
L229269,Acid,2,1,0.7116288222306554,0.7071830507367597,0.6761874551702536,True,True
L229269,Cisplatin,2,0,0.3464641811972695,0.3383821568366174,0.2496660998048418,False,True
L229269,CoCl2,2,0,0.3871247981204925,0.3790692675578863,0.4004468393788318,False,True
L229269,Dabrafenib,2,0,0.3871247981204926,0.3790692675578863,0.4206888360011497,False,True
L229269,Doxorubicin,2,0,0.4750965095287076,0.4680776271547151,0.5041262672656771,False,True
L229269,Trametinib,2,0,0.3326164772370201,0.3246193338288236,0.3572593317057965,False,True
L229494,Acid,1,1,0.7259342073077576,0.8039950358336562,0.8056699028283723,True,True
L229494,Cisplatin,1,0,0.3529179601234072,0.4387070463490718,0.4904018237010268,False,True
L229494,CoCl2,1,1,0.4226971898428656,0.5142061107009045,0.5074682698190588,True,True
L229494,Dabrafenib,1,0,0.416804115594206,0.5079655053786121,0.4254854621791801,False,True
L229494,Doxorubicin,1,0,0.5222013294870856,0.6161121358647594,0.6012891802666908,False,True
L229494,Trametinib,1,0,0.357611169867553,0.443878282025493,0.4027067844956833,False,True
L229764,Acid,2,1,0.4332282471416219,0.4148391369569293,0.444263952935194,True,True
L229764,Cisplatin,2,0,0.1410473861614739,0.130533482844589,0.1745859383637227,False,True
L229764,CoCl2,2,0,0.1636367274924759,0.1519692854456545,0.1314945050872462,False,True
L229764,Dabrafenib,2,0,0.163636727492476,0.1519692854456545,0.1050643188825816,False,True
L229764,Doxorubicin,2,0,0.2189669938919418,0.2052822345192408,0.2239378929712357,False,True
L229764,Trametinib,2,0,0.1337298931096704,0.1236445226126659,0.0976493792943859,False,True
L229874,Acid,1,1,0.918092869635328,0.9119253800616004,0.9345102382749352,True,True
L229874,Cisplatin,1,0,0.6977030662204412,0.6636292254250779,0.7404002943998632,False,True
L229874,CoCl2,1,1,0.7560068786367958,0.7276555945265831,0.8544960287995232,True,True
L229874,Dabrafenib,1,0,0.7515160952018453,0.7226781795713556,0.6117131383009708,False,True
L229874,Doxorubicin,1,1,0.8222234925104063,0.8020250200007034,0.8645081743516556,True,True
L229874,Trametinib,1,0,0.702007091204159,0.6682950385069321,0.47171798468947,False,True
L23022,Acid,1,1,0.5172358209359385,0.401666957240287,0.3247043261820072,True,True
L23022,Cisplatin,1,0,0.1807376184052569,0.1134084535366198,0.0865574995034415,False,True
L23022,CoCl2,1,1,0.2284945372986944,0.1476518901104791,0.155884759695431,True,True
L23022,Dabrafenib,1,0,0.2242572133319551,0.1445363416655225,0.0994089710451059,False,True
L23022,Doxorubicin,1,0,0.3065588084052791,0.2080205027805203,0.2446018383617243,False,True
L23022,Trametinib,1,0,0.1837914698511143,0.1155345167967656,0.0561008692239256,False,True
L230229,Acid,3,0,0.2839379758377813,0.148835290124691,0.0670209946538082,False,False
L230229,Cisplatin,3,0,0.0757977484189873,0.0325551219663369,0.0077300776121715,False,False
L230229,CoCl2,3,0,0.0918906235877918,0.040096430545331,0.005171178186203,False,False
L230229,Dabrafenib,3,0,0.0918906235877921,0.040096430545331,0.0521267823307557,False,False
L230229,Doxorubicin,3,0,0.136449253309681,0.062185700931309,0.0836660799979637,False,False
L230229,Trametinib,3,0,0.0767687892495874,0.0330025921208732,0.0947715362847588,False,False
L230614,Acid,1,0,0.2846492613888907,0.2102350688271582,0.1647748487761586,False,True
L230614,Cisplatin,1,0,0.0757290196169657,0.0482744958392408,0.0697794217320455,False,True
L230614,CoCl2,1,0,0.09909531796825,0.0642767107105713,0.1084198378479622,False,True
L230614,Dabrafenib,1,0,0.0969560750019377,0.0627908294455888,0.0350124676827268,False,True
L230614,Doxorubicin,1,1,0.1410322674669205,0.0943293208769807,0.1172632068324376,True,True
L230614,Trametinib,1,0,0.0771757232365809,0.049247321840305,0.0323955723355563,False,True
L23071,Acid,4,0,0.4343535892129345,0.4833860895886432,0.3833687294805233,False,False
L23071,Cisplatin,4,0,0.1356408285446726,0.1550475658697269,0.197977447534188,False,False
L23071,CoCl2,4,0,0.1642512362708553,0.1875567636856529,0.2051179455331993,False,False
L23071,Dabrafenib,4,0,0.159231589114579,0.1818541414743415,0.1325574393733621,False,False
L23071,Doxorubicin,4,0,0.2231774654903519,0.2544737088519226,0.2389462233426883,False,False
L23071,Trametinib,4,0,0.1293232217737924,0.1478828438096443,0.1161736447483701,False,False
L230913,Acid,1,1,0.8999363596231013,0.8834626106006095,0.8954329503510697,True,True
L230913,Cisplatin,1,0,0.6493513023063872,0.5909206515427247,0.6123569713560145,False,True
L230913,CoCl2,1,1,0.7131465745862376,0.6617322873048825,0.7839494668481914,True,True
L230913,Dabrafenib,1,1,0.708171441621699,0.6561194313778722,0.5901157077991935,True,True
L230913,Doxorubicin,1,1,0.7877289765292175,0.7478658252118142,0.8025538635286631,True,True
L230913,Trametinib,1,1,0.6540023531127052,0.5959810045934342,0.4595380219439233,True,True
L231007,Acid,2,1,0.9207418684478308,0.9210725609169624,0.9407630582588098,True,True
L231007,Cisplatin,2,1,0.713929066505835,0.711925837290228,0.7529781776036516,True,True
L231007,CoCl2,2,1,0.7483341714349775,0.7468283057791746,0.7914913963352846,True,True
L231007,Dabrafenib,2,1,0.7483341714349776,0.7468283057791746,0.7023965587924264,True,True
L231007,Doxorubicin,2,1,0.809916122873116,0.8095986768238776,0.8260855511457297,True,True
L231007,Trametinib,2,0,0.7011514402977664,0.699021935589497,0.653370960125014,False,True
L231021,Acid,1,0,0.2838807297763159,0.2422294028850627,0.2384857160052861,False,True
L231021,Cisplatin,1,1,0.0754650511914505,0.057412880013624,0.0952808570313087,True,True
L231021,CoCl2,1,0,0.0987586044275129,0.0762017804843245,0.0700518747036594,False,True
L231021,Dabrafenib,1,0,0.0966258507238606,0.0744621651427536,0.0619726485122772,False,True
L231021,Doxorubicin,1,0,0.1405752922599338,0.1111675636384093,0.1069566511142574,False,True
L231021,Trametinib,1,0,0.0769071316414241,0.05855853149888,0.0470614657278457,False,True
L23111,Acid,1,0,0.496825320815045,0.4963977993564323,0.3134165548593738,False,True
L23111,Cisplatin,1,0,0.1689583692158867,0.1581213297369046,0.0804721576535798,False,True
L23111,CoCl2,1,0,0.2144174130435116,0.2027778351687094,0.1592903218505525,False,True
L23111,Dabrafenib,1,1,0.2103699600311866,0.1987703545998351,0.2623761040493627,True,True
L23111,Doxorubicin,1,0,0.289476823976551,0.2783253493509717,0.2747450997131513,False,True
L23111,Trametinib,1,1,0.1718549413378052,0.1609334683373369,0.2158748492844191,True,True
L231119,Acid,1,0,0.2952569053890467,0.3692824442167842,0.2366231847480209,False,False
L231119,Cisplatin,1,0,0.0794154333052323,0.1003663554521962,0.0725064014326922,False,False
L231119,CoCl2,1,0,0.1037914496285774,0.1312547618895157,0.1945561289030039,False,False
L231119,Dabrafenib,1,0,0.1015622566428531,0.128433068988296,0.1106770412238264,False,False
L231119,Doxorubicin,1,0,0.1473906496025865,0.1863852844870292,0.2259798123056763,False,False
L231119,Trametinib,1,0,0.0809263949015811,0.1022761242577526,0.1181347531720466,False,False
L23121,Acid,1,1,0.7506207155605041,0.7862505894208374,0.8150957526388052,True,True
L23121,Cisplatin,1,1,0.382629271757022,0.4120752465477869,0.4619397955978167,True,True
L23121,CoCl2,1,0,0.4541599478805066,0.4869674125359889,0.5124078874685483,False,True
L23121,Dabrafenib,1,0,0.4481687561357693,0.480730252983726,0.4135726191802762,False,True
L23121,Doxorubicin,1,0,0.5539635156773827,0.5900317412346833,0.5989480581879433,False,True
L23121,Trametinib,1,0,0.3874809945863541,0.4171658745791597,0.3485620302581629,False,True
L231446,Acid,0,1,0.7046477267399519,0.7863991938931424,0.8051167494438088,True,True
L231446,Cisplatin,0,1,0.3097169019432134,0.3999077978798472,0.4481310533287381,True,True
L231446,CoCl2,0,0,0.3812729724554046,0.4793966110883915,0.4554010831190366,False,True
L231446,Dabrafenib,0,0,0.4072639619454818,0.507207642659357,0.4975906453361466,False,True
L231446,Doxorubicin,0,0,0.4720922665807461,0.5745670241722599,0.5572775030379964,False,True
L231446,Trametinib,0,0,0.339940562182036,0.4339481783446523,0.3941810926248207,False,True
L231474,Acid,0,0,0.5676662760139924,0.455901470493733,0.4815725830593185,False,False
L231474,Cisplatin,0,0,0.1980325763148115,0.1316945189392031,0.1374919629553378,False,False
L231474,CoCl2,0,0,0.2532521569117401,0.1732639176102798,0.1681330319880301,False,False
L231474,Dabrafenib,0,0,0.2743862736946484,0.1897897758798937,0.114013955798826,False,False
L231474,Doxorubicin,0,0,0.3298330199577483,0.2351061481113495,0.2966797942579187,False,False
L231474,Trametinib,0,0,0.2208443966590356,0.1485562440787075,0.0766690137910765,False,False
L231623,Acid,3,1,0.8000988343127662,0.8661526251809968,0.8483548254733005,True,True
L231623,Cisplatin,3,1,0.4529052191889618,0.5546316829469979,0.6101487327230176,True,True
L231623,CoCl2,3,0,0.5052891341099467,0.6072055364808686,0.5945679528837873,False,True
L231623,Dabrafenib,3,1,0.5052891341099475,0.6072055364808686,0.6566403164144332,True,True
L231623,Doxorubicin,3,1,0.614631591997496,0.7104765214448342,0.6812787887346232,True,True
L231623,Trametinib,3,1,0.4563220209091506,0.5581153212397892,0.6054992444175326,True,True
L232125,Acid,0,1,0.8576765620565945,0.8779362760521678,0.8602381848650055,True,True
L232125,Cisplatin,0,1,0.5312473528532109,0.565576528340536,0.5402431028602453,True,True
L232125,CoCl2,0,0,0.6088419586699508,0.642725851458842,0.6812777357345099,False,True
L232125,Dabrafenib,0,1,0.6344390067134622,0.6678568230014025,0.6688570536859728,True,True
L232125,Doxorubicin,0,1,0.6931417433804412,0.7251562615790621,0.7094839443310701,True,True
L232125,Trametinib,0,1,0.5653825958973016,0.5996278214798006,0.6220581087725844,True,True
L232639,Acid,2,0,0.2807695161874157,0.2891161921522755,0.2185765394423382,False,True
L232639,Cisplatin,2,0,0.0773739631839097,0.0792972030043702,0.1329769355273944,False,True
L232639,CoCl2,2,0,0.0908442457636326,0.0932212488547595,0.116157123003888,False,True
L232639,Dabrafenib,2,1,0.0908442457636327,0.0932212488547595,0.0831182771200329,True,True
L232639,Doxorubicin,2,0,0.1252471706812583,0.129061129468413,0.1111244894486747,False,True
L232639,Trametinib,2,0,0.0730787807484661,0.0748793864989242,0.0623224868811405,False,True
L232813,Acid,1,0,0.4158230698941236,0.3071957172046731,0.2842983217157121,False,True
L232813,Cisplatin,1,0,0.1278311601185779,0.077907258066294,0.0637350046632203,False,True
L232813,CoCl2,1,0,0.1644139361003428,0.1026725684922437,0.0989636368452466,False,True
L232813,Dabrafenib,1,0,0.1611167897031677,0.1003943228548093,0.0751845659771605,False,True
L232813,Doxorubicin,1,0,0.2270276463322885,0.147840831887221,0.1655937415883688,False,True
L232813,Trametinib,1,1,0.1301330671248022,0.079427405905778,0.0586319363112696,True,True
L232959,Acid,4,0,0.2811303118206386,0.2634597668976834,0.0830854241477053,False,True
L232959,Cisplatin,4,1,0.0740054563390073,0.0655508235540428,0.0184489052524268,True,True
L232959,CoCl2,4,0,0.0909837199544665,0.081096032088681,0.1108854030933048,False,True
L232959,Dabrafenib,4,1,0.0879675059053129,0.0783182913472574,0.1969218772383889,True,True
L232959,Doxorubicin,4,0,0.1276391277841468,0.1154260601773406,0.0582389937725577,False,True
L232959,Trametinib,4,0,0.0703250134578361,0.0622172081264,0.1117602387100715,False,True
L233157,Acid,1,0,0.2952569053890467,0.1453986193055004,0.0890348083848571,False,False
L233157,Cisplatin,1,0,0.0794154333052323,0.0314007165812523,0.0129054508320696,False,False
L233157,CoCl2,1,0,0.1037914496285774,0.0420567179378656,0.0138778616965434,False,False
L233157,Dabrafenib,1,0,0.1015622566428531,0.0410619543947915,0.0428577335877441,False,False
L233157,Doxorubicin,1,0,0.1473906496025865,0.062413309245758,0.0826130133333313,False,False
L233157,Trametinib,1,0,0.0809263949015811,0.0320449520231843,0.0304954768919079,False,False
L233176,Acid,0,1,0.6940058760766774,0.7341395266629905,0.7219128315048142,True,True
L233176,Cisplatin,0,1,0.2990013610135,0.3332599342492471,0.3429031229303568,True,True
L233176,CoCl2,0,0,0.3694066143722347,0.4085196501864445,0.5311008864542704,False,True
L233176,Dabrafenib,0,1,0.3951052429796203,0.4356597924350316,0.3269714681401436,True,True
L233176,Doxorubicin,0,0,0.4594984949979063,0.5032202410915781,0.5014102561111161,False,True
L233176,Trametinib,0,0,0.3286772434045594,0.3650785613166851,0.2420267653305845,False,True
L233461,Acid,4,1,0.5064317991162951,0.4793181112191775,0.4288184008524434,True,True
L233461,Cisplatin,4,1,0.1733399135068221,0.1529248154939219,0.166246101059503,True,True
L233461,CoCl2,4,1,0.2079886843100183,0.1850864261518619,0.2299405673168576,True,True
L233461,Dabrafenib,4,0,0.2019553826844113,0.1794423246356548,0.1478952051510804,False,True
L233461,Doxorubicin,4,1,0.2773978968598879,0.2513947221083554,0.292338994871785,True,True
L233461,Trametinib,4,0,0.1656028424317887,0.1458412544184698,0.1279152598977788,False,True
L234026,Acid,4,0,0.29897467523817,0.3069306466344996,0.2528772300257426,False,True
L234026,Cisplatin,4,0,0.0801690138735493,0.0799095560030788,0.0421269475276779,False,True
L234026,CoCl2,4,0,0.0984110368485007,0.0985009629791527,0.0440566368994381,False,True
L234026,Dabrafenib,4,0,0.0951743785327787,0.095188816226889,0.1005015042370558,False,True
L234026,Doxorubicin,4,0,0.1376057808821043,0.1390837433605166,0.1492661920117104,False,True
L234026,Trametinib,4,1,0.0762072710844168,0.0759050365605733,0.0862198150406295,True,True
L234209,Acid,4,0,0.29897467523817,0.4037891561616237,0.1331831907777075,False,False
L234209,Cisplatin,4,0,0.0801690138735493,0.1172462570199786,0.0401953549244762,False,False
L234209,CoCl2,4,0,0.0984110368485007,0.1431725620104801,0.1269660104911527,False,False
L234209,Dabrafenib,4,0,0.0951743785327787,0.1385892309504526,0.3300669885859177,False,False
L234209,Doxorubicin,4,0,0.1376057808821043,0.1981155176782524,0.1404945681945483,False,False
L234209,Trametinib,4,0,0.0762072710844168,0.1115976184525363,0.2546139717961783,False,False
L234444,Acid,3,1,0.771574092410461,0.7618607971917353,0.7767188649915733,True,True
L234444,Cisplatin,3,1,0.4112911054778095,0.381060383725101,0.4373604598029594,True,True
L234444,CoCl2,3,0,0.4629346051781452,0.4331841254019583,0.3969920656264009,False,True
L234444,Dabrafenib,3,0,0.4629346051781459,0.4331841254019582,0.4103291422871274,False,True
L234444,Doxorubicin,3,1,0.5737412322926917,0.5481619615198513,0.5775558232234851,True,True
L234444,Trametinib,3,0,0.414631894745927,0.3843947671662489,0.3709214117115926,False,True
L235372,Acid,1,0,0.4006161480198365,0.2682143090656902,0.2641055884202316,False,False
L235372,Cisplatin,1,0,0.1209752434080474,0.0652797390968685,0.0608223435480578,False,False
L235372,CoCl2,1,0,0.1559468078263411,0.0864071374044175,0.1572240551038588,False,False
L235372,Dabrafenib,1,0,0.1527884125735933,0.0844558427886149,0.0652634988193533,False,False
L235372,Doxorubicin,1,0,0.2161701867667327,0.1254199644842889,0.1689803464218698,False,False
L235372,Trametinib,1,0,0.1231711282899808,0.0665712837708203,0.0330891047116806,False,False
L235421,Acid,3,0,0.4146843208666432,0.3901433422375206,0.4529129292292021,False,False
L235421,Cisplatin,3,0,0.1278074763493444,0.1096161383438082,0.1277369808419821,False,False
L235421,CoCl2,3,0,0.153113315407486,0.1325624297714458,0.0939413250643362,False,False
L235421,Dabrafenib,3,0,0.1531133154074864,0.1325624297714457,0.1077250151043471,False,False
L235421,Doxorubicin,3,0,0.2201619795680417,0.195231095920596,0.1801810267855245,False,False
L235421,Trametinib,3,0,0.129351556344138,0.1110012828053843,0.0980642108750758,False,False
L23580,Acid,4,0,0.29897467523817,0.346634835921228,0.3289301155861848,False,False
L23580,Cisplatin,4,0,0.0801690138735493,0.0942397502733501,0.1390943278205858,False,False
L23580,CoCl2,4,0,0.0984110368485007,0.1157457461153984,0.145275924221442,False,False
L23580,Dabrafenib,4,0,0.0951743785327787,0.1119257276510371,0.0946850727791663,False,False
L23580,Doxorubicin,4,0,0.1376057808821043,0.1621554604516906,0.1343105771292244,False,False
L23580,Trametinib,4,0,0.0762072710844168,0.0895870224037024,0.0984904705606909,False,False
L235874,Acid,0,0,0.283084547091898,0.3116255748610564,0.1330850137159501,False,False
L235874,Cisplatin,0,0,0.0691265369767683,0.0757366054476126,0.039196316548893,False,False
L235874,CoCl2,0,0,0.0925499417249437,0.1017119087630945,0.0593067787491337,False,False
L235874,Dabrafenib,0,0,0.1021070427147207,0.1123405164363794,0.3007861809295464,False,False
L235874,Doxorubicin,0,0,0.1289259711728003,0.142414770267921,0.1195880276044944,False,False
L235874,Trametinib,0,0,0.078543669144304,0.0861444721080076,0.2579811340709448,False,False
L236809,Acid,4,0,0.5710900605653149,0.5584331802630116,0.5220740618123529,False,False
L236809,Cisplatin,4,0,0.2139012828306872,0.1987281195423602,0.1638134471073061,False,False
L236809,CoCl2,4,0,0.2541650134051239,0.2378181662671373,0.3683042015392198,False,False
L236809,Dabrafenib,4,0,0.2472103265720007,0.2310219039979807,0.2097389079036576,False,False
L236809,Doxorubicin,4,0,0.3325144414904985,0.3156993254659183,0.3639755704296792,False,False
L236809,Trametinib,4,0,0.2048022819041163,0.1899988065095005,0.1174188145065711,False,False
L236978,Acid,2,0,0.2879810790401368,0.2766707051856847,0.2293391587520986,False,True
L236978,Cisplatin,2,0,0.0799419805856406,0.0749316919086606,0.0853738714897929,False,True
L236978,CoCl2,2,0,0.0938138784504659,0.0881625858424713,0.0966952221334757,False,True
L236978,Dabrafenib,2,0,0.0938138784504659,0.0881625858424713,0.083997517338092,False,True
L236978,Doxorubicin,2,1,0.1291816151328634,0.1223199621455477,0.1320691969716181,True,True
L236978,Trametinib,2,0,0.0755159104304394,0.0707384011617333,0.0745494132192723,False,True
L237062,Acid,1,1,0.2846492613888907,0.1394519009250432,0.1675958465624502,True,True
L237062,Cisplatin,1,0,0.0757290196169657,0.0299530309564096,0.0229085446709745,False,True
L237062,CoCl2,1,0,0.09909531796825,0.0401381107537407,0.0415805467236859,False,True
L237062,Dabrafenib,1,0,0.0969560750019377,0.0391868714445443,0.0171323107770727,False,True
L237062,Doxorubicin,1,0,0.1410322674669205,0.0596238452632674,0.0942840806155917,False,True
L237062,Trametinib,1,0,0.0771757232365809,0.0305685022007901,0.010765955657038,False,True
L237845,Acid,2,1,0.7569145573148018,0.7510167913177905,0.7962200542722764,True,True
L237845,Cisplatin,2,0,0.4008106543159862,0.389786072275922,0.4673472669696675,False,True
L237845,CoCl2,2,0,0.4435208650945524,0.4326125432423661,0.388655176876008,False,True
L237845,Dabrafenib,2,0,0.4435208650945526,0.4326125432423661,0.3724093168963477,False,True
L237845,Doxorubicin,2,0,0.5331594888079267,0.5235917849550202,0.5662709053334691,False,True
L237845,Trametinib,2,0,0.3860739883270451,0.3751179053386517,0.2734065927083997,False,True
L238041,Acid,4,0,0.29897467523817,0.2363445069386514,0.2953230565998519,False,False
L238041,Cisplatin,4,0,0.0801690138735493,0.0572218854649379,0.0694582271876599,False,False
L238041,CoCl2,4,0,0.0984110368485007,0.070941860758342,0.0342509469132164,False,False
L238041,Dabrafenib,4,0,0.0951743785327787,0.0684860036459903,0.0899824241222408,False,False
L238041,Doxorubicin,4,0,0.1376057808821043,0.1014479290296596,0.1129165343045234,False,False
L238041,Trametinib,4,0,0.0762072710844168,0.0542872341932386,0.0430789761547249,False,False
L238414,Acid,0,0,0.2846693786920213,0.1804900693417605,0.1604205621257331,False,False
L238414,Cisplatin,0,0,0.06962987611271,0.0383374745470418,0.0486082679362182,False,False
L238414,CoCl2,0,0,0.0932067590000554,0.0522106057861541,0.0251689643644295,False,False
L238414,Dabrafenib,0,0,0.102824000340023,0.058000459590824,0.0523720521257084,False,False
L238414,Doxorubicin,0,0,0.1298040178991264,0.0747526059189302,0.1122682104025806,False,False
L238414,Trametinib,0,0,0.0791097509577917,0.0438497130570625,0.0396875977572138,False,False
L23858,Acid,1,1,0.8692937394465273,0.8896042481084612,0.867011864210671,True,True
L23858,Cisplatin,1,0,0.5779588652405679,0.6055968373245393,0.6016963603039853,False,True
L23858,CoCl2,1,1,0.6476958851455156,0.6752641088115466,0.6716719354900105,True,True
L23858,Dabrafenib,1,1,0.6421551937955504,0.6697637329607788,0.7101541056708613,True,True
L23858,Doxorubicin,1,1,0.7329225078550592,0.7592058315386241,0.7610051724245095,True,True
L23858,Trametinib,1,1,0.5829486826008845,0.6105952795375451,0.6453673097685038,True,True
L238644,Acid,4,0,0.4343535892129345,0.5484332319264864,0.4050415236417884,False,False
L238644,Cisplatin,4,0,0.1356408285446726,0.1923633909694939,0.1348559038940534,False,False
L238644,CoCl2,4,0,0.1642512362708553,0.2305617301338694,0.4102717176620353,False,False
L238644,Dabrafenib,4,0,0.159231589114579,0.223911918073523,0.2400688946923214,False,False
L238644,Doxorubicin,4,0,0.2231774654903519,0.3070237847845126,0.2510490100026916,False,False
L238644,Trametinib,4,0,0.1293232217737924,0.1838495064048534,0.15518173930223,False,False
L239119,Acid,4,1,0.7246742619630466,0.7133196497415295,0.7324235368658777,True,True
L239119,Cisplatin,4,0,0.3497586264326196,0.3279423115534953,0.3381618546210472,False,True
L239119,CoCl2,4,1,0.4025014259748022,0.3803830742384815,0.5013271235816937,True,True
L239119,Dabrafenib,4,0,0.3936300030227424,0.3714984581537854,0.2746651262113338,False,True
L239119,Doxorubicin,4,0,0.4961583112888634,0.4758061699348806,0.519980892089508,False,True
L239119,Trametinib,4,0,0.3373606486752193,0.3157739488957779,0.2140566058251247,False,True
L239190,Acid,1,0,0.4158230698941236,0.3864072182637545,0.3659833405115232,False,False
L239190,Cisplatin,1,0,0.1278311601185779,0.1071389949077777,0.1188953706262363,False,False
L239190,CoCl2,1,0,0.1644139361003428,0.1397878569470057,0.0773228446091246,False,False
L239190,Dabrafenib,1,0,0.1611167897031677,0.1368116099478685,0.1378779679653198,False,False
L239190,Doxorubicin,1,0,0.2270276463322885,0.1976869236655145,0.1826053226571995,False,False
L239190,Trametinib,1,0,0.1301330671248022,0.1091619962421275,0.1436004378390576,False,False
L239194,Acid,0,1,0.2846693786920213,0.260211757926627,0.2184535156852746,True,True
L239194,Cisplatin,0,0,0.06962987611271,0.0598570232508637,0.0662107067373973,False,True
L239194,CoCl2,0,0,0.0932067590000554,0.080862604358478,0.0465650009839169,False,True
L239194,Dabrafenib,0,0,0.102824000340023,0.0895296623156955,0.1141282638019528,False,True
L239194,Doxorubicin,0,1,0.1298040178991264,0.1142835163669665,0.1101511952609202,True,True
L239194,Trametinib,0,0,0.0791097509577917,0.0682438127162594,0.0619899648374599,False,True
L239228,Acid,2,1,0.963243025415748,0.9679837871635444,0.975170359061054,True,True
L239228,Cisplatin,2,0,0.8491630611139032,0.8649140413035831,0.880249987317337,False,True
L239228,CoCl2,2,1,0.870259545189164,0.8842933204873399,0.8416552564839701,True,True
L239228,Dabrafenib,2,1,0.8702595451891643,0.8842933204873399,0.9072118050192016,True,True
L239228,Doxorubicin,2,0,0.9057637256019484,0.916779069022194,0.9353228492182284,False,True
L239228,Trametinib,2,1,0.8410812208537483,0.8574912738991101,0.8707889469262733,True,True
L239393,Acid,3,0,0.2839379758377813,0.3065641221907008,0.2879382896793597,False,False
L239393,Cisplatin,3,0,0.0757977484189873,0.078407022812848,0.0489624119159414,False,False
L239393,CoCl2,3,0,0.0918906235877918,0.0955210882275615,0.2899523691536311,False,False
L239393,Dabrafenib,3,0,0.0918906235877921,0.0955210882275615,0.0511009902488182,False,False
L239393,Doxorubicin,3,0,0.136449253309681,0.1435769549892637,0.1811948720825448,False,False
L239393,Trametinib,3,0,0.0767687892495874,0.0794329813559087,0.0453930972409152,False,False
L239858,Acid,4,1,0.4062027571838147,0.4765330330773921,0.5273527227352152,True,True
L239858,Cisplatin,4,1,0.1226519397577298,0.151484485458319,0.1750969066840281,True,True
L239858,CoCl2,4,1,0.1489948927966237,0.1834087677088273,0.2055655187800995,True,True
L239858,Dabrafenib,4,0,0.1443609557083698,0.1778046630547607,0.1842108056955152,False,True
L239858,Doxorubicin,4,0,0.2037823767384863,0.2492999012323404,0.2166344773910237,False,True
L239858,Trametinib,4,0,0.1168575141152345,0.1444562636720615,0.1288653057163646,False,True
L239907,Acid,0,0,0.283084547091898,0.2964812965123838,0.0794935748342507,False,False
L239907,Cisplatin,0,0,0.0691265369767683,0.070875673853687,0.0192961556443652,False,False
L239907,CoCl2,0,0,0.0925499417249437,0.0953558275580885,0.0403739588430607,False,False
L239907,Dabrafenib,0,0,0.1021070427147207,0.1053981738834944,0.1755696100120151,False,False
L239907,Doxorubicin,0,0,0.1289259711728003,0.1338942562547392,0.06953991601886,False,False
L239907,Trametinib,0,0,0.078543669144304,0.0806738480466167,0.1641210971430229,False,False
L240104,Acid,3,1,0.6468061880552075,0.7008671690516528,0.7176655613162733,True,True
L240104,Cisplatin,3,0,0.2747167640770723,0.3107687710576308,0.3644145657760907,False,True
L240104,CoCl2,3,1,0.3184888559049324,0.3588521870793719,0.4928065916540081,True,True
L240104,Dabrafenib,3,0,0.3184888559049331,0.3588521870793719,0.2704671495117237,False,True
L240104,Doxorubicin,3,1,0.4218803347700059,0.4704766795297457,0.4484044333641887,True,True
L240104,Trametinib,3,0,0.2774710632768232,0.3137999220502953,0.2046007582956874,False,True
L240177,Acid,2,1,0.4914190742779422,0.4693273143841939,0.4302506540504734,True,True
L240177,Cisplatin,2,0,0.1718954499418562,0.1577455215245484,0.1568944887190256,False,True
L240177,CoCl2,2,1,0.1982847633344399,0.1827109464013616,0.2290112804992627,True,True
L240177,Dabrafenib,2,0,0.19828476333444,0.1827109464013615,0.1673674386814298,False,True
L240177,Doxorubicin,2,0,0.2616652057913922,0.2437091931292963,0.2633159594906664,False,True
L240177,Trametinib,2,0,0.1632817934473473,0.149667645404227,0.121308817223737,False,True
L240450,Acid,2,1,0.8597936466722452,0.8397466542859953,0.8417764664324158,True,True
L240450,Cisplatin,2,1,0.5684797433020263,0.5259990744515787,0.5906427066130682,True,True
L240450,CoCl2,2,0,0.610842478665821,0.5698163271526328,0.4509764572730109,False,True
L240450,Dabrafenib,2,0,0.6108424786658213,0.5698163271526328,0.5351190479079014,False,True
L240450,Doxorubicin,2,1,0.6922315237961462,0.6562752240803162,0.6893747718071703,True,True
L240450,Trametinib,2,0,0.5532706462076786,0.5104932408407844,0.4387010528895062,False,True
L240627,Acid,1,0,0.2952569053890467,0.2263007224442029,0.1775758669666981,False,False
L240627,Cisplatin,1,0,0.0794154333052323,0.052790815711869,0.0299746798596144,False,False
L240627,CoCl2,1,0,0.1037914496285774,0.0701797232154795,0.0793666795939027,False,False
L240627,Dabrafenib,1,0,0.1015622566428531,0.0685673817359572,0.0712014727610032,False,False
L240627,Doxorubicin,1,0,0.1473906496025865,0.1026894031374573,0.1422758022164426,False,False
L240627,Trametinib,1,0,0.0809263949015811,0.0538495048539418,0.0307785598259555,False,False
L240628,Acid,1,0,0.4006161480198365,0.3708835573049402,0.2288534261663035,False,True
L240628,Cisplatin,1,1,0.1209752434080474,0.1009882057595447,0.0872455545939513,True,True
L240628,CoCl2,1,0,0.1559468078263411,0.1320399019525571,0.1563882031301947,False,True
L240628,Dabrafenib,1,1,0.1527884125735933,0.1292038405369162,0.145289087361741,True,True
L240628,Doxorubicin,1,0,0.2161701867667327,0.1874290554712646,0.215475340715562,False,True
L240628,Trametinib,1,0,0.1231711282899808,0.1029084536016361,0.0962625735814539,False,True
L240738,Acid,4,0,0.29897467523817,0.1901105898020196,0.1820836417510766,False,False
L240738,Cisplatin,4,0,0.0801690138735493,0.0440087607834724,0.0342252052160969,False,False
L240738,CoCl2,4,0,0.0984110368485007,0.0547446142049653,0.034883242111566,False,False
L240738,Dabrafenib,4,0,0.0951743785327787,0.0528175944965869,0.0419950734394607,False,False
L240738,Doxorubicin,4,0,0.1376057808821043,0.0788769555642181,0.0867900252381848,False,False
L240738,Trametinib,4,0,0.0762072710844168,0.0417217624356545,0.0276252957764965,False,False
L240741,Acid,3,0,0.2940412912595201,0.2542821673012583,0.107833391887855,False,False
L240741,Cisplatin,3,0,0.0793152022594877,0.0615799645964057,0.0440496622299447,False,False
L240741,CoCl2,3,0,0.0960772445913733,0.0753213351345939,0.0578404190193764,False,False
L240741,Dabrafenib,3,0,0.0960772445913736,0.0753213351345939,0.0992309639074697,False,False
L240741,Doxorubicin,3,0,0.1423477794644546,0.1145013607959162,0.1474276204494692,False,False
L240741,Trametinib,3,0,0.0803273884269043,0.0624006489813296,0.0628374884514264,False,False
L240953,Acid,1,1,0.2952569053890467,0.263838598372435,0.0585435542083979,True,True
L240953,Cisplatin,1,0,0.0794154333052323,0.0639255403116793,0.0198080240996835,False,True
L240953,CoCl2,1,0,0.1037914496285774,0.0846543535997128,0.0669841800207043,False,True
L240953,Dabrafenib,1,1,0.1015622566428531,0.0827390565797025,0.13363949142945,True,True
L240953,Doxorubicin,1,0,0.1473906496025865,0.1229823297416231,0.1114775626183271,False,True
L240953,Trametinib,1,0,0.0809263949015811,0.0651921611196431,0.0685565208180674,False,True
L241262,Acid,3,0,0.5542403741566174,0.4822136307302123,0.4372615332091642,False,True
L241262,Cisplatin,3,1,0.2045602184504246,0.1519827633183153,0.1383828121656601,True,True
L241262,CoCl2,3,0,0.2408662400775254,0.1819851165900768,0.2859486457604193,False,True
L241262,Dabrafenib,3,0,0.2408662400775259,0.1819851165900768,0.0743875813558193,False,True
L241262,Doxorubicin,3,0,0.331309067645028,0.26098853046513,0.2671788253505597,False,True
L241262,Trametinib,3,0,0.2068116989385759,0.1538107846517087,0.0747651518858331,False,True
L241540,Acid,2,1,0.8775123780717584,0.8400486536712468,0.8578319830973561,True,True
L241540,Cisplatin,2,0,0.6061494817958528,0.5265589876864121,0.5410352085505487,False,True
L241540,CoCl2,2,1,0.6471097650480311,0.5703667578452593,0.6465401488043061,True,True
L241540,Dabrafenib,2,0,0.6471097650480312,0.5703667578452593,0.4873631897754329,False,True
L241540,Doxorubicin,2,1,0.7243367964059213,0.6567816621787421,0.6867829047296066,True,True
L241540,Trametinib,2,0,0.5913135819995242,0.5110544443472235,0.4846334213783069,False,True
L241549,Acid,3,1,0.7393064276798809,0.7275943435901551,0.7179003344348108,True,True
L241549,Cisplatin,3,0,0.3697045381742381,0.3395036266866889,0.3381336230484623,False,True
L241549,CoCl2,3,1,0.4198502784903126,0.3895203660754512,0.3987895682511278,True,True
L241549,Dabrafenib,3,0,0.4198502784903134,0.3895203660754512,0.3529509231872083,False,True
L241549,Doxorubicin,3,1,0.5305314430420763,0.503197422294348,0.5057356063161402,True,True
L241549,Trametinib,3,0,0.3729215110089908,0.3426757023737727,0.2723987597754063,False,True
L242090,Acid,1,1,0.4006161480198365,0.3168606608417706,0.324897169483856,True,True
L242090,Cisplatin,1,0,0.1209752434080474,0.0812039011946957,0.0831296991709086,False,True
L242090,CoCl2,1,0,0.1559468078263411,0.10689566975766,0.1441093767482673,False,True
L242090,Dabrafenib,1,0,0.1527884125735933,0.1045346325025326,0.0768308317540453,False,True
L242090,Doxorubicin,1,0,0.2161701867667327,0.1536037572930313,0.1899626378610114,False,True
L242090,Trametinib,1,0,0.1231711282899808,0.0827825991435656,0.0547649151058476,False,True
L242237,Acid,4,1,0.7247571197059715,0.6827281123007631,0.654828787660283,True,True
L242237,Cisplatin,4,0,0.3498530877736934,0.2967691468836539,0.2191703523565298,False,True
L242237,CoCl2,4,1,0.4026013122585569,0.346797355877339,0.3981981247404031,True,True
L242237,Dabrafenib,4,1,0.3937291384898613,0.3382689387660254,0.3122021604908835,True,True
L242237,Doxorubicin,4,1,0.496262135594525,0.4397750253219689,0.5023464082757417,True,True
L242237,Trametinib,4,0,0.3374534993267679,0.2852664950345604,0.2104061703576618,False,True
L242413,Acid,0,1,0.6655383686666351,0.6291896173289947,0.6936238384423274,True,True
L242413,Cisplatin,0,0,0.2723170907120341,0.2349689352521983,0.2987814659555903,False,True
L242413,CoCl2,0,0,0.3394819456415328,0.297951017213683,0.2983594615004339,False,True
L242413,Dabrafenib,0,0,0.3643014642650881,0.3217412373343663,0.2421651189356302,False,True
L242413,Doxorubicin,0,0,0.4272201061594967,0.3836452274717469,0.4145801676515474,False,True
L242413,Trametinib,0,0,0.3004797896193064,0.2610777718698576,0.168554661433139,False,True
L242834,Acid,4,1,0.6819282156785123,0.6581247757188136,0.6214260583171759,True,True
L242834,Cisplatin,4,0,0.3046566348753929,0.2740601484693997,0.2800165440091515,False,True
L242834,CoCl2,4,1,0.3543040427028947,0.3220131124742106,0.4316389553414281,True,True
L242834,Dabrafenib,4,0,0.3458799777260112,0.3138013849880302,0.2825680390996793,False,True
L242834,Doxorubicin,4,0,0.4451004507997328,0.4125426517342004,0.4502774809235156,False,True
L242834,Trametinib,4,0,0.293136666411866,0.2631083713414648,0.2271354436648212,False,True
L242935,Acid,0,0,0.2913335192140022,0.2909891004748384,0.1338986296203766,False,True
L242935,Cisplatin,0,0,0.0717649606822348,0.0691519336156104,0.0632905354882196,False,True
L242935,CoCl2,0,0,0.0959902001688309,0.0930963699496908,0.047411824799634,False,True
L242935,Dabrafenib,0,0,0.1058611135447152,0.1029278364194112,0.1272927783073731,False,True
L242935,Doxorubicin,0,1,0.1335194425566999,0.1308537168072551,0.1313681163695564,True,True
L242935,Trametinib,0,0,0.0815100531712696,0.0787320029827178,0.1030183732527333,False,True
L242990,Acid,1,1,0.2838807297763159,0.1458037443803808,0.0683139280257776,True,True
L242990,Cisplatin,1,0,0.0754650511914505,0.0314999162906834,0.0269422583572186,False,True
L242990,CoCl2,1,0,0.0987586044275129,0.0421881153396681,0.0408361987831694,False,True
L242990,Dabrafenib,1,1,0.0966258507238606,0.0411903775035257,0.0544267065830923,True,True
L242990,Doxorubicin,1,1,0.1405752922599338,0.0626041501277376,0.0684465029791698,True,True
L242990,Trametinib,1,1,0.0769071316414241,0.032146119425759,0.0502270265645444,True,True
L244174,Acid,3,0,0.4116274315616812,0.2951851752534595,0.3069096613393445,False,True
L244174,Cisplatin,3,0,0.1264086162512261,0.0745858488067426,0.1306317635896331,False,True
L244174,CoCl2,3,0,0.1514855872923659,0.0909481680281528,0.0941296181870046,False,True
L244174,Dabrafenib,3,1,0.1514855872923663,0.0909481680281528,0.0582968769174698,True,True
L244174,Doxorubicin,3,1,0.2180049504580228,0.1370520369430274,0.142904732713266,True,True
L244174,Trametinib,3,1,0.1279382751993651,0.0755659069185408,0.0501451100767786,True,True
L24429,Acid,4,0,0.6220428789781711,0.6813442269502743,0.6176982376508371,False,True
L24429,Cisplatin,4,1,0.2516861790283031,0.2954390973258505,0.3336919831108416,True,True
L24429,CoCl2,4,0,0.2963807671830802,0.3453532023661735,0.3043811964171337,False,True
L24429,Dabrafenib,4,1,0.288718100542698,0.3368419857342975,0.2825337754543917,True,True
L24429,Doxorubicin,4,0,0.3810942820222504,0.4382034319837684,0.404423779368994,False,True
L24429,Trametinib,4,1,0.2414736039816711,0.2839671806997018,0.2773695913031878,True,True
L244352,Acid,4,0,0.2811303118206386,0.1524738085503282,0.1427819233230041,False,False
L244352,Cisplatin,4,0,0.0740054563390073,0.0340791155269551,0.0507465803722518,False,False
L244352,CoCl2,4,0,0.0909837199544665,0.0425003394702223,0.0961030228567459,False,False
L244352,Dabrafenib,4,0,0.0879675059053129,0.0409856324185137,0.0154769216952154,False,False
L244352,Doxorubicin,4,0,0.1276391277841468,0.0615868655274637,0.0819301291407918,False,False
L244352,Trametinib,4,0,0.0703250134578361,0.0322907004805654,0.0136745456661937,False,False
L244486,Acid,2,1,0.2807695161874157,0.3360590783963538,0.3226840358936828,True,True
L244486,Cisplatin,2,0,0.0773739631839097,0.0968119547351499,0.1373278459025718,False,True
L244486,CoCl2,2,0,0.0908442457636326,0.1134325664730522,0.1137332162024026,False,True
L244486,Dabrafenib,2,0,0.0908442457636327,0.1134325664730521,0.1126275183306545,False,True
L244486,Doxorubicin,2,0,0.1252471706812583,0.1557085864660977,0.1187509922954524,False,True
L244486,Trametinib,2,0,0.0730787807484661,0.0915153442981633,0.0959877757012245,False,True
L244685,Acid,3,0,0.2800284500633928,0.2387355648455233,0.2316125837130605,False,True
L244685,Cisplatin,3,0,0.0744561004084269,0.0569157990951734,0.0424641317174131,False,True
L244685,CoCl2,3,1,0.090291954794067,0.0696936727869268,0.1154719909411637,True,True
L244685,Dabrafenib,3,0,0.0902919547940672,0.0696936727869268,0.0565359152586467,False,True
L244685,Doxorubicin,3,0,0.1341899264720791,0.1062828183306159,0.1693528139439138,False,True
L244685,Trametinib,3,0,0.0754113559162071,0.0576781440651233,0.0302029580788119,False,True
L244706,Acid,4,1,0.8269473733886827,0.8172397404247255,0.8094391472781451,True,False
L244706,Cisplatin,4,1,0.4940696750149476,0.4672193338803295,0.485521718002574,True,False
L244706,CoCl2,4,1,0.5501618583858363,0.5245484618486738,0.7526263068289226,True,False
L244706,Dabrafenib,4,1,0.5409825959140884,0.5150958316060108,0.372899732663581,True,False
L244706,Doxorubicin,4,1,0.6412999790377162,0.6199520001383511,0.675696942663336,True,False
L244706,Trametinib,4,1,0.4803350495898427,0.4533693302720329,0.3303122316609771,True,False
L244886,Acid,4,1,0.922629792430104,0.9278822455825912,0.9463534752076326,True,True
L244886,Cisplatin,4,1,0.7090466857559613,0.716168820754061,0.7644398989901114,True,True
L244886,CoCl2,4,0,0.753209879406478,0.7604448955103278,0.820232398429387,False,True
L244886,Dabrafenib,4,0,0.7462630295031553,0.7534780780991289,0.681797956642926,False,True
L244886,Doxorubicin,4,1,0.816901139115576,0.824363030748602,0.8676084294173492,True,True
L244886,Trametinib,4,0,0.6975758106421208,0.704700132510392,0.6408487071183855,False,True
L244940,Acid,0,1,0.4149805867907848,0.4837411426186978,0.4997676441613247,True,True
L244940,Cisplatin,0,0,0.1177007767603611,0.1450129432736406,0.142394975481032,False,True
L244940,CoCl2,0,0,0.1548455655223088,0.1898670500966114,0.2348842048606557,False,True
L244940,Dabrafenib,0,1,0.1696330495450506,0.2075788954334643,0.1499183903861609,True,True
L244940,Doxorubicin,0,0,0.2100391285020572,0.255801758183103,0.2400788308009408,False,True
L244940,Trametinib,0,1,0.1327912236158765,0.1632592934467668,0.1125478181491027,True,True
L245078,Acid,3,1,0.6507007474817631,0.6819599494051907,0.7026118676512945,True,True
L245078,Cisplatin,3,0,0.2781352007535946,0.2921086650955765,0.4522742939722473,False,True
L245078,CoCl2,3,0,0.3222099950806822,0.3387238165823836,0.2209509870127238,False,True
L245078,Dabrafenib,3,0,0.3222099950806829,0.3387238165823835,0.2731704055359573,False,True
L245078,Doxorubicin,3,0,0.426054278761426,0.4484666820208098,0.4611548718521255,False,True
L245078,Trametinib,3,0,0.2809104986945089,0.2950357208100762,0.2810863720437278,False,True
L245624,Acid,3,0,0.2800284500633928,0.2199945812194667,0.2977685550191853,False,False
L245624,Cisplatin,3,0,0.0744561004084269,0.0514825979842703,0.0462554137980408,False,False
L245624,CoCl2,3,0,0.090291954794067,0.063122333693217,0.1213364137681427,False,False
L245624,Dabrafenib,3,0,0.0902919547940672,0.063122333693217,0.0446602033891489,False,False
L245624,Doxorubicin,3,0,0.1341899264720791,0.0966198344908617,0.1058287947780087,False,False
L245624,Trametinib,3,0,0.0754113559162071,0.0521761954598274,0.037127318589952,False,False
L246037,Acid,2,1,0.7971425324933956,0.8021644931154445,0.7926776558998905,True,True
L246037,Cisplatin,2,0,0.4577519769745917,0.4619794583102523,0.4636912306251986,False,True
L246037,CoCl2,2,1,0.5014519179723737,0.5061585185188552,0.6245289694424428,True,True
L246037,Dabrafenib,2,1,0.5014519179723738,0.5061585185188552,0.4457161831626227,True,True
L246037,Doxorubicin,2,1,0.5903773271286038,0.5963482941045468,0.6262141958107321,True,True
L246037,Trametinib,2,0,0.4424677249485531,0.4465827893289923,0.3525634273653411,False,True
L246311,Acid,3,1,0.2800284500633928,0.2837574455607775,0.2547071203920427,True,False
L246311,Cisplatin,3,1,0.0744561004084269,0.0708399827321271,0.0665827500912291,True,False
L246311,CoCl2,3,1,0.090291954794067,0.0864573227527919,0.0514926610645539,True,False
L246311,Dabrafenib,3,1,0.0902919547940672,0.0864573227527919,0.1195331133539137,True,False
L246311,Doxorubicin,3,1,0.1341899264720791,0.1306117598660671,0.1472600243165524,True,False
L246311,Trametinib,3,1,0.0754113559162071,0.0717746376912175,0.0912675264421665,True,False
L246615,Acid,0,0,0.4951423832940624,0.4483807966181907,0.5417632542439256,False,True
L246615,Cisplatin,0,0,0.1557227929225017,0.1282613086207386,0.1835887575625803,False,True
L246615,CoCl2,0,0,0.2021180226005783,0.1689578826548173,0.0858250315735511,False,True
L246615,Dabrafenib,0,1,0.2202435020704015,0.1851650194543198,0.1929627763495808,True,True
L246615,Doxorubicin,0,0,0.2688023683384141,0.2296901836589239,0.2434642454188912,False,True
L246615,Trametinib,0,1,0.1747226877606323,0.1447567396255666,0.1416007869712268,True,True
L246665,Acid,4,0,0.4062027571838147,0.4182685513263833,0.3970469616262216,False,True
L246665,Cisplatin,4,0,0.1226519397577298,0.1235803483446828,0.1297344209051481,False,True
L246665,CoCl2,4,0,0.1489948927966237,0.1506682308693268,0.1289186019122742,False,True
L246665,Dabrafenib,4,1,0.1443609557083698,0.145885799282453,0.2029312305922973,True,True
L246665,Doxorubicin,4,0,0.2037823767384863,0.2077900947417168,0.1646410048031471,False,True
L246665,Trametinib,4,1,0.1168575141152345,0.1176672253526144,0.1468949286456602,True,True
L246708,Acid,1,0,0.2838807297763159,0.2786797220694762,0.2957087464545023,False,False
L246708,Cisplatin,1,0,0.0754650511914505,0.0685688268893857,0.0813716760885021,False,False
L246708,CoCl2,1,0,0.0987586044275129,0.0906574747976203,0.0419535916730743,False,False
L246708,Dabrafenib,1,0,0.0966258507238606,0.0886195071759013,0.1269470291109149,False,False
L246708,Doxorubicin,1,0,0.1405752922599338,0.1313135017226438,0.1125119383457957,False,False
L246708,Trametinib,1,0,0.0769071316414241,0.0699205776437099,0.0729241071872382,False,False
L247066,Acid,2,1,0.7116288222306554,0.7856517600003288,0.7975652798519455,True,True
L247066,Cisplatin,2,0,0.3464641811972695,0.4370009841000664,0.5429582369027389,False,True
L247066,CoCl2,2,0,0.3871247981204925,0.4809265599368737,0.5971028896241511,False,True
L247066,Dabrafenib,2,1,0.3871247981204926,0.4809265599368736,0.4504510381694711,True,True
L247066,Doxorubicin,2,1,0.4750965095287076,0.5718263125358347,0.5537149506960642,True,True
L247066,Trametinib,2,0,0.3326164772370201,0.4217841662672743,0.3688847187534885,False,True
L24713,Acid,2,0,0.2807695161874157,0.3426224699375016,0.2250849265968467,False,False
L24713,Cisplatin,2,0,0.0773739631839097,0.0994022999616537,0.0986078546097549,False,False
L24713,CoCl2,2,0,0.0908442457636326,0.1164103027188709,0.2153638814885385,False,False
L24713,Dabrafenib,2,0,0.0908442457636327,0.1164103027188709,0.1617356761023961,False,False
L24713,Doxorubicin,2,0,0.1252471706812583,0.1595963364189318,0.1253120284532146,False,False
L24713,Trametinib,2,0,0.0730787807484661,0.0939787171064129,0.0988169357318379,False,False
L247317,Acid,0,0,0.4071129074576573,0.299325468603309,0.328525961196668,False,True
L247317,Cisplatin,0,0,0.1143674354790799,0.0717763984979679,0.0804334094515223,False,True
L247317,CoCl2,0,0,0.1506398730167596,0.0965353349012155,0.0815521458034307,False,True
L247317,Dabrafenib,0,0,0.1651041818856903,0.1066872508730676,0.1128467976975063,False,True
L247317,Doxorubicin,0,1,0.2046974288052005,0.1354790753456037,0.1523057265184943,True,True
L247317,Trametinib,0,0,0.129093043945495,0.0816881451872536,0.06128133585663,False,True
L247405,Acid,0,1,0.6437252006596316,0.5768448638186702,0.5077346457838915,True,True
L247405,Cisplatin,0,0,0.2536190550225367,0.1979160286701159,0.1625846940915441,False,True
L247405,CoCl2,0,0,0.3181887225001993,0.2542672500478207,0.2543925040604485,False,True
L247405,Dabrafenib,0,0,0.3422581477744316,0.2759404426874551,0.2691283828492052,False,True
L247405,Doxorubicin,0,0,0.4037879094364308,0.3333634131180147,0.3299877371355054,False,True
L247405,Trametinib,0,0,0.2805936692362117,0.2210975730357636,0.2079115407151895,False,True
L247781,Acid,2,0,0.4332282471416219,0.4367265814059741,0.4049723643081045,False,False
L247781,Cisplatin,2,0,0.1410473861614739,0.1410359896449853,0.1740464079015091,False,False
L247781,CoCl2,2,0,0.1636367274924759,0.1638714230271181,0.1450267714345997,False,False
L247781,Dabrafenib,2,0,0.163636727492476,0.1638714230271181,0.1564109652320854,False,False
L247781,Doxorubicin,2,0,0.2189669938919418,0.2202752423654817,0.2402708990856529,False,False
L247781,Trametinib,2,0,0.1337298931096704,0.1336779732109452,0.1572908031983591,False,False
L247859,Acid,0,1,0.2913335192140022,0.3563086228856068,0.2787212523901261,True,True
L247859,Cisplatin,0,0,0.0717649606822348,0.0910710405965763,0.1201464017508194,False,True
L247859,CoCl2,0,0,0.0959902001688309,0.1216135744552544,0.1114573785217662,False,True
L247859,Dabrafenib,0,0,0.1058611135447152,0.1340115936921879,0.1720066004178081,False,True
L247859,Doxorubicin,0,1,0.1335194425566999,0.1687842054262609,0.1548049891440434,True,True
L247859,Trametinib,0,0,0.0815100531712696,0.1033505586428601,0.1557205873094093,False,True
L247904,Acid,4,0,0.2968821351175162,0.2799646144129068,0.4069862107915381,False,False
L247904,Cisplatin,4,0,0.0794343772887644,0.0708499875794011,0.0845594746277455,False,False
L247904,CoCl2,4,0,0.0975269614574984,0.0875341598857735,0.0785922766206821,False,False
L247904,Dabrafenib,4,0,0.094316337926325,0.0845561893581208,0.0725319714487418,False,False
L247904,Doxorubicin,4,0,0.1364228780661134,0.1242211784486695,0.1421293828112543,False,False
L247904,Trametinib,4,0,0.0755059582532245,0.067266280194533,0.0494798731431943,False,False
L247990,Acid,0,1,0.7537222015596537,0.7734488113715328,0.7558370217372371,True,True
L247990,Cisplatin,0,1,0.3653057663139146,0.381941327353589,0.3344690283534841,True,True
L247990,CoCl2,0,1,0.4414907512922287,0.4606000207252469,0.5911096600391521,True,True
L247990,Dabrafenib,0,0,0.4684785738795617,0.4883434817643272,0.4098210675974124,False,True
L247990,Doxorubicin,0,0,0.5342680493935298,0.5560243199846722,0.508641398663704,False,True
L247990,Trametinib,0,0,0.3978277034479001,0.4155113091740801,0.234699279855908,False,True
L248375,Acid,2,1,0.5564754830805619,0.6208204009538265,0.5906840251934226,True,True
L248375,Cisplatin,2,0,0.2123102133228364,0.2574581155927404,0.2155088690257957,False,True
L248375,CoCl2,2,0,0.2430827202923283,0.2927198984878423,0.1708368480375129,False,True
L248375,Dabrafenib,2,1,0.2430827202923284,0.2927198984878424,0.3020366866515716,True,True
L248375,Doxorubicin,2,1,0.31515360451394,0.3736538297062161,0.4028738564473583,True,True
L248375,Trametinib,2,0,0.2021657870332094,0.2457640572214994,0.2541592316083025,False,True
L248468,Acid,3,0,0.2800284500633928,0.2628029468054144,0.171415533823189,False,False
L248468,Cisplatin,3,0,0.0744561004084269,0.0641993692851935,0.0347379387135519,False,False
L248468,CoCl2,3,0,0.090291954794067,0.0784763711216181,0.1252496877308722,False,False
L248468,Dabrafenib,3,0,0.0902919547940672,0.0784763711216181,0.075416544404007,False,False
L248468,Doxorubicin,3,0,0.1341899264720791,0.1190861977387688,0.1774078783857754,False,False
L248468,Trametinib,3,0,0.0754113559162071,0.0650525428753498,0.05066757924736,False,False
L248720,Acid,2,1,0.2807695161874157,0.2681893579110929,0.3585648360759957,True,True
L248720,Cisplatin,2,0,0.0773739631839097,0.0720189123886163,0.056346236221187,False,True
L248720,CoCl2,2,0,0.0908442457636326,0.0847826261289127,0.0783088435755304,False,True
L248720,Dabrafenib,2,1,0.0908442457636327,0.0847826261289127,0.0595557851386412,True,True
L248720,Doxorubicin,2,0,0.1252471706812583,0.1177996595581018,0.1138041223190292,False,True
L248720,Trametinib,2,0,0.0730787807484661,0.0679766472230816,0.0609310545746284,False,True
L24904,Acid,2,1,0.2807695161874157,0.3368708280078908,0.3086727001018855,True,True
L24904,Cisplatin,2,0,0.0773739631839097,0.0971303468977972,0.1017622575154961,False,True
L24904,CoCl2,2,0,0.0908442457636326,0.1137987328381669,0.1019825933760499,False,True
L24904,Dabrafenib,2,0,0.0908442457636327,0.1137987328381669,0.1224483965002804,False,True
L24904,Doxorubicin,2,0,0.1252471706812583,0.1561871801967028,0.1524728201783512,False,True
L24904,Trametinib,2,0,0.0730787807484661,0.0918180879809903,0.1104772634362865,False,True
L249292,Acid,3,1,0.684796838430617,0.7442581595124559,0.7479570289993085,True,True
L249292,Cisplatin,3,0,0.3100369509211236,0.3589926809710958,0.4258022839784843,False,True
L249292,CoCl2,3,0,0.3566692617517086,0.4100979066208713,0.35903555670359,False,True
L249292,Dabrafenib,3,1,0.3566692617517094,0.4100979066208712,0.3697812618238247,True,True
L249292,Doxorubicin,3,1,0.4640162923299193,0.5246195726643104,0.5227167115715998,True,True
L249292,Trametinib,3,0,0.3129925506098193,0.3622469807374671,0.3646634297977748,False,True
L249301,Acid,4,1,0.2811303118206386,0.3236475821923112,0.3155574946115623,True,True
L249301,Cisplatin,4,0,0.0740054563390073,0.085792394350853,0.1082692571370217,False,True
L249301,CoCl2,4,0,0.0909837199544665,0.1055953988632038,0.0597576983774746,False,True
L249301,Dabrafenib,4,0,0.0879675059053129,0.1020717081234093,0.1212414831801896,False,True
L249301,Doxorubicin,4,0,0.1276391277841468,0.1486192454743373,0.1144934899199032,False,True
L249301,Trametinib,4,0,0.0703250134578361,0.0815191870412232,0.1026174027945017,False,True
L249378,Acid,4,0,0.6574168273474236,0.6513217205726117,0.6007093182519814,False,False
L249378,Cisplatin,4,0,0.2816960952289218,0.2681136626822334,0.2922863958519958,False,False
L249378,CoCl2,4,0,0.3293741970186065,0.3154783227253159,0.2752265002141394,False,False
L249378,Dabrafenib,4,0,0.3212479714809748,0.3073576936752139,0.3107272442619544,False,False
L249378,Doxorubicin,4,0,0.4179168958903428,0.4052688679851932,0.3999139990015894,False,False
L249378,Trametinib,4,0,0.2707063286850807,0.2573152849000127,0.2682467643108542,False,False
L249999,Acid,3,1,0.8616926920741501,0.8383134963825613,0.8566954028898909,True,True
L249999,Cisplatin,3,0,0.5630548181371106,0.4994436243639006,0.5636260341146646,False,True
L249999,CoCl2,3,1,0.6138834348666127,0.5532850708244079,0.6502681238721211,True,True
L249999,Dabrafenib,3,1,0.6138834348666133,0.5532850708244078,0.5106920436047541,True,True
L249999,Doxorubicin,3,1,0.7128633890860788,0.6628613032387669,0.6942813836368511,True,True
L249999,Trametinib,3,0,0.5664422327677032,0.5029720964161382,0.3830010873664688,False,True
L250048,Acid,2,1,0.4914190742779422,0.4622796388613842,0.4439548660291817,True,True
L250048,Cisplatin,2,0,0.1718954499418562,0.1540187621004574,0.2073842261880793,False,True
L250048,CoCl2,2,0,0.1982847633344399,0.1785193884631098,0.2738451688285223,False,True
L250048,Dabrafenib,2,0,0.19828476333444,0.1785193884631098,0.1284617682839156,False,True
L250048,Doxorubicin,2,0,0.2616652057913922,0.2385266826317905,0.2300033654712523,False,True
L250048,Trametinib,2,0,0.1632817934473473,0.1460986233736106,0.1014485748644703,False,True
L25042,Acid,4,0,0.7110805993907551,0.6279501230110511,0.590375912080138,False,True
L25042,Cisplatin,4,0,0.3346496242269587,0.2486854698039174,0.2864781790059347,False,True
L25042,CoCl2,4,1,0.3864681798832935,0.293996657041688,0.510238116735882,True,True
L25042,Dabrafenib,4,0,0.3777267387118696,0.2861977918391159,0.1286848851953037,False,True
L25042,Doxorubicin,4,0,0.4793875904413403,0.3810768762828743,0.4972379593010176,False,True
L25042,Trametinib,4,0,0.3225215734427119,0.2384146747344993,0.1251503110809366,False,True
L250608,Acid,2,0,0.3123280499487586,0.3505987363312773,0.2438288288034054,False,False
L250608,Cisplatin,2,0,0.0888965001766363,0.1026001133967895,0.1649259027623278,False,False
L250608,CoCl2,2,0,0.10414634088636,0.1200823151625607,0.0764479275845761,False,False
L250608,Dabrafenib,2,0,0.1041463408863601,0.1200823151625607,0.124300937753157,False,False
L250608,Doxorubicin,2,0,0.142795584893713,0.1643771729284314,0.1567252167296718,False,False
L250608,Trametinib,2,0,0.0840199282215226,0.0970208481289765,0.0567655594699327,False,False
L25093,Acid,4,0,0.424821092297298,0.4333152941055162,0.4610874581073125,False,False
L25093,Cisplatin,4,0,0.1311440810112391,0.1304023771974538,0.1361076661048077,False,False
L25093,CoCl2,4,0,0.1589804544029891,0.1587147997030699,0.1283295750327301,False,False
L25093,Dabrafenib,4,0,0.1540921873118699,0.1537231856054868,0.1285005429538142,False,False
L25093,Doxorubicin,4,0,0.2165056114191431,0.2181039176736424,0.222012741776124,False,False
L25093,Trametinib,4,0,0.1250056249684408,0.1242090927611681,0.1168885054770213,False,False
L251298,Acid,1,0,0.2838807297763159,0.2144199565952524,0.2270697571429348,False,False
L251298,Cisplatin,1,0,0.0754650511914505,0.0494372469190274,0.0395591924895702,False,False
L251298,CoCl2,1,0,0.0987586044275129,0.0657982477653325,0.0259581495905587,False,False
L251298,Dabrafenib,1,0,0.0966258507238606,0.0642796094429388,0.0674095804189122,False,False
L251298,Doxorubicin,1,0,0.1405752922599338,0.0964888964852782,0.1186124796580993,False,False
L251298,Trametinib,1,0,0.0769071316414241,0.0504322629854262,0.0560277599133286,False,False
L251300,Acid,3,0,0.2940412912595201,0.3220094416786997,0.1449637098324749,False,True
L251300,Cisplatin,3,0,0.0793152022594877,0.08374556863517,0.0356836547908665,False,True
L251300,CoCl2,3,0,0.0960772445913733,0.1018960530059305,0.1022563580878648,False,True
L251300,Dabrafenib,3,0,0.0960772445913736,0.1018960530059304,0.1433919358883977,False,True
L251300,Doxorubicin,3,1,0.1423477794644546,0.1526179436585691,0.1564604368005913,True,True
L251300,Trametinib,3,0,0.0803273884269043,0.0848349518974098,0.1337192641110244,False,True
L25167,Acid,0,0,0.5103750822231757,0.4265755316870276,0.2438287905387414,False,True
L25167,Cisplatin,0,0,0.1639035184939039,0.1186745873093986,0.0805795096431329,False,True
L25167,CoCl2,0,0,0.2121236960220479,0.1568767496105997,0.1496952626190992,False,True
L25167,Dabrafenib,0,1,0.2308868095249945,0.1721650951947997,0.1457850708728882,True,True
L25167,Doxorubicin,0,0,0.2809468044790885,0.2143867323095893,0.2303704716696116,False,True
L25167,Trametinib,0,0,0.1836843928021004,0.1341267892037593,0.2388325892456889,False,True
L251680,Acid,3,1,0.6735532911073193,0.6327025422122876,0.6650374047946066,True,True
L251680,Cisplatin,3,0,0.2991076064337819,0.2489668616758181,0.2689848299315242,False,True
L251680,CoCl2,3,1,0.3449178302729416,0.2915326946339716,0.3842664380841665,True,True
L251680,Dabrafenib,3,1,0.3449178302729423,0.2915326946339715,0.1993354705672461,True,True
L251680,Doxorubicin,3,1,0.4512086316677096,0.3951217848238253,0.4201331287318461,True,True
L251680,Trametinib,3,0,0.3020046212312515,0.2516152758064447,0.1637209820484405,False,True
L251719,Acid,2,1,0.8991178021526677,0.9107354650870216,0.9219424734476208,True,True
L251719,Cisplatin,2,0,0.6569055975852688,0.6836061438762561,0.739657345805079,False,True
L251719,CoCl2,2,1,0.6952412389933527,0.7205931551374188,0.8275270780674052,True,True
L251719,Dabrafenib,2,1,0.6952412389933528,0.7205931551374188,0.6618736413355408,True,True
L251719,Doxorubicin,2,1,0.7657480819126714,0.7880219018536734,0.807570791520665,True,True
L251719,Trametinib,2,0,0.6428551114842467,0.6700216699670567,0.5936359609080102,False,True
L251893,Acid,2,0,0.5564754830805619,0.6333928786751227,0.6224856823819708,False,True
L251893,Cisplatin,2,1,0.2123102133228364,0.2678704597516309,0.3352971377142389,True,True
L251893,CoCl2,2,0,0.2430827202923283,0.3039745324402163,0.2421482216914378,False,True
L251893,Dabrafenib,2,0,0.2430827202923284,0.3039745324402162,0.2818573730108935,False,True
L251893,Doxorubicin,2,1,0.31515360451394,0.3863205738807955,0.3757006900272747,True,True
L251893,Trametinib,2,0,0.2021657870332094,0.2558664270894044,0.2623452923950862,False,True
L252275,Acid,0,1,0.7580138399464059,0.7731658201951402,0.7877089821040739,True,True
L252275,Cisplatin,0,0,0.3707148697012449,0.3815603257369159,0.4001491785553215,False,True
L252275,CoCl2,0,0,0.4472330393166356,0.4601989781520239,0.4934095667969158,False,True
L252275,Dabrafenib,0,0,0.4742738033398216,0.4879401346486705,0.406115254342714,False,True
L252275,Doxorubicin,0,1,0.5400502200266974,0.5556257767243405,0.5676077791727342,True,True
L252275,Trametinib,0,0,0.4034122847021669,0.4151193119847037,0.3276360168720912,False,True
L252321,Acid,2,1,0.8653896967549383,0.8694912613668194,0.8688415328208734,True,True
L252321,Cisplatin,2,1,0.5800235485711117,0.585213790465438,0.6695759954733337,True,True
L252321,CoCl2,2,0,0.6220065490168404,0.6274343167537741,0.699658469477782,False,True
L252321,Dabrafenib,2,1,0.6220065490168407,0.6274343167537741,0.5842928152213266,True,True
L252321,Doxorubicin,2,0,0.7021990305473387,0.7082423423418062,0.7006710313495865,False,True
L252321,Trametinib,2,0,0.564909919607256,0.5700617152481988,0.5526343419025674,False,True
L252770,Acid,4,0,0.29897467523817,0.4226462860340471,0.2067585071365159,False,True
L252770,Cisplatin,4,0,0.0801690138735493,0.1255393821668296,0.1586329959756448,False,True
L252770,CoCl2,4,1,0.0984110368485007,0.1529817161336534,0.1114605063774456,True,True
L252770,Dabrafenib,4,1,0.0951743785327787,0.1481386592209488,0.3174693680089002,True,True
L252770,Doxorubicin,4,0,0.1376057808821043,0.2107630236822143,0.2007489050978454,False,True
L252770,Trametinib,4,0,0.0762072710844168,0.1195453083816761,0.2694866887175905,False,True
L253198,Acid,0,0,0.6645566728657862,0.7120853525850364,0.6231042228403281,False,True
L253198,Cisplatin,0,1,0.2714446777445615,0.3092407505192517,0.2642003548186329,True,True
L253198,CoCl2,0,0,0.3384944507611084,0.3821854891604316,0.4645611379249449,False,True
L253198,Dabrafenib,0,1,0.3632814809282737,0.4087852439677642,0.387655462577661,True,True
L253198,Doxorubicin,0,1,0.4261420515435619,0.4756910263687831,0.3795061520578628,True,True
L253198,Trametinib,0,0,0.2995542938831059,0.3399353204772111,0.2838466058955632,False,True
L253300,Acid,2,0,0.5670892342802313,0.5491620265255638,0.4837562414614912,False,True
L253300,Cisplatin,2,0,0.2196099482978536,0.2050592571514235,0.2365279960671642,False,True
L253300,CoCl2,2,1,0.2511032036553904,0.2354197418681541,0.3276457360371124,True,True
L253300,Dabrafenib,2,0,0.2511032036553905,0.2354197418681541,0.1805756154298775,False,True
L253300,Doxorubicin,2,1,0.3245324898172641,0.3073963863355919,0.3023312234268948,True,True
L253300,Trametinib,2,0,0.2092093703664751,0.1951198138047458,0.1590797493810657,False,True
L25334,Acid,3,0,0.4146843208666432,0.3306020449356471,0.270470927529658,False,False
L25334,Cisplatin,3,0,0.1278074763493444,0.0867941815021298,0.1137702652534509,False,False
L25334,CoCl2,3,0,0.153113315407486,0.1055293027528531,0.0887865703888535,False,False
L25334,Dabrafenib,3,0,0.1531133154074864,0.1055293027528531,0.1007348680856716,False,False
L25334,Doxorubicin,3,0,0.2201619795680417,0.1577421010729228,0.1366537030914207,False,False
L25334,Trametinib,3,0,0.129351556344138,0.0879194165732532,0.0852384143918831,False,False
L253916,Acid,1,0,0.2846492613888907,0.4142944523659194,0.4148282567846398,False,False
L253916,Cisplatin,1,0,0.0757290196169657,0.118772655967022,0.0899181387308272,False,False
L253916,CoCl2,1,0,0.09909531796825,0.1543538136849574,0.2398454756476308,False,False
L253916,Dabrafenib,1,0,0.0969560750019377,0.1511219233559644,0.186060183867906,False,False
L253916,Doxorubicin,1,0,0.1410322674669205,0.2167656999498083,0.2200555725945623,False,False
L253916,Trametinib,1,0,0.0771757232365809,0.1209855587939374,0.1484412236423687,False,False
L254234,Acid,3,1,0.5202016809302542,0.4340278586600661,0.4116682839149835,True,True
L254234,Cisplatin,3,0,0.1831723448181675,0.1285999810038064,0.1921161549731076,False,True
L254234,CoCl2,3,0,0.2167165890367681,0.1548291887414529,0.180153132365629,False,True
L254234,Dabrafenib,3,0,0.2167165890367686,0.1548291887414529,0.0866103853778286,False,True
L254234,Doxorubicin,3,1,0.3016952558218719,0.2252904713246137,0.2471378362117907,True,True
L254234,Trametinib,3,0,0.1852432422282446,0.130189935774358,0.0675982355389285,False,True
L254373,Acid,4,0,0.6463925799308823,0.6545460420508439,0.604043486816188,False,False
L254373,Cisplatin,4,0,0.271970491386302,0.2709148991453252,0.3343828847159938,False,False
L254373,CoCl2,4,0,0.3187329201490972,0.3185590295193207,0.3004541365843242,False,False
L254373,Dabrafenib,4,0,0.3107475807766089,0.3103950591707863,0.2981893261919439,False,False
L254373,Doxorubicin,4,0,0.4061474692341958,0.4087028784168902,0.3947874237920447,False,False
L254373,Trametinib,4,0,0.2612221651965334,0.2600437864698762,0.2352288009901771,False,False
L254701,Acid,1,0,0.2846492613888907,0.2912616497580539,0.3715788468994616,False,False
L254701,Cisplatin,1,0,0.0757290196169657,0.0726196241147555,0.0785374858221163,False,False
L254701,CoCl2,1,0,0.09909531796825,0.0958788646696539,0.0625789880103868,False,False
L254701,Dabrafenib,1,0,0.0969560750019377,0.0937356201263829,0.0962038542010514,False,False
L254701,Doxorubicin,1,0,0.1410322674669205,0.1385197725465277,0.1459835415034778,False,False
L254701,Trametinib,1,0,0.0771757232365809,0.0740448831338397,0.0629753063583927,False,False
L254794,Acid,1,0,0.2846492613888907,0.190778642145921,0.1026834674419266,False,False
L254794,Cisplatin,1,0,0.0757290196169657,0.0429909635088587,0.0348973126984008,False,False
L254794,CoCl2,1,0,0.09909531796825,0.0573473057751829,0.0180912149248453,False,False
L254794,Dabrafenib,1,0,0.0969560750019377,0.0560120224806786,0.0971135520977148,False,False
L254794,Doxorubicin,1,0,0.1410322674669205,0.084452477124222,0.0761557446426909,False,False
L254794,Trametinib,1,0,0.0771757232365809,0.0438622229985043,0.1483273957239463,False,False
L254958,Acid,1,0,0.4006161480198365,0.3961409726946295,0.3636281399286218,False,True
L254958,Cisplatin,1,1,0.1209752434080474,0.1111117730578947,0.1820863329039339,True,True
L254958,CoCl2,1,0,0.1559468078263411,0.1447749726042715,0.2215148406390766,False,True
L254958,Dabrafenib,1,0,0.1527884125735933,0.1417100362615029,0.1055637314846904,False,True
L254958,Doxorubicin,1,0,0.2161701867667327,0.2042492015631281,0.1766055131167643,False,True
L254958,Trametinib,1,0,0.1231711282899808,0.1132002779241801,0.0830347380342651,False,True
L255104,Acid,3,1,0.4146843208666432,0.259735811046756,0.3671843512479807,True,True
L255104,Cisplatin,3,0,0.1278074763493444,0.0632512348522711,0.0569990273754523,False,True
L255104,CoCl2,3,0,0.153113315407486,0.0773348102446374,0.0612965259598125,False,True
L255104,Dabrafenib,3,0,0.1531133154074864,0.0773348102446373,0.0380557265259137,False,True
L255104,Doxorubicin,3,0,0.2201619795680417,0.1174291805196064,0.170803749629973,False,True
L255104,Trametinib,3,0,0.129351556344138,0.0640926712496183,0.036517261545344,False,True
L25515,Acid,1,0,0.58633120078254,0.5669590514083154,0.4862947618551441,False,True
L25515,Cisplatin,1,0,0.2259173392924913,0.1996618055359255,0.1667751564687958,False,True
L25515,CoCl2,1,0,0.2815101867166868,0.2525310453026511,0.1131415488448898,False,True
L25515,Dabrafenib,1,1,0.2766422451278775,0.2478459817153925,0.2956146505101282,True,True
L25515,Doxorubicin,1,0,0.3690235042982693,0.338738752467874,0.3254143236354128,False,True
L25515,Trametinib,1,1,0.2295207084556716,0.2030345570806032,0.246003596611584,True,True
L255305,Acid,2,1,0.4332282471416219,0.4133962291528198,0.4245415837795967,True,True
L255305,Cisplatin,2,0,0.1410473861614739,0.1298600022788675,0.2047798489041379,False,True
L255305,CoCl2,2,0,0.1636367274924759,0.1512044413300708,0.1660314503768416,False,True
L255305,Dabrafenib,2,0,0.163636727492476,0.1512044413300708,0.1149537925042952,False,True
L255305,Doxorubicin,2,0,0.2189669938919418,0.2043137175212914,0.1816789808967208,False,True
L255305,Trametinib,2,0,0.1337298931096704,0.1230015570476279,0.092552207602106,False,True
L255407,Acid,3,1,0.2839379758377813,0.2359111192441471,0.2651013406174221,True,True
L255407,Cisplatin,3,0,0.0757977484189873,0.0560839617451974,0.042089370149625,False,True
L255407,CoCl2,3,0,0.0918906235877918,0.0686886857854718,0.0443419185437212,False,True
L255407,Dabrafenib,3,0,0.0918906235877921,0.0686886857854718,0.0787348779582046,False,True
L255407,Doxorubicin,3,0,0.136449253309681,0.1048096557978945,0.1226115780508424,False,True
L255407,Trametinib,3,0,0.0767687892495874,0.0568358363435468,0.0433345792208175,False,True
L255411,Acid,2,0,0.3123280499487586,0.0556439055052622,0.0270662464612508,False,False
L255411,Cisplatin,2,0,0.0888965001766363,0.0123242590183273,0.0116205981443213,False,False
L255411,CoCl2,2,0,0.10414634088636,0.0146757657311239,0.0092673739730402,False,False
L255411,Dabrafenib,2,0,0.1041463408863601,0.0146757657311239,0.0164757573046702,False,False
L255411,Doxorubicin,2,0,0.142795584893713,0.0210179588089912,0.0432255395014325,False,False
L255411,Trametinib,2,0,0.0840199282215226,0.0115906762907746,0.0110758649132349,False,False
L255751,Acid,0,0,0.4328777043248581,0.4711034191269278,0.3798106655535034,False,True
L255751,Cisplatin,0,1,0.125527930426065,0.1388445309695075,0.1624881919492217,True,True
L255751,CoCl2,0,0,0.1646818096685305,0.1821972644729573,0.4414052540040222,False,True
L255751,Dabrafenib,0,0,0.1802083459980085,0.1993697059741635,0.1737793775386089,False,True
L255751,Doxorubicin,0,1,0.2224585775702799,0.2462781905445663,0.2403279217101934,True,True
L255751,Trametinib,0,0,0.1414610018446082,0.1564567656905684,0.0864204651069826,False,True
L256320,Acid,0,0,0.2846693786920213,0.183394284172254,0.0670044794812537,False,True
L256320,Cisplatin,0,1,0.06962987611271,0.0390633820001101,0.0201399315011034,True,True
L256320,CoCl2,0,0,0.0932067590000554,0.0531846687380961,0.0163693807782438,False,True
L256320,Dabrafenib,0,0,0.102824000340023,0.0590758077138566,0.1030016741493242,False,True
L256320,Doxorubicin,0,0,0.1298040178991264,0.0761134488254217,0.1038220469047029,False,True
L256320,Trametinib,0,0,0.0791097509577917,0.0446751441892733,0.0869495801313847,False,True
L256449,Acid,2,0,0.2807695161874157,0.2049077878158675,0.0611033647956531,False,False
L256449,Cisplatin,2,0,0.0773739631839097,0.0517520424570181,0.0375687574299416,False,False
L256449,CoCl2,2,0,0.0908442457636326,0.0611606428405621,0.0311417014291431,False,False
L256449,Dabrafenib,2,0,0.0908442457636327,0.0611606428405621,0.0959097775826794,False,False
L256449,Doxorubicin,2,0,0.1252471706812583,0.0858413488491224,0.0714019188535041,False,False
L256449,Trametinib,2,0,0.0730787807484661,0.048787508113606,0.1638314962400571,False,False
L257082,Acid,1,1,0.8195939416729653,0.8745607679875169,0.8521050747397023,True,True
L257082,Cisplatin,1,1,0.4833237326117391,0.570535458363176,0.6232987136253698,True,True
L257082,CoCl2,1,1,0.5567042004287511,0.642742410846831,0.7195213106072117,True,True
L257082,Dabrafenib,1,1,0.5507251152365571,0.6369873132369451,0.6303847693058324,True,True
L257082,Doxorubicin,1,1,0.6521200891329875,0.7317512151040303,0.7236587063162766,True,True
L257082,Trametinib,1,0,0.4884420963077858,0.5756669002610392,0.4948921299527833,False,True
L257154,Acid,4,1,0.923231199568567,0.9346148972904136,0.95620256260889,True,False
L257154,Cisplatin,4,1,0.7107878817834941,0.7370655080372427,0.8268623375647607,True,False
L257154,CoCl2,4,1,0.7547781877588792,0.7790873387538767,0.8230543895599581,True,False
L257154,Dabrafenib,4,1,0.7478607058643562,0.772500489134768,0.7065856312212656,True,False
L257154,Doxorubicin,4,1,0.8181624133110349,0.839083869668567,0.8724963296621419,True,False
L257154,Trametinib,4,1,0.6993565465408147,0.7261182785345842,0.6469484667227241,True,False
L257749,Acid,0,0,0.2846693786920213,0.2116697286446069,0.2237087817628743,False,False
L257749,Cisplatin,0,0,0.06962987611271,0.0463491390771617,0.0834575957052184,False,False
L257749,CoCl2,0,0,0.0932067590000554,0.0629317174821882,0.0657079871162453,False,False
L257749,Dabrafenib,0,0,0.102824000340023,0.0698228944833501,0.0658696232761478,False,False
L257749,Doxorubicin,0,0,0.1298040178991264,0.0896646640471811,0.1263611982222746,False,False
L257749,Trametinib,0,0,0.0791097509577917,0.0529498843537836,0.0345851895657427,False,False
L258435,Acid,2,0,0.2879810790401368,0.3063445367366514,0.1194890755032769,False,True
L258435,Cisplatin,2,0,0.0799419805856406,0.085526746177078,0.0275426423061661,False,True
L258435,CoCl2,2,0,0.0938138784504659,0.100425344185031,0.0522635320459355,False,True
L258435,Dabrafenib,2,0,0.0938138784504659,0.100425344185031,0.204304402999816,False,True
L258435,Doxorubicin,2,1,0.1291816151328634,0.1386115355043492,0.1119465132501862,True,True
L258435,Trametinib,2,0,0.0755159104304394,0.0807923233815652,0.1872842016343843,False,True
L258506,Acid,1,0,0.2846492613888907,0.2919048992970535,0.2932266881210629,False,True
L258506,Cisplatin,1,0,0.0757290196169657,0.0728296235529595,0.0582194301043911,False,True
L258506,CoCl2,1,0,0.09909531796825,0.0961491510996421,0.0933338664681163,False,True
L258506,Dabrafenib,1,0,0.0969560750019377,0.0940004928317266,0.1033012525366343,False,True
L258506,Doxorubicin,1,0,0.1410322674669205,0.1388917992243606,0.1423305938760078,False,True
L258506,Trametinib,1,1,0.0771757232365809,0.0742586740717115,0.082965572171523,True,True
L258524,Acid,0,0,0.4951423832940624,0.5258017662368354,0.4989849745819822,False,True
L258524,Cisplatin,0,1,0.1557227929225017,0.1671577684415427,0.1422258539234624,True,True
L258524,CoCl2,0,0,0.2021180226005783,0.2171220638711713,0.2461272119451326,False,True
L258524,Dabrafenib,0,1,0.2202435020704015,0.2366337625744407,0.2125908066349739,True,True
L258524,Doxorubicin,0,0,0.2688023683384141,0.2891434948129925,0.2966809194164146,False,True
L258524,Trametinib,0,1,0.1747226877606323,0.1875791888024441,0.1536677977900041,True,True
L258800,Acid,2,0,0.2879810790401368,0.2406291554319917,0.1417104941808818,False,False
L258800,Cisplatin,2,0,0.0799419805856406,0.0628856466703033,0.0619255722031765,False,False
L258800,CoCl2,2,0,0.0938138784504659,0.0741600531239832,0.0460529700129144,False,False
L258800,Dabrafenib,2,0,0.0938138784504659,0.0741600531239832,0.0658000053150791,False,False
L258800,Doxorubicin,2,0,0.1291816151328634,0.1035081760279944,0.154412783658624,False,False
L258800,Trametinib,2,0,0.0755159104304394,0.0593232408480412,0.0486562101924525,False,False
L259056,Acid,4,0,0.4062027571838147,0.4673975441412186,0.2089646040793057,False,False
L259056,Cisplatin,4,0,0.1226519397577298,0.146832502895506,0.0966890227708774,False,False
L259056,CoCl2,4,0,0.1489948927966237,0.1779820527229364,0.1230705528508956,False,False
L259056,Dabrafenib,4,0,0.1443609557083698,0.1725087336729309,0.2855919893474118,False,False
L259056,Doxorubicin,4,0,0.2037823767384863,0.2425025627849794,0.2410352931791946,False,False
L259056,Trametinib,4,0,0.1168575141152345,0.1399845058685632,0.3686715239184713,False,False
L259385,Acid,3,0,0.2839379758377813,0.2179322876400575,0.2632692619844291,False,False
L259385,Cisplatin,3,0,0.0757977484189873,0.0508969077365307,0.0518216578151758,False,False
L259385,CoCl2,3,0,0.0918906235877918,0.0624129375837549,0.0497322097200202,False,False
L259385,Dabrafenib,3,0,0.0918906235877921,0.0624129375837549,0.038774069463588,False,False
L259385,Doxorubicin,3,0,0.136449253309681,0.0955723821916629,0.1136045299928909,False,False
L259385,Trametinib,3,0,0.0767687892495874,0.0515830436389671,0.0295445450283735,False,False
L259644,Acid,0,0,0.5115146125449378,0.412069881208828,0.4446229948446116,False,True
L259644,Cisplatin,0,0,0.1645294175338874,0.112583415778214,0.1578862207380559,False,True
L259644,CoCl2,0,1,0.2128868482927187,0.1491566348194963,0.1028335635465559,True,True
L259644,Dabrafenib,0,0,0.2316976140253872,0.1638388218191634,0.1056294330067477,False,True
L259644,Doxorubicin,0,0,0.2818689779638529,0.2045230042911164,0.2396819412940569,False,True
L259644,Trametinib,0,0,0.1843691722779054,0.127357117027972,0.0772393773825139,False,True
L260364,Acid,0,0,0.6303847650381779,0.6789792537980982,0.6273663126499954,False,False
L260364,Cisplatin,0,0,0.2428523681013637,0.2768541416763362,0.31480600070536,False,False
L260364,CoCl2,0,0,0.3058039928536218,0.3459858543176845,0.4252407621781603,False,False
L260364,Dabrafenib,0,0,0.3293891716958623,0.3715814654401509,0.3574723606207013,False,False
L260364,Doxorubicin,0,0,0.3899771015393171,0.4368978828468899,0.4178692163388329,False,False
L260364,Trametinib,0,0,0.2690947079774682,0.3057570051610915,0.2304925688173115,False,False
L260458,Acid,4,0,0.7689336696645321,0.7325115724554874,0.7206996335172452,False,True
L260458,Cisplatin,4,0,0.4047847104517665,0.3494027685085228,0.3667579878290906,False,True
L260458,CoCl2,4,1,0.4599557672179213,0.4032163084427322,0.391277751359419,True,True
L260458,Dabrafenib,4,0,0.450773375662279,0.3941376179215903,0.2943009868383687,False,True
L260458,Doxorubicin,4,1,0.5545730994537541,0.4997475191343086,0.542177191458903,True,True
L260458,Trametinib,4,1,0.3916109214232229,0.3368372164637341,0.2838277560863499,True,True
L260546,Acid,1,1,0.4172781131200817,0.4086891082129597,0.4658433344960817,True,True
L260546,Cisplatin,1,0,0.1285001353508123,0.1163712610546031,0.1729159038202454,False,True
L260546,CoCl2,1,0,0.1652380879475498,0.1513565848941677,0.1962304785350042,False,True
L260546,Dabrafenib,1,0,0.1619276169125846,0.1481764547498133,0.1053998983484776,False,True
L260546,Doxorubicin,1,0,0.2280799886407108,0.2128616178860202,0.170888386409291,False,True
L260546,Trametinib,1,0,0.13081228206688,0.1185454412433208,0.0921057665949555,False,True
L260648,Acid,4,0,0.29897467523817,0.3072931513893067,0.3177399935748787,False,False
L260648,Cisplatin,4,0,0.0801690138735493,0.0800348972591983,0.0859369068247326,False,False
L260648,CoCl2,4,0,0.0984110368485007,0.0986523388951293,0.0849485389990735,False,False
L260648,Dabrafenib,4,0,0.0951743785327787,0.0953356403374629,0.0829461226397178,False,False
L260648,Doxorubicin,4,0,0.1376057808821043,0.1392878505374591,0.1856488705507366,False,False
L260648,Trametinib,4,0,0.0762072710844168,0.0760246155742114,0.0741636326956959,False,False
L261529,Acid,0,0,0.2846693786920213,0.2149176512469114,0.2042640957135584,False,False
L261529,Cisplatin,0,0,0.06962987611271,0.0472122558159297,0.0635185429059922,False,False
L261529,CoCl2,0,0,0.0932067590000554,0.0640828854029104,0.0318728039800457,False,False
L261529,Dabrafenib,0,0,0.102824000340023,0.0710905549088679,0.0632556819600551,False,False
L261529,Doxorubicin,0,0,0.1298040178991264,0.0912572174544424,0.111954266610732,False,False
L261529,Trametinib,0,0,0.0791097509577917,0.0539289695080868,0.0724310009150696,False,False
L261918,Acid,0,1,0.4168744560268722,0.3387106226415331,0.3500200256068733,True,True
L261918,Cisplatin,0,0,0.1185127757596139,0.0848463213390268,0.0860242614012892,False,True
L261918,CoCl2,0,0,0.1558685498882306,0.1135620926943028,0.1028801450404683,False,True
L261918,Dabrafenib,0,0,0.1707339916372407,0.1252563424242337,0.0909877930932996,False,True
L261918,Doxorubicin,0,1,0.2113355690473484,0.1581721246707169,0.1894653276526823,True,True
L261918,Trametinib,0,0,0.1336915543255824,0.0963755258502347,0.0571429614609713,False,True
L261955,Acid,1,0,0.2838807297763159,0.1755810639722564,0.0936821663848996,False,False
L261955,Cisplatin,1,0,0.0754650511914505,0.0389988972706388,0.0281529680136034,False,False
L261955,CoCl2,1,0,0.0987586044275129,0.0520947019704753,0.0437439699453911,False,False
L261955,Dabrafenib,1,0,0.0966258507238606,0.0508751204116172,0.0732046745287226,False,False
L261955,Doxorubicin,1,0,0.1405752922599338,0.0769198148695602,0.086150273614468,False,False
L261955,Trametinib,1,0,0.0769071316414241,0.0397926171054375,0.0441613440100217,False,False
L262018,Acid,4,0,0.29897467523817,0.2702707777997055,0.2448745652817504,False,False
L262018,Cisplatin,4,0,0.0801690138735493,0.0677158439401315,0.0876669309121923,False,False
L262018,CoCl2,4,0,0.0984110368485007,0.0837284772247289,0.1833105864388846,False,False
L262018,Dabrafenib,4,0,0.0951743785327787,0.0808685039437456,0.0350433685410104,False,False
L262018,Doxorubicin,4,0,0.1376057808821043,0.1190285374269582,0.1816433614697083,False,False
L262018,Trametinib,4,0,0.0762072710844168,0.064279699329912,0.0385235513716457,False,False
L262260,Acid,2,0,0.4182482055123107,0.4949118207625232,0.4406079107108525,False,True
L262260,Cisplatin,2,0,0.1337855071112935,0.1718449880204635,0.1916231107438385,False,True
L262260,CoCl2,2,0,0.1554222690865395,0.1985159092879017,0.2572465130983051,False,True
L262260,Dabrafenib,2,1,0.1554222690865395,0.1985159092879017,0.1595853748851411,True,True
L262260,Doxorubicin,2,1,0.20866797340549,0.2630921096621972,0.2627402257118048,True,True
L262260,Trametinib,2,1,0.1267891472075863,0.1631849902943745,0.1637420334982953,True,True
L262482,Acid,1,1,0.2952569053890467,0.1726594017713093,0.041935433979599,True,True
L262482,Cisplatin,1,0,0.0794154333052323,0.0382445262728777,0.0091511646402669,False,True
L262482,CoCl2,1,0,0.1037914496285774,0.0511004836249089,0.0365507178377243,False,True
L262482,Dabrafenib,1,0,0.1015622566428531,0.0499029522178762,0.0268020749738164,False,True
L262482,Doxorubicin,1,0,0.1473906496025865,0.0754895448124982,0.125193089961591,False,True
L262482,Trametinib,1,1,0.0809263949015811,0.0390235163240654,0.0407437245957904,True,True
L263044,Acid,3,0,0.2800284500633928,0.2261652188574102,0.1026572451282782,False,False
L263044,Cisplatin,3,0,0.0744561004084269,0.0532493105547475,0.0376809567767273,False,False
L263044,CoCl2,3,0,0.090291954794067,0.0652610009665651,0.0523960594528239,False,False
L263044,Dabrafenib,3,0,0.0902919547940672,0.0652610009665651,0.0462988462485604,False,False
L263044,Doxorubicin,3,0,0.1341899264720791,0.0997725758387274,0.1051408874577326,False,False
L263044,Trametinib,3,0,0.0754113559162071,0.0539653558031283,0.076326024304224,False,False
L263321,Acid,2,1,0.2807695161874157,0.3162427120193197,0.2381871063899588,True,True
L263321,Cisplatin,2,0,0.0773739631839097,0.0892077334550933,0.09230618954576,False,True
L263321,CoCl2,2,0,0.0908442457636326,0.1046741558616918,0.1675870700666847,False,True
L263321,Dabrafenib,2,0,0.0908442457636327,0.1046741558616918,0.1288125099229788,False,True
L263321,Doxorubicin,2,0,0.1252471706812583,0.144216928905451,0.099274157529956,False,True
L263321,Trametinib,2,0,0.0730787807484661,0.084288327053449,0.0958331306442512,False,True
L263433,Acid,3,0,0.2839379758377813,0.3402121817001178,0.1222110575706607,False,True
L263433,Cisplatin,3,0,0.0757977484189873,0.0902729175345518,0.042392306128856,False,True
L263433,CoCl2,3,0,0.0918906235877918,0.1096687696697536,0.0485456523663514,False,True
L263433,Dabrafenib,3,0,0.0918906235877921,0.1096687696697536,0.1720722741050914,False,True
L263433,Doxorubicin,3,1,0.136449253309681,0.1635551592282954,0.1112139333864082,True,True
L263433,Trametinib,3,0,0.0767687892495874,0.0914387365444256,0.2836656641987882,False,True
L263517,Acid,2,1,0.7408487915399654,0.6604417328502062,0.6217276945256089,True,True
L263517,Cisplatin,2,0,0.3804730014845597,0.2917312217338176,0.2313601416848287,False,True
L263517,CoCl2,2,0,0.4225443155888251,0.3296034553089042,0.1731646714830889,False,True
L263517,Dabrafenib,2,0,0.4225443155888252,0.3296034553089042,0.3292016204910529,False,True
L263517,Doxorubicin,2,0,0.5118428804891139,0.4147551542118974,0.5105463956251814,False,True
L263517,Trametinib,2,0,0.3660273097531881,0.2790654933546446,0.3131890897735572,False,True
L263548,Acid,2,0,0.3964971561603091,0.3300034635587652,0.3839519668851594,False,True
L263548,Cisplatin,2,1,0.1236828129632373,0.0944541410029844,0.072423692493484,True,True
L263548,CoCl2,2,0,0.1439572306507918,0.1107195867989875,0.0760972242682161,False,True
L263548,Dabrafenib,2,0,0.1439572306507918,0.1107195867989874,0.1008985080525268,False,True
L263548,Doxorubicin,2,0,0.1941781992172485,0.1521580209332085,0.1517508242549104,False,True
L263548,Trametinib,2,0,0.1171433286036891,0.0892737768334624,0.0747684070520446,False,True
L263554,Acid,3,0,0.5202016809302542,0.559263612137474,0.4618769045655514,False,True
L263554,Cisplatin,3,0,0.1831723448181675,0.1962680748062,0.2418355209045637,False,True
L263554,CoCl2,3,0,0.2167165890367681,0.2326146060304044,0.2147965417228192,False,True
L263554,Dabrafenib,3,0,0.2167165890367686,0.2326146060304043,0.2775910611498587,False,True
L263554,Doxorubicin,3,0,0.3016952558218719,0.3248683980253407,0.2458818495273155,False,True
L263554,Trametinib,3,1,0.1852432422282446,0.1985040677173561,0.1908123039489343,True,True
L263788,Acid,0,0,0.6100485939741226,0.5213120264016359,0.4731346045091034,False,True
L263788,Cisplatin,0,0,0.2273288545852003,0.1646670030630219,0.1333792058812061,False,True
L263788,CoCl2,0,0,0.2877859900051456,0.2140781670229726,0.0695903391034151,False,True
L263788,Dabrafenib,0,0,0.3106032931699143,0.2333978755809093,0.2475811339978009,False,True
L263788,Doxorubicin,0,1,0.3696404023939155,0.2854580682272378,0.282975325611298,True,True
L263788,Trametinib,0,0,0.2524530489819386,0.1848516689784073,0.2996966926451728,False,True
L263872,Acid,4,0,0.4343535892129345,0.5879528399642189,0.5180307271873066,False,False
L263872,Cisplatin,4,0,0.1356408285446726,0.2186485604429494,0.2741021837393984,False,False
L263872,CoCl2,4,0,0.1642512362708553,0.2603836544439175,0.2002509182501665,False,False
L263872,Dabrafenib,4,0,0.159231589114579,0.2531567163870835,0.3674236133835301,False,False
L263872,Doxorubicin,4,0,0.2231774654903519,0.3423354651366029,0.2231679616909367,False,False
L263872,Trametinib,4,0,0.1293232217737924,0.2092727588395594,0.2796003925866651,False,False
L263990,Acid,1,1,0.6428113769578303,0.7084458899897343,0.6641182671802478,True,True
L263990,Cisplatin,1,0,0.2703709557512545,0.316475615313198,0.3642441553680885,False,True
L263990,CoCl2,1,1,0.3322081648368591,0.3853821391861152,0.527020069942543,True,True
L263990,Dabrafenib,1,0,0.3268623701727824,0.3794836780001046,0.3390649032256205,False,True
L263990,Doxorubicin,1,0,0.4261344800349973,0.487371050778435,0.4762184838117787,False,True
L263990,Trametinib,1,0,0.2744319875198223,0.3210301145179233,0.2402263977652972,False,True
L264326,Acid,2,0,0.4245481799777996,0.2885590832501051,0.3696267826375461,False,False
L264326,Cisplatin,2,0,0.1368083254411842,0.0790994152217182,0.1252950817417136,False,False
L264326,CoCl2,2,0,0.1588443113304733,0.092992238687441,0.1115112232609229,False,False
L264326,Dabrafenib,2,0,0.1588443113304734,0.092992238687441,0.0433625273323444,False,False
L264326,Doxorubicin,2,0,0.2129667474206737,0.1287565758114769,0.1620964611406264,False,False
L264326,Trametinib,2,0,0.1296775516294521,0.0746917239685086,0.0295865205239119,False,False
L264836,Acid,3,1,0.3997717732871692,0.3074267105514809,0.3356210567053473,True,True
L264836,Cisplatin,3,0,0.1210773264101534,0.0787004986352256,0.1280864455747,False,True
L264836,CoCl2,3,1,0.1452725506487526,0.0958719578176555,0.0868110800263642,True,True
L264836,Dabrafenib,3,0,0.145272550648753,0.0958719578176555,0.0510351516673433,False,True
L264836,Doxorubicin,3,0,0.209738056390987,0.1440762260071377,0.1355363416413024,False,True
L264836,Trametinib,3,0,0.1225515221645141,0.079729965096417,0.0394066252575803,False,True
L264933,Acid,1,1,0.4158230698941236,0.3813711836108516,0.4474159427434256,True,True
L264933,Cisplatin,1,1,0.1278311601185779,0.1051191122809532,0.1269684394801582,True,True
L264933,CoCl2,1,0,0.1644139361003428,0.1372470642891186,0.1025958449660253,False,True
L264933,Dabrafenib,1,0,0.1611167897031677,0.1343164669334526,0.0943786239302463,False,True
L264933,Doxorubicin,1,0,0.2270276463322885,0.1943314976959919,0.243172249808576,False,True
L264933,Trametinib,1,0,0.1301330671248022,0.1071085493901133,0.0865442198383881,False,True
L264962,Acid,3,1,0.8249567524111996,0.8005222782933489,0.8572383811052767,True,True
L264962,Cisplatin,3,0,0.4936119761563003,0.4357579164085062,0.6175231167919957,False,True
L264962,CoCl2,3,1,0.5460052672842712,0.4894469894214241,0.6010881602334726,True,True
L264962,Dabrafenib,3,0,0.546005267284272,0.489446989421424,0.3599223854837081,False,True
L264962,Doxorubicin,3,1,0.6525368443002103,0.603459400227061,0.6432413557730765,True,True
L264962,Trametinib,3,0,0.4970568655385766,0.4392312661361351,0.2742675261905614,False,True
L265375,Acid,2,0,0.2807695161874157,0.2534438802655813,0.2159801642837814,False,False
L265375,Cisplatin,2,0,0.0773739631839097,0.0670706793377189,0.070449866023448,False,False
L265375,CoCl2,2,0,0.0908442457636326,0.0790321183670094,0.0914149865648815,False,False
L265375,Dabrafenib,2,0,0.0908442457636327,0.0790321183670094,0.1023449147092094,False,False
L265375,Doxorubicin,2,0,0.1252471706812583,0.1100790729412855,0.0933549474266441,False,False
L265375,Trametinib,2,0,0.0730787807484661,0.0632872066487708,0.0666376724538213,False,False
L265836,Acid,0,0,0.6809143931064897,0.7252136273439078,0.6933824682847803,False,False
L265836,Cisplatin,0,0,0.2863873209605783,0.3232813381846505,0.3571722645674758,False,False
L265836,CoCl2,0,0,0.3553279322343734,0.397631518208881,0.4779680023362854,False,False
L265836,Dabrafenib,0,0,0.380638339163477,0.4245675327723617,0.4429510354367035,False,False
L265836,Doxorubicin,0,0,0.4444060327756169,0.4919072009906059,0.4792343927239361,False,False
L265836,Trametinib,0,0,0.3153745007591516,0.3546540158585764,0.3756747320749102,False,False
L265837,Acid,1,0,0.4158230698941236,0.3973155663027251,0.154442454065245,False,False
L265837,Cisplatin,1,0,0.1278311601185779,0.1115974167873358,0.0699837023447382,False,False
L265837,CoCl2,1,0,0.1644139361003428,0.1453836855884238,0.0955187194460323,False,False
L265837,Dabrafenib,1,0,0.1611167897031677,0.1423080069001915,0.2387242898015313,False,False
L265837,Doxorubicin,1,0,0.2270276463322885,0.2050480219807977,0.189577223980442,False,False
L265837,Trametinib,1,0,0.1301330671248022,0.1136938824522915,0.2530233457609365,False,False
L265944,Acid,3,0,0.4146843208666432,0.4731177633654934,0.4249523048938093,False,False
L265944,Cisplatin,3,0,0.1278074763493444,0.1473433872215421,0.1440648374244603,False,False
L265944,CoCl2,3,0,0.153113315407486,0.1766206453156012,0.1457038022997788,False,False
L265944,Dabrafenib,3,0,0.1531133154074864,0.1766206453156011,0.1545073411445073,False,False
L265944,Doxorubicin,3,0,0.2201619795680417,0.2540184047005416,0.2405268954703784,False,False
L265944,Trametinib,3,0,0.129351556344138,0.1491254197864922,0.1689064867172449,False,False
L2660,Acid,3,0,0.2800284500633928,0.2705469008037579,0.2530295077642666,False,False
L2660,Cisplatin,3,0,0.0744561004084269,0.0666199770547345,0.0834099216226815,False,False
L2660,CoCl2,3,0,0.090291954794067,0.0813884689803601,0.1199055728336388,False,False
L2660,Dabrafenib,3,0,0.0902919547940672,0.0813884689803601,0.0814312051381616,False,False
L2660,Doxorubicin,3,0,0.1341899264720791,0.1233036075933646,0.1000500860668262,False,False
L2660,Trametinib,3,0,0.0754113559162071,0.067502998721315,0.0870048269855873,False,False
L266331,Acid,2,0,0.5018237267619,0.5813973175887666,0.1799648609420001,False,True
L266331,Cisplatin,2,0,0.1779013876931433,0.2272786099165179,0.06401748608467,False,True
L266331,CoCl2,2,1,0.204984495971043,0.2598534666927213,0.2279441561717947,True,True
L266331,Dabrafenib,2,1,0.2049844959710431,0.2598534666927213,0.6623994161055937,True,True
L266331,Doxorubicin,2,0,0.2697858179908219,0.3360173706429439,0.2301730055309516,False,True
L266331,Trametinib,2,1,0.1690482114294914,0.216555562853331,0.5578762022879236,True,True
L26658,Acid,1,0,0.2846492613888907,0.2687631838587384,0.2262757691080091,False,False
L26658,Cisplatin,1,0,0.0757290196169657,0.065450470742714,0.0863432570027062,False,False
L26658,CoCl2,1,0,0.09909531796825,0.0866280042879647,0.0194510686700914,False,False
L26658,Dabrafenib,1,0,0.0969560750019377,0.0846721841978122,0.0952459780896395,False,False
L26658,Doxorubicin,1,0,0.1410322674669205,0.1257268293156932,0.0974347095463739,False,False
L26658,Trametinib,1,0,0.0771757232365809,0.0667451520999114,0.191121139439875,False,False
L266998,Acid,3,1,0.8213245507922706,0.8983356374781213,0.914103537774876,True,False
L266998,Cisplatin,3,1,0.4873766677243239,0.6296950031915695,0.6495807379501213,True,False
L266998,CoCl2,3,1,0.539813645024519,0.6785436009033401,0.5448068962389927,True,False
L266998,Dabrafenib,3,1,0.5398136450245199,0.6785436009033401,0.729899294851195,True,False
L266998,Doxorubicin,3,1,0.6468584208378045,0.770158335172763,0.7107927754585226,True,False
L266998,Trametinib,3,1,0.4908202193057182,0.6329800334607929,0.6627325498454085,True,False
L267278,Acid,1,1,0.2838807297763159,0.1587706450838923,0.0468831835821905,True,True
L267278,Cisplatin,1,0,0.0754650511914505,0.0347144522806685,0.01522785647896,False,True
L267278,CoCl2,1,0,0.0987586044275129,0.0464410699836104,0.0107443567560905,False,True
L267278,Dabrafenib,1,1,0.0966258507238606,0.0453475128984627,0.1220782014828875,True,True
L267278,Doxorubicin,1,0,0.1405752922599338,0.0687674649752591,0.0503866750251979,False,True
L267278,Trametinib,1,1,0.0769071316414241,0.0354241878157167,0.092834099109566,True,True
L267504,Acid,0,1,0.2913335192140022,0.3471464332318725,0.3459436627312431,True,True
L267504,Cisplatin,0,0,0.0717649606822348,0.0877989295054723,0.0686164905777277,False,True
L267504,CoCl2,0,0,0.0959902001688309,0.1173858164642866,0.1242599770586027,False,True
L267504,Dabrafenib,0,0,0.1058611135447152,0.1294163341036808,0.1277816309459369,False,True
L267504,Doxorubicin,0,0,0.1335194425566999,0.1632213269869446,0.171317759042914,False,True
L267504,Trametinib,0,0,0.0815100531712696,0.099685641433133,0.0849852115603067,False,True
L267510,Acid,2,0,0.5292323397866742,0.5404134655489081,0.3055672735162758,False,True
L267510,Cisplatin,2,0,0.1945263219053228,0.1993683570933958,0.0637055613484279,False,True
L267510,CoCl2,2,0,0.2234524304898659,0.2291291233938571,0.167119412517273,False,True
L267510,Dabrafenib,2,1,0.223452430489866,0.2291291233938571,0.4078997010379907,True,True
L267510,Doxorubicin,2,0,0.2919480494610228,0.2999369720433162,0.2572970658173754,False,True
L267510,Trametinib,2,0,0.1850320237237592,0.1896389531826273,0.3239513141475443,False,True
L267658,Acid,3,1,0.8342581528533043,0.8344520499107485,0.8421431414193071,True,False
L267658,Cisplatin,3,1,0.5100636589865408,0.4923896035747909,0.5734727898159316,True,False
L267658,CoCl2,3,1,0.5622642668076838,0.5463005444215213,0.5386453797174574,True,False
L267658,Dabrafenib,3,1,0.5622642668076845,0.5463005444215212,0.525564333901098,True,False
L267658,Doxorubicin,3,1,0.6673053267573313,0.6565264624737143,0.7070970519389662,True,False
L267658,Trametinib,3,1,0.5135069342703554,0.4959176137929007,0.5345954548723614,True,False
L267678,Acid,0,0,0.2846693786920213,0.2308189930134993,0.2627654519286262,False,False
L267678,Cisplatin,0,0,0.06962987611271,0.051519665862459,0.0847398725322987,False,False
L267678,CoCl2,0,0,0.0932067590000554,0.0698167011117928,0.046664344984833,False,False
L267678,Dabrafenib,0,0,0.102824000340023,0.0773995285190046,0.0515074088316591,False,False
L267678,Doxorubicin,0,0,0.1298040178991264,0.0991648355675899,0.1173241378309215,False,False
L267678,Trametinib,0,0,0.0791097509577917,0.0588113535310252,0.040998412748734,False,False
L267695,Acid,2,1,0.5564754830805619,0.6929649709445252,0.6230918880759121,True,True
L267695,Cisplatin,2,0,0.2123102133228364,0.3233898966545634,0.3625106478575985,False,True
L267695,CoCl2,2,1,0.2430827202923283,0.3632641005168035,0.5254837497885165,True,True
L267695,Dabrafenib,2,0,0.2430827202923284,0.3632641005168034,0.3743943866797989,False,True
L267695,Doxorubicin,2,0,0.31515360451394,0.4512583636250847,0.4472694882724997,False,True
L267695,Trametinib,2,1,0.2021657870332094,0.3099511827051762,0.2196537667441684,True,True
L267807,Acid,1,0,0.58633120078254,0.5965205503493134,0.645948396916802,False,True
L267807,Cisplatin,1,0,0.2259173392924913,0.2197924862728962,0.2785197957736673,False,True
L267807,CoCl2,1,1,0.2815101867166868,0.2761529505713258,0.2550416984050336,True,True
L267807,Dabrafenib,1,0,0.2766422451278775,0.2711886421759157,0.2441060245555436,False,True
L267807,Doxorubicin,1,0,0.3690235042982693,0.3664709788372854,0.3533928861224452,False,True
L267807,Trametinib,1,1,0.2295207084556716,0.223410367419874,0.1678396415768251,True,True
L268052,Acid,3,1,0.2800284500633928,0.3108069695100178,0.2920824096086625,True,True
L268052,Cisplatin,3,0,0.0744561004084269,0.0798558148462265,0.0985257427142697,False,True
L268052,CoCl2,3,0,0.090291954794067,0.0972527403119322,0.1088783065320532,False,True
L268052,Dabrafenib,3,1,0.0902919547940672,0.0972527403119322,0.0838549369003228,True,True
L268052,Doxorubicin,3,0,0.1341899264720791,0.1460391242899706,0.1428015822433236,False,True
L268052,Trametinib,3,0,0.0754113559162071,0.0808990667596544,0.0589382522830143,False,True
L268355,Acid,4,0,0.4343535892129345,0.4507225691551264,0.4400890695565904,False,False
L268355,Cisplatin,4,0,0.1356408285446726,0.1386175470666192,0.1305207894887697,False,False
L268355,CoCl2,4,0,0.1642512362708553,0.168368270672861,0.1633824536784463,False,False
L268355,Dabrafenib,4,0,0.159231589114579,0.1631319240523172,0.1691202144224864,False,False
L268355,Doxorubicin,4,0,0.2231774654903519,0.230380418418525,0.2036168636452521,False,False
L268355,Trametinib,4,0,0.1293232217737924,0.132093361496149,0.1470976282205008,False,False
L268453,Acid,2,0,0.5152190142896127,0.5268753276467539,0.3175937883327904,False,True
L268453,Cisplatin,2,0,0.1858762834259343,0.1908264452197707,0.1117335677026884,False,True
L268453,CoCl2,2,0,0.2138576390467288,0.2196619517245766,0.1721066039775427,False,True
L268453,Dabrafenib,2,1,0.2138576390467289,0.2196619517245766,0.305775168316985,True,True
L268453,Doxorubicin,2,0,0.2804744131920041,0.2886396149984067,0.2339349699290333,False,True
L268453,Trametinib,2,0,0.1767115475674063,0.1814194389433709,0.405173351268041,False,True
L268666,Acid,0,0,0.4168744560268722,0.4731746335883364,0.2270859850969054,False,False
L268666,Cisplatin,0,0,0.1185127757596139,0.1398411967599776,0.0299299932668637,False,False
L268666,CoCl2,0,0,0.1558685498882306,0.1834388387524362,0.0934197912482196,False,False
L268666,Dabrafenib,0,0,0.1707339916372407,0.2006995825722023,0.2913616982372379,False,False
L268666,Doxorubicin,0,0,0.2113355690473484,0.2478241122573041,0.1970105778115256,False,False
L268666,Trametinib,0,0,0.1336915543255824,0.157556726345344,0.3834764070109374,False,False
L268930,Acid,4,0,0.2968821351175162,0.2509739555800048,0.2026441427205023,False,True
L268930,Cisplatin,4,0,0.0794343772887644,0.061659078748622,0.0508658113891667,False,True
L268930,CoCl2,4,0,0.0975269614574984,0.0763567845252179,0.062957517899422,False,True
L268930,Dabrafenib,4,1,0.094316337926325,0.0737283501520333,0.0474305292924873,True,True
L268930,Doxorubicin,4,0,0.1364228780661134,0.1089183693981883,0.0931114421259366,False,True
L268930,Trametinib,4,0,0.0755059582532245,0.0585109870542646,0.0497183286174219,False,True
L269067,Acid,2,0,0.2807695161874157,0.2277890299765026,0.0753386986033275,False,True
L269067,Cisplatin,2,0,0.0773739631839097,0.0587956731179702,0.0131038310369002,False,True
L269067,CoCl2,2,0,0.0908442457636326,0.069391108458233,0.0371960637367192,False,True
L269067,Dabrafenib,2,1,0.0908442457636327,0.069391108458233,0.2696950054815175,True,True
L269067,Doxorubicin,2,0,0.1252471706812583,0.09704979730157,0.1150656012625024,False,True
L269067,Trametinib,2,1,0.0730787807484661,0.0554512502011231,0.195182313309501,True,True
L269103,Acid,3,1,0.2800284500633928,0.1857621354423103,0.1599127285420777,True,True
L269103,Cisplatin,3,0,0.0744561004084269,0.0420577482555282,0.0468710974214976,False,True
L269103,CoCl2,3,0,0.090291954794067,0.0516827199247451,0.0391356021068797,False,True
L269103,Dabrafenib,3,0,0.0902919547940672,0.0516827199247451,0.0407986575305485,False,True
L269103,Doxorubicin,3,0,0.1341899264720791,0.0796254459607726,0.1246169796222885,False,True
L269103,Trametinib,3,0,0.0754113559162071,0.0426300765726363,0.0395330541594771,False,True
L269961,Acid,4,1,0.8931400227247168,0.9069579491751124,0.925320414485822,True,True
L269961,Cisplatin,4,0,0.6307315135939235,0.6565542734216679,0.7073923010104246,False,True
L269961,CoCl2,4,1,0.6814413090387891,0.7063163675818188,0.8207707963695942,True,True
L269961,Dabrafenib,4,1,0.6733503727512884,0.6983997044042678,0.5525898081203202,True,True
L269961,Doxorubicin,4,1,0.7576960886374023,0.7805084407537759,0.809537686333631,True,True
L269961,Trametinib,4,0,0.6178372028443089,0.6438745818290948,0.4976386751252726,False,True
L270293,Acid,3,1,0.4964669704286963,0.5822070835988987,0.527970993080539,True,True
L270293,Cisplatin,3,0,0.1693861859591082,0.2114648765930123,0.2370277646061205,False,True
L270293,CoCl2,3,1,0.2010271136525765,0.2497511721215936,0.2337139479881676,True,True
L270293,Dabrafenib,3,1,0.201027113652577,0.2497511721215936,0.2902858062778523,True,True
L270293,Doxorubicin,3,0,0.2820690949694706,0.3457392336959203,0.272481583779625,False,True
L270293,Trametinib,3,1,0.1713339137606074,0.2138279395158778,0.2511653932213913,True,True
L27072,Acid,2,0,0.2807695161874157,0.2524877292360567,0.072074684353972,False,True
L27072,Cisplatin,2,0,0.0773739631839097,0.0667547755427292,0.0103635381771612,False,True
L27072,CoCl2,2,0,0.0908442457636326,0.0786646265015846,0.053515182556584,False,True
L27072,Dabrafenib,2,0,0.0908442457636327,0.0786646265015846,0.2409022854234748,False,True
L27072,Doxorubicin,2,1,0.1252471706812583,0.1095843934693899,0.0849172047379588,True,True
L27072,Trametinib,2,0,0.0730787807484661,0.0629879199065229,0.3244743773309466,False,True
L270871,Acid,0,0,0.2913335192140022,0.232087789838896,0.1336451015244614,False,False
L270871,Cisplatin,0,0,0.0717649606822348,0.0518693292828658,0.054900437046944,False,False
L270871,CoCl2,0,0,0.0959902001688309,0.0702813445816352,0.0628636869544837,False,False
L270871,Dabrafenib,0,0,0.1058611135447152,0.0779104102848199,0.1059343406527787,False,False
L270871,Doxorubicin,0,0,0.1335194425566999,0.0998038399260203,0.1045797921858945,False,False
L270871,Trametinib,0,0,0.0815100531712696,0.0592074163079287,0.0814473918262831,False,False
L270914,Acid,4,1,0.424821092297298,0.489336464108783,0.4545335080167493,True,True
L270914,Cisplatin,4,1,0.1311440810112391,0.158193809667127,0.1198629383259597,True,True
L270914,CoCl2,4,0,0.1589804544029891,0.1912134017969615,0.1395860201317915,False,True
L270914,Dabrafenib,4,1,0.1540921873118699,0.1854249748980671,0.2827454745170383,True,True
L270914,Doxorubicin,4,0,0.2165056114191431,0.2590190373359481,0.2350567921678495,False,True
L270914,Trametinib,4,1,0.1250056249684408,0.1509096665973241,0.2392019385326302,True,True
L271069,Acid,0,1,0.7329093448364284,0.7166311251014956,0.7374245234138129,True,True
L271069,Cisplatin,0,1,0.3403941015293631,0.3140196936959351,0.4041570270707497,True,True
L271069,CoCl2,0,0,0.4147789456926779,0.3874593974737144,0.4671528039203155,False,True
L271069,Dabrafenib,0,0,0.4414244582728718,0.4141801365768263,0.2946927672006399,False,True
L271069,Doxorubicin,0,1,0.5070389350713094,0.4812501514004668,0.5201737383291327,True,True
L271069,Trametinib,0,0,0.3719981040397301,0.3449517312868141,0.2335872181654284,False,True
L271165,Acid,2,0,0.3123280499487586,0.3143293172452435,0.2600839487828302,False,False
L271165,Cisplatin,2,0,0.0888965001766363,0.0884902162543118,0.1108729244105905,False,False
L271165,CoCl2,2,0,0.10414634088636,0.10384642263858,0.0434790207307469,False,False
L271165,Dabrafenib,2,0,0.1041463408863601,0.10384642263858,0.0964539920615116,False,False
L271165,Doxorubicin,2,0,0.142795584893713,0.1431264897515758,0.1914788752525647,False,False
L271165,Trametinib,2,0,0.0840199282215226,0.0836067455521738,0.0693529777240025,False,False
L271521,Acid,4,1,0.7005627807252821,0.7855722103015335,0.7751358575908579,True,True
L271521,Cisplatin,4,1,0.3234660400344494,0.4180876033410374,0.4096427699654046,True,True
L271521,CoCl2,4,1,0.3745276688956964,0.4747602093175584,0.5511753238186066,True,True
L271521,Dabrafenib,4,0,0.3658952386225335,0.4653266853662621,0.4226402458048053,False,True
L271521,Doxorubicin,4,1,0.4667602951964075,0.5720026417661248,0.5711307376626532,True,True
L271521,Trametinib,4,1,0.3115535080966288,0.4045880333426718,0.3732437495674586,True,True
L271524,Acid,4,0,0.29897467523817,0.3177450338775715,0.2834124184309158,False,True
L271524,Cisplatin,4,1,0.0801690138735493,0.0836909822571521,0.0954734720790834,True,True
L271524,CoCl2,4,0,0.0984110368485007,0.1030636121500245,0.0715031304832459,False,True
L271524,Dabrafenib,4,0,0.0951743785327787,0.099614996880235,0.1289953746026047,False,True
L271524,Doxorubicin,4,0,0.1376057808821043,0.1452233981547743,0.1367200129051649,False,True
L271524,Trametinib,4,0,0.0762072710844168,0.0795133399776904,0.1216250982852838,False,True
L271709,Acid,0,0,0.4071129074576573,0.3748630511529291,0.2620736523030106,False,True
L271709,Cisplatin,0,0,0.1143674354790799,0.0979144746799662,0.0698132778363132,False,True
L271709,CoCl2,0,0,0.1506398730167596,0.130422770749527,0.1128788230470246,False,True
L271709,Dabrafenib,0,0,0.1651041818856903,0.1435720643337097,0.1015606151343676,False,True
L271709,Doxorubicin,0,1,0.2046974288052005,0.1803088652966083,0.1864146863367724,True,True
L271709,Trametinib,0,0,0.129093043945495,0.1110040341011273,0.1375947195025189,False,True
L27195,Acid,3,0,0.2839379758377813,0.1867736294277546,0.0794963236636895,False,False
L27195,Cisplatin,3,0,0.0757977484189873,0.0423274338324222,0.0777213560020421,False,False
L27195,CoCl2,3,0,0.0918906235877918,0.0520107724765532,0.0408586998883294,False,False
L27195,Dabrafenib,3,0,0.0918906235877921,0.0520107724765532,0.055076961864133,False,False
L27195,Doxorubicin,3,0,0.136449253309681,0.080115878928637,0.0704611037516121,False,False
L27195,Trametinib,3,0,0.0767687892495874,0.0429032677079211,0.0627419287476876,False,False
L272178,Acid,0,0,0.283084547091898,0.2386749725984426,0.1538463272509644,False,True
L272178,Cisplatin,0,0,0.0691265369767683,0.0536991863140894,0.0637243429007597,False,True
L272178,CoCl2,0,0,0.0925499417249437,0.0727109319156711,0.0532754814657261,False,True
L272178,Dabrafenib,0,0,0.1021070427147207,0.0805808718984597,0.0620320489781497,False,True
L272178,Doxorubicin,0,1,0.1289259711728003,0.1031407833228052,0.1332280271078948,True,True
L272178,Trametinib,0,0,0.078543669144304,0.0612794163698641,0.0773184261467206,False,True
L272183,Acid,4,0,0.5382092447681907,0.4581467634108835,0.3995776879282269,False,False
L272183,Cisplatin,4,0,0.192362425825754,0.1422320317066434,0.1240491562796261,False,False
L272183,CoCl2,4,0,0.2297567769188299,0.1726030668058986,0.1700893383407836,False,False
L272183,Dabrafenib,4,0,0.2232700360844781,0.1672615046781236,0.1635287895778702,False,False
L272183,Doxorubicin,4,0,0.3036453067763769,0.2357328252892555,0.2339604005300571,False,False
L272183,Trametinib,4,0,0.1839652334637689,0.1355644999426166,0.1369451352085217,False,False
L272263,Acid,2,1,0.4914190742779422,0.546662566971229,0.5095543900439823,True,True
L272263,Cisplatin,2,0,0.1718954499418562,0.2034192973816044,0.3166243044183562,False,True
L272263,CoCl2,2,0,0.1982847633344399,0.2336083279958803,0.2253278564798044,False,True
L272263,Dabrafenib,2,0,0.19828476333444,0.2336083279958803,0.2005206236088934,False,True
L272263,Doxorubicin,2,0,0.2616652057913922,0.3052522621658777,0.3176694009260193,False,True
L272263,Trametinib,2,0,0.1632817934473473,0.1935399914957967,0.1300619862463057,False,True
L272915,Acid,0,1,0.5439837276231255,0.4419820068687686,0.4670290806893261,True,True
L272915,Cisplatin,0,0,0.1832350636085689,0.1253924342561111,0.1070392226248173,False,True
L272915,CoCl2,0,0,0.2355403562665445,0.1653513923840442,0.1137516099724235,False,True
L272915,Dabrafenib,0,0,0.2557025290125985,0.1812880470529528,0.1316883082376659,False,True
L272915,Doxorubicin,0,0,0.3089814462152227,0.2251385307819406,0.2267544905487293,False,True
L272915,Trametinib,0,0,0.2047775739080443,0.1415788277729631,0.0943536662974109,False,True
L273363,Acid,1,0,0.2846492613888907,0.2286224765740599,0.1242270811418182,False,False
L273363,Cisplatin,1,0,0.0757290196169657,0.053455419407865,0.0435943873507158,False,False
L273363,CoCl2,1,0,0.09909531796825,0.0710468224081362,0.0691555935058637,False,False
L273363,Dabrafenib,1,0,0.0969560750019377,0.0694160470093211,0.0434298074323152,False,False
L273363,Doxorubicin,1,0,0.1410322674669205,0.1039132835246201,0.1391936265303875,False,False
L273363,Trametinib,1,0,0.0771757232365809,0.0545266695427257,0.0547765960863819,False,False
L273392,Acid,3,0,0.4116274315616812,0.443064457851971,0.4125075177662402,False,True
L273392,Cisplatin,3,0,0.1264086162512261,0.1327692321948145,0.1322766569141497,False,True
L273392,CoCl2,3,0,0.1514855872923659,0.1596929619799644,0.0795528357390718,False,True
L273392,Dabrafenib,3,0,0.1514855872923663,0.1596929619799644,0.1513731129714325,False,True
L273392,Doxorubicin,3,0,0.2180049504580228,0.2317607324027369,0.2183400218609677,False,True
L273392,Trametinib,3,1,0.1279382751993651,0.1344027833244503,0.1755241565179336,True,True
L273673,Acid,4,1,0.8230538939508997,0.8706135354721075,0.8835754429710965,True,True
L273673,Cisplatin,4,1,0.487329903270117,0.5688905672067547,0.6402218592611478,True,True
L273673,CoCl2,4,0,0.5434788753241772,0.6240818292007708,0.631124108433148,False,True
L273673,Dabrafenib,4,0,0.5342786822176825,0.6151562352239563,0.5828348101503755,False,True
L273673,Doxorubicin,4,1,0.6350728713057935,0.7105345530019476,0.7231148189372109,True,True
L273673,Trametinib,4,0,0.4736072478903779,0.5551672020561165,0.4922296677555097,False,True
L274269,Acid,3,0,0.4964669704286963,0.4390902630807486,0.5888719298258338,False,False
L274269,Cisplatin,3,0,0.1693861859591082,0.1309240279613533,0.2213254492099126,False,False
L274269,CoCl2,3,0,0.2010271136525765,0.1575415502976107,0.1486703813323054,False,False
L274269,Dabrafenib,3,0,0.201027113652577,0.1575415502976107,0.1195504832170266,False,False
L274269,Doxorubicin,3,0,0.2820690949694706,0.2289028905936007,0.2166091474606175,False,False
L274269,Trametinib,3,0,0.1713339137606074,0.132538345932353,0.0990782400456667,False,False
L274645,Acid,0,0,0.4168744560268722,0.4830408779249847,0.3059750078335104,False,True
L274645,Cisplatin,0,1,0.1185127757596139,0.1446656185506236,0.0612290837044283,True,True
L274645,CoCl2,0,1,0.1558685498882306,0.1894360971411928,0.0817734124675702,True,True
L274645,Dabrafenib,0,0,0.1707339916372407,0.2071180187402116,0.3477730302023998,False,True
L274645,Doxorubicin,0,1,0.2113355690473484,0.2552683049350825,0.2242896698314467,True,True
L274645,Trametinib,0,0,0.1336915543255824,0.1628765917392065,0.3967229102228504,False,True
L274730,Acid,4,0,0.2968821351175162,0.4491238642346019,0.3172444643898224,False,True
L274730,Cisplatin,4,0,0.0794343772887644,0.1378480498169763,0.1304981307505653,False,True
L274730,CoCl2,4,1,0.0975269614574984,0.1674657286768985,0.1725634616533713,True,True
L274730,Dabrafenib,4,0,0.094316337926325,0.1622519752215024,0.3125790529328591,False,True
L274730,Doxorubicin,4,1,0.1364228780661134,0.2292370888937926,0.1772435738757296,True,True
L274730,Trametinib,4,0,0.0755059582532245,0.131354558607893,0.2495051520362997,False,True
L2749,Acid,1,1,0.6223467851199352,0.5732785368628551,0.635924024384251,True,True
L2749,Cisplatin,1,0,0.2533532278813607,0.2038141653434578,0.2055491955429573,False,True
L2749,CoCl2,1,0,0.3129677800458413,0.2574292636947761,0.2132430119687734,False,True
L2749,Dabrafenib,1,0,0.307788894732426,0.2526840464355771,0.1883779927491245,False,True
L2749,Doxorubicin,1,0,0.4047513416010818,0.3445383480443578,0.399059060256641,False,True
L2749,Trametinib,1,0,0.2572487712471081,0.2072388971186072,0.1361611396952598,False,True
L274951,Acid,3,1,0.9073920419157244,0.9210601956576066,0.9451942576363166,True,True
L274951,Cisplatin,3,0,0.6695937310565788,0.6918710999241904,0.7203456233843962,False,True
L274951,CoCl2,3,1,0.714317125955824,0.7359569926129523,0.8110503920691586,True,True
L274951,Dabrafenib,3,1,0.7143171259558247,0.7359569926129522,0.7327275851276612,True,True
L274951,Doxorubicin,3,1,0.7961025111936552,0.8156543778221631,0.8265352205751539,True,True
L274951,Trametinib,3,0,0.6726354128992618,0.6948718300040826,0.6726472101438471,False,True
L275000,Acid,4,0,0.2968821351175162,0.2973958510812972,0.3111300159309354,False,True
L275000,Cisplatin,4,0,0.0794343772887644,0.0766472342429249,0.0788315989561834,False,True
L275000,CoCl2,4,0,0.0975269614574984,0.0945576458707205,0.0562827457874765,False,True
L275000,Dabrafenib,4,0,0.094316337926325,0.0913646569505926,0.1254101719484092,False,True
L275000,Doxorubicin,4,1,0.1364228780661134,0.1337568178806585,0.1364348910742569,True,True
L275000,Trametinib,4,0,0.0755059582532245,0.0727932658271739,0.0719814937434531,False,True
L275170,Acid,4,1,0.424821092297298,0.5325224634925938,0.4640788119091546,True,True
L275170,Cisplatin,4,0,0.1311440810112391,0.1826053903987814,0.2214790716704131,False,True
L275170,CoCl2,4,1,0.1589804544029891,0.2193924126375433,0.1751508127926335,True,True
L275170,Dabrafenib,4,0,0.1540921873118699,0.2129755765079194,0.2663249194701648,False,True
L275170,Doxorubicin,4,0,0.2165056114191431,0.2935635774609326,0.2743954216037604,False,True
L275170,Trametinib,4,0,0.1250056249684408,0.1744301125267617,0.2480777169481587,False,True
L275355,Acid,1,1,0.7799886003919931,0.79175247116744,0.7482906194237318,True,True
L275355,Cisplatin,1,1,0.4219609356515461,0.4201048922527954,0.4413972816426159,True,True
L275355,CoCl2,1,1,0.494949642417025,0.4952271510271827,0.6660150201498377,True,True
L275355,Dabrafenib,1,0,0.4889023213762554,0.4889850326448832,0.3103659343397204,False,True
L275355,Doxorubicin,1,1,0.5939629429411245,0.5980019506473653,0.6121558946492365,True,True
L275355,Trametinib,1,0,0.4269664706623291,0.4252229715126392,0.229311989636619,False,True
L275594,Acid,0,0,0.283084547091898,0.3128975823820761,0.1040033167417844,False,False
L275594,Cisplatin,0,0,0.0691265369767683,0.0761522684235173,0.0596647764719782,False,False
L275594,CoCl2,0,0,0.0925499417249437,0.102254359394807,0.0582780598781118,False,False
L275594,Dabrafenib,0,0,0.1021070427147207,0.1129325252625127,0.1779617199707709,False,False
L275594,Doxorubicin,0,0,0.1289259711728003,0.1431397070931038,0.1409107537035154,False,False
L275594,Trametinib,0,0,0.078543669144304,0.0866119034954225,0.150389397800252,False,False
L275878,Acid,4,1,0.7190221724936162,0.6211555344929299,0.7105598655446703,True,True
L275878,Cisplatin,4,1,0.343383713967775,0.243310884478885,0.2745389906560194,True,True
L275878,CoCl2,4,0,0.3957502717721218,0.2880182106153411,0.2440650755542943,False,True
L275878,Dabrafenib,4,0,0.3869312882443989,0.2803149684196375,0.1128145683868243,False,True
L275878,Doxorubicin,4,0,0.4891222206580634,0.3742663738147935,0.4494360710557508,False,True
L275878,Trametinib,4,0,0.3310966459584192,0.2331931658402087,0.1380082924616282,False,True
L276268,Acid,2,0,0.2879810790401368,0.332589170123563,0.2906557299061389,False,False
L276268,Cisplatin,2,0,0.0799419805856406,0.0954571795516811,0.0564733742360883,False,False
L276268,CoCl2,2,0,0.0938138784504659,0.1118740139284084,0.0848328726498545,False,False
L276268,Dabrafenib,2,0,0.0938138784504659,0.1118740139284084,0.157872954403439,False,False
L276268,Doxorubicin,2,0,0.1291816151328634,0.1536698481342057,0.1198094339652737,False,False
L276268,Trametinib,2,0,0.0755159104304394,0.0902272847581262,0.1463828356509178,False,False
L276549,Acid,1,0,0.2952569053890467,0.2435690551084721,0.1269652218528456,False,True
L276549,Cisplatin,1,0,0.0794154333052323,0.0578083781984159,0.0475075669259177,False,True
L276549,CoCl2,1,1,0.1037914496285774,0.076716174928988,0.0824931542805494,True,True
L276549,Dabrafenib,1,0,0.1015622566428531,0.0749657693939202,0.1475290419087315,False,True
L276549,Doxorubicin,1,0,0.1473906496025865,0.1118894038354679,0.0766401269991595,False,True
L276549,Trametinib,1,0,0.0809263949015811,0.0589614280276201,0.0652163358035106,False,True
L276586,Acid,1,0,0.4006161480198365,0.4378204568017373,0.3565908685932826,False,False
L276586,Cisplatin,1,0,0.1209752434080474,0.1292195967584047,0.1342758623030525,False,False
L276586,CoCl2,1,0,0.1559468078263411,0.1673360981158836,0.2255386572723743,False,False
L276586,Dabrafenib,1,0,0.1527884125735933,0.1638850616045606,0.1335059383586857,False,False
L276586,Doxorubicin,1,0,0.2161701867667327,0.233547548540288,0.2573386095647148,False,False
L276586,Trametinib,1,0,0.1231711282899808,0.1315980741339187,0.113654824358721,False,False
L27694,Acid,0,0,0.283084547091898,0.2546665154641944,0.3089394395410036,False,True
L27694,Cisplatin,0,0,0.0691265369767683,0.0582452798094348,0.091529174230313,False,True
L27694,CoCl2,0,0,0.0925499417249437,0.078732620022894,0.0915185167663869,False,True
L27694,Dabrafenib,0,0,0.1021070427147207,0.0871930380576188,0.0741986895196519,False,True
L27694,Doxorubicin,0,1,0.1289259711728003,0.111379876641983,0.1126131640195084,True,True
L27694,Trametinib,0,0,0.078543669144304,0.0664221968906478,0.0485867638616249,False,True
L277050,Acid,3,0,0.2839379758377813,0.1243434638336313,0.0715440026405525,False,False
L277050,Cisplatin,3,0,0.0757977484189873,0.0265999797681957,0.020757834538155,False,False
L277050,CoCl2,3,0,0.0918906235877918,0.0328085774887481,0.0537156384633957,False,False
L277050,Dabrafenib,3,0,0.0918906235877921,0.0328085774887481,0.0092322465823457,False,False
L277050,Doxorubicin,3,0,0.136449253309681,0.0510966604888526,0.0975254294172053,False,False
L277050,Trametinib,3,0,0.0767687892495874,0.0269678781868133,0.0120485228314641,False,False
L277200,Acid,2,0,0.6870312485732285,0.6845899012638694,0.7308663428531876,False,False
L277200,Cisplatin,2,0,0.3204619954867707,0.314900404495155,0.3629239324813295,False,False
L277200,CoCl2,2,0,0.3597508285605177,0.3542759361626298,0.3846872692861773,False,False
L277200,Dabrafenib,2,0,0.3597508285605179,0.3542759361626298,0.2826789609399809,False,False
L277200,Doxorubicin,2,0,0.4460290840921256,0.4416029715093247,0.4631635976129601,False,False
L277200,Trametinib,2,0,0.307165100565951,0.301657192554826,0.2317077530258161,False,False
L277580,Acid,1,1,0.2838807297763159,0.4316944696409026,0.4331899907645169,True,True
L277580,Cisplatin,1,1,0.0754650511914505,0.1264404014262271,0.1391439820129904,True,True
L277580,CoCl2,1,0,0.0987586044275129,0.1638914054858929,0.2074227957072618,False,True
L277580,Dabrafenib,1,0,0.0966258507238606,0.160497716847602,0.1762606503078804,False,True
L277580,Doxorubicin,1,0,0.1405752922599338,0.2291149018809106,0.2380920986635286,False,True
L277580,Trametinib,1,0,0.0769071316414241,0.1287752886915377,0.182208438799926,False,True
L2779,Acid,4,1,0.9306361544978872,0.9318211666607564,0.9541733685876768,True,True
L2779,Cisplatin,4,1,0.7327529108920058,0.7282849514757599,0.7822799951429481,True,True
L2779,CoCl2,4,0,0.7744623600384014,0.7712746092270705,0.7664665167684078,False,True
L2779,Dabrafenib,4,0,0.7679294217302586,0.7645252184819127,0.76171406785014,False,True
L2779,Doxorubicin,4,1,0.8338784913028116,0.8329379710979753,0.8697668526145088,True,True
L2779,Trametinib,4,0,0.7218500170122005,0.7171124544021318,0.6638333713811158,False,True
L278282,Acid,3,0,0.2940412912595201,0.3707764367646314,0.2705566898738163,False,True
L278282,Cisplatin,3,0,0.0793152022594877,0.1018491105806245,0.0844500420362284,False,True
L278282,CoCl2,3,1,0.0960772445913733,0.1233948322759514,0.0649763919409849,True,True
L278282,Dabrafenib,3,1,0.0960772445913736,0.1233948322759514,0.233484476803436,True,True
L278282,Doxorubicin,3,0,0.1423477794644546,0.1826420641154363,0.1661793626308922,False,True
L278282,Trametinib,3,0,0.0803273884269043,0.1031474783069605,0.1615194401925885,False,True
L27849,Acid,1,0,0.2838807297763159,0.2668507878156076,0.2101689502509648,False,True
L27849,Cisplatin,1,1,0.0754650511914505,0.0648564429736505,0.0685420510587886,True,True
L27849,CoCl2,1,0,0.0987586044275129,0.0858594280012144,0.1138569552077757,False,True
L27849,Dabrafenib,1,0,0.0966258507238606,0.0839193659246605,0.0786116275864877,False,True
L27849,Doxorubicin,1,0,0.1405752922599338,0.1246587068084159,0.1535886110140343,False,True
L27849,Trametinib,1,0,0.0769071316414241,0.066140205427493,0.0537525329388003,False,True
L278604,Acid,2,1,0.9348504285302864,0.9301007141379104,0.9435390435194856,True,True
L278604,Cisplatin,2,1,0.7550583334322145,0.7380742476737117,0.8182252599017322,True,True
L278604,CoCl2,2,1,0.7859996357922219,0.7708284479094438,0.7527998313747685,True,True
L278604,Dabrafenib,2,0,0.785999635792222,0.7708284479094438,0.7344666795559267,False,True
L278604,Doxorubicin,2,1,0.840331460031398,0.8290107104602663,0.8529463611757754,True,True
L278604,Trametinib,2,0,0.7434576514974982,0.7258906558889742,0.7209564627401,False,True
L279030,Acid,2,1,0.5670892342802313,0.5636615452259128,0.5798784303498383,True,True
L279030,Cisplatin,2,0,0.2196099482978536,0.2148021533991311,0.2342172430659291,False,True
L279030,CoCl2,2,1,0.2511032036553904,0.246158462422745,0.2456353749273348,True,True
L279030,Dabrafenib,2,0,0.2511032036553905,0.246158462422745,0.1477185169978085,False,True
L279030,Doxorubicin,2,1,0.3245324898172641,0.3200440164437212,0.3340539613126896,True,True
L279030,Trametinib,2,0,0.2092093703664751,0.2045119553287087,0.1501972128208146,False,True
L279184,Acid,2,1,0.2879810790401368,0.3425525271257272,0.2974116511304009,True,True
L279184,Cisplatin,2,0,0.0799419805856406,0.099374502390101,0.1315275596231604,False,True
L279184,CoCl2,2,0,0.0938138784504659,0.1163783635253633,0.105279867277316,False,True
L279184,Dabrafenib,2,0,0.0938138784504659,0.1163783635253633,0.115284927803284,False,True
L279184,Doxorubicin,2,0,0.1291816151328634,0.1595546879958699,0.1740298918612234,False,True
L279184,Trametinib,2,0,0.0755159104304394,0.093952278000139,0.0609400786777183,False,True
L279568,Acid,2,0,0.6311903574707778,0.591629823497464,0.5997782119949464,False,True
L279568,Cisplatin,2,0,0.2688236587434195,0.2347741539063026,0.2641326772816295,False,True
L279568,CoCl2,2,1,0.3046195779385884,0.2680506473892564,0.3475612232505365,True,True
L279568,Dabrafenib,2,0,0.3046195779385885,0.2680506473892563,0.1903757993000416,False,True
L279568,Doxorubicin,2,1,0.3856398072903313,0.3454956440693917,0.3403825594494924,True,True
L279568,Trametinib,2,0,0.2568594944145012,0.2237998892139502,0.1593168555486102,False,True
L27978,Acid,3,0,0.4146843208666432,0.4096758575223466,0.2874007748895302,False,False
L27978,Cisplatin,3,0,0.1278074763493444,0.1178173204008809,0.0733487678054361,False,False
L27978,CoCl2,3,0,0.153113315407486,0.1422061985090774,0.1279497090086044,False,False
L27978,Dabrafenib,3,0,0.1531133154074864,0.1422061985090773,0.194397780602836,False,False
L27978,Doxorubicin,3,0,0.2201619795680417,0.2083389529678282,0.1847705765455468,False,False
L27978,Trametinib,3,0,0.129351556344138,0.1192922130618518,0.1510319535429725,False,False
L280483,Acid,4,0,0.4343535892129345,0.3644649056695609,0.2711628895474824,False,False
L280483,Cisplatin,4,0,0.1356408285446726,0.1010960330686877,0.0679050169258112,False,False
L280483,CoCl2,4,0,0.1642512362708553,0.1239525483510858,0.1496823732224526,False,False
L280483,Dabrafenib,4,0,0.159231589114579,0.1198984021707396,0.1141966391658176,False,False
L280483,Doxorubicin,4,0,0.2231774654903519,0.1730090559105397,0.1922295103735679,False,False
L280483,Trametinib,4,0,0.1293232217737924,0.0961407323465362,0.060052390037904,False,False
L280587,Acid,3,0,0.5087596213124757,0.4730670347958537,0.4709347961563668,False,True
L280587,Cisplatin,3,0,0.1764176562533436,0.147317822219664,0.1098957975464513,False,True
L280587,CoCl2,3,0,0.2090414851984096,0.1765910525848428,0.234173086715189,False,True
L280587,Dabrafenib,3,0,0.2090414851984101,0.1765910525848427,0.1324944150621659,False,True
L280587,Doxorubicin,3,1,0.2921330404726833,0.2539798441044064,0.2702111661093847,True,True
L280587,Trametinib,3,0,0.1784288686041105,0.1490995996578929,0.1030420490155769,False,True
L280910,Acid,2,0,0.2879810790401368,0.2434378764488661,0.1920580118390284,False,False
L280910,Cisplatin,2,0,0.0799419805856406,0.0637939663613545,0.0859910029433659,False,False
L280910,CoCl2,2,0,0.0938138784504659,0.0752181491722485,0.0577620112675359,False,False
L280910,Dabrafenib,2,0,0.0938138784504659,0.0752181491722485,0.0821899520709808,False,False
L280910,Doxorubicin,2,0,0.1291816151328634,0.1049375430538008,0.110117850190426,False,False
L280910,Trametinib,2,0,0.0755159104304394,0.0601834097515219,0.0584618114826087,False,False
L281862,Acid,0,1,0.5215772459934784,0.5278244060524758,0.5372586433392939,True,True
L281862,Cisplatin,0,0,0.1701436226738069,0.1682904067637284,0.1713614179591669,False,True
L281862,CoCl2,0,0,0.2197171934632886,0.2185044311793902,0.2532871761084231,False,True
L281862,Dabrafenib,0,0,0.2389482736553993,0.2381025745049839,0.203432062881544,False,True
L281862,Doxorubicin,0,1,0.2900968619243606,0.2908140718662303,0.3173196974071979,True,True
L281862,Trametinib,0,0,0.1905059970527224,0.1888188285448954,0.1292700155507026,False,True
L281881,Acid,2,1,0.8314492619087456,0.8407751720894859,0.8712904879369349,True,True
L281881,Cisplatin,2,0,0.5144978243370009,0.5279092059001846,0.5831436915005535,False,True
L281881,CoCl2,2,0,0.5580399958101173,0.5716936636860811,0.5307871516083019,False,True
L281881,Dabrafenib,2,0,0.5580399958101174,0.5716936636860811,0.5147265645485614,False,True
L281881,Doxorubicin,2,0,0.6440369124378025,0.6580017085997263,0.6799419124833193,False,True
L281881,Trametinib,2,0,0.4990626732590139,0.5124079348084818,0.4626198728952164,False,True
L282391,Acid,3,1,0.6968904412654388,0.7192589008523987,0.7694587573598719,True,True
L282391,Cisplatin,3,0,0.3222791275544197,0.3302245014441192,0.3772771878602278,False,True
L282391,CoCl2,3,0,0.3697659612075999,0.3796599935660775,0.4682059407382514,False,True
L282391,Dabrafenib,3,1,0.3697659612076007,0.3796599935660775,0.2981515924317324,True,True
L282391,Doxorubicin,3,0,0.4781252154200746,0.4927822560110637,0.472867424603897,False,True
L282391,Trametinib,3,0,0.3252964096054969,0.3333536360469856,0.2491008752029128,False,True
L282419,Acid,4,1,0.7903463590476123,0.8293900102445371,0.7873893337100476,True,True
L282419,Cisplatin,4,1,0.4351539638615639,0.4880627788912905,0.4670846802948917,True,True
L282419,CoCl2,4,1,0.4910494110846987,0.5453316573384276,0.6266536291936355,True,True
L282419,Dabrafenib,4,0,0.481800072020608,0.5359266646991012,0.5460041808929246,False,True
L282419,Doxorubicin,4,1,0.5851327171330897,0.6394315014834306,0.6566504215947081,True,True
L282419,Trametinib,4,0,0.421692034318483,0.4741447745399646,0.4503060311686583,False,True
L282791,Acid,4,0,0.2811303118206386,0.1970627285441656,0.0430882108793376,False,False
L282791,Cisplatin,4,0,0.0740054563390073,0.0459210516754918,0.0108573236653622,False,False
L282791,CoCl2,4,0,0.0909837199544665,0.0570955436281915,0.0336453775850463,False,False
L282791,Dabrafenib,4,0,0.0879675059053129,0.0550905937539217,0.1140914634503644,False,False
L282791,Doxorubicin,4,0,0.1276391277841468,0.0821741225406272,0.0468238637241743,False,False
L282791,Trametinib,4,0,0.0703250134578361,0.0435392034446081,0.1882185276167771,False,False
L282800,Acid,3,0,0.2800284500633928,0.2427237138121961,0.1050706546750862,False,False
L282800,Cisplatin,3,0,0.0744561004084269,0.0580984001592255,0.0790867245044111,False,False
L282800,CoCl2,3,0,0.090291954794067,0.0711217511477118,0.0790418914672302,False,False
L282800,Dabrafenib,3,0,0.0902919547940672,0.0711217511477118,0.0715225142902168,False,False
L282800,Doxorubicin,3,0,0.1341899264720791,0.108373298351298,0.1153142535238809,False,False
L282800,Trametinib,3,0,0.0754113559162071,0.0588755963184931,0.0986788044555617,False,False
L282925,Acid,4,0,0.2968821351175162,0.2277730714111525,0.154143754221084,False,True
L282925,Cisplatin,4,1,0.0794343772887644,0.0546814776561358,0.0502398529486441,True,True
L282925,CoCl2,4,1,0.0975269614574984,0.0678361720017399,0.0372274485426832,True,True
L282925,Dabrafenib,4,0,0.094316337926325,0.065480249763826,0.070292766328532,False,True
L282925,Doxorubicin,4,0,0.1364228780661134,0.0971463923421661,0.1003195555415438,False,True
L282925,Trametinib,4,0,0.0755059582532245,0.0518699442919096,0.1001857598477654,False,True
L283864,Acid,1,1,0.4006161480198365,0.3749733201187631,0.2768060116002698,True,True
L283864,Cisplatin,1,0,0.1209752434080474,0.1025871191550037,0.0783173392662624,False,True
L283864,CoCl2,1,0,0.1559468078263411,0.1340571365889506,0.2133729562443657,False,True
L283864,Dabrafenib,1,0,0.1527884125735933,0.1311842959589207,0.0993703114162257,False,True
L283864,Doxorubicin,1,0,0.2161701867667327,0.1901071534738631,0.2291414451584756,False,True
L283864,Trametinib,1,0,0.1231711282899808,0.1045342345316486,0.0753591211511845,False,True
L284007,Acid,1,0,0.4158230698941236,0.2564464238218254,0.1399218686115545,False,False
L284007,Cisplatin,1,0,0.1278311601185779,0.0616653042595647,0.0497612064556189,False,False
L284007,CoCl2,1,0,0.1644139361003428,0.0817251902998914,0.0685141830939606,False,False
L284007,Dabrafenib,1,0,0.1611167897031677,0.0798703826267154,0.0722222389655693,False,False
L284007,Doxorubicin,1,0,0.2270276463322885,0.118899230725888,0.1232310510888083,False,False
L284007,Trametinib,1,0,0.1301330671248022,0.0628901495790963,0.0833881326868302,False,False
L284015,Acid,0,0,0.283084547091898,0.2129990193132954,0.2102579974398818,False,False
L284015,Cisplatin,0,0,0.0691265369767683,0.0467017180526804,0.0428257458221087,False,False
L284015,CoCl2,0,0,0.0925499417249437,0.0634020540166529,0.0608214788167375,False,False
L284015,Dabrafenib,0,0,0.1021070427147207,0.0703408679549957,0.05851689895947,False,False
L284015,Doxorubicin,0,0,0.1289259711728003,0.0903155397072033,0.1002145529800504,False,False
L284015,Trametinib,0,0,0.078543669144304,0.0533498663522685,0.0445025079291909,False,False
L28407,Acid,3,0,0.2940412912595201,0.2157552189846035,0.1799209164607504,False,False
L28407,Cisplatin,3,0,0.0793152022594877,0.0502811847750235,0.0760169677016627,False,False
L28407,CoCl2,3,0,0.0960772445913733,0.0616669518079329,0.0660758002483631,False,False
L28407,Dabrafenib,3,0,0.0960772445913736,0.0616669518079328,0.050219813128823,False,False
L28407,Doxorubicin,3,0,0.1423477794644546,0.0944699949796328,0.1156030679722453,False,False
L28407,Trametinib,3,0,0.0803273884269043,0.0509594658526942,0.0287863928239587,False,False
L2843,Acid,4,0,0.5382092447681907,0.4979504756518808,0.5163993821706886,False,True
L2843,Cisplatin,4,0,0.192362425825754,0.1628373650661027,0.1743764561799634,False,True
L2843,CoCl2,4,1,0.2297567769188299,0.1965998383992881,0.1739762978973517,True,True
L2843,Dabrafenib,4,0,0.2232700360844781,0.190686797041691,0.1279392961914214,False,True
L2843,Doxorubicin,4,0,0.3036453067763769,0.2656880811759876,0.2652392109482633,False,True
L2843,Trametinib,4,0,0.1839652334637689,0.1553788719537764,0.112131542542549,False,True
L284309,Acid,0,1,0.5478487846568613,0.4574578435051329,0.5257870313806725,True,True
L284309,Cisplatin,0,0,0.1855800659140101,0.1324134540894941,0.1432113879739146,False,True
L284309,CoCl2,0,0,0.2383593993297293,0.1741642668646578,0.1589622952432031,False,True
L284309,Dabrafenib,0,0,0.2586812259433685,0.1907561858688082,0.1118514031390684,False,True
L284309,Doxorubicin,0,1,0.3123203573877082,0.2362360282203825,0.2818351193792078,True,True
L284309,Trametinib,0,0,0.2073282895653226,0.1493513963669032,0.0614123476526737,False,True
L28431,Acid,0,0,0.2846693786920213,0.3527451430687286,0.154036326175191,False,False
L28431,Cisplatin,0,0,0.06962987611271,0.089790201847255,0.0900646975813671,False,False
L28431,CoCl2,0,0,0.0932067590000554,0.1199598727233315,0.0642533296324986,False,False
L28431,Dabrafenib,0,0,0.102824000340023,0.1322146795617339,0.3145976591971267,False,False
L28431,Doxorubicin,0,0,0.1298040178991264,0.1666107419097566,0.1482806694135008,False,False
L28431,Trametinib,0,0,0.0791097509577917,0.1019163832888436,0.1630926909207622,False,False
L284521,Acid,1,0,0.2846492613888907,0.2338953975188759,0.2121122140045765,False,False
L284521,Cisplatin,1,0,0.0757290196169657,0.0549762426170679,0.0438396100573203,False,False
L284521,CoCl2,1,0,0.09909531796825,0.0730295124711433,0.0746714604946691,False,False
L284521,Dabrafenib,1,0,0.0969560750019377,0.0713567231261535,0.0470203573298985,False,False
L284521,Doxorubicin,1,0,0.1410322674669205,0.1067078141080744,0.1377413724011377,False,False
L284521,Trametinib,1,0,0.0771757232365809,0.0560761645762337,0.033922422671035,False,False
L284687,Acid,0,1,0.2913335192140022,0.3808024290611649,0.4083840397114629,True,True
L284687,Cisplatin,0,0,0.0717649606822348,0.1001689575985329,0.1486164113675773,False,True
L284687,CoCl2,0,0,0.0959902001688309,0.1333151398408726,0.1600514853678286,False,True
L284687,Dabrafenib,0,0,0.1058611135447152,0.1467068459105416,0.1247446781173075,False,True
L284687,Doxorubicin,0,0,0.1335194425566999,0.1840733650260158,0.1613128985127703,False,True
L284687,Trametinib,0,0,0.0815100531712696,0.113521976641204,0.0833273663740674,False,True
L285082,Acid,0,1,0.7222897011533175,0.6750427893025197,0.6940439386093691,True,True
L285082,Cisplatin,0,0,0.3284674985304086,0.273264500354789,0.2528867170264576,False,True
L285082,CoCl2,0,0,0.4018338204061096,0.3419236827642816,0.2279950729913807,False,True
L285082,Dabrafenib,0,0,0.4282562862492824,0.3673875911795385,0.3684480904358584,False,True
L285082,Doxorubicin,0,0,0.4936432282995401,0.4324741463845556,0.4933851201015337,False,True
L285082,Trametinib,0,0,0.3595678048208034,0.3019490908338257,0.2579747005688062,False,True
L285161,Acid,4,0,0.29897467523817,0.0916741591946737,0.0623020659629313,False,True
L285161,Cisplatin,4,0,0.0801690138735493,0.0194087654245028,0.0172488428474494,False,True
L285161,CoCl2,4,0,0.0984110368485007,0.0242960121501805,0.0612296495626716,False,True
L285161,Dabrafenib,4,0,0.0951743785327787,0.0234142397152426,0.0083687839385791,False,True
L285161,Doxorubicin,4,1,0.1376057808821043,0.0355103332738743,0.0483486345081001,True,True
L285161,Trametinib,4,0,0.0762072710844168,0.0183755798096941,0.0074026737969768,False,True
L285237,Acid,1,1,0.8421578771012214,0.8295223364739017,0.8264431488376206,True,True
L285237,Cisplatin,1,0,0.5234935706766102,0.4811043900425427,0.5719640692625417,False,True
L285237,CoCl2,1,1,0.595938439188021,0.5566636317907747,0.6868065792834402,True,True
L285237,Dabrafenib,1,0,0.590098899897204,0.5504916513058422,0.4462016674877198,False,True
L285237,Doxorubicin,1,0,0.6876476617668549,0.6556280125750953,0.6938870928102013,False,True
L285237,Trametinib,1,0,0.5286021154495033,0.4863423592123725,0.310665146265339,False,True
L28531,Acid,1,0,0.2838807297763159,0.2973638867696075,0.2544544132068183,False,False
L28531,Cisplatin,1,0,0.0754650511914505,0.0746233938465718,0.0809508353889046,False,False
L28531,CoCl2,1,0,0.0987586044275129,0.0984562833562327,0.0746649895999997,False,False
L28531,Dabrafenib,1,0,0.0966258507238606,0.0962615582754322,0.1243018843889191,False,False
L28531,Doxorubicin,1,0,0.1405752922599338,0.1420633529249108,0.1460426697210557,False,False
L28531,Trametinib,1,0,0.0769071316414241,0.0760847531075534,0.1062265653461533,False,False
L286442,Acid,4,0,0.2811303118206386,0.353633954373808,0.2957976493725182,False,False
L286442,Cisplatin,4,0,0.0740054563390073,0.0968984135383351,0.1407290248397721,False,False
L286442,CoCl2,4,0,0.0909837199544665,0.118931464150689,0.1047577663036896,False,False
L286442,Dabrafenib,4,0,0.0879675059053129,0.1150199818896531,0.115821183797567,False,False
L286442,Doxorubicin,4,0,0.1276391277841468,0.1663781898278012,0.1696282573123812,False,False
L286442,Trametinib,4,0,0.0703250134578361,0.0921277753325808,0.0782486543972162,False,False
L286512,Acid,1,0,0.4172781131200817,0.484026551520712,0.3442481441601958,False,False
L286512,Cisplatin,1,0,0.1285001353508123,0.1516420625188841,0.1528001552272373,False,False
L286512,CoCl2,1,0,0.1652380879475498,0.1948923074173532,0.128786306381338,False,False
L286512,Dabrafenib,1,0,0.1619276169125846,0.1910033305095993,0.2350128826726646,False,False
L286512,Doxorubicin,1,0,0.2280799886407108,0.2684913876523797,0.2125732891638894,False,False
L286512,Trametinib,1,0,0.13081228206688,0.1543600973360565,0.2301066207120836,False,False
L286689,Acid,1,1,0.2952569053890467,0.3498185381236465,0.2193500183493153,True,True
L286689,Cisplatin,1,0,0.0794154333052323,0.0929866575089741,0.1071585791968918,False,True
L286689,CoCl2,1,0,0.1037914496285774,0.1219116828312972,0.0859642336614056,False,True
L286689,Dabrafenib,1,0,0.1015622566428531,0.1192632719298038,0.1809397037593548,False,True
L286689,Doxorubicin,1,0,0.1473906496025865,0.173903427640194,0.1268039136276423,False,True
L286689,Trametinib,1,0,0.0809263949015811,0.0947707980331142,0.1485984855133765,False,True
L287148,Acid,3,1,0.2839379758377813,0.4024396460412565,0.4295788969634254,True,True
L287148,Cisplatin,3,1,0.0757977484189873,0.1147343321730073,0.1360255671028685,True,True
L287148,CoCl2,3,1,0.0918906235877918,0.1385852702178141,0.1270941616954073,True,True
L287148,Dabrafenib,3,1,0.0918906235877921,0.138585270217814,0.1611333799009147,True,True
L287148,Doxorubicin,3,0,0.136449253309681,0.203433471557691,0.1767372865527691,False,True
L287148,Trametinib,3,1,0.0767687892495874,0.1161757130666116,0.1372263182285533,True,True
L287467,Acid,2,0,0.2879810790401368,0.2922785335544857,0.286790207386875,False,False
L287467,Cisplatin,2,0,0.0799419805856406,0.080424191224906,0.0695764621740389,False,False
L287467,CoCl2,2,0,0.0938138784504659,0.0945258115680344,0.1017095994572962,False,False
L287467,Dabrafenib,2,0,0.0938138784504659,0.0945258115680344,0.1092420085196214,False,False
L287467,Doxorubicin,2,0,0.1291816151328634,0.1307949003194573,0.1411840068599317,False,False
L287467,Trametinib,2,0,0.0755159104304394,0.0759487670917972,0.0936357068248258,False,False
L287522,Acid,4,0,0.29897467523817,0.2258459060177559,0.1305286527380954,False,True
L287522,Cisplatin,4,0,0.0801690138735493,0.0541161929599588,0.0222372571776854,False,True
L287522,CoCl2,4,0,0.0984110368485007,0.0671445562461164,0.0325655812655769,False,True
L287522,Dabrafenib,4,0,0.0951743785327787,0.064810983520877,0.1008261429033809,False,True
L287522,Doxorubicin,4,0,0.1376057808821043,0.0961867827938424,0.1022772306676198,False,True
L287522,Trametinib,4,1,0.0762072710844168,0.0513321463184043,0.0905712206087557,True,True
L287919,Acid,4,1,0.29897467523817,0.4848665116674579,0.4047716341878627,True,True
L287919,Cisplatin,4,0,0.0801690138735493,0.1558257254826996,0.1924039434285051,False,True
L287919,CoCl2,4,1,0.0984110368485007,0.1884616903338097,0.1180368240258546,True,True
L287919,Dabrafenib,4,1,0.0951743785327787,0.1827377425988951,0.3540457428905405,True,True
L287919,Doxorubicin,4,0,0.1376057808821043,0.2555999229251667,0.186018141442453,False,True
L287919,Trametinib,4,1,0.0762072710844168,0.1486313700997092,0.2545333897396704,True,True
L288391,Acid,4,0,0.4343535892129345,0.4567623163525474,0.3318194857428919,False,True
L288391,Cisplatin,4,0,0.1356408285446726,0.1415528392973034,0.1117876079190052,False,True
L288391,CoCl2,4,0,0.1642512362708553,0.1718078941526203,0.118839063590121,False,True
L288391,Dabrafenib,4,0,0.159231589114579,0.1664859887085193,0.2146821782764109,False,True
L288391,Doxorubicin,4,0,0.2231774654903519,0.2347293262212069,0.2540194196526049,False,True
L288391,Trametinib,4,1,0.1293232217737924,0.1349121388735243,0.2100165301729092,True,True
L288445,Acid,3,0,0.2839379758377813,0.1703812587492001,0.1728697860990073,False,True
L288445,Cisplatin,3,0,0.0757977484189873,0.038019830416559,0.0241990463507393,False,True
L288445,CoCl2,3,0,0.0918906235877918,0.046765832062927,0.0261445964825489,False,True
L288445,Dabrafenib,3,1,0.0918906235877921,0.046765832062927,0.0273795131877985,True,True
L288445,Doxorubicin,3,0,0.136449253309681,0.0722527402439708,0.082499814345704,False,True
L288445,Trametinib,3,0,0.0767687892495874,0.0385394207887215,0.0316969207873482,False,True
L288451,Acid,4,0,0.2968821351175162,0.1695924772925018,0.1284000239795485,False,True
L288451,Cisplatin,4,1,0.0794343772887644,0.0385092498077235,0.0400261274823918,True,True
L288451,CoCl2,4,0,0.0975269614574984,0.0479708281040513,0.0451210998256448,False,True
L288451,Dabrafenib,4,0,0.094316337926325,0.0462705751733152,0.03723041459678,False,True
L288451,Doxorubicin,4,0,0.1364228780661134,0.0693361996723779,0.0638295170462251,False,True
L288451,Trametinib,4,0,0.0755059582532245,0.036497133155879,0.0390754431828678,False,True
L289287,Acid,4,0,0.2968821351175162,0.174288285235188,0.0253153246032606,False,False
L289287,Cisplatin,4,0,0.0794343772887644,0.0397492592863262,0.0098747040512172,False,False
L289287,CoCl2,4,0,0.0975269614574984,0.0494998183525,0.0564385421987164,False,False
L289287,Dabrafenib,4,0,0.094316337926325,0.0477480906747489,0.0453134806317343,False,False
L289287,Doxorubicin,4,0,0.1364228780661134,0.0714950352185208,0.0602306533426656,False,False
L289287,Trametinib,4,0,0.0755059582532245,0.0376748906206931,0.1026323851774949,False,False
L289410,Acid,2,1,0.9360559087285504,0.9191616168802944,0.9315438952386492,True,True
L289410,Cisplatin,2,0,0.7587319835263173,0.7065643643951502,0.7925271630222147,False,True
L289410,CoCl2,2,1,0.7893386989703974,0.7418809013296166,0.8040980135841472,True,True
L289410,Dabrafenib,2,0,0.7893386989703975,0.7418809013296166,0.6628557580907334,False,True
L289410,Doxorubicin,2,1,0.8429921213646374,0.8055585485944227,0.8449622748274344,True,True
L289410,Trametinib,2,0,0.7472470475845836,0.6935236889001134,0.5816690293879315,False,True
L289459,Acid,4,0,0.2811303118206386,0.3997001594661884,0.3762473862911484,False,False
L289459,Cisplatin,4,0,0.0740054563390073,0.1154968444057721,0.1449465145980069,False,False
L289459,CoCl2,4,0,0.0909837199544665,0.1410981394837136,0.1732472593162654,False,False
L289459,Dabrafenib,4,0,0.0879675059053129,0.1365706313574782,0.1188988332096906,False,False
L289459,Doxorubicin,4,0,0.1276391277841468,0.195426596661944,0.1869830832248838,False,False
L289459,Trametinib,4,0,0.0703250134578361,0.1099219932780415,0.0851612686123878,False,False
L289493,Acid,4,0,0.2968821351175162,0.2659631135565302,0.304638607330378,False,False
L289493,Cisplatin,4,0,0.0794343772887644,0.0663430590353784,0.0684309340042825,False,False
L289493,CoCl2,4,0,0.0975269614574984,0.0820596455858485,0.075694855130163,False,False
L289493,Dabrafenib,4,0,0.094316337926325,0.07925174533362,0.0782619030257764,False,False
L289493,Doxorubicin,4,0,0.1364228780661134,0.1167457698647956,0.1411747949242518,False,False
L289493,Trametinib,4,0,0.0755059582532245,0.0629718692097446,0.0439010066717774,False,False
L289938,Acid,1,1,0.8172263413298912,0.8330517385868083,0.8269723765416219,True,True
L289938,Cisplatin,1,1,0.4793464818151639,0.4873895728203303,0.5441782001667222,True,True
L289938,CoCl2,1,0,0.5527691317294223,0.5628651698921003,0.4579120007426704,False,True
L289938,Dabrafenib,1,1,0.5467801804772403,0.5567107732087068,0.558750480332235,True,True
L289938,Doxorubicin,1,0,0.6484972221392535,0.6612875356588936,0.6356601307685535,False,True
L289938,Trametinib,1,1,0.4844622194624485,0.4926310056273656,0.5029831295820358,True,True
L289974,Acid,1,1,0.2952569053890467,0.3185025576794386,0.2763619724875972,True,True
L289974,Cisplatin,1,1,0.0794154333052323,0.0817708466573303,0.102022451850204,True,True
L289974,CoCl2,1,0,0.1037914496285774,0.1076209782750155,0.1689738315236754,False,True
L289974,Dabrafenib,1,0,0.1015622566428531,0.1052458087622478,0.0961417516018649,False,True
L289974,Doxorubicin,1,0,0.1473906496025865,0.1545911318926782,0.1353976838143309,False,True
L289974,Trametinib,1,0,0.0809263949015811,0.0833595666836417,0.0531890356710839,False,True
L29023,Acid,3,1,0.2800284500633928,0.2565829434374628,0.2595724850380967,True,True
L29023,Cisplatin,3,0,0.0744561004084269,0.0622827735214038,0.0734766806046688,False,True
L29023,CoCl2,3,0,0.090291954794067,0.0761682443039946,0.0596937656348087,False,True
L29023,Dabrafenib,3,0,0.0902919547940672,0.0761682443039946,0.0922259627605692,False,True
L29023,Doxorubicin,3,0,0.1341899264720791,0.115733669953005,0.1172287319703611,False,True
L29023,Trametinib,3,0,0.0754113559162071,0.0631121944077259,0.0649419076039079,False,True
L290279,Acid,2,1,0.6693963779171761,0.6840253249470806,0.6866761429738562,True,True
L290279,Cisplatin,2,1,0.3031231264815601,0.3143368655820021,0.2932849936438153,True,True
L290279,CoCl2,2,1,0.3413540400530406,0.3536783090698206,0.3049066840714642,True,True
L290279,Dabrafenib,2,0,0.3413540400530408,0.3536783090698206,0.3135024238918818,False,True
L290279,Doxorubicin,2,1,0.4261569511276067,0.4409586304211323,0.4410302841335994,True,True
L290279,Trametinib,2,0,0.290238390470185,0.3011069371634152,0.2705542988752967,False,True
L290343,Acid,4,0,0.29897467523817,0.3056164998199562,0.1735811073685609,False,False
L290343,Cisplatin,4,0,0.0801690138735493,0.0794559826658628,0.0260070655539294,False,False
L290343,CoCl2,4,0,0.0984110368485007,0.0979530976274723,0.127895852099605,False,False
L290343,Dabrafenib,4,0,0.0951743785327787,0.0946574387979562,0.1521323627560147,False,False
L290343,Doxorubicin,4,0,0.1376057808821043,0.1383447949378302,0.1293519484276986,False,False
L290343,Trametinib,4,0,0.0762072710844168,0.0754723287368873,0.1083520167039891,False,False
L290559,Acid,0,1,0.283084547091898,0.4412557458114592,0.3373619047340354,True,True
L290559,Cisplatin,0,0,0.0691265369767683,0.1250697930428092,0.1703667657424624,False,True
L290559,CoCl2,0,0,0.0925499417249437,0.1649453252260871,0.1212344591807051,False,True
L290559,Dabrafenib,0,0,0.1021070427147207,0.1808513231098077,0.2258523682016517,False,True
L290559,Doxorubicin,0,0,0.1289259711728003,0.2246251535148475,0.1460331152629856,False,True
L290559,Trametinib,0,0,0.078543669144304,0.1412212630270041,0.2527629814409522,False,True
L290603,Acid,1,1,0.5630410643353265,0.6650297573137931,0.6434333208978767,True,True
L290603,Cisplatin,1,1,0.2096866377358257,0.2744672793035035,0.3355318792346916,True,True
L290603,CoCl2,1,1,0.2626406289661105,0.3387603780747895,0.4561808088068707,True,True
L290603,Dabrafenib,1,1,0.2579818237250687,0.3331886550088659,0.3029034890073355,True,True
L290603,Doxorubicin,1,0,0.3471219728330642,0.4371874620193326,0.3557279050205855,False,True
L290603,Trametinib,1,0,0.2131023965771966,0.2786636924128766,0.2325688535461874,False,True
L290642,Acid,2,0,0.4332282471416219,0.3819948226341451,0.5057929472051735,False,False
L290642,Cisplatin,2,0,0.1410473861614739,0.1157462399972264,0.1349555085893534,False,False
L290642,CoCl2,2,0,0.1636367274924759,0.1351311325073833,0.1191320701646619,False,False
L290642,Dabrafenib,2,0,0.163636727492476,0.1351311325073833,0.0742331514864975,False,False
L290642,Doxorubicin,2,0,0.2189669938919418,0.1838174244739084,0.2259275390508807,False,False
L290642,Trametinib,2,0,0.1337298931096704,0.10953936407222,0.0684441590215009,False,False
L290808,Acid,4,0,0.29897467523817,0.2775860905266816,0.0702413056386985,False,False
L290808,Cisplatin,4,0,0.0801690138735493,0.0700751585157872,0.0571134035410614,False,False
L290808,CoCl2,4,0,0.0984110368485007,0.0865938743346823,0.0254551869718924,False,False
L290808,Dabrafenib,4,0,0.0951743785327787,0.0836449605317124,0.1379407114037595,False,False
L290808,Doxorubicin,4,0,0.1376057808821043,0.1229399007309617,0.0725112999100284,False,False
L290808,Trametinib,4,0,0.0762072710844168,0.0665278370581892,0.188730565116823,False,False
L291848,Acid,0,0,0.2846693786920213,0.1911034639213815,0.2102205390256453,False,False
L291848,Cisplatin,0,0,0.06962987611271,0.0410101457619067,0.0332452936041191,False,False
L291848,CoCl2,0,0,0.0932067590000554,0.0557943199570716,0.0308087915173302,False,False
L291848,Dabrafenib,0,0,0.102824000340023,0.0619556085912401,0.0453095668544505,False,False
L291848,Doxorubicin,0,0,0.1298040178991264,0.0797533955310228,0.1073100359771927,False,False
L291848,Trametinib,0,0,0.0791097509577917,0.0468879297695769,0.035414555030825,False,False
L291864,Acid,0,0,0.283084547091898,0.2503545330287298,0.1428078327537461,False,False
L291864,Cisplatin,0,0,0.0691265369767683,0.0570047149497732,0.0681145167298489,False,False
L291864,CoCl2,0,0,0.0925499417249437,0.077091415869861,0.0575844871622004,False,False
L291864,Dabrafenib,0,0,0.1021070427147207,0.0853918207606065,0.0923374121257991,False,False
L291864,Doxorubicin,0,0,0.1289259711728003,0.1091387519618389,0.1033298665246708,False,False
L291864,Trametinib,0,0,0.078543669144304,0.0650194962071574,0.0541734115369711,False,False
L292026,Acid,3,1,0.4992907486881012,0.5618914413057686,0.5637729403877038,True,True
L292026,Cisplatin,3,1,0.1709813190341188,0.1979563626308037,0.2211584681276692,True,True
L292026,CoCl2,3,1,0.2028474460267985,0.234524315092771,0.2256629308518738,True,True
L292026,Dabrafenib,3,0,0.202847446026799,0.2345243150927709,0.2475920153896539,False,True
L292026,Doxorubicin,3,0,0.2843620918120689,0.3272125414606664,0.3440922416993759,False,True
L292026,Trametinib,3,0,0.172943569832285,0.2002067983415502,0.1505218605089852,False,True
L292133,Acid,1,0,0.4130500535635625,0.3953256416380705,0.3605608597133444,False,False
L292133,Cisplatin,1,0,0.1265625992972331,0.1107754673929644,0.1370019612173741,False,False
L292133,CoCl2,1,0,0.1628501238050005,0.1443533240378125,0.0777226608907328,False,False
L292133,Dabrafenib,1,0,0.159578348822991,0.1412958393602062,0.1470485282449439,False,False
L292133,Doxorubicin,1,0,0.2250286722603371,0.203695593820442,0.173786484067266,False,False
L292133,Trametinib,1,0,0.1288450374752859,0.112858453507911,0.0977343703736891,False,False
L292268,Acid,4,1,0.6628333245662733,0.673497371943505,0.6428937781490055,True,True
L292268,Cisplatin,4,0,0.2866067891253402,0.2880195328549759,0.3615827611176455,False,True
L292268,CoCl2,4,1,0.334728727665821,0.3372801864532382,0.457214617697652,True,True
L292268,Dabrafenib,4,1,0.326534720208415,0.3288679799809784,0.2873254369484597,True,True
L292268,Doxorubicin,4,0,0.4238012031386855,0.4293835571329029,0.4609151796202649,False,True
L292268,Trametinib,4,0,0.2754989212548642,0.2767225636668737,0.2337896910396177,False,True
L292296,Acid,3,0,0.441250310253221,0.5282249216971832,0.4967952174844725,False,True
L292296,Cisplatin,3,1,0.1404037434085937,0.1772722731135105,0.252353535155171,True,True
L292296,CoCl2,3,0,0.1677240281332675,0.2110246250275266,0.2941361452197149,False,True
L292296,Dabrafenib,3,0,0.1677240281332679,0.2110246250275266,0.1869306303116038,False,True
L292296,Doxorubicin,3,0,0.2393624197242214,0.2980414822394828,0.2740625467779197,False,True
L292296,Trametinib,3,0,0.1420752135044134,0.179340144103022,0.1652638909318179,False,True
L292380,Acid,2,0,0.2879810790401368,0.2483310893295503,0.2284856000091472,False,False
L292380,Cisplatin,2,0,0.0799419805856406,0.0653883402423348,0.0882722447996746,False,False
L292380,CoCl2,2,0,0.0938138784504659,0.077074536702313,0.0495902201852728,False,False
L292380,Dabrafenib,2,0,0.0938138784504659,0.0770745367023131,0.0688775977817998,False,False
L292380,Doxorubicin,2,0,0.1291816151328634,0.1074421905801633,0.1585504519263759,False,False
L292380,Trametinib,2,0,0.0755159104304394,0.0616934929965022,0.0368459255478171,False,False
L292653,Acid,3,1,0.4146843208666432,0.3718504424567705,0.361754199032421,True,True
L292653,Cisplatin,3,1,0.1278074763493444,0.1022707430211757,0.106212119345085,True,True
L292653,CoCl2,3,0,0.153113315407486,0.1238933554420493,0.1519173843469199,False,True
L292653,Dabrafenib,3,0,0.1531133154074864,0.1238933554420492,0.1063995352440248,False,True
L292653,Doxorubicin,3,0,0.2201619795680417,0.1833298905546311,0.1973442533009285,False,True
L292653,Trametinib,3,0,0.129351556344138,0.1035738658642946,0.0537618369489674,False,True
L292880,Acid,3,0,0.2839379758377813,0.306799563315316,0.2771694573872029,False,False
L292880,Cisplatin,3,0,0.0757977484189873,0.0784870723019749,0.1191991495005719,False,False
L292880,CoCl2,3,0,0.0918906235877918,0.0956167974786032,0.1470018211689725,False,False
L292880,Dabrafenib,3,0,0.0918906235877921,0.0956167974786032,0.1109631594711453,False,False
L292880,Doxorubicin,3,0,0.136449253309681,0.1437131641053793,0.1298721263350784,False,False
L292880,Trametinib,3,0,0.0767687892495874,0.0795139879224947,0.053205033916029,False,False
L293016,Acid,2,1,0.5583694065352124,0.6742175235738337,0.6632142475478465,True,False
L293016,Cisplatin,2,1,0.2135969015843394,0.3047179054625104,0.3254071784952594,True,False
L293016,CoCl2,2,1,0.2444980151663167,0.3434585098721074,0.4201480814712817,True,False
L293016,Dabrafenib,2,1,0.2444980151663168,0.3434585098721074,0.3337719067067673,True,False
L293016,Doxorubicin,2,1,0.3168128826221602,0.4298943037956103,0.3812648720062035,True,False
L293016,Trametinib,2,1,0.2034068718219608,0.2917205784838561,0.1979970137996136,True,False
L293527,Acid,3,1,0.9069244006440528,0.9078904975716352,0.9214870068639552,True,True
L293527,Cisplatin,3,0,0.6683641565005012,0.6547958041642872,0.6397080148608426,False,True
L293527,CoCl2,3,1,0.7131826940302834,0.7019007538334888,0.7798510701130063,True,True
L293527,Dabrafenib,3,0,0.7131826940302843,0.7019007538334888,0.6574023186046087,False,True
L293527,Doxorubicin,3,0,0.7951997320033949,0.7889294048598425,0.8199564772811281,False,True
L293527,Trametinib,3,0,0.6714116029563244,0.6579791070405056,0.5951021844767075,False,True
L293773,Acid,0,1,0.5478487846568613,0.5390313723021816,0.5030382775733294,True,True
L293773,Cisplatin,0,0,0.1855800659140101,0.1746878263872885,0.2807642827071407,False,True
L293773,CoCl2,0,0,0.2383593993297293,0.2262913372316381,0.1707520123250026,False,True
L293773,Dabrafenib,0,0,0.2586812259433685,0.2463677257839263,0.2313721055267339,False,True
L293773,Doxorubicin,0,1,0.3123203573877082,0.3001880513263041,0.3212676426221076,True,True
L293773,Trametinib,0,0,0.2073282895653226,0.195812893024602,0.2108924827467529,False,True
L293983,Acid,3,0,0.2839379758377813,0.2079395729492512,0.1322341954684529,False,False
L293983,Cisplatin,3,0,0.0757977484189873,0.0480921853300876,0.0514296327795353,False,False
L293983,CoCl2,3,0,0.0918906235877918,0.0590130715165329,0.0234577042702641,False,False
L293983,Dabrafenib,3,0,0.0918906235877921,0.0590130715165329,0.1188043425966831,False,False
L293983,Doxorubicin,3,0,0.136449253309681,0.090540629266455,0.1064633733028187,False,False
L293983,Trametinib,3,0,0.0767687892495874,0.04874245285404,0.0897541701890952,False,False
L293998,Acid,2,1,0.3964971561603091,0.3383372658032463,0.3918782675475636,True,True
L293998,Cisplatin,2,0,0.1236828129632373,0.0977069355954927,0.0955805607005806,False,True
L293998,CoCl2,2,0,0.1439572306507918,0.1144617249015152,0.0852284723041401,False,True
L293998,Dabrafenib,2,0,0.1439572306507918,0.1144617249015152,0.1283088421984534,False,True
L293998,Doxorubicin,2,0,0.1941781992172485,0.1570533619549612,0.1601446360993149,False,True
L293998,Trametinib,2,0,0.1171433286036891,0.0923663679645439,0.0817589295863354,False,True
L294380,Acid,3,1,0.585861112093313,0.6077756271074549,0.5792037249362635,True,True
L294380,Cisplatin,3,0,0.2263617469596817,0.2297034195436419,0.193501862809638,False,True
L294380,CoCl2,3,0,0.2652468854655212,0.2701605056592175,0.2981273935614872,False,True
L294380,Dabrafenib,3,1,0.2652468854655218,0.2701605056592175,0.2508397175229598,True,True
L294380,Doxorubicin,3,1,0.3604970261053223,0.3701228678479163,0.3916099705747412,True,True
L294380,Trametinib,3,1,0.2287841682903119,0.2322102744250207,0.2004412987311858,True,True
L294541,Acid,2,1,0.2807695161874157,0.3358466086242704,0.1730918776174106,True,True
L294541,Cisplatin,2,1,0.0773739631839097,0.0967287093204067,0.0813023720634285,True,True
L294541,CoCl2,2,0,0.0908442457636326,0.1133368229164235,0.1189520288758591,False,True
L294541,Dabrafenib,2,1,0.0908442457636327,0.1133368229164235,0.216760860675494,True,True
L294541,Doxorubicin,2,1,0.1252471706812583,0.1555834216001071,0.125939191998502,True,True
L294541,Trametinib,2,1,0.0730787807484661,0.0914361921918741,0.2028343314948266,True,True
L294564,Acid,4,0,0.2968821351175162,0.2218240971627842,0.2991073304698887,False,False
L294564,Cisplatin,4,0,0.0794343772887644,0.0529433641828919,0.0735480811103393,False,False
L294564,CoCl2,4,0,0.0975269614574984,0.0657089861434226,0.0640640539121259,False,False
L294564,Dabrafenib,4,0,0.094316337926325,0.0634219138484989,0.0379898539882026,False,False
L294564,Doxorubicin,4,0,0.1364228780661134,0.0941929785910465,0.1402566208379029,False,False
L294564,Trametinib,4,0,0.0755059582532245,0.050216451305633,0.0257209450202209,False,False
L294576,Acid,2,0,0.2807695161874157,0.2669868134585194,0.2153258030028708,False,False
L294576,Cisplatin,2,0,0.0773739631839097,0.0716099109220312,0.0458908198623309,False,False
L294576,CoCl2,2,0,0.0908442457636326,0.0843077238793114,0.0554906366064807,False,False
L294576,Dabrafenib,2,0,0.0908442457636327,0.0843077238793114,0.1270066357087592,False,False
L294576,Doxorubicin,2,0,0.1252471706812583,0.1171634911017804,0.1219519200297319,False,False
L294576,Trametinib,2,0,0.0730787807484661,0.0675889301080567,0.096701905525162,False,False
L295193,Acid,1,1,0.6887158615930543,0.7635240481410284,0.7513275373506797,True,True
L295193,Cisplatin,1,1,0.3129838980454491,0.3808914711434904,0.4147881935922889,True,True
L295193,CoCl2,1,1,0.3794980260311714,0.454497427987281,0.4678204994160178,True,True
L295193,Dabrafenib,1,1,0.3738172360683264,0.4483127324616528,0.3878249161832547,True,True
L295193,Doxorubicin,1,1,0.4772395480264697,0.5581663271539644,0.5565851024754138,True,True
L295193,Trametinib,1,0,0.3174065456578246,0.3858496910890607,0.3353765809615771,False,True
L295492,Acid,0,1,0.7231742620845627,0.7804385536658544,0.7643987393894475,True,True
L295492,Cisplatin,0,0,0.3294419016821146,0.3915072218332027,0.420767283962428,False,True
L295492,CoCl2,0,0,0.4028952882683316,0.4706358209595754,0.3822750911236042,False,True
L295492,Dabrafenib,0,0,0.4293374537472961,0.4984252012055442,0.5791883717618325,False,True
L295492,Doxorubicin,0,0,0.4947466264986937,0.5659577513868524,0.543851033960497,False,True
L295492,Trametinib,0,0,0.3605849279562107,0.4253393691608515,0.4058581170907957,False,True
L29553,Acid,1,0,0.2846492613888907,0.199290245881294,0.2590322687960678,False,False
L29553,Cisplatin,1,0,0.0757290196169657,0.0452779345358939,0.049539920909037,False,False
L29553,CoCl2,1,0,0.09909531796825,0.0603498246236542,0.0360130774692455,False,False
L29553,Dabrafenib,1,0,0.0969560750019377,0.0589490021352936,0.0488733331477735,False,False
L29553,Doxorubicin,1,0,0.1410322674669205,0.0887405382483552,0.0975740129807933,False,False
L29553,Trametinib,1,0,0.0771757232365809,0.0461933048819902,0.0329109684449731,False,False
L295561,Acid,0,1,0.5836641772922005,0.5545968199984532,0.4892354045383979,True,True
L295561,Cisplatin,0,0,0.2086406496476221,0.1839302144696019,0.2361159690313083,False,True
L295561,CoCl2,0,1,0.2658376831605884,0.2374783559577238,0.2806122419128947,True,True
L295561,Dabrafenib,0,1,0.2876175497747041,0.2582160118102226,0.2098403162670545,True,True
L295561,Doxorubicin,0,1,0.3444687262158307,0.3135477902024472,0.3073978576492232,True,True
L295561,Trametinib,0,1,0.232320448330099,0.205894132916807,0.1936946342807303,True,True
L295735,Acid,3,0,0.4116274315616812,0.4420687603701283,0.4756113239314709,False,False
L295735,Cisplatin,3,0,0.1264086162512261,0.1323052041241024,0.0515277309921843,False,False
L295735,CoCl2,3,0,0.1514855872923659,0.1591521042577214,0.190136733859896,False,False
L295735,Dabrafenib,3,0,0.1514855872923663,0.1591521042577214,0.1094506616900372,False,False
L295735,Doxorubicin,3,0,0.2180049504580228,0.2310429021102795,0.3273631680807323,False,False
L295735,Trametinib,3,0,0.1279382751993651,0.1339339277271097,0.1010322622889731,False,False
L296089,Acid,3,0,0.2800284500633928,0.1852185320933853,0.19152282686342,False,False
L296089,Cisplatin,3,0,0.0744561004084269,0.0419130261944782,0.0365553565400576,False,False
L296089,CoCl2,3,0,0.090291954794067,0.0515066588154353,0.0603651388368364,False,False
L296089,Dabrafenib,3,0,0.0902919547940672,0.0515066588154353,0.0321742697648741,False,False
L296089,Doxorubicin,3,0,0.1341899264720791,0.0793621619505623,0.1137318844861992,False,False
L296089,Trametinib,3,0,0.0754113559162071,0.0424834724517765,0.0260917705186215,False,False
L296189,Acid,1,1,0.8094121628145508,0.736250612000673,0.8211132565590737,True,True
L296189,Cisplatin,1,0,0.4665167940602274,0.347217410674052,0.3476313779618122,False,True
L296189,CoCl2,1,0,0.5400125125402936,0.4187170704601996,0.3076650208287125,False,True
L296189,Dabrafenib,1,0,0.5339967474003782,0.4126509522520339,0.3378076188631738,False,True
L296189,Doxorubicin,1,1,0.6366764046069502,0.5220348657918936,0.6159303373141612,True,True
L296189,Trametinib,1,0,0.4716196366800115,0.3519864995207408,0.229382003423556,False,True
L296278,Acid,2,0,0.4182482055123107,0.3064297407018487,0.2653806778060168,False,False
L296278,Cisplatin,2,0,0.1337855071112935,0.0855581091532007,0.1100829857957718,False,False
L296278,CoCl2,2,0,0.1554222690865395,0.1004615703412201,0.1368405751232229,False,False
L296278,Dabrafenib,2,0,0.1554222690865395,0.1004615703412201,0.0616196427632805,False,False
L296278,Doxorubicin,2,0,0.20866797340549,0.1386594132277067,0.1379917639065439,False,False
L296278,Trametinib,2,0,0.1267891472075863,0.0808221036682567,0.0616264450345747,False,False
L296352,Acid,3,0,0.2940412912595201,0.274704374754054,0.0810719865713757,False,False
L296352,Cisplatin,3,0,0.0793152022594877,0.0679355723980875,0.0460494422911898,False,False
L296352,CoCl2,3,0,0.0960772445913733,0.0829697841608643,0.0479329889641533,False,False
L296352,Dabrafenib,3,0,0.0960772445913736,0.0829697841608642,0.1989365621744581,False,False
L296352,Doxorubicin,3,0,0.1423477794644546,0.1255879638001394,0.0699600166968032,False,False
L296352,Trametinib,3,0,0.0803273884269043,0.068834745772496,0.1531962947233595,False,False
L296371,Acid,1,1,0.6715572982382486,0.8203485202038773,0.7801493799204254,True,True
L296371,Cisplatin,1,0,0.2962766398497176,0.465267606973771,0.5303117421840632,False,True
L296371,CoCl2,1,0,0.3611064369404099,0.5409324781961077,0.6049681585288437,False,True
L296371,Dabrafenib,1,1,0.3555432053583572,0.5347245435704399,0.5178550441935869,True,True
L296371,Doxorubicin,1,0,0.4576044175781792,0.6411446959450463,0.545325216535731,False,True
L296371,Trametinib,1,1,0.3005664894767854,0.470489491521994,0.4902715454144237,True,True
L296406,Acid,1,0,0.4006161480198365,0.3704933836553038,0.3007822180840365,False,True
L296406,Cisplatin,1,1,0.1209752434080474,0.1008364555134745,0.1043712427712691,True,True
L296406,CoCl2,1,0,0.1559468078263411,0.1318483348843007,0.131705232353253,False,True
L296406,Dabrafenib,1,0,0.1527884125735933,0.1290157764937422,0.123697689254627,False,True
L296406,Doxorubicin,1,0,0.2161701867667327,0.187174457864993,0.2175901273452353,False,True
L296406,Trametinib,1,0,0.1231711282899808,0.1027541476885959,0.1091917793541016,False,True
L297256,Acid,1,1,0.6594211727299722,0.5896845784863696,0.5435203984520935,True,True
L297256,Cisplatin,1,0,0.2850367916847566,0.21497351689732,0.2067079510181864,False,True
L297256,CoCl2,1,0,0.3486255546693358,0.270526738710415,0.2391614145275235,False,True
L297256,Dabrafenib,1,0,0.3431513296502949,0.2656264558096521,0.2075108750412264,False,True
L297256,Doxorubicin,1,0,0.4441066792521939,0.3599196240797753,0.3593872774867834,False,True
L297256,Trametinib,1,1,0.2892307851819816,0.2185342936920723,0.1773794573636522,True,True
L297967,Acid,4,0,0.2811303118206386,0.1554579413873868,0.1170092077115273,False,True
L297967,Cisplatin,4,0,0.0740054563390073,0.034841350098776,0.0218000845350786,False,True
L297967,CoCl2,4,0,0.0909837199544665,0.0434424570773227,0.0519102065840556,False,True
L297967,Dabrafenib,4,0,0.0879675059053129,0.0418956422344216,0.0328243157210209,False,True
L297967,Doxorubicin,4,1,0.1276391277841468,0.0629242750448272,0.0852029294536953,True,True
L297967,Trametinib,4,1,0.0703250134578361,0.0330143014465596,0.0344184734178406,True,True
L298261,Acid,3,0,0.4221316365433675,0.4292947211434774,0.4486287220039626,False,False
L298261,Cisplatin,3,0,0.1312581210697443,0.1264534033336746,0.1225713543702328,False,False
L298261,CoCl2,3,0,0.1571241044872312,0.1523213262376322,0.2799111850247711,False,False
L298261,Dabrafenib,3,0,0.1571241044872316,0.1523213262376322,0.1376947531652675,False,False
L298261,Doxorubicin,3,0,0.2254615241173787,0.2219410099378918,0.2103165177657952,False,False
L298261,Trametinib,3,0,0.1328375400785524,0.1280207177419285,0.0814020075924686,False,False
L298485,Acid,3,1,0.4116274315616812,0.3949667159591062,0.3418457964234895,True,True
L298485,Cisplatin,3,0,0.1264086162512261,0.1116060213850163,0.1192589570315192,False,True
L298485,CoCl2,3,0,0.1514855872923659,0.1349057483092081,0.1493140917681853,False,True
L298485,Dabrafenib,3,0,0.1514855872923663,0.134905748309208,0.1031392102581978,False,True
L298485,Doxorubicin,3,0,0.2180049504580228,0.1984288019963355,0.2497329305772249,False,True
L298485,Trametinib,3,0,0.1279382751993651,0.1130131191072479,0.1065675407165454,False,True
L299027,Acid,0,0,0.283084547091898,0.3671601480742258,0.1981588291751422,False,True
L299027,Cisplatin,0,0,0.0691265369767683,0.0950373044853681,0.0746430579333876,False,True
L299027,CoCl2,0,0,0.0925499417249437,0.1267245515397621,0.0895662516972291,False,True
L299027,Dabrafenib,0,0,0.1021070427147207,0.1395608294336114,0.1955218391978196,False,True
L299027,Doxorubicin,0,0,0.1289259711728003,0.1754815525696573,0.1528258176880498,False,True
L299027,Trametinib,0,1,0.078543669144304,0.1077881920771996,0.2363917157276532,True,True
L29912,Acid,3,1,0.2839379758377813,0.2388300297798258,0.1712629649600419,True,True
L29912,Cisplatin,3,0,0.0757977484189873,0.0569437015437884,0.060109279065573,False,True
L29912,CoCl2,3,0,0.0918906235877918,0.069727376321745,0.0346421770696477,False,True
L29912,Dabrafenib,3,1,0.0918906235877921,0.069727376321745,0.1197111421219143,True,True
L29912,Doxorubicin,3,0,0.136449253309681,0.1063321937769604,0.093198006251216,False,True
L29912,Trametinib,3,1,0.0767687892495874,0.0577063973780363,0.118961435655295,True,True
L299297,Acid,1,0,0.2838807297763159,0.188173663053264,0.1267741822228634,False,False
L299297,Cisplatin,1,0,0.0754650511914505,0.0422984652046767,0.0251949277139355,False,False
L299297,CoCl2,1,0,0.0987586044275129,0.0564371930534006,0.0701557321557232,False,False
L299297,Dabrafenib,1,0,0.0966258507238606,0.0551218617993917,0.0251135077787715,False,False
L299297,Doxorubicin,1,0,0.1405752922599338,0.0831501443627775,0.1383144670618836,False,False
L299297,Trametinib,1,0,0.0769071316414241,0.0431563233235146,0.017833811481968,False,False
L299327,Acid,2,0,0.2879810790401368,0.2245711856752619,0.1895035317706997,False,False
L299327,Cisplatin,2,0,0.0799419805856406,0.0577864550984907,0.0485943814026349,False,False
L299327,CoCl2,2,0,0.0938138784504659,0.0682132023769467,0.0461702988732957,False,False
L299327,Dabrafenib,2,0,0.0938138784504659,0.0682132023769468,0.0948691440930093,False,False
L299327,Doxorubicin,2,0,0.1291816151328634,0.0954505440747129,0.0912529765235059,False,False
L299327,Trametinib,2,0,0.0755159104304394,0.0544961147908288,0.0841273619854786,False,False
L299436,Acid,0,0,0.4328777043248581,0.3470220526102638,0.2950566601362855,False,False
L299436,Cisplatin,0,0,0.125527930426065,0.0877549811910937,0.084606396648983,False,False
L299436,CoCl2,0,0,0.1646818096685305,0.1173289631218186,0.0564217156093896,False,False
L299436,Dabrafenib,0,0,0.1802083459980085,0.1293545079896616,0.1328003257453851,False,False
L299436,Doxorubicin,0,0,0.2224585775702799,0.1631463776309001,0.1957362774821355,False,False
L299436,Trametinib,0,0,0.1414610018446082,0.0996363930427028,0.1029547584339653,False,False
L299501,Acid,1,0,0.2846492613888907,0.2891087466727435,0.1732076822780213,False,False
L299501,Cisplatin,1,0,0.0757290196169657,0.0719188501592796,0.0815374120916672,False,False
L299501,CoCl2,1,0,0.09909531796825,0.0949766275679602,0.0731997745507042,False,False
L299501,Dabrafenib,1,0,0.0969560750019377,0.0928514800892711,0.0856755793400062,False,False
L299501,Doxorubicin,1,0,0.1410322674669205,0.1372772020181167,0.1551126557499359,False,False
L299501,Trametinib,1,0,0.0771757232365809,0.0733314430872818,0.0949486474456176,False,False
L29951,Acid,0,0,0.4328777043248581,0.5233383149073033,0.3172434112170672,False,False
L29951,Cisplatin,0,0,0.125527930426065,0.1657871545178782,0.0474454525454215,False,False
L29951,CoCl2,0,0,0.1646818096685305,0.2154477474605748,0.1593789686227263,False,False
L29951,Dabrafenib,0,0,0.1802083459980085,0.2348541205412336,0.3392910448104587,False,False
L29951,Doxorubicin,0,0,0.2224585775702799,0.2871174777674642,0.2560360125349994,False,False
L29951,Trametinib,0,0,0.1414610018446082,0.1860785407323163,0.3148799733139237,False,False
L300022,Acid,1,0,0.2846492613888907,0.3364329857201845,0.2649133659026539,False,False
L300022,Cisplatin,1,0,0.0757290196169657,0.0880970053235831,0.107728043522167,False,False
L300022,CoCl2,1,0,0.09909531796825,0.1156950376982151,0.131489260155917,False,False
L300022,Dabrafenib,1,0,0.0969560750019377,0.1131642725436978,0.0855741703780198,False,False
L300022,Doxorubicin,1,0,0.1410322674669205,0.1655353680327802,0.2038949492074258,False,False
L300022,Trametinib,1,0,0.0771757232365809,0.0897966160246936,0.0599511632632941,False,False
L300077,Acid,3,0,0.2800284500633928,0.3073922897889783,0.2036389832846837,False,True
L300077,Cisplatin,3,0,0.0744561004084269,0.0786887773451975,0.1338036513970141,False,True
L300077,CoCl2,3,0,0.090291954794067,0.095857945181895,0.0637613129667361,False,True
L300077,Dabrafenib,3,1,0.0902919547940672,0.0958579451818949,0.1149900408746926,True,True
L300077,Doxorubicin,3,0,0.1341899264720791,0.1440562904170491,0.1428468725935091,False,True
L300077,Trametinib,3,0,0.0754113559162071,0.0797181037491947,0.0931236547930609,False,True
L300084,Acid,1,1,0.4139661310128785,0.2991506941483338,0.3041690865575499,True,True
L300084,Cisplatin,1,0,0.1269807530488096,0.0752150652887524,0.073100092639737,False,True
L300084,CoCl2,1,0,0.1633657447244224,0.0992166597891979,0.1087571413345073,False,True
L300084,Dabrafenib,1,0,0.1600855915071559,0.0970068086936917,0.0562147919042465,False,True
L300084,Doxorubicin,1,0,0.2256880899456498,0.1431070476690786,0.1643947811793358,False,True
L300084,Trametinib,1,1,0.1292696161615275,0.0766870511158462,0.0458009424739788,True,True
L300217,Acid,3,0,0.2800284500633928,0.3284015932435075,0.0784141753618751,False,False
L300217,Cisplatin,3,0,0.0744561004084269,0.0860079876231738,0.0113893779536555,False,False
L300217,CoCl2,3,0,0.090291954794067,0.1045928404982705,0.0242737493682042,False,False
L300217,Dabrafenib,3,0,0.0902919547940672,0.1045928404982705,0.196892428401663,False,False
L300217,Doxorubicin,3,0,0.1341899264720791,0.1564233317789065,0.1396383844179068,False,False
L300217,Trametinib,3,0,0.0754113559162071,0.0871240025716439,0.2970203907828939,False,False
L300344,Acid,0,0,0.2846693786920213,0.4156476745281885,0.4401748836923275,False,False
L300344,Cisplatin,0,0,0.06962987611271,0.1140654071679762,0.1318393889814019,False,False
L300344,CoCl2,0,0,0.0932067590000554,0.1510381181163336,0.11508217309753,False,False
L300344,Dabrafenib,0,0,0.102824000340023,0.1658694035176857,0.174867414306123,False,False
L300344,Doxorubicin,0,0,0.1298040178991264,0.206933029725321,0.1823258918026066,False,False
L300344,Trametinib,0,0,0.0791097509577917,0.1290053110168871,0.1480257195919352,False,False
L300377,Acid,3,0,0.4146843208666432,0.3486519973457101,0.379279412466361,False,False
L300377,Cisplatin,3,0,0.1278074763493444,0.0933899978982517,0.0779199758692768,False,False
L300377,CoCl2,3,0,0.153113315407486,0.1133721163651602,0.0738880735988544,False,False
L300377,Dabrafenib,3,0,0.1531133154074864,0.1133721163651602,0.101990078931323,False,False
L300377,Doxorubicin,3,0,0.2201619795680417,0.1687333093980986,0.2017001299881182,False,False
L300377,Trametinib,3,0,0.129351556344138,0.0945918864125226,0.0920177570163929,False,False
L300513,Acid,2,0,0.2807695161874157,0.2745073862660946,0.2730972623678036,False,False
L300513,Cisplatin,2,0,0.0773739631839097,0.0741840139284205,0.0635641655571777,False,False
L300513,CoCl2,2,0,0.0908442457636326,0.0872953465214525,0.0607118246723996,False,False
L300513,Dabrafenib,2,0,0.0908442457636327,0.0872953465214525,0.1042322635562944,False,False
L300513,Doxorubicin,2,0,0.1252471706812583,0.1211613692716368,0.1459575362770828,False,False
L300513,Trametinib,2,0,0.0730787807484661,0.0700293969153187,0.0561413664509404,False,False
L300600,Acid,4,0,0.29897467523817,0.0207817380310673,0.0192835162709447,False,False
L300600,Cisplatin,4,0,0.0801690138735493,0.0041447963527881,0.0036157722087062,False,False
L300600,CoCl2,4,0,0.0984110368485007,0.0052088986041114,0.0206241205261494,False,False
L300600,Dabrafenib,4,0,0.0951743785327787,0.0050162911866229,0.0002441983446098,False,False
L300600,Doxorubicin,4,0,0.1376057808821043,0.0076825411885824,0.0192544148913127,False,False
L300600,Trametinib,4,0,0.0762072710844168,0.0039209076875595,0.0004207458595541,False,False
L301536,Acid,1,0,0.5172358209359385,0.4580846494224029,0.4127356019167392,False,False
L301536,Cisplatin,1,0,0.1807376184052569,0.138725032023816,0.1332269345036706,False,False
L301536,CoCl2,1,0,0.2284945372986944,0.1790688044158948,0.1424527517083698,False,False
L301536,Dabrafenib,1,0,0.2242572133319551,0.1754267779767794,0.1922030235876013,False,False
L301536,Doxorubicin,1,0,0.3065588084052791,0.2485369653779338,0.2408683843898542,False,False
L301536,Trametinib,1,0,0.1837914698511143,0.1412500902869143,0.155207715789983,False,False
L301796,Acid,2,0,0.2879810790401368,0.364609595185918,0.1798517772661295,False,False
L301796,Cisplatin,2,0,0.0799419805856406,0.1083539047893163,0.0122904547494488,False,False
L301796,CoCl2,2,0,0.0938138784504659,0.1266781102925485,0.0504440917045699,False,False
L301796,Dabrafenib,2,0,0.0938138784504659,0.1266781102925485,0.4379055481422372,False,False
L301796,Doxorubicin,2,0,0.1291816151328634,0.172927814112262,0.1113694091391947,False,False
L301796,Trametinib,2,0,0.0755159104304394,0.102497491950301,0.4842686454189867,False,False
L302148,Acid,1,1,0.2838807297763159,0.2732725566163753,0.1520655318725544,True,True
L302148,Cisplatin,1,0,0.0754650511914505,0.0668605195249444,0.0656351898938743,False,True
L302148,CoCl2,1,0,0.0987586044275129,0.0884511151235781,0.085212699326468,False,True
L302148,Dabrafenib,1,1,0.0966258507238606,0.0864580304474431,0.1226625138652784,True,True
L302148,Doxorubicin,1,0,0.1405752922599338,0.1282572405728675,0.1253099955441055,False,True
L302148,Trametinib,1,1,0.0769071316414241,0.0681810582654641,0.0968620660390908,True,True
L302652,Acid,2,1,0.6954152196232786,0.6765615832956077,0.6642867626894013,True,True
L302652,Cisplatin,2,0,0.3290761928169041,0.3069878531841425,0.3193651380920009,False,True
L302652,CoCl2,2,0,0.3688478857505022,0.3458734872530362,0.2766531287230655,False,True
L302652,Dabrafenib,2,0,0.3688478857505023,0.3458734872530362,0.3265611661035532,False,True
L302652,Doxorubicin,2,0,0.4557548283211239,0.432516660947168,0.4174559575651836,False,True
L302652,Trametinib,2,0,0.3155878649601761,0.2939346365545839,0.2771263836919305,False,True
L302757,Acid,0,1,0.2913335192140022,0.2037023259501502,0.2589791356415952,True,True
L302757,Cisplatin,0,0,0.0717649606822348,0.0442551896516814,0.0486879361417691,False,True
L302757,CoCl2,0,0,0.0959902001688309,0.060135845780045,0.0690502951931082,False,True
L302757,Dabrafenib,0,0,0.1058611135447152,0.066742673861044,0.0481426423616412,False,True
L302757,Doxorubicin,0,0,0.1335194425566999,0.0857898583616099,0.0972473162086395,False,True
L302757,Trametinib,0,0,0.0815100531712696,0.0505735425184348,0.0232272114217115,False,True
L302938,Acid,2,1,0.3123280499487586,0.3242691123664303,0.3379519169590308,True,True
L302938,Cisplatin,2,0,0.0888965001766363,0.0922492881084193,0.1901747926599499,False,True
L302938,CoCl2,2,0,0.10414634088636,0.1081804068261276,0.0941788232253358,False,True
L302938,Dabrafenib,2,0,0.1041463408863601,0.1081804068261276,0.0995945203409701,False,True
L302938,Doxorubicin,2,0,0.142795584893713,0.1488275593947718,0.159159310120062,False,True
L302938,Trametinib,2,0,0.0840199282215226,0.0871782080218426,0.0777359072821534,False,True
L303207,Acid,2,1,0.2879810790401368,0.3209635426641766,0.3003257647264565,True,True
L303207,Cisplatin,2,0,0.0799419805856406,0.0909904232028887,0.0905092055045341,False,True
L303207,CoCl2,2,0,0.0938138784504659,0.1067297016906156,0.1445022761035842,False,True
L303207,Dabrafenib,2,0,0.0938138784504659,0.1067297016906156,0.1035826356802196,False,True
L303207,Doxorubicin,2,0,0.1291816151328634,0.1469215722632054,0.1747875267078864,False,True
L303207,Trametinib,2,0,0.0755159104304394,0.0859819900157444,0.063305966241575,False,True
L30334,Acid,2,1,0.5067370453832643,0.4982120205617041,0.5677617978223402,True,True
L30334,Cisplatin,2,0,0.1807941823099136,0.1737318929248255,0.18960243008921,False,True
L30334,CoCl2,2,0,0.2082061461254913,0.2006247228358358,0.1369338197987878,False,True
L30334,Dabrafenib,2,0,0.2082061461254913,0.2006247228358359,0.1618522969401306,False,True
L30334,Doxorubicin,2,1,0.2736753302835227,0.2656595327258897,0.2754087500351298,True,True
L30334,Trametinib,2,1,0.1718271363492992,0.1649957509466071,0.1545767034426127,True,True
L303711,Acid,3,1,0.8006122271462391,0.8254165393240501,0.8290750867113216,True,True
L303711,Cisplatin,3,1,0.4537014610505264,0.4763992772373451,0.5882568292821857,True,True
L303711,CoCl2,3,1,0.5060922781061634,0.5303887810330536,0.6248903882697596,True,True
L303711,Dabrafenib,3,0,0.5060922781061643,0.5303887810330536,0.4536280109646899,False,True
L303711,Doxorubicin,3,1,0.6153923393531848,0.641946781085949,0.656094834090077,True,True
L303711,Trametinib,3,0,0.4571192506850804,0.4799210377337969,0.3704716588571269,False,True
L303910,Acid,0,1,0.690175519527736,0.7304172437867925,0.6862660655117777,True,True
L303910,Cisplatin,0,1,0.2952475701620806,0.3290545179378412,0.286444645185598,True,True
L303910,CoCl2,0,0,0.3652294480999177,0.4039399013667566,0.4782140988485397,False,True
L303910,Dabrafenib,0,0,0.3908175816151932,0.4309974913191072,0.3022507506263484,False,True
L303910,Doxorubicin,0,1,0.4550377143757912,0.4984735540596385,0.4954111137042016,True,True
L303910,Trametinib,0,1,0.3247234714634009,0.3606888367018711,0.250758132417351,True,True
L303918,Acid,0,1,0.915139645541435,0.9296697484595418,0.940118506841654,True,True
L303918,Cisplatin,0,1,0.669759453633724,0.7052495043044283,0.7549680711024525,True,True
L303918,CoCl2,0,1,0.7358271937080104,0.7677788302808274,0.8808609621815178,True,True
L303918,Dabrafenib,0,0,0.7564386932825745,0.7870281957495346,0.7639593275469979,False,True
L303918,Doxorubicin,0,1,0.8016745519173124,0.8290318174869525,0.855424050505355,True,True
L303918,Trametinib,0,1,0.6995133060631842,0.7335113103414707,0.6573743641299468,True,True
L304229,Acid,0,0,0.4328777043248581,0.3960343040043758,0.3816801594311733,False,True
L304229,Cisplatin,0,0,0.125527930426065,0.1060990835830274,0.1509936437289676,False,True
L304229,CoCl2,0,0,0.1646818096685305,0.1409002942488038,0.2253084387302671,False,True
L304229,Dabrafenib,0,0,0.1802083459980085,0.1549177455813569,0.1010982854343964,False,True
L304229,Doxorubicin,0,1,0.2224585775702799,0.1939003673339535,0.1827291280104676,True,True
L304229,Trametinib,0,0,0.1414610018446082,0.1201370755993772,0.0591123502475227,False,True
L304427,Acid,2,1,0.8258942539445104,0.8811739499016908,0.8557401115015814,True,True
L304427,Cisplatin,2,0,0.5047193584395637,0.6109578551738329,0.5802897260248003,False,True
L304427,CoCl2,2,1,0.5483686881237144,0.6521156744153219,0.6700504753055287,True,True
L304427,Dabrafenib,2,1,0.5483686881237145,0.6521156744153219,0.7328641819645472,True,True
L304427,Doxorubicin,2,1,0.6350166400235141,0.7298751247833599,0.7305519104138596,True,True
L304427,Trametinib,2,1,0.4892819235003353,0.5960971429357397,0.6256636053636748,True,True
L304696,Acid,2,1,0.865455125834103,0.84853885153111,0.8868551730641691,True,True
L304696,Cisplatin,2,1,0.5801603910604409,0.5426294136105572,0.5700113290202367,True,True
L304696,CoCl2,2,1,0.622138623643155,0.5861189805011843,0.5279350487467848,True,True
L304696,Dabrafenib,2,0,0.6221386236431552,0.5861189805011844,0.5020435118268913,False,True
L304696,Doxorubicin,2,0,0.7023164951264754,0.6711920431542505,0.7189330285325981,False,True
L304696,Trametinib,2,0,0.5650479937864984,0.527178579815201,0.4156629190878091,False,True
L304702,Acid,1,0,0.2846492613888907,0.0700292196588498,0.0331376340303067,False,False
L304702,Cisplatin,1,0,0.0757290196169657,0.0141456036233124,0.0124305036737798,False,False
L304702,CoCl2,1,0,0.09909531796825,0.0190612235823978,0.0106990480111872,False,False
L304702,Dabrafenib,1,0,0.0969560750019377,0.0185998094982872,0.0098794036528638,False,False
L304702,Doxorubicin,1,0,0.1410322674669205,0.0286199101039427,0.0362676435829959,False,False
L304702,Trametinib,1,0,0.0771757232365809,0.0144411012066195,0.01094449112226,False,False
L305324,Acid,4,0,0.29897467523817,0.4174827373429035,0.3536982540105917,False,True
L305324,Cisplatin,4,0,0.0801690138735493,0.1232308940403883,0.1050762568844956,False,True
L305324,CoCl2,4,0,0.0984110368485007,0.1502553108981527,0.1314194210172171,False,True
L305324,Dabrafenib,4,0,0.0951743785327787,0.1454837409285307,0.2196444129054909,False,True
L305324,Doxorubicin,4,1,0.1376057808821043,0.2072588287749279,0.1619808187731414,True,True
L305324,Trametinib,4,0,0.0762072710844168,0.117332253349203,0.1657387836265062,False,True
L305673,Acid,4,0,0.6463925799308823,0.5873618773736091,0.5387264786250822,False,False
L305673,Cisplatin,4,0,0.271970491386302,0.2182321970385319,0.1599344597703414,False,False
L305673,CoCl2,4,0,0.3187329201490972,0.2599142535562828,0.1631697647080586,False,False
L305673,Dabrafenib,4,0,0.3107475807766089,0.2526958925118454,0.2716487487387073,False,False
L305673,Doxorubicin,4,0,0.4061474692341958,0.3417865985888964,0.3654643260058149,False,False
L305673,Trametinib,4,0,0.2612221651965334,0.2088694766996926,0.2452727596687198,False,False
L305688,Acid,3,1,0.8213278136025587,0.7919066134038044,0.8048364452650104,True,True
L305688,Cisplatin,3,1,0.4873822226527027,0.4227482046140326,0.4586492260040046,True,True
L305688,CoCl2,3,1,0.5398191682458783,0.4761871298692954,0.633781304731366,True,True
L305688,Dabrafenib,3,1,0.5398191682458789,0.4761871298692954,0.3661894158796026,True,True
L305688,Doxorubicin,3,0,0.6468634997641076,0.590684323032175,0.6269161390532163,False,True
L305688,Trametinib,3,0,0.490825775902995,0.4261961838466312,0.2399065615007472,False,True
L305830,Acid,0,1,0.8638902893190429,0.9232306566841832,0.9123218221820676,True,False
L305830,Cisplatin,0,1,0.5441378552059689,0.6852206004213017,0.6914095127812084,True,False
L305830,CoCl2,0,1,0.6211204572672008,0.7504957062204931,0.8287974937970198,True,False
L305830,Dabrafenib,0,1,0.6463806855870515,0.7707499411200054,0.7957616828283246,True,False
L305830,Doxorubicin,0,1,0.7040602899859589,0.8152102545348778,0.805766956234008,True,False
L305830,Trametinib,0,1,0.5780799188380809,0.7146257587039007,0.7745122719980924,True,False
L306326,Acid,4,1,0.29897467523817,0.445710075986111,0.4512257907396189,True,True
L306326,Cisplatin,4,0,0.0801690138735493,0.1362152248420344,0.1838667628728206,False,True
L306326,CoCl2,4,0,0.0984110368485007,0.1655494440525539,0.1664771564970849,False,True
L306326,Dabrafenib,4,0,0.0951743785327787,0.1603838575211112,0.1549863985360806,False,True
L306326,Doxorubicin,4,1,0.1376057808821043,0.2268065278856301,0.2097899501505526,True,True
L306326,Trametinib,4,0,0.0762072710844168,0.1297870708992353,0.1579170029851354,False,True
L306327,Acid,4,1,0.29897467523817,0.304071366618898,0.2977534144901456,True,True
L306327,Cisplatin,4,0,0.0801690138735493,0.078924307535927,0.0886163115371402,False,True
L306327,CoCl2,4,1,0.0984110368485007,0.0973107341002167,0.1298192747523316,True,True
L306327,Dabrafenib,4,0,0.0951743785327787,0.0940344347596591,0.0855367784931538,False,True
L306327,Doxorubicin,4,0,0.1376057808821043,0.1374779179625297,0.1461645299404975,False,True
L306327,Trametinib,4,0,0.0762072710844168,0.0749651392160581,0.0670517028774156,False,True
L306369,Acid,0,0,0.4328777043248581,0.3383841945025215,0.3781660897170539,False,True
L306369,Cisplatin,0,0,0.125527930426065,0.0847332028421415,0.1597350678807617,False,True
L306369,CoCl2,0,0,0.1646818096685305,0.1134154344594238,0.0747024733003693,False,True
L306369,Dabrafenib,0,0,0.1802083459980085,0.1250967131003369,0.1014964090747861,False,True
L306369,Doxorubicin,0,0,0.2224585775702799,0.15797812266316,0.1825543371481463,False,True
L306369,Trametinib,0,1,0.1414610018446082,0.0962486530227849,0.095832743503682,True,True
L306454,Acid,4,0,0.29897467523817,0.2767814484182512,0.303017166943295,False,True
L306454,Cisplatin,4,0,0.0801690138735493,0.0698139006155775,0.0710453994574339,False,True
L306454,CoCl2,4,0,0.0984110368485007,0.0862767443200728,0.0462042874414805,False,True
L306454,Dabrafenib,4,0,0.0951743785327787,0.0833376448832926,0.0658717115476583,False,True
L306454,Doxorubicin,4,0,0.1376057808821043,0.1225075145932033,0.1038950611116132,False,True
L306454,Trametinib,4,1,0.0762072710844168,0.0662788618565907,0.0690717047140658,True,True
L306495,Acid,4,1,0.8148891395421428,0.8427629559382157,0.8124556527223779,True,True
L306495,Cisplatin,4,0,0.4735819910087448,0.5124631560868095,0.5220983127386648,False,True
L306495,CoCl2,4,1,0.5297838395402168,0.5694106021940403,0.4019930282400434,True,True
L306495,Dabrafenib,4,1,0.5205511302096818,0.5601019080228582,0.5661025562160534,True,True
L306495,Doxorubicin,4,1,0.6222155471055647,0.6616192428963097,0.5682369633033405,True,True
L306495,Trametinib,4,1,0.4598991838069968,0.4985269245549644,0.5694443931823211,True,True
L30697,Acid,1,0,0.5851106614986483,0.6398719782121357,0.6000616808112313,False,True
L30697,Cisplatin,1,1,0.225038911752235,0.252928195365384,0.2830020914647281,True,True
L30697,CoCl2,1,0,0.2804939261801946,0.3143619512458177,0.3893674779339716,False,True
L30697,Dabrafenib,1,0,0.2756368162578368,0.3090039914842384,0.212207361973943,False,True
L30697,Doxorubicin,1,1,0.3678530659390343,0.4100965948425663,0.3673869340831777,True,True
L30697,Trametinib,1,0,0.2286324082835333,0.2569119026117549,0.2107378881443758,False,True
L307185,Acid,3,0,0.2839379758377813,0.1341184963345133,0.1567309745020946,False,False
L307185,Cisplatin,3,0,0.0757977484189873,0.0289450825629204,0.0350352447393089,False,False
L307185,CoCl2,3,0,0.0918906235877918,0.0356809775058689,0.0161676387154879,False,False
L307185,Dabrafenib,3,0,0.0918906235877921,0.0356809775058688,0.0191964523030322,False,False
L307185,Doxorubicin,3,0,0.136449253309681,0.0554783461857436,0.0684353949674235,False,False
L307185,Trametinib,3,0,0.0767687892495874,0.0293444377939661,0.0173695990760127,False,False
L30726,Acid,2,1,0.7739901782807259,0.7976099813383746,0.7749452039369211,True,True
L30726,Cisplatin,2,0,0.4238605623647172,0.4549150439329,0.4304756027314066,False,True
L30726,CoCl2,2,0,0.4671121819380817,0.4990451644256061,0.4854704265706133,False,True
L30726,Dabrafenib,2,0,0.4671121819380818,0.4990451644256061,0.4795638293219591,False,True
L30726,Doxorubicin,2,1,0.5567484977244399,0.5894804065525682,0.5577600102809296,True,True
L30726,Trametinib,2,0,0.4088546914730048,0.4395614610523339,0.3305378041227011,False,True
L307329,Acid,1,1,0.8158906439954032,0.8285939282499765,0.8706165573598693,True,True
L307329,Cisplatin,1,0,0.4771214294760316,0.4794691916523592,0.5753347035789271,False,True
L307329,CoCl2,1,0,0.5505636583847291,0.5550463252659252,0.4560043113704353,False,True
L307329,Dabrafenib,1,0,0.5445695064265508,0.5488700762162527,0.5012151850365562,False,True
L307329,Doxorubicin,1,1,0.646461895141145,0.6541474280601086,0.6896215352631074,True,True
L307329,Trametinib,1,0,0.4822354149136834,0.4847059877942021,0.4366328328325447,False,True
L307963,Acid,2,1,0.7396482870860871,0.7336112634573684,0.7229469415613853,True,True
L307963,Cisplatin,2,0,0.3790024253693529,0.3683663789050801,0.33128290417601,False,True
L307963,CoCl2,2,0,0.421021636591685,0.4104223113313445,0.3636009858722363,False,True
L307963,Dabrafenib,2,0,0.4210216365916853,0.4104223113313445,0.3702997434974014,False,True
L307963,Doxorubicin,2,0,0.5102827683644029,0.5008543314328556,0.5168606947041413,False,True
L307963,Trametinib,2,1,0.3645797105766712,0.3540366049464892,0.3821475900575412,True,True
L308068,Acid,3,0,0.4163118584108475,0.3198719276818604,0.3154172416975375,False,False
L308068,Cisplatin,3,0,0.1285563836819864,0.082996049537622,0.0960231193838786,False,False
L308068,CoCl2,3,0,0.1539843269289207,0.1010019948890259,0.0860256209615211,False,False
L308068,Dabrafenib,3,0,0.1539843269289211,0.1010019948890259,0.0878442896322198,False,False
L308068,Doxorubicin,3,0,0.221314734022774,0.1513538422723672,0.1811162956568784,False,False
L308068,Trametinib,3,0,0.1301081617589007,0.0840765775334505,0.0686359052455885,False,False
L30819,Acid,4,0,0.29897467523817,0.2131260987769142,0.1815773649303418,False,False
L30819,Cisplatin,4,0,0.0801690138735493,0.0504381766654985,0.0461678538029472,False,False
L30819,CoCl2,4,0,0.0984110368485007,0.0626397042357781,0.0479002641519921,False,False
L30819,Dabrafenib,4,0,0.0951743785327787,0.060452549287322,0.0837817309174708,False,False
L30819,Doxorubicin,4,0,0.1376057808821043,0.0899212567995492,0.1183928718550315,False,False
L30819,Trametinib,4,0,0.0762072710844168,0.0478337793775779,0.0460762974254945,False,False
L308205,Acid,2,0,0.2879810790401368,0.1520552063503583,0.0734077656358108,False,False
L308205,Cisplatin,2,0,0.0799419805856406,0.0365857040387971,0.0202403191313311,False,False
L308205,CoCl2,2,0,0.0938138784504659,0.0433631298622483,0.0215748837211571,False,False
L308205,Dabrafenib,2,0,0.0938138784504659,0.0433631298622483,0.0448076225210477,False,False
L308205,Doxorubicin,2,0,0.1291816151328634,0.0613310186801734,0.0923831204281716,False,False
L308205,Trametinib,2,0,0.0755159104304394,0.0344583789469281,0.0610603730881109,False,False
L30836,Acid,3,0,0.2839379758377813,0.2285721547451244,0.2204794119919421,False,False
L30836,Cisplatin,3,0,0.0757977484189873,0.0539442934133518,0.040195494643315,False,False
L30836,CoCl2,3,0,0.0918906235877918,0.0661018086258892,0.1046510811072129,False,False
L30836,Dabrafenib,3,0,0.0918906235877921,0.0661018086258892,0.0405344218579875,False,False
L30836,Doxorubicin,3,0,0.136449253309681,0.101009973959861,0.1306300368309854,False,False
L30836,Trametinib,3,0,0.0767687892495874,0.0546691444754916,0.0378845113875497,False,False
L308730,Acid,1,1,0.6601055187561794,0.6467244449291808,0.7022914004434844,True,True
L308730,Cisplatin,1,1,0.2856584840891737,0.258612570347064,0.3014883041734609,True,True
L308730,CoCl2,1,0,0.3493181772434841,0.3208340647714811,0.2973367817478809,False,True
L308730,Dabrafenib,1,0,0.3438388174095921,0.3154165412186274,0.2690184303467385,False,True
L308730,Doxorubicin,1,0,0.4448594435455166,0.4173399809810756,0.45456119113158,False,True
L308730,Trametinib,1,0,0.2898579165382033,0.2626543313521712,0.2216989503033497,False,True
L309032,Acid,3,0,0.2839379758377813,0.2969316886105619,0.1238875234115984,False,True
L309032,Cisplatin,3,0,0.0757977484189873,0.0751663457089753,0.025726383507164,False,True
L309032,CoCl2,3,0,0.0918906235877918,0.0916434007046115,0.0356847773598279,False,True
L309032,Dabrafenib,3,1,0.0918906235877921,0.0916434007046115,0.1977118147632897,True,True
L309032,Doxorubicin,3,0,0.136449253309681,0.1380461810390991,0.1539536911269049,False,True
L309032,Trametinib,3,1,0.0767687892495874,0.0761534038557957,0.2655138244429874,True,True
L309787,Acid,1,1,0.2838807297763159,0.1221635845096763,0.0875049604128257,True,True
L309787,Cisplatin,1,0,0.0754650511914505,0.0258321579075062,0.0287374519110081,False,True
L309787,CoCl2,1,0,0.0987586044275129,0.0346660719508278,0.0271528793861015,False,True
L309787,Dabrafenib,1,0,0.0966258507238606,0.0338399433724008,0.0427429842287632,False,True
L309787,Doxorubicin,1,0,0.1405752922599338,0.051638224286946,0.0541859783713106,False,True
L309787,Trametinib,1,0,0.0769071316414241,0.0263652553703573,0.0334144941082312,False,True
L309797,Acid,1,0,0.5725496822399037,0.584703610589348,0.5416630219032932,False,False
L309797,Cisplatin,1,0,0.2161801356129022,0.2115259860306274,0.2409923287437067,False,False
L309797,CoCl2,1,0,0.2702133076693188,0.2664907344293285,0.4036008513997018,False,False
L309797,Dabrafenib,1,0,0.2654685368647937,0.2616373379150959,0.1701528364371733,False,False
L309797,Doxorubicin,1,0,0.3559546074335131,0.3551993544470485,0.3438961645787404,False,False
L309797,Trametinib,1,0,0.219672270798143,0.2150453014063223,0.159948567785934,False,False
L310044,Acid,0,1,0.4328777043248581,0.2450825193113538,0.1431544920137703,True,True
L310044,Cisplatin,0,0,0.125527930426065,0.05550284259276,0.0562683341839837,False,True
L310044,CoCl2,0,0,0.1646818096685305,0.0751024779478435,0.0456014497688758,False,True
L310044,Dabrafenib,0,0,0.1802083459980085,0.083208041891448,0.0874569863054987,False,True
L310044,Doxorubicin,0,0,0.2224585775702799,0.1064183390927391,0.1485925452611312,False,True
L310044,Trametinib,0,0,0.1414610018446082,0.0633206418823198,0.0621609053582509,False,True
L3102,Acid,4,0,0.5064317991162951,0.5260124331636226,0.5341433873658299,False,True
L3102,Cisplatin,4,0,0.1733399135068221,0.1787375039682672,0.1966689855156426,False,True
L3102,CoCl2,4,0,0.2079886843100183,0.2149502247122722,0.1329984320390218,False,True
L3102,Dabrafenib,4,0,0.2019553826844113,0.2086285900375973,0.2061123277986191,False,True
L3102,Doxorubicin,4,1,0.2773978968598879,0.2881740071292395,0.2766421543393589,True,True
L3102,Trametinib,4,0,0.1656028424317887,0.1706992292714151,0.1952543249607825,False,True
L310359,Acid,4,1,0.4062027571838147,0.3795131665773017,0.4218498334558955,True,True
L310359,Cisplatin,4,0,0.1226519397577298,0.1071027013584468,0.1039652288180461,False,True
L310359,CoCl2,4,0,0.1489948927966237,0.1311191572989515,0.078940359151501,False,True
L310359,Dabrafenib,4,0,0.1443609557083698,0.1268645556656847,0.1236729626403237,False,True
L310359,Doxorubicin,4,0,0.2037823767384863,0.1824213696148701,0.2194019924084317,False,True
L310359,Trametinib,4,0,0.1168575141152345,0.1018863503498248,0.0969166183663681,False,True
L310641,Acid,3,0,0.4116274315616812,0.2385375351050707,0.2630199162278969,False,False
L310641,Cisplatin,3,0,0.1264086162512261,0.0568573234488048,0.0917312470376154,False,False
L310641,CoCl2,3,0,0.1514855872923659,0.0696230382509851,0.0401361822186172,False,False
L310641,Dabrafenib,3,0,0.1514855872923663,0.0696230382509851,0.050342044992295,False,False
L310641,Doxorubicin,3,0,0.2180049504580228,0.1061793331288179,0.1189492588337703,False,False
L310641,Trametinib,3,0,0.1279382751993651,0.0576189330337094,0.0363320861177701,False,False
L310647,Acid,4,1,0.4343535892129345,0.5080042355097015,0.5380590123402819,True,True
L310647,Cisplatin,4,0,0.1356408285446726,0.1683945186737201,0.1844036164792497,False,True
L310647,CoCl2,4,0,0.1642512362708553,0.2030297684503052,0.1988784612833189,False,True
L310647,Dabrafenib,4,0,0.159231589114579,0.1969707507934301,0.1623594306058806,False,True
L310647,Doxorubicin,4,0,0.2231774654903519,0.2736080610916407,0.2959153954596857,False,True
L310647,Trametinib,4,0,0.1293232217737924,0.1607303588926093,0.1215234407392156,False,True
L310896,Acid,4,0,0.2968821351175162,0.3011815255814717,0.068256602059278,False,False
L310896,Cisplatin,4,0,0.0794343772887644,0.0779346007323868,0.0101133017242743,False,False
L310896,CoCl2,4,0,0.0975269614574984,0.0961145219534203,0.1218762032388061,False,False
L310896,Dabrafenib,4,0,0.094316337926325,0.0928743534916991,0.2981031604797046,False,False
L310896,Doxorubicin,4,0,0.1364228780661134,0.1358622579723461,0.0628631873688652,False,False
L310896,Trametinib,4,0,0.0755059582532245,0.0740210903013562,0.2029684518655082,False,False
L310983,Acid,1,0,0.2838807297763159,0.313310539567893,0.0819281729455707,False,True
L310983,Cisplatin,1,0,0.0754650511914505,0.0799849500219625,0.0355706656118874,False,True
L310983,CoCl2,1,0,0.0987586044275129,0.1053352734594335,0.0469959662648948,False,True
L310983,Dabrafenib,1,0,0.0966258507238606,0.1030047261947087,0.3130293152990893,False,True
L310983,Doxorubicin,1,1,0.1405752922599338,0.1514771864941274,0.1405501148742754,True,True
L310983,Trametinib,1,0,0.0769071316414241,0.0815420533008053,0.2194066051210456,False,True
L31111,Acid,3,1,0.8354133091227457,0.829593357342893,0.8329632039624996,True,True
L31111,Cisplatin,3,1,0.5121570482059183,0.4837032036830886,0.5364619369946272,True,True
L31111,CoCl2,3,0,0.5643251271569135,0.537670465135428,0.6306834748749255,False,True
L31111,Dabrafenib,3,1,0.5643251271569143,0.5376704651354279,0.5570858534296692,True,True
L31111,Doxorubicin,3,0,0.6691626380837212,0.6486445716006863,0.6706479215765905,False,True
L31111,Trametinib,3,1,0.5155995832554153,0.487228714878033,0.4177132574143436,True,True
L311233,Acid,2,0,0.2879810790401368,0.160343290014458,0.0489652414317736,False,True
L311233,Cisplatin,2,0,0.0799419805856406,0.0388683856908674,0.0353720711240831,False,True
L311233,CoCl2,2,0,0.0938138784504659,0.0460484619554625,0.0307180141361502,False,True
L311233,Dabrafenib,2,1,0.0938138784504659,0.0460484619554625,0.0815275247354659,True,True
L311233,Doxorubicin,2,0,0.1291816151328634,0.0650533760385925,0.0635222212909167,False,True
L311233,Trametinib,2,1,0.0755159104304394,0.0366133752217458,0.0899517818768408,True,True
L312082,Acid,1,1,0.669032004789789,0.6918555136361906,0.6846658991802367,True,True
L312082,Cisplatin,1,0,0.2938997637325251,0.2996309514234273,0.3330207344216343,False,True
L312082,CoCl2,1,0,0.3584743998732865,0.3668382243901626,0.2093997538819564,False,True
L312082,Dabrafenib,1,0,0.3529293178943635,0.3610568548351476,0.4256890552308325,False,True
L312082,Doxorubicin,1,1,0.4547696791751158,0.4676536736938712,0.4737757167284006,True,True
L312082,Trametinib,1,0,0.2981697799455947,0.3040508676336544,0.3450085050256624,False,True
L312238,Acid,2,0,0.5067370453832643,0.5449315330133059,0.48206050024543,False,True
L312238,Cisplatin,2,0,0.1807941823099136,0.2022901604639486,0.2379070553361638,False,True
L312238,CoCl2,2,0,0.2082061461254913,0.2323604987969222,0.3005771747617959,False,True
L312238,Dabrafenib,2,1,0.2082061461254913,0.2323604987969222,0.2011274845651887,True,True
L312238,Doxorubicin,2,0,0.2736753302835227,0.3037734296444276,0.305733442642303,False,True
L312238,Trametinib,2,1,0.1718271363492992,0.1924524437487126,0.190887668292017,True,True
L312270,Acid,3,0,0.3997717732871692,0.5620304325103884,0.4777304910253944,False,False
L312270,Cisplatin,3,0,0.1210773264101534,0.1980460249312235,0.1772674043670567,False,False
L312270,CoCl2,3,0,0.1452725506487526,0.2346256951942952,0.3567506117056576,False,False
L312270,Dabrafenib,3,0,0.145272550648753,0.2346256951942952,0.2790799058987341,False,False
L312270,Doxorubicin,3,0,0.209738056390987,0.327336855031648,0.3055029872058931,False,False
L312270,Trametinib,3,0,0.1225515221645141,0.2002972253973381,0.2288955614807894,False,False
L312449,Acid,1,0,0.2846492613888907,0.2586158750503272,0.1737806789728393,False,False
L312449,Cisplatin,1,0,0.0757290196169657,0.0623250903197755,0.0445916909935477,False,False
L312449,CoCl2,1,0,0.09909531796825,0.0825807173905372,0.1389531865795882,False,False
L312449,Dabrafenib,1,0,0.0969560750019377,0.0807081995202641,0.0552143137986207,False,False
L312449,Doxorubicin,1,0,0.1410322674669205,0.1200930147753027,0.1393362949388618,False,False
L312449,Trametinib,1,0,0.0771757232365809,0.0635621530977888,0.0388666996924169,False,False
L312519,Acid,1,0,0.4130500535635625,0.3186878868770953,0.157189394882301,False,True
L312519,Cisplatin,1,0,0.1265625992972331,0.0818349682135592,0.0432600959127831,False,True
L312519,CoCl2,1,0,0.1628501238050005,0.1077029928772142,0.0750235543968415,False,True
L312519,Dabrafenib,1,0,0.159578348822991,0.105326226958376,0.1724903986301391,False,True
L312519,Doxorubicin,1,0,0.2250286722603371,0.1547027356590924,0.14352736989953,False,True
L312519,Trametinib,1,1,0.1288450374752859,0.0834248208659223,0.1264092117859325,True,True
L312831,Acid,0,0,0.2846693786920213,0.2261841506687218,0.229149410952194,False,False
L312831,Cisplatin,0,0,0.06962987611271,0.0502499452546622,0.0717807533024141,False,False
L312831,CoCl2,0,0,0.0932067590000554,0.0681284338920384,0.0486333450884302,False,False
L312831,Dabrafenib,0,0,0.102824000340023,0.0755427892061064,0.0577512324138517,False,False
L312831,Doxorubicin,0,0,0.1298040178991264,0.0968407729632152,0.1133044794639903,False,False
L312831,Trametinib,0,0,0.0791097509577917,0.0573727969541542,0.0653437462080938,False,False
L312932,Acid,3,1,0.4221316365433675,0.4224067037617746,0.3758373647734881,True,True
L312932,Cisplatin,3,0,0.1312581210697443,0.1233740367428937,0.1147244785410187,False,True
L312932,CoCl2,3,0,0.1571241044872312,0.1487192735968833,0.2005027178267186,False,True
L312932,Dabrafenib,3,0,0.1571241044872316,0.1487192735968832,0.1136536557239861,False,True
L312932,Doxorubicin,3,1,0.2254615241173787,0.2171142859098638,0.1864833935191627,True,True
L312932,Trametinib,3,0,0.1328375400785524,0.1249086417372123,0.1302119072455449,False,True
L313443,Acid,1,0,0.4158230698941236,0.395244645065908,0.1965484031993753,False,False
L313443,Cisplatin,1,0,0.1278311601185779,0.1107420937774169,0.096431361234245,False,False
L313443,CoCl2,1,0,0.1644139361003428,0.1443114760646161,0.0973377819622075,False,False
L313443,Dabrafenib,1,0,0.1611167897031677,0.1412547314249924,0.1531072397748857,False,False
L313443,Doxorubicin,1,0,0.2270276463322885,0.2036406368659314,0.1844244036825209,False,False
L313443,Trametinib,1,0,0.1301330671248022,0.112824531968603,0.2171340729963798,False,False
L31386,Acid,4,1,0.4009545265371683,0.5825448294181466,0.5419590805114256,True,True
L31386,Cisplatin,4,0,0.1203248829592671,0.2148660899379065,0.2347150329317351,False,True
L31386,CoCl2,4,0,0.1462513504564812,0.256115852918355,0.2742384446095371,False,True
L31386,Dabrafenib,4,1,0.1416885344508203,0.2489674943350034,0.2639164984816706,True,True
L31386,Doxorubicin,4,0,0.2002674063179937,0.3373370795409435,0.2726611987225595,False,True
L31386,Trametinib,4,1,0.1146260307806866,0.2056098022730348,0.1931613710037442,True,True
L314428,Acid,3,0,0.4146843208666432,0.5078860262387986,0.6045301047167578,False,False
L314428,Cisplatin,3,0,0.1278074763493444,0.165700346892217,0.1995381640885432,False,False
L314428,CoCl2,3,0,0.153113315407486,0.1977790779367291,0.2049685506335921,False,False
L314428,Dabrafenib,3,0,0.1531133154074864,0.197779077936729,0.1833040060497655,False,False
L314428,Doxorubicin,3,0,0.2201619795680417,0.281281311766037,0.2353967523639141,False,False
L314428,Trametinib,3,0,0.129351556344138,0.1676607403059689,0.1694088728089587,False,False
L314496,Acid,2,0,0.4182482055123107,0.3395703984858723,0.2563776504947133,False,False
L314496,Cisplatin,2,0,0.1337855071112935,0.0981931998444819,0.0823147539851853,False,False
L314496,CoCl2,2,0,0.1554222690865395,0.115020744223717,0.0783492461274806,False,False
L314496,Dabrafenib,2,0,0.1554222690865395,0.115020744223717,0.1271941462019804,False,False
L314496,Doxorubicin,2,0,0.20866797340549,0.1577833311150364,0.2071809124776192,False,False
L314496,Trametinib,2,0,0.1267891472075863,0.0928287879213372,0.0999672195344257,False,False
L314514,Acid,2,1,0.8577773782825228,0.8519089994309574,0.8787009368047108,True,True
L314514,Cisplatin,2,0,0.564396627879471,0.549190041317538,0.6316226382996083,False,True
L314514,CoCl2,2,1,0.6068830140162397,0.5925242312282585,0.6247915799258352,True,True
L314514,Dabrafenib,2,1,0.6068830140162398,0.5925242312282585,0.5271272313872104,True,True
L314514,Doxorubicin,2,1,0.6886781043983996,0.6770062368631856,0.682700372280049,True,True
L314514,Trametinib,2,0,0.5491577507865663,0.5337704120862239,0.4731949922052186,False,True
L314569,Acid,4,0,0.2811303118206386,0.2919320792226538,0.0963578276097467,False,False
L314569,Cisplatin,4,0,0.0740054563390073,0.0748072613013175,0.0524682348461461,False,False
L314569,CoCl2,4,0,0.0909837199544665,0.0923307135216305,0.0526671828154195,False,False
L314569,Dabrafenib,4,0,0.0879675059053129,0.08920551421701,0.1670328178414186,False,False
L314569,Doxorubicin,4,0,0.1276391277841468,0.1307400051389656,0.1309663460545595,False,False
L314569,Trametinib,4,0,0.0703250134578361,0.0710386923416152,0.1564345732371567,False,False
L314603,Acid,2,1,0.5974253871585411,0.578249551838401,0.5045837960806361,True,True
L314603,Cisplatin,2,0,0.241737546616509,0.225017486346654,0.259482891312102,False,True
L314603,CoCl2,2,1,0.2752846585139131,0.2573762089030968,0.3186588894620321,True,True
L314603,Dabrafenib,2,0,0.2752846585139132,0.2573762089030968,0.2144367563659602,False,True
L314603,Doxorubicin,2,0,0.3524572433801913,0.3331408355129057,0.3432366781383891,False,True
L314603,Trametinib,2,0,0.2305986804685105,0.2143715238486156,0.1476313321703242,False,True
L314700,Acid,0,0,0.5103750822231757,0.5186068153427221,0.4807069073436618,False,False
L314700,Cisplatin,0,0,0.1639035184939039,0.1631816104163293,0.1144325346219325,False,False
L314700,CoCl2,0,0,0.2121236960220479,0.2122603148005919,0.2277352140234929,False,False
L314700,Dabrafenib,0,0,0.2308868095249945,0.2314642854274789,0.2250860588490813,False,False
L314700,Doxorubicin,0,0,0.2809468044790885,0.2832525433756245,0.2776265551663277,False,False
L314700,Trametinib,0,0,0.1836843928021004,0.1832241361984877,0.1162489830744347,False,False
L314894,Acid,1,1,0.916350293215724,0.9356623692299862,0.956379393697697,True,False
L314894,Cisplatin,1,1,0.6928403879366349,0.7348256625420263,0.7941776095807088,True,False
L314894,CoCl2,1,1,0.7517483588379491,0.7895967807199139,0.8337144859739989,True,False
L314894,Dabrafenib,1,1,0.7472054044600615,0.7854175779293419,0.7553622814670437,True,False
L314894,Doxorubicin,1,1,0.8188437469512028,0.8505263646107677,0.8773758978979056,True,False
L314894,Trametinib,1,1,0.6971835977907342,0.7388924696807967,0.6775050417186159,True,False
L31510,Acid,3,0,0.2800284500633928,0.3334489825796986,0.1608928939913778,False,True
L31510,Cisplatin,3,0,0.0744561004084269,0.0878170306679646,0.0598673696111671,False,True
L31510,CoCl2,3,1,0.090291954794067,0.1067471323135205,0.1866458904742179,True,True
L31510,Dabrafenib,3,1,0.0902919547940672,0.1067471323135205,0.1151554812144952,True,True
L31510,Doxorubicin,3,0,0.1341899264720791,0.1594550624929716,0.1659445120117231,False,True
L31510,Trametinib,3,1,0.0754113559162071,0.088954234670092,0.1025402685440499,True,True
L31550,Acid,3,0,0.2800284500633928,0.2889460914450684,0.2845183230958521,False,False
L31550,Cisplatin,3,0,0.0744561004084269,0.0725295782662015,0.0783546337243251,False,False
L31550,CoCl2,3,0,0.090291954794067,0.0884839335352748,0.0594122389815715,False,False
L31550,Dabrafenib,3,0,0.0902919547940672,0.0884839335352748,0.0864163980224389,False,False
L31550,Doxorubicin,3,0,0.1341899264720791,0.133522101744103,0.1369324217948501,False,False
L31550,Trametinib,3,0,0.0754113559162071,0.0734847625224125,0.065556115589236,False,False
L315594,Acid,2,1,0.6012435844269273,0.5740362102420936,0.5523914248982861,True,True
L315594,Cisplatin,2,0,0.2446640650384607,0.2220230043382434,0.2413761348505087,False,True
L315594,CoCl2,2,0,0.278468156045157,0.2540922918534125,0.3321526598666812,False,True
L315594,Dabrafenib,2,0,0.2784681560451572,0.2540922918534125,0.1877209495570707,False,True
L315594,Doxorubicin,2,1,0.3560946802016933,0.3293189064838165,0.3048156627158616,True,True
L315594,Trametinib,2,0,0.2334318632040079,0.2114800553733365,0.183722743252518,False,True
L3157,Acid,3,1,0.2800284500633928,0.2974365322918613,0.2014731115686374,True,True
L3157,Cisplatin,3,0,0.0744561004084269,0.0753345445053783,0.1081384803628687,False,True
L3157,CoCl2,3,0,0.090291954794067,0.0918448084093031,0.0712816251409124,False,True
L3157,Dabrafenib,3,0,0.0902919547940672,0.0918448084093031,0.1061908130993762,False,True
L3157,Doxorubicin,3,1,0.1341899264720791,0.1383340389354356,0.1587908786235998,True,True
L3157,Trametinib,3,0,0.0754113559162071,0.0763236291005387,0.0854459106967787,False,True
L31572,Acid,3,0,0.6354930004991531,0.6054814195002532,0.6162408693399555,False,False
L31572,Cisplatin,3,0,0.2650281690060287,0.2280067277880177,0.3079226960144481,False,False
L31572,CoCl2,3,0,0.3079119030305776,0.2682690539557755,0.3235060425199611,False,False
L31572,Dabrafenib,3,0,0.3079119030305782,0.2682690539557754,0.142736468762383,False,False
L31572,Doxorubicin,3,0,0.4099351190265038,0.3678843299635342,0.3655002119317764,False,False
L31572,Trametinib,3,0,0.2677211867440524,0.2305006068033388,0.1110605305044649,False,False
L315758,Acid,4,0,0.29897467523817,0.1312528663751155,0.0869250300133537,False,False
L315758,Cisplatin,4,0,0.0801690138735493,0.0287765811899126,0.028711394179843,False,False
L315758,CoCl2,4,0,0.0984110368485007,0.0359362547321706,0.0137093893071561,False,False
L315758,Dabrafenib,4,0,0.0951743785327787,0.0346470256706357,0.0465530400551517,False,False
L315758,Doxorubicin,4,0,0.1376057808821043,0.0522357275904255,0.071044250368993,False,False
L315758,Trametinib,4,0,0.0762072710844168,0.0272585814747855,0.0271970674915198,False,False
L315950,Acid,3,0,0.4163118584108475,0.375428015269062,0.2175173123098152,False,False
L315950,Cisplatin,3,0,0.1285563836819864,0.1036827954519896,0.0604360707974163,False,False
L315950,CoCl2,3,0,0.1539843269289207,0.1255621951299694,0.1663868811192798,False,False
L315950,Dabrafenib,3,0,0.1539843269289211,0.1255621951299694,0.1341288669816059,False,False
L315950,Doxorubicin,3,0,0.221314734022774,0.1856297054463045,0.193081528142734,False,False
L315950,Trametinib,3,0,0.1301081617589007,0.1050018060776783,0.1000362162700711,False,False
L315953,Acid,3,0,0.5654211895180173,0.563663512977172,0.5909145921726353,False,True
L315953,Cisplatin,3,0,0.2120424436101228,0.1991022814634373,0.2991773086690422,False,True
L315953,CoCl2,3,0,0.2492603003874508,0.2358196768233549,0.207657404651848,False,True
L315953,Dabrafenib,3,0,0.2492603003874513,0.2358196768233549,0.2182581683972366,False,True
L315953,Doxorubicin,3,1,0.3414373818840804,0.3287999519842372,0.3289382529428729,True,True
L315953,Trametinib,3,0,0.2143540844907101,0.2013624737408843,0.1680337971308784,False,True
L316034,Acid,3,0,0.2839379758377813,0.1657025000524175,0.1698654323009209,False,True
L316034,Cisplatin,3,0,0.0757977484189873,0.0368144947811479,0.0738361303214545,False,True
L316034,CoCl2,3,0,0.0918906235877918,0.0452962793676639,0.0123411794920217,False,True
L316034,Dabrafenib,3,0,0.0918906235877921,0.0452962793676639,0.0448169541712418,False,True
L316034,Doxorubicin,3,0,0.136449253309681,0.0700411435080636,0.0678242001881295,False,True
L316034,Trametinib,3,1,0.0767687892495874,0.0373182516955292,0.0509627556285329,True,True
L316041,Acid,3,0,0.2800284500633928,0.2856847435209911,0.1142148291796079,False,False
L316041,Cisplatin,3,0,0.0744561004084269,0.0714654263938635,0.0217446242257874,False,False
L316041,CoCl2,3,0,0.090291954794067,0.0872077099506213,0.0365227977424923,False,False
L316041,Dabrafenib,3,0,0.0902919547940672,0.0872077099506213,0.1089103015766557,False,False
L316041,Doxorubicin,3,0,0.1341899264720791,0.1316901320767542,0.2034715429404491,False,False
L316041,Trametinib,3,0,0.0754113559162071,0.0724076903224481,0.1101201323224202,False,False
L3161,Acid,1,0,0.4139661310128785,0.4556630779984753,0.4094548772831617,False,True
L3161,Cisplatin,1,0,0.1269807530488096,0.1375631396671559,0.1561863102459621,False,True
L3161,CoCl2,1,0,0.1633657447244224,0.1776387046119679,0.2938925043978617,False,True
L3161,Dabrafenib,1,0,0.1600855915071559,0.174019598862702,0.147891156609602,False,True
L3161,Doxorubicin,1,0,0.2256880899456498,0.24671880634689,0.2490067334455083,False,True
L3161,Trametinib,1,1,0.1292696161615275,0.1400704887256846,0.1049933895311832,True,True
L316244,Acid,3,0,0.4964669704286963,0.3894182592160117,0.2075972773279521,False,False
L316244,Cisplatin,3,0,0.1693861859591082,0.1093189604991475,0.0731906396654031,False,False
L316244,CoCl2,3,0,0.2010271136525765,0.1322122801357304,0.1099972469951308,False,False
L316244,Dabrafenib,3,0,0.201027113652577,0.1322122801357304,0.132656409853279,False,False
L316244,Doxorubicin,3,0,0.2820690949694706,0.1947525781638077,0.2770847178968769,False,False
L316244,Trametinib,3,0,0.1713339137606074,0.1107008166124309,0.1468592127343309,False,False
L316359,Acid,0,0,0.2913335192140022,0.2851207375119621,0.2985725279120144,False,False
L316359,Cisplatin,0,0,0.0717649606822348,0.0673324894902512,0.0771380969229489,False,False
L316359,CoCl2,0,0,0.0959902001688309,0.0907083194245936,0.0852534984997466,False,False
L316359,Dabrafenib,0,0,0.1058611135447152,0.1003154908089666,0.0669235463648402,False,False
L316359,Doxorubicin,0,0,0.1335194425566999,0.1276334443553341,0.1403016906561619,False,False
L316359,Trametinib,0,0,0.0815100531712696,0.0766812634890256,0.058828223885305,False,False
L316393,Acid,1,0,0.6238490334042296,0.5524132101779426,0.6082826404978416,False,True
L316393,Cisplatin,1,0,0.2545651737004486,0.1903961219911039,0.2218005175416486,False,True
L316393,CoCl2,1,0,0.3143448387760872,0.2415523616972093,0.2408312091279567,False,True
L316393,Dabrafenib,1,0,0.3091534201882254,0.2370063963758769,0.1608301436177315,False,True
L316393,Doxorubicin,1,1,0.4062934227961547,0.3256450237133327,0.4039309438564039,True,True
L316393,Trametinib,1,0,0.2584729009050173,0.1936502260175801,0.1691905538987498,False,True
L316533,Acid,2,1,0.8357080376237341,0.8317974296472658,0.8945340962943283,True,True
L316533,Cisplatin,2,1,0.5221625467224649,0.5115394047014488,0.5902927443056758,True,True
L316533,CoCl2,2,0,0.5655977043274428,0.5555639255376419,0.4406568917693194,False,True
L316533,Dabrafenib,2,0,0.565597704327443,0.5555639255376419,0.49667849788222,False,True
L316533,Doxorubicin,2,1,0.6510436296512224,0.6430931183577941,0.6697904214771734,True,True
L316533,Trametinib,2,0,0.5067374531558335,0.4960137756305904,0.4217421271521688,False,True
L3167,Acid,2,0,0.5372936851549109,0.5920317953135984,0.5520482582688274,False,True
L3167,Cisplatin,2,0,0.1996515501378406,0.2350732352820022,0.2038988970751022,False,True
L3167,CoCl2,2,1,0.2291229898776377,0.2683772527349732,0.2621057670101753,True,True
L3167,Dabrafenib,2,0,0.2291229898776378,0.2683772527349732,0.2898613060613964,False,True
L3167,Doxorubicin,2,1,0.2986882438754298,0.3458720223287181,0.3582882835678146,True,True
L3167,Trametinib,2,0,0.1899660995569433,0.2240890843319991,0.263144922410384,False,True
L316748,Acid,4,0,0.29897467523817,0.2489343927157999,0.1535298811589581,False,True
L316748,Cisplatin,4,0,0.0801690138735493,0.0610326407519745,0.0731852972161345,False,True
L316748,CoCl2,4,0,0.0984110368485007,0.0755930518044536,0.0366480140395064,False,True
L316748,Dabrafenib,4,0,0.0951743785327787,0.0729888299408157,0.0860506414099339,False,True
L316748,Doxorubicin,4,1,0.1376057808821043,0.1078669855347969,0.1242443036752886,True,True
L316748,Trametinib,4,0,0.0762072710844168,0.0579145586996942,0.113612683006286,False,True
L316821,Acid,0,1,0.2846693786920213,0.3143685715770415,0.2225719998409061,True,True
L316821,Cisplatin,0,0,0.06962987611271,0.0766344083416745,0.0945249283180285,False,True
L316821,CoCl2,0,1,0.0932067590000554,0.1028833545572866,0.0514598739589905,True,True
L316821,Dabrafenib,0,0,0.102824000340023,0.113618891779034,0.1276624249922966,False,True
L316821,Doxorubicin,0,0,0.1298040178991264,0.1439798645044259,0.1187762932353384,False,True
L316821,Trametinib,0,0,0.0791097509577917,0.0871540187767722,0.1163675673846339,False,True
L317026,Acid,4,0,0.29897467523817,0.368835465295828,0.1927113934545384,False,False
L317026,Cisplatin,4,0,0.0801690138735493,0.1028193009039433,0.0812556243042363,False,False
L317026,CoCl2,4,0,0.0984110368485007,0.126010808507257,0.1046366364571144,False,False
L317026,Dabrafenib,4,0,0.0951743785327787,0.1218987096379823,0.1981485214736068,False,False
L317026,Doxorubicin,4,0,0.1376057808821043,0.1757185182864581,0.1974719037408986,False,False
L317026,Trametinib,4,0,0.0762072710844168,0.0977887217813327,0.1442126513287668,False,False
L317590,Acid,2,0,0.3123280499487586,0.3881519642613995,0.3409935447287603,False,False
L317590,Cisplatin,2,0,0.0888965001766363,0.1184343044054477,0.0960976421806336,False,False
L317590,CoCl2,2,0,0.10414634088636,0.1381990275162024,0.1815596585642044,False,False
L317590,Dabrafenib,2,0,0.1041463408863601,0.1381990275162024,0.2027723561622809,False,False
L317590,Doxorubicin,2,0,0.142795584893713,0.1877506977396693,0.1378392782620065,False,False
L317590,Trametinib,2,0,0.0840199282215226,0.1121015556949456,0.1673021341803074,False,False
L318033,Acid,2,1,0.8059449994778408,0.7517791692117102,0.7447390103036312,True,True
L318033,Cisplatin,2,0,0.4715178616421057,0.3907572508869592,0.4061501574488236,False,True
L318033,CoCl2,2,1,0.5152831540684205,0.4336146028995028,0.5435555379159476,True,True
L318033,Dabrafenib,2,0,0.5152831540684207,0.4336146028995028,0.3219208307116018,False,True
L318033,Doxorubicin,2,1,0.6036912760794398,0.524609732813187,0.6010193610395599,True,True
L318033,Trametinib,2,0,0.4561606370477576,0.3760750609788094,0.2733507022711034,False,True
L318190,Acid,2,0,0.2879810790401368,0.2777068195939982,0.1902275287371999,False,False
L318190,Cisplatin,2,0,0.0799419805856406,0.0752909459566246,0.0949419850472897,False,False
L318190,CoCl2,2,0,0.0938138784504659,0.0885792002423315,0.0441087862372437,False,False
L318190,Dabrafenib,2,0,0.0938138784504659,0.0885792002423315,0.0589779551423206,False,False
L318190,Doxorubicin,2,0,0.1291816151328634,0.1228762367540927,0.1997350211824957,False,False
L318190,Trametinib,2,0,0.0755159104304394,0.0710790955636547,0.0332334222068668,False,False
L318458,Acid,4,0,0.4037920086133574,0.4517959357560591,0.4005301004868846,False,False
L318458,Cisplatin,4,0,0.1215794623304753,0.1391359283513771,0.1960480907481857,False,False
L318458,CoCl2,4,0,0.147730856907084,0.1689760841074682,0.1884646813445684,False,False
L318458,Dabrafenib,4,0,0.1431296209565603,0.1637245556791501,0.1133401146107045,False,False
L318458,Doxorubicin,4,0,0.2021639556302915,0.2311498743889552,0.2322726098195156,False,False
L318458,Trametinib,4,0,0.1158290144356116,0.1325911001712607,0.1364757500639368,False,False
L31852,Acid,2,1,0.9648998262997576,0.9639837793750986,0.971101603169006,True,True
L31852,Cisplatin,2,1,0.8551889081205024,0.8500318608645959,0.8890746720080367,True,True
L31852,CoCl2,2,1,0.8755661003852447,0.8712282566691321,0.9267627715134116,True,True
L31852,Dabrafenib,2,0,0.8755661003852447,0.8712282566691321,0.8512912191037887,False,True
L31852,Doxorubicin,2,1,0.9097686785702918,0.9069963570965786,0.9283913716726524,True,True
L31852,Trametinib,2,0,0.8473719010916847,0.8419407811110026,0.7962701920642864,False,True
L31856,Acid,4,1,0.8369632642797911,0.8626159908353629,0.871894087907026,True,True
L31856,Cisplatin,4,1,0.5119819331875469,0.5518433436718629,0.5610605758676007,True,True
L31856,CoCl2,4,1,0.5678253285933432,0.607712098924547,0.7645851374266492,True,True
L31856,Dabrafenib,4,1,0.5587173977615612,0.5986477904768892,0.4991812596761492,True,True
L31856,Doxorubicin,4,0,0.6576119365905317,0.6960962436591273,0.7293040670065403,False,True
L31856,Trametinib,4,1,0.4982397386021123,0.5380179995739742,0.4588362574466625,True,True
L31872,Acid,4,1,0.4037920086133574,0.2637222181561532,0.2663134230850376,True,True
L31872,Cisplatin,4,0,0.1215794623304753,0.0656336917689235,0.0704731063420008,False,True
L31872,CoCl2,4,0,0.147730856907084,0.0811968446721649,0.0297877953085072,False,True
L31872,Dabrafenib,4,0,0.1431296209565603,0.0784159455226057,0.1099560005076173,False,True
L31872,Doxorubicin,4,0,0.2021639556302915,0.1155641821764752,0.141162234654955,False,True
L31872,Trametinib,4,0,0.1158290144356116,0.0622961429935837,0.0740373329813686,False,True
L319115,Acid,4,0,0.2968821351175162,0.3624064060799598,0.0861256049597293,False,True
L319115,Cisplatin,4,0,0.0794343772887644,0.100290306587543,0.0575784054410628,False,True
L319115,CoCl2,4,1,0.0975269614574984,0.1229895815032312,0.0461766553631317,True,True
L319115,Dabrafenib,4,1,0.094316337926325,0.1189626543234592,0.4310472175435824,True,True
L319115,Doxorubicin,4,0,0.1364228780661134,0.1717396900606945,0.0838339459315104,False,True
L319115,Trametinib,4,1,0.0755059582532245,0.0953703090850136,0.465688765427987,True,True
L319318,Acid,2,0,0.2807695161874157,0.3411449701554379,0.3623720507370052,False,True
L319318,Cisplatin,2,0,0.0773739631839097,0.0988159841160481,0.0921417421269743,False,True
L319318,CoCl2,2,0,0.0908442457636326,0.1157365588800609,0.1377190730365171,False,True
L319318,Dabrafenib,2,0,0.0908442457636327,0.1157365588800609,0.1407315003085626,False,True
L319318,Doxorubicin,2,1,0.1252471706812583,0.1587175436627965,0.1567191347323118,True,True
L319318,Trametinib,2,0,0.0730787807484661,0.0934210733422478,0.0843341165243153,False,True
L319523,Acid,4,1,0.2811303118206386,0.3549827779412337,0.1726018218875283,True,True
L319523,Cisplatin,4,0,0.0740054563390073,0.0974155847890781,0.1301782422715819,False,True
L319523,CoCl2,4,0,0.0909837199544665,0.1195506642442459,0.1306972270200784,False,True
L319523,Dabrafenib,4,0,0.0879675059053129,0.1156214898145051,0.0734454597823397,False,True
L319523,Doxorubicin,4,0,0.1276391277841468,0.1671975375924885,0.1930209756607553,False,True
L319523,Trametinib,4,0,0.0703250134578361,0.0926220958777727,0.0666820387735148,False,True
L319635,Acid,1,1,0.670942994192314,0.6627194464147981,0.5935978703388936,True,True
L319635,Cisplatin,1,0,0.2956965618695998,0.2724103700867045,0.2810662836459626,False,True
L319635,CoCl2,1,0,0.360464445726452,0.3364450766927996,0.3991827848021986,False,True
L319635,Dabrafenib,1,1,0.35490561049579,0.3308923782587993,0.2855201780228407,True,True
L319635,Doxorubicin,1,1,0.4569135603143006,0.4346416310213765,0.444356728362592,True,True
L319635,Trametinib,1,0,0.2999815927649191,0.2765873233544255,0.2208446291066459,False,True
L319892,Acid,4,0,0.5696325708634812,0.43892601875929,0.487408443732804,False,False
L319892,Cisplatin,4,0,0.2129028859704269,0.1330114948115409,0.1641029182010246,False,False
L319892,CoCl2,4,0,0.253039177513723,0.1617850067128086,0.1487272486651242,False,False
L319892,Dabrafenib,4,0,0.2461051316192984,0.1567148209258701,0.0957979604355677,False,False
L319892,Doxorubicin,4,0,0.3311956653277221,0.2220197747614603,0.2237315748156748,False,False
L319892,Trametinib,4,0,0.2038353426674882,0.1267123502071857,0.0757960981460739,False,False
L32013,Acid,1,0,0.2838807297763159,0.2626060185371547,0.2064690068797866,False,False
L32013,Cisplatin,1,0,0.0754650511914505,0.0635462795913356,0.0812268476655229,False,False
L32013,CoCl2,1,0,0.0987586044275129,0.0841631692264712,0.1000316457840371,False,False
L32013,Dabrafenib,1,0,0.0966258507238606,0.0822579865327015,0.0630932068361826,False,False
L32013,Doxorubicin,1,0,0.1405752922599338,0.1222984705165143,0.1325379601472403,False,False
L32013,Trametinib,1,0,0.0769071316414241,0.0648059059790925,0.0506559754019626,False,False
L320444,Acid,2,1,0.5067370453832643,0.5483666629210013,0.426394768001567,True,True
L320444,Cisplatin,2,1,0.1807941823099136,0.2045361639888682,0.1576986123670158,True,True
L320444,CoCl2,2,0,0.2082061461254913,0.2348420806921546,0.1610840237227885,False,True
L320444,Dabrafenib,2,1,0.2082061461254913,0.2348420806921546,0.3673401531272477,True,True
L320444,Doxorubicin,2,1,0.2736753302835227,0.3067129610196156,0.2367451835583839,True,True
L320444,Trametinib,2,1,0.1718271363492992,0.1946158681964441,0.3785783928918007,True,True
L320454,Acid,4,1,0.29897467523817,0.3178245574607496,0.3041555722045043,True,True
L320454,Cisplatin,4,0,0.0801690138735493,0.0837191160560406,0.0819604984799895,False,True
L320454,CoCl2,4,0,0.0984110368485007,0.1030975255763196,0.1178782890679407,False,True
L320454,Dabrafenib,4,0,0.0951743785327787,0.0996479015998299,0.074322822223776,False,True
L320454,Doxorubicin,4,0,0.1376057808821043,0.1452689375406408,0.1638083535037059,False,True
L320454,Trametinib,4,0,0.0762072710844168,0.0795401913146104,0.0542938885745942,False,True
L320548,Acid,3,0,0.5626436733180362,0.5078027300284381,0.4859953846108012,False,False
L320548,Cisplatin,3,0,0.210161350514774,0.1656542799656212,0.1782954907231043,False,False
L320548,CoCl2,3,0,0.2471525985349805,0.1977262063026996,0.1862360445269164,False,False
L320548,Dabrafenib,3,0,0.2471525985349811,0.1977262063026996,0.1625169093902278,False,False
L320548,Doxorubicin,3,0,0.3389021017609692,0.2812139427348876,0.3236772470153521,False,False
L320548,Trametinib,3,0,0.2124580135268596,0.1676142378595298,0.1470542443212801,False,False
L320705,Acid,1,0,0.2838807297763159,0.1339746263183861,0.1030557329778807,False,False
L320705,Cisplatin,1,0,0.0754650511914505,0.0286334580938401,0.0272322090414613,False,False
L320705,CoCl2,1,0,0.0987586044275129,0.0383875933022325,0.0354148960525823,False,False
L320705,Dabrafenib,1,0,0.0966258507238606,0.0374762200336503,0.0480408400134228,False,False
L320705,Doxorubicin,1,0,0.1405752922599338,0.0570740398804369,0.0648462130824005,False,False
L320705,Trametinib,1,0,0.0769071316414241,0.0292226317362759,0.034058845358058,False,False
L320820,Acid,3,1,0.9271862818540324,0.9544882998977472,0.9635488611598718,True,False
L320820,Cisplatin,3,1,0.7248002189201563,0.8014286729139307,0.8270086186541727,True,False
L320820,CoCl2,3,1,0.7646771394162853,0.833609250377258,0.9003343240726552,True,False
L320820,Dabrafenib,3,1,0.7646771394162859,0.833609250377258,0.8474987558142667,True,False
L320820,Doxorubicin,3,1,0.8353682113867009,0.8883051257305334,0.9018409088121698,True,False
L320820,Trametinib,3,1,0.7275404741863417,0.8036652378613091,0.8102434613458733,True,False
L321183,Acid,4,1,0.4062027571838147,0.375394294552563,0.3813316160892611,True,True
L321183,Cisplatin,4,1,0.1226519397577298,0.1054379230370242,0.1408371452996419,True,True
L321183,CoCl2,4,0,0.1489948927966237,0.1291350623167213,0.1487713613235191,False,True
L321183,Dabrafenib,4,0,0.1443609557083698,0.1249355840800664,0.0954555769119668,False,True
L321183,Doxorubicin,4,0,0.2037823767384863,0.1798216319476734,0.2281972801287343,False,True
L321183,Trametinib,4,0,0.1168575141152345,0.1002935463217273,0.0702739082137389,False,True
L321201,Acid,2,1,0.2879810790401368,0.31009836643014,0.23994077659947,True,True
L321201,Cisplatin,2,1,0.0799419805856406,0.0869137925622449,0.1495260949744465,True,True
L321201,CoCl2,2,1,0.0938138784504659,0.1020270539885976,0.1543602254247494,True,True
L321201,Dabrafenib,2,0,0.0938138784504659,0.1020270539885977,0.0645290061501158,False,True
L321201,Doxorubicin,2,0,0.1291816151328634,0.1407270099696226,0.157247620823525,False,True
L321201,Trametinib,2,1,0.0755159104304394,0.0821094824711011,0.0461592970106132,True,True
L321617,Acid,1,0,0.4934165770576021,0.5935810152688392,0.5892036695618234,False,True
L321617,Cisplatin,1,0,0.167052306884838,0.2177077018797104,0.3459125043895236,False,True
L321617,CoCl2,1,1,0.2121294205507139,0.2737211253927324,0.4382416535829111,True,True
L321617,Dabrafenib,1,0,0.2081137152984279,0.2687843001084505,0.2142717401576563,False,True
L321617,Doxorubicin,1,1,0.2866801763302718,0.3636433694633011,0.3252010454609135,True,True
L321617,Trametinib,1,1,0.1699228834915934,0.2213010002099537,0.1772796251175679,True,True
L321690,Acid,3,0,0.2839379758377813,0.1788955107236469,0.2191241532984387,False,False
L321690,Cisplatin,3,0,0.0757977484189873,0.0402405760167012,0.0231484227910244,False,False
L321690,CoCl2,3,0,0.0918906235877918,0.0494711618415084,0.0569861038958072,False,False
L321690,Dabrafenib,3,0,0.0918906235877921,0.0494711618415084,0.0198023091064572,False,False
L321690,Doxorubicin,3,0,0.136449253309681,0.0763144112268279,0.0942004002460705,False,False
L321690,Trametinib,3,0,0.0767687892495874,0.0407892289088474,0.020641082310032,False,False
L321791,Acid,0,0,0.2846693786920213,0.2157881332431777,0.1737438416569244,False,False
L321791,Cisplatin,0,0,0.06962987611271,0.0474445291346108,0.056680236672612,False,False
L321791,CoCl2,0,0,0.0932067590000554,0.0643925489097433,0.0558935793766991,False,False
L321791,Dabrafenib,0,0,0.102824000340023,0.071431496630993,0.073721167011928,False,False
L321791,Doxorubicin,0,0,0.1298040178991264,0.0916853298955083,0.1143722813460618,False,False
L321791,Trametinib,0,0,0.0791097509577917,0.0541924079901446,0.0755157615495954,False,False
L322064,Acid,3,1,0.2839379758377813,0.1475885988622715,0.1404730103060909,True,True
L322064,Cisplatin,3,0,0.0757977484189873,0.0322455310142686,0.0103323680823737,False,True
L322064,CoCl2,3,0,0.0918906235877918,0.0397180679308736,0.0078526745705558,False,True
L322064,Dabrafenib,3,0,0.0918906235877921,0.0397180679308736,0.0303451776078987,False,True
L322064,Doxorubicin,3,0,0.136449253309681,0.0616122759632407,0.0870257011926274,False,True
L322064,Trametinib,3,0,0.0767687892495874,0.0326888896239422,0.0451364228498085,False,True
L322091,Acid,3,0,0.4964669704286963,0.4743272521646701,0.3937053842883751,False,False
L322091,Cisplatin,3,0,0.1693861859591082,0.1479539226421136,0.1626314742963477,False,False
L322091,CoCl2,3,0,0.2010271136525765,0.1773272649575953,0.1931835394008481,False,False
L322091,Dabrafenib,3,0,0.201027113652577,0.1773272649575953,0.1562821041844991,False,False
L322091,Doxorubicin,3,0,0.2820690949694706,0.2549387997327934,0.2564027140267396,False,False
L322091,Trametinib,3,0,0.1713339137606074,0.1497420425004332,0.1168877048006303,False,False
L322102,Acid,4,0,0.29897467523817,0.248349984155251,0.2726212763596382,False,False
L322102,Cisplatin,4,0,0.0801690138735493,0.0608536166734699,0.0736827284104472,False,False
L322102,CoCl2,4,0,0.0984110368485007,0.0753747468336737,0.0483553242864325,False,False
L322102,Dabrafenib,4,0,0.0951743785327787,0.0727774535976342,0.0592419238485602,False,False
L322102,Doxorubicin,4,0,0.1376057808821043,0.107566322187488,0.1176037789277935,False,False
L322102,Trametinib,4,0,0.0762072710844168,0.0577441182765511,0.033690707553599,False,False
L322120,Acid,3,0,0.6153717214369409,0.4960556304362996,0.5331446530486399,False,False
L322120,Cisplatin,3,0,0.2486356296563294,0.1592611015502018,0.2614485128552943,False,False
L322120,CoCl2,3,0,0.2899131869179771,0.1903776889593829,0.2631533153231985,False,False
L322120,Dabrafenib,3,0,0.2899131869179777,0.1903776889593829,0.1232492421768028,False,False
L322120,Doxorubicin,3,0,0.3893275356682291,0.2718138467580461,0.2946210988837838,False,False
L322120,Trametinib,3,0,0.2512190131503846,0.1611600285490998,0.0852326060236996,False,False
L322183,Acid,1,0,0.2838807297763159,0.3775370278391689,0.3663689416383996,False,False
L322183,Cisplatin,1,0,0.0754650511914505,0.1035971872789682,0.1009536794041622,False,False
L322183,CoCl2,1,0,0.0987586044275129,0.1353303311792775,0.1736518972967094,False,False
L322183,Dabrafenib,1,0,0.0966258507238606,0.1324343788283317,0.1399445995564944,False,False
L322183,Doxorubicin,1,0,0.1405752922599338,0.1917947737496594,0.2443199631999901,False,False
L322183,Trametinib,1,0,0.0769071316414241,0.1055612187870867,0.0960684860109521,False,False
L322447,Acid,2,0,0.6038122237619251,0.6386315334483842,0.652878035361227,False,False
L322447,Cisplatin,2,0,0.2466516131558873,0.2723316899700703,0.3652081934773689,False,False
L322447,CoCl2,2,0,0.280628289067114,0.3087834538003989,0.3404952308802225,False,False
L322447,Dabrafenib,2,0,0.2806282890671142,0.3087834538003989,0.2824456188154137,False,False
L322447,Doxorubicin,2,0,0.3585577383085783,0.3916990922042073,0.3655703938129785,False,False
L322447,Trametinib,2,0,0.2353565970534309,0.2601987886433587,0.2115621825293522,False,False
L322777,Acid,4,1,0.8689322396854401,0.885210139803462,0.9129631800057892,True,True
L322777,Cisplatin,4,0,0.5753426045545273,0.6019636277670725,0.6335550546734883,False,True
L322777,CoCl2,4,0,0.6291868756473623,0.655484938113571,0.585331344398152,False,True
L322777,Dabrafenib,4,0,0.6205078574174036,0.646883077876682,0.6729612439779313,False,True
L322777,Doxorubicin,4,1,0.7126759763376989,0.7377504610903678,0.7702932512385161,True,True
L322777,Trametinib,4,0,0.5618577308562754,0.5885315922164478,0.5861750230474584,False,True
L32307,Acid,0,1,0.283084547091898,0.2503762623542946,0.220209090476443,True,True
L32307,Cisplatin,0,1,0.0691265369767683,0.0570109388825064,0.0924531961184094,True,True
L32307,CoCl2,0,0,0.0925499417249437,0.0770996536137965,0.0610189954503667,False,True
L32307,Dabrafenib,0,1,0.1021070427147207,0.0854008633855458,0.0660670036276883,True,True
L32307,Doxorubicin,0,0,0.1289259711728003,0.1091500091783782,0.1023676219319545,False,True
L32307,Trametinib,0,0,0.078543669144304,0.0650265348729194,0.0949984112305005,False,True
L323345,Acid,4,1,0.5382092447681907,0.5814957336022138,0.5281644403356742,True,True
L323345,Cisplatin,4,1,0.192362425825754,0.2141394834632479,0.245521058976092,True,True
L323345,CoCl2,4,0,0.2297567769188299,0.2552951110674512,0.3649439116937001,False,True
L323345,Dabrafenib,4,1,0.2232700360844781,0.2481620179284726,0.1990764758634466,True,True
L323345,Doxorubicin,4,1,0.3036453067763769,0.3363737529496247,0.3243624197706215,True,True
L323345,Trametinib,4,1,0.1839652334637689,0.2049063283137981,0.1546658813475648,True,True
L323748,Acid,2,0,0.4182482055123107,0.4227862130721925,0.4729805534796629,False,False
L323748,Cisplatin,2,0,0.1337855071112935,0.134283975652125,0.1283189788500747,False,False
L323748,CoCl2,2,0,0.1554222690865395,0.1562250091570767,0.1205371787546105,False,False
L323748,Dabrafenib,2,0,0.1554222690865395,0.1562250091570767,0.1438329774336682,False,False
L323748,Doxorubicin,2,0,0.20866797340549,0.2106600562477432,0.2351100600052416,False,False
L323748,Trametinib,2,0,0.1267891472075863,0.1272260445431313,0.1165073969822487,False,False
L323769,Acid,0,1,0.5638944761725727,0.4991263871171132,0.4617787250392596,True,True
L323769,Cisplatin,0,0,0.1956055770526458,0.1528139167960344,0.1852921391116485,False,True
L323769,CoCl2,0,0,0.2503596790293536,0.1995178756304663,0.2375384402768158,False,True
L323769,Dabrafenib,0,0,0.2713401243412227,0.2178878693805057,0.105665698342893,False,True
L323769,Doxorubicin,0,0,0.3264482507964577,0.2676965765052883,0.2668579624736771,False,True
L323769,Trametinib,0,0,0.2182138967755461,0.1718445445744387,0.0824347309685106,False,True
L323778,Acid,4,1,0.2811303118206386,0.2989662250274635,0.3302262698519199,True,True
L323778,Cisplatin,4,0,0.0740054563390073,0.0771800078674025,0.0594818523710773,False,True
L323778,CoCl2,4,0,0.0909837199544665,0.0952020784369813,0.0570027469278871,False,True
L323778,Dabrafenib,4,1,0.0879675059053129,0.0919895393800868,0.1336404070072808,True,True
L323778,Doxorubicin,4,0,0.1276391277841468,0.1346286797006878,0.1201590590883151,False,True
L323778,Trametinib,4,0,0.0703250134578361,0.0733013772465004,0.0893957046907683,False,True
L323960,Acid,2,0,0.5195328177762818,0.5160373685746628,0.5527435741842606,False,False
L323960,Cisplatin,2,0,0.1885048238989836,0.1842096923173388,0.2504423159373204,False,False
L323960,CoCl2,2,0,0.2167765121632057,0.2123076869699372,0.1221782297169874,False,False
L323960,Dabrafenib,2,0,0.2167765121632058,0.2123076869699373,0.1701205960559557,False,False
L323960,Doxorubicin,2,0,0.2839740803144551,0.2798040479310898,0.2912106195866803,False,False
L323960,Trametinib,2,0,0.1792390197096389,0.1750582998490645,0.1390837015288579,False,False
L324293,Acid,1,0,0.2838807297763159,0.2917273943075028,0.1688201240309739,False,True
L324293,Cisplatin,1,0,0.0754650511914505,0.0727716455161809,0.0844434837116809,False,True
L324293,CoCl2,1,0,0.0987586044275129,0.0960745325483247,0.1347673451377658,False,True
L324293,Dabrafenib,1,0,0.0966258507238606,0.0939273685051649,0.0676872307801864,False,True
L324293,Doxorubicin,1,1,0.1405752922599338,0.1387891029102058,0.1642990274573376,True,True
L324293,Trametinib,1,0,0.0769071316414241,0.0741996494424723,0.0545845809725163,False,True
L3243,Acid,0,0,0.4328777043248581,0.554430337727619,0.3846376677475163,False,True
L3243,Cisplatin,0,0,0.125527930426065,0.1838290776719422,0.1419356855658169,False,True
L3243,CoCl2,0,0,0.1646818096685305,0.2373563388569906,0.1650725497926213,False,True
L3243,Dabrafenib,0,0,0.1802083459980085,0.2580869460081825,0.3539206913597437,False,True
L3243,Doxorubicin,0,1,0.2224585775702799,0.3134027525354727,0.260899159612189,True,True
L3243,Trametinib,0,0,0.1414610018446082,0.2057839643687912,0.2753216403218568,False,True
L324331,Acid,2,0,0.2807695161874157,0.3371863256218489,0.2231102414089974,False,False
L324331,Cisplatin,2,0,0.0773739631839097,0.0972542441317012,0.1047264709204866,False,False
L324331,CoCl2,2,0,0.0908442457636326,0.1139412086631981,0.0655809870483163,False,False
L324331,Dabrafenib,2,0,0.0908442457636327,0.1139412086631981,0.1710465421128108,False,False
L324331,Doxorubicin,2,0,0.1252471706812583,0.1563733618506704,0.1408578989296096,False,False
L324331,Trametinib,2,0,0.0730787807484661,0.0919358990147959,0.1619230222572595,False,False
L324535,Acid,4,0,0.29897467523817,0.2626136603417907,0.2082272388357193,False,False
L324535,Cisplatin,4,0,0.0801690138735493,0.0652839696798877,0.0492983766035024,False,False
L324535,CoCl2,4,0,0.0984110368485007,0.0807713645869707,0.0224461547501062,False,False
L324535,Dabrafenib,4,0,0.0951743785327787,0.0780038005048336,0.150651398565878,False,False
L324535,Doxorubicin,4,0,0.1376057808821043,0.1149811502853059,0.1082011744095171,False,False
L324535,Trametinib,4,0,0.0762072710844168,0.0619630253346044,0.1653752897756751,False,False
L32461,Acid,1,0,0.496825320815045,0.5036226078379139,0.3579881520074931,False,False
L32461,Cisplatin,1,0,0.1689583692158867,0.162006549425207,0.1559746783068664,False,False
L32461,CoCl2,1,0,0.2144174130435116,0.207489884138867,0.265813283982251,False,False
L32461,Dabrafenib,1,0,0.2103699600311866,0.2034130405106331,0.2006009189600265,False,False
L32461,Doxorubicin,1,0,0.289476823976551,0.2841671787306401,0.2830423091145563,False,False
L32461,Trametinib,1,0,0.1718549413378052,0.164874253348269,0.1909272151967152,False,False
L325741,Acid,0,1,0.8638902893190429,0.8512712895444998,0.8761920069659592,True,True
L325741,Cisplatin,0,0,0.5441378552059689,0.5088495743895748,0.5995944618018987,False,True
L325741,CoCl2,0,1,0.6211204572672008,0.5887477483481257,0.6610274649136259,True,True
L325741,Dabrafenib,0,0,0.6463806855870515,0.6154036049265877,0.5366941748564966,False,True
L325741,Doxorubicin,0,0,0.7040602899859589,0.6773807378639831,0.7302565563394124,False,True
L325741,Trametinib,0,0,0.5780799188380809,0.5437604458716403,0.4391468330689468,False,True
L325781,Acid,3,0,0.2800284500633928,0.2823190294810445,0.2809987822710529,False,False
L325781,Cisplatin,3,0,0.0744561004084269,0.0703748336682025,0.0901398320753616,False,False
L325781,CoCl2,3,0,0.090291954794067,0.0858991074365247,0.0740914686841364,False,False
L325781,Dabrafenib,3,0,0.0902919547940672,0.0858991074365247,0.0904221238640817,False,False
L325781,Doxorubicin,3,0,0.1341899264720791,0.1298089684563758,0.1354545629863382,False,False
L325781,Trametinib,3,0,0.0754113559162071,0.0713038224651564,0.095368131619638,False,False
L326124,Acid,1,0,0.2838807297763159,0.3073067414537714,0.1604858127683235,False,True
L326124,Cisplatin,1,1,0.0754650511914505,0.0779447378086942,0.0680427350453773,True,True
L326124,CoCl2,1,0,0.0987586044275129,0.1027206351398794,0.0725253582870858,False,True
L326124,Dabrafenib,1,0,0.0966258507238606,0.1004414423165958,0.0771229182571082,False,True
L326124,Doxorubicin,1,0,0.1405752922599338,0.1479065588171287,0.1786473047067857,False,True
L326124,Trametinib,1,0,0.0769071316414241,0.0794655539388028,0.0679966096432658,False,True
L326276,Acid,2,0,0.2879810790401368,0.3392865880691751,0.2862923732496262,False,False
L326276,Cisplatin,2,0,0.0799419805856406,0.0980811698663488,0.1220577057922003,False,False
L326276,CoCl2,2,0,0.0938138784504659,0.1148919614298345,0.0716722002596916,False,False
L326276,Dabrafenib,2,0,0.0938138784504659,0.1148919614298345,0.1399376689762476,False,False
L326276,Doxorubicin,2,0,0.1291816151328634,0.1576151965407577,0.1668819846282259,False,False
L326276,Trametinib,2,0,0.0755159104304394,0.0927222489927267,0.113042304198601,False,False
L326420,Acid,3,1,0.2800284500633928,0.1957448528779405,0.2425809483152401,True,True
L326420,Cisplatin,3,0,0.0744561004084269,0.0447422538891403,0.0401108387269442,False,True
L326420,CoCl2,3,0,0.090291954794067,0.0549463397630835,0.0260881218285532,False,True
L326420,Dabrafenib,3,0,0.0902919547940672,0.0549463397630835,0.028180201167333,False,True
L326420,Doxorubicin,3,0,0.1341899264720791,0.084496351323892,0.1307353042409294,False,True
L326420,Trametinib,3,0,0.0754113559162071,0.0453493839718721,0.0522688756468819,False,True
L3265,Acid,4,1,0.7759804860997861,0.7876486176224453,0.7939465378656142,True,True
L3265,Cisplatin,4,0,0.4144805112652962,0.4211002072252048,0.4438059954918746,False,True
L3265,CoCl2,4,1,0.4699297300478433,0.4778458432330051,0.6239669135664981,True,True
L3265,Dabrafenib,4,1,0.4607180906058722,0.4684056849763917,0.3614982717269387,True,True
L3265,Doxorubicin,4,1,0.5644543232785773,0.5750283658664846,0.6157759415415954,True,True
L3265,Trametinib,4,1,0.4012038676865992,0.4075714940858648,0.3107580722006584,True,True
L326812,Acid,4,0,0.4937568302464626,0.5504563370801214,0.4055870992684233,False,True
L326812,Cisplatin,4,0,0.1661944548339562,0.1936362380778528,0.1673325535063434,False,True
L326812,CoCl2,4,0,0.1997600704590429,0.2320147211582965,0.2866388702046756,False,True
L326812,Dabrafenib,4,1,0.1939070239266045,0.2253352749521283,0.2040029431118504,True,True
L326812,Doxorubicin,4,0,0.2673502039231125,0.3087652723739476,0.3415474776421435,False,True
L326812,Trametinib,4,0,0.1587150881719445,0.1850789279787065,0.1467341331828182,False,True
L327389,Acid,1,1,0.5980887495647769,0.7298793330713981,0.6885799891344293,True,True
L327389,Cisplatin,1,0,0.2345453888131979,0.3398744505039235,0.2927196289680096,False,True
L327389,CoCl2,1,1,0.2914619698018734,0.4108136243044188,0.4975248631702654,True,True
L327389,Dabrafenib,1,1,0.286490558194324,0.4047822729553231,0.3949461140960815,True,True
L327389,Doxorubicin,1,0,0.3804309230251247,0.513905372685712,0.4725124817352584,False,True
L327389,Trametinib,1,1,0.2382440197167224,0.3445959236286861,0.3389546643317666,True,True
L327712,Acid,3,0,0.2800284500633928,0.2732585777132933,0.1761363217605606,False,True
L327712,Cisplatin,3,0,0.0744561004084269,0.0674767773349165,0.067822632760516,False,True
L327712,CoCl2,3,0,0.090291954794067,0.0824184353007269,0.0697259743303702,False,True
L327712,Dabrafenib,3,1,0.0902919547940672,0.0824184353007269,0.0740097394735324,True,True
L327712,Doxorubicin,3,0,0.1341899264720791,0.1247919489598557,0.1414096652890164,False,True
L327712,Trametinib,3,0,0.0754113559162071,0.0683703236828689,0.0942493837141503,False,True
L328087,Acid,0,1,0.5115146125449378,0.493273255040217,0.4746087071374219,True,True
L328087,Cisplatin,0,0,0.1645294175338874,0.1498072571550826,0.1712580221397071,False,True
L328087,CoCl2,0,0,0.2128868482927187,0.1958046843824312,0.1156873795809955,False,True
L328087,Dabrafenib,0,0,0.2316976140253872,0.2139241630890292,0.2029579710770392,False,True
L328087,Doxorubicin,0,1,0.2818689779638529,0.2631316193538997,0.252196770066669,True,True
L328087,Trametinib,0,1,0.1843691722779054,0.1685379408309592,0.2050869075372454,True,True
L328262,Acid,2,0,0.4332282471416219,0.3304463172902608,0.3594640937173841,False,False
L328262,Cisplatin,2,0,0.1410473861614739,0.0946255389634144,0.092853551773577,False,False
L328262,CoCl2,2,0,0.1636367274924759,0.1109168850457366,0.0403163240769209,False,False
L328262,Dabrafenib,2,0,0.163636727492476,0.1109168850457366,0.0982695218920659,False,False
L328262,Doxorubicin,2,0,0.2189669938919418,0.1524165049829447,0.1568882168645194,False,False
L328262,Trametinib,2,0,0.1337298931096704,0.0894367028564696,0.1126478311337276,False,False
L328314,Acid,1,0,0.5630410643353265,0.44321383797583,0.4607221714292803,False,False
L328314,Cisplatin,1,0,0.2096866377358257,0.1317020084610818,0.1915675956797687,False,False
L328314,CoCl2,1,0,0.2626406289661105,0.1704074608301128,0.1489996515497066,False,False
L328314,Dabrafenib,1,0,0.2579818237250687,0.166905779180623,0.1135682508241412,False,False
L328314,Doxorubicin,1,0,0.3471219728330642,0.2374875725766139,0.3006231458013663,False,False
L328314,Trametinib,1,0,0.2131023965771966,0.1341191406551883,0.0906203664286567,False,False
L328955,Acid,3,1,0.8781018199046454,0.8827253377584215,0.9166789332702314,True,True
L328955,Cisplatin,3,1,0.5983813062346827,0.5915887386800174,0.6765342844772168,True,True
L328955,CoCl2,3,1,0.6476719425205995,0.6426111187737696,0.7246026881661808,True,True
L328955,Dabrafenib,3,0,0.6476719425206002,0.6426111187737696,0.5533687612794966,False,True
L328955,Doxorubicin,3,1,0.7416356962472979,0.74055091357655,0.7643418051347807,True,True
L328955,Trametinib,3,0,0.601688590109908,0.5949943915000366,0.5121703490195932,False,True
L329078,Acid,4,0,0.2968821351175162,0.1839513160427713,0.2317307274284535,False,False
L329078,Cisplatin,4,0,0.0794343772887644,0.0423355153402095,0.0549641626892664,False,False
L329078,CoCl2,4,0,0.0975269614574984,0.0526856792263213,0.0278616790369132,False,False
L329078,Dabrafenib,4,0,0.094316337926325,0.0508272373396977,0.0355276559416656,False,False
L329078,Doxorubicin,4,0,0.1364228780661134,0.0759833651370055,0.1042936001725004,False,False
L329078,Trametinib,4,0,0.0755059582532245,0.0401318201120863,0.033942413590013,False,False
L329127,Acid,2,0,0.2879810790401368,0.2074496059467383,0.1594282135836575,False,False
L329127,Cisplatin,2,0,0.0799419805856406,0.0525195044819576,0.0674958805716416,False,False
L329127,CoCl2,2,0,0.0938138784504659,0.0620584993096255,0.1052651333741407,False,False
L329127,Dabrafenib,2,0,0.0938138784504659,0.0620584993096255,0.0317234934358971,False,False
L329127,Doxorubicin,2,0,0.1291816151328634,0.0870679238864068,0.1201934787326287,False,False
L329127,Trametinib,2,0,0.0755159104304394,0.0495133028290087,0.0216248880686164,False,False
L329364,Acid,0,1,0.5243751823080508,0.5289003727219994,0.4501598153828717,True,True
L329364,Cisplatin,0,1,0.1717330500471539,0.1688956243218325,0.1513141114906684,True,True
L329364,CoCl2,0,0,0.2216460319686425,0.2192426292938282,0.1301238960893665,False,True
L329364,Dabrafenib,0,1,0.240993794475869,0.2388867440422089,0.219409276613133,True,True
L329364,Doxorubicin,0,1,0.2924120067636125,0.2917053760656031,0.2864068955452966,True,True
L329364,Trametinib,0,1,0.1922415778128889,0.1894810527649984,0.1764418397517943,True,True
L329437,Acid,3,0,0.2839379758377813,0.2191818848379673,0.1397586384374009,False,False
L329437,Cisplatin,3,0,0.0757977484189873,0.0512515096540516,0.041262446338141,False,False
L329437,CoCl2,3,0,0.0918906235877918,0.0628424599783429,0.0481979810951291,False,False
L329437,Dabrafenib,3,0,0.0918906235877921,0.0628424599783429,0.0865285586171064,False,False
L329437,Doxorubicin,3,0,0.136449253309681,0.0962066900880824,0.1210199035120715,False,False
L329437,Trametinib,3,0,0.0767687892495874,0.0519421642906251,0.075333129437121,False,False
L329452,Acid,3,1,0.6682758090821146,0.54577552129294,0.539208693883539,True,True
L329452,Cisplatin,3,0,0.2941206498020622,0.1878041102971505,0.198453579728651,False,True
L329452,CoCl2,3,0,0.3395370936637516,0.2230181419256234,0.1087550671489238,False,True
L329452,Dabrafenib,3,0,0.3395370936637523,0.2230181419256234,0.2247595167654358,False,True
L329452,Doxorubicin,3,0,0.4452968871271647,0.313018464473536,0.3945754566762536,False,True
L329452,Trametinib,3,0,0.2969898300555702,0.1899664679496359,0.2075604698550086,False,True
L329553,Acid,3,1,0.8541581344971566,0.8514754839802093,0.8830132221448337,True,False
L329553,Cisplatin,3,1,0.5477891872579416,0.5245458368385956,0.5991996016405017,True,False
L329553,CoCl2,3,1,0.5991293135697133,0.5779687791185052,0.7578857977413755,True,False
L329553,Dabrafenib,3,1,0.5991293135697141,0.5779687791185051,0.4704939057543347,True,False
L329553,Doxorubicin,3,1,0.7000433934274675,0.6849380699661372,0.6819333067041042,True,False
L329553,Trametinib,3,1,0.551200616875219,0.5280645630079949,0.3807482249558949,True,False
L329587,Acid,0,1,0.630023016469192,0.5720151939721879,0.5796618425295577,True,True
L329587,Cisplatin,0,0,0.2425670607668444,0.1947984628922401,0.2012389849998663,False,True
L329587,CoCl2,0,0,0.3054745669761149,0.2505393063124499,0.2697302816783881,False,True
L329587,Dabrafenib,0,0,0.3290463816332679,0.2720106426790211,0.1596384911617279,False,True
L329587,Doxorubicin,0,1,0.3896078907160307,0.328987399429337,0.2847885399465819,True,True
L329587,Trametinib,0,0,0.2687895153958809,0.2177139683845442,0.109474339599278,False,True
L329798,Acid,3,1,0.5087596213124757,0.5853946055648815,0.5113287780295384,True,True
L329798,Cisplatin,3,1,0.1764176562533436,0.21366065748297,0.2277547206985792,True,True
L329798,CoCl2,3,0,0.2090414851984096,0.2522173458938965,0.3662816755637832,False,True
L329798,Dabrafenib,3,0,0.2090414851984101,0.2522173458938965,0.2002923509957322,False,True
L329798,Doxorubicin,3,0,0.2921330404726833,0.3487126932258956,0.3672294641253323,False,True
L329798,Trametinib,3,0,0.1784288686041105,0.216041534987499,0.1470730698045279,False,True
L33007,Acid,1,0,0.2846492613888907,0.0947623710402864,0.0897140532201808,False,False
L33007,Cisplatin,1,0,0.0757290196169657,0.019556653763223,0.0302109415887933,False,False
L33007,CoCl2,1,0,0.09909531796825,0.026302454896198,0.0128143910545172,False,False
L33007,Dabrafenib,1,0,0.0969560750019377,0.0256703398307728,0.0143413348331516,False,False
L33007,Doxorubicin,1,0,0.1410322674669205,0.039346766934507,0.0467716538663144,False,False
L33007,Trametinib,1,0,0.0771757232365809,0.0199628977352134,0.0112108330342778,False,False
L33021,Acid,2,0,0.5152190142896127,0.527414201410613,0.514027646563131,False,True
L33021,Cisplatin,2,1,0.1858762834259343,0.1911604859547646,0.1972865665146655,True,True
L33021,CoCl2,2,0,0.2138576390467288,0.2200327431821646,0.359061963184437,False,True
L33021,Dabrafenib,2,0,0.2138576390467289,0.2200327431821646,0.1709600167924774,False,True
L33021,Doxorubicin,2,0,0.2804744131920041,0.2890837069629494,0.293348756472214,False,True
L33021,Trametinib,2,0,0.1767115475674063,0.1817407112374287,0.1230297741554759,False,True
L330256,Acid,1,0,0.2838807297763159,0.2616057180084988,0.2313812588906237,False,False
L330256,Cisplatin,1,0,0.0754650511914505,0.0632391961930723,0.0673218419372275,False,False
L330256,CoCl2,1,0,0.0987586044275129,0.0837653678492833,0.054336083324509,False,False
L330256,Dabrafenib,1,0,0.0966258507238606,0.08186838512702,0.0839693369424873,False,False
L330256,Doxorubicin,1,0,0.1405752922599338,0.1217443816030526,0.1350070100304793,False,False
L330256,Trametinib,1,0,0.0769071316414241,0.0644931547290575,0.0616237590902377,False,False
L330523,Acid,4,0,0.29897467523817,0.0931771018120612,0.0489398463315391,False,False
L330523,Cisplatin,4,0,0.0801690138735493,0.0197527243164292,0.0190747764725164,False,False
L330523,CoCl2,4,0,0.0984110368485007,0.0247243982217642,0.0187089413524581,False,False
L330523,Dabrafenib,4,0,0.0951743785327787,0.0238274580982679,0.016920500720519,False,False
L330523,Doxorubicin,4,0,0.1376057808821043,0.0361291279813246,0.0599166287944431,False,False
L330523,Trametinib,4,0,0.0762072710844168,0.0187015779615097,0.020374490640892,False,False
L331210,Acid,0,1,0.7482649109673973,0.666356969969243,0.6584940866869035,True,True
L331210,Cisplatin,0,1,0.3585662245575141,0.2655241941199553,0.3368122054900653,True,True
L331210,CoCl2,0,1,0.4343074499482754,0.3331300615282987,0.4658792381888905,True,True
L331210,Dabrafenib,0,0,0.4612187815526942,0.358295644012005,0.2475922578384779,False,True
L331210,Doxorubicin,0,0,0.5269995837434208,0.4228481053583396,0.4706123177414028,False,True
L331210,Trametinib,0,0,0.390857654461869,0.2937246724724077,0.1601140571113178,False,True
L331535,Acid,2,1,0.6038122237619251,0.709520691430516,0.553079120733683,True,True
L331535,Cisplatin,2,0,0.2466516131558873,0.3409200670679994,0.2199641738886838,False,True
L331535,CoCl2,2,1,0.280628289067114,0.3817362678346783,0.435249493484313,True,True
L331535,Dabrafenib,2,0,0.2806282890671142,0.3817362678346783,0.4723215596829968,False,True
L331535,Doxorubicin,2,0,0.3585577383085783,0.4708959431690538,0.3650185795854459,False,True
L331535,Trametinib,2,0,0.2353565970534309,0.3271050547155474,0.481384346487108,False,True
L331640,Acid,1,0,0.2846492613888907,0.2839496814481553,0.1845210812148274,False,False
L331640,Cisplatin,1,0,0.0757290196169657,0.0702524702775542,0.0629190468492637,False,False
L331640,CoCl2,1,0,0.09909531796825,0.0928294303176292,0.0552487002917105,False,False
L331640,Dabrafenib,1,0,0.0969560750019377,0.0907475099326952,0.1265451579065257,False,False
L331640,Doxorubicin,1,0,0.1410322674669205,0.1343156167086732,0.1476549284408095,False,False
L331640,Trametinib,1,0,0.0771757232365809,0.0716348593428889,0.0908706160851358,False,False
L33167,Acid,0,0,0.2913335192140022,0.3495853918622287,0.3553823021275242,False,True
L33167,Cisplatin,0,0,0.0717649606822348,0.0886632395279413,0.1082487792817026,False,True
L33167,CoCl2,0,0,0.0959902001688309,0.1185035483313194,0.199241670553403,False,True
L33167,Dabrafenib,0,1,0.1058611135447152,0.130631664475636,0.1129802814442648,True,True
L33167,Doxorubicin,0,1,0.1335194425566999,0.1646940596328449,0.1721239986836459,True,True
L33167,Trametinib,0,0,0.0815100531712696,0.1006540549178745,0.0605276602138248,False,True
L331971,Acid,4,0,0.5848915139737458,0.5761794509955227,0.3717206021489321,False,False
L331971,Cisplatin,4,0,0.2235701198548117,0.2104925106832094,0.1377513195557471,False,False
L331971,CoCl2,4,0,0.2650402307610821,0.2511712452294146,0.1606977275822585,False,False
L331971,Dabrafenib,4,0,0.2578908613459247,0.2441156049164019,0.327467995690841,False,False
L331971,Doxorubicin,4,0,0.3451904959541029,0.3315232370447324,0.2805560801729652,False,False
L331971,Trametinib,4,0,0.2141718800980559,0.2013763090318902,0.3781097990981783,False,False
L33701,Acid,3,1,0.9157823817754565,0.9299837782616912,0.9343401616369288,True,False
L33701,Cisplatin,3,1,0.6922209930227122,0.7187928965754027,0.7364292319513387,True,False
L33701,CoCl2,3,1,0.7350933027589713,0.760361068817438,0.8089264132599493,True,False
L33701,Dabrafenib,3,1,0.735093302758972,0.7603610688174379,0.8001169851157238,True,False
L33701,Doxorubicin,3,1,0.8124921741915766,0.8343503965546298,0.8552344237729341,True,False
L33701,Trametinib,3,1,0.6951492069635244,0.7216369308769337,0.7618140155382823,True,False
L34148,Acid,2,1,0.4182482055123107,0.5404095969124585,0.4977380858939509,True,True
L34148,Cisplatin,2,0,0.1337855071112935,0.1993658708071053,0.2028466154642075,False,True
L34148,CoCl2,2,1,0.1554222690865395,0.229126372180394,0.3091381607702148,True,True
L34148,Dabrafenib,2,1,0.1554222690865395,0.229126372180394,0.2202448889333239,True,True
L34148,Doxorubicin,2,0,0.20866797340549,0.2999337014241309,0.2848037962458756,False,True
L34148,Trametinib,2,1,0.1267891472075863,0.1896365594910313,0.148273329014709,True,True
L34649,Acid,3,0,0.2800284500633928,0.3586613915294576,0.34122756198581,False,True
L34649,Cisplatin,3,0,0.0744561004084269,0.0971643058884808,0.1616900007044254,False,True
L34649,CoCl2,3,0,0.090291954794067,0.1178490167026668,0.1030731712366547,False,True
L34649,Dabrafenib,3,0,0.0902919547940672,0.1178490167026668,0.1801395261080026,False,True
L34649,Doxorubicin,3,1,0.1341899264720791,0.1749649368317084,0.1430832548318106,True,True
L34649,Trametinib,3,0,0.0754113559162071,0.0984094955863909,0.1132413215882186,False,True
L34984,Acid,1,1,0.4158230698941236,0.507376938874899,0.5592970097603501,True,True
L34984,Cisplatin,1,0,0.1278311601185779,0.1640559289910475,0.1990487682700316,False,True
L34984,CoCl2,1,0,0.1644139361003428,0.2099704620095231,0.2069749242415727,False,True
L34984,Dabrafenib,1,0,0.1611167897031677,0.2058575392427933,0.1868157993198576,False,True
L34984,Doxorubicin,1,0,0.2270276463322885,0.2872322077465739,0.3189153068570833,False,True
L34984,Trametinib,1,0,0.1301330671248022,0.1669526819967303,0.1364743746149767,False,True
L35089,Acid,1,1,0.2846492613888907,0.3084959764944216,0.1424057469901528,True,True
L35089,Cisplatin,1,0,0.0757290196169657,0.0783467648359381,0.0687188153247265,False,True
L35089,CoCl2,1,0,0.09909531796825,0.103236144659611,0.0445160264268161,False,True
L35089,Dabrafenib,1,0,0.0969560750019377,0.1009468004148923,0.1910954271622129,False,True
L35089,Doxorubicin,1,1,0.1410322674669205,0.1486112782118402,0.0982477975824138,True,True
L35089,Trametinib,1,0,0.0771757232365809,0.0798747455899801,0.2132942553902739,False,True
L35389,Acid,4,1,0.950626513748556,0.943576682711889,0.9496777754682576,True,True
L35389,Cisplatin,4,1,0.7973542969768891,0.7663342690366036,0.8148158966036851,True,True
L35389,CoCl2,4,1,0.8313025693076928,0.8049164793919321,0.9224860117562296,True,True
L35389,Dabrafenib,4,0,0.8260462582867951,0.798900976850497,0.6918371152965787,False,True
L35389,Doxorubicin,4,1,0.8781014799660198,0.859166256234233,0.9053201664930832,True,True
L35389,Trametinib,4,0,0.7883256044737587,0.7562025657362161,0.664856552121607,False,True
L35441,Acid,1,1,0.5869434204909911,0.5431528416923197,0.3368471079881068,True,True
L35441,Cisplatin,1,0,0.2263591576027916,0.1847001381044153,0.1803391928761224,False,True
L35441,CoCl2,1,0,0.2820211157045985,0.2347697539706112,0.1616649437603673,False,True
L35441,Dabrafenib,1,0,0.2771477470323866,0.2303126741344734,0.3209586764935482,False,True
L35441,Doxorubicin,1,0,0.3696115580528577,0.3174895909774808,0.2288774778810297,False,True
L35441,Trametinib,1,0,0.229967480200267,0.1878794824541323,0.276890311301296,False,True
L35478,Acid,0,1,0.5961250264503143,0.5400818680400277,0.5766894899427046,True,True
L35478,Cisplatin,0,0,0.2172733507426099,0.1752982892614282,0.2005576309904728,False,True
L35478,CoCl2,0,0,0.2760115451304326,0.2270325260670158,0.3107034293718333,False,True
L35478,Dabrafenib,0,0,0.2982862866265645,0.2471536666565759,0.1312851365112044,False,True
L35478,Doxorubicin,0,0,0.3561918652618271,0.3010770935681008,0.3008037472438823,False,True
L35478,Trametinib,0,0,0.2416337589151821,0.1964796044679161,0.0924678720070936,False,True
L3550,Acid,3,1,0.4992907486881012,0.5764556570363991,0.5849200953678034,True,True
L3550,Cisplatin,3,0,0.1709813190341188,0.207556415390021,0.2270823354353367,False,True
L3550,CoCl2,3,0,0.2028474460267985,0.2453552570397539,0.250169655703288,False,True
L3550,Dabrafenib,3,1,0.202847446026799,0.2453552570397539,0.2475068954378723,True,True
L3550,Doxorubicin,3,1,0.2843620918120689,0.3404204163363484,0.3116739966851435,True,True
L3550,Trametinib,3,1,0.172943569832285,0.2098874277225315,0.178026585247722,True,True
L35837,Acid,1,1,0.2838807297763159,0.3801036217901278,0.4330455563307009,True,True
L35837,Cisplatin,1,0,0.0754650511914505,0.1046144580274036,0.1003139870378234,False,True
L35837,CoCl2,1,0,0.0987586044275129,0.1366117166939664,0.1314297614643986,False,True
L35837,Dabrafenib,1,0,0.0966258507238606,0.1336925834792096,0.1528861726085449,False,True
L35837,Doxorubicin,1,0,0.1405752922599338,0.1934911587213667,0.1776011351014264,False,True
L35837,Trametinib,1,0,0.0769071316414241,0.1065954819460896,0.1071334034995072,False,True
L36038,Acid,0,0,0.2846693786920213,0.3399768916414165,0.2818721946503925,False,True
L36038,Cisplatin,0,0,0.06962987611271,0.0852859200377138,0.0647498681476586,False,True
L36038,CoCl2,0,0,0.0932067590000554,0.1141319163290326,0.0593077389127193,False,True
L36038,Dabrafenib,0,1,0.102824000340023,0.1258765121078701,0.1414624246636752,True,True
L36038,Doxorubicin,0,0,0.1298040178991264,0.1589256577975739,0.1651173374608122,False,True
L36038,Trametinib,0,0,0.0791097509577917,0.096868535874906,0.132592007602125,False,True
L36415,Acid,3,1,0.6593276862239182,0.6140388253859468,0.6622376363043974,True,True
L36415,Cisplatin,3,0,0.2858651167188514,0.2343988917593065,0.2290067184972935,False,True
L36415,CoCl2,3,0,0.3306038371802819,0.275387319726611,0.1437470026101786,False,True
L36415,Dabrafenib,3,0,0.3306038371802826,0.275387319726611,0.2515872032987822,False,True
L36415,Doxorubicin,3,0,0.4354154987550112,0.3762865507614609,0.4492244539663324,False,True
L36415,Trametinib,3,0,0.2886866995306609,0.2369412279548051,0.2494639580971666,False,True
L36448,Acid,2,0,0.4182482055123107,0.3638909364674512,0.2809827678382884,False,False
L36448,Cisplatin,2,0,0.1337855071112935,0.1080544398825342,0.1309799816900536,False,False
L36448,CoCl2,2,0,0.1554222690865395,0.1263351771593746,0.0607784243926533,False,False
L36448,Dabrafenib,2,0,0.1554222690865395,0.1263351771593746,0.1820172570748267,False,False
L36448,Doxorubicin,2,0,0.20866797340549,0.1724844055653624,0.1556452681222823,False,False
L36448,Trametinib,2,0,0.1267891472075863,0.1022123573746045,0.1635778252167022,False,False
L36461,Acid,3,0,0.2839379758377813,0.2915381657237917,0.2527929325820404,False,False
L36461,Cisplatin,3,0,0.0757977484189873,0.0733805805174765,0.1018508821865546,False,False
L36461,CoCl2,3,0,0.0918906235877918,0.0895040660514972,0.0881160069328917,False,False
L36461,Dabrafenib,3,0,0.0918906235877921,0.0895040660514972,0.1134836494715205,False,False
L36461,Doxorubicin,3,0,0.136449253309681,0.1349845858854951,0.1532931988994401,False,False
L36461,Trametinib,3,0,0.0767687892495874,0.074346073736688,0.0897708360820656,False,False
L36541,Acid,3,1,0.5626436733180362,0.5792966851590302,0.5061242372890977,True,True
L36541,Cisplatin,3,0,0.210161350514774,0.2094785487405464,0.22580950613468,False,True
L36541,CoCl2,3,1,0.2471525985349805,0.2475181006537868,0.3090913392803653,True,True
L36541,Dabrafenib,3,1,0.2471525985349811,0.2475181006537867,0.3094728815381303,True,True
L36541,Doxorubicin,3,1,0.3389021017609692,0.3430403361376501,0.3421755961071063,True,True
L36541,Trametinib,3,1,0.2124580135268596,0.2118253777127038,0.2513516003461335,True,True
L36694,Acid,2,0,0.2807695161874157,0.177295042292527,0.1653506166491808,False,False
L36694,Cisplatin,2,0,0.0773739631839097,0.0436451658405681,0.0500489204688341,False,False
L36694,CoCl2,2,0,0.0908442457636326,0.0516602180983214,0.0273087057168455,False,False
L36694,Dabrafenib,2,0,0.0908442457636327,0.0516602180983214,0.0445462332684032,False,False
L36694,Doxorubicin,2,0,0.1252471706812583,0.0728044321201967,0.1167134420428526,False,False
L36694,Trametinib,2,0,0.0730787807484661,0.0411248809014083,0.029777034676478,False,False
L3698,Acid,0,0,0.5836641772922005,0.5677136731864572,0.5304770494058979,False,False
L3698,Cisplatin,0,0,0.2086406496476221,0.1920606279617553,0.181889910935535,False,False
L3698,CoCl2,0,0,0.2658376831605884,0.2472586206306749,0.2949534338546358,False,False
L3698,Dabrafenib,0,0,0.2876175497747041,0.2685495456656457,0.2339962478896984,False,False
L3698,Doxorubicin,0,0,0.3444687262158307,0.325125103912862,0.3510111664492506,False,False
L3698,Trametinib,0,0,0.232320448330099,0.2147399561145772,0.1418137225689068,False,False
L36981,Acid,3,0,0.2800284500633928,0.3848408341220115,0.2704870823665288,False,True
L36981,Cisplatin,3,0,0.0744561004084269,0.1074545425595394,0.0815662061221614,False,True
L36981,CoCl2,3,0,0.090291954794067,0.1300144137435391,0.126638426731638,False,True
L36981,Dabrafenib,3,1,0.0902919547940672,0.130014413743539,0.2196918884752667,True,True
L36981,Doxorubicin,3,0,0.1341899264720791,0.1917447766660722,0.2098068387240438,False,True
L36981,Trametinib,3,0,0.0754113559162071,0.1088157105849711,0.1240320832683376,False,True
L37950,Acid,1,1,0.5630410643353265,0.586376068539141,0.6059049539054596,True,True
L37950,Cisplatin,1,0,0.2096866377358257,0.2126776613908862,0.2468827461767223,False,True
L37950,CoCl2,1,0,0.2626406289661105,0.2678400137903476,0.235229116016383,False,True
L37950,Dabrafenib,1,0,0.2579818237250687,0.2629708536902875,0.2369165174603963,False,True
L37950,Doxorubicin,1,0,0.3471219728330642,0.3567793139089015,0.3534352207972323,False,True
L37950,Trametinib,1,0,0.2131023965771966,0.2162108837493147,0.1720176968098601,False,True
L37973,Acid,4,1,0.8765644731151465,0.898338293740231,0.9035681416742248,True,True
L37973,Cisplatin,4,0,0.5920444676917834,0.6340956262356998,0.730796203540348,False,True
L37973,CoCl2,4,1,0.6450774223993132,0.6855532921393627,0.66383594989412,True,True
L37973,Dabrafenib,4,1,0.6365554894473524,0.6773326182467653,0.6555952168835556,True,True
L37973,Doxorubicin,4,1,0.7265437131327903,0.7632323564209047,0.7603693153687421,True,True
L37973,Trametinib,4,0,0.5787015951649952,0.6210653332251803,0.6061999743619615,False,True
L38608,Acid,4,0,0.2968821351175162,0.2403469157839249,0.2489113954079736,False,False
L38608,Cisplatin,4,0,0.0794343772887644,0.0584229840179311,0.060496637351914,False,False
L38608,CoCl2,4,0,0.0975269614574984,0.0724088259686467,0.0444348575931198,False,False
L38608,Dabrafenib,4,0,0.094316337926325,0.0699060067557717,0.0702572083963475,False,False
L38608,Doxorubicin,4,0,0.1364228780661134,0.1034754530220626,0.1176673015136162,False,False
L38608,Trametinib,4,0,0.0755059582532245,0.055430355531806,0.0478406018047689,False,False
L38872,Acid,3,0,0.2940412912595201,0.2685858658997771,0.2515301730751309,False,True
L38872,Cisplatin,3,1,0.0793152022594877,0.0660033405752965,0.0574654279254283,True,True
L38872,CoCl2,3,0,0.0960772445913733,0.0806469460015186,0.0681555259946846,False,True
L38872,Dabrafenib,3,0,0.0960772445913736,0.0806469460015186,0.0684115762250789,False,True
L38872,Doxorubicin,3,0,0.1423477794644546,0.1222310134351256,0.1446183291818828,False,True
L38872,Trametinib,3,0,0.0803273884269043,0.06687877460068,0.0613815336370897,False,True
L39024,Acid,3,1,0.4116274315616812,0.4617478725432449,0.3294009058196376,True,True
L39024,Cisplatin,3,1,0.1264086162512261,0.1416969750406924,0.0496779609908592,True,True
L39024,CoCl2,3,1,0.1514855872923659,0.170076076535257,0.1893350010168929,True,True
L39024,Dabrafenib,3,1,0.1514855872923663,0.1700760765352569,0.183963917754814,True,True
L39024,Doxorubicin,3,1,0.2180049504580228,0.2454608786170867,0.2505607845554763,True,True
L39024,Trametinib,3,0,0.1279382751993651,0.1434222043540015,0.1471384754520576,False,True
L39199,Acid,2,0,0.2879810790401368,0.1655646050020552,0.1557440793365311,False,False
L39199,Cisplatin,2,0,0.0799419805856406,0.0403240375057714,0.0327665486621069,False,False
L39199,CoCl2,2,0,0.0938138784504659,0.0477596514067523,0.0429016639608345,False,False
L39199,Dabrafenib,2,0,0.0938138784504659,0.0477596514067523,0.0347452415565077,False,False
L39199,Doxorubicin,2,0,0.1291816151328634,0.0674208865181281,0.090663263842164,False,False
L39199,Trametinib,2,0,0.0755159104304394,0.0379879130002631,0.043754856513119,False,False
L40253,Acid,2,0,0.3964971561603091,0.4033172368086021,0.4042333654856586,False,False
L40253,Cisplatin,2,0,0.1236828129632373,0.1252182470649314,0.1392554670245078,False,False
L40253,CoCl2,2,0,0.1439572306507918,0.1459276939902318,0.1001879179538385,False,False
L40253,Dabrafenib,2,0,0.1439572306507918,0.1459276939902318,0.1270252480709542,False,False
L40253,Doxorubicin,2,0,0.1941781992172485,0.197615065715378,0.2281549119115987,False,False
L40253,Trametinib,2,0,0.1171433286036891,0.1185715462231707,0.0931188828661487,False,False
L40282,Acid,0,0,0.4071129074576573,0.4320373672189656,0.3143050418572242,False,False
L40282,Cisplatin,0,0,0.1143674354790799,0.1210261502036678,0.0935411050428812,False,False
L40282,CoCl2,0,0,0.1506398730167596,0.1598480007522481,0.2286526850430167,False,False
L40282,Dabrafenib,0,0,0.1651041818856903,0.1753656806418933,0.1990072308499592,False,False
L40282,Doxorubicin,0,0,0.2046974288052005,0.2181653740648087,0.2186192157962772,False,False
L40282,Trametinib,0,0,0.129093043945495,0.1367370358801549,0.1657527394743672,False,False
L40593,Acid,1,1,0.4006161480198365,0.3090865184793113,0.2427905949986299,True,True
L40593,Cisplatin,1,0,0.1209752434080474,0.0785467841650237,0.0547889263141179,False,True
L40593,CoCl2,1,0,0.1559468078263411,0.1034925713802376,0.0494181270902829,False,True
L40593,Dabrafenib,1,0,0.1527884125735933,0.1011981823751339,0.1038574502007473,False,True
L40593,Doxorubicin,1,0,0.2161701867667327,0.1489616898230535,0.2136306764320181,False,True
L40593,Trametinib,1,1,0.1231711282899808,0.0800783269198346,0.100954476632384,True,True
L40629,Acid,4,1,0.9518164852891464,0.9563489243501022,0.9584310872033122,True,False
L40629,Cisplatin,4,1,0.8014668596281845,0.8112000388216045,0.8520321666923035,True,False
L40629,CoCl2,4,1,0.834868856283413,0.8438833133168689,0.8838893543198622,True,False
L40629,Dabrafenib,4,1,0.8297009007425692,0.8388287804345467,0.846825186324556,True,False
L40629,Doxorubicin,4,1,0.8808202676305383,0.8887940984500312,0.9083602058413024,True,False
L40629,Trametinib,4,1,0.7925737321574754,0.8025123764985396,0.814159051528116,True,False
L40787,Acid,0,0,0.2913335192140022,0.2275098663515605,0.1889565972755878,False,True
L40787,Cisplatin,0,0,0.0717649606822348,0.050611916983565,0.0683542623012896,False,True
L40787,CoCl2,0,0,0.0959902001688309,0.0686098884600235,0.0282007667799582,False,True
L40787,Dabrafenib,0,1,0.1058611135447152,0.0760723627214262,0.0852116950701595,True,True
L40787,Doxorubicin,0,0,0.1335194425566999,0.0975039032484905,0.100090439339415,False,True
L40787,Trametinib,0,0,0.0815100531712696,0.0577829559693584,0.0698539171899129,False,True
L40894,Acid,1,1,0.2838807297763159,0.3033301191985142,0.2380305773761568,True,True
L40894,Cisplatin,1,0,0.0754650511914505,0.0766078708643121,0.0583382625671975,False,True
L40894,CoCl2,1,0,0.0987586044275129,0.1010053749527936,0.0695182387650901,False,True
L40894,Dabrafenib,1,0,0.0966258507238606,0.0987600518119135,0.1542370181278528,False,True
L40894,Doxorubicin,1,0,0.1405752922599338,0.1455591721085831,0.137124278857322,False,True
L40894,Trametinib,1,0,0.0769071316414241,0.078104812285087,0.0878157123554222,False,True
L40917,Acid,3,1,0.2800284500633928,0.3601419141143553,0.2610332048944002,True,True
L40917,Cisplatin,3,0,0.0744561004084269,0.0977298807172497,0.0891526584452632,False,True
L40917,CoCl2,3,0,0.090291954794067,0.1185191876113045,0.1081842673404617,False,True
L40917,Dabrafenib,3,1,0.0902919547940672,0.1185191876113045,0.1023994683335223,True,True
L40917,Doxorubicin,3,0,0.1341899264720791,0.1758951451997729,0.1816509243844457,False,True
L40917,Trametinib,3,0,0.0754113559162071,0.0989815237973678,0.1496461789983303,False,True
L41113,Acid,3,1,0.702931999214953,0.755947820823464,0.7228924331642347,True,True
L41113,Cisplatin,3,0,0.3285937317689471,0.3734678808143519,0.303003973877024,False,True
L41113,CoCl2,3,0,0.3764941171605783,0.4252666493452031,0.4704370549152319,False,True
L41113,Dabrafenib,3,0,0.3764941171605791,0.425266649345203,0.3953996357255881,False,True
L41113,Doxorubicin,3,1,0.4853067733082339,0.5401456042536426,0.5304324968265974,True,True
L41113,Trametinib,3,0,0.3316412032623658,0.376776270631419,0.4284933093537174,False,True
L4121,Acid,4,0,0.2811303118206386,0.247135466914887,0.1818767878278329,False,False
L4121,Cisplatin,4,0,0.0740054563390073,0.0604822404483043,0.075643436812763,False,False
L4121,CoCl2,4,0,0.0909837199544665,0.0749218210834177,0.0799948139739882,False,False
L4121,Dabrafenib,4,0,0.0879675059053129,0.0723389139087042,0.059816877456642,False,False
L4121,Doxorubicin,4,0,0.1276391277841468,0.1069423308892555,0.1291560579583675,False,False
L4121,Trametinib,4,0,0.0703250134578361,0.0573905589901347,0.058716151902604,False,False
L41388,Acid,3,0,0.2800284500633928,0.2491902825383122,0.1911091439150145,False,False
L41388,Cisplatin,3,0,0.0744561004084269,0.0600361919412122,0.1001170922816109,False,False
L41388,CoCl2,3,0,0.090291954794067,0.073460041292482,0.0802707860304248,False,False
L41388,Dabrafenib,3,0,0.0902919547940672,0.073460041292482,0.082570614360177,False,False
L41388,Doxorubicin,3,0,0.1341899264720791,0.1117889241096996,0.1126300376834964,False,False
L41388,Trametinib,3,0,0.0754113559162071,0.0608376360760642,0.0652761552983435,False,False
L41699,Acid,3,1,0.2800284500633928,0.3761605428514781,0.3943958215546801,True,True
L41699,Cisplatin,3,0,0.0744561004084269,0.1039733663272441,0.0717251124585641,False,True
L41699,CoCl2,3,0,0.090291954794067,0.1259054698067436,0.2249995866242359,False,True
L41699,Dabrafenib,3,0,0.0902919547940672,0.1259054698067436,0.1169251947981861,False,True
L41699,Doxorubicin,3,0,0.1341899264720791,0.1861022489409025,0.1853848064719261,False,True
L41699,Trametinib,3,0,0.0754113559162071,0.1052956392256853,0.0807517481477052,False,True
L41780,Acid,4,1,0.8016487610486213,0.8192109789347233,0.8132663587472163,True,True
L41780,Cisplatin,4,0,0.4523360339670778,0.4705198973971145,0.5034474057332227,False,True
L41780,CoCl2,4,0,0.5084518313500017,0.527852771260474,0.4594323594973488,False,True
L41780,Dabrafenib,4,1,0.499196209978845,0.5184055205552913,0.4818305451146233,True,True
L41780,Doxorubicin,4,1,0.6019260358807578,0.6230697174901676,0.6664775867841461,True,True
L41780,Trametinib,4,0,0.4387554476758247,0.4566559141931863,0.3983697547900724,False,True
L41799,Acid,1,0,0.2952569053890467,0.2190529913300709,0.2302495189032213,False,True
L41799,Cisplatin,1,0,0.0794154333052323,0.0507356819404386,0.0541325503971961,False,True
L41799,CoCl2,1,0,0.1037914496285774,0.0674958810195796,0.0451840161047107,False,True
L41799,Dabrafenib,1,1,0.1015622566428531,0.0659408265932531,0.0593953056724494,True,True
L41799,Doxorubicin,1,0,0.1473906496025865,0.0988945426323764,0.0922185952642216,False,True
L41799,Trametinib,1,0,0.0809263949015811,0.0517554085252183,0.0581342358132961,False,True
L4181,Acid,1,1,0.2838807297763159,0.3547793005197655,0.3857699438097962,True,True
L4181,Cisplatin,1,0,0.0754650511914505,0.094836543498315,0.1344007705900988,False,True
L4181,CoCl2,1,0,0.0987586044275129,0.1242581729687249,0.1444614416923974,False,True
L4181,Dabrafenib,1,0,0.0966258507238606,0.1215658440819839,0.0969859469123281,False,True
L4181,Doxorubicin,1,0,0.1405752922599338,0.177048853916739,0.1649966276874499,False,True
L4181,Trametinib,1,0,0.0769071316414241,0.0966523956265922,0.0867326055677583,False,True
L42496,Acid,4,1,0.4304619877675255,0.4744874247152399,0.4413210971053298,True,True
L42496,Cisplatin,4,1,0.1337925194938859,0.150433220849251,0.1955821879050297,True,True
L42496,CoCl2,4,0,0.162086174809846,0.1821835244699282,0.122320591686943,False,True
L42496,Dabrafenib,4,1,0.1571202544728783,0.1766087606073759,0.1277052345292206,True,True
L42496,Doxorubicin,4,0,0.2204405473411889,0.2477680370712696,0.2345201114570633,False,True
L42496,Trametinib,4,1,0.1275482962412675,0.1434455276802193,0.1295343308939587,True,True
L42533,Acid,3,1,0.4146843208666432,0.4071713313396875,0.4058845593396659,True,True
L42533,Cisplatin,3,1,0.1278074763493444,0.1167441920956738,0.1499573393388455,True,True
L42533,CoCl2,3,0,0.153113315407486,0.1409464182835842,0.1185348344583209,False,True
L42533,Dabrafenib,3,0,0.1531133154074864,0.1409464182835842,0.1328075095170909,False,True
L42533,Doxorubicin,3,1,0.2201619795680417,0.2066344418934202,0.2541724132676283,True,True
L42533,Trametinib,3,0,0.129351556344138,0.1182074509009104,0.0823541869139665,False,True
L42561,Acid,2,1,0.2807695161874157,0.1393570719259193,0.0382912037747053,True,True
L42561,Cisplatin,2,0,0.0773739631839097,0.0331534090365494,0.0235276881387365,False,True
L42561,CoCl2,2,0,0.0908442457636326,0.039320960021508,0.0243847669491577,False,True
L42561,Dabrafenib,2,0,0.0908442457636327,0.039320960021508,0.0573849173678147,False,True
L42561,Doxorubicin,2,0,0.1252471706812583,0.0557114820302842,0.0814905761003048,False,True
L42561,Trametinib,2,1,0.0730787807484661,0.0312191921754187,0.0587670692745872,True,True
L42654,Acid,2,1,0.5766110902145227,0.6026289639515896,0.690984030213907,True,True
L42654,Cisplatin,2,0,0.2263479084673042,0.2430881169263159,0.2852055746668027,False,True
L42654,CoCl2,2,1,0.2584873710171144,0.2771162732059423,0.224470173936992,True,True
L42654,Dabrafenib,2,0,0.2584873710171145,0.2771162732059423,0.2356202168650824,False,True
L42654,Doxorubicin,2,1,0.3331154981098806,0.3559069137158558,0.3575418619366401,True,True
L42654,Trametinib,2,0,0.2157164327991337,0.2318429686573777,0.1451379383886717,False,True
L42680,Acid,4,0,0.424821092297298,0.3007896753477655,0.3420777482742895,False,False
L42680,Cisplatin,4,0,0.1311440810112391,0.0778008676136019,0.0700003680299292,False,False
L42680,CoCl2,4,0,0.1589804544029891,0.095952839070007,0.1091252489362243,False,False
L42680,Dabrafenib,4,0,0.1540921873118699,0.0927175620849012,0.040594236083238,False,False
L42680,Doxorubicin,4,0,0.2165056114191431,0.1356437458397378,0.1688595052026882,False,False
L42680,Trametinib,4,0,0.1250056249684408,0.0738935344626196,0.0696695253033976,False,False
L43064,Acid,0,0,0.2846693786920213,0.1964899623470153,0.0551275481354757,False,True
L43064,Cisplatin,0,0,0.06962987611271,0.042387760159573,0.0085473906687938,False,True
L43064,CoCl2,0,1,0.0932067590000554,0.0576387156344022,0.026205091011711,True,True
L43064,Dabrafenib,0,0,0.102824000340023,0.0639898750838566,0.0564538284779989,False,True
L43064,Doxorubicin,0,0,0.1298040178991264,0.082320755488239,0.0892756369691881,False,True
L43064,Trametinib,0,0,0.0791097509577917,0.0484530149065526,0.0456517923134319,False,True
L43772,Acid,4,0,0.29897467523817,0.3210869992286055,0.0972183656159002,False,True
L43772,Cisplatin,4,0,0.0801690138735493,0.0848774801028877,0.0674735141367236,False,True
L43772,CoCl2,4,0,0.0984110368485007,0.1044934381105892,0.058305631722742,False,True
L43772,Dabrafenib,4,0,0.0951743785327787,0.1010023669467851,0.1430741971005063,False,True
L43772,Doxorubicin,4,1,0.1376057808821043,0.1471421653476802,0.1320796784991385,True,True
L43772,Trametinib,4,0,0.0762072710844168,0.0806458235109324,0.1386103240811566,False,True
L44324,Acid,4,0,0.424821092297298,0.4580229710615473,0.4334568585440082,False,False
L44324,Cisplatin,4,0,0.1311440810112391,0.142171203314477,0.2254557361981735,False,False
L44324,CoCl2,4,0,0.1589804544029891,0.1725318621994625,0.2143169273153513,False,False
L44324,Dabrafenib,4,0,0.1540921873118699,0.1671920583705144,0.1204681715084686,False,False
L44324,Doxorubicin,4,0,0.2165056114191431,0.235642994624409,0.2378473301874862,False,False
L44324,Trametinib,4,0,0.1250056249684408,0.1355060725876899,0.1440967458869025,False,False
L44356,Acid,0,1,0.2846693786920213,0.1985488255690276,0.1703341686920567,True,True
L44356,Cisplatin,0,0,0.06962987611271,0.042918155381386,0.0478487893974356,False,True
L44356,CoCl2,0,0,0.0932067590000554,0.0583483173198273,0.0556160893322225,False,True
L44356,Dabrafenib,0,0,0.102824000340023,0.0647722928150267,0.068387880688757,False,True
L44356,Doxorubicin,0,1,0.1298040178991264,0.0833073601167731,0.1145100481376524,True,True
L44356,Trametinib,0,0,0.0791097509577917,0.0490554164435265,0.0313836430273195,False,True
L44509,Acid,3,1,0.6365308511858913,0.6096392718725988,0.6018914328587766,True,True
L44509,Cisplatin,3,0,0.2659023521342769,0.2310908021670272,0.2653038337498538,False,True
L44509,CoCl2,3,1,0.308868092536333,0.271706052939491,0.2795849914999556,True,True
L44509,Dabrafenib,3,0,0.3088680925363337,0.271706052939491,0.2159487888750771,False,True
L44509,Doxorubicin,3,0,0.4110199753961523,0.3719488422012763,0.406116201876621,False,True
L44509,Trametinib,3,0,0.2686010063822461,0.2336082063134024,0.2035355287214195,False,True
L44532,Acid,0,1,0.2846693786920213,0.2632709180120269,0.3793251854810884,True,True
L44532,Cisplatin,0,0,0.06962987611271,0.0607541666497981,0.0725934784959653,False,True
L44532,CoCl2,0,0,0.0932067590000554,0.0820471058005838,0.0401357832492678,False,True
L44532,Dabrafenib,0,0,0.102824000340023,0.0908285757162507,0.0868597669499744,False,True
L44532,Doxorubicin,0,1,0.1298040178991264,0.1158958484588254,0.1451889825594697,True,True
L44532,Trametinib,0,0,0.0791097509577917,0.0692573981228393,0.0639700439094849,False,True
L44586,Acid,0,1,0.7107123351234352,0.5977690087190402,0.7056676879836391,True,True
L44586,Cisplatin,0,0,0.3160193534202977,0.2119807443508981,0.298086983688908,False,True
L44586,CoCl2,0,0,0.3882126186004125,0.2709835785355923,0.2114829566007598,False,True
L44586,Dabrafenib,0,0,0.4143598638915241,0.2935208078418286,0.2025100725223741,False,True
L44586,Doxorubicin,0,0,0.4794041353972322,0.3528195443508056,0.4180412177091021,False,True
L44586,Trametinib,0,0,0.3465492711332963,0.2363242844032026,0.124853930207974,False,True
L45022,Acid,3,1,0.8393920852435338,0.8375802126624086,0.8786518084612233,True,True
L45022,Cisplatin,3,1,0.519455287953481,0.4980936179272578,0.562288361301638,True,True
L45022,CoCl2,3,0,0.5714958930853884,0.5519500068577073,0.4672650909656709,False,True
L45022,Dabrafenib,3,1,0.5714958930853892,0.5519500068577073,0.5267918707829775,True,True
L45022,Doxorubicin,3,1,0.6755997932300041,0.6616534586574149,0.7113333440430987,True,True
L45022,Trametinib,3,1,0.5228942983366103,0.501622110285858,0.4614117952608804,True,True
L45474,Acid,0,0,0.4328777043248581,0.3667644289110687,0.4225465452345717,False,False
L45474,Cisplatin,0,0,0.125527930426065,0.0948908976728929,0.0962307573848696,False,False
L45474,CoCl2,0,0,0.1646818096685305,0.1265361554264941,0.1040464622488857,False,False
L45474,Dabrafenib,0,0,0.1802083459980085,0.139356395431527,0.1014922445825007,False,False
L45474,Doxorubicin,0,0,0.2224585775702799,0.175235216606672,0.2224056801103262,False,False
L45474,Trametinib,0,0,0.1414610018446082,0.1076244783562804,0.0527414922668029,False,False
L46013,Acid,4,0,0.2968821351175162,0.2832121532039336,0.0825106815988461,False,False
L46013,Cisplatin,4,0,0.0794343772887644,0.0719141024763027,0.0164616838482886,False,False
L46013,CoCl2,4,0,0.0975269614574984,0.0888249034862607,0.0167269602107203,False,False
L46013,Dabrafenib,4,0,0.094316337926325,0.0858071504259098,0.3384040235424538,False,False
L46013,Doxorubicin,4,0,0.1364228780661134,0.1259782056225591,0.0866382353367477,False,False
L46013,Trametinib,4,0,0.0755059582532245,0.0682805258498151,0.3368005418800188,False,False
L46096,Acid,3,1,0.6205432124148139,0.6554021683915013,0.5896475237597025,True,True
L46096,Cisplatin,3,0,0.2527503940096683,0.2679423692781176,0.2760703543635843,False,True
L46096,CoCl2,3,0,0.2944433700416058,0.3124029543823592,0.2420927222358569,False,True
L46096,Dabrafenib,3,1,0.2944433700416064,0.3124029543823592,0.3657968844688237,True,True
L46096,Doxorubicin,3,1,0.39454801926848,0.4190217587902068,0.4089251399291074,True,True
L46096,Trametinib,3,1,0.2553620005339106,0.2707198765687018,0.3440245661559162,True,True
L46431,Acid,4,1,0.4062027571838147,0.3577703552009339,0.447198420805861,True,True
L46431,Cisplatin,4,0,0.1226519397577298,0.0984893975522702,0.103327090998827,False,True
L46431,CoCl2,4,0,0.1489948927966237,0.1208358066855073,0.1485093051297068,False,True
L46431,Dabrafenib,4,1,0.1443609557083698,0.1168700011205479,0.0638549575052112,True,True
L46431,Doxorubicin,4,1,0.2037823767384863,0.1688966190761323,0.232466474908986,True,True
L46431,Trametinib,4,0,0.1168575141152345,0.0936485523035791,0.0554092527783089,False,True
L46767,Acid,2,0,0.2807695161874157,0.2613078499734989,0.2271703212093545,False,True
L46767,Cisplatin,2,0,0.0773739631839097,0.0696916139127027,0.0748805930989361,False,True
L46767,CoCl2,2,0,0.0908442457636326,0.0820793488382964,0.0665082852949039,False,True
L46767,Dabrafenib,2,0,0.0908442457636327,0.0820793488382964,0.0904069563497452,False,True
L46767,Doxorubicin,2,1,0.1252471706812583,0.114174972036219,0.110977789043805,True,True
L46767,Trametinib,2,0,0.0730787807484661,0.065770716816289,0.0821862090980494,False,True
L46940,Acid,2,0,0.4332282471416219,0.5109213179440883,0.5259262939287993,False,False
L46940,Cisplatin,2,0,0.1410473861614739,0.1811520216509412,0.2413146665757691,False,False
L46940,CoCl2,2,0,0.1636367274924759,0.2089030534102817,0.3273615154878435,False,False
L46940,Dabrafenib,2,0,0.163636727492476,0.2089030534102817,0.2072604799353063,False,False
L46940,Doxorubicin,2,0,0.2189669938919418,0.2756958637396417,0.2462913669683999,False,False
L46940,Trametinib,2,0,0.1337298931096704,0.1721204824891325,0.1227611617119171,False,False
L47103,Acid,4,1,0.8574673010304239,0.8042667328326347,0.804600656504918,True,True
L47103,Cisplatin,4,0,0.5514531832619189,0.4462361213513569,0.5015104428267345,False,True
L47103,CoCl2,4,1,0.6062535172733136,0.5034233782037396,0.6502057866776244,True,True
L47103,Dabrafenib,4,1,0.5973812122212172,0.4939559318545262,0.3180514687681101,True,True
L47103,Doxorubicin,4,0,0.6923815982955348,0.5998320491451089,0.6733716214376467,False,True
L47103,Trametinib,4,0,0.5378191033947773,0.4325031905405033,0.289765308662894,False,True
L47158,Acid,2,0,0.2879810790401368,0.1769184686473693,0.0618855969257273,False,True
L47158,Cisplatin,2,0,0.0799419805856406,0.0435374413135871,0.0231271570434161,False,True
L47158,CoCl2,2,0,0.0938138784504659,0.0515337769071853,0.0391776935442066,False,True
L47158,Dabrafenib,2,0,0.0938138784504659,0.0515337769071853,0.0341592844691908,False,True
L47158,Doxorubicin,2,1,0.1291816151328634,0.0726302028008305,0.0804749570147491,True,True
L47158,Trametinib,2,0,0.0755159104304394,0.0410231100826773,0.0362098243107096,False,True
L47601,Acid,2,1,0.6234929477423568,0.585451550032386,0.511929942044311,True,True
L47601,Cisplatin,2,0,0.2624012373030319,0.2302215717266612,0.243462052432262,False,True
L47601,CoCl2,2,1,0.2976901448064215,0.2630746270852766,0.334633741468788,True,True
L47601,Dabrafenib,2,0,0.2976901448064216,0.2630746270852766,0.2650311514016819,False,True
L47601,Doxorubicin,2,0,0.3778688424707558,0.3397492787284207,0.3679840549376922,False,True
L47601,Trametinib,2,1,0.2506249317151381,0.2193990987690802,0.2062048053760321,True,True
L47663,Acid,1,1,0.4139661310128785,0.4013138553001877,0.2982953397827691,True,True
L47663,Cisplatin,1,0,0.1269807530488096,0.1132607890256744,0.0889853784034938,False,True
L47663,CoCl2,1,0,0.1633657447244224,0.1474670547871342,0.1056883238464476,False,True
L47663,Dabrafenib,1,1,0.1600855915071559,0.1443547459516047,0.1568799165348055,True,True
L47663,Doxorubicin,1,0,0.2256880899456498,0.2077785182819474,0.2129859892649607,False,True
L47663,Trametinib,1,1,0.1292696161615275,0.1153844442978108,0.1369455348108002,True,True
L47728,Acid,4,0,0.29897467523817,0.2372583383965457,0.1939183322664922,False,False
L47728,Cisplatin,4,0,0.0801690138735493,0.0574952793650437,0.0443832409363363,False,False
L47728,CoCl2,4,0,0.0984110368485007,0.0712758499687293,0.0281462775229425,False,False
L47728,Dabrafenib,4,0,0.0951743785327787,0.0688092871786491,0.1543956968549773,False,False
L47728,Doxorubicin,4,0,0.1376057808821043,0.1019097846927517,0.0954518526973047,False,False
L47728,Trametinib,4,0,0.0762072710844168,0.0545474181959856,0.0889824108127342,False,False
L47899,Acid,1,0,0.2846492613888907,0.2979672962599869,0.220470858567899,False,True
L47899,Cisplatin,1,0,0.0757290196169657,0.0748229505933588,0.0654419159193533,False,True
L47899,CoCl2,1,0,0.09909531796825,0.0987127749999137,0.1406948631795878,False,True
L47899,Dabrafenib,1,0,0.0969560750019377,0.0965129444506189,0.0941569980192205,False,True
L47899,Doxorubicin,1,1,0.1410322674669205,0.1424155011880517,0.1230232002587835,True,True
L47899,Trametinib,1,0,0.0771757232365809,0.0762878956287638,0.080990267423644,False,True
L47994,Acid,2,1,0.6143202169246856,0.6589875077718206,0.6160496099137239,True,True
L47994,Cisplatin,2,0,0.2549437040829534,0.2903945440737909,0.2762630844079189,False,True
L47994,CoCl2,2,1,0.289623493646032,0.3281736542328676,0.4078991466812125,True,True
L47994,Dabrafenib,2,0,0.2896234936460322,0.3281736542328676,0.3113920933922787,False,True
L47994,Doxorubicin,2,0,0.3687703656742593,0.4131836308387288,0.3994954754166611,False,True
L47994,Trametinib,2,0,0.2433916457836476,0.2777640896155531,0.2502808223628952,False,True
L48487,Acid,1,1,0.7348626221518643,0.7842506630314781,0.752464380826355,True,True
L48487,Cisplatin,1,0,0.3633408202128097,0.4092050153260836,0.5102114094859516,False,True
L48487,CoCl2,1,1,0.4337993093445455,0.4840049765826439,0.6103726904404752,True,True
L48487,Dabrafenib,1,1,0.427866169475243,0.4777704249843053,0.4235515020490119,True,True
L48487,Doxorubicin,1,0,0.5335017380493688,0.5871598974669383,0.5545758611799282,False,True
L48487,Trametinib,1,0,0.3680937898316705,0.4142851711386327,0.3555962264884795,False,True
L4851,Acid,3,0,0.2800284500633928,0.2295086852596159,0.1923922576151842,False,True
L4851,Cisplatin,3,0,0.0744561004084269,0.0542156051087872,0.1184532761808258,False,True
L4851,CoCl2,3,0,0.090291954794067,0.0664299727529716,0.0326567895834707,False,True
L4851,Dabrafenib,3,0,0.0902919547940672,0.0664299727529716,0.0878714648701905,False,True
L4851,Doxorubicin,3,0,0.1341899264720791,0.1014926066965991,0.1118235178418016,False,True
L4851,Trametinib,3,1,0.0754113559162071,0.0549438900680427,0.0290888298777318,True,True
L48583,Acid,2,1,0.4914190742779422,0.5066098783313492,0.5615274940745837,True,True
L48583,Cisplatin,2,0,0.1718954499418562,0.1786071144194258,0.2054819366412767,False,True
L48583,CoCl2,2,0,0.1982847633344399,0.2060663965397465,0.1349849327823376,False,True
L48583,Dabrafenib,2,1,0.19828476333444,0.2060663965397465,0.190524920738286,True,True
L48583,Doxorubicin,2,1,0.2616652057913922,0.2722643818141934,0.3160128243682784,True,True
L48583,Trametinib,2,0,0.1632817934473473,0.169676163429395,0.15443483174269,False,True
L48852,Acid,1,0,0.6965071301318845,0.6984496814538349,0.6943792499050613,False,False
L48852,Cisplatin,1,0,0.3209065600051524,0.3062015479149052,0.307417479483098,False,False
L48852,CoCl2,1,0,0.3881531215583365,0.3740953982040279,0.3106245322818532,False,False
L48852,Dabrafenib,1,0,0.3824226209224762,0.3682661784525911,0.3524321049305102,False,False
L48852,Doxorubicin,1,0,0.4863764910126495,0.4754077666745953,0.5329373045412115,False,False
L48852,Trametinib,1,0,0.3253881362767996,0.3106753938928535,0.3058746787071791,False,False
L48895,Acid,3,0,0.5235855164775594,0.5314255595877635,0.5070500853639704,False,False
L48895,Cisplatin,3,0,0.1852101284420853,0.1791539350241958,0.2010295852404145,False,False
L48895,CoCl2,3,0,0.2190274852848779,0.2131717244509728,0.165862571443056,False,False
L48895,Dabrafenib,3,0,0.2190274852848784,0.2131717244509728,0.1717392092639099,False,False
L48895,Doxorubicin,3,0,0.3045599661237222,0.3007364691061108,0.2824576494291285,False,False
L48895,Trametinib,3,0,0.1872987817226508,0.1812389202360425,0.1392890447298834,False,False
L48945,Acid,1,1,0.496825320815045,0.3882609375532438,0.2604581057921689,True,True
L48945,Cisplatin,1,0,0.1689583692158867,0.1078885424946674,0.0704258147052685,False,True
L48945,CoCl2,1,0,0.2144174130435116,0.1407298153288289,0.1438446006529867,False,True
L48945,Dabrafenib,1,0,0.2103699600311866,0.1377367241934633,0.1033966693502453,False,True
L48945,Doxorubicin,1,0,0.289476823976551,0.1989288092382095,0.2625728808472788,False,True
L48945,Trametinib,1,0,0.1718549413378052,0.1099239543725214,0.0959216431407682,False,True
L49199,Acid,1,1,0.6206437501862662,0.6253978758672334,0.6866225837353819,True,True
L49199,Cisplatin,1,0,0.2519861919825461,0.2413411668442505,0.2927488282287553,False,True
L49199,CoCl2,1,0,0.3114132391180942,0.3010948348998224,0.3059621246579366,False,True
L49199,Dabrafenib,1,0,0.306248611192578,0.2958654222830698,0.2329072736763044,False,True
L49199,Doxorubicin,1,0,0.4030083293827077,0.3951175026691559,0.4035030534237623,False,True
L49199,Trametinib,1,0,0.2558679190350695,0.2452022740172802,0.2012796430077909,False,True
L49447,Acid,3,0,0.6153717214369409,0.674865740197539,0.4818956139330788,False,True
L49447,Cisplatin,3,0,0.2486356296563294,0.2854302803327438,0.1492531537977223,False,True
L49447,CoCl2,3,1,0.2899131869179771,0.3314787338536141,0.4259167818138283,True,True
L49447,Dabrafenib,3,0,0.2899131869179777,0.331478733853614,0.4103873514426021,False,True
L49447,Doxorubicin,3,1,0.3893275356682291,0.4404376900139539,0.4283565473106495,True,True
L49447,Trametinib,3,1,0.2512190131503846,0.2883176717641891,0.3274434241409062,True,True
L49477,Acid,4,0,0.4304619877675255,0.3751094977552436,0.3670054362175247,False,True
L49477,Cisplatin,4,0,0.1337925194938859,0.1053233964199962,0.0908567208182392,False,True
L49477,CoCl2,4,0,0.162086174809846,0.1289985076378817,0.1996007440397887,False,True
L49477,Dabrafenib,4,0,0.1571202544728783,0.1248028337639597,0.0916907049482678,False,True
L49477,Doxorubicin,4,1,0.2204405473411889,0.1796425348373035,0.2065249521925679,True,True
L49477,Trametinib,4,0,0.1275482962412675,0.1001839817317862,0.0632534030301142,False,True
L49732,Acid,3,1,0.441250310253221,0.37009955142421,0.3392961596112223,True,True
L49732,Cisplatin,3,0,0.1404037434085937,0.1015839152800287,0.0700934089293777,False,True
L49732,CoCl2,3,0,0.1677240281332675,0.123081224079132,0.08675126198205,False,True
L49732,Dabrafenib,3,0,0.1677240281332679,0.1230812240791319,0.0949904230367731,False,True
L49732,Doxorubicin,3,0,0.2393624197242214,0.1822091775542576,0.2043394447625926,False,True
L49732,Trametinib,3,0,0.1420752135044134,0.1028792895532251,0.0852828377966078,False,True
L50061,Acid,4,0,0.2811303118206386,0.2756735015919185,0.1289968351953891,False,False
L50061,Cisplatin,4,0,0.0740054563390073,0.0694548737820061,0.0781705101445404,False,False
L50061,CoCl2,4,0,0.0909837199544665,0.0858408681592084,0.0461772011920564,False,False
L50061,Dabrafenib,4,0,0.0879675059053129,0.0829152698372858,0.149620097031483,False,False
L50061,Doxorubicin,4,0,0.1276391277841468,0.1219130201039133,0.0838046846886723,False,False
L50061,Trametinib,4,0,0.0703250134578361,0.0659367257527799,0.1169645894017539,False,False
L50332,Acid,0,0,0.2846693786920213,0.1558593555595209,0.2641259617601501,False,False
L50332,Cisplatin,0,0,0.06962987611271,0.0323401841108086,0.0388965729800594,False,False
L50332,CoCl2,0,0,0.0932067590000554,0.0441427028160021,0.0186367638657713,False,False
L50332,Dabrafenib,0,0,0.102824000340023,0.0490842068713221,0.0349034366168096,False,False
L50332,Doxorubicin,0,0,0.1298040178991264,0.0634345102061884,0.0888634114629345,False,False
L50332,Trametinib,0,0,0.0791097509577917,0.0370233182708721,0.0173837370840565,False,False
L5045,Acid,3,1,0.6205432124148139,0.6770218519963381,0.6861947873198372,True,True
L5045,Cisplatin,3,0,0.2527503940096683,0.2874421550109919,0.3202268767046278,False,True
L5045,CoCl2,3,1,0.2944433700416058,0.3336636257170093,0.4490333720876177,True,True
L5045,Dabrafenib,3,0,0.2944433700416064,0.3336636257170092,0.2985998607672213,False,True
L5045,Doxorubicin,3,0,0.39454801926848,0.4428650023960486,0.4028270806663633,False,True
L5045,Trametinib,3,0,0.2553620005339106,0.2903416290691228,0.2508084767458816,False,True
L50672,Acid,4,1,0.7526692995508163,0.7031170509582846,0.7627283300351047,True,True
L50672,Cisplatin,4,0,0.3834410425552448,0.3171537953347125,0.3470541590715532,False,True
L50672,CoCl2,4,0,0.4378429501443382,0.3688161354438377,0.3483585981083374,False,True
L50672,Dabrafenib,4,0,0.4287515333985054,0.3600446996664073,0.349140501639652,False,True
L50672,Doxorubicin,4,0,0.5323958597528916,0.4635081682319767,0.5080328819196535,False,True
L50672,Trametinib,4,0,0.370529468355,0.3052039484581255,0.2404631489500387,False,True
L50675,Acid,1,0,0.2952569053890467,0.2300421162454868,0.0412144038553187,False,False
L50675,Cisplatin,1,0,0.0794154333052323,0.0538633045258278,0.017507837275977,False,False
L50675,CoCl2,1,0,0.1037914496285774,0.07157878604438,0.0300927036628189,False,False
L50675,Dabrafenib,1,0,0.1015622566428531,0.0699367194716041,0.2747434831633826,False,False
L50675,Doxorubicin,1,0,0.1473906496025865,0.1046636087321496,0.1084980532445551,False,False
L50675,Trametinib,1,0,0.0809263949015811,0.054942254242323,0.146035651518205,False,False
L5070,Acid,1,0,0.2838807297763159,0.2934270198435084,0.1928770863972902,False,False
L5070,Cisplatin,1,0,0.0754650511914505,0.073327687253397,0.0842829274460287,False,False
L5070,CoCl2,1,0,0.0987586044275129,0.0967900430388024,0.1530961194058457,False,False
L5070,Dabrafenib,1,0,0.0966258507238606,0.0946285621214574,0.0702394966541118,False,False
L5070,Doxorubicin,1,0,0.1405752922599338,0.1397735382037904,0.1489354146505274,False,False
L5070,Trametinib,1,0,0.0769071316414241,0.0747657226188703,0.0766656228374869,False,False
L50807,Acid,4,1,0.7052387033855532,0.6824445321786144,0.6542712569176914,True,True
L50807,Cisplatin,4,0,0.3283852877596207,0.2964960645007528,0.4147420912043337,False,True
L50807,CoCl2,4,0,0.3797875291104905,0.3465009210941883,0.3534601644314022,False,True
L50807,Dabrafenib,4,0,0.3711057956216029,0.3379760219904568,0.1851965406816398,False,True
L50807,Doxorubicin,4,0,0.4723372883497851,0.4394525835331339,0.4533914076428924,False,True
L50807,Trametinib,4,0,0.3163763113985929,0.2849997075883366,0.2476818966080378,False,True
L50844,Acid,1,0,0.4006161480198365,0.2791020244967188,0.1491547408858923,False,False
L50844,Cisplatin,1,0,0.1209752434080474,0.0687030598899928,0.0665724306249313,False,False
L50844,CoCl2,1,0,0.1559468078263411,0.0908307325865537,0.0453248938909099,False,False
L50844,Dabrafenib,1,0,0.1527884125735933,0.0887892504473238,0.1119126356324563,False,False
L50844,Doxorubicin,1,0,0.2161701867667327,0.1315532177082143,0.1244985184765937,False,False
L50844,Trametinib,1,0,0.1231711282899808,0.0700572578481647,0.1267287009514204,False,False
L51013,Acid,3,0,0.2940412912595201,0.2856021279599242,0.0896680686014163,False,False
L51013,Cisplatin,3,0,0.0793152022594877,0.0714385642118002,0.0236324846294796,False,False
L51013,CoCl2,3,0,0.0960772445913733,0.0871754861447296,0.046075712645678,False,False
L51013,Dabrafenib,3,0,0.0960772445913736,0.0871754861447296,0.1004787470199105,False,False
L51013,Doxorubicin,3,0,0.1423477794644546,0.1316438422263076,0.1570257929698661,False,False
L51013,Trametinib,3,0,0.0803273884269043,0.072380501573824,0.1162541581010181,False,False
L51134,Acid,0,1,0.8372760689895329,0.8516196154433532,0.8601675303808246,True,True
L51134,Cisplatin,0,1,0.4917823422183606,0.5095378085701134,0.5471157294551305,True,True
L51134,CoCl2,0,1,0.5706297424163295,0.5894143621493287,0.7280243138978861,True,True
L51134,Dabrafenib,0,1,0.5970725017323941,0.6160551884995381,0.5964250148543102,True,True
L51134,Doxorubicin,0,1,0.6585462404954944,0.6779822631994402,0.6908137922025605,True,True
L51134,Trametinib,0,0,0.5262285135520984,0.5444435565818743,0.3773176202661348,False,True
L51167,Acid,2,0,0.2879810790401368,0.2418458314907249,0.0476375808253392,False,True
L51167,Cisplatin,2,0,0.0799419805856406,0.0632785006958581,0.0085999517150074,False,True
L51167,CoCl2,2,1,0.0938138784504659,0.0746177315004548,0.0435063890716043,True,True
L51167,Dabrafenib,2,1,0.0938138784504659,0.0746177315004548,0.2417415746483164,True,True
L51167,Doxorubicin,2,0,0.1291816151328634,0.104126605934013,0.113416416434598,False,True
L51167,Trametinib,2,1,0.0755159104304394,0.0596952577599477,0.1460340094032666,True,True
L51179,Acid,3,0,0.2839379758377813,0.3705032706554408,0.2395908850181637,False,False
L51179,Cisplatin,3,0,0.0757977484189873,0.1017420376896669,0.1309192141749354,False,False
L51179,CoCl2,3,0,0.0918906235877918,0.1232682173413551,0.0920756523594827,False,False
L51179,Dabrafenib,3,0,0.0918906235877921,0.1232682173413551,0.1750554201282281,False,False
L51179,Doxorubicin,3,0,0.136449253309681,0.1824673101068972,0.1522951616511483,False,False
L51179,Trametinib,3,0,0.0767687892495874,0.1030391970490617,0.1267379437496833,False,False
L51204,Acid,1,1,0.5172358209359385,0.5581914427476636,0.5746009346210861,True,True
L51204,Cisplatin,1,1,0.1807376184052569,0.1940291960200141,0.182480666436825,True,True
L51204,CoCl2,1,0,0.2284945372986944,0.2458651400954638,0.2946670265644022,False,True
L51204,Dabrafenib,1,0,0.2242572133319551,0.2412638281301548,0.2276467408734128,False,True
L51204,Doxorubicin,1,1,0.3065588084052791,0.3308043665017392,0.3724671524109822,True,True
L51204,Trametinib,1,0,0.1837914698511143,0.197330259231247,0.1926898766245461,False,True
L51669,Acid,4,1,0.8836709342707759,0.886227579941634,0.8876192525685344,True,True
L51669,Cisplatin,4,0,0.608209962313186,0.6043695712873605,0.6214710191935883,False,True
L51669,CoCl2,4,0,0.6603470523159044,0.657751303922006,0.4990292633143725,False,True
L51669,Dabrafenib,4,0,0.6519939619423066,0.6491757444192837,0.7460964005433451,False,True
L51669,Doxorubicin,4,1,0.7397226219661897,0.7396905645514593,0.7520227850064467,True,True
L51669,Trametinib,4,1,0.5950341585860541,0.5909635569581045,0.6749012597026083,True,True
L5170,Acid,0,0,0.2913335192140022,0.3065682162607762,0.2418568907022502,False,False
L5170,Cisplatin,0,0,0.0717649606822348,0.0740954149899403,0.0466817340402775,False,False
L5170,CoCl2,0,0,0.0959902001688309,0.099568478258304,0.1467970804909453,False,False
L5170,Dabrafenib,0,0,0.1058611135447152,0.1100005314231215,0.1141710387564954,False,False
L5170,Doxorubicin,0,0,0.1335194425566999,0.1395468360737791,0.149712949753415,False,False
L5170,Trametinib,0,0,0.0815100531712696,0.0842983163495098,0.0856116508249714,False,False
L52264,Acid,2,1,0.7116288222306554,0.7124360623986454,0.7483649739665489,True,True
L52264,Cisplatin,2,0,0.3464641811972695,0.3441150941186097,0.3836316442185912,False,True
L52264,CoCl2,2,1,0.3871247981204925,0.3850903144537332,0.4884067083262716,True,True
L52264,Dabrafenib,2,0,0.3871247981204926,0.3850903144537332,0.3337164303178869,False,True
L52264,Doxorubicin,2,1,0.4750965095287076,0.4744322342677765,0.4835028886788801,True,True
L52264,Trametinib,2,0,0.3326164772370201,0.3302354827833225,0.2279876779816246,False,True
L52309,Acid,2,1,0.4914190742779422,0.560046130301387,0.469697979983777,True,True
L52309,Cisplatin,2,0,0.1718954499418562,0.2123354750920016,0.3477848928439014,False,True
L52309,CoCl2,2,0,0.1982847633344399,0.2434433436987198,0.3811209153361417,False,True
L52309,Dabrafenib,2,0,0.19828476333444,0.2434433436987198,0.2182142225511731,False,True
L52309,Doxorubicin,2,1,0.2616652057913922,0.3168564866074579,0.2666935737936469,True,True
L52309,Trametinib,2,0,0.1632817934473473,0.2021330246440414,0.208162659261695,False,True
L52385,Acid,2,0,0.2879810790401368,0.3355441870738511,0.3383254197879535,False,True
L52385,Cisplatin,2,0,0.0799419805856406,0.0966102862826292,0.115976100160026,False,True
L52385,CoCl2,2,0,0.0938138784504659,0.1132006150843275,0.1289530483334761,False,True
L52385,Dabrafenib,2,0,0.0938138784504659,0.1132006150843275,0.1174518307029291,False,True
L52385,Doxorubicin,2,1,0.1291816151328634,0.1554053407121872,0.1174930370044179,True,True
L52385,Trametinib,2,0,0.0755159104304394,0.0913235935773104,0.0679206835084197,False,True
L52613,Acid,0,1,0.8541325867057992,0.8679709266263197,0.8458498266737297,True,True
L52613,Cisplatin,0,0,0.5240853461152066,0.5433734871985944,0.5772030630948439,False,True
L52613,CoCl2,0,1,0.6019772624125224,0.6218293516006804,0.7150893150948572,True,True
L52613,Dabrafenib,0,0,0.6277488734909704,0.6476243376672531,0.5459094763781347,False,True
L52613,Doxorubicin,0,1,0.6869959077805028,0.7068822596124605,0.6956511465304244,True,True
L52613,Trametinib,0,0,0.5583085098789685,0.5778661676576923,0.4211909131851478,False,True
L52820,Acid,0,1,0.8084674571747054,0.7724983262270526,0.8211207452466829,True,True
L52820,Cisplatin,0,0,0.4425326592560455,0.3806635580556275,0.4213869399002257,False,True
L52820,CoCl2,0,0,0.5215877916885523,0.4592546377819101,0.3928954530182614,False,True
L52820,Dabrafenib,0,0,0.5486619419033492,0.4869902250314719,0.3797848615265686,False,True
L52820,Doxorubicin,0,1,0.6127309859937611,0.5546868363343357,0.613062594581754,True,True
L52820,Trametinib,0,1,0.4767653421613225,0.4141964962191992,0.337792419776847,True,True
L53092,Acid,3,1,0.6700418436624358,0.701148765923323,0.698107026079705,True,True
L53092,Cisplatin,3,0,0.2957795442258379,0.3110566155739193,0.2589043068102104,False,True
L53092,CoCl2,3,1,0.3413282802928127,0.3591613599249663,0.418359076170073,True,True
L53092,Dabrafenib,3,0,0.3413282802928134,0.3591613599249663,0.3417240654393597,False,True
L53092,Doxorubicin,3,0,0.4472681690045619,0.4708114025908972,0.4740087142961277,False,True
L53092,Trametinib,3,0,0.2986580602690816,0.3140892946913937,0.2680358805141827,False,True
L5415,Acid,3,0,0.2800284500633928,0.2882819235428732,0.2259005548359031,False,False
L5415,Cisplatin,3,0,0.0744561004084269,0.0723122731126932,0.0624278873942128,False,False
L5415,CoCl2,3,0,0.090291954794067,0.0882233746197936,0.1189780860495306,False,False
L5415,Dabrafenib,3,0,0.0902919547940672,0.0882233746197936,0.0758372022090748,False,False
L5415,Doxorubicin,3,0,0.1341899264720791,0.1331482916435837,0.1270882291992803,False,False
L5415,Trametinib,3,0,0.0754113559162071,0.0732648216179319,0.0932267637558976,False,False
L54153,Acid,2,1,0.9296809401592008,0.9304072072732268,0.9572965022027528,True,True
L54153,Cisplatin,2,1,0.7395965489185881,0.7389864467340729,0.7976262049261883,True,True
L54153,CoCl2,2,0,0.7719009650479741,0.7716618655559215,0.7778169121848899,False,True
L54153,Dabrafenib,2,0,0.7719009650479743,0.7716618655559215,0.7359349234481397,False,True
L54153,Doxorubicin,2,1,0.8290336675368442,0.8296792915756631,0.8456056825716232,True,True
L54153,Trametinib,2,0,0.7275278357534752,0.7268295819257908,0.7022437768026634,False,True
L54250,Acid,4,1,0.8767491240231617,0.8898336188657859,0.8951046307778078,True,True
L54250,Cisplatin,4,0,0.5924568551870273,0.6130081145871037,0.7042965650072358,False,True
L54250,CoCl2,4,1,0.6454683033259232,0.6658686672660943,0.629036123945693,True,True
L54250,Dabrafenib,4,1,0.6369504736354197,0.6573905573556706,0.6458910926159589,True,True
L54250,Doxorubicin,4,0,0.7268828603615467,0.7466131793515393,0.7735795459860602,False,True
L54250,Trametinib,4,1,0.5791178820433863,0.5997009392179654,0.560631349646917,True,True
L54385,Acid,0,0,0.283084547091898,0.2913270971704572,0.1711886453808634,False,False
L54385,Cisplatin,0,0,0.0691265369767683,0.0692574266569531,0.0296352643242963,False,False
L54385,CoCl2,0,0,0.0925499417249437,0.0932347321721333,0.0689976622234399,False,False
L54385,Dabrafenib,0,0,0.1021070427147207,0.1030791496379577,0.1277286331314145,False,False
L54385,Doxorubicin,0,0,0.1289259711728003,0.1310400866807411,0.1533543269250158,False,False
L54385,Trametinib,0,0,0.078543669144304,0.0788508726783111,0.0759711822102341,False,False
L54918,Acid,1,0,0.5851106614986483,0.6207518446485739,0.6235360806922193,False,True
L54918,Cisplatin,1,0,0.225038911752235,0.2377375535761285,0.2448354716034734,False,True
L54918,CoCl2,1,0,0.2804939261801946,0.2969482280819899,0.2409461765713101,False,True
L54918,Dabrafenib,1,0,0.2756368162578368,0.2917607693975672,0.3192285075118838,False,True
L54918,Doxorubicin,1,1,0.3678530659390343,0.3903993287071428,0.3901197455646321,True,True
L54918,Trametinib,1,0,0.2286324082835333,0.2415593649434276,0.2461241367902409,False,True
L5495,Acid,0,1,0.8441989962570668,0.8504053578063093,0.8402395195009074,True,True
L5495,Cisplatin,0,1,0.5047089406858957,0.5071442426240386,0.5804615202095572,True,True
L5495,CoCl2,0,0,0.5832503563175235,0.5870947237214614,0.699667748534282,False,True
L5495,Dabrafenib,0,1,0.6094478365391913,0.6137874385662565,0.5563445599359381,True,True
L5495,Doxorubicin,0,0,0.6700767894476672,0.6758878479314744,0.695581182695147,False,True
L5495,Trametinib,0,1,0.5391000928449208,0.5420672431588,0.4559735212809049,True,True
L55,Acid,0,1,0.7108442416316978,0.6864182665535142,0.4675144232064744,True,True
L55,Cisplatin,0,0,0.3161580641114466,0.2837820837505468,0.1047078442762828,False,True
L55,CoCl2,0,1,0.3883650247478906,0.3537973664003096,0.2430052085240512,True,True
L55,Dabrafenib,0,0,0.4145155800030287,0.3796354182426507,0.4160306030856785,False,True
L55,Doxorubicin,0,1,0.4795642789278885,0.4453642258746897,0.4140741688012329,True,True
L55,Trametinib,0,0,0.3466945899222729,0.3130950624209727,0.5012875594969232,False,True
L55260,Acid,4,1,0.7792814604749662,0.8625268793894759,0.8223264503842767,True,True
L55260,Cisplatin,4,1,0.4191207732363755,0.5516574245817626,0.5302313783808313,True,True
L55260,CoCl2,4,1,0.4746874973575028,0.6075328736052179,0.6351307263296729,True,True
L55260,Dabrafenib,4,1,0.465464490934688,0.5984671601579086,0.5850593030274698,True,True
L55260,Doxorubicin,4,0,0.5691415499659805,0.6959371947177718,0.635905256054361,False,True
L55260,Trametinib,4,1,0.4057985066293089,0.5378311484682331,0.5367840835983149,True,True
L55272,Acid,4,0,0.2811303118206386,0.1471258645934652,0.0291599082048128,False,True
L55272,Cisplatin,4,0,0.0740054563390073,0.0327234716424339,0.0089563312967902,False,True
L55272,CoCl2,4,0,0.0909837199544665,0.0408238631654541,0.0328936150998615,False,True
L55272,Dabrafenib,4,0,0.0879675059053129,0.039366449004639,0.1232612599851972,False,True
L55272,Doxorubicin,4,1,0.1276391277841468,0.0592040512437868,0.0323687118973299,True,True
L55272,Trametinib,4,1,0.0703250134578361,0.0310039150243907,0.1314740505068215,True,True
L55579,Acid,1,0,0.5630410643353265,0.5932814858074462,0.6015964757713049,False,False
L55579,Cisplatin,1,0,0.2096866377358257,0.2174963404336019,0.2452935414541333,False,False
L55579,CoCl2,1,0,0.2626406289661105,0.2734743937539147,0.3495171455852379,False,False
L55579,Dabrafenib,1,0,0.2579818237250687,0.2685403731173308,0.2257073751015071,False,False
L55579,Doxorubicin,1,0,0.3471219728330642,0.3633561341492061,0.3836217343179009,False,False
L55579,Trametinib,1,0,0.2131023965771966,0.2210871361268723,0.1966498242351796,False,False
L55883,Acid,2,0,0.4046476253627627,0.4454998752743242,0.4141708970978107,False,False
L55883,Cisplatin,2,0,0.1274092039915534,0.1454025847903751,0.1818263856397796,False,False
L55883,CoCl2,2,0,0.1481911644941574,0.1688060801880188,0.0731499170500864,False,False
L55883,Dabrafenib,2,0,0.1481911644941574,0.1688060801880188,0.1675864894017351,False,False
L55883,Doxorubicin,2,0,0.1995448816718135,0.2264483860654224,0.2261788425727909,False,False
L55883,Trametinib,2,0,0.1206998314487802,0.1378533186848725,0.1282210895153603,False,False
L55974,Acid,3,1,0.8134831501765434,0.7945153495058633,0.8291004000599279,True,True
L55974,Cisplatin,3,1,0.474260836178186,0.4266340939581202,0.5015846558179387,True,True
L55974,CoCl2,3,0,0.5267366642754673,0.4801556426210029,0.3821798754168593,False,True
L55974,Dabrafenib,3,0,0.526736664275468,0.4801556426210028,0.4470293340017014,False,True
L55974,Doxorubicin,3,1,0.6347651951275494,0.5945240236649616,0.6419921628931206,True,True
L55974,Trametinib,3,0,0.4776980741322434,0.430090153028332,0.4355142571763641,False,True
L56263,Acid,3,0,0.2800284500633928,0.284644710527502,0.1925968296789156,False,True
L56263,Cisplatin,3,0,0.0744561004084269,0.0711276025317911,0.0515397487378281,False,True
L56263,CoCl2,3,1,0.090291954794067,0.0868024273992974,0.0974616418739868,True,True
L56263,Dabrafenib,3,1,0.0902919547940672,0.0868024273992974,0.1507205186065694,True,True
L56263,Doxorubicin,3,0,0.1341899264720791,0.1311078178525904,0.1399521235087321,False,True
L56263,Trametinib,3,0,0.0754113559162071,0.0720657579879659,0.1092880939603675,False,True
L56535,Acid,2,0,0.3123280499487586,0.2466004219859797,0.229985553694464,False,False
L56535,Cisplatin,2,0,0.0888965001766363,0.064822685529789,0.0549696364984565,False,False
L56535,CoCl2,2,0,0.10414634088636,0.0764160539091589,0.0913033744771599,False,False
L56535,Dabrafenib,2,0,0.1041463408863601,0.0764160539091589,0.0871873619533974,False,False
L56535,Doxorubicin,2,0,0.142795584893713,0.1065542167012735,0.085255969583126,False,False
L56535,Trametinib,2,0,0.0840199282215226,0.0611577097407122,0.0577501289701258,False,False
L56999,Acid,0,1,0.921847829526964,0.9418561089479456,0.9526446452260048,True,True
L56999,Cisplatin,0,1,0.6892788430766311,0.7456844557041925,0.8092012184959934,True,True
L56999,CoCl2,0,1,0.7528823664198646,0.8020435389966163,0.8236011316352354,True,True
L56999,Dabrafenib,0,0,0.7725744570596564,0.8191217532997499,0.809709128463426,False,True
L56999,Doxorubicin,0,1,0.815544245237112,0.8559541758750129,0.8712094504651138,True,True
L56999,Trametinib,0,1,0.7180144821210274,0.771326320739416,0.7490818455802128,True,True
L57101,Acid,0,1,0.6285664830940076,0.5929282556745886,0.5543106516332559,True,True
L57101,Cisplatin,0,0,0.2414217716489375,0.2086435836965555,0.207527844896995,False,True
L57101,CoCl2,0,0,0.3041515279033174,0.2670323115351908,0.2368169019668537,False,True
L57101,Dabrafenib,0,0,0.3276694165710715,0.2893713613023962,0.2469151387681939,False,True
L57101,Doxorubicin,0,1,0.3881240952839889,0.348245023998606,0.3763876989698532,True,True
L57101,Trametinib,0,0,0.2675641521474269,0.2327170657831388,0.1913762271256937,False,True
L57672,Acid,2,0,0.4182482055123107,0.3096323235925221,0.3458451566378906,False,False
L57672,Cisplatin,2,0,0.1337855071112935,0.0867409985961606,0.0918537131381376,False,False
L57672,CoCl2,2,0,0.1554222690865395,0.1018275640577223,0.0757192368453736,False,False
L57672,Dabrafenib,2,0,0.1554222690865395,0.1018275640577223,0.0542498045970221,False,False
L57672,Doxorubicin,2,0,0.20866797340549,0.1404636876941084,0.1767710847855308,False,False
L57672,Trametinib,2,0,0.1267891472075863,0.0819453827872663,0.0502928261917472,False,False
L57740,Acid,1,1,0.2838807297763159,0.2929794013523912,0.3106313245894395,True,True
L57740,Cisplatin,1,0,0.0754650511914505,0.0731810518828821,0.1226251792287615,False,True
L57740,CoCl2,1,0,0.0987586044275129,0.0966013803781637,0.0697725262334232,False,True
L57740,Dabrafenib,1,0,0.0966258507238606,0.0944436720628955,0.0461993971158645,False,True
L57740,Doxorubicin,1,1,0.1405752922599338,0.1395140338790664,0.1462131003494469,True,True
L57740,Trametinib,1,0,0.0769071316414241,0.0746164431219985,0.0453849999781868,False,True
L58090,Acid,2,0,0.8596105737105338,0.8670633744907702,0.8437376919507539,False,True
L58090,Cisplatin,2,0,0.5681073632823651,0.580051659763785,0.5350592014167557,False,True
L58090,CoCl2,2,1,0.6104816070059713,0.6224586490416767,0.763921799472857,True,True
L58090,Dabrafenib,2,1,0.6104816070059715,0.6224586490416767,0.647411460764191,True,True
L58090,Doxorubicin,2,1,0.6919080588016111,0.703836468646116,0.6911173368058959,True,True
L58090,Trametinib,2,1,0.5528954639591287,0.5648512295091174,0.5866050922180852,True,True
L58986,Acid,0,0,0.283084547091898,0.3053131833248142,0.1910148958430065,False,True
L58986,Cisplatin,0,0,0.0691265369767683,0.0736909451127215,0.0614222754298386,False,True
L58986,CoCl2,0,0,0.0925499417249437,0.0990398304933164,0.088955669825361,False,True
L58986,Dabrafenib,0,0,0.1021070427147207,0.109423226731898,0.1107882948095417,False,True
L58986,Doxorubicin,0,1,0.1289259711728003,0.1388386563959112,0.1242996442391975,True,True
L58986,Trametinib,0,0,0.078543669144304,0.0838431945354587,0.1591194202827711,False,True
L5905,Acid,4,0,0.4062027571838147,0.4001115991698689,0.3635348669493197,False,True
L5905,Cisplatin,4,0,0.1226519397577298,0.1156721052322352,0.1669103810730313,False,True
L5905,CoCl2,4,1,0.1489948927966237,0.1413060426513167,0.1893857904289149,True,True
L5905,Dabrafenib,4,0,0.1443609557083698,0.1367729257211172,0.0899217525333523,False,True
L5905,Doxorubicin,4,0,0.2037823767384863,0.1956963116876343,0.2636531710439929,False,True
L5905,Trametinib,4,0,0.1168575141152345,0.110089847461166,0.0846805205444727,False,True
L5936,Acid,3,1,0.2839379758377813,0.2630568529914624,0.2256529833773593,True,True
L5936,Cisplatin,3,0,0.0757977484189873,0.0642781258219374,0.0487088545196367,False,True
L5936,CoCl2,3,0,0.0918906235877918,0.0785711714354016,0.0788049768558124,False,True
L5936,Dabrafenib,3,0,0.0918906235877921,0.0785711714354016,0.0671411333178245,False,True
L5936,Doxorubicin,3,0,0.136449253309681,0.1192237083180869,0.1526322283326424,False,True
L5936,Trametinib,3,0,0.0767687892495874,0.0651322731961956,0.054443070952911,False,True
L59420,Acid,0,1,0.9062275669798072,0.9194599521853692,0.9413859756324808,True,True
L59420,Cisplatin,0,1,0.6450720446844055,0.6738888646751594,0.759517004153777,True,True
L59420,CoCl2,0,1,0.7139694839289135,0.7406243266345709,0.7007155400367261,True,True
L59420,Dabrafenib,0,0,0.7356737638619522,0.7614251623717601,0.778483534628942,False,True
L59420,Doxorubicin,0,0,0.7836632615700141,0.8072416316503185,0.8447634728399461,False,True
L59420,Trametinib,0,1,0.6759740797481953,0.7038951441648703,0.7069432041489669,True,True
L5986,Acid,3,1,0.4146843208666432,0.4623310977175451,0.3548269066610695,True,True
L5986,Cisplatin,3,0,0.1278074763493444,0.1419825848516401,0.1446521602407142,False,True
L5986,CoCl2,3,0,0.153113315407486,0.1704075314547359,0.3466902727126471,False,True
L5986,Dabrafenib,3,0,0.1531133154074864,0.1704075314547359,0.0900768861999443,False,True
L5986,Doxorubicin,3,0,0.2201619795680417,0.2458957192613235,0.2331418890237837,False,True
L5986,Trametinib,3,0,0.129351556344138,0.1437107093549484,0.0692583870218404,False,True
L60064,Acid,3,1,0.2800284500633928,0.316490632549224,0.2766147621731874,True,True
L60064,Cisplatin,3,1,0.0744561004084269,0.081817497088878,0.1083253204211186,True,True
L60064,CoCl2,3,1,0.090291954794067,0.0995955261729451,0.1185398255201223,True,True
L60064,Dabrafenib,3,0,0.0902919547940672,0.0995955261729451,0.1119518213070991,False,True
L60064,Doxorubicin,3,1,0.1341899264720791,0.1493627089105758,0.1313303783870905,True,True
L60064,Trametinib,3,0,0.0754113559162071,0.0828840683191427,0.0601682003142633,False,True
L6043,Acid,1,1,0.8063953357381932,0.840181674679045,0.8394297968808013,True,True
L6043,Cisplatin,1,0,0.4616820777403089,0.5004290593000644,0.5378922527198292,False,True
L6043,CoCl2,1,1,0.5351802190909166,0.5756563086974701,0.6527680796051706,True,True
L6043,Dabrafenib,1,0,0.5291563591715079,0.5695442757134382,0.5631303867163833,False,True
L6043,Doxorubicin,1,1,0.6321678922325292,0.6728724942488349,0.6834496454036252,True,True
L6043,Trametinib,1,1,0.4667783080553676,0.5056723900513914,0.4647881394567286,True,True
L60553,Acid,4,0,0.4343535892129345,0.385603150802796,0.349051618674439,False,False
L60553,Cisplatin,4,0,0.1356408285446726,0.1095934454762359,0.1085610789571682,False,False
L60553,CoCl2,4,0,0.1642512362708553,0.1340845483935119,0.0913378264569992,False,False
L60553,Dabrafenib,4,0,0.159231589114579,0.129748093316547,0.1295059344552678,False,False
L60553,Doxorubicin,4,0,0.2231774654903519,0.1862982402322124,0.1929480567181661,False,False
L60553,Trametinib,4,0,0.1293232217737924,0.1042699509698254,0.1169797413782693,False,False
L60620,Acid,0,1,0.2913335192140022,0.2098708531292361,0.0534154589567066,True,True
L60620,Cisplatin,0,1,0.0717649606822348,0.045873484246328,0.0147121489087203,True,True
L60620,CoCl2,0,0,0.0959902001688309,0.0622970018949105,0.0418795618024965,False,True
L60620,Dabrafenib,0,1,0.1058611135447152,0.0691238029400863,0.0664572888755311,True,True
L60620,Doxorubicin,0,0,0.1335194425566999,0.0887858721474964,0.0967783479696892,False,True
L60620,Trametinib,0,1,0.0815100531712696,0.0524102126317609,0.1548542173505989,True,True
L61163,Acid,3,0,0.6205432124148139,0.6300735702047421,0.6535072025814249,False,True
L61163,Cisplatin,3,1,0.2527503940096683,0.2468607186229189,0.1845825344933559,True,True
L61163,CoCl2,3,1,0.2944433700416058,0.2892051255736046,0.2688855870319988,True,True
L61163,Dabrafenib,3,0,0.2944433700416064,0.2892051255736046,0.2279557076086248,False,True
L61163,Doxorubicin,3,0,0.39454801926848,0.3924252769429441,0.4458611208958772,False,True
L61163,Trametinib,3,0,0.2553620005339106,0.249494171161851,0.1907375136139385,False,True
L61172,Acid,3,1,0.5724756131613613,0.6560083430839718,0.6395708065133687,True,True
L61172,Cisplatin,3,1,0.2168883503233858,0.2684693757184714,0.2541429572743509,True,True
L61172,CoCl2,3,1,0.2546818492484012,0.3129800217498453,0.4445111297685802,True,True
L61172,Dabrafenib,3,0,0.2546818492484017,0.3129800217498453,0.29097158751237,False,True
L61172,Doxorubicin,3,0,0.3479346494988212,0.4196755656149949,0.4267775136392718,False,True
L61172,Trametinib,3,0,0.2192381212966052,0.2712503217845551,0.2381981148493731,False,True
L61259,Acid,2,1,0.6146302014140563,0.6107886774327234,0.6764306481500494,True,True
L61259,Cisplatin,2,1,0.2551923354445242,0.2494354490091305,0.3122856765638599,True,True
L61259,CoCl2,2,0,0.2898927867250647,0.284018721129538,0.2229633375339759,False,True
L61259,Dabrafenib,2,0,0.2898927867250648,0.284018721129538,0.2173311612795961,False,True
L61259,Doxorubicin,2,0,0.3690750157000719,0.3637842660712415,0.3781090886419412,False,True
L61259,Trametinib,2,0,0.2436326950947443,0.2379889977723047,0.1805303034817968,False,True
L61285,Acid,3,0,0.2800284500633928,0.3279902427204988,0.2209190243595884,False,False
L61285,Cisplatin,3,0,0.0744561004084269,0.0858614389013123,0.1125310852911652,False,False
L61285,CoCl2,3,0,0.090291954794067,0.1044182428395893,0.0808160207755429,False,False
L61285,Dabrafenib,3,0,0.0902919547940672,0.1044182428395892,0.0920261573364029,False,False
L61285,Doxorubicin,3,0,0.1341899264720791,0.1561773041088514,0.2057364597364881,False,False
L61285,Trametinib,3,0,0.0754113559162071,0.0869757332299734,0.1281934223964161,False,False
L61442,Acid,3,0,0.2800284500633928,0.2900825593152947,0.1523468606910754,False,False
L61442,Cisplatin,3,0,0.0744561004084269,0.0729021185430877,0.0425209550863559,False,False
L61442,CoCl2,3,0,0.090291954794067,0.0889305640487478,0.0669112808672885,False,False
L61442,Dabrafenib,3,0,0.0902919547940672,0.0889305640487478,0.1075022751332701,False,False
L61442,Doxorubicin,3,0,0.1341899264720791,0.1341626059565511,0.1530525267422646,False,False
L61442,Trametinib,3,0,0.0754113559162071,0.0738618182795977,0.0860180988906124,False,False
L61693,Acid,2,0,0.3123280499487586,0.4476470282454682,0.3980968324651524,False,False
L61693,Cisplatin,2,0,0.0888965001766363,0.1464854683273379,0.1874190641648667,False,False
L61693,CoCl2,2,0,0.10414634088636,0.1700285831667181,0.3112467134087744,False,False
L61693,Dabrafenib,2,0,0.1041463408863601,0.1700285831667181,0.1863604007610776,False,False
L61693,Doxorubicin,2,0,0.142795584893713,0.2279738429919692,0.1518271165911229,False,False
L61693,Trametinib,2,0,0.0840199282215226,0.1388891165429607,0.1257223163895268,False,False
L61901,Acid,4,0,0.29897467523817,0.1542029419968679,0.1411852289680925,False,False
L61901,Cisplatin,4,0,0.0801690138735493,0.0345202780017301,0.0242206804332828,False,False
L61901,CoCl2,4,0,0.0984110368485007,0.0430456585696891,0.0164017994661299,False,False
L61901,Dabrafenib,4,0,0.0951743785327787,0.0415123590183515,0.0654508644298807,False,False
L61901,Doxorubicin,4,0,0.1376057808821043,0.0623611326094453,0.0609498021042437,False,False
L61901,Trametinib,4,0,0.0762072710844168,0.0327094954763176,0.0318393242039434,False,False
L62285,Acid,0,0,0.283084547091898,0.1798009536855828,0.089159585222111,False,False
L62285,Cisplatin,0,0,0.0691265369767683,0.0381658247675625,0.029581933962296,False,False
L62285,CoCl2,0,0,0.0925499417249437,0.0519801987773505,0.0258867685583258,False,False
L62285,Dabrafenib,0,0,0.1021070427147207,0.0577460585154466,0.0656618735503292,False,False
L62285,Doxorubicin,0,0,0.1289259711728003,0.07443053248637,0.0915462465829194,False,False
L62285,Trametinib,0,0,0.078543669144304,0.0436545034811443,0.0877115642258941,False,False
L62684,Acid,1,1,0.890801365433274,0.8902593745864379,0.8956880788847973,True,True
L62684,Cisplatin,1,1,0.6268260146753485,0.607193170362764,0.6573951979949909,True,True
L62684,CoCl2,1,1,0.6927805242382822,0.6767289863016689,0.7328026832901687,True,True
L62684,Dabrafenib,1,0,0.6876068960977754,0.6712413425434054,0.6009129284964883,False,True
L62684,Doxorubicin,1,1,0.7709574638873968,0.7604263922370903,0.7738707906206601,True,True
L62684,Trametinib,1,0,0.6316063392269864,0.6121843372151317,0.5256051576897818,False,True
L62700,Acid,2,1,0.8041128286177633,0.7767260341108357,0.77875624092112,True,True
L62700,Cisplatin,2,0,0.468610051441185,0.4241974045463786,0.4032586576311528,False,True
L62700,CoCl2,2,1,0.5123671138947551,0.4679056055609289,0.5217471453216183,True,True
L62700,Dabrafenib,2,0,0.5123671138947552,0.4679056055609289,0.4465104715665525,False,True
L62700,Doxorubicin,2,0,0.6008951517720752,0.5589946367533057,0.560674521965337,False,True
L62700,Trametinib,2,1,0.4532663059064907,0.409102455954829,0.4342112681041913,True,True
L62936,Acid,0,1,0.5439837276231255,0.4107038283442152,0.2799797676745035,True,True
L62936,Cisplatin,0,0,0.1832350636085689,0.1120210225025455,0.0843830293179321,False,True
L62936,CoCl2,0,0,0.2355403562665445,0.1484421059674181,0.2186090207548208,False,True
L62936,Dabrafenib,0,0,0.2557025290125985,0.1630674384076243,0.0626352606382489,False,True
L62936,Doxorubicin,0,0,0.3089814462152227,0.2036067146697867,0.2315082304360945,False,True
L62936,Trametinib,0,1,0.2047775739080443,0.1267314632855745,0.0291885933215696,True,True
L63265,Acid,3,1,0.2800284500633928,0.2397949874022756,0.1345355848837627,True,True
L63265,Cisplatin,3,0,0.0744561004084269,0.0572290269711103,0.0265831339411786,False,True
L63265,CoCl2,3,0,0.090291954794067,0.070071996917837,0.0338832682729187,False,True
L63265,Dabrafenib,3,0,0.0902919547940672,0.0700719969178369,0.0748816928856208,False,True
L63265,Doxorubicin,3,0,0.1341899264720791,0.1068369528105109,0.1841121373749576,False,True
L63265,Trametinib,3,0,0.0754113559162071,0.0579953093953728,0.0843154237481615,False,True
L6369,Acid,4,1,0.9366273058695112,0.9512098151635408,0.9572643476369918,True,False
L6369,Cisplatin,4,1,0.7512676670707394,0.7926768961131905,0.8277921631876416,True,False
L6369,CoCl2,4,1,0.790912043136472,0.8278863835846965,0.9196275809101456,True,False
L6369,Dabrafenib,4,1,0.7847231398440898,0.8224229104992499,0.7845891643727768,True,False
L6369,Doxorubicin,4,1,0.8468515829415529,0.8767268373948301,0.9002624161045324,True,False
L6369,Trametinib,4,1,0.740852982824209,0.7833645118573963,0.7483617737997413,True,False
L64121,Acid,3,1,0.5626436733180362,0.5720189415058778,0.625152059526469,True,True
L64121,Cisplatin,3,1,0.210161350514774,0.2045874870847202,0.2163097880089333,True,True
L64121,CoCl2,3,1,0.2471525985349805,0.2420107698824657,0.392132209481285,True,True
L64121,Dabrafenib,3,0,0.2471525985349811,0.2420107698824657,0.1718146231410387,False,True
L64121,Doxorubicin,3,1,0.3389021017609692,0.3363576596415638,0.3112492442001129,True,True
L64121,Trametinib,3,0,0.2124580135268596,0.2068938615252998,0.1005133925005756,False,True
L64481,Acid,2,0,0.3123280499487586,0.3284220334361639,0.1570229191412014,False,False
L64481,Cisplatin,2,0,0.0888965001766363,0.0938433968303293,0.0693989066487184,False,False
L64481,CoCl2,2,0,0.10414634088636,0.1100164472812896,0.0738319074654289,False,False
L64481,Dabrafenib,2,0,0.1041463408863601,0.1100164472812896,0.1523636685869674,False,False
L64481,Doxorubicin,2,0,0.142795584893713,0.1512364757616863,0.1351429731350924,False,False
L64481,Trametinib,2,0,0.0840199282215226,0.0886932483060249,0.1514956686202114,False,False
L64673,Acid,0,0,0.283084547091898,0.2053544481314195,0.1719858851752993,False,True
L64673,Cisplatin,0,0,0.0691265369767683,0.044686691590577,0.0259320757322732,False,True
L64673,CoCl2,0,0,0.0925499417249437,0.0607123530013408,0.1877807237349327,False,True
L64673,Dabrafenib,0,0,0.1021070427147207,0.0673779784390444,0.0359002034454679,False,True
L64673,Doxorubicin,0,1,0.1289259711728003,0.0865896458364107,0.1061613560573148,True,True
L64673,Trametinib,0,0,0.078543669144304,0.0510633589040696,0.0277455853526895,False,True
L64746,Acid,0,0,0.2846693786920213,0.3175496388712209,0.3426776808057716,False,True
L64746,Cisplatin,0,0,0.06962987611271,0.0776824220450669,0.0976840958873473,False,True
L64746,CoCl2,0,0,0.0932067590000554,0.1042498075407312,0.0950322887033438,False,True
L64746,Dabrafenib,0,0,0.102824000340023,0.1151096344485075,0.15640961789041,False,True
L64746,Doxorubicin,0,1,0.1298040178991264,0.1458034337058204,0.1368422527145562,True,True
L64746,Trametinib,0,0,0.0791097509577917,0.0883321311934256,0.0762246831956191,False,True
L64783,Acid,4,0,0.29897467523817,0.3060763712032004,0.3134123328194998,False,False
L64783,Cisplatin,4,0,0.0801690138735493,0.0796145611471119,0.0801956352639045,False,False
L64783,CoCl2,4,0,0.0984110368485007,0.0981446568073401,0.0737186968221393,False,False
L64783,Dabrafenib,4,0,0.0951743785327787,0.0948432305648446,0.1042470252226622,False,False
L64783,Doxorubicin,4,0,0.1376057808821043,0.1386032077164986,0.1547197141022786,False,False
L64783,Trametinib,4,0,0.0762072710844168,0.0756236097787884,0.0713742481177288,False,False
L64990,Acid,4,1,0.8886193898266045,0.8673985102483854,0.8850768502929666,True,True
L64990,Cisplatin,4,0,0.6198350208259142,0.5619505192901636,0.5236751604545835,False,True
L64990,CoCl2,4,1,0.6712612703878418,0.6174327751282047,0.7380168105507102,True,True
L64990,Dabrafenib,4,0,0.6630396281114798,0.6084483589223065,0.5537523456245179,False,True
L64990,Doxorubicin,4,1,0.7490555104123359,0.7046910622625338,0.7517623524388016,True,True
L64990,Trametinib,4,0,0.6067974204960449,0.5481816908532692,0.4758978691082655,False,True
L65002,Acid,2,0,0.4914190742779422,0.4222855882952122,0.3864408836647329,False,False
L65002,Cisplatin,2,0,0.1718954499418562,0.1340456353322701,0.1540465071894393,False,False
L65002,CoCl2,2,0,0.1982847633344399,0.1559547411649585,0.1877194081736308,False,False
L65002,Dabrafenib,2,0,0.19828476333444,0.1559547411649585,0.1402137619542462,False,False
L65002,Doxorubicin,2,0,0.2616652057913922,0.2103190893979122,0.2281523236271343,False,False
L65002,Trametinib,2,0,0.1632817934473473,0.1269983936336476,0.1173809646869066,False,False
L65036,Acid,0,0,0.2846693786920213,0.2366754297289151,0.1540830564545553,False,True
L65036,Cisplatin,0,0,0.06962987611271,0.0531411434651795,0.0222153442724746,False,True
L65036,CoCl2,0,0,0.0932067590000554,0.0719703447837835,0.0808875662450892,False,True
L65036,Dabrafenib,0,0,0.102824000340023,0.079767021929018,0.0963184134761232,False,True
L65036,Doxorubicin,0,1,0.1298040178991264,0.1021243914220811,0.0934714607397725,True,True
L65036,Trametinib,0,0,0.0791097509577917,0.0606476481961943,0.1057383529237556,False,True
L65794,Acid,4,1,0.5848915139737458,0.4890871196542909,0.4804307254272609,True,True
L65794,Cisplatin,4,1,0.2235701198548117,0.1580609737836789,0.2694285795507781,True,True
L65794,CoCl2,4,0,0.2650402307610821,0.191059132184962,0.1860369574490201,False,True
L65794,Dabrafenib,4,1,0.2578908613459247,0.1852743055445824,0.08308175558255,True,True
L65794,Doxorubicin,4,0,0.3451904959541029,0.2588275693256395,0.3196276735464836,False,True
L65794,Trametinib,4,0,0.2141718800980559,0.1507818516606751,0.106172838177124,False,True
L65984,Acid,2,0,0.2807695161874157,0.3275660468830699,0.2963385512975686,False,False
L65984,Cisplatin,2,0,0.0773739631839097,0.0935136732556213,0.0759906303336883,False,False
L65984,CoCl2,2,0,0.0908442457636326,0.109636774159593,0.048853554206164,False,False
L65984,Dabrafenib,2,0,0.0908442457636327,0.109636774159593,0.1456791085420255,False,False
L65984,Doxorubicin,2,0,0.1252471706812583,0.1507386436184732,0.1655169990625379,False,False
L65984,Trametinib,2,0,0.0730787807484661,0.0883798551580101,0.1274097042534526,False,False
L66014,Acid,4,1,0.4343535892129345,0.4797276735794117,0.4417525213392241,True,True
L66014,Cisplatin,4,0,0.1356408285446726,0.1531375100302629,0.165221196000471,False,True
L66014,CoCl2,4,0,0.1642512362708553,0.1853340654690674,0.2261875016272412,False,True
L66014,Dabrafenib,4,0,0.159231589114579,0.1796840774284552,0.1598753753071005,False,True
L66014,Doxorubicin,4,0,0.2231774654903519,0.2517036771157581,0.245340342370996,False,True
L66014,Trametinib,4,0,0.1293232217737924,0.1460457954510157,0.1230672336585397,False,True
L66057,Acid,4,0,0.29897467523817,0.2592612037283838,0.2399916814953775,False,False
L66057,Cisplatin,4,0,0.0801690138735493,0.0642311453746726,0.042328401530251,False,False
L66057,CoCl2,4,0,0.0984110368485007,0.0794900178002462,0.040123771536128,False,False
L66057,Dabrafenib,4,0,0.0951743785327787,0.0767626916599508,0.0850875950744697,False,False
L66057,Doxorubicin,4,0,0.1376057808821043,0.113223949591559,0.1135632701542739,False,False
L66057,Trametinib,4,0,0.0762072710844168,0.0609602645410054,0.0460389722372305,False,False
L66204,Acid,2,0,0.5766110902145227,0.586922317273307,0.671283105018054,False,False
L66204,Cisplatin,2,0,0.2263479084673042,0.2312978519619635,0.2747656852362472,False,False
L66204,CoCl2,2,0,0.2584873710171144,0.2642517706828619,0.226151340295552,False,False
L66204,Dabrafenib,2,0,0.2584873710171145,0.2642517706828619,0.2013168946092929,False,False
L66204,Doxorubicin,2,0,0.3331154981098806,0.341110699130888,0.3663666362418753,False,False
L66204,Trametinib,2,0,0.2157164327991337,0.2204392728962345,0.1820949615608066,False,False
L66476,Acid,1,1,0.4158230698941236,0.5200809178590758,0.5201844415184476,True,True
L66476,Cisplatin,1,0,0.1278311601185779,0.1711502164695305,0.1585994265248872,False,True
L66476,CoCl2,1,0,0.1644139361003428,0.2185311934980368,0.2071074624258068,False,True
L66476,Dabrafenib,1,1,0.1611167897031677,0.2142960678700812,0.2314735439782133,True,True
L66476,Doxorubicin,1,0,0.2270276463322885,0.2977557596317955,0.308725094263401,False,True
L66476,Trametinib,1,0,0.1301330671248022,0.1741461386051996,0.1340375711689957,False,True
L66506,Acid,0,0,0.4298468745140477,0.4299840584958022,0.324292120886577,False,False
L66506,Cisplatin,0,0,0.1241778454058183,0.1201383002594297,0.1183438255075021,False,False
L66506,CoCl2,0,0,0.1629891035435423,0.1587267823640862,0.0853041521230609,False,False
L66506,Dabrafenib,0,0,0.1783901304328464,0.1741581798719459,0.1781181263545042,False,False
L66506,Doxorubicin,0,0,0.2203286464606627,0.2167406283396236,0.1970487501123158,False,False
L66506,Trametinib,0,0,0.1399669809272736,0.1357517310330858,0.1658298246387671,False,False
L66564,Acid,1,1,0.7239480205667467,0.7511246061397493,0.6889079508413637,True,True
L66564,Cisplatin,1,0,0.3506465956259816,0.3651118739097466,0.332280281781169,False,True
L66564,CoCl2,1,1,0.4202684092817095,0.4378249379209484,0.4886606692011375,True,True
L66564,Dabrafenib,1,0,0.4143848908102248,0.4316875782298254,0.4804511331694308,False,True
L66564,Doxorubicin,1,1,0.5197155163397339,0.5414656943520737,0.5189284845954333,True,True
L66564,Trametinib,1,0,0.3553261864313142,0.3699874398011129,0.3611313856836986,False,True
L66947,Acid,2,0,0.2879810790401368,0.2028004170730518,0.0501211392469971,False,True
L66947,Cisplatin,2,0,0.0799419805856406,0.0511185304088227,0.0189678431996609,False,True
L66947,CoCl2,2,1,0.0938138784504659,0.0604192958147501,0.0263420242801075,True,True
L66947,Dabrafenib,2,0,0.0938138784504659,0.0604192958147501,0.0854910531857488,False,True
L66947,Doxorubicin,2,0,0.1291816151328634,0.0848278698869528,0.1024708891040838,False,True
L66947,Trametinib,2,0,0.0755159104304394,0.0481884416200535,0.1220588380780578,False,True
L67284,Acid,3,1,0.6961890807098071,0.7549055834755773,0.7597493937929074,True,True
L67284,Cisplatin,3,0,0.3215548243793495,0.3721488609427753,0.3832577624771737,False,True
L67284,CoCl2,3,0,0.3689930412355336,0.4238884587067741,0.4900461564764964,False,True
L67284,Dabrafenib,3,0,0.3689930412355343,0.423888458706774,0.4654226261094291,False,True
L67284,Doxorubicin,3,0,0.4772973307951835,0.5387441007935422,0.4910366186507005,False,True
L67284,Trametinib,3,0,0.3245685728474314,0.3754525682062157,0.3755073284824377,False,True
L67792,Acid,4,0,0.4062027571838147,0.3663530964479746,0.3632365381979789,False,True
L67792,Cisplatin,4,0,0.1226519397577298,0.1018384218940667,0.1424206571962905,False,True
L67792,CoCl2,4,0,0.1489948927966237,0.1248394715620816,0.0713762543300921,False,True
L67792,Dabrafenib,4,0,0.1443609557083698,0.1207603153396709,0.1240993565983795,False,True
L67792,Doxorubicin,4,1,0.2037823767384863,0.174177205716577,0.1968680751733951,True,True
L67792,Trametinib,4,0,0.1168575141152345,0.0968506530425421,0.0935609779356305,False,True
L67907,Acid,4,0,0.5255779237450564,0.3086712406155311,0.4235126718391967,False,False
L67907,Cisplatin,4,0,0.1846031353199273,0.0805122782904046,0.1144037238297819,False,False
L67907,CoCl2,4,0,0.2209016798175546,0.0992287889911594,0.0942727592150604,False,False
L67907,Dabrafenib,4,0,0.2145952919788072,0.095894772018624,0.0355842630688964,False,False
L67907,Doxorubicin,4,0,0.293025836707728,0.1400648465170144,0.1813404927386447,False,False
L67907,Trametinib,4,0,0.1764706488363831,0.0764800651893057,0.0434353938330208,False,False
L67920,Acid,1,0,0.2838807297763159,0.1419585536349745,0.1391299270520636,False,False
L67920,Cisplatin,1,0,0.0754650511914505,0.0305613376202558,0.0235292131359641,False,False
L67920,CoCl2,1,0,0.0987586044275129,0.0409445322861857,0.0532656081849748,False,False
L67920,Dabrafenib,1,0,0.0966258507238606,0.0399749773973083,0.03709413426194,False,False
L67920,Doxorubicin,1,0,0.1405752922599338,0.0607969611954637,0.0902137082991791,False,False
L67920,Trametinib,1,0,0.0769071316414241,0.031188906395614,0.014221441000275,False,False
L68231,Acid,0,1,0.782353401360731,0.8133626520447272,0.7951133716386797,True,True
L68231,Cisplatin,0,1,0.4033470097711745,0.4409776395928885,0.4743584774289461,True,True
L68231,CoCl2,0,0,0.4814475474404078,0.521535105556374,0.492579441839094,False,True
L68231,Dabrafenib,0,0,0.508653403218727,0.5492118025112628,0.5816773813083598,False,True
L68231,Doxorubicin,0,1,0.5739920736147943,0.6151857097339326,0.6179317294285392,True,True
L68231,Trametinib,0,0,0.4369242335546192,0.4757424302819878,0.4589674050835803,False,True
L68277,Acid,4,1,0.7213999091321578,0.7265855570422204,0.6742788153330241,True,False
L68277,Cisplatin,4,1,0.3460491301407203,0.3426063726600241,0.4203048281578301,True,False
L68277,CoCl2,4,1,0.3985754288675302,0.3960103052145867,0.6149119107252596,True,False
L68277,Dabrafenib,4,1,0.3897340950892795,0.3869886518470428,0.200380404431079,True,False
L68277,Doxorubicin,4,1,0.4920711238114417,0.4922393065665764,0.5159358992526203,True,False
L68277,Trametinib,4,1,0.3337151601158336,0.330161203023424,0.2054445985796711,True,False
L68311,Acid,2,1,0.8302982382512155,0.824425909711028,0.7962201060402606,True,True
L68311,Cisplatin,2,0,0.5124515518361374,0.4985930198540764,0.42025392410425,False,True
L68311,CoCl2,2,0,0.5560188763684716,0.5427413577428922,0.4216831171768371,False,True
L68311,Dabrafenib,2,0,0.5560188763684718,0.5427413577428922,0.588951744736504,False,True
L68311,Doxorubicin,2,1,0.6421568789756329,0.6311191240791219,0.6551052384673448,True,True
L68311,Trametinib,2,0,0.4970149450328359,0.483071725759847,0.5447608738770695,False,True
L68739,Acid,2,0,0.2879810790401368,0.2806983498832613,0.2001041804540719,False,False
L68739,Cisplatin,2,0,0.0799419805856406,0.0763324339093887,0.1218571914722801,False,False
L68739,CoCl2,2,0,0.0938138784504659,0.0897866546929538,0.0602051506550862,False,False
L68739,Dabrafenib,2,0,0.0938138784504659,0.0897866546929538,0.0796887901476868,False,False
L68739,Doxorubicin,2,0,0.1291816151328634,0.1244873502307369,0.1243817524808547,False,False
L68739,Trametinib,2,0,0.0755159104304394,0.0720668622622846,0.0624509233063859,False,False
L68749,Acid,0,0,0.2913335192140022,0.2696372360691578,0.1334498539815251,False,True
L68749,Cisplatin,0,0,0.0717649606822348,0.0626396793162927,0.0298444193422708,False,True
L68749,CoCl2,0,0,0.0959902001688309,0.0845339714274099,0.0393394684716749,False,True
L68749,Dabrafenib,0,1,0.1058611135447152,0.09355448268726,0.1369250136033434,True,True
L68749,Doxorubicin,0,0,0.1335194425566999,0.1192753670752494,0.1086886176906146,False,True
L68749,Trametinib,0,0,0.0815100531712696,0.0713867521217377,0.1161958525363527,False,True
L68970,Acid,3,1,0.2800284500633928,0.1238949484285148,0.1021880671827609,True,True
L68970,Cisplatin,3,0,0.0744561004084269,0.0264933647363988,0.0390791644065441,False,True
L68970,CoCl2,3,0,0.090291954794067,0.0326779132558091,0.006481041896824,False,True
L68970,Dabrafenib,3,0,0.0902919547940672,0.032677913255809,0.0463071791529677,False,True
L68970,Doxorubicin,3,0,0.1341899264720791,0.0508969945042219,0.0686340778012026,False,True
L68970,Trametinib,3,0,0.0754113559162071,0.0268598292751595,0.037843047325195,False,True
L69200,Acid,3,0,0.4163118584108475,0.5948071959362499,0.6056986289453038,False,False
L69200,Cisplatin,3,0,0.1285563836819864,0.2202716490748793,0.2426438827949703,False,False
L69200,CoCl2,3,0,0.1539843269289207,0.2596274444103302,0.425015109046054,False,False
L69200,Dabrafenib,3,0,0.1539843269289211,0.2596274444103302,0.2453874094000123,False,False
L69200,Doxorubicin,3,0,0.221314734022774,0.3576020557413066,0.3081372421483059,False,False
L69200,Trametinib,3,0,0.1301081617589007,0.2227053305138614,0.1849034810580518,False,False
L69282,Acid,3,1,0.2800284500633928,0.1925468632300838,0.2526903647127423,True,True
L69282,Cisplatin,3,0,0.0744561004084269,0.0438766859882917,0.0587673846845554,False,True
L69282,CoCl2,3,1,0.090291954794067,0.0538945045428678,0.0278924346950882,True,True
L69282,Dabrafenib,3,0,0.0902919547940672,0.0538945045428678,0.0375464111357466,False,True
L69282,Doxorubicin,3,0,0.1341899264720791,0.0829284795594373,0.0848288354072029,False,True
L69282,Trametinib,3,0,0.0754113559162071,0.0444726175569629,0.0266004776766837,False,True
L69904,Acid,4,1,0.6463925799308823,0.6504830761671643,0.6925224780499109,True,True
L69904,Cisplatin,4,1,0.271970491386302,0.2673900505473587,0.3200362494368927,True,True
L69904,CoCl2,4,0,0.3187329201490972,0.3146818409442807,0.3213798985298788,False,True
L69904,Dabrafenib,4,0,0.3107475807766089,0.3065725317828905,0.1754719940444543,False,True
L69904,Doxorubicin,4,0,0.4061474692341958,0.4043796118259661,0.4197851016312363,False,True
L69904,Trametinib,4,0,0.2612221651965334,0.2566105982676123,0.1829888836542019,False,True
L70348,Acid,3,1,0.441250310253221,0.5355622670617299,0.4990817014668312,True,True
L70348,Cisplatin,3,0,0.1404037434085937,0.1816113067003935,0.1509921351850423,False,True
L70348,CoCl2,3,0,0.1677240281332675,0.2159729335618935,0.2868383522955929,False,True
L70348,Dabrafenib,3,1,0.1677240281332679,0.2159729335618934,0.1586070830919385,True,True
L70348,Doxorubicin,3,0,0.2393624197242214,0.3042434088320721,0.2875837115061663,False,True
L70348,Trametinib,3,1,0.1420752135044134,0.1837184898258549,0.1604192593295802,True,True
L70542,Acid,1,1,0.4006161480198365,0.6332854232135787,0.6884560483502348,True,True
L70542,Cisplatin,1,0,0.1209752434080474,0.2475863542526397,0.2984129741977836,False,True
L70542,CoCl2,1,0,0.1559468078263411,0.3082579982630418,0.3334419871455263,False,True
L70542,Dabrafenib,1,1,0.1527884125735933,0.3029581044391146,0.3531273796705563,True,True
L70542,Doxorubicin,1,0,0.2161701867667327,0.4032269797899044,0.3016926189183035,False,True
L70542,Trametinib,1,0,0.1231711282899808,0.2515142513874581,0.2649055358214315,False,True
L70669,Acid,3,1,0.9703824369474868,0.9686284877932524,0.9836818785195937,True,False
L70669,Cisplatin,3,1,0.8714086339228205,0.8559464335785847,0.9138753088262788,True,False
L70669,CoCl2,3,1,0.8931728354034577,0.8806080439786028,0.9034318396661688,True,False
L70669,Dabrafenib,3,1,0.893172835403458,0.8806080439786028,0.8609416968152761,True,False
L70669,Doxorubicin,3,1,0.9288550799805873,0.9213128242306362,0.9401216376607092,True,False
L70669,Trametinib,3,1,0.8729449637134143,0.8576779956934492,0.8434474386470469,True,False
L70717,Acid,1,0,0.2838807297763159,0.255739016666323,0.2360417596038312,False,True
L70717,Cisplatin,1,1,0.0754650511914505,0.0614507952816452,0.0647724027812138,True,True
L70717,CoCl2,1,0,0.0987586044275129,0.0814469578824079,0.0668702645663908,False,True
L70717,Dabrafenib,1,0,0.0966258507238606,0.0795979175110389,0.0758420580005838,False,True
L70717,Doxorubicin,1,1,0.1405752922599338,0.118510773143854,0.1134296591669634,True,True
L70717,Trametinib,1,0,0.0769071316414241,0.0626716644299164,0.0650966082615507,False,True
L71065,Acid,4,0,0.2811303118206386,0.2734680804001052,0.3342182243424261,False,True
L71065,Cisplatin,4,0,0.0740054563390073,0.0687426536271237,0.0685877190773234,False,True
L71065,CoCl2,4,0,0.0909837199544665,0.0849759631243233,0.0464179466558348,False,True
L71065,Dabrafenib,4,0,0.0879675059053129,0.0820771955833906,0.1005676327742507,False,True
L71065,Doxorubicin,4,1,0.1276391277841468,0.1207326645419292,0.095039339329992,True,True
L71065,Trametinib,4,0,0.0703250134578361,0.0652580521908573,0.0590401988681315,False,True
L7120,Acid,3,1,0.6720536619404234,0.6219636948472371,0.6756372388019809,True,True
L7120,Cisplatin,3,0,0.2976814382803324,0.2404768726702579,0.2973611183519494,False,True
L7120,CoCl2,3,0,0.3433802467394844,0.2821364624026108,0.2550630846231538,False,True
L7120,Dabrafenib,3,0,0.3433802467394852,0.2821364624026107,0.1898893868315491,False,True
L7120,Doxorubicin,3,0,0.4495223651831184,0.3841973978677224,0.4313663168668688,False,True
L7120,Trametinib,3,0,0.3005705635335411,0.2430642025104177,0.1748269191837399,False,True
L71758,Acid,0,0,0.4149805867907848,0.3471925890556127,0.1461755358283754,False,True
L71758,Cisplatin,0,0,0.1177007767603611,0.087815241262922,0.0138637484370746,False,True
L71758,CoCl2,0,1,0.1548455655223088,0.1174069175531727,0.0786557147324091,True,True
L71758,Dabrafenib,0,0,0.1696330495450506,0.1294392806264662,0.1411281438680355,False,True
L71758,Doxorubicin,0,0,0.2100391285020572,0.1632491434426524,0.1837200362306611,False,True
L71758,Trametinib,0,0,0.1327912236158765,0.0997039201914024,0.2157846750826791,False,True
L72050,Acid,0,1,0.7073984335125539,0.7317903710408614,0.7822092948256165,True,True
L72050,Cisplatin,0,0,0.3125574159319479,0.3305984208802614,0.31922530070327,False,True
L72050,CoCl2,0,0,0.3844042906330137,0.405622747230869,0.2112797137766336,False,True
L72050,Dabrafenib,0,0,0.4104671290948538,0.4327112289522361,0.4294281231283921,False,True
L72050,Doxorubicin,0,1,0.4753963710578226,0.5002197245264292,0.4981243207165358,True,True
L72050,Trametinib,0,0,0.3429205635195612,0.3623010178158484,0.3018372162566232,False,True
L72250,Acid,1,0,0.2838807297763159,0.2104747331864283,0.2586976736812412,False,True
L72250,Cisplatin,1,0,0.0754650511914505,0.048340829114883,0.0422663273545395,False,True
L72250,CoCl2,1,0,0.0987586044275129,0.0643635453566884,0.032401644707315,False,True
L72250,Dabrafenib,1,1,0.0966258507238606,0.0628757916235792,0.0509116082933581,True,True
L72250,Doxorubicin,1,0,0.1405752922599338,0.0944526569533692,0.1438794339452495,False,True
L72250,Trametinib,1,0,0.0769071316414241,0.0493149225965984,0.0360336593024861,False,True
L72287,Acid,1,0,0.5091537836307407,0.4253450693719411,0.3256883319389199,False,False
L72287,Cisplatin,1,0,0.1759966798595818,0.1236042120149315,0.1150263308193539,False,False
L72287,CoCl2,1,0,0.2228416261213359,0.1603693715525897,0.15607753935154,False,False
L72287,Dabrafenib,1,0,0.218679419027207,0.1570349158912776,0.1010491081549832,False,False
L72287,Doxorubicin,1,0,0.2997248977938739,0.2245676781765361,0.2860482110818773,False,False
L72287,Trametinib,1,0,0.1789879266198048,0.1258942732807941,0.0712828725647064,False,False
L72383,Acid,2,0,0.3123280499487586,0.3353518456818246,0.1608075533962734,False,False
L72383,Cisplatin,2,0,0.0888965001766363,0.0965350086539639,0.0463731170446602,False,False
L72383,CoCl2,2,0,0.10414634088636,0.1131140290590298,0.037553297562337,False,False
L72383,Dabrafenib,2,0,0.1041463408863601,0.1131140290590298,0.2626771093720038,False,False
L72383,Doxorubicin,2,0,0.142795584893713,0.155292125778989,0.1719595349288525,False,False
L72383,Trametinib,2,0,0.0840199282215226,0.0912520191826454,0.3726281575664315,False,False
L72864,Acid,3,0,0.6593276862239182,0.6791470960040185,0.5295247186856867,False,True
L72864,Cisplatin,3,0,0.2858651167188514,0.2894404109128368,0.2259896958543603,False,True
L72864,CoCl2,3,0,0.3306038371802819,0.3358317646359179,0.2935220969396447,False,True
L72864,Dabrafenib,3,1,0.3306038371802826,0.3358317646359179,0.5025295074627227,True,True
L72864,Doxorubicin,3,1,0.4354154987550112,0.4452685586031746,0.4104937187530597,True,True
L72864,Trametinib,3,1,0.2886866995306609,0.2923517716920081,0.4210471247509527,True,True
L73196,Acid,2,0,0.3964971561603091,0.3295911502951877,0.2738981237186103,False,False
L73196,Cisplatin,2,0,0.1236828129632373,0.0942947084586333,0.1207985618349522,False,False
L73196,CoCl2,2,0,0.1439572306507918,0.1105360505396809,0.1707930863858837,False,False
L73196,Dabrafenib,2,0,0.1439572306507918,0.1105360505396809,0.059903039313246,False,False
L73196,Doxorubicin,2,0,0.1941781992172485,0.1519175281727687,0.1854751046713232,False,False
L73196,Trametinib,2,0,0.1171433286036891,0.0891222278310613,0.0507113122437408,False,False
L73244,Acid,0,1,0.4455645559583249,0.4693434955519582,0.3323615450181253,True,True
L73244,Cisplatin,0,0,0.1312922984133583,0.1380019743215521,0.1108155038433777,False,True
L73244,CoCl2,0,0,0.1718907416533239,0.1811469680791954,0.1212119122940425,False,True
L73244,Dabrafenib,0,0,0.1879440264800028,0.1982444139943283,0.20864814229965,False,True
L73244,Doxorubicin,0,0,0.2314957606532137,0.2449691451274273,0.2072939996299891,False,True
L73244,Trametinib,0,0,0.1478333416240153,0.1555266341623701,0.1216549268344934,False,True
L73528,Acid,0,0,0.4071129074576573,0.4118675994512238,0.324337697705904,False,True
L73528,Cisplatin,0,0,0.1143674354790799,0.1125000181856033,0.1290832555641617,False,True
L73528,CoCl2,0,1,0.1506398730167596,0.1490506955425165,0.2126565756312844,True,True
L73528,Dabrafenib,0,0,0.1651041818856903,0.1637244610808354,0.1509939273693922,False,True
L73528,Doxorubicin,0,0,0.2046974288052005,0.2043871871224651,0.2121846888999912,False,True
L73528,Trametinib,0,0,0.129093043945495,0.1272643450793159,0.117318738525,False,True
L73592,Acid,3,1,0.6530145317000849,0.6850177239662055,0.5001781687069043,True,True
L73592,Cisplatin,3,1,0.280186863566104,0.2950400265691376,0.1679944992082909,True,True
L73592,CoCl2,3,0,0.3244406519911149,0.3418970356677015,0.3005348160265919,False,True
L73592,Dabrafenib,3,0,0.3244406519911156,0.3418970356677014,0.4958712132585936,False,True
L73592,Doxorubicin,3,0,0.4285492983715449,0.451965317562901,0.3610240683726955,False,True
L73592,Trametinib,3,0,0.2829746083626866,0.2979840911324753,0.4186592033837571,False,True
L73599,Acid,2,1,0.2879810790401368,0.3128259988319588,0.0884241334808984,True,True
L73599,Cisplatin,2,0,0.0799419805856406,0.0879284915638221,0.0067113699984208,False,True
L73599,CoCl2,2,0,0.0938138784504659,0.103198254986826,0.0298826973094573,False,True
L73599,Dabrafenib,2,1,0.0938138784504659,0.103198254986826,0.4307981531523205,True,True
L73599,Doxorubicin,2,1,0.1291816151328634,0.1422720746067429,0.112858981554048,True,True
L73599,Trametinib,2,1,0.0755159104304394,0.0830731952684727,0.3020581658425908,True,True
L74009,Acid,1,0,0.5172358209359385,0.5496278174211641,0.5588035539561209,False,True
L74009,Cisplatin,1,0,0.1807376184052569,0.1886666710649688,0.2265952884701941,False,True
L74009,CoCl2,1,1,0.2284945372986944,0.2394956955835582,0.2881302496171476,True,True
L74009,Dabrafenib,1,0,0.2242572133319551,0.2349764446857709,0.21034035130135,False,True
L74009,Doxorubicin,1,1,0.3065588084052791,0.3231774502352955,0.2868572657806114,True,True
L74009,Trametinib,1,0,0.1837914698511143,0.191898222805223,0.1221524268791674,False,True
L74026,Acid,0,1,0.2846693786920213,0.2625149918618455,0.2278385927934206,True,True
L74026,Cisplatin,0,0,0.06962987611271,0.0605319475573699,0.0831500444557242,False,True
L74026,CoCl2,0,0,0.0932067590000554,0.0817537830836064,0.0547597837235883,False,True
L74026,Dabrafenib,0,0,0.102824000340023,0.0905069541429055,0.100836633932235,False,True
L74026,Doxorubicin,0,0,0.1298040178991264,0.1154967403033402,0.1420439387941014,False,True
L74026,Trametinib,0,0,0.0791097509577917,0.0690063620279625,0.0542886093462868,False,True
L74036,Acid,2,0,0.2807695161874157,0.2276087326469608,0.0467302838041111,False,True
L74036,Cisplatin,2,0,0.0773739631839097,0.0587389611675984,0.007583584128491,False,True
L74036,CoCl2,2,0,0.0908442457636326,0.0693249293303024,0.0446706051772566,False,True
L74036,Dabrafenib,2,1,0.0908442457636327,0.0693249293303024,0.2491872246064829,True,True
L74036,Doxorubicin,2,0,0.1252471706812583,0.0969599881155574,0.0582055458975266,False,True
L74036,Trametinib,2,1,0.0730787807484661,0.0553975742766981,0.2269389313493195,True,True
L7412,Acid,3,1,0.6961890807098071,0.636915983189235,0.672713139579576,True,True
L7412,Cisplatin,3,0,0.3215548243793495,0.2523807727987073,0.3380911786715896,False,True
L7412,CoCl2,3,1,0.3689930412355336,0.2953007845579554,0.2578723459098747,True,True
L7412,Dabrafenib,3,0,0.3689930412355343,0.2953007845579553,0.2287582023566015,False,True
L7412,Doxorubicin,3,0,0.4772973307951835,0.3994738272320161,0.3981120182344216,False,True
L7412,Trametinib,3,0,0.3245685728474314,0.2550531698239267,0.2069880811402744,False,True
L74748,Acid,3,1,0.3997717732871692,0.4106236957488738,0.1725675960509233,True,True
L74748,Cisplatin,3,0,0.1210773264101534,0.1182251399414491,0.0299424049810494,False,True
L74748,CoCl2,3,1,0.1452725506487526,0.1426847847796879,0.0283641668142339,True,True
L74748,Dabrafenib,3,1,0.145272550648753,0.1426847847796879,0.4421504235466367,True,True
L74748,Doxorubicin,3,1,0.209738056390987,0.2089858808807777,0.2007829926338473,True,True
L74748,Trametinib,3,1,0.1225515221645141,0.1197044451380857,0.2848941043972988,True,True
L74841,Acid,4,1,0.4912563503011584,0.4220964658118161,0.2382493990274054,True,True
L74841,Cisplatin,4,0,0.1648127615804563,0.1252921919423895,0.1161075029026041,False,True
L74841,CoCl2,4,0,0.1981656436016634,0.152689926270797,0.1537536051802221,False,True
L74841,Dabrafenib,4,1,0.1923480852710807,0.1478544942973181,0.1377438517334273,True,True
L74841,Doxorubicin,4,1,0.2653952094500689,0.2103883991252035,0.1968852081060258,True,True
L74841,Trametinib,4,1,0.1573838392867988,0.1193083103513869,0.2011421267979704,True,True
L75392,Acid,4,1,0.929897255291258,0.9487316558513524,0.9537926310193648,True,False
L75392,Cisplatin,4,1,0.73051645643083,0.7839752102776707,0.8005365763260663,True,False
L75392,CoCl2,4,1,0.7724665656603267,0.820327530851842,0.9024034568467192,True,False
L75392,Dabrafenib,4,1,0.765893292106773,0.81467782536046,0.8021594110245709,True,False
L75392,Doxorubicin,4,1,0.8322946195048915,0.8709786697679318,0.8864561356930609,True,False
L75392,Trametinib,4,1,0.7195572419027761,0.774383218090695,0.7732701447981433,True,False
L75467,Acid,1,0,0.2846492613888907,0.237646291696533,0.1699732090841788,False,False
L75467,Cisplatin,1,0,0.0757290196169657,0.0560678650309469,0.0553600338272403,False,False
L75467,CoCl2,1,0,0.09909531796825,0.0744513640514994,0.0509808540986291,False,False
L75467,Dabrafenib,1,0,0.0969560750019377,0.0727485622237257,0.0770835241240313,False,False
L75467,Doxorubicin,1,0,0.1410322674669205,0.1087084710298644,0.0766243974749066,False,False
L75467,Trametinib,1,0,0.0771757232365809,0.0571883056512141,0.0932356385980464,False,False
L75591,Acid,0,0,0.5478487846568613,0.5110145271895747,0.47646425356208,False,False
L75591,Cisplatin,0,0,0.1855800659140101,0.1590732561578344,0.1728551471950356,False,False
L75591,CoCl2,0,0,0.2383593993297293,0.2072223082153389,0.1618563166288861,False,False
L75591,Dabrafenib,0,0,0.2586812259433685,0.2261013000527043,0.1980386977875834,False,False
L75591,Doxorubicin,0,0,0.3123203573877082,0.2771223080457579,0.2725465699446273,False,False
L75591,Trametinib,0,0,0.2073282895653226,0.1787189474338718,0.1230983837100047,False,False
L75819,Acid,1,1,0.4158230698941236,0.4924993433826781,0.3842388025074602,True,True
L75819,Cisplatin,1,0,0.1278311601185779,0.1560562818798664,0.1644994749920509,False,True
L75819,CoCl2,1,1,0.1644139361003428,0.2002683134188999,0.2835659060086222,True,True
L75819,Dabrafenib,1,1,0.1611167897031677,0.1962982165303578,0.2116155116658057,True,True
L75819,Doxorubicin,1,1,0.2270276463322885,0.2752036221026767,0.2095739229021251,True,True
L75819,Trametinib,1,0,0.1301330671248022,0.1588386234456895,0.1469635948923829,False,True
L76201,Acid,2,1,0.6273557745712395,0.6049406324924604,0.6549600053370108,True,True
L76201,Cisplatin,2,0,0.2656051068506269,0.2448704890043209,0.2455621227452339,False,True
L76201,CoCl2,2,0,0.3011489680272268,0.2790561612302051,0.2362218461350679,False,True
L76201,Dabrafenib,2,0,0.301148968027227,0.2790561612302051,0.1908390457345287,False,True
L76201,Doxorubicin,2,0,0.3817528716936954,0.3581251101787771,0.3799102267211467,False,True
L76201,Trametinib,2,0,0.2537344774384291,0.2335683320035513,0.1507090417835184,False,True
L76358,Acid,0,0,0.283084547091898,0.3659151702074947,0.1625883190249293,False,False
L76358,Cisplatin,0,0,0.0691265369767683,0.0945771493298807,0.0396952533633825,False,False
L76358,CoCl2,0,0,0.0925499417249437,0.126132355970624,0.1084351190354013,False,False
L76358,Dabrafenib,0,0,0.1021070427147207,0.1389181910114532,0.2366054723607805,False,False
L76358,Doxorubicin,0,0,0.1289259711728003,0.1747070937827493,0.1526995573676093,False,False
L76358,Trametinib,0,0,0.078543669144304,0.1072736175444256,0.2003326830461302,False,False
L76557,Acid,4,0,0.29897467523817,0.319262863235612,0.3850102091254911,False,True
L76557,Cisplatin,4,0,0.0801690138735493,0.0842287941264664,0.1410318223898418,False,True
L76557,CoCl2,4,1,0.0984110368485007,0.103711825184281,0.1271676769813015,True,True
L76557,Dabrafenib,4,0,0.0951743785327787,0.1002439441520106,0.0768850764855009,False,True
L76557,Doxorubicin,4,0,0.1376057808821043,0.1460935831802461,0.1564385134238882,False,True
L76557,Trametinib,4,0,0.0762072710844168,0.0800266502751432,0.069925168105438,False,True
L76568,Acid,0,1,0.8429358374434229,0.8030145372119961,0.8192193943429146,True,True
L76568,Cisplatin,0,0,0.5023160068357089,0.4245892074372075,0.4597851883759382,False,True
L76568,CoCl2,0,1,0.5809218034571694,0.5048565903341535,0.7117024115873367,True,True
L76568,Dabrafenib,0,0,0.6071670720323851,0.5326334914153273,0.4190337770963725,False,True
L76568,Doxorubicin,0,1,0.6679571856781196,0.5992633230477518,0.669388528665983,True,True
L76568,Trametinib,0,0,0.5367207981705631,0.4591231143116755,0.2793719312373284,False,True
L76646,Acid,2,0,0.4182482055123107,0.2499446821671374,0.2183411989067125,False,False
L76646,Cisplatin,2,0,0.1337855071112935,0.0659174614108979,0.046429459471852,False,False
L76646,CoCl2,2,0,0.1554222690865395,0.0776903615942967,0.0376029995978162,False,False
L76646,Dabrafenib,2,0,0.1554222690865395,0.0776903615942967,0.06989369127692,False,False
L76646,Doxorubicin,2,0,0.20866797340549,0.1082721879873584,0.176195206852127,False,False
L76646,Trametinib,2,0,0.1267891472075863,0.0621947051690579,0.0706585592042605,False,False
L76856,Acid,4,0,0.5241185194099061,0.5674468337941984,0.4339148076375339,False,True
L76856,Cisplatin,4,0,0.1837238782314815,0.2046263356455873,0.1444846816274738,False,True
L76856,CoCl2,4,0,0.2198961588115978,0.2445225166224645,0.0905791277487364,False,True
L76856,Dabrafenib,4,0,0.2136106064624872,0.2375943858409303,0.3995337854079158,False,True
L76856,Doxorubicin,4,1,0.2918149810844122,0.3236668693943342,0.3294909679375178,True,True
L76856,Trametinib,4,0,0.1756217836890304,0.1957012164523885,0.3787416062701732,False,True
L76866,Acid,3,0,0.2839379758377813,0.2407697089376106,0.1917223355478285,False,False
L76866,Cisplatin,3,0,0.0757977484189873,0.0575177998834131,0.0479034572364805,False,False
L76866,CoCl2,3,0,0.0918906235877918,0.0704207337809288,0.0675216507693068,False,False
L76866,Dabrafenib,3,0,0.0918906235877921,0.0704207337809288,0.0535201834346429,False,False
L76866,Doxorubicin,3,0,0.136449253309681,0.107347541079349,0.1408053792171941,False,False
L76866,Trametinib,3,0,0.0767687892495874,0.0582877098490296,0.0453612878889701,False,False
L76975,Acid,2,0,0.3123280499487586,0.2597320031670653,0.1639137349794787,False,False
L76975,Cisplatin,2,0,0.0888965001766363,0.0691631362189264,0.0474197520299603,False,False
L76975,CoCl2,2,0,0.10414634088636,0.0814651597434323,0.0240479567521738,False,False
L76975,Dabrafenib,2,0,0.1041463408863601,0.0814651597434323,0.1590961602210262,False,False
L76975,Doxorubicin,2,0,0.142795584893713,0.1133502728546685,0.1093463773968764,False,False
L76975,Trametinib,2,0,0.0840199282215226,0.0652698856178464,0.1246716169930625,False,False
L77171,Acid,0,1,0.283084547091898,0.2090605433670483,0.3143453064181536,True,True
L77171,Cisplatin,0,0,0.0691265369767683,0.0456597763061441,0.0570599408689972,False,True
L77171,CoCl2,0,0,0.0925499417249437,0.0620117554477598,0.0384927644825346,False,True
L77171,Dabrafenib,0,0,0.1021070427147207,0.0688095916257875,0.0496588545885052,False,True
L77171,Doxorubicin,0,0,0.1289259711728003,0.0883907710096939,0.1166503432340815,False,True
L77171,Trametinib,0,0,0.078543669144304,0.0521677174465495,0.0305100698717539,False,True
L77190,Acid,2,1,0.6577789189401924,0.666075466208684,0.6400126046093317,True,True
L77190,Cisplatin,2,0,0.2922432459935012,0.2969704813950795,0.2628133159477814,False,True
L77190,CoCl2,2,0,0.3297512593348777,0.3352009743782931,0.1658821511848213,False,True
L77190,Dabrafenib,2,1,0.3297512593348779,0.3352009743782931,0.2834410815151405,True,True
L77190,Doxorubicin,2,1,0.4134812345775643,0.4208908758834725,0.4219029209802409,True,True
L77190,Trametinib,2,1,0.2796354029925868,0.2841685497281195,0.3211558730845373,True,True
L77253,Acid,4,0,0.29897467523817,0.2928958619067801,0.1752679776968113,False,False
L77253,Cisplatin,4,0,0.0801690138735493,0.0751302878615055,0.0529786115238358,False,False
L77253,CoCl2,4,0,0.0984110368485007,0.092721825012362,0.1090267074992843,False,False
L77253,Dabrafenib,4,0,0.0951743785327787,0.0895846939981045,0.0627429885156275,False,False
L77253,Doxorubicin,4,0,0.1376057808821043,0.1312702873926387,0.161784061115925,False,False
L77253,Trametinib,4,0,0.0762072710844168,0.0713467006875446,0.0617351690555494,False,False
L77289,Acid,4,0,0.29897467523817,0.2203503149539454,0.2728420004790272,False,True
L77289,Cisplatin,4,0,0.0801690138735493,0.0525158913217112,0.045844784425365,False,True
L77289,CoCl2,4,0,0.0984110368485007,0.0651855360654431,0.0801022435406929,False,True
L77289,Dabrafenib,4,1,0.0951743785327787,0.0629154561264901,0.0274640793025168,True,True
L77289,Doxorubicin,4,0,0.1376057808821043,0.0934653193772805,0.109557193881874,False,True
L77289,Trametinib,4,0,0.0762072710844168,0.0498098379611677,0.0282911438046625,False,True
L77443,Acid,2,1,0.8512748329493367,0.8909299278572936,0.9200468032804024,True,True
L77443,Cisplatin,2,0,0.5514940357876397,0.6336763606623121,0.6924383974494769,False,True
L77443,CoCl2,2,0,0.5943343481974431,0.6737143057842281,0.5870957055543917,False,True
L77443,Dabrafenib,2,0,0.5943343481974432,0.6737143057842281,0.6429207814743518,False,True
L77443,Doxorubicin,2,1,0.677352296577176,0.7485078570756885,0.716405494870117,True,True
L77443,Trametinib,2,1,0.5361747267461492,0.6191424835591048,0.6078333512834071,True,True
L77600,Acid,4,0,0.2968821351175162,0.2455879879596251,0.2651071757202823,False,False
L77600,Cisplatin,4,0,0.0794343772887644,0.0600103599623889,0.0632613044252983,False,False
L77600,CoCl2,4,0,0.0975269614574984,0.0743461982742766,0.0588236479029172,False,False
L77600,Dabrafenib,4,0,0.094316337926325,0.07178159569093,0.0624193294750581,False,False
L77600,Doxorubicin,4,0,0.1364228780661134,0.1061489241349786,0.09740116726574,False,False
L77600,Trametinib,4,0,0.0755059582532245,0.0569413377899578,0.0404301396308237,False,False
L77622,Acid,4,1,0.5725229038376216,0.700529390862755,0.6229655458495251,True,True
L77622,Cisplatin,4,0,0.2148869421361153,0.3144819321781886,0.363167471435076,False,True
L77622,CoCl2,4,1,0.2552759579467439,0.36594228544356,0.3984539641585003,True,True
L77622,Dabrafenib,4,0,0.2483009926897347,0.3572005179994397,0.4274296250050088,False,True
L77622,Doxorubicin,4,1,0.3338145717837891,0.460434713750204,0.4207700925678794,True,True
L77622,Trametinib,4,1,0.2057569874176308,0.3025881464725983,0.3792249012731218,True,True
L7778,Acid,4,0,0.2811303118206386,0.2894191309586498,0.1939535933260908,False,False
L7778,Cisplatin,4,0,0.0740054563390073,0.0739680758798022,0.1714444990629421,False,False
L7778,CoCl2,4,0,0.0909837199544665,0.0913143523232787,0.024829299602626,False,False
L7778,Dabrafenib,4,0,0.0879675059053129,0.0882202110506739,0.1210906937318982,False,False
L7778,Doxorubicin,4,0,0.1276391277841468,0.1293610987556976,0.1219086582879791,False,False
L7778,Trametinib,4,0,0.0703250134578361,0.0702385731281737,0.2047034752355011,False,False
L7798,Acid,1,0,0.2846492613888907,0.1855255226419619,0.0762572075235787,False,False
L7798,Cisplatin,1,0,0.0757290196169657,0.0415980154238987,0.013129116033036,False,False
L7798,CoCl2,1,0,0.09909531796825,0.0555161824780521,0.0156958250960518,False,False
L7798,Dabrafenib,1,0,0.0969560750019377,0.0542210829160624,0.0975362647488561,False,False
L7798,Doxorubicin,1,0,0.1410322674669205,0.0818310060916572,0.0753221859722774,False,False
L7798,Trametinib,1,0,0.0771757232365809,0.0424422972311249,0.109985801507699,False,False
L78432,Acid,4,1,0.603377706274929,0.6019725107982246,0.5677309988314004,True,True
L78432,Cisplatin,4,0,0.2371608182761896,0.228750936468371,0.2478144013879502,False,True
L78432,CoCl2,4,0,0.2802419722432277,0.271743703935249,0.1954058639389741,False,True
L78432,Dabrafenib,4,0,0.2728347658636003,0.2643141450147155,0.2360817790784783,False,True
L78432,Doxorubicin,4,1,0.3627205701675863,0.355552131961718,0.3594714141091172,True,True
L78432,Trametinib,4,0,0.2273585602026267,0.2190633911172972,0.2441853398351315,False,True
L78498,Acid,3,0,0.2800284500633928,0.2624192702488204,0.2861788711836396,False,False
L78498,Cisplatin,3,0,0.0744561004084269,0.0640804383709499,0.0514015808280503,False,False
L78498,CoCl2,3,0,0.090291954794067,0.0783332056379465,0.0559797539163143,False,False
L78498,Dabrafenib,3,0,0.0902919547940672,0.0783332056379465,0.0395639024403943,False,False
L78498,Doxorubicin,3,0,0.1341899264720791,0.1188785043383535,0.1625743327345358,False,False
L78498,Trametinib,3,0,0.0754113559162071,0.0649321411034593,0.0503607283108515,False,False
L78561,Acid,2,1,0.7359388943939985,0.7121891323317974,0.5663256121816471,True,True
L78561,Cisplatin,2,0,0.374500042821323,0.3438431796852986,0.3481818108994925,False,True
L78561,CoCl2,2,1,0.4163547582113645,0.3848050180675423,0.285405323380712,True,True
L78561,Dabrafenib,2,1,0.4163547582113646,0.3848050180675423,0.4319355530047959,True,True
L78561,Doxorubicin,2,1,0.505490304657817,0.4741317844110921,0.5025110976225101,True,True
L78561,Trametinib,2,1,0.3601492970319206,0.3299690181898378,0.3723004067843072,True,True
L78888,Acid,4,1,0.2811303118206386,0.3941562153313213,0.2845681656805719,True,True
L78888,Cisplatin,4,0,0.0740054563390073,0.1131518422093605,0.1082141858200242,False,True
L78888,CoCl2,4,0,0.0909837199544665,0.1383146224881901,0.0603107025950965,False,True
L78888,Dabrafenib,4,0,0.0879675059053129,0.1338625106322515,0.2491189034263279,False,True
L78888,Doxorubicin,4,0,0.1276391277841468,0.1918106613460302,0.1333469326881473,False,True
L78888,Trametinib,4,0,0.0703250134578361,0.1076764013388105,0.172177638729264,False,True
L79015,Acid,1,0,0.496272946343519,0.4400482677294794,0.4310098823261981,False,False
L79015,Cisplatin,1,0,0.1686483425303422,0.1302409101942695,0.1728541160372988,False,False
L79015,CoCl2,1,0,0.2140454566038302,0.1686003428888495,0.183035715831285,False,False
L79015,Dabrafenib,1,0,0.210003147903132,0.1651284039988755,0.1086494190627909,False,False
L79015,Doxorubicin,1,0,0.2890225642677942,0.23517074651178,0.2767468966120574,False,False
L79015,Trametinib,1,0,0.1715406967515763,0.132635322962518,0.0873945643473337,False,False
L79366,Acid,4,0,0.2811303118206386,0.3242887915889614,0.37610760710776,False,False
L79366,Cisplatin,4,0,0.0740054563390073,0.0860223006000193,0.1108520467684128,False,False
L79366,CoCl2,4,0,0.0909837199544665,0.1058722274706006,0.0604711535462403,False,False
L79366,Dabrafenib,4,0,0.0879675059053129,0.1023403560369124,0.1192870665786399,False,False
L79366,Doxorubicin,4,0,0.1276391277841468,0.1489900765020497,0.1336447254594301,False,False
L79366,Trametinib,4,0,0.0703250134578361,0.0817386658153552,0.0968692450500637,False,False
L79584,Acid,2,1,0.2879810790401368,0.2608605393776592,0.0623814978061855,True,True
L79584,Cisplatin,2,0,0.0799419805856406,0.0695414353649506,0.0071114187506948,False,True
L79584,CoCl2,2,0,0.0938138784504659,0.0819048261286028,0.0248553807209172,False,True
L79584,Dabrafenib,2,0,0.0938138784504659,0.0819048261286028,0.2413745844731012,False,True
L79584,Doxorubicin,2,0,0.1291816151328634,0.1139406764785905,0.1218359190286997,False,True
L79584,Trametinib,2,0,0.0755159104304394,0.0656283913716188,0.1342854237458146,False,True
L79914,Acid,0,1,0.5243751823080508,0.4621465604436003,0.3358234771576908,True,True
L79914,Cisplatin,0,0,0.1717330500471539,0.134597136263155,0.1395190420404154,False,True
L79914,CoCl2,0,1,0.2216460319686425,0.1768960908040581,0.1633533192744974,True,True
L79914,Dabrafenib,0,0,0.240993794475869,0.193687221910448,0.1689216914905269,False,True
L79914,Doxorubicin,0,0,0.2924120067636125,0.2396589231814592,0.2680534028178739,False,True
L79914,Trametinib,0,0,0.1922415778128889,0.1517655459866424,0.0944889451111441,False,True
L8006,Acid,4,1,0.5848915139737458,0.6284478672400127,0.6242604613667009,True,True
L8006,Cisplatin,4,0,0.2235701198548117,0.2490838549873263,0.3042257437166789,False,True
L8006,CoCl2,4,1,0.2650402307610821,0.2944391824097263,0.1721527568749926,True,True
L8006,Dabrafenib,4,0,0.2578908613459247,0.2866333442371894,0.2869958506624346,False,True
L8006,Doxorubicin,4,0,0.3451904959541029,0.381579632796398,0.359885830042121,False,True
L8006,Trametinib,4,0,0.2141718800980559,0.2388018361243663,0.2762523023339472,False,True
L80068,Acid,0,1,0.283084547091898,0.249136916153416,0.309551311905563,True,True
L80068,Cisplatin,0,1,0.0691265369767683,0.0566563975792376,0.0873478816104939,True,True
L80068,CoCl2,0,0,0.0925499417249437,0.0766303360968425,0.0752062175073923,False,True
L80068,Dabrafenib,0,0,0.1021070427147207,0.0848856627904719,0.0598477532992637,False,True
L80068,Doxorubicin,0,0,0.1289259711728003,0.1085085342281994,0.1032258610668123,False,True
L80068,Trametinib,0,0,0.078543669144304,0.0646255621365687,0.0382003636578727,False,True
L80184,Acid,3,1,0.568516622423299,0.6744441806382954,0.6879748187815277,True,True
L80184,Cisplatin,3,0,0.2141566337217711,0.2850387200225911,0.3059412966208207,False,True
L80184,CoCl2,3,0,0.2516270724157694,0.3310532693780987,0.4013675054219437,False,True
L80184,Dabrafenib,3,1,0.25162707241577,0.3310532693780987,0.3010526661030899,True,True
L80184,Doxorubicin,3,1,0.3442780209406544,0.4399644121426245,0.3533753154185891,True,True
L80184,Trametinib,3,1,0.2164849906717249,0.2879237464748371,0.2653992790727447,True,True
L80217,Acid,4,0,0.4343535892129345,0.5835781150607705,0.6001376435481995,False,False
L80217,Cisplatin,4,0,0.1356408285446726,0.2155840029419644,0.2337121781535912,False,False
L80217,CoCl2,4,0,0.1642512362708553,0.2569264886418861,0.3435846101111551,False,False
L80217,Dabrafenib,4,0,0.159231589114579,0.2497631012809996,0.1726240167972859,False,False
L80217,Doxorubicin,4,0,0.2231774654903519,0.3382878828086494,0.3128421444059481,False,False
L80217,Trametinib,4,0,0.1293232217737924,0.2063049146219701,0.1820871277665399,False,False
L80268,Acid,2,0,0.3123280499487586,0.3210130452590243,0.2535915980916037,False,False
L80268,Cisplatin,2,0,0.0888965001766363,0.0910092105732531,0.0753243072024056,False,False
L80268,CoCl2,2,0,0.10414634088636,0.1067513572042955,0.0405433008119113,False,False
L80268,Dabrafenib,2,0,0.1041463408863601,0.1067513572042955,0.1902317060546889,False,False
L80268,Doxorubicin,2,0,0.142795584893713,0.1469500411747406,0.1317684981939171,False,False
L80268,Trametinib,2,0,0.0840199282215226,0.0859998410997188,0.1226691993394887,False,False
L80342,Acid,1,1,0.8882279591727491,0.9147628767161184,0.923604442715402,True,False
L80342,Cisplatin,1,1,0.6206806694353298,0.6715852377149314,0.7094070570215901,True,False
L80342,CoCl2,1,1,0.6871792672668982,0.7347026241675658,0.7894483401914735,True,False
L80342,Dabrafenib,1,1,0.6819546167461512,0.7298061785197288,0.7340584164560622,True,False
L80342,Doxorubicin,1,1,0.7663007228779011,0.8076563759915726,0.8276687421366173,True,False
L80342,Trametinib,1,1,0.6254926819796512,0.6761945398256765,0.6660155276039161,True,False
L80626,Acid,3,0,0.2839379758377813,0.3125642940491149,0.1962288465565978,False,False
L80626,Cisplatin,3,0,0.0757977484189873,0.0804597724002233,0.0686242354364505,False,False
L80626,CoCl2,3,0,0.0918906235877918,0.0979742628728244,0.2053445182258095,False,False
L80626,Dabrafenib,3,0,0.0918906235877921,0.0979742628728244,0.0684197238336229,False,False
L80626,Doxorubicin,3,0,0.136449253309681,0.1470636314350448,0.1903934370760777,False,False
L80626,Trametinib,3,0,0.0767687892495874,0.0815102155841645,0.0745032870820728,False,False
L81048,Acid,4,0,0.29897467523817,0.208771052351914,0.1229676183800313,False,False
L81048,Cisplatin,4,0,0.0801690138735493,0.0491996576077038,0.0489136278931639,False,False
L81048,CoCl2,4,0,0.0984110368485007,0.0611208595203405,0.0910224551070446,False,False
L81048,Dabrafenib,4,0,0.0951743785327787,0.0589834001305822,0.0414543168720195,False,False
L81048,Doxorubicin,4,0,0.1376057808821043,0.0878028710070698,0.0749725591033936,False,False
L81048,Trametinib,4,0,0.0762072710844168,0.0466560695806348,0.0445080385054222,False,False
L81084,Acid,2,0,0.2879810790401368,0.3441296384696899,0.4193654412491983,False,True
L81084,Cisplatin,2,0,0.0799419805856406,0.1000023200543968,0.1397842698107846,False,True
L81084,CoCl2,2,0,0.0938138784504659,0.1170996389156108,0.0761611610050921,False,True
L81084,Dabrafenib,2,0,0.0938138784504659,0.1170996389156108,0.1158689905558778,False,True
L81084,Doxorubicin,2,0,0.1291816151328634,0.1604949525287781,0.1596312133228154,False,True
L81084,Trametinib,2,1,0.0755159104304394,0.0945494359690343,0.0957969549800333,True,True
L81421,Acid,0,0,0.6685797891676423,0.5646690308055315,0.5849979583452145,False,False
L81421,Cisplatin,0,0,0.2750392515000875,0.1901444613359978,0.2009299552054857,False,False
L81421,CoCl2,0,0,0.3425594420653665,0.2449587176810917,0.173220738283633,False,False
L81421,Dabrafenib,0,0,0.3674787801832512,0.2661216171954716,0.236954260267285,False,False
L81421,Doxorubicin,0,0,0.4305744917486601,0.3224111396035732,0.3284867766831609,False,False
L81421,Trametinib,0,0,0.3033661080854372,0.2126570765505203,0.1633902348302947,False,False
L81641,Acid,0,1,0.2913335192140022,0.2438967979719681,0.2316887133029444,True,True
L81641,Cisplatin,0,0,0.0717649606822348,0.0551672909506268,0.0754699805498362,False,True
L81641,CoCl2,0,0,0.0959902001688309,0.0746577997286644,0.0939948641728773,False,True
L81641,Dabrafenib,0,1,0.1058611135447152,0.0827196633106206,0.0592156792731661,True,True
L81641,Doxorubicin,0,0,0.1335194425566999,0.1058094533944538,0.1227683894528363,False,True
L81641,Trametinib,0,0,0.0815100531712696,0.0629409760817649,0.0403020775625679,False,True
L81738,Acid,0,1,0.8555224028962445,0.8791426379532294,0.8847862791898988,True,False
L81738,Cisplatin,0,1,0.5268779335908227,0.5683521639707063,0.5919232350607339,True,False
L81738,CoCl2,0,1,0.6046575727248333,0.6453176832516933,0.7729121873030361,True,False
L81738,Dabrafenib,0,1,0.6303622012561292,0.6703598468208409,0.6317227115783197,True,False
L81738,Doxorubicin,0,1,0.6893990995385204,0.7274037270239113,0.7682163334232189,True,False
L81738,Trametinib,0,1,0.5610684686406873,0.6023388646367648,0.5449506505603335,True,False
L82032,Acid,4,1,0.8186738240737637,0.7945584154150165,0.8187340839174011,True,True
L82032,Cisplatin,4,0,0.4798909864279345,0.4313259145901215,0.5427046896351913,False,True
L82032,CoCl2,4,1,0.536079094197724,0.4882872382847186,0.6538299947042026,True,True
L82032,Dabrafenib,4,0,0.52685960073942,0.4788299648382276,0.3313844093494925,False,True
L82032,Doxorubicin,4,0,0.628141916770434,0.5852133076357825,0.6458769819498814,False,True
L82032,Trametinib,4,0,0.466187323404311,0.4177057248423498,0.284440296073628,False,True
L82077,Acid,4,0,0.6169864058419372,0.6790480964022536,0.577190250803393,False,True
L82077,Cisplatin,4,0,0.247667508712894,0.2932466666327203,0.2960645779706613,False,True
L82077,CoCl2,4,0,0.2919268582579793,0.342970672887739,0.354035980670015,False,True
L82077,Dabrafenib,4,1,0.2843328106110728,0.3344881722991057,0.291743668922451,True,True
L82077,Doxorubicin,4,0,0.3760477037560993,0.4356065766337106,0.4339365630706872,False,True
L82077,Trametinib,4,0,0.2375662299934383,0.281825829152836,0.2823745619555828,False,True
L82689,Acid,4,1,0.2968821351175162,0.1809801325579365,0.0639027045194992,True,True
L82689,Cisplatin,4,0,0.0794343772887644,0.0415352884982505,0.0415306732845561,False,True
L82689,CoCl2,4,1,0.0975269614574984,0.0517003751070213,0.0212562655845232,True,True
L82689,Dabrafenib,4,0,0.094316337926325,0.0498748591283571,0.0735394218329349,False,True
L82689,Doxorubicin,4,0,0.1364228780661134,0.0745966676805286,0.1129790312865517,False,True
L82689,Trametinib,4,0,0.0755059582532245,0.0393715350729615,0.0679069047723604,False,True
L82788,Acid,3,0,0.5542403741566174,0.6251262240800345,0.4304226579915618,False,True
L82788,Cisplatin,3,0,0.2045602184504246,0.2429462331492435,0.1367320011957937,False,True
L82788,CoCl2,3,0,0.2408662400775254,0.2848731596041854,0.3024418153516643,False,True
L82788,Dabrafenib,3,1,0.2408662400775259,0.2848731596041854,0.3244388171340259,True,True
L82788,Doxorubicin,3,1,0.331309067645028,0.3873898402456421,0.370628004639411,True,True
L82788,Trametinib,3,1,0.2068116989385759,0.2455515418051894,0.2399887295841724,True,True
L82823,Acid,1,1,0.778216077458446,0.8065600411929911,0.7954611660736696,True,True
L82823,Cisplatin,1,1,0.4194508717896902,0.4427390594275759,0.4917440749189444,True,True
L82823,CoCl2,1,1,0.4923752344907148,0.5182912837366173,0.699841292484122,True,True
L82823,Dabrafenib,1,0,0.4863290794006458,0.5120533584084036,0.4312046302706257,False,True
L82823,Doxorubicin,1,1,0.5914766644849926,0.6199736901682317,0.6500337943235056,True,True
L82823,Trametinib,1,1,0.4244484950899556,0.4479198948982872,0.3145305833948055,True,True
L82908,Acid,3,0,0.2839379758377813,0.2699551668789299,0.0948472741802722,False,True
L82908,Cisplatin,3,0,0.0757977484189873,0.0664336465143596,0.0620667632523165,False,True
L82908,CoCl2,3,0,0.0918906235877918,0.0811644240843247,0.0977442650389964,False,True
L82908,Dabrafenib,3,0,0.0918906235877921,0.0811644240843247,0.0860609921338891,False,True
L82908,Doxorubicin,3,1,0.136449253309681,0.1229796263712231,0.0933873215876508,True,True
L82908,Trametinib,3,0,0.0767687892495874,0.0673143765576088,0.1223182763807165,False,True
L82979,Acid,2,1,0.9506677002746932,0.9626846981330074,0.9628232916921636,True,False
L82979,Cisplatin,2,1,0.805441807611882,0.8452822844994383,0.8847735118007296,True,False
L82979,CoCl2,2,1,0.8314394352113774,0.8670449826837392,0.9195754387381668,True,False
L82979,Dabrafenib,2,1,0.8314394352113774,0.8670449826837392,0.8838646213831116,True,False
L82979,Doxorubicin,2,1,0.8760539291748629,0.9038468043072734,0.9029926810125498,True,False
L82979,Trametinib,2,1,0.7955813127346861,0.8369840981284338,0.8270325168167753,True,False
L83489,Acid,4,1,0.5064317991162951,0.6345450329353354,0.5442346850591963,True,True
L83489,Cisplatin,4,0,0.1733399135068221,0.254016723528696,0.2455537130057254,False,True
L83489,CoCl2,4,1,0.2079886843100183,0.2999115265640193,0.3492345098927007,True,True
L83489,Dabrafenib,4,1,0.2019553826844113,0.2920206567466489,0.3168231239894837,True,True
L83489,Doxorubicin,4,1,0.2773978968598879,0.3877814157965918,0.3560354323271861,True,True
L83489,Trametinib,4,1,0.1656028424317887,0.243597135199007,0.2538670867345385,True,True
L83701,Acid,2,0,0.2879810790401368,0.2864403423937062,0.2781081676521414,False,False
L83701,Cisplatin,2,0,0.0799419805856406,0.0783492577257808,0.1020325517640556,False,False
L83701,CoCl2,2,0,0.0938138784504659,0.0921235057690689,0.0936560572748805,False,False
L83701,Dabrafenib,2,0,0.0938138784504659,0.0921235057690689,0.0782418220702337,False,False
L83701,Doxorubicin,2,0,0.1291816151328634,0.1276007363647575,0.1178642192418711,False,False
L83701,Trametinib,2,0,0.0755159104304394,0.0739800097389788,0.0603479467640851,False,False
L8380,Acid,0,1,0.4328777043248581,0.5650081230366781,0.4478867316959093,True,True
L8380,Cisplatin,0,0,0.125527930426065,0.1903569912042109,0.1373743954580779,False,True
L8380,CoCl2,0,0,0.1646818096685305,0.2452139639956077,0.2246198453182109,False,True
L8380,Dabrafenib,0,0,0.1802083459980085,0.2663911349923935,0.3903901913595863,False,True
L8380,Doxorubicin,0,0,0.2224585775702799,0.3227125968724268,0.2585036400784529,False,True
L8380,Trametinib,0,0,0.1414610018446082,0.2128881547690081,0.3674850883091672,False,True
L8387,Acid,0,1,0.9033224656609092,0.9156462286069188,0.92149430028089,True,True
L8387,Cisplatin,0,1,0.6373142704234052,0.6627125039360123,0.6795854309475513,True,True
L8387,CoCl2,0,1,0.7070336965685708,0.7308215255564425,0.8479566953577234,True,True
L8387,Dabrafenib,0,0,0.7290645539763554,0.7521454168185302,0.7300024895116528,False,True
L8387,Doxorubicin,0,0,0.7778917083057192,0.7992741944193806,0.8369491571539689,False,True
L8387,Trametinib,0,0,0.6685446842114142,0.6932790870341325,0.6410527129435867,False,True
L84010,Acid,3,1,0.8878266048631812,0.8968452344023261,0.892684513436146,True,False
L84010,Cisplatin,3,1,0.6207844721047849,0.6259063363926728,0.6585400151409071,True,False
L84010,CoCl2,3,1,0.6688472036615397,0.6749967636796375,0.7434251462623603,True,False
L84010,Dabrafenib,3,1,0.6688472036615404,0.6749967636796373,0.7263395120980185,True,False
L84010,Doxorubicin,3,1,0.7592627294237478,0.7672756470119041,0.7949225204845722,True,False
L84010,Trametinib,3,1,0.6240231862425558,0.6292051853983802,0.6169795937111255,True,False
L84024,Acid,0,0,0.2913335192140022,0.1704784523908234,0.1563576432359709,False,False
L84024,Cisplatin,0,0,0.0717649606822348,0.0358658402526855,0.0294875896382661,False,False
L84024,CoCl2,0,0,0.0959902001688309,0.0488900352849759,0.0546491251099698,False,False
L84024,Dabrafenib,0,0,0.1058611135447152,0.0543327662408546,0.0455114511121649,False,False
L84024,Doxorubicin,0,0,0.1335194425566999,0.0701044170832209,0.0926306142046026,False,False
L84024,Trametinib,0,0,0.0815100531712696,0.0410378675500584,0.0254781921512209,False,False
L84060,Acid,4,0,0.5600708095051647,0.4840568628722186,0.5119970035639881,False,False
L84060,Cisplatin,4,0,0.2064565555289803,0.1553997711927448,0.1488367507545565,False,False
L84060,CoCl2,4,0,0.245757032146647,0.1879663887325414,0.2563118681381207,False,False
L84060,Dabrafenib,4,0,0.2389587006709399,0.1822541058732854,0.119855365512981,False,False
L84060,Doxorubicin,4,0,0.322635794832262,0.2549836129624456,0.3007220050704066,False,False
L84060,Trametinib,4,0,0.1975946381974818,0.1482216288067789,0.0857567980340263,False,False
L8434,Acid,0,1,0.8819963110657196,0.8766619546901944,0.8942645218763432,True,True
L8434,Cisplatin,0,1,0.5843118860239561,0.5626656512086561,0.5960500052094625,True,True
L8434,CoCl2,0,1,0.6587647063382417,0.6400028761260359,0.7435242874067794,True,True
L8434,Dabrafenib,0,0,0.6827968892973839,0.6652256191847612,0.5901414324946214,False,True
L8434,Doxorubicin,0,1,0.7369538353402727,0.7227905678846035,0.7393348489229931,True,True
L8434,Trametinib,0,0,0.6173661306728109,0.5967824425100321,0.4312015948644672,False,True
L84351,Acid,3,1,0.9225343129633348,0.9243062544145716,0.945475152082346,True,True
L84351,Cisplatin,3,1,0.7112449436572764,0.7014871472313082,0.7587912765697808,True,True
L84351,CoCl2,3,0,0.7524151005848095,0.7447048825695589,0.6987747017748487,False,True
L84351,Dabrafenib,3,1,0.7524151005848101,0.7447048825695588,0.7362288762840996,True,True
L84351,Doxorubicin,3,1,0.8259512845869313,0.8223990346859403,0.8649614774100591,True,True
L84351,Trametinib,3,0,0.714066926012701,0.7044342364404055,0.7082372960131347,False,True
L8437,Acid,0,0,0.283084547091898,0.3303256429938808,0.3086197886709821,False,False
L8437,Cisplatin,0,0,0.0691265369767683,0.0819669288318478,0.115185786883049,False,False
L8437,CoCl2,0,0,0.0925499417249437,0.1098251344872935,0.1286298682153034,False,False
L8437,Dabrafenib,0,0,0.1021070427147207,0.121187174254639,0.1226010454704384,False,False
L8437,Doxorubicin,0,0,0.1289259711728003,0.1532209347321744,0.1477117682330421,False,False
L8437,Trametinib,0,0,0.078543669144304,0.0931446945246332,0.0739408609861846,False,False
L84404,Acid,4,1,0.29897467523817,0.3508915107886675,0.2736713363438816,True,True
L84404,Cisplatin,4,0,0.0801690138735493,0.0958517121819437,0.069098825388161,False,True
L84404,CoCl2,4,1,0.0984110368485007,0.1176777733437978,0.1247666311384529,True,True
L84404,Dabrafenib,4,0,0.0951743785327787,0.1138021974520963,0.1512481758310716,False,True
L84404,Doxorubicin,4,0,0.1376057808821043,0.1647178535783975,0.1607692408453543,False,True
L84404,Trametinib,4,0,0.0762072710844168,0.0911274067409565,0.0776893210583511,False,True
L84720,Acid,0,0,0.2913335192140022,0.1720769367117363,0.2184005641413346,False,False
L84720,Cisplatin,0,0,0.0717649606822348,0.0362573035189442,0.0503073388152381,False,False
L84720,CoCl2,0,0,0.0959902001688309,0.0494163670592292,0.0190741173011682,False,False
L84720,Dabrafenib,0,0,0.1058611135447152,0.0549143093448953,0.0460213160203586,False,False
L84720,Doxorubicin,0,0,0.1335194425566999,0.0708421239072588,0.0869535676639147,False,False
L84720,Trametinib,0,0,0.0815100531712696,0.0414833528226499,0.0244094076975275,False,False
L84803,Acid,4,0,0.2811303118206386,0.2702858238557246,0.2123685590522166,False,True
L84803,Cisplatin,4,0,0.0740054563390073,0.0677206601694265,0.0826362665924553,False,True
L84803,CoCl2,4,0,0.0909837199544665,0.0837343300479564,0.0391937926529038,False,True
L84803,Dabrafenib,4,1,0.0879675059053129,0.0808741744936575,0.1098075865136526,True,True
L84803,Doxorubicin,4,0,0.1276391277841468,0.1190365372391908,0.1283075237649706,False,True
L84803,Trametinib,4,1,0.0703250134578361,0.0642842880182145,0.0758493576290136,True,True
L85031,Acid,0,1,0.743846098771416,0.7650132325228999,0.7496177532051477,True,False
L85031,Cisplatin,0,1,0.3532196530101217,0.370787238988482,0.3446306340662103,True,False
L85031,CoCl2,0,1,0.4285861165416262,0.4488169159505883,0.3910672108298825,True,False
L85031,Dabrafenib,0,1,0.4554283463633699,0.4764775845380913,0.4936675548491122,True,False
L85031,Doxorubicin,0,1,0.5211821723980097,0.5442632247024524,0.5233344354408247,True,False
L85031,Trametinib,0,1,0.3853188284731582,0.4040177083408311,0.4209375800532083,True,False
L85759,Acid,2,1,0.3123280499487586,0.2574552718229143,0.0736577068355784,True,True
L85759,Cisplatin,2,0,0.0888965001766363,0.0684025180648686,0.0322490090337607,False,True
L85759,CoCl2,2,1,0.10414634088636,0.0805809625991496,0.034841492996887,True,True
L85759,Dabrafenib,2,1,0.1041463408863601,0.0805809625991495,0.1194689081155684,True,True
L85759,Doxorubicin,2,0,0.142795584893713,0.1121622634664332,0.1230643808407814,False,True
L85759,Trametinib,2,1,0.0840199282215226,0.0645491142194289,0.1809254553708766,True,True
L85766,Acid,3,0,0.4146843208666432,0.3078594740700417,0.2151792671858738,False,True
L85766,Cisplatin,3,0,0.1278074763493444,0.0788479414378111,0.0585088358570508,False,True
L85766,CoCl2,3,0,0.153113315407486,0.0960482169501779,0.0946014340092063,False,True
L85766,Dabrafenib,3,0,0.1531133154074864,0.0960482169501779,0.0856101461941143,False,True
L85766,Doxorubicin,3,1,0.2201619795680417,0.1443269609940121,0.1334258261745329,True,True
L85766,Trametinib,3,0,0.129351556344138,0.0798791693495774,0.0533054887431942,False,True
L85780,Acid,4,0,0.2811303118206386,0.2436454634433987,0.2007917995332241,False,False
L85780,Cisplatin,4,0,0.0740054563390073,0.0594200829031901,0.0527413296787179,False,False
L85780,CoCl2,4,0,0.0909837199544665,0.0736259551590653,0.0315142166822683,False,False
L85780,Dabrafenib,4,0,0.0879675059053129,0.0710842897138986,0.0668873998662541,False,False
L85780,Doxorubicin,4,0,0.1276391277841468,0.1051555860206871,0.1154225747741509,False,False
L85780,Trametinib,4,0,0.0703250134578361,0.0563794377878332,0.0718085413855705,False,False
L85922,Acid,0,0,0.5836641772922005,0.5983192580664828,0.6527641326129112,False,False
L85922,Cisplatin,0,0,0.2086406496476221,0.2123633641608616,0.241968499596462,False,False
L85922,CoCl2,0,0,0.2658376831605884,0.2714360131291792,0.2471788664162539,False,False
L85922,Dabrafenib,0,0,0.2876175497747041,0.2939956960359031,0.2205862165646438,False,False
L85922,Doxorubicin,0,0,0.3444687262158307,0.35334238838742,0.3391234553351201,False,False
L85922,Trametinib,0,0,0.232320448330099,0.2367376433345543,0.1573510166809765,False,False
L85940,Acid,3,1,0.5626436733180362,0.5743103853284817,0.5950942506301854,True,True
L85940,Cisplatin,3,0,0.210161350514774,0.2061159042940368,0.2404700162955207,False,True
L85940,CoCl2,3,0,0.2471525985349805,0.2437330965951427,0.205254822149494,False,True
L85940,Dabrafenib,3,0,0.2471525985349811,0.2437330965951426,0.2039895481286017,False,True
L85940,Doxorubicin,3,1,0.3389021017609692,0.3384516210866679,0.3610430637623372,True,True
L85940,Trametinib,3,1,0.2124580135268596,0.208434993891326,0.2005851837034167,True,True
L86391,Acid,4,0,0.29897467523817,0.2298885599093315,0.2073715966944114,False,True
L86391,Cisplatin,4,0,0.0801690138735493,0.0553044758894609,0.0668255074618947,False,True
L86391,CoCl2,4,0,0.0984110368485007,0.068598168780734,0.0434276838256228,False,True
L86391,Dabrafenib,4,0,0.0951743785327787,0.0662176626076813,0.0366815190922245,False,True
L86391,Doxorubicin,4,0,0.1376057808821043,0.0982029427119493,0.1204953017346498,False,True
L86391,Trametinib,4,1,0.0762072710844168,0.0524626878156675,0.0333240684675973,True,True
L86394,Acid,1,1,0.909882586937681,0.9057880865867858,0.9135806584693732,True,True
L86394,Cisplatin,1,1,0.6752162648324029,0.6468895174348196,0.704764463758512,True,True
L86394,CoCl2,1,1,0.7362173842692386,0.7127228831826109,0.8322643863372655,True,True
L86394,Dabrafenib,1,0,0.7314917312054009,0.707582228892313,0.6504321519661646,False,True
L86394,Doxorubicin,1,1,0.8064295037322411,0.7899931496910646,0.8261660347974769,True,True
L86394,Trametinib,1,0,0.679693469125273,0.6516656490212602,0.5458853619389878,False,True
L870,Acid,2,1,0.6038122237619251,0.5638096394409426,0.498245630296758,True,True
L870,Cisplatin,2,0,0.2466516131558873,0.2149037326876973,0.1414164644646089,False,True
L870,CoCl2,2,0,0.280628289067114,0.2462702192513501,0.2972146191970956,False,True
L870,Dabrafenib,2,0,0.2806282890671142,0.2462702192513501,0.2409968910984245,False,True
L870,Doxorubicin,2,0,0.3585577383085783,0.320175070486223,0.3244678499704301,False,True
L870,Trametinib,2,0,0.2353565970534309,0.2046099364681514,0.1810242596831338,False,True
L87202,Acid,2,0,0.5292323397866742,0.6052679437552019,0.4375064795554884,False,False
L87202,Cisplatin,2,0,0.1945263219053228,0.2451238606097446,0.2654921526574555,False,False
L87202,CoCl2,2,0,0.2234524304898659,0.2793318205998829,0.2086050580417524,False,False
L87202,Dabrafenib,2,0,0.223452430489866,0.2793318205998829,0.3961695830393424,False,False
L87202,Doxorubicin,2,0,0.2919480494610228,0.3584400429242067,0.2627499423030477,False,False
L87202,Trametinib,2,0,0.1850320237237592,0.2338136300998115,0.3228944355619944,False,False
L87366,Acid,3,1,0.900611504725397,0.9140498781723662,0.9174860609472242,True,True
L87366,Cisplatin,3,1,0.652078083973927,0.6717607869860867,0.7265729105582993,True,True
L87366,CoCl2,3,0,0.6981034206321127,0.7175493492454688,0.7482961102899481,False,True
L87366,Dabrafenib,3,1,0.6981034206321133,0.7175493492454688,0.7528589046003753,True,True
L87366,Doxorubicin,3,1,0.7831211823513596,0.801302748557421,0.8114351022193143,True,True
L87366,Trametinib,3,1,0.6551979799523447,0.6748653277821189,0.7008869769058039,True,True
L879,Acid,2,1,0.7086011511791896,0.7067030358793314,0.6029135114357802,True,True
L879,Cisplatin,2,1,0.343141432177816,0.3378636312805063,0.2455459357059774,True,True
L879,CoCl2,2,0,0.3836410074181762,0.3785240646522868,0.2730949599738371,False,True
L879,Dabrafenib,2,1,0.3836410074181763,0.3785240646522868,0.4620914016181746,True,True
L879,Doxorubicin,2,0,0.4714300096981398,0.4675007914702544,0.4872525033607343,False,True
L879,Trametinib,2,0,0.3293596044446457,0.3241115666031929,0.5080177617252808,False,True
L88206,Acid,1,0,0.2838807297763159,0.1372115106084093,0.0635049696340104,False,True
L88206,Cisplatin,1,0,0.0754650511914505,0.0294116901852617,0.0163946228978809,False,True
L88206,CoCl2,1,0,0.0987586044275129,0.0394201754771106,0.0102223987242483,False,True
L88206,Dabrafenib,1,1,0.0966258507238606,0.0384852684395674,0.0529522987539889,True,True
L88206,Doxorubicin,1,0,0.1405752922599338,0.058578646392694,0.0862798210070978,False,True
L88206,Trametinib,1,0,0.0769071316414241,0.0300163822191986,0.0491958533646839,False,True
L88295,Acid,3,0,0.2800284500633928,0.2738079790832921,0.2439007313809941,False,False
L88295,Cisplatin,3,0,0.0744561004084269,0.0676509569489377,0.100742031312785,False,False
L88295,CoCl2,3,0,0.090291954794067,0.082627766719971,0.0211355306484434,False,False
L88295,Dabrafenib,3,0,0.0902919547940672,0.0826277667199709,0.0832895409888154,False,False
L88295,Doxorubicin,3,0,0.1341899264720791,0.1250942309754582,0.1039669177039638,False,False
L88295,Trametinib,3,0,0.0754113559162071,0.0685466402864021,0.098027275615886,False,False
L88421,Acid,3,0,0.2839379758377813,0.1826679217818299,0.1319313679388635,False,False
L88421,Cisplatin,3,0,0.0757977484189873,0.0412359744242687,0.0178059631947829,False,False
L88421,CoCl2,3,0,0.0918906235877918,0.0506828321549632,0.1173728636058799,False,False
L88421,Dabrafenib,3,0,0.0918906235877921,0.0506828321549632,0.027335114726891,False,False
L88421,Doxorubicin,3,0,0.136449253309681,0.078129498447404,0.1284899195535404,False,False
L88421,Trametinib,3,0,0.0767687892495874,0.0417976078533444,0.0152614582977099,False,False
L88461,Acid,3,1,0.8721590657326403,0.877134062532552,0.876579129182878,True,True
L88461,Cisplatin,3,0,0.5852428339780672,0.578741116703947,0.4791674713306161,False,True
L88461,CoCl2,3,0,0.635162811645983,0.6303656814112046,0.6995999593391061,False,True
L88461,Dabrafenib,3,1,0.6351628116459836,0.6303656814112046,0.6897217112509307,True,True
L88461,Doxorubicin,3,0,0.7310774750132762,0.7302526035283704,0.7761886793894367,False,True
L88461,Trametinib,3,1,0.5885839231888998,0.5821782377861643,0.5984981829262849,True,True
L88830,Acid,1,0,0.4172781131200817,0.3081818728611536,0.2555197929888778,False,False
L88830,Cisplatin,1,0,0.1285001353508123,0.0782404802663933,0.0464496285253695,False,False
L88830,CoCl2,1,0,0.1652380879475498,0.1030998724236923,0.0464537349600897,False,False
L88830,Dabrafenib,1,0,0.1619276169125846,0.1008132104011538,0.1244620675173305,False,False
L88830,Doxorubicin,1,0,0.2280799886407108,0.1484250239671327,0.1326527916083519,False,False
L88830,Trametinib,1,0,0.13081228206688,0.0797665675736053,0.0878887111910534,False,False
L88932,Acid,2,1,0.3123280499487586,0.3810406603705696,0.2727420804109571,True,True
L88932,Cisplatin,2,0,0.0888965001766363,0.1153330123670836,0.0908833904318964,False,True
L88932,CoCl2,2,0,0.10414634088636,0.1346592376791697,0.1748725166794727,False,True
L88932,Dabrafenib,2,1,0.1041463408863601,0.1346592376791697,0.1960447093605185,True,True
L88932,Doxorubicin,2,0,0.142795584893713,0.1832115273151017,0.1372728405040505,False,True
L88932,Trametinib,2,0,0.0840199282215226,0.1091455605436545,0.1884416332600434,False,True
L89007,Acid,1,0,0.2838807297763159,0.141729375306394,0.1060016821265121,False,False
L89007,Cisplatin,1,0,0.0754650511914505,0.0305056055219571,0.0216844491920395,False,False
L89007,CoCl2,1,0,0.0987586044275129,0.0408706635238302,0.0428803056309829,False,False
L89007,Dabrafenib,1,0,0.0966258507238606,0.0399027850488105,0.0318546039396859,False,False
L89007,Doxorubicin,1,0,0.1405752922599338,0.0606895427746941,0.1079136801611345,False,False
L89007,Trametinib,1,0,0.0769071316414241,0.031132066605884,0.0143303684587743,False,False
L89382,Acid,2,0,0.4182482055123107,0.3946556756295946,0.344142599098192,False,True
L89382,Cisplatin,2,0,0.1337855071112935,0.1213148040054165,0.1372453490507967,False,True
L89382,CoCl2,2,0,0.1554222690865395,0.1414830856704557,0.1358278669883822,False,True
L89382,Dabrafenib,2,0,0.1554222690865395,0.1414830856704557,0.0974484936895989,False,True
L89382,Doxorubicin,2,0,0.20866797340549,0.1919499966775484,0.1896175058968722,False,True
L89382,Trametinib,2,1,0.1267891472075863,0.1148480989437414,0.1101080789281667,True,True
L8950,Acid,3,1,0.4146843208666432,0.3287722860962347,0.2680925090722622,True,True
L8950,Cisplatin,3,0,0.1278074763493444,0.0861401650990149,0.0603674780619978,False,True
L8950,CoCl2,3,0,0.153113315407486,0.1047503059257301,0.09434081448418,False,True
L8950,Dabrafenib,3,0,0.1531133154074864,0.1047503059257301,0.0663789083745522,False,True
L8950,Doxorubicin,3,0,0.2201619795680417,0.1566451774416407,0.2155332785244641,False,True
L8950,Trametinib,3,0,0.129351556344138,0.0872577314061844,0.0549517021429748,False,True
L89642,Acid,0,0,0.2913335192140022,0.3732330181142121,0.1561451021143616,False,True
L89642,Cisplatin,0,0,0.0717649606822348,0.0973012672722755,0.0192778145999854,False,True
L89642,CoCl2,0,0,0.0959902001688309,0.1296352311745073,0.0446714494084117,False,True
L89642,Dabrafenib,0,0,0.1058611135447152,0.1427181560383824,0.4569670621998595,False,True
L89642,Doxorubicin,0,0,0.1335194425566999,0.1792822006808572,0.1234030453636994,False,True
L89642,Trametinib,0,1,0.0815100531712696,0.1103188759950803,0.3799923081207428,True,True
L89723,Acid,1,0,0.2838807297763159,0.1430610007325941,0.0822433331175476,False,False
L89723,Cisplatin,1,0,0.0754650511914505,0.0308297599943583,0.0234027209517264,False,False
L89723,CoCl2,1,0,0.0987586044275129,0.0413002658195417,0.0758635609397687,False,False
L89723,Dabrafenib,1,0,0.0966258507238606,0.0403226414274212,0.0119823246398771,False,False
L89723,Doxorubicin,1,0,0.1405752922599338,0.0613141491825127,0.1122982174783421,False,False
L89723,Trametinib,1,0,0.0769071316414241,0.0314626618616745,0.0141661477704421,False,False
L90423,Acid,4,1,0.424821092297298,0.306277052544404,0.3400954514699499,True,True
L90423,Cisplatin,4,0,0.1311440810112391,0.0796838112937663,0.1264514062123866,False,True
L90423,CoCl2,4,0,0.1589804544029891,0.0982283045818473,0.1850825962576803,False,True
L90423,Dabrafenib,4,0,0.1540921873118699,0.0949243607271356,0.0424400388848099,False,True
L90423,Doxorubicin,4,1,0.2165056114191431,0.1387160341276368,0.1702819271477033,True,True
L90423,Trametinib,4,0,0.1250056249684408,0.0756896740029565,0.0354166017211789,False,True
L90680,Acid,1,1,0.4006161480198365,0.2691557522610358,0.2676057079528919,True,True
L90680,Cisplatin,1,0,0.1209752434080474,0.06557270108341,0.0562707905787252,False,True
L90680,CoCl2,1,0,0.1559468078263411,0.0867861114514355,0.0961137712325514,False,True
L90680,Dabrafenib,1,0,0.1527884125735933,0.0848270532593226,0.0432377749784959,False,True
L90680,Doxorubicin,1,1,0.2161701867667327,0.1259464568222585,0.1489541315496696,True,True
L90680,Trametinib,1,1,0.1231711282899808,0.0668696272855948,0.028174491345312,True,True
L91035,Acid,3,0,0.6713114281727749,0.6375686108608094,0.6241418453575884,False,True
L91035,Cisplatin,3,0,0.2969782483061607,0.252913843100558,0.2417842504080525,False,True
L91035,CoCl2,3,0,0.3426217691052249,0.2958886304542987,0.2714981550089997,False,True
L91035,Dabrafenib,3,1,0.3426217691052257,0.2958886304542986,0.2539144947347296,True,True
L91035,Doxorubicin,3,0,0.4486896440107741,0.4001512933661396,0.4051049390564661,False,True
L91035,Trametinib,3,0,0.2998634627146495,0.2555899549620784,0.1917250508613364,False,True
L91046,Acid,1,1,0.2952569053890467,0.2644964822275445,0.1849041304523101,True,True
L91046,Cisplatin,1,1,0.0794154333052323,0.064128363140776,0.0912154445486845,True,True
L91046,CoCl2,1,0,0.1037914496285774,0.0849169785230811,0.0795341780837705,False,True
L91046,Dabrafenib,1,0,0.1015622566428531,0.0829962783993124,0.0891269848262041,False,True
L91046,Doxorubicin,1,0,0.1473906496025865,0.1233478371364354,0.1155861162626834,False,True
L91046,Trametinib,1,0,0.0809263949015811,0.0653987219125622,0.0879402969999601,False,True
L91099,Acid,0,0,0.4168744560268722,0.5604709064078327,0.5736666034320858,False,True
L91099,Cisplatin,0,0,0.1185127757596139,0.1875313132743099,0.2002268420306175,False,True
L91099,CoCl2,0,0,0.1558685498882306,0.2418171925494328,0.2679580889869537,False,True
L91099,Dabrafenib,0,0,0.1707339916372407,0.2628031515175938,0.2856100862146488,False,True
L91099,Doxorubicin,0,1,0.2113355690473484,0.318695573815369,0.3065493013668336,True,True
L91099,Trametinib,0,0,0.1336915543255824,0.2098146942191951,0.1803914911737198,False,True
L91183,Acid,1,0,0.2846492613888907,0.2373819840471294,0.1727917743008719,False,True
L91183,Cisplatin,1,0,0.0757290196169657,0.0559906748723279,0.0486814139161916,False,True
L91183,CoCl2,1,0,0.09909531796825,0.0743508583517596,0.0226340526399162,False,True
L91183,Dabrafenib,1,0,0.0969560750019377,0.0726501747886712,0.1717974677827883,False,True
L91183,Doxorubicin,1,1,0.1410322674669205,0.1085671445134496,0.0737276642723372,True,True
L91183,Trametinib,1,0,0.0771757232365809,0.0571096662780773,0.1139945301419435,False,True
L91412,Acid,3,0,0.2940412912595201,0.4317208114494801,0.2484842951168342,False,False
L91412,Cisplatin,3,0,0.0793152022594877,0.127550539328233,0.1115004411376147,False,False
L91412,CoCl2,3,0,0.0960772445913733,0.1536034332281892,0.1592425027096632,False,False
L91412,Dabrafenib,3,0,0.0960772445913736,0.1536034332281892,0.259544735390205,False,False
L91412,Doxorubicin,3,0,0.1423477794644546,0.2236545026403268,0.2316888677134148,False,False
L91412,Trametinib,3,0,0.0803273884269043,0.1291294419466751,0.2014473103076795,False,False
L91803,Acid,3,1,0.585861112093313,0.5958599649259154,0.6078359039947672,True,True
L91803,Cisplatin,3,1,0.2263617469596817,0.2210231130580895,0.1736664128258978,True,True
L91803,CoCl2,3,0,0.2652468854655212,0.2604683212210495,0.1528733998681334,False,True
L91803,Dabrafenib,3,0,0.2652468854655218,0.2604683212210494,0.1977736095205522,False,True
L91803,Doxorubicin,3,1,0.3604970261053223,0.3586065547654915,0.399876853819501,True,True
L91803,Trametinib,3,0,0.2287841682903119,0.2234627176398429,0.2128325737293001,False,True
L9220,Acid,2,0,0.3123280499487586,0.2968401043098126,0.1139688631845255,False,False
L9220,Cisplatin,2,0,0.0888965001766363,0.0820627540482841,0.0597455648224182,False,False
L9220,CoCl2,2,0,0.10414634088636,0.0964215555223182,0.0337083768996393,False,False
L9220,Dabrafenib,2,0,0.1041463408863601,0.0964215555223182,0.2177156538818002,False,False
L9220,Doxorubicin,2,0,0.142795584893713,0.1333109402464069,0.1306115444874332,False,False
L9220,Trametinib,2,0,0.0840199282215226,0.0775038326461685,0.2025878914398693,False,False
L9239,Acid,0,0,0.283084547091898,0.2370727176451978,0.2153093442966407,False,True
L9239,Cisplatin,0,0,0.0691265369767683,0.053251840095498,0.0710970812101159,False,True
L9239,CoCl2,0,0,0.0925499417249437,0.0721172765529358,0.119380089347388,False,True
L9239,Dabrafenib,0,0,0.1021070427147207,0.0799285001634836,0.0648135112695015,False,True
L9239,Doxorubicin,0,1,0.1289259711728003,0.102326096632679,0.1279895338190784,True,True
L9239,Trametinib,0,0,0.078543669144304,0.0607729777748088,0.0527427881575949,False,True
L92515,Acid,3,0,0.5626436733180362,0.5036543535303525,0.531523210889727,False,True
L92515,Cisplatin,3,0,0.210161350514774,0.1633732377087269,0.1533086403119267,False,True
L92515,CoCl2,3,0,0.2471525985349805,0.1951068088296496,0.2547499378726686,False,True
L92515,Dabrafenib,3,0,0.2471525985349811,0.1951068088296496,0.1342922479983325,False,True
L92515,Doxorubicin,3,1,0.3389021017609692,0.2778716061098837,0.3174160215313347,True,True
L92515,Trametinib,3,0,0.2124580135268596,0.1653115544860313,0.1028044422483253,False,True
L9253,Acid,3,0,0.2940412912595201,0.2450313682552738,0.2660312062195011,False,False
L9253,Cisplatin,3,0,0.0793152022594877,0.0587870235019632,0.0420744821509166,False,False
L9253,CoCl2,3,0,0.0960772445913733,0.071952944572168,0.073682085932744,False,False
L9253,Dabrafenib,3,0,0.0960772445913736,0.0719529445721679,0.0517063780476376,False,False
L9253,Doxorubicin,3,0,0.1423477794644546,0.1095884842466158,0.1230864291669599,False,False
L9253,Trametinib,3,0,0.0803273884269043,0.0595728489123778,0.0486647032351659,False,False
L92536,Acid,1,0,0.2952569053890467,0.0797268907233262,0.0408505617268248,False,False
L92536,Cisplatin,1,0,0.0794154333052323,0.0162396304341862,0.0105122624525819,False,False
L92536,CoCl2,1,0,0.1037914496285774,0.0218667877829649,0.0113882214255037,False,False
L92536,Dabrafenib,1,0,0.1015622566428531,0.0213389369232448,0.0140169541013472,False,False
L92536,Doxorubicin,1,0,0.1473906496025865,0.0327853661318147,0.049929586623875,False,False
L92536,Trametinib,1,0,0.0809263949015811,0.0165781360410949,0.0113978839211497,False,False
L92556,Acid,0,1,0.4149805867907848,0.4235695250329319,0.48124611131431,True,True
L92556,Cisplatin,0,0,0.1177007767603611,0.1173941108027377,0.1183306287460098,False,True
L92556,CoCl2,0,0,0.1548455655223088,0.1552566921966101,0.1657309400744917,False,True
L92556,Dabrafenib,0,0,0.1696330495450506,0.1704190682892299,0.1262574255139616,False,True
L92556,Doxorubicin,0,0,0.2100391285020572,0.212322333975187,0.2212803997798388,False,True
L92556,Trametinib,0,0,0.1327912236158765,0.1327046909950343,0.0935497531414832,False,True
L92779,Acid,2,0,0.2807695161874157,0.2787976431563257,0.2705355547763056,False,False
L92779,Cisplatin,2,0,0.0773739631839097,0.0756699821126621,0.0819060923013716,False,False
L92779,CoCl2,2,0,0.0908442457636326,0.0890186933295608,0.1260918481156056,False,False
L92779,Dabrafenib,2,0,0.0908442457636327,0.0890186933295608,0.1192799603727554,False,False
L92779,Doxorubicin,2,0,0.1252471706812583,0.1234628462103283,0.1251376891605127,False,False
L92779,Trametinib,2,0,0.0730787807484661,0.071438566152748,0.0616288512380814,False,False
L93306,Acid,0,1,0.4071129074576573,0.3113749049024635,0.2829383263574103,True,True
L93306,Cisplatin,0,0,0.1143674354790799,0.0756548293534416,0.0946839159309689,False,True
L93306,CoCl2,0,0,0.1506398730167596,0.1016051692050698,0.1376100634319275,False,True
L93306,Dabrafenib,0,0,0.1651041818856903,0.1122240163735772,0.0948158392791681,False,True
L93306,Doxorubicin,0,1,0.2046974288052005,0.1422720811243146,0.1769227917751286,True,True
L93306,Trametinib,0,0,0.129093043945495,0.0860525044743088,0.0425601047163981,False,True
L93681,Acid,4,1,0.7014330624671253,0.666755840283659,0.7117828281738152,True,True
L93681,Cisplatin,4,1,0.3243753360443517,0.2818062129949761,0.2936468456884442,True,True
L93681,CoCl2,4,0,0.3755008347625877,0.3304974776389268,0.2656788807893693,False,True
L93681,Dabrafenib,4,0,0.3668591302431027,0.3221722012611963,0.2990177703524488,False,True
L93681,Doxorubicin,4,1,0.4677938770379912,0.4219278718767277,0.4885841443603492,True,True
L93681,Trametinib,4,0,0.3124447822785588,0.2706603037807545,0.2035347518596637,False,True
L9405,Acid,3,1,0.2940412912595201,0.2744363795363743,0.3672212392565931,True,True
L9405,Cisplatin,3,1,0.0793152022594877,0.0678504255033974,0.0774571326652073,True,True
L9405,CoCl2,3,0,0.0960772445913733,0.0828674694626444,0.0701371788339595,False,True
L9405,Dabrafenib,3,1,0.0960772445913736,0.0828674694626444,0.0461121329794185,True,True
L9405,Doxorubicin,3,1,0.1423477794644546,0.1254402831968717,0.1246070468445235,True,True
L9405,Trametinib,3,0,0.0803273884269043,0.068748555026099,0.0691454130613917,False,True
L94096,Acid,1,0,0.496272946343519,0.4682713798845901,0.4192117360521294,False,True
L94096,Cisplatin,1,0,0.1686483425303422,0.1436930520887697,0.125975598215538,False,True
L94096,CoCl2,1,1,0.2140454566038302,0.1851709906225973,0.2297891374890769,True,True
L94096,Dabrafenib,1,0,0.210003147903132,0.1814322830647496,0.107283196771425,False,True
L94096,Doxorubicin,1,0,0.2890225642677942,0.2562674517531256,0.2981355199612948,False,True
L94096,Trametinib,1,0,0.1715406967515763,0.1462931780444168,0.1146545959337861,False,True
L94397,Acid,0,0,0.2846693786920213,0.3907003603320076,0.1473211310692462,False,True
L94397,Cisplatin,0,0,0.06962987611271,0.1039976994158555,0.0309148633880797,False,True
L94397,CoCl2,0,1,0.0932067590000554,0.1382162175904604,0.0483974230783993,True,True
L94397,Dabrafenib,0,1,0.102824000340023,0.1520138927404727,0.2128972550205948,True,True
L94397,Doxorubicin,0,0,0.1298040178991264,0.1904304631075568,0.234213579441565,False,True
L94397,Trametinib,0,1,0.0791097509577917,0.1177942950148871,0.2904058971463385,True,True
L95076,Acid,2,1,0.4182482055123107,0.4125108021843817,0.3689435541715256,True,True
L95076,Cisplatin,2,0,0.1337855071112935,0.1294478510992158,0.1638831551601536,False,True
L95076,CoCl2,2,0,0.1554222690865395,0.1507362822321497,0.2879831646959291,False,True
L95076,Dabrafenib,2,0,0.1554222690865395,0.1507362822321497,0.1069044283081001,False,True
L95076,Doxorubicin,2,1,0.20866797340549,0.2037205882434639,0.1928303843674061,True,True
L95076,Trametinib,2,0,0.1267891472075863,0.122608106117827,0.0938274103114547,False,True
L95387,Acid,3,0,0.2839379758377813,0.2770560442839,0.3112907402745188,False,False
L95387,Cisplatin,3,0,0.0757977484189873,0.0686847762928842,0.128046794312053,False,False
L95387,CoCl2,3,0,0.0918906235877918,0.0838698685156869,0.081490188405014,False,False
L95387,Dabrafenib,3,0,0.0918906235877921,0.0838698685156869,0.0623832116077657,False,False
L95387,Doxorubicin,3,0,0.136449253309681,0.1268864126653355,0.1194300785040417,False,False
L95387,Trametinib,3,0,0.0767687892495874,0.0695931254885665,0.0564659199450019,False,False
L95404,Acid,3,1,0.2800284500633928,0.253687401743624,0.1950216760505975,True,True
L95404,Cisplatin,3,0,0.0744561004084269,0.061398818214019,0.0860331095255084,False,True
L95404,CoCl2,3,0,0.090291954794067,0.0751030015659093,0.0842970740595426,False,True
L95404,Dabrafenib,3,0,0.0902919547940672,0.0751030015659093,0.0715079295737541,False,True
L95404,Doxorubicin,3,0,0.1341899264720791,0.1141834805378303,0.1344905075488655,False,True
L95404,Trametinib,3,1,0.0754113559162071,0.0622172484959304,0.0763452919708607,True,True
L96449,Acid,2,1,0.8699604674333188,0.8759894187797121,0.9062196988941078,True,True
L96449,Cisplatin,2,1,0.5896898470713137,0.59934412142362,0.6495274854788559,True,True
L96449,CoCl2,2,1,0.6313207575401345,0.6410086502620589,0.6374140368582082,True,True
L96449,Dabrafenib,2,1,0.6313207575401347,0.6410086502620589,0.5645717229113374,True,True
L96449,Doxorubicin,2,1,0.7104570431893296,0.7201854789302344,0.7353650129706163,True,True
L96449,Trametinib,2,0,0.5746689924245137,0.5843415999167126,0.5122728764222781,False,True
L96601,Acid,1,1,0.8297782149322799,0.8618389902681984,0.8493894401933757,True,True
L96601,Cisplatin,1,0,0.5009318975437502,0.5430889828108303,0.6206544924915866,False,True
L96601,CoCl2,1,1,0.5740156833563176,0.6168112460451719,0.7260218602166109,True,True
L96601,Dabrafenib,1,1,0.5680889391151861,0.6108913081762323,0.5129187386168654,True,True
L96601,Doxorubicin,1,1,0.6679280528872186,0.7093592465166711,0.7069614618634987,True,True
L96601,Trametinib,1,1,0.5060540947970988,0.5482887247370232,0.4886243067948226,True,True
L96686,Acid,2,0,0.6620134095718136,0.6273731858386781,0.6668386330220604,False,True
L96686,Cisplatin,2,0,0.296161021555528,0.2628340957095021,0.3065443490811855,False,True
L96686,CoCl2,2,1,0.3339346178062946,0.2985361525197192,0.3551597599492315,True,True
L96686,Dabrafenib,2,0,0.3339346178062947,0.2985361525197192,0.1905569310942171,False,True
L96686,Doxorubicin,2,1,0.4180642633936569,0.3802137296762348,0.3685893015097131,True,True
L96686,Trametinib,2,0,0.2834518504566971,0.2509783876043637,0.1498313448222626,False,True
L96744,Acid,4,1,0.2811303118206386,0.4070047569736141,0.2721507398159263,True,True
L96744,Cisplatin,4,0,0.0740054563390073,0.1186340080061199,0.1585623539272772,False,True
L96744,CoCl2,4,0,0.0909837199544665,0.144816839856322,0.0653681756564148,False,True
L96744,Dabrafenib,4,0,0.0879675059053129,0.1401894834199611,0.2584465089493933,False,True
L96744,Doxorubicin,4,0,0.1276391277841468,0.2002433266449131,0.1424911861243425,False,True
L96744,Trametinib,4,0,0.0703250134578361,0.1129270639104015,0.1632212001359305,False,True
L9682,Acid,1,0,0.4158230698941236,0.4277048164743817,0.343784168546544,False,False
L9682,Cisplatin,1,0,0.1278311601185779,0.1246530718384862,0.1134614129739888,False,False
L9682,CoCl2,1,0,0.1644139361003428,0.1616726554437704,0.1435192514218117,False,False
L9682,Dabrafenib,1,0,0.1611167897031677,0.158316210966031,0.1683707818913536,False,False
L9682,Doxorubicin,1,0,0.2270276463322885,0.226252099382425,0.2477449519471075,False,False
L9682,Trametinib,1,0,0.1301330671248022,0.1269597505999347,0.1357856353586533,False,False
L97020,Acid,4,0,0.2811303118206386,0.2111047033972284,0.2257541560907709,False,False
L97020,Cisplatin,4,0,0.0740054563390073,0.0498620190269516,0.0781975718931081,False,False
L97020,CoCl2,4,0,0.0909837199544665,0.0619332586699142,0.0627091185334118,False,False
L97020,Dabrafenib,4,0,0.0879675059053129,0.0597691974582747,0.0262853774892872,False,False
L97020,Doxorubicin,4,0,0.1276391277841468,0.0889363245307082,0.1065257207534335,False,False
L97020,Trametinib,4,0,0.0703250134578361,0.0472858904045709,0.0209656762289365,False,False
L97246,Acid,0,0,0.4455645559583249,0.4534917812852884,0.41783355435919,False,False
L97246,Cisplatin,0,0,0.1312922984133583,0.1305871633792796,0.0886257987723153,False,False
L97246,CoCl2,0,0,0.1718907416533239,0.1718762139588751,0.07950921762195,False,False
L97246,Dabrafenib,0,0,0.1879440264800028,0.1882998599071338,0.2227513621899431,False,False
L97246,Doxorubicin,0,0,0.2314957606532137,0.2333629484482756,0.2163392742665597,False,False
L97246,Trametinib,0,0,0.1478333416240153,0.1473311635326055,0.1421979330839871,False,False
L97495,Acid,0,0,0.283084547091898,0.2600005352328057,0.1283322284823595,False,True
L97495,Cisplatin,0,0,0.0691265369767683,0.0597952899083176,0.0437536290341689,False,True
L97495,CoCl2,0,0,0.0925499417249437,0.0807810684452896,0.1137112716401252,False,True
L97495,Dabrafenib,0,0,0.1021070427147207,0.0894402375818643,0.0970516443939819,False,True
L97495,Doxorubicin,0,1,0.1289259711728003,0.1141724672718541,0.1064657634788119,True,True
L97495,Trametinib,0,0,0.078543669144304,0.0681740569145031,0.0406151030334689,False,True
L97812,Acid,4,0,0.2811303118206386,0.2605195843279252,0.2534764331106846,False,True
L97812,Cisplatin,4,1,0.0740054563390073,0.0646254927914454,0.1094972377849373,True,True
L97812,CoCl2,4,0,0.0909837199544665,0.0799700411553338,0.0420160555420126,False,True
L97812,Dabrafenib,4,0,0.0879675059053129,0.0772276270260063,0.0698722039611509,False,True
L97812,Doxorubicin,4,0,0.1276391277841468,0.1138824824155502,0.0993575771146875,False,True
L97812,Trametinib,4,0,0.0703250134578361,0.0613358466361523,0.0598591925375364,False,True
L97975,Acid,4,0,0.7037365388291277,0.7048402562012972,0.6837951632452082,False,True
L97975,Cisplatin,4,0,0.3267958858401794,0.3189473015400936,0.3936634689353461,False,True
L97975,CoCl2,4,0,0.3780893951694783,0.370743172658865,0.5476673461546502,False,True
L97975,Dabrafenib,4,1,0.3694233582909006,0.3619521880345813,0.2562462702910644,True,True
L97975,Doxorubicin,4,1,0.4705392901623261,0.4655650272009158,0.443848044666502,True,True
L97975,Trametinib,4,0,0.3148177880315429,0.3069602559001324,0.2312415111230904,False,True
L98246,Acid,3,1,0.6947362101766029,0.6425944797110722,0.6757286380483498,True,True
L98246,Cisplatin,3,1,0.3200601384407217,0.2570581356027513,0.3332524252444644,True,True
L98246,CoCl2,3,0,0.3673972588683342,0.3004539121232241,0.256501671371772,False,True
L98246,Dabrafenib,3,0,0.3673972588683349,0.300453912123224,0.2662285937292834,False,True
L98246,Doxorubicin,3,1,0.4755861828973898,0.4053990392839438,0.4009562682767528,True,True
L98246,Trametinib,3,0,0.3230665488959538,0.2597628515818261,0.2022805926787425,False,True
L98440,Acid,0,0,0.4328777043248581,0.3611591995787368,0.3328376572667843,False,False
L98440,Cisplatin,0,0,0.125527930426065,0.0928315673380869,0.1255482864492706,False,False
L98440,CoCl2,0,0,0.1646818096685305,0.1238840563077224,0.2507065237533785,False,False
L98440,Dabrafenib,0,0,0.1802083459980085,0.1364775784527221,0.094156413591772,False,False
L98440,Doxorubicin,0,0,0.2224585775702799,0.1717631385715708,0.2090930676272349,False,False
L98440,Trametinib,0,0,0.1414610018446082,0.1053209590558099,0.0507456858432774,False,False
L98471,Acid,2,0,0.6440435851843659,0.6240264024404013,0.6105321862229164,False,True
L98471,Cisplatin,2,0,0.279897965463132,0.2600747006355095,0.2554478317437229,False,True
L98471,CoCl2,2,0,0.3165301385296143,0.2955522127976073,0.2469177271903976,False,True
L98471,Dabrafenib,2,0,0.3165301385296144,0.2955522127976073,0.3302749868801322,False,True
L98471,Doxorubicin,2,0,0.398901008921829,0.3768519959685162,0.3854308229141036,False,True
L98471,Trametinib,2,1,0.267621329513484,0.2483015360198428,0.2419930748889099,True,True
L98475,Acid,0,1,0.7466175155196431,0.8390617469355213,0.7911876169495785,True,True
L98475,Cisplatin,0,1,0.3565615574047811,0.4855186932688446,0.5231874775080211,True,True
L98475,CoCl2,0,1,0.4321646303431189,0.5659749621737431,0.6916765587044127,True,True
L98475,Dabrafenib,0,0,0.4590509314323412,0.5930866954732644,0.5575541325165984,False,True
L98475,Doxorubicin,0,0,0.5248237239193387,0.6566536949589117,0.6359755421630778,False,True
L98475,Trametinib,0,0,0.3887818772706933,0.5205252982389964,0.4720270034392207,False,True
L98634,Acid,2,1,0.9403201118589212,0.9318763744148452,0.9489526739188648,True,True
L98634,Cisplatin,2,0,0.7719402301229874,0.7433821037805232,0.7687391308409932,False,True
L98634,CoCl2,2,1,0.8013101598590029,0.7756742864546329,0.848019554605843,True,True
L98634,Dabrafenib,2,1,0.8013101598590029,0.7756742864546329,0.7196677937485187,True,True
L98634,Doxorubicin,2,1,0.8524843811676323,0.8328929913541283,0.8700630557601218,True,True
L98634,Trametinib,2,0,0.7608858898742574,0.7313555435305354,0.6756477665967578,False,True
L98676,Acid,4,0,0.29897467523817,0.2799219752752305,0.1434713640805916,False,True
L98676,Cisplatin,4,0,0.0801690138735493,0.0708360637774856,0.0931904635435534,False,True
L98676,CoCl2,4,0,0.0984110368485007,0.0875172660629141,0.0282407845595598,False,True
L98676,Dabrafenib,4,1,0.0951743785327787,0.0845398170248977,0.2063739947483081,True,True
L98676,Doxorubicin,4,0,0.1376057808821043,0.1241981678876669,0.081909585547216,False,True
L98676,Trametinib,4,1,0.0762072710844168,0.0672530097038614,0.2275079926164527,True,True
L98757,Acid,1,0,0.2846492613888907,0.269750994588958,0.2762406584755782,False,False
L98757,Cisplatin,1,0,0.0757290196169657,0.0657582256915134,0.0723492682898543,False,False
L98757,CoCl2,1,0,0.09909531796825,0.0870260653304415,0.0486338460033218,False,False
L98757,Dabrafenib,1,0,0.0969560750019377,0.0850620950935112,0.0879110552373556,False,False
L98757,Doxorubicin,1,0,0.1410322674669205,0.1262797124873639,0.1129230130273909,False,False
L98757,Trametinib,1,0,0.0771757232365809,0.0670585579510994,0.0654611199179728,False,False
L98949,Acid,4,1,0.4949457292859942,0.4560582815329437,0.4837612656891032,True,True
L98949,Cisplatin,4,0,0.1668545873855164,0.141208364150464,0.1368568999357514,False,True
L98949,CoCl2,4,0,0.2005214642009954,0.1714044929470583,0.112593574593972,False,True
L98949,Dabrafenib,4,0,0.1946515350455211,0.1660925772254313,0.1443797659919256,False,True
L98949,Doxorubicin,4,1,0.2682828514972994,0.2342199685015017,0.2080648888633334,True,True
L98949,Trametinib,4,0,0.1593511899788926,0.1345812906474123,0.1134749142317464,False,True
L98994,Acid,0,1,0.4168744560268722,0.4231841528159171,0.3568137704289727,True,True
L98994,Cisplatin,0,0,0.1185127757596139,0.1172306505868076,0.1468873182948404,False,True
L98994,CoCl2,0,0,0.1558685498882306,0.155049773388607,0.1338773757183446,False,True
L98994,Dabrafenib,0,1,0.1707339916372407,0.1701960131593418,0.1700371588069291,True,True
L98994,Doxorubicin,0,0,0.2113355690473484,0.2120584529319142,0.2329982873198578,False,True
L98994,Trametinib,0,0,0.1336915543255824,0.1325231132161864,0.1701760495538477,False,True
L99144,Acid,2,1,0.5195328177762818,0.5343792867962488,0.4436809540979107,True,True
L99144,Cisplatin,2,0,0.1885048238989836,0.1955221733655408,0.1592732388682352,False,True
L99144,CoCl2,2,0,0.2167765121632057,0.2248700558671499,0.1707111717923642,False,True
L99144,Dabrafenib,2,0,0.2167765121632058,0.2248700558671499,0.2457747407170178,False,True
L99144,Doxorubicin,2,1,0.2839740803144551,0.294865174783855,0.2613378127872241,True,True
L99144,Trametinib,2,0,0.1792390197096389,0.1859368770244457,0.2038195363382164,False,True
L99360,Acid,1,1,0.5188329190088684,0.5230274398657793,0.4935303915616013,True,False
L99360,Cisplatin,1,1,0.1816867255343861,0.1728317930904751,0.1514867003787278,True,False
L99360,CoCl2,1,1,0.2296241396079823,0.2205544204905526,0.2343136947414938,True,False
L99360,Dabrafenib,1,1,0.2253719870050036,0.2162909371647385,0.2150262895221679,True,False
L99360,Doxorubicin,1,1,0.3079203063502099,0.3002306755330216,0.2706194142440478,True,False
L99360,Trametinib,1,1,0.184752997209819,0.1758509055245172,0.131877613934152,True,False
L99829,Acid,4,0,0.4937568302464626,0.3499595475617741,0.3537034917432683,False,False
L99829,Cisplatin,4,0,0.1661944548339562,0.0954974741469013,0.131920393937658,False,False
L99829,CoCl2,4,0,0.1997600704590429,0.1172533335844717,0.1328593554938459,False,False
L99829,Dabrafenib,4,0,0.1939070239266045,0.1133899396968429,0.065806499574678,False,False
L99829,Doxorubicin,4,0,0.2673502039231125,0.1641553156747195,0.189139670395989,False,False
L99829,Trametinib,4,0,0.1587150881719445,0.090788875086482,0.0535265057067723,False,False
L99904,Acid,0,1,0.2913335192140022,0.1062402166810288,0.1573117015454854,True,True
L99904,Cisplatin,0,0,0.0717649606822348,0.021063207558858,0.0317829856851941,False,True
L99904,CoCl2,0,0,0.0959902001688309,0.0288730034563148,0.0218376528548139,False,True
L99904,Dabrafenib,0,0,0.1058611135447152,0.0321626747450094,0.0107170469555526,False,True
L99904,Doxorubicin,0,0,0.1335194425566999,0.0417831628929899,0.0753305958116014,False,True
L99904,Trametinib,0,0,0.0815100531712696,0.0241541013989174,0.0061307558097937,False,True
L99912,Acid,2,1,0.4332282471416219,0.4239484096607344,0.3045948609812905,True,True
L99912,Cisplatin,2,0,0.1410473861614739,0.1348383700594135,0.053955462056478,False,True
L99912,CoCl2,2,1,0.1636367274924759,0.1568535752664016,0.0964535476429522,True,True
L99912,Dabrafenib,2,1,0.163636727492476,0.1568535752664016,0.1769411572827537,True,True
L99912,Doxorubicin,2,0,0.2189669938919418,0.2114527534312404,0.2488131303828006,False,True
L99912,Trametinib,2,1,0.1337298931096704,0.1277556002036267,0.1637964692556416,True,True
