{
  "n_members": 5,
  "n_train": 33688,
  "n_val": 4406,
  "n_calib": 4490,
  "val_loss_mean": 7.777515206096716,
  "val_loss_per_member": [
    7.7805807998490994,
    7.724275980329059,
    7.718006107626424,
    7.858630687715355,
    7.806082454963646
  ],
  "temperature": 0.5329851740853537,
  "conformal_q": {
    "0.9": 9.51815414428711
  },
  "nll_before_temp": 0.7017284809187758,
  "nll_after_temp": 0.636960906324952,
  "ece_before_temp": 0.28327752515179855,
  "ece_after_temp": 0.1441531567629283,
  "conformal_coverage_calib": 0.9002227171492205
}