{
  "schema_version": "1.0",
  "done": {
    "reprogramming:HFF:b0": {
      "n": 943,
      "ts": 1783533742.854195
    },
    "reprogramming:HFF:b1": {
      "n": 949,
      "ts": 1783533744.4563844
    },
    "reprogramming:HFF:b2": {
      "n": 929,
      "ts": 1783533745.9829335
    },
    "reprogramming:HFF:b3": {
      "n": 945,
      "ts": 1783533747.5201657
    },
    "reprogramming:HFF:b4": {
      "n": 951,
      "ts": 1783533749.264765
    },
    "reprogramming:HFF:b5": {
      "n": 942,
      "ts": 1783533750.9397933
    },
    "reprogramming:HFF:b6": {
      "n": 954,
      "ts": 1783533752.6068246
    },
    "reprogramming:HFF:b7": {
      "n": 950,
      "ts": 1783533754.0932636
    },
    "reprogramming:HFF:b8": {
      "n": 952,
      "ts": 1783533755.6281595
    },
    "reprogramming:HFF:b9": {
      "n": 945,
      "ts": 1783533757.0983558
    },
    "reprogramming:HFF:b10": {
      "n": 954,
      "ts": 1783533758.6247165
    },
    "reprogramming:HFF:b11": {
      "n": 953,
      "ts": 1783533760.2074451
    },
    "reprogramming:HFF:b12": {
      "n": 945,
      "ts": 1783533761.763456
    },
    "reprogramming:HFF:b13": {
      "n": 945,
      "ts": 1783533763.3329644
    },
    "reprogramming:HFF:b14": {
      "n": 952,
      "ts": 1783533764.8820138
    },
    "reprogramming:HFF:b15": {
      "n": 935,
      "ts": 1783533766.4066944
    },
    "reprogramming:HFF:b16": {
      "n": 949,
      "ts": 1783533767.9704196
    },
    "reprogramming:HFF:b17": {
      "n": 953,
      "ts": 1783533769.5183048
    },
    "reprogramming:HFF:b18": {
      "n": 924,
      "ts": 1783533771.0610642
    },
    "reprogramming:HFF:b19": {
      "n": 947,
      "ts": 1783533772.610755
    },
    "reprogramming:HFF:b20": {
      "n": 937,
      "ts": 1783533774.1088443
    },
    "reprogramming:HFF:b21": {
      "n": 944,
      "ts": 1783533775.7059321
    },
    "reprogramming:HFF:b22": {
      "n": 949,
      "ts": 1783533777.2757132
    },
    "reprogramming:HFF:b23": {
      "n": 939,
      "ts": 1783533778.80939
    },
    "reprogramming:HFF:b24": {
      "n": 937,
      "ts": 1783533780.3152106
    },
    "reprogramming:HFF:b25": {
      "n": 934,
      "ts": 1783533781.8567927
    },
    "reprogramming:HFF:b26": {
      "n": 949,
      "ts": 1783533783.485611
    },
    "reprogramming:HFF:b27": {
      "n": 949,
      "ts": 1783533785.0102954
    },
    "reprogramming:HFF:b28": {
      "n": 942,
      "ts": 1783533786.7432938
    },
    "reprogramming:HFF:b29": {
      "n": 945,
      "ts": 1783533788.230119
    },
    "reprogramming:HFF:b30": {
      "n": 953,
      "ts": 1783533789.726262
    },
    "reprogramming:HFF:b31": {
      "n": 947,
      "ts": 1783533791.3350093
    },
    "reprogramming:HFF:b32": {
      "n": 928,
      "ts": 1783533792.8399355
    },
    "reprogramming:HFF:b33": {
      "n": 942,
      "ts": 1783533794.3357065
    },
    "reprogramming:HFF:b34": {
      "n": 942,
      "ts": 1783533795.9449358
    },
    "reprogramming:HFF:b35": {
      "n": 940,
      "ts": 1783533797.4718757
    },
    "reprogramming:HFF:b36": {
      "n": 931,
      "ts": 1783533799.0279942
    },
    "reprogramming:HFF:b37": {
      "n": 952,
      "ts": 1783533800.4775872
    },
    "reprogramming:HFF:b38": {
      "n": 940,
      "ts": 1783533801.9526055
    },
    "reprogramming:HFF:b39": {
      "n": 942,
      "ts": 1783533803.5604055
    },
    "reprogramming:HFF:b40": {
      "n": 938,
      "ts": 1783533805.1154096
    },
    "reprogramming:HFF:b41": {
      "n": 949,
      "ts": 1783533806.6869237
    },
    "reprogramming:HFF:b42": {
      "n": 948,
      "ts": 1783533808.1955402
    },
    "reprogramming:HFF:b43": {
      "n": 943,
      "ts": 1783533809.730637
    },
    "reprogramming:HFF:b44": {
      "n": 944,
      "ts": 1783533811.2589238
    }
  },
  "failed": {}
}