{
  "schema_version": "1.0",
  "done": {
    "reprogramming:HFF:b0": {
      "n": 943,
      "ts": 1783546871.283388
    },
    "reprogramming:HFF:b1": {
      "n": 949,
      "ts": 1783546872.9634037
    },
    "reprogramming:HFF:b2": {
      "n": 929,
      "ts": 1783546874.5394125
    },
    "reprogramming:HFF:b3": {
      "n": 945,
      "ts": 1783546876.1069283
    },
    "reprogramming:HFF:b4": {
      "n": 951,
      "ts": 1783546877.761417
    },
    "reprogramming:HFF:b5": {
      "n": 942,
      "ts": 1783546879.3563097
    },
    "reprogramming:HFF:b6": {
      "n": 954,
      "ts": 1783546880.8986478
    },
    "reprogramming:HFF:b7": {
      "n": 950,
      "ts": 1783546882.459983
    },
    "reprogramming:HFF:b8": {
      "n": 952,
      "ts": 1783546884.0118866
    },
    "reprogramming:HFF:b9": {
      "n": 945,
      "ts": 1783546885.691327
    },
    "reprogramming:HFF:b10": {
      "n": 954,
      "ts": 1783546887.2905157
    },
    "reprogramming:HFF:b11": {
      "n": 953,
      "ts": 1783546888.8533144
    },
    "reprogramming:HFF:b12": {
      "n": 945,
      "ts": 1783546890.4647913
    },
    "reprogramming:HFF:b13": {
      "n": 945,
      "ts": 1783546892.1036563
    },
    "reprogramming:HFF:b14": {
      "n": 952,
      "ts": 1783546893.6531625
    },
    "reprogramming:HFF:b15": {
      "n": 935,
      "ts": 1783546895.3347607
    },
    "reprogramming:HFF:b16": {
      "n": 949,
      "ts": 1783546896.9501517
    },
    "reprogramming:HFF:b17": {
      "n": 953,
      "ts": 1783546898.59198
    },
    "reprogramming:HFF:b18": {
      "n": 924,
      "ts": 1783546900.274295
    },
    "reprogramming:HFF:b19": {
      "n": 947,
      "ts": 1783546902.0362709
    },
    "reprogramming:HFF:b20": {
      "n": 937,
      "ts": 1783546903.761563
    },
    "reprogramming:HFF:b21": {
      "n": 944,
      "ts": 1783546905.4358218
    },
    "reprogramming:HFF:b22": {
      "n": 949,
      "ts": 1783546907.1765604
    },
    "reprogramming:HFF:b23": {
      "n": 939,
      "ts": 1783546908.6678894
    },
    "reprogramming:HFF:b24": {
      "n": 937,
      "ts": 1783546910.2528498
    },
    "reprogramming:HFF:b25": {
      "n": 934,
      "ts": 1783546911.914871
    },
    "reprogramming:HFF:b26": {
      "n": 949,
      "ts": 1783546913.5016942
    },
    "reprogramming:HFF:b27": {
      "n": 949,
      "ts": 1783546915.0524998
    },
    "reprogramming:HFF:b28": {
      "n": 942,
      "ts": 1783546916.726399
    },
    "reprogramming:HFF:b29": {
      "n": 945,
      "ts": 1783546918.517924
    },
    "reprogramming:HFF:b30": {
      "n": 953,
      "ts": 1783546920.11935
    },
    "reprogramming:HFF:b31": {
      "n": 947,
      "ts": 1783546921.7715263
    },
    "reprogramming:HFF:b32": {
      "n": 928,
      "ts": 1783546923.4533708
    },
    "reprogramming:HFF:b33": {
      "n": 942,
      "ts": 1783546925.0269055
    },
    "reprogramming:HFF:b34": {
      "n": 942,
      "ts": 1783546926.7777789
    },
    "reprogramming:HFF:b35": {
      "n": 940,
      "ts": 1783546928.434461
    },
    "reprogramming:HFF:b36": {
      "n": 931,
      "ts": 1783546930.0283518
    },
    "reprogramming:HFF:b37": {
      "n": 952,
      "ts": 1783546931.753491
    },
    "reprogramming:HFF:b38": {
      "n": 940,
      "ts": 1783546933.3534603
    },
    "reprogramming:HFF:b39": {
      "n": 942,
      "ts": 1783546934.9244556
    },
    "reprogramming:HFF:b40": {
      "n": 938,
      "ts": 1783546936.5152502
    },
    "reprogramming:HFF:b41": {
      "n": 949,
      "ts": 1783546938.0917497
    },
    "reprogramming:HFF:b42": {
      "n": 948,
      "ts": 1783546939.8526163
    },
    "reprogramming:HFF:b43": {
      "n": 943,
      "ts": 1783546941.5051374
    },
    "reprogramming:HFF:b44": {
      "n": 944,
      "ts": 1783546943.0218189
    },
    "reprogramming:N2": {
      "n": 21,
      "ts": 1783546943.217344
    },
    "reprogramming:N3": {
      "n": 21,
      "ts": 1783546943.393344
    },
    "reprogramming:O1": {
      "n": 21,
      "ts": 1783546943.571351
    },
    "reprogramming:O2": {
      "n": 21,
      "ts": 1783546943.782708
    },
    "reprogramming:Y1": {
      "n": 19,
      "ts": 1783546943.9510324
    },
    "reprogramming:Y2": {
      "n": 21,
      "ts": 1783546944.1508904
    }
  },
  "failed": {}
}