{
  "schema_version": "1.0",
  "done": {
    "reprogramming:HFF:b0": {
      "n": 943,
      "ts": 1783543096.5738292
    },
    "reprogramming:HFF:b1": {
      "n": 949,
      "ts": 1783543098.3306468
    },
    "reprogramming:HFF:b2": {
      "n": 929,
      "ts": 1783543100.041368
    },
    "reprogramming:HFF:b3": {
      "n": 945,
      "ts": 1783543101.9026282
    },
    "reprogramming:HFF:b4": {
      "n": 951,
      "ts": 1783543103.8136344
    },
    "reprogramming:HFF:b5": {
      "n": 942,
      "ts": 1783543105.7636044
    },
    "reprogramming:HFF:b6": {
      "n": 954,
      "ts": 1783543107.5654385
    },
    "reprogramming:HFF:b7": {
      "n": 950,
      "ts": 1783543109.3402154
    },
    "reprogramming:HFF:b8": {
      "n": 952,
      "ts": 1783543111.1012146
    },
    "reprogramming:HFF:b9": {
      "n": 945,
      "ts": 1783543112.699562
    },
    "reprogramming:HFF:b10": {
      "n": 954,
      "ts": 1783543114.2357316
    },
    "reprogramming:HFF:b11": {
      "n": 953,
      "ts": 1783543115.8438222
    },
    "reprogramming:HFF:b12": {
      "n": 945,
      "ts": 1783543117.4616663
    },
    "reprogramming:HFF:b13": {
      "n": 945,
      "ts": 1783543119.243459
    },
    "reprogramming:HFF:b14": {
      "n": 952,
      "ts": 1783543120.8080275
    },
    "reprogramming:HFF:b15": {
      "n": 935,
      "ts": 1783543122.3761094
    },
    "reprogramming:HFF:b16": {
      "n": 949,
      "ts": 1783543124.094098
    },
    "reprogramming:HFF:b17": {
      "n": 953,
      "ts": 1783543125.8255603
    },
    "reprogramming:HFF:b18": {
      "n": 924,
      "ts": 1783543127.56442
    },
    "reprogramming:HFF:b19": {
      "n": 947,
      "ts": 1783543129.1224318
    },
    "reprogramming:HFF:b20": {
      "n": 937,
      "ts": 1783543130.684816
    },
    "reprogramming:HFF:b21": {
      "n": 944,
      "ts": 1783543132.246763
    },
    "reprogramming:HFF:b22": {
      "n": 949,
      "ts": 1783543133.954557
    },
    "reprogramming:HFF:b23": {
      "n": 939,
      "ts": 1783543135.6216824
    },
    "reprogramming:HFF:b24": {
      "n": 937,
      "ts": 1783543137.2648363
    },
    "reprogramming:HFF:b25": {
      "n": 934,
      "ts": 1783543138.8208117
    },
    "reprogramming:HFF:b26": {
      "n": 949,
      "ts": 1783543140.463474
    },
    "reprogramming:HFF:b27": {
      "n": 949,
      "ts": 1783543142.1104228
    },
    "reprogramming:HFF:b28": {
      "n": 942,
      "ts": 1783543143.6673648
    },
    "reprogramming:HFF:b29": {
      "n": 945,
      "ts": 1783543145.3407338
    },
    "reprogramming:HFF:b30": {
      "n": 953,
      "ts": 1783543146.9547608
    },
    "reprogramming:HFF:b31": {
      "n": 947,
      "ts": 1783543148.545393
    },
    "reprogramming:HFF:b32": {
      "n": 928,
      "ts": 1783543150.1451879
    },
    "reprogramming:HFF:b33": {
      "n": 942,
      "ts": 1783543151.8439646
    },
    "reprogramming:HFF:b34": {
      "n": 942,
      "ts": 1783543153.4845922
    },
    "reprogramming:HFF:b35": {
      "n": 940,
      "ts": 1783543155.0658083
    },
    "reprogramming:HFF:b36": {
      "n": 931,
      "ts": 1783543156.6961868
    },
    "reprogramming:HFF:b37": {
      "n": 952,
      "ts": 1783543158.3538961
    },
    "reprogramming:HFF:b38": {
      "n": 940,
      "ts": 1783543159.8874922
    },
    "reprogramming:HFF:b39": {
      "n": 942,
      "ts": 1783543161.444558
    },
    "reprogramming:HFF:b40": {
      "n": 938,
      "ts": 1783543162.9883637
    },
    "reprogramming:HFF:b41": {
      "n": 949,
      "ts": 1783543164.7042673
    },
    "reprogramming:HFF:b42": {
      "n": 948,
      "ts": 1783543166.337497
    },
    "reprogramming:HFF:b43": {
      "n": 943,
      "ts": 1783543168.0497606
    },
    "reprogramming:HFF:b44": {
      "n": 944,
      "ts": 1783543169.7041643
    },
    "reprogramming:N2": {
      "n": 21,
      "ts": 1783543169.9347808
    },
    "reprogramming:N3": {
      "n": 21,
      "ts": 1783543170.1530793
    },
    "reprogramming:O1": {
      "n": 21,
      "ts": 1783543170.342976
    },
    "reprogramming:O2": {
      "n": 21,
      "ts": 1783543170.53012
    },
    "reprogramming:Y1": {
      "n": 19,
      "ts": 1783543170.7524505
    },
    "reprogramming:Y2": {
      "n": 21,
      "ts": 1783543170.9514742
    }
  },
  "failed": {}
}