{
  "n_members": 5,
  "n_train": 29093,
  "n_val": 3110,
  "n_calib": 3896,
  "val_loss_mean": 12.242479992832786,
  "val_loss_per_member": [
    12.187701969208058,
    12.1880894026189,
    12.38110357818113,
    12.182230140465249,
    12.273274873690589
  ],
  "temperature": 0.5015045270198134,
  "conformal_q": {
    "0.9": 14.158268928527832
  },
  "nll_before_temp": 0.5558791087122994,
  "nll_after_temp": 0.4669089440843635,
  "ece_before_temp": 0.17578019602314068,
  "ece_after_temp": 0.028267608175707015,
  "conformal_coverage_calib": 0.9004106776180698
}