{
  "n_members": 5,
  "n_train": 29941,
  "n_val": 3672,
  "n_calib": 4390,
  "val_loss_mean": 12.123109758497582,
  "val_loss_per_member": [
    12.162552490733027,
    12.11819850905009,
    12.190653717855483,
    11.992654534466645,
    12.151489540382668
  ],
  "temperature": 0.48960223479307924,
  "conformal_q": {
    "0.9": 14.074146270751953
  },
  "nll_before_temp": 0.5719973187638727,
  "nll_after_temp": 0.47911805592395385,
  "ece_before_temp": 0.20016791967752193,
  "ece_after_temp": 0.0396487757823306,
  "conformal_coverage_calib": 0.9002277904328019
}